Time_Sec,CPU_Percent_Total,Memory_GB
1.0,54.29,0.4356
2.0,63.91,0.6515
3.0,61.65,0.8199
4.01,76.77,1.0332
5.01,70.68,1.1209
6.01,79.96,1.1962
7.01,84.42,1.3172
8.01,83.94,1.4779
9.01,77.85,1.5626
10.01,58.76,1.6302
11.02,32.43,1.6536
12.02,76.05,1.8173
13.02,79.74,2.0233
14.02,86.51,2.3148
15.02,89.98,2.4114
16.02,87.66,2.6189
17.02,82.06,2.8246
18.02,78.21,3.0735
19.03,77.23,3.3425
20.03,77.61,3.7288
21.03,76.59,4.1752
22.03,77.28,4.6319
23.03,77.46,5.1335
24.03,76.96,5.6419
25.03,60.57,6.1252
26.04,62.5,2.0266
27.04,86.98,2.3459
28.04,87.2,2.5485
29.04,80.17,2.8101
30.04,76.96,3.0732
31.04,76.02,3.3532
32.04,76.7,3.7002
33.04,77.69,4.1647
34.05,76.03,4.6284
35.05,76.06,5.1367
36.05,75.62,5.6526
37.05,76.6,6.1237
38.05,47.93,1.9898
39.05,80.15,2.197
40.06,75.12,2.0195
41.06,83.95,2.2591
42.06,89.56,2.4309
43.06,83.54,2.6915
44.06,79.8,3.0132
45.06,78.43,3.392
46.06,79.39,3.6534
47.07,35.88,3.8811
48.07,28.64,4.0648
49.07,29.09,4.2182
50.07,26.13,4.3144
51.07,25.96,4.3594
52.07,26.64,4.405
53.07,25.31,4.4525
54.08,25.18,4.5016
55.08,39.58,4.7585
56.08,26.33,5.0258
57.08,25.31,5.066
58.08,26.3,5.1014
59.08,25.13,5.1282
60.09,26.06,5.1638
61.09,25.19,5.1938
62.09,25.51,5.2236
63.09,25.33,5.2498
64.09,26.24,5.2866
65.09,25.2,5.3078
66.09,25.22,5.3207
67.09,25.19,5.3445
68.1,25.36,5.3677
69.1,25.25,5.3886
70.1,25.29,5.4119
71.1,25.32,5.4366
72.1,25.23,5.4586
73.1,25.25,5.4794
74.11,25.79,5.5101
75.11,25.19,5.5323
76.11,25.29,5.5539
77.11,25.2,5.5786
78.11,25.19,5.5952
79.11,25.26,5.6166
80.12,25.13,5.6362
81.12,25.23,5.6596
82.12,25.16,5.6824
83.12,25.27,5.7073
84.12,25.29,5.727
85.12,25.19,5.7459
86.13,25.28,5.7654
87.13,25.22,5.7874
88.13,25.16,5.8089
89.13,25.28,5.8271
90.13,25.18,5.8417
91.13,25.29,5.857
92.13,25.27,5.889
93.14,25.22,5.889
94.14,25.28,5.8961
95.14,25.19,5.9113
96.14,25.3,5.9263
97.14,25.22,5.9432
98.14,25.19,5.9583
99.15,29.66,6.2156
100.15,30.38,6.5384
101.15,25.45,6.8744
102.15,31.81,7.0189
103.15,25.45,7.019
104.15,25.46,7.0189
105.15,26.0,7.019
106.16,25.23,7.019
107.16,25.25,7.0192
108.16,25.17,7.019
109.16,25.33,7.019
110.16,25.21,7.0192
111.16,25.18,7.0192
112.17,25.3,7.0753
113.17,25.21,7.0805
114.17,25.28,7.0868
115.17,25.19,7.0868
116.17,25.18,7.0951
117.17,25.37,7.0951
118.17,25.18,7.0969
119.18,25.18,7.1011
120.18,25.31,7.1037
121.18,25.18,7.1067
122.18,25.61,7.1149
123.18,26.38,7.115
124.18,25.18,7.1166
125.18,25.19,7.1193
126.19,25.28,7.1193
127.19,25.2,7.1193
128.19,25.26,7.1193
129.19,25.23,7.1194
130.19,25.22,7.1193
131.19,25.45,7.1193
132.19,25.22,7.1193
133.2,25.34,7.1194
134.2,25.19,7.1193
135.2,25.2,7.1193
136.2,25.25,7.1193
137.2,25.18,7.1193
138.2,25.34,7.1194
139.21,25.19,7.1194
140.21,25.18,7.1194
141.21,25.32,7.1194
142.21,25.23,7.1194
143.21,25.22,7.1194
144.21,25.28,7.1194
145.21,25.16,7.1194
146.22,25.28,7.1194
147.22,25.2,7.1194
148.22,25.19,7.1194
149.22,25.3,7.1194
150.22,25.16,7.1194
151.22,25.13,7.1194
152.23,25.3,7.1194
153.23,25.3,7.1193
154.23,25.18,7.1193
155.23,25.31,7.1193
156.23,25.18,7.1193
157.23,25.3,7.1193
158.23,25.19,7.1192
159.24,25.24,7.1192
160.24,25.28,7.1192
161.24,25.21,7.1195
162.24,25.21,7.1195
163.24,25.32,7.1194
164.24,25.2,7.1194
165.24,25.29,7.1194
166.25,25.16,7.1194
167.25,25.2,7.1194
168.25,25.39,7.1194
169.25,25.23,7.1194
170.25,25.18,7.1194
171.25,25.35,7.1194
172.26,25.21,7.1195
173.26,25.4,7.1195
174.26,25.18,7.1195
175.26,25.19,7.1195
176.26,25.31,7.1195
177.26,25.4,7.1195
178.27,25.74,7.1195
179.27,29.42,7.224
180.27,25.19,7.2412
181.27,25.29,7.2412
182.27,25.33,7.2413
183.27,25.35,7.2413
184.27,25.19,7.2413
185.27,25.28,7.2413
186.28,25.28,7.2411
187.28,25.22,7.2412
188.28,25.19,7.2412
189.28,25.31,7.2412
190.28,25.19,7.2412
191.28,25.3,7.2412
192.29,25.21,7.2412
193.29,25.23,7.2412
194.29,25.29,7.2412
195.29,25.18,7.2411
196.29,25.29,7.2411
197.29,25.21,7.2413
198.3,25.2,7.2413
199.3,25.25,7.2414
200.3,25.13,7.2414
201.3,25.22,7.2414
202.3,25.23,7.2414
203.3,25.23,7.2414
204.31,25.25,7.2414
205.31,25.13,7.2413
206.31,25.13,7.2413
207.31,25.34,7.2413
208.31,25.17,7.2414
209.31,25.23,7.2413
210.31,25.13,7.2413
211.32,25.19,7.2413
212.32,25.31,7.2414
213.32,25.25,7.2413
214.32,25.29,7.2413
215.32,25.2,7.2413
216.32,25.17,7.2413
217.33,25.32,7.2412
218.33,25.19,7.2412
219.33,25.18,7.2412
220.33,25.26,7.2412
221.33,25.13,7.2412
222.33,25.38,7.2413
223.33,25.23,7.2413
224.34,25.2,7.2413
225.34,25.3,7.2413
226.34,25.19,7.2414
227.34,25.21,7.2413
228.34,25.31,7.2413
229.34,25.19,7.2413
230.34,25.19,7.2413
231.34,25.31,7.2414
232.35,25.21,7.2414
233.35,25.28,7.2414
234.35,25.3,7.2414
235.35,25.19,7.2414
236.35,25.18,7.2413
237.35,25.36,7.2413
238.35,25.2,7.2413
239.35,25.21,7.2413
240.36,25.19,7.2412
241.36,25.25,7.2412
242.36,25.16,7.2412
243.36,25.34,7.2411
244.36,25.19,7.2411
245.36,25.19,7.2412
246.37,25.29,7.2412
247.37,25.2,7.2413
248.37,25.13,7.2413
249.37,25.34,7.2413
250.37,25.19,7.2413
251.37,25.29,7.2412
252.37,25.19,7.2413
253.38,25.22,7.2413
254.38,25.3,7.2413
255.38,25.31,7.2413
256.38,25.19,7.2413
257.38,25.31,7.2413
258.38,25.24,7.2413
259.38,25.36,7.2413
260.38,25.27,7.2413
261.39,25.18,7.2413
262.39,25.18,7.2413
263.39,25.32,7.2413
264.39,25.19,7.2413
265.39,25.19,7.2413
266.39,25.29,7.2413
267.4,25.22,7.2413
268.4,25.25,7.2413
269.4,25.26,7.2413
270.4,25.18,7.2413
271.4,25.28,7.2413
272.4,25.23,7.2413
273.4,25.38,7.2413
274.41,25.2,7.2413
275.41,25.2,7.2413
276.41,25.29,7.2413
277.41,25.21,7.2413
278.41,25.24,7.2413
279.41,25.33,7.2413
280.42,25.18,7.2413
281.42,25.28,7.2413
282.42,25.19,7.2413
283.42,25.29,7.2413
284.42,25.28,7.2413
285.42,25.18,7.2412
286.42,25.18,7.2412
287.43,25.3,7.2412
288.43,25.17,7.2412
289.43,25.3,7.2412
290.43,25.18,7.2412
291.43,25.18,7.2412
292.43,25.21,7.2413
293.43,25.31,7.2413
294.44,25.17,7.2413
295.44,25.29,7.2413
296.44,25.16,7.2413
297.44,25.39,7.2413
298.44,25.19,7.2413
299.44,25.37,7.2413
300.44,25.16,7.2413
301.44,25.28,7.2413
302.45,25.2,7.2413
303.45,25.3,7.2413
304.45,25.29,7.2413
305.45,25.19,7.2413
306.45,25.19,7.2413
307.45,25.3,7.2413
308.46,25.18,7.2413
309.46,25.31,7.2413
310.46,25.19,7.2413
311.46,25.18,7.2413
312.46,25.3,7.2413
313.46,25.24,7.2413
314.46,25.27,7.2413
315.47,25.18,7.2413
316.47,25.18,7.2413
317.47,25.29,7.2413
318.47,25.21,7.2413
319.47,25.18,7.2413
320.47,25.27,7.2413
321.47,25.18,7.2412
322.48,25.19,7.2413
323.48,25.34,7.2413
324.48,25.19,7.2413
325.48,25.28,7.2413
326.48,25.19,7.2413
327.48,25.24,7.2413
328.49,25.23,7.2412
329.49,25.12,7.2413
330.49,25.22,7.2412
331.49,25.15,7.2412
332.49,25.19,7.2412
333.49,25.34,7.2413
334.49,25.68,7.2413
335.5,25.18,7.2413
336.5,25.28,7.2413
337.5,25.19,7.2413
338.5,25.29,7.2413
339.5,25.18,7.2413
340.5,25.19,7.2413
341.51,25.28,7.2413
342.51,25.25,7.2412
343.51,25.32,7.2413
344.51,25.18,7.2413
345.51,25.18,7.2413
346.51,25.28,7.2413
347.51,25.2,7.2412
348.52,25.28,7.2412
349.52,25.18,7.2412
350.52,25.18,7.2412
351.52,25.28,7.2412
352.52,25.19,7.2413
353.52,25.2,7.2413
354.53,25.27,7.2413
355.53,25.15,7.2413
356.53,25.21,7.2413
357.53,25.13,7.2413
358.53,25.12,7.2413
359.53,25.23,7.2413
360.53,25.13,7.2413
361.54,25.23,7.2413
362.54,25.19,7.2413
363.54,25.34,7.2413
364.54,25.28,7.2413
365.54,25.18,7.2413
366.54,25.19,7.2413
367.55,25.34,7.2414
368.55,25.2,7.2414
369.55,25.28,7.2414
370.55,25.18,7.2411
371.55,25.19,7.2411
372.55,25.38,7.2412
373.56,25.17,7.2411
374.56,25.29,7.2411
375.56,25.19,7.2411
376.56,25.18,7.2411
377.56,25.32,7.2412
378.56,25.18,7.2412
379.56,25.29,7.2412
380.57,25.18,7.2412
381.57,25.22,7.2412
382.57,25.35,7.2412
383.57,25.18,7.2412
384.57,25.19,7.2412
385.57,25.29,7.2411
386.57,25.26,7.2411
387.58,25.2,7.2413
388.58,25.29,7.2413
389.58,25.18,7.2413
390.58,25.24,7.2413
391.58,25.13,7.2413
392.58,25.19,7.2413
393.59,25.27,7.2413
394.59,25.17,7.2413
395.59,25.29,7.2413
396.59,25.18,7.2411
397.59,25.2,7.2413
398.59,25.29,7.2413
399.59,25.18,7.2413
400.6,25.28,7.2413
401.6,25.18,7.2413
402.6,25.22,7.2413
403.6,25.3,7.2413
404.6,25.17,7.2413
405.6,25.17,7.2413
406.6,25.31,7.2413
407.61,25.49,7.2413
408.61,25.15,7.2413
409.61,25.21,7.2413
410.61,25.12,7.2413
411.61,25.17,7.2414
412.61,25.35,7.2413
413.62,25.18,7.2413
414.62,25.28,7.2413
415.62,25.18,7.2413
416.62,25.18,7.2413
417.62,25.29,7.2413
418.62,25.19,7.2413
419.62,25.29,7.2413
420.63,25.18,7.2413
421.63,25.18,7.2413
422.63,25.81,7.2414
423.63,25.13,7.2414
424.63,25.23,7.2414
425.63,25.13,7.2414
426.63,25.14,7.2414
427.64,25.15,7.2415
428.64,25.3,7.2415
429.64,25.2,7.2415
430.64,25.17,7.2414
431.64,25.23,7.2414
432.64,25.24,7.2415
433.64,25.19,7.2415
434.65,25.28,7.2414
435.65,25.27,7.2414
436.65,25.26,7.2414
437.65,25.21,7.2414
438.65,25.19,7.2414
439.65,25.29,7.2414
440.65,25.18,7.2414
441.66,25.18,7.2414
442.66,25.33,7.2413
443.66,25.19,7.2413
444.66,25.28,7.2413
445.66,25.18,7.2413
446.66,25.16,7.2413
447.67,25.29,7.2414
448.67,25.16,7.2413
449.67,25.26,7.2413
450.67,25.16,7.2413
451.67,25.16,7.2413
452.67,25.34,7.2414
453.67,25.19,7.2415
454.68,25.18,7.2414
455.68,25.28,7.2413
456.68,25.19,7.2413
457.68,25.15,7.2414
458.68,25.23,7.2414
459.68,25.13,7.2414
460.68,25.25,7.2414
461.69,25.18,7.2414
462.69,25.26,7.2415
463.69,25.28,7.2415
464.69,25.19,7.2415
465.69,25.28,7.2415
466.69,25.17,7.2414
467.7,25.24,7.2415
468.7,25.28,7.2415
469.7,25.14,7.2414
470.7,25.16,7.2414
471.7,25.27,7.2414
472.7,25.76,7.2415
473.7,25.28,7.2415
474.71,25.18,7.2414
475.71,25.18,7.2414
476.71,25.27,7.2414
477.71,25.18,7.2415
478.71,25.27,7.2415
479.71,25.18,7.2414
480.72,25.18,7.2414
481.72,25.28,7.2414
482.72,25.85,7.2415
483.72,25.18,7.2414
484.72,25.26,7.2414
485.72,25.14,7.2414
486.72,25.29,7.2414
487.73,25.21,7.2414
488.73,25.2,7.2414
489.73,25.29,7.2414
490.73,25.19,7.2414
491.73,25.19,7.2414
492.73,25.33,7.2415
493.73,25.19,7.2414
494.74,25.16,7.2414
495.74,25.24,7.2414
496.74,25.12,7.2414
497.74,25.31,7.2414
498.74,25.13,7.2414
499.74,25.17,7.2414
500.74,25.31,7.2414
501.75,25.18,7.2414
502.75,25.31,7.2415
503.75,25.23,7.2415
504.75,25.18,7.2415
505.75,25.18,7.2415
506.75,25.28,7.2415
507.76,25.17,7.2415
508.76,25.22,7.2415
509.76,25.17,7.2415
510.76,25.18,7.2415
511.76,25.3,7.2415
512.76,25.18,7.2415
513.76,25.17,7.2413
514.77,25.23,7.2413
515.77,25.19,7.2416
516.77,25.19,7.2416
517.77,25.31,7.2416
518.77,26.56,7.2438
519.77,25.11,7.2437
520.77,25.14,7.2437
521.77,25.22,7.242
522.78,25.19,7.2421
523.78,25.21,7.242
524.78,25.11,7.242
525.78,25.13,7.242
526.78,25.23,7.242
527.78,25.13,7.242
528.78,25.22,7.242
529.79,25.13,7.242
530.79,25.13,7.2422
531.79,25.22,7.242
532.79,25.46,7.2422
533.79,25.25,7.2423
534.79,25.22,7.2421
535.8,25.16,7.2421
536.8,25.28,7.2421
537.8,25.3,7.2423
538.8,26.31,7.2423
539.8,25.22,7.2422
540.8,25.15,7.2422
541.8,25.28,7.242
542.81,25.37,7.2423
543.81,25.18,7.2422
544.81,25.29,7.2422
545.81,25.18,7.2422
546.81,25.19,7.2422
547.81,25.3,7.2422
548.81,25.2,7.2422
549.82,25.14,7.2422
550.82,25.22,7.2422
551.82,25.58,7.2422
552.82,25.34,7.2423
553.82,25.16,7.2422
554.82,25.12,7.2422
555.83,25.23,7.2422
556.83,25.13,7.2422
557.83,25.24,7.2423
558.83,25.25,7.2422
559.83,25.16,7.2422
560.83,25.27,7.2422
561.83,25.18,7.2422
562.84,25.3,7.2423
563.84,25.19,7.2422
564.84,25.18,7.2422
565.84,25.28,7.2422
566.84,25.23,7.2423
567.84,25.15,7.2422
568.85,25.25,7.2422
569.85,25.17,7.2422
570.85,25.28,7.2422
571.85,25.18,7.2423
572.85,25.19,7.2423
573.85,25.28,7.2422
574.86,25.18,7.2422
575.86,25.28,7.2422
576.86,25.19,7.2423
577.86,25.18,7.2421
578.86,25.3,7.2421
579.86,25.18,7.2422
580.86,25.27,7.2421
581.87,25.19,7.2422
582.87,25.25,7.2421
583.87,25.28,7.2421
584.87,25.18,7.2421
585.87,25.17,7.2421
586.87,25.29,7.2422
587.88,25.17,7.2421
588.88,25.29,7.2421
589.88,25.18,7.2421
590.88,25.17,7.2421
591.88,25.29,7.2422
592.88,25.24,7.2423
593.88,25.29,7.2422
594.89,25.2,7.2423
595.89,25.14,7.2423
596.89,25.14,7.2423
597.89,25.25,7.2422
598.89,25.14,7.2422
599.89,25.22,7.2422
600.89,25.12,7.2422
601.9,25.13,7.2423
602.9,25.27,7.2423
603.9,25.12,7.2423
604.9,25.23,7.2423
605.9,25.12,7.2423
606.9,25.16,7.2423
607.91,25.25,7.2423
608.91,25.19,7.2423
609.91,25.28,7.2423
610.91,25.24,7.2422
611.91,25.24,7.2423
612.91,25.32,7.2423
613.91,25.13,7.2423
614.92,25.12,7.2422
615.92,25.22,7.2422
616.92,25.14,7.2422
617.92,25.23,7.2422
618.92,25.17,7.2422
619.92,25.13,7.2421
620.93,25.28,7.2421
621.93,25.13,7.2422
622.93,25.5,7.2422
623.93,25.16,7.2422
624.93,25.16,7.2421
625.93,25.26,7.2421
626.93,25.17,7.2422
627.94,25.16,7.2421
628.94,25.27,7.2421
629.94,25.17,7.2421
630.94,25.27,7.2421
631.94,25.18,7.2424
632.94,25.28,7.2422
633.95,25.28,7.2421
634.95,25.17,7.2421
635.95,25.17,7.2421
636.95,25.29,7.2422
637.95,25.13,7.2421
638.95,25.23,7.2421
639.95,25.11,7.2421
640.96,26.25,7.2422
641.96,25.26,7.2423
642.96,25.44,7.2424
643.96,25.12,7.2424
644.96,25.27,7.2424
645.96,25.16,7.2424
646.96,25.16,7.2424
647.97,25.22,7.2424
648.97,25.12,7.2424
649.97,25.22,7.2423
650.97,25.11,7.2423
651.97,25.13,7.2423
652.97,25.28,7.2422
653.97,25.72,7.2424
654.98,25.27,7.2423
655.98,25.17,7.2423
656.98,25.19,7.2422
657.98,25.27,7.2422
658.98,25.2,7.2422
659.98,25.22,7.2422
660.99,25.16,7.2424
661.99,25.18,7.2423
662.99,25.3,7.2423
663.99,25.17,7.2423
664.99,25.17,7.2423
665.99,25.27,7.2423
667.0,25.18,7.2423
668.0,25.27,7.2423
669.0,25.19,7.2423
670.0,25.17,7.2423
671.0,25.27,7.2423
672.0,25.18,7.2423
673.0,25.2,7.2423
674.01,25.27,7.2423
675.01,25.19,7.2424
676.01,25.17,7.2424
677.01,25.28,7.2424
678.01,25.17,7.2424
679.01,25.27,7.2424
680.01,25.17,7.2424
681.02,25.17,7.2424
682.02,25.3,7.2424
683.02,25.17,7.2424
684.02,25.12,7.2424
685.02,25.25,7.2424
686.02,25.16,7.2424
687.02,25.21,7.2424
688.02,25.28,7.2424
689.03,25.16,7.2422
690.03,25.17,7.2422
691.03,25.26,7.2422
692.03,25.18,7.2423
693.03,25.21,7.2424
694.03,25.27,7.2423
695.03,25.17,7.2423
696.04,25.26,7.2423
697.04,25.17,7.2424
698.04,25.16,7.2423
699.04,25.31,7.2423
700.04,25.17,7.2423
701.04,25.16,7.2423
702.04,25.29,7.2423
703.05,25.17,7.2424
704.05,25.15,7.2424
705.05,25.23,7.2424
706.05,25.12,7.2424
707.05,25.18,7.2424
708.05,25.26,7.2423
709.05,25.17,7.2423
710.06,25.17,7.2423
711.06,25.26,7.2423
712.06,25.18,7.2423
713.06,25.31,7.2424
714.06,25.18,7.2422
715.06,25.17,7.2423
716.06,25.27,7.2423
717.07,25.24,7.2423
718.07,25.16,7.2423
719.07,25.27,7.2423
720.07,25.17,7.2423
721.07,25.16,7.2423
722.07,25.28,7.2423
723.08,25.22,7.2423
724.08,25.26,7.2423
725.08,25.16,7.2423
726.08,25.17,7.2423
727.08,25.3,7.2423
728.08,25.17,7.2423
729.08,25.18,7.2423
730.08,25.25,7.2422
731.09,25.17,7.2422
732.09,25.18,7.2422
733.09,25.32,7.2423
734.09,25.17,7.2424
735.09,25.17,7.2423
736.09,25.27,7.2423
737.09,25.12,7.2422
738.1,25.15,7.2422
739.1,25.22,7.2422
740.1,25.12,7.2422
741.1,25.24,7.2422
742.1,25.15,7.2423
743.1,25.2,7.2424
744.11,25.25,7.2423
745.11,25.17,7.2423
746.11,25.27,7.2423
747.11,25.18,7.2423
748.11,25.17,7.2423
749.11,25.26,7.2423
750.11,25.16,7.2423
751.12,25.17,7.2423
752.12,25.3,7.2425
753.12,25.23,7.2422
754.12,25.27,7.2422
755.12,25.14,7.2423
756.12,25.15,7.2422
757.13,25.28,7.2423
758.13,25.17,7.2422
759.13,25.18,7.2422
760.13,25.27,7.2422
761.13,25.17,7.2422
762.13,25.26,7.2423
763.13,25.31,7.2422
764.14,25.17,7.2422
765.14,25.27,7.2422
766.14,25.16,7.2422
767.14,25.18,7.2423
768.14,25.27,7.2423
769.14,25.16,7.2423
770.14,25.18,7.2422
771.14,25.28,7.2423
772.15,25.18,7.2422
773.15,25.2,7.2423
774.15,25.27,7.2423
775.15,25.17,7.2423
776.15,25.17,7.2422
777.15,25.29,7.2423
778.16,25.17,7.2423
779.16,25.37,7.2423
780.16,25.15,7.2422
781.16,25.17,7.2422
782.16,25.28,7.2423
783.16,25.18,7.2422
784.16,25.26,7.2422
785.17,25.17,7.2422
786.17,25.15,7.2422
787.17,25.28,7.2423
788.17,25.17,7.2423
789.17,25.31,7.2423
790.17,25.16,7.2423
791.18,25.14,7.2423
792.18,25.27,7.2423
793.18,25.19,7.2425
794.18,25.17,7.2425
795.18,25.26,7.2425
796.18,25.18,7.2425
797.18,25.29,7.2425
798.19,25.17,7.2425
799.19,25.17,7.2425
800.19,25.29,7.2425
801.19,25.17,7.2425
802.19,25.18,7.2425
803.19,25.3,7.2425
804.19,25.18,7.2425
805.2,25.17,7.2425
806.2,25.26,7.2425
807.2,25.22,7.2425
808.2,25.26,7.2425
809.2,25.15,7.2425
810.2,25.17,7.2425
811.21,25.25,7.2425
812.21,25.18,7.2425
813.21,25.3,7.2425
814.21,25.17,7.2425
815.21,25.16,7.2425
816.21,25.26,7.2425
817.21,25.21,7.2425
818.22,25.14,7.2425
819.22,25.28,7.2425
820.22,25.16,7.2423
821.22,25.28,7.2422
822.22,25.21,7.2424
823.22,25.2,7.2425
824.23,25.27,7.2425
825.23,25.16,7.2425
826.23,25.16,7.2425
827.23,25.28,7.2425
828.23,25.17,7.2425
829.23,25.27,7.2425
830.23,25.2,7.2425
831.24,25.17,7.2425
832.24,25.29,7.2425
833.24,25.2,7.2425
834.24,25.17,7.2425
835.24,25.29,7.2424
836.24,25.17,7.2424
837.24,25.19,7.2424
838.24,25.29,7.2424
839.25,25.17,7.2424
840.25,25.17,7.2425
841.25,25.28,7.2425
842.25,25.18,7.2425
843.25,25.33,7.2425
844.25,25.28,7.2425
845.25,25.12,7.2425
846.26,25.11,7.2425
847.26,25.26,7.2425
848.26,25.15,7.2425
849.26,25.14,7.2425
850.26,25.24,7.2425
851.26,25.16,7.2425
852.26,25.26,7.2425
853.27,25.25,7.2425
854.27,25.17,7.2425
855.27,25.22,7.2425
856.27,25.11,7.2425
857.27,25.23,7.2425
858.27,25.12,7.2425
859.28,25.12,7.2425
860.28,25.24,7.2425
861.28,25.19,7.2425
862.28,25.18,7.2425
863.28,25.4,7.2425
864.28,25.15,7.2425
865.28,25.15,7.2425
866.29,25.25,7.2425
867.29,25.13,7.2425
868.29,25.25,7.2425
869.29,25.11,7.2425
870.29,25.11,7.2425
871.29,25.21,7.2425
872.29,25.13,7.2425
873.3,25.25,7.2425
874.3,25.13,7.2425
875.3,25.17,7.2425
876.3,25.24,7.2425
877.3,25.13,7.2425
878.3,25.13,7.2425
879.31,25.26,7.2425
880.31,25.14,7.2425
881.31,25.27,7.2425
882.31,25.12,7.2425
883.31,25.19,7.2425
884.31,25.23,7.2425
885.31,25.12,7.2425
886.32,25.17,7.2425
887.32,25.25,7.2425
888.32,25.43,7.2425
889.32,25.16,7.2425
890.32,25.28,7.2425
891.32,25.14,7.2425
892.32,25.23,7.2425
893.33,25.18,7.2425
894.33,25.17,7.2425
895.33,25.25,7.2425
896.33,25.13,7.2425
897.33,25.17,7.2425
898.33,25.29,7.2425
899.33,25.18,7.2425
900.34,25.17,7.2425
901.34,25.27,7.2425
902.34,25.19,7.2423
903.34,25.25,7.2425
904.34,25.28,7.2425
905.34,25.18,7.2425
906.34,25.19,7.2425
907.35,25.28,7.2425
908.35,25.17,7.2424
909.35,25.28,7.2424
910.35,25.17,7.2424
911.35,25.17,7.2424
912.35,25.28,7.2424
913.36,25.33,7.2424
914.36,25.27,7.2424
915.36,25.17,7.2424
916.36,25.17,7.2424
917.36,25.28,7.2424
918.36,25.17,7.2424
919.36,25.16,7.2424
920.37,25.27,7.2424
921.37,25.16,7.2424
922.37,25.29,7.2424
923.37,25.16,7.2425
924.37,25.17,7.2425
925.37,25.27,7.2425
926.37,25.15,7.2425
927.38,25.18,7.2425
928.38,25.27,7.2425
929.38,25.17,7.2425
930.38,25.28,7.2425
931.38,25.18,7.2425
932.38,25.18,7.2425
933.39,25.34,7.2425
934.39,25.17,7.2425
935.39,25.27,7.2425
936.39,25.17,7.2425
937.39,25.18,7.2425
938.39,25.27,7.2424
939.39,25.18,7.2424
940.4,25.19,7.2424
941.4,25.29,7.2423
942.4,25.18,7.2423
943.4,25.24,7.2423
944.4,25.27,7.2423
945.4,25.17,7.2423
946.4,25.17,7.2423
947.41,25.28,7.2423
948.41,25.17,7.2423
949.41,25.28,7.2423
950.41,25.17,7.2423
951.41,25.18,7.2424
952.41,25.29,7.2424
953.41,25.2,7.2424
954.42,25.16,7.2424
955.42,25.27,7.2424
956.42,25.16,7.2424
957.42,25.18,7.2424
958.42,25.27,7.2424
959.42,25.18,7.2424
960.42,25.27,7.2424
961.43,25.16,7.2424
962.43,25.13,7.2424
963.43,25.27,7.2426
964.43,25.18,7.2423
965.43,25.94,7.2424
966.43,25.25,7.2424
967.43,25.24,7.2426
968.44,25.27,7.2426
969.44,25.19,7.2426
970.44,25.17,7.2426
971.44,25.27,7.2426
972.44,25.18,7.2426
973.44,25.23,7.2426
974.45,25.61,7.2426
975.45,25.13,7.2426
976.45,25.27,7.2426
977.45,25.18,7.2426
978.45,25.16,7.2426
979.45,25.26,7.2426
980.46,25.17,7.2426
981.46,25.27,7.2425
982.46,25.19,7.2426
983.46,25.2,7.2426
984.46,25.26,7.2426
985.46,25.13,7.2426
986.46,25.27,7.2426
987.47,25.18,7.2426
988.47,25.16,7.2426
989.47,25.21,7.2426
990.47,25.11,7.2426
991.47,25.11,7.2426
992.47,25.22,7.2426
993.48,25.22,7.2426
994.48,25.21,7.2426
995.48,25.11,7.2426
996.48,25.14,7.2426
997.48,25.29,7.2426
998.48,25.17,7.2426
999.48,25.18,7.2426
1000.49,25.27,7.2426
1001.49,25.17,7.2426
1002.49,25.28,7.2426
1003.49,25.18,7.2426
1004.49,25.11,7.2426
1005.49,25.21,7.2426
1006.5,25.11,7.2426
1007.5,25.24,7.2426
1008.5,25.14,7.2426
1009.5,25.12,7.2426
1010.5,25.21,7.2426
1011.5,25.11,7.2426
1012.5,25.23,7.2426
1013.51,25.14,7.2426
1014.51,25.11,7.2426
1015.51,25.21,7.2426
1016.51,25.11,7.2426
1017.51,25.13,7.2426
1018.51,25.22,7.2426
1019.52,25.16,7.2426
1020.52,25.25,7.2426
1021.52,25.13,7.2426
1022.52,25.16,7.2426
1023.52,25.71,7.2425
1024.52,25.17,7.2425
1025.52,25.33,7.2426
1026.52,25.3,7.2426
1027.53,25.16,7.2426
1028.53,25.25,7.2426
1029.53,25.28,7.2426
1030.53,25.17,7.2425
1031.53,25.18,7.2425
1032.53,25.29,7.2425
1033.53,25.42,7.2425
1034.53,25.16,7.2425
1035.54,25.26,7.2425
1036.54,25.16,7.2425
1037.54,25.18,7.2425
1038.54,25.25,7.2425
1039.54,25.17,7.2425
1040.54,25.16,7.2425
1041.55,25.26,7.2425
1042.55,25.18,7.2425
1043.55,25.21,7.2425
1044.55,25.26,7.2425
1045.55,25.17,7.2425
1046.55,25.27,7.2425
1047.55,25.19,7.2425
1048.56,25.17,7.2425
1049.56,25.27,7.2425
1050.56,25.17,7.2425
1051.56,25.27,7.2425
1052.56,25.21,7.2425
1053.56,25.16,7.2425
1054.57,25.28,7.2425
1055.57,25.17,7.2425
1056.57,25.12,7.2425
1057.57,25.27,7.2425
1058.57,25.21,7.2425
1059.57,25.25,7.2425
1060.57,25.14,7.2425
1061.58,25.17,7.2425
1062.58,25.32,7.2425
1063.58,25.12,7.2425
1064.58,25.21,7.2425
1065.58,25.17,7.2425
1066.58,25.17,7.2426
1067.58,25.3,7.2426
1068.59,25.17,7.2426
1069.59,25.17,7.2426
1070.59,25.29,7.2426
1071.59,25.17,7.2426
1072.59,25.27,7.2426
1073.59,25.29,7.2426
1074.59,25.17,7.2426
1075.6,25.17,7.2426
1076.6,25.26,7.2426
1077.6,25.19,7.2426
1078.6,25.17,7.2426
1079.6,25.24,7.2426
1080.6,25.11,7.2426
1081.6,25.22,7.2426
1082.61,25.2,7.2426
1083.61,25.12,7.2426
1084.61,25.25,7.2426
1085.61,25.17,7.2426
1086.61,25.17,7.2426
1087.61,25.21,7.2426
1088.61,25.28,7.2426
1089.61,25.12,7.2426
1090.62,25.11,7.2426
1091.62,25.23,7.2426
1092.62,25.21,7.2426
1093.62,25.15,7.2424
1094.62,25.28,7.2424
1095.62,25.17,7.2424
1096.62,25.17,7.2424
1097.62,25.28,7.2425
1098.63,25.17,7.2425
1099.63,25.17,7.2425
1100.63,25.27,7.2425
1101.63,25.16,7.2425
1102.63,25.32,7.2425
1103.63,25.19,7.2427
1104.64,25.17,7.2427
1105.64,25.28,7.2427
1106.64,25.18,7.2427
1107.64,25.19,7.2427
1108.64,25.24,7.2427
1109.64,25.12,7.2427
1110.64,25.12,7.2427
1111.65,25.22,7.2427
1112.65,25.18,7.2427
1113.65,25.22,7.2427
1114.65,25.16,7.2427
1115.65,25.17,7.2427
1116.65,25.29,7.2425
1117.65,25.18,7.2425
1118.66,25.21,7.2425
1119.66,25.22,7.2425
1120.66,25.12,7.2425
1121.66,25.12,7.2425
1122.66,25.28,7.2425
1123.66,25.18,7.2427
1124.66,25.27,7.2427
1125.67,25.17,7.2427
1126.67,25.17,7.2427
1127.67,25.33,7.2427
1128.67,25.15,7.2427
1129.67,25.26,7.2427
1130.67,25.16,7.2427
1131.68,25.17,7.2427
1132.68,25.37,7.2427
1133.68,25.17,7.2426
1134.68,25.17,7.2426
1135.68,25.27,7.2427
1136.68,25.17,7.2427
1137.68,25.28,7.2427
1138.69,25.17,7.2427
1139.69,25.15,7.2426
1140.69,25.23,7.2426
1141.69,25.17,7.2426
1142.69,25.42,7.2427
1143.69,25.17,7.2427
1144.7,25.16,7.2427
1145.7,25.24,7.2427
1146.7,25.17,7.2426
1147.7,25.28,7.2426
1148.7,25.16,7.2426
1149.7,25.19,7.2427
1150.7,25.18,7.2427
1151.71,25.27,7.2426
1152.71,25.23,7.2426
1153.71,25.27,7.2426
1154.71,25.17,7.2426
1155.71,25.18,7.2426
1156.71,25.27,7.2426
1157.71,25.16,7.2427
1158.72,25.12,7.2427
1159.72,25.24,7.2425
1160.72,25.12,7.2425
1161.72,25.21,7.2425
1162.72,25.2,7.2425
1163.72,25.13,7.2425
1164.73,25.27,7.2425
1165.73,25.17,7.2425
1166.73,25.13,7.2425
1167.73,25.28,7.2425
1168.73,25.17,7.2425
1169.73,25.26,7.2425
1170.73,25.17,7.2425
1171.74,25.17,7.2425
1172.74,25.46,7.2427
1173.74,25.18,7.2427
1174.74,25.17,7.2427
1175.74,25.27,7.2427
1176.74,25.17,7.2427
1177.74,25.28,7.2427
1178.75,25.28,7.2427
1179.75,25.15,7.2427
1180.75,25.24,7.2427
1181.75,25.17,7.2427
1182.75,25.21,7.2427
1183.75,25.27,7.2427
1184.76,25.17,7.2427
1185.76,25.27,7.2427
1186.76,25.17,7.2427
1187.76,25.18,7.2427
1188.76,25.28,7.2427
1189.76,25.16,7.2427
1190.76,25.16,7.2427
1191.76,25.28,7.2427
1192.77,29.07,7.2428
1193.77,25.17,7.2428
1194.77,25.27,7.2428
1195.77,25.17,7.2428
1196.77,25.17,7.2428
1197.77,25.28,7.2428
1198.78,25.17,7.2428
1199.78,25.27,7.2428
1200.78,25.16,7.2428
1201.78,25.15,7.2428
1202.78,25.33,7.2428
1203.78,25.19,7.2428
1204.78,25.16,7.2428
1205.79,25.26,7.2428
1206.79,25.15,7.2428
1207.79,25.31,7.2428
1208.79,25.22,7.2428
1209.79,25.18,7.2428
1210.79,25.27,7.2428
1211.79,25.18,7.2428
1212.8,25.28,7.2428
1213.8,25.27,7.2428
1214.8,25.18,7.2428
1215.8,25.14,7.2428
1216.8,25.22,7.2428
1217.8,25.18,7.2428
1218.8,25.18,7.2428
1219.8,25.25,7.2428
1220.81,25.16,7.2428
1221.81,25.17,7.2428
1222.81,25.5,7.2428
1223.81,25.17,7.2428
1224.81,25.17,7.2428
1225.81,25.21,7.2428
1226.82,25.11,7.2428
1227.82,25.26,7.2428
1228.82,25.15,7.2428
1229.82,25.14,7.2428
1230.82,25.27,7.2428
1231.82,25.12,7.2428
1232.82,25.26,7.2428
1233.83,25.11,7.2428
1234.83,25.12,7.2428
1235.83,25.26,7.2428
1236.83,25.16,7.2428
1237.83,25.18,7.2428
1238.83,25.31,7.2428
1239.84,36.5,3.9451
1240.84,84.58,2.2299
1241.84,84.39,2.4258
1242.84,88.32,2.6991
1243.84,80.61,3.0947
1244.84,78.27,3.4623
1245.84,69.91,1.8925
1246.84,72.17,2.1664
1247.85,89.26,2.464
1248.85,71.07,2.9482
1249.85,41.03,3.4708
1250.85,49.09,4.0225
1251.85,28.13,4.5911
1252.85,31.29,5.1593
1253.86,31.0,5.7335
1254.86,30.69,6.2785
1255.86,37.25,6.8093
1256.86,42.57,7.0387
1257.86,25.37,7.0575
1258.86,25.51,7.0575
1259.86,25.51,7.0575
1260.87,26.38,7.0575
1261.87,25.72,7.0481
1262.87,25.71,7.0481
1263.87,25.66,7.0481
1264.87,28.07,7.1507
1265.87,25.26,7.1507
1266.88,26.46,7.1507
1267.88,25.78,7.1507
1268.88,25.29,7.1507
1269.88,25.12,7.1507
1270.88,25.23,7.1507
1271.88,26.18,7.1507
1272.89,27.66,7.1575
1273.89,25.57,7.1576
1274.89,25.35,7.1576
1275.89,25.18,7.1576
1276.89,25.3,7.1576
1277.89,25.29,7.1576
1278.9,25.17,7.1576
1279.9,29.28,7.1729
1280.9,25.17,7.1729
1281.9,25.22,7.1729
1282.9,26.42,7.1729
1283.9,25.17,7.1729
1284.91,25.23,7.1729
1285.91,25.13,7.1729
1286.91,28.0,7.1878
1287.91,25.18,7.1878
1288.91,25.18,7.1878
1289.91,25.32,7.1878
1290.91,25.18,7.1878
1291.92,25.3,7.1878
1292.92,25.32,7.1878
1293.92,28.64,7.2747
1294.92,26.91,7.2747
1295.92,29.72,7.2748
1296.92,25.21,7.2748
1297.93,25.29,7.2748
1298.93,25.21,7.2748
1299.93,25.29,7.2748
1300.93,26.39,7.5127
1301.93,25.13,8.0383
1302.93,27.23,8.6438
1303.94,28.08,8.7131
1304.94,25.23,8.7131
1305.94,25.16,8.7131
1306.94,25.13,8.7131
1307.94,25.23,8.7131
1308.94,25.13,8.7131
1309.94,25.58,8.7132
1310.95,25.12,8.7132
1311.95,25.2,8.7132
1312.95,27.41,8.7398
1313.95,25.18,8.7398
1314.95,25.28,8.7398
1315.95,25.5,8.7398
1316.96,25.31,8.7398
1317.96,25.23,8.7398
1318.96,25.18,8.7398
1319.96,25.29,8.7398
1320.96,25.19,8.7398
1321.96,27.88,8.757
1322.97,25.22,8.757
1323.97,25.19,8.757
1324.97,25.3,8.757
1325.97,25.24,8.757
1326.97,25.29,8.757
1327.97,25.18,8.757
1328.98,25.36,8.757
1329.98,25.3,8.757
1330.98,27.5,8.7869
1331.98,25.18,8.7869
1332.98,25.32,8.7869
1333.98,25.18,8.7869
1334.98,25.2,8.7869
1335.98,25.29,8.7869
1336.99,25.2,8.7869
1337.99,25.18,8.7869
1338.99,25.29,8.7869
1339.99,27.5,8.8234
1340.99,25.27,8.8234
1341.99,25.85,8.8234
1343.0,25.14,8.8234
1344.0,25.22,8.8234
1345.0,25.16,8.8234
1346.0,25.44,8.8234
1347.0,25.19,8.8234
1348.0,25.22,8.8234
1349.01,27.24,8.8405
1350.01,25.17,8.8405
1351.01,25.28,8.8405
1352.01,25.21,8.8405
1353.01,25.21,8.8405
1354.01,25.33,8.8405
1355.01,25.19,8.8405
1356.02,25.28,8.8405
1357.02,25.19,8.8405
1358.02,25.84,8.8405
1359.02,27.04,8.8506
1360.02,25.18,8.8506
1361.02,25.29,8.8506
1362.03,25.2,8.8506
1363.03,25.22,8.8506
1364.03,25.29,8.8506
1365.03,25.18,8.8506
1366.03,25.26,8.8506
1367.03,25.2,8.8506
1368.04,25.24,8.8506
1369.04,26.97,8.8641
1370.04,25.18,8.8641
1371.04,25.29,8.8641
1372.04,25.19,8.8641
1373.04,25.32,8.8641
1374.05,25.19,8.8641
1375.05,25.18,8.8641
1376.05,25.28,8.8641
1377.05,25.2,8.8641
1378.05,26.54,8.8768
1379.05,25.19,8.8768
1380.06,25.28,8.8768
1381.06,25.18,8.8769
1382.06,25.19,8.8769
1383.06,25.32,8.8769
1384.06,25.18,8.8769
1385.06,25.28,8.8769
1386.07,25.18,8.8769
1387.07,26.83,8.892
1388.07,25.28,8.892
1389.07,25.23,8.892
1390.07,25.28,8.892
1391.07,25.31,8.892
1392.08,25.2,8.892
1393.08,25.31,8.892
1394.08,25.54,8.892
1395.08,25.33,8.892
1396.08,27.45,8.9091
1397.08,25.3,8.9091
1398.09,25.18,8.9091
1399.09,25.34,8.9091
1400.09,25.27,8.9091
1401.09,25.18,8.9091
1402.09,25.3,8.9091
1403.09,25.21,8.9091
1404.1,25.19,8.9091
1405.1,27.14,8.9223
1406.1,25.18,8.9223
1407.1,25.3,8.9223
1408.1,25.18,8.9223
1409.1,25.19,8.9223
1410.11,25.28,8.9223
1411.11,25.18,8.9223
1412.11,25.3,8.9223
1413.11,25.2,8.9223
1414.11,27.41,8.9363
1415.11,25.28,8.9363
1416.12,25.19,8.9363
1417.12,25.3,8.9363
1418.12,25.18,8.9363
1419.12,25.2,8.9363
1420.12,25.27,8.9363
1421.12,25.17,8.9363
1422.12,25.29,8.9363
1423.13,25.21,8.9363
1424.13,27.16,8.9481
1425.13,25.28,8.9481
1426.13,25.18,8.9481
1427.13,25.29,8.9481
1428.13,25.19,8.9481
1429.14,25.24,8.9481
1430.14,25.18,8.9481
1431.14,25.18,8.9481
1432.14,25.46,8.9481
1433.14,26.31,8.9604
1434.14,25.72,8.9604
1435.15,25.18,8.9604
1436.15,25.19,8.9604
1437.15,25.31,8.9604
1438.15,25.18,8.9604
1439.15,25.18,8.9604
1440.15,25.31,8.9604
1441.15,25.19,8.9604
1442.16,26.61,8.9741
1443.16,25.35,8.9741
1444.16,25.19,8.9741
1445.16,25.19,8.9741
1446.16,25.29,8.9741
1447.16,25.2,8.9741
1448.16,25.29,8.9741
1449.17,25.2,8.9741
1450.17,25.18,8.9741
1451.17,27.33,8.9844
1452.17,25.2,8.9844
1453.17,25.29,8.9844
1454.17,25.17,8.9844
1455.18,25.18,8.9844
1456.18,25.28,8.9844
1457.18,25.16,8.9844
1458.18,25.24,8.9844
1459.18,25.13,8.9844
1460.18,27.83,8.9973
1461.19,25.28,8.9973
1462.19,25.21,8.9973
1463.19,25.31,8.9973
1464.19,25.18,8.9973
1465.19,25.18,8.9973
1466.19,25.28,8.9973
1467.19,25.19,8.9973
1468.2,25.29,8.9973
1469.2,27.77,9.0162
1470.2,25.21,9.0162
1471.2,25.29,9.0162
1472.2,25.2,9.0162
1473.2,25.21,9.0162
1474.2,25.31,9.0162
1475.21,25.18,9.0162
1476.21,25.18,9.0162
1477.21,25.32,9.0162
1478.21,27.02,9.0254
1479.21,25.25,9.0254
1480.21,25.31,9.0254
1481.21,25.17,9.0254
1482.22,25.14,9.0254
1483.22,25.29,9.0254
1484.22,25.13,9.0254
1485.22,25.13,9.0254
1486.22,25.3,9.0254
1487.22,26.89,9.0389
1488.22,25.19,9.0389
1489.22,25.28,9.0389
1490.23,25.15,9.0389
1491.23,25.18,9.0389
1492.23,25.29,9.0389
1493.23,25.22,9.0389
1494.23,25.3,9.0389
1495.23,25.18,9.0389
1496.24,25.18,9.0389
1497.24,27.03,9.0494
1498.24,25.18,9.0494
1499.24,25.18,9.0494
1500.24,25.25,9.0494
1501.24,25.13,9.0494
1502.24,25.15,9.0494
1503.24,25.3,9.0495
1504.25,25.14,9.0495
1505.25,25.16,9.0495
1506.25,27.47,9.0758
1507.25,25.2,9.0758
1508.25,25.18,9.0758
1509.25,25.28,9.0758
1510.26,25.18,9.0758
1511.26,25.29,9.0758
1512.26,25.2,9.0758
1513.26,25.21,9.0758
1514.26,25.29,9.0757
1515.26,26.77,9.0892
1516.26,25.22,9.0892
1517.27,25.26,9.0892
1518.27,25.14,9.0892
1519.27,25.23,9.0892
1520.27,25.17,9.0892
1521.27,25.19,9.0892
1522.27,25.3,9.0892
1523.28,25.2,9.0892
1524.28,25.28,9.0892
1525.28,26.74,9.119
1526.28,25.17,9.119
1527.28,25.28,9.119
1528.28,25.15,9.1191
1529.28,25.15,9.1191
1530.28,25.28,9.1191
1531.29,25.18,9.1191
1532.29,25.19,9.1191
1533.29,25.33,9.1191
1534.29,27.27,9.131
1535.29,25.13,9.131
1536.29,25.3,9.131
1537.29,25.2,9.131
1538.3,25.13,9.131
1539.3,25.28,9.131
1540.3,25.15,9.131
1541.3,25.28,9.131
1542.3,25.18,9.131
1543.3,25.5,9.131
1544.3,27.51,9.1412
1545.31,25.18,9.1412
1546.31,25.18,9.1412
1547.31,25.29,9.1412
1548.31,25.19,9.1412
1549.31,25.29,9.1412
1550.31,25.18,9.1412
1551.32,25.18,9.1412
1552.32,27.48,9.1571
1553.32,25.32,9.1571
1554.32,25.23,9.1571
1555.32,25.28,9.1571
1556.32,25.18,9.1571
1557.32,25.3,9.1571
1558.33,25.18,9.1571
1559.33,25.19,9.1571
1560.33,25.29,9.1571
1561.33,25.19,9.1571
1562.33,27.57,9.1719
1563.33,25.16,9.1719
1564.34,25.13,9.1719
1565.34,25.23,9.1719
1566.34,25.13,9.1719
1567.34,25.25,9.1719
1568.34,25.19,9.1719
1569.34,25.26,9.1719
1570.35,25.13,9.1719
1571.35,26.96,9.1816
1572.35,25.3,9.1816
1573.35,25.21,9.1816
1574.35,25.28,9.1816
1575.35,25.2,9.1816
1576.36,25.19,9.1816
1577.36,25.3,9.1816
1578.36,25.21,9.1816
1579.36,25.19,9.1816
1580.36,25.28,9.1816
1581.36,26.96,9.1902
1582.36,25.3,9.1902
1583.37,25.21,9.1902
1584.37,25.18,9.1902
1585.37,25.23,9.1902
1586.37,25.2,9.1902
1587.37,25.2,9.1902
1588.37,25.28,9.1902
1589.37,25.19,9.1902
1590.38,27.33,9.2003
1591.38,25.19,9.2003
1592.38,25.2,9.2003
1593.38,25.31,9.2003
1594.38,25.19,9.2003
1595.38,25.28,9.2003
1596.39,25.19,9.2003
1597.39,25.2,9.2003
1598.39,25.28,9.2003
1599.39,26.98,9.2109
1600.39,25.28,9.2109
1601.39,25.21,9.2109
1602.4,25.19,9.2109
1603.4,25.31,9.2109
1604.4,25.18,9.2109
1605.4,25.28,9.2109
1606.4,25.18,9.2109
1607.4,25.31,9.2109
1608.41,25.28,9.2109
1609.41,27.91,9.2237
1610.41,25.33,9.2237
1611.41,25.12,9.2237
1612.41,25.24,9.2237
1613.41,25.15,9.2237
1614.42,25.13,9.2237
1615.42,25.22,9.2237
1616.42,25.13,9.2237
1617.42,25.24,9.2237
1618.42,28.41,9.2439
1619.42,25.18,9.2439
1620.42,25.3,9.2439
1621.43,25.18,9.2439
1622.43,25.56,9.2439
1623.43,25.27,9.2439
1624.43,25.13,9.2439
1625.43,25.29,9.2439
1626.43,25.19,9.2439
1627.44,27.57,9.2623
1628.44,25.18,9.2623
1629.44,25.21,9.2623
1630.44,25.28,9.2623
1631.44,25.18,9.2623
1632.44,25.29,9.2623
1633.45,25.21,9.2623
1634.45,25.19,9.2623
1635.45,25.29,9.2623
1636.45,27.03,9.2724
1637.45,25.3,9.2724
1638.45,25.18,9.2724
1639.46,25.29,9.2724
1640.46,25.18,9.2724
1641.46,25.17,9.2724
1642.46,25.32,9.2725
1643.46,25.21,9.2725
1644.46,25.18,9.2726
1645.46,25.3,9.2726
1646.47,26.94,9.2813
1647.47,25.2,9.2813
1648.47,25.29,9.2813
1649.47,25.18,9.2813
1650.47,25.29,9.2813
1651.47,25.18,9.2813
1652.48,25.2,9.2813
1653.48,25.31,9.2813
1654.48,25.18,9.2813
1655.48,26.8,9.2899
1656.48,25.19,9.2899
1657.48,25.19,9.2899
1658.48,25.3,9.2899
1659.49,25.2,9.2899
1660.49,25.18,9.2899
1661.49,25.31,9.2899
1662.49,25.2,9.2899
1663.49,25.21,9.2899
1664.49,27.2,9.3107
1665.49,25.18,9.3107
1666.5,25.18,9.3107
1667.5,25.29,9.3107
1668.5,25.76,9.3107
1669.5,25.28,9.3107
1670.5,25.18,9.3107
1671.5,25.17,9.3107
1672.51,25.29,9.3107
1673.51,25.21,9.3107
1674.51,28.18,9.3286
1675.51,25.18,9.3286
1676.51,25.23,9.3286
1677.51,25.14,9.3286
1678.52,25.12,9.3286
1679.52,25.21,9.3286
1680.52,25.11,9.3286
1681.52,25.26,9.3286
1682.52,51.88,9.3405
1683.52,35.31,1.9815
1684.53,83.6,2.2014
1685.53,92.22,2.5401
1686.53,62.29,2.0806
1687.53,80.38,2.2481
1688.53,80.53,2.0736
1689.53,74.49,2.2533
1690.53,81.53,2.3826
1691.54,69.61,2.2199
1692.54,82.66,2.3498
1693.54,69.0,2.2197
1694.54,87.03,2.4068
1695.54,75.83,2.2763
1696.54,84.76,2.4456
1697.54,77.6,2.1702
1698.54,84.34,2.3866
1699.55,92.09,2.6183
1700.55,81.88,2.8773
1701.55,39.82,3.2005
1702.55,29.37,3.5479
1703.55,35.25,3.9038
1704.55,25.69,4.3706
1705.55,32.37,2.1077
1706.56,78.38,2.3759
1707.56,93.34,2.6621
1708.56,71.24,2.1589
1709.56,79.77,2.3696
1710.56,92.86,2.6589
1711.56,80.8,3.0562
1712.56,69.0,3.5538
1713.56,52.1,4.0554
1714.57,65.87,2.3479
1715.57,85.5,2.51
1716.57,82.79,2.7591
1717.57,54.14,3.0615
1718.57,39.2,2.1079
1719.57,81.23,2.3732
1720.57,80.83,2.1791
1721.58,86.55,2.3867
1722.58,84.95,2.0917
1723.58,79.07,2.3628
1724.58,82.16,2.1646
1725.58,78.84,2.3965
1726.58,80.17,2.553
1727.58,90.06,2.7732
1728.58,81.11,3.0193
1729.59,81.13,3.2865
1730.59,77.52,3.6166
1731.59,78.75,3.8976
1732.59,54.19,4.3366
1733.59,51.12,4.8293
1734.59,70.9,5.3886
1735.59,40.23,5.9852
1736.6,26.98,6.5368
1737.6,26.5,7.0756
1738.6,32.77,7.3911
1739.6,25.84,7.3911
1740.6,25.5,7.3414
1741.6,25.18,7.3414
1742.6,25.49,7.3414
1743.61,25.2,7.3414
1744.61,25.37,7.3414
1745.61,25.2,7.3414
1746.61,25.38,7.3414
1747.61,30.06,7.489
1748.61,28.78,7.489
1749.61,25.85,7.489
1750.62,25.18,7.489
1751.62,25.3,7.489
1752.62,25.22,7.489
1753.62,25.28,7.489
1754.62,25.18,7.4889
1755.62,30.08,7.4891
1756.63,25.23,7.4891
1757.63,25.19,7.4891
1758.63,26.13,7.4891
1759.63,25.19,7.4891
1760.63,26.23,7.4891
1761.63,25.2,7.4891
1762.64,25.22,7.4891
1763.64,29.35,7.4893
1764.64,25.2,7.4893
1765.64,25.18,7.4893
1766.64,25.27,7.4893
1767.64,25.19,7.4893
1768.65,25.28,7.4893
1769.65,25.13,7.4893
1770.65,29.27,7.4893
1771.65,25.17,7.4893
1772.65,25.91,7.4893
1773.65,25.15,7.4893
1774.66,25.14,7.4893
1775.66,25.26,7.4893
1776.66,25.19,7.4893
1777.66,25.29,7.4893
1778.66,29.8,7.5874
1779.66,25.13,7.5874
1780.67,25.25,7.5874
1781.67,25.18,7.5874
1782.67,25.63,7.5874
1783.67,25.14,7.5874
1784.67,25.13,7.5874
1785.67,25.26,7.855
1786.68,25.17,8.3534
1787.68,34.57,8.9357
1788.68,25.14,8.9357
1789.68,25.13,8.9357
1790.68,25.25,8.9357
1791.68,25.19,8.9357
1792.68,25.35,8.9357
1793.69,25.29,8.9357
1794.69,25.19,8.9357
1795.69,25.72,8.9357
1796.69,25.18,8.9357
1797.69,25.25,8.9362
1798.69,25.28,8.9362
1799.7,25.18,8.9362
1800.7,25.29,8.9362
1801.7,25.19,8.9362
1802.7,25.24,8.9362
1803.7,25.3,8.9362
1804.7,25.18,8.9362
1805.7,25.29,8.9363
1806.71,25.34,8.9365
1807.71,25.2,8.9365
1808.71,25.3,8.9365
1809.71,25.19,8.9365
1810.71,25.29,8.9365
1811.71,25.19,8.9365
1812.72,25.22,8.9365
1813.72,25.23,8.9365
1814.72,25.12,8.9365
1815.72,25.3,8.9368
1816.72,25.17,8.9368
1817.72,25.19,8.9368
1818.73,25.28,8.9368
1819.73,33.5,8.9368
1820.73,25.27,8.9368
1821.73,25.18,8.9368
1822.73,26.19,8.9368
1823.73,25.14,8.9368
1824.74,25.23,8.9368
1825.74,25.27,8.9368
1826.74,25.18,8.9368
1827.74,25.3,8.9368
1828.74,25.19,8.9368
1829.74,25.17,8.9368
1830.75,25.28,8.9368
1831.75,25.18,8.9368
1832.75,25.35,8.9368
1833.75,25.19,8.9368
1834.75,25.23,8.9369
1835.75,25.32,8.9369
1836.76,25.18,8.9369
1837.76,25.23,8.9369
1838.76,25.18,8.9369
1839.76,25.22,8.9369
1840.76,25.14,8.9369
1841.76,25.17,8.9369
1842.76,25.34,8.9369
1843.77,25.24,8.9369
1844.77,25.11,8.9369
1845.77,25.22,8.9369
1846.77,25.11,8.9369
1847.77,25.17,8.9369
1848.77,25.22,8.9369
1849.78,25.13,8.9369
1850.78,25.22,8.9369
1851.78,25.12,8.9369
1852.78,25.63,8.9369
1853.78,26.07,8.9371
1854.78,25.38,8.9371
1855.79,25.29,8.9371
1856.79,25.16,8.9371
1857.79,27.18,8.9371
1858.79,25.24,8.9371
1859.79,26.92,8.9371
1860.79,25.29,8.9371
1861.79,25.18,8.9371
1862.8,25.57,8.9371
1863.8,25.43,8.9372
1864.8,25.16,8.9372
1865.8,25.13,8.9372
1866.8,25.23,8.9372
1867.8,25.15,8.9372
1868.8,25.29,8.9372
1869.81,25.19,8.9372
1870.81,25.18,8.9372
1871.81,25.28,8.9372
1872.81,25.38,8.9375
1873.81,25.28,8.9375
1874.81,25.17,8.9375
1875.82,25.12,8.9375
1876.82,25.24,8.9375
1877.82,25.19,8.9376
1878.82,25.3,8.9376
1879.82,25.18,8.9376
1880.82,25.13,8.9376
1881.82,25.36,8.9376
1882.83,25.22,8.9376
1883.83,25.19,8.9376
1884.83,25.31,8.9376
1885.83,25.18,8.9376
1886.83,25.18,8.9376
1887.83,25.57,8.9376
1888.83,25.19,8.9376
1889.84,25.23,8.9376
1890.84,25.37,8.9376
1891.84,25.18,8.9376
1892.84,25.27,8.9376
1893.84,25.28,8.9376
1894.84,25.18,8.9375
1895.84,25.28,8.9375
1896.85,25.22,8.9376
1897.85,25.17,8.9376
1898.85,25.26,8.9376
1899.85,25.22,8.9376
1900.85,25.28,8.9376
1901.85,25.18,8.9376
1902.86,25.31,8.9375
1903.86,25.16,8.9375
1904.86,25.18,8.9375
1905.86,25.28,8.9375
1906.86,25.18,8.9376
1907.86,25.21,8.9376
1908.87,25.32,8.9377
1909.87,25.18,8.9377
1910.87,25.28,8.9377
1911.87,25.19,8.9377
1912.87,25.32,8.9377
1913.87,25.3,8.9377
1914.87,25.18,8.9377
1915.88,25.17,8.9377
1916.88,25.33,8.9377
1917.88,25.14,8.9377
1918.88,25.22,8.9377
1919.88,25.27,8.9377
1920.88,25.12,8.9377
1921.89,25.23,8.9377
1922.89,25.37,8.9377
1923.89,25.18,8.9377
1924.89,25.29,8.9378
1925.89,25.17,8.9378
1926.89,25.39,8.9378
1927.89,25.22,8.938
1928.9,25.28,8.938
1929.9,25.28,8.938
1930.9,25.13,8.938
1931.9,25.24,8.938
1932.9,25.15,8.938
1933.9,25.13,8.938
1934.9,25.27,8.938
1935.91,25.17,8.938
1936.91,25.18,8.938
1937.91,25.33,8.9387
1938.91,26.32,8.9387
1939.91,25.29,8.9387
1940.91,25.18,8.9387
1941.92,25.13,8.9387
1942.92,25.27,8.9387
1943.92,25.18,8.9387
1944.92,25.18,8.9387
1945.92,25.27,8.9387
1946.92,25.28,8.9387
1947.92,25.28,8.9387
1948.93,25.17,8.9387
1949.93,25.18,8.9387
1950.93,25.28,8.9387
1951.93,25.19,8.9387
1952.93,25.31,8.9387
1953.93,25.21,8.9387
1954.94,25.18,8.9387
1955.94,25.29,8.9613
1956.94,25.51,8.9613
1957.94,25.18,8.9613
1958.94,25.29,8.9613
1959.94,25.19,8.9613
1960.94,25.18,8.9613
1961.95,25.29,8.9613
1962.95,25.2,8.9613
1963.95,25.31,8.9613
1964.95,25.18,8.9613
1965.95,25.18,8.9613
1966.95,25.29,8.9613
1967.96,25.18,8.9613
1968.96,25.29,8.9613
1969.96,25.18,8.9613
1970.96,25.18,8.9613
1971.96,25.28,8.9613
1972.96,25.36,8.9833
1973.96,25.22,8.9833
1974.97,25.11,8.9833
1975.97,25.12,8.9833
1976.97,25.25,8.9833
1977.97,25.12,8.9833
1978.97,25.15,8.9833
1979.97,25.22,8.9833
1980.97,25.14,8.9833
1981.98,25.13,8.9833
1982.98,25.29,8.9833
1983.98,25.12,8.9833
1984.98,25.22,8.9833
1985.98,25.11,8.9833
1986.98,25.28,8.9833
1987.99,25.17,8.9833
1988.99,25.24,8.9833
1989.99,25.28,8.9833
1990.99,25.13,8.9833
1991.99,25.19,9.0033
1992.99,25.26,9.0033
1993.99,25.13,9.0033
1995.0,25.15,9.0033
1996.0,25.26,9.0033
1997.0,25.17,9.0033
1998.0,25.27,9.0033
1999.0,25.17,9.0033
2000.0,25.18,9.0033
2001.01,25.28,9.0033
2002.01,25.24,9.0034
2003.01,25.32,9.0035
2004.01,25.18,9.0035
2005.01,25.19,9.0035
2006.01,25.29,9.0035
2007.01,25.19,9.0035
2008.02,25.29,9.0035
2009.02,25.19,9.0035
2010.02,25.19,9.0035
2011.02,25.32,9.0223
2012.02,25.2,9.0223
2013.02,25.31,9.0223
2014.03,25.18,9.0223
2015.03,25.19,9.0223
2016.03,25.29,9.0223
2017.03,25.2,9.0223
2018.03,25.29,9.0223
2019.03,25.21,9.0223
2020.04,25.29,9.0223
2021.04,25.29,9.0223
2022.04,25.2,9.0223
2023.04,25.32,9.0223
2024.04,25.19,9.0223
2025.04,25.29,9.0223
2026.05,25.19,9.0223
2027.05,25.22,9.0223
2028.05,25.38,9.039
2029.05,25.19,9.039
2030.05,25.18,9.039
2031.05,25.31,9.039
2032.05,25.18,9.0391
2033.06,25.18,9.0391
2034.06,25.31,9.0391
2035.06,25.17,9.0391
2036.06,25.18,9.0391
2037.06,25.3,9.0392
2038.06,25.18,9.0392
2039.06,25.25,9.0392
2040.07,25.15,9.0392
2041.07,25.18,9.0392
2042.07,25.3,9.0392
2043.07,25.2,9.0392
2044.07,25.28,9.0392
2045.07,25.18,9.0392
2046.08,25.3,9.0439
2047.08,25.14,9.0439
2048.08,25.14,9.0439
2049.08,25.26,9.0439
2050.08,25.19,9.0439
2051.08,25.29,9.0439
2052.09,25.27,9.0439
2053.09,25.29,9.0439
2054.09,25.29,9.0439
2055.09,25.2,9.0439
2056.09,25.28,9.0439
2057.09,25.19,9.0439
2058.1,25.17,9.0439
2059.1,25.27,9.0439
2060.1,25.17,9.0439
2061.1,25.28,9.0439
2062.1,25.19,9.0439
2063.1,25.31,9.0439
2064.11,25.22,9.0439
2065.11,25.19,9.0439
2066.11,25.28,9.0439
2067.11,25.17,9.0439
2068.11,25.29,9.0439
2069.11,25.18,9.0439
2070.12,25.16,9.0439
2071.12,25.24,9.0439
2072.12,25.17,9.0439
2073.12,25.3,9.0439
2074.12,25.2,9.0439
2075.12,25.29,9.0439
2076.13,25.21,9.0439
2077.13,25.2,9.0439
2078.13,25.29,9.0439
2079.13,25.21,9.0439
2080.13,25.18,9.0439
2081.13,25.33,9.0439
2082.14,25.28,9.0439
2083.14,25.37,9.044
2084.14,25.19,9.044
2085.14,25.19,9.044
2086.14,25.28,9.044
2087.14,25.21,9.044
2088.14,25.29,9.044
2089.15,25.21,9.044
2090.15,25.18,9.044
2091.15,25.28,9.044
2092.15,25.23,9.044
2093.15,25.21,9.044
2094.15,25.29,9.044
2095.16,25.19,9.044
2096.16,25.31,9.044
2097.16,25.2,9.044
2098.16,25.18,9.044
2099.16,25.28,9.044
2100.16,25.18,9.044
2101.16,25.4,9.044
2102.17,25.19,9.044
2103.17,25.22,9.044
2104.17,25.3,9.044
2105.17,25.14,9.044
2106.17,25.26,9.044
2107.17,25.14,9.044
2108.18,25.17,9.044
2109.18,25.3,9.044
2110.18,25.2,9.044
2111.18,25.33,9.044
2112.18,25.2,9.044
2113.18,25.22,9.044
2114.19,25.29,9.044
2115.19,25.16,9.0441
2116.19,25.3,9.0441
2117.19,25.18,9.0441
2118.19,25.25,9.0441
2119.19,25.18,9.0441
2120.2,25.22,9.0441
2121.2,25.31,9.0441
2122.2,25.2,9.0441
2123.2,25.2,9.0441
2124.2,25.29,9.0441
2125.2,25.14,9.0441
2126.2,25.15,9.0441
2127.2,25.31,9.0441
2128.21,25.18,9.0441
2129.21,25.2,9.0441
2130.21,25.33,9.0442
2131.21,25.18,9.0442
2132.21,25.18,9.0442
2133.21,25.32,9.0442
2134.21,25.18,9.0442
2135.22,25.18,9.0442
2136.22,25.3,9.0442
2137.22,25.33,9.0442
2138.22,25.18,9.0442
2139.22,25.33,9.0442
2140.22,25.23,9.0443
2141.22,25.24,9.0443
2142.23,25.13,9.0443
2143.23,25.17,9.0443
2144.23,25.28,9.0443
2145.23,25.18,9.0443
2146.23,25.28,9.0443
2147.23,25.21,9.0443
2148.24,25.18,9.0443
2149.24,25.31,9.0443
2150.24,25.17,9.0443
2151.24,25.17,9.0443
2152.24,25.25,9.0443
2153.24,25.19,9.0443
2154.24,25.29,9.0443
2155.25,25.18,9.0443
2156.25,25.18,9.0443
2157.25,25.29,9.0443
2158.25,25.18,9.0443
2159.25,25.32,9.0444
2160.25,25.19,9.0444
2161.26,25.19,9.0444
2162.26,25.73,9.0444
2163.26,25.23,9.0444
2164.26,25.19,9.0444
2165.26,25.29,9.0444
2166.26,25.18,9.0444
2167.26,25.32,9.0444
2168.27,25.25,9.0444
2169.27,25.2,9.0444
2170.27,25.3,9.0444
2171.27,25.2,9.0444
2172.27,25.2,9.0444
2173.27,25.32,9.0444
2174.27,25.19,9.0444
2175.28,25.29,9.0444
2176.28,25.2,9.0444
2177.28,25.17,9.0444
2178.28,25.4,9.0444
2179.28,25.19,9.0444
2180.28,25.29,9.0444
2181.29,25.18,9.0444
2182.29,25.19,9.0444
2183.29,25.32,9.0444
2184.29,25.18,9.0444
2185.29,25.28,9.0444
2186.29,25.18,9.0444
2187.3,25.34,9.0444
2188.3,25.13,9.0444
2189.3,25.18,9.0444
2190.3,25.28,9.0444
2191.3,25.18,9.0444
2192.3,25.29,9.0444
2193.31,25.22,9.0444
2194.31,25.21,9.0444
2195.31,25.18,9.0444
2196.31,25.27,9.0444
2197.31,25.22,9.0444
2198.31,25.16,9.0444
2199.31,25.27,9.0444
2200.32,25.18,9.0444
2201.32,25.28,9.0444
2202.32,25.19,9.0444
2203.32,25.3,9.0444
2204.32,25.18,9.0444
2205.32,25.17,9.0444
2206.33,25.28,9.0444
2207.33,25.24,9.0444
2208.33,25.29,9.0444
2209.33,25.18,9.0444
2210.33,25.16,9.0444
2211.33,25.26,9.0444
2212.34,25.19,9.0444
2213.34,25.31,9.0444
2214.34,25.18,9.0444
2215.34,25.18,9.0444
2216.34,25.27,9.0444
2217.34,25.21,9.0444
2218.35,25.22,9.0444
2219.35,25.13,9.0444
2220.35,25.15,9.0444
2221.35,25.25,9.0444
2222.35,25.17,9.0444
2223.35,25.31,9.0444
2224.35,25.19,9.0444
2225.36,25.19,9.0444
2226.36,25.29,9.0444
2227.36,25.25,9.0446
2228.36,25.31,9.0445
2229.36,25.2,9.0445
2230.36,25.19,9.0445
2231.36,25.31,9.0445
2232.37,25.19,9.0445
2233.37,25.21,9.0445
2234.37,25.3,9.0445
2235.37,25.19,9.0444
2236.37,25.18,9.0444
2237.37,25.33,9.0446
2238.38,25.19,9.0446
2239.38,25.29,9.0446
2240.38,25.18,9.0446
2241.38,25.18,9.0446
2242.38,25.24,9.0446
2243.38,25.32,9.0446
2244.38,25.23,9.0446
2245.39,25.17,9.0446
2246.39,25.22,9.0447
2247.39,25.3,9.0447
2248.39,25.18,9.0447
2249.39,25.28,9.0447
2250.39,25.18,9.0447
2251.4,25.23,9.0447
2252.4,25.18,9.0447
2253.4,25.23,9.0447
2254.4,25.28,9.0447
2255.4,25.15,9.0447
2256.4,25.24,9.0447
2257.41,25.28,9.0447
2258.41,25.18,9.0447
2259.41,25.25,9.0447
2260.41,25.13,9.0447
2261.41,25.13,9.0447
2262.41,25.37,9.0447
2263.42,25.62,9.0447
2264.42,25.22,9.0447
2265.42,25.18,9.0447
2266.42,25.12,9.0447
2267.42,25.23,9.0447
2268.42,25.14,9.0447
2269.43,25.28,9.0447
2270.43,25.18,9.0447
2271.43,25.14,9.0447
2272.43,25.23,9.0447
2273.43,25.21,9.0447
2274.43,25.33,9.0447
2275.43,25.17,9.0447
2276.44,25.28,9.0447
2277.44,25.21,9.0447
2278.44,25.18,9.0447
2279.44,25.27,9.0447
2280.44,25.19,9.0447
2281.44,25.18,9.0447
2282.45,25.29,9.0447
2283.45,25.25,9.0448
2284.45,25.28,9.0448
2285.45,25.18,9.0448
2286.45,25.15,9.0448
2287.45,25.23,9.0448
2288.46,25.12,9.0448
2289.46,25.23,9.0448
2290.46,25.12,9.0448
2291.46,25.18,9.0448
2292.46,25.33,9.045
2293.46,25.21,9.045
2294.46,25.29,9.045
2295.47,25.18,9.045
2296.47,25.18,9.045
2297.47,25.29,9.045
2298.47,25.15,9.045
2299.47,25.22,9.045
2300.47,25.15,9.045
2301.48,25.17,9.045
2302.48,25.31,9.045
2303.48,25.2,9.045
2304.48,25.29,9.045
2305.48,25.17,9.045
2306.48,25.2,9.045
2307.48,25.29,9.0452
2308.49,25.18,9.0452
2309.49,25.17,9.0452
2310.49,25.27,9.0452
2311.49,25.17,9.0452
2312.49,25.23,9.0452
2313.49,25.14,9.0452
2314.5,25.11,9.0452
2315.5,25.22,9.0452
2316.5,25.12,9.0452
2317.5,25.23,9.0452
2318.5,25.16,9.0452
2319.5,25.31,9.0452
2320.51,25.19,9.0452
2321.51,25.22,9.0452
2322.51,25.29,9.0452
2323.51,25.25,9.0452
2324.51,25.28,9.0453
2325.51,25.18,9.0453
2326.52,25.17,9.0453
2327.52,25.24,9.0454
2328.52,25.13,9.0454
2329.52,25.22,9.0454
2330.52,25.19,9.0464
2331.52,25.26,9.0464
2332.53,25.18,9.0464
2333.53,25.21,9.0464
2334.53,25.28,9.0464
2335.53,25.18,9.0464
2336.53,25.28,9.0464
2337.53,25.19,9.0464
2338.54,25.18,9.0464
2339.54,25.37,9.0465
2340.54,25.19,9.0465
2341.54,25.3,9.0465
2342.54,25.2,9.0466
2343.54,25.22,9.0466
2344.55,25.28,9.0466
2345.55,25.19,9.0466
2346.55,25.29,9.0466
2347.55,25.2,9.0466
2348.55,25.35,9.0478
2349.55,25.28,9.0478
2350.55,25.2,9.0478
2351.56,25.18,9.0478
2352.56,25.39,9.0478
2353.56,25.18,9.0478
2354.56,25.18,9.0479
2355.56,25.28,9.0479
2356.56,25.17,9.0479
2357.56,25.23,9.048
2358.57,25.28,9.048
2359.57,25.19,9.048
2360.57,25.2,9.0481
2361.57,25.28,9.0481
2362.57,25.21,9.0481
2363.57,25.27,9.0481
2364.57,25.12,9.0481
2365.58,25.24,9.0481
2366.58,25.22,9.0491
2367.58,25.18,9.0491
2368.58,25.28,9.0491
2369.58,25.18,9.0491
2370.58,25.29,9.0491
2371.59,25.18,9.0491
2372.59,25.22,9.0491
2373.59,25.28,9.0491
2374.59,25.19,9.0491
2375.59,25.29,9.0491
2376.59,25.22,9.0491
2377.6,25.2,9.0492
2378.6,25.32,9.0492
2379.6,25.19,9.0492
2380.6,25.3,9.0492
2381.6,25.17,9.0492
2382.6,25.22,9.0492
2383.61,25.22,9.0492
2384.61,25.11,9.0492
2385.61,25.28,9.0502
2386.61,25.18,9.0502
2387.61,25.19,9.0502
2388.61,25.28,9.0502
2389.62,25.18,9.0502
2390.62,25.29,9.0502
2391.62,25.18,9.0502
2392.62,25.24,9.0502
2393.62,25.29,9.0502
2394.62,25.19,9.0502
2395.62,25.23,9.0503
2396.63,25.28,9.0503
2397.63,25.19,9.0503
2398.63,25.29,9.0503
2399.63,25.19,9.0503
2400.63,25.29,9.0503
2401.63,25.21,9.0503
2402.64,25.22,9.0503
2403.64,25.29,9.0503
2404.64,25.21,9.0509
2405.64,25.18,9.0509
2406.64,25.28,9.0509
2407.64,25.19,9.0509
2408.65,25.3,9.0509
2409.65,25.19,9.0509
2410.65,25.29,9.0509
2411.65,25.19,9.0509
2412.65,25.38,9.0509
2413.65,25.4,9.0512
2414.66,25.18,9.0512
2415.66,25.27,9.0512
2416.66,31.96,9.0513
2417.66,51.47,9.0513
2418.66,25.24,9.0513
2419.66,25.13,9.0513
2420.67,25.21,9.0513
2421.67,25.11,9.0513
2422.67,25.22,9.0513
2423.67,25.25,9.0513
2424.67,25.16,9.0513
2425.67,25.34,9.0513
2426.67,25.16,9.0513
2427.68,25.25,9.0513
2428.68,25.17,9.0513
2429.68,25.17,9.0513
2430.68,25.27,9.0513
2431.68,25.17,9.0513
2432.68,25.3,9.0514
2433.69,25.18,9.0514
2434.69,25.84,9.0514
2435.69,25.27,9.0514
2436.69,25.18,9.0514
2437.69,25.29,9.0514
2438.69,25.55,9.0514
2439.7,25.18,9.0514
2440.7,25.31,9.0514
2441.7,25.14,9.0514
2442.7,25.3,9.0514
2443.7,25.23,9.0514
2444.7,31.37,9.0514
2445.71,25.38,9.0514
2446.71,28.16,9.0514
2447.71,25.37,9.0514
2448.71,25.18,9.0514
2449.71,25.18,9.0514
2450.71,25.27,9.0514
2451.72,25.17,9.0514
2452.72,25.32,9.0514
2453.72,25.18,9.0514
2454.72,25.28,9.0514
2455.72,25.18,9.0514
2456.72,25.18,9.0514
2457.73,25.29,9.0516
2458.73,25.18,9.0516
2459.73,25.28,9.0516
2460.73,25.12,9.0516
2461.73,25.18,9.0516
2462.73,25.28,9.0516
2463.73,25.13,9.0516
2464.74,25.15,9.0516
2465.74,25.28,9.0516
2466.74,25.18,9.0516
2467.74,25.28,9.0516
2468.74,25.21,9.0516
2469.74,25.27,9.0516
2470.75,25.17,9.0516
2471.75,25.17,9.0516
2472.75,25.31,9.0516
2473.75,25.17,9.0516
2474.75,25.27,9.0515
2475.75,25.17,9.0515
2476.76,25.17,9.0517
2477.76,26.32,9.0518
2478.76,25.17,9.0518
2479.76,25.17,9.0518
2480.76,25.27,9.0518
2481.76,25.17,9.0518
2482.76,25.34,9.0518
2483.77,25.12,9.0518
2484.77,25.16,9.0518
2485.77,25.27,9.0518
2486.77,25.17,9.0518
2487.77,25.28,9.0518
2488.77,25.17,9.0518
2489.78,25.17,9.0518
2490.78,25.27,9.0518
2491.78,25.17,9.0518
2492.78,25.31,9.0518
2493.78,25.17,9.0518
2494.78,25.17,9.0518
2495.79,25.27,9.0518
2496.79,25.17,9.0518
2497.79,25.28,9.0518
2498.79,25.2,9.0518
2499.79,25.17,9.0518
2500.79,25.27,9.0518
2501.8,25.17,9.0518
2502.8,25.77,9.0519
2503.8,25.13,9.0519
2504.8,25.16,9.0519
2505.8,25.27,9.0519
2506.8,25.17,9.0519
2507.8,25.28,9.0519
2508.81,25.17,9.0519
2509.81,25.17,9.0519
2510.81,25.29,9.0519
2511.81,25.17,9.0519
2512.81,25.21,9.0519
2513.81,25.29,9.0519
2514.81,25.18,9.0519
2515.82,25.16,9.0519
2516.82,25.29,9.0519
2517.82,25.17,9.0519
2518.82,25.12,9.0519
2519.82,25.25,9.0519
2520.82,25.17,9.0519
2521.82,25.17,9.0519
2522.83,25.3,9.052
2523.83,25.18,9.052
2524.83,25.27,9.052
2525.83,25.1,9.052
2526.83,25.15,9.052
2527.83,25.27,9.052
2528.83,25.17,9.0522
2529.84,25.13,9.0522
2530.84,25.21,9.0522
2531.84,25.18,9.0522
2532.84,25.29,9.0522
2533.84,25.17,9.0522
2534.84,25.13,9.0522
2535.85,25.22,9.0522
2536.85,25.17,9.0522
2537.85,25.28,9.0522
2538.85,25.55,9.0542
2539.85,25.11,9.0542
2540.85,25.26,9.0542
2541.85,25.18,9.0542
2542.86,25.21,9.0542
2543.86,25.26,9.0542
2544.86,25.17,9.0542
2545.86,25.27,9.0542
2546.86,25.18,9.0542
2547.86,25.18,9.0542
2548.87,25.27,9.0542
2549.87,25.17,9.0542
2550.87,25.17,9.0542
2551.87,25.28,9.0542
2552.87,25.58,9.0544
2553.87,25.28,9.0544
2554.87,25.17,9.0544
2555.88,25.17,9.0544
2556.88,25.28,9.0544
2557.88,25.17,9.0544
2558.88,25.28,9.0544
2559.88,25.17,9.0544
2560.88,25.17,9.0544
2561.89,25.29,9.0544
2562.89,25.47,9.0545
2563.89,25.17,9.0545
2564.89,25.27,9.0545
2565.89,25.17,9.0545
2566.89,25.28,9.0545
2567.89,25.18,9.0545
2568.9,25.16,9.0545
2569.9,25.27,9.0545
2570.9,25.17,9.0545
2571.9,25.28,9.0545
2572.9,25.21,9.0545
2573.9,25.15,9.0545
2574.9,25.26,9.0545
2575.91,25.17,9.0545
2576.91,25.18,9.0545
2577.91,25.27,9.0545
2578.91,25.17,9.0545
2579.91,25.27,9.0545
2580.91,25.17,9.0545
2581.92,25.18,9.0546
2582.92,25.29,9.0546
2583.92,25.17,9.0546
2584.92,25.17,9.0546
2585.92,25.25,9.0546
2586.92,25.13,9.0546
2587.93,25.22,9.0546
2588.93,25.13,9.0546
2589.93,25.12,9.0546
2590.93,25.22,9.0546
2591.93,25.13,9.0546
2592.93,25.29,9.0546
2593.93,25.17,9.0546
2594.94,25.14,9.0547
2595.94,25.22,9.0546
2596.94,25.13,9.0546
2597.94,25.23,9.0546
2598.94,25.11,9.0546
2599.94,25.12,9.0546
2600.95,25.26,9.0546
2601.95,25.18,9.0548
2602.95,25.19,9.0548
2603.95,25.27,9.0548
2604.95,25.16,9.0548
2605.95,25.27,9.0548
2606.95,25.18,9.0548
2607.96,25.17,9.0548
2608.96,25.26,9.0548
2609.96,25.17,9.0548
2610.96,25.27,9.0548
2611.96,25.16,9.0548
2612.96,25.13,9.0548
2613.96,25.21,9.0548
2614.97,25.11,9.0548
2615.97,25.12,9.0548
2616.97,25.22,9.0548
2617.97,25.12,9.0548
2618.97,25.31,9.0548
2619.97,25.17,9.0548
2620.98,25.15,9.0548
2621.98,25.26,9.0548
2622.98,25.14,9.0548
2623.98,25.22,9.0548
2624.98,25.12,9.0548
2625.98,25.12,9.0548
2626.99,25.23,9.0549
2627.99,25.12,9.0549
2628.99,25.23,9.0549
2629.99,25.16,9.0549
2630.99,25.16,9.0549
2631.99,25.28,9.0549
2633.0,25.19,9.0549
2634.0,25.27,9.0549
2635.0,25.17,9.0549
2636.0,25.17,9.0549
2637.0,25.27,9.0549
2638.0,25.16,9.0549
2639.0,25.27,9.0549
2640.01,25.16,9.0549
2641.01,25.17,9.0549
2642.01,25.28,9.0549
2643.01,25.19,9.0549
2644.01,25.28,9.0549
2645.01,25.17,9.0549
2646.02,25.17,9.0549
2647.02,25.89,9.055
2648.02,25.16,9.055
2649.02,25.15,9.055
2650.02,25.27,9.055
2651.02,25.18,9.055
2652.02,25.19,9.055
2653.03,25.29,9.055
2654.03,25.17,9.055
2655.03,25.27,9.055
2656.03,25.17,9.055
2657.03,25.18,9.055
2658.03,25.28,9.055
2659.03,25.18,9.055
2660.04,25.27,9.055
2661.04,25.17,9.055
2662.04,25.18,9.055
2663.04,25.29,9.055
2664.04,25.17,9.055
2665.04,25.27,9.055
2666.05,25.17,9.055
2667.05,25.18,9.0551
2668.05,25.36,9.0551
2669.05,25.18,9.0551
2670.05,25.27,9.0551
2671.05,25.17,9.0551
2672.05,25.2,9.0551
2673.06,25.29,9.0551
2674.06,25.16,9.0551
2675.06,25.17,9.0551
2676.06,25.27,9.0551
2677.06,25.18,9.0551
2678.06,25.27,9.0551
2679.07,25.18,9.0551
2680.07,25.17,9.0551
2681.07,25.28,9.0551
2682.07,25.18,9.0551
2683.07,25.29,9.0551
2684.07,25.17,9.0551
2685.08,25.17,9.0551
2686.08,25.26,9.0551
2687.08,25.18,9.0551
2688.08,25.27,9.0551
2689.08,25.17,9.0551
2690.08,25.17,9.0551
2691.09,25.27,9.0551
2692.09,25.18,9.0553
2693.09,25.29,9.0553
2694.09,25.16,9.0553
2695.09,25.17,9.0553
2696.09,25.27,9.0553
2697.09,25.18,9.0553
2698.1,25.26,9.0553
2699.1,25.88,9.0554
2700.1,25.17,9.0554
2701.1,25.27,9.0554
2702.1,25.15,9.0554
2703.1,25.14,9.0554
2704.11,25.22,9.0554
2705.11,25.12,9.0554
2706.11,25.22,9.0554
2707.11,25.16,9.0554
2708.11,25.17,9.0554
2709.11,25.29,9.0554
2710.11,25.17,9.0554
2711.12,25.17,9.0554
2712.12,25.28,9.0555
2713.12,25.19,9.0555
2714.12,25.27,9.0555
2715.12,25.14,9.0555
2716.12,25.11,9.0555
2717.13,25.22,9.0555
2718.13,25.11,9.0555
2719.13,25.21,9.0555
2720.13,25.13,9.0555
2721.13,25.16,9.0555
2722.13,25.27,9.0555
2723.13,25.15,9.0555
2724.14,25.21,9.0555
2725.14,25.11,9.0555
2726.14,25.14,9.0555
2727.14,25.28,9.0555
2728.14,25.17,9.0555
2729.14,25.17,9.0555
2730.15,25.27,9.0555
2731.15,25.17,9.0555
2732.15,25.2,9.0556
2733.15,25.29,9.0556
2734.15,25.17,9.0556
2735.15,25.19,9.0556
2736.15,25.27,9.0556
2737.16,25.18,9.0556
2738.16,25.23,9.0556
2739.16,25.17,9.0556
2740.16,25.17,9.0556
2741.16,25.28,9.0556
2742.16,25.15,9.0556
2743.16,25.16,9.0556
2744.17,25.27,9.0556
2745.17,25.19,9.0556
2746.17,25.17,9.0556
2747.17,25.28,9.0556
2748.17,25.17,9.0556
2749.17,25.17,9.0556
2750.17,25.27,9.0556
2751.18,25.17,9.0556
2752.18,25.28,9.0556
2753.18,25.21,9.0556
2754.18,25.18,9.0556
2755.18,25.13,9.0556
2756.18,25.28,9.0556
2757.18,25.17,9.0557
2758.18,25.13,9.0557
2759.18,25.24,9.0557
2760.19,25.17,9.0557
2761.19,25.17,9.0557
2762.19,25.29,9.0557
2763.19,25.19,9.0557
2764.19,25.16,9.0557
2765.19,25.27,9.0557
2766.19,25.16,9.0557
2767.2,25.13,9.0557
2768.2,25.22,9.0557
2769.2,25.13,9.0557
2770.2,25.22,9.0557
2771.2,25.12,9.0557
2772.2,25.13,9.0557
2773.2,25.26,9.0557
2774.21,25.11,9.0557
2775.21,25.12,9.0557
2776.21,25.23,9.0557
2777.21,25.12,9.0559
2778.21,25.12,9.0559
2779.21,25.23,9.0559
2780.21,25.12,9.0559
2781.22,25.12,9.0559
2782.22,25.24,9.0559
2783.22,25.14,9.0559
2784.22,25.12,9.0559
2785.22,25.23,9.0559
2786.22,25.13,9.0559
2787.22,25.13,9.0559
2788.22,25.12,9.0559
2789.23,25.21,9.0559
2790.23,25.16,9.0559
2791.23,25.27,9.0559
2792.23,25.17,9.0559
2793.23,25.16,9.0559
2794.23,25.29,9.0559
2795.23,25.19,9.0559
2796.23,25.17,9.0559
2797.24,25.2,9.0559
2798.24,25.29,9.0559
2799.24,25.18,9.056
2800.24,25.13,9.056
2801.24,25.22,9.056
2802.24,25.13,9.056
2803.24,25.14,9.056
2804.25,25.24,9.056
2805.25,25.2,9.056
2806.25,25.23,9.056
2807.25,25.18,9.056
2808.25,25.17,9.056
2809.25,25.3,9.056
2810.25,25.17,9.056
2811.26,25.17,9.056
2812.26,25.29,9.056
2813.26,25.19,9.056
2814.26,25.14,9.056
2815.26,25.22,9.056
2816.26,25.15,9.056
2817.26,25.25,9.0561
2818.27,25.17,9.0561
2819.27,25.17,9.0561
2820.27,25.29,9.0561
2821.27,25.17,9.0561
2822.27,25.13,9.0561
2823.27,25.25,9.0561
2824.27,25.12,9.0561
2825.28,25.11,9.0561
2826.28,25.22,9.0561
2827.28,25.16,9.0561
2828.28,25.17,9.0561
2829.28,25.32,9.0561
2830.28,25.17,9.0561
2831.28,25.28,9.0561
2832.29,25.18,9.0561
2833.29,25.15,9.0561
2834.29,25.25,9.0561
2835.29,25.13,9.056
2836.29,25.16,9.056
2837.29,25.28,9.056
2838.3,25.17,9.056
2839.3,25.27,9.0561
2840.3,25.17,9.0561
2841.3,25.18,9.0561
2842.3,25.23,9.0561
2843.3,25.14,9.0561
2844.3,25.22,9.0561
2845.31,25.13,9.0561
2846.31,25.14,9.0561
2847.31,25.27,9.0561
2848.31,25.18,9.0561
2849.31,25.17,9.0561
2850.31,25.27,9.0561
2851.32,25.17,9.0561
2852.32,25.28,9.0561
2853.32,25.19,9.0561
2854.32,25.17,9.0561
2855.32,25.26,9.0561
2856.32,25.17,9.0561
2857.32,25.28,9.0561
2858.33,25.17,9.0562
2859.33,25.19,9.0562
2860.33,25.27,9.0562
2861.33,25.17,9.0563
2862.33,25.17,9.0563
2863.33,25.29,9.0563
2864.34,25.17,9.0563
2865.34,25.27,9.0563
2866.34,25.16,9.0563
2867.34,25.18,9.0563
2868.34,25.27,9.0563
2869.34,25.17,9.0563
2870.34,25.17,9.0563
2871.35,25.28,9.0563
2872.35,25.2,9.0563
2873.35,25.19,9.0563
2874.35,25.27,9.0563
2875.35,25.17,9.0563
2876.35,25.27,9.0563
2877.35,25.16,9.0563
2878.36,25.12,9.0563
2879.36,25.26,9.0563
2880.36,25.17,9.0565
2881.36,25.26,9.0565
2882.36,25.18,9.0565
2883.36,25.19,9.0565
2884.37,25.26,9.0565
2885.37,25.17,9.0565
2886.37,25.17,9.0565
2887.37,25.27,9.0565
2888.37,25.17,9.0565
2889.37,25.28,9.0565
2890.37,25.17,9.0565
2891.38,25.16,9.0565
2892.38,25.27,9.0565
2893.38,25.18,9.0565
2894.38,25.27,9.0565
2895.38,25.16,9.0565
2896.38,25.17,9.0565
2897.39,25.27,9.0565
2898.39,25.16,9.0565
2899.39,25.17,9.0565
2900.39,25.27,9.0565
2901.39,25.17,9.0565
2902.39,25.28,9.0566
2903.39,25.17,9.0566
2904.4,25.16,9.0566
2905.4,25.27,9.0566
2906.4,25.18,9.0566
2907.4,25.18,9.0566
2908.4,25.27,9.0566
2909.4,25.17,9.0566
2910.4,25.27,9.0566
2911.41,25.17,9.0566
2912.41,25.18,9.0566
2913.41,25.23,9.0566
2914.41,25.16,9.0566
2915.41,25.27,9.0566
2916.41,25.17,9.0566
2917.42,25.18,9.0566
2918.42,25.22,9.0566
2919.42,25.12,9.0566
2920.42,25.13,9.0566
2921.42,25.22,9.0566
2922.42,26.0,9.0567
2923.42,25.23,9.0567
2924.43,25.16,9.0567
2925.43,82.04,2.418
2926.43,91.2,2.6112
2927.43,82.39,2.8675
2928.43,78.71,3.1117
2929.43,80.24,3.3616
2930.43,77.54,3.6427
2931.44,79.3,3.9672
2932.44,56.88,4.4478
2933.44,39.71,4.9715
2934.44,28.57,5.5358
2935.44,25.35,6.1198
2936.44,26.83,6.7148
2937.45,33.24,7.2754
2938.45,28.72,7.3264
2939.45,25.35,7.3264
2940.45,25.87,7.3264
2941.45,25.21,7.3264
2942.45,25.77,7.3266
2943.46,25.21,7.3266
2944.46,25.28,7.3266
2945.46,28.57,7.399
2946.46,26.78,7.4765
2947.46,25.28,7.4767
2948.46,25.17,7.4767
2949.46,25.42,7.4767
2950.47,25.15,7.4767
2951.47,30.02,7.4767
2952.47,25.25,7.4768
2953.47,30.16,7.4768
2954.47,26.62,7.4768
2955.47,25.12,7.4767
2956.48,25.23,7.4767
2957.48,25.13,7.4768
2958.48,25.13,7.4768
2959.48,25.28,7.4768
2960.48,29.99,7.477
2961.48,25.33,7.477
2962.49,25.17,7.477
2963.49,25.17,7.477
2964.49,25.23,7.477
2965.49,25.13,7.477
2966.49,27.2,7.477
2967.49,27.13,7.4771
2968.5,25.19,7.4771
2969.5,25.28,7.4771
2970.5,25.18,7.4771
2971.5,25.28,7.4771
2972.5,25.31,7.4771
2973.5,29.95,7.5776
2974.51,25.26,7.5776
2975.51,25.18,7.5776
2976.51,25.3,7.5776
2977.51,25.2,7.5776
2978.51,25.19,7.5776
2979.51,25.36,7.5776
2980.51,25.18,7.5776
2981.52,25.18,7.8717
2982.52,25.32,8.3712
2983.52,34.75,8.9181
2984.52,25.21,8.9181
2985.52,25.13,8.9181
2986.52,25.15,8.9181
2987.53,25.28,8.9181
2988.53,25.64,8.9181
2989.53,27.14,8.9182
2990.53,25.12,8.9182
2991.53,25.24,8.9182
2992.53,25.18,8.9182
2993.54,25.21,8.9184
2994.54,25.24,8.9184
2995.54,25.15,8.9184
2996.54,25.19,8.9184
2997.54,25.35,8.9184
2998.54,28.21,8.9184
2999.54,27.89,8.9184
3000.55,25.27,8.9184
3001.55,25.16,8.9184
3002.55,25.28,8.9184
3003.55,25.23,8.9184
3004.55,25.13,8.9184
3005.55,25.22,8.9184
3006.56,25.14,8.9184
3007.56,25.3,8.9184
3008.56,25.19,8.9184
3009.56,25.18,8.9184
3010.56,25.31,8.9184
3011.56,25.29,8.9188
3012.56,25.26,8.9188
3013.57,25.27,8.9188
3014.57,25.19,8.9188
3015.57,25.29,8.9188
3016.57,25.19,8.9188
3017.57,25.2,8.9188
3018.57,25.32,8.9188
3019.57,25.22,8.9188
3020.58,25.2,8.9189
3021.58,25.28,8.9189
3022.58,25.25,8.9189
3023.58,25.19,8.9189
3024.58,25.31,8.9188
3025.58,25.17,8.9188
3026.58,25.18,8.9188
3027.59,25.27,8.9189
3028.59,25.17,8.9189
3029.59,25.29,8.9191
3030.59,25.17,8.9191
3031.59,25.17,8.9191
3032.59,25.31,8.9191
3033.6,25.19,8.9191
3034.6,25.28,8.9191
3035.6,25.18,8.9191
3036.6,25.18,8.9191
3037.6,25.29,8.9191
3038.6,25.23,8.9191
3039.61,25.28,8.9191
3040.61,25.17,8.9191
3041.61,25.26,8.9191
3042.61,25.21,8.9191
3043.61,25.18,8.9191
3044.61,25.31,8.9191
3045.61,25.18,8.9191
3046.62,25.19,8.9191
3047.62,25.32,8.9192
3048.62,25.23,8.9193
3049.62,25.28,8.9193
3050.62,25.18,8.9193
3051.62,25.18,8.9193
3052.63,25.31,8.9193
3053.63,25.13,8.9193
3054.63,25.24,8.9193
3055.63,25.13,8.9193
3056.63,25.15,8.9193
3057.63,25.34,8.9193
3058.64,25.19,8.9193
3059.64,25.28,8.9193
3060.64,25.2,8.9194
3061.64,25.18,8.9194
3062.64,25.32,8.9194
3063.64,25.18,8.9194
3064.64,25.28,8.9194
3065.65,25.19,8.9194
3066.65,25.28,8.9194
3067.65,25.25,8.9194
3068.65,25.14,8.9194
3069.65,25.23,8.9194
3070.65,25.13,8.9194
3071.66,25.23,8.9194
3072.66,25.17,8.9194
3073.66,25.13,8.9194
3074.66,25.23,8.9195
3075.66,25.25,8.9195
3076.66,25.29,8.9195
3077.67,25.2,8.9195
3078.67,25.19,8.9195
3079.67,25.29,8.9195
3080.67,25.18,8.9195
3081.67,25.28,8.9195
3082.67,25.22,8.9195
3083.68,25.28,8.9195
3084.68,25.22,8.9196
3085.68,25.18,8.9196
3086.68,25.32,8.9196
3087.68,25.2,8.9198
3088.68,25.19,8.9198
3089.69,25.29,8.9198
3090.69,25.19,8.9198
3091.69,25.29,8.9198
3092.69,25.22,8.9198
3093.69,25.19,8.9198
3094.69,25.32,8.9198
3095.7,25.12,8.9199
3096.7,25.23,8.9199
3097.7,25.18,8.9199
3098.7,25.2,8.9199
3099.7,25.29,8.9199
3100.7,25.18,8.9199
3101.71,25.28,8.9199
3102.71,25.21,8.9199
3103.71,25.33,8.92
3104.71,25.18,8.92
3105.71,25.18,8.92
3106.71,25.28,8.92
3107.71,25.19,8.9201
3108.72,25.17,8.9201
3109.72,25.26,8.9201
3110.72,25.14,8.9201
3111.72,25.29,8.9201
3112.72,25.26,8.9201
3113.72,25.18,8.9201
3114.72,25.31,8.9201
3115.73,25.19,8.9201
3116.73,25.19,8.9201
3117.73,25.29,8.9201
3118.73,25.18,8.9201
3119.73,39.26,8.9217
3120.73,29.69,8.9201
3121.74,26.53,8.9201
3122.74,25.31,8.9201
3123.74,25.18,8.9201
3124.74,25.18,8.9201
3125.74,25.33,8.9207
3126.74,25.11,8.9207
3127.74,25.27,8.9207
3128.75,25.97,8.9207
3129.75,27.09,8.9207
3130.75,25.27,8.9207
3131.75,25.2,8.9207
3132.75,25.3,8.9208
3133.75,25.18,8.9208
3134.76,25.25,8.9208
3135.76,25.15,8.9208
3136.76,25.13,8.9208
3137.76,25.23,8.9208
3138.76,25.13,8.9208
3139.76,25.22,8.9208
3140.77,25.11,8.9208
3141.77,25.12,8.9208
3142.77,25.33,8.9208
3143.77,25.17,8.9208
3144.77,25.28,8.9208
3145.77,25.17,8.9208
3146.77,25.2,8.9208
3147.78,25.28,8.9208
3148.78,25.83,8.9208
3149.78,25.16,8.9208
3150.78,25.28,8.9208
3151.78,25.18,8.9208
3152.78,25.19,8.9208
3153.79,25.27,8.9208
3154.79,25.16,8.9208
3155.79,25.31,8.9208
3156.79,25.17,8.9208
3157.79,25.17,8.9209
3158.79,25.28,8.9209
3159.8,25.17,8.9209
3160.8,25.28,8.9209
3161.8,25.17,8.9209
3162.8,25.21,8.9209
3163.8,25.3,8.9209
3164.8,25.18,8.9209
3165.8,25.17,8.9209
3166.8,25.29,8.9209
3167.81,25.18,8.9209
3168.81,25.17,8.9209
3169.81,25.28,8.9209
3170.81,25.18,8.9209
3171.81,25.17,8.9209
3172.81,25.29,8.9209
3173.81,25.17,8.9209
3174.82,25.13,8.9209
3175.82,25.21,8.9209
3176.82,25.12,8.9209
3177.82,25.22,8.9211
3178.82,25.15,8.9211
3179.82,25.17,8.9211
3180.83,25.27,8.9211
3181.83,25.17,8.9211
3182.83,25.3,8.9211
3183.83,25.16,8.9211
3184.83,25.15,8.9211
3185.83,25.24,8.9211
3186.83,25.17,8.9211
3187.84,25.19,8.9211
3188.84,25.28,8.9211
3189.84,25.17,8.9211
3190.84,25.29,8.9211
3191.84,25.18,8.9211
3192.84,25.64,8.9211
3193.84,25.24,8.9211
3194.85,25.11,8.9212
3195.85,25.18,8.9211
3196.85,25.3,8.9211
3197.85,25.17,8.9211
3198.85,25.18,8.9211
3199.85,25.26,8.9211
3200.85,25.18,8.9211
3201.86,25.19,8.9211
3202.86,25.4,8.9211
3203.86,25.17,8.9211
3204.86,25.27,8.9211
3205.86,25.19,8.9211
3206.86,25.18,8.9211
3207.86,25.27,8.9211
3208.87,25.17,8.9211
3209.87,25.17,8.9211
3210.87,25.27,8.9211
3211.87,25.18,8.9213
3212.87,25.28,8.9213
3213.87,25.13,8.9213
3214.88,25.12,8.9213
3215.88,25.26,8.9213
3216.88,25.16,8.9213
3217.88,25.15,8.9213
3218.88,25.28,8.9213
3219.88,25.18,8.9213
3220.88,25.13,8.9213
3221.89,25.23,8.9213
3222.89,25.14,8.9213
3223.89,25.22,8.9213
3224.89,25.12,8.9213
3225.89,25.12,8.9213
3226.89,25.23,8.9213
3227.89,25.13,8.9213
3228.9,25.22,8.9213
3229.9,25.16,8.9213
3230.9,25.19,8.9213
3231.9,25.29,8.9213
3232.9,25.59,8.9214
3233.9,25.17,8.9214
3234.91,25.26,8.9214
3235.91,25.17,8.9214
3236.91,25.28,8.9215
3237.91,25.18,8.9215
3238.91,25.17,8.9215
3239.91,25.27,8.9215
3240.92,25.17,8.9215
3241.92,25.28,8.9215
3242.92,25.19,8.9215
3243.92,25.16,8.9215
3244.92,25.21,8.9215
3245.92,25.11,8.9215
3246.92,25.15,8.9215
3247.93,25.27,8.9215
3248.93,25.18,8.9215
3249.93,25.27,8.9215
3250.93,25.17,8.9215
3251.93,25.18,8.9215
3252.93,25.29,8.9215
3253.94,25.16,8.9215
3254.94,25.25,8.9215
3255.94,25.17,8.9215
3256.94,25.18,8.9216
3257.94,25.27,8.9216
3258.94,25.17,8.9216
3259.94,25.17,8.9216
3260.95,25.27,8.9216
3261.95,25.17,8.9216
3262.95,25.29,8.9216
3263.95,25.17,8.9216
3264.95,25.16,8.9216
3265.95,25.23,8.9216
3266.96,25.18,8.9216
3267.96,25.27,8.9216
3268.96,25.17,8.9216
3269.96,25.17,8.9216
3270.96,25.28,8.9216
3271.96,25.18,8.9216
3272.96,25.19,8.9216
3273.97,25.27,8.9216
3274.97,25.17,8.9216
3275.97,25.27,8.9216
3276.97,25.21,8.9217
3277.97,25.18,8.9217
3278.97,25.17,8.9217
3279.97,25.26,8.9217
3280.98,25.17,8.9217
3281.98,25.29,8.9217
3282.98,25.19,8.9217
3283.98,25.17,8.9217
3284.98,25.29,8.9217
3285.98,25.18,8.9217
3286.98,25.18,8.9217
3287.98,25.26,8.9217
3288.99,25.17,8.9217
3289.99,25.18,8.9217
3290.99,25.27,8.9217
3291.99,25.18,8.9217
3292.99,25.2,8.9217
3293.99,25.27,8.9217
3294.99,25.17,8.9217
3296.0,25.28,8.9217
3297.0,25.18,8.9217
3298.0,25.15,8.9217
3299.0,25.26,8.9217
3300.0,25.17,8.9217
3301.0,25.17,8.9217
3302.01,25.28,8.9219
3303.01,25.2,8.9219
3304.01,25.26,8.9219
3305.01,25.17,8.9219
3306.01,25.16,8.9219
3307.01,25.28,8.9219
3308.02,25.17,8.9219
3309.02,25.27,8.9219
3310.02,25.18,8.9219
3311.02,25.18,8.9219
3312.02,25.29,8.9219
3313.02,25.22,8.9219
3314.02,25.16,8.9219
3315.03,25.27,8.9218
3316.03,25.18,8.9218
3317.03,25.19,8.9219
3318.03,25.28,8.9219
3319.03,25.18,8.9219
3320.03,25.28,8.9219
3321.03,25.18,8.9219
3322.04,25.19,8.9219
3323.04,25.29,8.9219
3324.04,25.16,8.9219
3325.04,25.26,8.9219
3326.04,25.16,8.9219
3327.04,25.18,8.9219
3328.04,25.29,8.9219
3329.05,25.16,8.9219
3330.05,25.17,8.9219
3331.05,25.27,8.9219
3332.05,25.19,8.9219
3333.05,25.19,8.9219
3334.05,25.27,8.9219
3335.06,25.17,8.9219
3336.06,25.26,8.9219
3337.06,25.35,8.9221
3338.06,25.17,8.9221
3339.06,25.3,8.9221
3340.06,25.17,8.9221
3341.06,25.17,8.9221
3342.06,25.29,8.9221
3343.07,25.18,8.9221
3344.07,25.17,8.9221
3345.07,25.27,8.9221
3346.07,25.16,8.9221
3347.07,25.18,8.9221
3348.07,25.26,8.9221
3349.07,25.16,8.9221
3350.08,25.17,8.9221
3351.08,25.26,8.9221
3352.08,25.18,8.9221
3353.08,25.28,8.9221
3354.08,25.14,8.9221
3355.08,25.12,8.9221
3356.08,25.24,8.9221
3357.09,25.14,8.9221
3358.09,25.17,8.9221
3359.09,25.27,8.9221
3360.09,25.16,8.9221
3361.09,25.17,8.9221
3362.09,25.28,8.9221
3363.1,25.19,8.9221
3364.1,25.26,8.9221
3365.1,25.17,8.9221
3366.1,25.17,8.9221
3367.1,25.28,8.9221
3368.1,25.17,8.9221
3369.1,25.27,8.9221
3370.11,25.17,8.9221
3371.11,25.17,8.9221
3372.11,25.28,8.9221
3373.11,25.19,8.9221
3374.11,25.17,8.9221
3375.11,25.27,8.9221
3376.12,25.17,8.9221
3377.12,25.28,8.9221
3378.12,25.17,8.9221
3379.12,25.17,8.9221
3380.12,25.27,8.9221
3381.12,25.18,8.9221
3382.12,25.28,8.9221
3383.13,25.19,8.9221
3384.13,25.12,8.9221
3385.13,25.22,8.9221
3386.13,25.12,8.9221
3387.13,25.13,8.9221
3388.13,25.22,8.9221
3389.14,25.12,8.9221
3390.14,25.21,8.9221
3391.14,25.12,8.9221
3392.14,25.13,8.9221
3393.14,25.28,8.9221
3394.14,25.17,8.9221
3395.14,25.27,8.9221
3396.15,25.17,8.9221
3397.15,25.18,8.9221
3398.15,25.27,8.9221
3399.15,25.18,8.9221
3400.15,25.24,8.9221
3401.15,25.11,8.9221
3402.16,25.14,8.9221
3403.16,25.26,8.9221
3404.16,25.17,8.9221
3405.16,25.16,8.9221
3406.16,25.23,8.9221
3407.16,25.18,8.9221
3408.16,25.18,8.9221
3409.17,25.26,8.9221
3410.17,25.16,8.9221
3411.17,25.27,8.9221
3412.17,25.18,8.9221
3413.17,25.2,8.9221
3414.17,25.27,8.9221
3415.17,25.16,8.9221
3416.18,25.17,8.9221
3417.18,25.27,8.9221
3418.18,25.15,8.9221
3419.18,25.16,8.9221
3420.18,25.27,8.9221
3421.18,25.18,8.9221
3422.18,25.28,8.9221
3423.19,25.34,8.9221
3424.19,25.17,8.9221
3425.19,25.27,8.9221
3426.19,25.17,8.9221
3427.19,25.19,8.9221
3428.19,25.27,8.9221
3429.2,25.21,8.9221
3430.2,25.23,8.9221
3431.2,25.17,8.9221
3432.2,25.19,8.9221
3433.2,25.3,8.9221
3434.2,25.17,8.9221
3435.2,25.27,8.922
3436.21,25.17,8.922
3437.21,25.18,8.9221
3438.21,25.29,8.9221
3439.21,25.17,8.9221
3440.21,25.18,8.9221
3441.21,25.27,8.9221
3442.21,25.18,8.9221
3443.22,25.18,8.9221
3444.22,25.26,8.9221
3445.22,25.17,8.9221
3446.22,25.28,8.9221
3447.22,25.19,8.9221
3448.22,25.18,8.9221
3449.23,25.27,8.9221
3450.23,25.17,8.9221
3451.23,25.18,8.9221
3452.23,25.29,8.9221
3453.23,25.19,8.9221
3454.23,25.27,8.9221
3455.23,25.2,8.9221
3456.23,25.18,8.9221
3457.24,25.18,8.9221
3458.24,25.26,8.9221
3459.24,25.12,8.9221
3460.24,25.22,8.9221
3461.24,25.12,8.9221
3462.24,25.12,8.9221
3463.24,25.24,8.9221
3464.25,25.15,8.9221
3465.25,25.17,8.9221
3466.25,25.27,8.9221
3467.25,25.18,8.9221
3468.25,25.17,8.9221
3469.25,25.26,8.9221
3470.26,25.16,8.9221
3471.26,25.26,8.9221
3472.26,25.18,8.9221
3473.26,25.19,8.9221
3474.26,25.26,8.9221
3475.26,25.17,8.9221
3476.26,25.27,8.9221
3477.27,25.18,8.9221
3478.27,25.17,8.9221
3479.27,25.27,8.9221
3480.27,25.15,8.9221
3481.27,25.17,8.9221
3482.27,25.28,8.9221
3483.28,25.19,8.9221
3484.28,25.27,8.9221
3485.28,25.17,8.9221
3486.28,25.17,8.9221
3487.28,25.27,8.9221
3488.28,25.17,8.9221
3489.28,25.28,8.9221
3490.29,25.16,8.9221
3491.29,25.17,8.9221
3492.29,25.27,8.9221
3493.29,25.18,8.9221
3494.29,25.16,8.9221
3495.29,25.26,8.9221
3496.3,25.16,8.9221
3497.3,25.27,8.9221
3498.3,25.17,8.9221
3499.3,25.16,8.9221
3500.3,25.27,8.9221
3501.3,25.17,8.9221
3502.3,25.18,8.9221
3503.31,25.28,8.9221
3504.31,25.17,8.9221
3505.31,25.27,8.9221
3506.31,25.17,8.9221
3507.31,25.19,8.9221
3508.31,25.28,8.9221
3509.31,25.17,8.9221
3510.32,25.17,8.9221
3511.32,25.29,8.9221
3512.32,25.18,8.9221
3513.32,25.19,8.9221
3514.32,25.28,8.9221
3515.32,25.17,8.9221
3516.32,25.18,8.9221
3517.33,25.28,8.9221
3518.33,25.17,8.9221
3519.33,25.21,8.9221
3520.33,25.27,8.9221
3521.33,25.18,8.9221
3522.33,25.29,8.9221
3523.33,25.2,8.9221
3524.33,25.15,8.9221
3525.34,25.22,8.9221
3526.34,25.15,8.9221
3527.34,25.14,8.9221
3528.34,25.23,8.9221
3529.34,25.13,8.9221
3530.34,25.15,8.9221
3531.35,25.27,8.9221
3532.35,25.18,8.9221
3533.35,25.53,8.9221
3534.35,25.17,8.9221
3535.35,25.17,8.9221
3536.35,25.29,8.9221
3537.35,25.18,8.9221
3538.36,25.17,8.9221
3539.36,25.28,8.9221
3540.36,25.17,8.9221
3541.36,25.17,8.9221
3542.36,25.29,8.9221
3543.36,25.21,8.9221
3544.36,25.17,8.9221
3545.36,25.16,8.9221
3546.37,25.28,8.9221
3547.37,25.18,8.9221
3548.37,25.28,8.9221
3549.37,25.19,8.9221
3550.37,25.17,8.9221
3551.37,25.27,8.9221
3552.37,25.17,8.9221
3553.38,25.18,8.9221
3554.38,25.26,8.9221
3555.38,25.12,8.9222
3556.38,25.26,8.9222
3557.38,25.17,8.9222
3558.38,25.17,8.9222
3559.39,25.26,8.9222
3560.39,25.17,8.9222
3561.39,25.17,8.9222
3562.39,25.27,8.9222
3563.39,25.15,8.9222
3564.39,25.25,8.9222
3565.39,25.16,8.9222
3566.4,25.16,8.9222
3567.4,25.28,8.9222
3568.4,25.17,8.9222
3569.4,25.26,8.9222
3570.4,25.17,8.9222
3571.4,25.17,8.9222
3572.41,25.28,8.9222
3573.41,25.19,8.9222
3574.41,25.27,8.9222
3575.41,25.17,8.9222
3576.41,25.17,8.9222
3577.41,25.28,8.9222
3578.41,25.17,8.9222
3579.42,25.16,8.9222
3580.42,25.21,8.9222
3581.42,25.11,8.9222
3582.42,25.22,8.9222
3583.42,25.13,8.9222
3584.42,25.11,8.9222
3585.43,25.21,8.9222
3586.43,25.12,8.9222
3587.43,25.2,8.9222
3588.43,25.27,8.9222
3589.43,25.17,8.9222
3590.43,25.17,8.9222
3591.43,25.24,8.9222
3592.43,25.16,8.9222
3593.44,25.19,8.9222
3594.44,25.27,8.9222
3595.44,25.17,8.9222
3596.44,25.29,8.9222
3597.44,25.18,8.9222
3598.44,25.17,8.9222
3599.45,25.27,8.9222
3600.45,25.18,8.9222
3601.45,25.18,8.9222
3602.45,25.25,8.9222
3603.45,25.14,8.9222
3604.45,25.27,8.9222
3605.45,25.17,8.9222
3606.46,25.17,8.9222
3607.46,25.3,8.9222
3608.46,25.17,8.9222
3609.46,25.19,8.9222
3610.46,25.27,8.9222
3611.46,25.14,8.9222
3612.46,25.18,8.9222
3613.47,25.28,8.9222
3614.47,25.17,8.9222
3615.47,25.17,8.9222
3616.47,25.27,8.9222
3617.47,25.18,8.9222
3618.47,25.27,8.9222
3619.47,25.17,8.9222
3620.48,25.17,8.9222
3621.48,25.27,8.9222
3622.48,25.18,8.9222
3623.48,25.29,8.9222
3624.48,25.17,8.9222
3625.48,25.17,8.9222
3626.49,25.26,8.9222
3627.49,25.18,8.9222
3628.49,25.17,8.9222
3629.49,25.22,8.9222
3630.49,25.12,8.9222
3631.49,25.21,8.9222
3632.49,25.15,8.9222
3633.5,25.19,8.9222
3634.5,25.27,8.9222
3635.5,25.17,8.9222
3636.5,25.27,8.9222
3637.5,25.18,8.9222
3638.5,25.17,8.9222
3639.5,25.3,8.9222
3640.51,25.18,8.9222
3641.51,25.17,8.9222
3642.51,25.27,8.9222
3643.51,25.18,8.9222
3644.51,25.27,8.9222
3645.51,25.17,8.9222
3646.52,25.18,8.9222
3647.52,25.28,8.9222
3648.52,25.16,8.9222
3649.52,25.16,8.9222
3650.52,25.27,8.9222
3651.52,25.18,8.9222
3652.52,25.28,8.9222
3653.53,25.19,8.9222
3654.53,25.17,8.9222
3655.53,25.27,8.9222
3656.53,25.17,8.9222
3657.53,25.28,8.9222
3658.53,25.18,8.9222
3659.54,25.16,8.9222
3660.54,25.24,8.9222
3661.54,25.17,8.9222
3662.54,25.17,8.9222
3663.54,25.28,8.9222
3664.54,25.16,8.9222
3665.54,25.26,8.9222
3666.55,25.17,8.9222
3667.55,25.18,8.9222
3668.55,25.28,8.9222
3669.55,25.17,8.9222
3670.55,25.27,8.9222
3671.55,25.17,8.9222
3672.56,25.2,8.9222
3673.56,25.27,8.9222
3674.56,25.15,8.9222
3675.56,25.13,8.9222
3676.56,25.26,8.9222
3677.56,25.17,8.9222
3678.56,25.27,8.9222
3679.57,25.17,8.9222
3680.57,25.16,8.9222
3681.57,25.27,8.9222
3682.57,25.17,8.9222
3683.57,25.17,8.9222
3684.57,25.27,8.9222
3685.58,25.17,8.9222
3686.58,25.27,8.9222
3687.58,25.18,8.9223
3688.58,25.17,8.9223
3689.58,25.27,8.9223
3690.58,25.17,8.9223
3691.58,25.27,8.9223
3692.59,25.2,8.9223
3693.59,25.15,8.9223
3694.59,25.22,8.9223
3695.59,25.11,8.9223
3696.59,25.11,8.9223
3697.59,25.23,8.9223
3698.6,25.23,8.9223
3699.6,25.24,8.9223
3700.6,25.17,8.9223
3701.6,25.14,8.9223
3702.6,25.25,8.9223
3703.6,25.14,8.9223
3704.6,25.22,8.9223
3705.61,25.15,8.9223
3706.61,25.17,8.9223
3707.61,25.28,8.9223
3708.61,25.18,8.9223
3709.61,25.27,8.9223
3710.61,25.17,8.9223
3711.62,25.16,8.9223
3712.62,25.3,8.9223
3713.62,25.16,8.9223
3714.62,25.16,8.9223
3715.62,25.27,8.9223
3716.62,25.17,8.9223
3717.62,32.46,8.9223
3718.63,25.18,8.9225
3719.63,25.17,8.9225
3720.63,25.29,8.9225
3721.63,25.18,8.9225
3722.63,25.21,8.9225
3723.63,25.27,8.9225
3724.63,25.15,8.9225
3725.64,25.15,8.9225
3726.64,25.28,8.9225
3727.64,25.17,8.9225
3728.64,25.18,8.9225
3729.64,25.27,8.9225
3730.64,25.17,8.9225
3731.64,25.27,8.9225
3732.65,25.2,8.9225
3733.65,25.17,8.9225
3734.65,25.27,8.9225
3735.65,25.16,8.9225
3736.65,25.27,8.9225
3737.65,25.18,8.9225
3738.66,25.17,8.9225
3739.66,25.26,8.9225
3740.66,25.16,8.9225
3741.66,25.27,8.9225
3742.66,25.19,8.9225
3743.66,25.17,8.9225
3744.67,25.25,8.9225
3745.67,25.16,8.9225
3746.67,25.14,8.9225
3747.67,25.28,8.9225
3748.67,25.17,8.9225
3749.67,25.27,8.9225
3750.67,25.17,8.9225
3751.68,25.17,8.9225
3752.68,25.3,8.9225
3753.68,25.17,8.9225
3754.68,25.27,8.9225
3755.68,25.13,8.9225
3756.68,25.17,8.9225
3757.69,25.28,8.9225
3758.69,25.21,8.9225
3759.69,25.17,8.9225
3760.69,25.28,8.9225
3761.69,25.17,8.9225
3762.69,25.31,8.9225
3763.69,25.17,8.9225
3764.7,25.17,8.9225
3765.7,25.26,8.9225
3766.7,25.16,8.9225
3767.7,25.18,8.9225
3768.7,25.27,8.9225
3769.7,25.11,8.9225
3770.7,25.21,8.9225
3771.71,25.17,8.9225
3772.71,25.78,8.9225
3773.71,25.27,8.9225
3774.71,25.17,8.9225
3775.71,25.17,8.9225
3776.71,25.27,8.9225
3777.71,25.19,8.9225
3778.72,25.27,8.9225
3779.72,25.2,8.9225
3780.72,25.17,8.9225
3781.72,25.28,8.9225
3782.72,26.21,8.9225
3783.72,25.12,8.9225
3784.73,25.22,8.9225
3785.73,25.14,8.9225
3786.73,25.17,8.9225
3787.73,25.28,8.9225
3788.73,25.21,8.9225
3789.73,25.27,8.9225
3790.73,25.18,8.9225
3791.74,25.17,8.9225
3792.74,27.76,8.9225
3793.74,25.11,8.9225
3794.74,25.13,8.9224
3795.74,25.27,8.9224
3796.74,26.6,8.9225
3797.74,25.23,8.9224
3798.75,25.12,8.9224
3799.75,25.15,8.9224
3800.75,25.24,8.9224
3801.75,25.23,8.9224
3802.75,25.19,8.9224
3803.75,25.24,8.9224
3804.76,25.12,8.9224
3805.76,25.21,8.9224
3806.76,25.11,8.9224
3807.76,25.12,8.9224
3808.76,26.59,8.9225
3809.76,29.5,8.9225
3810.76,28.23,8.9225
3811.77,26.61,8.9225
3812.77,29.0,8.9225
3813.77,25.28,8.9225
3814.77,31.42,8.9225
3815.77,25.73,8.9225
3816.77,25.39,8.9225
3817.77,25.62,8.9225
3818.78,27.16,8.9225
3819.78,26.13,8.9225
3820.78,25.85,8.9225
3821.78,25.31,8.9225
3822.78,25.7,8.9263
3823.78,25.24,8.9263
3824.79,25.22,8.9263
3825.79,27.19,8.9263
3826.79,27.02,8.9263
3827.79,25.4,8.9263
3828.79,25.19,8.9263
3829.79,25.28,8.9263
3830.79,25.13,8.9263
3831.8,25.2,8.9263
3832.8,25.27,8.9263
3833.8,25.15,8.9263
3834.8,25.22,8.9263
3835.8,25.26,8.9263
3836.8,25.11,8.9263
3837.81,25.22,8.9263
3838.81,25.11,8.9263
3839.81,25.14,8.9263
3840.81,25.23,8.9263
3841.81,25.16,8.9263
3842.81,25.81,8.9264
3843.81,25.14,8.9264
3844.82,25.13,8.9264
3845.82,25.2,8.9264
3846.82,25.17,8.9264
3847.82,25.14,8.9264
3848.82,25.38,8.9264
3849.82,25.11,8.9264
3850.82,25.11,8.9264
3851.82,25.21,8.9264
3852.83,25.16,8.9264
3853.83,25.11,8.9264
3854.83,25.21,8.9265
3855.83,25.12,8.9265
3856.83,25.15,8.9265
3857.83,26.11,8.9265
3858.84,25.18,8.9265
3859.84,25.18,8.9265
3860.84,25.27,8.9265
3861.84,25.18,8.9265
3862.84,25.29,8.9265
3863.84,25.17,8.9265
3864.84,25.17,8.9265
3865.85,25.27,8.9265
3866.85,25.18,8.9265
3867.85,25.19,8.9265
3868.85,25.46,8.9265
3869.85,25.17,8.9265
3870.85,25.27,8.9265
3871.85,25.18,8.9265
3872.86,25.18,8.9265
3873.86,25.27,8.9265
3874.86,25.17,8.9265
3875.86,25.27,8.9265
3876.86,25.18,8.9265
3877.86,25.17,8.9265
3878.87,25.28,8.9265
3879.87,25.16,8.9265
3880.87,25.15,8.9265
3881.87,25.28,8.9265
3882.87,25.15,8.9265
3883.87,25.23,8.9265
3884.87,25.17,8.9265
3885.88,25.17,8.9265
3886.88,25.28,8.9265
3887.88,25.2,8.9265
3888.88,25.17,8.9265
3889.88,25.27,8.9265
3890.88,25.17,8.9265
3891.88,25.18,8.9265
3892.89,25.28,8.9265
3893.89,25.17,8.9265
3894.89,25.27,8.9265
3895.89,25.12,8.9265
3896.89,25.2,8.9265
3897.89,25.27,8.9265
3898.89,25.17,8.9265
3899.9,25.27,8.9265
3900.9,25.17,8.9265
3901.9,25.28,8.9265
3902.9,25.36,8.9265
3903.9,25.17,8.9265
3904.9,25.17,8.9265
3905.9,25.28,8.9265
3906.91,25.17,8.9265
3907.91,25.18,8.9265
3908.91,25.51,8.9265
3909.91,25.15,8.9265
3910.91,25.17,8.9265
3911.91,25.27,8.9265
3912.91,25.19,8.9265
3913.92,25.17,8.9265
3914.92,25.25,8.9266
3915.92,25.11,8.9266
3916.92,25.24,8.9266
3917.92,25.16,8.9266
3918.92,25.18,8.9266
3919.93,25.27,8.9266
3920.93,25.17,8.9266
3921.93,25.26,8.9266
3922.93,25.14,8.9266
3923.93,25.12,8.9266
3924.93,25.24,8.9266
3925.93,25.17,8.9266
3926.94,25.17,8.9266
3927.94,25.29,8.9266
3928.94,25.13,8.9266
3929.94,25.11,8.9266
3930.94,25.21,8.9266
3931.94,25.13,8.9266
3932.94,25.14,8.9266
3933.95,25.22,8.9266
3934.95,25.3,8.9266
3935.95,29.73,8.9266
3936.95,25.17,8.9266
3937.95,25.17,8.9266
3938.95,25.28,8.9266
3939.96,25.17,8.9266
3940.96,25.27,8.9266
3941.96,25.18,8.9266
3942.96,25.19,8.9266
3943.96,29.21,8.9299
3944.96,25.16,8.9299
3945.96,25.27,8.9299
3946.97,25.18,8.9299
3947.97,25.15,8.9299
3948.97,25.22,8.9299
3949.97,25.12,8.9299
3950.97,25.21,8.93
3951.97,25.12,8.93
3952.98,25.19,8.93
3953.98,25.24,8.93
3954.98,25.14,8.93
3955.98,25.13,8.93
3956.98,25.27,8.93
3957.98,25.18,8.93
3958.98,25.27,8.93
3959.99,25.19,8.93
3960.99,25.17,8.93
3961.99,25.8,8.93
3962.99,25.19,8.93
3963.99,25.17,8.93
3964.99,25.27,8.93
3966.0,25.17,8.93
3967.0,25.29,8.93
3968.0,25.17,8.93
3969.0,25.18,8.93
3970.0,25.27,8.93
3971.0,25.17,8.93
3972.01,25.28,8.93
3973.01,25.21,8.93
3974.01,25.17,8.93
3975.01,25.24,8.93
3976.01,25.11,8.93
3977.01,25.23,8.93
3978.01,25.11,8.93
3979.02,25.11,8.93
3980.02,25.24,8.93
3981.02,25.17,8.93
3982.02,25.28,8.93
3983.02,25.17,8.93
3984.02,25.11,8.93
3985.03,25.21,8.93
3986.03,25.11,8.93
3987.03,25.22,8.93
3988.03,25.11,8.93
3989.03,25.11,8.93
3990.03,25.22,8.93
3991.04,25.11,8.93
3992.04,25.23,8.93
3993.04,25.14,8.93
3994.04,25.12,8.93
3995.04,25.27,8.93
3996.04,25.17,8.93
3997.04,25.52,8.93
3998.05,25.18,8.93
3999.05,25.18,8.93
4000.05,25.24,8.93
4001.05,25.11,8.93
4002.05,25.23,8.93
4003.05,25.14,8.93
4004.06,25.12,8.93
4005.06,25.24,8.93
4006.06,25.12,8.93
4007.06,25.13,8.93
4008.06,25.22,8.93
4009.06,25.12,8.93
4010.06,25.25,8.93
4011.07,25.17,8.93
4012.07,25.19,8.93
4013.07,25.32,8.93
4014.07,25.18,8.93
4015.07,25.18,8.93
4016.07,25.3,8.93
4017.07,25.19,8.93
4018.08,25.18,8.93
4019.08,25.29,8.93
4020.08,25.17,8.93
4021.08,25.18,8.93
4022.08,25.3,8.93
4023.08,25.19,8.93
4024.08,25.27,8.93
4025.09,25.17,8.93
4026.09,25.17,8.93
4027.09,25.3,8.93
4028.09,25.17,8.93
4029.09,25.18,8.93
4030.09,25.3,8.93
4031.09,25.17,8.93
4032.09,25.19,8.93
4033.1,25.29,8.93
4034.1,32.59,9.0545
4035.1,25.18,9.0544
4036.1,25.27,9.0544
4037.1,25.19,9.0546
4038.1,25.28,9.0546
4039.11,25.17,9.0546
4040.11,25.18,9.0546
4041.11,25.29,9.0546
4042.11,25.15,9.0546
4043.11,25.13,9.0546
4044.11,25.25,9.0546
4045.12,25.18,9.0546
4046.12,25.27,9.0546
4047.12,25.19,9.0546
4048.12,25.16,9.0546
4049.12,25.28,9.0546
4050.12,25.17,9.0546
4051.12,25.26,9.0546
4052.13,25.16,9.0546
4053.13,25.14,9.0546
4054.13,25.24,9.0546
4055.13,25.19,9.0546
4056.13,25.17,9.0546
4057.13,25.28,9.0546
4058.13,25.15,9.0546
4059.14,25.28,9.0546
4060.14,25.17,9.0546
4061.14,25.14,9.0546
4062.14,25.26,9.0546
4063.14,27.85,9.0547
4064.14,25.26,9.0547
4065.15,25.17,9.0547
4066.15,25.18,9.0547
4067.15,25.29,9.0547
4068.15,25.19,9.0547
4069.15,25.17,9.0547
4070.15,25.26,9.0547
4071.16,25.18,9.0547
4072.16,25.29,9.0547
4073.16,25.2,9.0547
4074.16,25.28,9.0547
4075.16,25.17,9.0547
4076.16,25.17,9.0547
4077.17,25.28,9.0547
4078.17,25.18,9.0547
4079.17,25.27,9.0547
4080.17,25.17,9.0547
4081.17,25.17,9.0547
4082.17,25.28,9.0547
4083.17,25.16,9.0547
4084.18,25.21,9.0547
4085.18,25.11,9.0547
4086.18,25.16,9.0547
4087.18,25.27,9.0547
4088.18,25.11,9.0547
4089.18,25.14,9.0547
4090.19,25.2,9.0547
4091.19,25.1,9.0547
4092.19,25.26,9.0547
4093.19,25.36,9.0547
4094.19,25.17,9.0547
4095.19,25.27,9.0547
4096.19,25.17,9.0547
4097.2,25.16,9.0547
4098.2,25.22,9.0547
4099.2,25.11,9.0547
4100.2,25.22,9.0547
4101.2,25.15,9.0547
4102.2,25.18,9.0547
4103.21,25.29,9.0547
4104.21,25.17,9.0547
4105.21,25.27,9.0547
4106.21,25.17,9.0547
4107.21,25.38,9.0547
4108.21,25.17,9.0547
4109.22,26.25,9.0547
4110.22,25.27,9.0547
4111.22,25.12,9.0547
4112.22,25.27,9.0547
4113.22,25.2,9.0547
4114.22,25.18,9.0547
4115.22,25.3,9.0547
4116.23,25.17,9.0547
4117.23,25.18,9.0547
4118.23,25.22,9.0547
4119.23,25.13,9.0547
4120.23,25.24,9.0547
4121.23,25.17,9.0547
4122.24,25.18,9.0547
4123.24,26.01,9.0547
4124.24,25.17,9.0547
4125.24,71.5,2.2814
4126.24,77.24,2.5463
4127.24,89.27,2.7901
4128.24,83.47,3.1945
4129.25,77.61,3.6375
4130.25,76.2,4.1101
4131.25,78.44,4.6011
4132.25,78.44,5.0283
4133.25,79.41,5.4283
4134.25,49.5,5.7643
4135.25,28.14,6.1057
4136.26,34.52,6.4754
4137.26,29.59,6.8477
4138.26,34.45,7.2651
4139.26,25.26,7.3652
4140.26,25.89,7.3652
4141.26,27.53,7.3653
4142.27,25.2,7.3653
4143.27,25.29,7.3653
4144.27,28.51,7.3653
4145.27,25.12,7.3653
4146.27,29.71,7.3653
4147.27,31.04,7.5348
4148.28,25.29,7.5348
4149.28,25.2,7.5348
4150.28,25.64,7.5348
4151.28,25.3,7.5348
4152.28,25.96,7.5348
4153.28,25.3,7.5348
4154.29,25.19,7.5348
4155.29,31.23,7.5351
4156.29,25.26,7.5351
4157.29,26.84,7.5351
4158.29,27.89,7.5352
4159.29,25.28,7.5352
4160.3,26.12,7.5352
4161.3,25.23,7.5352
4162.3,30.07,7.5353
4163.3,25.2,7.5353
4164.3,25.53,7.5353
4165.3,25.86,7.5353
4166.3,25.17,7.5353
4167.31,25.29,7.5353
4168.31,30.14,7.5353
4169.31,26.79,7.5353
4170.31,25.19,7.5353
4171.31,25.18,7.5353
4172.31,25.29,7.5353
4173.31,25.2,7.5353
4174.32,31.09,7.6561
4175.32,25.17,7.6561
4176.32,25.13,7.6561
4177.32,25.24,7.6561
4178.32,25.13,7.6561
4179.32,25.24,7.6561
4180.33,25.15,7.6561
4181.33,25.12,8.003
4182.33,25.26,8.5967
4183.33,36.81,8.9295
4184.33,25.34,8.9295
4185.33,25.26,8.9295
4186.34,25.28,8.9295
4187.34,25.19,8.9295
4188.34,25.18,8.9295
4189.34,25.41,8.9295
4190.34,30.66,8.9296
4191.34,25.29,8.9297
4192.35,25.14,8.9297
4193.35,25.3,8.9297
4194.35,25.26,8.9297
4195.35,25.18,8.9297
4196.35,25.27,8.9297
4197.35,25.14,8.9297
4198.36,25.14,8.9297
4199.36,25.3,8.9298
4200.36,25.12,8.93
4201.36,25.22,8.93
4202.36,25.16,8.93
4203.36,25.3,8.93
4204.37,25.14,8.93
4205.37,25.18,8.93
4206.37,25.29,8.93
4207.37,25.34,8.93
4208.37,25.29,8.93
4209.37,25.19,8.93
4210.38,25.17,8.93
4211.38,25.28,8.93
4212.38,25.19,8.93
4213.38,25.3,8.93
4214.38,25.18,8.93
4215.38,25.28,8.93
4216.39,25.21,8.93
4217.39,25.19,8.93
4218.39,25.28,8.93
4219.39,25.18,8.93
4220.39,25.29,8.93
4221.39,25.18,8.93
4222.4,25.19,8.93
4223.4,25.35,8.9301
4224.4,25.63,8.9301
4225.4,25.18,8.9301
4226.4,25.27,8.9301
4227.4,25.19,8.9301
4228.41,25.34,8.9301
4229.41,25.18,8.9301
4230.41,25.17,8.9301
4231.41,25.28,8.9301
4232.41,25.29,8.9301
4233.41,25.28,8.9301
4234.41,25.17,8.9301
4235.42,25.28,8.9301
4236.42,25.17,8.9301
4237.42,25.16,8.9301
4238.42,25.22,8.9301
4239.42,25.15,8.9301
4240.42,25.27,8.9301
4241.43,25.17,8.9301
4242.43,25.16,8.9301
4243.43,25.24,8.9301
4244.43,25.12,8.9301
4245.43,25.27,8.9301
4246.43,25.18,8.9301
4247.44,25.15,8.9301
4248.44,25.33,8.9301
4249.44,25.18,8.9301
4250.44,25.28,8.9301
4251.44,25.18,8.9301
4252.44,25.18,8.9301
4253.45,25.3,8.9301
4254.45,25.18,8.9301
4255.45,25.28,8.9301
4256.45,25.17,8.9301
4257.45,25.24,8.9301
4258.45,25.29,8.9301
4259.46,25.18,8.9301
4260.46,25.28,8.9301
4261.46,25.18,8.9301
4262.46,25.19,8.9301
4263.46,25.3,8.9301
4264.46,25.18,8.9301
4265.46,25.28,8.9301
4266.47,25.33,8.9301
4267.47,25.19,8.9301
4268.47,25.28,8.9301
4269.47,25.19,8.9301
4270.47,25.28,8.9301
4271.47,25.18,8.9301
4272.48,25.29,8.9301
4273.48,25.19,8.9301
4274.48,25.21,8.9302
4275.48,25.3,8.9302
4276.48,25.19,8.9302
4277.48,25.2,8.9302
4278.48,25.75,8.9302
4279.49,25.19,8.9302
4280.49,25.19,8.9302
4281.49,25.3,8.9302
4282.49,25.25,8.9302
4283.49,25.19,8.9302
4284.49,25.21,8.9302
4285.5,25.13,8.9302
4286.5,25.27,8.9302
4287.5,25.17,8.9302
4288.5,25.19,8.9302
4289.5,25.27,8.9302
4290.5,25.18,8.9302
4291.5,25.22,8.9302
4292.51,25.28,8.9302
4293.51,25.2,8.9302
4294.51,25.28,8.9303
4295.51,25.18,8.9303
4296.51,25.18,8.9303
4297.51,25.29,8.9303
4298.52,25.18,8.9303
4299.52,25.33,8.9303
4300.52,25.18,8.9303
4301.52,25.18,8.9303
4302.52,25.29,8.9303
4303.52,25.2,8.9303
4304.52,25.28,8.9303
4305.53,25.17,8.9303
4306.53,25.18,8.9303
4307.53,25.28,8.9303
4308.53,25.22,8.9303
4309.53,25.28,8.9303
4310.53,25.2,8.9303
4311.54,25.19,8.9303
4312.54,25.3,8.9303
4313.54,25.21,8.9303
4314.54,25.19,8.9303
4315.54,25.31,8.9303
4316.54,25.23,8.9313
4317.54,25.16,8.9313
4318.54,25.24,8.9313
4319.55,25.13,8.9313
4320.55,25.18,8.9313
4321.55,25.28,8.9313
4322.55,25.21,8.9313
4323.55,25.28,8.9313
4324.55,25.39,8.9313
4325.56,25.91,8.9313
4326.56,25.24,8.9313
4327.56,25.14,8.9313
4328.56,25.18,8.9313
4329.56,25.28,8.9313
4330.56,25.12,8.9313
4331.57,25.22,8.9313
4332.57,25.16,8.9313
4333.57,25.22,8.9597
4334.57,25.27,8.9597
4335.57,25.13,8.9597
4336.57,25.22,8.9597
4337.57,25.19,8.9597
4338.58,25.24,8.9597
4339.58,25.2,8.9597
4340.58,25.18,8.9597
4341.58,25.41,8.9597
4342.58,25.27,8.9597
4343.58,25.18,8.9597
4344.59,25.28,8.9597
4345.59,25.18,8.9597
4346.59,25.22,8.9597
4347.59,25.14,8.9597
4348.59,25.15,8.9597
4349.59,25.32,8.9866
4350.6,25.16,8.9866
4351.6,25.16,8.9866
4352.6,25.28,8.9866
4353.6,25.16,8.9866
4354.6,25.27,8.9866
4355.6,25.15,8.9866
4356.6,25.27,8.9866
4357.61,25.18,8.9866
4358.61,25.19,8.9866
4359.61,25.28,8.9866
4360.61,25.18,8.9866
4361.61,25.24,8.9866
4362.61,25.15,8.9866
4363.62,25.12,8.9866
4364.62,25.22,8.9866
4365.62,25.12,8.9866
4366.62,25.22,8.9866
4367.62,25.21,9.0115
4368.62,25.12,9.0115
4369.63,25.22,9.0115
4370.63,25.12,9.0115
4371.63,25.22,9.0115
4372.63,25.16,9.0115
4373.63,25.23,9.0115
4374.63,25.14,9.0115
4375.64,25.18,9.0115
4376.64,25.22,9.0115
4377.64,25.15,9.0115
4378.64,25.18,9.0115
4379.64,25.28,9.0115
4380.64,25.19,9.0115
4381.65,25.29,9.0115
4382.65,25.21,9.0115
4383.65,25.18,9.0115
4384.65,25.32,9.0349
4385.65,25.19,9.0349
4386.65,25.28,9.0349
4387.65,25.19,9.0349
4388.66,25.2,9.0349
4389.66,25.28,9.0349
4390.66,25.18,9.0349
4391.66,25.28,9.0349
4392.66,25.25,9.0349
4393.66,25.26,9.0349
4394.67,25.16,9.0349
4395.67,25.12,9.0349
4396.67,25.25,9.0349
4397.67,25.18,9.0349
4398.67,25.28,9.0349
4399.67,25.18,9.0349
4400.68,25.17,9.0349
4401.68,25.35,9.0554
4402.68,25.2,9.0554
4403.68,25.18,9.0554
4404.68,25.28,9.0554
4405.68,25.17,9.0554
4406.68,25.28,9.0554
4407.69,25.19,9.0554
4408.69,25.17,9.0554
4409.69,25.3,9.0554
4410.69,25.17,9.0554
4411.69,25.21,9.0554
4412.69,25.33,9.0554
4413.69,25.18,9.0554
4414.7,26.14,9.0554
4415.7,25.28,9.0554
4416.7,25.18,9.0554
4417.7,25.19,9.0554
4418.7,25.29,9.0554
4419.7,25.31,9.0618
4420.7,25.27,9.0618
4421.71,25.17,9.0618
4422.71,25.22,9.0618
4423.71,25.27,9.0618
4424.71,25.18,9.0618
4425.71,25.28,9.0618
4426.71,25.18,9.0618
4427.72,25.19,9.0618
4428.72,25.35,9.0618
4429.72,25.18,9.0618
4430.72,25.17,9.0618
4431.72,25.27,9.0618
4432.72,25.2,9.0618
4433.72,25.28,9.0618
4434.73,25.18,9.0618
4435.73,25.18,9.0618
4436.73,25.32,9.0618
4437.73,25.19,9.0618
4438.73,25.3,9.0619
4439.73,25.21,9.0619
4440.74,25.18,9.0619
4441.74,25.2,9.0619
4442.74,25.31,9.0619
4443.74,25.18,9.0619
4444.74,25.29,9.0619
4445.74,25.21,9.0619
4446.74,25.17,9.0619
4447.74,25.31,9.0619
4448.75,25.19,9.0619
4449.75,25.18,9.0619
4450.75,25.28,9.0619
4451.75,25.18,9.0619
4452.75,25.31,9.0619
4453.75,25.18,9.0619
4454.76,25.21,9.0619
4455.76,25.28,9.0619
4456.76,25.18,9.0619
4457.76,25.3,9.0619
4458.76,25.18,9.0619
4459.76,25.18,9.0619
4460.77,25.27,9.0619
4461.77,25.18,9.0619
4462.77,25.3,9.0619
4463.77,25.22,9.0619
4464.77,25.17,9.0619
4465.77,25.23,9.0619
4466.78,25.14,9.0619
4467.78,25.29,9.0619
4468.78,25.18,9.0619
4469.78,25.18,9.0619
4470.78,25.28,9.0619
4471.78,25.2,9.0619
4472.78,35.27,9.062
4473.79,25.2,9.062
4474.79,25.79,9.062
4475.79,25.28,9.062
4476.79,25.18,9.062
4477.79,25.29,9.062
4478.79,25.17,9.062
4479.8,25.28,9.062
4480.8,25.23,9.062
4481.8,25.23,9.062
4482.8,25.36,9.062
4483.8,25.18,9.062
4484.8,25.19,9.062
4485.81,25.28,9.062
4486.81,25.18,9.062
4487.81,25.22,9.062
4488.81,25.12,9.062
4489.81,25.13,9.062
4490.81,25.28,9.062
4491.82,25.3,9.0627
4492.82,25.32,9.0627
4493.82,25.19,9.0626
4494.82,25.18,9.0626
4495.82,25.27,9.0626
4496.82,25.17,9.0626
4497.82,25.28,9.0626
4498.83,25.17,9.0626
4499.83,25.62,9.0626
4500.83,25.38,9.0626
4501.83,25.18,9.0626
4502.83,25.31,9.0626
4503.83,25.18,9.0627
4504.84,25.28,9.0627
4505.84,25.17,9.0627
4506.84,25.19,9.0627
4507.84,25.27,9.0627
4508.84,25.23,9.0627
4509.84,25.28,9.0627
4510.85,25.17,9.0627
4511.85,25.19,9.0627
4512.85,25.29,9.0627
4513.85,25.17,9.0627
4514.85,25.28,9.0627
4515.85,25.37,9.0627
4516.86,25.19,9.0627
4517.86,25.31,9.0627
4518.86,25.18,9.0627
4519.86,25.28,9.0627
4520.86,25.18,9.0627
4521.86,25.19,9.0627
4522.87,25.29,9.0627
4523.87,25.13,9.0627
4524.87,25.23,9.0627
4525.87,25.18,9.0627
4526.87,25.19,9.0627
4527.87,25.27,9.0627
4528.88,25.18,9.0628
4529.88,25.28,9.0628
4530.88,25.17,9.0627
4531.88,25.29,9.0628
4532.88,25.2,9.0628
4533.88,25.18,9.0628
4534.89,25.31,9.0629
4535.89,25.17,9.0629
4536.89,25.29,9.0629
4537.89,25.18,9.0629
4538.89,25.19,9.0629
4539.89,25.27,9.0629
4540.9,25.18,9.0629
4541.9,25.29,9.0629
4542.9,25.2,9.0629
4543.9,25.21,9.0629
4544.9,25.28,9.0629
4545.9,25.18,9.0629
4546.9,25.29,9.0629
4547.91,25.18,9.0629
4548.91,25.17,9.0629
4549.91,25.28,9.0629
4550.91,25.16,9.0629
4551.91,25.23,9.0629
4552.91,25.15,9.0629
4553.92,25.28,9.0629
4554.92,25.17,9.0629
4555.92,25.13,9.0629
4556.92,25.23,9.0629
4557.92,25.13,9.0629
4558.92,25.25,9.0629
4559.93,25.18,9.0629
4560.93,25.16,9.0629
4561.93,28.04,9.0629
4562.93,25.6,9.0629
4563.93,25.18,9.0629
4564.93,25.27,9.0629
4565.94,25.19,9.0629
4566.94,25.39,9.0629
4567.94,25.18,9.0629
4568.94,25.2,9.0629
4569.94,25.65,9.0629
4570.94,25.3,9.0629
4571.94,25.18,9.0629
4572.95,25.27,9.0629
4573.95,25.13,9.0629
4574.95,25.28,9.0629
4575.95,25.18,9.0629
4576.95,25.19,9.0629
4577.95,25.29,9.0629
4578.95,25.18,9.0629
4579.96,25.31,9.0629
4580.96,25.2,9.0629
4581.96,25.24,9.0629
4582.96,25.29,9.0629
4583.96,25.17,9.0629
4584.96,25.17,9.0629
4585.97,25.27,9.0629
4586.97,25.19,9.0629
4587.97,25.28,9.0629
4588.97,25.21,9.063
4589.97,25.19,9.063
4590.97,25.28,9.063
4591.97,25.19,9.063
4592.98,25.2,9.063
4593.98,25.27,9.063
4594.98,25.18,9.063
4595.98,25.29,9.063
4596.98,25.19,9.063
4597.98,25.22,9.063
4598.99,25.29,9.063
4599.99,25.18,9.063
4600.99,25.28,9.063
4601.99,25.19,9.063
4602.99,25.2,9.063
4603.99,25.29,9.063
4605.0,25.18,9.063
4606.0,25.28,9.063
4607.0,25.2,9.063
4608.0,25.23,9.063
4609.0,25.27,9.063
4610.0,25.18,9.063
4611.01,25.25,9.063
4612.01,25.13,9.063
4613.01,25.16,9.063
4614.01,25.27,9.063
4615.01,25.12,9.063
4616.01,25.22,9.063
4617.01,25.17,9.063
4618.02,25.15,9.063
4619.02,25.25,9.063
4620.02,25.19,9.063
4621.02,25.17,9.063
4622.02,25.29,9.063
4623.02,25.2,9.063
4624.02,25.29,9.063
4625.03,25.18,9.063
4626.03,25.7,9.063
4627.03,25.23,9.063
4628.03,25.12,9.063
4629.03,25.24,9.063
4630.03,25.16,9.063
4631.04,25.12,9.063
4632.04,25.25,9.063
4633.04,25.34,9.063
4634.04,25.15,9.063
4635.04,25.31,9.063
4636.04,25.18,9.063
4637.04,25.29,9.063
4638.05,25.18,9.063
4639.05,25.2,9.063
4640.05,25.27,9.063
4641.05,25.17,9.063
4642.05,25.19,9.063
4643.05,25.3,9.063
4644.06,25.33,9.0632
4645.06,25.26,9.0632
4646.06,25.18,9.0632
4647.06,25.19,9.0632
4648.06,25.28,9.0632
4649.06,25.18,9.0632
4650.07,25.27,9.0632
4651.07,25.18,9.0632
4652.07,25.22,9.0632
4653.07,25.29,9.0632
4654.07,25.17,9.0632
4655.07,25.28,9.0632
4656.07,25.18,9.0633
4657.08,25.29,9.0633
4658.08,25.18,9.0633
4659.08,25.19,9.0633
4660.08,25.28,9.0633
4661.08,25.21,9.0633
4662.08,25.28,9.0633
4663.09,25.2,9.0633
4664.09,25.29,9.0633
4665.09,25.36,9.0633
4666.09,25.18,9.0634
4667.09,25.19,9.0634
4668.09,25.28,9.0634
4669.1,25.18,9.0634
4670.1,25.32,9.0634
4671.1,25.18,9.0634
4672.1,25.19,9.0634
4673.1,25.28,9.0634
4674.1,25.13,9.0634
4675.1,25.13,9.0634
4676.1,25.25,9.0634
4677.11,25.19,9.0634
4678.11,25.21,9.0634
4679.11,25.3,9.0634
4680.11,25.13,9.0634
4681.11,25.13,9.0634
4682.11,25.31,9.0634
4683.11,25.2,9.0634
4684.12,25.12,9.0634
4685.12,25.22,9.0634
4686.12,25.12,9.0634
4687.12,25.29,9.0634
4688.12,25.23,9.0648
4689.12,25.19,9.0648
4690.12,25.27,9.0648
4691.13,25.17,9.0648
4692.13,25.18,9.0648
4693.13,25.32,9.0648
4694.13,25.18,9.0648
4695.13,25.18,9.0648
4696.13,25.28,9.0648
4697.14,25.22,9.0648
4698.14,25.28,9.0648
4699.14,25.18,9.0648
4700.14,25.2,9.0648
4701.14,25.21,9.0648
4702.14,25.13,9.0648
4703.14,25.24,9.0648
4704.15,25.12,9.0648
4705.15,25.13,9.0648
4706.15,25.26,9.0648
4707.15,25.23,9.0658
4708.15,25.29,9.0658
4709.15,25.19,9.0658
4710.16,25.29,9.0658
4711.16,25.18,9.0658
4712.16,25.19,9.0658
4713.16,25.3,9.0658
4714.16,25.17,9.0658
4715.16,25.28,9.0658
4716.17,25.21,9.0659
4717.17,25.18,9.0659
4718.17,25.27,9.0659
4719.17,25.14,9.0659
4720.17,25.23,9.0659
4721.17,25.12,9.0659
4722.18,25.16,9.0659
4723.18,25.29,9.0659
4724.18,25.31,9.0678
4725.18,25.28,9.0678
4726.18,25.17,9.0678
4727.18,25.19,9.0678
4728.19,25.28,9.0678
4729.19,25.17,9.0678
4730.19,25.28,9.0678
4731.19,25.18,9.0678
4732.19,25.29,9.0678
4733.19,25.23,9.0678
4734.2,25.19,9.0678
4735.2,25.27,9.0678
4736.2,25.18,9.0678
4737.2,25.19,9.0678
4738.2,25.28,9.0678
4739.2,27.42,9.0678
4740.21,25.28,9.0678
4741.21,25.18,9.0678
4742.21,25.32,9.0688
4743.21,25.2,9.0688
4744.21,25.82,9.0688
4745.21,25.34,9.0688
4746.22,25.13,9.0688
4747.22,25.23,9.0688
4748.22,25.13,9.0688
4749.22,25.16,9.0688
4750.22,25.22,9.0688
4751.22,25.17,9.069
4752.22,25.19,9.069
4753.23,25.29,9.069
4754.23,25.18,9.069
4755.23,25.28,9.069
4756.23,25.18,9.069
4757.23,25.18,9.069
4758.23,25.8,9.069
4759.24,25.18,9.069
4760.24,25.31,9.07
4761.24,25.24,9.07
4762.24,25.18,9.07
4763.24,25.29,9.07
4764.24,25.17,9.07
4765.25,25.28,9.07
4766.25,25.18,9.07
4767.25,25.18,9.07
4768.25,25.28,9.07
4769.25,25.21,9.07
4770.25,25.28,9.07
4771.25,25.17,9.07
4772.26,25.29,9.07
4773.26,25.2,9.07
4774.26,25.18,9.07
4775.26,25.27,9.07
4776.26,25.2,9.07
4777.26,25.19,9.07
4778.27,25.29,9.0703
4779.27,25.14,9.0703
4780.27,25.23,9.0703
4781.27,25.13,9.0703
4782.27,25.16,9.0703
4783.27,25.28,9.0703
4784.27,25.18,9.0703
4785.28,25.12,9.0703
4786.28,25.22,9.0703
4787.28,25.23,9.0703
4788.28,25.28,9.0703
4789.28,25.18,9.0703
4790.28,25.18,9.0703
4791.29,25.28,9.0703
4792.29,25.19,9.0703
4793.29,25.3,9.0703
4794.29,25.18,9.0703
4795.29,25.28,9.0703
4796.29,25.28,9.0713
4797.3,25.13,9.0713
4798.3,25.22,9.0713
4799.3,25.12,9.0713
4800.3,25.86,9.0713
4801.3,25.18,9.0713
4802.3,25.19,9.0713
4803.31,25.3,9.0713
4804.31,25.18,9.0713
4805.31,25.29,9.0713
4806.31,25.16,9.0713
4807.31,25.19,9.0713
4808.31,25.29,9.0713
4809.32,25.19,9.0713
4810.32,25.28,9.0713
4811.32,25.18,9.0713
4812.32,25.28,9.0713
4813.32,25.19,9.0713
4814.32,25.22,9.0718
4815.33,27.79,9.0718
4816.33,25.17,9.0718
4817.33,25.28,9.0718
4818.33,25.18,9.0718
4819.33,25.18,9.0718
4820.33,25.27,9.0718
4821.34,25.18,9.0718
4822.34,25.28,9.0718
4823.34,25.26,9.0724
4824.34,25.18,9.0724
4825.34,25.28,9.0724
4826.34,25.18,9.0724
4827.35,25.29,9.0724
4828.35,25.2,9.0724
4829.35,25.18,9.0724
4830.35,25.28,9.0724
4831.35,25.18,9.0724
4832.35,25.29,9.0724
4833.35,25.25,9.0736
4834.36,25.18,9.0736
4835.36,25.28,9.0736
4836.36,25.18,9.0736
4837.36,25.29,9.0736
4838.36,25.18,9.0736
4839.36,25.19,9.0736
4840.37,25.29,9.0736
4841.37,25.87,9.0736
4842.37,25.34,9.0736
4843.37,25.2,9.0736
4844.37,25.19,9.0736
4845.37,25.29,9.0736
4846.37,25.18,9.0736
4847.37,25.22,9.0736
4848.38,25.27,9.0736
4849.38,25.18,9.0736
4850.38,25.22,9.0736
4851.38,25.27,9.0736
4852.38,25.19,9.0736
4853.38,25.31,9.0736
4854.39,25.17,9.0736
4855.39,25.18,9.0736
4856.39,25.3,9.0736
4857.39,25.19,9.0736
4858.39,25.17,9.0736
4859.39,25.3,9.0736
4860.39,25.16,9.0736
4861.4,25.26,9.0736
4862.4,25.18,9.0736
4863.4,25.2,9.0736
4864.4,25.28,9.0736
4865.4,25.16,9.0736
4866.4,25.21,9.0736
4867.41,25.22,9.0736
4868.41,25.12,9.0736
4869.41,25.25,9.0736
4870.41,25.18,9.0736
4871.41,25.27,9.0736
4872.41,25.19,9.0736
4873.42,25.19,9.0736
4874.42,25.27,9.0736
4875.42,25.18,9.0736
4876.42,25.36,9.0736
4877.42,25.12,9.0736
4878.42,25.13,9.0736
4879.43,25.24,9.0736
4880.43,25.12,9.0736
4881.43,25.23,9.0736
4882.43,25.13,9.0736
4883.43,25.14,9.0736
4884.43,25.24,9.0736
4885.43,25.14,9.0736
4886.44,25.15,9.0747
4887.44,25.23,9.0747
4888.44,25.13,9.0747
4889.44,25.17,9.0747
4890.44,25.28,9.0747
4891.44,25.15,9.0747
4892.44,25.27,9.0747
4893.45,25.76,9.0747
4894.45,25.15,9.0747
4895.45,25.26,9.0747
4896.45,25.13,9.0747
4897.45,25.15,9.0747
4898.45,25.27,9.0747
4899.46,25.21,9.0747
4900.46,25.28,9.0747
4901.46,25.18,9.0747
4902.46,25.29,9.0747
4903.46,25.2,9.0747
4904.46,25.21,9.0747
4905.47,25.27,9.0747
4906.47,25.2,9.0747
4907.47,25.18,9.0747
4908.47,25.27,9.0747
4909.47,25.17,9.0747
4910.47,25.54,9.0747
4911.47,25.18,9.0747
4912.48,25.23,9.0747
4913.48,25.29,9.0747
4914.48,25.17,9.0747
4915.48,25.27,9.0747
4916.48,25.17,9.0747
4917.48,25.18,9.0747
4918.49,25.28,9.0747
4919.49,25.18,9.0747
4920.49,25.3,9.0747
4921.49,25.21,9.0747
4922.49,25.18,9.0747
4923.49,25.3,9.0747
4924.5,25.18,9.0747
4925.5,25.28,9.0747
4926.5,25.18,9.0747
4927.5,25.19,9.0747
4928.5,25.28,9.0747
4929.5,25.19,9.0747
4930.5,25.32,9.0747
4931.51,25.18,9.0747
4932.51,25.18,9.0747
4933.51,25.32,9.0747
4934.51,25.18,9.0747
4935.51,25.18,9.0747
4936.51,25.3,9.0747
4937.51,25.19,9.0747
4938.52,25.17,9.0747
4939.52,25.25,9.0747
4940.52,25.18,9.0747
4941.52,25.15,9.0747
4942.52,25.29,9.0747
4943.52,25.19,9.0747
4944.52,25.3,9.0747
4945.53,25.18,9.0747
4946.53,25.18,9.0747
4947.53,25.29,9.0747
4948.53,25.2,9.0747
4949.53,25.32,9.0748
4950.53,25.28,9.0748
4951.54,25.17,9.0748
4952.54,25.29,9.0748
4953.54,25.2,9.0748
4954.54,25.17,9.0748
4955.54,25.27,9.0748
4956.54,25.18,9.0748
4957.54,25.31,9.0748
4958.55,25.11,9.0748
4959.55,25.19,9.0748
4960.55,25.28,9.0748
4961.55,25.2,9.0748
4962.55,25.21,9.0748
4963.55,25.3,9.0748
4964.55,25.19,9.0748
4965.56,25.18,9.0748
4966.56,25.33,9.0748
4967.56,25.18,9.0748
4968.56,25.19,9.0748
4969.56,25.28,9.0748
4970.56,25.17,9.0748
4971.56,25.28,9.0748
4972.57,25.21,9.0748
4973.57,25.18,9.0748
4974.57,25.28,9.0748
4975.57,25.23,9.0753
4976.57,25.18,9.0753
4977.57,25.29,9.0753
4978.58,25.17,9.0753
4979.58,25.2,9.0753
4980.58,25.28,9.0753
4981.58,25.17,9.0753
4982.58,25.3,9.0753
4983.58,25.18,9.0753
4984.58,25.21,9.0753
4985.59,25.28,9.0754
4986.59,25.18,9.0754
4987.59,25.29,9.0754
4988.59,25.18,9.0754
4989.59,25.23,9.0754
4990.59,25.17,9.0754
4991.6,25.11,9.0754
4992.6,25.24,9.0754
4993.6,25.15,9.0754
4994.6,25.22,9.0754
4995.6,25.13,9.0754
4996.6,25.12,9.0754
4997.61,25.23,9.0754
4998.61,25.12,9.0754
4999.61,25.22,9.0754
5000.61,25.11,9.0754
5001.61,25.22,9.0754
5002.61,25.22,9.0754
5003.62,25.18,9.0754
5004.62,25.28,9.0754
5005.62,25.18,9.0754
5006.62,25.27,9.0754
5007.62,25.18,9.0754
5008.62,25.18,9.0754
5009.63,25.27,9.0754
5010.63,25.17,9.0754
5011.63,25.33,9.0754
5012.63,25.2,9.0754
5013.63,25.19,9.0754
5014.63,25.28,9.0754
5015.63,25.14,9.0754
5016.64,25.18,9.0754
5017.64,25.29,9.0754
5018.64,25.19,9.0754
5019.64,25.27,9.0754
5020.64,25.32,9.0754
5021.64,25.18,9.0754
5022.65,25.31,9.0754
5023.65,25.18,9.0754
5024.65,25.28,9.0754
5025.65,25.17,9.0754
5026.65,25.14,9.0754
5027.65,25.28,9.0754
5028.66,25.18,9.0754
5029.66,25.3,9.0754
5030.66,25.17,9.0754
5031.66,25.18,9.0754
5032.66,25.3,9.0754
5033.66,25.18,9.0754
5034.66,25.29,9.0754
5035.67,25.18,9.0754
5036.67,25.18,9.0754
5037.67,25.28,9.0754
5038.67,25.22,9.0754
5039.67,25.28,9.0754
5040.67,25.18,9.0754
5041.68,25.17,9.0754
5042.68,25.3,9.0754
5043.68,25.18,9.0754
5044.68,25.19,9.0754
5045.68,25.27,9.0754
5046.68,25.17,9.0754
5047.68,25.34,9.0754
5048.69,25.2,9.0754
5049.69,25.18,9.0754
5050.69,25.3,9.0754
5051.69,25.18,9.0754
5052.69,25.2,9.0754
5053.69,25.3,9.0754
5054.69,25.18,9.0754
5055.7,25.18,9.0754
5056.7,25.33,9.0754
5057.7,25.18,9.0754
5058.7,25.2,9.0755
5059.7,25.27,9.0755
5060.7,25.18,9.0755
5061.7,25.17,9.0755
5062.71,25.27,9.0755
5063.71,25.15,9.0755
5064.71,25.27,9.0755
5065.71,25.2,9.0755
5066.71,25.12,9.0755
5067.71,25.25,9.0755
5068.72,25.18,9.0755
5069.72,25.28,9.0755
5070.72,25.18,9.0755
5071.72,25.12,9.0755
5072.72,25.26,9.0755
5073.72,25.18,9.0755
5074.73,25.31,9.0755
5075.73,25.13,9.0755
5076.73,25.23,9.0755
5077.73,25.15,9.0755
5078.73,25.92,9.0755
5079.73,25.28,9.0755
5080.74,25.18,9.0755
5081.74,25.28,9.0755
5082.74,25.21,9.0755
5083.74,25.2,9.0755
5084.74,25.26,9.0755
5085.74,25.13,9.0755
5086.74,25.21,9.0755
5087.75,25.15,9.0755
5088.75,25.17,9.0755
5089.75,25.26,9.0755
5090.75,25.16,9.0755
5091.75,25.29,9.0755
5092.75,25.33,9.0755
5093.76,25.18,9.0755
5094.76,25.3,9.0755
5095.76,25.18,9.0755
5096.76,25.17,9.0755
5097.76,25.31,9.0755
5098.76,25.16,9.0755
5099.76,25.15,9.0755
5100.77,25.28,9.0755
5101.77,25.3,9.0755
5102.77,25.3,9.0755
5103.77,25.17,9.0755
5104.77,25.15,9.0755
5105.77,25.27,9.0755
5106.78,25.18,9.0755
5107.78,25.29,9.0755
5108.78,25.2,9.0755
5109.78,25.18,9.0755
5110.78,25.33,9.0755
5111.78,25.18,9.0755
5112.79,25.31,9.0755
5113.79,25.18,9.0755
5114.79,25.28,9.0755
5115.79,25.15,9.0755
5116.79,25.27,9.0755
5117.79,25.18,9.0755
5118.8,25.18,9.0755
5119.8,25.32,9.0755
5120.8,25.18,9.0755
5121.8,25.27,9.0755
5122.8,26.39,9.0755
5123.8,25.18,9.0755
5124.81,25.28,9.0755
5125.81,25.17,9.0755
5126.81,25.28,9.0755
5127.81,25.19,9.0755
5128.81,25.2,9.0755
5129.81,25.28,9.0755
5130.82,25.18,9.0755
5131.82,25.28,9.0755
5132.82,25.22,9.0755
5133.82,25.28,9.0755
5134.82,25.18,9.0755
5135.82,25.2,9.0755
5136.82,25.28,9.0755
5137.83,25.23,9.0755
5138.83,25.19,9.0755
5139.83,25.26,9.0755
5140.83,25.18,9.0755
5141.83,25.28,9.0755
5142.83,25.22,9.0757
5143.84,25.12,9.0757
5144.84,25.24,9.0756
5145.84,25.14,9.0756
5146.84,25.21,9.0756
5147.84,25.27,9.0756
5148.84,25.17,9.0756
5149.85,25.28,9.0756
5150.85,25.18,9.0756
5151.85,25.18,9.0756
5152.85,25.31,9.0758
5153.85,25.17,9.0758
5154.85,62.59,9.0758
5155.85,36.2,9.077
5156.86,25.13,9.077
5157.86,25.22,9.077
5158.86,25.12,9.077
5159.86,25.22,9.077
5160.86,25.13,9.077
5161.86,25.19,9.077
5162.87,25.29,9.077
5163.87,25.18,9.077
5164.87,25.28,9.077
5165.87,25.17,9.077
5166.87,25.18,9.077
5167.87,25.3,9.077
5168.87,25.18,9.0771
5169.88,25.15,9.0771
5170.88,25.23,9.0771
5171.88,25.19,9.0771
5172.88,25.29,9.0771
5173.88,25.17,9.0771
5174.88,25.18,9.0771
5175.89,25.27,9.0771
5176.89,25.18,9.0771
5177.89,25.27,9.0771
5178.89,25.14,9.0771
5179.89,25.15,9.0771
5180.89,25.24,9.0771
5181.89,25.15,9.0771
5182.9,25.19,9.0771
5183.9,25.29,9.0771
5184.9,25.15,9.0771
5185.9,25.21,9.0771
5186.9,25.11,9.0771
5187.9,25.1,9.0771
5188.91,25.26,9.0771
5189.91,25.17,9.0771
5190.91,25.27,9.0771
5191.91,25.16,9.0771
5192.91,25.18,9.0771
5193.91,25.27,9.0771
5194.91,25.14,9.0771
5195.92,25.16,9.0771
5196.92,25.29,9.0771
5197.92,25.12,9.0771
5198.92,25.12,9.0771
5199.92,25.22,9.0771
5200.92,25.11,9.0771
5201.92,26.19,9.0771
5202.93,25.28,9.0771
5203.93,25.16,9.0771
5204.93,25.27,9.0771
5205.93,25.17,9.0771
5206.93,25.15,9.0771
5207.93,25.23,9.0771
5208.93,25.18,9.0771
5209.93,25.17,9.0771
5210.94,25.27,9.0771
5211.94,25.15,9.0771
5212.94,25.14,9.0771
5213.94,25.25,9.0771
5214.94,25.17,9.0771
5215.94,25.16,9.0771
5216.95,25.28,9.0771
5217.95,25.19,9.0771
5218.95,25.17,9.0771
5219.95,25.27,9.0771
5220.95,25.19,9.0771
5221.95,25.18,9.0771
5222.95,25.29,9.0771
5223.95,25.17,9.0771
5224.96,25.28,9.0771
5225.96,25.17,9.0771
5226.96,25.18,9.0771
5227.96,25.26,9.0771
5228.96,25.12,9.0771
5229.96,25.12,9.0771
5230.97,25.21,9.0771
5231.97,25.12,9.0771
5232.97,25.23,9.0771
5233.97,25.12,9.0771
5234.97,25.12,9.0771
5235.97,25.22,9.0771
5236.97,25.14,9.0771
5237.98,25.13,9.0771
5238.98,25.27,9.0771
5239.98,25.17,9.0771
5240.98,25.28,9.0771
5241.98,25.15,9.0771
5242.98,25.13,9.0771
5243.98,25.25,9.0771
5244.99,25.17,9.0771
5245.99,25.17,9.0771
5246.99,25.28,9.0771
5247.99,25.18,9.0771
5248.99,25.28,9.0771
5249.99,25.18,9.0771
5251.0,25.18,9.0771
5252.0,25.28,9.0771
5253.0,25.18,9.0771
5254.0,25.17,9.0771
5255.0,25.29,9.0771
5256.0,25.17,9.0771
5257.0,25.18,9.0771
5258.0,25.29,9.0771
5259.01,25.17,9.0771
5260.01,25.17,9.0771
5261.01,25.29,9.0771
5262.01,25.18,9.0771
5263.01,25.19,9.0771
5264.01,25.27,9.0771
5265.01,25.18,9.0771
5266.02,25.16,9.0771
5267.02,25.27,9.0771
5268.02,25.17,9.0771
5269.02,25.18,9.0771
5270.02,25.29,9.0771
5271.02,25.17,9.0771
5272.02,25.18,9.0771
5273.02,25.29,9.0771
5274.03,25.17,9.0771
5275.03,25.17,9.0771
5276.03,25.27,9.0771
5277.03,25.17,9.0771
5278.03,25.27,9.0771
5279.03,25.19,9.0771
5280.03,25.17,9.0771
5281.04,25.27,9.0771
5282.04,25.17,9.0771
5283.04,25.18,9.0771
5284.04,25.26,9.0771
5285.04,25.17,9.0771
5286.04,25.17,9.0771
5287.05,25.28,9.0771
5288.05,25.17,9.0771
5289.05,25.28,9.0771
5290.05,25.17,9.0771
5291.05,25.17,9.0771
5292.05,25.3,9.0771
5293.05,25.18,9.0771
5294.06,25.17,9.0771
5295.06,25.27,9.0771
5296.06,25.17,9.0771
5297.06,25.18,9.0771
5298.06,25.27,9.0771
5299.06,25.17,9.0771
5300.06,25.27,9.0771
5301.07,25.17,9.0771
5302.07,25.18,9.0771
5303.07,25.28,9.0771
5304.07,25.17,9.0771
5305.07,25.27,9.0771
5306.07,25.16,9.0771
5307.08,25.18,9.0771
5308.08,25.29,9.0771
5309.08,25.17,9.0771
5310.08,25.19,9.0771
5311.08,25.17,9.0771
5312.08,25.28,9.0771
5313.08,25.16,9.0771
5314.08,25.25,9.0771
5315.09,25.18,9.0771
5316.09,25.17,9.0771
5317.09,25.28,9.0771
5318.09,25.17,9.0771
5319.09,25.28,9.0771
5320.09,25.17,9.0771
5321.1,25.17,9.0771
5322.1,25.26,9.0771
5323.1,25.2,9.0771
5324.1,25.17,9.0771
5325.1,57.99,2.2509
5326.1,79.5,2.4617
5327.1,74.57,2.2194
5328.11,79.97,2.4273
5329.11,88.12,2.646
5330.11,44.87,2.908
5331.11,53.25,2.2673
5332.11,76.67,2.4112
5333.11,67.48,2.226
5334.11,80.53,2.3946
5335.11,73.11,2.195
5336.12,72.65,2.3492
5337.12,84.83,2.1523
5338.12,72.65,2.3614
5339.12,84.67,2.4928
5340.12,68.31,2.2531
5341.12,79.53,2.399
5342.12,68.5,2.2012
5343.12,77.5,2.3709
5344.13,64.25,2.2278
5345.13,85.11,2.5221
5346.13,84.75,2.6822
5347.13,87.4,2.8774
5348.13,78.14,3.1122
5349.13,76.39,3.363
5350.13,75.88,3.6122
5351.13,75.4,3.8432
5352.14,76.49,4.0584
5353.14,76.32,4.2858
5354.14,76.69,4.5483
5355.14,63.3,4.9739
5356.14,34.56,5.4137
5357.14,33.63,5.8639
5358.15,25.75,6.335
5359.15,27.94,6.7881
5360.15,37.5,7.3486
5361.15,26.26,7.3998
5362.15,28.78,7.3998
5363.15,25.66,7.3999
5364.15,25.2,7.3999
5365.16,26.29,7.3999
5366.16,25.26,7.3999
5367.16,25.2,7.3999
5368.16,25.28,7.3999
5369.16,25.23,7.3999
5370.16,25.15,7.3999
5371.17,31.8,7.5804
5372.17,25.68,7.5804
5373.17,25.3,7.5804
5374.17,25.14,7.5804
5375.17,25.45,7.5804
5376.17,25.18,7.5804
5377.18,26.06,7.5804
5378.18,25.34,7.5804
5379.18,31.46,7.5805
5380.18,25.3,7.5805
5381.18,25.17,7.5805
5382.18,25.18,7.5805
5383.19,25.29,7.5805
5384.19,25.17,7.5805
5385.19,25.28,7.5805
5386.19,25.18,7.5805
5387.19,30.27,7.5808
5388.19,25.28,7.5808
5389.2,25.21,7.5808
5390.2,25.25,7.5808
5391.2,25.24,7.5808
5392.2,25.18,7.5808
5393.2,25.28,7.5808
5394.2,25.28,7.5808
5395.2,28.44,7.5808
5396.21,27.03,7.5808
5397.21,25.17,7.5808
5398.21,25.23,7.5808
5399.21,25.5,7.5808
5400.21,25.18,7.5808
5401.21,25.28,7.5808
5402.22,30.19,7.5808
5403.22,25.27,7.5808
5404.22,25.15,7.5808
5405.22,31.4,7.7117
5406.22,25.26,7.7117
5407.22,25.21,7.7118
5408.22,25.18,7.7118
5409.23,25.29,7.7118
5410.23,25.19,7.7118
5411.23,25.29,7.7118
5412.23,25.2,7.7118
5413.23,25.3,7.7981
5414.23,25.19,8.3092
5415.24,25.18,8.7122
5416.24,37.38,8.9525
5417.24,25.19,8.9525
5418.24,25.19,8.9525
5419.24,25.3,8.9525
5420.24,25.17,8.9525
5421.24,25.19,8.9525
5422.25,25.3,8.9525
5423.25,25.2,8.9525
5424.25,25.28,8.9525
5425.25,25.19,8.9525
5426.25,25.37,8.9529
5427.25,34.75,8.953
5428.26,36.04,8.9542
5429.26,25.28,8.9542
5430.26,25.29,8.9542
5431.26,25.12,8.9542
5432.26,25.26,8.9542
5433.26,25.25,8.9542
5434.26,25.18,8.9542
5435.27,25.28,8.9542
5436.27,25.17,8.9542
5437.27,25.29,8.9542
5438.27,25.18,8.9542
5439.27,25.26,8.9542
5440.27,25.32,8.9542
5441.27,25.17,8.9542
5442.28,25.18,8.9542
5443.28,25.28,8.9542
5444.28,25.17,8.9542
5445.28,25.28,8.9542
5446.28,25.17,8.9542
5447.28,25.2,8.9542
5448.28,25.27,8.9542
5449.29,25.12,8.9542
5450.29,25.12,8.9542
5451.29,25.25,8.9542
5452.29,25.18,8.9542
5453.29,25.29,8.9542
5454.29,25.19,8.9542
5455.3,25.17,8.9542
5456.3,25.27,8.9542
5457.3,25.17,8.9542
5458.3,25.11,8.9542
5459.3,25.23,8.9542
5460.3,25.22,8.9542
5461.31,25.26,8.9542
5462.31,25.25,8.9542
5463.31,25.21,8.9542
5464.31,25.41,8.9542
5465.31,25.23,8.9542
5466.31,25.25,8.9542
5467.31,25.12,8.9542
5468.32,25.85,8.9542
5469.32,25.25,8.9542
5470.32,25.18,8.9542
5471.32,25.18,8.9542
5472.32,25.31,8.9542
5473.32,25.19,8.9542
5474.32,25.17,8.9542
5475.33,25.27,8.9542
5476.33,25.17,8.9542
5477.33,25.73,8.9542
5478.33,25.16,8.9542
5479.33,25.16,8.9542
5480.33,25.3,8.9542
5481.33,25.17,8.9542
5482.34,25.19,8.9542
5483.34,25.31,8.9542
5484.34,25.27,8.9542
5485.34,25.17,8.9542
5486.34,25.25,8.9542
5487.34,25.17,8.9542
5488.34,25.24,8.9542
5489.35,25.17,8.9542
5490.35,25.17,8.9542
5491.35,25.3,8.9542
5492.35,25.18,8.9542
5493.35,25.4,8.9542
5494.35,25.27,8.9542
5495.35,25.16,8.9542
5496.36,25.15,8.9542
5497.36,25.23,8.9542
5498.36,25.18,8.9542
5499.36,25.28,8.9542
5500.36,25.18,8.9542
5501.36,25.17,8.9542
5502.37,25.28,8.9542
5503.37,25.18,8.9542
5504.37,25.27,8.9542
5505.37,25.16,8.9542
5506.37,26.37,8.9542
5507.37,25.28,8.9542
5508.37,25.17,8.9542
5509.38,25.17,8.9542
5510.38,25.28,8.9542
5511.38,25.18,8.9542
5512.38,25.28,8.9542
5513.38,25.19,8.9542
5514.38,25.17,8.9542
5515.39,25.28,8.9542
5516.39,25.16,8.9542
5517.39,25.28,8.9542
5518.39,25.17,8.9542
5519.39,25.17,8.9542
5520.39,25.28,8.9542
5521.39,25.17,8.9542
5522.4,25.27,8.9542
5523.4,25.15,8.9542
5524.4,25.12,8.9542
5525.4,25.25,8.9542
5526.4,25.16,8.9542
5527.4,25.24,8.9542
5528.41,25.46,8.9543
5529.41,25.17,8.9543
5530.41,25.25,8.9543
5531.41,25.14,8.9543
5532.41,25.25,8.9543
5533.41,25.15,8.9543
5534.41,25.17,8.9545
5535.42,25.26,8.9545
5536.42,25.12,8.9545
5537.42,25.15,8.9545
5538.42,25.26,8.9545
5539.42,25.15,8.9545
5540.42,25.22,8.9545
5541.43,25.12,8.9545
5542.43,25.13,8.9545
5543.43,25.3,8.9545
5544.43,25.17,8.9545
5545.43,25.19,8.9545
5546.43,25.27,8.9545
5547.43,25.2,8.9545
5548.43,25.19,8.9545
5549.44,25.16,8.9545
5550.44,25.28,8.9545
5551.44,25.19,8.9545
5552.44,25.17,8.9545
5553.44,25.18,8.9545
5554.44,25.27,8.9545
5555.44,25.17,8.9545
5556.45,25.27,8.9545
5557.45,25.18,8.9545
5558.45,25.17,8.9545
5559.45,25.3,8.9546
5560.45,25.16,8.9546
5561.45,25.17,8.9546
5562.45,25.28,8.9546
5563.46,25.18,8.9546
5564.46,25.28,8.9546
5565.46,25.17,8.9546
5566.46,25.17,8.9546
5567.46,25.28,8.9546
5568.46,25.14,8.9546
5569.46,25.22,8.9546
5570.47,25.16,8.9546
5571.47,25.17,8.9546
5572.47,25.28,8.9546
5573.47,25.18,8.9546
5574.47,25.27,8.9546
5575.47,25.17,8.9546
5576.48,25.18,8.9546
5577.48,25.28,8.9546
5578.48,25.17,8.9546
5579.48,25.17,8.9546
5580.48,25.23,8.9546
5581.48,25.16,8.9546
5582.49,25.28,8.9546
5583.49,25.17,8.9546
5584.49,25.14,8.9546
5585.49,25.27,8.9546
5586.49,25.16,8.9546
5587.49,25.26,8.9546
5588.49,25.15,8.9546
5589.5,25.16,8.9546
5590.5,25.27,8.9546
5591.5,25.17,8.9546
5592.5,25.28,8.9546
5593.5,25.19,8.9546
5594.5,25.19,8.9546
5595.5,25.26,8.9546
5596.51,25.12,8.9546
5597.51,25.12,8.9546
5598.51,25.22,8.9546
5599.51,25.12,8.9546
5600.51,25.12,8.9546
5601.51,25.22,8.9546
5602.52,25.13,8.9546
5603.52,25.25,8.9546
5604.52,25.12,8.9546
5605.52,25.12,8.9546
5606.52,25.23,8.9546
5607.52,25.12,8.9546
5608.52,25.12,8.9546
5609.52,25.25,8.9546
5610.53,25.16,8.9546
5611.53,25.18,8.9546
5612.53,25.29,8.9546
5613.53,25.2,8.9546
5614.53,25.17,8.9546
5615.53,25.17,8.9546
5616.53,25.29,8.9546
5617.53,25.18,8.9546
5618.54,25.11,8.9546
5619.54,25.26,8.9546
5620.54,25.17,8.9546
5621.54,25.17,8.9546
5622.54,25.35,8.9546
5623.54,25.19,8.9546
5624.54,25.17,8.9546
5625.55,25.27,8.9546
5626.55,25.15,8.9546
5627.55,25.18,8.9546
5628.55,25.29,8.9546
5629.55,25.15,8.9546
5630.55,25.17,8.9546
5631.55,25.27,8.9546
5632.56,25.2,8.9546
5633.56,25.27,8.9546
5634.56,25.16,8.9546
5635.56,25.12,8.9546
5636.56,25.22,8.9546
5637.56,25.13,8.9546
5638.56,25.16,8.9546
5639.57,25.27,8.9546
5640.57,25.12,8.9546
5641.57,25.22,8.9546
5642.57,25.14,8.9546
5643.57,25.17,8.9546
5644.57,25.21,8.9546
5645.58,25.11,8.9546
5646.58,25.25,8.9546
5647.58,25.17,8.9546
5648.58,25.19,8.9546
5649.58,25.27,8.9546
5650.58,25.16,8.9546
5651.58,25.17,8.9546
5652.59,25.29,8.9546
5653.59,25.17,8.9546
5654.59,25.18,8.9546
5655.59,25.27,8.9546
5656.59,25.17,8.9546
5657.59,25.29,8.9546
5658.59,25.17,8.9546
5659.6,25.17,8.9546
5660.6,25.99,8.9546
5661.6,25.17,8.9546
5662.6,25.22,8.9546
5663.6,25.27,8.9546
5664.6,25.18,8.9546
5665.6,25.17,8.9546
5666.61,25.27,8.9546
5667.61,25.18,8.9546
5668.61,25.19,8.9546
5669.61,25.26,8.9546
5670.61,25.18,8.9546
5671.61,25.19,8.9546
5672.61,25.3,8.9546
5673.61,25.17,8.9546
5674.62,25.17,8.9546
5675.62,25.27,8.9546
5676.62,25.17,8.9546
5677.62,25.18,8.9546
5678.62,25.33,8.9546
5679.62,25.17,8.9546
5680.62,25.28,8.9546
5681.63,25.17,8.9546
5682.63,25.19,8.9546
5683.63,25.23,8.9546
5684.63,25.17,8.9546
5685.63,25.17,8.9546
5686.63,25.25,8.9546
5687.63,25.17,8.9546
5688.64,25.13,8.9546
5689.64,25.28,8.9546
5690.64,25.16,8.9546
5691.64,25.22,8.9546
5692.64,25.2,8.9546
5693.64,25.17,8.9546
5694.64,25.17,8.9546
5695.65,25.24,8.9546
5696.65,25.12,8.9546
5697.65,25.19,8.9546
5698.65,25.27,8.9546
5699.65,25.14,8.9546
5700.65,25.22,8.9546
5701.65,25.18,8.9546
5702.66,25.17,8.9546
5703.66,25.21,8.9546
5704.66,25.14,8.9546
5705.66,25.16,8.9546
5706.66,25.28,8.9546
5707.66,25.17,8.9546
5708.66,25.18,8.9546
5709.67,25.22,8.9546
5710.67,25.17,8.9546
5711.67,25.14,8.9546
5712.67,25.29,8.9546
5713.67,25.18,8.9546
5714.67,25.12,8.9546
5715.67,25.21,8.9546
5716.68,25.11,8.9546
5717.68,25.22,8.9546
5718.68,25.12,8.9546
5719.68,25.18,8.9546
5720.68,25.27,8.9546
5721.68,25.29,8.9546
5722.68,25.21,8.9546
5723.69,25.24,8.9546
5724.69,25.17,8.9546
5725.69,25.21,8.9546
5726.69,25.11,8.9546
5727.69,25.12,8.9546
5728.69,25.21,8.9546
5729.69,25.11,8.9546
5730.7,25.22,8.9546
5731.7,25.17,8.9546
5732.7,25.19,8.9546
5733.7,25.28,8.9546
5734.7,25.17,8.9546
5735.7,25.17,8.9546
5736.71,25.21,8.9546
5737.71,25.12,8.9546
5738.71,25.12,8.9546
5739.71,25.22,8.9546
5740.71,25.17,8.9546
5741.71,25.27,8.9546
5742.71,25.19,8.9546
5743.72,25.17,8.9546
5744.72,25.26,8.9546
5745.72,25.17,8.9546
5746.72,25.27,8.9546
5747.72,25.18,8.9546
5748.72,25.16,8.9546
5749.72,25.26,8.9546
5750.73,25.18,8.9546
5751.73,25.17,8.9546
5752.73,25.3,8.9546
5753.73,25.17,8.9546
5754.73,25.26,8.9546
5755.73,25.18,8.9546
5756.73,25.16,8.9546
5757.74,25.27,8.9546
5758.74,25.17,8.9546
5759.74,25.17,8.9546
5760.74,25.26,8.9546
5761.74,25.16,8.9546
5762.74,25.19,8.9546
5763.74,25.29,8.9546
5764.75,25.17,8.9546
5765.75,25.17,8.9546
5766.75,25.29,8.9546
5767.75,25.17,8.9546
5768.75,25.18,8.9546
5769.75,25.21,8.9546
5770.75,25.15,8.9546
5771.76,25.16,8.9546
5772.76,25.24,8.9546
5773.76,25.11,8.9546
5774.76,25.21,8.9546
5775.76,25.11,8.9546
5776.76,25.11,8.9546
5777.76,25.27,8.9546
5778.77,25.17,8.9546
5779.77,25.17,8.9546
5780.77,25.21,8.9546
5781.77,25.14,8.9546
5782.77,25.19,8.9546
5783.77,25.26,8.9546
5784.78,25.15,8.9546
5785.78,25.27,8.9546
5786.78,25.14,8.9546
5787.78,25.2,8.9546
5788.78,25.17,8.9546
5789.78,25.29,8.9546
5790.78,25.17,8.9546
5791.78,25.17,8.9546
5792.79,25.29,8.9546
5793.79,25.13,8.9546
5794.79,25.21,8.9546
5795.79,25.11,8.9546
5796.79,25.11,8.9546
5797.79,25.21,8.9546
5798.79,25.14,8.9546
5799.8,25.21,8.9546
5800.8,25.15,8.9546
5801.8,25.17,8.9546
5802.8,25.25,8.9546
5803.8,25.11,8.9546
5804.8,25.13,8.9546
5805.8,25.12,8.9546
5806.81,25.26,8.9546
5807.81,25.17,8.9546
5808.81,25.27,8.9546
5809.81,25.16,8.9546
5810.81,25.17,8.9546
5811.81,25.26,8.9546
5812.81,25.19,8.9546
5813.82,25.25,8.9546
5814.82,25.12,8.9546
5815.82,25.12,8.9546
5816.82,25.22,8.9546
5817.82,25.12,8.9546
5818.82,25.12,8.9546
5819.83,25.21,8.9546
5820.83,25.12,8.9546
5821.83,25.21,8.9546
5822.83,25.18,8.9546
5823.83,25.17,8.9546
5824.83,25.27,8.9546
5825.84,25.17,8.9546
5826.84,25.26,8.9546
5827.84,25.17,8.9546
5828.84,25.17,8.9546
5829.84,25.28,8.9546
5830.84,25.17,8.9546
5831.84,25.18,8.9546
5832.84,25.29,8.9546
5833.85,25.16,8.9546
5834.85,25.16,8.9546
5835.85,25.26,8.9546
5836.85,25.17,8.9546
5837.85,25.17,8.9546
5838.85,25.27,8.9546
5839.86,25.12,8.9546
5840.86,25.24,8.9546
5841.86,25.18,8.9546
5842.86,25.19,8.9546
5843.86,25.27,8.9546
5844.86,25.19,8.9546
5845.86,25.13,8.9546
5846.87,25.23,8.9546
5847.87,25.15,8.9546
5848.87,25.13,8.9546
5849.87,25.26,8.9546
5850.87,25.15,8.9546
5851.87,25.25,8.9546
5852.87,25.11,8.9546
5853.88,25.1,8.9546
5854.88,25.23,8.9546
5855.88,25.17,8.9546
5856.88,25.18,8.9546
5857.88,25.27,8.9546
5858.88,25.17,8.9546
5859.88,25.26,8.9546
5860.89,25.18,8.9546
5861.89,25.18,8.9546
5862.89,25.28,8.9546
5863.89,25.17,8.9546
5864.89,25.27,8.9546
5865.89,25.16,8.9546
5866.9,25.18,8.9546
5867.9,25.26,8.9546
5868.9,25.17,8.9546
5869.9,25.13,8.9546
5870.9,25.21,8.9546
5871.9,25.12,8.9546
5872.9,25.23,8.9546
5873.91,25.11,8.9546
5874.91,25.12,8.9546
5875.91,25.22,8.9546
5876.91,25.12,8.9546
5877.91,25.16,8.9546
5878.91,25.26,8.9546
5879.92,25.17,8.9546
5880.92,25.27,8.9546
5881.92,25.17,8.9546
5882.92,25.19,8.9546
5883.92,25.27,8.9546
5884.92,25.17,8.9546
5885.92,25.27,8.9546
5886.93,25.18,8.9546
5887.93,25.17,8.9546
5888.93,25.27,8.9546
5889.93,25.18,8.9546
5890.93,25.17,8.9546
5891.93,25.3,8.9546
5892.93,25.19,8.9546
5893.94,25.17,8.9546
5894.94,25.23,8.9546
5895.94,25.12,8.9546
5896.94,25.15,8.9546
5897.94,25.19,8.9546
5898.94,25.27,8.9546
5899.94,25.17,8.9546
5900.94,25.28,8.9546
5901.95,25.18,8.9546
5902.95,25.19,8.9546
5903.95,25.28,8.9546
5904.95,25.19,8.9546
5905.95,25.17,8.9546
5906.95,25.17,8.9546
5907.95,25.27,8.9546
5908.96,25.16,8.9546
5909.96,25.27,8.9546
5910.96,25.15,8.9546
5911.96,25.18,8.9546
5912.96,25.28,8.9546
5913.96,25.16,8.9546
5914.96,25.12,8.9546
5915.97,25.24,8.9546
5916.97,25.16,8.9546
5917.97,25.27,8.9546
5918.97,25.18,8.9546
5919.97,25.18,8.9546
5920.97,25.28,8.9546
5921.97,25.18,8.9546
5922.98,25.29,8.9546
5923.98,25.17,8.9546
5924.98,25.17,8.9546
5925.98,25.27,8.9546
5926.98,25.18,8.9546
5927.98,25.19,8.9546
5928.98,25.27,8.9546
5929.99,25.19,8.9546
5930.99,25.17,8.9546
5931.99,25.17,8.9546
5932.99,25.29,8.9546
5933.99,25.17,8.9546
5934.99,25.27,8.9546
5935.99,25.17,8.9546
5937.0,25.18,8.9546
5938.0,25.21,8.9546
5939.0,25.11,8.9546
5940.0,25.22,8.9546
5941.0,25.12,8.9546
5942.0,25.13,8.9547
5943.01,25.23,8.9547
5944.01,25.12,8.9547
5945.01,25.12,8.9547
5946.01,25.22,8.9547
5947.01,25.12,8.9547
5948.01,25.21,8.9547
5949.01,25.13,8.9547
5950.02,25.13,8.9547
5951.02,25.29,8.9547
5952.02,25.18,8.9547
5953.02,25.21,8.9547
5954.02,25.17,8.9547
5955.02,25.27,8.9547
5956.02,25.19,8.9547
5957.02,25.28,8.9547
5958.03,25.17,8.9547
5959.03,25.18,8.9547
5960.03,25.27,8.9547
5961.03,25.17,8.9547
5962.03,25.28,8.9547
5963.03,25.21,8.9547
5964.04,25.57,8.9564
5965.04,25.27,8.9564
5966.04,25.17,8.9564
5967.04,25.18,8.9564
5968.04,25.27,8.9564
5969.04,25.17,8.9564
5970.04,25.27,8.9564
5971.05,25.17,8.9564
5972.05,25.16,8.9564
5973.05,25.25,8.9564
5974.05,25.15,8.9564
5975.05,25.17,8.9564
5976.05,25.27,8.9564
5977.06,25.13,8.9564
5978.06,25.22,8.9564
5979.06,25.17,8.9564
5980.06,25.15,8.9564
5981.06,25.28,8.9564
5982.06,25.17,8.9564
5983.06,25.28,8.9564
5984.07,25.16,8.9564
5985.07,25.16,8.9564
5986.07,25.22,8.9564
5987.07,25.18,8.9564
5988.07,25.17,8.9564
5989.07,25.27,8.9564
5990.08,25.16,8.9564
5991.08,25.27,8.9564
5992.08,25.18,8.9564
5993.08,25.18,8.9564
5994.08,25.27,8.9564
5995.08,25.17,8.9564
5996.08,25.27,8.9564
5997.09,25.19,8.9564
5998.09,25.17,8.9564
5999.09,25.28,8.9564
6000.09,25.19,8.9564
6001.09,25.18,8.9564
6002.09,25.28,8.9564
6003.09,25.19,8.9564
6004.1,25.17,8.9564
6005.1,25.27,8.9564
6006.1,25.17,8.9564
6007.1,25.25,8.9564
6008.1,25.12,8.9564
6009.1,25.13,8.9564
6010.1,25.27,8.9564
6011.11,25.17,8.9564
6012.11,25.19,8.9564
6013.11,25.29,8.9564
6014.11,25.16,8.9564
6015.11,25.17,8.9564
6016.11,25.27,8.9564
6017.11,25.18,8.9564
6018.12,25.17,8.9564
6019.12,25.27,8.9564
6020.12,25.18,8.9564
6021.12,25.28,8.9564
6022.12,25.18,8.9564
6023.12,25.18,8.9564
6024.13,25.27,8.9564
6025.13,25.17,8.9564
6026.13,25.18,8.9564
6027.13,25.28,8.9564
6028.13,25.17,8.9564
6029.13,25.28,8.9564
6030.13,25.19,8.9564
6031.14,25.17,8.9564
6032.14,25.29,8.9564
6033.14,25.19,8.9564
6034.14,25.17,8.9564
6035.14,25.29,8.9564
6036.14,25.17,8.9564
6037.14,25.18,8.9564
6038.14,25.28,8.9564
6039.15,25.14,8.9564
6040.15,25.12,8.9564
6041.15,25.27,8.9564
6042.15,25.18,8.9564
6043.15,25.28,8.9564
6044.15,25.26,8.9564
6045.16,25.17,8.9564
6046.16,25.27,8.9564
6047.16,25.17,8.9564
6048.16,25.17,8.9564
6049.16,25.26,8.9564
6050.16,25.17,8.9564
6051.16,25.27,8.9564
6052.17,25.17,8.9564
6053.17,25.17,8.9564
6054.17,25.26,8.9564
6055.17,25.15,8.9564
6056.17,25.17,8.9564
6057.17,25.28,8.9564
6058.17,25.18,8.9564
6059.18,25.27,8.9564
6060.18,25.17,8.9564
6061.18,25.18,8.9564
6062.18,25.27,8.9564
6063.18,25.17,8.9564
6064.18,25.17,8.9564
6065.19,25.27,8.9564
6066.19,25.17,8.9564
6067.19,25.28,8.9564
6068.19,25.16,8.9564
6069.19,25.16,8.9564
6070.19,25.24,8.9564
6071.19,25.17,8.9565
6072.2,25.29,8.9565
6073.2,25.19,8.9565
6074.2,25.16,8.9565
6075.2,25.21,8.9565
6076.2,25.11,8.9565
6077.2,25.11,8.9565
6078.21,25.21,8.9565
6079.21,25.14,8.9565
6080.21,25.21,8.9565
6081.21,25.12,8.9565
6082.21,25.12,8.9565
6083.21,25.27,8.9565
6084.21,25.17,8.9565
6085.22,25.27,8.9565
6086.22,25.17,8.9565
6087.22,25.14,8.9565
6088.22,25.21,8.9565
6089.22,25.17,8.9565
6090.22,25.17,8.9565
6091.23,25.27,8.9565
6092.23,25.18,8.9565
6093.23,25.29,8.9565
6094.23,25.12,8.9565
6095.23,25.11,8.9565
6096.23,25.24,8.9565
6097.23,25.18,8.9565
6098.24,25.27,8.9565
6099.24,25.18,8.9565
6100.24,25.16,8.9565
6101.24,25.28,8.9565
6102.24,25.18,8.9565
6103.24,25.18,8.9565
6104.25,25.27,8.9565
6105.25,25.21,8.9565
6106.25,25.23,8.9565
6107.25,25.18,8.9565
6108.25,25.16,8.9565
6109.25,25.29,8.9565
6110.25,25.17,8.9565
6111.26,25.17,8.9565
6112.26,25.29,8.9565
6113.26,25.19,8.9565
6114.26,25.17,8.9565
6115.26,25.29,8.9565
6116.26,25.17,8.9565
6117.26,25.17,8.9565
6118.27,25.27,8.9565
6119.27,25.17,8.9565
6120.27,25.17,8.9565
6121.27,25.26,8.9565
6122.27,25.16,8.9565
6123.27,25.29,8.9565
6124.27,25.17,8.9565
6125.28,25.15,8.9565
6126.28,25.22,8.9565
6127.28,25.16,8.9565
6128.28,25.17,8.9565
6129.28,25.28,8.9565
6130.28,25.17,8.9565
6131.28,25.22,8.9565
6132.29,25.13,8.9565
6133.29,25.13,8.9565
6134.29,25.26,8.9565
6135.29,25.17,8.9565
6136.29,25.17,8.9565
6137.29,25.3,8.9565
6138.29,25.17,8.9565
6139.3,25.17,8.9565
6140.3,25.27,8.9565
6141.3,25.16,8.9565
6142.3,25.28,8.9565
6143.3,25.19,8.9565
6144.3,25.17,8.9565
6145.31,25.38,8.9565
6146.31,25.17,8.9565
6147.31,25.18,8.9565
6148.31,25.27,8.9565
6149.31,25.17,8.9565
6150.31,25.27,8.9565
6151.31,25.17,8.9565
6152.32,25.18,8.9565
6153.32,25.3,8.9565
6154.32,25.17,8.9565
6155.32,25.17,8.9565
6156.32,25.27,8.9565
6157.32,25.14,8.9565
6158.32,25.21,8.9565
6159.33,25.17,8.9565
6160.33,25.15,8.9565
6161.33,25.27,8.9565
6162.33,25.18,8.9565
6163.33,25.18,8.9565
6164.33,25.27,8.9565
6165.34,25.16,8.9565
6166.34,25.23,8.9565
6167.34,25.17,8.9565
6168.34,25.18,8.9565
6169.34,25.26,8.9565
6170.34,25.14,8.9565
6171.34,25.15,8.9565
6172.35,25.25,8.9565
6173.35,25.15,8.9565
6174.35,25.15,8.9565
6175.35,25.27,8.9565
6176.35,25.18,8.9565
6177.35,25.28,8.9565
6178.35,25.16,8.9565
6179.36,25.17,8.9565
6180.36,25.27,8.9565
6181.36,25.17,8.9565
6182.36,25.28,8.9565
6183.36,25.18,8.9565
6184.36,25.17,8.9565
6185.37,25.27,8.9565
6186.37,25.17,8.9565
6187.37,25.18,8.9565
6188.37,25.27,8.9565
6189.37,25.21,8.9565
6190.37,25.28,8.9565
6191.37,25.18,8.9565
6192.38,25.18,8.9565
6193.38,25.29,8.9565
6194.38,25.17,8.9565
6195.38,25.17,8.9565
6196.38,25.24,8.9565
6197.38,25.18,8.9565
6198.38,25.26,8.9565
6199.39,25.15,8.9565
6200.39,25.16,8.9565
6201.39,25.27,8.9565
6202.39,25.16,8.9565
6203.39,25.25,8.9565
6204.39,25.18,8.9565
6205.39,25.17,8.9565
6206.4,25.17,8.9565
6207.4,25.27,8.9565
6208.4,25.16,8.9565
6209.4,25.25,8.9565
6210.4,25.1,8.9565
6211.4,25.13,8.9565
6212.4,25.22,8.9565
6213.41,25.13,8.9565
6214.41,25.12,8.9565
6215.41,25.27,8.9565
6216.41,25.17,8.9565
6217.41,25.28,8.9565
6218.41,25.17,8.9565
6219.42,25.17,8.9565
6220.42,25.27,8.9565
6221.42,25.18,8.9565
6222.42,25.18,8.9565
6223.42,25.28,8.9565
6224.42,25.17,8.9565
6225.42,25.27,8.9565
6226.43,25.18,8.9565
6227.43,25.18,8.9565
6228.43,25.27,8.9565
6229.43,25.17,8.9565
6230.43,25.17,8.9565
6231.43,25.27,8.9565
6232.44,25.18,8.9565
6233.44,25.29,8.9565
6234.44,25.22,8.9565
6235.44,25.17,8.9565
6236.44,25.26,8.9565
6237.44,25.17,8.9565
6238.44,25.16,8.9565
6239.45,25.27,8.9565
6240.45,25.17,8.9565
6241.45,25.28,8.9565
6242.45,25.18,8.9565
6243.45,25.18,8.9565
6244.45,25.29,8.9565
6245.45,25.17,8.9565
6246.46,25.17,8.9565
6247.46,25.28,8.9565
6248.46,25.17,8.9565
6249.46,25.18,8.9565
6250.46,25.25,8.9565
6251.46,25.12,8.9565
6252.46,25.23,8.9565
6253.47,25.13,8.9565
6254.47,25.11,8.9565
6255.47,25.22,8.9565
6256.47,25.12,8.9565
6257.47,25.22,8.9565
6258.47,25.12,8.9565
6259.48,25.12,8.9565
6260.48,25.22,8.9565
6261.48,25.17,8.9565
6262.48,25.18,8.9565
6263.48,25.28,8.9565
6264.48,25.17,8.9565
6265.48,25.22,8.9565
6266.49,25.11,8.9565
6267.49,25.12,8.9565
6268.49,25.23,8.9565
6269.49,25.11,8.9565
6270.49,25.11,8.9565
6271.49,25.24,8.9565
6272.49,25.18,8.9565
6273.5,25.18,8.9565
6274.5,25.27,8.9565
6275.5,25.17,8.9565
6276.5,25.27,8.9565
6277.5,25.13,8.9565
6278.5,25.13,8.9565
6279.51,25.28,8.9565
6280.51,25.17,8.9565
6281.51,25.16,8.9565
6282.51,25.28,8.9565
6283.51,25.18,8.9565
6284.51,25.27,8.9565
6285.51,25.16,8.9565
6286.52,25.17,8.9565
6287.52,25.28,8.9565
6288.52,25.17,8.9565
6289.52,25.17,8.9565
6290.52,25.26,8.9565
6291.52,25.17,8.9565
6292.52,25.27,8.9565
6293.53,25.18,8.9565
6294.53,25.17,8.9565
6295.53,25.29,8.9565
6296.53,25.17,8.9565
6297.53,25.18,8.9565
6298.53,25.28,8.9565
6299.53,25.2,8.9565
6300.53,25.17,8.9565
6301.54,25.27,8.9565
6302.54,25.18,8.9565
6303.54,25.15,8.9565
6304.54,25.25,8.9565
6305.54,25.16,8.9565
6306.54,25.17,8.9565
6307.54,25.3,8.9565
6308.55,25.13,8.9565
6309.55,25.13,8.9565
6310.55,25.27,8.9565
6311.55,25.17,8.9565
6312.55,25.25,8.9565
6313.55,25.28,8.9566
6314.55,25.18,8.9565
6315.56,25.17,8.9565
6316.56,25.28,8.9565
6317.56,25.18,8.9566
6318.56,25.17,8.9566
6319.56,25.28,8.9566
6320.56,25.17,8.9566
6321.56,25.27,8.9566
6322.57,25.2,8.9566
6323.57,25.17,8.9566
6324.57,25.28,8.9566
6325.57,25.16,8.9566
6326.57,25.17,8.9566
6327.57,25.28,8.9566
6328.57,25.17,8.9566
6329.58,25.17,8.9566
6330.58,25.24,8.9565
6331.58,25.14,8.9565
6332.58,25.27,8.9567
6333.58,25.12,8.9567
6334.58,25.13,8.9567
6335.59,25.26,8.9567
6336.59,25.17,8.9567
6337.59,25.27,8.9567
6338.59,25.17,8.9567
6339.59,25.11,8.9567
6340.59,25.21,8.9567
6341.59,25.11,8.9567
6342.6,25.14,8.9567
6343.6,25.21,8.9567
6344.6,25.17,8.9567
6345.6,25.26,8.9567
6346.6,25.17,8.9567
6347.6,25.18,8.9567
6348.61,25.27,8.9567
6349.61,25.17,8.9567
6350.61,25.17,8.9567
6351.61,25.27,8.9567
6352.61,25.2,8.9567
6353.61,25.26,8.9567
6354.61,25.16,8.9567
6355.62,25.17,8.9567
6356.62,25.26,8.9567
6357.62,25.18,8.9567
6358.62,25.16,8.9567
6359.62,25.21,8.9567
6360.62,25.13,8.9567
6361.62,25.23,8.9567
6362.63,25.19,8.9567
6363.63,25.17,8.9567
6364.63,25.27,8.9567
6365.63,25.17,8.9567
6366.63,25.27,8.9567
6367.63,25.18,8.9567
6368.64,25.12,8.9567
6369.64,25.25,8.9567
6370.64,25.17,8.9567
6371.64,25.16,8.9567
6372.64,25.29,8.9567
6373.64,25.16,8.9567
6374.64,25.22,8.9567
6375.65,25.17,8.9567
6376.65,25.14,8.9567
6377.65,25.24,8.9567
6378.65,25.11,8.9567
6379.65,25.23,8.9567
6380.65,25.16,8.9567
6381.66,25.17,8.9567
6382.66,25.3,8.9567
6383.66,25.17,8.9567
6384.66,25.17,8.9567
6385.66,25.27,8.9567
6386.66,25.18,8.9567
6387.66,25.28,8.9567
6388.67,25.16,8.9567
6389.67,25.16,8.9567
6390.67,25.27,8.9567
6391.67,25.17,8.9567
6392.67,25.2,8.9567
6393.67,25.27,8.9567
6394.68,25.17,8.9567
6395.68,25.27,8.9567
6396.68,25.17,8.9567
6397.68,25.17,8.9567
6398.68,25.27,8.9567
6399.68,25.17,8.9567
6400.68,25.28,8.9567
6401.69,25.18,8.9567
6402.69,25.29,8.9567
6403.69,25.28,8.9567
6404.69,25.15,8.9567
6405.69,25.17,8.9567
6406.69,25.27,8.9567
6407.69,25.19,8.9567
6408.7,25.17,8.9567
6409.7,25.27,8.9567
6410.7,25.17,8.9567
6411.7,25.28,8.9567
6412.7,25.21,8.9568
6413.7,25.16,8.9568
6414.71,25.27,8.9568
6415.71,25.17,8.9568
6416.71,25.17,8.9568
6417.71,25.28,8.9568
6418.71,25.17,8.9568
6419.71,25.27,8.9568
6420.71,25.17,8.9568
6421.72,25.17,8.9568
6422.72,25.32,8.9568
6423.72,25.16,8.9568
6424.72,25.14,8.9568
6425.72,25.27,8.9568
6426.72,25.16,8.9568
6427.72,25.17,8.9568
6428.73,25.28,8.9568
6429.73,25.17,8.9568
6430.73,25.27,8.9568
6431.73,25.17,8.9568
6432.73,25.19,8.9568
6433.73,25.26,8.9568
6434.73,25.16,8.9568
6435.74,25.16,8.9568
6436.74,25.26,8.9568
6437.74,25.17,8.9568
6438.74,25.26,8.9568
6439.74,25.16,8.9568
6440.74,25.16,8.9568
6441.74,25.29,8.9568
6442.75,25.19,8.9568
6443.75,25.17,8.9568
6444.75,25.27,8.9568
6445.75,25.16,8.9568
6446.75,25.17,8.9568
6447.75,25.29,8.9568
6448.75,25.17,8.9568
6449.76,25.27,8.9568
6450.76,25.16,8.9568
6451.76,25.17,8.9568
6452.76,25.29,8.9568
6453.76,25.17,8.9568
6454.76,25.17,8.9568
6455.77,25.27,8.9568
6456.77,25.17,8.9568
6457.77,25.28,8.9568
6458.77,25.18,8.9568
6459.77,25.17,8.9568
6460.77,25.25,8.9568
6461.77,25.16,8.9568
6462.78,25.28,8.9568
6463.78,25.18,8.9568
6464.78,25.17,8.9568
6465.78,25.24,8.9568
6466.78,25.12,8.9568
6467.78,25.13,8.9568
6468.78,25.22,8.9568
6469.79,25.12,8.9568
6470.79,25.12,8.9567
6471.79,25.23,8.9567
6472.79,25.19,8.9567
6473.79,25.17,8.9568
6474.79,25.29,8.9568
6475.79,25.18,8.9568
6476.8,25.18,8.9568
6477.8,25.28,8.9568
6478.8,25.17,8.9568
6479.8,25.17,8.9568
6480.8,25.27,8.9568
6481.8,25.17,8.9568
6482.8,25.29,8.9568
6483.81,25.17,8.9568
6484.81,25.17,8.9568
6485.81,25.27,8.9568
6486.81,25.15,8.9568
6487.81,25.28,8.9568
6488.81,25.14,8.9568
6489.82,25.15,8.9568
6490.82,25.27,8.9568
6491.82,25.17,8.9568
6492.82,25.19,8.9568
6493.82,25.23,8.9568
6494.82,25.11,8.9568
6495.82,25.13,8.9568
6496.83,25.26,8.9568
6497.83,25.12,8.9568
6498.83,25.22,8.9568
6499.83,25.17,8.9568
6500.83,25.17,8.9568
6501.83,25.27,8.9568
6502.84,25.19,8.9568
6503.84,25.26,8.9568
6504.84,25.12,8.9568
6505.84,25.17,8.9568
6506.84,25.28,8.9568
6507.84,25.17,8.9568
6508.84,25.17,8.9568
6509.85,25.27,8.9568
6510.85,25.17,8.9568
6511.85,25.28,8.9568
6512.85,25.18,8.9568
6513.85,25.17,8.9568
6514.85,25.27,8.9568
6515.86,25.17,8.9568
6516.86,25.28,8.9568
6517.86,25.16,8.9568
6518.86,25.18,8.9568
6519.86,25.27,8.9568
6520.86,25.17,8.9568
6521.86,25.18,8.9568
6522.87,25.28,8.9568
6523.87,25.14,8.9568
6524.87,25.27,8.9568
6525.87,25.16,8.9568
6526.87,25.18,8.9568
6527.87,25.27,8.9568
6528.88,25.17,8.9568
6529.88,25.27,8.9568
6530.88,25.17,8.9567
6531.88,25.15,8.9567
6532.88,25.26,8.9567
6533.88,25.17,8.9567
6534.88,25.21,8.9567
6535.89,25.11,8.9567
6536.89,25.13,8.9567
6537.89,25.26,8.9567
6538.89,25.16,8.9567
6539.89,25.17,8.9567
6540.89,25.27,8.9567
6541.9,25.17,8.9567
6542.9,25.29,8.9567
6543.9,34.71,5.9364
6544.9,82.0,2.4472
6545.9,91.71,2.7452
6546.9,84.84,3.1138
6547.9,61.23,2.2105
6548.9,82.37,2.4916
6549.91,86.92,2.6532
6550.91,88.37,3.0523
6551.91,80.01,3.4874
6552.91,77.26,3.9421
6553.91,76.0,4.3841
6554.91,76.6,4.8241
6555.91,76.26,5.3064
6556.92,76.98,5.7251
6557.92,75.34,6.1258
6558.92,75.51,6.5206
6559.92,76.03,7.0552
6560.92,80.45,7.4027
6561.92,57.39,7.4034
6562.92,73.2,7.4034
6563.93,62.9,7.4039
6564.93,34.72,7.4039
6565.93,37.55,7.4039
6566.93,25.19,7.4039
6567.93,26.38,7.3935
6568.93,32.9,7.3935
6569.94,36.11,7.5658
6570.94,25.3,7.6149
6571.94,25.97,7.6149
6572.94,25.75,7.6149
6573.94,25.23,7.6149
6574.94,25.16,7.6149
6575.94,25.77,7.6149
6576.95,25.13,7.6149
6577.95,25.14,7.6149
6578.95,32.97,7.6166
6579.95,26.79,7.6349
6580.95,25.18,7.6349
6581.95,25.29,7.6349
6582.95,25.21,7.6349
6583.96,25.29,7.6349
6584.96,25.18,7.6349
6585.96,25.18,7.6349
6586.96,25.29,7.6349
6587.96,25.54,7.6349
6588.96,32.75,7.6354
6589.97,25.15,7.6355
6590.97,25.16,7.6355
6591.97,25.28,7.6355
6592.97,25.14,7.6355
6593.97,25.22,7.6355
6594.97,25.16,7.6355
6595.98,25.22,7.6355
6596.98,32.12,7.6356
6597.98,25.93,7.6356
6598.98,25.29,7.6356
6599.98,25.21,7.6356
6600.98,25.19,7.6356
6601.98,25.31,7.6356
6602.99,25.2,7.6356
6603.99,25.19,7.6356
6604.99,25.32,7.6356
6605.99,34.23,7.8043
6606.99,25.2,7.8043
6607.99,25.32,7.8043
6608.99,25.28,7.8043
6610.0,25.17,7.8043
6611.0,25.31,7.8043
6612.0,25.2,7.8043
6613.0,25.21,7.8043
6614.0,25.29,7.8043
6615.0,25.21,7.8136
6616.0,25.18,8.3019
6617.01,25.29,8.6529
6618.01,42.2,8.948
6619.01,25.29,8.948
6620.01,25.18,8.948
6621.01,25.18,8.948
6622.01,25.3,8.948
6623.02,25.21,8.948
6624.02,25.29,8.948
6625.02,25.19,8.948
6626.02,25.19,8.948
6627.02,25.28,8.948
6628.02,25.19,8.948
6629.03,25.57,8.9483
6630.03,25.19,8.9483
6631.03,25.29,8.9483
6632.03,25.2,8.9483
6633.03,25.88,8.9483
6634.03,25.22,8.9483
6635.04,25.13,8.9483
6636.04,25.23,8.9483
6637.04,25.17,8.9483
6638.04,25.17,8.9483
6639.04,25.36,8.9483
6640.04,25.17,8.9483
6641.04,25.27,8.9483
6642.05,25.18,8.9483
6643.05,25.2,8.9483
6644.05,25.28,8.9483
6645.05,25.17,8.9483
6646.05,25.28,8.9483
6647.05,25.19,8.9483
6648.06,25.18,8.9483
6649.06,25.25,8.9483
6650.06,25.17,8.9487
6651.06,25.35,8.9487
6652.06,25.19,8.9487
6653.06,25.29,8.9487
6654.07,25.18,8.9487
6655.07,25.18,8.9487
6656.07,25.28,8.9487
6657.07,25.19,8.9487
6658.07,25.28,8.9487
6659.07,25.18,8.9487
6660.08,25.18,8.9487
6661.08,25.33,8.9487
6662.08,25.19,8.9487
6663.08,25.58,8.9488
6664.08,25.12,8.9488
6665.08,25.11,8.9488
6666.09,25.33,8.9488
6667.09,25.19,8.9488
6668.09,25.28,8.9488
6669.09,25.19,8.9488
6670.09,25.17,8.9488
6671.09,25.28,8.9488
6672.1,25.24,8.9488
6673.1,25.35,8.9488
6674.1,25.12,8.9488
6675.1,25.22,8.9488
6676.1,25.19,8.9488
6677.1,25.14,8.9488
6678.11,25.28,8.9488
6679.11,25.15,8.9488
6680.11,25.24,8.9488
6681.11,25.14,8.9488
6682.11,25.21,8.9488
6683.11,25.29,8.9488
6684.12,25.14,8.9488
6685.12,25.26,8.9488
6686.12,25.18,8.9488
6687.12,25.19,8.9488
6688.12,25.28,8.9488
6689.12,25.17,8.9488
6690.13,25.27,8.9488
6691.13,25.19,8.9488
6692.13,25.18,8.9488
6693.13,25.46,8.9491
6694.13,25.2,8.9491
6695.13,25.29,8.9491
6696.13,25.19,8.9491
6697.14,25.2,8.9491
6698.14,25.28,8.9491
6699.14,25.2,8.9491
6700.14,25.28,8.9491
6701.14,25.17,8.9491
6702.14,25.19,8.9491
6703.14,25.36,8.9491
6704.15,25.17,8.9491
6705.15,25.18,8.9491
6706.15,25.22,8.9491
6707.15,25.17,8.9491
6708.15,25.15,8.9491
6709.15,25.29,8.9491
6710.16,25.19,8.9491
6711.16,25.29,8.9491
6712.16,25.2,8.9491
6713.16,25.32,8.9491
6714.16,25.23,8.9493
6715.16,25.19,8.9493
6716.16,25.29,8.9493
6717.17,25.18,8.9493
6718.17,25.18,8.9493
6719.17,25.24,8.9493
6720.17,25.17,8.9494
6721.17,25.18,8.9494
6722.17,25.29,8.9494
6723.17,25.19,8.9494
6724.18,25.32,8.9494
6725.18,25.17,8.9494
6726.18,25.17,8.9494
6727.18,25.29,8.9494
6728.18,25.17,8.9494
6729.18,25.29,8.9494
6730.19,25.18,8.9494
6731.19,25.18,8.9494
6732.19,25.32,8.9494
6733.19,25.22,8.9494
6734.19,25.17,8.9494
6735.19,25.32,8.9495
6736.2,25.18,8.9495
6737.2,25.3,8.9495
6738.2,25.17,8.9495
6739.2,25.16,8.9495
6740.2,25.3,8.9495
6741.2,25.18,8.9495
6742.2,25.19,8.9495
6743.21,25.3,8.9495
6744.21,25.17,8.9495
6745.21,25.26,8.9495
6746.21,25.23,8.9495
6747.21,25.18,8.9495
6748.21,25.28,8.9495
6749.21,25.13,8.9495
6750.22,25.14,8.9495
6751.22,25.27,8.9495
6752.22,25.18,8.9495
6753.22,25.25,8.9495
6754.22,25.13,8.9495
6755.22,25.13,8.9495
6756.22,25.24,8.9495
6757.23,25.19,8.9497
6758.23,25.13,8.9497
6759.23,25.25,8.9497
6760.23,25.12,8.9497
6761.23,25.14,8.9497
6762.23,25.28,8.9497
6763.23,25.15,8.9497
6764.24,25.2,8.9497
6765.24,25.1,8.9497
6766.24,25.12,8.9497
6767.24,25.41,8.9497
6768.24,25.12,8.9497
6769.24,25.23,8.9497
6770.25,25.13,8.9497
6771.25,25.13,8.9497
6772.25,25.24,8.9497
6773.25,25.15,8.9497
6774.25,25.23,8.9497
6775.25,25.13,8.9497
6776.26,25.33,8.9497
6777.26,25.14,8.9497
6778.26,25.18,8.9497
6779.26,25.23,8.9497
6780.26,25.15,8.9497
6781.26,25.27,8.9497
6782.27,25.18,8.9497
6783.27,25.18,8.9497
6784.27,25.27,8.9497
6785.27,25.18,8.9497
6786.27,25.27,8.9497
6787.27,25.18,8.9497
6788.28,25.22,8.9522
6789.28,25.3,8.9522
6790.28,25.18,8.9522
6791.28,25.29,8.9522
6792.28,25.19,8.9522
6793.28,30.2,8.9522
6794.29,25.15,8.9522
6795.29,25.15,8.9522
6796.29,25.27,8.9522
6797.29,25.19,8.9522
6798.29,25.27,8.9522
6799.29,25.22,8.9522
6800.3,25.17,8.9522
6801.3,25.27,8.9522
6802.3,25.2,8.9522
6803.3,25.3,8.9522
6804.3,25.18,8.9522
6805.3,25.17,8.9522
6806.31,25.28,8.9522
6807.31,25.19,8.9522
6808.31,25.28,8.9522
6809.31,25.17,8.9522
6810.31,25.21,8.9903
6811.31,25.28,8.9903
6812.32,25.19,8.9903
6813.32,25.3,8.9903
6814.32,25.19,8.9903
6815.32,25.19,8.9903
6816.32,25.28,8.9903
6817.32,25.19,8.9904
6818.33,25.29,8.9904
6819.33,25.19,8.9904
6820.33,25.28,8.9904
6821.33,25.23,8.9904
6822.33,25.18,8.9904
6823.33,25.19,8.9906
6824.33,25.3,8.9906
6825.34,25.19,8.9906
6826.34,25.21,8.9906
6827.34,25.3,8.9906
6828.34,25.18,8.9906
6829.34,25.27,8.9906
6830.34,25.18,8.9906
6831.34,25.27,8.9906
6832.35,25.18,9.0119
6833.35,25.23,9.0267
6834.35,25.28,9.0267
6835.35,25.16,9.0267
6836.35,25.25,9.0267
6837.35,25.15,9.0267
6838.36,25.17,9.0267
6839.36,25.29,9.0267
6840.36,25.17,9.0267
6841.36,25.27,9.0267
6842.36,25.18,9.0267
6843.36,25.35,9.0268
6844.37,25.27,9.0268
6845.37,25.17,9.0268
6846.37,25.27,9.0268
6847.37,25.18,9.0268
6848.37,25.17,9.0268
6849.37,25.29,9.0268
6850.38,25.18,9.0268
6851.38,25.27,9.0268
6852.38,25.19,9.0268
6853.38,25.31,9.0268
6854.38,25.22,9.0614
6855.38,25.16,9.0614
6856.39,25.27,9.0614
6857.39,25.19,9.0614
6858.39,25.27,9.0614
6859.39,25.17,9.0614
6860.39,25.19,9.0614
6861.39,25.27,9.0614
6862.39,25.18,9.0614
6863.4,25.16,9.0614
6864.4,25.23,9.0614
6865.4,25.17,9.0614
6866.4,25.27,9.0614
6867.4,25.2,9.0614
6868.4,25.29,9.0614
6869.41,25.17,9.0614
6870.41,25.15,9.0614
6871.41,25.23,9.0614
6872.41,25.13,9.0614
6873.41,25.24,9.0614
6874.41,25.15,9.0614
6875.42,25.16,9.0614
6876.42,25.22,9.0614
6877.42,25.19,9.0924
6878.42,25.24,9.0924
6879.42,25.2,9.0924
6880.42,25.13,9.0924
6881.43,25.22,9.0924
6882.43,25.13,9.0924
6883.43,25.24,9.0924
6884.43,25.13,9.0924
6885.43,25.12,9.0924
6886.43,25.24,9.0924
6887.44,25.19,9.0924
6888.44,25.28,9.0924
6889.44,25.17,9.0924
6890.44,25.24,9.0924
6891.44,25.17,9.0924
6892.44,25.2,9.0924
6893.44,25.7,9.0924
6894.45,25.18,9.0924
6895.45,25.19,9.0924
6896.45,25.3,9.0924
6897.45,25.19,9.0924
6898.45,25.19,9.0924
6899.45,25.27,9.0924
6900.46,25.23,9.1201
6901.46,25.28,9.1201
6902.46,25.19,9.1201
6903.46,25.2,9.1201
6904.46,25.29,9.1201
6905.46,25.18,9.1201
6906.46,25.3,9.1201
6907.47,25.19,9.1201
6908.47,25.21,9.1201
6909.47,25.29,9.1201
6910.47,25.18,9.1201
6911.47,25.23,9.1201
6912.47,25.28,9.1201
6913.48,25.19,9.1201
6914.48,25.27,9.1201
6915.48,25.18,9.1201
6916.48,25.18,9.1201
6917.48,25.28,9.1201
6918.48,25.18,9.1201
6919.48,25.28,9.1201
6920.49,25.18,9.1201
6921.49,25.18,9.1201
6922.49,25.48,9.1276
6923.49,25.19,9.1276
6924.49,25.18,9.1276
6925.49,25.28,9.1276
6926.5,25.18,9.1276
6927.5,25.27,9.1276
6928.5,25.16,9.1276
6929.5,25.18,9.1276
6930.5,25.28,9.1276
6931.5,25.18,9.1276
6932.5,25.29,9.1276
6933.51,25.23,9.1278
6934.51,25.19,9.1278
6935.51,25.27,9.1278
6936.51,25.14,9.1278
6937.51,25.13,9.1278
6938.51,25.23,9.1278
6939.52,25.14,9.1278
6940.52,25.22,9.1278
6941.52,25.12,9.1278
6942.52,25.25,9.1278
6943.52,25.2,9.1278
6944.52,25.23,9.1278
6945.52,25.28,9.1278
6946.53,25.17,9.1278
6947.53,25.19,9.1278
6948.53,25.29,9.1278
6949.53,25.18,9.1278
6950.53,25.28,9.1278
6951.53,25.17,9.1278
6952.54,25.18,9.1278
6953.54,25.3,9.1278
6954.54,25.19,9.1278
6955.54,25.29,9.1278
6956.54,25.24,9.1279
6957.54,25.3,9.1279
6958.55,25.18,9.1279
6959.55,25.17,9.1279
6960.55,25.29,9.1279
6961.55,25.17,9.1279
6962.55,25.2,9.1279
6963.55,25.3,9.1279
6964.55,25.17,9.1279
6965.56,25.19,9.1279
6966.56,25.23,9.1279
6967.56,25.18,9.1279
6968.56,25.11,9.1279
6969.56,25.24,9.1279
6970.56,25.1,9.1279
6971.56,25.23,9.1279
6972.57,25.15,9.1279
6973.57,25.13,9.1279
6974.57,25.24,9.1279
6975.57,25.13,9.1279
6976.57,25.13,9.1279
6977.57,25.23,9.1279
6978.57,25.13,9.1279
6979.58,25.19,9.1279
6980.58,25.25,9.1279
6981.58,25.12,9.1279
6982.58,25.26,9.1279
6983.58,25.13,9.1279
6984.58,25.13,9.1279
6985.59,25.26,9.1279
6986.59,25.28,9.1278
6987.59,25.87,9.1278
6988.59,25.13,9.1278
6989.59,25.22,9.1278
6990.59,25.36,9.1279
6991.6,25.17,9.1279
6992.6,25.3,9.1279
6993.6,25.17,9.1279
6994.6,25.27,9.1279
6995.6,25.17,9.1279
6996.6,25.17,9.1279
6997.61,25.25,9.1279
6998.61,25.18,9.1279
6999.61,25.26,9.1279
7000.61,25.17,9.1279
7001.61,25.17,9.1279
7002.61,25.35,9.1279
7003.62,25.17,9.1279
7004.62,25.23,9.1279
7005.62,25.16,9.1279
7006.62,25.17,9.1279
7007.62,25.28,9.1279
7008.62,25.17,9.1279
7009.63,25.32,9.1279
7010.63,25.18,9.1279
7011.63,25.17,9.1279
7012.63,25.3,9.1279
7013.63,25.21,9.1279
7014.63,25.29,9.1279
7015.63,25.18,9.1279
7016.64,25.17,9.1279
7017.64,25.26,9.1279
7018.64,25.12,9.1279
7019.64,25.23,9.1279
7020.64,25.16,9.1279
7021.64,25.28,9.1279
7022.65,25.21,9.1279
7023.65,25.18,9.1279
7024.65,25.27,9.1279
7025.65,25.2,9.1279
7026.65,25.27,9.1279
7027.65,25.18,9.1279
7028.66,25.15,9.1279
7029.66,25.23,9.1279
7030.66,25.16,9.1279
7031.66,25.28,9.1279
7032.66,25.27,9.1279
7033.66,25.18,9.1279
7034.66,25.27,9.1279
7035.67,25.15,9.1279
7036.67,25.17,9.1279
7037.67,25.34,9.128
7038.67,25.18,9.128
7039.67,25.29,9.128
7040.67,25.19,9.128
7041.68,25.2,9.128
7042.68,25.34,9.1281
7043.68,25.19,9.1281
7044.68,25.29,9.1281
7045.68,25.18,9.1281
7046.68,25.18,9.1281
7047.69,25.29,9.1281
7048.69,25.21,9.1281
7049.69,25.29,9.1281
7050.69,25.17,9.1281
7051.69,25.17,9.1281
7052.69,25.32,9.1281
7053.69,25.19,9.1281
7054.7,25.17,9.1281
7055.7,25.29,9.1281
7056.7,25.17,9.1281
7057.7,25.18,9.1281
7058.7,25.32,9.1281
7059.7,25.17,9.1281
7060.7,25.3,9.1281
7061.7,25.31,9.1281
7062.71,25.21,9.1281
7063.71,25.18,9.1281
7064.71,25.28,9.1281
7065.71,25.17,9.1281
7066.71,25.28,9.1281
7067.71,25.19,9.1281
7068.72,25.18,9.1281
7069.72,25.28,9.1281
7070.72,25.33,9.1281
7071.72,25.26,9.1281
7072.72,25.16,9.1281
7073.72,25.19,9.1281
7074.72,25.29,9.1281
7075.73,25.16,9.1281
7076.73,25.13,9.1281
7077.73,25.23,9.1281
7078.73,25.19,9.1281
7079.73,25.18,9.1281
7080.73,25.27,9.1281
7081.73,25.23,9.1281
7082.74,25.19,9.1281
7083.74,25.25,9.1281
7084.74,25.17,9.1281
7085.74,25.16,9.1281
7086.74,25.28,9.1281
7087.74,25.19,9.1281
7088.74,25.34,9.1281
7089.75,25.19,9.1281
7090.75,25.19,9.1281
7091.75,25.34,9.1281
7092.75,25.19,9.1281
7093.75,25.27,9.1281
7094.75,25.19,9.1281
7095.76,25.25,9.1281
7096.76,25.19,9.1281
7097.76,25.16,9.1281
7098.76,25.23,9.1281
7099.76,25.13,9.1281
7100.76,25.23,9.1281
7101.77,25.13,9.1281
7102.77,25.16,9.1281
7103.77,25.33,9.1281
7104.77,25.24,9.1281
7105.77,25.28,9.1281
7106.77,25.18,9.1281
7107.78,25.19,9.1281
7108.78,25.31,9.1281
7109.78,25.18,9.1281
7110.78,25.19,9.1281
7111.78,25.3,9.1281
7112.78,25.2,9.1281
7113.78,25.18,9.1281
7114.79,25.33,9.1281
7115.79,25.18,9.1281
7116.79,25.29,9.1281
7117.79,25.21,9.1281
7118.79,25.22,9.1281
7119.79,25.28,9.1281
7120.79,25.18,9.1281
7121.8,25.18,9.1281
7122.8,25.31,9.1281
7123.8,25.19,9.1281
7124.8,25.28,9.1281
7125.8,25.23,9.1282
7126.8,25.28,9.1282
7127.81,25.19,9.1282
7128.81,25.18,9.1282
7129.81,25.28,9.1282
7130.81,25.18,9.1282
7131.81,25.28,9.1282
7132.81,25.72,9.1282
7133.82,25.18,9.1282
7134.82,25.27,9.1282
7135.82,25.17,9.1283
7136.82,25.45,9.1283
7137.82,25.19,9.1283
7138.82,25.18,9.1283
7139.83,25.25,9.1283
7140.83,25.18,9.1283
7141.83,25.29,9.1283
7142.83,25.21,9.1283
7143.83,25.19,9.1283
7144.83,25.26,9.1283
7145.84,25.17,9.1283
7146.84,25.29,9.1283
7147.84,25.14,9.1283
7148.84,25.16,9.1283
7149.84,25.26,9.1283
7150.84,25.19,9.1283
7151.84,25.18,9.1283
7152.85,25.29,9.1283
7153.85,25.18,9.1283
7154.85,25.27,9.1283
7155.85,25.17,9.1283
7156.85,25.29,9.1283
7157.85,25.22,9.1283
7158.86,25.18,9.1283
7159.86,25.28,9.1283
7160.86,25.18,9.1283
7161.86,25.29,9.1283
7162.86,25.18,9.1283
7163.86,25.16,9.1283
7164.87,25.28,9.1283
7165.87,25.19,9.1283
7166.87,25.29,9.1283
7167.87,25.18,9.1283
7168.87,25.23,9.1283
7169.87,25.28,9.1283
7170.88,25.18,9.1283
7171.88,25.29,9.1283
7172.88,25.31,9.1283
7173.88,25.18,9.1283
7174.88,25.28,9.1283
7175.88,25.17,9.1283
7176.88,25.29,9.1283
7177.89,25.18,9.1283
7178.89,25.16,9.1283
7179.89,25.33,9.1283
7180.89,25.18,9.1283
7181.89,25.29,9.1283
7182.89,25.19,9.1283
7183.9,25.28,9.1283
7184.9,25.18,9.1283
7185.9,25.17,9.1283
7186.9,25.31,9.1283
7187.9,25.17,9.1283
7188.9,25.17,9.1283
7189.9,25.3,9.1283
7190.91,25.18,9.1283
7191.91,25.24,9.1283
7192.91,25.24,9.1283
7193.91,25.12,9.1283
7194.91,25.22,9.1283
7195.91,25.12,9.1283
7196.92,25.15,9.1283
7197.92,25.28,9.1283
7198.92,25.18,9.1283
7199.92,25.28,9.1283
7200.92,25.18,9.1283
7201.92,25.19,9.1283
7202.93,25.35,9.1283
7203.93,25.13,9.1283
7204.93,25.23,9.1283
7205.93,25.12,9.1283
7206.93,25.28,9.1283
7207.93,25.19,9.1283
7208.94,25.29,9.1283
7209.94,25.23,9.1283
7210.94,25.12,9.1283
7211.94,25.14,9.1283
7212.94,25.24,9.1283
7213.94,25.31,9.1283
7214.95,25.27,9.1283
7215.95,25.17,9.1283
7216.95,25.28,9.1283
7217.95,25.14,9.1283
7218.95,25.18,9.1283
7219.95,25.28,9.1283
7220.96,25.17,9.1283
7221.96,25.28,9.1283
7222.96,25.19,9.1283
7223.96,25.15,9.1283
7224.96,25.29,9.1285
7225.96,25.18,9.1285
7226.96,25.26,9.1285
7227.97,25.15,9.1286
7228.97,25.15,9.1286
7229.97,25.2,9.1286
7230.97,25.12,9.1286
7231.97,25.23,9.1286
7232.97,25.13,9.1286
7233.98,25.13,9.1286
7234.98,25.22,9.1286
7235.98,25.15,9.1286
7236.98,25.35,9.1287
7237.98,25.15,9.1287
7238.98,25.15,9.1287
7239.99,25.23,9.1287
7240.99,25.13,9.1287
7241.99,25.25,9.1287
7242.99,25.15,9.1287
7243.99,25.14,9.1287
7244.99,25.23,9.1287
7246.0,25.17,9.1287
7247.0,25.3,9.1287
7248.0,25.23,9.1288
7249.0,25.14,9.1288
7250.0,25.27,9.1288
7251.0,25.12,9.1288
7252.0,25.2,9.1288
7253.0,25.3,9.1288
7254.01,25.2,9.1288
7255.01,25.17,9.1288
7256.01,25.24,9.1288
7257.01,25.19,9.1288
7258.01,25.13,9.1288
7259.01,25.22,9.1288
7260.02,25.16,9.1288
7261.02,25.22,9.1288
7262.02,25.13,9.1288
7263.02,25.26,9.1288
7264.02,25.14,9.1288
7265.02,25.12,9.1288
7266.03,25.22,9.1288
7267.03,25.14,9.1288
7268.03,25.13,9.1288
7269.03,25.25,9.1288
7270.03,25.13,9.1288
7271.03,25.32,9.1288
7272.03,25.19,9.1288
7273.04,25.19,9.1288
7274.04,25.31,9.1288
7275.04,25.18,9.1288
7276.04,25.17,9.1288
7277.04,25.29,9.1288
7278.04,25.18,9.1288
7279.04,25.29,9.1288
7280.05,25.18,9.1288
7281.05,25.19,9.1288
7282.05,25.29,9.1288
7283.05,25.37,9.1288
7284.05,25.19,9.1288
7285.05,25.28,9.1288
7286.06,25.17,9.1288
7287.06,25.3,9.1288
7288.06,25.17,9.1288
7289.06,25.19,9.1288
7290.06,25.28,9.1288
7291.06,25.18,9.1288
7292.06,25.29,9.1288
7293.07,25.2,9.1288
7294.07,25.23,9.1289
7295.07,25.3,9.1289
7296.07,25.18,9.1289
7297.07,25.16,9.1289
7298.07,25.23,9.1289
7299.07,25.19,9.1289
7300.08,25.17,9.1289
7301.08,25.23,9.1289
7302.08,25.15,9.1289
7303.08,25.19,9.1289
7304.08,25.31,9.1289
7305.08,25.2,9.1292
7306.08,25.17,9.1292
7307.08,25.31,9.1292
7308.09,25.17,9.1292
7309.09,25.17,9.1292
7310.09,25.26,9.1292
7311.09,25.15,9.1292
7312.09,25.29,9.1292
7313.09,25.19,9.1292
7314.1,25.19,9.1292
7315.1,25.27,9.1292
7316.1,25.14,9.1292
7317.1,25.29,9.1292
7318.1,25.13,9.1292
7319.1,25.23,9.1292
7320.11,25.13,9.1292
7321.11,25.18,9.1292
7322.11,25.29,9.1292
7323.11,25.16,9.1292
7324.11,25.28,9.1292
7325.11,25.18,9.1292
7326.12,25.17,9.1292
7327.12,25.29,9.1292
7328.12,25.21,9.131
7329.12,25.27,9.131
7330.12,25.14,9.131
7331.12,25.27,9.131
7332.13,25.2,9.131
7333.13,25.2,9.131
7334.13,25.29,9.131
7335.13,25.19,9.131
7336.13,25.28,9.131
7337.13,25.2,9.131
7338.14,25.15,9.131
7339.14,25.23,9.131
7340.14,25.21,9.1313
7341.14,25.14,9.1313
7342.14,25.27,9.1313
7343.14,25.2,9.1313
7344.14,25.29,9.1313
7345.15,25.18,9.1313
7346.15,25.17,9.1313
7347.15,25.26,9.1313
7348.15,25.16,9.1313
7349.15,25.26,9.1313
7350.15,25.16,9.1313
7351.16,26.38,9.1313
7352.16,25.36,9.1321
7353.16,25.2,9.1321
7354.16,25.31,9.1321
7355.16,25.16,9.1321
7356.16,25.12,9.1321
7357.17,25.22,9.1321
7358.17,25.13,9.1321
7359.17,25.13,9.1321
7360.17,25.27,9.1321
7361.17,25.17,9.1321
7362.17,25.28,9.1321
7363.17,25.25,9.1322
7364.18,25.18,9.1322
7365.18,25.27,9.1322
7366.18,25.18,9.1322
7367.18,25.29,9.1322
7368.18,25.18,9.1322
7369.18,25.19,9.1322
7370.19,25.28,9.1322
7371.19,25.16,9.1322
7372.19,25.27,9.1322
7373.19,25.18,9.1322
7374.19,25.22,9.1337
7375.19,25.28,9.1337
7376.2,25.18,9.1337
7377.2,25.29,9.1337
7378.2,25.18,9.1337
7379.2,25.18,9.1337
7380.2,25.28,9.1337
7381.2,25.18,9.1337
7382.21,25.28,9.1337
7383.21,25.19,9.1337
7384.21,25.28,9.1337
7385.21,25.17,9.1337
7386.21,25.21,9.1337
7387.21,25.36,9.1337
7388.22,25.16,9.1337
7389.22,25.22,9.1337
7390.22,25.12,9.1337
7391.22,25.16,9.1337
7392.22,25.23,9.1337
7393.22,25.16,9.1337
7394.23,25.26,9.1337
7395.23,25.12,9.1337
7396.23,25.12,9.1337
7397.23,25.23,9.1337
7398.23,25.17,9.1341
7399.23,25.24,9.1341
7400.23,25.16,9.1341
7401.24,25.24,9.1341
7402.24,25.17,9.1341
7403.24,25.17,9.1341
7404.24,25.25,9.1341
7405.24,25.15,9.1341
7406.24,25.25,9.1342
7407.25,25.16,9.1341
7408.25,25.11,9.1341
7409.25,25.23,9.1342
7410.25,25.19,9.1343
7411.25,25.14,9.1343
7412.25,25.25,9.1343
7413.26,25.17,9.1343
7414.26,25.28,9.1343
7415.26,25.16,9.1343
7416.26,25.16,9.1343
7417.26,25.29,9.1343
7418.26,25.14,9.1343
7419.26,25.16,9.1343
7420.27,25.26,9.1343
7421.27,25.24,9.1353
7422.27,25.19,9.1353
7423.27,25.17,9.1353
7424.27,25.16,9.1353
7425.27,25.25,9.1353
7426.28,25.16,9.1353
7427.28,25.25,9.1353
7428.28,25.14,9.1353
7429.28,25.16,9.1353
7430.28,25.26,9.1353
7431.28,25.17,9.1353
7432.28,25.25,9.1353
7433.29,25.35,9.1354
7434.29,25.16,9.1354
7435.29,25.24,9.1354
7436.29,25.16,9.1354
7437.29,25.27,9.1354
7438.29,25.16,9.1354
7439.3,25.15,9.1354
7440.3,25.26,9.1354
7441.3,25.15,9.1354
7442.3,25.27,9.1354
7443.3,25.18,9.1354
7444.3,25.22,9.1359
7445.31,25.28,9.1359
7446.31,25.18,9.1359
7447.31,25.29,9.1359
7448.31,25.17,9.1359
7449.31,25.18,9.1359
7450.31,25.27,9.1359
7451.32,25.18,9.1359
7452.32,25.29,9.1359
7453.32,25.2,9.1359
7454.32,25.28,9.1359
7455.32,25.18,9.1359
7456.32,25.23,9.1361
7457.33,25.29,9.1361
7458.33,25.18,9.1361
7459.33,25.28,9.1361
7460.33,25.18,9.1361
7461.33,25.18,9.1361
7462.33,25.29,9.1361
7463.34,25.19,9.1361
7464.34,25.28,9.1361
7465.34,25.15,9.1361
7466.34,25.12,9.1361
7467.34,25.32,9.1371
7468.34,25.18,9.1371
7469.34,25.27,9.1371
7470.35,25.18,9.1371
7471.35,25.17,9.1371
7472.35,25.28,9.1371
7473.35,25.21,9.1371
7474.35,25.28,9.1371
7475.35,25.17,9.1371
7476.36,25.16,9.1371
7477.36,25.23,9.1371
7478.36,25.15,9.1371
7479.36,25.41,9.1371
7480.36,25.17,9.1371
7481.36,25.17,9.1371
7482.37,25.29,9.1371
7483.37,25.2,9.1372
7484.37,25.28,9.1372
7485.37,25.18,9.1372
7486.37,25.27,9.1372
7487.37,25.18,9.1372
7488.38,25.18,9.1372
7489.38,25.28,9.1372
7490.38,25.17,9.1372
7491.38,25.31,9.1374
7492.38,25.15,9.1374
7493.38,25.16,9.1374
7494.39,25.26,9.1374
7495.39,25.18,9.1374
7496.39,25.28,9.1374
7497.39,25.18,9.1374
7498.39,25.18,9.1374
7499.39,25.27,9.1374
7500.4,25.17,9.1374
7501.4,25.27,9.1374
7502.4,25.34,9.1374
7503.4,25.2,9.1374
7504.4,25.28,9.1374
7505.4,25.18,9.1374
7506.41,25.27,9.1374
7507.41,25.19,9.1374
7508.41,25.28,9.1374
7509.41,25.21,9.1374
7510.41,25.18,9.1374
7511.41,25.3,9.1374
7512.41,25.18,9.1374
7513.42,25.19,9.1375
7514.42,25.32,9.1378
7515.42,25.18,9.1378
7516.42,25.29,9.1378
7517.42,25.19,9.1378
7518.42,25.18,9.1378
7519.43,25.28,9.1378
7520.43,25.18,9.1378
7521.43,25.29,9.1378
7522.43,25.19,9.1378
7523.43,25.21,9.1378
7524.43,25.27,9.1378
7525.43,25.23,9.138
7526.44,25.17,9.138
7527.44,25.28,9.138
7528.44,25.17,9.138
7529.44,25.26,9.138
7530.44,25.18,9.138
7531.44,25.16,9.138
7532.45,25.25,9.138
7533.45,25.19,9.138
7534.45,25.22,9.138
7535.45,25.12,9.138
7536.45,25.12,9.138
7537.45,25.27,9.1385
7538.46,25.12,9.1385
7539.46,25.24,9.1385
7540.46,25.11,9.1385
7541.46,25.21,9.1385
7542.46,25.13,9.1385
7543.46,25.14,9.1385
7544.47,25.24,9.1385
7545.47,25.16,9.1385
7546.47,25.28,9.1385
7547.47,25.15,9.1385
7548.47,25.19,9.1385
7549.47,25.28,9.1385
7550.48,25.17,9.1385
7551.48,25.28,9.1385
7552.48,25.19,9.1385
7553.48,25.21,9.1385
7554.48,25.28,9.1385
7555.48,25.18,9.1385
7556.48,25.28,9.1385
7557.49,25.19,9.1385
7558.49,25.18,9.1385
7559.49,25.28,9.1385
7560.49,25.21,9.1386
7561.49,25.16,9.1386
7562.49,25.27,9.1386
7563.5,25.19,9.1386
7564.5,25.27,9.1386
7565.5,25.17,9.1386
7566.5,25.26,9.1386
7567.5,25.18,9.1386
7568.5,25.17,9.1386
7569.51,25.41,9.1387
7570.51,25.18,9.1387
7571.51,25.28,9.1387
7572.51,25.32,9.1387
7573.51,25.24,9.1387
7574.51,25.13,9.1387
7575.52,25.13,9.1387
7576.52,25.22,9.1387
7577.52,25.13,9.1387
7578.52,25.22,9.1387
7579.52,25.13,9.1387
7580.52,25.13,9.1387
7581.53,25.26,9.1387
7582.53,25.19,9.1387
7583.53,25.38,9.1389
7584.53,25.18,9.1389
7585.53,25.18,9.1389
7586.53,25.29,9.1389
7587.54,25.19,9.1389
7588.54,25.29,9.1389
7589.54,25.18,9.1389
7590.54,25.19,9.1389
7591.54,25.27,9.1389
7592.54,25.19,9.1389
7593.54,25.17,9.1389
7594.55,25.28,9.1389
7595.55,25.12,9.1389
7596.55,25.22,9.1389
7597.55,25.13,9.1389
7598.55,25.22,9.1389
7599.55,25.14,9.1389
7600.56,25.12,9.1389
7601.56,25.23,9.1389
7602.56,25.2,9.1389
7603.56,25.28,9.1389
7604.56,25.19,9.1389
7605.56,25.32,9.1389
7606.57,25.12,9.1389
7607.57,25.16,9.1389
7608.57,25.28,9.1389
7609.57,25.19,9.1389
7610.57,25.28,9.1389
7611.57,25.18,9.1389
7612.58,25.2,9.1389
7613.58,25.22,9.1389
7614.58,25.13,9.1389
7615.58,25.22,9.1389
7616.58,25.13,9.1389
7617.58,25.13,9.1389
7618.59,25.28,9.1389
7619.59,25.12,9.1389
7620.59,25.22,9.1389
7621.59,25.15,9.1391
7622.59,25.2,9.139
7623.59,25.28,9.139
7624.6,25.16,9.139
7625.6,25.28,9.139
7626.6,25.18,9.139
7627.6,25.19,9.139
7628.6,25.28,9.139
7629.6,25.19,9.1392
7630.61,25.21,9.1392
7631.61,25.11,9.1392
7632.61,25.25,9.1392
7633.61,25.16,9.1392
7634.61,25.17,9.1392
7635.61,25.27,9.1392
7636.62,25.17,9.1392
7637.62,25.28,9.1392
7638.62,25.17,9.1392
7639.62,25.17,9.1392
7640.62,25.28,9.1392
7641.62,25.25,9.1392
7642.63,25.3,9.1393
7643.63,25.18,9.1393
7644.63,25.27,9.1393
7645.63,25.17,9.1393
7646.63,25.17,9.1393
7647.63,25.28,9.1393
7648.64,25.17,9.1393
7649.64,25.27,9.1393
7650.64,25.17,9.1393
7651.64,25.17,9.1393
7652.64,25.46,9.1401
7653.64,25.17,9.1401
7654.65,25.28,9.1401
7655.65,25.18,9.1401
7656.65,25.26,9.1401
7657.65,25.18,9.1401
7658.65,25.19,9.1401
7659.65,25.25,9.1401
7660.66,25.11,9.1401
7661.66,25.22,9.1401
7662.66,25.18,9.1401
7663.66,25.17,9.1401
7664.66,25.31,9.1403
7665.66,25.11,9.1403
7666.66,25.23,9.1403
7667.67,25.17,9.1403
7668.67,25.17,9.1403
7669.67,25.28,9.1403
7670.67,25.18,9.1403
7671.67,25.28,9.1404
7672.67,25.21,9.1404
7673.68,25.18,9.1404
7674.68,25.28,9.1404
7675.68,25.18,9.1404
7676.68,25.31,9.1404
7677.68,25.18,9.1404
7678.68,25.18,9.1404
7679.69,25.28,9.1404
7680.69,25.18,9.1404
7681.69,25.27,9.1404
7682.69,25.22,9.1404
7683.69,25.18,9.1404
7684.69,25.29,9.1404
7685.69,25.17,9.1404
7686.7,25.28,9.1404
7687.7,25.19,9.1404
7688.7,25.28,9.1404
7689.7,25.22,9.1404
7690.7,25.12,9.1404
7691.7,25.19,9.1404
7692.71,25.88,9.1405
7693.71,25.14,9.1405
7694.71,25.29,9.1405
7695.71,25.17,9.1405
7696.71,25.18,9.1405
7697.71,25.26,9.1405
7698.72,25.12,9.1405
7699.72,25.28,9.1405
7700.72,25.12,9.1405
7701.72,25.11,9.1405
7702.72,25.29,9.1405
7703.72,25.18,9.1405
7704.73,25.28,9.1405
7705.73,25.18,9.1405
7706.73,25.28,9.1405
7707.73,25.18,9.1405
7708.73,25.17,9.1405
7709.73,25.27,9.1405
7710.74,25.12,9.1405
7711.74,25.27,9.1405
7712.74,25.15,9.1405
7713.74,25.11,9.1405
7714.74,25.28,9.1405
7715.74,25.17,9.1405
7716.74,25.17,9.1405
7717.74,25.3,9.1405
7718.75,25.17,9.1405
7719.75,25.18,9.1405
7720.75,25.28,9.1405
7721.75,25.17,9.1405
7722.75,25.48,9.1406
7723.75,25.17,9.1406
7724.76,25.17,9.1406
7725.76,25.29,9.1406
7726.76,25.17,9.1406
7727.76,25.19,9.1406
7728.76,25.28,9.1406
7729.76,25.12,9.1406
7730.76,25.14,9.1406
7731.77,25.27,9.1406
7732.77,25.22,9.1406
7733.77,25.22,9.1406
7734.77,25.26,9.1406
7735.77,25.17,9.1406
7736.77,25.27,9.1406
7737.77,25.19,9.1406
7738.78,25.27,9.1406
7739.78,25.15,9.1406
7740.78,25.17,9.1406
7741.78,25.27,9.1406
7742.78,25.19,9.1406
7743.78,25.21,9.1406
7744.79,25.14,9.1406
7745.79,25.19,9.1409
7746.79,25.27,9.1409
7747.79,33.62,6.3686
7748.79,84.37,2.3875
7749.79,72.57,2.2551
7750.79,88.54,2.51
7751.8,77.66,2.4471
7752.8,92.8,2.6674
7753.8,85.1,3.0546
7754.8,79.74,3.3918
7755.8,64.27,3.6631
7756.8,26.85,3.7973
7757.8,31.61,3.8953
7758.81,30.59,3.9571
7759.81,25.75,4.0106
7760.81,25.61,4.0573
7761.81,25.59,4.0966
7762.81,34.3,4.1396
7763.81,25.65,4.1807
7764.82,25.64,4.2154
7765.82,34.0,4.2488
7766.82,25.37,4.2715
7767.82,25.22,4.302
7768.82,25.36,4.327
7769.82,25.18,4.3551
7770.82,26.31,4.3823
7771.83,25.36,4.4067
7772.83,25.13,4.4349
7773.83,25.77,4.4594
7774.83,25.27,4.4857
7775.83,26.05,4.5098
7776.83,25.24,4.5325
7777.84,25.47,4.5573
7778.84,25.49,4.5757
7779.84,25.18,4.5949
7780.84,25.28,4.6179
7781.84,25.19,4.6376
7782.84,25.3,4.6592
7783.85,25.27,4.6813
7784.85,25.18,4.7141
7785.85,25.27,4.7468
7786.85,25.18,4.7468
7787.85,25.17,4.7797
7788.85,25.28,4.7797
7789.86,25.17,4.8129
7790.86,25.26,4.8129
7791.86,25.27,4.8301
7792.86,25.87,4.8516
7793.86,25.22,4.8704
7794.86,25.12,4.895
7795.86,25.27,4.9125
7796.87,25.31,4.9318
7797.87,25.18,4.9503
7798.87,26.08,4.9686
7799.87,25.25,4.9872
7800.87,28.65,5.0067
7801.87,25.18,5.0389
7802.87,25.28,5.0396
7803.88,25.17,5.0717
7804.88,25.27,5.0723
7805.88,25.17,5.1045
7806.88,25.18,5.105
7807.88,25.26,5.1377
7808.88,25.18,5.1379
7809.88,25.35,5.1569
7810.89,25.17,5.1765
7811.89,25.18,5.194
7812.89,25.28,5.2165
7813.89,25.17,5.2346
7814.89,25.27,5.2493
7815.89,25.17,5.2696
7816.9,25.18,5.2895
7817.9,25.27,5.3079
7818.9,25.17,5.3243
7819.9,25.17,5.3439
7820.9,25.27,5.3626
7821.9,25.18,5.3798
7822.9,25.29,5.3948
7823.91,25.15,5.413
7824.91,25.17,5.4279
7825.91,25.27,5.4427
7826.91,25.15,5.4575
7827.91,25.27,5.4737
7828.91,25.17,5.4894
7829.92,25.17,5.5047
7830.92,25.37,5.5203
7831.92,25.18,5.5369
7832.92,25.19,5.5521
7833.92,26.13,5.5745
7834.92,25.18,5.5745
7835.92,25.17,5.5756
7836.92,25.29,5.5987
7837.93,25.17,5.5987
7838.93,25.19,5.5993
7839.93,25.27,5.6207
7840.93,25.17,5.6207
7841.93,25.18,5.6426
7842.93,25.3,5.6428
7843.93,25.19,5.6428
7844.93,25.19,5.6452
7845.94,25.15,5.6574
7846.94,25.23,5.6729
7847.94,25.16,5.6885
7848.94,25.27,5.7022
7849.94,25.19,5.7167
7850.94,25.18,5.7292
7851.94,25.18,5.7447
7852.94,25.3,5.7569
7853.95,25.16,5.7697
7854.95,25.12,5.7851
7855.95,25.26,5.8002
7856.95,25.18,5.8137
7857.95,25.17,5.8267
7858.95,25.28,5.8398
7859.95,25.17,5.8532
7860.96,25.17,5.8663
7861.96,25.28,5.8768
7862.96,25.4,5.8884
7863.96,25.17,5.9033
7864.96,25.27,5.9178
7865.96,25.17,5.9306
7866.96,25.28,5.9428
7867.97,25.17,5.955
7868.97,25.18,5.9691
7869.97,25.27,5.9805
7870.97,25.65,5.9925
7871.97,25.46,6.0031
7872.97,25.19,6.0147
7873.98,25.13,6.0278
7874.98,25.21,6.04
7875.98,25.11,6.0513
7876.98,25.12,6.063
7877.98,25.32,6.0744
7878.98,27.22,6.0862
7879.98,25.26,6.1004
7880.99,25.17,6.1126
7881.99,25.17,6.1241
7882.99,25.28,6.1365
7883.99,25.23,6.1476
7884.99,25.22,6.1583
7885.99,25.22,6.1683
7886.99,25.14,6.1786
7888.0,25.22,6.1896
7889.0,25.11,6.2023
7890.0,25.11,6.2133
7891.0,25.22,6.2243
7892.0,25.12,6.2342
7893.0,25.12,6.2464
7894.01,25.22,6.2595
7895.01,25.14,6.2711
7896.01,25.22,6.2848
7897.01,25.12,6.2968
7898.01,25.13,6.3089
7899.01,25.28,6.3216
7900.01,25.12,6.3309
7901.01,25.27,6.342
7902.02,25.22,6.3542
7903.02,25.12,6.368
7904.02,25.12,6.3791
7905.02,25.27,6.3925
7906.02,25.17,6.4037
7907.02,25.18,6.4157
7908.03,25.27,6.4268
7909.03,25.17,6.4365
7910.03,25.26,6.4474
7911.03,25.15,6.4594
7912.03,25.18,6.4722
7913.03,25.29,6.4846
7914.04,25.17,6.4962
7915.04,25.27,6.5076
7916.04,25.17,6.5195
7917.04,25.18,6.5302
7918.04,26.06,6.5392
7919.04,25.11,6.5505
7920.04,25.27,6.5602
7921.05,25.17,6.5704
7922.05,25.18,6.5822
7923.05,25.3,6.5939
7924.05,25.17,6.607
7925.05,25.17,6.6182
7926.05,25.25,6.6307
7927.05,25.12,6.6412
7928.06,25.11,6.652
7929.06,25.23,6.6613
7930.06,25.12,6.6717
7931.06,25.21,6.6819
7932.06,25.14,6.6946
7933.06,25.19,6.7066
7934.07,25.27,6.7198
7935.07,25.16,6.731
7936.07,25.26,6.7407
7937.07,25.18,6.7494
7938.07,25.17,6.7623
7939.07,25.28,6.772
7940.07,25.17,6.7831
7941.08,25.17,6.7935
7942.08,25.27,6.8063
7943.08,25.17,6.8151
7944.08,26.11,6.8246
7945.08,25.26,6.8338
7946.08,25.16,6.8432
7947.08,25.27,6.8545
7948.09,25.17,6.8648
7949.09,25.18,6.8741
7950.09,26.18,6.884
7951.09,25.16,6.8931
7952.09,25.22,6.9024
7953.09,25.13,6.9139
7954.1,25.17,6.9222
7955.1,25.27,6.9328
7956.1,25.17,6.941
7957.1,25.18,6.949
7958.1,25.27,6.9594
7959.1,25.17,6.9653
7960.1,25.26,6.9712
7961.11,25.16,6.9954
7962.11,25.17,6.9954
7963.11,25.28,6.9955
7964.11,25.18,6.9955
7965.11,25.17,6.9955
7966.11,25.27,6.9955
7967.12,25.18,7.0225
7968.12,25.27,7.0225
7969.12,25.17,7.0225
7970.12,25.17,7.0225
7971.12,25.27,7.0225
7972.12,25.16,7.0225
7973.12,25.28,7.0473
7974.13,25.16,7.0473
7975.13,25.16,7.0473
7976.13,25.26,7.0473
7977.13,25.17,7.0473
7978.13,25.16,7.0473
7979.13,25.27,7.0473
7980.14,25.16,7.0723
7981.14,25.27,7.0723
7982.14,25.17,7.0723
7983.14,25.18,7.0723
7984.14,25.27,7.0723
7985.14,25.17,7.0723
7986.14,25.26,7.0772
7987.15,25.16,7.0854
7988.15,25.18,7.0931
7989.15,32.57,7.1853
7990.15,25.17,7.1853
7991.15,25.17,7.1853
7992.15,25.28,7.1853
7993.15,25.19,7.1853
7994.16,25.17,7.1853
7995.16,25.28,7.1853
7996.16,25.17,7.1853
7997.16,25.17,7.1853
7998.16,25.27,7.1853
7999.16,25.17,7.1853
8000.16,25.28,7.1859
8001.17,25.17,7.1939
8002.17,25.18,7.2029
8003.17,25.3,7.2096
8004.17,25.17,7.2174
8005.17,25.16,7.2234
8006.17,25.28,7.2307
8007.17,25.17,7.2374
8008.18,25.17,7.2374
8009.18,25.29,7.2374
8010.18,25.17,7.2374
8011.18,25.17,7.2374
8012.18,25.21,7.2374
8013.18,25.16,7.2376
8014.18,25.16,7.2376
8015.19,25.26,7.2376
8016.19,25.17,7.2376
8017.19,25.2,7.2376
8018.19,25.27,7.2376
8019.19,25.19,7.2376
8020.19,25.17,7.2376
8021.19,25.27,7.2376
8022.2,25.17,7.2376
8023.2,25.28,7.2376
8024.2,25.17,7.2376
8025.2,25.17,7.2376
8026.2,25.29,7.2376
8027.2,25.15,7.2376
8028.2,25.16,7.2376
8029.2,25.26,7.2376
8030.21,25.16,7.2376
8031.21,25.17,7.2376
8032.21,25.27,7.2376
8033.21,25.18,7.2376
8034.21,25.23,7.2376
8035.21,25.13,7.2376
8036.22,25.17,7.2376
8037.22,25.27,7.2376
8038.22,25.16,7.2376
8039.22,25.18,7.2376
8040.22,25.26,7.2376
8041.22,25.12,7.2376
8042.22,25.22,7.2376
8043.23,25.14,7.2376
8044.23,25.17,7.2376
8045.23,25.27,7.2376
8046.23,25.17,7.2376
8047.23,25.18,7.2376
8048.23,25.25,7.2376
8049.24,25.18,7.2376
8050.24,25.3,7.2376
8051.24,25.17,7.2376
8052.24,25.18,7.2376
8053.24,25.27,7.2377
8054.24,25.16,7.2377
8055.24,25.27,7.2377
8056.25,25.17,7.2377
8057.25,25.21,7.2377
8058.25,25.23,7.2377
8059.25,25.17,7.2377
8060.25,25.17,7.2377
8061.25,25.27,7.2377
8062.26,25.2,7.2377
8063.26,25.13,7.2377
8064.26,25.22,7.2377
8065.26,25.15,7.2377
8066.26,25.16,7.2377
8067.27,25.28,7.2377
8068.27,25.16,7.2377
8069.27,25.26,7.2377
8070.27,25.17,7.2377
8071.27,25.16,7.2377
8072.27,25.26,7.2377
8073.27,25.16,7.2377
8074.28,25.16,7.2377
8075.28,25.29,7.2377
8076.28,25.16,7.2378
8077.28,25.17,7.2378
8078.28,25.25,7.2378
8079.28,25.18,7.2378
8080.28,25.27,7.2378
8081.29,25.17,7.2378
8082.29,25.17,7.2378
8083.29,25.29,7.2378
8084.29,25.18,7.2378
8085.29,25.28,7.2378
8086.29,25.18,7.2378
8087.3,25.18,7.2378
8088.3,25.27,7.2378
8089.3,25.17,7.2378
8090.3,25.17,7.2378
8091.3,25.27,7.2378
8092.3,26.35,7.2378
8093.3,25.27,7.2378
8094.31,25.17,7.2378
8095.31,26.32,7.2378
8096.31,25.27,7.2378
8097.31,26.09,7.2378
8098.31,25.26,7.2378
8099.31,25.16,7.2378
8100.31,25.14,7.2378
8101.32,25.25,7.2378
8102.32,25.18,7.2378
8103.32,25.18,7.2379
8104.32,25.27,7.2379
8105.32,25.18,7.2379
8106.32,25.17,7.2379
8107.33,25.28,7.2379
8108.33,25.16,7.2379
8109.33,25.27,7.2379
8110.33,25.15,7.2379
8111.33,25.12,7.2379
8112.33,25.23,7.2379
8113.33,25.16,7.2379
8114.34,25.19,7.2379
8115.34,25.3,7.2379
8116.34,25.18,7.2379
8117.34,25.19,7.2379
8118.34,25.26,7.2379
8119.34,25.17,7.2379
8120.34,25.17,7.2379
8121.35,25.26,7.2379
8122.35,25.17,7.2379
8123.35,25.24,7.2379
8124.35,25.17,7.2379
8125.35,25.16,7.2379
8126.35,25.22,7.2379
8127.35,25.12,7.2379
8128.36,25.11,7.2379
8129.36,25.22,7.2379
8130.36,25.13,7.2379
8131.36,25.27,7.2379
8132.36,25.17,7.2379
8133.36,25.18,7.2381
8134.36,25.28,7.238
8135.37,25.17,7.238
8136.37,25.17,7.238
8137.37,25.28,7.2382
8138.37,25.16,7.2382
8139.37,25.18,7.2382
8140.37,25.27,7.2382
8141.37,25.17,7.2382
8142.38,25.28,7.2382
8143.38,25.18,7.2382
8144.38,25.16,7.2382
8145.38,25.27,7.2382
8146.38,25.13,7.2382
8147.38,25.13,7.2382
8148.39,25.21,7.2382
8149.39,25.11,7.2382
8150.39,25.21,7.2382
8151.39,25.13,7.2382
8152.39,25.17,7.2382
8153.39,25.28,7.2382
8154.39,25.17,7.2382
8155.4,25.27,7.2382
8156.4,25.17,7.2382
8157.4,25.17,7.2382
8158.4,25.26,7.2382
8159.4,25.17,7.2382
8160.4,25.16,7.2382
8161.41,25.27,7.2382
8162.41,25.18,7.2382
8163.41,25.2,7.2383
8164.41,25.27,7.2383
8165.41,25.17,7.2383
8166.41,25.27,7.2383
8167.41,25.18,7.2383
8168.42,25.16,7.2383
8169.42,25.28,7.2383
8170.42,25.16,7.2383
8171.42,25.26,7.2383
8172.42,25.15,7.2383
8173.42,25.13,7.2383
8174.43,25.22,7.2383
8175.43,25.11,7.2383
8176.43,25.24,7.2383
8177.43,25.15,7.2383
8178.43,25.11,7.2383
8179.43,25.22,7.2383
8180.43,25.18,7.2383
8181.44,25.16,7.2383
8182.44,25.27,7.2383
8183.44,25.21,7.2383
8184.44,25.17,7.2383
8185.44,25.26,7.2384
8186.44,25.21,7.2384
8187.44,25.28,7.2384
8188.45,25.3,7.2384
8189.45,25.16,7.2384
8190.45,25.16,7.2384
8191.45,25.26,7.2384
8192.45,25.16,7.2384
8193.45,25.27,7.2385
8194.45,25.17,7.2385
8195.46,25.27,7.2385
8196.46,25.27,7.2385
8197.46,25.18,7.2385
8198.46,25.27,7.2385
8199.46,25.18,7.2385
8200.46,25.17,7.2385
8201.47,25.27,7.2385
8202.47,25.17,7.2385
8203.47,25.19,7.2385
8204.47,25.29,7.2385
8205.47,25.17,7.2384
8206.47,25.16,7.2384
8207.47,25.7,7.2386
8208.47,25.17,7.2386
8209.48,25.17,7.2386
8210.48,25.29,7.2386
8211.48,25.16,7.2386
8212.48,25.17,7.2386
8213.48,25.52,7.2386
8214.48,25.17,7.2386
8215.48,25.17,7.2386
8216.48,25.27,7.2386
8217.49,25.18,7.2386
8218.49,25.18,7.2386
8219.49,25.27,7.2386
8220.49,25.17,7.2386
8221.49,25.19,7.2386
8222.49,25.17,7.2386
8223.49,25.28,7.2386
8224.5,25.16,7.2679
8225.5,25.27,7.2679
8226.5,25.16,7.2679
8227.5,25.14,7.2679
8228.5,25.26,7.2679
8229.5,25.17,7.2679
8230.5,25.26,7.2679
8231.51,25.17,7.2679
8232.51,25.18,7.2686
8233.51,25.29,7.3097
8234.51,25.18,7.3097
8235.51,25.17,7.3096
8236.51,25.27,7.3096
8237.51,25.18,7.3097
8238.52,25.17,7.3097
8239.52,25.29,7.3097
8240.52,25.18,7.3097
8241.52,25.17,7.3389
8242.52,25.29,7.3389
8243.52,25.19,7.3389
8244.52,25.17,7.3389
8245.52,25.28,7.3389
8246.53,25.15,7.3389
8247.53,25.17,7.3389
8248.53,25.27,7.3389
8249.53,25.17,7.3389
8250.53,25.17,7.3389
8251.53,25.28,7.3389
8252.53,25.19,7.3389
8253.53,25.16,7.3389
8254.54,25.15,7.3389
8255.54,25.27,7.3389
8256.54,25.17,7.3389
8257.54,25.28,7.3389
8258.54,25.17,7.3389
8259.54,25.17,7.3389
8260.54,25.28,7.3389
8261.55,25.16,7.3389
8262.55,25.18,7.3389
8263.55,25.27,7.339
8264.55,25.17,7.339
8265.55,25.17,7.339
8266.55,25.27,7.339
8267.55,25.18,7.339
8268.56,25.17,7.339
8269.56,25.26,7.339
8270.56,25.17,7.339
8271.56,25.16,7.339
8272.56,25.27,7.339
8273.56,25.14,7.339
8274.56,25.26,7.339
8275.57,25.13,7.339
8276.57,25.11,7.339
8277.57,25.22,7.339
8278.57,25.11,7.339
8279.57,25.21,7.339
8280.57,25.11,7.339
8281.58,25.11,7.339
8282.58,25.24,7.339
8283.58,25.17,7.339
8284.58,25.17,7.339
8285.58,25.27,7.339
8286.58,25.16,7.339
8287.58,25.28,7.339
8288.59,25.18,7.339
8289.59,25.17,7.339
8290.59,25.27,7.339
8291.59,25.17,7.339
8292.59,25.19,7.339
8293.59,25.26,7.339
8294.59,25.19,7.339
8295.6,25.17,7.339
8296.6,25.26,7.339
8297.6,25.18,7.339
8298.6,25.27,7.339
8299.6,25.17,7.339
8300.6,25.17,7.339
8301.61,25.26,7.339
8302.61,25.2,7.3391
8303.61,25.16,7.3391
8304.61,25.27,7.3391
8305.61,25.17,7.3391
8306.61,25.26,7.3391
8307.61,25.17,7.3391
8308.62,25.16,7.3391
8309.62,25.22,7.3391
8310.62,25.13,7.3391
8311.62,25.24,7.3391
8312.62,25.15,7.3391
8313.62,25.12,7.3391
8314.63,25.23,7.3391
8315.63,25.16,7.3391
8316.63,25.17,7.3391
8317.63,25.27,7.3391
8318.63,25.15,7.3391
8319.63,25.15,7.3391
8320.63,25.24,7.3391
8321.64,25.14,7.3391
8322.64,25.28,7.3391
8323.64,25.17,7.3391
8324.64,25.17,7.3391
8325.64,25.72,7.3391
8326.64,25.17,7.3391
8327.64,25.18,7.3391
8328.65,25.24,7.3391
8329.65,25.13,7.3391
8330.65,25.17,7.3391
8331.65,25.27,7.3391
8332.65,25.19,7.3393
8333.65,25.21,7.3393
8334.65,25.13,7.3393
8335.66,25.17,7.3393
8336.66,25.27,7.3393
8337.66,25.18,7.3393
8338.66,25.21,7.3393
8339.66,25.16,7.3393
8340.66,25.17,7.3393
8341.67,25.27,7.3393
8342.67,25.19,7.3393
8343.67,25.17,7.3393
8344.67,25.27,7.3393
8345.67,25.17,7.3393
8346.67,25.27,7.3393
8347.67,25.18,7.3393
8348.68,25.18,7.3393
8349.68,25.27,7.3393
8350.68,25.17,7.3393
8351.68,25.27,7.3393
8352.68,25.19,7.3393
8353.68,25.17,7.3393
8354.69,25.27,7.3393
8355.69,25.14,7.3393
8356.69,25.11,7.3393
8357.69,25.22,7.3393
8358.69,25.11,7.3393
8359.69,25.26,7.3393
8360.69,25.13,7.3393
8361.7,25.11,7.3393
8362.7,25.24,7.3394
8363.7,25.16,7.3394
8364.7,25.27,7.3394
8365.7,25.15,7.3394
8366.7,25.16,7.3394
8367.71,25.28,7.3394
8368.71,25.17,7.3394
8369.71,25.17,7.3394
8370.71,25.25,7.3394
8371.71,25.14,7.3394
8372.71,25.26,7.3394
8373.71,25.31,7.3394
8374.72,25.16,7.3394
8375.72,25.29,7.3394
8376.72,25.17,7.3394
8377.72,25.18,7.3394
8378.72,25.29,7.3394
8379.72,25.14,7.3394
8380.72,25.14,7.3394
8381.72,25.27,7.3394
8382.73,25.19,7.3394
8383.73,25.17,7.3394
8384.73,25.26,7.3394
8385.73,25.16,7.3394
8386.73,25.17,7.3394
8387.73,25.28,7.3395
8388.74,25.17,7.3395
8389.74,25.27,7.3395
8390.74,25.17,7.3395
8391.74,25.17,7.3395
8392.74,25.29,7.3395
8393.74,25.16,7.3395
8394.74,25.17,7.3395
8395.75,25.27,7.3395
8396.75,25.17,7.3395
8397.75,25.27,7.3395
8398.75,25.14,7.3395
8399.75,25.16,7.3395
8400.75,25.25,7.3395
8401.76,25.17,7.3395
8402.76,25.29,7.3395
8403.76,25.17,7.3395
8404.76,25.17,7.3395
8405.76,25.22,7.3395
8406.76,25.11,7.3395
8407.76,25.13,7.3395
8408.77,25.27,7.3395
8409.77,25.17,7.3395
8410.77,25.27,7.3395
8411.77,25.16,7.3395
8412.77,25.19,7.3396
8413.77,25.28,7.3396
8414.78,25.18,7.3396
8415.78,25.28,7.3396
8416.78,25.23,7.3396
8417.78,25.19,7.3396
8418.78,25.28,7.3396
8419.78,25.38,7.3396
8420.79,25.27,7.3396
8421.79,25.18,7.3396
8422.79,25.21,7.3396
8423.79,25.27,7.3396
8424.79,25.19,7.3396
8425.79,25.28,7.3396
8426.79,25.17,7.3396
8427.8,25.29,7.3396
8428.8,25.17,7.3396
8429.8,25.17,7.3396
8430.8,25.27,7.3396
8431.8,25.17,7.3396
8432.8,25.29,7.3396
8433.81,25.17,7.3396
8434.81,25.2,7.3396
8435.81,25.25,7.3396
8436.81,25.16,7.3396
8437.81,25.17,7.3396
8438.81,25.25,7.3396
8439.82,25.14,7.3396
8440.82,25.24,7.3396
8441.82,25.14,7.3396
8442.82,25.3,7.3397
8443.82,25.17,7.3397
8444.82,25.18,7.3397
8445.82,25.29,7.3397
8446.83,25.18,7.3397
8447.83,25.18,7.3397
8448.83,25.21,7.3397
8449.83,25.11,7.3397
8450.83,25.24,7.3397
8451.83,25.17,7.3397
8452.84,25.19,7.3397
8453.84,25.26,7.3397
8454.84,25.13,7.3397
8455.84,30.52,2.19
8456.84,76.05,2.3826
8457.84,76.67,2.6043
8458.84,89.35,2.7705
8459.85,87.4,3.0315
8460.85,80.59,3.3158
8461.85,80.1,3.6742
8462.85,77.54,4.0494
8463.85,77.28,4.4029
8464.85,75.54,4.743
8465.86,75.44,5.0839
8466.86,76.57,5.3604
8467.86,75.71,5.5887
8468.86,75.71,5.8658
8469.86,75.59,6.1004
8470.86,63.78,6.2923
8471.86,73.63,6.6547
8472.86,31.45,6.9524
8473.87,42.36,7.2888
8474.87,39.39,7.3334
8475.87,50.72,7.4287
8476.87,29.11,7.4259
8477.87,28.75,7.4259
8478.87,25.19,7.4259
8479.88,25.22,7.4259
8480.88,25.27,7.4259
8481.88,25.41,7.4259
8482.88,25.77,7.4259
8483.88,34.61,7.5676
8484.88,25.16,7.6155
8485.89,25.28,7.6155
8486.89,25.2,7.6155
8487.89,25.36,7.6155
8488.89,25.17,7.6155
8489.89,25.17,7.6155
8490.89,25.29,7.6157
8491.89,25.49,7.6156
8492.9,31.67,7.6156
8493.9,25.26,7.6156
8494.9,25.14,7.6156
8495.9,25.25,7.6156
8496.9,25.31,7.6156
8497.9,25.13,7.6156
8498.9,25.29,7.6156
8499.91,29.57,7.6156
8500.91,31.22,7.6159
8501.91,25.3,7.6159
8502.91,25.2,7.6159
8503.91,25.67,7.6159
8504.91,25.22,7.6159
8505.92,25.13,7.6159
8506.92,25.24,7.6159
8507.92,25.12,7.6159
8508.92,25.15,7.6159
8509.92,27.01,7.6159
8510.92,29.41,7.6164
8511.92,25.3,7.6164
8512.93,25.18,7.6165
8513.93,25.13,7.6165
8514.93,25.24,7.6165
8515.93,25.15,7.6165
8516.93,25.29,7.6165
8517.93,25.18,7.6165
8518.94,32.22,7.758
8519.94,25.29,7.758
8520.94,25.17,7.758
8521.94,25.23,7.758
8522.94,25.13,7.7581
8523.94,25.11,7.7581
8524.95,25.21,7.7581
8525.95,25.12,7.7581
8526.95,25.22,7.7581
8527.95,25.11,8.101
8528.95,25.55,8.4762
8529.95,38.99,8.9675
8530.96,25.18,8.9675
8531.96,25.3,8.9675
8532.96,25.2,8.9675
8533.96,25.28,8.9675
8534.96,25.18,8.9675
8535.96,25.14,8.9675
8536.96,25.26,8.9676
8537.97,25.12,8.9676
8538.97,25.12,8.9676
8539.97,25.27,8.9676
8540.97,25.42,8.9686
8541.97,25.18,8.9686
8542.97,25.29,8.9686
8543.97,25.18,8.9686
8544.98,25.27,8.9686
8545.98,25.18,8.9686
8546.98,25.19,8.9686
8547.98,25.28,8.9686
8548.98,25.17,8.9686
8549.98,25.28,8.9686
8550.99,25.13,8.9686
8551.99,25.28,8.9689
8552.99,25.25,8.9689
8553.99,25.16,8.9689
8554.99,25.25,8.9689
8555.99,25.14,8.9689
8557.0,25.13,8.9689
8558.0,25.25,8.9689
8559.0,25.18,8.9689
8560.0,25.27,8.9689
8561.0,25.17,8.9689
8562.0,25.42,8.9698
8563.01,25.19,8.9699
8564.01,25.12,8.9699
8565.01,25.22,8.9699
8566.01,25.12,8.9699
8567.01,25.23,8.9699
8568.01,25.12,8.9699
8569.02,25.12,8.9699
8570.02,25.21,8.9699
8571.02,25.12,8.9699
8572.02,25.37,8.9704
8573.02,25.15,8.9704
8574.02,25.17,8.9704
8575.03,25.28,8.9704
8576.03,25.18,8.9704
8577.03,25.29,8.9704
8578.03,25.17,8.9704
8579.03,25.28,8.9704
8580.03,25.19,8.9705
8581.04,25.18,8.9705
8582.04,25.3,8.9705
8583.04,25.29,8.9709
8584.04,25.18,8.9709
8585.04,25.26,8.9709
8586.04,25.18,8.9709
8587.04,25.28,8.9709
8588.05,25.13,8.9709
8589.05,25.13,8.9709
8590.05,25.24,8.9709
8591.05,25.18,8.9709
8592.05,25.29,8.9709
8593.05,25.26,8.9712
8594.06,25.21,8.9712
8595.06,25.14,8.9712
8596.06,25.18,8.9712
8597.06,25.28,8.9712
8598.06,25.19,8.9712
8599.06,25.26,8.9712
8600.07,25.17,8.9712
8601.07,25.17,8.9712
8602.07,25.27,8.9712
8603.07,25.34,8.9715
8604.07,25.27,8.9715
8605.07,25.17,8.9715
8606.08,25.18,8.9715
8607.08,25.29,8.9715
8608.08,25.19,8.9715
8609.08,25.28,8.9715
8610.08,25.17,8.9715
8611.08,25.18,8.9715
8612.09,25.29,8.9715
8613.09,25.32,8.9716
8614.09,25.26,8.9716
8615.09,25.17,8.9716
8616.09,25.17,8.9716
8617.09,25.26,8.9716
8618.1,25.15,8.9716
8619.1,25.28,8.9716
8620.1,25.17,8.9716
8621.1,25.17,8.9716
8622.1,25.28,8.9716
8623.1,25.28,8.9721
8624.11,25.24,8.9721
8625.11,25.16,8.9721
8626.11,25.25,8.9721
8627.11,25.18,8.9721
8628.11,25.17,8.9721
8629.11,25.25,8.9721
8630.12,25.15,8.9721
8631.12,25.23,8.9721
8632.12,25.13,8.9721
8633.12,25.26,8.9723
8634.12,25.26,8.9723
8635.12,25.17,8.9723
8636.12,25.27,8.9723
8637.13,25.24,8.9723
8638.13,25.15,8.9723
8639.13,25.27,8.9723
8640.13,25.17,8.9723
8641.13,25.27,8.9723
8642.13,25.16,8.9723
8643.14,25.37,8.9728
8644.14,25.13,8.9728
8645.14,25.12,8.9728
8646.14,25.26,8.9728
8647.14,25.19,8.9728
8648.14,25.27,8.9728
8649.15,25.18,8.9728
8650.15,25.17,8.9728
8651.15,25.28,8.9728
8652.15,25.19,8.9728
8653.15,25.29,8.9728
8654.15,25.27,8.9733
8655.16,25.18,8.9733
8656.16,25.28,8.9733
8657.16,25.19,8.9733
8658.16,25.27,8.9733
8659.16,25.19,8.9733
8660.16,25.18,8.9733
8661.17,25.28,8.9733
8662.17,25.17,8.9733
8663.17,25.28,8.9733
8664.17,25.34,8.9737
8665.17,25.28,8.9737
8666.17,25.18,8.9737
8667.18,25.19,8.9737
8668.18,25.27,8.9737
8669.18,25.18,8.9737
8670.18,25.27,8.9737
8671.18,25.18,8.9737
8672.18,25.19,8.9737
8673.19,25.25,8.9737
8674.19,25.15,8.9737
8675.19,25.57,8.974
8676.19,25.18,8.974
8677.19,25.17,8.974
8678.19,25.27,8.974
8679.2,25.18,8.974
8680.2,25.28,8.974
8681.2,25.17,8.974
8682.2,25.19,8.974
8683.2,25.29,8.974
8684.2,25.16,8.974
8685.21,25.35,8.9744
8686.21,25.18,8.9744
8687.21,25.29,8.9744
8688.21,25.17,8.9744
8689.21,25.17,8.9744
8690.21,25.28,8.9744
8691.22,25.18,8.9744
8692.22,25.29,8.9744
8693.22,25.19,8.9744
8694.22,25.17,8.9744
8695.22,25.37,8.9745
8696.22,25.22,8.9745
8697.22,25.28,8.9745
8698.23,25.15,8.9745
8699.23,25.15,8.9745
8700.23,25.25,8.9745
8701.23,25.15,8.9745
8702.23,25.27,8.9745
8703.23,25.17,8.9746
8704.24,25.14,8.9746
8705.24,25.26,8.9746
8706.24,25.33,8.9749
8707.24,25.2,8.9749
8708.24,25.24,8.9749
8709.24,25.17,8.9749
8710.24,25.29,8.9749
8711.25,25.17,8.9749
8712.25,25.26,8.9749
8713.25,25.28,8.9749
8714.25,25.15,8.9749
8715.25,25.17,8.9749
8716.25,25.26,8.9749
8717.26,25.28,9.0073
8718.26,25.27,9.0073
8719.26,25.18,9.0073
8720.26,25.18,9.0073
8721.26,25.27,9.0073
8722.26,25.17,9.0073
8723.26,25.28,9.0073
8724.27,25.17,9.0073
8725.27,25.18,9.0073
8726.27,25.27,9.0073
8727.27,25.3,9.008
8728.27,25.27,9.008
8729.27,25.18,9.008
8730.28,25.17,9.008
8731.28,25.28,9.008
8732.28,25.19,9.008
8733.28,25.29,9.008
8734.28,25.17,9.008
8735.28,25.16,9.008
8736.28,25.3,9.008
8737.29,25.19,9.008
8738.29,25.26,9.0396
8739.29,25.31,9.0396
8740.29,25.18,9.0396
8741.29,25.2,9.0396
8742.29,25.28,9.0396
8743.29,25.18,9.0397
8744.3,25.16,9.0397
8745.3,25.27,9.0397
8746.3,25.18,9.0397
8747.3,25.29,9.0397
8748.3,25.31,9.0398
8749.3,25.17,9.0398
8750.31,25.26,9.0398
8751.31,25.18,9.0398
8752.31,25.29,9.0398
8753.31,25.19,9.0398
8754.31,25.28,9.0398
8755.31,25.17,9.0398
8756.32,25.17,9.0398
8757.32,25.28,9.0398
8758.32,25.18,9.0398
8759.32,25.56,9.0689
8760.32,25.13,9.0689
8761.32,25.12,9.069
8762.33,25.22,9.069
8763.33,25.34,9.069
8764.33,25.22,9.069
8765.33,25.12,9.069
8766.33,25.12,9.069
8767.33,25.23,9.069
8768.34,25.11,9.069
8769.34,25.25,9.069
8770.34,25.26,9.0691
8771.34,25.12,9.0691
8772.34,25.23,9.0691
8773.34,25.13,9.0692
8774.34,25.24,9.0692
8775.35,25.12,9.0692
8776.35,25.15,9.0692
8777.35,25.3,9.0692
8778.35,25.17,9.0692
8779.35,25.27,9.0692
8780.35,25.17,9.0692
8781.36,25.32,9.095
8782.36,25.28,9.095
8783.36,25.19,9.095
8784.36,25.27,9.095
8785.36,25.17,9.095
8786.36,25.16,9.095
8787.37,25.28,9.095
8788.37,25.18,9.095
8789.37,25.26,9.095
8790.37,25.17,9.095
8791.37,25.34,9.0952
8792.37,25.28,9.0952
8793.38,25.18,9.0953
8794.38,25.23,9.0953
8795.38,25.13,9.0953
8796.38,25.16,9.0953
8797.38,25.29,9.0953
8798.38,25.17,9.0953
8799.38,25.29,9.0953
8800.39,25.18,9.0953
8801.39,25.13,9.0953
8802.39,25.39,9.1185
8803.39,25.18,9.1185
8804.39,25.17,9.1185
8805.39,25.3,9.1185
8806.39,25.17,9.1185
8807.4,25.18,9.1185
8808.4,25.27,9.1185
8809.4,25.17,9.1185
8810.4,25.27,9.1185
8811.4,25.17,9.1185
8812.4,25.19,9.1185
8813.41,25.39,9.1187
8814.41,25.17,9.1187
8815.41,25.28,9.1187
8816.41,25.18,9.1187
8817.41,25.29,9.1187
8818.41,25.17,9.1187
8819.42,25.18,9.1187
8820.42,25.28,9.1187
8821.42,25.19,9.1187
8822.42,25.19,9.1187
8823.42,25.44,9.1268
8824.42,25.16,9.1268
8825.42,25.26,9.1268
8826.43,25.19,9.127
8827.43,25.18,9.127
8828.43,25.27,9.127
8829.43,25.18,9.127
8830.43,25.27,9.127
8831.43,25.18,9.127
8832.44,25.17,9.127
8833.44,25.27,9.127
8834.44,25.16,9.127
8835.44,25.43,9.1271
8836.44,25.17,9.1271
8837.44,25.18,9.1271
8838.45,25.28,9.1271
8839.45,25.18,9.1271
8840.45,25.28,9.1271
8841.45,25.18,9.1271
8842.45,25.29,9.1271
8843.45,25.2,9.1271
8844.46,25.18,9.1271
8845.46,25.42,9.1272
8846.46,25.19,9.1272
8847.46,25.18,9.1272
8848.46,25.27,9.1272
8849.46,25.17,9.1272
8850.46,25.28,9.1272
8851.47,25.19,9.1272
8852.47,25.19,9.1272
8853.47,25.3,9.1273
8854.47,25.18,9.1273
8855.47,25.18,9.1273
8856.47,25.37,9.1274
8857.47,25.18,9.1274
8858.48,25.25,9.1274
8859.48,25.11,9.1274
8860.48,25.15,9.1274
8861.48,25.29,9.1274
8862.48,25.22,9.1274
8863.48,25.2,9.1274
8864.49,25.27,9.1274
8865.49,25.19,9.1274
8866.49,25.32,9.1279
8867.49,25.26,9.1279
8868.49,25.18,9.1279
8869.49,25.28,9.1279
8870.49,25.18,9.1279
8871.5,25.19,9.1279
8872.5,25.27,9.1279
8873.5,25.17,9.128
8874.5,25.17,9.128
8875.5,25.26,9.128
8876.5,25.17,9.128
8877.5,25.29,9.128
8878.51,25.31,9.1283
8879.51,25.18,9.1283
8880.51,25.28,9.1283
8881.51,25.19,9.1283
8882.51,25.29,9.1283
8883.51,25.27,9.1283
8884.52,25.28,9.1283
8885.52,25.17,9.1283
8886.52,25.16,9.1283
8887.52,25.28,9.1283
8888.52,25.34,9.1285
8889.52,25.21,9.1285
8890.52,25.27,9.1285
8891.53,25.17,9.1285
8892.53,25.18,9.1285
8893.53,25.28,9.1286
8894.53,25.17,9.1286
8895.53,25.28,9.1286
8896.53,25.17,9.1286
8897.53,25.2,9.1286
8898.54,25.27,9.1286
8899.54,25.3,9.1286
8900.54,25.17,9.1286
8901.54,25.27,9.1286
8902.54,25.18,9.1286
8903.54,25.28,9.1286
8904.55,25.18,9.1286
8905.55,25.17,9.1286
8906.55,25.28,9.1286
8907.55,25.18,9.1286
8908.55,25.27,9.1286
8909.55,25.53,9.1289
8910.56,25.18,9.1289
8911.56,25.27,9.1289
8912.56,25.2,9.1289
8913.56,25.26,9.1289
8914.56,25.17,9.1289
8915.56,25.28,9.1289
8916.57,25.18,9.1289
8917.57,25.18,9.1289
8918.57,25.26,9.1289
8919.57,25.17,9.1289
8920.57,25.45,9.1291
8921.57,25.17,9.1291
8922.58,25.2,9.1291
8923.58,25.26,9.1291
8924.58,25.17,9.1291
8925.58,25.27,9.1291
8926.58,25.19,9.1293
8927.58,25.13,9.1293
8928.58,25.23,9.1293
8929.59,25.16,9.1292
8930.59,25.18,9.1292
8931.59,25.46,9.1295
8932.59,25.2,9.1295
8933.59,25.28,9.1295
8934.59,25.18,9.1295
8935.6,25.17,9.1295
8936.6,25.22,9.1295
8937.6,25.13,9.1295
8938.6,25.22,9.1295
8939.6,25.12,9.1295
8940.6,25.23,9.1295
8941.61,25.37,9.1295
8942.61,25.2,9.1296
8943.61,25.27,9.1296
8944.61,25.16,9.1296
8945.61,25.29,9.1296
8946.61,25.17,9.1296
8947.62,25.19,9.1296
8948.62,25.34,9.1296
8949.62,25.18,9.1296
8950.62,25.18,9.1296
8951.62,25.28,9.1296
8952.62,25.38,9.1297
8953.62,25.22,9.1297
8954.63,25.12,9.1297
8955.63,25.12,9.1297
8956.63,25.22,9.1297
8957.63,25.13,9.1297
8958.63,25.22,9.1297
8959.63,25.12,9.1297
8960.64,25.12,9.1297
8961.64,25.22,9.1297
8962.64,25.31,9.1299
8963.64,25.24,9.1299
8964.64,25.25,9.1301
8965.64,25.23,9.1301
8966.65,25.17,9.1301
8967.65,25.18,9.1301
8968.65,25.28,9.1301
8969.65,25.17,9.1301
8970.65,25.28,9.1301
8971.65,25.18,9.1301
8972.66,25.2,9.1301
8973.66,25.27,9.1301
8974.66,25.32,9.1301
8975.66,25.28,9.1301
8976.66,25.18,9.1302
8977.66,25.19,9.1302
8978.67,25.28,9.1302
8979.67,25.18,9.1302
8980.67,25.28,9.1302
8981.67,25.18,9.1303
8982.67,25.2,9.1303
8983.67,25.27,9.1303
8984.68,25.17,9.1303
8985.68,25.64,9.1305
8986.68,25.17,9.1305
8987.68,25.18,9.1305
8988.68,25.27,9.1305
8989.68,25.17,9.1305
8990.68,25.28,9.1305
8991.69,25.18,9.1305
8992.69,25.21,9.1305
8993.69,25.28,9.1305
8994.69,25.17,9.1305
8995.69,25.48,9.1307
8996.69,25.18,9.1307
8997.7,25.19,9.1307
8998.7,25.28,9.1307
8999.7,25.18,9.1307
9000.7,25.29,9.1307
9001.7,25.17,9.1307
9002.7,25.2,9.1308
9003.71,25.28,9.1308
9004.71,25.18,9.1308
9005.71,25.19,9.1308
9006.71,25.4,9.1311
9007.71,25.19,9.1311
9008.71,25.28,9.1311
9009.71,25.16,9.1311
9010.72,25.17,9.1311
9011.72,25.27,9.1311
9012.72,25.2,9.1311
9013.72,25.27,9.1311
9014.72,25.14,9.1311
9015.72,25.24,9.1311
9016.73,25.18,9.1311
9017.73,25.37,9.1312
9018.73,25.29,9.1312
9019.73,25.17,9.1312
9020.73,25.17,9.1312
9021.73,25.29,9.1312
9022.73,25.2,9.1313
9023.74,25.12,9.1313
9024.74,25.29,9.1313
9025.74,25.2,9.1313
9026.74,25.16,9.1313
9027.74,25.42,9.1315
9028.74,25.13,9.1315
9029.74,25.16,9.1315
9030.74,25.23,9.1315
9031.75,25.12,9.1315
9032.75,25.14,9.1315
9033.75,25.23,9.1315
9034.75,25.12,9.1315
9035.75,25.17,9.1315
9036.75,25.27,9.1315
9037.75,25.13,9.1315
9038.76,25.42,9.1321
9039.76,25.17,9.1323
9040.76,25.2,9.1323
9041.76,25.27,9.1323
9042.76,25.21,9.1323
9043.76,25.18,9.1323
9044.77,25.27,9.1323
9045.77,25.17,9.1323
9046.77,25.22,9.1323
9047.77,25.14,9.1323
9048.77,25.14,9.1323
9049.77,25.41,9.1326
9050.78,25.17,9.1326
9051.78,25.25,9.1326
9052.78,25.2,9.1327
9053.78,25.17,9.1327
9054.78,25.27,9.1327
9055.78,25.18,9.1327
9056.78,25.28,9.1327
9057.79,25.18,9.1327
9058.79,25.18,9.1327
9059.79,25.6,9.133
9060.79,25.19,9.133
9061.79,25.17,9.133
9062.79,25.3,9.133
9063.8,25.18,9.133
9064.8,25.27,9.133
9065.8,25.18,9.133
9066.8,25.18,9.133
9067.8,25.28,9.133
9068.8,25.2,9.133
9069.8,25.27,9.133
9070.81,25.24,9.1333
9071.81,25.16,9.1333
9072.81,25.29,9.1333
9073.81,25.16,9.1333
9074.81,25.27,9.1333
9075.81,25.17,9.1333
9076.82,25.18,9.1333
9077.82,25.28,9.1333
9078.82,25.19,9.1333
9079.82,25.17,9.1333
9080.82,25.27,9.1333
9081.82,25.38,9.1335
9082.82,25.3,9.1335
9083.83,25.17,9.1335
9084.83,25.17,9.1335
9085.83,25.27,9.1335
9086.83,25.17,9.1335
9087.83,25.28,9.1335
9088.83,25.17,9.1335
9089.84,25.27,9.1335
9090.84,25.17,9.1335
9091.84,25.18,9.1335
9092.84,25.47,9.1339
9093.84,25.24,9.1339
9094.84,25.28,9.1339
9095.85,25.16,9.1339
9096.85,25.18,9.1339
9097.85,25.28,9.1339
9098.85,25.19,9.1339
9099.85,25.28,9.1339
9100.85,25.18,9.1339
9101.86,25.18,9.1339
9102.86,25.29,9.1341
9103.86,25.36,9.1342
9104.86,25.27,9.1342
9105.86,25.18,9.1342
9106.86,25.19,9.1342
9107.87,25.27,9.1342
9108.87,25.18,9.1342
9109.87,25.27,9.1342
9110.87,25.18,9.1342
9111.87,25.18,9.1342
9112.87,25.29,9.1342
9113.88,25.18,9.1342
9114.88,25.47,9.1347
9115.88,25.17,9.1347
9116.88,25.18,9.1347
9117.88,25.27,9.1347
9118.88,25.17,9.1347
9119.89,25.28,9.1347
9120.89,25.15,9.1347
9121.89,25.24,9.1347
9122.89,25.17,9.1347
9123.89,25.13,9.1347
9124.89,25.22,9.1347
9125.89,25.3,9.1349
9126.9,25.24,9.1349
9127.9,25.13,9.1349
9128.9,25.13,9.1349
9129.9,25.22,9.1349
9130.9,25.12,9.1349
9131.9,25.23,9.1349
9132.91,25.15,9.1349
9133.91,25.18,9.1349
9134.91,25.28,9.1349
9135.91,25.18,9.1349
9136.91,25.53,9.1353
9137.91,25.18,9.1353
9138.92,25.18,9.1353
9139.92,25.27,9.1353
9140.92,25.18,9.1353
9141.92,25.3,9.1353
9142.92,25.18,9.1353
9143.92,25.19,9.1353
9144.92,25.28,9.1353
9145.93,25.18,9.1353
9146.93,25.36,9.136
9147.93,25.28,9.136
9148.93,25.18,9.136
9149.93,25.27,9.136
9150.93,25.19,9.136
9151.94,25.29,9.136
9152.94,25.2,9.136
9153.94,25.17,9.136
9154.94,25.29,9.136
9155.94,25.17,9.136
9156.94,25.18,9.136
9157.94,25.49,9.1364
9158.95,25.17,9.1364
9159.95,25.18,9.1364
9160.95,25.27,9.1364
9161.95,25.18,9.1364
9162.95,25.23,9.1364
9163.95,25.28,9.1364
9164.96,25.18,9.1364
9165.96,25.28,9.1364
9166.96,25.15,9.1364
9167.96,25.12,9.1364
9168.96,25.36,9.1382
9169.96,25.12,9.1382
9170.96,25.22,9.1382
9171.97,25.13,9.1382
9172.97,26.45,9.1383
9173.97,25.23,9.1383
9174.97,25.11,9.1383
9175.97,25.11,9.1383
9176.97,25.22,9.1383
9177.97,25.13,9.1383
9178.98,25.13,9.1383
9179.98,25.44,9.1388
9180.98,25.14,9.1388
9181.98,25.22,9.1388
9182.98,25.83,9.1389
9183.98,25.11,9.1389
9184.99,25.24,9.1389
9185.99,25.12,9.1389
9186.99,25.23,9.1389
9187.99,25.12,9.1389
9188.99,25.24,9.1389
9189.99,25.16,9.1389
9191.0,25.35,9.1399
9192.0,25.28,9.1399
9193.0,25.14,9.14
9194.0,25.22,9.14
9195.0,25.14,9.14
9196.0,25.16,9.14
9197.01,25.29,9.14
9198.01,25.17,9.14
9199.01,25.28,9.14
9200.01,25.17,9.14
9201.01,25.34,9.1403
9202.01,25.3,9.1404
9203.01,25.19,9.1405
9204.02,25.17,9.1405
9205.02,25.28,9.1405
9206.02,25.18,9.1405
9207.02,25.28,9.1405
9208.02,25.18,9.1405
9209.02,25.18,9.1405
9210.03,25.29,9.1405
9211.03,25.17,9.1405
9212.03,25.53,9.1417
9213.03,25.19,9.1417
9214.03,25.18,9.1417
9215.03,25.28,9.1417
9216.03,25.18,9.1417
9217.04,25.28,9.1417
9218.04,25.17,9.1417
9219.04,25.19,9.1417
9220.04,25.28,9.1417
9221.04,25.18,9.1417
9222.04,25.48,9.1422
9223.05,25.16,9.1422
9224.05,25.17,9.1422
9225.05,25.27,9.1422
9226.05,25.17,9.1422
9227.05,25.29,9.1422
9228.05,25.17,9.1422
9229.06,25.17,9.1422
9230.06,25.27,9.1422
9231.06,25.13,9.1422
9232.06,25.26,9.1422
9233.06,25.39,9.1434
9234.06,25.17,9.1434
9235.07,25.27,9.1434
9236.07,25.18,9.1434
9237.07,25.28,9.1434
9238.07,25.18,9.1434
9239.07,25.18,9.1434
9240.07,25.27,9.1434
9241.08,25.18,9.1434
9242.08,25.28,9.1434
9243.08,25.2,9.1434
9244.08,25.33,9.1438
9245.08,25.27,9.1438
9246.08,25.17,9.1438
9247.09,25.28,9.1438
9248.09,25.18,9.1438
9249.09,25.29,9.1438
9250.09,25.17,9.1438
9251.09,25.12,9.1438
9252.09,25.22,9.1438
9253.09,25.18,9.1438
9254.1,25.18,9.1438
9255.1,25.46,9.145
9256.1,25.18,9.145
9257.1,25.29,9.145
9258.1,25.17,9.145
9259.1,25.18,9.145
9260.11,25.28,9.145
9261.11,25.21,9.145
9262.11,25.25,9.145
9263.11,25.19,9.145
9264.11,25.18,9.145
9265.11,25.28,9.145
9266.11,25.35,9.1454
9267.12,25.28,9.1454
9268.12,25.16,9.1454
9269.12,25.19,9.1454
9270.12,25.27,9.1454
9271.12,25.17,9.1454
9272.12,25.18,9.1454
9273.13,25.29,9.1454
9274.13,25.17,9.1454
9275.13,25.27,9.1454
9276.13,25.18,9.1454
9277.13,25.43,9.147
9278.13,25.17,9.147
9279.14,25.17,9.147
9280.14,25.27,9.147
9281.14,25.13,9.147
9282.14,25.23,9.147
9283.14,25.13,9.147
9284.14,25.12,9.147
9285.15,25.24,9.147
9286.15,25.17,9.147
9287.15,25.52,9.1481
9288.15,25.17,9.1481
9289.15,25.17,9.1481
9290.15,25.26,9.1481
9291.16,25.17,9.1481
9292.16,25.28,9.1481
9293.16,25.19,9.1481
9294.16,25.28,9.1482
9295.16,25.17,9.1482
9296.16,25.18,9.1482
9297.17,25.29,9.1482
9298.17,25.39,9.1483
9299.17,25.28,9.1483
9300.17,25.18,9.1483
9301.17,25.18,9.1483
9302.17,25.28,9.1483
9303.18,25.19,9.1483
9304.18,25.28,9.1483
9305.18,25.15,9.1483
9306.18,25.14,9.1483
9307.18,25.25,9.1483
9308.18,25.15,9.1483
9309.18,25.49,9.1487
9310.19,25.16,9.1487
9311.19,25.17,9.1487
9312.19,25.29,9.1487
9313.19,25.19,9.1487
9314.19,25.27,9.1487
9315.19,25.17,9.1487
9316.2,25.27,9.1487
9317.2,25.18,9.1487
9318.2,25.17,9.1487
9319.2,25.28,9.1487
9320.2,25.41,9.149
9321.2,25.29,9.149
9322.21,25.19,9.149
9323.21,25.2,9.1492
9324.21,25.28,9.1492
9325.21,25.18,9.1492
9326.21,25.27,9.1492
9327.21,25.19,9.1492
9328.22,25.18,9.1492
9329.22,25.28,9.1492
9330.22,25.17,9.1492
9331.22,25.38,9.1493
9332.22,25.18,9.1493
9333.22,25.29,9.1493
9334.23,25.17,9.1493
9335.23,25.17,9.1493
9336.23,25.27,9.1493
9337.23,25.19,9.1493
9338.23,25.27,9.1493
9339.23,25.2,9.1493
9340.24,25.15,9.1493
9341.24,25.28,9.1493
9342.24,25.35,9.1495
9343.24,25.19,9.1495
9344.24,25.27,9.1495
9345.24,25.17,9.1495
9346.25,25.28,9.1495
9347.25,25.19,9.1495
9348.25,25.28,9.1495
9349.25,25.18,9.1495
9350.25,25.18,9.1495
9351.25,25.28,9.1495
9352.26,25.19,9.1495
9353.26,25.57,9.1496
9354.26,25.17,9.1496
9355.26,25.18,9.1496
9356.26,25.27,9.1496
9357.26,25.2,9.1496
9358.26,25.17,9.1496
9359.27,25.27,9.1496
9360.27,25.16,9.1496
9361.27,25.26,9.1496
9362.27,25.18,9.1496
9363.27,25.38,9.1501
9364.27,25.27,9.1501
9365.28,25.17,9.1501
9366.28,25.27,9.1501
9367.28,25.18,9.1501
9368.28,25.25,9.1501
9369.28,25.18,9.1501
9370.28,25.17,9.1501
9371.29,25.27,9.1501
9372.29,25.17,9.1501
9373.29,25.29,9.1501
9374.29,25.32,9.1505
9375.29,25.16,9.1505
9376.29,25.26,9.1505
9377.3,25.18,9.1505
9378.3,25.27,9.1505
9379.3,25.17,9.1505
9380.3,25.18,9.1505
9381.3,25.27,9.1505
9382.3,25.18,9.1505
9383.3,25.29,9.1506
9384.31,25.17,9.1506
9385.31,25.17,9.1506
9386.31,25.49,9.1511
9387.31,25.18,9.1511
9388.31,25.29,9.1511
9389.31,25.17,9.1511
9390.32,25.17,9.1511
9391.32,25.3,9.1511
9392.32,25.18,9.1511
9393.32,25.3,9.1512
9394.32,25.29,9.1512
9395.32,25.17,9.1512
9396.32,25.39,9.1513
9397.32,25.3,9.1513
9398.33,25.18,9.1513
9399.33,25.19,9.1513
9400.33,25.29,9.1513
9401.33,25.18,9.1513
9402.33,25.18,9.1513
9403.33,25.3,9.1515
9404.34,25.18,9.1515
9405.34,25.27,9.1515
9406.34,25.17,9.1515
9407.34,25.38,9.1517
9408.34,25.3,9.1517
9409.34,25.18,9.1517
9410.34,25.17,9.1517
9411.35,25.28,9.1517
9412.35,25.18,9.1517
9413.35,25.29,9.1517
9414.35,25.18,9.1517
9415.35,25.17,9.1517
9416.35,25.29,9.1517
9417.35,25.19,9.1517
9418.36,25.36,9.1518
9419.36,25.16,9.1518
9420.36,25.16,9.1518
9421.36,25.27,9.1518
9422.36,25.18,9.1518
9423.36,25.29,9.152
9424.37,25.18,9.152
9425.37,25.17,9.152
9426.37,25.27,9.152
9427.37,25.19,9.152
9428.37,25.27,9.152
9429.37,25.18,9.152
9430.38,25.42,9.1523
9431.38,25.27,9.1523
9432.38,25.19,9.1523
9433.38,25.29,9.1523
9434.38,25.17,9.1523
9435.38,25.28,9.1523
9436.39,25.17,9.1523
9437.39,25.19,9.1523
9438.39,25.28,9.1523
9439.39,25.17,9.1523
9440.39,25.45,9.1526
9441.39,25.15,9.1526
9442.4,25.17,9.1526
9443.4,25.25,9.1526
9444.4,25.12,9.1526
9445.4,25.22,9.1526
9446.4,25.12,9.1526
9447.4,25.12,9.1526
9448.4,25.23,9.1526
9449.41,25.11,9.1526
9450.41,25.13,9.1526
9451.41,25.43,9.1531
9452.41,25.13,9.1531
9453.41,25.14,9.1532
9454.41,25.26,9.1532
9455.41,25.17,9.1532
9456.42,25.28,9.1532
9457.42,25.18,9.1532
9458.42,25.11,9.1532
9459.42,25.27,9.1532
9460.42,25.11,9.1532
9461.42,25.12,9.1532
9462.43,25.23,9.1532
9463.43,25.37,9.1535
9464.43,25.25,9.1535
9465.43,25.17,9.1535
9466.43,25.17,9.1535
9467.43,25.28,9.1535
9468.43,25.18,9.1535
9469.44,25.15,9.1535
9470.44,25.24,9.1535
9471.44,25.17,9.1535
9472.44,25.28,9.1535
9473.44,25.19,9.1537
9474.44,25.47,9.1537
9475.45,25.15,9.1537
9476.45,25.15,9.1537
9477.45,25.27,9.1537
9478.45,25.16,9.1537
9479.45,25.26,9.1537
9480.45,25.16,9.1537
9481.46,25.16,9.1537
9482.46,25.27,9.1538
9483.46,25.17,9.1538
9484.46,25.26,9.1538
9485.46,25.38,9.154
9486.46,25.16,9.154
9487.47,25.27,9.154
9488.47,25.16,9.154
9489.47,25.27,9.154
9490.47,25.15,9.154
9491.47,25.16,9.154
9492.47,25.27,9.154
9493.48,25.17,9.154
9494.48,25.26,9.154
9495.48,25.16,9.154
9496.48,25.38,9.1541
9497.48,25.28,9.1541
9498.48,25.17,9.1541
9499.49,25.27,9.1541
9500.49,25.17,9.1541
9501.49,25.26,9.1541
9502.49,25.19,9.1541
9503.49,25.19,9.1541
9504.49,25.27,9.1541
9505.49,25.17,9.1541
9506.5,25.17,9.1541
9507.5,25.28,9.1541
9508.5,25.55,9.1544
9509.5,25.27,9.1544
9510.5,25.16,9.1544
9511.5,25.17,9.1544
9512.51,25.28,9.1544
9513.51,25.18,9.1544
9514.51,25.26,9.1544
9515.51,25.18,9.1544
9516.51,25.28,9.1544
9517.51,25.19,9.1544
9518.52,25.34,9.1545
9519.52,25.28,9.1545
9520.52,25.18,9.1545
9521.52,25.29,9.1545
9522.52,25.19,9.1545
9523.52,25.2,9.1545
9524.53,25.27,9.1545
9525.53,25.18,9.1545
9526.53,25.28,9.1545
9527.53,25.19,9.1545
9528.53,25.18,9.1545
9529.53,25.49,9.1547
9530.54,25.17,9.1547
9531.54,25.29,9.1547
9532.54,25.19,9.1547
9533.54,25.2,9.1547
9534.54,25.29,9.1547
9535.54,25.16,9.1547
9536.54,25.18,9.1547
9537.55,25.28,9.1547
9538.55,25.18,9.1547
9539.55,25.28,9.1547
9540.55,25.4,9.155
9541.55,25.2,9.155
9542.55,25.31,9.155
9543.55,25.18,9.155
9544.56,25.18,9.155
9545.56,25.28,9.155
9546.56,25.18,9.155
9547.56,25.28,9.155
9548.56,25.18,9.155
9549.56,25.29,9.155
9550.57,25.17,9.155
9551.57,25.4,9.1552
9552.57,25.27,9.1552
9553.57,25.12,9.1552
9554.57,25.13,9.1552
9555.57,25.23,9.1552
9556.58,25.17,9.1552
9557.58,25.29,9.1552
9558.58,25.21,9.1552
9559.58,25.17,9.1552
9560.58,25.28,9.1552
9561.58,25.32,9.1555
9562.58,25.21,9.1556
9563.59,25.26,9.1556
9564.59,25.17,9.1556
9565.59,25.27,9.1556
9566.59,25.18,9.1556
9567.59,25.18,9.1556
9568.59,25.28,9.1556
9569.6,25.17,9.1556
9570.6,25.26,9.1556
9571.6,25.17,9.1556
9572.6,25.45,9.1558
9573.6,25.18,9.1558
9574.6,25.14,9.1558
9575.61,25.23,9.1558
9576.61,25.13,9.1558
9577.61,25.26,9.1558
9578.61,25.19,9.1558
9579.61,25.17,9.1558
9580.61,25.27,9.1558
9581.62,25.18,9.1558
9582.62,25.31,9.156
9583.62,25.41,9.1567
9584.62,25.18,9.1567
9585.62,25.28,9.1567
9586.62,25.18,9.1567
9587.63,25.29,9.1567
9588.63,25.18,9.1567
9589.63,25.26,9.1567
9590.63,25.18,9.1567
9591.63,25.15,9.1567
9592.63,25.26,9.1567
9593.64,25.12,9.1567
9594.64,25.35,9.1572
9595.64,25.17,9.1572
9596.64,25.16,9.1572
9597.64,25.24,9.1572
9598.64,25.16,9.1572
9599.64,25.21,9.1572
9600.65,25.11,9.1572
9601.65,25.13,9.1572
9602.65,25.29,9.1573
9603.65,25.17,9.1573
9604.65,25.28,9.1573
9605.65,25.31,9.1573
9606.66,25.17,9.1573
9607.66,25.31,9.1573
9608.66,25.18,9.1573
9609.66,25.19,9.1573
9610.66,25.27,9.1573
9611.66,25.18,9.1573
9612.66,25.21,9.1573
9613.66,25.3,9.1573
9614.67,25.18,9.1573
9615.67,25.18,9.1573
9616.67,25.52,9.1575
9617.67,25.19,9.1575
9618.67,25.28,9.1575
9619.67,25.18,9.1575
9620.68,25.18,9.1575
9621.68,25.28,9.1575
9622.68,25.21,9.1575
9623.68,25.29,9.1575
9624.68,25.71,9.1575
9625.68,25.36,9.1575
9626.68,25.3,9.1575
9627.69,25.32,9.158
9628.69,25.19,9.158
9629.69,25.28,9.158
9630.69,25.18,9.158
9631.69,25.28,9.158
9632.69,25.19,9.158
9633.7,25.17,9.158
9634.7,25.29,9.158
9635.7,25.18,9.158
9636.7,25.28,9.158
9637.7,25.19,9.158
9638.7,25.48,9.1581
9639.71,25.18,9.1581
9640.71,25.18,9.1581
9641.71,25.3,9.1581
9642.71,25.21,9.1581
9643.71,25.14,9.1581
9644.71,25.23,9.1581
9645.72,25.13,9.1581
9646.72,25.24,9.1581
9647.72,25.17,9.1581
9648.72,25.17,9.1581
9649.72,25.48,9.1583
9650.72,25.19,9.1583
9651.72,25.26,9.1583
9652.73,25.22,9.1584
9653.73,25.21,9.1584
9654.73,25.3,9.1584
9655.73,25.19,9.1584
9656.73,77.87,2.3669
9657.73,78.53,2.5951
9658.74,87.02,2.7658
9659.74,88.29,3.0597
9660.74,83.64,3.5023
9661.74,79.18,3.9043
9662.74,75.86,4.2423
9663.74,76.51,4.662
9664.74,75.59,4.9569
9665.74,76.95,5.268
9666.75,76.09,5.5023
9667.75,75.47,5.77
9668.75,75.83,6.0334
9669.75,75.08,6.203
9670.75,77.09,6.4336
9671.75,59.38,6.8447
9672.76,66.57,7.3085
9673.76,61.03,7.316
9674.76,74.64,7.3161
9675.76,63.73,7.3161
9676.76,45.58,7.3164
9677.76,28.3,7.3166
9678.76,27.62,7.3166
9679.77,26.09,7.3166
9680.77,44.64,2.2497
9681.77,77.67,2.4178
9682.77,89.65,2.6327
9683.77,63.29,2.2636
9684.77,78.81,2.4278
9685.77,87.42,2.6567
9686.78,66.56,2.3072
9687.78,82.58,2.5427
9688.78,73.85,2.7304
9689.78,85.86,2.8932
9690.78,90.0,3.1248
9691.78,83.18,3.3836
9692.78,79.21,3.634
9693.79,77.0,3.8324
9694.79,76.6,4.0264
9695.79,77.49,4.2616
9696.79,78.25,4.5177
9697.79,76.34,4.8078
9698.79,70.2,5.2074
9699.8,30.28,5.705
9700.8,28.8,6.2089
9701.8,25.39,6.7222
9702.8,36.5,7.3105
9703.8,35.43,7.3625
9704.8,26.16,7.3625
9705.81,34.59,7.4626
9706.81,25.18,7.4627
9707.81,25.28,7.4627
9708.81,25.18,7.4627
9709.81,26.14,7.4627
9710.81,25.26,7.4627
9711.82,36.84,7.6889
9712.82,25.29,7.6889
9713.82,25.29,7.6889
9714.82,26.04,7.6889
9715.82,25.28,7.6889
9716.82,25.44,7.6887
9717.82,25.34,7.6887
9718.83,25.18,7.6887
9719.83,33.27,7.69
9720.83,25.29,7.6899
9721.83,25.19,7.6899
9722.83,25.3,7.69
9723.83,25.2,7.6902
9724.84,25.27,7.6902
9725.84,25.28,7.6902
9726.84,25.17,7.6902
9727.84,32.2,7.6904
9728.84,25.27,7.6904
9729.84,25.17,7.6904
9730.84,25.27,7.6904
9731.85,25.18,7.6904
9732.85,25.19,7.6904
9733.85,25.72,7.6904
9734.85,25.17,7.6904
9735.85,31.45,7.6904
9736.85,25.18,7.6904
9737.86,25.17,7.6904
9738.86,25.25,7.6904
9739.86,25.18,7.6904
9740.86,25.78,7.6904
9741.86,25.19,7.6904
9742.86,25.19,7.6905
9743.87,25.24,7.6905
9744.87,33.38,7.8673
9745.87,25.28,7.8673
9746.87,25.16,7.8673
9747.87,25.17,7.8673
9748.87,25.34,7.8673
9749.88,25.2,7.8673
9750.88,25.28,7.8673
9751.88,25.19,7.8673
9752.88,25.29,8.179
9753.88,25.22,8.5547
9754.89,41.73,8.9492
9755.89,25.18,8.9492
9756.89,25.34,8.9492
9757.89,25.17,8.9492
9758.89,25.18,8.9492
9759.89,25.27,8.9492
9760.89,25.16,8.9492
9761.9,25.19,8.9492
9762.9,25.29,8.9492
9763.9,25.17,8.9492
9764.9,25.29,8.9492
9765.9,25.32,8.9494
9766.9,25.16,8.9494
9767.9,25.27,8.9494
9768.91,25.77,8.9494
9769.91,25.73,8.9494
9770.91,25.3,8.9494
9771.91,25.19,8.9494
9772.91,25.21,8.9495
9773.91,25.28,8.9495
9774.91,25.24,8.9495
9775.92,25.37,8.9495
9776.92,25.31,8.9495
9777.92,25.17,8.9495
9778.92,25.17,8.9495
9779.92,25.3,8.9495
9780.92,25.18,8.9495
9781.92,25.19,8.9495
9782.93,25.29,8.9495
9783.93,25.17,8.9495
9784.93,25.28,8.9496
9785.93,25.12,8.9496
9786.93,25.17,8.9496
9787.93,25.27,8.9496
9788.94,25.19,8.9496
9789.94,25.28,8.9496
9790.94,25.17,8.9496
9791.94,25.54,8.9496
9792.94,25.27,8.9496
9793.94,25.19,8.9496
9794.94,25.23,8.9498
9795.95,25.28,8.9498
9796.95,25.2,8.9498
9797.95,25.28,8.9498
9798.95,25.18,8.9498
9799.95,25.16,8.9498
9800.95,25.24,8.9498
9801.96,25.29,8.9498
9802.96,25.29,8.9498
9803.96,25.18,8.9498
9804.96,25.33,8.95
9805.96,25.27,8.95
9806.96,25.2,8.95
9807.96,25.27,8.95
9808.97,25.17,8.95
9809.97,25.17,8.95
9810.97,25.27,8.95
9811.97,25.19,8.95
9812.97,25.28,8.9501
9813.97,25.17,8.9501
9814.98,25.24,8.9501
9815.98,25.27,8.9501
9816.98,25.18,8.9501
9817.98,25.28,8.9501
9818.98,25.18,8.9501
9819.98,25.28,8.9501
9820.99,25.17,8.9501
9821.99,25.19,8.9501
9822.99,25.29,8.9501
9823.99,25.25,8.9503
9824.99,26.13,8.9503
9825.99,25.18,8.9503
9827.0,25.19,8.9503
9828.0,25.28,8.9503
9829.0,25.17,8.9503
9830.0,25.28,8.9503
9831.0,25.17,8.9503
9832.0,25.18,8.9503
9833.01,25.25,8.9503
9834.01,25.32,8.9503
9835.01,25.24,8.9503
9836.01,25.18,8.9503
9837.01,25.29,8.9503
9838.01,25.17,8.9503
9839.02,25.13,8.9503
9840.02,25.22,8.9503
9841.02,25.12,8.9503
9842.02,25.23,8.9503
9843.02,25.18,8.9504
9844.02,25.13,8.9504
9845.03,25.25,8.9504
9846.03,25.17,8.9504
9847.03,25.28,8.9504
9848.03,25.13,8.9504
9849.03,25.23,8.9504
9850.03,25.18,8.9504
9851.04,25.17,8.9504
9852.04,25.29,8.9504
9853.04,25.23,8.9504
9854.04,25.25,8.9504
9855.04,25.16,8.9504
9856.04,25.18,8.9504
9857.05,25.29,8.9504
9858.05,25.29,8.9504
9859.05,25.27,8.9504
9860.05,25.17,8.9504
9861.05,25.17,8.9504
9862.05,25.26,8.9504
9863.06,25.2,8.9505
9864.06,25.27,8.9505
9865.06,25.17,8.9505
9866.06,25.17,8.9505
9867.06,25.24,8.9505
9868.06,25.13,8.9505
9869.07,25.22,8.9505
9870.07,25.12,8.9505
9871.07,25.25,8.9505
9872.07,25.17,8.9505
9873.07,25.18,8.9505
9874.07,25.22,8.9505
9875.08,25.12,8.9505
9876.08,25.41,8.9505
9877.08,25.13,8.9505
9878.08,25.15,8.9505
9879.08,25.25,8.9505
9880.08,25.14,8.9505
9881.09,25.24,8.9505
9882.09,25.13,8.9505
9883.09,25.22,8.9509
9884.09,25.27,8.9509
9885.09,25.18,8.9509
9886.09,25.27,8.9509
9887.09,25.19,8.9509
9888.1,25.27,8.9509
9889.1,25.12,8.9509
9890.1,25.12,8.9509
9891.1,25.23,8.9509
9892.1,25.19,8.9509
9893.1,25.3,8.9509
9894.11,25.53,8.951
9895.11,25.17,8.951
9896.11,25.25,8.951
9897.11,25.14,8.951
9898.11,25.12,8.951
9899.11,25.3,8.951
9900.11,25.18,8.951
9901.12,25.17,8.951
9902.12,25.23,8.951
9903.12,25.36,8.9511
9904.12,25.26,8.9511
9905.12,25.17,8.9511
9906.12,25.17,8.9511
9907.13,25.4,8.9511
9908.13,25.17,8.9511
9909.13,25.29,8.9511
9910.13,25.17,8.9511
9911.13,25.17,8.9511
9912.13,25.29,8.9511
9913.14,25.19,8.9511
9914.14,25.31,8.9559
9915.14,25.18,8.9559
9916.14,25.17,8.9559
9917.14,25.28,8.9559
9918.14,25.17,8.9559
9919.14,25.29,8.9559
9920.15,25.18,8.9559
9921.15,25.17,8.9559
9922.15,25.31,8.956
9923.15,25.19,8.956
9924.15,25.21,8.9561
9925.15,25.25,8.9561
9926.15,25.14,8.9561
9927.16,25.18,8.9561
9928.16,25.27,8.9561
9929.16,25.13,8.9561
9930.16,25.12,8.956
9931.16,25.21,8.956
9932.16,25.13,8.9562
9933.16,25.24,8.9562
9934.17,25.12,8.9562
9935.17,25.18,8.9981
9936.17,25.22,8.9981
9937.17,25.13,8.9981
9938.17,25.23,8.9981
9939.17,25.18,8.9981
9940.18,25.18,8.9981
9941.18,25.27,8.9981
9942.18,25.18,8.9981
9943.18,25.3,8.9983
9944.18,25.18,8.9983
9945.18,25.19,8.9983
9946.18,25.27,8.9983
9947.19,25.19,8.9983
9948.19,25.17,8.9983
9949.19,25.23,8.9983
9950.19,25.12,8.9983
9951.19,25.23,8.9983
9952.19,25.19,8.9983
9953.2,25.2,8.9983
9954.2,25.26,8.9983
9955.2,25.18,9.0309
9956.2,25.31,9.0378
9957.2,25.18,9.0378
9958.2,25.17,9.0378
9959.2,25.29,9.0378
9960.21,25.17,9.0378
9961.21,25.17,9.0378
9962.21,25.28,9.0378
9963.21,25.19,9.0379
9964.22,25.19,9.0379
9965.22,25.31,9.0379
9966.22,25.17,9.0379
9967.22,25.29,9.0379
9968.22,25.18,9.0379
9969.22,25.18,9.0379
9970.23,25.27,9.0379
9971.23,25.16,9.0379
9972.23,25.29,9.0379
9973.23,25.2,9.0379
9974.23,25.27,9.0379
9975.23,25.18,9.0379
9976.24,25.32,9.075
9977.24,25.38,9.075
9978.24,25.17,9.075
9979.24,25.18,9.075
9980.24,25.28,9.075
9981.24,25.17,9.075
9982.24,25.23,9.075
9983.25,25.14,9.075
9984.25,25.12,9.075
9985.25,25.25,9.075
9986.25,25.3,9.0751
9987.25,25.14,9.0751
9988.25,25.23,9.0751
9989.26,25.12,9.0751
9990.26,25.25,9.0751
9991.26,25.17,9.0751
9992.26,25.19,9.0751
9993.26,25.29,9.0751
9994.26,25.18,9.0751
9995.27,25.28,9.1027
9996.27,25.22,9.1087
9997.27,25.19,9.1087
9998.27,25.27,9.1087
9999.27,25.2,9.1087
10000.27,25.28,9.1087
10001.27,25.18,9.1087
10002.28,25.19,9.1087
10003.28,25.29,9.1087
10004.28,25.17,9.1087
10005.28,25.33,9.1087
10006.28,25.16,9.1087
10007.28,25.14,9.1087
10008.29,25.22,9.1087
10009.29,25.12,9.1087
10010.29,25.22,9.1087
10011.29,25.12,9.1087
10012.29,25.14,9.1087
10013.29,25.24,9.1087
10014.3,25.12,9.1087
10015.3,25.22,9.1087
10016.3,25.21,9.1388
10017.3,25.29,9.1388
10018.3,25.12,9.1389
10019.3,25.12,9.1389
10020.31,25.22,9.1389
10021.31,25.14,9.1389
10022.31,25.24,9.1389
10023.31,25.14,9.1389
10024.31,25.13,9.1389
10025.31,25.25,9.1389
10026.32,25.22,9.1389
10027.32,25.29,9.1389
10028.32,25.18,9.1389
10029.32,25.18,9.1389
10030.32,25.28,9.1389
10031.32,25.17,9.1389
10032.33,25.29,9.1389
10033.33,25.19,9.1389
10034.33,25.27,9.1389
10035.33,25.16,9.1389
10036.33,25.23,9.1461
10037.33,25.29,9.1461
10038.33,25.18,9.1461
10039.34,25.27,9.1461
10040.34,25.17,9.1461
10041.34,25.12,9.1461
10042.34,25.23,9.1461
10043.34,25.17,9.1463
10044.34,25.27,9.1463
10045.35,25.17,9.1463
10046.35,25.18,9.1463
10047.35,25.45,9.1464
10048.35,25.14,9.1464
10049.35,25.28,9.1464
10050.35,25.18,9.1464
10051.36,25.18,9.1464
10052.36,25.3,9.1464
10053.36,25.19,9.1464
10054.36,25.17,9.1464
10055.36,25.27,9.1464
10056.36,25.17,9.1464
10057.37,25.5,9.1464
10058.37,25.18,9.1464
10059.37,25.29,9.1464
10060.37,25.18,9.1464
10061.37,25.18,9.1464
10062.37,25.29,9.1464
10063.37,25.2,9.1464
10064.38,25.18,9.1464
10065.38,25.28,9.1464
10066.38,25.17,9.1464
10067.38,25.33,9.1464
10068.38,25.17,9.1464
10069.38,25.28,9.1464
10070.39,25.18,9.1464
10071.39,25.18,9.1464
10072.39,25.29,9.1464
10073.39,25.2,9.1465
10074.39,25.28,9.1465
10075.39,25.18,9.1465
10076.4,25.18,9.1465
10077.4,25.29,9.1465
10078.4,25.12,9.1465
10079.4,25.26,9.1465
10080.4,25.18,9.1465
10081.4,25.17,9.1465
10082.41,25.28,9.1465
10083.41,25.19,9.1465
10084.41,25.27,9.1465
10085.41,25.18,9.1465
10086.41,25.17,9.1465
10087.41,25.29,9.1465
10088.42,25.22,9.1465
10089.42,25.26,9.1465
10090.42,25.18,9.1465
10091.42,25.18,9.1465
10092.42,25.29,9.1465
10093.42,25.2,9.1465
10094.43,25.28,9.1465
10095.43,25.17,9.1465
10096.43,25.19,9.1465
10097.43,25.29,9.1465
10098.43,25.18,9.1465
10099.43,25.34,9.1465
10100.43,25.18,9.1465
10101.44,25.18,9.1465
10102.44,25.3,9.1465
10103.44,25.2,9.1466
10104.44,25.17,9.1466
10105.44,25.28,9.1466
10106.44,25.17,9.1466
10107.44,25.29,9.1466
10108.45,25.18,9.1466
10109.45,25.23,9.1466
10110.45,25.28,9.1466
10111.45,25.18,9.1466
10112.45,25.29,9.1466
10113.45,25.2,9.1466
10114.46,25.28,9.1466
10115.46,25.17,9.1466
10116.46,25.17,9.1466
10117.46,25.29,9.1466
10118.46,25.18,9.1466
10119.46,25.29,9.1466
10120.47,25.17,9.1466
10121.47,25.12,9.1466
10122.47,25.29,9.1466
10123.47,25.19,9.1467
10124.47,25.28,9.1467
10125.47,25.17,9.1467
10126.48,25.18,9.1467
10127.48,25.29,9.1467
10128.48,25.17,9.1467
10129.48,25.28,9.1467
10130.48,25.39,9.1467
10131.48,25.18,9.1467
10132.49,25.29,9.1467
10133.49,25.2,9.1467
10134.49,25.28,9.1467
10135.49,25.18,9.1467
10136.49,25.73,9.1467
10137.49,25.28,9.1467
10138.5,25.98,9.1477
10139.5,25.27,9.1477
10140.5,25.25,9.1477
10141.5,25.34,9.1477
10142.5,25.28,9.1477
10143.5,25.18,9.1477
10144.51,25.26,9.1477
10145.51,25.13,9.1477
10146.51,25.26,9.1477
10147.51,25.18,9.1477
10148.51,25.12,9.1477
10149.51,25.22,9.1477
10150.52,25.29,9.1477
10151.52,25.34,9.1477
10152.52,25.27,9.1477
10153.52,25.22,9.1478
10154.52,25.28,9.1478
10155.52,25.18,9.1478
10156.53,25.28,9.1478
10157.53,25.19,9.1478
10158.53,25.23,9.1478
10159.53,25.11,9.1478
10160.53,25.12,9.1478
10161.53,25.22,9.1478
10162.53,25.17,9.1478
10163.54,25.27,9.1478
10164.54,25.27,9.1478
10165.54,25.17,9.1478
10166.54,25.38,9.1478
10167.54,25.19,9.1478
10168.54,25.18,9.1478
10169.55,25.28,9.1478
10170.55,25.18,9.1478
10171.55,25.28,9.1478
10172.55,25.2,9.148
10173.55,25.28,9.148
10174.55,25.22,9.148
10175.56,25.86,9.148
10176.56,25.26,9.148
10177.56,25.17,9.148
10178.56,25.28,9.148
10179.56,25.19,9.148
10180.56,25.17,9.148
10181.56,25.27,9.148
10182.57,25.18,9.148
10183.57,25.18,9.148
10184.57,25.58,9.148
10185.57,25.16,9.1481
10186.57,25.27,9.1481
10187.57,25.18,9.1481
10188.58,25.18,9.1481
10189.58,25.28,9.1481
10190.58,25.17,9.1481
10191.58,25.28,9.1481
10192.58,25.16,9.1481
10193.58,25.16,9.1481
10194.59,25.28,9.1481
10195.59,25.22,9.1481
10196.59,25.27,9.1482
10197.59,25.18,9.1482
10198.59,25.29,9.1482
10199.59,25.17,9.1482
10200.6,25.17,9.1482
10201.6,25.28,9.1482
10202.6,25.2,9.1482
10203.6,25.28,9.1482
10204.6,25.18,9.1482
10205.6,25.37,9.1482
10206.6,25.3,9.1482
10207.61,25.19,9.1482
10208.61,25.19,9.1482
10209.61,25.3,9.1482
10210.61,25.18,9.1482
10211.61,25.19,9.1482
10212.61,25.31,9.1482
10213.61,25.18,9.1482
10214.62,25.17,9.1482
10215.62,25.31,9.1482
10216.62,25.12,9.1482
10217.62,25.13,9.1482
10218.62,25.27,9.1482
10219.62,25.19,9.1482
10220.62,25.18,9.1482
10221.63,25.28,9.1482
10222.63,25.21,9.1483
10223.63,25.28,9.1483
10224.63,25.13,9.1483
10225.63,25.12,9.1483
10226.63,25.28,9.1483
10227.64,25.13,9.1483
10228.64,25.24,9.1483
10229.64,25.13,9.1483
10230.64,25.13,9.1483
10231.64,25.24,9.1483
10232.64,25.18,9.1483
10233.64,25.13,9.1483
10234.64,25.12,9.1483
10235.65,25.22,9.1483
10236.65,25.18,9.1485
10237.65,25.29,9.1485
10238.65,25.19,9.1485
10239.65,25.28,9.1485
10240.65,25.18,9.1485
10241.66,25.17,9.1485
10242.66,25.33,9.1485
10243.66,25.18,9.1485
10244.66,25.18,9.1485
10245.66,25.28,9.1485
10246.66,25.18,9.1485
10247.66,25.34,9.1487
10248.67,25.18,9.1487
10249.67,25.18,9.1487
10250.67,25.27,9.1487
10251.67,25.17,9.1487
10252.67,25.22,9.1487
10253.67,25.28,9.1487
10254.68,25.17,9.1487
10255.68,25.27,9.1487
10256.68,25.18,9.1487
10257.68,25.34,9.1488
10258.68,25.51,9.1488
10259.68,25.18,9.1488
10260.69,25.29,9.1488
10261.69,25.18,9.1488
10262.69,25.3,9.1489
10263.69,25.11,9.1489
10264.69,25.11,9.1489
10265.69,25.21,9.1489
10266.69,25.12,9.1489
10267.7,25.23,9.1489
10268.7,25.21,9.1489
10269.7,25.13,9.1489
10270.7,25.21,9.1489
10271.7,25.17,9.1489
10272.7,25.3,9.1489
10273.71,25.18,9.1489
10274.71,25.17,9.1489
10275.71,25.27,9.1489
10276.71,25.17,9.1489
10277.71,25.29,9.1489
10278.71,25.18,9.1489
10279.72,25.36,9.149
10280.72,25.27,9.149
10281.72,25.13,9.149
10282.72,25.29,9.149
10283.72,25.17,9.149
10284.72,25.15,9.149
10285.73,25.27,9.149
10286.73,25.17,9.149
10287.73,25.27,9.149
10288.73,25.18,9.149
10289.73,25.32,9.149
10290.73,25.19,9.149
10291.73,25.19,9.149
10292.74,25.2,9.1492
10293.74,25.3,9.1492
10294.74,25.18,9.1492
10295.74,25.17,9.1492
10296.74,25.28,9.1492
10297.74,25.19,9.1492
10298.74,25.29,9.1492
10299.75,25.24,9.1493
10300.75,25.17,9.1493
10301.75,25.27,9.1493
10302.75,25.2,9.1493
10303.75,25.28,9.1493
10304.75,25.13,9.1493
10305.76,25.12,9.1493
10306.76,25.22,9.1493
10307.76,25.13,9.1493
10308.76,25.24,9.1493
10309.76,25.12,9.1493
10310.76,25.17,9.1494
10311.77,25.22,9.1494
10312.77,25.16,9.1495
10313.77,25.28,9.1495
10314.77,25.17,9.1495
10315.77,25.17,9.1495
10316.77,25.27,9.1495
10317.78,25.17,9.1495
10318.78,25.27,9.1495
10319.78,25.17,9.1495
10320.78,25.17,9.1495
10321.78,25.31,9.1495
10322.78,25.19,9.1495
10323.78,25.29,9.1495
10324.79,25.17,9.1495
10325.79,25.18,9.1495
10326.79,25.28,9.1495
10327.79,25.19,9.1495
10328.79,25.29,9.1495
10329.79,25.16,9.1495
10330.8,25.17,9.1495
10331.8,25.32,9.1511
10332.8,25.19,9.1512
10333.8,25.27,9.1512
10334.8,25.16,9.1512
10335.8,25.17,9.1512
10336.81,25.28,9.1512
10337.81,25.19,9.1512
10338.81,25.29,9.1512
10339.81,25.17,9.1512
10340.81,25.17,9.1512
10341.81,25.29,9.1512
10342.81,25.2,9.1512
10343.82,25.24,9.1513
10344.82,25.28,9.1513
10345.82,25.17,9.1513
10346.82,25.28,9.1513
10347.82,25.19,9.1513
10348.82,25.19,9.1513
10349.83,25.28,9.1513
10350.83,25.18,9.1513
10351.83,25.28,9.1513
10352.83,25.19,9.1515
10353.83,25.36,9.1544
10354.83,25.27,9.1544
10355.84,25.18,9.1544
10356.84,25.28,9.1544
10357.84,25.18,9.1544
10358.84,25.18,9.1544
10359.84,25.27,9.1544
10360.84,25.17,9.1544
10361.84,25.28,9.1544
10362.85,25.19,9.1544
10363.85,25.23,9.1544
10364.85,25.29,9.1544
10365.85,25.18,9.1544
10366.85,25.29,9.1544
10367.85,25.2,9.1544
10368.85,25.19,9.1544
10369.86,25.38,9.1544
10370.86,25.28,9.1544
10371.86,25.19,9.1544
10372.86,25.31,9.1545
10373.86,25.18,9.1545
10374.86,25.23,9.1566
10375.87,25.28,9.1566
10376.87,25.19,9.1566
10377.87,25.17,9.1566
10378.87,25.23,9.1566
10379.87,25.13,9.1566
10380.87,25.22,9.1566
10381.87,25.13,9.1566
10382.88,25.25,9.1566
10383.88,25.12,9.1566
10384.88,25.19,9.1566
10385.88,25.29,9.1566
10386.88,25.18,9.1566
10387.88,25.18,9.1566
10388.89,25.28,9.1566
10389.89,25.66,9.1566
10390.89,25.27,9.1566
10391.89,25.18,9.1566
10392.89,25.19,9.1566
10393.89,25.28,9.1566
10394.9,25.18,9.1566
10395.9,25.32,9.1584
10396.9,25.19,9.1584
10397.9,25.18,9.1584
10398.9,25.28,9.1584
10399.9,25.15,9.1584
10400.91,25.22,9.1584
10401.91,25.14,9.1584
10402.91,25.14,9.1585
10403.91,25.23,9.1585
10404.91,25.12,9.1585
10405.91,25.24,9.1585
10406.91,25.19,9.1588
10407.92,25.18,9.1588
10408.92,25.3,9.1588
10409.92,25.18,9.1588
10410.92,25.22,9.1588
10411.92,25.28,9.1588
10412.92,25.19,9.1588
10413.92,25.26,9.1588
10414.93,25.12,9.1588
10415.93,25.12,9.1588
10416.93,25.24,9.1588
10417.93,25.23,9.1606
10418.93,25.25,9.1606
10419.93,25.17,9.1606
10420.94,25.18,9.1606
10421.94,25.29,9.1606
10422.94,25.2,9.1607
10423.94,25.29,9.1607
10424.94,25.17,9.1607
10425.94,25.19,9.1607
10426.94,25.2,9.1607
10427.95,25.46,9.1608
10428.95,25.16,9.1608
10429.95,25.26,9.1608
10430.95,25.18,9.1608
10431.95,25.14,9.1608
10432.95,25.27,9.1608
10433.96,25.18,9.1608
10434.96,25.3,9.1608
10435.96,25.19,9.1608
10436.96,25.19,9.1608
10437.96,25.34,9.1623
10438.96,25.18,9.1623
10439.96,25.18,9.1623
10440.97,25.28,9.1623
10441.97,25.19,9.1623
10442.97,25.3,9.1624
10443.97,25.18,9.1624
10444.97,25.17,9.1624
10445.97,25.28,9.1624
10446.98,25.19,9.1624
10447.98,25.27,9.1624
10448.98,25.24,9.1626
10449.98,25.17,9.1626
10450.98,25.27,9.1626
10451.98,25.15,9.1626
10452.98,25.3,9.1626
10453.99,25.17,9.1626
10454.99,25.17,9.1626
10455.99,25.29,9.1626
10456.99,25.18,9.1626
10457.99,25.17,9.1626
10458.99,25.29,9.1626
10459.99,25.22,9.1634
10461.0,25.18,9.1634
10462.0,25.29,9.1634
10463.0,25.19,9.1634
10464.0,25.28,9.1634
10465.0,25.18,9.1634
10466.0,25.13,9.1634
10467.01,25.23,9.1634
10468.01,25.12,9.1634
10469.01,25.23,9.1634
10470.01,25.12,9.1634
10471.01,25.31,9.1635
10472.01,25.28,9.1635
10473.02,25.19,9.1637
10474.02,25.27,9.1637
10475.02,25.18,9.1637
10476.02,25.28,9.1637
10477.02,25.18,9.1637
10478.02,25.18,9.1637
10479.03,25.26,9.1637
10480.03,25.11,9.1637
10481.03,25.29,9.1646
10482.03,25.16,9.1646
10483.03,25.19,9.1646
10484.03,25.28,9.1646
10485.04,25.18,9.1646
10486.04,25.28,9.1646
10487.04,25.19,9.1646
10488.04,25.18,9.1646
10489.04,25.28,9.1646
10490.04,25.18,9.1646
10491.05,25.27,9.1646
10492.05,25.35,9.1647
10493.05,25.28,9.1647
10494.05,25.17,9.1647
10495.05,25.17,9.1647
10496.05,25.28,9.1647
10497.06,25.18,9.1647
10498.06,25.28,9.1647
10499.06,25.18,9.1647
10500.06,25.17,9.1647
10501.06,25.28,9.1647
10502.06,25.22,9.1656
10503.06,25.26,9.1657
10504.07,25.17,9.1657
10505.07,25.16,9.1657
10506.07,25.22,9.1657
10507.07,25.13,9.1657
10508.07,25.22,9.1657
10509.07,25.18,9.1657
10510.08,25.22,9.1657
10511.08,25.12,9.1657
10512.08,25.19,9.1658
10513.08,25.24,9.1658
10514.08,25.13,9.1658
10515.08,25.23,9.1658
10516.09,25.17,9.1658
10517.09,25.19,9.1658
10518.09,25.27,9.1658
10519.09,25.15,9.1658
10520.09,25.22,9.1658
10521.09,25.12,9.1658
10522.1,25.13,9.1658
10523.1,25.31,9.1668
10524.1,25.17,9.1668
10525.1,25.27,9.1668
10526.1,25.19,9.1668
10527.1,25.16,9.1668
10528.11,25.26,9.1668
10529.11,25.17,9.1668
10530.11,25.17,9.1668
10531.11,25.29,9.1668
10532.11,25.16,9.1668
10533.11,25.27,9.1668
10534.11,25.21,9.1668
10535.12,25.18,9.1668
10536.12,25.27,9.1668
10537.12,25.17,9.1668
10538.12,25.28,9.1668
10539.12,25.17,9.1668
10540.12,25.15,9.1668
10541.13,25.22,9.1668
10542.13,25.15,9.1668
10543.13,25.29,9.1668
10544.13,25.18,9.1668
10545.13,25.33,9.1668
10546.13,25.19,9.1668
10547.14,25.19,9.1668
10548.14,25.28,9.1668
10549.14,26.2,9.1668
10550.14,29.99,9.1668
10551.14,25.29,9.1668
10552.14,25.18,9.1668
10553.14,25.19,9.1669
10554.15,25.69,9.1669
10555.15,25.22,9.1671
10556.15,25.28,9.1671
10557.15,25.18,9.1671
10558.15,25.17,9.1671
10559.15,25.23,9.1671
10560.16,25.18,9.1671
10561.16,25.28,9.1671
10562.16,25.19,9.1671
10563.16,25.2,9.1671
10564.16,25.27,9.1671
10565.16,25.18,9.1671
10566.16,25.46,9.1677
10567.17,25.12,9.1677
10568.17,25.11,9.1677
10569.17,25.23,9.1677
10570.17,25.12,9.1677
10571.17,25.25,9.1677
10572.17,25.18,9.1677
10573.18,25.3,9.1677
10574.18,25.2,9.1677
10575.18,25.19,9.1677
10576.18,25.29,9.1677
10577.18,25.36,9.1678
10578.18,25.27,9.1678
10579.19,25.18,9.1678
10580.19,25.19,9.1678
10581.19,25.28,9.1678
10582.19,25.18,9.1678
10583.19,25.29,9.1679
10584.19,25.18,9.1679
10585.2,25.18,9.1679
10586.2,25.28,9.1679
10587.2,25.18,9.1679
10588.2,25.34,9.1679
10589.2,25.17,9.1679
10590.2,25.15,9.1679
10591.2,25.28,9.1679
10592.21,25.14,9.1679
10593.21,25.18,9.1679
10594.21,25.29,9.1679
10595.21,25.16,9.1679
10596.21,25.17,9.1679
10597.21,25.28,9.1679
10598.22,25.17,9.1679
10599.22,25.32,9.168
10600.22,25.13,9.168
10601.22,25.43,9.168
10602.22,25.28,9.168
10603.22,25.18,9.168
10604.22,25.27,9.168
10605.23,25.17,9.168
10606.23,25.17,9.168
10607.23,25.27,9.168
10608.23,25.17,9.168
10609.23,25.27,9.168
10610.23,25.17,9.168
10611.24,25.21,9.1685
10612.24,25.26,9.1685
10613.24,25.22,9.1687
10614.24,25.17,9.1687
10615.24,25.27,9.1687
10616.24,25.17,9.1687
10617.24,25.22,9.1687
10618.25,25.15,9.1687
10619.25,25.17,9.1687
10620.25,25.27,9.1687
10621.25,25.17,9.1687
10622.25,25.33,9.1688
10623.25,25.19,9.1688
10624.26,25.18,9.1688
10625.26,25.28,9.1688
10626.26,25.19,9.1688
10627.26,25.29,9.1688
10628.26,25.19,9.1688
10629.26,25.29,9.1688
10630.27,25.18,9.1688
10631.27,25.18,9.1688
10632.27,25.29,9.1688
10633.27,25.27,9.1693
10634.27,25.19,9.1693
10635.27,25.29,9.1693
10636.27,25.19,9.1693
10637.28,25.3,9.1693
10638.28,25.19,9.1693
10639.28,25.19,9.1693
10640.28,25.29,9.1693
10641.28,25.19,9.1693
10642.28,25.3,9.1693
10643.29,25.4,9.1693
10644.29,25.19,9.1693
10645.29,25.29,9.1693
10646.29,25.18,9.1693
10647.29,25.31,9.1693
10648.29,25.18,9.1693
10649.3,25.18,9.1693
10650.3,25.28,9.1693
10651.3,25.18,9.1693
10652.3,25.27,9.1693
10653.3,25.19,9.1693
10654.3,25.22,9.1693
10655.31,25.24,9.1693
10656.31,25.13,9.1693
10657.31,25.29,9.1693
10658.31,25.21,9.1693
10659.31,25.2,9.1693
10660.31,25.29,9.1693
10661.31,25.19,9.1693
10662.32,25.2,9.1693
10663.32,25.3,9.1694
10664.32,25.17,9.1694
10665.32,25.32,9.1695
10666.32,25.18,9.1695
10667.32,25.29,9.1695
10668.33,25.17,9.1695
10669.33,25.15,9.1695
10670.33,25.22,9.1695
10671.33,25.17,9.1695
10672.33,25.28,9.1695
10673.33,25.23,9.1695
10674.34,25.18,9.1695
10675.34,25.33,9.1695
10676.34,25.18,9.1695
10677.34,25.19,9.1695
10678.34,25.29,9.1695
10679.34,25.18,9.1695
10680.34,25.28,9.1695
10681.35,25.18,9.1695
10682.35,25.18,9.1695
10683.35,25.3,9.1696
10684.35,25.19,9.1696
10685.35,25.28,9.1696
10686.35,25.22,9.1696
10687.36,25.16,9.1696
10688.36,25.27,9.1696
10689.36,25.17,9.1696
10690.36,25.26,9.1696
10691.36,25.17,9.1696
10692.36,25.19,9.1696
10693.36,25.32,9.1696
10694.37,25.19,9.1696
10695.37,25.18,9.1696
10696.37,25.3,9.1696
10697.37,25.19,9.1696
10698.37,25.22,9.1696
10699.37,25.29,9.1696
10700.37,25.17,9.1696
10701.38,25.17,9.1696
10702.38,25.3,9.1696
10703.38,25.19,9.1696
10704.38,25.17,9.1696
10705.38,25.29,9.1696
10706.38,25.17,9.1696
10707.38,25.25,9.1696
10708.39,25.29,9.1696
10709.39,25.33,9.1696
10710.39,25.38,9.1696
10711.39,25.17,9.1696
10712.39,25.18,9.1696
10713.39,25.3,9.1698
10714.4,25.48,9.1698
10715.4,25.27,9.1698
10716.4,25.17,9.1698
10717.4,25.18,9.1698
10718.4,25.28,9.1698
10719.4,25.36,9.1701
10720.41,25.27,9.1701
10721.41,25.17,9.1701
10722.41,25.28,9.1701
10723.41,25.19,9.1701
10724.41,25.17,9.1701
10725.41,25.27,9.1701
10726.42,25.18,9.1701
10727.42,25.29,9.1702
10728.42,25.18,9.1702
10729.42,25.18,9.1702
10730.42,25.34,9.1704
10731.42,25.18,9.1704
10732.42,25.29,9.1704
10733.43,25.17,9.1704
10734.43,25.14,9.1705
10735.43,25.23,9.1705
10736.43,25.13,9.1705
10737.43,25.24,9.1705
10738.43,25.13,9.1705
10739.44,25.23,9.1705
10740.44,25.13,9.1705
10741.44,25.18,9.1708
10742.44,25.24,9.1708
10743.44,25.15,9.1708
10744.44,25.23,9.1708
10745.45,25.13,9.1708
10746.45,25.13,9.1708
10747.45,25.24,9.1708
10748.45,25.13,9.1708
10749.45,25.24,9.1708
10750.45,25.15,9.1708
10751.46,25.17,9.1708
10752.46,25.31,9.1708
10753.46,25.15,9.1708
10754.46,25.28,9.1708
10755.46,25.17,9.1708
10756.46,25.27,9.1708
10757.47,25.18,9.1708
10758.47,25.18,9.1708
10759.47,25.28,9.1708
10760.47,25.17,9.1708
10761.47,25.28,9.1708
10762.47,25.15,9.1708
10763.48,25.63,9.171
10764.48,25.32,9.171
10765.48,25.17,9.171
10766.48,25.28,9.171
10767.48,25.18,9.171
10768.48,25.2,9.171
10769.48,25.27,9.171
10770.49,25.17,9.171
10771.49,25.18,9.171
10772.49,25.29,9.171
10773.49,25.19,9.171
10774.49,25.29,9.171
10775.49,25.24,9.1711
10776.5,25.18,9.1711
10777.5,25.29,9.1711
10778.5,25.19,9.1711
10779.5,25.29,9.1711
10780.5,25.18,9.1711
10781.5,25.19,9.1711
10782.51,25.29,9.1711
10783.51,25.2,9.1711
10784.51,25.28,9.1711
10785.51,25.17,9.1711
10786.51,25.36,9.1711
10787.51,25.31,9.1711
10788.51,25.18,9.1711
10789.52,25.18,9.1711
10790.52,25.27,9.1711
10791.52,25.17,9.1711
10792.52,25.29,9.1711
10793.52,25.19,9.1712
10794.52,25.17,9.1712
10795.53,25.27,9.1712
10796.53,25.23,9.1712
10797.53,25.29,9.1712
10798.53,25.17,9.1712
10799.53,25.17,9.1712
10800.53,25.27,9.1712
10801.54,25.17,9.1712
10802.54,25.28,9.1712
10803.54,25.19,9.1712
10804.54,25.29,9.1712
10805.54,25.26,9.1712
10806.54,25.14,9.1712
10807.54,25.33,9.1713
10808.55,25.15,9.1713
10809.55,25.18,9.1713
10810.55,25.34,9.1713
10811.55,25.17,9.1713
10812.55,25.3,9.1713
10813.55,25.17,9.1713
10814.56,25.18,9.1713
10815.56,25.28,9.1713
10816.56,25.17,9.1713
10817.56,25.29,9.1713
10818.56,25.18,9.1713
10819.56,25.16,9.1714
10820.56,25.29,9.1714
10821.57,25.17,9.1714
10822.57,25.16,9.1714
10823.57,25.28,9.1714
10824.57,25.18,9.1714
10825.57,25.27,9.1714
10826.57,25.18,9.1714
10827.58,25.19,9.1714
10828.58,25.27,9.1714
10829.58,25.23,9.1714
10830.58,25.29,9.1714
10831.58,25.18,9.1714
10832.58,25.21,9.1714
10833.59,25.28,9.1714
10834.59,25.18,9.1714
10835.59,25.28,9.1714
10836.59,25.18,9.1714
10837.59,25.18,9.1714
10838.59,25.28,9.1714
10839.6,25.18,9.1714
10840.6,25.32,9.1714
10841.6,25.17,9.1714
10842.6,25.2,9.1716
10843.6,25.28,9.1716
10844.6,25.17,9.1716
10845.6,25.27,9.1716
10846.61,25.18,9.1716
10847.61,25.18,9.1716
10848.61,25.28,9.1716
10849.61,25.18,9.1716
10850.61,25.33,9.1716
10851.61,25.17,9.1716
10852.62,25.29,9.1716
10853.62,25.12,9.1716
10854.62,25.12,9.1716
10855.62,25.3,9.1716
10856.62,25.18,9.1716
10857.62,25.19,9.1716
10858.63,25.27,9.1716
10859.63,25.17,9.1716
10860.63,25.27,9.1716
10861.63,25.36,9.1716
10862.63,25.19,9.1716
10863.63,25.27,9.1716
10864.64,25.18,9.1716
10865.64,25.19,9.1716
10866.64,25.28,9.1716
10867.64,25.19,9.1716
10868.64,25.3,9.1716
10869.64,25.16,9.1716
10870.64,25.17,9.1716
10871.65,25.27,9.1716
10872.65,25.24,9.1717
10873.65,25.18,9.1717
10874.65,25.27,9.1717
10875.65,25.17,9.1717
10876.65,25.27,9.1717
10877.65,25.18,9.1717
10878.66,25.29,9.1717
10879.66,25.17,9.1717
10880.66,25.18,9.1717
10881.66,25.28,9.1717
10882.66,25.24,9.1718
10883.66,25.27,9.1718
10884.67,25.13,9.1718
10885.67,25.17,9.1718
10886.67,59.63,2.2912
10887.67,88.25,2.4824
10888.67,88.62,2.7963
10889.67,81.53,3.1082
10890.67,60.51,3.4698
10891.68,35.01,3.7361
10892.68,26.75,3.7589
10893.68,25.18,3.7729
10894.68,26.05,3.7939
10895.68,25.32,3.8176
10896.68,25.17,3.8306
10897.68,25.35,3.8591
10898.69,25.28,3.8776
10899.69,25.36,3.8983
10900.69,25.28,3.916
10901.69,25.18,3.9384
10902.69,25.19,3.9593
10903.69,25.29,3.9785
10904.69,25.15,3.9997
10905.7,25.12,4.0206
10906.7,25.4,4.0421
10907.7,25.12,4.0622
10908.7,25.47,4.0848
10909.7,25.22,4.0936
10910.7,25.15,4.1052
10911.7,26.24,4.4777
10912.71,25.42,4.842
10913.71,33.06,5.1728
10914.71,30.23,5.3726
10915.71,25.17,5.3836
10916.71,25.29,5.3976
10917.71,25.33,5.4184
10918.72,25.52,5.4395
10919.72,25.27,5.4555
10920.72,25.18,5.48
10921.72,25.33,5.4807
10922.72,25.46,5.5014
10923.72,25.17,5.5211
10924.73,25.34,5.5416
10925.73,25.15,5.5588
10926.73,25.13,5.5787
10927.73,25.23,5.5972
10928.73,25.24,5.6192
10929.73,25.21,5.6389
10930.73,25.27,5.6617
10931.74,25.16,5.683
10932.74,25.36,5.6975
10933.74,25.16,5.7065
10934.74,25.17,5.7167
10935.74,26.39,5.9829
10936.74,25.34,6.1138
10937.74,25.18,6.1251
10938.75,25.27,6.141
10939.75,25.17,6.1673
10940.75,25.28,6.1808
10941.75,25.17,6.198
10942.75,25.51,6.2223
10943.75,25.28,6.2408
10944.75,25.18,6.2615
10945.76,25.17,6.2792
10946.76,25.29,6.3016
10947.76,25.19,6.3189
10948.76,25.26,6.3385
10949.76,25.29,6.3553
10950.76,25.17,6.3743
10951.77,25.34,6.3988
10952.77,25.2,6.4205
10953.77,25.35,6.4382
10954.77,25.42,6.4527
10955.77,25.15,6.4621
10956.77,25.26,6.4761
10957.77,26.2,6.5794
10958.78,25.41,6.5917
10959.78,25.29,6.5917
10960.78,25.17,6.5917
10961.78,25.17,6.5917
10962.78,25.3,6.5951
10963.78,25.17,6.5951
10964.78,25.26,6.5951
10965.79,25.17,6.5951
10966.79,25.18,6.5986
10967.79,25.29,6.5986
10968.79,25.17,6.5986
10969.79,25.17,6.5986
10970.79,25.27,6.5989
10971.8,25.17,6.6006
10972.8,25.35,6.6034
10973.8,25.17,6.6053
10974.8,25.18,6.6078
10975.8,25.3,6.61
10976.8,25.17,6.6126
10977.8,25.18,6.6154
10978.8,25.38,6.6186
10979.81,25.18,6.6186
10980.81,25.18,6.6186
10981.81,25.3,6.6186
10982.81,25.2,6.6198
10983.81,25.18,6.6208
10984.81,25.3,6.6232
10985.81,25.18,6.625
10986.82,25.17,6.6276
10987.82,25.29,6.6297
10988.82,25.15,6.6322
10989.82,25.15,6.6351
10990.82,25.13,6.6393
10991.82,25.27,6.6393
10992.82,25.19,6.6393
10993.82,25.28,6.6393
10994.83,25.16,6.6427
10995.83,25.12,6.6427
10996.83,25.27,6.6427
10997.83,25.14,6.6427
10998.83,25.12,6.643
10999.83,25.26,6.6453
11000.83,25.14,6.6474
11001.83,25.17,6.6514
11002.84,25.29,6.6515
11003.84,25.17,6.6515
11004.84,25.17,6.6531
11005.84,25.26,6.659
11006.84,25.18,6.659
11007.84,25.13,6.659
11008.85,25.21,6.659
11009.85,25.17,6.663
11010.85,25.24,6.663
11011.85,25.12,6.663
11012.85,25.13,6.6686
11013.85,25.24,6.6686
11014.85,25.17,6.6686
11015.86,25.17,6.6686
11016.86,25.29,6.6686
11017.86,25.16,6.6708
11018.86,25.18,6.6772
11019.86,25.27,6.6772
11020.86,25.14,6.6772
11021.86,25.14,6.6772
11022.87,25.28,6.6781
11023.87,25.18,6.6802
11024.87,25.28,6.6869
11025.87,25.17,6.6869
11026.87,25.18,6.6869
11027.87,25.27,6.6869
11028.87,25.17,6.6925
11029.88,25.17,6.6925
11030.88,25.27,6.6925
11031.88,25.18,6.6925
11032.88,25.29,6.6927
11033.88,25.17,6.7005
11034.88,25.17,6.7005
11035.89,25.27,6.7005
11036.89,25.18,6.7005
11037.89,25.27,6.7005
11038.89,25.17,6.7062
11039.89,25.17,6.7062
11040.89,25.29,6.7062
11041.89,25.17,6.7062
11042.9,25.16,6.7083
11043.9,25.22,6.7149
11044.9,25.15,6.7149
11045.9,25.17,6.7149
11046.9,25.27,6.7149
11047.9,25.17,6.7206
11048.9,25.28,6.7206
11049.91,25.18,6.7206
11050.91,25.17,6.7206
11051.91,25.27,6.7264
11052.91,25.18,6.7265
11053.91,25.15,6.7265
11054.91,25.25,6.7265
11055.91,25.13,6.7265
11056.92,25.27,6.7287
11057.92,25.17,6.7317
11058.92,25.16,6.7317
11059.92,25.29,6.7317
11060.92,25.17,6.7317
11061.92,25.17,6.7317
11062.93,25.28,6.7359
11063.93,25.17,6.7359
11064.93,25.17,6.7359
11065.93,25.29,6.7359
11066.93,25.18,6.7415
11067.93,25.17,6.7415
11068.93,25.28,6.7415
11069.93,25.17,6.7415
11070.94,25.27,6.7472
11071.94,25.18,6.7472
11072.94,25.18,6.7472
11073.94,25.27,6.7472
11074.94,25.15,6.753
11075.94,25.16,6.753
11076.95,25.28,6.7531
11077.95,25.17,6.7531
11078.95,25.27,6.7531
11079.95,25.16,6.7544
11080.95,25.16,6.7544
11081.95,25.27,6.7559
11082.95,25.18,6.7559
11083.96,25.27,6.756
11084.96,25.16,6.7619
11085.96,25.15,6.7619
11086.96,25.27,6.7619
11087.96,25.16,6.7619
11088.96,25.13,6.768
11089.97,25.21,6.768
11090.97,25.11,6.768
11091.97,25.22,6.768
11092.97,25.13,6.7737
11093.97,25.11,6.7737
11094.97,25.21,6.7737
11095.97,25.11,6.7737
11096.98,25.24,6.7795
11097.98,25.17,6.7795
11098.98,25.17,6.7795
11099.98,25.27,6.7795
11100.98,25.11,6.7795
11101.98,25.12,6.7858
11102.99,25.24,6.7858
11103.99,25.16,6.7858
11104.99,25.28,6.7858
11105.99,25.16,6.7915
11106.99,25.18,6.7915
11107.99,25.28,6.7915
11108.99,25.17,6.7915
11109.99,25.19,6.7975
11111.0,25.27,6.7976
11112.0,25.18,6.7976
11113.0,25.14,6.7976
11114.0,25.21,6.7976
11115.0,25.11,6.8
11116.0,25.13,6.8059
11117.01,25.26,6.8059
11118.01,25.16,6.8059
11119.01,25.26,6.8059
11120.01,25.17,6.8083
11121.01,25.17,6.8091
11122.01,25.3,6.815
11123.01,25.19,6.8151
11124.02,25.17,6.8151
11125.02,25.27,6.8151
11126.02,25.16,6.821
11127.02,25.14,6.821
11128.02,25.24,6.821
11129.02,25.12,6.821
11130.02,25.26,6.8233
11131.03,25.16,6.8233
11132.03,25.17,6.8252
11133.03,25.28,6.8312
11134.03,25.16,6.8312
11135.03,25.17,6.8312
11136.03,25.27,6.8312
11137.04,25.17,6.8377
11138.04,25.2,6.8377
11139.04,25.3,6.8377
11140.04,25.17,6.8377
11141.04,25.17,6.8377
11142.04,25.28,6.8401
11143.04,25.19,6.8465
11144.04,25.18,6.8465
11145.05,25.27,6.8465
11146.05,25.17,6.8465
11147.05,25.29,6.8472
11148.05,25.45,6.8503
11149.05,25.17,6.8503
11150.05,25.27,6.8503
11151.05,25.16,6.8507
11152.06,25.17,6.857
11153.06,25.28,6.8571
11154.06,25.15,6.8571
11155.06,25.27,6.8571
11156.06,25.15,6.863
11157.06,25.17,6.863
11158.06,25.28,6.863
11159.07,25.17,6.863
11160.07,25.17,6.8633
11161.07,25.28,6.871
11162.07,25.11,6.871
11163.07,25.13,6.871
11164.07,25.21,6.871
11165.07,25.15,6.871
11166.08,25.17,6.8767
11167.08,25.27,6.8767
11168.08,25.17,6.8767
11169.08,25.27,6.8767
11170.08,25.17,6.8782
11171.08,25.17,6.8813
11172.09,25.27,6.8813
11173.09,25.16,6.8813
11174.09,25.15,6.8819
11175.09,25.21,6.8877
11176.09,25.1,6.8877
11177.09,25.22,6.8877
11178.09,25.17,6.8877
11179.1,25.17,6.894
11180.1,25.29,6.894
11181.1,25.17,6.894
11182.1,25.18,6.894
11183.1,25.29,6.8941
11184.1,25.17,6.8997
11185.1,25.17,6.8997
11186.1,25.28,6.8997
11187.11,25.18,6.8997
11188.11,25.17,6.902
11189.11,25.29,6.903
11190.11,25.17,6.9089
11191.11,25.17,6.9089
11192.11,25.29,6.9089
11193.11,25.19,6.9089
11194.12,25.15,6.9146
11195.12,25.22,6.9146
11196.12,25.12,6.9146
11197.12,25.12,6.9146
11198.12,25.23,6.9204
11199.12,25.13,6.9204
11200.12,25.26,6.9204
11201.13,25.17,6.9204
11202.13,25.17,6.9206
11203.13,25.3,6.9206
11204.13,25.17,6.9206
11205.13,25.17,6.9206
11206.13,25.27,6.9206
11207.13,25.18,6.9281
11208.14,25.27,6.9281
11209.14,25.17,6.9281
11210.14,25.13,6.9281
11211.14,25.21,6.9281
11212.14,25.12,6.9322
11213.14,25.13,6.9323
11214.15,25.27,6.9323
11215.15,25.17,6.9379
11216.15,25.26,6.9379
11217.15,25.17,6.9379
11218.15,25.17,6.9379
11219.15,25.27,6.9391
11220.15,25.17,6.9464
11221.16,25.16,6.9464
11222.16,25.27,6.9464
11223.16,25.19,6.9464
11224.16,25.17,6.9464
11225.16,25.26,6.9496
11226.16,25.16,6.95
11227.16,25.28,6.9562
11228.17,25.17,6.9562
11229.17,25.17,6.9562
11230.17,25.26,6.9562
11231.17,25.16,6.962
11232.17,25.28,6.962
11233.17,25.19,6.962
11234.18,25.17,6.962
11235.18,25.27,6.9623
11236.18,25.17,6.9696
11237.18,25.17,6.9696
11238.18,25.27,6.9696
11239.18,25.17,6.9696
11240.18,25.9,6.9754
11241.19,25.17,6.9754
11242.19,25.16,6.9754
11243.19,25.28,6.9754
11244.19,25.17,6.9754
11245.19,25.27,6.9783
11246.19,25.16,6.9843
11247.2,25.15,6.9843
11248.2,25.24,6.9843
11249.2,25.14,6.9843
11250.2,25.15,6.9899
11251.2,25.27,6.9899
11252.2,25.17,6.9899
11253.2,25.29,6.9899
11254.21,25.16,6.9958
11255.21,25.14,6.9958
11256.21,25.27,6.9958
11257.21,25.19,6.9958
11258.21,25.17,6.996
11259.21,25.28,6.998
11260.21,25.18,7.0011
11261.22,25.28,7.0011
11262.22,25.18,7.0011
11263.22,25.25,7.0011
11264.22,25.27,7.0038
11265.22,25.17,7.005
11266.22,25.17,7.005
11267.23,25.28,7.005
11268.23,25.17,7.005
11269.23,25.28,7.0108
11270.23,25.17,7.0108
11271.23,25.16,7.0108
11272.23,25.26,7.0108
11273.23,25.19,7.0165
11274.23,25.16,7.0165
11275.24,25.21,7.0165
11276.24,25.11,7.0165
11277.24,25.17,7.0223
11278.24,25.27,7.0223
11279.24,25.17,7.0223
11280.24,25.16,7.0223
11281.25,25.27,7.0223
11282.25,25.17,7.0237
11283.25,25.26,7.0237
11284.25,25.15,7.0251
11285.25,25.17,7.0251
11286.25,25.29,7.0251
11287.25,25.17,7.031
11288.26,25.17,7.031
11289.26,25.29,7.031
11290.26,25.17,7.031
11291.26,25.17,7.0371
11292.26,25.27,7.0371
11293.26,25.2,7.0371
11294.26,25.18,7.0371
11295.26,25.26,7.0429
11296.27,25.17,7.0429
11297.27,25.18,7.0429
11298.27,25.27,7.0429
11299.27,25.17,7.0429
11300.27,25.17,7.0485
11301.27,25.26,7.0485
11302.28,25.17,7.0485
11303.28,25.28,7.0486
11304.28,25.18,7.0551
11305.28,25.18,7.0551
11306.28,25.26,7.0551
11307.28,25.18,7.0551
11308.28,25.27,7.0607
11309.29,25.17,7.0607
11310.29,25.17,7.0607
11311.29,25.28,7.0607
11312.29,25.17,7.0607
11313.29,25.19,7.0668
11314.29,25.27,7.0668
11315.29,25.17,7.0668
11316.3,25.17,7.0668
11317.3,25.4,7.0688
11318.3,25.17,7.0751
11319.3,25.48,7.0751
11320.3,25.16,7.0751
11321.3,25.14,7.0751
11322.31,25.24,7.0774
11323.31,25.18,7.0783
11324.31,25.17,7.0843
11325.31,25.27,7.0843
11326.31,25.17,7.0843
11327.31,25.27,7.0843
11328.31,25.17,7.0901
11329.32,25.17,7.0901
11330.32,25.27,7.0901
11331.32,25.16,7.0901
11332.32,25.28,7.0923
11333.32,25.18,7.0924
11334.32,25.13,7.0939
11335.33,25.26,7.1004
11336.33,25.13,7.1004
11337.33,25.22,7.1004
11338.33,25.11,7.1004
11339.33,25.12,7.1012
11340.33,25.29,7.1068
11341.33,25.18,7.1068
11342.34,25.16,7.1068
11343.34,25.31,7.1068
11344.34,25.17,7.1089
11345.34,31.46,7.1851
11346.34,25.27,7.1851
11347.34,25.18,7.1851
11348.34,25.27,7.1851
11349.35,25.2,7.1851
11350.35,25.17,7.1851
11351.35,25.27,7.1851
11352.35,25.17,7.1851
11353.35,25.17,7.1851
11354.35,25.27,7.1851
11355.35,25.17,7.1851
11356.36,25.16,7.1851
11357.36,25.29,7.1851
11358.36,25.17,7.1851
11359.36,25.17,7.1851
11360.36,25.28,7.1851
11361.36,25.17,7.1851
11362.37,25.2,7.1851
11363.37,25.18,7.1852
11364.37,25.29,7.1852
11365.37,25.14,7.1852
11366.37,25.18,7.1852
11367.37,25.28,7.1852
11368.37,25.16,7.1852
11369.38,25.17,7.1852
11370.38,25.23,7.1852
11371.38,25.11,7.1852
11372.38,25.21,7.1852
11373.38,25.19,7.1852
11374.38,25.18,7.1852
11375.38,25.17,7.1852
11376.38,25.29,7.1852
11377.39,25.22,7.1852
11378.39,25.85,7.1852
11379.39,25.57,7.1852
11380.39,25.29,7.1852
11381.39,25.17,7.1852
11382.4,25.17,7.1852
11383.4,25.31,7.1852
11384.4,25.18,7.1852
11385.4,25.14,7.1852
11386.4,25.26,7.1852
11387.4,25.15,7.1852
11388.4,25.27,7.1852
11389.41,25.18,7.1852
11390.41,25.18,7.1852
11391.41,25.27,7.1852
11392.41,25.17,7.1852
11393.41,25.13,7.1853
11394.41,25.22,7.1853
11395.42,25.17,7.1853
11396.42,25.27,7.1853
11397.42,25.15,7.1853
11398.42,25.28,7.1853
11399.42,25.17,7.1853
11400.42,25.16,7.1853
11401.42,25.28,7.1853
11402.43,25.13,7.1853
11403.43,25.28,7.1853
11404.43,25.17,7.1853
11405.43,25.17,7.1853
11406.43,25.23,7.1853
11407.44,25.09,7.1853
11408.44,25.22,7.1853
11409.44,25.23,7.1853
11410.44,25.16,7.1853
11411.44,25.28,7.1853
11412.44,25.15,7.1853
11413.44,25.28,7.1853
11414.45,25.17,7.1853
11415.45,25.17,7.1853
11416.45,25.27,7.1853
11417.45,25.17,7.1853
11418.45,25.18,7.1853
11419.45,25.47,7.1853
11420.45,25.46,7.1853
11421.45,25.16,7.1853
11422.46,25.23,7.1853
11423.46,25.17,7.1854
11424.46,25.19,7.1854
11425.46,25.27,7.1854
11426.46,25.17,7.1854
11427.46,25.27,7.1854
11428.47,25.17,7.1854
11429.47,25.16,7.1854
11430.47,25.27,7.1854
11431.47,25.17,7.1854
11432.47,25.25,7.1854
11433.47,25.18,7.1854
11434.48,25.17,7.1854
11435.48,25.26,7.1854
11436.48,25.16,7.1854
11437.48,25.27,7.1854
11438.48,25.18,7.1854
11439.48,25.18,7.1854
11440.48,25.27,7.1854
11441.49,25.18,7.1854
11442.49,25.24,7.1854
11443.49,25.11,7.1854
11444.49,25.16,7.1854
11445.49,25.27,7.1854
11446.49,25.17,7.1854
11447.5,25.26,7.1854
11448.5,25.17,7.1854
11449.5,25.17,7.1854
11450.5,25.27,7.1854
11451.5,25.17,7.1854
11452.5,25.17,7.1854
11453.51,25.27,7.1855
11454.51,25.17,7.1855
11455.51,25.28,7.1855
11456.51,25.17,7.1855
11457.51,25.18,7.1855
11458.51,25.27,7.1855
11459.51,25.17,7.1855
11460.52,25.17,7.1855
11461.52,25.26,7.1855
11462.52,25.17,7.1855
11463.52,25.28,7.1855
11464.52,25.17,7.1855
11465.52,25.17,7.1855
11466.53,25.27,7.1855
11467.53,25.17,7.1855
11468.53,25.27,7.1855
11469.53,25.25,7.1855
11470.53,25.19,7.1855
11471.53,25.17,7.1855
11472.53,25.25,7.1855
11473.54,25.18,7.1855
11474.54,25.27,7.1855
11475.54,25.16,7.1855
11476.54,25.26,7.1855
11477.54,25.16,7.1855
11478.54,25.16,7.1855
11479.55,25.27,7.1855
11480.55,25.17,7.1855
11481.55,25.27,7.1855
11482.55,25.19,7.1855
11483.55,25.16,7.1855
11484.55,25.29,7.1855
11485.55,25.16,7.1891
11486.55,25.16,7.1891
11487.56,25.24,7.1891
11488.56,25.16,7.2012
11489.56,25.27,7.2012
11490.56,25.16,7.2012
11491.56,25.16,7.2012
11492.57,25.29,7.2013
11493.57,25.16,7.2013
11494.57,25.27,7.2019
11495.57,25.16,7.2131
11496.57,25.17,7.2131
11497.57,25.27,7.2131
11498.57,25.15,7.2131
11499.58,25.21,7.2131
11500.58,25.26,7.2131
11501.58,25.16,7.2186
11502.58,25.27,7.2186
11503.58,25.16,7.2186
11504.58,25.17,7.2202
11505.59,25.26,7.2256
11506.59,25.14,7.2256
11507.59,25.25,7.2263
11508.59,25.16,7.2319
11509.59,25.17,7.2319
11510.59,25.26,7.2319
11511.6,25.16,7.2371
11512.6,25.29,7.2371
11513.6,25.16,7.2371
11514.6,25.18,7.2414
11515.6,25.27,7.2414
11516.6,25.16,7.2433
11517.6,25.17,7.2501
11518.61,25.26,7.2501
11519.61,25.17,7.2501
11520.61,25.27,7.256
11521.61,25.17,7.256
11522.61,25.2,7.2561
11523.61,25.27,7.26
11524.61,25.17,7.26
11525.62,25.17,7.26
11526.62,25.21,7.2616
11527.62,25.12,7.2655
11528.62,25.29,7.2655
11529.62,25.27,7.2706
11530.62,25.17,7.2706
11531.62,25.27,7.2706
11532.63,25.19,7.2757
11533.63,25.17,7.2757
11534.63,25.27,7.2757
11535.63,25.16,7.2797
11536.63,25.26,7.2797
11537.63,25.17,7.2848
11538.64,25.16,7.2848
11539.64,25.27,7.2848
11540.64,25.17,7.2856
11541.64,25.16,7.286
11542.64,25.29,7.286
11543.64,25.17,7.286
11544.64,25.26,7.286
11545.65,25.14,7.286
11546.65,25.16,7.286
11547.65,25.26,7.286
11548.65,25.13,7.286
11549.65,25.17,7.286
11550.65,25.27,7.286
11551.66,25.17,7.286
11552.66,25.36,7.2861
11553.66,25.16,7.2861
11554.66,25.17,7.2861
11555.66,25.27,7.2861
11556.66,25.17,7.2861
11557.66,25.28,7.2861
11558.67,25.17,7.2861
11559.67,25.16,7.2861
11560.67,25.26,7.2861
11561.67,25.16,7.2861
11562.67,25.18,7.2861
11563.67,25.26,7.2861
11564.68,25.16,7.2861
11565.68,25.24,7.2861
11566.68,25.11,7.2861
11567.68,25.14,7.2861
11568.68,25.26,7.2861
11569.68,25.16,7.2861
11570.68,25.26,7.2861
11571.69,25.16,7.2861
11572.69,25.19,7.2862
11573.69,25.28,7.2862
11574.69,25.17,7.2862
11575.69,25.16,7.2862
11576.69,25.26,7.2862
11577.69,25.17,7.2862
11578.7,25.13,7.2862
11579.7,25.22,7.2862
11580.7,25.12,7.2862
11581.7,25.24,7.2862
11582.7,25.19,7.2862
11583.7,25.12,7.2862
11584.71,25.22,7.2862
11585.71,25.11,7.2862
11586.71,25.13,7.2862
11587.71,25.27,7.2862
11588.71,25.17,7.2862
11589.71,25.22,7.2862
11590.71,25.11,7.2862
11591.72,25.11,7.2862
11592.72,25.23,7.2862
11593.72,25.11,7.2862
11594.72,25.26,7.2862
11595.72,25.17,7.2862
11596.72,25.17,7.2862
11597.73,25.27,7.2862
11598.73,25.16,7.2862
11599.73,25.17,7.2862
11600.73,25.27,7.2862
11601.73,25.16,7.2862
11602.73,25.28,7.2864
11603.73,25.17,7.2864
11604.74,25.17,7.2864
11605.74,25.26,7.2864
11606.74,25.16,7.2864
11607.74,25.27,7.2864
11608.74,25.16,7.2864
11609.74,25.17,7.2864
11610.75,25.27,7.2864
11611.75,25.17,7.2864
11612.75,25.19,7.2864
11613.75,25.26,7.2864
11614.75,25.17,7.2864
11615.75,25.26,7.2864
11616.75,25.16,7.2864
11617.76,25.17,7.2864
11618.76,25.27,7.2864
11619.76,25.17,7.2864
11620.76,25.24,7.2864
11621.76,25.11,7.2864
11622.76,25.14,7.2864
11623.76,25.22,7.2864
11624.77,25.12,7.2864
11625.77,25.17,7.2864
11626.77,25.28,7.2864
11627.77,25.18,7.2864
11628.77,25.18,7.2864
11629.77,25.27,7.2864
11630.77,25.16,7.2864
11631.78,25.17,7.2864
11632.78,25.31,7.2864
11633.78,25.17,7.2864
11634.78,25.17,7.2864
11635.78,25.28,7.2864
11636.78,25.17,7.2864
11637.78,25.18,7.2864
11638.78,25.27,7.2864
11639.79,25.17,7.2864
11640.79,25.17,7.2864
11641.79,25.28,7.2864
11642.79,25.18,7.2865
11643.79,25.11,7.2865
11644.79,25.22,7.2865
11645.79,25.11,7.2865
11646.8,25.11,7.2865
11647.8,25.24,7.2865
11648.8,25.17,7.2865
11649.8,25.27,7.2865
11650.8,25.16,7.2865
11651.8,25.16,7.2865
11652.81,25.29,7.2865
11653.81,25.17,7.2865
11654.81,25.27,7.2865
11655.81,25.17,7.2865
11656.81,25.16,7.2865
11657.81,25.27,7.2865
11658.81,25.16,7.2865
11659.82,25.16,7.2865
11660.82,25.24,7.2865
11661.82,25.11,7.2865
11662.82,25.29,7.2865
11663.82,25.17,7.2865
11664.82,25.18,7.2865
11665.82,25.27,7.2865
11666.83,25.16,7.2865
11667.83,25.18,7.2865
11668.83,25.27,7.2865
11669.83,25.17,7.2865
11670.83,25.17,7.2865
11671.83,25.26,7.2865
11672.84,25.14,7.2866
11673.84,25.21,7.2866
11674.84,25.11,7.2866
11675.84,25.11,7.2866
11676.84,25.28,7.2866
11677.84,25.16,7.2866
11678.84,25.17,7.2866
11679.85,25.24,7.2866
11680.85,25.11,7.2866
11681.85,25.24,7.2866
11682.85,25.17,7.2866
11683.85,25.14,7.2866
11684.85,25.12,7.2866
11685.85,25.22,7.2866
11686.86,25.14,7.2866
11687.86,25.24,7.2866
11688.86,25.11,7.2866
11689.86,25.12,7.2866
11690.86,25.27,7.2866
11691.86,25.17,7.2866
11692.86,25.27,7.2867
11693.87,25.17,7.2867
11694.87,25.14,7.2867
11695.87,25.26,7.2867
11696.87,25.17,7.2867
11697.87,25.16,7.2867
11698.87,25.26,7.2867
11699.88,25.17,7.2867
11700.88,25.26,7.2867
11701.88,25.17,7.2867
11702.88,25.18,7.2867
11703.88,25.27,7.2867
11704.88,25.17,7.2867
11705.88,25.26,7.2867
11706.89,25.18,7.2867
11707.89,25.17,7.2867
11708.89,25.28,7.2867
11709.89,25.17,7.2867
11710.89,25.17,7.2867
11711.89,25.28,7.2867
11712.9,25.14,7.2869
11713.9,25.21,7.2868
11714.9,25.12,7.2868
11715.9,25.11,7.2868
11716.9,25.22,7.2868
11717.9,25.11,7.2868
11718.9,25.2,7.2868
11719.91,25.15,7.2868
11720.91,26.23,7.2868
11721.91,25.22,7.2868
11722.91,25.17,7.287
11723.91,25.16,7.287
11724.91,25.26,7.287
11725.92,25.16,7.287
11726.92,25.25,7.287
11727.92,25.14,7.287
11728.92,25.14,7.287
11729.92,25.24,7.287
11730.92,25.12,7.2868
11731.92,25.23,7.2869
11732.93,25.18,7.2871
11733.93,25.12,7.2871
11734.93,25.21,7.2871
11735.93,25.12,7.2871
11736.93,25.12,7.2871
11737.93,25.22,7.2871
11738.93,25.39,7.2871
11739.94,25.22,7.2871
11740.94,25.11,7.2871
11741.94,25.12,7.2871
11742.94,25.24,7.2871
11743.94,25.12,7.2871
11744.94,25.13,7.2871
11745.94,25.23,7.2871
11746.95,25.14,7.2871
11747.95,25.16,7.2871
11748.95,25.23,7.2871
11749.95,25.11,7.2871
11750.95,25.12,7.2871
11751.95,25.23,7.2871
11752.95,25.13,7.2871
11753.96,25.13,7.2871
11754.96,25.27,7.2871
11755.96,25.17,7.2871
11756.96,25.16,7.2871
11757.96,25.24,7.2871
11758.96,25.16,7.2871
11759.96,25.25,7.2871
11760.97,25.16,7.2871
11761.97,25.18,7.2871
11762.97,25.28,7.2872
11763.97,25.17,7.2872
11764.97,25.23,7.2872
11765.97,25.11,7.2872
11766.98,25.12,7.2872
11767.98,25.21,7.2872
11768.98,25.12,7.2872
11769.98,25.12,7.2872
11770.98,25.21,7.2872
11771.98,25.12,7.2872
11772.98,25.23,7.2872
11773.99,25.12,7.2872
11774.99,25.12,7.2872
11775.99,25.21,7.2872
11776.99,25.12,7.2872
11777.99,25.21,7.2872
11778.99,25.11,7.2872
11780.0,25.12,7.2872
11781.0,25.23,7.2872
11782.0,25.15,7.2872
11783.0,25.18,7.2872
11784.0,25.26,7.2872
11785.0,25.12,7.2872
11786.0,25.27,7.2872
11787.01,25.18,7.2872
11788.01,25.15,7.2872
11789.01,25.27,7.2872
11790.01,25.17,7.2872
11791.01,25.25,7.2872
11792.01,25.13,7.2872
11793.02,25.17,7.2873
11794.02,25.26,7.2873
11795.02,25.16,7.2873
11796.02,25.17,7.2873
11797.02,25.27,7.2873
11798.02,25.16,7.2873
11799.02,25.27,7.2873
11800.03,25.17,7.2873
11801.03,25.17,7.2873
11802.03,25.27,7.2873
11803.03,25.18,7.2873
11804.03,25.27,7.2873
11805.03,25.18,7.2873
11806.03,25.15,7.2873
11807.04,25.17,7.2873
11808.04,25.23,7.2873
11809.04,25.15,7.2873
11810.04,25.23,7.2873
11811.04,25.17,7.2873
11812.04,25.16,7.2873
11813.05,25.27,7.2873
11814.05,25.16,7.2873
11815.05,25.27,7.2873
11816.05,25.16,7.2873
11817.05,25.17,7.2873
11818.05,25.26,7.2873
11819.05,25.17,7.2873
11820.06,25.16,7.2873
11821.06,25.24,7.2873
11822.06,25.13,7.2873
11823.06,25.28,7.2874
11824.06,25.16,7.2874
11825.06,25.17,7.2874
11826.07,25.26,7.2874
11827.07,25.17,7.2874
11828.07,25.17,7.2874
11829.07,25.27,7.2874
11830.07,25.16,7.2874
11831.07,25.27,7.2874
11832.07,25.17,7.2874
11833.08,26.06,7.2874
11834.08,25.29,7.2874
11835.08,25.17,7.2874
11836.08,25.17,7.2874
11837.08,25.29,7.2874
11838.08,25.19,7.2874
11839.08,25.16,7.2874
11840.08,25.14,7.2874
11841.09,25.26,7.2874
11842.09,25.17,7.2874
11843.09,25.29,7.2874
11844.09,25.16,7.2874
11845.09,25.17,7.2874
11846.09,25.27,7.2874
11847.09,25.15,7.2874
11848.1,25.1,7.2874
11849.1,25.22,7.2874
11850.1,25.12,7.2874
11851.1,25.19,7.2874
11852.1,25.18,7.2874
11853.1,25.29,7.2876
11854.1,25.17,7.2876
11855.1,25.27,7.2876
11856.11,25.17,7.2876
11857.11,25.18,7.2876
11858.11,25.25,7.2876
11859.11,25.17,7.2876
11860.11,25.17,7.2876
11861.11,25.27,7.2876
11862.12,25.17,7.2876
11863.12,25.28,7.2876
11864.12,25.17,7.2876
11865.12,25.17,7.2876
11866.12,25.27,7.2876
11867.12,25.18,7.2876
11868.12,25.27,7.2876
11869.13,25.17,7.2876
11870.13,25.17,7.2876
11871.13,25.29,7.2876
11872.13,25.18,7.2876
11873.13,25.18,7.2876
11874.13,25.23,7.2876
11875.13,25.13,7.2876
11876.13,25.12,7.2876
11877.14,25.24,7.2876
11878.14,25.15,7.2876
11879.14,25.17,7.2876
11880.14,25.27,7.2876
11881.14,25.15,7.2876
11882.14,25.17,7.2876
11883.15,25.24,7.2877
11884.15,25.16,7.2877
11885.15,25.27,7.2877
11886.15,25.17,7.2877
11887.15,25.17,7.2877
11888.15,25.27,7.2877
11889.15,25.18,7.2877
11890.16,25.27,7.2877
11891.16,25.16,7.2877
11892.16,25.18,7.2877
11893.16,25.29,7.2877
11894.16,25.17,7.2877
11895.16,25.18,7.2877
11896.17,25.28,7.2877
11897.17,25.18,7.2877
11898.17,25.27,7.2877
11899.17,25.17,7.2877
11900.17,25.14,7.2877
11901.17,25.21,7.2877
11902.17,25.12,7.2877
11903.18,25.23,7.2877
11904.18,25.15,7.2877
11905.18,25.17,7.2877
11906.18,25.29,7.2877
11907.18,25.18,7.2877
11908.18,25.17,7.2877
11909.18,25.29,7.2877
11910.19,25.19,7.2877
11911.19,25.17,7.2877
11912.19,25.17,7.2877
11913.19,25.28,7.2878
11914.19,25.17,7.2878
11915.19,25.28,7.2878
11916.19,25.15,7.2878
11917.2,25.18,7.2878
11918.2,25.29,7.2878
11919.2,25.18,7.2878
11920.2,25.17,7.2878
11921.2,25.29,7.2878
11922.2,25.16,7.2878
11923.2,25.17,7.2878
11924.2,25.21,7.2878
11925.21,25.15,7.2878
11926.21,25.18,7.2878
11927.21,25.28,7.2878
11928.21,25.16,7.2878
11929.21,25.17,7.2878
11930.21,25.27,7.2878
11931.21,25.18,7.2878
11932.22,25.28,7.2878
11933.22,25.18,7.2878
11934.22,25.17,7.2878
11935.22,25.27,7.2878
11936.22,25.17,7.2878
11937.22,25.12,7.2878
11938.23,25.26,7.2878
11939.23,25.17,7.2878
11940.23,25.27,7.2878
11941.23,25.17,7.2878
11942.23,25.17,7.2878
11943.23,25.28,7.2879
11944.23,25.16,7.2879
11945.24,25.26,7.2879
11946.24,25.2,7.2879
11947.24,25.17,7.2879
11948.24,25.26,7.2879
11949.24,25.17,7.2879
11950.24,25.15,7.2879
11951.25,25.26,7.2879
11952.25,25.17,7.2879
11953.25,25.29,7.2879
11954.25,25.16,7.2879
11955.25,25.16,7.2879
11956.25,25.26,7.2879
11957.25,25.14,7.2879
11958.26,25.11,7.2879
11959.26,25.22,7.2879
11960.26,25.13,7.2879
11961.26,25.27,7.2879
11962.26,25.17,7.2879
11963.26,25.19,7.2879
11964.27,25.27,7.2879
11965.27,25.14,7.2879
11966.27,25.22,7.2879
11967.27,25.17,7.2879
11968.27,25.16,7.2879
11969.27,25.25,7.2879
11970.27,25.16,7.2879
11971.28,25.17,7.2879
11972.28,25.27,7.2879
11973.28,25.18,7.288
11974.28,25.27,7.288
11975.28,25.16,7.288
11976.28,25.17,7.288
11977.29,25.28,7.288
11978.29,25.11,7.288
11979.29,25.26,7.288
11980.29,25.17,7.288
11981.29,25.17,7.288
11982.29,25.27,7.288
11983.29,25.18,7.288
11984.3,25.14,7.288
11985.3,25.21,7.288
11986.3,25.14,7.288
11987.3,25.25,7.288
11988.3,25.14,7.288
11989.3,25.17,7.288
11990.31,25.22,7.288
11991.31,25.11,7.288
11992.31,25.26,7.288
11993.31,25.18,7.288
11994.31,25.17,7.288
11995.31,25.22,7.288
11996.31,25.13,7.288
11997.32,25.18,7.288
11998.32,25.27,7.288
11999.32,25.11,7.288
12000.32,25.21,7.288
12001.32,25.12,7.288
12002.32,25.18,7.288
12003.33,25.28,7.2882
12004.33,25.17,7.2882
12005.33,25.27,7.2882
12006.33,25.17,7.2882
12007.33,25.18,7.2882
12008.33,25.27,7.2882
12009.33,25.17,7.2882
12010.34,25.17,7.2882
12011.34,25.26,7.2882
12012.34,25.16,7.2882
12013.34,25.28,7.2882
12014.34,25.16,7.2882
12015.34,25.16,7.2882
12016.35,25.27,7.2882
12017.35,25.18,7.2882
12018.35,25.27,7.2882
12019.35,25.17,7.2882
12020.35,25.17,7.2882
12021.35,25.27,7.2882
12022.35,25.17,7.2882
12023.36,25.18,7.2882
12024.36,25.27,7.2882
12025.36,25.17,7.2882
12026.36,25.27,7.2882
12027.36,25.18,7.2882
12028.36,25.17,7.2882
12029.37,25.26,7.2882
12030.37,25.16,7.2882
12031.37,25.26,7.2882
12032.37,25.17,7.2882
12033.37,25.17,7.2883
12034.37,25.24,7.2883
12035.37,25.13,7.2883
12036.38,25.16,7.2883
12037.38,25.27,7.2883
12038.38,25.17,7.2883
12039.38,25.29,7.2883
12040.38,25.17,7.2883
12041.38,25.17,7.2883
12042.38,25.28,7.2883
12043.39,25.18,7.2883
12044.39,25.17,7.2883
12045.39,25.28,7.2883
12046.39,25.19,7.2883
12047.39,25.29,7.2883
12048.39,25.18,7.2883
12049.4,25.18,7.2883
12050.4,25.24,7.2883
12051.4,25.12,7.2883
12052.4,25.26,7.2883
12053.4,25.16,7.2883
12054.4,25.19,7.2883
12055.4,25.27,7.2883
12056.41,25.17,7.2883
12057.41,25.18,7.2883
12058.41,25.27,7.2883
12059.41,25.17,7.2883
12060.41,25.27,7.2883
12061.41,25.17,7.2883
12062.42,25.14,7.2883
12063.42,25.24,7.2884
12064.42,25.17,7.2884
12065.42,25.27,7.2884
12066.42,25.17,7.2884
12067.42,25.18,7.2884
12068.43,25.27,7.2884
12069.43,25.18,7.2884
12070.43,25.26,7.2884
12071.43,25.15,7.2884
12072.43,25.16,7.2884
12073.43,25.26,7.2884
12074.44,25.16,7.2884
12075.44,25.28,7.2884
12076.44,25.18,7.2884
12077.44,25.19,7.2884
12078.44,25.28,7.2884
12079.44,25.19,7.2884
12080.44,25.27,7.2884
12081.45,25.18,7.2884
12082.45,25.19,7.2884
12083.45,25.29,7.2884
12084.45,25.17,7.2884
12085.45,25.28,7.2884
12086.45,44.51,2.252
12087.46,79.03,2.4244
12088.46,91.27,2.693
12089.46,68.14,2.2881
12090.46,83.45,2.4548
12091.46,87.72,2.6794
12092.46,71.61,2.4075
12093.46,89.55,2.6784
12094.46,75.56,2.3176
12095.47,86.3,2.5883
12096.47,69.88,2.2401
12097.47,76.91,2.4257
12098.47,86.26,2.6215
12099.47,73.01,2.9261
12100.47,58.0,2.286
12101.47,79.59,2.4503
12102.48,87.65,2.6695
12103.48,61.48,2.9711
12104.48,31.91,3.3254
12105.48,54.63,2.2828
12106.48,84.96,2.4814
12107.48,85.92,2.5801
12108.48,68.04,2.4041
12109.48,77.65,2.5196
12110.49,83.03,2.7627
12111.49,69.09,2.2406
12112.49,86.99,2.4824
12113.49,90.47,2.8261
12114.49,66.46,2.3273
12115.49,84.73,2.5219
12116.49,88.23,2.7428
12117.5,66.62,2.2332
12118.5,79.87,2.4347
12119.5,83.44,2.5676
12120.5,81.77,2.8114
12121.5,36.04,3.1253
12122.5,35.8,3.4776
12123.5,56.81,4.0127
12124.51,27.03,4.5287
12125.51,39.23,5.0397
12126.51,25.34,5.545
12127.51,42.65,6.0508
12128.51,40.24,6.5749
12129.51,25.33,7.0934
12130.52,32.23,7.301
12131.52,25.3,7.4012
12132.52,25.93,7.3801
12133.52,25.19,7.3801
12134.52,25.27,7.3801
12135.52,25.22,7.3801
12136.53,25.36,7.3801
12137.53,28.78,7.3801
12138.53,28.72,7.4283
12139.53,25.47,7.4283
12140.53,25.16,7.4283
12141.53,25.21,7.4283
12142.53,25.12,7.4283
12143.54,25.25,7.4284
12144.54,25.17,7.4284
12145.54,25.17,7.4284
12146.54,27.87,7.4284
12147.54,25.16,7.4284
12148.54,25.25,7.4284
12149.55,25.15,7.4284
12150.55,25.16,7.4284
12151.55,25.26,7.4284
12152.55,25.16,7.4284
12153.55,25.27,7.4284
12154.55,27.44,7.4291
12155.56,25.53,7.4291
12156.56,25.27,7.4291
12157.56,25.66,7.4291
12158.56,25.27,7.4291
12159.56,25.18,7.4291
12160.56,25.17,7.4291
12161.57,25.27,7.4291
12162.57,27.43,7.4292
12163.57,25.28,7.4292
12164.57,25.18,7.4292
12165.57,25.28,7.4292
12166.57,25.18,7.4292
12167.58,25.19,7.4292
12168.58,25.27,7.4292
12169.58,25.16,7.4292
12170.58,27.94,7.4784
12171.58,25.17,7.4784
12172.58,25.2,7.4786
12173.59,25.27,7.4786
12174.59,25.17,7.4786
12175.59,25.28,7.4786
12176.59,25.17,7.4786
12177.59,25.17,7.4786
12178.59,25.22,7.6559
12179.6,25.12,8.1891
12180.6,25.21,8.6777
12181.6,29.68,8.985
12182.6,25.21,8.985
12183.6,25.28,8.985
12184.6,25.18,8.985
12185.61,25.25,8.985
12186.61,25.12,8.985
12187.61,25.14,8.985
12188.61,25.23,8.985
12189.61,25.14,8.985
12190.61,25.26,8.985
12191.61,25.17,8.985
12192.62,25.31,8.9851
12193.62,25.44,8.9873
12194.62,25.17,8.9873
12195.62,25.26,8.9873
12196.62,25.18,8.9873
12197.62,25.29,8.9873
12198.63,26.02,8.9873
12199.63,25.18,8.9873
12200.63,25.28,8.9873
12201.63,25.18,8.9873
12202.63,25.29,8.9873
12203.63,25.41,8.9878
12204.64,25.17,8.9878
12205.64,25.27,8.9878
12206.64,25.17,8.9878
12207.64,25.28,8.9878
12208.64,25.17,8.9878
12209.64,25.27,8.9878
12210.65,25.17,8.9878
12211.65,25.2,8.9878
12212.65,25.29,8.9879
12213.65,25.44,8.9896
12214.65,25.17,8.9896
12215.65,25.28,8.9896
12216.66,25.18,8.9896
12217.66,25.29,8.9896
12218.66,25.19,8.9896
12219.66,25.19,8.9896
12220.66,25.29,8.9896
12221.66,25.31,8.9896
12222.66,26.31,8.9896
12223.66,25.54,8.9907
12224.67,25.18,8.9907
12225.67,25.18,8.9907
12226.67,25.27,8.9907
12227.67,25.19,8.9907
12228.67,25.29,8.9907
12229.67,25.18,8.9907
12230.68,25.19,8.9907
12231.68,25.28,8.9907
12232.68,25.21,8.9908
12233.68,25.54,8.9917
12234.68,25.27,8.9917
12235.68,25.17,8.9917
12236.68,25.27,8.9917
12237.69,25.19,8.9917
12238.69,25.17,8.9917
12239.69,25.27,8.9917
12240.69,25.17,8.9917
12241.69,25.28,8.9917
12242.69,25.2,8.9917
12243.7,25.17,8.9917
12244.7,25.6,8.9922
12245.7,25.17,8.9922
12246.7,25.27,8.9922
12247.7,25.19,8.9922
12248.7,25.18,8.9922
12249.71,25.28,8.9922
12250.71,25.18,8.9922
12251.71,25.27,8.9922
12252.71,25.2,8.9922
12253.71,25.18,8.9922
12254.71,25.3,8.9922
12255.71,25.33,8.9934
12256.72,25.18,8.9934
12257.72,25.28,8.9934
12258.72,25.17,8.9934
12259.72,25.28,8.9934
12260.72,25.18,8.9934
12261.72,25.28,8.9934
12262.73,25.21,8.9934
12263.73,25.18,8.9934
12264.73,25.47,8.994
12265.73,25.18,8.994
12266.73,25.28,8.994
12267.73,25.19,8.994
12268.74,25.17,8.994
12269.74,25.27,8.994
12270.74,25.19,8.994
12271.74,25.18,8.994
12272.74,25.3,8.994
12273.74,25.18,8.994
12274.74,25.56,8.9948
12275.75,25.15,8.9948
12276.75,25.17,8.9948
12277.75,25.26,8.9948
12278.75,25.14,8.9948
12279.75,25.24,8.9948
12280.75,25.13,8.9948
12281.76,25.12,8.9948
12282.76,25.3,8.995
12283.76,25.17,8.995
12284.76,25.65,8.9953
12285.76,25.18,8.9953
12286.76,25.18,8.9953
12287.77,25.3,8.9953
12288.77,25.17,8.9953
12289.77,25.28,8.9953
12290.77,25.18,8.9953
12291.77,25.18,8.9953
12292.77,25.33,8.9953
12293.77,25.2,8.9953
12294.77,25.18,8.9953
12295.78,25.62,8.9961
12296.78,25.18,8.9961
12297.78,25.18,8.9961
12298.78,25.27,8.9961
12299.78,25.18,8.9961
12300.78,25.17,8.9961
12301.79,25.27,8.9961
12302.79,25.2,8.9962
12303.79,25.28,8.9962
12304.79,25.18,8.9962
12305.79,25.43,8.9967
12306.79,25.28,8.9967
12307.79,25.17,8.9967
12308.8,25.28,8.9967
12309.8,25.17,8.9967
12310.8,25.18,8.9967
12311.8,25.25,8.9967
12312.8,25.2,8.9967
12313.8,25.28,8.9967
12314.81,25.18,8.9967
12315.81,25.18,8.9967
12316.81,25.45,8.998
12317.81,25.19,8.998
12318.81,25.28,8.998
12319.81,25.17,8.998
12320.82,25.18,8.998
12321.82,25.27,8.998
12322.82,25.2,8.998
12323.82,25.27,8.998
12324.82,25.17,8.998
12325.82,25.17,8.998
12326.83,25.41,8.9991
12327.83,25.19,8.9991
12328.83,25.28,8.9991
12329.83,25.18,8.9991
12330.83,25.18,8.9991
12331.83,25.28,8.9991
12332.84,25.2,8.9991
12333.84,25.27,8.9991
12334.84,25.17,8.9991
12335.84,25.17,8.9991
12336.84,25.66,8.9998
12337.84,25.18,8.9998
12338.84,25.28,8.9998
12339.85,25.17,8.9998
12340.85,25.16,8.9998
12341.85,25.31,8.9998
12342.85,25.19,9.0
12343.85,25.17,9.0
12344.85,25.28,9.0
12345.86,25.18,9.0
12346.86,26.1,9.0004
12347.86,25.17,9.0004
12348.86,25.17,9.0004
12349.86,25.28,9.0004
12350.86,25.17,9.0004
12351.86,25.28,9.0004
12352.87,25.2,9.0006
12353.87,25.19,9.0006
12354.87,25.28,9.0006
12355.87,25.17,9.0006
12356.87,25.57,9.0011
12357.87,25.26,9.0011
12358.88,25.17,9.0011
12359.88,25.3,9.0011
12360.88,25.17,9.0011
12361.88,25.18,9.0011
12362.88,25.32,9.0012
12363.88,25.16,9.0012
12364.88,25.17,9.0012
12365.88,25.3,9.0012
12366.89,25.18,9.0012
12367.89,25.52,9.0122
12368.89,25.3,9.0122
12369.89,25.17,9.0122
12370.89,25.17,9.0122
12371.89,25.28,9.0122
12372.9,25.19,9.0122
12373.9,25.28,9.0122
12374.9,25.18,9.0122
12375.9,25.18,9.0122
12376.9,25.32,9.0122
12377.9,25.52,9.0128
12378.9,25.18,9.0128
12379.91,25.27,9.0128
12380.91,25.12,9.0128
12381.91,25.26,9.0128
12382.91,25.19,9.0128
12383.91,25.18,9.0128
12384.91,25.29,9.0128
12385.91,25.17,9.0128
12386.92,25.19,9.0128
12387.92,25.28,9.0128
12388.92,25.51,9.0245
12389.92,25.28,9.0245
12390.92,25.17,9.0245
12391.92,25.18,9.0245
12392.93,25.28,9.0246
12393.93,25.17,9.0246
12394.93,25.28,9.0246
12395.93,25.17,9.0246
12396.93,25.18,9.0246
12397.93,25.28,9.0246
12398.94,25.51,9.0247
12399.94,25.28,9.0247
12400.94,25.18,9.0247
12401.94,25.19,9.0247
12402.94,25.29,9.0248
12403.94,25.19,9.0248
12404.94,25.18,9.0248
12405.95,25.27,9.0248
12406.95,25.19,9.0248
12407.95,25.27,9.0248
12408.95,25.58,9.0347
12409.95,25.28,9.0347
12410.95,25.17,9.0347
12411.96,25.18,9.0347
12412.96,25.31,9.0347
12413.96,25.17,9.0347
12414.96,25.17,9.0347
12415.96,25.28,9.0347
12416.96,25.16,9.0347
12417.96,25.27,9.0347
12418.97,25.33,9.0352
12419.97,25.12,9.0352
12420.97,25.21,9.0352
12421.97,25.13,9.0352
12422.97,25.24,9.0352
12423.97,25.11,9.0352
12424.98,25.12,9.0352
12425.98,25.21,9.0352
12426.98,25.18,9.0352
12427.98,25.28,9.0352
12428.98,25.5,9.0438
12429.98,25.17,9.0438
12430.99,25.28,9.0438
12431.99,25.18,9.0438
12432.99,25.29,9.0438
12433.99,25.17,9.0438
12434.99,25.17,9.0439
12435.99,25.26,9.0439
12437.0,25.14,9.0439
12438.0,25.27,9.0439
12439.0,25.55,9.0441
12440.0,25.14,9.0441
12441.0,25.26,9.0441
12442.0,25.18,9.0441
12443.01,25.29,9.0442
12444.01,25.18,9.0442
12445.01,25.18,9.0442
12446.01,25.28,9.0442
12447.01,25.18,9.0442
12448.01,25.27,9.0442
12449.01,25.18,9.0442
12450.02,25.51,9.0505
12451.02,25.27,9.0505
12452.02,25.19,9.0505
12453.02,25.28,9.0505
12454.02,25.15,9.0505
12455.02,25.18,9.0505
12456.03,25.27,9.0505
12457.03,25.19,9.0505
12458.03,25.28,9.0505
12459.03,25.18,9.0505
12460.03,25.28,9.0505
12461.03,25.58,9.0511
12462.03,25.2,9.0511
12463.04,25.2,9.0511
12464.04,25.28,9.0511
12465.04,25.18,9.0511
12466.04,25.28,9.0511
12467.04,25.19,9.0511
12468.04,25.18,9.0511
12469.05,25.27,9.0511
12470.05,25.19,9.0511
12471.05,25.63,9.0536
12472.05,25.18,9.0536
12473.05,25.19,9.0536
12474.05,25.26,9.0536
12475.05,25.17,9.0536
12476.06,25.24,9.0536
12477.06,25.13,9.0536
12478.06,25.11,9.0536
12479.06,25.21,9.0536
12480.06,25.13,9.0536
12481.06,25.27,9.0536
12482.07,25.5,9.0541
12483.07,25.14,9.0541
12484.07,25.22,9.0541
12485.07,25.15,9.0541
12486.07,25.25,9.0542
12487.07,25.19,9.0542
12488.08,25.17,9.0542
12489.08,25.28,9.0542
12490.08,25.17,9.0542
12491.08,25.27,9.0542
12492.08,25.49,9.0546
12493.08,25.2,9.0546
12494.09,25.27,9.0546
12495.09,25.18,9.0546
12496.09,25.28,9.0546
12497.09,25.18,9.0547
12498.09,25.18,9.0547
12499.09,25.29,9.0547
12500.1,25.18,9.0547
12501.1,25.28,9.0547
12502.1,25.53,9.055
12503.1,25.16,9.0551
12504.1,25.24,9.0551
12505.1,25.19,9.0551
12506.11,25.28,9.0551
12507.11,25.2,9.0551
12508.11,25.18,9.0551
12509.11,25.28,9.0551
12510.11,25.18,9.0551
12511.11,25.27,9.0551
12512.11,25.19,9.0551
12513.12,25.59,9.0556
12514.12,25.18,9.0556
12515.12,25.18,9.0556
12516.12,25.28,9.0556
12517.12,25.19,9.0556
12518.12,25.28,9.0556
12519.13,25.19,9.0556
12520.13,25.18,9.0556
12521.13,25.28,9.0556
12522.13,25.19,9.0556
12523.13,25.69,9.0561
12524.13,25.18,9.0561
12525.14,25.18,9.0561
12526.14,25.27,9.0561
12527.14,25.14,9.0561
12528.14,25.29,9.0561
12529.14,25.18,9.0561
12530.14,25.18,9.0561
12531.15,25.28,9.0561
12532.15,25.2,9.0561
12533.15,25.67,9.0564
12534.15,25.18,9.0564
12535.15,25.17,9.0564
12536.15,25.28,9.0564
12537.15,25.18,9.0564
12538.16,25.18,9.0564
12539.16,25.27,9.0564
12540.16,25.18,9.0564
12541.16,25.27,9.0564
12542.16,25.18,9.0564
12543.16,25.19,9.0564
12544.17,25.64,9.057
12545.17,25.17,9.057
12546.17,25.27,9.057
12547.17,25.18,9.057
12548.17,25.27,9.057
12549.17,25.18,9.057
12550.18,25.18,9.057
12551.18,25.27,9.057
12552.18,25.17,9.057
12553.18,25.29,9.057
12554.18,25.17,9.057
12555.18,25.45,9.0574
12556.19,25.27,9.0574
12557.19,25.18,9.0574
12558.19,25.28,9.0574
12559.19,25.16,9.0574
12560.19,25.17,9.0574
12561.19,25.27,9.0574
12562.19,25.2,9.0574
12563.2,25.29,9.0574
12564.2,25.17,9.0574
12565.2,25.49,9.0591
12566.2,25.22,9.0591
12567.2,25.17,9.0591
12568.2,25.28,9.0591
12569.21,25.17,9.0591
12570.21,25.18,9.0591
12571.21,25.28,9.0591
12572.21,25.19,9.0591
12573.21,25.31,9.0592
12574.21,25.16,9.0592
12575.22,25.4,9.0597
12576.22,25.23,9.0597
12577.22,25.15,9.0597
12578.22,25.18,9.0597
12579.22,25.29,9.0597
12580.22,25.18,9.0597
12581.22,25.28,9.0597
12582.23,25.19,9.0597
12583.23,25.19,9.0597
12584.23,25.26,9.0597
12585.23,25.18,9.0597
12586.23,25.68,9.0602
12587.23,25.19,9.0602
12588.24,25.17,9.0602
12589.24,25.27,9.0602
12590.24,25.18,9.0603
12591.24,25.27,9.0603
12592.24,25.19,9.0603
12593.24,25.19,9.0603
12594.25,25.24,9.0603
12595.25,25.12,9.0603
12596.25,25.51,9.0608
12597.25,25.13,9.0608
12598.25,25.22,9.0608
12599.25,25.16,9.0608
12600.26,25.17,9.0608
12601.26,25.21,9.0608
12602.26,25.14,9.0608
12603.26,25.24,9.0608
12604.26,25.12,9.0608
12605.26,25.11,9.0608
12606.27,25.22,9.0608
12607.27,25.55,9.0611
12608.27,25.28,9.0611
12609.27,25.19,9.0611
12610.27,25.28,9.0611
12611.27,25.14,9.0611
12612.28,25.14,9.0611
12613.28,25.24,9.0611
12614.28,25.14,9.0611
12615.28,25.23,9.0611
12616.28,25.15,9.0611
12617.28,25.12,9.0611
12618.29,25.54,9.0615
12619.29,25.17,9.0615
12620.29,25.27,9.0615
12621.29,25.18,9.0615
12622.29,25.19,9.0615
12623.29,25.29,9.0615
12624.3,25.17,9.0615
12625.3,25.27,9.0615
12626.3,25.14,9.0615
12627.3,25.24,9.0615
12628.3,25.39,9.062
12629.3,25.13,9.062
12630.31,25.26,9.062
12631.31,25.17,9.062
12632.31,25.29,9.062
12633.31,25.2,9.0622
12634.31,25.14,9.0622
12635.31,25.23,9.0622
12636.32,25.14,9.0622
12637.32,25.25,9.0622
12638.32,25.41,9.0625
12639.32,25.13,9.0625
12640.32,25.22,9.0625
12641.32,25.12,9.0625
12642.33,25.24,9.0625
12643.33,25.15,9.0625
12644.33,25.27,9.0625
12645.33,25.17,9.0625
12646.33,25.18,9.0625
12647.33,25.29,9.0625
12648.33,25.54,9.063
12649.34,25.28,9.063
12650.34,25.18,9.063
12651.34,25.18,9.063
12652.34,25.29,9.063
12653.34,25.19,9.0631
12654.34,25.28,9.0631
12655.35,25.16,9.0631
12656.35,25.17,9.0631
12657.35,25.29,9.0631
12658.35,25.59,9.0634
12659.35,25.22,9.0634
12660.35,25.12,9.0634
12661.36,25.14,9.0634
12662.36,25.26,9.0634
12663.36,25.19,9.0635
12664.36,25.18,9.0635
12665.36,25.3,9.0635
12666.36,25.17,9.0635
12667.36,25.18,9.0635
12668.36,25.25,9.0635
12669.37,25.55,9.064
12670.37,25.15,9.064
12671.37,25.28,9.064
12672.37,25.19,9.064
12673.37,25.25,9.0641
12674.37,25.12,9.0641
12675.38,25.12,9.0641
12676.38,25.25,9.0641
12677.38,25.16,9.0641
12678.38,25.18,9.0641
12679.38,25.67,9.0643
12680.38,25.15,9.0643
12681.38,25.22,9.0643
12682.39,25.13,9.0643
12683.39,25.14,9.0645
12684.39,25.22,9.0645
12685.39,25.12,9.0645
12686.39,25.22,9.0645
12687.39,25.13,9.0645
12688.4,25.12,9.0645
12689.4,25.22,9.0645
12690.4,25.37,9.0651
12691.4,25.23,9.0651
12692.4,25.16,9.0651
12693.4,25.24,9.0652
12694.41,25.12,9.0652
12695.41,25.12,9.0652
12696.41,25.22,9.0653
12697.41,25.13,9.0653
12698.41,25.22,9.0653
12699.41,25.13,9.0653
12700.42,25.17,9.0653
12701.42,25.64,9.0657
12702.42,25.13,9.0657
12703.42,25.25,9.0658
12704.42,25.18,9.0658
12705.42,25.28,9.0658
12706.43,25.18,9.0658
12707.43,25.18,9.0658
12708.43,25.27,9.0658
12709.43,25.17,9.0658
12710.43,25.28,9.0658
12711.43,25.66,9.0666
12712.44,25.19,9.0666
12713.44,25.24,9.0666
12714.44,25.13,9.0666
12715.44,25.23,9.0666
12716.44,25.17,9.0666
12717.44,25.18,9.0666
12718.45,25.27,9.0666
12719.45,25.13,9.0666
12720.45,25.22,9.0666
12721.45,25.36,9.0671
12722.45,25.25,9.0671
12723.45,25.19,9.0671
12724.46,25.18,9.0671
12725.46,25.28,9.0671
12726.46,25.18,9.0671
12727.46,25.29,9.0671
12728.46,25.18,9.0671
12729.46,25.15,9.0671
12730.47,25.27,9.0671
12731.47,25.44,9.0678
12732.47,25.23,9.0678
12733.47,25.14,9.0678
12734.47,25.23,9.0678
12735.47,25.12,9.0678
12736.48,25.12,9.0678
12737.48,25.24,9.0678
12738.48,25.17,9.0678
12739.48,25.27,9.0678
12740.48,25.13,9.0678
12741.48,25.44,9.0683
12742.49,25.28,9.0683
12743.49,25.18,9.0684
12744.49,25.28,9.0684
12745.49,25.15,9.0684
12746.49,25.17,9.0684
12747.49,25.29,9.0684
12748.5,25.18,9.0684
12749.5,25.27,9.0684
12750.5,25.18,9.0684
12751.5,25.28,9.0684
12752.5,25.48,9.0693
12753.5,25.19,9.0693
12754.51,25.28,9.0693
12755.51,25.17,9.0693
12756.51,25.28,9.0693
12757.51,25.19,9.0693
12758.51,25.18,9.0693
12759.51,25.28,9.0693
12760.52,25.18,9.0693
12761.52,25.28,9.0693
12762.52,25.19,9.0693
12763.52,25.56,9.0698
12764.52,26.82,9.0698
12765.52,25.16,9.0698
12766.53,25.27,9.0698
12767.53,25.38,9.0698
12768.53,25.28,9.0698
12769.53,25.18,9.0698
12770.53,25.18,9.0698
12771.53,25.28,9.0698
12772.53,25.19,9.0698
12773.54,25.28,9.0698
12774.54,25.48,9.0724
12775.54,25.18,9.0724
12776.54,25.28,9.0724
12777.54,25.19,9.0724
12778.54,25.18,9.0724
12779.55,25.28,9.0724
12780.55,25.18,9.0724
12781.55,25.28,9.0724
12782.55,25.19,9.0727
12783.55,25.25,9.0727
12784.55,25.75,9.075
12785.56,25.15,9.075
12786.56,25.28,9.075
12787.56,25.18,9.075
12788.56,25.17,9.075
12789.56,25.27,9.075
12790.56,25.18,9.075
12791.56,25.28,9.075
12792.57,25.25,9.0751
12793.57,25.17,9.0751
12794.57,39.52,9.08
12795.57,47.91,9.1071
12796.57,29.19,9.1399
12797.57,25.77,9.1734
12798.58,30.7,3.7683
12799.58,64.67,2.5016
12800.58,87.01,2.6358
12801.58,86.92,2.8838
12802.58,80.26,3.2352
12803.58,54.2,2.3891
12804.58,77.42,2.5854
12805.58,86.43,2.7635
12806.59,79.53,3.0104
12807.59,78.22,3.254
12808.59,57.3,2.4093
12809.59,81.16,2.5908
12810.59,86.38,2.9188
12811.59,65.43,2.5418
12812.59,88.91,2.8358
12813.6,66.43,2.4262
12814.6,79.99,2.6002
12815.6,84.97,2.838
12816.6,57.51,2.373
12817.6,72.88,2.5298
12818.6,89.47,2.7147
12819.6,65.46,2.3598
12820.61,74.92,2.5389
12821.61,82.53,2.6937
12822.61,70.1,2.3619
12823.61,73.93,2.5403
12824.61,84.95,2.7016
12825.61,68.94,2.3676
12826.62,74.24,2.5458
12827.62,87.08,2.7107
12828.62,67.12,2.364
12829.62,75.29,2.5488
12830.62,84.56,2.6944
12831.62,80.7,2.9794
12832.62,79.62,3.2502
12833.62,64.07,2.4896
12834.63,78.06,2.8278
12835.63,79.75,3.1103
12836.63,94.84,3.391
12837.63,85.39,3.7715
12838.63,79.5,4.1401
12839.63,78.12,4.4677
12840.63,75.96,4.7385
12841.64,75.7,4.9823
12842.64,76.46,5.2447
12843.64,73.63,5.6334
12844.64,29.29,6.5764
12845.64,37.95,7.5835
12846.64,99.89,8.6694
12847.64,88.68,9.3623
12848.65,25.28,9.4549
12849.65,26.13,9.4626
12850.65,76.1,9.4626
12851.65,77.06,9.4626
12852.65,77.41,9.4627
12853.65,75.72,9.4647
12854.66,75.17,9.465
12855.66,66.01,9.465
12856.66,44.25,9.465
12857.66,56.91,9.465
12858.66,46.5,9.465
12859.66,37.9,9.4651
12860.66,27.54,9.4652
12861.67,33.22,9.4652
12862.67,88.37,10.4082
12863.67,100.2,11.0574
12864.67,99.9,11.7167
12865.67,86.04,12.2582
12866.67,29.85,12.3065
12867.67,29.05,12.3065
12868.68,29.96,12.3065
12869.68,27.84,12.3065
12870.68,27.68,12.3065
12871.68,26.66,12.3065
12872.68,31.18,12.3066
12873.68,28.96,12.3066
12874.69,33.29,12.3066
12875.69,35.35,12.3066
12876.69,28.36,12.3066
12877.69,25.93,12.3066
12878.69,31.98,12.3066
12879.69,31.87,12.3066
12880.7,44.56,12.3067
12881.7,41.97,12.3068
12882.7,36.72,12.3069
12883.7,25.97,12.3069
12884.7,26.09,12.3069
12885.7,27.89,12.3069
12886.7,26.08,12.3069
12887.71,25.84,12.3069
12888.71,25.27,12.3069
12889.71,25.45,12.3069
12890.71,25.63,12.3069
12891.71,26.16,12.3069
12892.71,27.01,12.3069
12893.72,26.5,12.3069
12894.72,26.53,12.3069
12895.72,25.21,12.3069
12896.72,25.21,12.3069
12897.72,25.31,12.3069
12898.72,25.2,12.3069
12899.72,26.22,12.3069
12900.73,25.2,12.3069
12901.73,25.2,12.3069
12902.73,25.27,12.3069
12903.73,25.2,12.3069
12904.73,25.28,12.3069
12905.73,28.57,12.3069
12906.74,26.93,12.3071
12907.74,27.26,12.3071
12908.74,35.82,12.3071
12909.74,25.18,12.3071
12910.74,25.87,12.3071
12911.74,26.0,12.3071
12912.74,25.23,12.3072
12913.74,26.29,12.3072
12914.75,25.22,12.3072
12915.75,25.26,12.3072
12916.75,25.34,12.3072
12917.75,25.36,12.3072
12918.75,78.65,12.3077
12919.75,100.05,12.4172
12920.75,34.68,12.4173
12921.76,25.24,12.4173
12922.76,25.45,12.4174
12923.76,25.22,12.4174
12924.76,25.48,12.4174
12925.76,25.32,12.4174
12926.76,29.46,12.4175
12927.76,25.45,12.4175
12928.77,25.39,12.4175
12929.77,26.14,12.4175
12930.77,25.31,12.4175
12931.77,25.14,12.4175
12932.77,25.49,12.4175
12933.77,39.14,12.4175
12934.78,46.74,2.3571
12935.78,82.78,2.6768
12936.78,77.26,3.0915
12937.78,90.2,3.2528
12938.78,83.07,3.4972
12939.78,79.31,3.8355
12940.78,78.15,4.1833
12941.79,78.61,4.4838
12942.79,75.93,4.73
12943.79,76.34,4.9641
12944.79,75.64,5.2036
12945.79,76.06,5.4966
12946.79,32.27,6.3872
12947.8,25.48,7.1655
12948.8,89.83,8.4132
12949.8,99.89,9.1747
12950.8,36.45,9.3999
12951.8,26.45,9.3999
12952.8,54.44,9.4005
12953.8,78.4,9.4053
12954.8,77.37,9.4072
12955.81,76.97,9.4087
12956.81,77.11,9.409
12957.81,58.61,9.409
12958.81,47.52,9.409
12959.81,49.47,9.409
12960.81,32.74,9.4046
12961.82,45.81,9.4046
12962.82,36.5,9.4046
12963.82,61.42,10.02
12964.82,99.98,10.815
12965.82,100.16,11.5061
12966.82,100.0,12.1897
12967.82,38.15,12.2585
12968.82,28.24,12.2899
12969.83,38.44,12.2899
12970.83,26.14,12.2899
12971.83,44.11,12.2899
12972.83,31.65,12.29
12973.83,27.92,12.29
12974.83,28.29,12.29
12975.84,26.62,12.29
12976.84,27.9,12.29
12977.84,26.42,12.29
12978.84,25.19,12.29
12979.84,25.48,12.29
12980.84,41.72,12.2903
12981.85,28.86,12.2903
12982.85,45.79,12.2903
12983.85,26.98,12.2903
12984.85,25.26,12.2903
12985.85,28.11,12.2903
12986.85,25.4,12.2903
12987.86,25.74,12.2903
12988.86,25.33,12.2903
12989.86,40.43,12.2903
12990.86,28.5,12.2903
12991.86,26.11,12.2903
12992.86,25.22,12.2904
12993.87,25.31,12.2904
12994.87,25.2,12.2904
12995.87,25.61,12.2904
12996.87,25.21,12.2904
12997.87,25.75,12.2904
12998.87,26.03,12.2904
12999.88,25.2,12.2904
13000.88,25.31,12.2904
13001.88,25.23,12.2904
13002.88,25.23,12.2904
13003.88,25.35,12.2904
13004.88,29.24,12.2904
13005.88,25.33,12.2904
13006.89,25.22,12.2904
13007.89,25.26,12.2904
13008.89,25.32,12.2904
13009.89,25.21,12.2904
13010.89,25.32,12.2904
13011.89,25.22,12.2904
13012.9,25.8,12.2904
13013.9,25.33,12.2904
13014.9,25.22,12.2904
13015.9,34.76,12.2904
13016.9,25.67,12.2904
13017.9,26.27,12.2904
13018.91,31.92,12.2904
13019.91,25.21,12.2904
13020.91,25.97,12.2904
13021.91,25.23,12.2904
13022.91,25.85,12.2905
13023.91,25.21,12.2905
13024.92,25.21,12.2905
13025.92,69.7,12.2992
13026.92,99.91,12.404
13027.92,69.92,12.404
13028.92,27.39,12.404
13029.92,25.31,12.404
13030.92,25.28,12.404
13031.93,25.37,12.404
13032.93,25.33,12.404
13033.93,25.31,12.404
13034.93,25.21,12.404
13035.93,25.57,12.404
13036.93,25.32,12.404
13037.94,25.21,12.404
13038.94,25.97,12.404
13039.94,29.2,12.404
13040.94,25.21,12.404
13041.94,26.41,12.404
13042.94,25.76,12.404
13043.94,25.31,12.404
13044.95,25.21,12.404
13045.95,25.21,12.404
13046.95,25.32,12.404
13047.95,25.22,12.404
13048.95,37.54,12.404
13049.95,73.21,12.4044
13050.96,38.97,12.4044
13051.96,49.9,12.4044
13052.96,28.93,12.4059
13053.96,25.23,12.4059
13054.96,25.17,12.4059
13055.96,59.7,12.4114
13056.96,100.06,12.4263
13057.97,70.16,12.4589
13058.97,26.85,12.4556
13059.97,25.67,12.4556
13060.97,26.06,12.4408
13061.97,25.31,12.4408
13062.97,25.22,12.4408
13063.98,25.2,12.4408
13064.98,75.19,12.4478
13065.98,85.22,12.4479
13066.98,25.16,12.4479
13067.98,25.27,12.4479
13068.98,25.17,12.4479
13069.98,25.27,12.4479
13070.99,25.18,12.4479
13071.99,25.19,12.4479
13072.99,49.92,12.4547
13073.99,99.82,12.455
13074.99,42.3,12.455
13075.99,25.28,12.4417
13076.99,25.12,12.4417
13078.0,73.15,12.9639
13079.0,99.24,13.1394
13080.0,25.11,13.1394
13081.0,25.12,13.1394
13082.0,34.89,13.2053
13083.0,32.76,13.2783
13084.0,25.23,13.2783
13085.01,28.76,13.2786
13086.01,25.12,13.2786
13087.01,25.23,13.2786
13088.01,28.81,13.2787
13089.01,25.24,13.2787
13090.01,25.14,13.2787
13091.02,28.84,13.2787
13092.02,25.96,13.2787
13093.02,25.16,13.2787
13094.02,28.89,13.2787
13095.02,25.18,13.2788
13096.02,25.19,13.2788
13097.03,25.3,13.2788
13098.03,28.79,13.279
13099.03,25.29,13.279
13100.03,29.83,13.279
13101.03,28.89,13.279
13102.03,44.48,13.2914
13103.04,25.19,13.2914
13104.04,28.82,13.2914
13105.04,25.2,13.2914
13106.04,25.21,13.2791
13107.04,28.83,13.2792
13108.04,25.17,13.2792
13109.04,25.27,13.2792
13110.05,28.8,13.2792
13111.05,25.21,13.2792
13112.05,25.29,13.2792
13113.05,29.09,13.2792
13114.05,25.22,13.2792
13115.05,25.12,13.2792
13116.06,29.64,13.2793
13117.06,25.25,13.2794
13118.06,25.12,13.2794
13119.06,29.46,13.2794
13120.06,25.11,13.2794
13121.06,25.12,13.2794
13122.06,25.25,13.2794
13123.07,29.61,13.2795
13124.07,25.15,13.2795
13125.07,25.27,13.2795
13126.07,25.15,13.2795
13127.07,29.77,13.2795
13128.07,25.21,13.2795
13129.07,25.12,13.2795
13130.08,25.11,13.2795
13131.08,29.31,13.2795
13132.08,25.13,13.2795
13133.08,25.18,13.2795
13134.08,25.26,13.2795
13135.08,28.9,13.2795
13136.09,25.22,13.2795
13137.09,25.12,13.2795
13138.09,25.22,13.2795
13139.09,25.12,13.2795
13140.09,28.85,13.2795
13141.09,25.28,13.2795
13142.1,25.19,13.2795
13143.1,25.31,13.2795
13144.1,25.2,13.2795
13145.1,28.72,13.2795
13146.1,25.28,13.2795
13147.1,25.18,13.2795
13148.1,25.18,13.2795
13149.11,25.28,13.2795
13150.11,28.76,13.2795
13151.11,25.65,13.2795
13152.11,25.14,13.2795
13153.11,25.3,13.2797
13154.11,25.18,13.2795
13155.12,28.82,13.2797
13156.12,25.26,13.2797
13157.12,25.14,13.2797
13158.12,25.23,13.2797
13159.12,25.13,13.2797
13160.12,25.12,13.2797
13161.13,28.93,13.2797
13162.13,25.19,13.2797
13163.13,25.7,13.2798
13164.13,25.15,13.2798
13165.13,25.19,13.2798
13166.13,25.3,13.2798
13167.13,28.85,13.2799
13168.14,25.18,13.2799
13169.14,25.28,13.2799
13170.14,25.17,13.2799
13171.14,25.18,13.2799
13172.14,25.29,13.2799
13173.14,28.88,13.2799
13174.15,25.28,13.2799
13175.15,25.18,13.2799
13176.15,26.02,13.2799
13177.15,25.19,13.2799
13178.15,25.18,13.2799
13179.15,29.83,13.28
13180.16,25.18,13.28
13181.16,26.84,13.28
13182.16,26.01,13.28
13183.16,25.18,13.28
13184.16,25.27,13.28
13185.16,25.17,13.28
13186.17,30.58,13.28
13187.17,25.19,13.28
13188.17,25.28,13.28
13189.17,25.18,13.28
13190.17,25.18,13.28
13191.17,25.29,13.28
13192.18,25.2,13.28
13193.18,30.61,13.2803
13194.18,25.17,13.2803
13195.18,25.9,13.2803
13196.18,27.3,13.2803
13197.18,25.19,13.2803
13198.19,25.28,13.2803
13199.19,25.18,13.2803
13200.19,25.18,13.2803
13201.19,29.28,13.2803
13202.19,25.19,13.2803
13203.19,25.31,13.2803
13204.19,25.19,13.2803
13205.2,25.27,13.2803
13206.2,25.18,13.2803
13207.2,25.18,13.2803
13208.2,28.99,13.2804
13209.2,25.18,13.2804
13210.2,25.24,13.2804
13211.21,25.16,13.2804
13212.21,25.18,13.2804
13213.21,25.31,13.2805
13214.21,25.16,13.2805
13215.21,25.14,13.2805
13216.21,28.92,13.2805
13217.22,25.18,13.2805
13218.22,25.3,13.2805
13219.22,25.17,13.2805
13220.22,25.16,13.2805
13221.22,25.31,13.2805
13222.22,25.19,13.2805
13223.22,25.2,13.2805
13224.23,28.84,13.2806
13225.23,25.18,13.2806
13226.23,25.28,13.2806
13227.23,25.18,13.2806
13228.23,25.17,13.2806
13229.23,25.27,13.2806
13230.24,25.17,13.2806
13231.24,25.29,13.2806
13232.24,25.19,13.2806
13233.24,28.77,13.2808
13234.24,25.3,13.2808
13235.24,25.19,13.2808
13236.24,25.2,13.2808
13237.24,25.3,13.2808
13238.25,25.18,13.2808
13239.25,25.19,13.2808
13240.25,25.28,13.2808
13241.25,28.86,13.2808
13242.25,25.28,13.2808
13243.25,25.2,13.2809
13244.26,25.18,13.2809
13245.26,25.28,13.2809
13246.26,25.17,13.2809
13247.26,25.28,13.2809
13248.26,25.18,13.2809
13249.26,30.33,13.2809
13250.26,25.26,13.2809
13251.27,25.19,13.2809
13252.27,25.19,13.2809
13253.27,25.32,13.2809
13254.27,25.18,13.2809
13255.27,25.18,13.2809
13256.27,25.28,13.2809
13257.28,30.8,13.2809
13258.28,25.28,13.2809
13259.28,25.19,13.2809
13260.28,25.18,13.2809
13261.28,25.28,13.2809
13262.28,25.19,13.2809
13263.28,25.31,13.2809
13264.29,25.18,13.2809
13265.29,25.18,13.2809
13266.29,29.9,13.281
13267.29,25.78,13.281
13268.29,25.28,13.281
13269.29,25.17,13.281
13270.3,25.17,13.281
13271.3,25.28,13.281
13272.3,25.2,13.281
13273.3,25.3,13.281
13274.3,25.17,13.281
13275.3,28.87,13.281
13276.31,25.29,13.281
13277.31,25.2,13.281
13278.31,25.29,13.281
13279.31,25.18,13.281
13280.31,25.17,13.281
13281.31,25.25,13.281
13282.32,25.17,13.281
13283.32,28.27,13.281
13284.32,26.11,13.281
13285.32,25.17,13.281
13286.32,25.24,13.281
13287.32,25.15,13.281
13288.32,25.27,13.281
13289.33,25.12,13.281
13290.33,25.13,13.281
13291.33,25.23,13.281
13292.33,25.36,13.281
13293.33,28.93,13.2812
13294.33,25.17,13.2812
13295.34,25.16,13.2812
13296.34,25.26,13.2812
13297.34,25.14,13.2812
13298.34,25.24,13.2812
13299.34,25.15,13.2812
13300.34,25.18,13.2812
13301.35,25.27,13.2812
13302.35,28.89,13.2812
13303.35,25.32,13.2814
13304.35,25.18,13.2814
13305.35,25.18,13.2814
13306.35,25.31,13.2814
13307.35,25.2,13.2814
13308.36,25.13,13.2814
13309.36,25.25,13.2814
13310.36,25.14,13.2814
13311.36,29.35,13.2814
13312.36,25.29,13.2814
13313.36,25.17,13.2814
13314.36,25.12,13.2814
13315.37,25.25,13.2814
13316.37,25.13,13.2814
13317.37,25.24,13.2814
13318.37,25.16,13.2814
13319.37,25.28,13.2814
13320.37,31.12,13.2816
13321.38,25.17,13.2816
13322.38,25.28,13.2816
13323.38,25.19,13.2816
13324.38,25.27,13.2816
13325.38,25.17,13.2816
13326.38,25.17,13.2816
13327.39,25.28,13.2816
13328.39,25.25,13.2816
13329.39,30.26,13.2817
13330.39,25.18,13.2817
13331.39,25.28,13.2817
13332.39,25.18,13.2817
13333.4,25.19,13.2817
13334.4,25.28,13.2817
13335.4,25.19,13.2817
13336.4,25.28,13.2817
13337.4,25.2,13.2817
13338.4,28.91,13.282
13339.41,25.28,13.282
13340.41,25.18,13.282
13341.41,25.28,13.282
13342.41,25.18,13.282
13343.41,25.2,13.282
13344.41,25.28,13.282
13345.42,25.16,13.282
13346.42,25.27,13.282
13347.42,28.79,13.2821
13348.42,25.27,13.2821
13349.42,25.17,13.2821
13350.42,25.17,13.2821
13351.43,25.28,13.2821
13352.43,25.19,13.2821
13353.43,25.3,13.2821
13354.43,25.18,13.2821
13355.43,25.16,13.2821
13356.43,28.97,13.2821
13357.44,25.28,13.2821
13358.44,25.29,13.2821
13359.44,25.14,13.2821
13360.44,25.13,13.2821
13361.44,25.23,13.2821
13362.44,25.14,13.2821
13363.45,25.25,13.2821
13364.45,25.13,13.2821
13365.45,25.23,13.2821
13366.45,28.78,13.2822
13367.45,25.19,13.2822
13368.45,25.28,13.2822
13369.46,25.18,13.2822
13370.46,25.28,13.2822
13371.46,25.18,13.2822
13372.46,25.19,13.2822
13373.46,25.31,13.2822
13374.46,25.19,13.2822
13375.47,25.29,13.2822
13376.47,28.89,13.2822
13377.47,25.3,13.2822
13378.47,25.19,13.2822
13379.47,25.19,13.2822
13380.47,25.29,13.2822
13381.47,25.19,13.2822
13382.48,25.29,13.2822
13383.48,25.19,13.2823
13384.48,25.18,13.2823
13385.48,30.98,13.2823
13386.48,25.17,13.2823
13387.48,25.29,13.2823
13388.49,25.17,13.2823
13389.49,25.18,13.2823
13390.49,25.28,13.2823
13391.49,25.18,13.2823
13392.49,25.29,13.2823
13393.49,25.2,13.2823
13394.5,31.03,13.2823
13395.5,25.18,13.2823
13396.5,25.13,13.2823
13397.5,25.23,13.2823
13398.5,25.12,13.2823
13399.5,25.22,13.2823
13400.51,25.12,13.2823
13401.51,25.12,13.2823
13402.51,25.23,13.2823
13403.51,25.66,13.2824
13404.51,29.16,13.2826
13405.51,25.17,13.2826
13406.52,25.16,13.2826
13407.52,25.27,13.2826
13408.52,25.15,13.2826
13409.52,25.27,13.2826
13410.52,25.17,13.2826
13411.52,25.28,13.2826
13412.53,25.17,13.2826
13413.53,28.87,13.2827
13414.53,25.27,13.2827
13415.53,25.17,13.2827
13416.53,25.28,13.2827
13417.53,25.18,13.2827
13418.54,25.17,13.2827
13419.54,25.28,13.2827
13420.54,25.18,13.2827
13421.54,25.27,13.2827
13422.54,25.18,13.2827
13423.54,28.97,13.2828
13424.55,25.13,13.2828
13425.55,25.12,13.2828
13426.55,25.23,13.2828
13427.55,25.13,13.2828
13428.55,25.22,13.2828
13429.55,25.17,13.2828
13430.56,25.15,13.2828
13431.56,25.21,13.2828
13432.56,25.18,13.2828
13433.56,29.01,13.2828
13434.56,25.17,13.2828
13435.56,25.15,13.2828
13436.57,25.27,13.2828
13437.57,25.19,13.2828
13438.57,25.28,13.2828
13439.57,25.18,13.2828
13440.57,25.28,13.2828
13441.57,25.18,13.2828
13442.58,25.2,13.2829
13443.58,28.87,13.2831
13444.58,25.18,13.2831
13445.58,25.17,13.2831
13446.58,25.28,13.2831
13447.58,25.19,13.2831
13448.58,25.28,13.2831
13449.59,25.18,13.2831
13450.59,25.18,13.2831
13451.59,25.3,13.2831
13452.59,31.07,13.283
13453.59,25.18,13.283
13454.59,25.27,13.283
13455.6,25.18,13.283
13456.6,25.28,13.283
13457.6,25.19,13.283
13458.6,25.18,13.283
13459.6,25.28,13.283
13460.6,25.18,13.283
13461.61,25.28,13.283
13462.61,30.89,13.2832
13463.61,25.18,13.2832
13464.61,25.27,13.2832
13465.61,25.18,13.2832
13466.61,25.27,13.2832
13467.61,25.18,13.2832
13468.62,25.28,13.2832
13469.62,25.18,13.2832
13470.62,25.18,13.2832
13471.62,25.28,13.2832
13472.62,29.11,13.2833
13473.62,25.28,13.2833
13474.63,25.17,13.2833
13475.63,25.18,13.2833
13476.63,25.28,13.2833
13477.63,25.18,13.2833
13478.63,25.29,13.2833
13479.63,25.18,13.2833
13480.64,25.2,13.2833
13481.64,25.29,13.2833
13482.64,28.79,13.2833
13483.64,25.18,13.2833
13484.64,25.28,13.2833
13485.64,25.18,13.2833
13486.64,25.27,13.2833
13487.65,25.86,13.2833
13488.65,25.18,13.2833
13489.65,25.28,13.2833
13490.65,25.18,13.2833
13491.65,25.28,13.2833
13492.65,28.82,13.2834
13493.66,25.17,13.2834
13494.66,25.28,13.2834
13495.66,25.16,13.2834
13496.66,25.22,13.2834
13497.66,25.13,13.2834
13498.66,25.12,13.2834
13499.67,25.22,13.2834
13500.67,25.12,13.2834
13501.67,25.24,13.2834
13502.67,28.94,13.2834
13503.67,25.18,13.2834
13504.67,25.27,13.2834
13505.68,25.18,13.2834
13506.68,25.24,13.2834
13507.68,25.19,13.2834
13508.68,25.55,13.2834
13509.68,25.26,13.2834
13510.68,25.19,13.2834
13511.68,25.27,13.2834
13512.69,29.18,13.2835
13513.69,25.18,13.2835
13514.69,25.27,13.2835
13515.69,25.18,13.2835
13516.69,25.17,13.2835
13517.69,25.29,13.2835
13518.7,25.18,13.2835
13519.7,25.27,13.2835
13520.7,25.18,13.2835
13521.7,31.02,13.2835
13522.7,25.29,13.2836
13523.7,25.18,13.2836
13524.71,25.27,13.2836
13525.71,25.17,13.2836
13526.71,25.27,13.2836
13527.71,25.18,13.2836
13528.71,25.17,13.2836
13529.71,25.29,13.2836
13530.71,25.17,13.2835
13531.72,30.6,13.2838
13532.72,25.52,13.2839
13533.72,25.18,13.2839
13534.72,25.28,13.2839
13535.72,25.18,13.2839
13536.72,25.18,13.2839
13537.73,25.29,13.2839
13538.73,25.19,13.2839
13539.73,25.29,13.2839
13540.73,28.84,13.2839
13541.73,25.15,13.2839
13542.73,25.31,13.2839
13543.73,25.19,13.2839
13544.74,25.16,13.2839
13545.74,25.27,13.2839
13546.74,25.17,13.2839
13547.74,25.28,13.2839
13548.74,25.15,13.2839
13549.74,25.27,13.2839
13550.75,28.67,13.2839
13551.75,25.17,13.2839
13552.75,25.29,13.284
13553.75,25.13,13.284
13554.75,25.27,13.284
13555.75,25.15,13.284
13556.76,25.18,13.284
13557.76,25.28,13.284
13558.76,25.17,13.284
13559.76,25.28,13.284
13560.76,25.17,13.284
13561.76,28.88,13.284
13562.77,25.26,13.284
13563.77,25.17,13.284
13564.77,25.22,13.284
13565.77,25.12,13.284
13566.77,25.12,13.284
13567.77,25.25,13.284
13568.78,25.18,13.284
13569.78,25.28,13.284
13570.78,25.18,13.284
13571.78,28.89,13.2841
13572.78,25.2,13.2841
13573.78,25.18,13.2841
13574.79,25.28,13.2841
13575.79,25.18,13.2841
13576.79,25.28,13.2841
13577.79,25.2,13.2841
13578.79,25.18,13.2841
13579.79,25.26,13.2841
13580.8,25.12,13.2841
13581.8,29.55,13.2841
13582.8,25.22,13.2843
13583.8,25.18,13.2843
13584.8,25.27,13.2843
13585.8,25.18,13.2843
13586.8,25.17,13.2843
13587.81,25.26,13.2843
13588.81,25.11,13.2843
13589.81,25.22,13.2843
13590.81,30.93,13.2843
13591.81,25.23,13.2843
13592.81,25.16,13.2843
13593.82,25.13,13.2843
13594.82,25.26,13.2843
13595.82,25.17,13.2843
13596.82,25.26,13.2843
13597.82,25.17,13.2843
13598.82,25.18,13.2843
13599.83,25.27,13.2843
13600.83,30.31,13.2843
13601.83,25.23,13.2843
13602.83,25.18,13.2844
13603.83,25.16,13.2844
13604.83,25.27,13.2844
13605.84,25.17,13.2844
13606.84,25.28,13.2844
13607.84,25.19,13.2844
13608.84,25.18,13.2844
13609.84,25.28,13.2844
13610.84,28.85,13.2845
13611.85,25.28,13.2845
13612.85,25.19,13.2846
13613.85,25.18,13.2846
13614.85,25.27,13.2846
13615.85,25.18,13.2846
13616.85,25.24,13.2846
13617.85,25.12,13.2846
13618.86,25.22,13.2846
13619.86,28.87,13.2846
13620.86,25.18,13.2846
13621.86,25.27,13.2846
13622.86,25.2,13.2846
13623.86,25.27,13.2846
13624.87,25.17,13.2846
13625.87,25.16,13.2846
13626.87,25.24,13.2846
13627.87,25.13,13.2846
13628.87,25.23,13.2847
13629.87,28.75,13.2847
13630.88,25.18,13.2847
13631.88,25.29,13.2847
13632.88,25.14,13.2847
13633.88,25.23,13.2847
13634.88,25.18,13.2847
13635.88,25.18,13.2847
13636.89,25.29,13.2847
13637.89,25.18,13.2847
13638.89,25.28,13.2847
13639.89,28.73,13.2847
13640.89,25.29,13.2847
13641.89,25.19,13.2847
13642.9,25.2,13.2848
13643.9,25.28,13.2848
13644.9,25.17,13.2848
13645.9,25.27,13.2848
13646.9,25.18,13.2848
13647.9,25.18,13.2848
13648.91,25.28,13.2848
13649.91,29.69,13.2848
13650.91,25.28,13.2848
13651.91,25.19,13.2848
13652.91,26.03,13.2848
13653.91,25.17,13.2848
13654.92,25.17,13.2848
13655.92,25.27,13.2848
13656.92,25.16,13.2848
13657.92,25.26,13.2848
13658.92,25.14,13.2848
13659.92,31.16,13.285
13660.93,25.28,13.285
13661.93,25.16,13.285
13662.93,25.26,13.285
13663.93,25.18,13.285
13664.93,25.18,13.285
13665.93,25.24,13.285
13666.94,25.15,13.285
13667.94,25.24,13.285
13668.94,30.01,13.285
13669.94,25.25,13.285
13670.94,25.18,13.285
13671.94,25.19,13.285
13672.95,25.3,13.2851
13673.95,25.16,13.2851
13674.95,25.28,13.2851
13675.95,25.16,13.2851
13676.95,25.19,13.2851
13677.95,25.28,13.2851
13678.96,25.18,13.2851
13679.96,28.94,13.2851
13680.96,25.18,13.2851
13681.96,25.19,13.2851
13682.96,25.3,13.2851
13683.96,25.19,13.2851
13684.96,25.29,13.2851
13685.97,25.19,13.2851
13686.97,25.2,13.2851
13687.97,25.31,13.2851
13688.97,28.77,13.2851
13689.97,25.11,13.2851
13690.97,25.24,13.2851
13691.97,25.14,13.2852
13692.98,25.16,13.2852
13693.98,25.28,13.2852
13694.98,25.19,13.2852
13695.98,25.12,13.2852
13696.98,25.26,13.2852
13697.98,25.13,13.2852
13698.98,25.12,13.2852
13699.99,28.89,13.2852
13700.99,25.18,13.2852
13701.99,25.29,13.2852
13702.99,25.31,13.2853
13703.99,25.19,13.2853
13704.99,25.28,13.2853
13705.99,25.18,13.2853
13707.0,25.19,13.2853
13708.0,25.29,13.2853
13709.0,25.19,13.2853
13710.0,28.93,13.2855
13711.0,25.16,13.2855
13712.0,25.2,13.2855
13713.0,25.3,13.2855
13714.01,25.19,13.2855
13715.01,25.18,13.2855
13716.01,25.29,13.2855
13717.01,25.19,13.2856
13718.01,25.27,13.2856
13719.01,25.17,13.2856
13720.02,25.27,13.2856
13721.02,30.34,13.2856
13722.02,25.14,13.2856
13723.02,25.26,13.2856
13724.02,25.17,13.2856
13725.02,25.16,13.2856
13726.03,25.27,13.2856
13727.03,25.21,13.2856
13728.03,25.3,13.2856
13729.03,25.2,13.2856
13730.03,25.2,13.2856
13731.03,31.24,13.2856
13732.04,25.19,13.2856
13733.04,25.29,13.2857
13734.04,25.16,13.2857
13735.04,25.18,13.2857
13736.04,25.27,13.2857
13737.04,25.17,13.2857
13738.04,25.17,13.2857
13739.04,25.31,13.2857
13740.05,26.86,13.2857
13741.05,27.75,13.2857
13742.05,25.29,13.2857
13743.05,28.01,13.2858
13744.05,25.13,13.2858
13745.05,25.22,13.2858
13746.06,25.12,13.2858
13747.06,25.27,13.2858
13748.06,25.19,13.2858
13749.06,25.18,13.2858
13750.06,28.85,13.2858
13751.06,25.14,13.2858
13752.06,25.15,13.2858
13753.06,25.29,13.2858
13754.07,25.15,13.2858
13755.07,25.29,13.2858
13756.07,25.18,13.2858
13757.07,25.19,13.2858
13758.07,25.31,13.2858
13759.07,25.19,13.2858
13760.08,25.2,13.2858
13761.08,28.93,13.2858
13762.08,25.14,13.2858
13763.08,25.15,13.2859
13764.08,25.18,13.2859
13765.08,25.23,13.2859
13766.09,25.13,13.2859
13767.09,25.17,13.2859
13768.09,25.28,13.2859
13769.09,25.14,13.2859
13770.09,25.23,13.2859
13771.09,28.77,13.2859
13772.1,25.27,13.2859
13773.1,25.18,13.2859
13774.1,25.17,13.2859
13775.1,25.26,13.2859
13776.1,25.16,13.2859
13777.1,25.14,13.2859
13778.11,25.22,13.2859
13779.11,25.12,13.2859
13780.11,25.22,13.2859
13781.11,28.82,13.2859
13782.11,25.16,13.2859
13783.11,25.3,13.2859
13784.12,25.19,13.2859
13785.12,25.3,13.2859
13786.12,25.18,13.2859
13787.12,25.19,13.2859
13788.12,25.31,13.2859
13789.12,25.17,13.2859
13790.12,25.18,13.2859
13791.13,31.12,13.2862
13792.13,25.2,13.2862
13793.13,25.32,13.2863
13794.13,25.18,13.2863
13795.13,25.19,13.2863
13796.13,25.29,13.2863
13797.14,25.19,13.2863
13798.14,25.29,13.2863
13799.14,25.18,13.2863
13800.14,25.28,13.2863
13801.14,30.89,13.2863
13802.14,25.2,13.2863
13803.15,25.31,13.2863
13804.15,25.19,13.2863
13805.15,25.28,13.2863
13806.15,25.18,13.2863
13807.15,25.15,13.2863
13808.15,25.23,13.2863
13809.16,25.14,13.2863
13810.16,29.12,13.2865
13811.16,25.18,13.2865
13812.16,25.19,13.2865
13813.16,25.3,13.2865
13814.16,25.18,13.2865
13815.16,25.23,13.2865
13816.17,25.13,13.2865
13817.17,25.13,13.2865
13818.17,25.23,13.2865
13819.17,25.12,13.2865
13820.17,28.81,13.2865
13821.17,25.17,13.2865
13822.18,25.3,13.2865
13823.18,25.18,13.2867
13824.18,25.18,13.2867
13825.18,25.3,13.2867
13826.18,25.19,13.2867
13827.18,25.19,13.2867
13828.18,25.31,13.2867
13829.19,25.14,13.2867
13830.19,28.98,13.2867
13831.19,25.18,13.2867
13832.19,25.31,13.2867
13833.19,25.2,13.2867
13834.2,25.17,13.2867
13835.2,25.27,13.2866
13836.2,25.18,13.2866
13837.2,25.29,13.2866
13838.2,25.19,13.2866
13839.2,25.2,13.2866
13840.21,28.8,13.2867
13841.21,25.18,13.2867
13842.21,25.28,13.2867
13843.21,25.19,13.2868
13844.21,25.17,13.2868
13845.21,25.27,13.2868
13846.22,25.17,13.2868
13847.22,25.29,13.2868
13848.22,25.19,13.2868
13849.22,25.18,13.2868
13850.22,29.14,13.2868
13851.22,25.18,13.2868
13852.22,25.29,13.2868
13853.23,25.19,13.2868
13854.23,25.17,13.2868
13855.23,25.28,13.2868
13856.23,25.21,13.2868
13857.23,25.2,13.2868
13858.23,25.28,13.2868
13859.24,25.18,13.2868
13860.24,31.14,13.2868
13861.24,25.15,13.2868
13862.24,25.18,13.2868
13863.24,25.29,13.2869
13864.24,25.17,13.2869
13865.24,25.27,13.2869
13866.25,25.18,13.2869
13867.25,25.18,13.2869
13868.25,25.28,13.2869
13869.25,25.18,13.2869
13870.25,30.7,13.2869
13871.25,25.18,13.2869
13872.26,25.19,13.2869
13873.26,25.32,13.287
13874.26,25.18,13.287
13875.26,25.18,13.287
13876.26,25.28,13.287
13877.26,25.22,13.287
13878.26,25.26,13.287
13879.27,28.91,13.287
13880.27,25.19,13.287
13881.27,25.29,13.287
13882.27,25.18,13.287
13883.27,25.29,13.287
13884.27,25.18,13.287
13885.28,25.18,13.287
13886.28,25.22,13.287
13887.28,25.14,13.287
13888.28,25.27,13.287
13889.28,28.86,13.2872
13890.28,25.36,13.2872
13891.29,25.17,13.2872
13892.29,25.16,13.2872
13893.29,25.29,13.2872
13894.29,25.14,13.2872
13895.29,25.2,13.2872
13896.29,25.14,13.2872
13897.3,25.18,13.2872
13898.3,25.28,13.2872
13899.3,25.18,13.2872
13900.3,29.01,13.2872
13901.3,25.17,13.2872
13902.3,25.15,13.2872
13903.3,25.26,13.2873
13904.31,25.18,13.2873
13905.31,25.18,13.2873
13906.31,25.3,13.2873
13907.31,25.19,13.2873
13908.31,25.18,13.2873
13909.31,25.28,13.2873
13910.32,28.79,13.2873
13911.32,25.28,13.2873
13912.32,25.15,13.2873
13913.32,25.16,13.2873
13914.32,25.23,13.2873
13915.32,25.14,13.2873
13916.33,25.25,13.2873
13917.33,25.15,13.2873
13918.33,25.24,13.2873
13919.33,25.14,13.2873
13920.33,29.77,13.2874
13921.33,25.3,13.2874
13922.34,25.2,13.2874
13923.34,25.3,13.2874
13924.34,25.19,13.2874
13925.34,25.19,13.2874
13926.34,25.29,13.2874
13927.34,25.2,13.2874
13928.34,25.29,13.2874
13929.35,30.8,13.2874
13930.35,25.19,13.2874
13931.35,25.29,13.2874
13932.35,25.2,13.2874
13933.35,25.3,13.2875
13934.35,25.19,13.2875
13935.36,25.28,13.2875
13936.36,25.18,13.2875
13937.36,25.19,13.2875
13938.36,25.29,13.2875
13939.36,30.33,13.2877
13940.36,25.28,13.2877
13941.37,25.18,13.2877
13942.37,25.19,13.2877
13943.37,25.3,13.2877
13944.37,25.19,13.2877
13945.37,25.29,13.2877
13946.37,25.19,13.2877
13947.38,25.3,13.2877
13948.38,25.19,13.2877
13949.38,28.83,13.2876
13950.38,25.29,13.2876
13951.38,25.19,13.2876
13952.38,25.28,13.2876
13953.39,25.2,13.2878
13954.39,25.18,13.2878
13955.39,25.29,13.2878
13956.39,25.21,13.2878
13957.39,25.2,13.2878
13958.39,25.31,13.2878
13959.39,28.73,13.2878
13960.4,25.18,13.2878
13961.4,25.3,13.2878
13962.4,25.2,13.2878
13963.4,25.3,13.2878
13964.4,25.17,13.2878
13965.4,25.18,13.2878
13966.41,25.28,13.2878
13967.41,25.19,13.2878
13968.41,25.27,13.2878
13969.41,28.75,13.2878
13970.41,25.16,13.2878
13971.41,25.26,13.2878
13972.42,25.18,13.2878
13973.42,25.3,13.2878
13974.42,25.19,13.2878
13975.42,25.18,13.2878
13976.42,25.28,13.2878
13977.42,25.15,13.2878
13978.43,25.28,13.2878
13979.43,25.23,13.2878
13980.43,28.84,13.2878
13981.43,25.18,13.2878
13982.43,25.28,13.2879
13983.44,25.18,13.2879
13984.44,25.28,13.2879
13985.44,25.19,13.2879
13986.44,25.19,13.2879
13987.44,25.25,13.2879
13988.44,25.14,13.2879
13989.44,25.8,13.2879
13990.45,29.49,13.2879
13991.45,25.18,13.2879
13992.45,25.29,13.2879
13993.45,25.2,13.2879
13994.45,25.28,13.2879
13995.45,25.18,13.2879
13996.46,25.18,13.2879
13997.46,25.29,13.2879
13998.46,25.17,13.2879
13999.46,25.25,13.2879
14000.46,31.53,13.2881
14001.46,25.17,13.2881
14002.47,25.29,13.2881
14003.47,25.2,13.2882
14004.47,25.29,13.2882
14005.47,25.18,13.2882
14006.47,25.16,13.2882
14007.47,25.29,13.2882
14008.48,25.18,13.2882
14009.48,25.29,13.2882
14010.48,29.37,13.2882
14011.48,25.18,13.2882
14012.48,25.28,13.2882
14013.48,25.2,13.2882
14014.48,25.25,13.2882
14015.49,25.14,13.2882
14016.49,25.14,13.2882
14017.49,25.25,13.2882
14018.49,25.17,13.2882
14019.49,25.29,13.2882
14020.49,28.64,13.2882
14021.5,25.23,13.2882
14022.5,25.17,13.2882
14023.5,25.2,13.2882
14024.5,25.28,13.2882
14025.5,25.17,13.2882
14026.5,25.18,13.2882
14027.51,25.28,13.2882
14028.51,25.18,13.2882
14029.51,25.28,13.2882
14030.51,28.71,13.2883
14031.51,25.29,13.2883
14032.51,25.19,13.2883
14033.52,25.17,13.2883
14034.52,25.28,13.2883
14035.52,25.18,13.2883
14036.52,25.29,13.2883
14037.52,25.19,13.2883
14038.52,25.19,13.2883
14039.53,25.28,13.2883
14040.53,25.19,13.2883
14041.53,28.83,13.2883
14042.53,25.17,13.2883
14043.53,25.17,13.2883
14044.53,25.25,13.2883
14045.54,25.13,13.2883
14046.54,25.26,13.2883
14047.54,25.18,13.2883
14048.54,25.17,13.2883
14049.54,25.28,13.2883
14050.54,25.18,13.2883
14051.55,28.87,13.2884
14052.55,25.19,13.2884
14053.55,25.19,13.2886
14054.55,25.28,13.2886
14055.55,25.18,13.2886
14056.55,25.29,13.2886
14057.55,25.21,13.2886
14058.56,25.19,13.2886
14059.56,25.28,13.2886
14060.56,30.83,13.2886
14061.56,25.23,13.2886
14062.56,25.16,13.2885
14063.56,25.18,13.2885
14064.57,25.25,13.2885
14065.57,25.13,13.2885
14066.57,25.23,13.2885
14067.57,25.18,13.2887
14068.57,25.26,13.2887
14069.57,25.13,13.2887
14070.58,27.62,13.2887
14071.58,28.43,13.2887
14072.58,25.2,13.2887
14073.58,25.16,13.2887
14074.58,25.29,13.2887
14075.58,25.17,13.2887
14076.58,25.17,13.2887
14077.58,25.31,13.2887
14078.59,25.17,13.2887
14079.59,25.19,13.2887
14080.59,25.31,13.2887
14081.59,29.06,13.2887
14082.59,25.21,13.2888
14083.59,25.28,13.2888
14084.6,25.19,13.2888
14085.6,25.28,13.2888
14086.6,25.17,13.2888
14087.6,25.2,13.2888
14088.6,25.3,13.2888
14089.6,25.19,13.2888
14090.6,28.96,13.2889
14091.61,25.14,13.2889
14092.61,25.18,13.2889
14093.61,25.25,13.2889
14094.61,25.18,13.2889
14095.61,25.29,13.2889
14096.61,25.19,13.2889
14097.62,25.2,13.2889
14098.62,25.27,13.2889
14099.62,25.13,13.2889
14100.62,28.76,13.2889
14101.62,25.28,13.2889
14102.62,25.21,13.2889
14103.62,25.29,13.2889
14104.63,25.19,13.2889
14105.63,25.19,13.2889
14106.63,25.31,13.2889
14107.63,25.19,13.2889
14108.63,25.19,13.2889
14109.63,25.31,13.2889
14110.63,25.18,13.2889
14111.64,28.7,13.2889
14112.64,25.33,13.289
14113.64,25.19,13.289
14114.64,25.18,13.289
14115.64,25.28,13.289
14116.64,25.18,13.289
14117.64,25.19,13.289
14118.65,25.28,13.289
14119.65,25.18,13.289
14120.65,25.28,13.289
14121.65,25.18,13.289
14122.65,29.53,13.289
14123.65,25.18,13.289
14124.66,25.18,13.289
14125.66,25.28,13.289
14126.66,25.17,13.289
14127.66,25.23,13.289
14128.66,25.12,13.289
14129.66,25.15,13.289
14130.67,25.25,13.289
14131.67,31.09,13.289
14132.67,25.16,13.289
14133.67,25.17,13.289
14134.67,25.29,13.289
14135.68,80.74,2.5523
14136.68,78.68,2.9293
14137.68,86.79,3.1175
14138.68,87.32,3.3658
14139.68,80.26,3.6433
14140.68,78.04,3.9187
14141.68,77.82,4.2119
14142.69,78.19,4.6146
14143.69,77.89,5.0137
14144.69,76.54,5.4226
14145.69,75.94,5.8338
14146.69,76.54,6.214
14147.7,76.38,6.6649
14148.7,77.03,7.0619
14149.7,80.98,7.527
14150.7,75.63,7.5786
14151.7,75.6,7.6791
14152.7,75.59,7.6793
14153.7,75.43,7.6797
14154.71,76.8,7.6806
14155.71,51.83,7.6806
14156.71,35.94,7.6807
14157.71,39.09,7.6807
14158.71,32.75,7.6807
14159.72,35.37,7.6807
14160.72,33.22,7.6807
14161.72,42.29,8.0379
14162.72,25.45,8.0379
14163.72,30.05,8.0379
14164.72,27.26,8.0379
14165.73,29.59,8.0379
14166.73,45.2,8.0379
14167.73,34.63,8.0379
14168.73,44.96,8.0379
14169.73,26.48,8.0379
14170.73,42.92,8.0381
14171.73,75.22,8.0405
14172.73,67.05,8.0406
14173.74,66.42,3.3475
14174.74,65.49,2.5369
14175.74,80.86,2.8602
14176.74,73.28,3.1226
14177.74,91.65,3.3574
14178.74,85.22,3.6091
14179.75,77.67,3.8607
14180.75,78.34,4.0978
14181.75,78.08,4.3964
14182.75,75.66,4.6656
14183.75,75.92,4.9
14184.75,75.87,5.1639
14185.76,76.09,5.4113
14186.76,38.76,6.2406
14187.76,25.2,7.0555
14188.76,76.65,8.2868
14189.76,100.19,9.0444
14190.76,52.5,9.3211
14191.77,25.14,9.4213
14192.77,54.8,9.4218
14193.77,77.78,9.4223
14194.77,76.68,9.423
14195.77,76.82,9.4248
14196.77,38.01,9.4248
14197.78,39.03,9.4248
14198.78,31.14,9.4248
14199.78,39.56,9.4222
14200.78,35.89,9.4222
14201.78,34.14,9.4227
14202.78,29.2,9.4228
14203.78,26.3,9.4228
14204.79,64.51,9.9661
14205.79,100.02,10.7667
14206.79,99.99,11.4242
14207.79,99.85,12.1232
14208.79,35.41,12.2742
14209.79,29.03,12.2985
14210.8,35.73,12.2985
14211.8,26.92,12.2985
14212.8,40.64,12.2989
14213.8,27.08,12.2989
14214.8,25.31,12.2989
14215.81,31.81,12.2989
14216.81,26.66,12.2989
14217.81,28.72,12.2989
14218.81,25.2,12.2989
14219.81,29.63,12.2989
14220.82,25.38,12.2989
14221.82,31.43,12.2989
14222.82,29.78,12.2989
14223.82,38.7,12.2998
14224.82,26.94,12.2998
14225.82,30.93,12.2998
14226.83,29.17,12.2998
14227.83,27.42,12.2998
14228.83,25.65,12.2998
14229.83,25.26,12.2998
14230.83,40.3,12.2998
14231.83,29.7,12.2998
14232.84,26.29,12.2998
14233.84,25.31,12.2998
14234.84,25.22,12.2998
14235.84,25.34,12.2998
14236.84,25.57,12.2998
14237.84,25.2,12.2998
14238.85,25.35,12.2998
14239.85,25.28,12.2998
14240.85,27.31,12.2998
14241.85,25.78,12.2998
14242.85,25.22,12.2998
14243.85,25.31,12.2998
14244.86,25.22,12.2998
14245.86,25.42,12.2998
14246.86,25.24,12.2998
14247.86,25.38,12.2998
14248.86,25.22,12.2998
14249.86,25.27,12.2998
14250.87,25.33,12.2998
14251.87,25.23,12.2998
14252.87,27.24,12.2998
14253.87,25.66,12.2998
14254.87,25.27,12.2998
14255.87,33.82,12.2998
14256.88,25.21,12.2998
14257.88,26.24,12.2998
14258.88,27.19,12.2998
14259.88,25.29,12.2998
14260.88,25.8,12.2998
14261.88,25.32,12.2998
14262.89,25.35,12.2999
14263.89,25.22,12.2999
14264.89,25.42,12.2999
14265.89,92.0,12.3004
14266.89,99.87,12.41
14267.89,39.47,12.41
14268.9,25.67,12.41
14269.9,25.4,12.41
14270.9,25.21,12.4101
14271.9,25.43,12.4101
14272.9,25.23,12.4101
14273.9,25.25,12.4101
14274.91,25.41,12.4101
14275.91,25.2,12.4101
14276.91,25.31,12.4101
14277.91,25.21,12.4101
14278.91,25.21,12.4101
14279.91,25.89,12.4101
14280.92,25.12,12.4101
14281.92,25.3,12.4101
14282.92,25.22,12.4102
14283.92,25.3,12.4102
14284.92,25.21,12.4102
14285.92,25.21,12.4102
14286.93,43.46,12.4103
14287.93,75.0,12.4107
14288.93,53.52,12.4107
14289.93,41.82,12.4107
14290.93,27.74,12.4107
14291.93,25.31,12.4107
14292.93,25.19,12.4107
14293.94,60.35,12.4114
14294.94,99.85,12.4368
14295.94,67.76,12.438
14296.94,41.19,12.439
14297.94,29.91,12.4456
14298.94,25.18,12.4456
14299.95,25.9,12.4411
14300.95,29.89,12.4411
14301.95,25.3,12.4411
14302.95,39.1,12.441
14303.95,99.92,12.4412
14304.95,70.17,12.4414
14305.95,25.29,12.4414
14306.96,25.32,12.4414
14307.96,25.2,12.4414
14308.96,25.21,12.4414
14309.96,25.33,12.4414
14310.96,25.18,12.4414
14311.96,66.57,12.4414
14312.97,99.65,12.4438
14313.97,42.18,12.444
14314.97,25.3,12.444
14315.97,25.21,12.444
14316.97,75.69,13.0224
14317.97,78.81,13.172
14318.98,25.2,13.172
14319.98,25.31,13.172
14320.98,37.98,13.2753
14321.98,25.3,13.2753
14322.98,25.21,13.2754
14323.98,28.79,13.2757
14324.99,25.2,13.2757
14325.99,25.15,13.2757
14326.99,28.94,13.2757
14327.99,25.5,13.2757
14328.99,25.22,13.2757
14329.99,28.87,13.2757
14331.0,25.76,13.2757
14332.0,25.28,13.2757
14333.0,25.19,13.2757
14334.0,28.68,13.2757
14335.0,25.29,13.2757
14336.0,25.15,13.2757
14337.01,25.29,13.2757
14338.01,28.58,13.2758
14339.01,25.23,13.2758
14340.01,25.13,13.2758
14341.01,28.86,13.2758
14342.01,25.13,13.2758
14343.02,25.15,13.2758
14344.02,28.75,13.2758
14345.02,25.11,13.2758
14346.02,25.22,13.2758
14347.02,25.13,13.2758
14348.02,28.72,13.276
14349.03,25.25,13.276
14350.03,25.16,13.276
14351.03,25.29,13.276
14352.03,28.72,13.2762
14353.03,25.15,13.2763
14354.03,25.26,13.2763
14355.03,29.03,13.2763
14356.04,25.18,13.2763
14357.04,25.16,13.2763
14358.04,25.26,13.2763
14359.04,29.62,13.2763
14360.04,25.15,13.2763
14361.05,25.22,13.2763
14362.05,29.43,13.2764
14363.05,25.25,13.2765
14364.05,25.11,13.2765
14365.05,25.24,13.2765
14366.05,25.16,13.2765
14367.06,29.62,13.2765
14368.06,25.28,13.2765
14369.06,25.19,13.2765
14370.06,25.28,13.2765
14371.06,29.64,13.2765
14372.06,25.25,13.2765
14373.07,25.17,13.2765
14374.07,25.15,13.2765
14375.07,27.13,13.2765
14376.07,27.41,13.2765
14377.07,25.29,13.2765
14378.07,25.18,13.2765
14379.08,25.19,13.2765
14380.08,28.83,13.2766
14381.08,25.18,13.2766
14382.08,25.29,13.2766
14383.08,25.2,13.2766
14384.08,25.18,13.2766
14385.09,25.3,13.2766
14386.09,28.74,13.2768
14387.09,25.29,13.2768
14388.09,25.2,13.2768
14389.09,25.17,13.2768
14390.09,25.27,13.2768
14391.09,25.16,13.2768
14392.1,28.71,13.2769
14393.1,25.26,13.2769
14394.1,25.16,13.2769
14395.1,25.29,13.2769
14396.1,25.17,13.2769
14397.1,25.19,13.2769
14398.1,25.6,13.2769
14399.11,28.55,13.2769
14400.11,25.18,13.2769
14401.11,25.27,13.2769
14402.11,25.2,13.2769
14403.11,25.29,13.2769
14404.11,25.19,13.2769
14405.12,28.9,13.2769
14406.12,25.21,13.2769
14407.12,25.17,13.2769
14408.12,25.17,13.2769
14409.12,25.28,13.2769
14410.12,25.12,13.2769
14411.13,25.26,13.2769
14412.13,25.76,13.2769
14413.13,28.19,13.277
14414.13,25.18,13.277
14415.13,25.17,13.277
14416.13,25.28,13.277
14417.14,25.19,13.277
14418.14,25.27,13.277
14419.14,29.44,13.277
14420.14,25.18,13.277
14421.14,25.28,13.277
14422.14,25.18,13.277
14423.15,25.29,13.277
14424.15,25.17,13.277
14425.15,30.47,13.277
14426.15,25.17,13.277
14427.15,25.19,13.277
14428.15,25.28,13.277
14429.15,25.17,13.277
14430.16,25.17,13.277
14431.16,25.29,13.277
14432.16,25.19,13.277
14433.16,30.28,13.2773
14434.16,25.3,13.2773
14435.16,25.18,13.2773
14436.16,25.26,13.2773
14437.17,25.18,13.2773
14438.17,25.18,13.2773
14439.17,25.3,13.2773
14440.17,29.44,13.2774
14441.17,25.15,13.2774
14442.17,25.24,13.2774
14443.17,25.14,13.2775
14444.18,25.15,13.2775
14445.18,25.23,13.2775
14446.18,25.11,13.2775
14447.18,25.23,13.2775
14448.18,28.81,13.2776
14449.18,25.17,13.2776
14450.19,25.27,13.2776
14451.19,25.16,13.2776
14452.19,25.28,13.2776
14453.19,25.19,13.2776
14454.19,25.28,13.2776
14455.19,25.18,13.2776
14456.2,28.75,13.2776
14457.2,25.29,13.2776
14458.2,25.18,13.2776
14459.2,25.27,13.2776
14460.2,25.18,13.2776
14461.2,25.18,13.2776
14462.21,25.27,13.2776
14463.21,25.2,13.2777
14464.21,28.88,13.2779
14465.21,25.18,13.2779
14466.21,25.27,13.2779
14467.21,25.19,13.2779
14468.22,25.18,13.2779
14469.22,25.28,13.2779
14470.22,25.15,13.2779
14471.22,25.22,13.2779
14472.22,28.74,13.278
14473.22,25.28,13.278
14474.23,25.12,13.278
14475.23,25.13,13.278
14476.23,25.23,13.278
14477.23,25.13,13.278
14478.23,25.28,13.278
14479.23,25.18,13.278
14480.24,28.74,13.2781
14481.24,25.28,13.2781
14482.24,25.18,13.2781
14483.24,25.29,13.2781
14484.24,25.17,13.2781
14485.24,25.27,13.2781
14486.25,25.18,13.2781
14487.25,25.18,13.2781
14488.25,30.11,13.2783
14489.25,25.19,13.2783
14490.25,25.28,13.2783
14491.25,25.18,13.2783
14492.26,25.19,13.2783
14493.26,25.3,13.2783
14494.26,25.18,13.2783
14495.26,25.28,13.2783
14496.26,30.7,13.2783
14497.26,25.19,13.2783
14498.27,25.27,13.2783
14499.27,25.18,13.2783
14500.27,25.28,13.2783
14501.27,25.18,13.2783
14502.27,25.19,13.2783
14503.27,25.29,13.2785
14504.28,25.17,13.2785
14505.28,29.96,13.2785
14506.28,25.17,13.2785
14507.28,25.19,13.2785
14508.28,25.28,13.2785
14509.28,25.17,13.2785
14510.28,25.29,13.2785
14511.29,25.18,13.2785
14512.29,25.18,13.2786
14513.29,28.94,13.2786
14514.29,25.17,13.2786
14515.29,25.18,13.2786
14516.29,25.28,13.2786
14517.29,25.2,13.2786
14518.3,25.18,13.2786
14519.3,25.27,13.2786
14520.3,25.17,13.2786
14521.3,25.28,13.2786
14522.3,28.8,13.2787
14523.3,25.14,13.2787
14524.31,25.23,13.2787
14525.31,25.18,13.2787
14526.31,25.27,13.2787
14527.31,25.15,13.2787
14528.31,25.15,13.2787
14529.31,25.28,13.2787
14530.32,25.18,13.2787
14531.32,28.85,13.2788
14532.32,25.18,13.2788
14533.32,25.3,13.2789
14534.32,25.22,13.2789
14535.32,25.18,13.2789
14536.33,25.23,13.2789
14537.33,25.28,13.2789
14538.33,25.17,13.2789
14539.33,25.17,13.2789
14540.33,28.85,13.2791
14541.34,25.17,13.2791
14542.34,25.28,13.2791
14543.34,25.2,13.2791
14544.34,25.28,13.2791
14545.34,25.18,13.2791
14546.34,25.2,13.2791
14547.34,25.29,13.2791
14548.35,25.19,13.2791
14549.35,28.68,13.2791
14550.35,25.28,13.2791
14551.35,25.18,13.2791
14552.35,25.25,13.2791
14553.35,25.18,13.2791
14554.36,25.18,13.2791
14555.36,25.28,13.2791
14556.36,25.17,13.2791
14557.36,25.31,13.2791
14558.36,25.18,13.2791
14559.36,30.96,13.2791
14560.37,25.29,13.2791
14561.37,25.18,13.2791
14562.37,25.28,13.2791
14563.37,25.19,13.2792
14564.37,25.17,13.2792
14565.37,25.28,13.2792
14566.38,25.17,13.2792
14567.38,25.27,13.2792
14568.38,30.5,13.2793
14569.38,25.17,13.2793
14570.38,25.28,13.2793
14571.38,25.18,13.2793
14572.39,25.28,13.2793
14573.39,25.19,13.2793
14574.39,25.27,13.2793
14575.39,25.18,13.2793
14576.39,29.18,13.2794
14577.39,25.29,13.2794
14578.4,25.17,13.2794
14579.4,25.28,13.2794
14580.4,25.18,13.2794
14581.4,25.17,13.2794
14582.4,25.28,13.2794
14583.4,25.2,13.2796
14584.41,25.27,13.2796
14585.41,28.76,13.2796
14586.41,25.28,13.2796
14587.41,25.19,13.2796
14588.41,25.18,13.2796
14589.41,25.28,13.2796
14590.42,25.13,13.2796
14591.42,25.23,13.2796
14592.42,25.14,13.2796
14593.42,25.16,13.2796
14594.42,28.81,13.2798
14595.42,25.12,13.2798
14596.43,25.28,13.2798
14597.43,25.18,13.2798
14598.43,25.17,13.2798
14599.43,25.28,13.2798
14600.43,25.18,13.2798
14601.43,25.3,13.2798
14602.43,25.2,13.2798
14603.44,25.19,13.2798
14604.44,28.76,13.2799
14605.44,25.13,13.2799
14606.44,25.16,13.2799
14607.44,25.29,13.2799
14608.44,25.19,13.2799
14609.44,25.28,13.2799
14610.45,25.19,13.2799
14611.45,25.18,13.2799
14612.45,25.29,13.2799
14613.45,25.2,13.28
14614.45,26.98,13.28
14615.45,27.12,13.28
14616.46,25.18,13.28
14617.46,25.28,13.28
14618.46,25.17,13.28
14619.46,25.28,13.28
14620.46,25.16,13.28
14621.46,25.17,13.28
14622.47,25.28,13.28
14623.47,25.2,13.28
14624.47,30.13,13.28
14625.47,25.17,13.28
14626.47,25.17,13.28
14627.47,25.29,13.28
14628.48,25.18,13.28
14629.48,25.28,13.28
14630.48,25.18,13.28
14631.48,25.17,13.28
14632.48,25.28,13.28
14633.48,30.7,13.2803
14634.48,25.28,13.2803
14635.49,25.16,13.2803
14636.49,25.17,13.2803
14637.49,25.27,13.2803
14638.49,25.17,13.2803
14639.49,25.18,13.2803
14640.49,25.28,13.2803
14641.5,25.18,13.2803
14642.5,30.06,13.2803
14643.5,25.19,13.2803
14644.5,25.18,13.2803
14645.5,25.28,13.2803
14646.5,25.17,13.2803
14647.5,25.28,13.2803
14648.51,25.17,13.2803
14649.51,25.19,13.2803
14650.51,25.28,13.2803
14651.51,25.19,13.2803
14652.51,28.92,13.2805
14653.51,25.13,13.2805
14654.52,25.13,13.2805
14655.52,25.27,13.2805
14656.52,25.14,13.2805
14657.52,25.15,13.2805
14658.52,25.28,13.2805
14659.52,25.17,13.2805
14660.52,25.22,13.2805
14661.53,25.13,13.2805
14662.53,28.58,13.2806
14663.53,25.29,13.2808
14664.53,25.17,13.2808
14665.53,25.18,13.2808
14666.53,25.27,13.2808
14667.54,25.18,13.2808
14668.54,25.28,13.2808
14669.54,25.17,13.2808
14670.54,25.29,13.2808
14671.54,25.18,13.2808
14672.54,27.28,13.2808
14673.55,26.82,13.2808
14674.55,25.18,13.2808
14675.55,25.27,13.2808
14676.55,25.18,13.2808
14677.55,25.19,13.2808
14678.55,25.28,13.2808
14679.56,25.18,13.2808
14680.56,25.28,13.2808
14681.56,25.18,13.2808
14682.56,28.74,13.2809
14683.56,25.3,13.2809
14684.56,25.19,13.2809
14685.56,25.29,13.2809
14686.57,25.17,13.2809
14687.57,25.17,13.2809
14688.57,25.22,13.2809
14689.57,25.12,13.2809
14690.57,25.12,13.2809
14691.57,25.19,13.2809
14692.58,29.86,13.2811
14693.58,25.17,13.2811
14694.58,25.18,13.2811
14695.58,25.27,13.2811
14696.58,25.17,13.2811
14697.58,25.29,13.2811
14698.59,25.18,13.2811
14699.59,25.18,13.2811
14700.59,25.24,13.2811
14701.59,31.05,13.2812
14702.59,25.3,13.2814
14703.59,25.18,13.2814
14704.6,25.28,13.2814
14705.6,25.18,13.2814
14706.6,25.17,13.2814
14707.6,25.29,13.2814
14708.6,25.18,13.2814
14709.6,25.28,13.2814
14710.61,25.17,13.2814
14711.61,30.0,13.2815
14712.61,25.2,13.2815
14713.61,25.18,13.2815
14714.61,25.26,13.2815
14715.61,25.17,13.2815
14716.62,25.23,13.2815
14717.62,25.12,13.2815
14718.62,25.16,13.2815
14719.62,25.28,13.2815
14720.62,25.16,13.2815
14721.62,28.87,13.2816
14722.63,25.2,13.2816
14723.63,25.17,13.2816
14724.63,25.29,13.2816
14725.63,25.18,13.2816
14726.63,25.26,13.2816
14727.63,25.19,13.2816
14728.64,25.18,13.2816
14729.64,25.3,13.2816
14730.64,28.78,13.2816
14731.64,25.25,13.2816
14732.64,25.2,13.2817
14733.64,25.18,13.2817
14734.65,25.3,13.2817
14735.65,25.18,13.2817
14736.65,25.28,13.2817
14737.65,25.13,13.2817
14738.65,25.13,13.2817
14739.65,25.22,13.2817
14740.66,28.66,13.2819
14741.66,25.27,13.2819
14742.66,25.2,13.2819
14743.66,25.17,13.2819
14744.66,25.24,13.2819
14745.66,25.17,13.2819
14746.67,25.28,13.2819
14747.67,25.19,13.2819
14748.67,25.27,13.2819
14749.67,25.18,13.2819
14750.67,28.82,13.2819
14751.67,25.28,13.2819
14752.68,25.2,13.282
14753.68,25.27,13.282
14754.68,25.17,13.282
14755.68,25.17,13.282
14756.68,25.28,13.282
14757.68,25.18,13.282
14758.69,25.28,13.282
14759.69,25.17,13.282
14760.69,25.28,13.282
14761.69,29.66,13.282
14762.69,25.2,13.2821
14763.69,25.27,13.2821
14764.7,25.17,13.2821
14765.7,25.27,13.2821
14766.7,25.19,13.2821
14767.7,25.19,13.2821
14768.7,25.28,13.2821
14769.7,25.14,13.2821
14770.7,25.24,13.2821
14771.71,31.41,13.2821
14772.71,25.17,13.2821
14773.71,25.24,13.2822
14774.71,25.17,13.2822
14775.71,25.27,13.2822
14776.71,25.18,13.2822
14777.72,25.18,13.2822
14778.72,25.29,13.2822
14779.72,25.18,13.2822
14780.72,25.17,13.2822
14781.72,29.74,13.2822
14782.72,25.2,13.2823
14783.73,25.27,13.2823
14784.73,25.18,13.2823
14785.73,25.27,13.2823
14786.73,25.18,13.2823
14787.73,25.19,13.2823
14788.73,25.28,13.2823
14789.73,25.21,13.2823
14790.74,28.77,13.2825
14791.74,25.29,13.2825
14792.74,25.19,13.2824
14793.74,25.17,13.2824
14794.74,25.26,13.2824
14795.74,25.17,13.2824
14796.74,25.28,13.2824
14797.75,25.19,13.2824
14798.75,25.19,13.2824
14799.75,25.28,13.2824
14800.75,28.82,13.2826
14801.75,25.28,13.2826
14802.75,25.2,13.2826
14803.76,25.18,13.2826
14804.76,25.27,13.2827
14805.76,25.18,13.2827
14806.76,25.28,13.2827
14807.76,25.19,13.2827
14808.76,25.28,13.2827
14809.77,25.18,13.2827
14810.77,25.73,13.2827
14811.77,28.35,13.2828
14812.77,25.2,13.2828
14813.77,25.18,13.2828
14814.77,25.23,13.2828
14815.78,25.1,13.2828
14816.78,25.2,13.2828
14817.78,25.15,13.2828
14818.78,25.17,13.2828
14819.78,25.28,13.2828
14820.78,25.18,13.2828
14821.78,28.81,13.2828
14822.79,25.19,13.2829
14823.79,25.12,13.2829
14824.79,25.22,13.2829
14825.79,25.12,13.2829
14826.79,25.22,13.2829
14827.79,25.16,13.2829
14828.8,25.18,13.2829
14829.8,25.22,13.2829
14830.8,25.13,13.2829
14831.8,29.98,13.2834
14832.8,25.21,13.2834
14833.8,25.28,13.2834
14834.81,25.17,13.2834
14835.81,25.18,13.2834
14836.81,25.27,13.2834
14837.81,25.19,13.2834
14838.81,25.28,13.2834
14839.81,25.17,13.2834
14840.82,31.05,13.2834
14841.82,25.28,13.2834
14842.82,25.2,13.2834
14843.82,25.28,13.2834
14844.82,25.17,13.2834
14845.82,25.18,13.2834
14846.83,25.27,13.2834
14847.83,25.18,13.2834
14848.83,25.28,13.2834
14849.83,25.17,13.2834
14850.83,29.72,13.2834
14851.83,25.2,13.2834
14852.84,25.2,13.2835
14853.84,25.28,13.2835
14854.84,25.18,13.2835
14855.84,25.18,13.2835
14856.84,25.29,13.2835
14857.84,25.19,13.2835
14858.84,25.28,13.2835
14859.85,25.18,13.2835
14860.85,28.83,13.2838
14861.85,25.3,13.2838
14862.85,25.19,13.2838
14863.85,25.18,13.2838
14864.85,25.27,13.2838
14865.86,25.17,13.2838
14866.86,25.3,13.2838
14867.86,25.17,13.2838
14868.86,25.17,13.2838
14869.86,25.27,13.2838
14870.86,28.79,13.284
14871.86,25.29,13.284
14872.87,25.19,13.284
14873.87,25.17,13.284
14874.87,25.27,13.284
14875.87,25.17,13.284
14876.87,25.28,13.284
14877.87,25.17,13.284
14878.88,25.12,13.284
14879.88,25.22,13.284
14880.88,25.12,13.284
14881.88,28.91,13.284
14882.88,25.15,13.284
14883.88,25.24,13.284
14884.89,25.14,13.284
14885.89,25.13,13.284
14886.89,25.23,13.284
14887.89,25.16,13.284
14888.89,25.29,13.284
14889.89,25.18,13.284
14890.9,25.18,13.284
14891.9,28.97,13.284
14892.9,25.2,13.2841
14893.9,25.29,13.2841
14894.9,25.18,13.2841
14895.9,25.2,13.2841
14896.9,25.29,13.2841
14897.91,25.18,13.2841
14898.91,25.18,13.2841
14899.91,25.28,13.2841
14900.91,25.18,13.2841
14901.91,30.41,13.2843
14902.91,25.2,13.2843
14903.92,25.29,13.2843
14904.92,25.19,13.2843
14905.92,25.19,13.2843
14906.92,25.32,13.2843
14907.92,25.17,13.2843
14908.92,25.18,13.2843
14909.93,25.27,13.2843
14910.93,25.17,13.2843
14911.93,31.42,13.2845
14912.93,25.19,13.2845
14913.93,25.19,13.2845
14914.93,25.28,13.2845
14915.93,25.17,13.2845
14916.94,25.27,13.2845
14917.94,25.18,13.2845
14918.94,25.19,13.2845
14919.94,25.27,13.2845
14920.94,25.18,13.2845
14921.95,29.3,13.2846
14922.95,25.19,13.2846
14923.95,25.29,13.2846
14924.95,25.12,13.2846
14925.95,25.15,13.2846
14926.95,25.28,13.2846
14927.96,25.17,13.2846
14928.96,25.28,13.2846
14929.96,25.17,13.2846
14930.96,28.68,13.2847
14931.96,25.28,13.2847
14932.96,25.19,13.2847
14933.96,25.27,13.2847
14934.97,25.19,13.2847
14935.97,25.18,13.2847
14936.97,25.29,13.2847
14937.97,25.18,13.2847
14938.97,25.29,13.2847
14939.97,25.18,13.2847
14940.98,28.86,13.2847
14941.98,25.29,13.2847
14942.98,25.18,13.2849
14943.98,25.27,13.2849
14944.98,25.17,13.2849
14945.98,25.17,13.2849
14946.98,25.3,13.2849
14947.99,25.17,13.2849
14948.99,25.14,13.2849
14949.99,25.3,13.2849
14950.99,25.17,13.2849
14951.99,28.8,13.2849
14952.99,25.2,13.2849
14954.0,25.19,13.2849
14955.0,25.29,13.2849
14956.0,25.2,13.2849
14957.0,25.3,13.2849
14958.0,25.19,13.2849
14959.0,25.19,13.2849
14960.01,25.27,13.2849
14961.01,25.18,13.2849
14962.01,28.84,13.2849
14963.01,25.84,13.2849
14964.01,25.29,13.2849
14965.01,25.19,13.2849
14966.02,25.19,13.2849
14967.02,25.26,13.2849
14968.02,25.13,13.2849
14969.02,25.23,13.2849
14970.02,25.14,13.2849
14971.02,30.38,13.285
14972.03,25.28,13.285
14973.03,25.2,13.285
14974.03,25.29,13.285
14975.03,25.19,13.285
14976.03,25.18,13.285
14977.03,25.3,13.285
14978.04,25.18,13.285
14979.04,25.25,13.285
14980.04,25.14,13.285
14981.04,25.41,13.285
14982.04,30.99,13.2851
14983.04,25.2,13.2851
14984.04,25.29,13.2851
14985.05,25.18,13.2851
14986.05,25.18,13.2851
14987.05,25.25,13.2851
14988.05,25.28,13.2851
14989.05,25.18,13.2851
14990.06,25.18,13.2851
14991.06,25.27,13.2851
14992.06,29.03,13.2851
14993.06,25.29,13.2851
14994.06,25.18,13.2851
14995.06,25.27,13.2851
14996.07,25.18,13.2851
14997.07,25.18,13.2851
14998.07,25.27,13.2851
14999.07,25.12,13.2851
15000.07,25.28,13.2851
15001.07,28.83,13.2851
15002.08,25.18,13.2851
15003.08,25.29,13.2852
15004.08,25.2,13.2852
15005.08,25.28,13.2852
15006.08,25.19,13.2852
15007.08,25.22,13.2852
15008.09,25.13,13.2852
15009.09,25.18,13.2852
15010.09,25.27,13.2852
15011.09,28.79,13.2855
15012.09,25.29,13.2855
15013.09,25.19,13.2855
15014.1,25.15,13.2855
15015.1,25.23,13.2855
15016.1,25.19,13.2855
15017.1,25.31,13.2855
15018.1,25.21,13.2855
15019.1,25.13,13.2855
15020.1,25.24,13.2855
15021.11,25.14,13.2855
15022.11,28.82,13.2855
15023.11,25.19,13.2856
15024.11,25.15,13.2856
15025.11,25.28,13.2856
15026.12,25.24,13.2856
15027.12,25.14,13.2856
15028.12,25.14,13.2856
15029.12,25.24,13.2856
15030.12,25.14,13.2857
15031.12,25.24,13.2857
15032.13,28.81,13.2857
15033.13,25.14,13.2857
15034.13,25.29,13.2857
15035.13,25.13,13.2857
15036.13,25.18,13.2857
15037.13,25.31,13.2857
15038.13,25.16,13.2857
15039.14,25.16,13.2857
15040.14,25.27,13.2857
15041.14,25.15,13.2857
15042.14,30.94,13.2857
15043.14,25.18,13.2858
15044.14,25.17,13.2858
15045.14,25.3,13.2858
15046.15,25.17,13.2858
15047.15,25.26,13.2858
15048.15,25.17,13.2858
15049.15,25.17,13.2858
15050.15,25.28,13.2858
15051.16,25.17,13.2858
15052.16,30.85,13.2858
15053.16,25.19,13.2858
15054.16,25.17,13.2858
15055.16,25.27,13.2858
15056.16,25.19,13.2858
15057.17,25.29,13.2858
15058.17,25.17,13.2858
15059.17,25.27,13.2858
15060.17,25.18,13.2858
15061.17,25.18,13.2858
15062.17,29.14,13.286
15063.17,25.21,13.2861
15064.18,25.16,13.2861
15065.18,25.29,13.2861
15066.18,25.19,13.2861
15067.18,25.19,13.2861
15068.18,25.24,13.2861
15069.18,25.16,13.2861
15070.18,25.21,13.2861
15071.19,25.29,13.2861
15072.19,28.83,13.2861
15073.19,25.31,13.2861
15074.19,25.18,13.2861
15075.19,25.19,13.2861
15076.19,25.29,13.2861
15077.19,25.25,13.2861
15078.2,25.26,13.2861
15079.2,25.18,13.2861
15080.2,25.19,13.2861
15081.2,25.28,13.2861
15082.2,28.69,13.2861
15083.21,25.29,13.2862
15084.21,25.18,13.2862
15085.21,25.27,13.2862
15086.21,25.17,13.2862
15087.21,25.28,13.2862
15088.21,25.18,13.2862
15089.22,25.18,13.2862
15090.22,25.31,13.2862
15091.22,25.18,13.2862
15092.22,25.27,13.2862
15093.22,28.79,13.2867
15094.22,25.17,13.2867
15095.23,25.29,13.2867
15096.23,25.19,13.2867
15097.23,25.28,13.2867
15098.23,25.19,13.2867
15099.23,25.2,13.2867
15100.23,25.3,13.2867
15101.24,25.19,13.2867
15102.24,25.31,13.2867
15103.24,25.2,13.2867
15104.24,29.39,13.2868
15105.24,25.29,13.2869
15106.24,25.18,13.2869
15107.24,25.28,13.2869
15108.25,25.19,13.2869
15109.25,25.22,13.2869
15110.25,25.25,13.2869
15111.25,25.19,13.2869
15112.25,25.29,13.2869
15113.25,25.21,13.2869
15114.26,30.94,13.2871
15115.26,25.29,13.2871
15116.26,25.21,13.2871
15117.26,25.3,13.2871
15118.26,25.15,13.2871
15119.26,25.14,13.2871
15120.27,25.26,13.2871
15121.27,25.18,13.2871
15122.27,25.27,13.2871
15123.27,25.15,13.2871
15124.27,30.13,13.2873
15125.27,25.28,13.2873
15126.28,25.18,13.2873
15127.28,25.29,13.2873
15128.28,25.13,13.2873
15129.28,25.15,13.2873
15130.28,25.28,13.2873
15131.28,25.19,13.2873
15132.29,25.27,13.2873
15133.29,28.68,13.2873
15134.29,25.19,13.2873
15135.29,25.29,13.2873
15136.29,25.18,13.2873
15137.29,25.29,13.2873
15138.29,25.14,13.2873
15139.3,25.23,13.2873
15140.3,25.13,13.2873
15141.3,25.13,13.2873
15142.3,25.31,13.2873
15143.3,28.79,13.2873
15144.3,25.19,13.2873
15145.3,25.31,13.2873
15146.31,25.21,13.2873
15147.31,25.26,13.2873
15148.31,25.16,13.2873
15149.31,25.15,13.2873
15150.31,25.3,13.2873
15151.31,25.18,13.2873
15152.32,25.22,13.2873
15153.32,28.64,13.2875
15154.32,25.18,13.2875
15155.32,25.3,13.2875
15156.32,25.19,13.2875
15157.33,25.22,13.2875
15158.33,25.17,13.2875
15159.33,25.29,13.2875
15160.33,25.19,13.2875
15161.33,25.18,13.2875
15162.33,25.24,13.2875
15163.34,25.44,13.2875
15164.34,28.52,13.2875
15165.34,25.13,13.2875
15166.34,25.14,13.2875
15167.34,25.25,13.2875
15168.34,25.14,13.2875
15169.34,25.15,13.2875
15170.35,25.26,13.2875
15171.35,25.18,13.2875
15172.35,25.29,13.2875
15173.35,25.15,13.2877
15174.35,29.71,13.2877
15175.35,25.26,13.2877
15176.36,25.18,13.2877
15177.36,25.29,13.2877
15178.36,25.2,13.2877
15179.36,25.17,13.2877
15180.36,25.29,13.2877
15181.36,25.18,13.2878
15182.36,25.27,13.2878
15183.37,25.17,13.2878
15184.37,31.06,13.2878
15185.37,25.28,13.2878
15186.37,25.16,13.2878
15187.37,25.28,13.2878
15188.37,25.18,13.2878
15189.38,25.18,13.2878
15190.38,25.28,13.2878
15191.38,25.18,13.2878
15192.38,25.21,13.2878
15193.38,29.92,13.2878
15194.38,25.16,13.2878
15195.39,25.27,13.2878
15196.39,25.18,13.2878
15197.39,25.28,13.2878
15198.39,25.18,13.2878
15199.39,25.18,13.2878
15200.39,25.3,13.2879
15201.4,25.17,13.2879
15202.4,25.28,13.2879
15203.4,25.19,13.2879
15204.4,28.64,13.2879
15205.4,25.27,13.2879
15206.4,25.11,13.2879
15207.4,25.23,13.2879
15208.41,25.19,13.2879
15209.41,25.19,13.2879
15210.41,25.31,13.2879
15211.41,25.19,13.2879
15212.41,25.2,13.2879
15213.41,28.9,13.288
15214.42,25.18,13.288
15215.42,25.28,13.288
15216.42,25.17,13.288
15217.42,25.28,13.288
15218.42,25.19,13.288
15219.42,25.18,13.288
15220.42,25.28,13.288
15221.43,25.18,13.288
15222.43,25.18,13.288
15223.43,25.3,13.2881
15224.43,28.78,13.2882
15225.43,25.29,13.2882
15226.43,25.22,13.2882
15227.44,25.19,13.2882
15228.44,25.27,13.2882
15229.44,25.18,13.2882
15230.44,25.17,13.2882
15231.44,25.28,13.2882
15232.44,25.19,13.2882
15233.45,25.3,13.2882
15234.45,28.73,13.2882
15235.45,25.26,13.2882
15236.45,25.17,13.2882
15237.45,25.17,13.2882
15238.45,25.28,13.2882
15239.45,25.17,13.2882
15240.46,25.19,13.2882
15241.46,25.29,13.2882
15242.46,25.18,13.2882
15243.46,25.29,13.2882
15244.46,29.87,13.2885
15245.46,25.18,13.2885
15246.47,25.29,13.2885
15247.47,25.19,13.2885
15248.47,25.23,13.2885
15249.47,25.17,13.2885
15250.47,25.23,13.2885
15251.47,25.18,13.2885
15252.48,25.14,13.2885
15253.48,25.25,13.2885
15254.48,31.04,13.2885
15255.48,25.29,13.2885
15256.48,25.17,13.2885
15257.48,25.18,13.2885
15258.49,25.28,13.2885
15259.49,25.18,13.2885
15260.49,25.29,13.2885
15261.49,25.19,13.2885
15262.49,25.2,13.2885
15263.49,25.28,13.2885
15264.5,29.67,13.2886
15265.5,25.28,13.2886
15266.5,25.19,13.2886
15267.5,25.29,13.2886
15268.5,25.19,13.2886
15269.5,25.18,13.2886
15270.51,25.27,13.2886
15271.51,25.16,13.2886
15272.51,25.26,13.2886
15273.51,25.17,13.2887
15274.51,28.65,13.2887
15275.51,25.28,13.2887
15276.52,25.19,13.2887
15277.52,25.29,13.2887
15278.52,25.18,13.2887
15279.52,25.29,13.2887
15280.52,25.18,13.2887
15281.52,25.19,13.2887
15282.53,25.28,13.2887
15283.53,25.16,13.2887
15284.53,25.24,13.2887
15285.53,28.67,13.2887
15286.53,25.13,13.2887
15287.53,25.25,13.2887
15288.54,25.13,13.2887
15289.54,25.24,13.2887
15290.54,25.18,13.2887
15291.54,25.19,13.2887
15292.54,25.29,13.2887
15293.54,25.2,13.2887
15294.54,25.29,13.2887
15295.55,28.68,13.2889
15296.55,25.17,13.2889
15297.55,25.29,13.2889
15298.55,25.2,13.2889
15299.55,25.15,13.2889
15300.55,25.28,13.2889
15301.56,25.18,13.2889
15302.56,25.27,13.289
15303.56,25.16,13.289
15304.56,25.18,13.289
15305.56,28.94,13.2891
15306.56,25.21,13.2891
15307.56,25.19,13.2891
15308.56,25.28,13.2891
15309.57,25.2,13.2891
15310.57,25.18,13.2891
15311.57,25.33,13.2891
15312.57,25.19,13.2891
15313.57,25.28,13.2891
15314.57,30.08,13.2893
15315.58,25.19,13.2893
15316.58,25.25,13.2893
15317.58,25.13,13.2893
15318.58,25.22,13.2893
15319.58,25.13,13.2893
15320.58,25.28,13.2893
15321.59,25.18,13.2893
15322.59,25.2,13.2893
15323.59,25.28,13.2893
15324.59,31.37,13.2894
15325.59,25.28,13.2894
15326.59,25.18,13.2894
15327.6,25.26,13.2894
15328.6,25.16,13.2894
15329.6,25.17,13.2894
15330.6,25.24,13.2894
15331.6,25.13,13.2894
15332.6,25.25,13.2895
15333.61,25.13,13.2895
15334.61,29.4,13.2895
15335.61,25.29,13.2895
15336.61,25.15,13.2895
15337.61,25.26,13.2895
15338.62,25.18,13.2895
15339.62,25.29,13.2895
15340.62,25.14,13.2895
15341.62,25.13,13.2895
15342.62,25.25,13.2895
15343.62,28.66,13.2897
15344.62,25.27,13.2897
15345.63,25.17,13.2897
15346.63,25.18,13.2897
15347.63,25.28,13.2897
15348.63,25.18,13.2897
15349.63,25.28,13.2897
15350.63,25.18,13.2897
15351.64,25.28,13.2897
15352.64,25.2,13.2898
15353.64,28.83,13.2898
15354.64,25.28,13.2898
15355.64,25.17,13.2898
15356.64,25.28,13.2898
15357.65,25.18,13.2898
15358.65,25.18,13.2898
15359.65,25.27,13.2898
15360.65,25.18,13.2898
15361.65,25.28,13.2898
15362.65,25.19,13.2898
15363.66,25.16,13.2898
15364.66,28.85,13.2898
15365.66,25.17,13.2898
15366.66,25.28,13.2899
15367.66,25.18,13.2899
15368.66,25.57,13.2899
15369.67,25.44,13.2899
15370.67,25.17,13.2899
15371.67,25.28,13.2899
15372.67,25.2,13.29
15373.67,25.18,13.29
15374.67,78.85,2.5027
15375.67,81.16,2.8062
15376.68,75.99,3.1049
15377.68,90.04,3.2448
15378.68,85.58,3.4602
15379.68,82.63,3.7817
15380.68,77.55,4.1495
15381.68,77.67,4.4781
15382.68,77.08,4.7357
15383.69,75.88,4.9724
15384.69,75.78,5.2224
15385.69,77.04,5.5211
15386.69,52.54,6.4738
15387.69,29.31,7.3486
15388.69,99.9,8.5779
15389.7,97.15,9.3255
15390.7,27.16,9.3255
15391.7,25.18,9.3255
15392.7,76.81,9.3255
15393.7,77.47,9.3265
15394.7,76.3,9.4225
15395.7,75.22,9.4282
15396.7,77.53,9.431
15397.71,69.45,9.4311
15398.71,53.78,9.4311
15399.71,49.4,9.4312
15400.71,48.97,9.4312
15401.71,49.54,9.4312
15402.72,30.73,9.4314
15403.72,35.38,9.5595
15404.72,99.88,10.605
15405.72,99.97,11.2972
15406.72,100.17,11.9833
15407.72,70.42,12.2152
15408.73,26.3,12.3154
15409.73,32.8,12.3154
15410.73,27.69,12.3154
15411.73,40.56,12.3154
15412.73,28.14,12.3154
15413.73,26.69,12.3154
15414.74,31.48,12.3154
15415.74,28.64,12.3154
15416.74,26.2,12.3154
15417.74,27.56,12.3154
15418.74,25.42,12.3154
15419.74,26.0,12.3154
15420.75,32.69,12.3154
15421.75,32.53,12.3154
15422.75,34.46,12.3156
15423.75,38.39,12.3156
15424.75,29.63,12.3156
15425.75,29.13,12.3156
15426.76,25.79,12.3156
15427.76,28.59,12.3156
15428.76,25.46,12.3156
15429.76,28.78,12.3156
15430.76,25.26,12.3156
15431.76,26.99,12.3156
15432.77,25.31,12.3156
15433.77,25.3,12.3156
15434.77,25.41,12.3155
15435.77,25.29,12.3155
15436.77,28.04,12.3155
15437.78,25.25,12.3155
15438.78,27.27,12.3155
15439.78,25.2,12.3155
15440.78,25.9,12.3155
15441.78,25.18,12.3155
15442.78,25.54,12.3155
15443.79,26.21,12.3155
15444.79,25.38,12.3155
15445.79,25.31,12.3155
15446.79,25.32,12.3155
15447.79,25.34,12.3155
15448.79,25.26,12.3155
15449.8,25.22,12.3155
15450.8,26.05,12.3155
15451.8,25.7,12.3155
15452.8,25.36,12.3156
15453.8,31.88,12.3156
15454.8,25.21,12.3156
15455.81,25.32,12.3156
15456.81,26.61,12.3156
15457.81,25.32,12.3156
15458.81,25.23,12.3156
15459.81,25.32,12.3156
15460.81,25.25,12.3156
15461.82,39.05,12.3156
15462.82,100.21,12.3822
15463.82,90.97,12.4262
15464.82,25.14,12.4262
15465.82,25.44,12.4262
15466.82,26.22,12.4262
15467.82,25.25,12.4262
15468.83,25.22,12.4262
15469.83,25.25,12.4262
15470.83,25.42,12.4262
15471.83,25.21,12.4262
15472.83,25.34,12.4262
15473.83,26.11,12.4262
15474.84,25.21,12.4262
15475.84,25.31,12.4262
15476.84,25.82,12.4262
15477.84,25.31,12.4262
15478.84,25.22,12.4262
15479.84,25.58,12.4262
15480.85,25.31,12.4262
15481.85,25.22,12.4262
15482.85,25.33,12.4262
15483.85,25.21,12.4262
15484.85,25.31,12.4262
15485.85,25.3,12.4262
15486.86,25.34,12.4262
15487.86,63.76,12.4262
15488.86,69.72,12.4267
15489.86,37.44,12.4267
15490.86,30.08,12.4267
15491.86,25.24,12.4267
15492.86,48.5,12.4273
15493.87,99.82,12.4437
15494.87,72.21,12.446
15495.87,25.31,12.446
15496.87,25.2,12.446
15497.87,25.29,12.446
15498.87,25.29,12.446
15499.88,25.24,12.446
15500.88,98.05,12.4463
15501.88,69.25,12.4465
15502.88,25.96,12.4466
15503.88,25.24,12.4466
15504.88,25.19,12.4466
15505.88,25.32,12.4466
15506.89,39.14,12.4466
15507.89,100.07,12.4545
15508.89,49.58,12.4545
15509.89,25.17,12.4545
15510.89,37.14,12.5702
15511.89,99.91,13.1522
15512.9,55.9,13.1522
15513.9,25.18,13.1522
15514.9,41.94,13.2903
15515.9,25.16,13.2903
15516.9,25.18,13.2903
15517.91,28.95,13.2904
15518.91,25.19,13.2904
15519.91,25.28,13.2904
15520.91,28.76,13.2905
15521.91,25.23,13.2905
15522.91,29.61,13.2905
15523.92,28.86,13.2909
15524.92,25.22,13.2909
15525.92,25.18,13.2909
15526.92,28.98,13.2909
15527.92,25.11,13.2909
15528.92,25.12,13.2909
15529.93,28.87,13.2909
15530.93,25.12,13.2909
15531.93,26.36,13.2909
15532.93,27.64,13.291
15533.93,25.18,13.291
15534.93,28.96,13.2911
15535.94,25.18,13.2911
15536.94,28.89,13.2911
15537.94,25.17,13.2911
15538.94,25.18,13.2911
15539.94,29.02,13.2911
15540.94,25.28,13.2911
15541.94,28.89,13.2913
15542.94,25.31,13.2913
15543.95,25.17,13.2913
15544.95,28.91,13.2913
15545.95,25.3,13.2913
15546.95,28.89,13.2914
15547.95,25.17,13.2914
15548.95,25.28,13.2914
15549.96,25.18,13.2914
15550.96,28.9,13.2915
15551.96,25.19,13.2915
15552.96,25.19,13.2915
15553.96,29.28,13.2916
15554.96,25.17,13.2916
15555.96,25.17,13.2915
15556.97,25.26,13.2915
15557.97,29.81,13.2916
15558.97,25.28,13.2916
15559.97,25.18,13.2916
15560.97,29.48,13.2916
15561.97,25.28,13.2916
15562.98,25.16,13.2918
15563.98,25.24,13.2918
15564.98,25.18,13.2918
15565.98,30.15,13.2919
15566.98,25.29,13.2919
15567.98,25.18,13.2919
15568.98,25.18,13.2919
15569.99,29.9,13.2919
15570.99,25.18,13.2919
15571.99,25.29,13.2919
15572.99,25.19,13.2919
15573.99,29.04,13.292
15574.99,25.23,13.292
15575.99,25.16,13.292
15577.0,25.19,13.292
15578.0,25.27,13.292
15579.0,25.19,13.292
15580.0,28.87,13.292
15581.0,25.18,13.292
15582.0,25.19,13.292
15583.01,25.28,13.2921
15584.01,28.84,13.2921
15585.01,25.28,13.2921
15586.01,25.2,13.2921
15587.01,25.18,13.2921
15588.01,25.23,13.2921
15589.02,28.75,13.2921
15590.02,25.28,13.2921
15591.02,25.18,13.2921
15592.02,26.04,13.2921
15593.02,25.19,13.2921
15594.02,25.18,13.2921
15595.03,28.82,13.2922
15596.03,25.82,13.2922
15597.03,25.31,13.2922
15598.03,25.14,13.2922
15599.03,25.25,13.2922
15600.03,25.18,13.2922
15601.04,28.81,13.2924
15602.04,25.31,13.2924
15603.04,25.16,13.2924
15604.04,25.3,13.2924
15605.04,25.18,13.2924
15606.04,25.17,13.2924
15607.05,28.99,13.2924
15608.05,25.14,13.2924
15609.05,25.29,13.2924
15610.05,25.19,13.2924
15611.05,25.28,13.2924
15612.05,25.19,13.2924
15613.06,28.87,13.2925
15614.06,25.18,13.2925
15615.06,25.2,13.2925
15616.06,25.25,13.2925
15617.06,25.13,13.2925
15618.06,25.12,13.2925
15619.06,29.28,13.2927
15620.07,25.12,13.2927
15621.07,25.13,13.2927
15622.07,25.26,13.2927
15623.07,25.14,13.2927
15624.07,25.14,13.2927
15625.07,30.17,13.2927
15626.07,25.17,13.2927
15627.08,25.13,13.2927
15628.08,25.25,13.2927
15629.08,25.12,13.2927
15630.08,25.13,13.2927
15631.08,30.7,13.2927
15632.09,25.19,13.2927
15633.09,25.26,13.2927
15634.09,25.18,13.2927
15635.09,25.18,13.2927
15636.09,25.3,13.2927
15637.09,29.88,13.2927
15638.1,25.25,13.2927
15639.1,25.19,13.2927
15640.1,25.18,13.2927
15641.1,25.3,13.2927
15642.1,25.2,13.2927
15643.11,25.22,13.2929
15644.11,29.0,13.2929
15645.11,25.28,13.2929
15646.11,25.18,13.2929
15647.11,25.29,13.2929
15648.11,25.17,13.2929
15649.12,25.18,13.2929
15650.12,28.96,13.293
15651.12,25.18,13.293
15652.12,25.29,13.293
15653.12,25.16,13.293
15654.12,25.29,13.293
15655.13,25.18,13.293
15656.13,25.18,13.293
15657.13,29.01,13.293
15658.13,25.16,13.293
15659.13,25.18,13.293
15660.13,25.28,13.293
15661.14,25.17,13.293
15662.14,25.3,13.293
15663.14,25.17,13.293
15664.14,28.99,13.293
15665.14,25.28,13.293
15666.14,25.23,13.2924
15667.15,25.29,13.2924
15668.15,25.15,13.2924
15669.15,25.29,13.2924
15670.15,25.18,13.2924
15671.15,25.18,13.2924
15672.15,28.97,13.2929
15673.16,25.21,13.2928
15674.16,25.28,13.2928
15675.16,25.18,13.2928
15676.16,25.18,13.2928
15677.16,25.29,13.2928
15678.16,25.17,13.2928
15679.16,28.98,13.2929
15680.17,25.17,13.2929
15681.17,25.2,13.2929
15682.17,25.27,13.2929
15683.17,25.16,13.2929
15684.17,25.16,13.2929
15685.17,25.27,13.2929
15686.18,28.77,13.2929
15687.18,25.3,13.2929
15688.18,25.17,13.2929
15689.18,25.18,13.2929
15690.18,25.3,13.2929
15691.18,25.18,13.2929
15692.18,25.19,13.2929
15693.19,30.79,13.293
15694.19,25.19,13.293
15695.19,25.28,13.293
15696.19,25.18,13.293
15697.19,25.19,13.293
15698.19,25.27,13.293
15699.2,25.18,13.293
15700.2,30.66,13.2932
15701.2,25.18,13.2932
15702.2,25.19,13.2932
15703.2,25.27,13.2932
15704.2,25.15,13.2932
15705.2,25.25,13.2932
15706.21,25.17,13.2932
15707.21,29.67,13.2932
15708.21,25.21,13.2932
15709.21,25.14,13.2932
15710.21,25.28,13.2932
15711.21,25.16,13.2932
15712.21,25.16,13.2932
15713.22,25.23,13.2932
15714.22,28.81,13.2933
15715.22,25.23,13.2933
15716.22,25.13,13.2933
15717.22,25.17,13.2933
15718.22,25.29,13.2933
15719.23,25.17,13.2933
15720.23,25.17,13.2933
15721.23,28.89,13.2934
15722.23,25.18,13.2934
15723.23,25.19,13.2935
15724.23,25.31,13.2935
15725.23,25.18,13.2935
15726.24,25.18,13.2935
15727.24,25.31,13.2935
15728.24,28.85,13.2935
15729.24,25.29,13.2935
15730.24,25.18,13.2935
15731.24,25.18,13.2935
15732.24,25.31,13.2935
15733.25,25.21,13.2935
15734.25,25.16,13.2935
15735.25,25.3,13.2935
15736.25,28.75,13.2935
15737.25,25.18,13.2935
15738.25,25.24,13.2935
15739.26,25.27,13.2935
15740.26,25.18,13.2935
15741.26,25.18,13.2935
15742.26,25.3,13.2935
15743.26,25.19,13.2935
15744.26,28.96,13.2935
15745.27,25.18,13.2935
15746.27,25.18,13.2935
15747.27,25.27,13.2935
15748.27,25.14,13.2935
15749.27,25.29,13.2935
15750.27,25.17,13.2935
15751.28,25.17,13.2935
15752.28,28.94,13.2935
15753.28,25.16,13.2936
15754.28,25.2,13.2936
15755.28,25.28,13.2936
15756.28,25.18,13.2936
15757.29,25.29,13.2936
15758.29,25.16,13.2936
15759.29,29.88,13.2936
15760.29,25.18,13.2936
15761.29,25.28,13.2936
15762.29,25.16,13.2936
15763.3,25.14,13.2936
15764.3,25.24,13.2936
15765.3,25.14,13.2936
15766.3,30.86,13.2938
15767.3,25.13,13.2938
15768.3,25.22,13.2938
15769.31,25.12,13.2938
15770.31,25.18,13.2938
15771.31,25.3,13.2938
15772.31,25.19,13.2938
15773.31,30.21,13.2939
15774.31,25.17,13.2939
15775.32,25.19,13.2939
15776.32,25.25,13.2939
15777.32,25.18,13.2939
15778.32,25.23,13.2939
15779.32,25.12,13.2939
15780.32,25.13,13.2939
15781.33,29.15,13.294
15782.33,25.19,13.294
15783.33,25.29,13.294
15784.33,25.18,13.294
15785.33,25.29,13.294
15786.33,25.19,13.294
15787.34,25.18,13.294
15788.34,25.27,13.294
15789.34,28.8,13.294
15790.34,25.18,13.294
15791.34,25.27,13.294
15792.34,25.19,13.294
15793.35,25.28,13.294
15794.35,25.18,13.294
15795.35,25.28,13.294
15796.35,28.88,13.2941
15797.35,25.17,13.2941
15798.35,25.26,13.2941
15799.36,25.16,13.2941
15800.36,25.27,13.2941
15801.36,25.18,13.2941
15802.36,25.19,13.2941
15803.36,25.3,13.2941
15804.36,25.18,13.2941
15805.37,28.94,13.2942
15806.37,25.18,13.2942
15807.37,25.29,13.2942
15808.37,25.18,13.2942
15809.37,25.18,13.2942
15810.37,25.28,13.2942
15811.38,25.18,13.2942
15812.38,28.99,13.2943
15813.38,25.19,13.2943
15814.38,25.17,13.2943
15815.38,25.28,13.2943
15816.38,25.18,13.2943
15817.39,25.29,13.2943
15818.39,25.18,13.2943
15819.39,25.29,13.2943
15820.39,25.18,13.2943
15821.39,28.82,13.2943
15822.39,25.3,13.2943
15823.4,25.2,13.2945
15824.4,25.28,13.2945
15825.4,25.19,13.2945
15826.4,25.18,13.2945
15827.4,25.29,13.2945
15828.4,30.0,13.2946
15829.41,25.28,13.2946
15830.41,25.17,13.2946
15831.41,25.22,13.2946
15832.41,25.14,13.2947
15833.41,25.14,13.2947
15834.41,25.22,13.2947
15835.42,25.12,13.2947
15836.42,30.61,13.2947
15837.42,25.19,13.2947
15838.42,25.18,13.2947
15839.42,25.37,13.2947
15840.42,25.18,13.2947
15841.42,25.28,13.2947
15842.43,25.19,13.2947
15843.43,30.12,13.2948
15844.43,25.27,13.2948
15845.43,25.17,13.2948
15846.43,25.26,13.2948
15847.43,25.19,13.2948
15848.44,25.28,13.2948
15849.44,25.18,13.2948
15850.44,25.18,13.2948
15851.44,29.19,13.295
15852.44,25.19,13.295
15853.44,25.28,13.295
15854.45,25.13,13.295
15855.45,25.13,13.295
15856.45,25.28,13.295
15857.45,25.2,13.295
15858.45,27.4,13.295
15859.45,26.71,13.295
15860.46,25.19,13.295
15861.46,25.28,13.295
15862.46,25.2,13.295
15863.46,25.29,13.295
15864.46,25.17,13.295
15865.46,25.18,13.295
15866.47,28.97,13.2951
15867.47,25.19,13.2951
15868.47,25.28,13.2951
15869.47,25.18,13.2951
15870.47,25.18,13.2951
15871.47,25.27,13.2951
15872.48,25.19,13.2951
15873.48,25.29,13.2951
15874.48,25.18,13.2951
15875.48,28.87,13.2952
15876.48,25.28,13.2952
15877.48,25.19,13.2952
15878.49,25.28,13.2952
15879.49,25.19,13.2952
15880.49,25.28,13.2952
15881.49,25.18,13.2952
15882.49,25.19,13.2952
15883.49,28.82,13.2952
15884.5,25.18,13.2952
15885.5,25.28,13.2952
15886.5,25.18,13.2952
15887.5,25.19,13.2952
15888.5,25.27,13.2952
15889.5,25.19,13.2952
15890.5,25.28,13.2952
15891.51,28.9,13.2953
15892.51,25.19,13.2953
15893.51,25.29,13.2953
15894.51,25.18,13.2953
15895.51,25.28,13.2953
15896.51,25.18,13.2953
15897.52,25.19,13.2953
15898.52,30.22,13.2954
15899.52,25.17,13.2954
15900.52,25.2,13.2954
15901.52,25.24,13.2954
15902.52,25.18,13.2954
15903.52,25.15,13.2956
15904.53,25.26,13.2956
15905.53,25.18,13.2956
15906.53,30.86,13.2956
15907.53,25.15,13.2956
15908.53,25.11,13.2956
15909.53,25.25,13.2956
15910.54,25.18,13.2956
15911.54,25.29,13.2956
15912.54,25.2,13.2956
15913.54,25.19,13.2956
15914.54,25.31,13.2956
15915.54,30.03,13.2956
15916.54,25.18,13.2956
15917.55,25.29,13.2956
15918.55,25.19,13.2956
15919.55,25.28,13.2956
15920.55,25.17,13.2956
15921.55,25.2,13.2956
15922.55,28.96,13.2957
15923.55,25.16,13.2957
15924.56,25.18,13.2957
15925.56,25.28,13.2957
15926.56,25.18,13.2957
15927.56,25.29,13.2957
15928.56,25.17,13.2957
15929.56,25.17,13.2957
15930.57,25.27,13.2957
15931.57,28.87,13.2958
15932.57,25.31,13.2958
15933.57,25.17,13.2958
15934.57,25.18,13.2958
15935.57,25.3,13.2958
15936.57,25.18,13.2958
15937.58,25.19,13.2958
15938.58,28.93,13.2959
15939.58,25.24,13.2959
15940.58,25.18,13.2959
15941.58,25.2,13.2959
15942.59,25.3,13.2959
15943.59,25.18,13.2959
15944.59,25.29,13.2959
15945.59,25.17,13.2959
15946.59,28.84,13.2959
15947.59,25.3,13.2959
15948.59,25.18,13.2959
15949.6,25.18,13.2959
15950.6,25.28,13.2959
15951.6,25.18,13.2959
15952.6,25.3,13.2961
15953.6,25.18,13.2961
15954.6,28.92,13.2962
15955.61,25.18,13.2962
15956.61,25.18,13.2962
15957.61,25.29,13.2962
15958.61,25.17,13.2962
15959.61,25.28,13.2962
15960.61,25.18,13.2962
15961.62,28.76,13.2963
15962.62,25.31,13.2963
15963.62,25.17,13.2963
15964.62,25.28,13.2963
15965.62,25.17,13.2963
15966.62,25.17,13.2963
15967.63,25.29,13.2963
15968.63,25.18,13.2963
15969.63,30.78,13.2963
15970.63,25.18,13.2963
15971.63,25.28,13.2963
15972.63,25.22,13.2963
15973.63,25.19,13.2963
15974.64,25.17,13.2963
15975.64,25.26,13.2963
15976.64,30.54,13.2963
15977.64,25.29,13.2963
15978.64,25.18,13.2963
15979.64,25.28,13.2963
15980.65,25.18,13.2963
15981.65,25.18,13.2963
15982.65,25.29,13.2964
15983.65,25.16,13.2964
15984.65,29.74,13.2967
15985.65,25.16,13.2967
15986.66,25.17,13.2967
15987.66,25.28,13.2967
15988.66,25.17,13.2967
15989.66,25.22,13.2967
15990.66,25.12,13.2967
15991.66,26.7,13.2967
15992.67,27.32,13.2967
15993.67,25.2,13.2967
15994.67,25.17,13.2967
15995.67,25.28,13.2967
15996.67,25.18,13.2967
15997.67,25.29,13.2967
15998.67,25.18,13.2967
15999.68,28.88,13.2968
16000.68,25.28,13.2968
16001.68,25.18,13.2968
16002.68,25.3,13.2968
16003.68,25.18,13.2968
16004.68,25.29,13.2968
16005.69,25.17,13.2968
16006.69,25.19,13.2969
16007.69,28.89,13.2969
16008.69,25.17,13.2969
16009.69,25.12,13.2969
16010.69,25.22,13.2969
16011.7,25.13,13.2969
16012.7,25.27,13.297
16013.7,25.17,13.297
16014.7,25.18,13.297
16015.7,28.98,13.297
16016.7,25.14,13.297
16017.71,25.29,13.297
16018.71,25.17,13.297
16019.71,25.28,13.297
16020.71,25.18,13.297
16021.71,25.17,13.297
16022.71,25.32,13.297
16023.71,25.2,13.297
16024.71,28.87,13.2971
16025.72,25.28,13.2971
16026.72,25.17,13.2971
16027.72,25.19,13.2971
16028.72,25.27,13.2971
16029.72,25.16,13.2971
16030.72,25.27,13.2971
16031.73,29.11,13.2971
16032.73,25.21,13.2971
16033.73,25.28,13.2971
16034.73,25.18,13.2971
16035.73,25.28,13.2971
16036.73,25.18,13.2971
16037.74,25.15,13.2971
16038.74,25.23,13.2971
16039.74,30.67,13.2971
16040.74,25.25,13.2971
16041.74,25.17,13.2971
16042.74,25.21,13.2973
16043.75,25.29,13.2973
16044.75,25.19,13.2973
16045.75,25.28,13.2973
16046.75,26.87,13.2973
16047.75,28.78,13.2975
16048.75,25.28,13.2975
16049.76,25.18,13.2975
16050.76,25.28,13.2975
16051.76,25.17,13.2975
16052.76,25.2,13.2975
16053.76,25.29,13.2975
16054.76,29.56,13.2975
16055.76,25.14,13.2975
16056.77,25.27,13.2975
16057.77,25.18,13.2975
16058.77,25.25,13.2975
16059.77,25.17,13.2975
16060.77,25.22,13.2975
16061.77,25.12,13.2975
16062.78,25.15,13.2975
16063.78,28.81,13.2976
16064.78,25.18,13.2976
16065.78,25.28,13.2976
16066.78,25.18,13.2976
16067.78,25.19,13.2976
16068.79,25.28,13.2976
16069.79,25.18,13.2976
16070.79,25.27,13.2976
16071.79,25.18,13.2976
16072.79,28.75,13.2976
16073.79,25.27,13.2976
16074.8,25.18,13.2976
16075.8,25.29,13.2976
16076.8,25.16,13.2976
16077.8,25.2,13.2976
16078.8,25.27,13.2976
16079.8,25.18,13.2976
16080.8,28.9,13.2976
16081.81,25.3,13.2976
16082.81,25.2,13.2976
16083.81,25.2,13.2976
16084.81,25.28,13.2976
16085.81,25.18,13.2976
16086.81,25.28,13.2976
16087.81,25.19,13.2977
16088.82,25.28,13.2977
16089.82,28.72,13.2979
16090.82,25.18,13.2979
16091.82,25.27,13.2979
16092.82,25.2,13.2979
16093.82,25.29,13.2979
16094.83,25.18,13.2979
16095.83,25.18,13.2979
16096.83,25.28,13.2979
16097.83,28.88,13.2979
16098.83,25.28,13.2979
16099.83,25.19,13.2979
16100.84,25.15,13.2979
16101.84,25.22,13.2979
16102.84,25.16,13.298
16103.84,25.22,13.298
16104.84,25.16,13.298
16105.84,30.08,13.298
16106.85,25.29,13.298
16107.85,25.18,13.298
16108.85,25.27,13.298
16109.85,25.17,13.298
16110.85,25.17,13.298
16111.85,25.3,13.298
16112.85,25.18,13.298
16113.86,30.84,13.2981
16114.86,25.29,13.2981
16115.86,25.18,13.2981
16116.86,25.29,13.2981
16117.86,25.18,13.2981
16118.86,25.19,13.2981
16119.87,25.29,13.2981
16120.87,25.18,13.2981
16121.87,30.19,13.2981
16122.87,25.2,13.2981
16123.87,25.28,13.2981
16124.87,25.18,13.2981
16125.88,25.17,13.2981
16126.88,25.29,13.2981
16127.88,25.15,13.2981
16128.88,25.28,13.2981
16129.88,28.89,13.2981
16130.88,25.17,13.2981
16131.88,25.31,13.2981
16132.89,25.2,13.2982
16133.89,25.26,13.2982
16134.89,25.18,13.2982
16135.89,25.18,13.2982
16136.89,25.29,13.2982
16137.9,28.79,13.2982
16138.9,25.28,13.2982
16139.9,25.17,13.2982
16140.9,25.17,13.2982
16141.9,25.29,13.2982
16142.9,25.19,13.2984
16143.91,25.25,13.2984
16144.91,25.18,13.2984
16145.91,25.27,13.2984
16146.91,28.89,13.2984
16147.91,25.18,13.2984
16148.91,25.3,13.2984
16149.92,25.18,13.2984
16150.92,25.29,13.2984
16151.92,25.18,13.2984
16152.92,25.19,13.2984
16153.92,25.27,13.2984
16154.92,25.17,13.2984
16155.92,28.9,13.2983
16156.93,25.19,13.2983
16157.93,25.2,13.2983
16158.93,25.25,13.2983
16159.93,25.18,13.2983
16160.93,25.29,13.2983
16161.93,25.2,13.2983
16162.94,25.2,13.2985
16163.94,25.28,13.2985
16164.94,28.86,13.2986
16165.94,25.27,13.2986
16166.94,25.2,13.2986
16167.94,25.28,13.2986
16168.95,25.18,13.2986
16169.95,25.17,13.2986
16170.95,25.26,13.2986
16171.95,25.18,13.2986
16172.95,29.81,13.2986
16173.95,25.24,13.2986
16174.96,25.18,13.2986
16175.96,25.27,13.2986
16176.96,25.19,13.2986
16177.96,25.28,13.2986
16178.96,25.21,13.2986
16179.96,25.17,13.2986
16180.96,25.91,13.2986
16181.97,30.2,13.2986
16182.97,25.17,13.2986
16183.97,25.28,13.2986
16184.97,25.18,13.2986
16185.97,25.28,13.2986
16186.97,25.19,13.2986
16187.98,25.18,13.2986
16188.98,27.73,13.2986
16189.98,27.79,13.2987
16190.98,25.18,13.2987
16191.98,25.18,13.2987
16192.99,25.29,13.2988
16193.99,25.16,13.2988
16194.99,25.28,13.2988
16195.99,25.18,13.2988
16196.99,29.13,13.299
16197.99,25.17,13.299
16199.0,25.17,13.299
16200.0,25.28,13.299
16201.0,25.17,13.299
16202.0,25.29,13.299
16203.0,25.19,13.299
16204.0,25.18,13.299
16205.01,26.47,13.299
16206.01,27.54,13.2991
16207.01,25.29,13.2991
16208.01,25.16,13.2991
16209.01,25.27,13.2991
16210.01,25.18,13.2991
16211.02,25.17,13.2991
16212.02,25.29,13.2991
16213.02,25.19,13.2991
16214.02,28.96,13.2991
16215.02,25.12,13.2991
16216.02,25.23,13.2991
16217.03,25.14,13.2991
16218.03,25.12,13.2991
16219.03,25.23,13.2991
16220.03,25.12,13.2991
16221.03,25.23,13.2991
16222.03,25.14,13.2991
16223.04,28.81,13.2992
16224.04,25.28,13.2992
16225.04,25.3,13.2992
16226.04,25.28,13.2992
16227.04,25.19,13.2992
16228.04,25.23,13.2992
16229.05,25.11,13.2992
16230.05,25.13,13.2992
16231.05,25.23,13.2992
16232.05,28.7,13.2992
16233.05,25.27,13.2992
16234.05,25.13,13.2992
16235.06,25.12,13.2992
16236.06,25.22,13.2992
16237.06,25.14,13.2992
16238.06,25.23,13.2992
16239.06,25.19,13.2992
16240.06,29.18,13.2992
16241.07,25.28,13.2992
16242.07,25.19,13.2992
16243.07,25.29,13.2992
16244.07,25.18,13.2992
16245.07,25.17,13.2992
16246.07,25.28,13.2992
16247.08,51.8,13.3009
16248.08,64.27,13.3058
16249.08,37.21,13.3008
16250.08,26.34,13.3008
16251.08,26.21,13.3008
16252.08,25.18,13.3008
16253.09,25.28,13.3008
16254.09,25.16,13.3008
16255.09,25.28,13.3008
16256.09,31.17,13.3172
16257.09,25.19,13.3172
16258.09,25.37,13.3172
16259.1,25.19,13.3172
16260.1,25.28,13.3172
16261.1,25.18,13.3172
16262.1,25.28,13.3172
16263.1,25.18,13.3172
16264.1,31.19,13.3326
16265.1,25.66,13.3326
16266.11,28.21,13.3326
16267.11,25.26,13.3326
16268.11,25.28,13.3326
16269.11,25.24,13.3326
16270.11,26.61,13.3326
16271.11,25.17,13.3326
16272.12,29.46,13.3393
16273.12,25.32,13.3395
16274.12,25.35,13.3395
16275.12,25.31,13.3395
16276.12,25.17,13.3395
16277.12,25.61,13.3395
16278.12,25.27,13.3395
16279.13,25.17,13.3395
16280.13,25.17,13.3395
16281.13,30.35,13.3557
16282.13,25.17,13.3557
16283.13,25.26,13.3559
16284.13,25.15,13.3559
16285.14,27.0,13.3559
16286.14,25.81,13.3559
16287.14,25.14,13.3559
16288.14,25.25,13.3559
16289.14,27.74,13.3559
16290.14,29.7,13.3695
16291.15,25.18,13.3695
16292.15,25.19,13.3695
16293.15,25.3,13.3695
16294.15,25.28,13.3695
16295.15,25.28,13.3695
16296.15,25.18,13.3695
16297.16,25.19,13.3695
16298.16,25.28,13.3695
16299.16,29.44,13.3737
16300.16,25.31,13.3737
16301.16,25.18,13.3737
16302.16,25.19,13.3737
16303.17,25.3,13.3738
16304.17,25.17,13.3738
16305.17,25.3,13.3738
16306.17,25.17,13.3738
16307.17,25.19,13.3738
16308.17,29.56,13.3787
16309.17,25.18,13.3787
16310.18,25.18,13.3787
16311.18,25.3,13.3787
16312.18,25.19,13.3787
16313.18,25.19,13.3787
16314.18,25.23,13.3787
16315.18,30.94,13.383
16316.19,28.0,13.3833
16317.19,54.41,7.141
16318.19,56.3,2.4948
16319.19,79.48,2.8517
16320.19,65.51,3.1385
16321.19,86.36,3.2935
16322.2,84.38,3.5417
16323.2,79.33,3.8023
16324.2,76.52,4.0704
16325.2,77.53,4.347
16326.2,76.98,4.6322
16327.2,75.89,4.8838
16328.2,75.93,5.1365
16329.21,76.59,5.3674
16330.21,75.71,6.0101
16331.21,44.15,6.8832
16332.21,59.71,8.1281
16333.21,100.24,8.9034
16334.22,67.38,9.3486
16335.22,25.86,9.4489
16336.22,41.78,9.449
16337.22,78.18,9.4495
16338.22,76.81,9.4515
16339.22,75.81,9.4533
16340.23,75.88,9.4537
16341.23,76.09,9.454
16342.23,74.68,9.4548
16343.23,71.27,9.4552
16344.23,57.55,9.4552
16345.23,45.23,9.4552
16346.24,42.18,9.4552
16347.24,26.97,9.4552
16348.24,94.59,10.5163
16349.24,99.9,11.2379
16350.24,100.22,11.9449
16351.24,67.75,12.2666
16352.24,32.26,12.3295
16353.24,39.24,12.3295
16354.25,30.53,12.3295
16355.25,31.1,12.3295
16356.25,30.26,12.3295
16357.25,30.34,12.3295
16358.25,28.17,12.3295
16359.26,28.92,12.3295
16360.26,51.64,12.3295
16361.26,25.22,12.3295
16362.26,25.63,12.3295
16363.26,42.52,12.3295
16364.26,29.5,12.3295
16365.26,50.79,12.3315
16366.27,33.34,12.3315
16367.27,28.69,12.3315
16368.27,26.06,12.3315
16369.27,28.55,12.3315
16370.27,25.43,12.3315
16371.27,26.05,12.3315
16372.28,25.31,12.3315
16373.28,25.58,12.3315
16374.28,25.31,12.3315
16375.28,25.24,12.3315
16376.28,25.31,12.3315
16377.28,25.66,12.3315
16378.28,25.7,12.3315
16379.29,28.71,12.3315
16380.29,25.16,12.3315
16381.29,25.24,12.3315
16382.29,25.17,12.3315
16383.29,26.58,12.3316
16384.29,25.43,12.3316
16385.3,25.29,12.3316
16386.3,25.31,12.3316
16387.3,25.5,12.3316
16388.3,25.31,12.3316
16389.3,25.22,12.3316
16390.3,25.64,12.3316
16391.31,26.47,12.3316
16392.31,27.54,12.3316
16393.31,35.26,12.3316
16394.31,26.56,12.3316
16395.31,25.2,12.3316
16396.31,26.13,12.3316
16397.32,25.22,12.3316
16398.32,31.56,12.3316
16399.32,25.19,12.3316
16400.32,96.14,12.332
16401.32,99.78,12.4426
16402.32,31.12,12.4426
16403.32,25.26,12.4426
16404.33,26.72,12.4426
16405.33,25.47,12.4426
16406.33,25.37,12.4426
16407.33,25.25,12.4426
16408.33,25.37,12.4426
16409.33,25.32,12.4426
16410.34,25.27,12.4426
16411.34,25.32,12.4426
16412.34,25.25,12.4426
16413.34,27.9,12.4426
16414.34,28.0,12.4426
16415.34,25.38,12.4426
16416.34,25.73,12.4426
16417.35,25.32,12.4426
16418.35,25.24,12.4426
16419.35,25.32,12.4426
16420.35,25.21,12.4426
16421.35,25.46,12.4426
16422.35,40.67,12.4427
16423.36,75.71,12.4431
16424.36,44.27,12.4432
16425.36,33.89,12.4432
16426.36,25.41,12.4432
16427.36,25.21,12.4432
16428.36,39.24,12.4432
16429.37,25.36,12.4432
16430.37,25.21,12.4432
16431.37,25.3,12.4432
16432.37,25.2,12.4432
16433.37,25.33,12.4432
16434.37,25.22,12.4432
16435.38,25.2,12.4432
16436.38,27.9,12.4432
16437.38,26.0,12.4432
16438.38,25.16,12.4432
16439.38,25.25,12.4432
16440.38,25.2,12.4432
16441.38,25.18,12.4432
16442.39,25.3,12.4432
16443.39,25.19,12.4432
16444.39,25.25,12.4432
16445.39,25.58,12.4432
16446.39,25.24,12.4432
16447.39,25.14,12.4432
16448.4,25.29,12.4432
16449.4,25.19,12.4432
16450.4,25.14,12.4432
16451.4,25.24,12.4432
16452.4,25.19,12.4432
16453.4,25.33,12.4433
16454.41,25.2,12.4433
16455.41,25.19,12.4433
16456.41,25.33,12.4433
16457.41,25.32,12.4433
16458.41,25.28,12.4433
16459.41,25.17,12.4433
16460.42,25.16,12.4433
16461.42,25.27,12.4433
16462.42,25.18,12.4433
16463.42,25.29,12.4433
16464.42,25.17,12.4433
16465.42,25.27,12.4433
16466.43,25.16,12.4433
16467.43,25.18,12.4433
16468.43,25.27,12.4433
16469.43,25.17,12.4433
16470.43,25.27,12.4433
16471.43,25.18,12.4433
16472.44,25.17,12.4433
16473.44,25.28,12.4433
16474.44,25.13,12.4433
16475.44,25.14,12.4433
16476.44,25.23,12.4433
16477.44,25.16,12.4433
16478.44,25.26,12.4433
16479.45,25.18,12.4433
16480.45,25.17,12.4433
16481.45,25.27,12.4433
16482.45,25.18,12.4433
16483.45,25.18,12.4435
16484.45,25.27,12.4435
16485.46,25.17,12.4435
16486.46,25.28,12.4435
16487.46,25.18,12.4435
16488.46,25.17,12.4435
16489.46,25.27,12.4435
16490.46,25.17,12.4435
16491.46,25.26,12.4435
16492.47,25.19,12.4435
16493.47,25.18,12.4435
16494.47,25.25,12.4435
16495.47,25.19,12.4435
16496.47,25.17,12.4435
16497.47,25.28,12.4435
16498.47,25.17,12.4435
16499.48,25.23,12.4435
16500.48,25.17,12.4435
16501.48,25.27,12.4435
16502.48,25.17,12.4435
16503.48,25.19,12.4435
16504.49,25.27,12.4435
16505.49,25.17,12.4436
16506.49,25.27,12.4436
16507.49,25.18,12.4436
16508.49,25.17,12.4436
16509.49,25.28,12.4436
16510.49,25.17,12.4436
16511.5,25.16,12.4436
16512.5,25.28,12.4436
16513.5,25.18,12.4436
16514.5,25.24,12.4436
16515.5,25.14,12.4436
16516.5,25.12,12.4436
16517.5,25.23,12.4436
16518.51,25.12,12.4436
16519.51,25.11,12.4436
16520.51,25.27,12.4436
16521.51,25.16,12.4436
16522.51,25.28,12.4436
16523.51,25.2,12.4436
16524.52,25.24,12.4436
16525.52,25.17,12.4436
16526.52,25.17,12.4436
16527.52,25.3,12.4436
16528.52,25.17,12.4436
16529.52,25.16,12.4436
16530.53,25.27,12.4436
16531.53,25.17,12.4436
16532.53,25.28,12.4436
16533.53,25.18,12.4437
16534.53,25.16,12.4437
16535.53,25.26,12.4437
16536.54,25.17,12.4437
16537.54,25.28,12.4437
16538.54,25.16,12.4437
16539.54,25.16,12.4437
16540.54,25.28,12.4437
16541.54,25.17,12.4437
16542.54,25.18,12.4437
16543.54,25.12,12.4437
16544.55,25.18,12.4437
16545.55,25.26,12.4437
16546.55,25.16,12.4437
16547.55,25.27,12.4437
16548.55,25.16,12.4438
16549.56,25.15,12.4438
16550.56,25.25,12.4438
16551.56,25.17,12.4438
16552.56,25.31,12.4438
16553.56,25.15,12.4438
16554.56,25.24,12.4438
16555.57,25.16,12.4438
16556.57,25.15,12.4438
16557.57,25.27,12.4438
16558.57,25.16,12.4438
16559.57,25.25,12.4438
16560.57,25.17,12.4438
16561.58,25.16,12.4438
16562.58,25.29,12.4438
16563.58,25.16,12.4438
16564.58,25.26,12.4438
16565.58,25.16,12.4438
16566.58,25.16,12.4438
16567.59,25.28,12.4439
16568.59,25.16,12.4439
16569.59,25.26,12.4439
16570.59,25.17,12.4439
16571.59,25.26,12.4439
16572.59,25.2,12.4439
16573.6,25.16,12.4439
16574.6,25.26,12.4439
16575.6,25.17,12.4439
16576.6,25.27,12.4439
16577.6,25.19,12.4439
16578.6,25.17,12.4439
16579.61,25.27,12.4439
16580.61,25.17,12.4439
16581.61,25.17,12.4439
16582.61,25.3,12.4439
16583.61,25.17,12.4439
16584.61,25.26,12.4439
16585.61,25.19,12.4439
16586.62,25.17,12.4439
16587.62,25.28,12.4439
16588.62,25.16,12.4439
16589.62,25.27,12.4439
16590.62,25.17,12.4439
16591.62,25.16,12.4439
16592.63,25.29,12.444
16593.63,25.17,12.444
16594.63,25.27,12.444
16595.63,25.18,12.444
16596.63,25.16,12.444
16597.63,25.27,12.444
16598.63,25.11,12.444
16599.64,25.11,12.444
16600.64,25.26,12.444
16601.64,25.17,12.444
16602.64,25.29,12.444
16603.64,25.17,12.444
16604.64,25.24,12.444
16605.65,25.11,12.444
16606.65,25.12,12.444
16607.65,25.3,12.444
16608.65,25.16,12.444
16609.65,25.15,12.444
16610.65,25.46,12.444
16611.65,25.16,12.444
16612.66,25.19,12.444
16613.66,25.27,12.444
16614.66,25.17,12.444
16615.66,25.27,12.444
16616.66,25.17,12.444
16617.66,25.2,12.444
16618.66,25.27,12.444
16619.67,25.18,12.444
16620.67,25.17,12.444
16621.67,25.75,12.444
16622.67,25.19,12.4442
16623.67,25.13,12.4442
16624.67,25.27,12.4442
16625.67,25.17,12.4442
16626.68,25.17,12.4442
16627.68,25.28,12.4442
16628.68,25.16,12.4442
16629.68,25.26,12.4442
16630.68,25.16,12.4442
16631.68,25.16,12.4442
16632.69,25.29,12.4442
16633.69,25.17,12.4442
16634.69,25.27,12.4442
16635.69,25.17,12.4442
16636.69,25.17,12.4442
16637.69,25.28,12.4442
16638.69,25.17,12.4442
16639.7,25.16,12.4442
16640.7,25.27,12.4442
16641.7,25.17,12.4442
16642.7,25.29,12.4442
16643.7,25.18,12.4442
16644.7,25.16,12.4442
16645.71,25.24,12.4442
16646.71,25.17,12.4442
16647.71,25.18,12.4442
16648.71,25.29,12.4442
16649.71,25.2,12.4442
16650.71,25.17,12.4442
16651.71,25.22,12.4442
16652.71,25.2,12.4442
16653.72,25.16,12.4442
16654.72,25.29,12.4442
16655.72,25.17,12.4442
16656.72,25.16,12.4442
16657.72,25.23,12.4442
16658.72,25.12,12.4442
16659.72,25.12,12.4442
16660.73,25.26,12.4442
16661.73,25.17,12.4442
16662.73,25.29,12.4443
16663.73,25.17,12.4443
16664.73,25.13,12.4443
16665.73,25.27,12.4443
16666.74,25.17,12.4443
16667.74,25.28,12.4443
16668.74,27.11,12.4443
16669.74,99.89,12.4501
16670.74,99.79,12.4686
16671.74,29.02,12.4714
16672.74,25.21,12.4715
16673.74,25.17,12.4715
16674.75,25.27,12.4715
16675.75,25.15,12.4715
16676.75,25.23,12.4715
16677.75,25.18,12.4715
16678.75,25.17,12.4715
16679.75,25.28,12.4715
16680.75,25.17,12.4715
16681.76,25.27,12.4715
16682.76,25.17,12.4715
16683.76,25.11,12.4715
16684.76,25.22,12.4715
16685.76,25.16,12.4715
16686.76,25.17,12.4715
16687.77,25.75,12.4715
16688.77,25.14,12.4715
16689.77,25.26,12.4715
16690.77,25.17,12.4715
16691.77,25.17,12.4715
16692.77,25.3,12.4717
16693.78,25.17,12.4717
16694.78,25.26,12.4717
16695.78,25.13,12.4717
16696.78,25.17,12.4717
16697.78,25.28,12.4717
16698.78,25.16,12.4717
16699.78,25.27,12.4717
16700.79,25.17,12.4717
16701.79,25.17,12.4717
16702.79,25.3,12.4717
16703.79,25.17,12.4717
16704.79,25.29,12.4717
16705.79,25.16,12.4717
16706.8,25.12,12.4717
16707.8,25.24,12.4717
16708.8,25.17,12.4717
16709.8,25.16,12.4717
16710.8,25.28,12.4717
16711.8,25.16,12.4717
16712.8,25.19,12.4717
16713.8,25.28,12.4717
16714.81,25.17,12.4717
16715.81,25.17,12.4717
16716.81,25.27,12.4717
16717.81,25.18,12.4717
16718.81,25.18,12.4717
16719.81,25.26,12.4717
16720.82,25.16,12.4717
16721.82,25.27,12.4717
16722.82,25.2,12.4718
16723.82,25.17,12.4718
16724.82,25.25,12.4718
16725.82,25.16,12.4718
16726.83,25.27,12.4718
16727.83,25.18,12.4718
16728.83,25.27,12.4718
16729.83,25.17,12.4718
16730.83,25.17,12.4718
16731.83,25.27,12.4718
16732.83,25.19,12.4718
16733.84,25.16,12.4718
16734.84,25.27,12.4718
16735.84,25.17,12.4718
16736.84,25.28,12.4718
16737.84,25.18,12.4718
16738.84,25.17,12.4718
16739.85,25.27,12.4718
16740.85,25.18,12.4718
16741.85,25.17,12.4718
16742.85,25.28,12.4718
16743.85,25.16,12.4718
16744.85,25.27,12.4718
16745.85,25.16,12.4718
16746.86,25.18,12.4718
16747.86,25.27,12.4718
16748.86,25.17,12.4718
16749.86,25.17,12.4718
16750.86,25.26,12.4718
16751.86,25.18,12.4718
16752.86,26.54,12.4719
16753.87,25.16,12.4719
16754.87,25.17,12.4719
16755.87,25.26,12.4719
16756.87,25.18,12.4719
16757.87,25.25,12.4719
16758.87,25.12,12.4719
16759.88,25.12,12.4719
16760.88,25.14,12.4719
16761.88,25.23,12.4719
16762.88,25.14,12.4719
16763.88,25.22,12.4719
16764.88,25.11,12.4719
16765.88,25.11,12.4719
16766.89,25.22,12.4719
16767.89,25.12,12.4719
16768.89,25.22,12.4719
16769.89,25.14,12.4719
16770.89,25.16,12.4719
16771.89,25.27,12.4719
16772.89,25.18,12.4719
16773.9,25.17,12.4719
16774.9,25.26,12.4719
16775.9,25.11,12.472
16776.9,25.25,12.472
16777.9,25.11,12.472
16778.9,25.12,12.472
16779.91,25.21,12.472
16780.91,25.11,12.472
16781.91,25.12,12.472
16782.91,25.27,12.472
16783.91,25.17,12.472
16784.91,25.27,12.472
16785.91,25.17,12.472
16786.92,25.18,12.472
16787.92,25.27,12.472
16788.92,25.17,12.472
16789.92,25.27,12.472
16790.92,25.17,12.472
16791.92,25.18,12.472
16792.92,25.31,12.472
16793.93,25.17,12.472
16794.93,25.17,12.472
16795.93,25.27,12.472
16796.93,25.18,12.472
16797.93,25.17,12.472
16798.93,25.28,12.472
16799.94,25.17,12.472
16800.94,25.28,12.472
16801.94,25.17,12.472
16802.94,25.18,12.472
16803.94,25.26,12.472
16804.94,25.17,12.472
16805.94,25.17,12.4721
16806.94,25.3,12.4721
16807.95,25.17,12.4721
16808.95,25.19,12.4721
16809.95,25.27,12.4721
16810.95,25.16,12.4721
16811.95,25.17,12.4721
16812.95,25.28,12.4721
16813.95,25.16,12.4721
16814.96,25.17,12.4721
16815.96,25.27,12.4721
16816.96,25.18,12.4721
16817.96,25.28,12.4721
16818.96,25.17,12.4721
16819.96,25.16,12.4721
16820.97,25.26,12.4721
16821.97,25.18,12.4721
16822.97,25.32,12.4721
16823.97,25.26,12.4721
16824.97,25.16,12.4721
16825.97,25.28,12.4721
16826.97,25.18,12.4721
16827.98,25.17,12.4721
16828.98,25.27,12.4721
16829.98,25.16,12.4721
16830.98,25.17,12.4721
16831.98,25.28,12.4721
16832.98,25.18,12.4722
16833.98,25.26,12.4722
16834.99,25.16,12.4722
16835.99,25.17,12.4722
16836.99,25.28,12.4722
16837.99,25.16,12.4722
16838.99,25.26,12.4722
16839.99,25.13,12.4722
16841.0,25.17,12.4722
16842.0,25.28,12.4722
16843.0,25.19,12.4722
16844.0,25.17,12.4722
16845.0,25.28,12.4722
16846.0,25.16,12.4722
16847.0,25.28,12.4722
16848.01,25.16,12.4722
16849.01,25.17,12.4722
16850.01,25.13,12.4722
16851.01,25.27,12.4722
16852.01,25.18,12.4722
16853.01,25.29,12.4722
16854.01,25.18,12.4722
16855.02,25.18,12.4722
16856.02,25.26,12.4722
16857.02,25.18,12.4722
16858.02,25.27,12.4722
16859.02,25.17,12.4722
16860.02,25.16,12.4722
16861.03,25.21,12.4722
16862.03,25.16,12.4722
16863.03,25.18,12.4724
16864.03,25.27,12.4724
16865.03,25.17,12.4724
16866.03,25.27,12.4724
16867.03,25.18,12.4724
16868.04,25.17,12.4724
16869.04,25.27,12.4724
16870.04,25.17,12.4724
16871.04,25.26,12.4724
16872.04,25.18,12.4724
16873.04,25.17,12.4724
16874.05,25.27,12.4724
16875.05,25.17,12.4724
16876.05,25.17,12.4724
16877.05,25.28,12.4724
16878.05,25.2,12.4724
16879.05,25.16,12.4724
16880.05,25.26,12.4724
16881.06,25.17,12.4724
16882.06,25.28,12.4724
16883.06,25.19,12.4724
16884.06,25.17,12.4724
16885.06,25.26,12.4724
16886.06,25.17,12.4724
16887.06,25.18,12.4724
16888.07,25.26,12.4724
16889.07,25.15,12.4724
16890.07,25.27,12.4724
16891.07,25.17,12.4724
16892.07,25.19,12.4724
16893.07,25.29,12.4724
16894.08,25.17,12.4724
16895.08,25.27,12.4724
16896.08,25.17,12.4724
16897.08,25.18,12.4724
16898.08,25.24,12.4724
16899.08,25.12,12.4724
16900.08,25.14,12.4724
16901.09,25.25,12.4724
16902.09,25.17,12.4724
16903.09,25.28,12.4725
16904.09,25.18,12.4725
16905.09,25.17,12.4725
16906.09,25.27,12.4725
16907.09,25.17,12.4725
16908.1,25.16,12.4725
16909.1,25.27,12.4725
16910.1,25.17,12.4725
16911.1,25.26,12.4725
16912.1,25.17,12.4725
16913.1,25.18,12.4725
16914.11,25.27,12.4725
16915.11,25.17,12.4725
16916.11,25.7,12.4725
16917.11,25.17,12.4725
16918.11,25.17,12.4725
16919.11,25.27,12.4725
16920.11,25.17,12.4725
16921.12,25.17,12.4725
16922.12,25.28,12.4725
16923.12,25.19,12.4725
16924.12,25.26,12.4725
16925.12,25.16,12.4725
16926.12,25.17,12.4725
16927.13,25.27,12.4725
16928.13,25.17,12.4725
16929.13,25.18,12.4725
16930.13,25.27,12.4725
16931.13,25.17,12.4725
16932.13,25.18,12.4725
16933.13,25.28,12.4726
16934.14,25.17,12.4726
16935.14,25.27,12.4726
16936.14,25.16,12.4726
16937.14,25.18,12.4726
16938.14,25.28,12.4726
16939.14,25.17,12.4726
16940.14,25.17,12.4726
16941.14,25.29,12.4726
16942.15,25.18,12.4726
16943.15,25.19,12.4726
16944.15,25.29,12.4726
16945.15,25.18,12.4726
16946.15,25.17,12.4726
16947.15,25.3,12.4726
16948.15,25.18,12.4726
16949.16,25.31,12.4726
16950.16,25.29,12.4726
16951.16,25.19,12.4726
16952.16,25.18,12.4726
16953.16,25.18,12.4726
16954.16,25.27,12.4726
16955.16,25.17,12.4726
16956.16,25.27,12.4726
16957.17,25.18,12.4726
16958.17,25.17,12.4726
16959.17,25.28,12.4726
16960.17,25.17,12.4726
16961.17,25.27,12.4726
16962.17,25.17,12.4726
16963.18,25.15,12.4727
16964.18,25.22,12.4727
16965.18,25.13,12.4727
16966.18,25.14,12.4727
16967.18,25.21,12.4727
16968.18,25.11,12.4727
16969.18,25.21,12.4727
16970.19,25.15,12.4727
16971.19,25.17,12.4727
16972.19,25.28,12.4727
16973.19,25.19,12.4727
16974.19,25.17,12.4727
16975.19,25.26,12.4727
16976.19,25.17,12.4727
16977.2,25.21,12.4727
16978.2,25.23,12.4727
16979.2,25.17,12.4727
16980.2,25.27,12.4727
16981.2,25.18,12.4727
16982.2,25.17,12.4727
16983.2,25.29,12.4727
16984.21,25.17,12.4727
16985.21,25.17,12.4727
16986.21,25.27,12.4727
16987.21,25.18,12.4727
16988.21,25.16,12.4727
16989.21,25.28,12.4727
16990.22,25.15,12.4727
16991.22,25.27,12.4727
16992.22,25.18,12.4727
16993.22,25.18,12.4729
16994.22,25.27,12.4729
16995.22,25.17,12.4729
16996.22,25.26,12.4729
16997.23,25.17,12.4729
16998.23,25.17,12.4729
16999.23,25.27,12.4729
17000.23,25.15,12.4729
17001.23,25.15,12.4729
17002.23,25.28,12.4729
17003.24,25.18,12.4729
17004.24,25.26,12.4729
17005.24,25.19,12.4729
17006.24,25.17,12.4729
17007.24,25.28,12.4729
17008.24,25.17,12.4729
17009.24,25.17,12.4729
17010.25,25.27,12.4729
17011.25,25.17,12.4729
17012.25,25.28,12.4729
17013.25,25.15,12.4729
17014.25,25.11,12.4729
17015.25,25.22,12.4729
17016.25,25.13,12.4729
17017.26,25.13,12.4729
17018.26,25.21,12.4729
17019.26,25.17,12.4729
17020.26,25.27,12.4729
17021.26,25.12,12.4729
17022.26,25.12,12.4729
17023.27,25.23,12.4729
17024.27,25.16,12.4729
17025.27,25.16,12.473
17026.27,25.26,12.473
17027.27,25.16,12.473
17028.27,25.23,12.473
17029.27,25.16,12.473
17030.28,25.16,12.473
17031.28,25.27,12.473
17032.28,25.18,12.473
17033.28,25.28,12.4731
17034.28,25.17,12.4731
17035.28,25.16,12.4731
17036.29,25.26,12.4731
17037.29,25.17,12.4731
17038.29,25.17,12.4731
17039.29,25.28,12.4731
17040.29,25.16,12.4731
17041.29,25.26,12.4731
17042.29,25.17,12.4731
17043.3,25.13,12.4731
17044.3,25.22,12.4731
17045.3,25.16,12.4731
17046.3,25.17,12.4731
17047.3,25.27,12.4731
17048.3,25.16,12.4731
17049.3,25.27,12.4731
17050.31,25.16,12.4731
17051.31,25.16,12.4731
17052.31,25.28,12.4731
17053.31,25.18,12.4731
17054.31,25.25,12.4731
17055.31,25.11,12.4731
17056.32,25.11,12.4731
17057.32,25.22,12.4731
17058.32,25.12,12.4731
17059.32,25.15,12.4731
17060.32,25.27,12.4731
17061.32,25.16,12.4731
17062.32,25.27,12.4731
17063.33,25.18,12.4732
17064.33,25.15,12.4732
17065.33,25.26,12.4732
17066.33,25.16,12.4732
17067.33,25.27,12.4732
17068.33,25.18,12.4732
17069.33,25.17,12.4732
17070.34,25.28,12.4732
17071.34,25.17,12.4732
17072.34,25.19,12.4732
17073.34,25.29,12.4732
17074.34,25.17,12.4732
17075.34,25.17,12.4732
17076.35,25.27,12.4732
17077.35,25.18,12.4732
17078.35,25.28,12.4732
17079.35,25.19,12.4732
17080.35,25.17,12.4732
17081.35,25.27,12.4732
17082.35,25.19,12.4732
17083.36,25.18,12.4732
17084.36,25.25,12.4732
17085.36,25.17,12.4732
17086.36,25.17,12.4732
17087.36,25.28,12.4732
17088.36,25.17,12.4732
17089.36,25.27,12.4732
17090.37,25.16,12.4732
17091.37,25.15,12.4732
17092.37,25.26,12.4732
17093.37,25.17,12.4733
17094.37,25.22,12.4733
17095.37,25.12,12.4733
17096.38,25.14,12.4733
17097.38,25.27,12.4733
17098.38,25.19,12.4733
17099.38,25.16,12.4733
17100.38,25.32,12.4733
17101.38,25.17,12.4733
17102.38,25.18,12.4733
17103.38,25.28,12.4733
17104.39,25.16,12.4733
17105.39,25.17,12.4733
17106.39,25.27,12.4733
17107.39,25.18,12.4733
17108.39,25.17,12.4733
17109.39,25.3,12.4733
17110.39,25.17,12.4733
17111.4,25.16,12.4733
17112.4,25.28,12.4733
17113.4,25.18,12.4733
17114.4,25.13,12.4733
17115.4,25.21,12.4733
17116.4,25.16,12.4733
17117.4,25.17,12.4733
17118.41,25.25,12.4733
17119.41,25.12,12.4733
17120.41,25.21,12.4733
17121.41,25.12,12.4733
17122.41,25.12,12.4733
17123.41,25.23,12.4733
17124.42,25.11,12.4733
17125.42,25.21,12.4733
17126.42,25.11,12.4733
17127.42,25.12,12.4733
17128.42,25.27,12.4733
17129.42,25.16,12.4733
17130.42,25.14,12.4733
17131.43,25.24,12.4733
17132.43,25.14,12.4734
17133.43,25.14,12.4736
17134.43,25.23,12.4736
17135.43,25.17,12.4736
17136.43,25.26,12.4736
17137.43,25.17,12.4736
17138.44,25.16,12.4736
17139.44,25.26,12.4736
17140.44,25.16,12.4736
17141.44,25.26,12.4736
17142.44,25.19,12.4736
17143.44,25.17,12.4736
17144.44,25.15,12.4736
17145.45,25.22,12.4736
17146.45,25.17,12.4736
17147.45,25.24,12.4736
17148.45,25.12,12.4736
17149.45,25.17,12.4736
17150.45,25.27,12.4736
17151.45,25.16,12.4736
17152.46,25.17,12.4736
17153.46,25.26,12.4736
17154.46,25.15,12.4736
17155.46,25.24,12.4736
17156.46,25.15,12.4736
17157.46,25.12,12.4736
17158.47,25.21,12.4736
17159.47,25.11,12.4736
17160.47,25.21,12.4736
17161.47,25.11,12.4736
17162.47,25.12,12.4736
17163.47,25.25,12.4737
17164.47,25.16,12.4737
17165.48,25.16,12.4737
17166.48,25.27,12.4737
17167.48,25.17,12.4737
17168.48,25.17,12.4737
17169.48,25.27,12.4737
17170.48,25.19,12.4737
17171.48,25.16,12.4737
17172.49,25.26,12.4737
17173.49,25.18,12.4737
17174.49,25.15,12.4737
17175.49,25.22,12.4737
17176.49,25.11,12.4737
17177.49,25.12,12.4737
17178.49,25.21,12.4737
17179.5,25.11,12.4737
17180.5,25.21,12.4737
17181.5,25.15,12.4737
17182.5,25.17,12.4737
17183.5,25.28,12.4737
17184.5,25.17,12.4737
17185.5,25.26,12.4737
17186.51,25.14,12.4737
17187.51,25.15,12.4737
17188.51,25.22,12.4737
17189.51,25.12,12.4737
17190.51,25.14,12.4737
17191.51,36.46,12.4737
17192.51,99.94,12.4737
17193.51,78.85,12.4748
17194.52,25.26,12.4748
17195.52,25.17,12.4748
17196.52,25.16,12.4748
17197.52,25.27,12.4748
17198.52,25.15,12.4748
17199.52,25.16,12.4748
17200.53,25.26,12.4748
17201.53,25.15,12.4748
17202.53,25.28,12.4748
17203.53,25.15,12.4748
17204.53,25.16,12.4748
17205.53,25.26,12.4748
17206.53,25.17,12.4748
17207.54,25.17,12.4748
17208.54,25.27,12.4748
17209.54,25.17,12.4748
17210.54,25.18,12.4748
17211.54,25.27,12.4748
17212.54,25.17,12.4748
17213.54,25.18,12.4748
17214.55,25.24,12.4748
17215.55,25.16,12.4748
17216.55,25.15,12.4748
17217.55,25.27,12.4748
17218.55,25.13,12.4748
17219.55,25.14,12.4748
17220.55,25.24,12.4748
17221.56,25.14,12.4748
17222.56,25.28,12.4749
17223.56,25.17,12.4749
17224.56,25.16,12.4749
17225.56,25.26,12.4749
17226.56,25.13,12.4749
17227.56,25.22,12.4749
17228.57,25.11,12.4749
17229.57,25.13,12.4749
17230.57,25.22,12.4749
17231.57,25.11,12.4749
17232.57,25.27,12.4749
17233.57,25.16,12.4749
17234.58,25.17,12.4749
17235.58,25.22,12.4749
17236.58,25.14,12.4749
17237.58,25.12,12.4749
17238.58,25.22,12.4749
17239.58,25.12,12.4749
17240.59,25.22,12.4749
17241.59,25.11,12.4749
17242.59,25.14,12.4749
17243.59,25.21,12.4749
17244.59,25.12,12.4749
17245.59,25.21,12.4749
17246.59,25.11,12.4749
17247.6,25.12,12.4749
17248.6,25.21,12.4749
17249.6,25.13,12.4749
17250.6,25.26,12.4749
17251.6,25.16,12.4749
17252.6,25.15,12.475
17253.61,25.24,12.475
17254.61,25.16,12.475
17255.61,25.16,12.475
17256.61,25.25,12.475
17257.61,25.17,12.475
17258.61,25.22,12.475
17259.61,25.15,12.475
17260.62,25.13,12.475
17261.62,25.22,12.475
17262.62,25.13,12.475
17263.62,25.24,12.475
17264.62,25.17,12.475
17265.62,25.16,12.475
17266.63,25.26,12.475
17267.63,25.16,12.475
17268.63,25.21,12.475
17269.63,25.11,12.475
17270.63,25.11,12.475
17271.63,25.23,12.475
17272.63,25.14,12.475
17273.64,25.11,12.475
17274.64,25.14,12.475
17275.64,25.21,12.475
17276.64,25.11,12.475
17277.64,25.22,12.475
17278.64,25.11,12.475
17279.64,25.12,12.475
17280.65,25.24,12.475
17281.65,25.16,12.475
17282.65,25.19,12.4751
17283.65,25.21,12.4751
17284.65,25.15,12.4751
17285.65,25.23,12.4751
17286.65,25.11,12.4751
17287.66,25.12,12.4751
17288.66,25.23,12.4751
17289.66,25.14,12.4751
17290.66,25.24,12.4751
17291.66,25.17,12.4751
17292.66,25.18,12.4751
17293.67,25.25,12.4751
17294.67,25.13,12.4751
17295.67,25.25,12.4751
17296.67,25.16,12.4751
17297.67,25.16,12.4751
17298.67,25.25,12.4751
17299.67,25.16,12.4751
17300.68,25.16,12.4751
17301.68,25.26,12.4751
17302.68,25.18,12.4751
17303.68,25.23,12.4751
17304.68,25.11,12.4751
17305.68,25.14,12.4751
17306.69,25.24,12.4751
17307.69,25.12,12.4751
17308.69,25.21,12.4751
17309.69,25.12,12.4751
17310.69,25.16,12.4751
17311.69,25.23,12.4751
17312.69,25.13,12.4753
17313.7,25.11,12.4753
17314.7,25.21,12.4753
17315.7,25.12,12.4753
17316.7,25.21,12.4753
17317.7,25.12,12.4753
17318.7,25.16,12.4753
17319.71,25.26,12.4753
17320.71,25.16,12.4753
17321.71,25.16,12.4753
17322.71,25.29,12.4753
17323.71,25.16,12.4753
17324.71,25.27,12.4753
17325.71,25.16,12.4753
17326.72,25.16,12.4753
17327.72,25.26,12.4753
17328.72,25.13,12.4753
17329.72,25.16,12.4753
17330.72,25.27,12.4753
17331.72,25.16,12.4753
17332.72,25.18,12.4753
17333.72,25.28,12.4753
17334.73,25.17,12.4753
17335.73,25.16,12.4753
17336.73,25.26,12.4753
17337.73,25.17,12.4753
17338.73,25.15,12.4753
17339.73,25.28,12.4753
17340.73,25.16,12.4753
17341.74,25.16,12.4753
17342.74,25.26,12.4754
17343.74,25.11,12.4754
17344.74,25.16,12.4754
17345.74,25.24,12.4754
17346.74,25.15,12.4754
17347.74,25.12,12.4754
17348.74,25.28,12.4754
17349.75,25.17,12.4754
17350.75,25.14,12.4754
17351.75,25.22,12.4754
17352.75,25.14,12.4754
17353.75,25.11,12.4754
17354.75,25.24,12.4754
17355.75,25.12,12.4754
17356.75,25.13,12.4754
17357.76,25.23,12.4754
17358.76,25.12,12.4754
17359.76,25.12,12.4754
17360.76,25.25,12.4754
17361.76,25.11,12.4754
17362.76,25.18,12.4754
17363.77,25.22,12.4754
17364.77,25.12,12.4754
17365.77,25.21,12.4754
17366.77,25.11,12.4754
17367.77,25.11,12.4754
17368.77,25.21,12.4754
17369.77,25.11,12.4754
17370.78,25.21,12.4754
17371.78,25.11,12.4754
17372.78,25.13,12.4755
17373.78,25.21,12.4755
17374.78,25.12,12.4755
17375.78,25.11,12.4755
17376.79,25.21,12.4755
17377.79,25.12,12.4755
17378.79,25.23,12.4755
17379.79,25.13,12.4755
17380.79,25.11,12.4755
17381.79,25.34,12.4755
17382.79,25.19,12.4755
17383.8,25.27,12.4755
17384.8,25.17,12.4755
17385.8,25.17,12.4755
17386.8,25.22,12.4755
17387.8,25.12,12.4755
17388.8,25.12,12.4755
17389.81,25.22,12.4755
17390.81,25.12,12.4755
17391.81,25.22,12.4755
17392.81,25.18,12.4755
17393.81,25.16,12.4755
17394.81,25.26,12.4755
17395.82,25.15,12.4755
17396.82,25.23,12.4755
17397.82,25.17,12.4755
17398.82,25.16,12.4755
17399.82,25.22,12.4755
17400.82,25.11,12.4755
17401.82,25.12,12.4755
17402.83,25.24,12.4756
17403.83,25.12,12.4756
17404.83,25.22,12.4756
17405.83,25.11,12.4756
17406.83,25.12,12.4756
17407.83,25.22,12.4756
17408.84,25.12,12.4756
17409.84,25.22,12.4756
17410.84,25.12,12.4756
17411.84,25.14,12.4756
17412.84,25.23,12.4756
17413.84,25.12,12.4756
17414.84,25.22,12.4756
17415.85,25.11,12.4756
17416.85,25.13,12.4756
17417.85,25.22,12.4756
17418.85,25.12,12.4756
17419.85,25.12,12.4756
17420.85,25.21,12.4756
17421.86,25.12,12.4756
17422.86,25.23,12.4756
17423.86,25.12,12.4756
17424.86,25.12,12.4756
17425.86,25.21,12.4756
17426.86,25.12,12.4756
17427.86,25.23,12.4756
17428.87,25.17,12.4756
17429.87,25.16,12.4756
17430.87,25.24,12.4756
17431.87,25.12,12.4756
17432.87,25.13,12.4756
17433.87,25.26,12.4756
17434.88,25.15,12.4756
17435.88,25.21,12.4756
17436.88,25.12,12.4756
17437.88,25.11,12.4756
17438.88,25.22,12.4756
17439.88,25.16,12.4756
17440.88,25.27,12.4756
17441.89,25.18,12.4756
17442.89,25.17,12.4758
17443.89,25.27,12.4758
17444.89,25.18,12.4758
17445.89,25.17,12.4758
17446.89,25.27,12.4758
17447.9,25.12,12.4758
17448.9,25.23,12.4758
17449.9,25.16,12.4758
17450.9,25.16,12.4758
17451.9,25.28,12.4759
17452.9,25.18,12.4759
17453.9,25.17,12.4759
17454.91,25.27,12.4759
17455.91,25.16,12.4759
17456.91,25.27,12.4759
17457.91,25.17,12.4759
17458.91,25.17,12.4759
17459.91,25.27,12.4759
17460.91,25.17,12.4759
17461.92,25.27,12.4759
17462.92,25.18,12.4759
17463.92,25.17,12.4759
17464.92,25.27,12.4759
17465.92,25.15,12.4759
17466.92,25.18,12.4759
17467.93,25.27,12.4759
17468.93,25.18,12.4759
17469.93,25.27,12.4759
17470.93,25.15,12.4759
17471.93,25.18,12.4759
17472.93,25.28,12.476
17473.93,25.17,12.476
17474.94,25.27,12.476
17475.94,25.18,12.476
17476.94,25.17,12.476
17477.94,25.26,12.476
17478.94,25.16,12.476
17479.94,25.17,12.476
17480.95,25.24,12.476
17481.95,25.15,12.476
17482.95,25.19,12.476
17483.95,25.27,12.476
17484.95,25.16,12.476
17485.95,25.27,12.476
17486.95,25.17,12.476
17487.96,25.16,12.476
17488.96,25.26,12.476
17489.96,25.17,12.476
17490.96,25.26,12.476
17491.96,25.17,12.476
17492.96,25.16,12.476
17493.97,25.21,12.476
17494.97,25.11,12.476
17495.97,25.12,12.476
17496.97,25.28,12.476
17497.97,25.17,12.476
17498.97,25.26,12.476
17499.97,25.17,12.476
17500.98,25.17,12.476
17501.98,25.27,12.476
17502.98,25.18,12.4761
17503.98,25.27,12.4761
17504.98,25.17,12.4761
17505.98,25.17,12.4761
17506.98,25.3,12.4761
17507.99,25.17,12.4761
17508.99,25.17,12.4761
17509.99,25.22,12.4761
17510.99,25.16,12.4761
17511.99,25.17,12.4761
17512.99,25.28,12.4761
17514.0,25.16,12.4761
17515.0,25.27,12.4761
17516.0,25.16,12.4761
17517.0,25.17,12.4761
17518.0,52.51,5.3847
17519.0,86.13,2.7292
17520.0,76.5,3.091
17521.0,73.47,3.2084
17522.01,87.4,3.436
17523.01,79.74,3.6993
17524.01,77.31,3.9733
17525.01,77.21,4.258
17526.01,78.29,4.5682
17527.01,77.32,4.8359
17528.01,75.24,5.0955
17529.02,76.86,5.3472
17530.02,75.54,6.0132
17531.02,54.21,6.9201
17532.02,66.81,8.1921
17533.02,99.9,8.9573
17534.02,64.4,9.3631
17535.02,27.01,9.4633
17536.03,44.81,9.4638
17537.03,77.69,9.4639
17538.03,76.07,9.4654
17539.03,76.68,9.467
17540.03,76.18,9.4674
17541.03,77.16,9.4688
17542.03,60.3,9.4693
17543.04,49.78,9.4601
17544.04,50.19,9.4601
17545.04,38.0,9.4601
17546.04,30.56,9.4601
17547.04,58.96,10.0656
17548.04,99.9,10.9083
17549.04,99.89,11.6059
17550.04,100.15,12.2301
17551.05,37.49,12.3302
17552.05,26.03,12.3302
17553.05,37.07,12.3303
17554.05,26.3,12.3303
17555.05,42.26,12.3303
17556.05,29.53,12.3303
17557.06,26.24,12.3303
17558.06,28.44,12.3303
17559.06,25.53,12.3303
17560.06,25.45,12.3303
17561.06,25.17,12.3303
17562.06,26.77,12.3303
17563.07,39.19,12.3303
17564.07,39.46,12.3311
17565.07,33.87,12.3311
17566.07,29.27,12.3311
17567.07,26.16,12.3311
17568.07,34.37,12.3311
17569.07,25.41,12.3312
17570.08,25.78,12.3312
17571.08,25.31,12.3312
17572.08,25.22,12.3312
17573.08,25.58,12.3312
17574.08,25.34,12.3312
17575.08,25.57,12.3312
17576.09,25.92,12.3312
17577.09,27.07,12.3312
17578.09,25.26,12.3312
17579.09,25.87,12.3311
17580.09,25.6,12.3311
17581.09,25.61,12.3311
17582.09,25.93,12.3311
17583.1,25.33,12.3311
17584.1,25.26,12.3311
17585.1,25.4,12.3311
17586.1,25.31,12.3311
17587.1,25.23,12.3311
17588.1,25.33,12.3311
17589.11,30.19,12.3311
17590.11,33.78,12.3311
17591.11,37.93,12.3311
17592.11,36.2,12.3311
17593.11,25.7,12.3311
17594.11,34.13,12.3315
17595.11,25.2,12.3315
17596.12,25.21,12.3315
17597.12,25.33,12.3315
17598.12,30.14,12.3315
17599.12,77.13,12.3403
17600.12,99.86,12.4509
17601.12,47.31,12.4509
17602.12,25.31,12.4509
17603.13,27.32,12.4509
17604.13,25.21,12.4509
17605.13,25.37,12.4509
17606.13,25.3,12.4509
17607.13,25.22,12.4509
17608.13,26.07,12.4509
17609.14,25.24,12.4509
17610.14,25.31,12.4509
17611.14,25.27,12.4509
17612.14,25.32,12.4509
17613.14,25.22,12.4509
17614.14,26.45,12.4509
17615.15,25.32,12.4509
17616.15,25.22,12.4509
17617.15,25.55,12.4509
17618.15,25.23,12.4509
17619.15,25.22,12.4509
17620.15,25.31,12.4509
17621.16,27.81,12.451
17622.16,73.91,12.4514
17623.16,68.01,12.4515
17624.16,75.06,12.4574
17625.16,55.82,12.4644
17626.16,41.84,12.4935
17627.16,25.31,12.4935
17628.17,26.43,12.4639
17629.17,25.19,12.4639
17630.17,25.25,12.4639
17631.17,25.17,12.4639
17632.17,25.27,12.4639
17633.17,25.25,12.4639
17634.18,25.19,12.4639
17635.18,25.32,12.4639
17636.18,25.19,12.4639
17637.18,25.2,12.4639
17638.18,25.28,12.4639
17639.18,25.14,12.4639
17640.18,25.15,12.4639
17641.19,25.26,12.4639
17642.19,25.18,12.4639
17643.19,25.33,12.4639
17644.19,25.2,12.4639
17645.19,25.16,12.4639
17646.19,31.53,12.4639
17647.2,31.31,12.464
17648.2,25.29,12.464
17649.2,57.74,12.4643
17650.2,99.91,12.496
17651.2,58.18,12.5002
17652.2,25.29,12.5002
17653.2,26.19,12.5002
17654.21,25.34,12.5002
17655.21,25.94,12.5002
17656.21,25.23,12.5002
17657.21,25.28,12.5002
17658.21,25.3,12.5002
17659.21,25.19,12.5002
17660.22,25.66,12.5002
17661.22,25.26,12.5002
17662.22,25.18,12.5002
17663.22,25.29,12.5004
17664.22,25.18,12.5004
17665.22,25.18,12.5004
17666.23,25.25,12.5004
17667.23,25.12,12.5004
17668.23,25.26,12.5004
17669.23,25.19,12.5004
17670.23,25.22,12.5004
17671.23,25.19,12.5004
17672.24,25.15,12.5004
17673.24,42.76,12.5004
17674.24,99.89,12.507
17675.24,45.97,12.5083
17676.24,25.28,12.5083
17677.24,25.16,12.5083
17678.24,25.13,12.5083
17679.24,25.22,12.5083
17680.25,25.11,12.5083
17681.25,25.14,12.5083
17682.25,25.28,12.5083
17683.25,25.19,12.5083
17684.25,25.28,12.5083
17685.25,25.15,12.5083
17686.26,25.12,12.5083
17687.26,25.22,12.5083
17688.26,26.05,12.5083
17689.26,25.27,12.5083
17690.26,25.18,12.5083
17691.26,25.27,12.5083
17692.27,29.97,12.5083
17693.27,25.13,12.5084
17694.27,25.24,12.5084
17695.27,25.17,12.5084
17696.27,26.57,12.5084
17697.27,25.26,12.5084
17698.28,25.12,12.5084
17699.28,25.23,12.5084
17700.28,25.12,12.5084
17701.28,25.15,12.5084
17702.28,25.24,12.5084
17703.28,25.19,12.5084
17704.28,25.22,12.5084
17705.29,25.11,12.5084
17706.29,25.11,12.5084
17707.29,25.22,12.5084
17708.29,25.12,12.5084
17709.29,25.23,12.5084
17710.29,25.14,12.5084
17711.3,25.27,12.5084
17712.3,27.73,12.5084
17713.3,25.92,12.5084
17714.3,25.27,12.5084
17715.3,25.18,12.5084
17716.3,25.27,12.5084
17717.31,25.18,12.5084
17718.31,25.17,12.5084
17719.31,25.27,12.5084
17720.31,73.97,12.5116
17721.31,100.05,12.5123
17722.31,61.56,12.5136
17723.32,25.2,12.5136
17724.32,25.27,12.5136
17725.32,25.16,12.5136
17726.32,25.27,12.5136
17727.32,25.19,12.5136
17728.32,25.18,12.5136
17729.33,25.26,12.5136
17730.33,25.17,12.5136
17731.33,25.27,12.5136
17732.33,25.18,12.5136
17733.33,25.19,12.5136
17734.33,25.27,12.5136
17735.34,25.17,12.5136
17736.34,25.27,12.5136
17737.34,25.18,12.5136
17738.34,25.16,12.5136
17739.34,25.29,12.5136
17740.34,25.17,12.5136
17741.34,25.17,12.5136
17742.34,25.29,12.5136
17743.35,25.18,12.5138
17744.35,25.17,12.5138
17745.35,25.26,12.5138
17746.35,25.17,12.5138
17747.35,25.28,12.5138
17748.35,25.17,12.5138
17749.36,25.17,12.5138
17750.36,74.26,13.0273
17751.36,98.54,13.2403
17752.36,25.18,13.2403
17753.36,25.29,13.2403
17754.36,25.17,13.2403
17755.36,25.17,13.2403
17756.37,25.27,13.2403
17757.37,25.18,13.2403
17758.37,25.27,13.2403
17759.37,25.17,13.2403
17760.37,25.17,13.2403
17761.37,25.27,13.2403
17762.38,25.19,13.2403
17763.38,25.63,13.2403
17764.38,25.17,13.2403
17765.38,25.28,13.2403
17766.38,25.18,13.2403
17767.38,25.19,13.2403
17768.39,25.27,13.2403
17769.39,25.17,13.2403
17770.39,25.27,13.2403
17771.39,25.17,13.2403
17772.39,25.2,13.2403
17773.39,25.29,13.2404
17774.39,25.17,13.2404
17775.4,25.16,13.2404
17776.4,25.27,13.2404
17777.4,25.18,13.2404
17778.4,25.27,13.2404
17779.4,25.17,13.2404
17780.4,39.91,13.3148
17781.41,29.28,13.3489
17782.41,25.18,13.3489
17783.41,25.2,13.3489
17784.41,26.47,13.3489
17785.41,25.16,13.3489
17786.41,25.27,13.3489
17787.41,25.18,13.3489
17788.42,25.28,13.3489
17789.42,25.17,13.3489
17790.42,25.18,13.3489
17791.42,25.27,13.3489
17792.42,25.18,13.3489
17793.42,25.35,13.349
17794.43,25.28,13.349
17795.43,25.17,13.349
17796.43,25.28,13.349
17797.43,25.18,13.349
17798.43,25.17,13.349
17799.43,25.29,13.349
17800.43,25.18,13.349
17801.44,25.18,13.349
17802.44,25.28,13.349
17803.44,25.19,13.349
17804.44,25.17,13.349
17805.44,25.29,13.349
17806.44,25.17,13.349
17807.44,25.18,13.349
17808.45,25.27,13.349
17809.45,25.17,13.349
17810.45,25.28,13.349
17811.45,25.17,13.349
17812.45,25.17,13.349
17813.45,25.28,13.349
17814.46,25.16,13.349
17815.46,25.27,13.349
17816.46,25.16,13.349
17817.46,25.19,13.349
17818.46,25.27,13.349
17819.46,25.17,13.349
17820.46,25.27,13.349
17821.47,25.16,13.349
17822.47,25.15,13.349
17823.47,25.27,13.3492
17824.47,25.14,13.3492
17825.47,25.13,13.3492
17826.47,25.28,13.3492
17827.47,25.18,13.3492
17828.48,25.17,13.3492
17829.48,25.3,13.3492
17830.48,25.17,13.3492
17831.48,25.17,13.3492
17832.48,25.29,13.3492
17833.48,25.2,13.3492
17834.48,25.17,13.3492
17835.48,25.17,13.3492
17836.49,25.27,13.3492
17837.49,25.18,13.3492
17838.49,25.27,13.3492
17839.49,25.17,13.3492
17840.49,25.11,13.3492
17841.49,25.21,13.3492
17842.49,25.16,13.3492
17843.5,25.17,13.3492
17844.5,25.27,13.3492
17845.5,25.15,13.3492
17846.5,25.22,13.3492
17847.5,25.12,13.3492
17848.5,25.16,13.3492
17849.5,25.29,13.3492
17850.51,25.17,13.3492
17851.51,25.15,13.3492
17852.51,25.22,13.3492
17853.51,25.17,13.3493
17854.51,25.17,13.3493
17855.51,25.27,13.3493
17856.51,25.18,13.3493
17857.52,25.28,13.3493
17858.52,25.17,13.3493
17859.52,25.16,13.3493
17860.52,25.21,13.3493
17861.52,25.13,13.3493
17862.52,25.28,13.3493
17863.53,25.18,13.3493
17864.53,25.17,13.3493
17865.53,25.27,13.3493
17866.53,25.17,13.3493
17867.53,25.28,13.3493
17868.53,25.17,13.3493
17869.54,25.17,13.3493
17870.54,33.35,13.3499
17871.54,25.16,13.3499
17872.54,25.19,13.3499
17873.54,25.29,13.35
17874.54,25.17,13.35
17875.54,25.18,13.35
17876.55,25.27,13.35
17877.55,25.18,13.35
17878.55,25.27,13.35
17879.55,25.17,13.35
17880.55,25.18,13.35
17881.55,25.27,13.35
17882.56,25.2,13.35
17883.56,25.27,13.35
17884.56,25.18,13.35
17885.56,25.17,13.35
17886.56,25.24,13.35
17887.56,25.18,13.35
17888.56,25.27,13.35
17889.57,25.16,13.35
17890.57,25.17,13.35
17891.57,25.23,13.35
17892.57,25.19,13.35
17893.57,25.27,13.35
17894.57,25.17,13.35
17895.58,25.18,13.35
17896.58,25.27,13.35
17897.58,25.18,13.35
17898.58,25.16,13.35
17899.58,25.27,13.35
17900.58,25.12,13.35
17901.58,25.22,13.35
17902.59,25.14,13.3501
17903.59,25.12,13.3501
17904.59,25.22,13.3501
17905.59,25.12,13.3501
17906.59,25.21,13.3501
17907.59,25.13,13.3501
17908.6,25.11,13.3501
17909.6,25.22,13.3501
17910.6,25.12,13.3501
17911.6,25.22,13.3501
17912.6,25.16,13.3501
17913.6,25.12,13.3501
17914.61,25.22,13.3501
17915.61,33.14,13.3522
17916.61,25.27,13.3522
17917.61,25.17,13.3522
17918.61,25.17,13.3522
17919.61,25.27,13.3522
17920.61,25.17,13.3522
17921.62,25.27,13.3522
17922.62,25.19,13.3522
17923.62,25.17,13.3522
17924.62,25.26,13.3522
17925.62,25.16,13.3522
17926.62,25.27,13.3522
17927.63,25.17,13.3522
17928.63,25.17,13.3522
17929.63,25.29,13.3522
17930.63,25.16,13.3522
17931.63,25.17,13.3522
17932.63,25.36,13.3523
17933.63,25.17,13.3523
17934.63,25.19,13.3523
17935.64,25.26,13.3523
17936.64,25.17,13.3523
17937.64,25.19,13.3523
17938.64,25.23,13.3523
17939.64,25.16,13.3523
17940.64,25.16,13.3523
17941.65,25.27,13.3523
17942.65,25.2,13.3523
17943.65,25.27,13.3523
17944.65,25.17,13.3523
17945.65,25.17,13.3523
17946.65,25.27,13.3523
17947.65,25.19,13.3523
17948.66,25.17,13.3523
17949.66,25.28,13.3523
17950.66,25.17,13.3523
17951.66,25.27,13.3523
17952.66,25.18,13.3523
17953.66,25.17,13.3523
17954.67,25.25,13.3523
17955.67,25.13,13.3523
17956.67,25.11,13.3523
17957.67,25.22,13.3523
17958.67,25.14,13.3523
17959.67,25.27,13.3523
17960.67,25.16,13.3523
17961.68,25.16,13.3523
17962.68,25.28,13.3523
17963.68,25.16,13.3523
17964.68,25.25,13.3523
17965.68,25.11,13.3523
17966.68,25.11,13.3523
17967.69,25.22,13.3523
17968.69,25.11,13.3523
17969.69,25.21,13.3523
17970.69,25.11,13.3523
17971.69,25.11,13.3523
17972.69,25.23,13.3524
17973.69,25.11,13.3524
17974.7,25.22,13.3524
17975.7,25.15,13.3524
17976.7,25.1,13.3524
17977.7,25.22,13.3524
17978.7,25.14,13.3524
17979.7,25.17,13.3524
17980.71,25.26,13.3524
17981.71,25.17,13.3524
17982.71,25.29,13.3524
17983.71,25.16,13.3524
17984.71,25.17,13.3524
17985.71,25.27,13.3524
17986.71,25.17,13.3524
17987.72,25.28,13.3524
17988.72,25.16,13.3524
17989.72,25.17,13.3524
17990.72,25.27,13.3524
17991.72,25.17,13.3524
17992.72,25.2,13.3524
17993.73,25.27,13.3524
17994.73,25.17,13.3524
17995.73,25.27,13.3524
17996.73,25.17,13.3524
17997.73,25.18,13.3524
17998.73,25.27,13.3524
17999.73,25.17,13.3524
18000.74,25.17,13.3524
18001.74,25.26,13.3524
18002.74,25.19,13.3526
18003.74,25.11,13.3526
18004.74,25.21,13.3526
18005.74,25.11,13.3526
18006.74,25.21,13.3526
18007.75,25.13,13.3526
18008.75,25.13,13.3526
18009.75,25.23,13.3526
18010.75,25.17,13.3526
18011.75,25.27,13.3526
18012.75,25.19,13.3526
18013.76,25.18,13.3526
18014.76,25.26,13.3526
18015.76,25.12,13.3526
18016.76,25.12,13.3526
18017.76,25.22,13.3526
18018.76,25.11,13.3526
18019.76,25.13,13.3526
18020.76,25.19,13.3526
18021.77,25.26,13.3526
18022.77,25.19,13.3526
18023.77,25.27,13.3526
18024.77,25.15,13.3526
18025.77,25.17,13.3526
18026.77,25.26,13.3526
18027.77,25.18,13.3526
18028.78,25.17,13.3526
18029.78,25.27,13.3526
18030.78,25.17,13.3526
18031.78,25.25,13.3526
18032.78,25.13,13.3527
18033.78,25.11,13.3527
18034.79,25.21,13.3527
18035.79,25.14,13.3527
18036.79,25.27,13.3527
18037.79,25.18,13.3527
18038.79,25.18,13.3527
18039.79,25.27,13.3527
18040.79,25.17,13.3527
18041.8,25.26,13.3527
18042.8,25.19,13.3527
18043.8,25.17,13.3527
18044.8,25.27,13.3527
18045.8,25.16,13.3527
18046.8,25.17,13.3527
18047.81,25.27,13.3527
18048.81,25.17,13.3527
18049.81,25.27,13.3527
18050.81,25.17,13.3527
18051.81,25.17,13.3527
18052.81,25.29,13.3527
18053.81,25.17,13.3527
18054.82,25.19,13.3527
18055.82,25.26,13.3527
18056.82,25.16,13.3527
18057.82,25.17,13.3527
18058.82,25.27,13.3527
18059.82,25.17,13.3527
18060.82,25.27,13.3527
18061.83,25.17,13.3527
18062.83,25.14,13.3528
18063.83,25.24,13.3528
18064.83,25.18,13.3528
18065.83,25.13,13.3528
18066.83,25.24,13.3528
18067.83,25.18,13.3528
18068.84,25.27,13.3528
18069.84,25.16,13.3528
18070.84,25.17,13.3528
18071.84,25.27,13.3528
18072.84,25.17,13.3528
18073.84,25.17,13.3528
18074.85,25.27,13.3528
18075.85,25.17,13.3528
18076.85,25.28,13.3528
18077.85,25.17,13.3528
18078.85,25.17,13.3528
18079.85,25.27,13.3528
18080.85,25.17,13.3528
18081.86,25.17,13.3528
18082.86,25.27,13.3528
18083.86,25.17,13.3528
18084.86,25.26,13.3528
18085.86,25.16,13.3528
18086.86,25.17,13.3528
18087.87,25.27,13.3528
18088.87,25.19,13.3528
18089.87,25.17,13.3528
18090.87,25.27,13.3528
18091.87,25.17,13.3528
18092.87,25.28,13.3529
18093.87,25.16,13.3529
18094.88,25.17,13.3529
18095.88,25.25,13.3529
18096.88,25.12,13.3529
18097.88,25.12,13.3529
18098.88,25.28,13.3529
18099.88,25.17,13.3529
18100.88,25.27,13.3529
18101.89,25.17,13.3529
18102.89,25.18,13.3529
18103.89,25.25,13.3529
18104.89,25.17,13.3529
18105.89,25.27,13.3529
18106.89,25.19,13.3529
18107.89,25.17,13.3529
18108.9,25.27,13.3529
18109.9,25.17,13.3529
18110.9,25.17,13.3529
18111.9,25.28,13.3529
18112.9,25.18,13.3529
18113.9,25.12,13.3529
18114.91,25.21,13.3529
18115.91,25.11,13.3529
18116.91,25.22,13.3529
18117.91,25.16,13.3529
18118.91,25.17,13.3529
18119.91,25.27,13.3529
18120.91,25.17,13.3529
18121.92,25.18,13.3529
18122.92,25.33,13.3531
18123.92,25.17,13.3531
18124.92,25.24,13.3531
18125.92,25.12,13.3531
18126.92,25.13,13.3531
18127.92,25.23,13.3531
18128.93,25.13,13.3531
18129.93,25.12,13.3531
18130.93,25.22,13.3531
18131.93,25.15,13.3531
18132.93,25.19,13.3531
18133.93,25.26,13.3531
18134.93,25.17,13.3531
18135.94,25.16,13.3531
18136.94,25.3,13.3531
18137.94,25.16,13.3531
18138.94,25.13,13.3531
18139.94,25.27,13.3531
18140.94,25.16,13.3531
18141.94,25.12,13.3531
18142.95,25.26,13.3531
18143.95,25.12,13.3531
18144.95,25.22,13.3531
18145.95,25.11,13.3531
18146.95,25.12,13.3531
18147.95,25.22,13.3531
18148.95,25.11,13.3531
18149.96,25.11,13.3531
18150.96,25.21,13.3531
18151.96,25.12,13.3531
18152.96,25.24,13.3531
18153.96,25.16,13.3531
18154.96,25.17,13.3531
18155.97,25.27,13.3531
18156.97,25.18,13.353
18157.97,25.25,13.353
18158.97,25.17,13.353
18159.97,25.18,13.3531
18160.97,25.27,13.3531
18161.97,25.18,13.3532
18162.98,25.19,13.3532
18163.98,25.27,13.3532
18164.98,25.17,13.3532
18165.98,25.28,13.3532
18166.98,25.17,13.3532
18167.98,25.17,13.3532
18168.99,25.24,13.3532
18169.99,25.15,13.3532
18170.99,25.17,13.3532
18171.99,25.27,13.3532
18172.99,25.17,13.3532
18173.99,25.25,13.3532
18174.99,25.15,13.3532
18176.0,25.16,13.3532
18177.0,25.27,13.3532
18178.0,25.18,13.3532
18179.0,25.16,13.3532
18180.0,25.26,13.3532
18181.0,25.16,13.3532
18182.0,25.17,13.3532
18183.01,25.26,13.3532
18184.01,25.15,13.3532
18185.01,25.17,13.3532
18186.01,25.26,13.3533
18187.01,25.18,13.3533
18188.01,25.16,13.3533
18189.01,25.27,13.3533
18190.01,25.14,13.3533
18191.02,25.22,13.3533
18192.02,25.12,13.3533
18193.02,25.13,13.3535
18194.02,25.22,13.3535
18195.02,25.17,13.3535
18196.02,25.16,13.3535
18197.03,25.27,13.3535
18198.03,25.17,13.3535
18199.03,25.27,13.3535
18200.03,25.17,13.3535
18201.03,25.17,13.3535
18202.03,25.27,13.3535
18203.03,25.19,13.3535
18204.04,25.17,13.3535
18205.04,25.27,13.3535
18206.04,25.17,13.3535
18207.04,25.28,13.3535
18208.04,25.17,13.3535
18209.04,25.17,13.3535
18210.05,25.26,13.3535
18211.05,25.17,13.3535
18212.05,25.27,13.3535
18213.05,25.21,13.3535
18214.05,25.17,13.3535
18215.05,25.28,13.3535
18216.05,25.14,13.3535
18217.06,25.18,13.3535
18218.06,25.27,13.3535
18219.06,25.18,13.3535
18220.06,25.17,13.3535
18221.06,25.27,13.3535
18222.06,25.18,13.3535
18223.06,25.28,13.3536
18224.07,25.17,13.3536
18225.07,25.17,13.3536
18226.07,25.27,13.3536
18227.07,25.18,13.3536
18228.07,25.17,13.3536
18229.07,25.27,13.3536
18230.08,25.17,13.3536
18231.08,25.27,13.3536
18232.08,25.17,13.3536
18233.08,25.19,13.3536
18234.08,25.25,13.3536
18235.08,25.11,13.3536
18236.08,25.21,13.3536
18237.09,25.12,13.3536
18238.09,25.16,13.3536
18239.09,25.25,13.3536
18240.09,25.16,13.3536
18241.09,25.15,13.3536
18242.09,25.26,13.3536
18243.09,25.18,13.3536
18244.1,25.17,13.3536
18245.1,25.26,13.3536
18246.1,25.16,13.3536
18247.1,25.25,13.3536
18248.1,25.17,13.3536
18249.1,25.17,13.3536
18250.11,25.27,13.3536
18251.11,25.17,13.3536
18252.11,25.16,13.3536
18253.11,25.25,13.3537
18254.11,25.17,13.3537
18255.11,25.27,13.3537
18256.11,25.15,13.3537
18257.12,25.13,13.3537
18258.12,25.21,13.3537
18259.12,25.11,13.3537
18260.12,25.11,13.3537
18261.12,25.27,13.3537
18262.12,25.18,13.3537
18263.12,25.18,13.3537
18264.12,25.26,13.3537
18265.13,25.11,13.3537
18266.13,25.11,13.3537
18267.13,25.24,13.3537
18268.13,25.17,13.3537
18269.13,25.17,13.3537
18270.13,25.16,13.3537
18271.13,25.27,13.3537
18272.14,25.18,13.3537
18273.14,25.29,13.3537
18274.14,25.17,13.3537
18275.14,25.12,13.3537
18276.14,25.21,13.3537
18277.14,25.11,13.3537
18278.14,25.22,13.3537
18279.15,25.16,13.3537
18280.15,25.16,13.3537
18281.15,25.23,13.3537
18282.15,25.17,13.3537
18283.15,25.18,13.3538
18284.15,25.27,13.3538
18285.16,25.17,13.3538
18286.16,25.26,13.3538
18287.16,25.18,13.3538
18288.16,25.17,13.3538
18289.16,25.28,13.3538
18290.16,25.17,13.3538
18291.16,25.16,13.3538
18292.16,25.29,13.3538
18293.17,25.19,13.3538
18294.17,25.17,13.3538
18295.17,25.26,13.3538
18296.17,25.16,13.3538
18297.17,25.13,13.3538
18298.17,25.21,13.3538
18299.18,25.11,13.3538
18300.18,25.21,13.3538
18301.18,25.11,13.3538
18302.18,25.12,13.3538
18303.18,25.23,13.3538
18304.18,25.12,13.3538
18305.18,25.25,13.3538
18306.19,25.15,13.3538
18307.19,25.18,13.3538
18308.19,25.27,13.3538
18309.19,25.17,13.3538
18310.19,25.18,13.3538
18311.19,25.27,13.3538
18312.2,25.18,13.3538
18313.2,25.25,13.354
18314.2,25.12,13.354
18315.2,25.17,13.354
18316.2,25.27,13.354
18317.2,25.17,13.3539
18318.2,25.27,13.3539
18319.21,25.16,13.3539
18320.21,25.17,13.3539
18321.21,25.27,13.3539
18322.21,25.17,13.3539
18323.21,25.18,13.354
18324.21,25.26,13.354
18325.22,25.16,13.354
18326.22,25.26,13.354
18327.22,25.17,13.354
18328.22,25.17,13.354
18329.22,25.27,13.354
18330.22,25.16,13.354
18331.22,25.17,13.354
18332.23,25.27,13.354
18333.23,25.19,13.354
18334.23,25.27,13.354
18335.23,25.17,13.354
18336.23,25.17,13.354
18337.23,25.28,13.354
18338.23,25.13,13.354
18339.24,25.17,13.354
18340.24,25.22,13.354
18341.24,25.12,13.354
18342.24,25.27,13.354
18343.24,25.18,13.354
18344.24,25.16,13.354
18345.25,25.27,13.354
18346.25,25.14,13.354
18347.25,25.28,13.354
18348.25,25.17,13.354
18349.25,25.16,13.354
18350.25,25.26,13.354
18351.25,25.17,13.354
18352.26,25.18,13.3541
18353.26,25.28,13.3541
18354.26,25.16,13.3541
18355.26,25.24,13.3541
18356.26,25.14,13.3541
18357.26,25.17,13.3541
18358.27,25.27,13.3541
18359.27,25.17,13.3541
18360.27,25.27,13.3541
18361.27,25.17,13.3541
18362.27,25.19,13.3541
18363.27,25.29,13.3541
18364.27,25.17,13.3541
18365.28,25.17,13.3541
18366.28,25.21,13.3541
18367.28,25.17,13.3541
18368.28,25.17,13.3541
18369.28,25.27,13.3541
18370.28,25.17,13.3541
18371.28,25.27,13.3541
18372.29,25.18,13.3541
18373.29,25.19,13.3541
18374.29,25.27,13.3541
18375.29,25.17,13.3542
18376.29,25.27,13.3542
18377.29,25.13,13.3542
18378.3,25.11,13.3542
18379.3,25.22,13.3542
18380.3,25.11,13.3542
18381.3,25.11,13.3542
18382.3,25.22,13.3542
18383.3,25.13,13.3542
18384.3,25.21,13.3542
18385.31,25.12,13.3542
18386.31,25.14,13.3542
18387.31,25.3,13.3541
18388.31,25.16,13.3541
18389.31,25.17,13.3542
18390.31,25.28,13.3542
18391.31,25.16,13.3542
18392.32,25.17,13.3542
18393.32,25.28,13.3542
18394.32,25.16,13.3542
18395.32,25.17,13.3542
18396.32,25.26,13.3542
18397.32,25.17,13.3542
18398.32,25.21,13.3542
18399.33,25.17,13.3542
18400.33,25.16,13.3542
18401.33,25.22,13.3542
18402.33,25.12,13.3542
18403.33,25.22,13.3542
18404.33,25.12,13.3542
18405.34,25.16,13.3542
18406.34,25.28,13.3542
18407.34,25.18,13.3542
18408.34,25.17,13.3542
18409.34,25.27,13.3542
18410.34,25.17,13.3542
18411.34,25.17,13.3542
18412.35,25.26,13.3542
18413.35,25.19,13.3544
18414.35,25.18,13.3544
18415.35,25.27,13.3544
18416.35,25.17,13.3544
18417.35,25.28,13.3544
18418.35,25.17,13.3543
18419.36,25.17,13.3543
18420.36,25.26,13.3543
18421.36,25.17,13.3543
18422.36,25.28,13.3543
18423.36,25.17,13.3543
18424.36,25.17,13.3543
18425.36,25.29,13.3543
18426.37,25.16,13.3544
18427.37,25.17,13.3544
18428.37,25.28,13.3544
18429.37,25.16,13.3544
18430.37,25.14,13.3544
18431.37,25.23,13.3544
18432.37,25.15,13.3544
18433.38,25.16,13.3544
18434.38,25.26,13.3544
18435.38,25.18,13.3544
18436.38,25.27,13.3543
18437.38,25.17,13.3543
18438.38,25.17,13.3543
18439.38,25.24,13.3543
18440.39,25.16,13.3543
18441.39,25.16,13.3543
18442.39,25.28,13.3543
18443.39,25.2,13.3543
18444.39,25.17,13.3544
18445.39,25.27,13.3544
18446.39,25.19,13.3543
18447.4,25.18,13.3545
18448.4,25.27,13.3545
18449.4,25.17,13.3545
18450.4,25.17,13.3545
18451.4,25.25,13.3545
18452.4,25.17,13.3545
18453.4,25.28,13.3545
18454.41,25.17,13.3545
18455.41,25.17,13.3545
18456.41,25.26,13.3545
18457.41,25.18,13.3545
18458.41,25.17,13.3545
18459.41,25.27,13.3545
18460.41,25.15,13.3545
18461.42,25.21,13.3545
18462.42,25.17,13.3545
18463.42,25.18,13.3545
18464.42,25.27,13.3545
18465.42,25.17,13.3545
18466.42,25.16,13.3545
18467.43,25.31,13.3545
18468.43,25.15,13.3545
18469.43,25.27,13.3545
18470.43,25.17,13.3545
18471.43,25.17,13.3545
18472.43,25.28,13.3545
18473.43,25.19,13.3546
18474.44,25.17,13.3546
18475.44,25.27,13.3546
18476.44,25.17,13.3546
18477.44,25.28,13.3546
18478.44,25.16,13.3546
18479.44,25.17,13.3546
18480.44,25.29,13.3546
18481.45,25.17,13.3546
18482.45,25.18,13.3546
18483.45,25.28,13.3546
18484.45,25.18,13.3546
18485.45,25.16,13.3546
18486.45,25.27,13.3546
18487.46,25.17,13.3546
18488.46,25.26,13.3546
18489.46,25.17,13.3546
18490.46,25.17,13.3546
18491.46,25.27,13.3546
18492.46,25.18,13.3546
18493.46,25.28,13.3546
18494.47,25.19,13.3546
18495.47,25.17,13.3546
18496.47,25.16,13.3546
18497.47,25.28,13.3546
18498.47,25.17,13.3546
18499.47,25.27,13.3546
18500.47,25.17,13.3546
18501.48,25.17,13.3546
18502.48,25.27,13.3546
18503.48,25.18,13.3548
18504.48,25.26,13.3548
18505.48,25.17,13.3548
18506.48,25.16,13.3548
18507.48,25.24,13.3548
18508.49,25.11,13.3548
18509.49,25.12,13.3548
18510.49,25.21,13.3548
18511.49,25.14,13.3548
18512.49,25.18,13.3548
18513.49,25.28,13.3548
18514.49,25.17,13.3548
18515.5,25.27,13.3548
18516.5,25.16,13.3548
18517.5,25.18,13.3548
18518.5,25.21,13.3546
18519.5,25.11,13.3546
18520.5,25.15,13.3546
18521.5,25.28,13.3546
18522.51,25.17,13.3546
18523.51,25.17,13.3546
18524.51,25.29,13.3546
18525.51,25.17,13.3546
18526.51,25.17,13.3546
18527.51,25.3,13.3546
18528.51,25.16,13.3546
18529.52,25.16,13.3546
18530.52,25.28,13.3546
18531.52,25.16,13.3546
18532.52,25.17,13.3546
18533.52,25.29,13.3548
18534.52,25.17,13.3548
18535.52,25.17,13.3548
18536.53,25.27,13.3548
18537.53,25.18,13.3548
18538.53,25.17,13.3548
18539.53,25.27,13.3548
18540.53,25.17,13.3548
18541.53,25.26,13.3548
18542.53,25.2,13.3548
18543.53,25.18,13.3548
18544.54,25.27,13.3548
18545.54,25.16,13.3548
18546.54,25.13,13.3548
18547.54,25.27,13.3548
18548.54,25.16,13.3548
18549.54,25.17,13.3548
18550.55,25.27,13.3549
18551.55,25.17,13.3549
18552.55,25.28,13.3549
18553.55,25.18,13.3549
18554.55,25.17,13.3549
18555.55,25.27,13.3549
18556.55,25.17,13.3549
18557.56,25.18,13.3549
18558.56,25.27,13.3549
18559.56,25.16,13.3549
18560.56,25.27,13.3549
18561.56,25.17,13.3549
18562.56,25.21,13.355
18563.56,25.27,13.355
18564.57,25.15,13.355
18565.57,25.12,13.355
18566.57,25.22,13.355
18567.57,25.13,13.355
18568.57,25.22,13.355
18569.57,25.11,13.355
18570.58,25.12,13.355
18571.58,25.22,13.355
18572.58,25.15,13.355
18573.58,25.15,13.355
18574.58,25.27,13.355
18575.58,25.17,13.355
18576.58,25.15,13.355
18577.59,25.27,13.355
18578.59,25.17,13.355
18579.59,25.27,13.355
18580.59,25.16,13.355
18581.59,25.17,13.355
18582.59,25.29,13.355
18583.59,25.17,13.355
18584.6,25.17,13.355
18585.6,25.26,13.355
18586.6,25.11,13.355
18587.6,25.22,13.355
18588.6,25.16,13.355
18589.6,25.16,13.355
18590.61,25.26,13.355
18591.61,25.17,13.355
18592.61,25.19,13.3551
18593.61,25.27,13.3551
18594.61,25.17,13.3551
18595.61,25.21,13.3551
18596.61,25.11,13.3551
18597.62,25.13,13.3551
18598.62,25.25,13.3551
18599.62,25.13,13.3551
18600.62,25.14,13.3551
18601.62,25.25,13.3551
18602.62,25.18,13.3551
18603.62,25.12,13.3551
18604.62,25.23,13.3551
18605.63,25.11,13.3551
18606.63,25.15,13.3551
18607.63,25.29,13.3551
18608.63,25.19,13.3551
18609.63,25.19,13.3551
18610.63,25.16,13.3551
18611.63,25.24,13.3551
18612.63,25.14,13.3551
18613.64,25.12,13.3551
18614.64,25.26,13.3551
18615.64,25.13,13.3551
18616.64,25.12,13.3551
18617.64,25.24,13.3551
18618.64,25.16,13.3551
18619.64,25.16,13.3551
18620.65,25.24,13.3551
18621.65,25.15,13.3551
18622.65,25.29,13.3553
18623.65,25.14,13.3553
18624.65,25.11,13.3553
18625.65,25.25,13.3553
18626.65,25.17,13.3553
18627.66,25.2,13.3553
18628.66,25.26,13.3553
18629.66,25.17,13.3553
18630.66,25.14,13.3553
18631.66,25.27,13.3553
18632.66,25.19,13.3553
18633.66,25.27,13.3553
18634.67,25.17,13.3553
18635.67,25.17,13.3553
18636.67,25.27,13.3553
18637.67,25.18,13.3553
18638.67,25.18,13.3553
18639.67,25.26,13.3553
18640.68,25.16,13.3553
18641.68,25.27,13.3553
18642.68,25.19,13.3553
18643.68,25.17,13.3553
18644.68,25.27,13.3553
18645.68,25.17,13.3553
18646.68,25.16,13.3553
18647.69,25.27,13.3553
18648.69,25.16,13.3553
18649.69,25.26,13.3553
18650.69,25.11,13.3553
18651.69,25.11,13.3553
18652.69,25.39,13.3554
18653.69,25.16,13.3554
18654.7,25.17,13.3554
18655.7,25.27,13.3554
18656.7,25.17,13.3554
18657.7,25.18,13.3554
18658.7,25.27,13.3554
18659.7,25.17,13.3554
18660.7,25.27,13.3554
18661.71,25.17,13.3554
18662.71,25.19,13.3554
18663.71,25.29,13.3554
18664.71,25.17,13.3554
18665.71,25.16,13.3554
18666.71,25.27,13.3554
18667.71,25.18,13.3554
18668.72,25.18,13.3554
18669.72,25.26,13.3554
18670.72,25.15,13.3554
18671.72,25.26,13.3554
18672.72,25.16,13.3554
18673.72,25.14,13.3554
18674.73,25.22,13.3554
18675.73,25.13,13.3554
18676.73,25.17,13.3554
18677.73,25.28,13.3554
18678.73,25.16,13.3554
18679.73,25.26,13.3554
18680.73,25.17,13.3554
18681.74,25.16,13.3554
18682.74,25.29,13.3555
18683.74,25.17,13.3555
18684.74,25.17,13.3555
18685.74,25.27,13.3555
18686.74,25.17,13.3555
18687.74,25.28,13.3555
18688.75,25.17,13.3555
18689.75,25.11,13.3555
18690.75,25.22,13.3555
18691.75,25.17,13.3555
18692.75,25.29,13.3555
18693.75,25.19,13.3555
18694.75,25.16,13.3555
18695.76,25.26,13.3555
18696.76,25.16,13.3555
18697.76,25.18,13.3555
18698.76,25.27,13.3555
18699.76,25.17,13.3555
18700.76,25.17,13.3555
18701.77,25.26,13.3555
18702.77,25.18,13.3555
18703.77,25.26,13.3555
18704.77,25.18,13.3555
18705.77,25.16,13.3555
18706.77,25.28,13.3555
18707.77,25.17,13.3555
18708.78,25.16,13.3555
18709.78,25.27,13.3555
18710.78,25.16,13.3555
18711.78,25.16,13.3555
18712.78,25.29,13.3556
18713.78,25.17,13.3556
18714.78,25.27,13.3556
18715.79,25.12,13.3556
18716.79,25.15,13.3556
18717.79,39.41,9.0847
18718.79,88.14,2.6829
18719.79,77.19,3.0077
18720.79,83.1,3.1515
18721.79,86.66,3.4092
18722.8,82.61,3.8171
18723.8,78.9,4.2359
18724.8,77.16,4.6303
18725.8,76.87,5.0221
18726.8,76.29,5.4302
18727.8,75.48,5.8345
18728.8,75.28,6.2184
18729.8,76.0,6.6851
18730.81,77.01,6.9993
18731.81,79.81,7.4701
18732.81,78.32,7.6165
18733.81,76.0,7.7177
18734.81,75.18,7.7187
18735.81,62.89,7.7196
18736.81,51.89,7.72
18737.82,40.18,7.7203
18738.82,36.31,7.7203
18739.82,34.55,7.7204
18740.82,30.65,7.7204
18741.82,28.85,7.7204
18742.82,32.83,7.7131
18743.82,49.41,8.0705
18744.83,30.7,8.0705
18745.83,28.53,8.0705
18746.83,31.29,8.0705
18747.83,28.65,8.0705
18748.83,32.7,8.0705
18749.83,40.87,8.0705
18750.84,32.31,8.0705
18751.84,32.03,8.0705
18752.84,26.63,8.0705
18753.84,37.44,8.0708
18754.84,76.79,8.0809
18755.84,76.23,8.0815
18756.84,61.96,3.4331
18757.85,64.4,2.5634
18758.85,78.54,2.9662
18759.85,83.56,3.1982
18760.85,83.25,3.408
18761.85,79.12,3.7079
18762.85,76.53,4.0867
18763.86,77.88,4.4399
18764.86,75.9,4.7069
18765.86,75.53,4.9443
18766.86,76.84,5.2065
18767.86,76.34,5.4541
18768.86,47.7,6.3125
18769.87,25.28,7.1097
18770.87,67.12,8.3427
18771.87,100.2,9.1096
18772.87,69.79,9.6179
18773.87,27.23,9.6179
18774.87,42.67,9.6182
18775.87,77.99,9.6183
18776.88,76.11,9.6188
18777.88,76.79,9.62
18778.88,75.23,9.6214
18779.88,76.75,9.6219
18780.88,73.95,9.6226
18781.88,67.65,9.6235
18782.88,51.35,9.6236
18783.89,47.72,9.6237
18784.89,45.64,9.6237
18785.89,29.4,9.6237
18786.89,31.74,9.6237
18787.89,80.01,10.5275
18788.89,99.9,11.2174
18789.9,99.9,11.9017
18790.9,81.78,12.3048
18791.9,29.88,12.3539
18792.9,34.97,12.354
18793.9,26.61,12.354
18794.9,40.35,12.354
18795.9,47.14,12.354
18796.91,30.14,12.354
18797.91,26.76,12.354
18798.91,30.26,12.354
18799.91,29.86,12.354
18800.91,26.3,12.354
18801.91,25.25,12.354
18802.92,35.53,12.354
18803.92,25.54,12.354
18804.92,36.56,12.3541
18805.92,28.05,12.3541
18806.92,42.81,12.3541
18807.92,41.3,12.3541
18808.92,25.4,12.3541
18809.92,28.89,12.3541
18810.93,25.37,12.3541
18811.93,38.13,12.3541
18812.93,25.65,12.3541
18813.93,25.49,12.3541
18814.93,25.31,12.3543
18815.93,25.35,12.3543
18816.94,25.31,12.3543
18817.94,25.43,12.3543
18818.94,26.93,12.3543
18819.94,26.1,12.3543
18820.94,34.12,12.3543
18821.94,33.91,12.3543
18822.94,25.94,12.3542
18823.95,25.2,12.3542
18824.95,25.29,12.3542
18825.95,36.79,12.3542
18826.95,44.77,12.3542
18827.95,38.92,12.3542
18828.95,25.21,12.3542
18829.96,25.17,12.3542
18830.96,25.49,12.3542
18831.96,32.49,12.3542
18832.96,25.87,12.3542
18833.96,26.14,12.3542
18834.96,25.3,12.3542
18835.97,25.32,12.3542
18836.97,40.25,12.3542
18837.97,25.3,12.3542
18838.97,26.09,12.3542
18839.97,25.21,12.3542
18840.97,25.31,12.3542
18841.97,26.55,12.3542
18842.98,25.41,12.3542
18843.98,25.21,12.3542
18844.98,25.23,12.3542
18845.98,25.97,12.3544
18846.98,25.22,12.3544
18847.98,75.34,12.3614
18848.98,100.16,12.4769
18849.99,44.94,12.4769
18850.99,25.24,12.4769
18851.99,25.43,12.4769
18852.99,25.22,12.4769
18853.99,26.1,12.4769
18854.99,25.24,12.4769
18856.0,25.21,12.4769
18857.0,25.32,12.4769
18858.0,25.22,12.4769
18859.0,25.32,12.4769
18860.0,25.21,12.4769
18861.0,26.94,12.4769
18862.01,25.5,12.4769
18863.01,25.23,12.4769
18864.01,25.31,12.4769
18865.01,25.21,12.4769
18866.01,25.76,12.4769
18867.01,25.39,12.4769
18868.02,46.63,12.4769
18869.02,64.18,12.4774
18870.02,60.49,12.4774
18871.02,75.03,12.4874
18872.02,53.94,12.4878
18873.02,51.38,12.5125
18874.02,26.94,12.5095
18875.03,25.51,12.5095
18876.03,87.12,12.5339
18877.03,93.33,12.5372
18878.03,26.7,12.5109
18879.03,25.58,12.5109
18880.03,25.2,12.5109
18881.04,25.19,12.5109
18882.04,25.31,12.5109
18883.04,25.17,12.511
18884.04,25.23,12.511
18885.04,25.12,12.511
18886.04,81.64,12.5252
18887.05,76.54,12.5252
18888.05,25.21,12.5252
18889.05,25.28,12.5252
18890.05,25.17,12.5252
18891.05,25.19,12.5252
18892.05,25.31,12.5252
18893.06,25.94,12.5252
18894.06,25.49,12.5252
18895.06,25.17,12.5252
18896.06,80.55,12.5317
18897.06,73.7,12.532
18898.06,25.19,12.532
18899.06,27.62,12.532
18900.07,25.88,12.532
18901.07,91.75,13.2033
18902.07,85.27,13.2148
18903.07,25.21,13.2148
18904.07,25.3,13.2148
18905.07,25.17,13.2148
18906.08,41.61,13.3557
18907.08,25.29,13.3557
18908.08,25.18,13.3557
18909.08,29.5,13.3679
18910.08,25.16,13.3679
18911.08,25.25,13.3679
18912.09,28.75,13.3753
18913.09,25.16,13.3753
18914.09,25.25,13.3753
18915.09,29.16,13.3806
18916.09,25.29,13.3806
18917.09,25.19,13.3806
18918.1,29.07,13.3822
18919.1,25.28,13.3822
18920.1,25.18,13.3822
18921.1,25.28,13.3822
18922.1,28.92,13.386
18923.1,25.34,13.386
18924.1,25.27,13.386
18925.11,29.08,13.3884
18926.11,25.14,13.3884
18927.11,25.25,13.3884
18928.11,25.12,13.3884
18929.11,28.98,13.3914
18930.11,25.12,13.3914
18931.11,25.27,13.3913
18932.12,29.06,13.3937
18933.12,25.32,13.3937
18934.12,25.17,13.3937
18935.12,29.06,13.3966
18936.12,25.26,13.3966
18937.12,25.14,13.3966
18938.12,25.23,13.3966
18939.13,29.47,13.3985
18940.13,25.18,13.3985
18941.13,25.29,13.3985
18942.13,30.04,13.4013
18943.13,25.3,13.4013
18944.13,25.2,13.4013
18945.14,27.72,13.4013
18946.14,27.37,13.4047
18947.14,25.19,13.4047
18948.14,25.18,13.4047
18949.14,25.28,13.4047
18950.14,30.02,13.4097
18951.14,25.22,13.4097
18952.15,25.13,13.4097
18953.15,25.14,13.4098
18954.15,29.85,13.4123
18955.15,25.12,13.4123
18956.15,25.22,13.4123
18957.15,25.13,13.4123
18958.16,25.12,13.4123
18959.16,29.58,13.4158
18960.16,25.12,13.4158
18961.16,25.23,13.4158
18962.16,25.13,13.4158
18963.16,28.77,13.4186
18964.16,25.29,13.4186
18965.17,25.17,13.4186
18966.17,25.17,13.4186
18967.17,25.27,13.4186
18968.17,28.74,13.4226
18969.17,25.23,13.4226
18970.17,25.11,13.4226
18971.18,25.11,13.4226
18972.18,25.24,13.4226
18973.18,25.13,13.4226
18974.18,29.06,13.4271
18975.18,25.23,13.4271
18976.18,25.13,13.4272
18977.18,25.13,13.4271
18978.18,25.16,13.4272
18979.18,25.3,13.4272
18980.19,29.07,13.4322
18981.19,25.17,13.4322
18982.19,25.29,13.4322
18983.19,25.19,13.4322
18984.19,25.27,13.4322
18985.19,25.21,13.4322
18986.2,29.22,13.4365
18987.2,25.29,13.4365
18988.2,25.18,13.4365
18989.2,25.23,13.4365
18990.2,25.18,13.4365
18991.2,25.28,13.4365
18992.21,28.94,13.4409
18993.21,25.22,13.441
18994.21,25.23,13.441
18995.21,25.17,13.441
18996.21,25.15,13.441
18997.21,25.24,13.441
18998.22,29.13,13.4492
18999.22,25.23,13.4492
19000.22,25.14,13.4492
19001.22,25.15,13.4492
19002.22,25.26,13.4492
19003.22,25.19,13.4492
19004.22,25.29,13.4492
19005.23,30.42,13.4546
19006.23,25.13,13.4546
19007.23,25.3,13.4546
19008.23,25.15,13.4546
19009.23,25.18,13.4546
19010.23,25.28,13.4546
19011.23,25.18,13.4546
19012.24,30.64,13.461
19013.24,25.3,13.461
19014.24,25.18,13.461
19015.24,25.29,13.461
19016.24,25.18,13.461
19017.24,25.19,13.461
19018.25,25.27,13.461
19019.25,29.85,13.4654
19020.25,25.2,13.4654
19021.25,25.28,13.4654
19022.25,25.19,13.4654
19023.25,25.22,13.4655
19024.25,25.28,13.4655
19025.26,25.18,13.4655
19026.26,25.28,13.4655
19027.26,29.15,13.472
19028.26,25.29,13.472
19029.26,25.18,13.472
19030.26,25.18,13.472
19031.27,25.28,13.472
19032.27,25.19,13.472
19033.27,25.29,13.472
19034.27,28.71,13.4757
19035.27,25.15,13.4757
19036.27,25.2,13.4757
19037.28,25.17,13.4757
19038.28,25.23,13.4757
19039.28,25.12,13.4757
19040.28,25.12,13.4757
19041.28,25.22,13.4757
19042.28,29.48,13.48
19043.29,25.24,13.48
19044.29,25.12,13.48
19045.29,25.22,13.48
19046.29,25.12,13.48
19047.29,25.13,13.48
19048.29,25.24,13.48
19049.3,25.12,13.48
19050.3,25.22,13.48
19051.3,29.45,13.4874
19052.3,25.19,13.4874
19053.3,25.29,13.4875
19054.3,25.18,13.4875
19055.31,25.27,13.4875
19056.31,25.17,13.4875
19057.31,25.28,13.4875
19058.31,25.17,13.4875
19059.31,28.86,13.4934
19060.31,25.28,13.4934
19061.32,25.17,13.4934
19062.32,25.28,13.4935
19063.32,25.19,13.4935
19064.32,25.17,13.4935
19065.32,25.27,13.4935
19066.32,25.17,13.4935
19067.33,30.95,13.5004
19068.33,25.17,13.5004
19069.33,25.27,13.5004
19070.33,25.17,13.5004
19071.33,25.17,13.5004
19072.33,25.28,13.5004
19073.34,25.19,13.5004
19074.34,25.27,13.5004
19075.34,31.06,13.5075
19076.34,25.17,13.5075
19077.34,25.28,13.5075
19078.34,25.17,13.5075
19079.35,25.27,13.5075
19080.35,25.17,13.5075
19081.35,25.17,13.5075
19082.35,25.28,13.5075
19083.35,30.88,13.5138
19084.35,25.27,13.5138
19085.35,25.18,13.5138
19086.36,25.27,13.5138
19087.36,25.18,13.5138
19088.36,25.18,13.5138
19089.36,25.28,13.5138
19090.36,25.18,13.5138
19091.36,29.4,13.5207
19092.37,25.18,13.5207
19093.37,25.2,13.5209
19094.37,25.28,13.5209
19095.37,25.17,13.5209
19096.37,25.18,13.5209
19097.37,25.28,13.5209
19098.38,25.18,13.5209
19099.38,29.51,13.5292
19100.38,25.17,13.5292
19101.38,25.18,13.5292
19102.38,25.31,13.5292
19103.38,25.19,13.5292
19104.38,25.18,13.5292
19105.38,25.28,13.5292
19106.39,25.17,13.5292
19107.39,25.18,13.5292
19108.39,29.7,13.5374
19109.39,25.18,13.5374
19110.39,25.28,13.5374
19111.39,25.17,13.5374
19112.4,25.16,13.5374
19113.4,25.24,13.5374
19114.4,25.12,13.5374
19115.4,25.26,13.5374
19116.4,25.18,13.5374
19117.4,29.64,13.545
19118.41,25.28,13.545
19119.41,25.16,13.545
19120.41,25.21,13.545
19121.41,25.12,13.545
19122.41,25.13,13.545
19123.41,25.28,13.545
19124.42,25.18,13.545
19125.42,25.26,13.545
19126.42,29.51,13.5519
19127.42,25.16,13.5519
19128.42,25.24,13.5519
19129.42,25.15,13.5519
19130.43,25.24,13.5519
19131.43,25.12,13.5519
19132.43,25.26,13.5519
19133.43,25.18,13.552
19134.43,25.17,13.552
19135.43,25.23,13.552
19136.44,31.12,13.559
19137.44,25.3,13.559
19138.44,25.19,13.559
19139.44,25.18,13.559
19140.44,25.3,13.559
19141.44,25.16,13.559
19142.44,25.14,13.559
19143.44,25.27,13.5591
19144.45,31.7,13.5657
19145.45,25.17,13.5657
19146.45,25.27,13.5657
19147.45,25.16,13.5657
19148.45,25.28,13.5657
19149.45,25.19,13.5657
19150.46,25.18,13.5657
19151.46,25.28,13.5657
19152.46,25.19,13.5657
19153.46,31.02,13.5746
19154.46,25.17,13.5746
19155.46,25.27,13.5746
19156.47,25.17,13.5746
19157.47,25.2,13.5746
19158.47,25.28,13.5746
19159.47,25.16,13.5746
19160.47,25.18,13.5746
19161.47,25.28,13.5746
19162.47,29.87,13.5835
19163.48,25.29,13.5835
19164.48,25.18,13.5835
19165.48,25.18,13.5835
19166.48,25.23,13.5835
19167.48,25.12,13.5835
19168.48,25.24,13.5835
19169.49,25.12,13.5835
19170.49,25.15,13.5835
19171.49,29.79,13.5914
19172.49,25.18,13.5914
19173.49,25.24,13.5915
19174.49,25.13,13.5915
19175.5,25.14,13.5915
19176.5,25.29,13.5915
19177.5,25.16,13.5915
19178.5,25.23,13.5915
19179.5,25.18,13.5915
19180.5,25.18,13.5915
19181.51,29.58,13.5978
19182.51,25.2,13.5978
19183.51,25.3,13.5978
19184.51,25.17,13.5978
19185.51,25.17,13.5978
19186.51,25.27,13.5978
19187.52,25.17,13.5978
19188.52,25.23,13.5978
19189.52,25.12,13.5978
19190.52,29.23,13.6029
19191.52,25.27,13.6029
19192.52,25.32,13.6029
19193.52,25.3,13.6029
19194.53,25.18,13.6029
19195.53,25.17,13.6029
19196.53,25.26,13.6029
19197.53,25.2,13.6029
19198.53,25.28,13.6029
19199.53,25.21,13.6029
19200.54,29.37,13.6088
19201.54,25.28,13.6088
19202.54,25.18,13.6088
19203.54,25.19,13.6088
19204.54,25.28,13.6088
19205.54,25.18,13.6088
19206.55,25.28,13.6088
19207.55,25.18,13.6088
19208.55,25.29,13.6088
19209.55,31.61,13.6204
19210.55,25.18,13.6204
19211.55,25.25,13.6204
19212.55,25.2,13.6204
19213.56,25.28,13.6204
19214.56,25.2,13.6204
19215.56,25.18,13.6204
19216.56,25.27,13.6204
19217.56,25.17,13.6204
19218.56,31.77,13.6277
19219.57,25.28,13.6277
19220.57,25.17,13.6277
19221.57,25.29,13.6277
19222.57,25.2,13.6277
19223.57,25.17,13.6277
19224.57,25.3,13.6277
19225.57,25.17,13.6277
19226.58,25.18,13.6277
19227.58,29.38,13.6379
19228.58,25.17,13.6379
19229.58,25.2,13.6379
19230.58,25.28,13.6379
19231.58,25.17,13.6379
19232.58,25.17,13.6379
19233.59,25.25,13.6379
19234.59,25.18,13.6379
19235.59,25.26,13.6379
19236.59,25.16,13.6379
19237.59,29.8,13.6462
19238.59,25.27,13.6462
19239.6,25.13,13.6462
19240.6,25.22,13.6462
19241.6,25.12,13.6462
19242.6,25.19,13.6462
19243.6,25.24,13.6462
19244.6,25.17,13.6462
19245.6,25.29,13.6462
19246.61,25.14,13.6462
19247.61,28.81,13.6535
19248.61,25.28,13.6535
19249.61,25.18,13.6535
19250.61,25.28,13.6535
19251.61,25.18,13.6535
19252.62,25.22,13.6535
19253.62,25.28,13.6535
19254.62,25.18,13.6535
19255.62,25.28,13.6535
19256.62,25.17,13.6535
19257.62,29.46,13.6599
19258.63,25.17,13.6599
19259.63,25.14,13.6599
19260.63,25.28,13.6599
19261.63,25.18,13.6599
19262.63,25.3,13.6601
19263.63,25.19,13.6601
19264.63,25.18,13.6601
19265.64,25.27,13.6601
19266.64,25.17,13.6601
19267.64,28.96,13.6653
19268.64,25.28,13.6653
19269.64,25.16,13.6653
19270.64,25.17,13.6653
19271.65,25.28,13.6653
19272.65,25.21,13.6653
19273.65,25.27,13.6653
19274.65,25.17,13.6653
19275.65,25.18,13.6653
19276.65,31.96,13.6727
19277.66,25.19,13.6727
19278.66,25.27,13.6727
19279.66,25.18,13.6727
19280.66,25.18,13.6727
19281.66,25.24,13.6727
19282.66,25.15,13.6728
19283.67,25.22,13.6728
19284.67,25.13,13.6728
19285.67,31.77,13.6806
19286.67,25.17,13.6806
19287.67,25.19,13.6806
19288.67,25.25,13.6806
19289.68,25.15,13.6806
19290.68,25.27,13.6806
19291.68,25.17,13.6806
19292.68,25.21,13.6806
19293.68,25.28,13.6806
19294.68,29.28,13.6875
19295.69,25.28,13.6875
19296.69,25.18,13.6875
19297.69,25.2,13.6875
19298.69,25.29,13.6875
19299.69,25.18,13.6875
19300.69,25.28,13.6875
19301.7,25.17,13.6875
19302.7,25.3,13.6875
19303.7,30.04,13.6964
19304.7,25.17,13.6964
19305.7,25.27,13.6964
19306.7,25.17,13.6964
19307.7,25.29,13.6964
19308.71,25.17,13.6964
19309.71,25.17,13.6964
19310.71,25.27,13.6964
19311.71,25.18,13.6964
19312.71,25.29,13.6965
19313.71,28.83,13.7066
19314.72,25.17,13.7066
19315.72,25.27,13.7066
19316.72,25.17,13.7066
19317.72,25.28,13.7067
19318.72,25.18,13.7067
19319.72,25.25,13.7067
19320.73,25.16,13.7067
19321.73,25.16,13.7067
19322.73,25.29,13.7067
19323.73,29.8,13.7156
19324.73,25.28,13.7156
19325.73,25.2,13.7156
19326.74,25.18,13.7156
19327.74,25.29,13.7156
19328.74,25.61,13.7156
19329.74,25.18,13.7156
19330.74,25.27,13.7156
19331.74,25.17,13.7156
19332.74,25.2,13.7158
19333.75,30.04,13.7257
19334.75,25.18,13.7257
19335.75,25.27,13.7257
19336.75,25.18,13.7257
19337.75,25.29,13.7257
19338.75,25.18,13.7257
19339.76,25.17,13.7257
19340.76,25.28,13.7257
19341.76,25.17,13.7257
19342.76,32.01,13.7362
19343.76,25.24,13.7362
19344.76,25.13,13.7362
19345.76,25.17,13.7362
19346.76,25.29,13.7362
19347.77,25.19,13.7362
19348.77,25.18,13.7362
19349.77,25.28,13.7362
19350.77,25.16,13.7362
19351.77,25.28,13.7362
19352.77,31.51,13.7431
19353.78,25.16,13.7431
19354.78,25.26,13.7431
19355.78,25.17,13.7431
19356.78,25.27,13.7431
19357.78,25.18,13.7431
19358.78,25.18,13.7431
19359.79,25.27,13.7431
19360.79,25.19,13.7431
19361.79,29.28,13.7538
19362.79,25.31,13.7538
19363.79,25.15,13.7538
19364.79,25.12,13.7538
19365.79,25.22,13.7538
19366.8,25.17,13.7538
19367.8,25.25,13.7538
19368.8,25.12,13.7538
19369.8,25.12,13.7538
19370.8,25.21,13.7538
19371.8,25.17,13.7538
19372.8,29.79,13.7607
19373.81,25.28,13.7607
19374.81,25.16,13.7607
19375.81,25.25,13.7607
19376.81,25.18,13.7607
19377.81,25.19,13.7607
19378.81,25.27,13.7607
19379.82,25.18,13.7607
19380.82,25.28,13.7607
19381.82,29.71,13.7683
19382.82,25.2,13.7683
19383.82,25.28,13.7683
19384.82,25.15,13.7683
19385.83,25.27,13.7683
19386.83,25.16,13.7683
19387.83,25.24,13.7683
19388.83,25.19,13.7683
19389.83,25.18,13.7683
19390.83,25.28,13.7683
19391.84,29.62,13.7748
19392.84,25.25,13.7749
19393.84,25.12,13.7749
19394.84,25.17,13.7749
19395.84,25.27,13.7749
19396.84,25.15,13.7749
19397.84,25.29,13.7749
19398.85,25.17,13.7749
19399.85,25.16,13.7749
19400.85,25.25,13.7749
19401.85,29.74,13.7823
19402.85,25.29,13.7823
19403.85,25.17,13.7823
19404.86,25.18,13.7823
19405.86,25.27,13.7823
19406.86,25.19,13.7823
19407.86,25.28,13.7823
19408.86,25.18,13.7823
19409.86,25.18,13.7823
19410.87,25.27,13.7823
19411.87,31.61,13.7902
19412.87,25.26,13.7902
19413.87,25.19,13.7902
19414.87,25.18,13.7902
19415.87,25.29,13.7902
19416.87,25.19,13.7902
19417.88,25.19,13.7902
19418.88,25.29,13.7902
19419.88,25.18,13.7902
19420.88,25.25,13.7902
19421.88,32.11,13.7988
19422.88,25.19,13.7989
19423.89,25.27,13.7989
19424.89,25.17,13.7989
19425.89,25.28,13.7989
19426.89,25.21,13.7989
19427.89,25.18,13.7989
19428.89,25.29,13.7989
19429.89,25.18,13.7989
19430.9,25.18,13.7989
19431.9,29.5,13.8056
19432.9,25.2,13.8056
19433.9,25.28,13.8056
19434.9,25.17,13.8056
19435.9,25.18,13.8056
19436.91,25.29,13.8056
19437.91,25.17,13.8056
19438.91,25.27,13.8056
19439.91,25.17,13.8056
19440.91,25.18,13.8056
19441.91,29.08,13.8139
19442.92,25.19,13.8139
19443.92,25.28,13.8139
19444.92,25.18,13.8139
19445.92,25.28,13.8139
19446.92,25.19,13.8139
19447.92,25.18,13.8139
19448.93,25.29,13.8139
19449.93,25.18,13.8139
19450.93,25.27,13.8139
19451.93,28.96,13.8226
19452.93,25.15,13.8227
19453.93,25.23,13.8227
19454.94,25.14,13.8227
19455.94,25.25,13.8227
19456.94,25.19,13.8227
19457.94,25.18,13.8227
19458.94,25.25,13.8227
19459.94,25.15,13.8227
19460.95,25.27,13.8227
19461.95,29.64,13.8304
19462.95,25.29,13.8304
19463.95,25.17,13.8304
19464.95,25.17,13.8304
19465.95,25.27,13.8304
19466.95,25.19,13.8304
19467.96,25.21,13.8304
19468.96,25.28,13.8304
19469.96,25.18,13.8304
19470.96,25.12,13.8304
19471.96,28.98,13.838
19472.96,25.2,13.8381
19473.96,25.28,13.8381
19474.97,25.18,13.8381
19475.97,25.17,13.8381
19476.97,25.31,13.8381
19477.97,25.19,13.8381
19478.97,25.19,13.8381
19479.97,25.29,13.8381
19480.97,31.95,13.8459
19481.98,25.18,13.8459
19482.98,25.31,13.8459
19483.98,25.17,13.8459
19484.98,25.17,13.8459
19485.98,25.27,13.8459
19486.98,25.16,13.8459
19487.98,25.25,13.8459
19488.99,25.15,13.8459
19489.99,25.15,13.8459
19490.99,31.62,13.8509
19491.99,25.31,13.8509
19492.99,25.3,13.8509
19493.99,25.18,13.8509
19495.0,25.28,13.8509
19496.0,25.17,13.8509
19497.0,25.19,13.8509
19498.0,25.3,13.8509
19499.0,25.18,13.8509
19500.0,30.02,13.8567
19501.0,25.29,13.8567
19502.01,25.18,13.8567
19503.01,25.19,13.8567
19504.01,25.27,13.8567
19505.01,25.18,13.8567
19506.01,25.17,13.8567
19507.01,25.29,13.8567
19508.02,25.17,13.8567
19509.02,25.29,13.8567
19510.02,29.48,13.8618
19511.02,25.28,13.8618
19512.02,25.19,13.8618
19513.02,25.19,13.8619
19514.03,25.27,13.8619
19515.03,25.14,13.8619
19516.03,25.22,13.8619
19517.03,25.13,13.8619
19518.03,25.13,13.8619
19519.03,25.22,13.8619
19520.04,28.99,13.8679
19521.04,25.27,13.8679
19522.04,25.18,13.8679
19523.04,25.29,13.8679
19524.04,25.18,13.8679
19525.04,25.17,13.8679
19526.04,25.3,13.8679
19527.05,25.16,13.8679
19528.05,25.12,13.8679
19529.05,28.92,13.8733
19530.05,25.14,13.8734
19531.05,25.24,13.8734
19532.05,25.15,13.8734
19533.06,25.16,13.8735
19534.06,25.21,13.8735
19535.06,25.18,13.8735
19536.06,25.28,13.8735
19537.06,25.19,13.8735
19538.06,29.52,13.8774
19539.07,25.19,13.8774
19540.07,25.18,13.8774
19541.07,25.27,13.8774
19542.07,25.19,13.8774
19543.07,25.28,13.8776
19544.07,25.18,13.8776
19545.08,25.12,13.8776
19546.08,29.81,13.8812
19547.08,25.21,13.8812
19548.08,25.18,13.8812
19549.08,25.28,13.8812
19550.08,25.13,13.8812
19551.08,25.14,13.8812
19552.09,25.23,13.8812
19553.09,25.13,13.8812
19554.09,25.22,13.8812
19555.09,31.86,13.8837
19556.09,25.17,13.8838
19557.09,25.28,13.8838
19558.1,25.17,13.8838
19559.1,25.27,13.8838
19560.1,25.17,13.8838
19561.1,25.28,13.8838
19562.1,25.18,13.8838
19563.1,25.21,13.8838
19564.1,25.25,13.8838
19565.11,30.3,13.8908
19566.11,25.18,13.8908
19567.11,25.28,13.8908
19568.11,25.18,13.8908
19569.11,25.3,13.8908
19570.11,25.17,13.8908
19571.12,25.18,13.8908
19572.12,25.3,13.8908
19573.12,25.19,13.8908
19574.12,29.66,13.8961
19575.12,25.31,13.8961
19576.12,25.17,13.8961
19577.12,25.19,13.8961
19578.12,25.3,13.8961
19579.13,25.18,13.8961
19580.13,25.17,13.8961
19581.13,25.28,13.8961
19582.13,25.18,13.8961
19583.13,25.29,13.8961
19584.13,29.52,13.9015
19585.14,25.18,13.9015
19586.14,25.27,13.9015
19587.14,25.15,13.9015
19588.14,25.22,13.9015
19589.14,25.12,13.9015
19590.14,25.23,13.9015
19591.15,25.12,13.9015
19592.15,25.16,13.9015
19593.15,25.29,13.9015
19594.15,29.56,13.9074
19595.15,25.27,13.9074
19596.15,25.18,13.9074
19597.16,25.19,13.9074
19598.16,25.28,13.9074
19599.16,25.17,13.9074
19600.16,25.23,13.9074
19601.16,25.16,13.9074
19602.16,25.2,13.9074
19603.17,25.3,13.9074
19604.17,29.44,13.9125
19605.17,25.27,13.9125
19606.17,25.17,13.9125
19607.17,25.16,13.9125
19608.17,25.22,13.9125
19609.18,25.12,13.9125
19610.18,25.22,13.9125
19611.18,25.12,13.9125
19612.18,25.18,13.9125
19613.18,30.3,13.9165
19614.18,25.17,13.9165
19615.19,25.27,13.9165
19616.19,25.18,13.9165
19617.19,25.22,13.9165
19618.19,25.29,13.9165
19619.19,25.18,13.9165
19620.19,25.17,13.9165
19621.19,31.4,13.9198
19622.2,25.18,13.9198
19623.2,25.3,13.9198
19624.2,25.18,13.9198
19625.2,25.14,13.9198
19626.2,25.28,13.9198
19627.2,25.19,13.9198
19628.2,25.29,13.9198
19629.21,25.18,13.9198
19630.21,30.58,13.9225
19631.21,25.44,13.9225
19632.21,25.19,13.9225
19633.21,25.29,13.9225
19634.21,25.14,13.9225
19635.22,25.12,13.9225
19636.22,25.22,13.9225
19637.22,25.13,13.9225
19638.22,25.22,13.9225
19639.22,25.12,13.9225
19640.22,29.85,13.9287
19641.23,25.17,13.9287
19642.23,25.17,13.9287
19643.23,25.29,13.9287
19644.23,25.18,13.9287
19645.23,25.28,13.9287
19646.23,25.18,13.9287
19647.24,25.44,13.9287
19648.24,25.24,13.9287
19649.24,25.13,13.9287
19650.24,29.97,13.9373
19651.24,25.14,13.9373
19652.24,25.16,13.9373
19653.25,25.27,13.9373
19654.25,25.16,13.9373
19655.25,25.23,13.9373
19656.25,25.13,13.9373
19657.25,25.24,13.9373
19658.25,25.13,13.9373
19659.26,25.13,13.9373
19660.26,25.22,13.9373
19661.26,29.58,13.945
19662.26,25.28,13.945
19663.26,25.18,13.945
19664.26,25.15,13.945
19665.26,25.25,13.945
19666.27,25.16,13.945
19667.27,25.18,13.945
19668.27,25.22,13.945
19669.27,25.12,13.945
19670.27,25.21,13.945
19671.27,25.11,13.945
19672.28,29.67,13.9571
19673.28,25.23,13.9571
19674.28,25.13,13.9571
19675.28,25.24,13.9571
19676.28,25.14,13.9571
19677.28,25.25,13.9571
19678.29,25.16,13.9571
19679.29,25.18,13.9571
19680.29,25.27,13.9571
19681.29,25.17,13.9571
19682.29,31.19,13.9629
19683.29,25.16,13.963
19684.3,25.25,13.963
19685.3,25.15,13.963
19686.3,25.17,13.963
19687.3,25.3,13.963
19688.3,25.18,13.963
19689.3,25.28,13.963
19690.31,25.18,13.963
19691.31,25.14,13.963
19692.31,31.9,13.969
19693.31,25.19,13.969
19694.31,25.27,13.969
19695.31,25.18,13.969
19696.32,25.17,13.969
19697.32,25.29,13.969
19698.32,25.13,13.969
19699.32,25.27,13.969
19700.32,25.18,13.969
19701.32,25.28,13.969
19702.33,29.91,13.9739
19703.33,25.18,13.9739
19704.33,25.3,13.9739
19705.33,25.17,13.9739
19706.33,25.17,13.9739
19707.33,25.28,13.9739
19708.34,25.17,13.9739
19709.34,25.2,13.974
19710.34,25.27,13.974
19711.34,25.18,13.974
19712.34,25.3,13.974
19713.34,29.52,13.9798
19714.34,25.18,13.9798
19715.35,25.26,13.9798
19716.35,25.12,13.9798
19717.35,25.24,13.9798
19718.35,25.12,13.9798
19719.35,25.13,13.9798
19720.35,25.22,13.9798
19721.36,25.15,13.9798
19722.36,25.3,13.9798
19723.36,25.18,13.9798
19724.36,29.62,13.9855
19725.36,25.25,13.9855
19726.36,25.12,13.9855
19727.36,25.19,13.9855
19728.36,25.27,13.9855
19729.37,25.13,13.9855
19730.37,25.16,13.9855
19731.37,25.27,13.9855
19732.37,25.19,13.9855
19733.37,25.3,13.9855
19734.37,29.68,13.9909
19735.38,25.18,13.9909
19736.38,25.27,13.9909
19737.38,25.19,13.9909
19738.38,25.28,13.9909
19739.38,25.18,13.9909
19740.38,25.17,13.9909
19741.39,25.27,13.9909
19742.39,25.19,13.9909
19743.39,25.29,13.9909
19744.39,29.85,13.9975
19745.39,25.17,13.9975
19746.39,25.28,13.9975
19747.4,25.19,13.9975
19748.4,25.27,13.9975
19749.4,25.18,13.9975
19750.4,25.18,13.9975
19751.4,25.27,13.9975
19752.4,25.18,13.9975
19753.4,31.75,14.0026
19754.41,25.18,14.0026
19755.41,25.19,14.0026
19756.41,25.28,14.0026
19757.41,25.19,14.0026
19758.41,25.18,14.0026
19759.41,25.26,14.0026
19760.42,25.11,14.0026
19761.42,25.21,14.0026
19762.42,25.13,14.0026
19763.42,31.24,14.0062
19764.42,25.28,14.0062
19765.42,25.18,14.0062
19766.42,25.28,14.0062
19767.43,25.19,14.0062
19768.43,25.14,14.0062
19769.43,25.23,14.0062
19770.43,25.12,14.0062
19771.43,25.23,14.0062
19772.43,29.95,14.0097
19773.44,25.3,14.0097
19774.44,25.18,14.0097
19775.44,25.17,14.0097
19776.44,25.28,14.0097
19777.44,25.19,14.0097
19778.44,25.28,14.0097
19779.45,25.18,14.0097
19780.45,25.18,14.0097
19781.45,25.28,14.0097
19782.45,29.03,14.0157
19783.45,25.29,14.0157
19784.45,25.18,14.0157
19785.46,25.27,14.0157
19786.46,25.17,14.0157
19787.46,25.14,14.0157
19788.46,25.24,14.0158
19789.46,25.17,14.0158
19790.46,25.27,14.0158
19791.47,25.19,14.0158
19792.47,25.19,14.0158
19793.47,29.19,14.0218
19794.47,25.19,14.0218
19795.47,25.28,14.0218
19796.47,25.18,14.0218
19797.47,25.17,14.0218
19798.48,25.22,14.0218
19799.48,25.15,14.0218
19800.48,25.12,14.0218
19801.48,25.25,14.0218
19802.48,25.19,14.0218
19803.48,29.62,14.0279
19804.49,25.18,14.0279
19805.49,25.2,14.0279
19806.49,25.28,14.0279
19807.49,25.19,14.0279
19808.49,25.18,14.0279
19809.49,25.28,14.0279
19810.5,25.17,14.0279
19811.5,25.28,14.0279
19812.5,25.19,14.0279
19813.5,26.98,14.028
19814.5,28.48,14.0327
19815.5,25.18,14.0327
19816.5,25.28,14.0327
19817.51,25.19,14.0327
19818.51,25.18,14.0327
19819.51,25.28,14.0327
19820.51,25.17,14.0327
19821.51,25.27,14.0327
19822.51,25.19,14.0327
19823.52,31.41,14.0396
19824.52,25.28,14.0396
19825.52,25.18,14.0396
19826.52,25.27,14.0396
19827.52,25.19,14.0396
19828.52,25.17,14.0396
19829.53,25.27,14.0396
19830.53,25.17,14.0396
19831.53,25.27,14.0396
19832.53,30.99,14.0439
19833.53,25.29,14.0439
19834.53,25.18,14.0439
19835.54,25.17,14.0439
19836.54,25.28,14.0439
19837.54,25.19,14.0439
19838.54,25.27,14.0439
19839.54,25.19,14.0439
19840.54,25.18,14.0439
19841.55,25.28,14.0439
19842.55,29.67,14.0469
19843.55,25.29,14.047
19844.55,25.17,14.047
19845.55,25.27,14.047
19846.55,25.18,14.047
19847.56,25.19,14.047
19848.56,25.27,14.047
19849.56,25.18,14.047
19850.56,25.27,14.047
19851.56,28.81,14.0477
19852.56,25.79,14.0504
19853.57,25.28,14.0504
19854.57,25.18,14.0504
19855.57,25.27,14.0504
19856.57,25.17,14.0504
19857.57,25.18,14.0504
19858.57,25.29,14.0504
19859.58,25.17,14.0504
19860.58,25.28,14.0504
19861.58,25.18,14.0504
19862.58,29.6,14.0562
19863.58,25.28,14.0562
19864.58,25.17,14.0562
19865.58,25.28,14.0562
19866.59,25.17,14.0562
19867.59,25.18,14.0562
19868.59,25.28,14.0562
19869.59,25.18,14.0562
19870.59,25.27,14.0562
19871.59,25.18,14.0562
19872.6,25.16,14.0562
19873.6,29.58,14.062
19874.6,25.15,14.062
19875.6,25.25,14.062
19876.6,25.15,14.062
19877.6,25.13,14.062
19878.61,25.21,14.062
19879.61,25.12,14.062
19880.61,25.22,14.062
19881.61,25.12,14.0621
19882.61,25.17,14.0621
19883.61,30.71,14.0682
19884.61,25.18,14.0682
19885.62,25.18,14.0682
19886.62,25.3,14.0682
19887.62,25.18,14.0682
19888.62,25.17,14.0682
19889.62,25.28,14.0682
19890.62,25.17,14.0682
19891.62,25.28,14.0682
19892.63,25.23,14.0682
19893.63,31.39,14.074
19894.63,25.28,14.074
19895.63,25.17,14.074
19896.63,25.16,14.074
19897.63,25.29,14.0742
19898.64,25.18,14.0742
19899.64,25.29,14.0743
19900.64,25.18,14.0743
19901.64,25.19,14.0743
19902.64,30.98,14.08
19903.64,25.16,14.0799
19904.64,25.27,14.0798
19905.65,25.17,14.0798
19906.65,25.17,14.0798
19907.65,25.28,14.0798
19908.65,25.14,14.0798
19909.65,25.22,14.0798
19910.65,25.15,14.0798
19911.66,25.17,14.0798
19912.66,29.24,14.0839
19913.66,25.18,14.0838
19914.66,25.27,14.0838
19915.66,25.18,14.0838
19916.66,25.28,14.0838
19917.67,25.15,14.0838
19918.67,25.16,14.0838
19919.67,25.28,14.0838
19920.67,25.18,14.0838
19921.67,29.16,14.0873
19922.67,25.2,14.0875
19923.68,25.17,14.0874
19924.68,25.28,14.0875
19925.68,25.17,14.0875
19926.68,25.28,14.0875
19927.68,25.18,14.0875
19928.68,25.18,14.0875
19929.69,25.27,14.0875
19930.69,25.17,14.0875
19931.69,28.46,14.0874
19932.69,26.46,14.0916
19933.69,25.17,14.0915
19934.69,25.27,14.0915
19935.69,25.17,14.0914
19936.7,25.27,14.0914
19937.7,25.19,14.0914
19938.7,25.17,14.0914
19939.7,25.28,14.0914
19940.7,25.18,14.0914
19941.7,25.27,14.0914
19942.71,29.59,14.099
19943.71,25.18,14.099
19944.71,25.28,14.099
19945.71,25.2,14.099
19946.71,25.18,14.099
19947.71,25.29,14.099
19948.71,25.19,14.099
19949.72,25.28,14.099
19950.72,25.13,14.099
19951.72,25.13,14.099
19952.72,30.03,14.1042
19953.72,25.15,14.1042
19954.72,25.16,14.1042
19955.73,25.27,14.1042
19956.73,25.18,14.1042
19957.73,71.95,2.6016
19958.73,79.33,2.964
19959.73,57.77,3.2117
19960.73,87.14,3.3673
19961.73,79.15,3.62
19962.73,77.23,4.0062
19963.73,76.35,4.3966
19964.74,77.52,4.7035
19965.74,75.31,4.9645
19966.74,76.73,5.2219
19967.74,77.02,5.4714
19968.74,53.38,6.2054
19969.74,25.93,7.0542
19970.75,68.61,8.3243
19971.75,99.98,9.0908
19972.75,57.75,9.4847
19973.75,26.54,9.585
19974.75,44.76,9.5852
19975.75,77.84,9.5881
19976.75,75.6,9.5903
19977.76,76.03,9.5928
19978.76,77.57,9.5908
19979.76,74.54,9.595
19980.76,50.86,9.5955
19981.76,62.96,9.5956
19982.76,41.64,9.5956
19983.77,33.23,9.5956
19984.77,26.15,9.5956
19985.77,31.23,9.5957
19986.77,75.05,10.4424
19987.77,99.9,11.1472
19988.77,99.91,11.8358
19989.77,94.05,12.3735
19990.77,27.42,12.4215
19991.78,38.51,12.4215
19992.78,25.97,12.4215
19993.78,32.09,12.4215
19994.78,26.39,12.4215
19995.78,28.58,12.4215
19996.78,25.42,12.4215
19997.79,30.57,12.4215
19998.79,26.91,12.4215
19999.79,28.6,12.4215
20000.79,27.06,12.4216
20001.79,46.33,12.4218
20002.79,38.65,12.4218
20003.8,28.62,12.4218
20004.8,25.53,12.4218
20005.8,28.05,12.4218
20006.8,30.03,12.4218
20007.8,34.62,12.4218
20008.8,25.82,12.4218
20009.8,25.4,12.4218
20010.81,25.28,12.4217
20011.81,25.37,12.4217
20012.81,25.31,12.4217
20013.81,25.74,12.4217
20014.81,26.96,12.4217
20015.81,28.68,12.4217
20016.81,25.21,12.4217
20017.82,25.23,12.4217
20018.82,25.39,12.4217
20019.82,25.22,12.4217
20020.82,25.22,12.4217
20021.82,25.32,12.4217
20022.82,25.26,12.4217
20023.82,25.91,12.4217
20024.82,25.32,12.4217
20025.83,25.26,12.4218
20026.83,26.36,12.4218
20027.83,25.51,12.4218
20028.83,30.83,12.4218
20029.83,47.36,12.4218
20030.83,25.2,12.4218
20031.84,29.52,12.4218
20032.84,25.3,12.4218
20033.84,25.21,12.4218
20034.84,26.77,12.4218
20035.84,25.21,12.4218
20036.84,25.32,12.4218
20037.85,25.32,12.4218
20038.85,25.74,12.4218
20039.85,25.34,12.4218
20040.85,57.11,12.4303
20041.85,99.88,12.5424
20042.85,79.95,12.5424
20043.85,25.24,12.5424
20044.86,25.33,12.5424
20045.86,26.23,12.5424
20046.86,25.27,12.5424
20047.86,25.22,12.5425
20048.86,25.88,12.5423
20049.86,32.7,12.5424
20050.86,25.28,12.5424
20051.87,26.71,12.5424
20052.87,25.43,12.5424
20053.87,25.31,12.5424
20054.87,25.15,12.5424
20055.87,25.2,12.5424
20056.87,25.33,12.5425
20057.88,25.24,12.5425
20058.88,37.45,12.5425
20059.88,70.03,12.543
20060.88,50.25,12.543
20061.88,70.93,12.5584
20062.88,59.52,12.6057
20063.88,45.2,12.6171
20064.88,25.91,12.6171
20065.89,36.88,12.6178
20066.89,99.95,12.6391
20067.89,63.87,12.5797
20068.89,32.04,12.5797
20069.89,25.22,12.5797
20070.89,25.41,12.5797
20071.89,25.19,12.5797
20072.9,29.86,12.5797
20073.9,31.98,12.5797
20074.9,34.41,12.5797
20075.9,25.94,12.5797
20076.9,25.2,12.5797
20077.9,25.21,12.5797
20078.91,26.02,12.5797
20079.91,25.23,12.5797
20080.91,25.3,12.5797
20081.91,25.2,12.5797
20082.91,35.21,12.5799
20083.91,31.41,12.5799
20084.92,28.27,12.5799
20085.92,25.28,12.5799
20086.92,39.13,12.5799
20087.92,28.22,12.5799
20088.92,34.49,2.4348
20089.92,78.58,2.7643
20090.92,78.76,3.2108
20091.93,89.37,3.3994
20092.93,85.74,3.759
20093.93,78.88,4.1222
20094.93,78.0,4.4496
20095.93,76.56,4.7134
20096.93,75.58,4.9568
20097.94,75.35,5.1821
20098.94,76.96,5.3942
20099.94,73.68,5.8817
20100.94,25.5,6.7934
20101.94,45.03,7.8196
20102.94,99.9,8.8229
20103.94,83.51,9.4796
20104.94,25.24,9.4796
20105.95,36.11,9.4799
20106.95,77.86,9.4819
20107.95,76.72,9.4861
20108.95,76.68,9.4896
20109.95,75.37,9.5909
20110.95,77.23,9.5964
20111.96,76.45,9.5964
20112.96,58.97,9.5966
20113.96,55.97,9.5966
20114.96,46.36,9.5967
20115.96,50.74,9.5967
20116.96,27.92,9.5968
20117.96,35.98,9.6108
20118.97,99.89,10.7022
20119.97,99.89,11.4022
20120.97,100.2,12.0899
20121.97,73.18,12.3798
20122.97,29.93,12.4279
20123.97,38.61,12.4279
20124.97,33.67,12.4215
20125.98,38.76,12.4215
20126.98,33.95,12.4224
20127.98,34.51,12.4304
20128.98,29.29,12.4304
20129.98,33.04,12.4304
20130.98,41.56,12.4304
20131.99,26.01,12.4304
20132.99,25.41,12.4304
20133.99,44.07,12.4307
20134.99,27.84,12.4244
20135.99,41.3,12.4245
20136.99,31.08,12.4245
20137.99,30.82,12.4245
20139.0,26.32,12.4245
20140.0,25.63,12.4245
20141.0,28.48,12.4246
20142.0,25.32,12.4246
20143.0,26.04,12.4247
20144.0,25.57,12.4247
20145.01,29.87,12.4247
20146.01,25.27,12.4247
20147.01,25.61,12.4247
20148.01,26.15,12.4247
20149.01,32.75,12.4247
20150.01,25.88,12.4247
20151.02,28.71,12.4247
20152.02,25.21,12.4247
20153.02,25.25,12.4247
20154.02,25.33,12.4247
20155.02,25.23,12.4247
20156.02,26.23,12.4247
20157.03,25.79,12.4247
20158.03,25.25,12.4247
20159.03,25.34,12.4247
20160.03,25.21,12.4247
20161.03,25.24,12.4247
20162.03,25.32,12.4247
20163.04,25.23,12.4247
20164.04,26.78,12.4246
20165.04,25.4,12.4246
20166.04,35.54,12.4247
20167.04,25.2,12.4247
20168.04,26.1,12.4247
20169.05,26.91,12.4247
20170.05,25.24,12.4247
20171.05,25.3,12.4247
20172.05,26.59,12.4247
20173.05,25.45,12.4249
20174.05,25.19,12.4249
20175.06,26.06,12.4247
20176.06,25.39,12.4247
20177.06,25.65,12.4247
20178.06,69.92,12.4249
20179.06,99.83,12.5383
20180.06,72.07,12.5383
20181.07,25.33,12.5383
20182.07,25.21,12.5383
20183.07,25.33,12.5383
20184.07,25.51,12.5383
20185.07,25.33,12.5384
20186.07,25.32,12.5383
20187.07,25.26,12.5383
20188.08,25.3,12.5383
20189.08,25.46,12.5383
20190.08,25.34,12.5383
20191.08,25.32,12.5383
20192.08,25.22,12.5383
20193.08,25.33,12.5384
20194.09,25.21,12.5384
20195.09,25.21,12.5384
20196.09,25.39,12.5384
20197.09,66.18,12.5389
20198.09,68.51,12.539
20199.09,37.07,12.539
20200.09,25.59,12.539
20201.1,52.31,12.5396
20202.1,39.69,4.5132
20203.1,62.11,2.6222
20204.1,78.89,2.9404
20205.1,75.99,3.2266
20206.1,86.94,3.3828
20207.1,86.3,3.7293
20208.11,79.32,4.1016
20209.11,77.27,4.4505
20210.11,77.58,4.7274
20211.11,77.0,4.9752
20212.11,75.53,5.228
20213.11,77.47,5.4605
20214.11,69.07,6.0854
20215.12,28.05,6.9424
20216.12,56.74,8.1394
20217.12,99.89,8.97
20218.12,71.75,9.4977
20219.12,25.31,9.4977
20220.12,43.48,9.4978
20221.12,77.13,9.4978
20222.13,75.75,9.5004
20223.13,76.19,9.5023
20224.13,75.84,9.6028
20225.13,77.79,9.6032
20226.13,49.73,9.6034
20227.13,40.61,9.6038
20228.13,45.81,9.6039
20229.14,38.89,9.604
20230.14,30.16,9.604
20231.14,30.27,9.604
20232.14,36.08,9.746
20233.14,100.13,10.787
20234.14,99.94,11.4495
20235.14,99.85,12.1315
20236.14,65.7,12.3914
20237.15,25.8,12.4338
20238.15,33.52,12.4338
20239.15,34.01,12.4337
20240.15,39.81,12.4337
20241.15,27.31,12.4338
20242.15,45.09,12.4338
20243.15,31.35,12.4339
20244.16,31.39,12.4337
20245.16,27.02,12.4337
20246.16,31.73,12.4337
20247.16,25.87,12.4339
20248.16,33.59,12.4339
20249.16,33.54,12.434
20250.16,26.3,12.434
20251.16,40.61,12.434
20252.17,41.23,12.434
20253.17,34.51,12.434
20254.17,25.75,12.434
20255.17,25.89,12.434
20256.17,29.17,12.434
20257.17,25.28,12.434
20258.18,26.03,12.434
20259.18,25.29,12.434
20260.18,25.2,12.434
20261.18,25.48,12.434
20262.18,26.13,12.434
20263.18,26.32,12.434
20264.19,25.96,12.434
20265.19,25.15,12.434
20266.19,25.27,12.434
20267.19,32.17,12.434
20268.19,25.31,12.434
20269.2,25.2,12.4341
20270.2,26.17,12.4341
20271.2,25.5,12.4341
20272.2,25.22,12.4341
20273.2,25.38,12.4341
20274.2,25.21,12.4341
20275.2,25.33,12.4341
20276.21,25.24,12.4341
20277.21,25.55,12.4341
20278.21,25.96,12.4341
20279.21,25.19,12.4341
20280.21,35.42,12.4341
20281.21,25.19,12.4341
20282.22,26.05,12.4342
20283.22,25.96,12.4342
20284.22,25.22,12.4342
20285.22,25.31,12.4342
20286.22,25.27,12.4342
20287.22,25.22,12.4342
20288.23,25.43,12.4342
20289.23,25.34,12.4342
20290.23,25.79,12.4342
20291.23,69.76,12.4343
20292.23,99.84,12.5502
20293.23,69.59,12.556
20294.24,25.19,12.556
20295.24,25.36,12.556
20296.24,25.16,12.556
20297.24,25.26,12.556
20298.24,25.27,12.556
20299.24,25.14,12.556
20300.24,30.46,12.556
20301.25,25.25,12.556
20302.25,25.68,12.556
20303.25,25.6,12.5562
20304.25,25.21,12.5562
20305.25,25.22,12.5562
20306.25,25.31,12.5562
20307.26,25.36,12.5561
20308.26,38.24,12.5561
20309.26,48.78,6.5205
20310.26,52.06,2.5766
20311.26,80.26,2.8983
20312.26,75.55,3.2228
20313.26,84.06,3.3759
20314.26,84.34,3.623
20315.27,81.51,3.8773
20316.27,77.06,4.1327
20317.27,78.33,4.4545
20318.27,76.76,4.7439
20319.27,76.97,4.9874
20320.27,75.77,5.2439
20321.27,75.88,5.4966
20322.28,58.46,6.223
20323.28,26.16,7.0366
20324.28,62.8,8.271
20325.28,99.93,9.0429
20326.28,64.1,9.4972
20327.28,25.2,9.4972
20328.28,38.94,9.4972
20329.29,77.99,9.4973
20330.29,75.79,9.5997
20331.29,77.01,9.6002
20332.29,75.48,9.6004
20333.29,57.91,9.6007
20334.29,33.49,9.6007
20335.29,41.01,9.6007
20336.3,38.21,9.6007
20337.3,32.6,9.6007
20338.3,26.26,9.6007
20339.3,25.88,9.6007
20340.3,28.86,9.6007
20341.3,86.91,10.5553
20342.31,100.19,11.2206
20343.31,99.9,11.8894
20344.31,89.05,12.3829
20345.31,33.47,12.431
20346.31,37.27,12.4311
20347.31,25.49,12.4311
20348.32,39.28,12.4311
20349.32,28.66,12.4311
20350.32,26.54,12.4311
20351.32,28.94,12.4311
20352.32,26.07,12.4311
20353.32,28.19,12.4311
20354.32,25.26,12.4311
20355.33,25.38,12.4311
20356.33,25.71,12.4311
20357.33,39.65,12.4311
20358.33,29.97,12.4311
20359.33,35.57,12.4311
20360.33,28.92,12.4311
20361.34,37.29,12.4311
20362.34,25.65,12.4311
20363.34,27.3,12.4311
20364.34,39.75,12.4311
20365.34,26.26,12.4311
20366.34,25.25,12.4311
20367.34,25.31,12.4311
20368.35,25.49,12.4311
20369.35,25.3,12.4311
20370.35,26.66,12.4311
20371.35,27.33,12.4311
20372.35,25.88,12.4311
20373.35,25.22,12.4311
20374.36,25.21,12.4312
20375.36,25.31,12.4312
20376.36,25.85,12.4312
20377.36,25.26,12.4312
20378.36,25.41,12.4312
20379.36,25.62,12.4312
20380.37,25.3,12.4313
20381.37,25.51,12.4313
20382.37,25.96,12.4313
20383.37,25.32,12.4313
20384.37,39.55,12.4317
20385.37,25.35,12.4317
20386.38,26.08,12.4317
20387.38,26.51,12.4317
20388.38,28.41,12.4317
20389.38,26.92,12.4317
20390.38,25.42,12.4317
20391.38,25.21,12.4317
20392.39,25.41,12.4317
20393.39,25.76,12.4317
20394.39,33.73,12.4317
20395.39,99.88,12.5039
20396.39,68.56,12.55
20397.39,25.36,12.55
20398.39,25.3,12.55
20399.4,26.05,12.55
20400.4,25.33,12.55
20401.4,25.86,12.55
20402.4,30.02,12.55
20403.4,25.36,12.55
20404.4,25.57,12.55
20405.4,25.2,12.55
20406.41,25.3,12.55
20407.41,25.19,12.5501
20408.41,25.43,12.5501
20409.41,56.34,12.5501
20410.41,46.83,12.5504
20411.41,38.47,12.5504
20412.42,63.44,12.557
20413.42,51.03,12.5602
20414.42,52.92,12.5937
20415.42,34.2,12.5537
20416.42,57.42,12.5617
20417.42,99.85,12.5756
20418.42,53.53,12.5776
20419.42,25.35,12.5776
20420.43,26.74,12.5776
20421.43,25.24,12.5776
20422.43,25.34,12.5776
20423.43,26.29,12.5775
20424.43,45.34,12.5777
20425.43,79.6,12.5845
20426.44,81.33,12.5846
20427.44,29.62,12.5846
20428.44,25.19,12.5846
20429.44,25.29,12.5847
20430.44,25.16,12.5847
20431.44,25.17,12.5846
20432.45,25.3,12.5846
20433.45,86.77,12.585
20434.45,90.26,12.585
20435.45,25.18,12.585
20436.45,25.18,12.585
20437.45,46.86,12.8272
20438.45,99.83,13.2899
20439.46,47.84,13.2898
20440.46,25.25,13.2898
20441.46,25.19,13.2898
20442.46,40.85,13.4271
20443.46,25.32,13.4271
20444.46,25.17,13.4273
20445.46,28.83,13.4275
20446.47,25.26,13.4275
20447.47,25.16,13.4275
20448.47,28.92,13.4277
20449.47,25.48,13.4277
20450.47,25.53,13.4277
20451.47,28.96,13.4277
20452.48,25.2,13.4277
20453.48,25.96,13.4277
20454.48,28.81,13.4278
20455.48,25.19,13.4278
20456.48,25.27,13.4278
20457.48,28.85,13.4281
20458.48,25.31,13.4279
20459.49,25.21,13.4279
20460.49,25.19,13.4279
20461.49,28.98,13.4281
20462.49,25.22,13.4281
20463.49,25.21,13.4281
20464.49,28.89,13.4282
20465.49,25.21,13.4281
20466.5,25.29,13.4281
20467.5,25.19,13.4281
20468.5,28.85,13.4282
20469.5,25.25,13.4282
20470.5,25.16,13.4282
20471.5,28.87,13.4284
20472.51,25.3,13.4283
20473.51,25.22,13.4284
20474.51,27.42,13.4283
20475.51,26.78,13.4284
20476.51,25.2,13.4284
20477.51,25.34,13.4284
20478.51,25.2,13.4284
20479.52,28.84,13.4284
20480.52,25.3,13.4285
20481.52,25.14,13.4285
20482.52,28.78,13.4285
20483.52,25.31,13.4285
20484.52,25.19,13.4285
20485.52,25.19,13.4285
20486.52,28.92,13.4285
20487.53,25.2,13.4285
20488.53,25.2,13.4286
20489.53,25.3,13.4286
20490.53,28.92,13.4286
20491.53,25.3,13.4286
20492.53,25.21,13.4286
20493.54,25.2,13.4286
20494.54,25.32,13.4286
20495.54,29.09,13.4286
20496.54,25.18,13.4286
20497.54,25.28,13.4286
20498.54,25.17,13.4286
20499.54,25.29,13.4286
20500.55,29.7,13.4286
20501.55,25.18,13.4287
20502.55,25.3,13.4288
20503.55,25.17,13.4288
20504.55,25.28,13.4288
20505.55,30.15,13.429
20506.56,25.17,13.429
20507.56,25.28,13.429
20508.56,25.17,13.429
20509.56,25.28,13.429
20510.56,25.17,13.4289
20511.56,30.07,13.429
20512.57,25.3,13.4291
20513.57,25.15,13.429
20514.57,25.27,13.429
20515.57,25.12,13.429
20516.57,25.14,13.429
20517.57,29.54,13.4292
20518.57,25.17,13.4292
20519.58,25.19,13.4291
20520.58,25.26,13.4291
20521.58,25.17,13.4291
20522.58,25.17,13.4291
20523.58,28.91,13.4291
20524.58,25.18,13.4291
20525.58,25.26,13.4291
20526.59,25.18,13.4292
20527.59,25.19,13.4292
20528.59,25.27,13.4292
20529.59,25.18,13.4292
20530.59,28.79,13.4292
20531.59,25.14,13.4292
20532.6,25.16,13.4293
20533.6,25.26,13.4293
20534.6,25.16,13.4293
20535.6,25.27,13.4293
20536.6,25.12,13.4293
20537.6,28.82,13.4294
20538.61,25.3,13.4294
20539.61,25.17,13.4294
20540.61,25.25,13.4294
20541.61,25.16,13.4294
20542.61,25.19,13.4294
20543.61,25.26,13.4294
20544.62,25.17,13.4294
20545.62,28.84,13.4294
20546.62,25.17,13.4294
20547.62,25.19,13.4294
20548.62,25.3,13.4293
20549.62,25.18,13.4293
20550.62,25.17,13.4293
20551.62,25.3,13.4293
20552.63,28.87,13.4295
20553.63,25.18,13.4295
20554.63,25.3,13.4295
20555.63,25.18,13.4295
20556.63,25.22,13.4295
20557.63,25.33,13.4295
20558.63,25.18,13.4295
20559.63,29.12,13.4296
20560.64,25.28,13.4296
20561.64,25.18,13.4296
20562.64,25.22,13.4297
20563.64,25.27,13.4297
20564.64,25.17,13.4297
20565.64,25.27,13.4296
20566.65,25.64,13.4296
20567.65,29.99,13.4298
20568.65,25.27,13.4298
20569.65,25.18,13.4298
20570.65,25.29,13.4299
20571.65,25.18,13.4299
20572.66,25.21,13.4299
20573.66,25.26,13.4299
20574.66,25.14,13.4299
20575.66,31.15,13.4299
20576.66,25.18,13.4299
20577.66,25.19,13.4299
20578.67,25.27,13.4299
20579.67,25.17,13.4299
20580.67,25.25,13.4299
20581.67,25.16,13.4299
20582.67,25.31,13.4299
20583.67,29.11,13.4299
20584.68,25.18,13.4299
20585.68,25.31,13.4299
20586.68,25.16,13.4299
20587.68,25.19,13.4299
20588.68,25.31,13.4298
20589.68,25.19,13.4299
20590.68,25.17,13.4299
20591.69,28.82,13.43
20592.69,25.2,13.43
20593.69,25.17,13.43
20594.69,25.25,13.43
20595.69,25.17,13.43
20596.69,25.28,13.43
20597.69,25.18,13.43
20598.7,25.17,13.43
20599.7,28.82,13.4302
20600.7,25.13,13.4302
20601.7,25.25,13.4302
20602.7,25.14,13.4302
20603.7,25.12,13.4302
20604.71,25.22,13.4302
20605.71,25.12,13.4302
20606.71,25.58,13.4302
20607.71,25.14,13.4302
20608.71,28.85,13.4302
20609.71,25.25,13.4302
20610.72,25.17,13.4302
20611.72,25.27,13.4302
20612.72,25.18,13.4302
20613.72,25.17,13.4302
20614.72,25.27,13.4302
20615.72,25.17,13.4302
20616.73,25.26,13.4301
20617.73,28.77,13.4304
20618.73,25.18,13.4303
20619.73,25.27,13.4303
20620.73,25.18,13.4303
20621.73,25.27,13.4303
20622.74,25.19,13.4305
20623.74,25.29,13.4305
20624.74,25.18,13.4305
20625.74,29.01,13.4306
20626.74,25.28,13.4306
20627.74,25.19,13.4306
20628.74,25.28,13.4306
20629.75,25.18,13.4306
20630.75,25.18,13.4305
20631.75,25.28,13.4305
20632.75,25.2,13.4307
20633.75,25.28,13.4307
20634.75,31.0,13.4309
20635.76,25.17,13.4309
20636.76,25.27,13.4309
20637.76,25.18,13.4309
20638.76,25.28,13.4309
20639.76,25.18,13.4309
20640.76,25.15,13.4309
20641.77,25.23,13.4309
20642.77,25.19,13.4309
20643.77,30.57,13.4309
20644.77,25.17,13.4309
20645.77,25.17,13.4309
20646.77,25.27,13.4309
20647.78,25.18,13.4309
20648.78,25.28,13.4309
20649.78,25.18,13.4309
20650.78,25.28,13.4309
20651.78,25.17,13.4309
20652.78,28.96,13.431
20653.78,25.28,13.431
20654.79,25.12,13.431
20655.79,25.13,13.431
20656.79,25.27,13.431
20657.79,25.12,13.431
20658.79,25.12,13.431
20659.79,25.25,13.431
20660.79,25.13,13.431
20661.8,25.18,13.431
20662.8,28.95,13.4311
20663.8,25.18,13.4311
20664.8,25.17,13.4311
20665.8,25.3,13.4311
20666.8,25.18,13.4311
20667.8,25.19,13.4311
20668.81,25.28,13.4311
20669.81,25.18,13.4311
20670.81,25.28,13.4311
20671.81,25.18,13.4311
20672.81,28.73,13.4311
20673.81,25.27,13.4311
20674.82,25.17,13.4311
20675.82,25.29,13.4311
20676.82,25.17,13.4311
20677.82,25.19,13.4311
20678.82,25.27,13.4311
20679.82,25.19,13.4311
20680.82,25.18,13.4311
20681.83,25.27,13.4311
20682.83,28.87,13.4312
20683.83,25.28,13.4312
20684.83,25.18,13.4312
20685.83,25.18,13.4312
20686.83,25.29,13.4312
20687.83,25.2,13.4312
20688.84,25.17,13.4312
20689.84,25.28,13.4312
20690.84,25.17,13.4312
20691.84,29.16,13.4315
20692.84,25.29,13.4316
20693.84,25.18,13.4316
20694.84,25.28,13.4315
20695.85,25.18,13.4315
20696.85,25.19,13.4315
20697.85,25.27,13.4314
20698.85,25.17,13.4314
20699.85,25.26,13.4314
20700.85,25.11,13.4314
20701.86,31.03,13.4315
20702.86,25.18,13.4316
20703.86,25.13,13.4316
20704.86,25.26,13.4316
20705.86,25.14,13.4316
20706.86,25.24,13.4316
20707.87,25.13,13.4316
20708.87,25.16,13.4316
20709.87,25.27,13.4316
20710.87,30.51,13.4318
20711.87,25.28,13.4318
20712.87,25.18,13.4318
20713.88,25.17,13.4318
20714.88,25.27,13.4318
20715.88,25.18,13.4318
20716.88,25.28,13.4318
20717.88,25.15,13.4317
20718.88,25.28,13.4317
20719.89,28.97,13.4317
20720.89,25.18,13.4318
20721.89,25.29,13.4317
20722.89,25.18,13.4319
20723.89,25.27,13.4318
20724.89,25.18,13.4318
20725.9,25.18,13.4318
20726.9,25.28,13.4318
20727.9,25.17,13.4318
20728.9,25.24,13.4318
20729.9,28.75,13.4322
20730.9,25.27,13.4319
20731.91,25.18,13.4321
20732.91,25.18,13.4322
20733.91,25.27,13.4321
20734.91,25.18,13.4321
20735.91,25.27,13.4321
20736.91,25.18,13.4321
20737.92,25.17,13.4321
20738.92,25.29,13.432
20739.92,28.86,13.4322
20740.92,25.26,13.4322
20741.92,25.18,13.4321
20742.92,25.33,13.4322
20743.93,25.27,13.4322
20744.93,25.17,13.4322
20745.93,25.27,13.4322
20746.93,25.18,13.4322
20747.93,25.17,13.4322
20748.93,25.28,13.4323
20749.94,28.72,13.4323
20750.94,25.28,13.4323
20751.94,25.18,13.4324
20752.94,25.22,13.4324
20753.94,25.26,13.4324
20754.94,25.16,13.4324
20755.94,25.28,13.4324
20756.95,25.19,13.4324
20757.95,25.18,13.4324
20758.95,25.27,13.4323
20759.95,29.09,13.4324
20760.95,25.27,13.4324
20761.95,25.19,13.4324
20762.96,25.2,13.4326
20763.96,25.27,13.4326
20764.96,25.18,13.4326
20765.96,25.27,13.4325
20766.96,25.18,13.4325
20767.96,25.28,13.4325
20768.97,31.06,13.4325
20769.97,25.17,13.4325
20770.97,25.25,13.4325
20771.97,25.17,13.4325
20772.97,25.28,13.4326
20773.97,25.17,13.4326
20774.98,25.17,13.4326
20775.98,25.24,13.4326
20776.98,25.16,13.4326
20777.98,25.29,13.4326
20778.98,30.61,13.4326
20779.98,25.18,13.4326
20780.99,25.26,13.4326
20781.99,25.18,13.4326
20782.99,25.3,13.4326
20783.99,25.17,13.4326
20784.99,25.18,13.4326
20785.99,25.3,13.4326
20786.99,25.19,13.4326
20788.0,28.92,13.4326
20789.0,25.27,13.4326
20790.0,25.18,13.4326
20791.0,25.28,13.4326
20792.0,25.18,13.4326
20793.0,25.19,13.4328
20794.0,25.27,13.4328
20795.01,25.17,13.4328
20796.01,25.17,13.4328
20797.01,25.3,13.4328
20798.01,28.81,13.4329
20799.01,25.15,13.4329
20800.01,25.3,13.4329
20801.01,25.13,13.4329
20802.02,25.14,13.4329
20803.02,25.28,13.433
20804.02,25.18,13.433
20805.02,25.27,13.433
20806.02,25.16,13.433
20807.02,25.17,13.433
20808.03,28.0,13.433
20809.03,26.01,13.4331
20810.03,25.17,13.4331
20811.03,25.27,13.4331
20812.03,25.18,13.4331
20813.03,25.73,13.4331
20814.03,25.16,13.4331
20815.04,25.13,13.4331
20816.04,25.28,13.4331
20817.04,25.18,13.4332
20818.04,25.18,13.4331
20819.04,28.95,13.4331
20820.04,25.18,13.4331
20821.04,25.17,13.4331
20822.05,25.27,13.4333
20823.05,25.19,13.4334
20824.05,25.27,13.4334
20825.05,25.17,13.4334
20826.05,25.16,13.4333
20827.05,25.25,13.4333
20828.06,25.17,13.4333
20829.06,29.54,13.4334
20830.06,25.18,13.4334
20831.06,25.24,13.4334
20832.06,25.18,13.4334
20833.06,25.18,13.4333
20834.07,25.26,13.4333
20835.07,25.15,13.4333
20836.07,25.27,13.4333
20837.07,25.18,13.4334
20838.07,31.08,13.4334
20839.07,25.27,13.4333
20840.07,25.18,13.4333
20841.08,25.24,13.4333
20842.08,25.17,13.4334
20843.08,25.14,13.4335
20844.08,25.21,13.4335
20845.08,25.12,13.4334
20846.08,25.25,13.4334
20847.09,25.17,13.4334
20848.09,30.31,13.4335
20849.09,25.26,13.4335
20850.09,25.17,13.4335
20851.09,25.28,13.4335
20852.09,25.18,13.4335
20853.1,25.18,13.4337
20854.1,25.27,13.4337
20855.1,25.17,13.4337
20856.1,25.27,13.4337
20857.1,25.18,13.4337
20858.1,28.79,13.4337
20859.11,25.27,13.4337
20860.11,25.14,13.4337
20861.11,25.23,13.4337
20862.11,25.14,13.4337
20863.11,25.17,13.4337
20864.11,25.27,13.4337
20865.12,25.14,13.4337
20866.12,25.22,13.4337
20867.12,25.12,13.4337
20868.12,28.84,13.434
20869.12,25.16,13.434
20870.12,25.17,13.434
20871.13,25.27,13.434
20872.13,25.13,13.434
20873.13,25.26,13.434
20874.13,25.17,13.434
20875.13,25.18,13.434
20876.13,25.29,13.434
20877.13,25.18,13.434
20878.14,25.17,13.434
20879.14,28.79,13.434
20880.14,25.13,13.434
20881.14,25.22,13.434
20882.14,25.13,13.434
20883.14,25.24,13.434
20884.15,25.12,13.434
20885.15,25.14,13.434
20886.15,25.26,13.434
20887.15,25.14,13.4339
20888.15,25.26,13.4339
20889.15,28.71,13.434
20890.16,25.18,13.434
20891.16,25.28,13.4341
20892.16,25.18,13.4341
20893.16,25.29,13.4341
20894.16,25.16,13.4341
20895.16,25.17,13.4341
20896.17,25.27,13.4341
20897.17,25.18,13.4342
20898.17,25.27,13.4342
20899.17,30.28,13.4342
20900.17,25.27,13.4342
20901.17,25.17,13.4342
20902.18,25.17,13.4342
20903.18,25.29,13.4342
20904.18,25.17,13.4342
20905.18,25.28,13.4342
20906.18,25.17,13.4342
20907.18,25.17,13.4342
20908.19,25.27,13.4342
20909.19,31.13,13.4342
20910.19,25.28,13.4342
20911.19,25.16,13.4342
20912.19,25.17,13.4342
20913.19,25.28,13.4342
20914.2,25.16,13.4342
20915.2,25.23,13.4342
20916.2,25.17,13.4342
20917.2,25.18,13.4342
20918.2,25.24,13.4342
20919.2,29.32,13.4344
20920.21,25.26,13.4344
20921.21,25.16,13.4344
20922.21,25.17,13.4344
20923.21,25.29,13.4344
20924.21,25.16,13.4344
20925.21,25.27,13.4344
20926.21,25.18,13.4344
20927.22,25.18,13.4344
20928.22,25.26,13.4344
20929.22,25.18,13.4344
20930.22,28.77,13.4345
20931.22,25.17,13.4345
20932.22,25.17,13.4345
20933.23,25.24,13.4345
20934.23,25.12,13.4345
20935.23,25.22,13.4345
20936.23,25.12,13.4345
20937.23,25.11,13.4345
20938.23,25.22,13.4345
20939.24,25.13,13.4345
20940.24,25.22,13.4345
20941.24,28.91,13.4345
20942.24,25.28,13.4345
20943.24,25.19,13.4345
20944.24,25.17,13.4345
20945.25,25.27,13.4345
20946.25,25.17,13.4345
20947.25,25.28,13.4345
20948.25,25.17,13.4345
20949.25,25.16,13.4345
20950.25,25.26,13.4345
20951.26,28.74,13.4346
20952.26,25.27,13.4346
20953.26,25.19,13.4346
20954.26,25.16,13.4345
20955.26,25.27,13.4345
20956.26,25.17,13.4345
20957.26,25.26,13.4345
20958.27,25.15,13.4345
20959.27,25.16,13.4345
20960.27,25.24,13.4345
20961.27,25.16,13.4345
20962.27,29.07,13.4348
20963.27,25.18,13.4348
20964.28,25.16,13.4348
20965.28,25.3,13.4348
20966.28,25.13,13.4348
20967.28,25.27,13.4348
20968.28,25.17,13.4348
20969.28,25.27,13.4348
20970.29,25.17,13.4348
20971.29,25.17,13.4348
20972.29,31.56,13.4348
20973.29,25.18,13.4348
20974.29,25.17,13.4348
20975.29,25.3,13.4348
20976.29,25.18,13.4348
20977.3,25.18,13.4348
20978.3,25.28,13.4348
20979.3,25.18,13.4348
20980.3,25.28,13.4346
20981.3,30.25,13.4349
20982.3,25.18,13.4349
20983.31,25.28,13.4349
20984.31,25.17,13.4349
20985.31,25.29,13.4349
20986.31,25.17,13.4349
20987.31,25.17,13.4349
20988.31,25.29,13.4349
20989.31,25.17,13.4349
20990.32,25.17,13.4349
20991.32,29.0,13.435
20992.32,25.17,13.435
20993.32,25.28,13.435
20994.32,25.17,13.435
20995.32,25.17,13.435
20996.33,25.27,13.4349
20997.33,25.17,13.4349
20998.33,25.27,13.4349
20999.33,25.17,13.435
21000.33,25.26,13.435
21001.33,25.19,13.435
21002.34,28.79,13.435
21003.34,25.27,13.435
21004.34,25.15,13.435
21005.34,25.17,13.435
21006.34,25.27,13.435
21007.34,25.19,13.4351
21008.34,25.16,13.4351
21009.35,25.28,13.4352
21010.35,25.17,13.4351
21011.35,25.27,13.4351
21012.35,28.81,13.4352
21013.35,25.27,13.4352
21014.35,25.16,13.4352
21015.36,25.17,13.4352
21016.36,25.28,13.4352
21017.36,25.17,13.4351
21018.36,25.17,13.4351
21019.36,25.26,13.4351
21020.36,25.17,13.4351
21021.37,25.27,13.4351
21022.37,25.16,13.435
21023.37,28.8,13.4353
21024.37,25.26,13.4353
21025.37,25.17,13.4353
21026.37,25.28,13.4353
21027.38,25.18,13.4354
21028.38,25.27,13.4354
21029.38,25.17,13.4354
21030.38,25.17,13.4354
21031.38,25.27,13.4354
21032.38,25.17,13.4354
21033.38,30.13,13.4354
21034.39,25.17,13.4354
21035.39,25.17,13.4354
21036.39,25.27,13.4354
21037.39,25.16,13.4354
21038.39,25.27,13.4354
21039.39,25.17,13.4354
21040.4,25.27,13.4354
21041.4,25.16,13.4354
21042.4,25.17,13.4354
21043.4,31.16,13.4354
21044.4,25.16,13.4353
21045.4,25.26,13.4353
21046.41,25.16,13.4353
21047.41,25.18,13.4354
21048.41,25.29,13.4354
21049.41,25.17,13.4354
21050.41,25.27,13.4353
21051.41,25.18,13.4355
21052.42,25.18,13.4355
21053.42,29.86,13.4356
21054.42,25.16,13.4356
21055.42,25.28,13.4356
21056.42,25.18,13.4356
21057.42,25.17,13.4356
21058.43,25.25,13.4356
21059.43,25.18,13.4355
21060.43,25.28,13.4355
21061.43,25.18,13.4355
21062.43,25.19,13.4356
21063.43,28.86,13.4356
21064.43,25.17,13.4356
21065.44,25.27,13.4356
21066.44,25.18,13.4355
21067.44,25.18,13.4355
21068.44,25.27,13.4355
21069.44,25.17,13.4355
21070.44,25.27,13.4355
21071.45,25.17,13.4355
21072.45,25.18,13.4355
21073.45,28.95,13.4356
21074.45,25.17,13.4356
21075.45,25.27,13.4356
21076.45,25.14,13.4356
21077.46,25.17,13.4356
21078.46,25.25,13.4356
21079.46,25.17,13.4356
21080.46,25.28,13.4357
21081.46,25.18,13.4357
21082.46,25.28,13.4357
21083.47,25.19,13.4355
21084.47,28.74,13.4359
21085.47,25.27,13.4359
21086.47,25.17,13.4359
21087.47,25.28,13.4359
21088.47,25.17,13.4359
21089.48,25.17,13.4359
21090.48,25.27,13.4357
21091.48,25.15,13.4357
21092.48,25.22,13.4358
21093.48,25.13,13.4358
21094.48,28.85,13.4358
21095.49,25.18,13.4358
21096.49,25.19,13.4358
21097.49,25.3,13.4358
21098.49,25.18,13.4358
21099.49,25.2,13.4358
21100.49,25.28,13.4358
21101.49,25.17,13.4358
21102.5,25.14,13.4358
21103.5,25.25,13.4358
21104.5,30.82,13.4364
21105.5,25.24,13.4364
21106.5,25.17,13.4364
21107.5,25.17,13.4364
21108.5,25.22,13.4364
21109.51,25.12,13.4364
21110.51,25.15,13.4364
21111.51,25.26,13.4364
21112.51,25.16,13.4364
21113.51,25.26,13.4364
21114.51,25.16,13.4364
21115.52,30.88,13.4364
21116.52,25.28,13.4364
21117.52,25.19,13.4364
21118.52,25.3,13.4364
21119.52,25.18,13.4364
21120.52,25.18,13.4364
21121.52,25.3,13.4364
21122.53,25.19,13.4364
21123.53,25.19,13.4364
21124.53,25.31,13.4364
21125.53,28.94,13.4364
21126.53,25.18,13.4364
21127.53,25.29,13.4364
21128.54,25.18,13.4364
21129.54,25.29,13.4364
21130.54,25.17,13.4364
21131.54,25.17,13.4364
21132.54,25.27,13.4364
21133.54,25.17,13.4364
21134.54,25.27,13.4363
21135.55,28.85,13.4366
21136.55,25.17,13.4366
21137.55,25.28,13.4366
21138.55,25.17,13.4366
21139.55,25.27,13.4366
21140.55,25.17,13.4366
21141.56,25.28,13.4366
21142.56,25.21,13.4366
21143.56,25.17,13.4365
21144.56,25.28,13.4365
21145.56,25.17,13.4365
21146.56,28.8,13.4366
21147.57,25.16,13.4367
21148.57,25.16,13.4367
21149.57,25.23,13.4367
21150.57,25.18,13.4367
21151.57,25.13,13.4367
21152.57,25.25,13.4367
21153.58,25.13,13.4367
21154.58,25.26,13.4367
21155.58,25.16,13.4367
21156.58,25.26,13.4367
21157.58,28.72,13.4367
21158.58,25.16,13.4367
21159.59,25.27,13.4367
21160.59,25.17,13.4367
21161.59,25.27,13.4367
21162.59,25.2,13.4367
21163.59,25.18,13.4367
21164.59,25.28,13.4367
21165.6,25.17,13.4367
21166.6,25.28,13.4367
21167.6,25.18,13.4367
21168.6,29.94,13.4369
21169.6,25.28,13.4369
21170.6,25.17,13.4369
21171.61,25.28,13.4369
21172.61,25.88,13.4369
21173.61,25.24,13.4369
21174.61,25.13,13.4369
21175.61,25.13,13.4368
21176.61,25.28,13.4369
21177.62,31.01,13.437
21178.62,25.25,13.437
21179.62,25.15,13.437
21180.62,25.15,13.437
21181.62,25.25,13.4371
21182.62,25.18,13.4371
21183.62,25.25,13.4371
21184.63,25.15,13.4371
21185.63,25.15,13.4371
21186.63,25.25,13.4371
21187.63,25.16,13.4371
21188.63,29.65,13.4371
21189.63,25.28,13.4371
21190.64,25.16,13.4371
21191.64,25.28,13.4371
21192.64,25.2,13.4371
21193.64,25.17,13.4371
21194.64,25.28,13.4371
21195.64,25.17,13.4371
21196.65,25.27,13.4371
21197.65,25.18,13.4371
21198.65,28.91,13.4371
21199.65,25.18,13.4371
21200.65,25.18,13.4371
21201.65,25.3,13.4371
21202.65,25.2,13.4371
21203.66,25.18,13.4371
21204.66,25.3,13.4371
21205.66,25.18,13.4371
21206.66,25.18,13.4371
21207.66,26.3,13.4371
21208.66,25.18,13.4371
21209.66,28.82,13.4371
21210.67,25.24,13.4371
21211.67,25.16,13.4371
21212.67,25.27,13.4372
21213.67,25.15,13.4372
21214.67,25.16,13.4372
21215.67,25.25,13.4372
21216.68,25.16,13.4372
21217.68,25.25,13.4372
21218.68,25.13,13.437
21219.68,25.15,13.4372
21220.68,28.96,13.4374
21221.68,25.13,13.4374
21222.68,25.24,13.4374
21223.69,25.12,13.4374
21224.69,25.12,13.4374
21225.69,25.25,13.4374
21226.69,25.18,13.4374
21227.69,25.29,13.4374
21228.69,25.18,13.4374
21229.7,25.28,13.4374
21230.7,25.15,13.4374
21231.7,29.1,13.4375
21232.7,25.36,13.4375
21233.7,25.16,13.4375
21234.7,25.17,13.4375
21235.71,25.27,13.4375
21236.71,25.17,13.4375
21237.71,25.25,13.4375
21238.71,25.17,13.4375
21239.71,25.14,13.4375
21240.71,25.24,13.4375
21241.72,30.85,13.4377
21242.72,25.31,13.4377
21243.72,25.19,13.4377
21244.72,25.19,13.4377
21245.72,25.28,13.4377
21246.72,25.15,13.4377
21247.72,25.13,13.4377
21248.73,25.22,13.4377
21249.73,25.12,13.4377
21250.73,25.22,13.4377
21251.73,26.48,13.4377
21252.73,29.34,13.4377
21253.73,25.22,13.4377
21254.74,25.12,13.4377
21255.74,25.23,13.4377
21256.74,25.16,13.4377
21257.74,25.16,13.4377
21258.74,25.24,13.4377
21259.74,25.16,13.4377
21260.74,25.26,13.4377
21261.75,28.81,13.4377
21262.75,25.17,13.4375
21263.75,25.24,13.4375
21264.75,25.17,13.4375
21265.75,25.28,13.4375
21266.75,25.14,13.4375
21267.76,25.18,13.4376
21268.76,25.29,13.4376
21269.76,25.17,13.4376
21270.76,25.17,13.4376
21271.76,25.29,13.4376
21272.76,28.79,13.4378
21273.76,25.16,13.4378
21274.77,25.27,13.4378
21275.77,25.16,13.4378
21276.77,25.25,13.4378
21277.77,25.18,13.4378
21278.77,25.13,13.4378
21279.77,25.22,13.4378
21280.78,25.16,13.4378
21281.78,25.24,13.4378
21282.78,28.75,13.4378
21283.78,25.17,13.4378
21284.78,25.26,13.4378
21285.78,25.12,13.4378
21286.79,25.22,13.4378
21287.79,25.12,13.4378
21288.79,25.12,13.4378
21289.79,25.22,13.4378
21290.79,25.13,13.4378
21291.79,25.27,13.4377
21292.79,25.18,13.4377
21293.8,28.82,13.4378
21294.8,25.17,13.4378
21295.8,25.18,13.4378
21296.8,25.25,13.4378
21297.8,25.23,13.4378
21298.8,25.24,13.4378
21299.81,25.15,13.4378
21300.81,25.16,13.4378
21301.81,25.27,13.4378
21302.81,25.2,13.4378
21303.81,29.98,13.4381
21304.81,25.13,13.4379
21305.82,25.12,13.4379
21306.82,25.26,13.4379
21307.82,25.19,13.4379
21308.82,25.2,13.438
21309.82,25.27,13.438
21310.82,25.16,13.438
21311.82,25.25,13.438
21312.83,25.19,13.438
21313.83,31.43,13.4382
21314.83,25.27,13.4382
21315.83,25.16,13.4382
21316.83,25.25,13.4382
21317.83,25.17,13.4382
21318.84,25.26,13.4382
21319.84,25.16,13.4382
21320.84,25.17,13.4382
21321.84,25.31,13.4382
21322.84,25.19,13.4382
21323.84,25.18,13.4382
21324.84,29.7,13.4382
21325.85,25.18,13.4382
21326.85,25.19,13.4382
21327.85,25.3,13.4382
21328.85,25.18,13.4382
21329.85,25.18,13.4383
21330.85,25.27,13.4383
21331.86,25.18,13.4383
21332.86,25.28,13.4383
21333.86,25.14,13.4383
21334.86,28.74,13.4383
21335.86,25.27,13.4383
21336.86,25.2,13.4383
21337.86,25.27,13.4382
21338.87,25.17,13.4381
21339.87,25.17,13.4382
21340.87,25.29,13.4382
21341.87,25.18,13.4382
21342.87,25.16,13.4382
21343.87,25.22,13.4384
21344.87,28.69,13.4385
21345.88,25.17,13.4385
21346.88,25.29,13.4385
21347.88,25.18,13.4385
21348.88,25.28,13.4385
21349.88,25.17,13.4385
21350.88,25.18,13.4385
21351.89,25.29,13.4385
21352.89,25.2,13.4385
21353.89,25.27,13.4385
21354.89,25.18,13.4385
21355.89,25.18,13.4385
21356.89,28.93,13.4385
21357.9,25.12,13.4385
21358.9,25.16,13.4385
21359.9,25.23,13.4385
21360.9,25.12,13.4385
21361.9,25.24,13.4385
21362.9,25.14,13.4385
21363.9,25.23,13.4385
21364.91,25.12,13.4385
21365.91,25.12,13.4385
21366.91,29.18,13.4386
21367.91,25.16,13.4386
21368.91,25.27,13.4386
21369.91,25.12,13.4386
21370.92,25.11,13.4386
21371.92,25.23,13.4386
21372.92,25.14,13.4386
21373.92,25.22,13.4386
21374.92,25.13,13.4386
21375.92,31.02,13.4387
21376.93,25.29,13.4387
21377.93,25.16,13.4387
21378.93,25.28,13.4387
21379.93,25.17,13.4387
21380.93,25.17,13.4387
21381.93,25.31,13.4387
21382.93,25.2,13.4386
21383.94,25.17,13.4385
21384.94,30.43,13.4389
21385.94,25.17,13.4388
21386.94,25.19,13.4388
21387.94,25.28,13.4388
21388.94,25.19,13.4388
21389.94,25.29,13.4388
21390.95,25.19,13.4388
21391.95,25.2,13.4388
21392.95,25.29,13.4388
21393.95,25.17,13.4388
21394.95,29.21,13.4389
21395.95,25.17,13.4389
21396.96,25.19,13.4389
21397.96,25.28,13.4389
21398.96,25.14,13.4389
21399.96,25.23,13.4389
21400.96,25.13,13.4389
21401.96,25.25,13.4389
21402.97,25.18,13.4391
21403.97,25.16,13.439
21404.97,28.91,13.4391
21405.97,25.13,13.4391
21406.97,25.19,13.4391
21407.97,25.31,13.4392
21408.97,25.18,13.4392
21409.98,25.19,13.4393
21410.98,25.27,13.4392
21411.98,25.18,13.4392
21412.98,25.31,13.4392
21413.98,28.86,13.44
21414.98,25.18,13.4399
21415.99,25.27,13.4399
21416.99,25.18,13.44
21417.99,25.27,13.44
21418.99,25.17,13.4397
21419.99,25.17,13.4398
21420.99,25.27,13.4398
21422.0,25.18,13.4398
21423.0,25.31,13.4398
21424.0,25.17,13.4398
21425.0,28.81,13.44
21426.0,25.25,13.4401
21427.0,25.17,13.44
21428.0,25.26,13.44
21429.01,25.18,13.44
21430.01,25.18,13.44
21431.01,25.27,13.44
21432.01,25.18,13.44
21433.01,25.25,13.44
21434.01,25.12,13.44
21435.02,29.14,13.4402
21436.02,25.18,13.4402
21437.02,25.2,13.4402
21438.02,25.28,13.4402
21439.02,25.19,13.4402
21440.02,25.28,13.4401
21441.03,25.19,13.4401
21442.03,25.2,13.4401
21443.03,25.3,13.4401
21444.03,31.25,13.4401
21445.03,25.29,13.4401
21446.03,25.18,13.4401
21447.04,25.3,13.4402
21448.04,25.18,13.4402
21449.04,25.18,13.4401
21450.04,25.28,13.4401
21451.04,25.18,13.4401
21452.04,25.3,13.4401
21453.05,25.2,13.4401
21454.05,25.19,13.4402
21455.05,30.51,13.4402
21456.05,25.19,13.4402
21457.05,25.3,13.4402
21458.05,25.18,13.4402
21459.06,25.19,13.4402
21460.06,25.29,13.4402
21461.06,25.16,13.4402
21462.06,25.25,13.4401
21463.06,25.14,13.4401
21464.06,25.24,13.4402
21465.07,28.92,13.4403
21466.07,25.18,13.4402
21467.07,25.26,13.4402
21468.07,25.17,13.4402
21469.07,25.28,13.4402
21470.07,25.18,13.4402
21471.08,25.14,13.4402
21472.08,25.26,13.4402
21473.08,25.19,13.4403
21474.08,25.28,13.4403
21475.08,28.94,13.4405
21476.08,25.29,13.4405
21477.09,25.19,13.4405
21478.09,25.18,13.4405
21479.09,25.28,13.4405
21480.09,25.18,13.4405
21481.09,25.27,13.4405
21482.09,25.18,13.4405
21483.1,25.2,13.4405
21484.1,25.28,13.4405
21485.1,28.87,13.4406
21486.1,25.28,13.4405
21487.1,25.2,13.4405
21488.1,25.18,13.4405
21489.11,25.28,13.4405
21490.11,25.17,13.4405
21491.11,25.26,13.4405
21492.11,25.18,13.4405
21493.11,25.28,13.4405
21494.11,25.16,13.4405
21495.12,28.04,13.4405
21496.12,25.92,13.4405
21497.12,25.14,13.4405
21498.12,25.12,13.4405
21499.12,25.22,13.4405
21500.12,25.13,13.4405
21501.12,25.24,13.4405
21502.13,25.13,13.4405
21503.13,25.14,13.4405
21504.13,25.25,13.4405
21505.13,29.92,13.4408
21506.13,25.27,13.4407
21507.13,25.17,13.4407
21508.14,25.17,13.4407
21509.14,25.27,13.4407
21510.14,53.72,5.9107
21511.14,86.14,2.8356
21512.14,77.59,3.2272
21513.14,91.62,3.4692
21514.14,89.03,3.816
21515.15,80.3,4.176
21516.15,78.92,4.5162
21517.15,76.0,4.7541
21518.15,75.71,4.9778
21519.15,75.66,5.1633
21520.15,77.06,5.3748
21521.15,77.87,5.5767
21522.16,54.34,6.4674
21523.16,26.86,7.3336
21524.16,91.2,8.598
21525.16,99.9,9.3575
21526.16,33.72,9.5049
21527.16,26.7,9.5048
21528.16,38.44,9.6049
21529.16,77.81,9.6089
21530.17,76.52,9.6089
21531.17,72.61,9.6091
21532.17,66.14,9.6094
21533.17,51.7,9.6095
21534.17,72.69,9.6095
21535.17,38.37,9.6095
21536.17,42.72,9.6095
21537.18,42.2,9.6095
21538.18,33.26,9.6095
21539.18,53.75,9.6095
21540.18,51.23,9.6095
21541.18,75.96,10.0961
21542.18,99.89,10.831
21543.18,100.21,11.4562
21544.19,99.9,12.1588
21545.19,74.69,12.4083
21546.19,35.4,12.4565
21547.19,43.24,12.4565
21548.19,26.11,12.4565
21549.19,31.65,12.4565
21550.2,36.55,12.4565
21551.2,51.98,12.4565
21552.2,51.78,12.4565
21553.2,53.62,12.4565
21554.2,64.73,12.4565
21555.2,57.5,12.4565
21556.2,31.65,12.4565
21557.21,34.07,12.4569
21558.21,37.79,12.4571
21559.21,34.24,12.4571
21560.21,25.24,12.4571
21561.21,26.94,12.4571
21562.21,25.46,12.4571
21563.22,28.51,12.4571
21564.22,26.36,12.4571
21565.22,25.5,12.4571
21566.22,25.3,12.4571
21567.22,25.78,12.4571
21568.22,27.17,12.4571
21569.23,25.36,12.4571
21570.23,29.53,12.4571
21571.23,25.3,12.457
21572.23,25.2,12.457
21573.23,25.19,12.4571
21574.23,25.3,12.4571
21575.24,25.27,12.4571
21576.24,25.27,12.4571
21577.24,25.25,12.4571
21578.24,25.26,12.4571
21579.24,26.66,12.4572
21580.24,29.4,12.4572
21581.24,37.31,12.4574
21582.25,25.25,12.4574
21583.25,26.05,12.4574
21584.25,26.93,12.4574
21585.25,25.18,12.4574
21586.25,25.29,12.4574
21587.25,25.32,12.4574
21588.26,33.66,12.4574
21589.26,100.15,12.5701
21590.26,82.11,12.5791
21591.26,26.15,12.5792
21592.26,25.33,12.5791
21593.26,25.34,12.5792
21594.26,25.49,12.5792
21595.27,25.18,12.5792
21596.27,25.2,12.5791
21597.27,25.4,12.5792
21598.27,25.18,12.5792
21599.27,25.99,12.5793
21600.27,25.16,12.5793
21601.28,25.21,12.5793
21602.28,68.02,12.5796
21603.28,66.41,12.5798
21604.28,41.79,12.5798
21605.28,25.13,12.5798
21606.28,27.63,12.5798
21607.29,25.73,12.5798
21608.29,25.18,12.5798
21609.29,95.82,12.6025
21610.29,68.6,12.6058
21611.29,25.13,12.6058
21612.29,25.24,12.6058
21613.29,27.87,12.6058
21614.3,25.17,12.6058
21615.3,25.26,12.6058
21616.3,25.17,12.6058
21617.3,25.29,12.6058
21618.3,98.41,12.6129
21619.3,82.38,12.6131
21620.3,25.24,12.6131
21621.31,25.13,12.6131
21622.31,26.63,12.6131
21623.31,25.3,12.6132
21624.31,25.19,12.6132
21625.31,25.27,12.6132
21626.31,25.14,12.6131
21627.32,94.15,12.6132
21628.32,91.74,12.6132
21629.32,26.41,12.6132
21630.32,25.17,12.6133
21631.32,25.25,12.6133
21632.32,84.39,13.2539
21633.32,93.16,13.3128
21634.32,25.26,13.3128
21635.33,25.17,13.3128
21636.33,25.17,13.3128
21637.33,41.94,13.4362
21638.33,25.17,13.4362
21639.33,25.41,13.4362
21640.33,28.87,13.4364
21641.34,25.18,13.4364
21642.34,25.3,13.4364
21643.34,25.26,13.4364
21644.34,28.66,13.4364
21645.34,25.28,13.4364
21646.34,25.18,13.4364
21647.35,28.92,13.4366
21648.35,25.19,13.4366
21649.35,25.15,13.4366
21650.35,29.0,13.4366
21651.35,25.19,13.4366
21652.35,25.31,13.4366
21653.35,25.21,13.4366
21654.36,28.88,13.4366
21655.36,25.32,13.4365
21656.36,25.87,13.4365
21657.36,28.73,13.4369
21658.36,25.32,13.4369
21659.36,25.21,13.4369
21660.36,25.2,13.4369
21661.36,28.99,13.4369
21662.37,25.24,13.4369
21663.37,25.21,13.4369
21664.37,28.84,13.4369
21665.37,25.2,13.4369
21666.37,25.22,13.4369
21667.37,25.31,13.4369
21668.37,28.86,13.4369
21669.38,25.21,13.4369
21670.38,25.3,13.4369
21671.38,28.75,13.4369
21672.38,25.31,13.4369
21673.38,25.21,13.4369
21674.38,25.21,13.4369
21675.39,28.84,13.437
21676.39,25.21,13.437
21677.39,25.31,13.437
21678.39,28.81,13.437
21679.39,25.22,13.437
21680.39,25.3,13.437
21681.39,25.2,13.4369
21682.4,28.9,13.4369
21683.4,25.19,13.4369
21684.4,25.19,13.4369
21685.4,25.26,13.4369
21686.4,28.68,13.437
21687.4,25.24,13.437
21688.41,25.18,13.437
21689.41,25.19,13.437
21690.41,25.29,13.437
21691.41,25.19,13.437
21692.41,29.47,13.437
21693.41,25.2,13.437
21694.42,25.19,13.437
21695.42,25.3,13.437
21696.42,25.17,13.437
21697.42,29.77,13.437
21698.42,25.29,13.437
21699.42,25.18,13.4371
21700.42,25.17,13.437
21701.43,25.27,13.437
21702.43,30.16,13.4371
21703.43,25.25,13.4371
21704.43,25.17,13.4371
21705.43,25.17,13.4371
21706.43,25.27,13.4371
21707.44,25.19,13.4371
21708.44,30.21,13.4371
21709.44,25.18,13.4371
21710.44,25.18,13.4371
21711.44,25.28,13.4371
21712.44,25.19,13.4371
21713.44,25.29,13.4371
21714.45,28.97,13.4372
21715.45,25.18,13.4372
21716.45,25.29,13.4372
21717.45,25.19,13.4373
21718.45,25.27,13.4373
21719.45,25.18,13.4373
21720.46,28.94,13.4374
21721.46,25.18,13.4373
21722.46,25.18,13.4373
21723.46,25.28,13.4372
21724.46,25.18,13.4372
21725.46,25.28,13.4372
21726.47,25.17,13.4372
21727.47,28.75,13.4375
21728.47,25.28,13.4375
21729.47,25.53,13.4374
21730.47,26.16,13.4374
21731.47,25.18,13.4374
21732.48,25.19,13.4375
21733.48,25.85,13.4375
21734.48,28.8,13.4375
21735.48,25.27,13.4375
21736.48,25.15,13.4375
21737.48,25.15,13.4375
21738.49,25.25,13.4375
21739.49,25.12,13.4375
21740.49,25.23,13.4375
21741.49,28.81,13.4376
21742.49,25.18,13.4376
21743.49,25.3,13.4376
21744.49,25.19,13.4375
21745.5,25.28,13.4374
21746.5,25.18,13.4374
21747.5,25.19,13.4375
21748.5,28.78,13.4377
21749.5,25.18,13.4377
21750.5,25.18,13.4377
21751.51,25.27,13.4377
21752.51,25.18,13.4377
21753.51,25.29,13.4377
21754.51,25.2,13.4377
21755.51,29.4,13.4378
21756.51,25.22,13.4378
21757.52,25.13,13.4378
21758.52,25.23,13.4378
21759.52,25.13,13.4378
21760.52,25.14,13.4378
21761.52,25.22,13.4378
21762.52,25.13,13.4378
21763.52,30.74,13.4378
21764.53,25.21,13.4378
21765.53,25.15,13.4378
21766.53,25.28,13.4378
21767.53,25.19,13.4378
21768.53,25.18,13.4378
21769.53,25.28,13.4377
21770.54,25.18,13.4377
21771.54,30.32,13.4379
21772.54,25.19,13.4379
21773.54,25.2,13.4379
21774.54,25.25,13.4379
21775.54,25.18,13.4379
21776.55,25.28,13.4379
21777.55,25.19,13.4379
21778.55,25.29,13.4379
21779.55,29.21,13.4379
21780.55,25.2,13.4379
21781.55,25.28,13.4379
21782.56,25.21,13.4379
21783.56,25.28,13.4379
21784.56,25.17,13.4379
21785.56,25.18,13.4379
21786.56,25.28,13.4379
21787.56,25.15,13.4379
21788.57,28.86,13.4381
21789.57,25.18,13.4381
21790.57,25.17,13.4381
21791.57,25.29,13.4381
21792.57,25.19,13.4381
21793.57,25.26,13.4381
21794.57,25.16,13.4381
21795.58,25.18,13.4381
21796.58,25.28,13.4381
21797.58,28.73,13.4379
21798.58,25.28,13.4379
21799.58,25.17,13.438
21800.58,25.15,13.438
21801.59,25.26,13.4381
21802.59,25.2,13.438
21803.59,25.27,13.438
21804.59,25.17,13.438
21805.59,25.15,13.438
21806.59,28.87,13.4382
21807.6,26.73,13.4382
21808.6,25.24,13.4382
21809.6,25.13,13.4382
21810.6,25.14,13.4381
21811.6,25.23,13.4381
21812.6,25.16,13.4381
21813.6,25.28,13.4383
21814.61,28.73,13.4384
21815.61,25.15,13.4384
21816.61,25.26,13.4384
21817.61,25.18,13.4384
21818.61,25.26,13.4384
21819.61,25.13,13.4384
21820.62,25.16,13.4384
21821.62,25.25,13.4384
21822.62,25.19,13.4384
21823.62,29.78,13.4384
21824.62,25.17,13.4385
21825.62,25.16,13.4385
21826.63,25.23,13.4385
21827.63,25.14,13.4385
21828.63,25.27,13.4385
21829.63,25.17,13.4385
21830.63,25.27,13.4385
21831.63,25.91,13.4385
21832.64,31.41,13.4385
21833.64,25.27,13.4385
21834.64,25.17,13.4385
21835.64,25.17,13.4385
21836.64,25.27,13.4384
21837.64,25.17,13.4384
21838.65,25.27,13.4385
21839.65,25.16,13.4385
21840.65,25.13,13.4385
21841.65,30.42,13.4386
21842.65,25.19,13.4387
21843.65,25.29,13.4386
21844.65,25.17,13.4386
21845.66,25.15,13.4386
21846.66,25.29,13.4386
21847.66,25.18,13.4386
21848.66,25.17,13.4388
21849.66,25.26,13.4388
21850.66,25.16,13.4388
21851.66,28.8,13.439
21852.67,25.18,13.439
21853.67,25.16,13.439
21854.67,25.29,13.4389
21855.67,25.17,13.4389
21856.67,25.17,13.439
21857.67,25.28,13.4391
21858.68,25.17,13.4391
21859.68,25.27,13.4391
21860.68,25.17,13.4391
21861.68,28.85,13.4392
21862.68,25.26,13.4392
21863.68,25.12,13.4392
21864.68,25.22,13.4392
21865.69,25.12,13.4392
21866.69,25.12,13.4392
21867.69,25.24,13.4392
21868.69,25.13,13.4392
21869.69,25.23,13.4392
21870.69,28.81,13.4392
21871.7,25.27,13.439
21872.7,25.2,13.439
21873.7,25.17,13.439
21874.7,25.26,13.439
21875.7,25.17,13.4392
21876.7,25.27,13.4392
21877.71,25.18,13.4392
21878.71,25.17,13.4392
21879.71,25.27,13.4392
21880.71,28.75,13.4392
21881.71,25.27,13.4391
21882.71,25.19,13.4393
21883.72,25.18,13.4393
21884.72,25.27,13.4393
21885.72,25.18,13.4393
21886.72,25.27,13.4393
21887.72,25.19,13.4393
21888.72,25.3,13.4393
21889.73,29.7,13.4395
21890.73,25.17,13.4395
21891.73,25.19,13.4395
21892.73,25.3,13.4395
21893.73,25.15,13.4395
21894.73,25.23,13.4394
21895.73,25.13,13.4394
21896.74,25.24,13.4395
21897.74,25.19,13.4397
21898.74,25.16,13.4397
21899.74,31.1,13.4397
21900.74,25.14,13.4397
21901.74,25.18,13.4396
21902.75,25.3,13.4396
21903.75,25.17,13.4397
21904.75,25.28,13.4397
21905.75,25.17,13.4397
21906.75,25.14,13.4397
21907.75,25.23,13.4397
21908.75,25.14,13.4397
21909.76,30.16,13.4397
21910.76,25.14,13.4397
21911.76,25.15,13.4397
21912.76,25.3,13.4397
21913.76,25.18,13.4397
21914.76,25.24,13.4397
21915.77,25.16,13.4397
21916.77,25.15,13.4397
21917.77,25.29,13.4398
21918.77,28.81,13.4398
21919.77,25.27,13.4398
21920.77,25.17,13.4398
21921.78,25.18,13.4398
21922.78,25.81,13.4399
21923.78,25.17,13.4398
21924.78,25.27,13.4398
21925.78,25.17,13.4399
21926.78,25.17,13.4399
21927.79,28.93,13.44
21928.79,25.13,13.4399
21929.79,25.24,13.4399
21930.79,25.13,13.4399
21931.79,25.14,13.4399
21932.79,25.28,13.44
21933.79,25.13,13.44
21934.8,25.12,13.44
21935.8,25.26,13.4399
21936.8,28.73,13.4404
21937.8,25.34,13.4404
21938.8,25.18,13.4404
21939.8,25.13,13.4404
21940.81,25.23,13.4404
21941.81,26.78,13.4404
21942.81,25.29,13.4404
21943.81,25.16,13.4404
21944.81,28.89,13.4404
21945.81,25.17,13.4404
21946.82,25.17,13.4403
21947.82,25.28,13.4404
21948.82,25.18,13.4404
21949.82,25.27,13.4404
21950.82,25.17,13.4404
21951.82,25.16,13.4404
21952.83,28.75,13.4404
21953.83,25.13,13.4404
21954.83,25.23,13.4404
21955.83,25.17,13.4405
21956.83,25.17,13.4404
21957.83,25.29,13.4404
21958.84,25.15,13.4404
21959.84,25.25,13.4404
21960.84,30.49,13.4404
21961.84,25.17,13.4405
21962.84,25.28,13.4404
21963.84,25.15,13.4404
21964.84,25.23,13.4403
21965.85,25.12,13.4403
21966.85,25.14,13.4404
21967.85,25.25,13.4403
21968.85,30.75,13.4406
21969.85,25.17,13.4406
21970.85,25.27,13.4406
21971.86,25.19,13.4407
21972.86,25.25,13.4405
21973.86,25.11,13.4405
21974.86,25.14,13.4405
21975.86,25.25,13.4405
21976.86,29.36,13.441
21977.87,25.26,13.4409
21978.87,25.15,13.4409
21979.87,25.26,13.4409
21980.87,25.18,13.4409
21981.87,25.19,13.4409
21982.87,25.32,13.4409
21983.87,25.17,13.4409
21984.88,25.18,13.4409
21985.88,28.85,13.4411
21986.88,25.19,13.4413
21987.88,25.19,13.4413
21988.88,25.28,13.4412
21989.88,25.19,13.4412
21990.88,25.29,13.4412
21991.89,25.19,13.4413
21992.89,25.2,13.4413
21993.89,25.23,13.4413
21994.89,28.95,13.4414
21995.89,25.26,13.4414
21996.89,25.14,13.4413
21997.9,25.13,13.4413
21998.9,25.23,13.4415
21999.9,25.13,13.4413
22000.9,25.25,13.4413
22001.9,25.16,13.4415
22002.9,28.97,13.4417
22003.91,25.19,13.4416
22004.91,25.19,13.4416
22005.91,25.28,13.4417
22006.91,25.2,13.4417
22007.91,25.27,13.4417
22008.91,25.16,13.4417
22009.92,25.16,13.4417
22010.92,25.25,13.4417
22011.92,28.76,13.4419
22012.92,25.3,13.442
22013.92,25.17,13.442
22014.92,25.19,13.442
22015.92,25.29,13.442
22016.93,25.19,13.442
22017.93,25.17,13.442
22018.93,25.29,13.4419
22019.93,25.17,13.4419
22020.93,25.28,13.4419
22021.93,29.1,13.442
22022.93,25.21,13.442
22023.94,25.17,13.442
22024.94,25.28,13.442
22025.94,25.17,13.442
22026.94,25.19,13.442
22027.94,25.28,13.442
22028.94,25.18,13.442
22029.94,30.77,13.4421
22030.95,25.18,13.4421
22031.95,25.18,13.4421
22032.95,25.25,13.4421
22033.95,25.12,13.4421
22034.95,25.28,13.4421
22035.95,25.17,13.4421
22036.96,25.18,13.4422
22037.96,25.29,13.4422
22038.96,30.59,13.4422
22039.96,25.18,13.4422
22040.96,25.3,13.4422
22041.96,25.19,13.4422
22042.96,25.16,13.4422
22043.96,25.28,13.4422
22044.97,25.18,13.4422
22045.97,25.2,13.4424
22046.97,25.22,13.4424
22047.97,29.11,13.4424
22048.97,25.14,13.4424
22049.97,25.26,13.4424
22050.98,25.15,13.4424
22051.98,25.28,13.4424
22052.98,25.18,13.4423
22053.98,25.16,13.4423
22054.98,25.27,13.4424
22055.98,28.77,13.4426
22056.98,25.33,13.4426
22057.99,25.23,13.4425
22058.99,25.18,13.4425
22059.99,25.28,13.4425
22060.99,25.18,13.4426
22061.99,25.19,13.4426
22062.99,25.29,13.4425
22064.0,25.11,13.4425
22065.0,25.28,13.4425
22066.0,28.84,13.4426
22067.0,25.28,13.4426
22068.0,25.17,13.4426
22069.0,25.11,13.4426
22070.0,25.27,13.4426
22071.01,25.14,13.4426
22072.01,25.13,13.4426
22073.01,25.26,13.4426
22074.01,25.17,13.4427
22075.01,28.78,13.4428
22076.01,25.18,13.4427
22077.02,25.16,13.4428
22078.02,25.26,13.4427
22079.02,25.16,13.4427
22080.02,25.27,13.4427
22081.02,25.18,13.4427
22082.02,25.2,13.4428
22083.03,25.3,13.4427
22084.03,25.19,13.4427
22085.03,28.93,13.4428
22086.03,25.16,13.4428
22087.03,25.15,13.4429
22088.03,25.23,13.4429
22089.04,25.14,13.4429
22090.04,25.26,13.4428
22091.04,25.13,13.4428
22092.04,25.14,13.4428
22093.04,25.27,13.4429
22094.04,30.04,13.4431
22095.04,25.16,13.4429
22096.04,25.3,13.4429
22097.05,25.18,13.4431
22098.05,25.17,13.4431
22099.05,25.26,13.443
22100.05,25.13,13.443
22101.05,25.23,13.443
22102.05,25.14,13.4431
22103.06,31.23,13.4431
22104.06,25.27,13.4431
22105.06,25.18,13.4431
22106.06,25.18,13.443
22107.06,25.3,13.443
22108.06,25.19,13.4431
22109.07,25.29,13.4432
22110.07,25.18,13.4432
22111.07,25.27,13.4432
22112.07,29.68,13.4433
22113.07,25.2,13.4433
22114.07,25.29,13.4433
22115.08,25.18,13.4433
22116.08,25.26,13.4433
22117.08,25.19,13.4433
22118.08,25.19,13.4434
22119.08,25.67,13.4434
22120.08,25.17,13.4434
22121.09,28.91,13.4433
22122.09,25.16,13.4434
22123.09,25.3,13.4433
22124.09,25.17,13.4434
22125.09,25.18,13.4434
22126.09,25.27,13.4434
22127.1,25.18,13.4434
22128.1,25.24,13.4434
22129.11,25.82,13.4434
22130.11,28.11,13.4434
22131.11,25.16,13.4434
22132.11,25.19,13.4434
22133.11,25.3,13.4434
22134.12,25.18,13.4435
22135.12,25.29,13.4435
22136.12,25.17,13.4435
22137.12,25.18,13.4435
22138.12,25.25,13.4435
22139.12,28.7,13.4438
22140.12,25.27,13.4437
22141.13,25.17,13.4437
22142.13,25.17,13.4437
22143.13,25.28,13.4437
22144.13,25.17,13.4437
22145.13,25.27,13.4438
22146.13,25.16,13.4437
22147.14,25.28,13.4437
22148.14,28.85,13.4438
22149.14,25.18,13.4438
22150.14,25.27,13.4437
22151.14,25.17,13.4437
22152.14,25.29,13.4438
22153.15,25.2,13.4438
22154.15,25.18,13.4437
22155.15,25.3,13.4437
22156.15,25.16,13.4437
22157.15,29.13,13.4437
22158.15,25.26,13.4437
22159.15,25.2,13.4439
22160.16,25.18,13.444
22161.16,25.27,13.4438
22162.16,25.15,13.444
22163.16,25.29,13.4441
22164.16,25.15,13.444
22165.16,25.18,13.444
22166.17,31.26,13.4441
22167.17,25.2,13.4441
22168.17,25.25,13.4441
22169.17,25.2,13.4441
22170.17,25.19,13.444
22171.17,25.29,13.444
22172.17,25.18,13.4441
22173.18,25.19,13.4441
22174.18,25.23,13.4441
22175.18,30.55,13.4442
22176.18,25.26,13.4441
22177.18,25.18,13.4441
22178.18,25.17,13.4441
22179.18,26.56,13.4441
22180.19,25.18,13.4441
22181.19,25.18,13.4441
22182.19,25.31,13.4442
22183.19,25.75,13.4442
22184.19,28.95,13.4442
22185.19,25.28,13.4442
22186.19,25.19,13.4442
22187.2,25.17,13.4442
22188.2,25.27,13.4442
22189.2,25.17,13.4442
22190.2,25.26,13.4442
22191.2,25.17,13.4442
22192.2,25.29,13.4444
22193.21,25.2,13.4444
22194.21,28.87,13.4445
22195.21,25.28,13.4445
22196.21,25.17,13.4445
22197.21,25.29,13.4445
22198.21,25.18,13.4445
22199.22,25.17,13.4445
22200.22,25.27,13.4445
22201.22,25.17,13.4445
22202.22,25.28,13.4445
22203.22,25.19,13.4445
22204.22,25.17,13.4445
22205.23,28.72,13.4445
22206.23,25.11,13.4445
22207.23,25.25,13.4446
22208.23,25.14,13.4446
22209.23,25.24,13.4446
22210.23,25.18,13.4445
22211.24,25.14,13.4445
22212.24,25.24,13.4445
22213.24,25.13,13.4445
22214.24,25.15,13.4445
22215.24,28.85,13.445
22216.24,25.18,13.445
22217.24,25.18,13.445
22218.25,25.27,13.445
22219.25,25.17,13.445
22220.25,25.24,13.445
22221.25,25.14,13.445
22222.25,25.18,13.4452
22223.25,25.26,13.4452
22224.25,25.16,13.4452
22225.26,29.42,13.4452
22226.26,25.33,13.4452
22227.26,25.18,13.4452
22228.26,25.17,13.4452
22229.26,25.27,13.4452
22230.26,25.17,13.4452
22231.26,25.28,13.4452
22232.27,25.19,13.4452
22233.27,25.19,13.4452
22234.27,25.26,13.4452
22235.27,31.05,13.4453
22236.27,25.3,13.4454
22237.27,25.13,13.4454
22238.28,25.12,13.4454
22239.28,25.22,13.4454
22240.28,25.12,13.4454
22241.28,25.23,13.4454
22242.28,25.13,13.4454
22243.28,25.14,13.4454
22244.29,25.22,13.4452
22245.29,30.19,13.4454
22246.29,25.28,13.4454
22247.29,25.19,13.4454
22248.29,25.18,13.4454
22249.29,25.29,13.4455
22250.29,25.16,13.4455
22251.3,25.17,13.4455
22252.3,25.31,13.4455
22253.3,25.19,13.4454
22254.3,25.17,13.4454
22255.3,29.02,13.4457
22256.3,25.18,13.4457
22257.3,25.29,13.4457
22258.31,25.18,13.4457
22259.31,25.17,13.4457
22260.31,25.28,13.4457
22261.31,25.17,13.4457
22262.31,25.28,13.4457
22263.31,25.17,13.4457
22264.32,25.27,13.4457
22265.32,28.68,13.4457
22266.32,25.16,13.4456
22267.32,25.28,13.4457
22268.32,25.13,13.4457
22269.32,25.27,13.4457
22270.33,25.18,13.4457
22271.33,25.17,13.4457
22272.33,25.28,13.4458
22273.33,25.19,13.4458
22274.33,25.28,13.4457
22275.33,25.17,13.4456
22276.34,28.78,13.4456
22277.34,25.28,13.4459
22278.34,25.18,13.4457
22279.34,25.28,13.4459
22280.34,25.17,13.4459
22281.34,25.17,13.4459
22282.35,25.31,13.4458
22283.35,25.19,13.4458
22284.35,25.25,13.4458
22285.35,28.84,13.4459
22286.35,25.16,13.446
22287.35,25.27,13.446
22288.35,25.16,13.4461
22289.36,25.27,13.4461
22290.36,25.17,13.4461
22291.36,25.17,13.4461
22292.36,25.28,13.4461
22293.36,25.18,13.4461
22294.36,25.26,13.4461
22295.37,30.04,13.4461
22296.37,25.17,13.4461
22297.37,25.3,13.446
22298.37,25.17,13.446
22299.37,25.19,13.446
22300.37,25.27,13.446
22301.38,25.17,13.446
22302.38,25.27,13.4461
22303.38,25.19,13.446
22304.38,25.18,13.446
22305.38,31.22,13.4463
22306.38,25.17,13.4464
22307.38,25.18,13.4464
22308.39,25.28,13.4463
22309.39,25.18,13.4463
22310.39,25.28,13.4463
22311.39,25.17,13.4463
22312.39,25.19,13.4464
22313.39,25.29,13.4464
22314.4,29.02,13.4464
22315.4,25.89,13.4464
22316.4,25.17,13.4464
22317.4,25.19,13.4464
22318.4,25.28,13.4464
22319.4,25.17,13.4464
22320.4,25.27,13.4464
22321.41,25.17,13.4464
22322.41,25.18,13.4464
22323.41,25.29,13.4464
22324.41,28.86,13.4465
22325.41,25.26,13.4465
22326.41,25.17,13.4465
22327.42,25.28,13.4466
22328.42,25.17,13.4465
22329.42,25.18,13.4466
22330.42,25.26,13.4466
22331.42,25.16,13.4466
22332.42,25.28,13.4466
22333.43,25.19,13.4466
22334.43,25.19,13.4466
22335.43,28.89,13.4468
22336.43,25.16,13.4468
22337.43,25.16,13.4468
22338.43,25.25,13.4468
22339.44,25.14,13.4468
22340.44,25.27,13.4468
22341.44,25.16,13.4468
22342.44,25.12,13.4468
22343.44,25.24,13.4467
22344.44,25.12,13.4467
22345.44,28.66,13.4468
22346.45,25.21,13.4468
22347.45,25.13,13.4469
22348.45,25.22,13.4469
22349.45,25.12,13.4469
22350.45,25.14,13.4469
22351.45,25.24,13.4469
22352.46,25.14,13.4469
22353.46,25.23,13.4469
22354.46,25.11,13.4469
22355.46,25.22,13.4469
22356.46,28.81,13.4469
22357.46,25.18,13.4469
22358.47,25.28,13.4469
22359.47,25.19,13.4469
22360.47,25.24,13.447
22361.47,25.12,13.447
22362.47,25.15,13.447
22363.47,25.27,13.447
22364.48,25.17,13.447
22365.48,25.26,13.447
22366.48,30.71,13.4471
22367.48,25.28,13.4472
22368.48,25.13,13.4472
22369.48,25.14,13.4472
22370.49,25.25,13.4472
22371.49,25.18,13.447
22372.49,25.28,13.4471
22373.49,25.18,13.4471
22374.49,25.17,13.4471
22375.49,31.18,13.4473
22376.49,25.12,13.4473
22377.5,25.24,13.4473
22378.5,25.12,13.4473
22379.5,25.13,13.4473
22380.5,25.22,13.4473
22381.5,25.15,13.4473
22382.5,25.2,13.4473
22383.51,25.28,13.4473
22384.51,25.17,13.4474
22385.51,29.15,13.4474
22386.51,25.14,13.4474
22387.51,25.13,13.4474
22388.51,25.21,13.4474
22389.52,25.12,13.4474
22390.52,25.21,13.4474
22391.52,25.17,13.4474
22392.52,25.28,13.4474
22393.52,25.19,13.4474
22394.52,28.73,13.4476
22395.52,25.28,13.4476
22396.53,25.17,13.4476
22397.53,25.18,13.4476
22398.53,25.29,13.4476
22399.53,25.18,13.4476
22400.53,25.19,13.4476
22401.53,25.3,13.4476
22402.53,25.19,13.4475
22403.54,25.2,13.4476
22404.54,25.3,13.4476
22405.54,28.76,13.4477
22406.54,25.18,13.4477
22407.54,25.29,13.4477
22408.54,25.18,13.4477
22409.54,25.28,13.4477
22410.55,25.18,13.4477
22411.55,25.18,13.4477
22412.55,25.3,13.4477
22413.55,25.18,13.4477
22414.55,25.28,13.4476
22415.55,28.83,13.4478
22416.56,25.28,13.4478
22417.56,25.19,13.4478
22418.56,25.17,13.4478
22419.56,25.3,13.4478
22420.56,25.17,13.4478
22421.56,25.15,13.4478
22422.57,25.3,13.4479
22423.57,25.15,13.4479
22424.57,25.27,13.4479
22425.57,28.81,13.448
22426.57,25.15,13.448
22427.57,25.28,13.4482
22428.57,25.15,13.4481
22429.58,25.15,13.4481
22430.58,25.24,13.4481
22431.58,25.12,13.4481
22432.58,25.25,13.4481
22433.58,25.16,13.4481
22434.58,25.18,13.4481
22435.58,31.42,13.4481
22436.59,25.18,13.4481
22437.59,25.19,13.4481
22438.59,25.28,13.4481
22439.59,25.17,13.4481
22440.59,25.17,13.4481
22441.59,25.24,13.4481
22442.59,25.2,13.4483
22443.6,25.18,13.4483
22444.6,25.28,13.4483
22445.6,30.51,13.4483
22446.6,25.27,13.4483
22447.6,25.17,13.4483
22448.6,25.16,13.4483
22449.61,25.28,13.4483
22450.61,25.17,13.4483
22451.61,25.27,13.4483
22452.61,25.2,13.4483
22453.61,25.17,13.4483
22454.61,29.01,13.4483
22455.62,25.12,13.4483
22456.62,25.22,13.4482
22457.62,25.13,13.4483
22458.62,25.23,13.4483
22459.62,25.12,13.4483
22460.62,25.12,13.4483
22461.63,25.22,13.4483
22462.63,25.15,13.4484
22463.63,25.22,13.4484
22464.63,28.78,13.4485
22465.63,25.17,13.4485
22466.63,25.28,13.4486
22467.64,25.12,13.4486
22468.64,25.22,13.4486
22469.64,25.14,13.4486
22470.64,25.18,13.4486
22471.64,25.28,13.4486
22472.64,25.21,13.4486
22473.65,25.28,13.4486
22474.65,28.72,13.4486
22475.65,25.26,13.4486
22476.65,25.16,13.4486
22477.65,25.17,13.4487
22478.65,25.27,13.4487
22479.66,26.23,13.4487
22480.66,25.27,13.4487
22481.66,25.17,13.4487
22482.66,25.2,13.4487
22483.66,25.27,13.4487
22484.66,25.18,13.4487
22485.66,28.76,13.4492
22486.67,25.17,13.4492
22487.67,25.18,13.4492
22488.67,25.27,13.4492
22489.67,25.17,13.4492
22490.67,25.27,13.4493
22491.67,25.17,13.4493
22492.68,25.17,13.4493
22493.68,25.26,13.4493
22494.68,25.16,13.4493
22495.68,29.4,13.4493
22496.68,25.11,13.4493
22497.68,25.13,13.4494
22498.69,25.27,13.4494
22499.69,25.18,13.4492
22500.69,25.27,13.4492
22501.69,25.14,13.4492
22502.69,25.25,13.4493
22503.69,25.12,13.4493
22504.7,25.13,13.4493
22505.7,31.19,13.4495
22506.7,25.17,13.4495
22507.7,25.18,13.4495
22508.7,25.31,13.4495
22509.7,25.17,13.4495
22510.7,25.17,13.4495
22511.7,25.29,13.4495
22512.71,25.19,13.4495
22513.71,25.12,13.4495
22514.71,30.35,13.4496
22515.71,25.17,13.4496
22516.71,25.17,13.4496
22517.71,25.29,13.4497
22518.72,25.18,13.4497
22519.72,25.28,13.4497
22520.72,25.18,13.4497
22521.72,25.18,13.4497
22522.72,25.31,13.4497
22523.72,25.18,13.4497
22524.73,29.02,13.4497
22525.73,25.18,13.4497
22526.73,25.28,13.4497
22527.73,25.18,13.4497
22528.73,25.17,13.4497
22529.73,25.29,13.4497
22530.73,25.16,13.4497
22531.74,25.17,13.4497
22532.74,25.32,13.4498
22533.74,25.18,13.4498
22534.74,28.74,13.4498
22535.74,25.28,13.4498
22536.74,25.17,13.4498
22537.74,25.29,13.4498
22538.75,25.18,13.4498
22539.75,25.17,13.4498
22540.75,25.27,13.4498
22541.75,25.17,13.4498
22542.75,25.3,13.4499
22543.75,25.18,13.4499
22544.76,28.92,13.4501
22545.76,25.17,13.4501
22546.76,25.17,13.4501
22547.76,25.22,13.4501
22548.76,25.11,13.4501
22549.76,25.22,13.4501
22550.77,25.12,13.45
22551.77,25.14,13.45
22552.77,25.3,13.45
22553.77,25.18,13.45
22554.77,28.72,13.4502
22555.77,25.27,13.4501
22556.78,25.15,13.4501
22557.78,25.29,13.4501
22558.78,25.18,13.4501
22559.78,25.28,13.4501
22560.78,25.17,13.4501
22561.78,25.17,13.4501
22562.79,25.3,13.4501
22563.79,25.17,13.4501
22564.79,29.79,13.4501
22565.79,25.18,13.45
22566.79,25.18,13.45
22567.79,25.28,13.4501
22568.8,25.18,13.4501
22569.8,25.28,13.4501
22570.8,25.17,13.4501
22571.8,25.28,13.4501
22572.8,25.2,13.4501
22573.8,31.1,13.4505
22574.81,25.25,13.4505
22575.81,25.12,13.4505
22576.81,25.22,13.4505
22577.81,25.13,13.4505
22578.81,25.12,13.4505
22579.81,25.22,13.4505
22580.82,25.16,13.4504
22581.82,25.19,13.4503
22582.82,25.3,13.4503
22583.82,30.05,13.4505
22584.82,25.28,13.4505
22585.82,25.17,13.4505
22586.82,25.27,13.4505
22587.83,25.18,13.4505
22588.83,25.16,13.4505
22589.83,25.27,13.4505
22590.83,25.18,13.4505
22591.83,25.28,13.4506
22592.83,28.8,13.4507
22593.84,25.17,13.4507
22594.84,25.27,13.4507
22595.84,25.17,13.4507
22596.84,25.29,13.4507
22597.84,25.18,13.4507
22598.84,25.18,13.4507
22599.85,25.28,13.4507
22600.85,25.17,13.4507
22601.85,25.28,13.4508
22602.85,28.68,13.4508
22603.85,25.2,13.4508
22604.85,25.18,13.4508
22605.85,25.28,13.4508
22606.86,25.18,13.4508
22607.86,25.27,13.4508
22608.86,25.18,13.4508
22609.86,25.24,13.4508
22610.86,25.17,13.4508
22611.86,25.19,13.4508
22612.86,25.31,13.4508
22613.87,28.82,13.4508
22614.87,25.17,13.4508
22615.87,25.3,13.4508
22616.87,25.18,13.4508
22617.87,25.17,13.4508
22618.87,25.3,13.4509
22619.87,25.17,13.4509
22620.88,25.17,13.4509
22621.88,25.3,13.4509
22622.88,28.85,13.4511
22623.88,25.27,13.4511
22624.88,25.15,13.4511
22625.88,25.25,13.4511
22626.88,25.18,13.4511
22627.88,25.12,13.4511
22628.89,25.23,13.4511
22629.89,25.15,13.4511
22630.89,25.23,13.4511
22631.89,25.18,13.4511
22632.89,25.19,13.4511
22633.89,30.06,13.4511
22634.9,25.16,13.4511
22635.9,25.21,13.4511
22636.9,25.14,13.4512
22637.9,25.18,13.4512
22638.9,25.28,13.4512
22639.9,25.18,13.4512
22640.9,25.27,13.4512
22641.91,25.18,13.4512
22642.91,25.19,13.4512
22643.91,31.51,13.4512
22644.91,25.17,13.4512
22645.91,25.28,13.4512
22646.91,25.19,13.4512
22647.92,25.28,13.4512
22648.92,25.18,13.4512
22649.92,25.18,13.4512
22650.92,25.3,13.4512
22651.92,25.2,13.4512
22652.92,25.19,13.4512
22653.92,29.48,13.4514
22654.93,25.25,13.4514
22655.93,25.17,13.4514
22656.93,25.28,13.4513
22657.93,25.17,13.4513
22658.93,25.27,13.4513
22659.93,25.17,13.4513
22660.94,25.17,13.4513
22661.94,25.28,13.4513
22662.94,28.86,13.4514
22663.94,25.28,13.4516
22664.94,25.13,13.4516
22665.94,25.16,13.4516
22666.95,25.28,13.4516
22667.95,25.17,13.4516
22668.95,25.27,13.4516
22669.95,25.17,13.4516
22670.95,25.17,13.4516
22671.95,25.28,13.4516
22672.95,28.72,13.4517
22673.96,25.17,13.4517
22674.96,25.26,13.4517
22675.96,25.18,13.4517
22676.96,25.27,13.4517
22677.96,25.17,13.4517
22678.96,25.18,13.4517
22679.97,25.28,13.4517
22680.97,25.17,13.4517
22681.97,25.28,13.4517
22682.97,25.18,13.4517
22683.97,28.91,13.4518
22684.97,25.17,13.4518
22685.98,25.16,13.4518
22686.98,25.27,13.4518
22687.98,25.16,13.4518
22688.98,25.29,13.4518
22689.98,25.17,13.4518
22690.98,25.18,13.4518
22691.99,25.28,13.4518
22692.99,25.19,13.4518
22693.99,28.89,13.452
22694.99,25.18,13.452
22695.99,25.17,13.4519
22696.99,25.28,13.4519
22698.0,25.17,13.4519
22699.0,25.22,13.4519
22700.0,25.16,13.4519
22701.0,25.12,13.452
22702.0,25.23,13.452
22703.0,29.89,13.4522
22704.0,25.92,13.4521
22705.01,25.15,13.4521
22706.01,25.15,13.4521
22707.01,25.27,13.4521
22708.01,25.16,13.4521
22709.01,25.22,13.4522
22710.01,46.24,4.9376
22711.02,86.15,2.8308
22712.02,76.35,3.2026
22713.02,82.04,3.3107
22714.02,88.08,3.5432
22715.02,82.68,3.9079
22716.02,76.86,4.2747
22717.02,78.37,4.5999
22718.03,76.54,4.8566
22719.03,75.89,5.0994
22720.03,76.0,5.3487
22721.03,76.18,5.6758
22722.03,34.2,6.5729
22723.03,25.64,7.3909
22724.04,97.57,8.6316
22725.04,100.18,9.385
22726.04,30.91,9.4976
22727.04,25.13,9.4976
22728.04,68.29,9.5048
22729.04,76.29,9.5064
22730.04,76.27,9.6077
22731.04,76.83,9.6143
22732.05,77.05,9.6146
22733.05,62.68,9.6136
22734.05,49.77,9.6139
22735.05,46.27,9.608
22736.05,45.01,9.6088
22737.05,43.95,9.6089
22738.06,51.0,9.6091
22739.06,29.09,9.6091
22740.06,43.83,9.877
22741.06,99.88,10.7836
22742.06,100.22,11.4416
22743.06,99.9,12.1027
22744.06,56.23,12.4347
22745.06,27.95,12.4364
22746.07,33.21,12.4365
22747.07,44.55,12.4366
22748.07,30.02,12.4366
22749.07,25.6,12.4366
22750.07,31.29,12.4366
22751.07,26.57,12.4366
22752.08,28.72,12.4366
22753.08,32.21,12.4366
22754.08,25.32,12.4366
22755.08,29.08,12.4366
22756.08,37.81,12.4369
22757.08,42.03,12.4371
22758.08,31.15,12.4371
22759.09,33.74,12.4371
22760.09,27.19,12.4371
22761.09,29.64,12.4371
22762.09,37.66,12.4372
22763.09,27.15,12.4372
22764.09,25.13,12.4372
22765.1,25.31,12.4372
22766.1,25.81,12.4372
22767.1,25.78,12.4372
22768.1,25.91,12.4372
22769.1,25.39,12.437
22770.1,25.19,12.4371
22771.11,25.31,12.4369
22772.11,26.07,12.4369
22773.11,25.3,12.437
22774.11,25.28,12.437
22775.11,25.3,12.4369
22776.11,25.28,12.4369
22777.12,29.18,12.4369
22778.12,27.74,12.4369
22779.12,30.57,12.4369
22780.12,27.51,12.4369
22781.12,25.79,12.4369
22782.12,26.03,12.4369
22783.13,25.28,12.437
22784.13,25.16,12.437
22785.13,25.33,12.437
22786.13,25.18,12.437
22787.13,26.59,12.4369
22788.13,25.21,12.437
22789.13,70.62,12.4438
22790.14,99.92,12.5517
22791.14,59.78,12.5517
22792.14,25.36,12.5519
22793.14,25.21,12.5519
22794.14,25.32,12.5519
22795.14,25.27,12.5518
22796.14,30.3,12.5518
22797.15,26.17,12.5519
22798.15,25.19,12.5519
22799.15,25.3,12.5518
22800.15,25.18,12.5518
22801.15,25.22,12.5518
22802.15,62.22,12.5519
22803.16,51.93,12.5523
22804.16,40.59,12.5523
22805.16,35.42,12.5523
22806.16,25.19,12.5523
22807.16,27.02,12.5523
22808.16,25.92,12.5523
22809.16,25.52,12.5523
22810.17,85.41,12.5663
22811.17,89.62,12.5731
22812.17,26.58,12.5732
22813.17,25.21,12.5732
22814.17,25.19,12.5732
22815.17,25.32,12.5732
22816.18,25.18,12.5732
22817.18,25.29,12.5732
22818.18,25.18,12.5732
22819.18,82.76,12.5732
22820.18,88.04,12.5733
22821.18,25.12,12.5733
22822.18,25.24,12.5734
22823.19,25.17,12.5734
22824.19,25.19,12.5734
22825.19,25.28,12.5734
22826.19,25.17,12.5734
22827.19,25.73,12.5734
22828.19,95.48,12.5734
22829.2,72.16,12.5734
22830.2,25.23,12.5734
22831.2,25.13,12.5734
22832.2,30.84,12.6326
22833.2,99.84,13.2803
22834.2,64.49,13.2803
22835.2,25.24,13.2803
22836.21,25.21,13.2803
22837.21,41.22,13.4052
22838.21,25.28,13.4052
22839.21,25.19,13.4052
22840.21,28.73,13.4052
22841.21,25.59,13.4053
22842.22,25.82,13.4053
22843.22,25.36,13.4053
22844.22,28.99,13.4055
22845.22,25.18,13.4054
22846.22,25.29,13.4055
22847.22,25.2,13.4055
22848.22,28.98,13.4056
22849.23,25.19,13.4056
22850.23,25.19,13.4056
22851.23,29.64,13.4057
22852.23,25.15,13.4058
22853.23,26.51,13.4059
22854.23,28.82,13.4059
22855.24,25.41,13.4059
22856.24,25.17,13.4059
22857.24,25.22,13.4059
22858.24,28.98,13.406
22859.24,25.21,13.406
22860.24,25.21,13.406
22861.25,25.3,13.406
22862.25,28.95,13.406
22863.25,25.34,13.406
22864.25,25.22,13.406
22865.25,28.98,13.4061
22866.25,25.31,13.4061
22867.25,25.19,13.4061
22868.26,28.81,13.4061
22869.26,25.34,13.4061
22870.26,25.21,13.4061
22871.26,28.86,13.4063
22872.26,25.41,13.4062
22873.26,25.25,13.4063
22874.27,28.92,13.4063
22875.27,25.2,13.4063
22876.27,25.31,13.4063
22877.27,28.77,13.4064
22878.27,25.24,13.4064
22879.27,25.25,13.4064
22880.28,29.23,13.4066
22881.28,25.31,13.4066
22882.28,25.22,13.4066
22883.28,25.22,13.4066
22884.28,29.0,13.4066
22885.28,25.19,13.4066
22886.28,25.28,13.4066
22887.29,25.19,13.4065
22888.29,25.2,13.4065
22889.29,28.9,13.4065
22890.29,25.87,13.4065
22891.29,25.28,13.4065
22892.29,25.2,13.4066
22893.3,29.12,13.4067
22894.3,25.32,13.4067
22895.3,25.18,13.4067
22896.3,25.18,13.4067
22897.3,29.83,13.4067
22898.3,29.84,13.4067
22899.3,25.29,13.4067
22900.31,25.17,13.4066
22901.31,25.18,13.4066
22902.31,25.28,13.4066
22903.31,25.18,13.4067
22904.31,30.54,13.4067
22905.31,25.18,13.4067
22906.32,25.18,13.4067
22907.32,25.3,13.4067
22908.32,25.17,13.4067
22909.32,25.28,13.4067
22910.32,29.98,13.4067
22911.32,25.2,13.4067
22912.33,25.29,13.4067
22913.33,25.2,13.4068
22914.33,25.28,13.4068
22915.33,25.18,13.4068
22916.33,29.18,13.4069
22917.33,25.28,13.4069
22918.34,25.18,13.4069
22919.34,25.3,13.4069
22920.34,25.18,13.4069
22921.34,25.18,13.4069
22922.34,28.92,13.4071
22923.34,25.19,13.4071
22924.34,25.44,13.4071
22925.35,34.06,13.4071
22926.35,29.33,13.4128
22927.35,25.24,13.4129
22928.35,25.15,13.4129
22929.35,28.94,13.4129
22930.35,25.19,13.4082
22931.36,25.17,13.4082
22932.36,25.28,13.4082
22933.36,25.17,13.4082
22934.36,25.24,13.4082
22935.36,25.18,13.4082
22936.36,25.19,13.4082
22937.37,28.85,13.4084
22938.37,25.17,13.4084
22939.37,25.27,13.4082
22940.37,25.18,13.4082
22941.37,25.17,13.4082
22942.37,25.28,13.4082
22943.38,25.18,13.4084
22944.38,25.27,13.4084
22945.38,28.85,13.4085
22946.38,25.27,13.4085
22947.38,25.19,13.4085
22948.38,25.19,13.4085
22949.39,25.27,13.4085
22950.39,25.18,13.4085
22951.39,25.17,13.4085
22952.39,25.31,13.4086
22953.39,28.87,13.4086
22954.39,25.28,13.4086
22955.39,25.18,13.4086
22956.4,25.19,13.4086
22957.4,25.31,13.4086
22958.4,25.18,13.4086
22959.4,25.19,13.4086
22960.4,25.29,13.4086
22961.4,30.11,13.4087
22962.4,25.24,13.4087
22963.41,25.18,13.4087
22964.41,25.17,13.4087
22965.41,25.28,13.4087
22966.41,25.19,13.4087
22967.41,25.26,13.4087
22968.41,25.13,13.4087
22969.42,30.51,13.4087
22970.42,25.29,13.4087
22971.42,25.17,13.4087
22972.42,25.2,13.4088
22973.42,25.25,13.4088
22974.42,25.17,13.4088
22975.42,25.16,13.4088
22976.43,30.28,13.409
22977.43,25.18,13.409
22978.43,25.27,13.409
22979.43,25.14,13.409
22980.43,25.13,13.409
22981.43,25.27,13.409
22982.44,25.19,13.409
22983.44,25.3,13.409
22984.44,25.18,13.409
22985.44,28.93,13.409
22986.44,25.27,13.409
22987.44,25.19,13.409
22988.44,25.28,13.409
22989.45,25.18,13.409
22990.45,25.18,13.409
22991.45,25.28,13.409
22992.45,25.19,13.409
22993.45,28.87,13.409
22994.45,25.18,13.409
22995.46,25.2,13.409
22996.46,25.27,13.409
22997.46,25.18,13.4091
22998.46,25.17,13.4091
22999.46,25.28,13.4091
23000.46,25.17,13.4091
23001.46,25.27,13.4091
23002.47,28.85,13.4091
23003.47,25.19,13.4091
23004.47,25.27,13.409
23005.47,25.18,13.4091
23006.47,25.19,13.4092
23007.47,25.27,13.4092
23008.48,25.18,13.4092
23009.48,25.29,13.4092
23010.48,25.18,13.4092
23011.48,28.77,13.4092
23012.48,25.27,13.4092
23013.48,25.13,13.4092
23014.48,25.19,13.4092
23015.49,25.28,13.4092
23016.49,25.19,13.4092
23017.49,25.19,13.4092
23018.49,25.28,13.4092
23019.49,25.28,13.4092
23020.49,25.29,13.4092
23021.49,28.86,13.4092
23022.5,25.14,13.4094
23023.5,25.25,13.4094
23024.5,25.16,13.4094
23025.5,25.18,13.4094
23026.5,25.29,13.4094
23027.5,25.21,13.4094
23028.5,25.18,13.4094
23029.5,25.28,13.4094
23030.51,30.66,13.4094
23031.51,25.17,13.4094
23032.51,25.28,13.4094
23033.51,25.17,13.4094
23034.51,25.28,13.4094
23035.51,25.18,13.4094
23036.52,25.13,13.4094
23037.52,25.29,13.4094
23038.52,25.19,13.4093
23039.52,30.91,13.4095
23040.52,25.18,13.4095
23041.52,25.18,13.4094
23042.53,25.29,13.4096
23043.53,25.21,13.4096
23044.53,25.28,13.4096
23045.53,25.17,13.4096
23046.53,25.2,13.4096
23047.53,25.29,13.4096
23048.53,29.47,13.4097
23049.54,25.17,13.4097
23050.54,25.24,13.4097
23051.54,25.12,13.4097
23052.54,25.14,13.4097
23053.54,25.24,13.4097
23054.54,25.13,13.4097
23055.54,25.23,13.4097
23056.55,25.13,13.4097
23057.55,28.85,13.4101
23058.55,25.28,13.4101
23059.55,25.18,13.4101
23060.55,25.27,13.4101
23061.55,25.16,13.4101
23062.56,25.29,13.4101
23063.56,25.17,13.4101
23064.56,25.18,13.4101
23065.56,25.27,13.4099
23066.56,28.88,13.4102
23067.56,25.2,13.4102
23068.57,25.27,13.4102
23069.57,25.17,13.4102
23070.57,25.28,13.4102
23071.57,25.16,13.4102
23072.57,25.2,13.4102
23073.57,25.29,13.4102
23074.57,25.18,13.4102
23075.58,25.17,13.4102
23076.58,25.27,13.4102
23077.58,28.88,13.4102
23078.58,25.28,13.4102
23079.58,25.18,13.4102
23080.58,25.17,13.4102
23081.59,25.28,13.4102
23082.59,25.2,13.4103
23083.59,25.28,13.4103
23084.59,25.18,13.4103
23085.59,25.18,13.4103
23086.59,25.28,13.4103
23087.6,28.91,13.4103
23088.6,25.27,13.4103
23089.6,25.18,13.4103
23090.6,25.18,13.4103
23091.6,25.29,13.4103
23092.6,25.19,13.4103
23093.6,25.17,13.4103
23094.61,25.27,13.4103
23095.61,25.17,13.4103
23096.61,30.84,13.4103
23097.61,25.18,13.4103
23098.61,25.17,13.4103
23099.61,25.26,13.4103
23100.62,25.18,13.4103
23101.62,25.29,13.4103
23102.62,25.2,13.4104
23103.62,25.17,13.4104
23104.62,25.27,13.4104
23105.62,25.17,13.4104
23106.62,31.24,13.4105
23107.63,25.17,13.4105
23108.63,25.18,13.4105
23109.63,25.28,13.4105
23110.63,25.15,13.4105
23111.63,25.24,13.4105
23112.63,25.19,13.4105
23113.64,25.17,13.4105
23114.64,25.27,13.4105
23115.64,25.18,13.4105
23116.64,25.27,13.4105
23117.64,29.12,13.4107
23118.64,25.17,13.4107
23119.65,25.27,13.4107
23120.65,25.15,13.4107
23121.65,25.22,13.4107
23122.65,25.15,13.4108
23123.65,25.17,13.4108
23124.65,25.27,13.4108
23125.66,25.17,13.4108
23126.66,28.91,13.4108
23127.66,25.19,13.4108
23128.66,25.27,13.4108
23129.66,25.18,13.4108
23130.66,25.18,13.4107
23131.67,25.27,13.4107
23132.67,25.2,13.4108
23133.67,25.27,13.4108
23134.67,25.17,13.4108
23135.67,25.16,13.4108
23136.67,28.93,13.4109
23137.68,25.18,13.4108
23138.68,25.27,13.4108
23139.68,25.18,13.4108
23140.68,25.27,13.4108
23141.68,25.16,13.4108
23142.68,25.19,13.4108
23143.69,25.27,13.4108
23144.69,25.17,13.4108
23145.69,25.28,13.4108
23146.69,25.17,13.4108
23147.69,28.74,13.411
23148.69,25.29,13.4109
23149.69,25.16,13.4109
23150.7,25.18,13.4109
23151.7,25.28,13.411
23152.7,25.2,13.411
23153.7,25.28,13.411
23154.7,25.18,13.411
23155.7,25.19,13.411
23156.71,29.17,13.411
23157.71,25.19,13.4111
23158.71,25.29,13.4111
23159.71,25.17,13.411
23160.71,25.17,13.411
23161.71,25.25,13.411
23162.72,25.18,13.4111
23163.72,25.28,13.4111
23164.72,25.16,13.4111
23165.72,25.17,13.4111
23166.72,31.21,13.4112
23167.72,25.18,13.4113
23168.73,25.28,13.4113
23169.73,25.17,13.4113
23170.73,25.28,13.4112
23171.73,25.17,13.4112
23172.73,25.2,13.4113
23173.73,25.28,13.4114
23174.73,25.19,13.4113
23175.74,25.17,13.4113
23176.74,30.76,13.4114
23177.74,25.18,13.4114
23178.74,25.18,13.4114
23179.74,25.29,13.4114
23180.74,25.19,13.4114
23181.74,25.28,13.4114
23182.75,25.2,13.4114
23183.75,25.17,13.4114
23184.75,25.29,13.4114
23185.75,25.17,13.4114
23186.75,29.01,13.4114
23187.75,25.28,13.4114
23188.75,25.19,13.4114
23189.76,25.17,13.4114
23190.76,25.28,13.4114
23191.76,25.18,13.4114
23192.76,25.3,13.4115
23193.76,25.18,13.4114
23194.76,25.27,13.4114
23195.77,25.17,13.4115
23196.77,28.8,13.4115
23197.77,25.28,13.4115
23198.77,25.18,13.4115
23199.77,25.27,13.4115
23200.77,25.17,13.4115
23201.78,25.17,13.4115
23202.78,25.28,13.4116
23203.78,25.16,13.4116
23204.78,25.27,13.4115
23205.78,25.17,13.4115
23206.78,28.89,13.4117
23207.79,25.17,13.4117
23208.79,25.14,13.4117
23209.79,25.22,13.4117
23210.79,25.13,13.4118
23211.79,25.23,13.4118
23212.79,25.16,13.4119
23213.8,25.12,13.4119
23214.8,25.22,13.4119
23215.8,25.15,13.4118
23216.8,28.62,13.4118
23217.8,25.49,13.4119
23218.8,25.17,13.4119
23219.81,25.27,13.4119
23220.81,25.15,13.4119
23221.81,25.27,13.4119
23222.81,25.17,13.4119
23223.81,25.13,13.4119
23224.81,25.26,13.4119
23225.81,25.14,13.4119
23226.82,25.16,13.4117
23227.82,29.97,13.412
23228.82,25.18,13.412
23229.82,25.27,13.412
23230.82,25.18,13.412
23231.82,25.17,13.412
23232.83,25.3,13.412
23233.83,25.18,13.412
23234.83,25.27,13.412
23235.83,25.17,13.412
23236.83,25.14,13.412
23237.83,31.19,13.412
23238.83,25.17,13.412
23239.84,25.19,13.412
23240.84,25.29,13.412
23241.84,25.16,13.412
23242.84,25.2,13.412
23243.84,25.27,13.412
23244.84,25.17,13.412
23245.84,25.27,13.412
23246.85,25.18,13.4121
23247.85,30.06,13.412
23248.85,25.28,13.4121
23249.85,25.16,13.4121
23250.85,25.17,13.4121
23251.85,25.28,13.4121
23252.86,25.18,13.4122
23253.86,25.28,13.4122
23254.86,25.18,13.4121
23255.86,25.17,13.4121
23256.86,25.3,13.4121
23257.86,28.9,13.4123
23258.86,25.17,13.4123
23259.86,25.29,13.4123
23260.87,25.16,13.4123
23261.87,25.18,13.4123
23262.87,25.3,13.4122
23263.87,25.17,13.4122
23264.87,25.17,13.4122
23265.87,25.26,13.4122
23266.88,25.18,13.4122
23267.88,25.22,13.4122
23268.88,28.88,13.4124
23269.88,25.17,13.4124
23270.88,25.26,13.4124
23271.88,25.17,13.4124
23272.88,25.29,13.4124
23273.89,25.15,13.4124
23274.89,25.18,13.4124
23275.89,25.27,13.4124
23276.89,25.18,13.4125
23277.89,25.28,13.4125
23278.89,25.18,13.4125
23279.9,28.69,13.4125
23280.9,25.22,13.4125
23281.9,25.13,13.4125
23282.9,25.23,13.4125
23283.9,25.12,13.4125
23284.9,25.12,13.4125
23285.9,25.27,13.4125
23286.91,25.18,13.4125
23287.91,25.16,13.4125
23288.91,25.27,13.4124
23289.91,25.16,13.4124
23290.91,28.97,13.4125
23291.91,25.15,13.4125
23292.92,25.16,13.4125
23293.92,25.27,13.4125
23294.92,25.16,13.4125
23295.92,25.28,13.4125
23296.92,25.14,13.4125
23297.92,25.13,13.4125
23298.93,25.27,13.4125
23299.93,25.16,13.4125
23300.93,31.22,13.4127
23301.93,25.18,13.4127
23302.93,25.19,13.4127
23303.93,25.26,13.4127
23304.93,25.16,13.4126
23305.94,25.23,13.4127
23306.94,25.18,13.4127
23307.94,25.18,13.4127
23308.94,25.28,13.4127
23309.94,25.18,13.4127
23310.94,30.98,13.4126
23311.95,25.18,13.4126
23312.95,25.19,13.4128
23313.95,25.27,13.4128
23314.95,25.17,13.4128
23315.95,25.28,13.4128
23316.95,25.19,13.4128
23317.96,25.28,13.4128
23318.96,25.16,13.4128
23319.96,25.16,13.4129
23320.96,29.03,13.4129
23321.96,25.18,13.4129
23322.96,25.16,13.4129
23323.97,25.27,13.4128
23324.97,25.16,13.4128
23325.97,25.26,13.4128
23326.97,25.18,13.4128
23327.97,25.18,13.4128
23328.97,25.27,13.4128
23329.98,25.17,13.4128
23330.98,28.97,13.413
23331.98,25.17,13.413
23332.98,25.28,13.413
23333.98,25.17,13.413
23334.98,25.17,13.4129
23335.99,25.27,13.4129
23336.99,25.17,13.4129
23337.99,25.26,13.4129
23338.99,25.18,13.4129
23339.99,25.18,13.4129
23340.99,25.26,13.4129
23342.0,28.97,13.413
23343.0,25.28,13.413
23344.0,25.16,13.413
23345.0,25.13,13.413
23346.0,25.26,13.413
23347.0,25.17,13.4131
23348.0,25.27,13.4131
23349.01,25.16,13.4131
23350.01,25.15,13.4131
23351.01,25.23,13.4131
23352.01,28.84,13.4133
23353.01,25.29,13.4133
23354.01,25.2,13.4132
23355.02,25.17,13.4132
23356.02,25.27,13.4132
23357.02,25.18,13.4133
23358.02,25.17,13.4133
23359.02,25.29,13.4133
23360.02,25.18,13.4133
23361.02,25.28,13.4133
23362.03,29.8,13.4133
23363.03,25.18,13.4133
23364.03,25.26,13.4133
23365.03,25.12,13.4133
23366.03,25.12,13.4133
23367.03,25.24,13.4133
23368.04,25.13,13.4133
23369.04,25.29,13.4133
23370.04,25.18,13.4133
23371.04,25.19,13.4133
23372.04,31.32,13.4134
23373.04,25.18,13.4134
23374.04,25.16,13.4134
23375.05,25.23,13.4134
23376.05,25.15,13.4134
23377.05,25.27,13.4134
23378.05,25.18,13.4134
23379.05,25.2,13.4134
23380.05,25.26,13.4134
23381.05,25.16,13.4134
23382.06,25.15,13.4134
23383.06,30.24,13.4134
23384.06,25.18,13.4134
23385.06,25.28,13.4134
23386.06,25.16,13.4134
23387.06,25.23,13.4135
23388.07,25.12,13.4135
23389.07,25.12,13.4135
23390.07,25.26,13.4135
23391.07,25.17,13.4135
23392.07,25.2,13.4135
23393.07,28.83,13.4136
23394.07,25.17,13.4136
23395.08,25.17,13.4136
23396.08,25.3,13.4136
23397.08,25.19,13.4137
23398.08,25.2,13.4137
23399.08,25.29,13.4137
23400.08,25.19,13.4137
23401.08,25.19,13.4137
23402.09,25.29,13.4137
23403.09,25.2,13.4137
23404.09,28.92,13.4137
23405.09,25.18,13.4137
23406.09,25.18,13.4137
23407.09,25.29,13.4137
23408.1,25.18,13.4137
23409.1,25.29,13.4137
23410.1,25.18,13.4137
23411.1,25.15,13.4137
23412.1,25.25,13.4137
23413.1,25.13,13.4137
23414.11,28.85,13.4138
23415.11,25.18,13.4138
23416.11,25.27,13.4138
23417.11,25.17,13.4138
23418.11,25.18,13.4138
23419.11,25.28,13.4138
23420.12,25.18,13.4138
23421.12,25.28,13.4138
23422.12,25.18,13.4138
23423.12,25.19,13.4138
23424.12,25.28,13.4138
23425.12,28.76,13.4138
23426.12,25.28,13.4138
23427.13,25.19,13.4139
23428.13,25.18,13.4139
23429.13,25.27,13.4139
23430.13,25.18,13.4139
23431.13,25.29,13.4139
23432.13,25.18,13.4139
23433.14,25.21,13.4139
23434.14,25.28,13.4139
23435.14,30.77,13.4141
23436.14,25.18,13.4141
23437.14,25.29,13.4141
23438.14,25.19,13.4141
23439.14,25.19,13.4141
23440.15,25.28,13.414
23441.15,25.14,13.414
23442.15,25.26,13.4141
23443.15,25.2,13.4142
23444.15,25.18,13.4142
23445.15,31.23,13.4142
23446.16,25.18,13.4142
23447.16,25.29,13.4142
23448.16,25.18,13.4142
23449.16,25.2,13.414
23450.16,25.28,13.414
23451.16,25.18,13.414
23452.16,25.18,13.4143
23453.17,25.29,13.4143
23454.17,25.18,13.4143
23455.17,25.83,13.4143
23456.17,28.51,13.4142
23457.17,25.18,13.4142
23458.17,25.3,13.4142
23459.17,25.17,13.4143
23460.18,25.18,13.4143
23461.18,25.28,13.4142
23462.18,25.19,13.4143
23463.18,25.3,13.4142
23464.18,25.18,13.4142
23465.18,25.17,13.4142
23466.19,28.98,13.4144
23467.19,25.17,13.4144
23468.19,25.27,13.4143
23469.19,25.16,13.4143
23470.19,25.24,13.4143
23471.19,25.17,13.4143
23472.2,25.19,13.4144
23473.2,25.3,13.4144
23474.2,25.14,13.4143
23475.2,25.23,13.4143
23476.2,25.16,13.4143
23477.2,28.77,13.4145
23478.21,25.29,13.4145
23479.21,25.19,13.4145
23480.21,25.3,13.4145
23481.21,25.18,13.4146
23482.21,25.19,13.4146
23483.21,25.32,13.4146
23484.21,25.18,13.4145
23485.22,25.17,13.4145
23486.22,25.29,13.4145
23487.22,25.13,13.4146
23488.22,28.89,13.4146
23489.22,25.3,13.4146
23490.22,25.18,13.4146
23491.22,25.18,13.4146
23492.22,25.31,13.4146
23493.23,25.21,13.4146
23494.23,25.17,13.4146
23495.23,25.3,13.4146
23496.23,25.19,13.4146
23497.23,25.18,13.4146
23498.23,25.27,13.4146
23499.23,30.02,13.4147
23500.24,25.18,13.4146
23501.24,25.29,13.4146
23502.24,25.2,13.4146
23503.24,25.31,13.4146
23504.24,25.21,13.4147
23505.24,25.15,13.4147
23506.24,25.29,13.4147
23507.25,25.2,13.4147
23508.25,25.19,13.4147
23509.25,27.51,13.4147
23510.25,28.96,13.4147
23511.25,25.26,13.4147
23512.25,25.15,13.4148
23513.26,25.18,13.4148
23514.26,25.28,13.4147
23515.26,25.18,13.4147
23516.26,25.29,13.4147
23517.26,25.2,13.4148
23518.26,25.3,13.4149
23519.27,25.19,13.4149
23520.27,29.77,13.4149
23521.27,25.29,13.4149
23522.27,25.19,13.4149
23523.27,25.28,13.4149
23524.27,25.17,13.4149
23525.28,25.18,13.4149
23526.28,25.29,13.4149
23527.28,25.2,13.4149
23528.28,25.3,13.4149
23529.28,25.2,13.4149
23530.28,28.85,13.415
23531.29,25.27,13.415
23532.29,25.17,13.415
23533.29,25.31,13.4151
23534.29,25.17,13.415
23535.29,25.17,13.415
23536.29,25.3,13.415
23537.29,25.19,13.4151
23538.3,25.19,13.4151
23539.3,25.27,13.4151
23540.3,28.83,13.4154
23541.3,25.19,13.4152
23542.3,25.3,13.4152
23543.3,25.2,13.4152
23544.3,25.27,13.4152
23545.31,25.18,13.4152
23546.31,25.19,13.4152
23547.31,25.32,13.4154
23548.31,25.2,13.4152
23549.31,25.19,13.4152
23550.31,25.32,13.4152
23551.31,28.77,13.4154
23552.31,25.16,13.4155
23553.32,25.29,13.4155
23554.32,25.15,13.4155
23555.32,25.16,13.4155
23556.32,25.28,13.4155
23557.32,25.19,13.4155
23558.32,25.29,13.4155
23559.33,25.16,13.4155
23560.33,25.17,13.4155
23561.33,27.12,13.4155
23562.33,27.03,13.4155
23563.33,25.3,13.4155
23564.33,25.18,13.4155
23565.34,25.29,13.4155
23566.34,25.18,13.4155
23567.34,25.19,13.4156
23568.34,25.27,13.4155
23569.34,25.13,13.4155
23570.34,25.24,13.4155
23571.35,25.14,13.4155
23572.35,31.58,13.4156
23573.35,25.27,13.4155
23574.35,25.16,13.4155
23575.35,25.28,13.4155
23576.35,25.18,13.4155
23577.36,25.19,13.4155
23578.36,25.28,13.4155
23579.36,25.16,13.4155
23580.36,25.16,13.4155
23581.36,25.26,13.4155
23582.36,30.73,13.4158
23583.36,25.28,13.4158
23584.37,25.15,13.4156
23585.37,25.13,13.4157
23586.37,25.26,13.4157
23587.37,25.19,13.4157
23588.37,25.28,13.4157
23589.37,25.18,13.4157
23590.38,25.2,13.4157
23591.38,25.29,13.4157
23592.38,28.84,13.4159
23593.38,25.28,13.4159
23594.38,25.18,13.4159
23595.38,25.28,13.4159
23596.39,25.16,13.4159
23597.39,25.14,13.4159
23598.39,25.23,13.4159
23599.39,25.13,13.4159
23600.39,25.24,13.4159
23601.39,25.13,13.4159
23602.4,28.89,13.416
23603.4,25.25,13.416
23604.4,25.18,13.416
23605.4,25.29,13.416
23606.4,25.18,13.416
23607.4,25.19,13.416
23608.41,25.27,13.416
23609.41,25.12,13.4161
23610.41,25.22,13.4161
23611.41,25.12,13.4161
23612.41,25.13,13.4161
23613.41,28.86,13.4161
23614.42,25.18,13.4161
23615.42,25.27,13.4161
23616.42,25.17,13.4161
23617.42,25.29,13.4161
23618.42,25.16,13.416
23619.42,25.18,13.416
23620.42,25.29,13.416
23621.43,25.16,13.416
23622.43,25.18,13.4161
23623.43,28.85,13.4162
23624.43,25.18,13.4162
23625.43,25.18,13.4162
23626.43,25.29,13.4162
23627.44,25.19,13.4162
23628.44,25.29,13.4162
23629.44,25.18,13.4162
23630.44,25.29,13.4162
23631.44,25.19,13.4162
23632.44,25.19,13.4162
23633.45,25.3,13.4162
23634.45,30.06,13.4162
23635.45,25.27,13.4162
23636.45,25.18,13.4162
23637.45,25.19,13.4162
23638.45,25.28,13.4162
23639.46,25.16,13.4162
23640.46,25.26,13.4162
23641.46,25.17,13.4162
23642.46,25.16,13.4162
23643.46,25.29,13.4162
23644.46,25.15,13.4162
23645.46,31.58,13.4164
23646.47,25.17,13.4163
23647.47,25.2,13.4164
23648.47,25.27,13.4163
23649.47,25.18,13.4163
23650.47,25.28,13.4163
23651.47,25.18,13.4163
23652.48,25.19,13.4165
23653.48,25.3,13.4165
23654.48,25.18,13.4165
23655.48,29.56,13.4165
23656.48,25.18,13.4164
23657.48,25.18,13.4165
23658.49,25.27,13.4165
23659.49,25.18,13.4165
23660.49,25.28,13.4165
23661.49,25.17,13.4164
23662.49,25.18,13.4164
23663.49,25.29,13.4164
23664.5,25.14,13.4164
23665.5,28.95,13.4165
23666.5,25.17,13.4165
23667.5,25.25,13.4166
23668.5,25.13,13.4166
23669.5,25.15,13.4166
23670.51,25.27,13.4166
23671.51,25.16,13.4166
23672.51,25.3,13.4167
23673.51,25.2,13.4166
23674.51,25.18,13.4166
23675.51,28.93,13.4168
23676.51,25.17,13.4168
23677.52,25.18,13.4168
23678.52,25.26,13.4168
23679.52,25.2,13.4168
23680.52,25.28,13.4168
23681.52,25.17,13.4168
23682.52,25.19,13.4168
23683.53,25.3,13.4168
23684.53,25.19,13.4168
23685.53,25.29,13.4168
23686.53,25.18,13.4168
23687.53,28.9,13.4166
23688.53,25.26,13.4167
23689.53,25.17,13.4167
23690.54,25.29,13.4167
23691.54,25.18,13.4167
23692.54,25.17,13.4167
23693.54,25.3,13.4168
23694.54,25.16,13.4168
23695.54,25.14,13.4168
23696.54,25.26,13.4168
23697.55,29.03,13.417
23698.55,25.17,13.4168
23699.55,25.3,13.4168
23700.55,25.18,13.417
23701.55,25.18,13.4168
23702.55,25.32,13.4168
23703.55,25.17,13.4168
23704.56,25.17,13.4168
23705.56,25.28,13.4168
23706.56,25.17,13.4168
23707.56,31.25,13.4169
23708.56,25.17,13.4169
23709.56,25.16,13.4169
23710.56,25.28,13.4169
23711.57,25.16,13.4169
23712.57,25.18,13.417
23713.57,25.27,13.4169
23714.57,25.13,13.4169
23715.57,25.16,13.4169
23716.57,25.28,13.4169
23717.58,25.79,13.4171
23718.58,30.06,13.4172
23719.58,25.17,13.4171
23720.58,25.16,13.4171
23721.58,25.26,13.4171
23722.58,25.19,13.4171
23723.58,25.27,13.4171
23724.59,25.18,13.4171
23725.59,25.18,13.4171
23726.59,25.29,13.4171
23727.59,25.17,13.4171
23728.59,28.87,13.4172
23729.59,25.28,13.4173
23730.59,25.16,13.4173
23731.6,25.17,13.4173
23732.6,25.29,13.4173
23733.6,25.16,13.4173
23734.6,25.26,13.4172
23735.6,25.19,13.4172
23736.6,25.16,13.4172
23737.61,25.23,13.4172
23738.61,28.9,13.4173
23739.61,25.18,13.4173
23740.61,25.26,13.4173
23741.61,25.17,13.4173
23742.61,25.3,13.4173
23743.61,25.18,13.4173
23744.62,25.17,13.4173
23745.62,25.24,13.4173
23746.62,25.17,13.4173
23747.62,25.17,13.4173
23748.62,25.28,13.4173
23749.62,28.9,13.4173
23750.62,25.28,13.4173
23751.63,25.17,13.4173
23752.63,25.2,13.4174
23753.63,25.27,13.4174
23754.63,25.17,13.4174
23755.63,25.15,13.4174
23756.63,25.26,13.4174
23757.64,25.16,13.4174
23758.64,25.26,13.4174
23759.64,28.78,13.4176
23760.64,25.17,13.4176
23761.64,25.29,13.4176
23762.64,25.19,13.4176
23763.64,25.16,13.4176
23764.64,25.28,13.4176
23765.65,25.16,13.4176
23766.65,25.17,13.4176
23767.65,25.29,13.4176
23768.65,25.18,13.4176
23769.65,25.3,13.4177
23770.65,30.39,13.4177
23771.66,25.14,13.4176
23772.66,25.28,13.4176
23773.66,25.16,13.4176
23774.66,25.23,13.4176
23775.66,25.12,13.4176
23776.66,25.12,13.4176
23777.67,25.23,13.4177
23778.67,25.12,13.4177
23779.67,25.24,13.4177
23780.67,25.18,13.4177
23781.67,31.57,13.4177
23782.67,25.2,13.4177
23783.68,25.18,13.4177
23784.68,25.3,13.4177
23785.68,25.18,13.4177
23786.68,25.19,13.4177
23787.68,25.28,13.4178
23788.68,25.16,13.4177
23789.68,25.18,13.4177
23790.69,25.28,13.4177
23791.69,25.18,13.4177
23792.69,29.23,13.4179
23793.69,25.17,13.4179
23794.69,25.15,13.4178
23795.69,25.28,13.4178
23796.7,25.17,13.4178
23797.7,25.29,13.4179
23798.7,25.17,13.4179
23799.7,25.18,13.4179
23800.7,25.3,13.4179
23801.7,25.17,13.4179
23802.7,28.83,13.4179
23803.7,25.3,13.4179
23804.71,25.18,13.4179
23805.71,25.13,13.4179
23806.71,25.23,13.4179
23807.71,25.2,13.4179
23808.71,25.18,13.4179
23809.71,25.29,13.418
23810.71,25.18,13.418
23811.72,25.12,13.4179
23812.72,25.26,13.4179
23813.72,28.75,13.4181
23814.72,25.29,13.4181
23815.72,25.19,13.4181
23816.72,25.18,13.4182
23817.73,25.27,13.4182
23818.73,25.17,13.4181
23819.73,25.28,13.4181
23820.73,25.18,13.4181
23821.73,25.18,13.4181
23822.73,25.33,13.4182
23823.73,25.18,13.4181
23824.74,28.92,13.4182
23825.74,25.29,13.4182
23826.74,25.17,13.4182
23827.74,25.15,13.4183
23828.74,25.28,13.4183
23829.74,25.15,13.4183
23830.74,25.18,13.4183
23831.74,25.29,13.4183
23832.75,25.2,13.4182
23833.75,25.16,13.4182
23834.75,29.6,13.4183
23835.75,25.17,13.4182
23836.75,25.18,13.4182
23837.75,25.28,13.4183
23838.76,25.19,13.4183
23839.76,25.28,13.4185
23840.76,25.16,13.4185
23841.76,25.25,13.4185
23842.76,25.19,13.4185
23843.76,25.17,13.4185
23844.77,25.27,13.4185
23845.77,31.54,13.4185
23846.77,25.19,13.4185
23847.77,25.28,13.4185
23848.77,25.17,13.4185
23849.77,25.27,13.4185
23850.77,25.17,13.4185
23851.78,25.14,13.4185
23852.78,25.29,13.4186
23853.78,25.16,13.4186
23854.78,25.29,13.4186
23855.78,30.17,13.4186
23856.78,25.16,13.4186
23857.79,25.28,13.4186
23858.79,25.16,13.4186
23859.79,25.24,13.4186
23860.79,25.14,13.4185
23861.79,25.14,13.4185
23862.79,25.27,13.4185
23863.8,25.14,13.4185
23864.8,25.23,13.4185
23865.8,25.14,13.4185
23866.8,28.85,13.4187
23867.8,25.3,13.4187
23868.8,25.19,13.4187
23869.81,25.28,13.4187
23870.81,25.19,13.4187
23871.81,25.29,13.4187
23872.81,25.21,13.4187
23873.81,25.21,13.4187
23874.81,25.28,13.4187
23875.81,25.16,13.4187
23876.82,25.17,13.4187
23877.82,28.83,13.4187
23878.82,25.17,13.4187
23879.82,25.28,13.4187
23880.82,25.18,13.4187
23881.82,25.18,13.4187
23882.83,25.3,13.4187
23883.83,25.18,13.4188
23884.83,25.28,13.4188
23885.83,25.19,13.4188
23886.83,25.18,13.4188
23887.83,25.28,13.4188
23888.84,28.89,13.4188
23889.84,25.26,13.4188
23890.84,25.16,13.4188
23891.84,25.17,13.4188
23892.84,25.3,13.4188
23893.84,25.16,13.4188
23894.84,25.17,13.4188
23895.85,25.28,13.4188
23896.85,25.19,13.4188
23897.85,25.27,13.4188
23898.85,25.2,13.4188
23899.85,28.87,13.4189
23900.85,25.24,13.4189
23901.86,25.15,13.4189
23902.86,25.26,13.4188
23903.86,25.17,13.4188
23904.86,25.17,13.4188
23905.86,25.29,13.4188
23906.86,25.19,13.4189
23907.87,25.28,13.4189
23908.87,25.19,13.4189
23909.87,42.63,7.8786
23910.87,86.45,2.7693
23911.87,75.81,3.0707
23912.87,76.05,3.2747
23913.87,88.76,3.5291
23914.88,80.57,3.9415
23915.88,77.69,4.3184
23916.88,76.16,4.6577
23917.88,77.9,4.9279
23918.88,78.15,5.1801
23919.88,75.98,5.4239
23920.88,77.0,5.6706
23921.89,76.33,5.9539
23922.89,35.53,6.8844
23923.89,53.28,8.0719
23924.89,99.9,8.9232
23925.89,44.45,9.2094
23926.89,25.31,9.278
23927.89,38.48,9.2781
23928.9,77.83,9.2804
23929.9,76.45,9.2829
23930.9,76.31,9.2836
23931.9,74.07,9.2842
23932.9,76.29,9.2845
23933.9,56.4,9.2851
23934.9,48.4,9.2852
23935.91,41.3,9.2852
23936.91,31.31,9.2853
23937.91,36.53,9.2854
23938.91,81.27,10.2114
23939.91,99.89,10.8738
23940.91,100.22,11.537
23941.91,99.9,12.2336
23942.91,52.58,12.4398
23943.92,31.64,12.4424
23944.92,26.12,12.4424
23945.92,25.15,12.4424
23946.92,36.21,12.4426
23947.92,29.55,12.4426
23948.92,33.58,12.4426
23949.93,25.83,12.4426
23950.93,26.81,12.4426
23951.93,25.92,12.4426
23952.93,32.26,12.4426
23953.93,25.39,12.4426
23954.93,40.13,12.4429
23955.94,25.93,12.4431
23956.94,41.39,12.4432
23957.94,25.25,12.4432
23958.94,26.92,12.4432
23959.94,30.01,12.4432
23960.94,25.81,12.4432
23961.94,25.47,12.4432
23962.95,25.85,12.4432
23963.95,25.76,12.4432
23964.95,25.33,12.4432
23965.95,25.4,12.4432
23966.95,26.33,12.4432
23967.95,27.39,12.4432
23968.95,25.2,12.4432
23969.96,25.23,12.4432
23970.96,28.13,12.4431
23971.96,25.21,12.4431
23972.96,26.77,12.4431
23973.96,33.31,12.4431
23974.96,26.5,12.4431
23975.97,25.21,12.4431
23976.97,25.21,12.4431
23977.97,25.3,12.4431
23978.97,25.21,12.4431
23979.97,27.01,12.4431
23980.97,25.13,12.4431
23981.98,25.26,12.4431
23982.98,26.13,12.4431
23983.98,25.31,12.4431
23984.98,25.33,12.4431
23985.98,25.3,12.4431
23986.98,25.29,12.4433
23987.99,25.2,12.4433
23988.99,78.44,12.4457
23989.99,99.86,12.5577
23990.99,53.33,12.5579
23991.99,25.23,12.5579
23992.99,25.41,12.5579
23993.99,25.18,12.5579
23995.0,25.66,12.5579
23996.0,25.45,12.5579
23997.0,25.2,12.5579
23998.0,44.85,12.5579
23999.0,74.84,12.5607
24000.0,48.04,12.5607
24001.0,37.82,12.5607
24002.01,29.49,12.5607
24003.01,61.56,12.5771
24004.01,25.25,12.5771
24005.01,27.51,12.5687
24006.01,100.18,12.5805
24007.01,70.73,12.5823
24008.02,25.13,12.5823
24009.02,25.3,12.5823
24010.02,25.16,12.5823
24011.02,25.25,12.5823
24012.02,25.19,12.5823
24013.02,25.2,12.5823
24014.02,30.65,12.5823
24015.03,99.95,12.5826
24016.03,76.92,12.5826
24017.03,25.24,12.5828
24018.03,25.12,12.5828
24019.03,25.17,12.5828
24020.03,25.27,12.5828
24021.03,25.18,12.5828
24022.04,25.28,12.5828
24023.04,25.19,12.5828
24024.04,84.09,12.583
24025.04,92.68,12.583
24026.04,29.6,12.583
24027.04,25.29,12.583
24028.05,25.48,12.583
24029.05,86.58,13.2026
24030.05,91.28,13.2858
24031.05,25.13,13.2858
24032.05,25.24,13.2858
24033.05,25.19,13.2858
24034.06,41.43,13.4202
24035.06,25.23,13.4202
24036.06,25.13,13.4202
24037.06,29.55,13.4204
24038.06,25.13,13.4204
24039.06,25.14,13.4204
24040.07,25.23,13.4204
24041.07,29.01,13.4205
24042.07,25.23,13.4205
24043.07,25.15,13.4205
24044.07,25.24,13.4205
24045.07,28.96,13.4205
24046.08,25.16,13.4205
24047.08,25.27,13.4206
24048.08,28.78,13.4207
24049.08,25.29,13.4208
24050.08,25.31,13.4208
24051.08,28.76,13.4208
24052.09,25.3,13.4208
24053.09,25.18,13.4208
24054.09,25.29,13.4208
24055.09,25.2,13.4208
24056.09,28.84,13.4208
24057.09,25.29,13.4208
24058.1,25.18,13.4208
24059.1,29.66,13.4208
24060.1,25.2,13.4208
24061.1,25.19,13.4207
24062.1,25.31,13.4207
24063.1,28.93,13.4209
24064.1,25.32,13.4209
24065.11,25.18,13.4209
24066.11,25.15,13.4209
24067.11,28.9,13.4209
24068.11,25.14,13.4209
24069.11,25.26,13.4209
24070.11,28.89,13.4209
24071.12,25.14,13.4209
24072.12,25.25,13.4209
24073.12,25.15,13.4209
24074.12,29.01,13.421
24075.12,25.2,13.421
24076.12,25.18,13.421
24077.12,29.02,13.421
24078.13,25.18,13.421
24079.13,25.19,13.421
24080.13,25.31,13.421
24081.13,25.18,13.421
24082.13,28.93,13.4211
24083.13,25.24,13.4213
24084.14,25.2,13.4213
24085.14,25.3,13.4213
24086.14,28.87,13.4213
24087.14,25.19,13.4213
24088.14,25.28,13.4213
24089.14,25.19,13.4213
24090.14,29.04,13.4213
24091.15,25.12,13.4213
24092.15,25.17,13.4212
24093.15,25.31,13.4212
24094.15,25.18,13.4212
24095.15,25.19,13.4212
24096.15,29.13,13.4214
24097.15,25.19,13.4214
24098.16,25.18,13.4212
24099.16,25.28,13.4212
24100.16,25.17,13.4212
24101.16,30.22,13.4214
24102.16,25.15,13.4212
24103.16,25.17,13.4212
24104.17,25.27,13.4212
24105.17,25.11,13.4212
24106.17,30.22,13.4214
24107.17,25.19,13.4213
24108.17,25.27,13.4211
24109.17,25.18,13.4211
24110.18,25.2,13.4213
24111.18,25.28,13.4213
24112.18,30.22,13.4215
24113.18,25.19,13.4215
24114.18,25.27,13.4215
24115.18,25.18,13.4215
24116.19,25.28,13.4215
24117.19,25.17,13.4215
24118.19,29.14,13.4215
24119.19,25.29,13.4215
24120.19,25.2,13.4215
24121.19,25.28,13.4214
24122.19,25.16,13.4214
24123.2,25.19,13.4214
24124.2,27.74,13.4214
24125.2,26.24,13.4215
24126.2,25.12,13.4215
24127.2,25.23,13.4215
24128.2,25.13,13.4215
24129.2,25.3,13.4215
24130.21,25.19,13.4215
24131.21,25.19,13.4215
24132.21,28.97,13.4216
24133.21,25.17,13.4216
24134.21,25.16,13.4216
24135.21,25.23,13.4216
24136.22,25.12,13.4216
24137.22,25.25,13.4216
24138.22,25.18,13.4216
24139.22,25.19,13.4216
24140.22,28.85,13.4218
24141.22,25.19,13.4218
24142.22,25.3,13.4218
24143.23,25.2,13.4218
24144.23,25.19,13.4218
24145.23,25.29,13.4218
24146.23,25.19,13.4218
24147.23,29.03,13.4219
24148.23,25.18,13.4219
24149.24,25.28,13.4219
24150.24,25.18,13.4219
24151.24,25.17,13.4219
24152.24,25.29,13.4219
24153.24,25.2,13.4219
24154.24,25.29,13.4219
24155.25,28.87,13.4219
24156.25,25.18,13.4219
24157.25,25.3,13.4219
24158.25,25.19,13.4219
24159.25,25.3,13.4219
24160.25,25.2,13.4219
24161.26,25.19,13.4219
24162.26,25.29,13.4219
24163.26,29.68,13.4219
24164.26,25.34,13.4219
24165.26,25.13,13.4219
24166.26,25.18,13.4219
24167.27,25.29,13.4221
24168.27,25.18,13.4221
24169.27,25.64,13.4221
24170.27,25.14,13.4221
24171.27,30.95,13.4223
24172.27,25.43,13.4223
24173.27,25.2,13.4223
24174.28,25.18,13.4223
24175.28,25.28,13.4223
24176.28,25.15,13.4223
24177.28,25.29,13.4223
24178.28,25.19,13.4223
24179.28,30.37,13.4223
24180.29,25.16,13.4223
24181.29,25.16,13.4223
24182.29,25.28,13.4223
24183.29,25.2,13.4223
24184.29,25.18,13.4223
24185.29,25.26,13.4223
24186.3,25.17,13.4223
24187.3,25.29,13.4224
24188.3,28.98,13.4224
24189.3,25.18,13.4224
24190.3,25.27,13.4224
24191.3,25.17,13.4224
24192.3,25.28,13.4224
24193.31,25.18,13.4224
24194.31,25.17,13.4224
24195.31,25.24,13.4224
24196.31,28.85,13.4225
24197.31,25.29,13.4225
24198.31,25.18,13.4225
24199.32,25.17,13.4226
24200.32,25.29,13.4226
24201.32,25.18,13.4226
24202.32,25.18,13.4226
24203.32,25.31,13.4226
24204.32,25.19,13.4226
24205.32,28.8,13.4226
24206.32,25.17,13.4225
24207.32,25.31,13.4226
24208.33,25.22,13.4226
24209.33,25.18,13.4226
24210.33,25.31,13.4225
24211.33,25.17,13.4225
24212.33,25.19,13.4226
24213.33,25.28,13.4226
24214.34,28.74,13.4227
24215.34,25.26,13.4227
24216.34,25.14,13.4227
24217.34,25.15,13.4228
24218.34,25.27,13.4227
24219.34,25.18,13.4227
24220.35,25.26,13.4227
24221.35,25.16,13.4227
24222.35,28.98,13.4229
24223.35,25.19,13.4229
24224.35,25.17,13.4229
24225.35,25.26,13.4229
24226.36,25.14,13.423
24227.36,25.25,13.423
24228.36,25.16,13.4231
24229.36,25.16,13.4231
24230.36,25.26,13.4231
24231.36,28.19,13.4231
24232.36,27.06,13.4232
24233.37,25.18,13.4232
24234.37,25.17,13.4232
24235.37,25.27,13.4232
24236.37,25.17,13.4232
24237.37,25.56,13.4233
24238.37,25.12,13.4232
24239.38,25.12,13.4232
24240.38,30.97,13.4234
24241.38,25.16,13.4234
24242.38,25.27,13.4233
24243.38,25.2,13.4232
24244.38,25.18,13.4232
24245.39,25.28,13.4232
24246.39,25.16,13.4232
24247.39,25.28,13.4233
24248.39,25.48,13.4234
24249.39,30.15,13.4234
24250.39,25.27,13.4234
24251.4,25.17,13.4234
24252.4,25.29,13.4234
24253.4,25.58,13.4234
24254.4,25.15,13.4234
24255.4,25.26,13.4234
24256.4,25.12,13.4233
24257.4,28.56,13.4235
24258.41,25.57,13.4236
24259.41,25.17,13.4236
24260.41,25.24,13.4236
24261.41,25.17,13.4236
24262.41,25.28,13.4237
24263.41,25.19,13.4237
24264.42,25.17,13.4236
24265.42,25.3,13.4236
24266.42,25.15,13.4236
24267.42,28.88,13.4236
24268.42,25.27,13.4236
24269.42,25.17,13.4236
24270.42,25.28,13.4236
24271.43,25.17,13.4236
24272.43,25.18,13.4237
24273.43,25.29,13.4237
24274.43,25.17,13.4237
24275.43,25.28,13.4237
24276.43,28.85,13.4238
24277.44,25.19,13.4237
24278.44,25.26,13.4237
24279.44,25.15,13.4237
24280.44,25.13,13.4237
24281.44,25.24,13.4237
24282.44,25.17,13.4237
24283.44,25.29,13.4238
24284.45,25.15,13.4238
24285.45,25.16,13.4238
24286.45,28.83,13.4239
24287.45,25.18,13.4239
24288.45,25.26,13.4239
24289.45,25.18,13.4239
24290.46,25.18,13.4238
24291.46,25.27,13.4238
24292.46,25.18,13.424
24293.46,25.29,13.424
24294.46,25.17,13.4239
24295.46,29.09,13.4241
24296.47,25.27,13.4241
24297.47,25.18,13.4241
24298.47,25.27,13.4241
24299.47,25.17,13.4241
24300.47,25.29,13.4241
24301.47,25.18,13.424
24302.48,25.2,13.4241
24303.48,25.3,13.4241
24304.48,31.21,13.4241
24305.48,25.27,13.4241
24306.48,25.18,13.4241
24307.48,25.21,13.4241
24308.48,25.27,13.4241
24309.49,25.17,13.4241
24310.49,25.17,13.4241
24311.49,25.27,13.4241
24312.49,25.2,13.4242
24313.49,25.18,13.4242
24314.49,30.88,13.4242
24315.5,25.17,13.4242
24316.5,25.28,13.4242
24317.5,25.2,13.4242
24318.5,25.18,13.4242
24319.5,25.28,13.4242
24320.5,25.17,13.4242
24321.5,25.26,13.4242
24322.51,25.17,13.4242
24323.51,29.01,13.4244
24324.51,25.26,13.4244
24325.51,25.19,13.4244
24326.51,25.28,13.4244
24327.51,25.18,13.4244
24328.52,25.18,13.4244
24329.52,25.28,13.4244
24330.52,25.18,13.4244
24331.52,25.28,13.4243
24332.52,28.83,13.4246
24333.52,25.19,13.4246
24334.53,25.27,13.4246
24335.53,25.13,13.4245
24336.53,25.24,13.4245
24337.53,25.17,13.4245
24338.53,25.28,13.4245
24339.53,25.18,13.4245
24340.54,25.18,13.4245
24341.54,25.26,13.4246
24342.54,28.87,13.4247
24343.54,25.3,13.4247
24344.54,25.18,13.4247
24345.54,25.18,13.4247
24346.54,25.31,13.4247
24347.55,25.15,13.4247
24348.55,25.13,13.4247
24349.55,25.24,13.4248
24350.55,25.15,13.4248
24351.55,25.19,13.4248
24352.55,28.81,13.4251
24353.55,25.13,13.4249
24354.56,25.12,13.4249
24355.56,25.23,13.4249
24356.56,25.13,13.4249
24357.56,25.24,13.4251
24358.56,25.12,13.4251
24359.56,25.12,13.4251
24360.56,25.24,13.4251
24361.57,25.14,13.4251
24362.57,29.3,13.4251
24363.57,27.46,13.4251
24364.57,25.16,13.4251
24365.57,25.16,13.4251
24366.57,25.26,13.4251
24367.58,25.2,13.4251
24368.58,25.29,13.4251
24369.58,25.19,13.4251
24370.58,25.18,13.4251
24371.58,30.89,13.4254
24372.58,25.21,13.4254
24373.58,25.29,13.4254
24374.59,25.17,13.4254
24375.59,25.17,13.4254
24376.59,25.26,13.4254
24377.59,25.19,13.4254
24378.59,25.27,13.4253
24379.59,25.17,13.4254
24380.6,25.16,13.4254
24381.6,31.34,13.4254
24382.6,25.2,13.4254
24383.6,25.26,13.4254
24384.6,25.13,13.4254
24385.6,25.13,13.4254
24386.61,25.24,13.4254
24387.61,25.18,13.4254
24388.61,25.26,13.4254
24389.61,25.16,13.4254
24390.61,29.15,13.4254
24391.61,25.27,13.4254
24392.62,25.2,13.4255
24393.62,25.27,13.4254
24394.62,25.15,13.4254
24395.62,25.13,13.4255
24396.62,25.22,13.4255
24397.62,25.13,13.4255
24398.62,25.23,13.4255
24399.63,25.12,13.4255
24400.63,28.86,13.4258
24401.63,25.28,13.4258
24402.63,25.2,13.4258
24403.63,25.27,13.4258
24404.63,25.16,13.4258
24405.64,25.17,13.4258
24406.64,25.24,13.4258
24407.64,25.17,13.4258
24408.64,25.27,13.4258
24409.64,25.15,13.4258
24410.64,28.74,13.426
24411.65,25.27,13.4258
24412.65,25.2,13.4258
24413.65,25.29,13.4258
24414.65,25.17,13.4259
24415.65,25.17,13.4259
24416.65,25.24,13.4259
24417.66,25.17,13.4259
24418.66,25.28,13.4259
24419.66,25.15,13.4259
24420.66,28.81,13.4261
24421.66,25.27,13.4261
24422.66,25.19,13.4261
24423.66,25.22,13.4261
24424.67,25.15,13.4261
24425.67,25.17,13.4261
24426.67,25.3,13.4261
24427.67,25.14,13.4261
24428.67,25.14,13.4261
24429.67,25.28,13.4261
24430.67,28.8,13.4261
24431.68,25.17,13.4261
24432.68,25.31,13.4263
24433.68,25.16,13.4263
24434.68,25.16,13.4263
24435.68,25.26,13.4263
24436.68,25.17,13.4262
24437.68,25.28,13.4262
24438.69,25.17,13.4262
24439.69,30.68,13.4263
24440.69,25.27,13.4263
24441.69,25.15,13.4263
24442.69,25.3,13.4263
24443.69,25.16,13.4264
24444.7,25.25,13.4264
24445.7,25.13,13.4263
24446.7,25.12,13.4263
24447.7,25.28,13.4263
24448.7,25.18,13.4263
24449.7,31.29,13.4264
24450.71,25.17,13.4265
24451.71,25.17,13.4263
24452.71,25.3,13.4263
24453.71,25.16,13.4263
24454.71,25.27,13.4263
24455.71,25.16,13.4263
24456.72,25.17,13.4263
24457.72,25.29,13.4263
24458.72,29.18,13.4267
24459.72,25.28,13.4267
24460.72,25.18,13.4267
24461.72,25.18,13.4267
24462.73,25.3,13.4267
24463.73,25.16,13.4267
24464.73,25.27,13.4267
24465.73,25.17,13.4267
24466.73,25.27,13.4267
24467.73,25.18,13.4267
24468.74,28.78,13.4267
24469.74,25.29,13.4267
24470.74,25.17,13.4267
24471.74,25.17,13.4267
24472.74,25.31,13.4269
24473.74,25.18,13.4267
24474.74,25.17,13.4268
24475.75,25.28,13.4267
24476.75,25.18,13.4267
24477.75,25.29,13.4267
24478.75,28.8,13.4269
24479.75,25.27,13.4269
24480.75,25.17,13.4269
24481.75,25.15,13.4269
24482.76,25.26,13.4269
24483.76,25.13,13.4269
24484.76,25.13,13.4269
24485.76,25.26,13.4269
24486.76,25.13,13.4269
24487.76,25.24,13.4269
24488.77,28.75,13.4271
24489.77,25.18,13.4271
24490.77,25.27,13.4271
24491.77,25.16,13.4271
24492.77,25.3,13.4271
24493.77,25.16,13.4271
24494.78,25.16,13.4271
24495.78,25.29,13.4271
24496.78,25.19,13.4271
24497.78,25.3,13.4271
24498.78,25.19,13.4271
24499.78,28.76,13.4273
24500.79,25.29,13.4273
24501.79,25.19,13.4273
24502.79,25.32,13.4273
24503.79,25.19,13.4273
24504.79,25.19,13.4273
24505.79,25.29,13.4273
24506.8,25.14,13.4273
24507.8,25.25,13.4273
24508.8,30.65,13.4275
24509.8,25.16,13.4275
24510.8,25.25,13.4275
24511.8,25.13,13.4275
24512.8,25.3,13.4276
24513.81,25.18,13.4276
24514.81,25.17,13.4276
24515.81,25.27,13.4276
24516.81,25.18,13.4276
24517.81,25.26,13.4276
24518.81,31.08,13.4276
24519.82,25.18,13.4276
24520.82,25.28,13.4276
24521.82,25.18,13.4276
24522.82,25.3,13.4276
24523.82,25.17,13.4276
24524.82,25.18,13.4276
24525.83,25.28,13.4275
24526.83,25.17,13.4275
24527.83,25.29,13.4277
24528.83,29.3,13.4276
24529.83,25.19,13.4278
24530.83,25.27,13.4278
24531.83,25.18,13.4278
24532.84,25.21,13.4278
24533.84,25.28,13.4278
24534.84,25.19,13.4278
24535.84,25.3,13.4278
24536.84,25.2,13.4278
24537.84,25.18,13.4278
24538.84,29.06,13.4279
24539.85,25.17,13.4279
24540.85,25.19,13.4278
24541.85,25.32,13.4278
24542.85,25.2,13.4279
24543.85,25.18,13.4279
24544.85,25.28,13.4279
24545.85,25.16,13.4279
24546.86,25.18,13.4279
24547.86,25.29,13.4279
24548.86,25.17,13.4279
24549.86,28.79,13.428
24550.86,25.3,13.428
24551.86,25.2,13.4282
24552.86,25.2,13.4282
24553.86,25.31,13.4282
24554.87,25.18,13.4282
24555.87,25.19,13.4282
24556.87,25.32,13.4282
24557.87,25.18,13.4282
24558.87,25.18,13.4282
24559.87,28.99,13.4283
24560.87,25.17,13.4283
24561.88,25.2,13.4283
24562.88,25.32,13.4283
24563.88,25.18,13.4283
24564.88,25.16,13.4283
24565.88,25.26,13.4283
24566.88,25.2,13.4283
24567.88,25.3,13.4283
24568.89,25.18,13.4283
24569.89,28.83,13.4284
24570.89,25.23,13.4284
24571.89,25.12,13.4284
24572.89,25.16,13.4284
24573.89,25.24,13.4284
24574.89,25.15,13.4284
24575.9,25.24,13.4284
24576.9,25.14,13.4284
24577.9,25.16,13.4284
24578.9,25.29,13.4284
24579.9,31.1,13.4284
24580.9,25.28,13.4284
24581.91,25.19,13.4284
24582.91,25.21,13.4284
24583.91,25.27,13.4284
24584.91,25.17,13.4284
24585.91,25.17,13.4284
24586.91,25.28,13.4284
24587.92,25.18,13.4284
24588.92,25.29,13.4284
24589.92,25.18,13.4284
24590.92,30.99,13.4285
24591.92,25.28,13.4287
24592.92,25.2,13.4287
24593.93,25.28,13.4287
24594.93,25.18,13.4287
24595.93,25.29,13.4287
24596.93,25.19,13.4287
24597.93,25.18,13.4287
24598.93,25.27,13.4287
24599.93,29.01,13.4289
24600.94,25.21,13.4289
24601.94,25.15,13.4289
24602.94,25.19,13.4289
24603.94,25.29,13.4289
24604.94,25.16,13.4289
24605.94,25.13,13.4289
24606.95,25.24,13.4289
24607.95,25.14,13.4289
24608.95,25.27,13.4289
24609.95,25.13,13.4289
24610.95,28.86,13.429
24611.95,25.29,13.429
24612.96,25.21,13.429
24613.96,25.29,13.429
24614.96,25.19,13.429
24615.96,25.19,13.429
24616.96,25.28,13.4291
24617.96,25.16,13.4291
24618.96,25.27,13.4291
24619.97,25.19,13.4291
24620.97,28.9,13.4291
24621.97,25.23,13.4291
24622.97,25.14,13.4291
24623.97,25.22,13.4291
24624.97,25.12,13.4291
24625.98,25.12,13.4291
24626.98,25.23,13.4291
24627.98,25.12,13.4291
24628.98,25.22,13.4291
24629.98,25.12,13.4291
24630.98,25.23,13.4291
24631.99,28.88,13.4292
24632.99,25.18,13.4292
24633.99,25.28,13.4292
24634.99,25.19,13.4292
24635.99,25.16,13.4292
24636.99,25.28,13.4294
24638.0,25.17,13.4294
24639.0,25.27,13.4294
24640.0,25.17,13.4294
24641.0,25.17,13.4294
24642.0,29.51,13.4294
24643.0,25.19,13.4294
24644.0,25.28,13.4294
24645.01,25.18,13.4294
24646.01,25.17,13.4294
24647.01,25.27,13.4295
24648.01,25.18,13.4295
24649.01,25.27,13.4295
24650.01,25.17,13.4295
24651.02,25.17,13.4295
24652.02,31.7,13.4296
24653.02,25.21,13.4296
24654.02,25.28,13.4296
24655.02,25.17,13.4296
24656.02,25.16,13.4296
24657.03,25.23,13.4296
24658.03,25.13,13.4296
24659.03,25.22,13.4296
24660.03,25.12,13.4296
24661.03,25.13,13.4296
24662.03,30.31,13.4296
24663.04,25.2,13.4296
24664.04,25.28,13.4296
24665.04,25.17,13.4296
24666.04,25.17,13.4296
24667.04,25.28,13.4296
24668.04,25.18,13.4296
24669.04,25.29,13.4295
24670.05,25.16,13.4295
24671.05,25.12,13.4295
24672.05,28.94,13.4298
24673.05,25.19,13.4298
24674.05,25.27,13.4298
24675.05,25.17,13.4298
24676.06,25.18,13.4298
24677.06,25.28,13.4298
24678.06,25.13,13.4298
24679.06,25.22,13.4298
24680.06,25.12,13.4298
24681.06,25.24,13.4297
24682.07,28.82,13.43
24683.07,25.19,13.43
24684.07,25.27,13.43
24685.07,25.17,13.43
24686.07,25.27,13.43
24687.07,25.2,13.43
24688.08,25.18,13.4299
24689.08,25.27,13.4299
24690.08,25.16,13.4299
24691.08,25.27,13.4299
24692.08,28.9,13.4301
24693.08,25.2,13.4301
24694.09,25.24,13.4301
24695.09,25.13,13.4301
24696.09,25.23,13.4301
24697.09,25.13,13.4301
24698.09,25.13,13.4301
24699.09,25.23,13.4301
24700.1,25.12,13.4301
24701.1,25.22,13.4301
24702.1,28.72,13.4301
24703.1,25.25,13.4301
24704.1,25.12,13.4301
24705.1,25.12,13.4301
24706.11,25.27,13.4301
24707.11,25.17,13.4301
24708.11,25.27,13.4301
24709.11,25.17,13.4301
24710.11,25.18,13.4301
24711.11,25.27,13.4301
24712.11,29.72,13.4304
24713.12,25.3,13.4304
24714.12,25.18,13.4304
24715.12,25.18,13.4304
24716.12,25.28,13.4304
24717.12,25.18,13.4304
24718.12,25.28,13.4304
24719.13,25.16,13.4304
24720.13,25.17,13.4304
24721.13,25.28,13.4304
24722.13,31.29,13.4304
24723.13,25.19,13.4304
24724.13,25.27,13.4304
24725.13,25.17,13.4304
24726.14,25.27,13.4304
24727.14,25.15,13.4304
24728.14,25.17,13.4304
24729.14,25.28,13.4304
24730.14,25.17,13.4304
24731.14,25.28,13.4304
24732.15,30.05,13.4306
24733.15,25.19,13.4306
24734.15,25.27,13.4305
24735.15,25.17,13.4305
24736.15,25.27,13.4305
24737.15,25.18,13.4307
24738.16,25.17,13.4307
24739.16,25.27,13.4307
24740.16,25.17,13.4307
24741.16,27.39,13.4307
24742.16,26.75,13.4312
24743.16,25.18,13.4312
24744.16,25.26,13.4312
24745.17,25.12,13.4312
24746.17,25.12,13.4312
24747.17,25.24,13.4312
24748.17,25.12,13.4312
24749.17,25.13,13.4312
24750.17,25.27,13.4312
24751.17,25.13,13.4312
24752.18,28.88,13.4312
24753.18,25.19,13.4312
24754.18,25.18,13.4312
24755.18,25.28,13.4312
24756.18,25.18,13.4312
24757.18,25.28,13.4313
24758.19,25.17,13.4313
24759.19,25.19,13.4313
24760.19,25.28,13.4313
24761.19,25.18,13.4313
24762.19,28.97,13.4314
24763.19,25.19,13.4314
24764.2,25.18,13.4314
24765.2,25.28,13.4314
24766.2,25.18,13.4314
24767.2,25.29,13.4314
24768.2,25.18,13.4314
24769.2,25.2,13.4314
24770.21,25.27,13.4314
24771.21,25.18,13.4314
24772.21,28.77,13.4315
24773.21,25.29,13.4315
24774.21,25.17,13.4315
24775.21,25.27,13.4315
24776.21,25.17,13.4315
24777.22,25.28,13.4316
24778.22,25.17,13.4316
24779.22,25.17,13.4316
24780.22,25.27,13.4316
24781.22,25.18,13.4316
24782.22,25.28,13.4316
24783.23,30.48,13.4315
24784.23,25.18,13.4315
24785.23,25.28,13.4315
24786.23,25.18,13.4315
24787.23,25.29,13.4315
24788.23,25.2,13.4315
24789.24,25.18,13.4315
24790.24,25.23,13.4315
24791.24,25.15,13.4315
24792.24,30.92,13.4318
24793.24,25.3,13.4318
24794.24,25.17,13.4318
24795.24,25.17,13.4318
24796.25,25.23,13.4318
24797.25,25.16,13.4318
24798.25,25.19,13.4318
24799.25,25.18,13.4318
24800.25,25.17,13.4318
24801.25,25.22,13.432
24802.26,29.73,13.4321
24803.26,25.22,13.4321
24804.26,25.11,13.4321
24805.26,25.1,13.432
24806.26,25.2,13.432
24807.26,25.15,13.432
24808.26,25.22,13.4321
24809.27,25.12,13.4322
24810.27,25.12,13.4321
24811.27,25.22,13.4321
24812.27,28.75,13.4321
24813.27,25.29,13.4322
24814.27,25.18,13.4322
24815.28,25.27,13.4321
24816.28,25.17,13.4321
24817.28,25.18,13.4322
24818.28,25.28,13.4322
24819.28,25.2,13.4322
24820.28,25.17,13.4321
24821.29,25.27,13.4321
24822.29,28.75,13.4323
24823.29,25.3,13.4324
24824.29,25.18,13.4323
24825.29,25.18,13.4323
24826.29,25.28,13.4323
24827.3,25.18,13.4323
24828.3,25.24,13.4324
24829.3,25.15,13.4323
24830.3,25.28,13.4323
24831.3,25.18,13.4325
24832.3,25.17,13.4325
24833.31,28.84,13.4324
24834.31,25.17,13.4324
24835.31,25.27,13.4325
24836.31,25.18,13.4325
24837.31,25.15,13.4325
24838.31,25.28,13.4325
24839.31,25.17,13.4324
24840.32,25.25,13.4325
24841.32,25.17,13.4325
24842.32,25.13,13.4325
24843.32,29.04,13.4328
24844.32,25.17,13.4328
24845.32,25.19,13.4328
24846.32,25.27,13.4328
24847.33,25.19,13.4328
24848.33,25.18,13.4327
24849.33,25.28,13.4327
24850.33,25.18,13.4327
24851.33,25.28,13.4327
24852.33,25.19,13.4328
24853.34,30.42,13.4329
24854.34,25.29,13.4329
24855.34,25.17,13.4329
24856.34,25.17,13.4329
24857.34,25.28,13.4329
24858.34,25.18,13.4329
24859.35,25.27,13.4329
24860.35,25.18,13.4329
24861.35,25.27,13.4329
24862.35,31.34,13.433
24863.35,25.19,13.4331
24864.35,25.25,13.4331
24865.35,25.12,13.4329
24866.36,25.27,13.4331
24867.36,25.18,13.433
24868.36,25.18,13.4331
24869.36,25.28,13.433
24870.36,25.18,13.433
24871.36,25.17,13.4331
24872.37,29.55,13.4332
24873.37,25.19,13.4332
24874.37,25.27,13.4332
24875.37,25.18,13.4332
24876.37,25.28,13.4332
24877.37,25.18,13.4332
24878.38,25.16,13.4332
24879.38,25.29,13.4332
24880.38,25.17,13.4332
24881.38,25.25,13.4332
24882.38,28.85,13.4332
24883.38,25.2,13.4332
24884.39,25.27,13.4332
24885.39,25.18,13.4332
24886.39,25.28,13.4334
24887.39,25.19,13.4334
24888.39,25.18,13.4335
24889.39,25.28,13.4335
24890.4,25.17,13.4335
24891.4,25.27,13.4334
24892.4,28.76,13.4335
24893.4,25.19,13.4336
24894.4,25.27,13.4336
24895.4,25.16,13.4336
24896.4,25.27,13.4336
24897.41,25.18,13.4336
24898.41,25.17,13.4336
24899.41,25.23,13.4336
24900.41,25.17,13.4336
24901.41,25.27,13.4336
24902.41,28.73,13.4336
24903.42,25.19,13.4336
24904.42,25.26,13.4336
24905.42,25.16,13.4336
24906.42,25.26,13.4337
24907.42,25.17,13.4337
24908.42,25.18,13.4337
24909.43,25.28,13.4337
24910.43,25.18,13.4337
24911.43,25.29,13.4337
24912.43,25.18,13.4338
24913.43,28.88,13.4339
24914.43,25.27,13.4339
24915.44,25.17,13.4339
24916.44,25.27,13.4339
24917.44,25.2,13.4339
24918.44,25.17,13.4338
24919.44,25.25,13.4338
24920.44,25.17,13.4338
24921.44,25.17,13.4338
24922.45,30.97,13.434
24923.45,25.19,13.4339
24924.45,25.27,13.4339
24925.45,25.17,13.4339
24926.45,25.27,13.4339
24927.45,25.19,13.4339
24928.46,25.18,13.434
24929.46,25.26,13.4341
24930.46,25.17,13.4341
24931.46,25.27,13.4341
24932.46,31.12,13.4341
24933.46,25.2,13.4341
24934.47,25.27,13.4341
24935.47,25.17,13.4341
24936.47,25.28,13.4341
24937.47,25.19,13.4341
24938.47,25.16,13.4341
24939.47,25.25,13.4342
24940.48,25.18,13.4342
24941.48,25.28,13.4342
24942.48,29.24,13.4344
24943.48,25.19,13.4343
24944.48,25.27,13.4344
24945.48,25.16,13.4343
24946.48,25.26,13.4343
24947.49,25.18,13.4344
24948.49,25.17,13.4344
24949.49,25.27,13.4344
24950.49,25.17,13.4344
24951.49,29.0,13.4347
24952.49,25.18,13.4347
24953.5,25.19,13.4346
24954.5,25.26,13.4346
24955.5,25.17,13.4346
24956.5,25.27,13.4346
24957.5,25.18,13.4347
24958.5,25.17,13.4347
24959.51,25.25,13.4347
24960.51,25.14,13.4347
24961.51,25.26,13.4347
24962.51,28.89,13.4348
24963.51,25.14,13.4348
24964.51,25.22,13.4348
24965.52,25.12,13.4348
24966.52,25.27,13.4347
24967.52,25.18,13.4348
24968.52,25.18,13.4348
24969.52,25.26,13.4348
24970.52,25.13,13.4348
24971.53,25.27,13.4348
24972.53,25.18,13.4349
24973.53,28.89,13.4349
24974.53,25.28,13.4349
24975.53,25.15,13.435
24976.53,25.21,13.435
24977.53,25.17,13.435
24978.54,25.28,13.435
24979.54,25.12,13.4351
24980.54,25.12,13.4351
24981.54,25.25,13.4349
24982.54,28.87,13.4349
24983.54,25.19,13.4349
24984.55,25.27,13.4349
24985.55,25.17,13.4349
24986.55,25.27,13.4349
24987.55,25.18,13.435
24988.55,25.15,13.435
24989.55,25.27,13.435
24990.56,25.18,13.435
24991.56,25.27,13.4352
24992.56,30.84,13.4353
24993.56,25.18,13.4353
24994.56,25.29,13.4352
24995.56,25.17,13.4353
24996.56,25.17,13.4352
24997.57,25.28,13.4353
24998.57,25.18,13.4353
24999.57,25.28,13.4353
25000.57,25.18,13.4353
25001.57,25.18,13.4354
25002.57,31.35,13.4354
25003.58,25.19,13.4354
25004.58,25.27,13.4354
25005.58,25.17,13.4354
25006.58,25.17,13.4354
25007.58,25.25,13.4354
25008.58,25.13,13.4354
25009.58,25.24,13.4354
25010.59,25.17,13.4354
25011.59,25.17,13.4354
25012.59,29.24,13.4357
25013.59,25.17,13.4357
25014.59,25.26,13.4357
25015.59,25.17,13.4357
25016.6,25.17,13.4357
25017.6,25.23,13.4357
25018.6,25.16,13.4357
25019.6,25.25,13.4357
25020.6,25.13,13.4357
25021.6,25.17,13.4357
25022.61,29.04,13.4357
25023.61,25.18,13.4357
25024.61,25.28,13.4357
25025.61,25.17,13.4357
25026.61,25.18,13.4357
25027.61,25.31,13.4357
25028.61,25.19,13.4357
25029.62,25.17,13.4357
25030.62,25.23,13.4357
25031.62,25.16,13.4357
25032.62,30.44,13.436
25033.62,28.14,13.4361
25034.62,25.17,13.4361
25035.62,25.17,13.4361
25036.62,25.3,13.4361
25037.63,25.19,13.4361
25038.63,25.15,13.4361
25039.63,25.27,13.4361
25040.63,25.15,13.4361
25041.63,25.14,13.4361
25042.63,28.95,13.4361
25043.63,25.19,13.4361
25044.64,25.17,13.4361
25045.64,25.28,13.4361
25046.64,25.19,13.4361
25047.64,25.19,13.4363
25048.64,25.28,13.4363
25049.64,25.18,13.4363
25050.64,25.28,13.4363
25051.65,25.17,13.4363
25052.65,25.2,13.4363
25053.65,29.23,13.4363
25054.65,25.17,13.4363
25055.65,25.27,13.4363
25056.65,25.17,13.4363
25057.66,25.19,13.4363
25058.66,25.27,13.4363
25059.66,25.18,13.4363
25060.66,25.27,13.4363
25061.66,25.17,13.4363
25062.66,25.2,13.4363
25063.67,31.34,13.4363
25064.67,25.17,13.4363
25065.67,25.27,13.4363
25066.67,25.15,13.4363
25067.67,25.14,13.4365
25068.67,25.21,13.4365
25069.67,25.11,13.4365
25070.68,25.11,13.4365
25071.68,25.21,13.4365
25072.68,30.06,13.4366
25073.68,25.89,13.4374
25074.68,25.17,13.4374
25075.68,25.16,13.4374
25076.68,25.29,13.4373
25077.69,25.18,13.4372
25078.69,25.17,13.4374
25079.69,25.27,13.4373
25080.69,25.17,13.4373
25081.69,25.27,13.4374
25082.69,28.91,13.4374
25083.7,25.17,13.4373
25084.7,25.27,13.4375
25085.7,25.17,13.4375
25086.7,25.27,13.4375
25087.7,25.19,13.4375
25088.7,25.17,13.4375
25089.71,25.28,13.4375
25090.71,25.17,13.4375
25091.71,25.27,13.4375
25092.71,28.81,13.4376
25093.71,25.17,13.4376
25094.71,25.26,13.4376
25095.72,25.17,13.4375
25096.72,25.28,13.4377
25097.72,25.18,13.4377
25098.72,25.27,13.4377
25099.72,25.18,13.4377
25100.72,25.17,13.4377
25101.73,25.27,13.4377
25102.73,28.86,13.4377
25103.73,25.27,13.4377
25104.73,25.17,13.4378
25105.73,25.17,13.4377
25106.73,25.3,13.4377
25107.73,25.18,13.4377
25108.74,25.18,13.4377
25109.74,29.75,11.7525
25110.74,85.92,2.7538
25111.74,77.63,3.2507
25112.74,92.43,3.4326
25113.74,78.81,3.7371
25114.75,82.86,3.9946
25115.75,79.51,4.2642
25116.75,78.22,4.568
25117.75,78.03,4.8612
25118.75,79.0,5.1451
25119.75,73.69,5.3829
25120.75,64.07,5.6358
25121.76,68.03,5.9136
25122.76,37.08,6.8505
25123.76,50.98,8.0179
25124.76,99.9,8.9274
25125.76,46.97,9.1958
25126.76,25.12,9.296
25127.76,37.77,9.296
25128.77,78.7,9.296
25129.77,77.15,9.2964
25130.77,76.39,9.3022
25131.77,58.38,9.3022
25132.77,37.48,9.3024
25133.77,37.94,9.3024
25134.77,55.82,9.3024
25135.78,44.19,9.3024
25136.78,45.21,9.3025
25137.78,33.71,9.3026
25138.78,29.77,9.3025
25139.78,93.23,10.2994
25140.78,99.95,10.974
25141.78,100.14,11.6434
25142.79,99.9,12.3437
25143.79,32.99,12.4565
25144.79,30.11,12.4565
25145.79,28.55,12.4565
25146.79,26.45,12.4565
25147.79,31.58,12.4565
25148.8,25.77,12.4565
25149.8,32.94,12.4566
25150.8,25.19,12.4566
25151.8,26.5,12.4567
25152.8,30.41,12.4568
25153.8,26.83,12.4568
25154.8,28.74,12.4568
25155.81,37.87,12.457
25156.81,25.34,12.457
25157.81,34.25,12.457
25158.81,26.37,12.4571
25159.81,32.84,12.457
25160.81,28.75,12.457
25161.82,25.19,12.457
25162.82,32.0,12.4573
25163.82,27.09,12.4573
25164.82,25.94,12.4573
25165.82,25.34,12.4573
25166.82,25.38,12.4573
25167.82,25.21,12.4573
25168.82,25.32,12.4573
25169.83,25.34,12.4573
25170.83,25.32,12.4572
25171.83,25.4,12.4572
25172.83,27.12,12.4571
25173.83,25.33,12.4572
25174.83,27.29,12.4572
25175.84,25.21,12.4572
25176.84,25.48,12.4572
25177.84,25.21,12.4572
25178.84,25.2,12.4572
25179.84,25.4,12.4572
25180.84,25.2,12.4573
25181.85,25.39,12.4573
25182.85,25.22,12.4572
25183.85,25.31,12.4572
25184.85,25.51,12.4572
25185.85,25.35,12.4572
25186.85,25.27,12.4574
25187.85,25.2,12.4573
25188.86,25.33,12.4573
25189.86,25.3,12.4573
25190.86,84.16,12.4625
25191.86,99.96,12.5691
25192.86,39.81,12.5691
25193.86,25.27,12.5691
25194.86,25.28,12.5691
25195.87,25.63,12.5691
25196.87,25.29,12.5691
25197.87,26.07,12.5691
25198.87,25.12,12.5691
25199.87,42.65,12.5691
25200.87,63.75,12.5695
25201.88,48.74,12.5695
25202.88,37.24,12.5695
25203.88,39.51,12.5618
25204.88,26.83,12.5618
25205.88,25.21,12.5618
25206.88,47.29,12.5626
25207.88,100.03,12.5786
25208.89,51.54,12.5803
25209.89,25.29,12.5803
25210.89,25.19,12.5803
25211.89,25.31,12.5803
25212.89,25.2,12.5803
25213.89,25.19,12.5803
25214.89,25.25,12.5803
25215.89,59.41,12.5861
25216.9,99.89,12.5864
25217.9,37.71,12.5864
25218.9,25.13,12.5864
25219.9,25.23,12.5864
25220.9,25.13,12.5864
25221.9,25.22,12.5864
25222.91,25.83,12.5864
25223.91,25.15,12.5864
25224.91,58.25,12.5921
25225.91,99.77,12.5927
25226.91,40.86,12.5928
25227.91,25.28,12.5928
25228.91,25.18,12.5928
25229.92,66.68,13.0284
25230.92,100.07,13.2957
25231.92,32.98,13.2958
25232.92,25.46,13.2958
25233.92,25.27,13.2958
25234.92,41.69,13.4286
25235.92,25.25,13.4286
25236.93,25.12,13.4286
25237.93,25.13,13.4287
25238.93,29.44,13.4291
25239.93,25.17,13.4291
25240.93,25.28,13.4291
25241.93,29.07,13.4293
25242.94,25.2,13.4293
25243.94,25.29,13.4293
25244.94,25.18,13.4293
25245.94,29.34,13.4293
25246.94,25.3,13.4293
25247.94,25.18,13.4293
25248.94,28.85,13.4293
25249.95,25.14,13.4292
25250.95,25.14,13.4292
25251.95,28.84,13.4293
25252.95,25.15,13.4292
25253.95,25.3,13.4292
25254.95,25.53,13.4293
25255.96,28.83,13.4295
25256.96,25.31,13.4295
25257.96,25.2,13.4295
25258.96,25.3,13.4295
25259.96,28.9,13.4296
25260.96,25.88,13.4296
25261.97,25.29,13.4297
25262.97,29.23,13.4297
25263.97,25.24,13.4297
25264.97,25.14,13.4297
25265.97,28.82,13.4297
25266.97,25.5,13.4297
25267.98,25.2,13.4297
25268.98,25.32,13.4297
25269.98,28.79,13.4297
25270.98,25.3,13.4297
25271.98,25.21,13.4297
25272.98,28.81,13.4297
25273.99,25.3,13.4297
25274.99,25.21,13.4297
25275.99,25.29,13.4297
25276.99,28.75,13.43
25277.99,25.24,13.43
25278.99,25.14,13.43
25280.0,25.14,13.43
25281.0,28.95,13.43
25282.0,25.19,13.43
25283.0,25.3,13.43
25284.0,25.19,13.43
25285.0,28.74,13.4301
25286.01,25.29,13.4301
25287.01,25.22,13.4301
25288.01,25.29,13.4301
25289.01,25.19,13.4301
25290.01,28.78,13.4301
25291.01,25.29,13.4301
25292.01,25.19,13.4301
25293.02,25.3,13.4301
25294.02,28.79,13.4301
25295.02,25.15,13.4301
25296.02,25.24,13.4301
25297.02,25.17,13.4302
25298.02,25.27,13.4302
25299.03,25.18,13.4302
25300.03,30.06,13.4303
25301.03,25.28,13.4303
25302.03,25.18,13.4303
25303.03,25.3,13.4303
25304.03,25.18,13.4302
25305.04,30.2,13.4304
25306.04,25.27,13.4304
25307.04,25.2,13.4304
25308.04,25.28,13.4304
25309.04,25.18,13.4304
25310.04,25.2,13.4303
25311.04,30.1,13.4305
25312.05,25.18,13.4305
25313.05,25.19,13.4306
25314.05,25.27,13.4306
25315.05,25.17,13.4305
25316.05,29.46,13.4307
25317.05,25.19,13.4307
25318.06,25.2,13.4307
25319.06,25.27,13.4307
25320.06,25.17,13.4307
25321.06,25.14,13.4307
25322.06,25.28,13.4307
25323.06,28.82,13.4307
25324.07,25.28,13.4307
25325.07,25.17,13.4307
25326.07,25.27,13.4306
25327.07,25.18,13.4308
25328.07,25.18,13.4309
25329.07,28.77,13.4309
25330.07,25.17,13.4309
25331.08,25.28,13.4309
25332.08,25.18,13.4309
25333.08,25.18,13.4309
25334.08,25.3,13.4309
25335.08,25.16,13.4309
25336.08,28.83,13.431
25337.08,25.41,13.431
25338.09,25.17,13.431
25339.09,25.17,13.431
25340.09,25.27,13.431
25341.09,25.17,13.431
25342.09,25.29,13.431
25343.09,28.79,13.431
25344.1,25.26,13.431
25345.1,25.17,13.431
25346.1,25.17,13.431
25347.1,25.28,13.431
25348.1,25.17,13.431
25349.1,25.27,13.431
25350.11,25.17,13.431
25351.11,28.92,13.4311
25352.11,25.28,13.4312
25353.11,25.16,13.4312
25354.11,25.22,13.4312
25355.11,25.12,13.4312
25356.12,25.12,13.4312
25357.12,25.24,13.4312
25358.12,28.85,13.4312
25359.12,25.22,13.4312
25360.12,25.12,13.4312
25361.12,25.12,13.4312
25362.13,25.24,13.4312
25363.13,25.15,13.4312
25364.13,25.27,13.4314
25365.13,25.16,13.4314
25366.13,25.17,13.4314
25367.13,30.85,13.4315
25368.14,25.18,13.4315
25369.14,25.28,13.4315
25370.14,25.17,13.4315
25371.14,25.17,13.4315
25372.14,25.27,13.4316
25373.14,25.14,13.4316
25374.14,30.44,13.4316
25375.15,25.18,13.4316
25376.15,25.17,13.4316
25377.15,25.29,13.4316
25378.15,25.16,13.4316
25379.15,25.28,13.4315
25380.15,25.16,13.4316
25381.16,25.28,13.4316
25382.16,29.63,13.4319
25383.16,25.18,13.4319
25384.16,25.27,13.4319
25385.16,25.17,13.4319
25386.16,25.29,13.4319
25387.17,25.18,13.4319
25388.17,25.18,13.4319
25389.17,25.31,13.4319
25390.17,28.89,13.4319
25391.17,25.17,13.4319
25392.17,25.3,13.4321
25393.17,25.19,13.4321
25394.18,25.18,13.4321
25395.18,25.28,13.4321
25396.18,25.18,13.4321
25397.18,25.29,13.4321
25398.18,28.74,13.4321
25399.18,25.18,13.4321
25400.19,25.25,13.4321
25401.19,25.17,13.4321
25402.19,25.29,13.4321
25403.19,29.74,13.4321
25404.19,25.27,13.4321
25405.19,25.16,13.4322
25406.2,27.06,13.4322
25407.2,27.07,13.4322
25408.2,25.17,13.4323
25409.2,25.28,13.4323
25410.2,25.16,13.4323
25411.2,25.17,13.4323
25412.21,25.28,13.4322
25413.21,25.19,13.4322
25414.21,25.27,13.4322
25415.21,28.8,13.4325
25416.21,25.11,13.4325
25417.21,25.27,13.4324
25418.21,25.17,13.4324
25419.22,25.18,13.4324
25420.22,25.27,13.4324
25421.22,25.17,13.4324
25422.22,25.28,13.4325
25423.22,28.89,13.4326
25424.22,25.2,13.4326
25425.23,25.27,13.4327
25426.23,25.17,13.4327
25427.23,25.29,13.4327
25428.23,25.18,13.4327
25429.23,25.28,13.4327
25430.23,25.18,13.4327
25431.24,25.17,13.4327
25432.24,25.31,13.4327
25433.24,30.28,13.4328
25434.24,25.17,13.4328
25435.24,25.28,13.433
25436.24,25.17,13.433
25437.24,25.18,13.433
25438.25,25.28,13.433
25439.25,25.17,13.433
25440.25,25.28,13.433
25441.25,30.79,13.433
25442.25,25.18,13.433
25443.25,25.29,13.4329
25444.25,25.2,13.433
25445.26,25.18,13.433
25446.26,25.27,13.433
25447.26,25.18,13.433
25448.26,25.27,13.433
25449.26,25.19,13.433
25450.26,29.69,13.4331
25451.27,25.27,13.4331
25452.27,25.14,13.4332
25453.27,25.24,13.4332
25454.27,25.12,13.4332
25455.27,25.12,13.4332
25456.27,25.26,13.4332
25457.28,25.18,13.4333
25458.28,25.28,13.4333
25459.28,28.84,13.4333
25460.28,25.18,13.4333
25461.28,25.27,13.4333
25462.28,25.18,13.4333
25463.28,25.28,13.4333
25464.29,25.17,13.4333
25465.29,25.17,13.4333
25466.29,25.23,13.4332
25467.29,25.18,13.4334
25468.29,28.96,13.4334
25469.29,25.29,13.4334
25470.29,25.17,13.4334
25471.3,25.17,13.4334
25472.3,25.31,13.4334
25473.3,25.19,13.4334
25474.3,25.16,13.4334
25475.3,25.29,13.4334
25476.3,25.19,13.4334
25477.3,25.18,13.4334
25478.3,28.93,13.4335
25479.31,25.18,13.4335
25480.31,25.19,13.4337
25481.31,25.27,13.4336
25482.31,25.18,13.4337
25483.31,25.18,13.4337
25484.31,25.3,13.4337
25485.31,25.19,13.4337
25486.31,25.17,13.4337
25487.32,28.81,13.4338
25488.32,25.17,13.4338
25489.32,25.17,13.4337
25490.32,25.27,13.4337
25491.32,25.19,13.4337
25492.32,25.17,13.4338
25493.33,25.29,13.4338
25494.33,25.17,13.4338
25495.33,25.28,13.4339
25496.33,29.47,13.4339
25497.33,25.19,13.434
25498.33,25.27,13.434
25499.33,25.19,13.434
25500.34,25.17,13.434
25501.34,25.27,13.434
25502.34,25.15,13.434
25503.34,25.19,13.434
25504.34,25.26,13.434
25505.34,30.74,13.434
25506.34,25.27,13.434
25507.35,25.19,13.434
25508.35,25.18,13.434
25509.35,25.28,13.4339
25510.35,25.13,13.4339
25511.35,25.22,13.4339
25512.35,25.13,13.434
25513.36,25.13,13.434
25514.36,28.27,13.434
25515.36,27.4,13.434
25516.36,25.27,13.434
25517.36,25.18,13.434
25518.36,25.18,13.4342
25519.37,25.27,13.4342
25520.37,25.18,13.4342
25521.37,25.27,13.4342
25522.37,25.18,13.4343
25523.37,25.19,13.4343
25524.37,29.0,13.4344
25525.38,25.18,13.4344
25526.38,25.28,13.4344
25527.38,25.32,13.4344
25528.38,25.28,13.4344
25529.38,25.17,13.4344
25530.38,25.15,13.4344
25531.39,25.26,13.4344
25532.39,25.18,13.4344
25533.39,28.93,13.4344
25534.39,25.19,13.4344
25535.39,25.17,13.4344
25536.39,25.28,13.4344
25537.39,25.19,13.4344
25538.4,25.18,13.4344
25539.4,25.29,13.4344
25540.4,25.17,13.4344
25541.4,25.28,13.4344
25542.4,25.18,13.4344
25543.4,28.88,13.4348
25544.4,25.29,13.4348
25545.41,25.17,13.4348
25546.41,25.17,13.4348
25547.41,25.3,13.4348
25548.41,25.16,13.4348
25549.41,25.16,13.4349
25550.41,25.29,13.4349
25551.41,25.16,13.4349
25552.41,25.71,13.4349
25553.42,28.43,13.435
25554.42,25.17,13.4351
25555.42,25.17,13.4351
25556.42,25.27,13.4351
25557.42,25.18,13.4351
25558.42,25.27,13.4351
25559.43,25.17,13.4351
25560.43,25.17,13.4351
25561.43,25.26,13.4351
25562.43,28.78,13.4352
25563.43,25.3,13.4352
25564.43,25.18,13.4352
25565.44,25.17,13.4352
25566.44,25.27,13.4352
25567.44,25.18,13.4352
25568.44,25.17,13.4352
25569.44,25.3,13.4352
25570.44,25.15,13.4353
25571.44,25.17,13.4353
25572.45,31.04,13.4355
25573.45,25.18,13.4355
25574.45,25.26,13.4355
25575.45,25.16,13.4355
25576.45,25.18,13.4355
25577.45,25.28,13.4355
25578.46,25.17,13.4354
25579.46,25.26,13.4354
25580.46,25.16,13.4354
25581.46,25.27,13.4355
25582.46,30.78,13.4355
25583.46,25.18,13.4355
25584.46,25.26,13.4354
25585.47,25.17,13.4354
25586.47,25.18,13.4356
25587.47,25.28,13.4356
25588.47,25.17,13.4356
25589.47,25.24,13.4356
25590.47,25.13,13.4356
25591.48,29.0,13.4357
25592.48,25.24,13.4357
25593.48,25.13,13.4357
25594.48,25.12,13.4357
25595.48,25.26,13.4357
25596.48,25.17,13.4357
25597.48,25.28,13.4357
25598.49,25.18,13.4358
25599.49,25.18,13.4357
25600.49,25.26,13.4358
25601.49,28.81,13.4357
25602.49,25.28,13.4359
25603.49,25.19,13.4359
25604.5,25.26,13.4359
25605.5,25.17,13.4359
25606.5,25.16,13.4359
25607.5,25.28,13.4359
25608.5,25.13,13.4359
25609.5,25.26,13.4359
25610.51,28.86,13.436
25611.51,25.14,13.4361
25612.51,25.26,13.4361
25613.51,25.14,13.4361
25614.51,25.15,13.436
25615.51,25.29,13.436
25616.51,25.17,13.436
25617.52,25.18,13.4361
25618.52,25.27,13.4361
25619.52,25.12,13.436
25620.52,28.71,13.4363
25621.52,25.28,13.4362
25622.52,25.16,13.4362
25623.52,25.15,13.4362
25624.53,25.25,13.4362
25625.53,25.16,13.4364
25626.53,25.22,13.4362
25627.53,25.16,13.4364
25628.53,25.16,13.4363
25629.53,25.28,13.4363
25630.53,28.67,13.4364
25631.54,25.17,13.4363
25632.54,25.28,13.4364
25633.54,25.19,13.4364
25634.54,25.27,13.4364
25635.54,25.17,13.4364
25636.54,25.17,13.4364
25637.55,25.28,13.4365
25638.55,25.17,13.4364
25639.55,25.28,13.4365
25640.55,30.71,13.4366
25641.55,25.17,13.4366
25642.55,25.31,13.4366
25643.55,25.17,13.4366
25644.56,25.17,13.4366
25645.56,25.29,13.4366
25646.56,25.17,13.4366
25647.56,25.18,13.4366
25648.56,25.28,13.4366
25649.56,25.17,13.4366
25650.56,31.0,13.4368
25651.57,25.17,13.4368
25652.57,25.2,13.4368
25653.57,25.27,13.4368
25654.57,25.18,13.4368
25655.57,25.27,13.4368
25656.57,25.17,13.4367
25657.58,25.29,13.4368
25658.58,25.17,13.4368
25659.58,29.08,13.4369
25660.58,25.28,13.4369
25661.58,25.15,13.437
25662.58,25.18,13.437
25663.59,25.28,13.437
25664.59,25.18,13.4369
25665.59,25.28,13.437
25666.59,25.17,13.437
25667.59,25.18,13.437
25668.59,25.27,13.437
25669.6,28.71,13.437
25670.6,25.26,13.437
25671.6,25.16,13.437
25672.6,25.16,13.437
25673.6,25.22,13.437
25674.6,25.11,13.437
25675.6,25.23,13.437
25676.61,25.12,13.437
25677.61,25.19,13.4372
25678.61,25.28,13.4372
25679.61,25.17,13.4372
25680.61,28.97,13.4372
25681.61,25.17,13.4372
25682.62,25.19,13.4372
25683.62,25.27,13.4371
25684.62,25.18,13.4372
25685.62,25.27,13.4372
25686.62,25.18,13.4372
25687.62,25.19,13.4372
25688.63,25.28,13.4372
25689.63,25.18,13.4372
25690.63,28.92,13.4372
25691.63,25.18,13.4372
25692.63,25.21,13.4375
25693.63,25.26,13.4373
25694.63,25.13,13.4374
25695.64,25.23,13.4374
25696.64,25.12,13.4374
25697.64,25.14,13.4375
25698.64,25.25,13.4375
25699.64,25.19,13.4374
25700.64,25.25,13.4374
25701.65,28.86,13.4378
25702.65,25.21,13.4378
25703.65,25.28,13.4378
25704.65,25.17,13.4378
25705.65,25.28,13.4378
25706.65,25.17,13.4378
25707.66,25.19,13.4379
25708.66,25.28,13.4379
25709.66,25.17,13.4379
25710.66,31.18,13.438
25711.66,25.18,13.438
25712.66,25.19,13.438
25713.67,25.28,13.438
25714.67,25.18,13.438
25715.67,25.19,13.4379
25716.67,25.25,13.4379
25717.67,25.2,13.438
25718.67,25.17,13.438
25719.67,25.28,13.438
25720.68,30.76,13.438
25721.68,25.27,13.4381
25722.68,25.18,13.4381
25723.68,25.27,13.4381
25724.68,25.17,13.4381
25725.68,25.17,13.4381
25726.69,25.27,13.438
25727.69,25.17,13.4381
25728.69,25.28,13.4381
25729.69,25.17,13.4381
25730.69,29.0,13.4383
25731.69,25.3,13.4383
25732.69,25.2,13.4383
25733.7,25.18,13.4383
25734.7,25.26,13.4383
25735.7,25.15,13.4383
25736.7,25.28,13.4383
25737.7,25.16,13.4383
25738.7,25.17,13.4383
25739.71,25.28,13.4383
25740.71,28.84,13.4384
25741.71,25.26,13.4383
25742.71,25.19,13.4384
25743.71,25.18,13.4384
25744.71,25.27,13.4384
25745.72,25.18,13.4384
25746.72,25.27,13.4384
25747.72,25.18,13.4384
25748.72,25.19,13.4384
25749.72,25.28,13.4384
25750.72,28.91,13.4386
25751.73,25.28,13.4385
25752.73,25.21,13.4386
25753.73,25.27,13.4386
25754.73,25.17,13.4386
25755.73,25.18,13.4386
25756.73,25.29,13.4386
25757.73,25.2,13.4389
25758.74,25.14,13.4389
25759.74,25.25,13.4387
25760.74,28.79,13.4389
25761.74,25.17,13.4389
25762.74,25.3,13.4389
25763.74,25.17,13.4389
25764.74,25.27,13.4389
25765.75,25.17,13.4389
25766.75,25.17,13.4389
25767.75,25.28,13.439
25768.75,25.18,13.439
25769.75,25.27,13.439
25770.75,25.18,13.439
25771.76,29.25,13.439
25772.76,25.2,13.439
25773.76,25.18,13.439
25774.76,25.28,13.439
25775.76,25.18,13.439
25776.76,25.27,13.439
25777.77,25.19,13.439
25778.77,25.19,13.439
25779.77,25.28,13.439
25780.77,30.99,13.4391
25781.77,25.28,13.4391
25782.77,25.2,13.4391
25783.78,25.17,13.4391
25784.78,25.28,13.4391
25785.78,25.16,13.439
25786.78,25.14,13.4391
25787.78,25.28,13.4392
25788.78,25.12,13.4392
25789.78,25.26,13.4392
25790.79,30.57,13.4394
25791.79,25.17,13.4394
25792.79,25.3,13.4394
25793.79,25.17,13.4394
25794.79,25.27,13.4394
25795.79,25.17,13.4394
25796.8,25.17,13.4394
25797.8,25.29,13.4394
25798.8,25.17,13.4394
25799.8,29.08,13.4394
25800.8,25.17,13.4394
25801.8,25.17,13.4394
25802.81,25.24,13.4395
25803.81,25.13,13.4395
25804.81,25.21,13.4395
25805.81,25.11,13.4395
25806.81,25.22,13.4395
25807.81,25.17,13.4395
25808.82,25.18,13.4395
25809.82,28.92,13.4396
25810.82,25.18,13.4396
25811.82,25.27,13.4396
25812.82,25.2,13.4397
25813.82,25.18,13.4397
25814.83,25.28,13.4397
25815.83,25.18,13.4397
25816.83,25.29,13.4397
25817.83,25.23,13.4398
25818.83,25.18,13.4398
25819.83,28.81,13.4398
25820.83,25.16,13.4398
25821.84,25.16,13.4398
25822.84,25.29,13.4398
25823.84,25.17,13.4399
25824.84,25.16,13.4399
25825.84,25.24,13.4399
25826.84,25.17,13.4399
25827.84,25.26,13.44
25828.85,25.15,13.44
25829.85,28.77,13.44
25830.85,25.27,13.44
25831.85,25.18,13.44
25832.85,25.29,13.44
25833.85,25.17,13.44
25834.86,25.17,13.44
25835.86,25.28,13.44
25836.86,25.18,13.44
25837.86,25.17,13.44
25838.86,25.28,13.44
25839.86,25.17,13.44
25840.86,29.14,13.4402
25841.87,25.19,13.4403
25842.87,25.21,13.4403
25843.87,25.17,13.4403
25844.87,25.29,13.4403
25845.87,25.17,13.4403
25846.87,25.29,13.4403
25847.87,25.17,13.4403
25848.88,25.18,13.4403
25849.88,31.04,13.4403
25850.88,25.16,13.4403
25851.88,25.28,13.4403
25852.88,25.19,13.4403
25853.88,25.16,13.4403
25854.89,25.27,13.4403
25855.89,25.12,13.4403
25856.89,25.27,13.4403
25857.89,25.17,13.4403
25858.89,25.17,13.4403
25859.89,30.62,13.4404
25860.89,25.17,13.4404
25861.9,25.17,13.4405
25862.9,25.29,13.4405
25863.9,25.17,13.4405
25864.9,25.27,13.4405
25865.9,25.17,13.4405
25866.9,25.18,13.4406
25867.91,25.28,13.4406
25868.91,25.19,13.4406
25869.91,29.01,13.4406
25870.91,25.17,13.4405
25871.91,25.19,13.4405
25872.91,25.31,13.4405
25873.91,25.18,13.4405
25874.92,25.18,13.4405
25875.92,25.3,13.4405
25876.92,25.19,13.4406
25877.92,25.18,13.4406
25878.92,28.96,13.4409
25879.92,25.18,13.4409
25880.92,25.17,13.4409
25881.92,25.31,13.4409
25882.93,25.18,13.4409
25883.93,25.17,13.4409
25884.93,25.27,13.4409
25885.93,25.17,13.4408
25886.93,25.29,13.4408
25887.93,25.18,13.4408
25888.94,28.79,13.4409
25889.94,25.25,13.4409
25890.94,25.17,13.441
25891.94,25.18,13.441
25892.94,25.3,13.441
25893.94,25.17,13.441
25894.94,25.17,13.441
25895.95,25.27,13.441
25896.95,25.18,13.441
25897.95,25.27,13.441
25898.95,25.18,13.441
25899.95,28.78,13.4411
25900.95,25.26,13.4411
25901.96,25.18,13.4411
25902.96,25.3,13.4411
25903.96,25.18,13.4411
25904.96,25.18,13.4413
25905.96,25.3,13.4413
25906.96,25.19,13.4413
25907.96,25.18,13.4413
25908.96,25.31,13.4413
25909.97,25.2,13.4413
25910.97,29.5,13.4413
25911.97,25.18,13.4413
25912.97,25.29,13.4413
25913.97,25.17,13.4413
25914.97,25.27,13.4413
25915.97,25.16,13.4413
25916.98,25.19,13.4414
25917.98,25.27,13.4414
25918.98,25.18,13.4414
25919.98,25.27,13.4413
25920.98,30.97,13.4415
25921.98,25.18,13.4416
25922.99,25.28,13.4415
25923.99,25.15,13.4415
25924.99,25.28,13.4415
25925.99,25.16,13.4415
25926.99,25.18,13.4416
25927.99,25.28,13.4415
25929.0,25.18,13.4415
25930.0,30.44,13.4416
25931.0,25.17,13.4416
25932.0,25.19,13.4416
25933.0,25.29,13.4416
25934.0,25.18,13.4416
25935.0,25.18,13.4416
25936.01,25.28,13.4415
25937.01,25.18,13.4417
25938.01,25.25,13.4416
25939.01,25.13,13.4416
25940.01,25.13,13.4417
25941.01,28.88,13.4422
25942.02,25.18,13.4423
25943.02,25.3,13.4423
25944.02,25.17,13.4422
25945.02,25.18,13.4422
25946.02,25.31,13.4422
25947.02,25.12,13.4423
25948.02,25.15,13.4422
25949.03,25.26,13.4422
25950.03,25.18,13.4422
25951.03,28.93,13.4424
25952.03,25.18,13.4424
25953.03,25.17,13.4424
25954.03,25.25,13.4425
25955.04,25.17,13.4425
25956.04,25.28,13.4424
25957.04,25.19,13.4425
25958.04,25.18,13.4425
25959.04,25.3,13.4425
25960.04,25.16,13.4425
25961.04,28.75,13.4425
25962.05,25.28,13.4425
25963.05,25.18,13.4425
25964.05,25.25,13.4425
25965.05,25.12,13.4425
25966.05,25.12,13.4425
25967.05,25.24,13.4425
25968.06,25.13,13.4425
25969.06,25.28,13.4427
25970.06,25.18,13.4427
25971.06,25.27,13.4427
25972.06,28.81,13.4427
25973.06,25.19,13.4427
25974.07,25.27,13.4427
25975.07,25.19,13.4428
25976.07,25.28,13.4428
25977.07,25.19,13.4429
25978.07,25.18,13.4429
25979.07,25.26,13.4429
25980.08,25.17,13.4429
25981.08,25.27,13.4429
25982.08,29.94,13.4429
25983.08,25.19,13.4429
25984.08,25.28,13.4429
25985.08,25.17,13.4429
25986.08,25.25,13.4428
25987.09,25.17,13.4429
25988.09,25.14,13.4429
25989.09,25.23,13.4429
25990.09,25.12,13.4429
25991.09,25.23,13.4429
25992.09,31.12,13.4431
25993.1,25.25,13.4431
25994.1,25.18,13.4431
25995.1,25.18,13.4431
25996.1,25.3,13.4431
25997.1,25.19,13.4431
25998.1,25.18,13.4431
25999.1,25.3,13.4431
26000.11,25.18,13.4431
26001.11,29.65,13.4432
26002.11,25.27,13.4432
26003.11,25.15,13.4432
26004.11,25.13,13.4432
26005.11,25.25,13.4432
26006.11,25.13,13.4432
26007.12,25.14,13.4433
26008.12,25.25,13.4433
26009.12,25.13,13.4433
26010.12,28.84,13.4434
26011.12,25.25,13.4434
26012.12,25.19,13.4434
26013.12,25.18,13.4434
26014.12,25.26,13.4434
26015.13,25.13,13.4434
26016.13,25.14,13.4435
26017.13,25.25,13.4435
26018.13,25.14,13.4435
26019.13,25.27,13.4435
26020.13,28.71,13.4436
26021.14,25.17,13.4436
26022.14,25.28,13.4437
26023.14,25.15,13.4437
26024.14,25.27,13.4437
26025.14,25.16,13.4437
26026.14,25.2,13.4437
26027.14,25.32,13.4437
26028.15,25.18,13.4437
26029.15,25.19,13.4437
26030.15,25.31,13.4437
26031.15,28.82,13.4438
26032.15,25.17,13.4438
26033.15,25.3,13.4438
26034.15,25.2,13.4438
26035.16,25.18,13.4438
26036.16,25.28,13.4438
26037.16,25.19,13.4438
26038.16,25.28,13.4438
26039.16,25.17,13.4438
26040.16,25.28,13.4438
26041.17,28.87,13.4438
26042.17,25.19,13.4439
26043.17,25.29,13.4439
26044.17,25.17,13.4439
26045.17,25.28,13.4439
26046.17,25.18,13.4439
26047.18,25.19,13.4439
26048.18,25.28,13.4439
26049.18,25.19,13.4439
26050.18,25.29,13.4439
26051.18,29.97,13.4441
26052.18,25.17,13.4441
26053.18,25.3,13.4441
26054.19,25.16,13.4441
26055.19,25.16,13.4441
26056.19,25.28,13.4441
26057.19,25.2,13.4442
26058.19,25.15,13.4442
26059.19,25.23,13.4442
26060.19,25.19,13.4442
26061.2,31.12,13.4443
26062.2,25.26,13.4443
26063.2,25.16,13.4443
26064.2,25.29,13.4443
26065.2,25.19,13.4443
26066.2,25.18,13.4443
26067.2,25.28,13.4443
26068.21,25.16,13.4443
26069.21,25.19,13.4443
26070.21,28.74,13.4443
26071.21,26.29,13.4443
26072.21,25.16,13.4443
26073.21,25.24,13.4443
26074.21,25.18,13.4443
26075.22,25.19,13.4443
26076.22,25.28,13.4443
26077.22,25.2,13.4444
26078.22,25.23,13.4444
26079.22,25.14,13.4445
26080.22,25.18,13.4445
26081.23,28.88,13.4445
26082.23,25.2,13.4446
26083.23,25.27,13.4446
26084.23,25.16,13.4446
26085.23,25.16,13.4446
26086.23,25.25,13.4446
26087.24,25.18,13.4446
26088.24,25.23,13.4446
26089.24,25.13,13.4446
26090.24,25.13,13.4446
26091.24,28.11,13.4446
26092.24,25.99,13.4446
26093.25,25.25,13.4446
26094.25,25.16,13.4446
26095.25,25.18,13.4446
26096.25,25.28,13.4446
26097.25,25.18,13.4448
26098.25,25.26,13.4448
26099.25,25.18,13.4448
26100.26,25.19,13.4448
26101.26,25.28,13.4448
26102.26,29.0,13.445
26103.26,25.32,13.445
26104.26,25.16,13.4451
26105.26,25.16,13.4451
26106.27,25.25,13.4451
26107.27,25.19,13.4451
26108.27,25.29,13.4451
26109.27,25.18,13.4451
26110.27,25.17,13.4451
26111.27,25.27,13.4451
26112.28,28.86,13.4451
26113.28,25.29,13.4451
26114.28,25.17,13.4451
26115.28,25.18,13.4453
26116.28,25.27,13.4451
26117.28,25.18,13.4452
26118.29,25.25,13.4452
26119.29,25.17,13.4452
26120.29,25.24,13.4452
26121.29,25.17,13.4452
26122.29,30.38,13.4454
26123.29,25.3,13.4454
26124.3,25.18,13.4454
26125.3,25.28,13.4454
26126.3,25.18,13.4454
26127.3,25.19,13.4454
26128.3,25.28,13.4454
26129.3,25.13,13.4454
26130.3,25.23,13.4454
26131.31,28.94,13.4455
26132.31,27.31,13.4456
26133.31,25.24,13.4456
26134.31,25.13,13.4456
26135.31,25.23,13.4456
26136.31,25.13,13.4456
26137.32,25.14,13.4456
26138.32,25.23,13.4456
26139.32,25.15,13.4456
26140.32,25.26,13.4456
26141.32,29.3,13.4457
26142.32,25.17,13.4457
26143.33,25.27,13.4457
26144.33,25.16,13.4457
26145.33,25.28,13.4458
26146.33,25.18,13.4458
26147.33,25.3,13.4458
26148.33,25.18,13.4458
26149.34,25.18,13.4458
26150.34,25.28,13.4458
26151.34,28.83,13.4458
26152.34,25.28,13.4458
26153.34,25.19,13.4458
26154.34,25.18,13.4458
26155.35,25.27,13.4458
26156.35,25.14,13.4458
26157.35,25.14,13.4459
26158.35,25.23,13.4459
26159.35,25.13,13.4459
26160.35,25.23,13.4459
26161.35,28.73,13.4459
26162.36,25.18,13.4459
26163.36,25.27,13.4459
26164.36,25.17,13.4459
26165.36,25.27,13.4459
26166.36,25.18,13.4459
26167.36,25.3,13.4459
26168.37,25.18,13.4459
26169.37,25.2,13.4459
26170.37,25.28,13.4459
26171.37,28.79,13.4461
26172.37,25.18,13.4461
26173.37,25.28,13.4461
26174.38,25.17,13.4462
26175.38,25.24,13.4462
26176.38,25.18,13.4462
26177.38,25.19,13.4462
26178.38,25.28,13.4462
26179.38,25.17,13.4462
26180.39,25.27,13.4462
26181.39,25.17,13.4462
26182.39,28.81,13.4464
26183.39,25.29,13.4464
26184.39,25.18,13.4464
26185.39,25.28,13.4464
26186.39,25.18,13.4464
26187.4,25.29,13.4464
26188.4,25.17,13.4464
26189.4,25.17,13.4464
26190.4,25.28,13.4464
26191.4,25.17,13.4464
26192.4,30.74,13.4464
26193.41,25.15,13.4464
26194.41,25.18,13.4464
26195.41,25.28,13.4464
26196.41,25.19,13.4464
26197.41,25.19,13.4464
26198.41,25.3,13.4466
26199.41,25.19,13.4466
26200.42,25.12,13.4466
26201.42,31.12,13.4467
26202.42,25.21,13.4468
26203.42,25.2,13.4468
26204.42,25.29,13.4468
26205.42,25.18,13.4468
26206.42,25.18,13.4468
26207.42,25.31,13.4468
26208.43,25.2,13.4467
26209.43,25.18,13.4467
26210.43,25.28,13.4467
26211.43,29.1,13.4469
26212.43,25.19,13.4469
26213.43,25.29,13.4469
26214.44,25.17,13.4469
26215.44,25.29,13.4469
26216.44,25.18,13.4469
26217.44,25.18,13.4469
26218.44,25.26,13.4469
26219.44,25.17,13.4469
26220.44,25.28,13.4469
26221.45,28.87,13.4468
26222.45,25.19,13.447
26223.45,25.28,13.447
26224.45,25.16,13.447
26225.45,25.27,13.447
26226.45,25.16,13.447
26227.46,25.17,13.4471
26228.46,25.25,13.4471
26229.46,25.17,13.4471
26230.46,25.26,13.4471
26231.46,25.17,13.4471
26232.46,28.9,13.4472
26233.47,25.29,13.4472
26234.47,25.18,13.4472
26235.47,25.28,13.4473
26236.47,25.18,13.4473
26237.47,25.19,13.4474
26238.47,25.28,13.4474
26239.48,25.18,13.4474
26240.48,25.28,13.4474
26241.48,25.2,13.4474
26242.48,28.91,13.4474
26243.48,25.3,13.4474
26244.48,25.18,13.4475
26245.48,25.18,13.4475
26246.49,25.27,13.4475
26247.49,25.18,13.4475
26248.49,25.27,13.4475
26249.49,25.18,13.4474
26250.49,25.17,13.4474
26251.49,25.27,13.4474
26252.5,28.74,13.4476
26253.5,25.29,13.4475
26254.5,25.18,13.4475
26255.5,25.28,13.4475
26256.5,25.16,13.4475
26257.5,25.19,13.4475
26258.5,25.3,13.4475
26259.51,25.17,13.4475
26260.51,25.17,13.4476
26261.51,25.27,13.4476
26262.51,31.0,13.4476
26263.51,25.28,13.4476
26264.51,25.16,13.4476
26265.52,25.18,13.4478
26266.52,25.28,13.4479
26267.52,25.18,13.4479
26268.52,25.17,13.4479
26269.52,25.25,13.4479
26270.52,25.16,13.4479
26271.52,31.09,13.4479
26272.53,25.17,13.448
26273.53,25.17,13.448
26274.53,25.22,13.448
26275.53,25.16,13.448
26276.53,25.17,13.448
26277.53,25.29,13.4479
26278.54,25.17,13.4479
26279.54,25.27,13.448
26280.54,25.18,13.448
26281.54,29.01,13.448
26282.54,25.28,13.448
26283.54,25.19,13.448
26284.54,25.27,13.448
26285.55,25.17,13.448
26286.55,25.18,13.448
26287.55,25.28,13.448
26288.55,25.18,13.448
26289.55,25.28,13.448
26290.55,25.17,13.448
26291.56,28.77,13.4489
26292.56,25.31,13.4489
26293.56,25.15,13.4488
26294.56,25.27,13.4488
26295.56,25.17,13.4489
26296.56,25.18,13.4489
26297.57,25.29,13.4489
26298.57,25.17,13.4489
26299.57,25.27,13.4489
26300.57,25.18,13.4489
26301.57,28.84,13.4489
26302.57,25.3,13.449
26303.58,25.18,13.449
26304.58,25.28,13.449
26305.58,25.2,13.449
26306.58,25.18,13.4492
26307.58,25.29,13.4491
26308.58,25.18,13.4491
26309.58,25.18,13.4491
26310.59,83.74,2.7047
26311.59,77.56,3.0644
26312.59,70.44,3.2932
26313.59,88.64,3.476
26314.59,79.7,3.9133
26315.59,77.15,4.3043
26316.59,76.11,4.6524
26317.6,77.54,4.89
26318.6,76.01,5.0736
26319.6,75.76,5.2406
26320.6,75.88,5.4118
26321.6,76.02,5.5969
26322.6,76.62,5.8773
26323.61,49.21,6.5861
26324.61,27.31,7.4859
26325.61,100.18,8.716
26326.61,66.75,9.1534
26327.61,25.19,9.2536
26328.61,25.29,9.2536
26329.61,37.52,9.2538
26330.62,70.24,9.2555
26331.62,57.48,9.256
26332.62,34.72,9.256
26333.62,30.39,9.256
26334.62,28.55,9.2561
26335.62,29.58,9.2561
26336.62,54.36,9.2561
26337.63,48.86,9.2561
26338.63,25.46,9.2561
26339.63,49.55,9.5212
26340.63,99.89,10.4961
26341.63,99.9,11.1574
26342.63,100.2,11.8323
26343.63,90.94,12.3638
26344.64,29.1,12.4641
26345.64,30.3,12.4641
26346.64,37.42,12.4641
26347.64,54.46,12.4641
26348.64,28.18,12.4642
26349.64,26.43,12.4642
26350.64,29.05,12.4642
26351.65,25.18,12.4642
26352.65,25.31,12.4642
26353.65,26.83,12.4642
26354.65,29.99,12.4643
26355.65,25.81,12.4643
26356.65,31.84,12.4643
26357.66,30.21,12.4643
26358.66,35.32,12.4643
26359.66,30.43,12.4643
26360.66,25.8,12.4643
26361.66,25.19,12.4643
26362.66,25.24,12.4643
26363.67,25.88,12.4643
26364.67,25.65,12.4643
26365.67,27.09,12.4643
26366.67,25.21,12.4643
26367.67,25.19,12.4644
26368.67,25.48,12.4644
26369.68,25.2,12.4644
26370.68,25.41,12.4644
26371.68,25.75,12.4644
26372.68,25.22,12.4645
26373.68,25.96,12.4645
26374.68,25.2,12.4645
26375.69,25.31,12.4645
26376.69,26.09,12.4645
26377.69,28.18,12.4645
26378.69,25.46,12.4645
26379.69,25.21,12.4645
26380.69,25.31,12.4645
26381.7,25.2,12.4645
26382.7,25.33,12.4644
26383.7,25.87,12.4644
26384.7,25.19,12.4644
26385.7,26.83,12.4644
26386.7,25.51,12.4644
26387.7,25.33,12.4644
26388.71,25.2,12.4644
26389.71,83.06,12.465
26390.71,100.1,12.5778
26391.71,26.53,12.5778
26392.71,25.22,12.5779
26393.71,25.37,12.5779
26394.71,25.2,12.5779
26395.72,25.67,12.5779
26396.72,25.29,12.5779
26397.72,25.27,12.5779
26398.72,25.4,12.5779
26399.72,33.8,12.5779
26400.72,64.69,12.5783
26401.73,39.59,12.5783
26402.73,39.8,12.5784
26403.73,40.96,12.5784
26404.73,33.35,12.5784
26405.73,25.18,12.5784
26406.73,41.23,12.5784
26407.73,99.85,12.5939
26408.74,70.81,12.5951
26409.74,25.29,12.5951
26410.74,25.23,12.5951
26411.74,25.18,12.5951
26412.74,25.27,12.5952
26413.74,25.17,12.5952
26414.74,25.3,12.5952
26415.75,32.95,12.5952
26416.75,99.96,12.5975
26417.75,77.97,12.5975
26418.75,25.18,12.5975
26419.75,25.18,12.5975
26420.75,25.29,12.5977
26421.76,25.17,12.5977
26422.76,25.91,12.5977
26423.76,25.18,12.5977
26424.76,25.19,12.5977
26425.76,91.92,12.5977
26426.76,86.25,12.5977
26427.76,29.57,12.5978
26428.77,25.21,12.5978
26429.77,25.12,12.5978
26430.77,94.62,13.2649
26431.77,86.76,13.3289
26432.77,25.19,13.3291
26433.77,25.3,13.3291
26434.77,25.18,13.3291
26435.78,39.36,13.4333
26436.78,25.28,13.4333
26437.78,25.18,13.4334
26438.78,29.47,13.4336
26439.78,25.18,13.4336
26440.78,25.18,13.4336
26441.78,29.11,13.4337
26442.79,25.21,13.4337
26443.79,25.19,13.4337
26444.79,25.29,13.4337
26445.79,28.94,13.4337
26446.79,25.29,13.4337
26447.79,25.2,13.4337
26448.8,28.73,13.4339
26449.8,25.27,13.4339
26450.8,25.18,13.4339
26451.8,25.28,13.4339
26452.8,29.04,13.4339
26453.8,25.18,13.4339
26454.81,25.28,13.4339
26455.81,25.18,13.4339
26456.81,28.8,13.4339
26457.81,25.2,13.434
26458.81,25.29,13.434
26459.81,25.54,13.434
26460.82,28.8,13.4341
26461.82,25.97,13.4341
26462.82,25.16,13.4341
26463.82,28.71,13.4341
26464.82,25.24,13.4341
26465.82,25.13,13.434
26466.83,28.85,13.4342
26467.83,25.14,13.4343
26468.83,25.24,13.4343
26469.83,25.14,13.4343
26470.83,28.82,13.4343
26471.83,25.24,13.4343
26472.84,25.21,13.4343
26473.84,28.97,13.4343
26474.84,25.2,13.4343
26475.84,25.2,13.4343
26476.84,28.93,13.4343
26477.84,25.2,13.4343
26478.85,25.3,13.4343
26479.85,25.21,13.4343
26480.85,28.82,13.4344
26481.85,25.14,13.4345
26482.85,25.16,13.4345
26483.85,25.25,13.4345
26484.86,28.72,13.4345
26485.86,25.28,13.4345
26486.86,25.17,13.4345
26487.86,25.18,13.4345
26488.86,25.29,13.4345
26489.86,28.82,13.4345
26490.87,25.23,13.4345
26491.87,25.17,13.4345
26492.87,25.23,13.4345
26493.87,28.89,13.4345
26494.87,25.19,13.4345
26495.87,25.29,13.4345
26496.87,25.19,13.4347
26497.88,25.18,13.4347
26498.88,29.81,13.4348
26499.88,25.17,13.4348
26500.88,25.27,13.4348
26501.88,25.19,13.4348
26502.88,25.19,13.4348
26503.89,30.27,13.4348
26504.89,25.17,13.4348
26505.89,25.18,13.4348
26506.89,25.28,13.4348
26507.89,25.17,13.4348
26508.89,25.19,13.4348
26509.89,30.2,13.4348
26510.9,25.17,13.4348
26511.9,25.3,13.4349
26512.9,25.18,13.4349
26513.9,25.18,13.4349
26514.9,25.3,13.4349
26515.9,29.4,13.435
26516.9,25.17,13.435
26517.91,25.26,13.435
26518.91,25.13,13.435
26519.91,25.24,13.435
26520.91,25.13,13.435
26521.91,25.17,13.435
26522.91,29.1,13.4353
26523.92,25.18,13.4353
26524.92,25.28,13.4353
26525.92,25.18,13.4353
26526.92,25.21,13.4353
26527.92,25.3,13.4353
26528.92,25.19,13.4353
26529.92,28.74,13.4354
26530.92,25.3,13.4354
26531.93,25.2,13.4354
26532.93,25.19,13.4355
26533.93,25.28,13.4355
26534.93,25.18,13.4355
26535.93,25.28,13.4355
26536.93,28.78,13.4356
26537.94,25.17,13.4356
26538.94,25.3,13.4356
26539.94,25.18,13.4356
26540.94,25.18,13.4356
26541.94,25.29,13.4356
26542.94,25.19,13.4356
26543.94,25.27,13.4356
26544.95,28.9,13.4355
26545.95,25.18,13.4355
26546.95,25.28,13.4357
26547.95,25.17,13.4357
26548.95,25.27,13.4357
26549.95,25.17,13.4357
26550.96,25.17,13.4357
26551.96,28.93,13.4356
26552.96,25.19,13.4358
26553.96,25.27,13.4358
26554.96,25.18,13.4358
26555.96,25.28,13.4358
26556.97,25.18,13.4358
26557.97,25.19,13.4358
26558.97,25.29,13.4358
26559.97,28.76,13.4359
26560.97,25.12,13.4359
26561.97,25.28,13.4359
26562.98,25.19,13.436
26563.98,25.27,13.436
26564.98,25.18,13.436
26565.98,25.17,13.436
26566.98,25.28,13.436
26567.98,30.37,13.4361
26568.98,25.28,13.4361
26569.99,25.18,13.4361
26570.99,25.18,13.4361
26571.99,25.29,13.4361
26572.99,25.22,13.4363
26573.99,25.17,13.4363
26574.99,30.97,13.4363
26576.0,25.18,13.4363
26577.0,25.28,13.4363
26578.0,25.17,13.4363
26579.0,25.29,13.4363
26580.0,25.18,13.4363
26581.0,25.19,13.4363
26582.0,25.3,13.4363
26583.01,29.72,13.4365
26584.01,25.18,13.4365
26585.01,25.29,13.4365
26586.01,25.18,13.4365
26587.01,25.19,13.4367
26588.01,25.28,13.4367
26589.02,25.18,13.4367
26590.02,25.29,13.4367
26591.02,28.87,13.4367
26592.02,25.17,13.4367
26593.02,25.29,13.4367
26594.02,25.17,13.4367
26595.02,25.27,13.4367
26596.03,25.18,13.4367
26597.03,25.19,13.4368
26598.03,25.28,13.4368
26599.03,28.88,13.4369
26600.03,25.28,13.4369
26601.03,25.17,13.4369
26602.04,25.18,13.4369
26603.04,25.29,13.4369
26604.04,25.17,13.4369
26605.04,25.28,13.4369
26606.04,25.23,13.437
26607.04,28.67,13.437
26608.05,25.25,13.437
26609.05,25.12,13.437
26610.05,25.22,13.437
26611.05,25.12,13.437
26612.05,25.23,13.437
26613.05,25.13,13.437
26614.06,25.12,13.437
26615.06,28.89,13.4371
26616.06,25.18,13.4371
26617.06,25.29,13.4373
26618.06,25.17,13.4373
26619.06,25.16,13.4373
26620.07,25.27,13.4373
26621.07,25.18,13.4373
26622.07,25.28,13.4373
26623.07,25.19,13.4373
26624.07,28.84,13.4374
26625.07,25.29,13.4375
26626.08,25.18,13.4375
26627.08,25.29,13.4375
26628.08,25.17,13.4375
26629.08,25.18,13.4375
26630.08,25.3,13.4375
26631.08,25.18,13.4375
26632.08,25.18,13.4375
26633.08,30.91,13.4377
26634.09,25.17,13.4377
26635.09,25.17,13.4377
26636.09,25.26,13.4377
26637.09,25.18,13.4377
26638.09,25.17,13.4377
26639.09,25.26,13.4377
26640.09,25.19,13.4379
26641.1,25.27,13.4379
26642.1,30.72,13.4379
26643.1,25.2,13.4379
26644.1,25.27,13.4379
26645.1,25.17,13.4379
26646.1,25.17,13.4379
26647.11,25.23,13.4379
26648.11,25.12,13.4379
26649.11,25.26,13.4379
26650.11,25.2,13.4379
26651.11,29.92,13.438
26652.11,25.26,13.4381
26653.11,25.18,13.4381
26654.12,25.25,13.4381
26655.12,25.17,13.4381
26656.12,25.17,13.4381
26657.12,25.27,13.4381
26658.12,25.13,13.4381
26659.13,25.27,13.4381
26660.13,28.93,13.4381
26661.13,25.19,13.4382
26662.13,25.28,13.4382
26663.13,25.19,13.4382
26664.13,25.27,13.4382
26665.13,25.18,13.4382
26666.14,25.16,13.4382
26667.14,25.28,13.4382
26668.14,28.74,13.4382
26669.14,25.17,13.4382
26670.14,25.26,13.4382
26671.14,25.18,13.4382
26672.14,25.17,13.4384
26673.15,25.99,13.4384
26674.15,25.17,13.4384
26675.15,25.27,13.4384
26676.15,25.18,13.4386
26677.15,28.85,13.4387
26678.15,25.29,13.4387
26679.15,25.18,13.4387
26680.16,25.17,13.4387
26681.16,25.27,13.4387
26682.16,25.18,13.4388
26683.16,25.39,13.4388
26684.16,25.18,13.4388
26685.16,25.15,13.4388
26686.17,25.28,13.4388
26687.17,28.83,13.4388
26688.17,25.27,13.4388
26689.17,25.18,13.4388
26690.17,25.18,13.4388
26691.17,25.27,13.4388
26692.18,25.19,13.4388
26693.18,25.26,13.439
26694.18,25.18,13.439
26695.18,25.18,13.439
26696.18,28.84,13.439
26697.18,25.17,13.439
26698.18,25.29,13.439
26699.19,25.17,13.439
26700.19,25.17,13.439
26701.19,25.3,13.439
26702.19,25.18,13.439
26703.19,25.19,13.4391
26704.19,25.3,13.4391
26705.19,31.16,13.4391
26706.2,25.12,13.4391
26707.2,25.3,13.4391
26708.2,25.18,13.4391
26709.2,25.18,13.4392
26710.2,25.3,13.4392
26711.2,25.18,13.4392
26712.2,25.18,13.4392
26713.2,25.28,13.4392
26714.21,25.19,13.4392
26715.21,30.74,13.4392
26716.21,25.29,13.4393
26717.21,25.18,13.4394
26718.21,25.17,13.4394
26719.21,25.29,13.4394
26720.21,25.15,13.4394
26721.22,25.12,13.4394
26722.22,25.22,13.4394
26723.22,25.14,13.4394
26724.22,29.05,13.4396
26725.22,25.17,13.4396
26726.22,25.17,13.4397
26727.23,25.26,13.4397
26728.23,25.17,13.4396
26729.23,25.27,13.4396
26730.23,25.17,13.4397
26731.23,25.17,13.4397
26732.23,25.28,13.4398
26733.24,30.17,13.4398
26734.24,25.28,13.4398
26735.24,25.17,13.4399
26736.24,25.17,13.4399
26737.24,25.28,13.4399
26738.24,25.17,13.4399
26739.24,25.3,13.4399
26740.25,25.17,13.4399
26741.25,25.17,13.4398
26742.25,25.26,13.4399
26743.25,29.1,13.4401
26744.25,25.32,13.4401
26745.25,25.17,13.4401
26746.26,25.17,13.4401
26747.26,25.29,13.4401
26748.26,25.17,13.4401
26749.26,25.17,13.4401
26750.26,25.27,13.4401
26751.26,25.17,13.4401
26752.27,25.27,13.4401
26753.27,28.68,13.4404
26754.27,25.17,13.4403
26755.27,25.26,13.4403
26756.27,25.17,13.4404
26757.27,25.2,13.4404
26758.27,25.27,13.4403
26759.27,25.17,13.4403
26760.28,25.17,13.4403
26761.28,25.28,13.4403
26762.28,25.18,13.4404
26763.28,28.9,13.4405
26764.28,25.18,13.4405
26765.28,25.16,13.4405
26766.29,25.26,13.4405
26767.29,25.18,13.4406
26768.29,25.26,13.4406
26769.29,25.18,13.4406
26770.29,25.16,13.4406
26771.29,25.27,13.4406
26772.3,30.8,13.4408
26773.3,25.81,13.4408
26774.3,25.17,13.4408
26775.3,25.17,13.4408
26776.3,25.27,13.4408
26777.3,25.14,13.4408
26778.31,25.25,13.4407
26779.31,25.16,13.4409
26780.31,25.26,13.4409
26781.31,30.72,13.441
26782.31,25.18,13.441
26783.31,25.29,13.441
26784.32,25.17,13.441
26785.32,25.27,13.441
26786.32,25.17,13.4411
26787.32,25.19,13.4411
26788.32,25.27,13.4409
26789.32,25.17,13.4409
26790.32,25.27,13.4409
26791.33,29.38,13.4413
26792.33,25.17,13.4413
26793.33,25.39,13.4411
26794.33,25.17,13.441
26795.33,25.28,13.4411
26796.33,25.17,13.4411
26797.34,25.19,13.4412
26798.34,25.26,13.4412
26799.34,25.17,13.4413
26800.34,28.92,13.4413
26801.34,25.17,13.4413
26802.34,25.18,13.4414
26803.35,25.29,13.4414
26804.35,25.18,13.4414
26805.35,25.27,13.4414
26806.35,25.18,13.4413
26807.35,25.18,13.4413
26808.35,25.26,13.4413
26809.36,28.78,13.4416
26810.36,25.27,13.4414
26811.36,25.17,13.4415
26812.36,25.29,13.4417
26813.36,25.4,13.4417
26814.36,25.17,13.4415
26815.37,25.27,13.4415
26816.37,25.17,13.4417
26817.37,25.26,13.4416
26818.37,25.16,13.4416
26819.37,28.73,13.4417
26820.37,25.21,13.4418
26821.38,25.1,13.4417
26822.38,25.62,13.4418
26823.38,38.16,13.4421
26824.38,25.16,13.442
26825.38,25.26,13.4421
26826.38,25.16,13.4421
26827.38,25.27,13.4421
26828.39,25.17,13.4421
26829.39,28.87,13.4422
26830.39,25.27,13.4422
26831.39,25.18,13.4422
26832.39,25.3,13.4422
26833.39,25.21,13.4422
26834.4,25.18,13.4422
26835.4,25.28,13.4422
26836.4,25.18,13.4422
26837.4,25.29,13.4423
26838.4,25.2,13.4422
26839.4,30.34,13.4424
26840.4,25.28,13.4424
26841.41,25.19,13.4424
26842.41,25.18,13.4424
26843.41,25.27,13.4424
26844.41,25.18,13.4424
26845.41,25.28,13.4424
26846.41,25.19,13.4423
26847.41,25.18,13.4425
26848.42,25.27,13.4425
26849.42,30.85,13.4425
26850.42,25.18,13.4425
26851.42,25.27,13.4427
26852.42,25.45,13.4425
26853.42,25.19,13.4425
26854.43,25.27,13.4425
26855.43,25.16,13.4426
26856.43,25.22,13.4427
26857.43,25.15,13.4426
26858.43,29.57,13.4427
26859.43,25.28,13.4427
26860.44,25.12,13.4427
26861.44,25.23,13.4427
26862.44,25.9,13.4428
26863.44,25.13,13.4428
26864.44,25.22,13.443
26865.44,25.12,13.443
26866.45,25.24,13.443
26867.45,25.17,13.443
26868.45,28.92,13.443
26869.45,25.12,13.443
26870.45,25.12,13.443
26871.45,25.24,13.443
26872.45,25.18,13.4429
26873.46,25.15,13.443
26874.46,25.26,13.443
26875.46,25.17,13.443
26876.46,25.28,13.443
26877.46,26.1,13.4431
26878.46,28.83,13.4432
26879.47,25.27,13.4433
26880.47,25.17,13.443
26881.47,25.27,13.443
26882.47,25.18,13.4432
26883.47,26.05,13.4431
26884.47,25.16,13.4432
26885.48,25.17,13.4432
26886.48,25.27,13.4431
26887.48,25.72,13.4431
26888.48,28.99,13.4434
26889.48,25.18,13.4434
26890.48,25.16,13.4433
26891.49,25.27,13.4433
26892.49,25.19,13.4432
26893.49,25.38,13.4434
26894.49,25.13,13.4433
26895.49,25.14,13.4433
26896.49,25.28,13.4433
26897.5,25.17,13.4434
26898.5,28.82,13.4438
26899.5,25.17,13.4437
26900.5,25.18,13.4437
26901.5,25.28,13.4437
26902.5,25.19,13.4437
26903.5,25.3,13.4438
26904.51,25.17,13.4438
26905.51,25.17,13.4438
26906.51,25.28,13.4438
26907.51,26.16,13.4439
26908.51,29.17,13.4439
26909.51,25.17,13.4439
26910.52,25.17,13.4439
26911.52,25.27,13.4439
26912.52,25.18,13.4438
26913.52,25.28,13.4438
26914.52,25.14,13.4439
26915.52,25.14,13.4439
26916.53,25.26,13.4439
26917.53,25.18,13.444
26918.53,31.32,13.4441
26919.53,25.16,13.4441
26920.53,25.17,13.4441
26921.53,25.3,13.4441
26922.53,25.18,13.4441
26923.54,25.19,13.4442
26924.54,25.29,13.4443
26925.54,25.16,13.4442
26926.54,25.17,13.4442
26927.54,29.89,13.4445
26928.54,25.17,13.4444
26929.54,25.17,13.4444
26930.55,25.23,13.4444
26931.55,25.15,13.4444
26932.55,25.24,13.4445
26933.55,25.18,13.4445
26934.55,25.17,13.4445
26935.55,25.25,13.4445
26936.56,25.18,13.4445
26937.56,28.88,13.4446
26938.56,25.16,13.4446
26939.56,25.17,13.4446
26940.56,25.28,13.4446
26941.56,25.18,13.4446
26942.56,25.27,13.4446
26943.57,25.12,13.4446
26944.57,25.11,13.4446
26945.57,25.22,13.4446
26946.57,25.16,13.4447
26947.57,29.0,13.4448
26948.57,25.17,13.4449
26949.58,25.27,13.4448
26950.58,25.16,13.4448
26951.58,25.18,13.4448
26952.58,25.3,13.4449
26953.58,25.17,13.4449
26954.58,25.27,13.4449
26955.59,25.17,13.4449
26956.59,25.16,13.4449
26957.59,28.77,13.445
26958.59,25.15,13.445
26959.59,25.13,13.445
26960.59,25.22,13.445
26961.59,25.13,13.445
26962.6,25.25,13.4451
26963.6,25.13,13.4451
26964.6,25.12,13.4451
26965.6,25.22,13.4451
26966.6,25.17,13.4451
26967.6,25.29,13.4451
26968.61,28.79,13.4451
26969.61,25.17,13.4451
26970.61,25.3,13.4451
26971.61,25.18,13.4451
26972.61,25.2,13.4452
26973.61,25.28,13.4451
26974.61,25.16,13.4451
26975.62,25.18,13.4451
26976.62,25.27,13.4451
26977.62,25.18,13.4454
26978.62,30.47,13.4454
26979.62,25.18,13.4454
26980.62,25.18,13.4454
26981.63,25.28,13.4454
26982.63,25.21,13.4455
26983.63,25.26,13.4455
26984.63,25.18,13.4455
26985.63,25.28,13.4456
26986.63,25.19,13.4456
26987.64,31.08,13.4456
26988.64,25.2,13.4456
26989.64,25.28,13.4456
26990.64,25.18,13.4456
26991.64,25.29,13.4456
26992.64,25.19,13.4458
26993.64,25.16,13.4458
26994.65,25.27,13.4458
26995.65,25.17,13.4458
26996.65,25.27,13.4458
26997.65,29.27,13.4458
26998.65,25.27,13.4458
26999.65,25.18,13.4458
27000.66,25.17,13.4458
27001.66,25.27,13.4458
27002.66,25.18,13.4459
27003.66,25.28,13.4459
27004.66,25.17,13.4459
27005.66,25.17,13.4459
27006.67,28.88,13.446
27007.67,25.17,13.446
27008.67,25.27,13.446
27009.67,25.18,13.446
27010.67,25.18,13.446
27011.67,25.28,13.446
27012.68,25.2,13.4461
27013.68,25.28,13.4461
27014.68,25.17,13.4461
27015.68,25.17,13.4462
27016.68,29.03,13.4463
27017.68,25.18,13.4463
27018.68,25.27,13.4463
27019.69,25.17,13.4463
27020.69,25.17,13.4463
27021.69,25.28,13.4463
27022.69,25.2,13.4464
27023.69,25.27,13.4464
27024.69,25.18,13.4464
27025.7,25.17,13.4464
27026.7,28.98,13.4465
27027.7,25.14,13.4466
27028.7,25.21,13.4466
27029.7,25.11,13.4466
27030.7,25.26,13.4465
27031.71,25.17,13.4465
27032.71,25.14,13.4465
27033.71,25.21,13.4465
27034.71,25.11,13.4465
27035.71,25.25,13.4465
27036.71,28.79,13.4465
27037.72,25.18,13.4465
27038.72,25.28,13.4465
27039.72,25.19,13.4465
27040.72,25.28,13.4466
27041.72,25.18,13.4466
27042.72,25.18,13.4467
27043.72,25.24,13.4467
27044.73,25.12,13.4467
27045.73,25.13,13.4468
27046.73,30.1,13.4468
27047.73,25.18,13.4467
27048.73,25.17,13.4467
27049.73,25.27,13.4467
27050.74,25.17,13.4467
27051.74,25.27,13.4467
27052.74,25.2,13.4467
27053.74,25.17,13.4467
27054.74,25.27,13.4467
27055.74,31.13,13.4469
27056.74,25.27,13.4469
27057.75,25.18,13.4469
27058.75,25.17,13.4469
27059.75,25.27,13.4471
27060.75,25.17,13.4471
27061.75,25.27,13.4471
27062.75,25.19,13.4471
27063.76,25.17,13.4471
27064.76,29.71,13.4472
27065.76,25.18,13.4472
27066.76,25.28,13.4472
27067.76,25.18,13.4472
27068.76,25.29,13.4472
27069.77,25.17,13.4472
27070.77,25.18,13.4472
27071.77,25.28,13.4472
27072.77,25.2,13.4473
27073.77,25.28,13.4473
27074.77,28.76,13.4474
27075.78,25.18,13.4474
27076.78,25.28,13.4474
27077.78,25.19,13.4474
27078.78,25.28,13.4474
27079.78,25.18,13.4474
27080.78,25.18,13.4474
27081.79,25.28,13.4475
27082.79,25.2,13.4475
27083.79,25.28,13.4475
27084.79,25.18,13.4475
27085.79,28.8,13.4476
27086.79,25.27,13.4476
27087.8,25.18,13.4476
27088.8,25.27,13.4477
27089.8,25.17,13.4477
27090.8,25.27,13.4477
27091.8,25.18,13.4476
27092.8,25.2,13.4476
27093.81,25.27,13.4476
27094.81,25.18,13.4478
27095.81,28.91,13.4478
27096.81,25.18,13.4478
27097.81,25.18,13.4479
27098.81,25.28,13.4479
27099.82,25.18,13.4478
27100.82,25.28,13.4478
27101.82,25.18,13.4478
27102.82,25.2,13.448
27103.82,25.28,13.448
27104.82,25.17,13.448
27105.82,29.04,13.448
27106.83,25.17,13.448
27107.83,25.17,13.4481
27108.83,25.28,13.4481
27109.83,25.17,13.448
27110.83,25.27,13.448
27111.83,25.14,13.4482
27112.84,25.17,13.448
27113.84,25.27,13.448
27114.84,26.77,13.448
27115.84,28.55,13.4482
27116.84,25.23,13.4482
27117.84,25.12,13.4482
27118.84,25.22,13.4482
27119.85,25.12,13.4482
27120.85,25.16,13.4482
27121.85,25.28,13.4483
27122.85,25.19,13.4483
27123.85,25.27,13.4483
27124.85,25.17,13.4483
27125.86,31.48,13.4484
27126.86,25.28,13.4484
27127.86,25.18,13.4484
27128.86,25.29,13.4484
27129.86,25.17,13.4484
27130.86,25.27,13.4484
27131.87,25.18,13.4484
27132.87,25.19,13.4485
27133.87,25.28,13.4485
27134.87,29.39,13.449
27135.87,25.28,13.449
27136.87,25.18,13.4492
27137.88,25.18,13.4492
27138.88,25.28,13.4492
27139.88,25.17,13.4492
27140.88,25.28,13.4492
27141.88,25.19,13.4492
27142.88,25.19,13.4492
27143.89,25.27,13.4492
27144.89,28.87,13.4492
27145.89,25.27,13.4492
27146.89,25.17,13.4492
27147.89,25.17,13.4492
27148.89,25.3,13.4492
27149.89,25.17,13.4492
27150.9,25.17,13.4492
27151.9,25.28,13.4492
27152.9,25.18,13.4493
27153.9,28.91,13.4494
27154.9,25.12,13.4494
27155.9,25.14,13.4494
27156.91,25.23,13.4496
27157.91,25.18,13.4496
27158.91,25.28,13.4496
27159.91,25.18,13.4496
27160.91,25.18,13.4496
27161.91,25.29,13.4496
27162.92,25.18,13.4496
27163.92,25.28,13.4496
27164.92,28.87,13.4496
27165.92,25.18,13.4496
27166.92,25.29,13.4496
27167.92,25.18,13.4496
27168.92,25.28,13.4497
27169.93,25.18,13.4497
27170.93,25.18,13.4497
27171.93,25.29,13.4497
27172.93,25.18,13.4497
27173.93,25.26,13.4497
27174.93,28.83,13.4497
27175.94,25.18,13.4497
27176.94,25.29,13.4498
27177.94,25.17,13.4498
27178.94,25.27,13.4497
27179.94,25.17,13.4497
27180.94,25.2,13.4497
27181.94,25.31,13.4497
27182.95,25.18,13.4499
27183.95,30.08,13.45
27184.95,25.28,13.45
27185.95,25.13,13.45
27186.95,25.29,13.45
27187.95,25.18,13.45
27188.96,25.18,13.4499
27189.96,25.3,13.4499
27190.96,25.18,13.4499
27191.96,25.19,13.4499
27192.96,25.29,13.4501
27193.96,31.11,13.4502
27194.96,25.26,13.4502
27195.97,25.18,13.4503
27196.97,25.18,13.4503
27197.97,25.27,13.4503
27198.97,25.18,13.4503
27199.97,25.28,13.4504
27200.97,25.18,13.4504
27201.98,25.18,13.4504
27202.98,29.73,13.4503
27203.98,25.18,13.4504
27204.98,25.28,13.4503
27205.98,25.18,13.4504
27206.98,25.18,13.4504
27207.98,25.29,13.4504
27208.99,25.16,13.4503
27209.99,25.16,13.4503
27210.99,25.28,13.4504
27211.99,25.18,13.4504
27212.99,28.81,13.4509
27213.99,25.29,13.4509
27214.99,25.18,13.4507
27216.0,25.17,13.4507
27217.0,25.28,13.4509
27218.0,25.17,13.4509
27219.0,25.28,13.4509
27220.0,25.17,13.4509
27221.0,25.18,13.4509
27222.01,25.28,13.4509
27223.01,28.89,13.4509
27224.01,25.26,13.4509
27225.01,25.13,13.4509
27226.01,25.17,13.4509
27227.01,25.3,13.4509
27228.01,25.15,13.451
27229.02,25.17,13.451
27230.02,25.28,13.451
27231.02,25.12,13.4511
27232.02,25.12,13.4511
27233.02,28.85,13.4511
27234.02,25.17,13.4511
27235.02,25.27,13.4511
27236.03,25.13,13.4511
27237.03,25.12,13.4511
27238.03,25.27,13.4511
27239.03,25.17,13.4511
27240.03,25.17,13.451
27241.03,25.29,13.451
27242.03,25.19,13.451
27243.04,28.87,13.4513
27244.04,25.27,13.4513
27245.04,25.17,13.4513
27246.04,25.18,13.4513
27247.04,25.28,13.4514
27248.04,25.18,13.4514
27249.04,25.28,13.4514
27250.05,25.19,13.4514
27251.05,25.18,13.4514
27252.05,25.28,13.4514
27253.05,30.07,13.4516
27254.05,25.17,13.4516
27255.05,25.27,13.4516
27256.06,25.18,13.4516
27257.06,25.29,13.4516
27258.06,25.17,13.4516
27259.06,25.28,13.4516
27260.06,25.17,13.4516
27261.06,25.17,13.4516
27262.07,25.28,13.4517
27263.07,31.04,13.4517
27264.07,25.18,13.4518
27265.07,25.24,13.4518
27266.07,25.17,13.4518
27267.07,25.28,13.4518
27268.07,25.17,13.4518
27269.08,25.27,13.4518
27270.08,25.16,13.4518
27271.08,25.17,13.4518
27272.08,25.28,13.4518
27273.08,29.66,13.4519
27274.08,25.28,13.4519
27275.09,25.17,13.4519
27276.09,25.17,13.4519
27277.09,25.29,13.4519
27278.09,25.18,13.4519
27279.09,25.28,13.4519
27280.09,25.17,13.4519
27281.1,25.16,13.4519
27282.1,28.84,13.4521
27283.1,25.18,13.4521
27284.1,25.29,13.4521
27285.1,25.17,13.4521
27286.1,25.17,13.4521
27287.11,25.28,13.4521
27288.11,25.16,13.4521
27289.11,25.19,13.4522
27290.11,25.29,13.4522
27291.11,25.17,13.4522
27292.11,28.85,13.4523
27293.11,25.28,13.4523
27294.11,25.17,13.4523
27295.12,25.18,13.4523
27296.12,25.3,13.4523
27297.12,25.17,13.4523
27298.12,25.18,13.4523
27299.12,25.29,13.4523
27300.12,25.17,13.4523
27301.12,25.17,13.4523
27302.12,25.31,13.4524
27303.13,28.9,13.4526
27304.13,25.17,13.4526
27305.13,25.3,13.4526
27306.13,25.16,13.4525
27307.13,25.18,13.4525
27308.13,25.27,13.4526
27309.14,25.18,13.4526
27310.14,25.27,13.4526
27311.14,25.17,13.4526
27312.14,25.19,13.4527
27313.14,28.87,13.4527
27314.14,25.17,13.4527
27315.14,25.27,13.4527
27316.15,25.14,13.4527
27317.15,25.13,13.4527
27318.15,25.22,13.4527
27319.15,25.12,13.4527
27320.15,25.22,13.4527
27321.15,25.12,13.4527
27322.16,25.23,13.4527
27323.16,30.37,13.4529
27324.16,25.19,13.4529
27325.16,25.27,13.4529
27326.16,25.17,13.4529
27327.16,25.18,13.453
27328.17,25.27,13.453
27329.17,25.17,13.453
27330.17,25.28,13.453
27331.17,25.17,13.453
27332.17,31.09,13.4531
27333.17,25.28,13.4531
27334.18,25.15,13.4531
27335.18,25.27,13.4531
27336.18,25.17,13.4531
27337.18,25.17,13.4531
27338.18,25.29,13.4532
27339.18,25.16,13.4532
27340.18,25.25,13.4533
27341.19,25.16,13.4533
27342.19,29.32,13.4534
27343.19,25.28,13.4534
27344.19,25.18,13.4533
27345.19,25.27,13.4533
27346.19,25.17,13.4533
27347.2,25.19,13.4534
27348.2,25.27,13.4533
27349.2,25.17,13.4533
27350.2,25.27,13.4533
27351.2,25.18,13.4533
27352.2,28.98,13.4533
27353.21,25.19,13.4535
27354.21,25.17,13.4535
27355.21,25.26,13.4535
27356.21,25.18,13.4535
27357.21,25.29,13.4536
27358.21,25.17,13.4536
27359.22,25.17,13.4535
27360.22,25.3,13.4535
27361.22,28.72,13.4536
27362.22,25.19,13.4536
27363.22,25.29,13.4537
27364.22,25.16,13.4537
27365.22,25.17,13.4537
27366.23,25.27,13.4537
27367.23,25.18,13.4537
27368.23,25.28,13.4537
27369.23,25.18,13.4536
27370.23,25.17,13.4536
27371.23,25.28,13.4536
27372.24,28.81,13.454
27373.24,25.41,13.454
27374.24,25.18,13.454
27375.24,25.18,13.454
27376.24,25.3,13.454
27377.24,25.19,13.454
27378.24,25.18,13.4541
27379.25,25.27,13.4541
27380.25,25.17,13.454
27381.25,25.28,13.454
27382.25,25.17,13.454
27383.25,28.82,13.4541
27384.25,25.23,13.4541
27385.26,25.12,13.4541
27386.26,25.27,13.4541
27387.26,25.18,13.4541
27388.26,25.16,13.4541
27389.26,25.27,13.4541
27390.26,25.17,13.4541
27391.26,25.29,13.4543
27392.27,29.67,13.4542
27393.27,25.86,13.4543
27394.27,25.27,13.4542
27395.27,25.17,13.4542
27396.27,25.28,13.4542
27397.27,25.19,13.4543
27398.28,25.17,13.4543
27399.28,25.28,13.4544
27400.28,25.17,13.4545
27401.28,25.19,13.4545
27402.28,31.25,13.4547
27403.28,25.19,13.4547
27404.28,25.27,13.4547
27405.29,25.17,13.4547
27406.29,25.19,13.4548
27407.29,25.29,13.4548
27408.29,25.14,13.4548
27409.29,25.17,13.4548
27410.29,25.27,13.4548
27411.3,25.17,13.4548
27412.3,29.48,13.4548
27413.3,25.19,13.4548
27414.3,25.18,13.4549
27415.3,25.27,13.4549
27416.3,25.18,13.4549
27417.3,25.25,13.4549
27418.31,25.17,13.4549
27419.31,25.17,13.4549
27420.31,25.23,13.4549
27421.31,28.82,13.4549
27422.31,25.27,13.455
27423.31,25.17,13.455
27424.32,25.17,13.455
27425.32,25.26,13.455
27426.32,25.16,13.455
27427.32,25.23,13.455
27428.32,25.14,13.455
27429.32,25.28,13.455
27430.33,25.16,13.455
27431.33,28.71,13.4551
27432.33,25.28,13.4551
27433.33,25.19,13.4551
27434.33,25.27,13.4551
27435.33,25.18,13.4551
27436.34,25.18,13.4552
27437.34,25.29,13.4554
27438.34,25.18,13.4554
27439.34,25.27,13.4554
27440.34,25.12,13.4553
27441.34,28.8,13.4553
27442.35,25.28,13.4553
27443.35,25.2,13.4554
27444.35,25.27,13.4554
27445.35,25.18,13.4553
27446.35,25.18,13.4554
27447.35,25.28,13.4553
27448.35,25.17,13.4553
27449.36,25.28,13.4553
27450.36,25.17,13.4553
27451.36,28.84,13.4556
27452.36,25.29,13.4556
27453.36,25.18,13.4556
27454.36,25.17,13.4556
27455.36,25.29,13.4556
27456.37,25.17,13.4556
27457.37,25.18,13.4557
27458.37,25.27,13.4557
27459.37,25.18,13.4557
27460.37,30.51,13.4557
27461.37,25.17,13.4555
27462.38,25.18,13.4556
27463.38,25.35,13.4556
27464.38,25.18,13.4556
27465.38,25.17,13.4557
27466.38,25.28,13.4556
27467.38,25.17,13.4557
27468.38,25.17,13.4559
27469.38,25.29,13.4558
27470.39,31.1,13.4559
27471.39,25.17,13.456
27472.39,25.28,13.456
27473.39,25.19,13.456
27474.39,25.28,13.456
27475.39,25.17,13.456
27476.4,25.17,13.456
27477.4,25.26,13.4561
27478.4,25.17,13.4561
27479.4,29.43,13.4567
27480.4,25.27,13.4567
27481.4,25.17,13.4566
27482.4,25.28,13.4567
27483.41,25.18,13.4567
27484.41,25.16,13.4567
27485.41,25.26,13.4567
27486.41,25.19,13.4567
27487.41,25.18,13.4569
27488.41,25.27,13.4569
27489.42,28.83,13.457
27490.42,25.25,13.457
27491.42,25.17,13.457
27492.42,25.18,13.457
27493.42,25.26,13.457
27494.42,25.17,13.457
27495.43,25.27,13.457
27496.43,25.17,13.457
27497.43,25.28,13.457
27498.43,25.18,13.457
27499.43,28.8,13.4571
27500.43,25.3,13.4571
27501.43,25.18,13.4571
27502.44,25.18,13.4572
27503.44,25.31,13.4572
27504.44,25.17,13.4572
27505.44,25.17,13.4572
27506.44,25.27,13.4572
27507.44,25.18,13.4572
27508.44,25.27,13.4572
27509.45,28.8,13.4573
27510.45,67.45,2.6306
27511.45,81.3,2.9774
27512.45,75.98,3.2686
27513.45,80.92,3.3805
27514.45,84.23,3.5906
27515.46,77.62,3.9142
27516.46,77.42,4.2254
27517.46,77.47,4.6077
27518.46,77.14,4.9334
27519.46,77.88,5.2274
27520.46,76.0,5.5236
27521.47,75.86,5.766
27522.47,60.81,5.994
27523.47,47.57,6.2244
27524.47,44.53,6.4645
27525.47,60.81,6.6583
27526.47,48.82,6.9297
27527.48,52.64,7.1353
27528.48,41.24,7.3147
27529.48,57.52,7.6806
27530.48,48.51,7.784
27531.48,53.77,7.8842
27532.48,26.48,7.8842
27533.48,25.2,7.8842
27534.49,25.28,7.8842
27535.49,25.19,7.8852
27536.49,42.01,7.8852
27537.49,38.35,7.8852
27538.49,27.3,7.8852
27539.49,41.49,7.8852
27540.49,42.58,8.1566
27541.5,30.88,8.2047
27542.5,30.01,8.2047
27543.5,25.25,8.2048
27544.5,26.09,8.2048
27545.5,26.0,8.2048
27546.5,26.93,8.2048
27547.5,30.48,8.2048
27548.51,26.11,8.2048
27549.51,25.19,8.2048
27550.51,37.37,8.205
27551.51,52.04,8.205
27552.51,39.78,8.2076
27553.51,25.57,8.2076
27554.52,25.89,8.2076
27555.52,27.03,8.2076
27556.52,25.36,8.2076
27557.52,25.28,8.2077
27558.52,30.42,8.2077
27559.52,27.01,8.2077
27560.52,25.18,8.2077
27561.52,26.28,8.2077
27562.53,25.28,8.2077
27563.53,25.3,8.2076
27564.53,26.03,8.2076
27565.53,25.21,8.2076
27566.53,25.2,8.2076
27567.53,25.34,8.2077
27568.54,25.27,8.2076
27569.54,25.35,8.2076
27570.54,25.21,8.2075
27571.54,26.04,8.2076
27572.54,25.31,8.2076
27573.54,25.22,8.2076
27574.54,25.3,8.2076
27575.54,25.41,8.2078
27576.55,25.74,8.2078
27577.55,25.91,8.2076
27578.55,26.9,8.2077
27579.55,26.08,8.2077
27580.55,29.93,8.2077
27581.55,27.09,8.2077
27582.55,25.37,8.2078
27583.56,25.78,8.2078
27584.56,47.94,8.3079
27585.56,25.36,8.3079
27586.56,49.33,8.308
27587.56,50.01,2.6055
27588.56,78.36,2.7767
27589.56,86.34,2.9902
27590.57,79.91,3.3416
27591.57,81.26,3.5849
27592.57,65.69,2.7017
27593.57,78.75,3.0348
27594.57,65.99,3.2659
27595.57,90.24,3.4329
27596.58,79.53,3.6899
27597.58,77.65,4.0951
27598.58,76.18,4.4994
27599.58,76.74,4.8382
27600.58,76.81,5.1129
27601.58,76.42,5.4524
27602.58,75.44,5.7455
27603.58,76.17,6.0296
27604.59,72.57,6.2631
27605.59,51.03,6.5153
27606.59,42.31,6.7364
27607.59,31.56,6.9242
27608.59,32.89,7.1224
27609.59,51.07,7.3829
27610.59,45.81,7.7289
27611.6,34.1,7.781
27612.6,26.45,7.7811
27613.6,25.17,7.7811
27614.6,25.24,7.7811
27615.6,25.14,7.7811
27616.6,25.24,7.8812
27617.61,25.53,7.8812
27618.61,39.75,7.8812
27619.61,30.5,7.8813
27620.61,36.08,7.9386
27621.61,43.17,8.193
27622.61,32.26,8.193
27623.62,31.01,8.1952
27624.62,25.43,8.1952
27625.62,31.19,8.1953
27626.62,25.28,8.1952
27627.62,25.4,8.1953
27628.62,26.07,8.1953
27629.62,25.72,8.1954
27630.63,25.45,8.1954
27631.63,25.19,8.1953
27632.63,32.58,8.1954
27633.63,25.49,8.1954
27634.63,28.47,8.1953
27635.63,25.21,8.1954
27636.64,26.92,8.1954
27637.64,25.45,8.1954
27638.64,25.56,8.1954
27639.64,25.34,8.1954
27640.64,25.3,8.1954
27641.64,25.32,8.1954
27642.65,25.29,8.1954
27643.65,25.22,8.1954
27644.65,26.16,8.1954
27645.65,25.21,8.1954
27646.65,28.96,8.1954
27647.65,26.17,8.1955
27648.66,25.52,8.1955
27649.66,25.31,8.1955
27650.66,26.28,8.1955
27651.66,38.18,8.1957
27652.66,47.89,2.5454
27653.66,81.45,2.8913
27654.66,79.79,3.2692
27655.67,88.23,3.4428
27656.67,79.61,3.7031
27657.67,78.32,4.1282
27658.67,76.04,4.5228
27659.67,75.97,4.8492
27660.67,76.05,5.1154
27661.68,77.14,5.4462
27662.68,76.2,5.7235
27663.68,75.51,5.9844
27664.68,76.08,6.209
27665.68,71.11,6.4437
27666.68,58.44,6.6684
27667.68,38.36,6.8521
27668.68,41.63,7.048
27669.69,49.5,7.2583
27670.69,52.19,7.6785
27671.69,43.05,7.781
27672.69,28.73,7.8813
27673.69,25.21,7.8813
27674.69,25.31,7.8813
27675.7,25.21,7.8813
27676.7,26.11,7.8814
27677.7,27.45,7.8814
27678.7,29.01,7.8814
27679.7,27.36,7.8814
27680.7,42.83,8.1922
27681.71,40.5,8.1922
27682.71,36.96,8.194
27683.71,28.25,8.194
27684.71,33.45,8.194
27685.71,25.58,8.194
27686.71,28.15,8.194
27687.72,25.8,8.194
27688.72,25.51,8.194
27689.72,25.44,8.1941
27690.72,25.4,8.1941
27691.72,32.96,8.1941
27692.72,26.21,8.1941
27693.72,28.46,8.1941
27694.73,25.48,8.1941
27695.73,26.83,8.1941
27696.73,25.41,8.1941
27697.73,25.27,8.1941
27698.73,25.37,8.1941
27699.73,25.29,8.1941
27700.74,25.2,8.1941
27701.74,26.11,8.1943
27702.74,28.38,8.1943
27703.74,26.37,8.1941
27704.74,25.3,8.1941
27705.74,26.36,8.1941
27706.75,27.53,8.1941
27707.75,62.31,4.8653
27708.75,58.81,2.6671
27709.75,79.47,3.0427
27710.75,83.02,3.2469
27711.75,85.05,3.5615
27712.76,85.71,3.8081
27713.76,83.29,4.0682
27714.76,80.33,4.2835
27715.76,60.92,2.5836
27716.76,90.21,2.8471
27717.76,91.05,3.1874
27718.76,80.25,3.5677
27719.76,81.19,3.2636
27720.77,74.44,2.8421
27721.77,91.48,3.0705
27722.77,81.34,3.43
27723.77,77.88,3.7618
27724.77,77.11,4.0536
27725.77,79.6,4.428
27726.77,55.71,2.6092
27727.78,74.27,2.5616
27728.78,73.85,2.5636
27729.78,81.29,2.829
27730.78,89.27,3.1009
27731.78,84.2,3.4659
27732.78,67.65,2.7186
27733.78,75.58,2.8853
27734.78,87.18,3.0936
27735.79,57.13,2.5769
27736.79,85.93,2.8587
27737.79,91.74,3.0835
27738.79,61.11,2.5784
27739.79,83.26,2.8184
27740.79,81.63,2.9367
27741.79,66.37,3.1953
27742.79,45.56,2.5977
27743.8,82.44,2.7871
27744.8,88.59,2.9489
27745.8,78.91,3.1728
27746.8,59.7,2.6184
27747.8,86.28,2.8374
27748.8,93.28,2.9897
27749.8,68.6,2.7006
27750.81,80.44,2.8214
27751.81,50.59,0.4218
