Time_Sec,CPU_Percent_Total,Memory_GB
1.0,210.36,0.1859
2.0,242.49,0.3783
3.0,231.51,0.5267
4.01,290.76,0.7313
5.01,271.26,0.8029
6.01,268.59,0.9126
7.01,314.54,0.9491
8.01,331.64,0.9661
9.01,342.44,1.0046
10.01,321.57,1.1543
11.02,287.41,1.2095
12.02,244.71,1.3256
13.02,320.69,1.4372
14.02,314.08,1.6092
15.02,324.5,1.7615
16.02,362.63,1.9822
17.02,341.81,2.1648
18.03,257.33,1.5726
19.03,333.85,1.7829
20.03,312.39,2.0986
21.03,351.04,2.2271
22.03,340.28,2.4999
23.03,323.35,2.8029
24.03,313.06,3.0631
25.04,309.72,3.2829
26.04,306.29,3.4626
27.04,304.88,3.6697
28.04,310.34,3.908
29.04,303.04,4.0466
30.04,305.87,4.2141
31.04,304.23,4.3599
32.05,305.62,4.4805
33.05,303.05,4.6033
34.05,245.23,4.825
35.05,160.2,4.9492
36.05,158.14,5.0487
37.05,106.26,5.125
38.05,136.09,5.2276
39.06,124.71,5.3799
40.06,104.11,5.4645
41.06,114.28,5.5369
42.06,177.59,5.6403
43.06,177.8,5.7931
44.06,109.72,5.9126
45.07,161.67,6.0371
46.07,103.47,6.0878
47.07,106.81,6.1624
48.07,105.2,6.2524
49.07,102.06,6.3107
50.07,128.72,6.38
51.08,168.31,6.4488
52.08,230.35,6.7098
53.08,133.64,6.7619
54.08,111.29,6.7619
55.08,177.62,6.7619
56.08,114.13,6.7619
57.08,106.15,6.7618
58.09,101.44,6.7618
59.09,101.06,6.7618
60.09,108.6,6.7618
61.09,115.03,6.8023
62.09,101.8,6.8618
63.09,105.65,6.862
64.1,165.0,6.862
65.1,101.44,6.8621
66.1,116.92,6.862
67.1,104.52,6.862
68.1,124.4,6.862
69.1,108.77,6.8619
70.1,114.2,6.8617
71.11,101.39,6.8618
72.11,106.72,6.8618
73.11,122.28,6.8618
74.11,102.23,6.8618
75.11,103.43,6.8618
76.11,100.79,6.8618
77.12,156.16,6.8617
78.12,102.54,6.8617
79.12,156.47,6.8619
80.12,117.32,6.8618
81.12,101.79,6.8619
82.12,101.65,6.8619
83.12,101.47,6.8619
84.13,107.35,6.8619
85.13,109.05,6.862
86.13,143.75,6.862
87.13,136.5,6.8619
88.13,282.2,6.8621
89.13,207.64,6.862
90.14,177.85,6.8622
91.14,143.59,6.8623
92.14,167.52,7.1768
93.14,103.54,7.1768
94.14,105.14,7.1768
95.14,101.89,7.1768
96.14,101.74,7.1767
97.15,103.18,7.1767
98.15,100.69,7.1767
99.15,119.96,7.1767
100.15,104.56,7.1767
101.15,151.8,7.1907
102.15,119.3,7.1907
103.15,103.38,7.1908
104.16,100.67,7.1908
105.16,101.27,7.1908
106.16,100.89,7.1908
107.16,103.29,7.1907
108.16,100.66,7.1907
109.16,159.71,7.1916
110.16,100.93,7.1915
111.17,101.03,7.1914
112.17,100.61,7.1914
113.17,101.24,7.1914
114.17,100.66,7.1914
115.17,100.55,7.1914
116.17,101.11,7.1914
117.17,144.43,7.1936
118.17,107.7,7.1936
119.18,101.37,7.1936
120.18,100.89,7.1936
121.18,100.92,7.1935
122.18,100.97,7.1936
123.18,101.09,7.1936
124.18,101.02,7.1936
125.18,152.97,7.4239
126.19,113.33,7.4566
127.19,100.84,7.4565
128.19,101.28,7.4565
129.19,100.91,7.4565
130.19,100.88,7.4565
131.19,101.43,7.4565
132.19,100.92,7.4565
133.19,102.44,7.4566
134.2,101.28,7.5158
135.2,100.85,7.9979
136.2,212.56,8.3216
137.2,101.28,8.3215
138.2,100.78,8.3215
139.2,101.12,8.3215
140.2,100.97,8.3214
141.21,101.38,8.3214
142.21,101.42,8.3214
143.21,101.03,8.3215
144.21,100.97,8.3217
145.21,101.28,8.3215
146.21,101.41,8.3217
147.22,100.89,8.3217
148.22,101.27,8.3216
149.22,102.24,8.3217
150.22,101.34,8.3216
151.22,100.85,8.3216
152.22,104.07,8.3216
153.22,101.41,8.3216
154.23,101.09,8.3216
155.23,100.95,8.3216
156.23,101.47,8.3217
157.23,100.91,8.3217
158.23,100.74,8.3217
159.23,101.33,8.3218
160.23,100.85,8.3218
161.24,101.3,8.3217
162.24,100.84,8.3217
163.24,100.93,8.3217
164.24,118.26,8.322
165.24,100.9,8.322
166.24,100.78,8.3218
167.24,101.23,8.3218
168.25,100.87,8.3218
169.25,101.06,8.3218
170.25,101.62,8.3218
171.25,101.05,8.3218
172.25,100.78,8.3219
173.25,109.59,8.3219
174.25,127.56,8.3219
175.26,107.4,8.3218
176.26,100.71,8.3218
177.26,100.7,8.3218
178.26,101.31,8.3218
179.26,101.51,8.3219
180.26,100.71,8.3218
181.26,101.15,8.3218
182.27,100.72,8.3218
183.27,101.72,8.3219
184.27,101.25,8.3218
185.27,101.01,8.3218
186.27,101.17,8.3218
187.27,100.52,8.3218
188.27,100.69,8.3218
189.28,101.04,8.3218
190.28,100.75,8.3219
191.28,100.92,8.3219
192.28,100.93,8.3219
193.28,100.75,8.3217
194.28,113.19,8.3218
195.28,101.11,8.3218
196.29,100.72,8.3217
197.29,101.14,8.3217
198.29,100.71,8.3217
199.29,100.9,8.3219
200.29,100.96,8.3218
201.29,100.61,8.3218
202.3,101.04,8.3218
203.3,101.53,8.3218
204.3,100.85,8.3218
205.3,100.74,8.3218
206.3,101.21,8.3217
207.3,100.72,8.3217
208.3,101.69,8.3227
209.3,101.66,8.3227
210.31,100.76,8.3227
211.31,100.75,8.3226
212.31,100.67,8.3226
213.31,115.18,8.3225
214.31,100.93,8.3227
215.32,101.1,8.3227
216.32,100.72,8.3227
217.32,100.71,8.3227
218.32,101.27,8.3227
219.32,100.58,8.3227
220.32,100.65,8.3227
221.32,101.2,8.3227
222.33,100.6,8.3227
223.33,101.02,8.3227
224.33,101.12,8.3227
225.33,100.66,8.3227
226.33,101.14,8.3227
227.33,100.76,8.3227
228.34,100.77,8.3227
229.34,101.15,8.3227
230.34,100.75,8.3227
231.34,101.19,8.3227
232.34,100.76,8.3227
233.34,101.01,8.3227
234.34,101.0,8.3227
235.35,100.6,8.3227
236.35,100.43,8.3226
237.35,101.0,8.3226
238.35,100.82,8.3226
239.35,100.62,8.3226
240.35,101.08,8.3226
241.35,100.72,8.3226
242.35,100.73,8.3226
243.36,101.43,8.3226
244.36,100.73,8.3226
245.36,100.76,8.3226
246.36,101.14,8.3226
247.36,100.77,8.3226
248.36,101.21,8.3226
249.37,100.75,8.3226
250.37,100.68,8.3226
251.37,101.24,8.3226
252.37,100.74,8.3226
253.37,101.68,8.3227
254.37,101.17,8.3227
255.37,101.21,8.3227
256.38,100.69,8.3227
257.38,101.14,8.3227
258.38,100.78,8.3226
259.38,101.51,8.3225
260.38,100.44,8.3226
261.38,100.7,8.3226
262.38,101.1,8.3226
263.39,101.49,8.3228
264.39,100.69,8.3228
265.39,101.06,8.3228
266.39,100.77,8.3228
267.39,101.13,8.3226
268.39,100.91,8.3226
269.39,101.03,8.3228
270.4,101.02,8.3228
271.4,100.73,8.3228
272.4,100.69,8.3226
273.4,101.15,8.3228
274.4,101.06,8.3228
275.4,100.71,8.3228
276.41,100.63,8.3228
277.41,100.7,8.3227
278.41,101.22,8.3227
279.41,100.98,8.3227
280.41,101.01,8.3227
281.41,100.7,8.3227
282.41,100.74,8.3227
283.42,101.45,8.3227
284.42,100.74,8.3227
285.42,100.72,8.3227
286.42,101.18,8.3227
287.42,100.69,8.3227
288.42,100.79,8.3225
289.42,101.18,8.3227
290.42,100.55,8.3227
291.43,100.68,8.3226
292.43,100.72,8.3226
293.43,101.39,8.3228
294.43,100.62,8.3226
295.43,101.03,8.3226
296.43,100.72,8.3226
297.44,100.75,8.3227
298.44,101.98,8.3227
299.44,100.77,8.3226
300.44,101.19,8.3227
301.44,101.14,8.3227
302.44,100.74,8.3227
303.44,101.42,8.3226
304.45,100.7,8.3226
305.45,100.72,8.3226
306.45,101.13,8.3226
307.45,100.78,8.3227
308.45,100.84,8.3227
309.45,101.13,8.3226
310.45,100.73,8.3226
311.46,101.17,8.3227
312.46,100.54,8.3227
313.46,100.77,8.3228
314.46,100.96,8.3227
315.46,100.51,8.3226
316.46,100.68,8.3227
317.46,101.14,8.3227
318.47,100.59,8.3227
319.47,100.49,8.3227
320.47,100.88,8.3227
321.47,100.56,8.3227
322.47,100.73,8.3227
323.47,101.37,8.3228
324.47,100.49,8.3228
325.48,100.87,8.3227
326.48,100.5,8.3227
327.48,100.54,8.3226
328.48,101.32,8.3227
329.48,100.75,8.3226
330.48,100.74,8.3227
331.48,100.57,8.3227
332.49,100.99,8.3227
333.49,100.99,8.3228
334.49,102.08,8.3228
335.49,101.8,8.3228
336.49,100.46,8.3227
337.49,100.89,8.3227
338.49,100.57,8.3227
339.5,100.5,8.3227
340.5,100.91,8.3227
341.5,100.72,8.3227
342.5,101.11,8.3226
343.5,101.15,8.3229
344.5,100.54,8.3228
345.5,101.02,8.3228
346.51,100.49,8.3229
347.51,100.72,8.3228
348.51,101.19,8.3228
349.51,100.74,8.3228
350.51,100.49,8.3228
351.51,101.12,8.3226
352.51,100.72,8.3226
353.52,101.41,8.3229
354.52,100.72,8.3228
355.52,100.7,8.3228
356.52,101.11,8.3228
357.52,100.7,8.3226
358.52,100.83,8.3226
359.52,101.07,8.3226
360.53,100.67,8.3226
361.53,101.08,8.3226
362.53,100.47,8.3226
363.53,101.07,8.3228
364.53,101.15,8.3228
365.53,100.71,8.3228
366.53,100.67,8.3228
367.54,100.92,8.3228
368.54,100.8,8.3228
369.54,100.72,8.3226
370.54,101.14,8.3226
371.54,100.89,8.3228
372.54,100.75,8.3228
373.54,101.56,8.3229
374.55,100.67,8.3227
375.55,100.72,8.3227
376.55,101.11,8.3227
377.55,100.72,8.3227
378.55,101.18,8.3228
379.55,100.69,8.3228
380.55,100.66,8.3227
381.56,101.04,8.3227
382.56,100.72,8.3227
383.56,101.09,8.3228
384.56,101.24,8.3228
385.56,100.79,8.3227
386.56,101.14,8.3228
387.57,101.04,8.3227
388.57,100.78,8.3227
389.57,101.12,8.3227
390.57,100.73,8.3227
391.57,100.74,8.3227
392.57,101.09,8.3227
393.57,100.83,8.3228
394.58,100.67,8.3228
395.58,101.1,8.3228
396.58,100.76,8.3227
397.58,101.1,8.3227
398.58,101.06,8.3227
399.58,100.64,8.3227
400.58,101.22,8.3228
401.59,100.67,8.3228
402.59,100.68,8.3228
403.59,102.1,8.3227
404.59,100.7,8.3227
405.59,100.74,8.3227
406.59,101.13,8.3227
407.59,100.83,8.3228
408.59,101.96,8.3228
409.6,100.99,8.3228
410.6,100.64,8.3228
411.6,100.74,8.3228
412.6,101.19,8.3227
413.6,101.18,8.3227
414.6,100.69,8.3227
415.6,101.1,8.3228
416.61,100.68,8.3227
417.61,100.63,8.3228
418.61,101.19,8.3228
419.61,100.83,8.3227
420.61,100.69,8.3227
421.61,101.18,8.3227
422.61,100.74,8.3228
423.61,101.21,8.3229
424.62,101.44,8.3228
425.62,100.77,8.3228
426.62,100.68,8.3228
427.62,100.8,8.3227
428.62,101.21,8.3228
429.62,100.55,8.3228
430.62,100.66,8.3228
431.62,101.11,8.3228
432.63,100.75,8.3227
433.63,101.0,8.3228
434.63,101.09,8.3228
435.63,100.71,8.3227
436.63,100.7,8.3227
437.63,101.1,8.3228
438.63,100.61,8.3228
439.64,100.5,8.3227
440.64,101.01,8.3227
441.64,100.82,8.3227
442.64,100.71,8.3227
443.64,101.24,8.3227
444.64,100.51,8.3227
445.64,100.51,8.3228
446.64,100.98,8.3227
447.65,100.69,8.3227
448.65,101.15,8.3228
449.65,100.8,8.3228
450.65,100.72,8.3228
451.65,101.11,8.3228
452.65,100.69,8.3228
453.65,100.99,8.3227
454.66,100.75,8.3228
455.66,101.18,8.3227
456.66,100.71,8.3227
457.66,100.71,8.3227
458.66,101.18,8.3227
459.66,100.49,8.323
460.66,100.6,8.3227
461.66,100.84,8.3227
462.67,100.41,8.3227
463.67,100.88,8.3229
464.67,101.11,8.3229
465.67,100.69,8.3229
466.67,100.72,8.3229
467.67,101.09,8.3227
468.67,100.85,8.3229
469.68,100.91,8.3229
470.68,100.48,8.3228
471.68,100.76,8.3227
472.68,101.13,8.3227
473.68,100.99,8.323
474.68,100.66,8.3229
475.68,100.87,8.3229
476.69,100.7,8.3229
477.69,100.64,8.3229
478.69,101.03,8.323
479.69,100.66,8.323
480.69,101.07,8.323
481.69,100.72,8.323
482.69,100.7,8.323
483.7,101.73,8.3229
484.7,100.71,8.3228
485.7,100.68,8.3228
486.7,101.08,8.3228
487.7,100.57,8.3229
488.7,100.7,8.3229
489.71,101.1,8.3229
490.71,100.74,8.3229
491.71,100.92,8.3228
492.71,100.66,8.3228
493.71,104.43,8.3229
494.71,100.97,8.3229
495.71,100.65,8.3228
496.72,100.69,8.3228
497.72,101.2,8.3228
498.72,100.83,8.3229
499.72,100.69,8.3229
500.72,100.67,8.3228
501.72,101.07,8.3229
502.72,100.68,8.3228
503.72,101.6,8.3229
504.73,100.56,8.3228
505.73,100.54,8.3228
506.73,101.07,8.3228
507.73,100.71,8.3228
508.73,100.83,8.3229
509.73,101.07,8.3229
510.73,100.72,8.3228
511.74,101.1,8.3228
512.74,100.68,8.3228
513.74,100.95,8.3229
514.74,101.12,8.3228
515.74,100.72,8.3228
516.74,100.69,8.3228
517.74,101.21,8.3229
518.75,100.79,8.3229
519.75,100.5,8.3228
520.75,100.93,8.3228
521.75,100.45,8.3228
522.75,101.13,8.3229
523.75,101.28,8.323
524.75,100.7,8.3229
525.76,101.11,8.3229
526.76,106.11,8.3251
527.76,100.68,8.3251
528.76,101.17,8.3251
529.76,100.45,8.3251
530.76,100.62,8.3252
531.76,101.14,8.3236
532.77,100.69,8.3236
533.77,102.72,8.3235
534.77,101.04,8.3235
535.77,100.64,8.3235
536.77,100.66,8.3235
537.77,101.51,8.3236
538.77,103.4,8.3236
539.78,100.63,8.3235
540.78,101.04,8.3235
541.78,100.7,8.3236
542.78,100.5,8.3236
543.78,101.26,8.3237
544.78,100.71,8.3237
545.78,100.6,8.3237
546.78,101.1,8.3237
547.79,100.65,8.3236
548.79,100.95,8.3236
549.79,100.52,8.3235
550.79,101.03,8.3236
551.79,102.49,8.3235
552.79,100.54,8.3236
553.8,101.05,8.3236
554.8,101.03,8.3236
555.8,100.71,8.3237
556.8,101.14,8.3236
557.8,100.64,8.3236
558.8,100.8,8.3237
559.8,101.08,8.3237
560.81,100.71,8.3236
561.81,100.78,8.3236
562.81,101.12,8.3236
563.81,101.34,8.3236
564.81,100.65,8.3235
565.81,101.16,8.3235
566.81,100.69,8.3235
567.81,100.64,8.3235
568.82,101.29,8.3236
569.82,100.69,8.3236
570.82,100.7,8.3236
571.82,101.11,8.3236
572.82,100.71,8.3237
573.82,101.07,8.3237
574.82,101.05,8.3236
575.83,100.69,8.3236
576.83,101.06,8.3236
577.83,100.64,8.3236
578.83,100.73,8.3236
579.83,101.07,8.3236
580.83,100.72,8.3235
581.84,100.67,8.3235
582.84,101.29,8.3236
583.84,100.57,8.3235
584.84,100.49,8.3235
585.84,101.03,8.3235
586.84,100.73,8.3235
587.84,100.77,8.3236
588.85,101.35,8.3236
589.85,100.68,8.3236
590.85,101.15,8.3236
591.85,100.71,8.3236
592.85,100.88,8.3238
593.85,101.18,8.3238
594.85,100.68,8.3236
595.85,100.67,8.3236
596.86,101.14,8.3238
597.86,100.73,8.3238
598.86,100.91,8.3238
599.86,101.19,8.3238
600.86,100.67,8.3238
601.86,100.7,8.3236
602.86,101.37,8.3235
603.87,100.73,8.3236
604.87,100.68,8.3236
605.87,100.95,8.3236
606.87,100.73,8.3236
607.87,100.75,8.3236
608.87,101.3,8.3236
609.87,100.69,8.3235
610.88,101.15,8.3235
611.88,100.96,8.3237
612.88,101.13,8.3238
613.88,101.21,8.3238
614.88,100.72,8.3238
615.88,100.71,8.3238
616.88,101.14,8.3238
617.89,100.73,8.3238
618.89,100.83,8.3238
619.89,101.03,8.3237
620.89,100.53,8.3237
621.89,100.99,8.3237
622.89,102.03,8.3237
623.89,100.71,8.3238
624.9,100.44,8.3238
625.9,100.85,8.3238
626.9,100.46,8.3238
627.9,100.97,8.3237
628.9,100.73,8.3238
629.9,100.59,8.3237
630.9,101.0,8.3237
631.91,100.59,8.3237
632.91,101.78,8.3237
633.91,101.17,8.3238
634.91,100.68,8.3237
635.91,100.66,8.3236
636.91,101.43,8.3236
637.91,100.5,8.3236
638.92,101.05,8.3237
639.92,100.51,8.3237
640.92,105.07,8.3238
641.92,100.91,8.3238
642.92,102.12,8.3238
643.92,100.69,8.3238
644.92,101.13,8.3238
645.93,100.69,8.3238
646.93,100.61,8.3238
647.93,101.1,8.3239
648.93,100.87,8.3238
649.93,101.06,8.3238
650.93,100.68,8.3238
651.93,100.61,8.3238
652.94,101.35,8.3239
653.94,104.64,8.3242
654.94,100.67,8.3242
655.94,101.12,8.3241
656.94,100.67,8.3241
657.94,100.73,8.3242
658.94,101.15,8.3242
659.95,100.65,8.3242
660.95,100.68,8.3242
661.95,101.08,8.3241
662.95,100.88,8.3241
663.95,100.74,8.3241
664.95,101.06,8.3241
665.95,100.74,8.3242
666.95,100.68,8.3241
667.96,101.09,8.3241
668.96,100.79,8.3242
669.96,101.09,8.3242
670.96,100.81,8.3241
671.96,100.71,8.3241
672.96,101.27,8.3241
673.97,100.74,8.3242
674.97,100.56,8.3242
675.97,101.0,8.3242
676.97,100.68,8.3242
677.97,100.69,8.3242
678.97,101.61,8.3241
679.97,100.68,8.3242
680.98,101.1,8.3242
681.98,100.7,8.3244
682.98,100.84,8.3244
683.98,101.2,8.3244
684.98,100.58,8.3244
685.98,100.65,8.3243
686.98,101.11,8.3243
687.99,100.67,8.3243
688.99,100.77,8.3243
689.99,100.97,8.3241
690.99,100.74,8.3243
691.99,100.65,8.3243
692.99,101.28,8.3243
693.99,100.78,8.3243
694.99,100.72,8.3243
696.0,101.08,8.3241
697.0,100.65,8.3241
698.0,100.65,8.3241
699.0,101.19,8.3243
700.0,100.67,8.3243
701.0,100.72,8.3243
702.0,101.09,8.3243
703.01,100.84,8.3244
704.01,100.79,8.3244
705.01,101.07,8.3243
706.01,100.61,8.3244
707.01,100.93,8.3243
708.01,100.61,8.3242
709.01,100.68,8.324
710.02,101.05,8.3242
711.02,100.66,8.3242
712.02,100.67,8.3242
713.02,101.23,8.3243
714.02,100.74,8.3243
715.02,100.66,8.3243
716.02,101.13,8.324
717.03,100.67,8.324
718.03,100.67,8.324
719.03,101.19,8.324
720.03,100.67,8.324
721.03,101.08,8.324
722.03,100.7,8.324
723.03,100.89,8.3242
724.04,101.15,8.3243
725.04,100.7,8.3242
726.04,100.83,8.3241
727.04,100.94,8.3242
728.04,100.5,8.3242
729.04,101.07,8.3243
730.05,100.66,8.3241
731.05,100.73,8.3241
732.05,101.13,8.3241
733.05,100.82,8.3242
734.05,101.07,8.3243
735.05,101.07,8.3242
736.05,100.68,8.3242
737.05,100.67,8.3241
738.06,100.99,8.3241
739.06,100.73,8.3241
740.06,100.64,8.3241
741.06,101.06,8.3241
742.06,100.69,8.3242
743.06,103.37,8.3242
744.07,100.55,8.3243
745.07,100.44,8.3243
746.07,100.9,8.3243
747.07,100.67,8.3243
748.07,100.67,8.3243
749.07,101.11,8.3243
750.07,100.64,8.3243
751.08,101.09,8.3242
752.08,100.69,8.3242
753.08,101.03,8.3243
754.08,101.16,8.3243
755.08,100.68,8.3243
756.08,100.69,8.3243
757.08,100.88,8.3243
758.09,100.59,8.3243
759.09,101.15,8.3243
760.09,100.67,8.3243
761.09,100.83,8.3243
762.09,101.14,8.3243
763.09,100.85,8.3243
764.09,100.77,8.3242
765.1,100.84,8.3242
766.1,100.48,8.3242
767.1,100.49,8.3242
768.1,101.09,8.3242
769.1,100.82,8.3243
770.1,100.66,8.3243
771.1,101.07,8.3242
772.11,100.65,8.3242
773.11,101.26,8.3242
774.11,100.72,8.3242
775.11,100.68,8.3241
776.11,101.09,8.3241
777.11,100.66,8.3241
778.12,100.64,8.3242
779.12,101.05,8.3242
780.12,100.43,8.3242
781.12,100.43,8.3241
782.12,101.06,8.3241
783.12,100.62,8.3242
784.12,100.74,8.3241
785.12,101.02,8.3241
786.13,100.68,8.3241
787.13,100.68,8.3242
788.13,101.1,8.3241
789.13,100.74,8.3241
790.13,101.01,8.3241
791.13,100.7,8.3241
792.13,100.65,8.3241
793.14,101.22,8.3242
794.14,100.69,8.3241
795.14,100.47,8.3241
796.14,100.96,8.3241
797.14,100.47,8.3241
798.14,100.88,8.3241
799.15,100.53,8.3241
800.15,100.49,8.3241
801.15,100.9,8.3242
802.15,100.51,8.3241
803.15,100.71,8.3242
804.15,100.95,8.3241
805.15,100.51,8.3241
806.16,101.06,8.3241
807.16,100.66,8.3241
808.16,100.6,8.3241
809.16,101.02,8.3241
810.16,100.43,8.3241
811.16,100.49,8.3241
812.16,100.88,8.3241
813.17,100.75,8.3241
814.17,101.03,8.3241
815.17,100.46,8.3242
816.17,100.66,8.3241
817.17,101.08,8.3241
818.17,100.61,8.3241
819.18,100.76,8.3241
820.18,101.07,8.3241
821.18,100.78,8.3241
822.18,100.99,8.3243
823.18,100.6,8.3244
824.18,100.6,8.3244
825.18,100.89,8.3243
826.19,100.47,8.3243
827.19,100.47,8.3243
828.19,100.89,8.3243
829.19,100.64,8.3243
830.19,100.45,8.3243
831.19,100.85,8.3243
832.19,100.52,8.3243
833.2,101.3,8.3241
834.2,100.7,8.3242
835.2,100.68,8.3242
836.2,101.05,8.3241
837.2,100.57,8.3241
838.2,100.69,8.3242
839.2,100.91,8.3242
840.21,100.66,8.3241
841.21,101.01,8.3241
842.21,100.69,8.3242
843.21,100.98,8.3243
844.21,101.15,8.3244
845.21,100.7,8.3244
846.22,100.7,8.3243
847.22,101.06,8.3243
848.22,100.68,8.3243
849.22,101.23,8.3243
850.22,100.65,8.3243
851.22,100.73,8.3244
852.22,101.08,8.3243
853.23,100.91,8.3244
854.23,100.7,8.3243
855.23,101.01,8.3243
856.23,100.58,8.3243
857.23,100.68,8.3243
858.23,101.05,8.3243
859.23,100.72,8.3243
860.24,101.05,8.3243
861.24,100.7,8.3244
862.24,100.69,8.3244
863.24,101.84,8.3242
864.24,100.6,8.3242
865.24,100.48,8.3242
866.24,101.06,8.3242
867.25,100.6,8.3242
868.25,100.55,8.3242
869.25,101.12,8.3242
870.25,100.62,8.3242
871.25,101.03,8.3242
872.25,100.43,8.3242
873.25,100.64,8.3242
874.26,101.03,8.3243
875.26,100.65,8.3243
876.26,100.52,8.3243
877.26,100.9,8.3242
878.26,100.42,8.3242
879.26,101.1,8.3243
880.27,100.65,8.3242
881.27,100.73,8.3242
882.27,101.01,8.3242
883.27,100.81,8.3242
884.27,100.69,8.3243
885.27,100.89,8.3242
886.27,100.66,8.3243
887.28,101.07,8.3243
888.28,100.66,8.3243
889.28,100.78,8.3244
890.28,100.89,8.3243
891.28,100.44,8.3243
892.28,100.42,8.3243
893.28,101.02,8.3243
894.29,102.19,8.3243
895.29,100.58,8.3243
896.29,101.05,8.3243
897.29,100.68,8.3243
898.29,100.6,8.3243
899.29,101.03,8.3244
900.29,100.67,8.3243
901.29,100.6,8.3243
902.3,101.1,8.3244
903.3,100.8,8.3244
904.3,100.78,8.3243
905.3,101.1,8.3243
906.3,100.67,8.3243
907.3,100.72,8.3244
908.3,101.08,8.3242
909.31,100.68,8.3244
910.31,100.46,8.3243
911.31,101.31,8.3243
912.31,100.7,8.3243
913.31,100.75,8.3243
914.31,101.05,8.3243
915.31,100.7,8.3243
916.32,101.09,8.3243
917.32,100.69,8.3242
918.32,100.74,8.3243
919.32,101.04,8.3242
920.32,100.63,8.3242
921.32,100.61,8.3242
922.33,101.09,8.3242
923.33,100.83,8.3243
924.33,101.07,8.3242
925.33,100.64,8.3242
926.33,100.66,8.3242
927.33,101.05,8.3242
928.33,100.69,8.3243
929.34,100.64,8.3243
930.34,101.04,8.3242
931.34,100.61,8.3242
932.34,101.05,8.3242
933.34,100.97,8.3243
934.34,100.56,8.3242
935.34,101.06,8.3242
936.35,100.69,8.3242
937.35,100.67,8.3242
938.35,101.0,8.3243
939.35,100.57,8.3243
940.35,101.07,8.3242
941.35,100.66,8.3242
942.35,100.65,8.3242
943.36,101.42,8.3245
944.36,100.66,8.3244
945.36,100.62,8.3242
946.36,101.08,8.3244
947.36,100.62,8.3244
948.36,100.64,8.3244
949.36,101.15,8.3242
950.37,100.64,8.3242
951.37,100.5,8.3242
952.37,101.14,8.3242
953.37,101.13,8.3244
954.37,100.68,8.3242
955.37,100.68,8.3242
956.37,101.05,8.3242
957.37,100.69,8.3242
958.38,101.14,8.3244
959.38,100.76,8.3244
960.38,100.61,8.3242
961.38,101.04,8.3244
962.38,100.67,8.3244
963.38,100.75,8.3244
964.38,100.97,8.3244
965.39,100.68,8.3244
966.39,100.68,8.3243
967.39,100.96,8.3243
968.39,100.73,8.3245
969.39,100.53,8.3243
970.39,101.04,8.3243
971.39,100.54,8.3243
972.4,100.86,8.3244
973.4,100.64,8.3245
974.4,100.51,8.3244
975.4,101.04,8.3244
976.4,100.63,8.3243
977.4,100.66,8.3243
978.4,101.09,8.3244
979.41,100.67,8.3243
980.41,100.68,8.3243
981.41,101.06,8.3243
982.41,100.69,8.3243
983.41,101.48,8.3244
984.41,100.63,8.3243
985.41,100.64,8.3243
986.42,101.02,8.3244
987.42,100.66,8.3243
988.42,100.73,8.3243
989.42,101.14,8.3243
990.42,100.55,8.3244
991.42,100.66,8.3244
992.42,100.92,8.3244
993.43,101.17,8.3244
994.43,100.49,8.3243
995.43,100.86,8.3243
996.43,100.55,8.3243
997.43,100.52,8.3243
998.43,101.02,8.3244
999.43,100.57,8.3244
1000.44,100.97,8.3243
1001.44,100.55,8.3243
1002.44,100.61,8.3243
1003.44,101.33,8.3243
1004.44,100.6,8.3243
1005.44,100.67,8.3243
1006.44,101.03,8.3243
1007.45,100.66,8.3243
1008.45,101.11,8.3243
1009.45,100.69,8.3244
1010.45,100.58,8.3244
1011.45,100.47,8.3244
1012.45,100.89,8.3244
1013.45,100.69,8.3244
1014.46,101.03,8.3244
1015.46,100.48,8.3244
1016.46,100.58,8.3244
1017.46,101.1,8.3244
1018.46,100.68,8.3244
1019.46,100.68,8.3244
1020.46,101.1,8.3244
1021.47,100.64,8.3243
1022.47,100.62,8.3244
1023.47,106.23,8.3244
1024.47,134.08,8.3247
1025.47,155.41,8.3248
1026.47,102.58,8.3247
1027.47,100.8,8.3248
1028.47,101.71,8.3248
1029.48,101.97,8.3247
1030.48,100.75,8.3246
1031.48,100.65,8.3246
1032.48,101.09,8.3246
1033.48,101.59,8.3247
1034.48,101.93,8.3246
1035.48,100.5,8.3246
1036.49,100.46,8.3246
1037.49,100.88,8.3246
1038.49,100.56,8.3247
1039.49,100.47,8.3246
1040.49,100.92,8.3246
1041.49,100.65,8.3246
1042.49,100.65,8.3246
1043.5,103.33,8.3247
1044.5,100.53,8.3246
1045.5,100.68,8.3246
1046.5,101.17,8.3246
1047.5,100.71,8.3246
1048.5,100.81,8.3249
1049.5,101.02,8.3246
1050.51,100.44,8.3246
1051.51,100.54,8.3246
1052.51,100.9,8.3246
1053.51,101.27,8.3248
1054.51,100.92,8.3246
1055.51,100.56,8.3248
1056.51,100.47,8.3246
1057.52,100.98,8.3248
1058.52,100.66,8.3248
1059.52,100.57,8.3248
1060.52,101.01,8.3248
1061.52,100.63,8.3248
1062.52,101.22,8.3248
1063.52,101.05,8.3248
1064.53,100.49,8.3248
1065.53,101.57,8.3248
1066.53,100.64,8.3247
1067.53,100.65,8.3247
1068.53,101.11,8.3247
1069.53,100.48,8.3247
1070.53,100.66,8.3247
1071.54,101.02,8.3247
1072.54,100.65,8.3247
1073.54,101.23,8.3247
1074.54,101.09,8.3247
1075.54,100.68,8.3247
1076.54,103.16,8.3247
1077.55,100.54,8.3247
1078.55,100.82,8.3248
1079.55,100.66,8.3247
1080.55,101.06,8.3247
1081.55,100.9,8.3248
1082.55,101.04,8.3248
1083.55,101.03,8.3248
1084.55,100.57,8.3247
1085.56,101.11,8.3247
1086.56,100.72,8.3247
1087.56,100.69,8.3247
1088.56,101.03,8.3247
1089.56,100.65,8.3247
1090.56,101.03,8.3247
1091.57,100.73,8.3247
1092.57,104.62,8.3248
1093.57,105.18,8.3249
1094.57,108.87,8.3249
1095.57,100.71,8.3249
1096.57,101.09,8.3249
1097.57,100.67,8.3249
1098.57,101.14,8.3248
1099.58,101.16,8.3248
1100.58,100.66,8.325
1101.58,100.47,8.3248
1102.58,101.08,8.3248
1103.58,100.85,8.3249
1104.58,100.64,8.3249
1105.58,100.69,8.3248
1106.59,101.12,8.3248
1107.59,100.73,8.3249
1108.59,101.22,8.3248
1109.59,100.49,8.3248
1110.59,102.19,8.3248
1111.59,100.87,8.3248
1112.59,100.57,8.3248
1113.6,100.82,8.3249
1114.6,101.03,8.3249
1115.6,100.78,8.3248
1116.6,100.64,8.3248
1117.6,101.09,8.3248
1118.6,100.75,8.3248
1119.6,100.64,8.3248
1120.6,101.38,8.3249
1121.61,100.37,8.3248
1122.61,100.9,8.3248
1123.61,100.66,8.3248
1124.61,100.56,8.3248
1125.61,100.98,8.3248
1126.61,100.58,8.3248
1127.62,100.58,8.3248
1128.62,101.05,8.3248
1129.62,100.59,8.3249
1130.62,101.0,8.3249
1131.62,100.58,8.3249
1132.62,100.6,8.3249
1133.62,101.7,8.325
1134.63,100.63,8.325
1135.63,100.68,8.3249
1136.63,101.03,8.3249
1137.63,100.57,8.3248
1138.63,101.15,8.3248
1139.63,100.63,8.3248
1140.63,100.56,8.3248
1141.64,100.83,8.3249
1142.64,100.45,8.3249
1143.64,101.39,8.3249
1144.64,101.05,8.3249
1145.64,100.54,8.3249
1146.64,100.56,8.3249
1147.64,100.97,8.3249
1148.65,100.65,8.3249
1149.65,100.54,8.3249
1150.65,101.07,8.3248
1151.65,100.47,8.3248
1152.65,100.52,8.3248
1153.65,101.15,8.3249
1154.65,100.53,8.3249
1155.66,100.94,8.3249
1156.66,100.54,8.3251
1157.66,100.53,8.3251
1158.66,101.05,8.325
1159.66,100.62,8.325
1160.66,100.45,8.325
1161.66,100.84,8.325
1162.67,100.44,8.325
1163.67,101.43,8.3251
1164.67,100.49,8.3248
1165.67,100.46,8.3248
1166.67,100.8,8.3248
1167.67,100.4,8.3248
1168.68,100.47,8.3248
1169.68,100.85,8.3248
1170.68,100.5,8.325
1171.68,100.89,8.325
1172.68,100.51,8.325
1173.68,101.28,8.325
1174.68,101.0,8.325
1175.69,100.51,8.325
1176.69,100.45,8.325
1177.69,100.84,8.3248
1178.69,100.66,8.325
1179.69,100.65,8.325
1180.69,101.24,8.325
1181.69,100.57,8.325
1182.7,100.97,8.325
1183.7,100.8,8.3251
1184.7,100.46,8.3251
1185.7,101.0,8.325
1186.7,100.57,8.325
1187.7,100.61,8.3251
1188.7,100.66,8.325
1189.7,101.0,8.325
1190.71,100.54,8.325
1191.71,100.86,8.325
1192.71,100.48,8.325
1193.71,101.0,8.3251
1194.71,100.89,8.3251
1195.71,100.52,8.3251
1196.72,100.53,8.3251
1197.72,100.94,8.325
1198.72,100.56,8.325
1199.72,100.9,8.325
1200.72,100.54,8.325
1201.72,100.53,8.325
1202.72,100.93,8.325
1203.73,100.78,8.325
1204.73,100.51,8.325
1205.73,100.87,8.325
1206.73,100.51,8.3249
1207.73,100.93,8.3249
1208.73,100.9,8.3249
1209.74,100.52,8.3249
1210.74,100.96,8.3249
1211.74,101.44,8.3249
1212.74,100.56,8.3249
1213.74,101.79,8.3251
1214.74,100.61,8.3249
1215.74,101.06,8.3249
1216.75,102.05,8.325
1217.75,113.56,8.1161
1218.75,337.09,1.7099
1219.75,313.11,1.8213
1220.75,265.9,1.9086
1221.75,112.28,1.9471
1222.75,226.77,2.0046
1223.75,129.31,2.0661
1224.76,255.4,1.6619
1225.76,314.3,1.8107
1226.76,238.05,1.5727
1227.76,321.62,1.7454
1228.76,361.9,1.8907
1229.76,287.23,1.721
1230.76,319.04,1.8208
1231.77,238.52,1.6043
1232.77,317.35,1.7649
1233.77,299.94,1.5542
1234.77,297.92,1.7308
1235.77,322.86,1.8434
1236.77,292.69,1.4824
1237.77,284.28,1.7321
1238.77,313.06,1.8282
1239.78,292.52,1.5717
1240.78,330.32,1.7973
1241.78,306.63,2.132
1242.78,294.02,2.4031
1243.78,355.04,2.5712
1244.78,351.48,2.8736
1245.78,319.06,3.1804
1246.78,308.0,3.4489
1247.79,303.19,3.6918
1248.79,312.46,3.8915
1249.79,303.4,4.0617
1250.79,302.95,4.2801
1251.79,302.79,4.4974
1252.79,303.03,4.666
1253.79,302.91,4.9248
1254.8,302.87,5.089
1255.8,300.59,5.2431
1256.8,303.77,5.4295
1257.8,304.42,5.6829
1258.8,277.15,5.8195
1259.8,265.8,6.0717
1260.8,143.03,6.3289
1261.81,127.54,6.4744
1262.81,187.41,6.8061
1263.81,117.1,6.8582
1264.81,104.29,6.8506
1265.81,115.16,6.8506
1266.81,117.88,6.8507
1267.81,105.74,6.8507
1268.82,151.38,6.9508
1269.82,105.9,6.9508
1270.82,105.02,6.9508
1271.82,104.46,6.9508
1272.82,108.57,6.9508
1273.82,122.11,6.9509
1274.83,223.2,6.951
1275.83,218.25,6.951
1276.83,108.46,6.951
1277.83,109.19,6.951
1278.83,102.84,6.9507
1279.83,105.34,6.9507
1280.84,100.96,6.9507
1281.84,110.97,6.9507
1282.84,115.94,6.9506
1283.84,208.94,6.9464
1284.84,152.77,6.9465
1285.84,141.36,6.9465
1286.84,103.99,6.9465
1287.85,108.53,6.9465
1288.85,107.08,6.9466
1289.85,162.24,6.9465
1290.85,105.49,6.9465
1291.85,117.61,6.9465
1292.85,103.2,6.9465
1293.86,101.19,6.9465
1294.86,101.27,6.9465
1295.86,100.97,6.9464
1296.86,153.49,6.9464
1297.86,101.24,6.9464
1298.86,105.62,6.9464
1299.86,101.7,6.9464
1300.87,101.11,6.9464
1301.87,135.71,6.9464
1302.87,103.82,6.9466
1303.87,101.15,6.9466
1304.87,102.16,6.9466
1305.87,102.15,6.9465
1306.87,108.64,6.9756
1307.87,207.6,7.3323
1308.88,101.58,7.3805
1309.88,100.84,7.3805
1310.88,100.87,7.3805
1311.88,101.31,7.3805
1312.88,101.0,7.3805
1313.88,112.54,7.3803
1314.89,105.34,7.3805
1315.89,102.98,7.3805
1316.89,106.9,7.3805
1317.89,126.2,7.3806
1318.89,118.2,7.3806
1319.89,103.46,7.3806
1320.9,104.25,7.3806
1321.9,102.48,7.3803
1322.9,100.99,7.3805
1323.9,105.68,7.3805
1324.9,100.87,7.3805
1325.9,100.88,7.3805
1326.9,101.03,7.3805
1327.91,101.25,7.3805
1328.91,100.86,7.3805
1329.91,101.25,7.3805
1330.91,100.99,7.3805
1331.91,101.22,7.3805
1332.91,101.41,7.3805
1333.91,101.02,7.3805
1334.92,101.25,7.3803
1335.92,100.86,7.3803
1336.92,102.08,7.3803
1337.92,101.19,7.3803
1338.92,101.0,7.3803
1339.92,109.64,7.3805
1340.93,102.25,7.3805
1341.93,101.48,7.3805
1342.93,101.45,7.3806
1343.93,121.24,7.3804
1344.93,101.54,7.3804
1345.93,101.27,7.3805
1346.93,100.84,7.3805
1347.93,100.9,7.3805
1348.94,101.24,7.3805
1349.94,100.88,7.3805
1350.94,105.59,7.3806
1351.94,103.6,7.3805
1352.94,101.79,7.3807
1353.94,101.34,7.3805
1354.95,121.38,7.3804
1355.95,102.35,7.3805
1356.95,101.36,7.3804
1357.95,114.97,7.3804
1358.95,109.4,7.3804
1359.95,101.22,7.3804
1360.95,101.09,7.3804
1361.96,102.46,7.3804
1362.96,102.3,7.3805
1363.96,111.33,7.3805
1364.96,113.88,7.3804
1365.96,100.84,7.3804
1366.96,102.54,7.3804
1367.97,100.82,7.3804
1368.97,101.81,7.3804
1369.97,114.98,7.3805
1370.97,110.27,7.3804
1371.97,102.23,7.3805
1372.97,125.25,7.3808
1373.97,326.52,7.5328
1374.97,142.07,7.5354
1375.98,106.49,7.5354
1376.98,270.68,7.5355
1377.98,272.03,7.536
1378.98,195.42,7.5361
1379.98,168.55,7.5365
1380.98,147.15,1.5938
1381.98,347.01,1.8825
1382.99,305.92,2.2289
1383.99,263.99,2.4314
1384.99,361.05,2.6021
1385.99,343.65,2.839
1386.99,312.89,3.1101
1387.99,312.04,3.4137
1388.99,306.81,3.7377
1390.0,313.67,3.9788
1391.0,305.64,4.2525
1392.0,302.99,4.4654
1393.0,303.25,4.6513
1394.0,309.14,4.9212
1395.0,305.08,5.108
1396.0,302.09,5.2568
1397.01,301.42,5.5033
1398.01,302.19,5.7071
1399.01,302.44,5.8402
1400.01,302.67,6.0996
1401.01,278.1,6.3386
1402.01,164.3,6.4697
1403.01,210.39,6.8422
1404.02,194.25,6.8613
1405.02,201.75,6.8613
1406.02,123.22,6.8555
1407.02,135.21,6.9558
1408.02,221.67,6.9558
1409.02,191.62,6.9558
1410.02,102.15,6.9559
1411.03,113.55,6.9559
1412.03,121.3,6.956
1413.03,119.72,6.9561
1414.03,122.8,6.9561
1415.03,102.31,6.956
1416.03,104.29,6.956
1417.03,101.34,6.956
1418.04,114.17,6.956
1419.04,119.43,6.956
1420.04,191.14,6.956
1421.04,104.08,6.956
1422.04,118.73,6.956
1423.04,115.02,6.956
1424.04,102.18,6.956
1425.05,175.78,6.956
1426.05,101.21,6.956
1427.05,106.78,6.956
1428.05,101.26,6.956
1429.05,101.13,6.9559
1430.05,100.87,6.9559
1431.06,101.43,6.9559
1432.06,102.82,6.9559
1433.06,103.16,6.956
1434.06,102.69,6.956
1435.06,101.08,6.956
1436.06,122.07,6.9561
1437.06,105.06,6.9561
1438.07,164.38,6.9561
1439.07,152.13,6.956
1440.07,175.91,7.2822
1441.07,144.33,7.3421
1442.07,119.77,7.3902
1443.07,199.87,7.3902
1444.07,136.24,7.3902
1445.07,157.48,7.3901
1446.08,101.3,7.3901
1447.08,107.0,7.3792
1448.08,105.83,7.3792
1449.08,102.93,7.3792
1450.08,106.54,7.3792
1451.08,132.66,7.3792
1452.08,102.44,7.3792
1453.09,103.22,7.3792
1454.09,103.95,7.3793
1455.09,102.81,7.3794
1456.09,105.51,7.3794
1457.09,101.33,7.3794
1458.09,100.98,7.3794
1459.09,100.96,7.3794
1460.1,101.46,7.3794
1461.1,100.92,7.3794
1462.1,100.87,7.3794
1463.1,101.47,7.3794
1464.1,100.92,7.3794
1465.1,101.01,7.3794
1466.1,101.26,7.3794
1467.11,101.03,7.3794
1468.11,100.88,7.3794
1469.11,101.31,7.3794
1470.11,102.11,7.3794
1471.11,101.38,7.3794
1472.11,100.87,7.3794
1473.12,122.79,7.3794
1474.12,103.69,7.3794
1475.12,100.96,7.3794
1476.12,101.27,7.3794
1477.12,134.57,7.3793
1478.12,127.43,7.3793
1479.12,100.64,7.3793
1480.12,101.07,7.3793
1481.13,100.93,7.3794
1482.13,101.19,7.3794
1483.13,100.96,7.3793
1484.13,101.61,7.3793
1485.13,101.12,7.3793
1486.13,100.8,7.3794
1487.13,100.87,7.3793
1488.14,101.54,7.3794
1489.14,100.96,7.3796
1490.14,101.29,7.3794
1491.14,101.86,7.3794
1492.14,101.17,7.3796
1493.14,101.73,7.3796
1494.15,102.64,7.3796
1495.15,102.75,7.3796
1496.15,102.52,7.3796
1497.15,118.72,7.3796
1498.15,101.16,7.3796
1499.15,101.21,7.3796
1500.15,100.79,7.3796
1501.16,101.17,7.3796
1502.16,100.76,7.3796
1503.16,101.23,7.3797
1504.16,101.25,7.3794
1505.16,100.72,7.3794
1506.16,139.54,7.3794
1507.17,332.22,7.5287
1508.17,198.33,7.5295
1509.17,179.69,7.5295
1510.17,228.44,7.5299
1511.17,184.67,7.53
1512.17,298.81,7.5372
1513.17,300.47,7.6072
1514.18,226.68,7.6089
1515.18,117.11,7.6042
1516.18,102.18,7.5437
1517.18,101.15,7.5437
1518.18,101.21,7.5437
1519.18,108.47,7.5437
1520.19,102.35,7.5436
1521.19,101.98,7.5355
1522.19,102.9,7.5355
1523.19,132.55,1.5567
1524.19,296.24,1.7461
1525.19,313.02,2.067
1526.19,301.97,2.4065
1527.2,355.47,2.5416
1528.2,341.35,2.7627
1529.2,324.49,3.0026
1530.2,316.93,3.2517
1531.2,304.95,3.5036
1532.2,307.26,3.7472
1533.2,313.91,3.983
1534.21,303.2,4.2616
1535.21,290.4,4.529
1536.21,302.63,4.7096
1537.21,301.98,4.9528
1538.21,303.47,5.1204
1539.21,301.17,5.266
1540.22,303.31,5.4353
1541.22,279.26,5.6735
1542.22,305.01,5.8122
1543.22,204.0,5.9016
1544.22,204.72,6.2691
1545.22,114.54,6.3784
1546.22,211.44,6.7847
1547.23,123.31,6.9119
1548.23,155.7,6.9119
1549.23,227.88,6.9119
1550.23,257.84,6.9119
1551.23,258.51,6.9119
1552.23,216.91,6.9119
1553.23,107.94,6.9119
1554.23,104.99,6.9119
1555.24,112.03,6.9119
1556.24,117.81,6.9119
1557.24,123.19,6.9119
1558.24,106.12,6.9119
1559.24,101.66,6.9119
1560.24,102.19,6.9119
1561.25,107.11,6.9118
1562.25,113.93,6.9118
1563.25,113.71,6.912
1564.25,190.66,6.912
1565.25,179.8,6.9121
1566.25,119.73,6.9121
1567.26,105.2,6.9121
1568.26,138.01,6.9121
1569.26,123.59,6.9121
1570.26,151.51,6.9121
1571.26,122.04,6.912
1572.26,113.3,6.9121
1573.26,106.97,6.9121
1574.27,102.84,6.9121
1575.27,110.54,6.9121
1576.27,100.97,6.9121
1577.27,103.25,6.912
1578.27,104.53,6.9792
1579.27,101.18,7.0122
1580.28,107.07,7.0122
1581.28,108.43,7.0123
1582.28,106.76,7.0123
1583.28,125.25,7.0121
1584.28,149.03,7.0121
1585.28,101.2,7.0121
1586.29,204.15,7.3979
1587.29,114.72,7.3979
1588.29,101.56,7.3977
1589.29,100.94,7.3979
1590.29,100.89,7.3977
1591.29,101.52,7.3977
1592.29,100.87,7.3977
1593.29,114.52,7.3979
1594.3,157.36,7.398
1595.3,108.11,7.398
1596.3,118.02,7.3979
1597.3,129.09,7.398
1598.3,101.45,7.398
1599.3,105.26,7.398
1600.3,107.28,7.398
1601.3,108.38,7.398
1602.31,100.95,7.398
1603.31,101.4,7.3979
1604.31,100.87,7.3978
1605.31,100.94,7.3978
1606.31,101.32,7.3978
1607.31,100.7,7.3978
1608.31,100.82,7.3979
1609.32,101.79,7.3978
1610.32,100.76,7.398
1611.32,101.15,7.398
1612.32,102.76,7.3981
1613.32,101.22,7.3981
1614.32,101.24,7.3981
1615.33,100.64,7.3981
1616.33,101.63,7.3981
1617.33,100.89,7.3981
1618.33,108.45,7.3981
1619.33,102.52,7.398
1620.33,107.17,7.398
1621.34,102.39,7.398
1622.34,100.97,7.398
1623.34,120.63,7.3981
1624.34,101.61,7.398
1625.34,100.66,7.398
1626.34,101.19,7.3981
1627.35,101.67,7.3981
1628.35,100.84,7.3981
1629.35,101.33,7.3981
1630.35,100.89,7.3981
1631.35,104.01,7.3981
1632.35,101.61,7.3981
1633.35,101.42,7.3981
1634.36,101.27,7.3981
1635.36,100.86,7.3981
1636.36,100.92,7.3981
1637.36,101.03,7.3981
1638.36,100.7,7.3981
1639.36,101.35,7.398
1640.37,100.77,7.398
1641.37,100.74,7.398
1642.37,101.02,7.398
1643.37,100.99,7.398
1644.37,103.97,7.3981
1645.37,105.92,7.398
1646.37,114.15,7.3981
1647.38,101.26,7.398
1648.38,100.98,7.398
1649.38,100.92,7.3981
1650.38,101.53,7.3981
1651.38,100.53,7.3981
1652.38,100.48,7.3981
1653.39,101.36,7.3981
1654.39,100.98,7.3981
1655.39,231.06,7.4492
1656.39,212.59,7.5484
1657.39,175.1,7.5484
1658.39,105.59,7.5484
1659.39,252.33,7.5489
1660.4,296.39,7.5489
1661.4,188.55,1.5027
1662.4,283.71,1.7343
1663.4,314.84,2.0717
1664.4,302.83,2.4226
1665.4,346.37,2.523
1666.4,358.16,2.8258
1667.41,326.08,3.1751
1668.41,311.78,3.4993
1669.41,308.99,3.8283
1670.41,305.19,4.0751
1671.41,303.77,4.3472
1672.41,303.09,4.6169
1673.41,302.33,4.855
1674.42,302.62,5.0913
1675.42,301.1,5.2457
1676.42,301.93,5.4299
1677.42,300.77,5.7101
1678.42,302.31,5.8659
1679.42,206.91,6.0407
1680.43,195.61,6.3868
1681.43,171.76,6.7006
1682.43,163.06,6.8664
1683.43,157.16,6.8664
1684.43,235.58,6.8664
1685.43,174.37,6.8664
1686.43,150.55,6.9665
1687.43,184.71,6.9665
1688.44,140.15,6.9665
1689.44,184.41,6.9664
1690.44,132.1,6.9664
1691.44,149.58,6.9665
1692.44,200.92,6.9665
1693.44,134.28,6.9665
1694.44,112.31,6.9665
1695.45,101.43,6.9665
1696.45,112.21,6.9664
1697.45,116.16,6.9666
1698.45,120.4,6.9666
1699.45,240.98,6.9666
1700.45,161.39,6.9667
1701.45,158.21,6.9667
1702.46,134.0,6.9668
1703.46,137.71,6.9669
1704.46,175.31,6.9669
1705.46,113.65,6.9669
1706.46,104.68,6.9669
1707.46,113.39,6.9669
1708.47,100.78,6.9669
1709.47,107.87,6.9669
1710.47,101.22,6.9669
1711.47,104.59,6.9669
1712.47,101.67,6.9669
1713.47,101.43,6.9669
1714.48,138.41,6.967
1715.48,103.33,6.967
1716.48,145.24,6.9672
1717.48,235.84,7.3503
1718.48,101.66,7.3675
1719.48,100.81,7.3983
1720.48,111.88,7.3983
1721.48,102.13,7.3985
1722.49,100.86,7.3985
1723.49,101.07,7.3985
1724.49,101.2,7.3985
1725.49,103.51,7.3985
1726.49,106.67,7.3985
1727.49,101.44,7.3985
1728.5,108.19,7.3985
1729.5,121.74,7.3985
1730.5,123.65,7.3986
1731.5,125.96,7.3986
1732.5,104.26,7.3986
1733.5,106.41,7.3986
1734.5,101.28,7.3986
1735.51,100.9,7.3986
1736.51,101.38,7.3986
1737.51,100.86,7.3986
1738.51,101.09,7.3986
1739.51,101.67,7.3986
1740.51,100.9,7.3986
1741.52,100.88,7.3986
1742.52,101.29,7.3986
1743.52,102.9,7.3986
1744.52,101.27,7.3986
1745.52,101.08,7.3986
1746.52,100.9,7.3986
1747.53,101.82,7.3986
1748.53,100.93,7.3986
1749.53,112.02,7.3987
1750.53,103.42,7.3987
1751.53,105.15,7.3988
1752.53,102.47,7.3988
1753.53,100.98,7.3988
1754.54,101.65,7.3988
1755.54,118.74,7.3988
1756.54,101.43,7.3988
1757.54,100.59,7.3988
1758.54,100.82,7.3988
1759.54,101.3,7.3988
1760.55,100.89,7.3988
1761.55,103.8,7.3988
1762.55,101.38,7.3988
1763.55,101.0,7.3988
1764.55,100.96,7.3988
1765.55,101.37,7.3988
1766.55,100.64,7.3985
1767.56,101.54,7.3985
1768.56,101.0,7.3986
1769.56,100.96,7.3986
1770.56,101.32,7.3986
1771.56,102.15,7.3988
1772.56,108.17,7.3988
1773.57,114.77,7.3988
1774.57,100.92,7.3988
1775.57,101.38,7.3987
1776.57,100.94,7.3987
1777.57,102.28,7.3987
1778.57,101.02,7.3988
1779.57,265.36,7.5451
1780.58,101.49,7.5451
1781.58,109.12,7.5451
1782.58,232.5,7.5451
1783.58,111.64,7.5451
1784.58,218.01,7.5451
1785.59,290.77,7.5458
1786.59,311.56,7.5547
1787.59,157.55,1.5689
1788.59,313.75,1.8527
1789.59,312.19,2.3241
1790.59,299.92,2.4968
1791.59,354.13,2.7391
1792.59,334.54,3.0016
1793.6,315.77,3.2745
1794.6,307.56,3.5332
1795.6,309.97,3.7923
1796.6,314.94,4.0171
1797.6,301.98,4.2942
1798.6,303.0,4.538
1799.6,301.7,4.7509
1800.6,309.94,4.9988
1801.61,303.57,5.1749
1802.61,301.59,5.3427
1803.61,302.96,5.6176
1804.61,302.74,5.7671
1805.61,301.19,5.9161
1806.61,303.16,6.2835
1807.61,300.76,6.4191
1808.62,327.3,6.8093
1809.62,264.2,6.91
1810.62,264.55,6.9102
1811.62,175.22,6.9102
1812.62,121.1,6.9104
1813.62,196.04,7.0105
1814.62,205.86,7.0105
1815.62,108.0,7.0105
1816.63,102.32,7.0105
1817.63,104.46,7.0106
1818.63,145.14,7.0106
1819.63,129.27,7.0107
1820.63,106.21,7.0108
1821.63,121.17,7.0107
1822.63,102.8,7.0107
1823.64,114.89,7.0107
1824.64,105.84,7.0107
1825.64,102.0,7.0107
1826.64,105.26,7.0107
1827.64,128.34,7.0106
1828.64,125.29,7.0108
1829.64,110.53,7.0107
1830.65,103.72,7.0107
1831.65,115.85,7.0107
1832.65,136.13,7.0106
1833.65,107.63,7.0108
1834.65,101.35,7.0108
1835.65,103.34,7.0108
1836.66,127.44,7.0107
1837.66,140.54,7.0107
1838.66,144.33,7.0108
1839.66,102.2,7.0108
1840.66,104.1,7.0108
1841.66,139.17,7.0108
1842.66,119.87,7.0107
1843.67,131.69,7.0108
1844.67,163.37,7.0108
1845.67,101.82,7.0108
1846.67,207.13,7.3967
1847.67,102.4,7.3967
1848.67,101.45,7.3967
1849.68,100.82,7.3967
1850.68,101.26,7.3967
1851.68,100.9,7.3967
1852.68,105.55,7.3967
1853.68,105.82,7.3967
1854.68,101.2,7.3967
1855.68,106.2,7.3967
1856.69,117.55,7.3967
1857.69,130.9,7.3967
1858.69,102.17,7.3967
1859.69,124.0,7.3967
1860.69,111.77,7.3967
1861.69,108.56,7.3967
1862.69,104.07,7.3967
1863.7,104.74,7.3967
1864.7,100.74,7.3967
1865.7,100.78,7.3967
1866.7,101.37,7.3967
1867.7,100.86,7.3967
1868.7,101.29,7.3967
1869.71,100.74,7.3967
1870.71,100.91,7.3967
1871.71,105.6,7.3967
1872.71,100.83,7.3967
1873.71,101.4,7.3967
1874.71,101.3,7.3967
1875.71,100.86,7.3967
1876.72,101.23,7.3967
1877.72,100.8,7.3967
1878.72,101.22,7.3967
1879.72,101.51,7.3967
1880.72,113.63,7.3967
1881.72,108.66,7.3968
1882.73,100.75,7.3966
1883.73,101.05,7.3968
1884.73,105.55,7.3966
1885.73,127.75,7.3966
1886.73,101.3,7.3966
1887.73,101.2,7.3966
1888.73,101.12,7.3968
1889.74,100.89,7.3966
1890.74,104.63,7.3968
1891.74,100.96,7.3969
1892.74,101.63,7.3969
1893.74,101.62,7.3968
1894.74,100.62,7.3968
1895.74,101.04,7.3969
1896.75,101.48,7.3969
1897.75,100.85,7.3968
1898.75,101.63,7.3968
1899.75,101.08,7.3969
1900.75,101.08,7.3969
1901.75,101.23,7.3969
1902.75,104.05,7.3969
1903.76,101.87,7.3969
1904.76,103.13,7.3969
1905.76,105.9,7.3969
1906.76,101.26,7.3969
1907.76,100.59,7.3968
1908.76,100.81,7.3969
1909.77,100.95,7.3969
1910.77,102.22,7.3969
1911.77,101.06,7.3968
1912.77,101.45,7.3969
1913.77,106.53,7.3969
1914.77,101.41,7.3969
1915.77,248.8,7.5458
1916.78,215.88,7.5459
1917.78,160.36,7.5459
1918.78,159.54,7.546
1919.78,283.38,7.5463
1920.78,271.85,7.5047
1921.78,183.58,1.642
1922.79,333.55,2.0227
1923.79,312.28,2.4319
1924.79,329.12,2.5592
1925.79,349.27,2.7904
1926.79,327.55,3.046
1927.79,314.31,3.3133
1928.79,306.6,3.566
1929.8,318.78,3.8919
1930.8,306.0,4.1495
1931.8,303.6,4.4661
1932.8,302.92,4.6697
1933.8,307.07,4.9476
1934.8,305.7,5.1427
1935.8,301.81,5.3009
1936.81,303.17,5.5824
1937.81,298.03,5.744
1938.81,198.79,5.8835
1939.81,187.67,6.2418
1940.81,117.28,6.3739
1941.81,215.11,6.7977
1942.81,127.41,6.8731
1943.81,141.03,6.8731
1944.82,166.22,6.8732
1945.82,168.99,6.8931
1946.82,203.51,6.9732
1947.82,179.91,6.9732
1948.82,207.47,6.9732
1949.82,172.43,6.9732
1950.82,110.3,6.9732
1951.83,117.78,6.9732
1952.83,117.01,6.9732
1953.83,104.77,6.9732
1954.83,102.24,6.9732
1955.83,105.49,6.9732
1956.83,109.63,6.9667
1957.84,116.61,6.9667
1958.84,163.45,6.9692
1959.84,119.82,6.9691
1960.84,134.06,6.9692
1961.84,113.24,6.9692
1962.84,110.39,6.9692
1963.85,134.85,6.9691
1964.85,105.67,6.9691
1965.85,105.02,6.9692
1966.85,100.79,6.9692
1967.85,101.21,6.9692
1968.85,152.7,6.9691
1969.85,140.43,6.9691
1970.86,102.9,6.9691
1971.86,102.08,6.9691
1972.86,101.39,6.9692
1973.86,107.42,6.9691
1974.86,100.66,6.9691
1975.86,134.87,6.9691
1976.86,101.1,6.9692
1977.87,129.93,6.9692
1978.87,156.16,6.9691
1979.87,278.62,7.356
1980.87,171.68,7.3563
1981.87,101.38,7.4043
1982.87,101.04,7.4043
1983.88,100.89,7.4043
1984.88,103.37,7.4043
1985.88,111.65,7.4042
1986.88,101.65,7.4043
1987.88,109.4,7.4043
1988.88,128.88,7.4043
1989.88,102.55,7.4043
1990.89,104.97,7.4044
1991.89,104.23,7.4044
1992.89,107.31,7.4044
1993.89,101.37,7.4044
1994.89,101.24,7.4044
1995.89,100.72,7.4044
1996.9,100.92,7.4043
1997.9,100.59,7.4043
1998.9,100.86,7.4044
1999.9,101.33,7.4043
2000.9,100.85,7.4043
2001.9,101.26,7.4043
2002.91,101.55,7.4044
2003.91,100.91,7.4044
2004.91,102.11,7.4044
2005.91,117.96,7.4044
2006.91,102.5,7.4044
2007.91,102.9,7.4044
2008.91,101.29,7.4044
2009.92,101.29,7.4044
2010.92,127.08,7.4044
2011.92,100.65,7.4045
2012.92,101.21,7.4044
2013.92,100.54,7.4044
2014.92,100.58,7.4044
2015.92,104.15,7.4045
2016.92,100.53,7.4044
2017.93,100.8,7.4044
2018.93,101.06,7.4045
2019.93,100.64,7.4045
2020.93,101.03,7.4045
2021.93,101.15,7.4044
2022.93,101.89,7.4044
2023.93,100.64,7.4046
2024.94,100.99,7.4046
2025.94,102.1,7.4046
2026.94,103.49,7.4045
2027.94,123.25,7.4044
2028.94,100.75,7.4044
2029.94,101.08,7.4045
2030.95,100.72,7.4044
2031.95,101.02,7.4044
2032.95,101.22,7.4045
2033.95,100.77,7.4043
2034.95,101.56,7.4043
2035.95,222.05,7.5515
2036.95,176.48,7.5515
2037.96,117.58,7.5515
2038.96,107.16,7.5515
2039.96,243.17,7.5515
2040.96,266.17,7.552
2041.96,163.99,1.5058
2042.96,285.37,1.7524
2043.96,313.17,2.1039
2044.97,304.84,2.4347
2045.97,336.21,2.5376
2046.97,351.28,2.7654
2047.97,331.29,3.029
2048.97,313.45,3.2989
2049.97,306.67,3.5479
2050.98,310.29,3.8512
2051.98,307.5,4.1023
2052.98,301.74,4.3341
2053.98,306.71,4.5952
2054.98,302.11,4.8558
2055.98,302.1,5.0731
2056.98,302.01,5.2328
2057.99,303.54,5.4346
2058.99,301.61,5.6983
2059.99,294.94,5.8433
2060.99,215.53,6.1089
2061.99,137.8,6.3577
2062.99,157.16,6.5585
2063.99,177.55,6.865
2065.0,136.98,6.8775
2066.0,207.94,6.8777
2067.0,163.75,6.8777
2068.0,150.19,6.8777
2069.0,192.78,6.9779
2070.0,150.48,6.9779
2071.01,190.29,6.9778
2072.01,183.16,6.9778
2073.01,117.78,6.9777
2074.01,179.29,6.9778
2075.01,116.14,6.9778
2076.01,104.06,6.9778
2077.01,102.7,6.9778
2078.02,101.27,6.9778
2079.02,112.61,6.9778
2080.02,109.03,6.9778
2081.02,189.62,6.9777
2082.02,141.43,6.9777
2083.02,129.37,6.9777
2084.02,104.1,6.9777
2085.03,108.41,6.9777
2086.03,114.88,6.9778
2087.03,156.38,6.9778
2088.03,103.13,6.9778
2089.03,119.11,6.9778
2090.03,100.93,6.9778
2091.03,100.71,6.9778
2092.04,111.71,6.9778
2093.04,101.4,6.9779
2094.04,104.06,6.9779
2095.04,103.29,6.9779
2096.04,105.24,6.9779
2097.04,103.21,6.9779
2098.04,102.92,6.9779
2099.05,146.4,6.9779
2100.05,184.07,6.9779
2101.05,152.99,6.978
2102.05,154.71,7.2013
2103.05,167.31,7.3642
2104.05,101.72,7.4122
2105.05,100.91,7.4122
2106.06,101.03,7.4122
2107.06,101.24,7.4122
2108.06,126.56,7.4123
2109.06,104.33,7.4125
2110.06,120.92,7.4124
2111.06,115.08,7.4124
2112.06,105.86,7.4124
2113.07,123.21,7.4124
2114.07,106.85,7.4124
2115.07,101.32,7.4124
2116.07,100.88,7.4124
2117.07,100.91,7.4124
2118.07,101.18,7.4124
2119.07,100.9,7.4125
2120.07,100.64,7.4124
2121.08,100.81,7.4124
2122.08,100.96,7.4123
2123.08,100.76,7.4125
2124.08,101.21,7.4125
2125.08,100.56,7.4125
2126.08,101.12,7.4124
2127.08,101.02,7.4124
2128.09,113.78,7.4124
2129.09,102.51,7.4124
2130.09,106.78,7.4124
2131.09,100.91,7.4124
2132.09,101.79,7.4124
2133.09,123.48,7.4124
2134.1,101.19,7.4124
2135.1,100.92,7.4124
2136.1,100.75,7.4124
2137.1,100.95,7.4124
2138.1,103.37,7.4124
2139.1,101.8,7.4124
2140.1,101.11,7.4124
2141.11,100.68,7.4124
2142.11,100.65,7.4125
2143.11,101.19,7.4125
2144.11,100.72,7.4125
2145.11,103.09,7.4125
2146.11,100.55,7.4125
2147.12,101.88,7.4125
2148.12,124.49,7.4125
2149.12,107.57,7.4124
2150.12,119.34,7.4125
2151.12,101.17,7.4125
2152.12,100.63,7.4125
2153.12,101.02,7.4125
2154.13,102.35,7.4125
2155.13,100.85,7.4125
2156.13,101.21,7.4125
2157.13,108.27,7.4125
2158.13,234.91,7.5616
2159.13,171.18,7.5616
2160.13,112.24,7.5616
2161.14,116.53,7.5616
2162.14,296.27,7.5634
2163.14,158.88,1.5979
2164.14,328.54,1.8176
2165.14,306.78,2.1462
2166.14,283.33,2.4287
2167.14,356.29,2.6392
2168.15,345.08,2.9556
2169.15,318.04,3.3107
2170.15,310.98,3.6416
2171.15,313.43,3.9432
2172.15,302.54,4.2195
2173.15,302.96,4.463
2174.15,302.44,4.6589
2175.16,302.56,4.9429
2176.16,303.47,5.1447
2177.16,301.06,5.3059
2178.16,311.03,5.5809
2179.16,265.98,5.7408
2180.16,123.25,5.872
2181.16,177.63,6.232
2182.16,115.72,6.3653
2183.17,204.91,6.7425
2184.17,141.42,6.8213
2185.17,132.09,6.8213
2186.17,196.23,6.8215
2187.17,125.08,6.8215
2188.17,114.41,6.9216
2189.18,167.7,6.9216
2190.18,187.78,6.9216
2191.18,186.26,6.9215
2192.18,148.7,6.9215
2193.18,107.45,6.9217
2194.18,115.77,6.9215
2195.18,102.67,6.9217
2196.18,120.39,6.9217
2197.19,103.76,6.9217
2198.19,109.26,6.9217
2199.19,101.33,6.9215
2200.19,101.54,6.9216
2201.19,109.18,6.9216
2202.19,102.18,6.9216
2203.19,187.23,6.9216
2204.2,120.0,6.9216
2205.2,106.59,6.9216
2206.2,128.92,6.9216
2207.2,110.34,6.9216
2208.2,101.32,6.9216
2209.2,106.81,6.9216
2210.2,155.28,6.9216
2211.21,108.73,6.9215
2212.21,133.75,6.9215
2213.21,105.49,6.9216
2214.21,101.0,6.9216
2215.21,101.24,6.9216
2216.21,100.75,6.9216
2217.22,111.3,6.9216
2218.22,100.63,6.9216
2219.22,102.37,6.9216
2220.22,102.17,6.9216
2221.22,103.42,6.9216
2222.22,100.74,6.9216
2223.22,107.96,6.9216
2224.23,104.86,6.9216
2225.23,135.91,6.9216
2226.23,177.54,6.9216
2227.23,264.7,7.308
2228.23,133.17,7.3078
2229.23,133.38,7.3809
2230.23,101.24,7.4079
2231.24,101.42,7.4079
2232.24,101.0,7.4081
2233.24,103.35,7.4082
2234.24,103.18,7.4082
2235.24,102.51,7.4082
2236.24,137.69,7.4082
2237.24,106.73,7.4082
2238.25,101.62,7.4082
2239.25,105.33,7.4082
2240.25,101.29,7.4081
2241.25,104.35,7.4081
2242.25,101.03,7.4081
2243.25,101.54,7.4081
2244.25,100.99,7.4081
2245.26,101.18,7.408
2246.26,100.73,7.4082
2247.26,100.42,7.4082
2248.26,100.85,7.4082
2249.26,100.58,7.4082
2250.26,103.21,7.408
2251.26,101.04,7.408
2252.27,102.75,7.4081
2253.27,100.83,7.4082
2254.27,116.88,7.4082
2255.27,100.9,7.4082
2256.27,102.48,7.4082
2257.27,101.29,7.4083
2258.27,128.11,7.4083
2259.28,106.04,7.4082
2260.28,100.75,7.4082
2261.28,100.7,7.4082
2262.28,101.19,7.4082
2263.28,102.82,7.4083
2264.28,104.9,7.4083
2265.28,101.24,7.4083
2266.29,100.8,7.4083
2267.29,101.24,7.4083
2268.29,101.2,7.4082
2269.29,100.87,7.4082
2270.29,101.7,7.4082
2271.29,100.87,7.4082
2272.29,105.71,7.4082
2273.3,102.13,7.4082
2274.3,106.18,7.408
2275.3,104.69,7.408
2276.3,101.3,7.408
2277.3,100.89,7.408
2278.3,101.26,7.408
2279.31,101.79,7.408
2280.31,100.79,7.408
2281.31,113.44,7.408
2282.31,239.08,7.5532
2283.31,192.04,7.55
2284.31,112.56,7.55
2285.31,233.05,7.5512
2286.32,249.03,7.5516
2287.32,179.0,5.0139
2288.32,169.78,1.6366
2289.32,321.69,1.7855
2290.32,289.96,1.5977
2291.32,282.94,1.757
2292.32,288.38,1.597
2293.32,325.7,1.78
2294.33,291.76,1.6064
2295.33,332.02,1.7922
2296.33,294.7,1.6748
2297.33,336.4,1.8421
2298.33,298.87,1.6017
2299.33,330.15,1.7918
2300.33,339.27,1.999
2301.34,270.95,1.7731
2302.34,321.7,1.918
2303.34,331.03,2.1648
2304.34,322.25,2.4207
2305.34,263.9,1.7297
2306.34,338.27,1.9037
2307.34,262.47,1.6684
2308.34,306.69,1.8107
2309.35,286.26,1.606
2310.35,314.66,1.7914
2311.35,362.2,1.9394
2312.35,335.51,2.1881
2313.35,326.19,2.4471
2314.35,233.65,1.6722
2315.35,312.83,1.8213
2316.36,351.1,2.1112
2317.36,322.76,2.4462
2318.36,234.37,1.6798
2319.36,305.77,1.8438
2320.36,356.43,2.0384
2321.36,314.13,1.704
2322.36,353.42,1.8958
2323.37,345.27,2.1473
2324.37,321.03,2.4208
2325.37,248.67,1.6171
2326.37,330.21,1.813
2327.37,353.88,2.0004
2328.37,263.96,1.6564
2329.37,319.69,1.8197
2330.38,361.56,2.0111
2331.38,266.26,1.6783
2332.38,352.82,1.889
2333.38,345.88,2.1133
2334.38,262.09,1.701
2335.38,307.13,1.8581
2336.38,353.86,2.0593
2337.38,270.22,1.7192
2338.38,324.57,1.8447
2339.39,275.25,1.62
2340.39,331.82,1.821
2341.39,354.87,1.9228
2342.39,273.51,1.763
2343.39,353.67,1.9082
2344.39,274.91,1.6242
2345.39,347.91,1.8395
2346.39,347.45,2.001
2347.4,241.03,1.6681
2348.4,340.96,1.8776
2349.4,368.26,2.0819
2350.4,331.2,2.3737
2351.4,248.63,1.5501
2352.4,301.68,1.79
2353.4,288.33,1.6193
2354.4,334.58,1.854
2355.41,355.57,1.9808
2356.41,325.56,2.2327
2357.41,293.83,1.6026
2358.41,295.4,1.7999
2359.41,360.01,1.9992
2360.41,293.03,1.6013
2361.41,300.75,1.7947
2362.41,358.89,1.9241
2363.42,342.05,2.1666
2364.42,278.11,1.707
2365.42,300.59,1.8421
2366.42,352.2,2.082
2367.42,263.18,1.6432
2368.42,337.72,1.8766
2369.42,341.54,2.0101
2370.42,321.26,2.2699
2371.43,323.21,2.4356
2372.43,235.76,2.4895
2373.43,118.58,2.5442
2374.43,120.38,2.6162
2375.43,110.04,2.6978
2376.43,113.33,2.7811
2377.43,103.47,2.8655
2378.43,107.21,2.9509
2379.44,115.01,3.0366
2380.44,117.6,3.1197
2381.44,105.5,3.2023
2382.44,105.48,3.2867
2383.44,153.68,1.6299
2384.44,322.51,1.8344
2385.45,314.97,1.9599
2386.45,346.17,2.2016
2387.45,332.92,2.4328
2388.45,155.89,2.5213
2389.45,136.99,2.577
2390.45,107.38,2.6347
2391.45,103.71,2.6835
2392.46,104.53,2.7334
2393.46,123.37,2.7688
2394.46,101.22,2.8125
2395.46,105.88,2.849
2396.46,108.8,2.8886
2397.46,100.81,2.925
2398.47,110.32,2.9557
2399.47,100.9,2.9893
2400.47,100.78,3.0213
2401.47,103.0,3.0476
2402.47,101.78,3.0788
2403.47,101.53,3.1072
2404.47,100.59,3.1323
2405.47,123.47,3.1564
2406.48,101.29,3.1847
2407.48,105.51,3.21
2408.48,101.1,3.2337
2409.48,103.08,3.2565
2410.48,101.53,3.2818
2411.48,102.08,3.3041
2412.48,107.7,3.3257
2413.49,101.71,3.3445
2414.49,110.79,3.3555
2415.49,100.62,3.3614
2416.49,107.02,3.3712
2417.49,143.83,2.8504
2418.49,256.79,1.7488
2419.49,344.13,1.9317
2420.5,340.08,2.1075
2421.5,348.82,2.3389
2422.5,331.96,2.5583
2423.5,326.51,2.8524
2424.5,249.33,1.6824
2425.5,328.91,1.8718
2426.5,356.45,1.9978
2427.51,273.86,1.8118
2428.51,344.34,1.9723
2429.51,298.28,1.634
2430.51,307.44,1.8144
2431.51,338.66,1.9416
2432.51,353.34,2.1811
2433.51,258.88,1.7781
2434.52,317.04,1.8962
2435.52,360.21,2.1678
2436.52,255.89,1.7031
2437.52,309.2,1.9082
2438.52,337.01,2.0663
2439.52,342.83,2.3048
2440.52,342.43,2.5793
2441.52,327.13,2.824
2442.53,286.05,3.0066
2443.53,157.91,1.6524
2444.53,332.66,1.8922
2445.53,333.06,2.0053
2446.53,342.43,2.2357
2447.53,350.96,2.4501
2448.53,328.19,2.7523
2449.54,298.37,2.9716
2450.54,182.47,1.5764
2451.54,302.83,1.8815
2452.54,351.01,2.0402
2453.54,351.85,2.3275
2454.54,340.7,2.6201
2455.54,325.34,2.8658
2456.55,274.56,3.0254
2457.55,163.7,1.6609
2458.55,340.84,1.9058
2459.55,318.29,2.0248
2460.55,332.75,2.2519
2461.55,359.24,2.5738
2462.55,332.95,2.8458
2463.56,266.36,1.6746
2464.56,283.74,1.8176
2465.56,337.29,1.5699
2466.56,288.54,1.8232
2467.56,353.6,2.0236
2468.56,343.45,2.3644
2469.56,200.53,1.6403
2470.57,320.38,1.8189
2471.57,363.87,2.0097
2472.57,275.75,1.6914
2473.57,317.17,1.8621
2474.57,353.61,2.0882
2475.57,333.52,2.3797
2476.57,239.84,2.2382
2477.57,256.24,1.7705
2478.58,317.75,1.9161
2479.58,344.46,2.1406
2480.58,244.16,1.6913
2481.58,353.23,1.8742
2482.58,364.93,2.084
2483.58,249.09,1.6743
2484.58,332.94,1.8401
2485.58,358.21,2.0283
2486.59,261.99,1.6584
2487.59,316.15,1.8345
2488.59,353.46,1.9957
2489.59,243.67,1.6942
2490.59,323.6,1.8452
2491.59,326.76,1.9813
2492.59,222.41,1.7009
2493.6,327.0,1.8633
2494.6,361.77,2.0393
2495.6,259.25,1.6723
2496.6,312.47,1.8503
2497.6,351.28,2.0026
2498.6,276.19,1.6638
2499.61,302.5,1.8431
2500.61,330.34,1.9781
2501.61,284.91,1.6574
2502.61,306.76,1.847
2503.61,310.94,1.9569
2504.61,320.94,1.6609
2505.61,325.83,1.8522
2506.61,320.31,1.9639
2507.62,352.45,2.1909
2508.62,238.21,1.7766
2509.62,317.22,1.9024
2510.62,358.31,2.1085
2511.62,258.84,1.7055
2512.62,312.22,1.8815
2513.62,354.79,2.0412
2514.63,290.47,1.6799
2515.63,299.28,1.8513
2516.63,275.74,1.6842
2517.63,296.38,1.842
2518.63,271.34,1.6975
2519.63,313.64,1.8661
2520.63,279.94,1.7057
2521.63,303.61,1.8851
2522.64,349.78,2.0433
2523.64,323.86,1.6224
2524.64,286.14,1.8578
2525.64,314.61,1.9589
2526.65,350.78,2.1801
2527.65,254.28,1.7094
2528.65,315.87,1.8864
2529.65,350.3,2.0296
2530.65,295.7,1.6919
2531.65,308.92,1.8826
2532.65,322.15,1.9924
2533.65,350.98,2.2183
2534.66,253.65,1.798
2535.66,287.86,1.6934
2536.66,300.25,1.8872
2537.66,318.68,1.988
2538.66,351.7,2.2059
2539.66,263.07,1.8175
2540.66,295.17,1.9492
2541.67,353.33,2.1622
2542.67,263.54,1.7664
2543.67,298.46,1.9109
2544.67,314.3,1.7037
2545.67,313.51,1.9004
2546.67,323.72,2.052
2547.67,264.5,1.7828
2548.67,338.69,2.0187
2549.68,262.06,1.8033
2550.68,331.61,2.0402
2551.68,229.19,1.7762
2552.68,329.18,2.1067
2553.68,327.05,2.267
2554.68,343.29,2.5306
2555.68,333.37,2.7761
2556.69,315.13,3.0282
2557.69,308.85,3.2416
2558.69,304.65,3.4322
2559.69,306.81,3.6179
2560.69,230.35,1.7161
2561.69,324.29,2.0343
2562.69,322.88,2.2656
2563.69,351.75,2.5859
2564.7,335.66,2.8918
2565.7,315.82,3.1777
2566.7,307.13,3.4244
2567.7,308.15,3.6524
2568.7,230.01,1.7612
2569.7,332.18,2.1123
2570.7,343.39,2.3054
2571.71,342.24,2.6509
2572.71,323.96,2.9659
2573.71,311.6,3.258
2574.71,312.71,3.52
2575.71,267.69,2.3978
2576.71,269.09,1.9128
2577.71,328.07,2.25
2578.72,354.64,2.5247
2579.72,343.17,2.8238
2580.72,320.47,3.121
2581.72,310.51,3.3713
2582.72,309.02,3.5945
2583.72,228.33,1.7163
2584.72,332.97,2.025
2585.73,331.21,2.2834
2586.73,344.71,2.5974
2587.73,335.61,2.9015
2588.73,313.7,3.1979
2589.73,312.01,3.449
2590.73,311.15,3.6964
2591.73,313.66,4.1132
2592.73,223.27,1.774
2593.74,330.61,2.1866
2594.74,319.24,2.3694
2595.74,343.36,2.6998
2596.74,329.79,3.0174
2597.74,311.24,3.292
2598.74,312.45,3.5329
2599.75,278.62,1.6871
2600.75,292.73,1.9269
2601.75,312.83,2.2337
2602.75,331.43,2.3979
2603.75,340.38,2.7366
2604.75,318.97,3.0531
2605.75,311.54,3.3338
2606.75,311.85,3.5887
2607.76,225.01,1.7252
2608.76,308.8,1.8943
2609.76,352.23,2.0785
2610.76,278.88,1.8758
2611.76,331.12,2.0208
2612.76,295.62,1.703
2613.76,296.73,1.8869
2614.77,321.63,2.0135
2615.77,290.82,1.7118
2616.77,313.4,1.9407
2617.77,325.39,2.0352
2618.77,284.99,1.9183
2619.77,350.85,2.0699
2620.77,268.12,1.7948
2621.77,307.44,2.0015
2622.78,352.45,2.1855
2623.78,315.38,2.4089
2624.78,308.68,2.6279
2625.78,250.77,1.7679
2626.78,311.45,1.9716
2627.78,346.17,2.2048
2628.78,271.34,1.7667
2629.79,311.79,1.9295
2630.79,278.71,1.8644
2631.79,304.41,1.7372
2632.79,301.94,1.9131
2633.79,254.53,1.7843
2634.79,332.42,1.9386
2635.79,273.69,1.8007
2636.79,332.83,1.9971
2637.8,358.06,2.1898
2638.8,251.53,1.7751
2639.8,321.54,1.9873
2640.8,360.23,2.2084
2641.8,256.3,1.7625
2642.8,317.3,1.9407
2643.8,345.71,2.1132
2644.81,277.51,1.7547
2645.81,297.85,1.9286
2646.81,351.93,2.0778
2647.81,278.7,1.7575
2648.81,334.47,1.9885
2649.81,306.75,2.1838
2650.81,374.91,2.3377
2651.81,330.85,2.5694
2652.82,318.04,2.8374
2653.82,309.65,3.1328
2654.82,305.19,3.4132
2655.82,305.68,3.7576
2656.82,303.86,4.0225
2657.82,309.04,4.2291
2658.82,307.61,4.4624
2659.83,297.14,4.6222
2660.83,302.45,4.812
2661.83,238.35,4.959
2662.83,272.11,5.1353
2663.83,284.79,5.4085
2664.83,145.71,5.5545
2665.83,158.84,5.7216
2666.84,122.41,5.8728
2667.84,139.94,6.0655
2668.84,102.82,6.2236
2669.84,204.43,6.4385
2670.84,318.56,6.8289
2671.84,189.43,6.8356
2672.84,116.58,6.8286
2673.84,100.77,6.8285
2674.85,100.79,6.8285
2675.85,101.82,6.9287
2676.85,101.78,6.9288
2677.85,154.97,6.9303
2678.85,100.99,6.9301
2679.85,136.09,6.9303
2680.85,104.72,6.9303
2681.85,117.76,6.9303
2682.86,105.77,6.9303
2683.86,101.09,6.9302
2684.86,106.25,6.9301
2685.86,103.69,6.9303
2686.86,102.17,6.9303
2687.86,100.76,6.9303
2688.86,100.66,6.9302
2689.86,108.0,6.9302
2690.87,100.66,6.9303
2691.87,100.77,6.9303
2692.87,101.01,6.9303
2693.87,101.12,6.9303
2694.87,141.13,7.0981
2695.87,101.09,7.098
2696.87,100.69,7.1174
2697.88,100.62,7.1788
2698.88,103.55,7.198
2699.88,100.69,7.1982
2700.88,100.62,7.1982
2701.88,102.16,7.1982
2702.88,101.48,7.1981
2703.88,101.41,7.1982
2704.89,100.69,7.1981
2705.89,100.7,7.1981
2706.89,101.09,7.1982
2707.89,100.71,7.1982
2708.89,100.83,7.1982
2709.89,101.08,7.1982
2710.89,100.75,7.1982
2711.9,100.68,7.1982
2712.9,101.18,7.1982
2713.9,100.69,7.1982
2714.9,101.06,7.1982
2715.9,100.66,7.1982
2716.9,100.7,7.1982
2717.9,101.12,7.1981
2718.91,100.77,7.1982
2719.91,100.8,7.1982
2720.91,101.08,7.1982
2721.91,100.64,7.1982
2722.91,102.9,7.1982
2723.91,104.16,7.1982
2724.91,100.63,7.1982
2725.92,101.12,7.1982
2726.92,100.64,7.1982
2727.92,100.67,7.1982
2728.92,101.24,7.1982
2729.92,100.72,7.1981
2730.92,100.58,7.1981
2731.92,100.95,7.1981
2732.93,100.6,7.1981
2733.93,100.51,7.1981
2734.93,100.94,7.1981
2735.93,100.5,7.1981
2736.93,100.5,7.1981
2737.93,100.95,7.1981
2738.93,100.6,7.1981
2739.93,100.68,7.1981
2740.94,101.04,7.1981
2741.94,100.48,7.1981
2742.94,100.59,7.1981
2743.94,100.95,7.1981
2744.94,100.5,7.1981
2745.94,100.48,7.1981
2746.95,100.88,7.1981
2747.95,100.58,7.1981
2748.95,101.13,7.1981
2749.95,100.69,7.1982
2750.95,100.68,7.1982
2751.95,101.06,7.1981
2752.95,100.79,7.1982
2753.96,100.72,7.1982
2754.96,101.08,7.1982
2755.96,100.7,7.1982
2756.96,101.08,7.1982
2757.96,103.03,7.1982
2758.96,100.54,7.1982
2759.96,100.9,7.1982
2760.97,100.5,7.1982
2761.97,100.51,7.1982
2762.97,101.0,7.1981
2763.97,100.55,7.1982
2764.97,101.06,7.1982
2765.97,100.71,7.1981
2766.97,100.71,7.1981
2767.98,101.1,7.1981
2768.98,100.74,7.1982
2769.98,100.65,7.1982
2770.98,101.05,7.1982
2771.98,100.65,7.1981
2772.98,101.23,7.1982
2773.98,100.79,7.1982
2774.99,109.53,7.1984
2775.99,100.98,7.1984
2776.99,100.44,7.1984
2777.99,100.69,7.1984
2778.99,101.48,7.1984
2779.99,102.4,7.1984
2780.99,121.97,7.1984
2782.0,124.24,7.2012
2783.0,101.32,7.1971
2784.0,100.66,7.1971
2785.0,101.01,7.1971
2786.0,101.23,7.1971
2787.0,100.61,7.1971
2788.0,102.71,7.1971
2789.01,104.1,7.1971
2790.01,100.7,7.1971
2791.01,101.1,7.197
2792.01,100.71,7.197
2793.01,101.21,7.1969
2794.01,100.79,7.197
2795.02,100.77,7.197
2796.02,101.23,7.197
2797.02,100.73,7.197
2798.02,100.87,7.197
2799.02,101.28,7.197
2800.02,100.8,7.197
2801.02,100.69,7.197
2802.02,101.04,7.197
2803.03,100.7,7.197
2804.03,100.62,7.197
2805.03,100.93,7.197
2806.03,100.58,7.197
2807.03,100.8,7.197
2808.03,101.32,7.197
2809.03,100.87,7.1969
2810.03,100.75,7.197
2811.04,101.21,7.197
2812.04,166.5,7.1973
2813.04,100.99,7.1973
2814.04,101.24,7.1973
2815.04,100.88,7.1972
2816.04,101.25,7.1972
2817.05,100.88,7.1972
2818.05,100.84,7.1972
2819.05,101.31,7.1972
2820.05,100.83,7.1972
2821.05,101.29,7.1972
2822.05,100.7,7.1971
2823.06,101.18,7.1971
2824.06,101.29,7.1971
2825.06,100.87,7.1971
2826.06,101.22,7.197
2827.06,100.89,7.197
2828.06,100.96,7.197
2829.06,101.34,7.1971
2830.07,100.89,7.1971
2831.07,100.78,7.1971
2832.07,110.54,3.1276
2833.07,238.98,1.8524
2834.07,322.36,2.1592
2835.07,363.15,2.2907
2836.07,351.23,2.536
2837.07,331.18,2.8335
2838.08,316.75,3.1108
2839.08,309.63,3.3401
2840.08,303.93,3.5594
2841.08,305.56,3.8898
2842.08,307.7,4.0725
2843.08,301.95,4.2388
2844.08,313.58,4.397
2845.09,286.85,4.5241
2846.09,275.99,4.6654
2847.09,139.91,4.7919
2848.09,160.96,4.905
2849.09,230.24,5.0556
2850.09,163.42,5.1942
2851.09,142.38,5.3671
2852.09,127.82,5.4668
2853.1,165.4,5.5937
2854.1,215.73,5.6767
2855.1,157.44,5.8332
2856.1,127.78,5.9432
2857.1,109.3,6.0684
2858.1,105.04,6.1666
2859.11,242.27,6.4248
2860.11,318.51,6.8387
2861.11,221.7,6.8845
2862.11,120.48,6.9846
2863.11,121.33,6.9847
2864.11,171.02,6.9852
2865.11,122.58,6.9852
2866.11,108.82,6.9852
2867.12,114.16,6.9852
2868.12,100.71,6.9852
2869.12,100.89,6.9852
2870.12,104.76,6.9852
2871.12,100.71,6.9852
2872.12,101.48,6.9852
2873.12,102.02,6.9852
2874.13,101.18,6.9852
2875.13,101.01,6.9853
2876.13,100.69,6.9853
2877.13,101.03,6.9853
2878.13,100.68,6.9853
2879.13,102.44,6.9853
2880.13,100.69,6.9853
2881.14,100.75,6.9853
2882.14,101.3,6.9853
2883.14,100.82,6.9853
2884.14,139.07,7.1493
2885.14,101.15,7.1984
2886.14,100.65,7.1984
2887.14,100.73,7.1984
2888.14,101.12,7.1984
2889.15,104.14,7.1984
2890.15,100.65,7.1984
2891.15,101.41,7.1984
2892.15,100.68,7.1984
2893.15,100.75,7.1984
2894.15,107.6,7.1986
2895.15,100.47,7.1986
2896.16,100.5,7.1986
2897.16,101.07,7.1986
2898.16,100.7,7.1986
2899.16,100.73,7.1986
2900.16,101.15,7.1986
2901.16,100.69,7.1986
2902.16,101.55,7.1986
2903.16,101.02,7.1986
2904.17,101.06,7.1986
2905.17,100.68,7.1986
2906.17,101.07,7.1986
2907.17,100.66,7.1986
2908.17,101.06,7.1986
2909.17,100.7,7.1985
2910.18,100.63,7.1985
2911.18,101.03,7.1985
2912.18,100.59,7.1985
2913.18,100.72,7.1985
2914.18,101.09,7.1985
2915.18,100.65,7.1986
2916.18,101.05,7.1985
2917.19,100.6,7.1985
2918.19,100.62,7.1984
2919.19,101.0,7.1984
2920.19,100.72,7.1984
2921.19,100.75,7.1984
2922.19,101.15,7.1984
2923.19,100.8,7.1985
2924.2,101.13,7.1985
2925.2,100.76,7.1986
2926.2,118.13,7.1988
2927.2,101.27,7.1988
2928.2,102.62,7.1988
2929.2,100.7,7.1986
2930.2,101.35,7.1986
2931.21,100.84,7.1986
2932.21,101.05,7.1986
2933.21,120.21,7.1986
2934.21,111.1,7.1986
2935.21,100.71,7.1986
2936.21,101.09,7.1984
2937.21,102.35,7.1984
2938.22,101.54,7.1984
2939.22,100.72,7.1984
2940.22,100.69,7.1984
2941.22,101.17,7.1985
2942.22,100.68,7.1985
2943.22,100.7,7.1985
2944.22,101.55,7.1985
2945.23,100.72,7.1987
2946.23,100.73,7.1987
2947.23,101.14,7.1986
2948.23,100.7,7.1987
2949.23,100.7,7.1986
2950.23,101.04,7.1986
2951.23,100.8,7.1986
2952.23,100.74,7.1986
2953.24,101.21,7.1985
2954.24,100.78,7.1985
2955.24,100.73,7.1985
2956.24,101.25,7.1985
2957.24,104.1,7.1985
2958.24,101.12,7.1985
2959.25,100.82,7.1986
2960.25,100.72,7.1986
2961.25,101.15,7.1985
2962.25,100.78,7.1986
2963.25,100.73,7.1986
2964.25,104.42,7.1986
2965.25,100.69,7.1986
2966.26,100.66,7.1986
2967.26,100.99,7.1986
2968.26,100.8,7.1986
2969.26,101.15,7.1986
2970.26,100.82,7.1986
2971.26,109.27,1.6951
2972.26,276.98,1.9024
2973.27,316.14,2.1736
2974.27,358.71,2.3172
2975.27,342.56,2.5229
2976.27,314.34,2.6859
2977.27,312.68,2.8041
2978.27,311.05,3.0499
2979.27,309.22,3.2718
2980.27,303.8,3.4726
2981.28,307.03,3.7981
2982.28,301.19,3.999
2983.28,310.5,4.1525
2984.28,289.43,4.3004
2985.28,227.98,4.4273
2986.28,219.51,4.5353
2987.28,143.74,4.6435
2988.29,107.71,4.7502
2989.29,150.41,4.8544
2990.29,171.25,4.9655
2991.29,220.27,5.1305
2992.29,146.26,5.239
2993.29,107.63,5.371
2994.3,135.44,5.4706
2995.3,129.83,5.578
2996.3,122.17,5.6701
2997.3,152.3,5.8082
2998.3,126.23,5.9177
2999.3,113.05,6.0404
3000.3,107.63,6.1089
3001.31,308.94,6.4671
3002.31,260.77,6.9288
3003.31,261.13,6.9415
3004.31,200.96,7.0539
3005.31,133.04,7.0549
3006.31,100.78,7.0549
3007.31,106.82,7.0369
3008.32,102.42,7.0369
3009.32,100.93,7.037
3010.32,156.73,7.1995
3011.32,150.95,7.1995
3012.32,100.55,7.1995
3013.32,103.07,7.1995
3014.33,100.85,7.1994
3015.33,100.84,7.1994
3016.33,100.97,7.1994
3017.33,102.56,7.1994
3018.33,124.41,7.1995
3019.33,107.67,7.1995
3020.33,100.96,7.1995
3021.33,123.72,7.1995
3022.34,104.46,7.1996
3023.34,119.68,7.1997
3024.34,125.01,7.1995
3025.34,100.82,7.1995
3026.34,101.12,7.1995
3027.34,101.62,7.1995
3028.35,102.24,7.1996
3029.35,103.33,7.1995
3030.35,100.89,7.1995
3031.35,100.53,7.1995
3032.35,100.66,7.1996
3033.35,100.76,7.1997
3034.35,101.27,7.1996
3035.35,100.6,7.1996
3036.36,101.0,7.1996
3037.36,100.66,7.1995
3038.36,100.68,7.1996
3039.36,101.07,7.1995
3040.36,100.63,7.1996
3041.36,101.74,7.1996
3042.37,101.22,7.1996
3043.37,100.86,7.1997
3044.37,101.1,7.1997
3045.37,100.68,7.1997
3046.37,100.7,7.1996
3047.37,101.25,7.1996
3048.37,100.79,7.1997
3049.37,100.69,7.1997
3050.38,101.15,7.1996
3051.38,100.77,7.1996
3052.38,112.66,7.1999
3053.38,101.27,7.1999
3054.38,100.68,7.1998
3055.38,100.7,7.1998
3056.38,101.15,7.1997
3057.39,103.05,7.1997
3058.39,103.6,7.1998
3059.39,105.37,7.1998
3060.39,112.23,7.1998
3061.39,136.81,7.1999
3062.39,100.97,7.1999
3063.39,100.84,7.2
3064.4,100.53,7.2
3065.4,104.13,7.1999
3066.4,100.44,7.1999
3067.4,101.56,7.1999
3068.4,100.75,7.1999
3069.4,100.72,7.1998
3070.4,101.06,7.1998
3071.41,100.75,7.1998
3072.41,101.13,7.1998
3073.41,100.84,7.2
3074.41,100.7,7.2
3075.41,101.07,7.2
3076.41,100.57,7.2
3077.42,100.69,7.2
3078.42,101.11,7.2
3079.42,100.69,7.2
3080.42,101.09,7.2
3081.42,100.67,7.2
3082.42,100.72,7.2
3083.42,101.13,7.2
3084.43,100.5,7.1999
3085.43,101.08,7.1998
3086.43,100.71,7.1998
3087.43,100.67,7.1999
3088.43,100.95,7.1999
3089.43,100.62,7.1997
3090.44,101.17,7.1997
3091.44,100.79,7.1999
3092.44,100.71,7.1999
3093.44,101.31,7.2
3094.44,100.65,7.2
3095.44,101.21,7.2
3096.45,100.81,7.2
3097.45,101.15,7.2
3098.45,101.23,7.2
3099.45,100.82,7.1999
3100.45,101.22,7.1999
3101.45,100.9,7.1999
3102.46,101.22,7.1999
3103.46,100.96,7.2
3104.46,100.53,7.2
3105.46,112.9,7.2004
3106.46,196.49,1.8136
3107.46,338.45,1.9843
3108.46,287.09,1.8225
3109.46,343.57,1.9938
3110.47,289.83,1.8999
3111.47,346.94,2.042
3112.47,265.92,1.8805
3113.47,310.74,2.1652
3114.47,334.4,2.2812
3115.47,331.57,2.5087
3116.47,312.52,2.7418
3117.48,310.85,2.9504
3118.48,308.53,3.1513
3119.48,307.16,3.3588
3120.48,303.32,3.6456
3121.48,301.05,3.8104
3122.48,303.53,3.9588
3123.48,291.44,4.1138
3124.49,230.78,4.2336
3125.49,177.55,4.3442
3126.49,147.28,4.4615
3127.49,142.65,4.5719
3128.49,191.74,4.6844
3129.49,169.81,4.7847
3130.49,207.51,5.0088
3131.5,134.67,5.1089
3132.5,130.88,5.2363
3133.5,122.69,5.3295
3134.5,116.48,5.4186
3135.5,113.62,5.4978
3136.5,134.45,5.6528
3137.5,114.96,5.7549
3138.51,127.89,5.8546
3139.51,114.49,5.9405
3140.51,239.88,6.2032
3141.51,272.16,6.6811
3142.51,147.66,6.8757
3143.51,114.72,6.8757
3144.52,100.93,6.8757
3145.52,102.55,6.976
3146.52,101.56,6.976
3147.52,101.16,6.9759
3148.52,105.5,6.9759
3149.52,142.62,7.1348
3150.53,100.85,7.1829
3151.53,102.29,7.1829
3152.53,101.08,7.1829
3153.53,142.81,7.1829
3154.53,111.52,7.183
3155.53,126.41,7.183
3156.53,109.96,7.183
3157.54,111.08,7.183
3158.54,104.19,7.1831
3159.54,128.56,7.1831
3160.54,101.99,7.1831
3161.54,109.01,7.183
3162.54,100.77,7.183
3163.54,101.49,7.1831
3164.55,100.85,7.1831
3165.55,106.61,7.1831
3166.55,101.34,7.1831
3167.55,103.05,7.1831
3168.55,103.93,7.1831
3169.55,142.58,7.1831
3170.56,102.23,7.1831
3171.56,101.26,7.1831
3172.56,148.14,1.7739
3173.56,297.16,1.9222
3174.56,291.57,1.7597
3175.56,316.19,1.9194
3176.56,357.21,1.7951
3177.57,274.76,1.8975
3178.57,299.3,1.677
3179.57,278.0,1.9172
3180.57,317.62,2.1624
3181.57,364.38,2.2864
3182.57,334.96,2.5139
3183.57,315.9,2.7476
3184.58,312.7,2.9587
3185.58,312.44,3.1617
3186.58,307.28,3.3354
3187.58,305.97,3.5262
3188.58,302.82,3.7812
3189.58,307.09,3.9122
3190.58,309.83,4.0554
3191.58,305.65,4.1698
3192.59,284.29,4.2727
3193.59,179.87,4.3886
3194.59,136.69,4.4733
3195.59,149.21,4.567
3196.59,160.97,4.6676
3197.59,180.22,4.8412
3198.6,124.93,4.9806
3199.6,141.57,5.0726
3200.6,179.81,5.1995
3201.6,125.73,5.2845
3202.6,124.14,5.3524
3203.6,109.51,5.4326
3204.6,149.52,5.5034
3205.61,137.89,5.6646
3206.61,114.4,5.7687
3207.61,125.26,5.856
3208.61,125.52,5.9337
3209.61,252.42,6.1962
3210.61,282.14,6.7245
3211.61,135.32,6.9754
3212.61,114.61,6.9755
3213.62,106.14,6.9756
3214.62,102.45,6.9756
3215.62,100.94,6.9756
3216.62,101.17,6.9756
3217.62,100.7,6.9756
3218.62,123.19,7.0837
3219.62,114.06,7.1818
3220.63,100.85,7.1817
3221.63,125.87,7.182
3222.63,109.04,7.182
3223.63,122.76,7.182
3224.63,115.3,7.182
3225.63,103.45,7.182
3226.63,113.67,7.182
3227.64,103.94,7.182
3228.64,103.86,7.182
3229.64,103.04,7.182
3230.64,103.12,7.1821
3231.64,109.76,7.1821
3232.64,105.45,7.1821
3233.64,101.62,7.1821
3234.65,101.4,7.1821
3235.65,102.89,7.182
3236.65,103.18,7.182
3237.65,100.55,7.182
3238.65,111.69,5.0479
3239.65,211.12,1.8228
3240.65,306.69,1.9627
3241.66,293.13,1.8371
3242.66,320.71,2.1599
3243.66,368.97,2.3237
3244.66,335.28,2.564
3245.66,316.54,2.7766
3246.66,305.19,2.9909
3247.66,308.81,3.1893
3248.66,307.74,3.4373
3249.67,306.33,3.7383
3250.67,307.09,3.9063
3251.67,301.06,4.0722
3252.67,250.41,4.2063
3253.67,164.01,4.3199
3254.67,117.82,4.4224
3255.68,151.6,4.5104
3256.68,123.26,4.569
3257.68,155.52,4.6536
3258.68,111.99,4.7369
3259.68,142.84,4.8705
3260.68,175.59,5.0353
3261.68,155.29,5.1089
3262.69,130.05,5.2132
3263.69,114.32,5.2749
3264.69,119.93,5.3421
3265.69,103.65,5.4198
3266.69,149.87,5.5361
3267.69,104.88,5.614
3268.7,104.09,5.7076
3269.7,110.61,5.8096
3270.7,122.86,5.8816
3271.7,110.93,5.9423
3272.7,188.88,2.4243
3273.7,259.28,1.8754
3274.7,313.43,2.1696
3275.71,360.93,2.2786
3276.71,335.12,2.4887
3277.71,307.6,2.6514
3278.71,310.08,2.8145
3279.71,306.11,3.0546
3280.71,310.93,3.2904
3281.71,301.37,3.6283
3282.71,301.04,3.8436
3283.72,314.69,4.0317
3284.72,300.93,4.2051
3285.72,272.69,4.3555
3286.72,206.13,4.5042
3287.72,176.95,4.6313
3288.72,142.21,4.7605
3289.72,190.03,4.9726
3290.73,164.11,5.1186
3291.73,140.05,5.2523
3292.73,132.57,5.3653
3293.73,129.11,5.4609
3294.73,133.59,5.6353
3295.73,103.53,5.7792
3296.73,129.87,5.8655
3297.74,223.58,6.0163
3298.74,291.38,6.445
3299.74,197.14,6.8246
3300.74,101.15,6.9248
3301.74,113.55,6.9248
3302.74,119.01,6.9252
3303.75,124.21,6.9252
3304.75,104.97,6.9251
3305.75,101.12,6.9251
3306.75,100.54,6.925
3307.75,101.08,6.925
3308.75,134.14,6.9251
3309.75,103.97,6.9251
3310.76,112.55,6.9251
3311.76,105.06,6.9251
3312.76,114.13,6.9251
3313.76,112.52,6.9252
3314.76,102.9,6.9252
3315.76,104.45,6.9252
3316.76,100.66,6.9252
3317.76,101.02,6.9252
3318.77,100.72,6.9252
3319.77,100.56,6.9251
3320.77,101.3,6.9251
3321.77,101.58,6.9251
3322.77,100.67,6.9251
3323.77,101.22,6.9251
3324.77,100.54,6.9251
3325.78,100.85,6.9251
3326.78,100.45,6.9251
3327.78,100.54,6.9251
3328.78,100.93,6.9251
3329.78,100.56,6.9251
3330.78,100.8,6.925
3331.78,101.01,6.9251
3332.79,100.61,6.9251
3333.79,100.74,6.9251
3334.79,100.92,6.9251
3335.79,100.55,6.9251
3336.79,103.59,6.9251
3337.79,101.04,6.9251
3338.79,101.16,6.925
3339.8,101.06,6.925
3340.8,101.04,6.925
3341.8,100.7,6.925
3342.8,101.1,6.925
3343.8,100.77,6.9252
3344.8,100.73,6.9252
3345.8,100.98,6.9252
3346.81,101.56,6.9252
3347.81,100.58,6.9252
3348.81,100.87,6.9252
3349.81,100.55,6.9252
3350.81,100.5,6.9252
3351.81,100.96,6.925
3352.81,101.84,6.9252
3353.81,100.59,6.9253
3354.82,100.88,6.9252
3355.82,100.49,6.9252
3356.82,100.47,6.9251
3357.82,100.95,6.9251
3358.82,100.55,6.9252
3359.82,100.59,6.9252
3360.82,146.68,7.0845
3361.83,100.81,7.0846
3362.83,100.83,7.1369
3363.83,101.15,7.1847
3364.83,100.7,7.1847
3365.83,100.71,7.1846
3366.83,101.18,7.1846
3367.83,100.74,7.1847
3368.84,101.1,7.1847
3369.84,100.68,7.1847
3370.84,100.72,7.1847
3371.84,101.04,7.1847
3372.84,100.72,7.1847
3373.84,101.05,7.1847
3374.84,100.67,7.1847
3375.85,100.55,7.1847
3376.85,100.91,7.1847
3377.85,100.65,7.1847
3378.85,100.6,7.1846
3379.85,100.97,7.1846
3380.85,100.63,7.1846
3381.85,100.61,7.1846
3382.86,101.01,7.1846
3383.86,100.58,7.1847
3384.86,100.53,7.1847
3385.86,100.94,7.1847
3386.86,100.64,7.1847
3387.86,101.0,7.1847
3388.87,100.61,7.1847
3389.87,100.56,7.1847
3390.87,100.96,7.1847
3391.87,106.94,7.1849
3392.87,110.35,7.1849
3393.87,103.35,7.1848
3394.87,121.74,7.1849
3395.88,101.29,7.1849
3396.88,100.7,7.1849
3397.88,100.93,7.1849
3398.88,100.69,7.1849
3399.88,118.19,7.185
3400.88,100.85,7.185
3401.88,100.61,7.185
3402.88,101.74,7.185
3403.89,100.65,7.185
3404.89,100.54,7.1851
3405.89,101.39,7.1851
3406.89,100.44,7.185
3407.89,101.25,7.1849
3408.89,100.71,7.1849
3409.9,100.62,7.1849
3410.9,101.71,7.1849
3411.9,100.75,7.1849
3412.9,100.71,7.1849
3413.9,101.16,7.1849
3414.9,100.64,7.1849
3415.9,100.64,7.1849
3416.9,105.07,7.1849
3417.91,100.64,7.1849
3418.91,101.1,7.1849
3419.91,103.68,7.1849
3420.91,100.71,7.185
3421.91,101.48,7.185
3422.91,101.55,7.1849
3423.92,101.27,7.185
3424.92,124.65,1.7561
3425.92,317.25,1.9577
3426.92,307.3,2.1977
3427.92,365.65,2.3399
3428.92,320.45,2.5477
3429.92,312.04,2.7508
3430.93,312.61,2.9672
3431.93,305.27,3.2208
3432.93,302.29,3.4411
3433.93,300.91,3.7492
3434.93,300.74,3.9134
3435.93,303.08,4.0742
3436.93,306.79,4.2205
3437.93,180.21,4.3561
3438.94,170.4,4.4789
3439.94,160.28,4.5757
3440.94,163.05,4.6783
3441.94,146.24,4.8526
3442.94,177.28,4.999
3443.94,117.17,5.0902
3444.94,182.52,5.2076
3445.95,105.81,5.2943
3446.95,111.63,5.3799
3447.95,119.65,5.5355
3448.95,106.06,5.6533
3449.95,138.49,5.7651
3450.95,113.72,5.8916
3451.95,315.75,6.1919
3452.96,264.93,6.3091
3453.96,146.54,6.4043
3454.96,153.22,6.6239
3455.96,168.18,6.8355
3456.96,103.68,6.8802
3457.96,114.3,6.9357
3458.96,101.03,6.9356
3459.97,104.01,6.9356
3460.97,135.49,6.9356
3461.97,101.2,6.9357
3462.97,100.54,6.9357
3463.97,101.73,6.9357
3464.97,105.48,6.9357
3465.98,106.04,6.9356
3466.98,109.35,6.9356
3467.98,100.48,6.9355
3468.98,101.03,6.9355
3469.98,100.48,6.9355
3470.98,100.58,6.9356
3471.98,101.34,6.9357
3472.99,100.98,6.9358
3473.99,107.82,6.9358
3474.99,139.53,6.9358
3475.99,100.69,6.9358
3476.99,103.41,6.9358
3477.99,123.22,6.9358
3479.0,103.72,6.9358
3480.0,101.18,6.9358
3481.0,100.66,6.9356
3482.0,100.79,6.9356
3483.0,101.21,6.9357
3484.0,100.66,6.9357
3485.0,100.64,6.9356
3486.0,110.78,6.9357
3487.01,102.95,6.9357
3488.01,100.73,6.9358
3489.01,101.66,6.9358
3490.01,101.2,6.9358
3491.01,100.6,6.9357
3492.01,100.94,6.9357
3493.01,100.83,6.9357
3494.02,101.67,6.9357
3495.02,100.74,6.9357
3496.02,100.75,6.9357
3497.02,101.13,6.9357
3498.02,100.59,6.9357
3499.02,113.01,6.9357
3500.03,101.11,6.9357
3501.03,100.93,6.9357
3502.03,101.7,6.9357
3503.03,104.04,6.9357
3504.03,104.0,6.9358
3505.03,100.74,6.9358
3506.03,100.43,6.9358
3507.04,100.42,6.9358
3508.04,100.84,6.9358
3509.04,103.38,6.9358
3510.04,100.57,6.9358
3511.04,101.13,6.9358
3512.04,100.61,6.9357
3513.04,100.72,6.9357
3514.04,101.13,6.9358
3515.05,100.65,6.9358
3516.05,100.55,6.9358
3517.05,101.0,6.9358
3518.05,100.56,6.9358
3519.05,100.68,6.9358
3520.05,138.92,7.0931
3521.05,100.85,7.093
3522.05,100.82,7.1662
3523.05,119.32,7.1911
3524.06,101.02,7.1912
3525.06,100.69,7.1911
3526.06,124.13,1.7501
3527.06,311.08,1.9344
3528.06,305.83,2.0495
3529.06,324.86,2.3321
3530.06,329.76,2.6602
3531.07,248.96,3.0706
3532.07,113.48,3.1255
3533.07,208.77,3.2003
3534.07,201.73,3.2802
3535.07,240.87,3.4564
3536.07,244.76,1.6794
3537.07,281.3,1.9177
3538.07,335.59,2.0199
3539.08,343.79,2.2605
3540.08,328.23,2.5021
3541.08,246.3,2.6629
3542.08,132.53,2.7458
3543.08,155.97,1.7627
3544.08,305.43,1.9649
3545.08,365.9,2.1749
3546.09,335.74,2.4237
3547.09,325.82,2.6636
3548.09,293.66,3.036
3549.09,191.39,3.2436
3550.09,107.06,3.285
3551.09,102.25,3.3422
3552.09,113.51,3.4031
3553.09,142.19,3.467
3554.1,264.78,3.6692
3555.1,215.61,3.0065
3556.1,242.3,1.8631
3557.1,351.43,2.007
3558.1,352.26,2.2743
3559.1,316.93,2.5836
3560.1,250.3,1.8143
3561.11,321.31,1.9995
3562.11,348.55,2.2228
3563.11,317.29,2.4847
3564.11,332.08,2.7531
3565.11,197.43,1.9928
3566.11,283.85,1.9464
3567.11,336.97,2.1136
3568.11,321.02,2.4008
3569.12,331.92,2.6706
3570.12,127.05,2.688
3571.12,113.43,2.6933
3572.12,135.82,2.6994
3573.12,101.82,2.7042
3574.12,103.08,2.7111
3575.13,100.83,2.7184
3576.13,105.55,2.7255
3577.13,101.29,2.7322
3578.13,126.56,1.7601
3579.13,276.63,1.9212
3580.13,368.67,2.0928
3581.13,295.06,1.7464
3582.14,299.05,1.9385
3583.14,348.33,2.0882
3584.14,310.41,2.1826
3585.14,261.32,1.8985
3586.14,316.35,2.0153
3587.14,338.77,2.2284
3588.14,278.56,1.8942
3589.15,336.41,2.0498
3590.15,269.14,1.762
3591.15,304.32,1.9334
3592.15,340.34,2.0757
3593.15,297.45,1.6804
3594.15,282.42,1.9373
3595.15,346.13,2.0839
3596.15,324.28,2.2027
3597.16,262.02,1.8958
3598.16,329.89,2.0163
3599.16,272.09,1.773
3600.16,337.37,1.9657
3601.16,353.87,2.1945
3602.16,207.85,1.7807
3603.16,306.85,1.9444
3604.17,352.92,2.1132
3605.17,329.01,2.3397
3606.17,239.83,1.7555
3607.17,307.23,1.952
3608.17,329.97,2.0695
3609.17,321.33,2.1535
3610.17,262.65,1.9374
3611.18,329.57,2.0709
3612.18,341.31,2.2942
3613.18,254.58,1.8666
3614.18,311.81,1.9992
3615.18,346.49,2.2837
3616.18,244.51,1.8387
3617.18,311.72,1.9797
3618.18,348.48,2.2227
3619.18,252.71,1.8273
3620.19,309.99,1.9716
3621.19,279.46,1.8101
3622.19,295.43,1.9562
3623.19,264.02,1.7917
3624.19,351.68,1.9801
3625.19,294.85,1.7638
3626.19,315.04,1.9359
3627.19,341.65,2.0696
3628.2,245.11,1.8171
3629.2,300.45,1.9595
3630.2,354.83,2.1337
3631.2,219.74,1.8041
3632.2,314.05,1.9634
3633.2,353.44,2.1362
3634.2,266.42,1.9091
3635.21,317.23,2.0085
3636.21,312.03,2.1832
3637.21,248.21,1.8668
3638.21,328.64,2.0002
3639.21,286.5,1.7685
3640.21,299.82,1.942
3641.21,336.06,2.0814
3642.21,318.05,2.3413
3643.22,248.79,1.7806
3644.22,303.41,1.9546
3645.22,348.75,2.1224
3646.22,327.74,2.3833
3647.22,257.79,1.8137
3648.22,338.16,1.984
3649.22,272.25,1.821
3650.22,337.87,2.0322
3651.23,348.8,1.7212
3652.23,281.03,1.9307
3653.23,325.85,2.0753
3654.23,294.26,1.7953
3655.23,329.72,1.9884
3656.23,351.47,2.192
3657.23,333.56,2.4435
3658.24,313.59,2.7062
3659.24,255.1,3.0191
3660.24,171.29,3.4338
3661.24,106.7,3.9344
3662.24,207.72,4.4498
3663.24,182.75,1.7611
3664.24,316.78,1.9574
3665.25,364.95,2.1396
3666.25,274.07,1.9399
3667.25,330.13,2.0658
3668.25,276.75,1.9306
3669.25,284.85,1.7745
3670.25,306.78,1.9456
3671.25,328.29,1.7455
3672.26,286.65,1.9248
3673.26,239.1,1.8018
3674.26,336.74,1.9778
3675.26,303.41,1.8214
3676.26,354.49,2.0052
3677.26,283.3,1.9642
3678.26,315.74,2.3751
3679.26,312.43,2.809
3680.26,206.34,3.3086
3681.27,161.15,3.7181
3682.27,320.94,3.857
3683.27,347.24,4.0854
3684.27,340.36,4.3703
3685.27,318.94,4.651
3686.27,310.41,4.9048
3687.28,305.94,5.21
3688.28,311.15,5.4348
3689.28,302.26,5.6861
3690.28,303.2,5.9444
3691.28,301.03,6.2099
3692.28,302.28,6.5022
3693.28,343.65,7.2893
3694.29,289.9,7.417
3695.29,309.28,7.4178
3696.29,254.04,7.4186
3697.29,289.29,7.4193
3698.29,239.4,7.4199
3699.29,224.72,7.4199
3700.29,132.68,7.4199
3701.29,193.44,7.4829
3702.3,122.99,7.52
3703.3,122.02,7.52
3704.3,139.73,7.52
3705.3,106.24,7.52
3706.3,128.08,7.52
3707.3,120.79,7.52
3708.31,259.06,8.228
3709.31,109.9,8.2279
3710.31,131.52,8.2279
3711.31,119.36,8.2279
3712.31,173.32,8.2279
3713.31,128.78,8.2278
3714.31,118.03,8.2278
3715.32,135.75,8.2278
3716.32,106.45,8.2278
3717.32,104.55,8.2278
3718.32,150.57,8.228
3719.32,140.05,8.2279
3720.32,121.81,8.2279
3721.33,124.52,8.2279
3722.33,101.6,8.2279
3723.33,102.67,8.2279
3724.33,101.73,8.2279
3725.33,101.45,8.2279
3726.33,101.25,8.2279
3727.33,101.57,8.2279
3728.34,103.65,8.2279
3729.34,101.28,8.2279
3730.34,101.23,8.2279
3731.34,101.34,8.2279
3732.34,101.68,8.2279
3733.34,104.46,8.2279
3734.34,101.14,8.2279
3735.35,103.35,8.228
3736.35,100.65,8.228
3737.35,103.76,8.2279
3738.35,123.76,8.2279
3739.35,197.06,8.2281
3740.35,138.87,8.2281
3741.35,113.07,8.2281
3742.36,241.68,8.2892
3743.36,100.96,8.2892
3744.36,100.81,8.2892
3745.36,101.73,8.2892
3746.36,100.94,8.2892
3747.36,100.81,8.2892
3748.36,101.39,8.2893
3749.37,100.83,8.2893
3750.37,101.21,8.2893
3751.37,105.8,8.2893
3752.37,100.95,8.2893
3753.37,101.28,8.2893
3754.37,100.8,8.2892
3755.37,100.69,8.2891
3756.38,101.06,8.2891
3757.38,100.79,8.2891
3758.38,101.0,8.2892
3759.38,101.01,8.2892
3760.38,100.9,8.2892
3761.38,104.11,8.2892
3762.38,101.31,8.2892
3763.39,101.06,8.2893
3764.39,100.65,8.2894
3765.39,100.61,8.2894
3766.39,101.24,8.2894
3767.39,101.93,8.2894
3768.39,101.02,8.2894
3769.39,100.74,8.2893
3770.39,100.94,8.2893
3771.4,107.46,8.2893
3772.4,118.14,8.2893
3773.4,101.62,8.2892
3774.4,100.52,8.2892
3775.4,104.27,8.2892
3776.4,104.47,8.2892
3777.41,119.83,8.2892
3778.41,118.23,8.2892
3779.41,105.5,8.2892
3780.41,100.72,8.2892
3781.41,101.38,8.2892
3782.41,104.47,8.2892
3783.42,105.4,8.2891
3784.42,101.03,8.2891
3785.42,102.6,8.289
3786.42,101.87,8.289
3787.42,101.73,8.289
3788.42,117.4,8.2892
3789.43,112.56,8.2892
3790.43,100.58,8.2892
3791.43,106.6,8.2892
3792.43,104.2,8.2892
3793.43,100.63,8.2892
3794.43,100.92,8.2892
3795.43,100.49,8.2892
3796.44,100.92,8.2892
3797.44,100.67,8.2892
3798.44,100.87,8.2892
3799.44,101.24,8.2892
3800.44,123.85,8.2892
3801.44,107.27,8.2892
3802.44,101.27,8.2891
3803.45,100.95,8.2892
3804.45,101.82,8.2892
3805.45,100.88,8.2892
3806.45,100.99,8.2892
3807.45,101.33,8.2892
3808.45,100.91,8.2892
3809.45,102.58,8.2892
3810.46,113.64,8.2892
3811.46,109.47,8.2892
3812.46,100.5,8.2892
3813.46,101.54,8.2892
3814.46,100.52,8.2892
3815.46,101.15,8.2892
3816.47,100.82,8.2892
3817.47,100.86,8.2892
3818.47,105.07,8.2892
3819.47,100.51,8.2892
3820.47,101.12,8.2891
3821.47,100.99,8.289
3822.47,100.87,8.289
3823.48,101.56,8.2891
3824.48,100.79,8.2891
3825.48,101.0,8.2893
3826.48,101.23,8.2894
3827.48,104.33,8.2894
3828.48,109.25,8.2894
3829.49,127.72,8.2892
3830.49,102.15,8.2892
3831.49,103.72,8.2892
3832.49,100.86,8.2892
3833.49,121.51,8.2893
3834.49,101.29,8.2892
3835.49,104.36,8.2892
3836.49,100.85,8.2892
3837.5,222.89,8.2893
3838.5,170.58,8.4695
3839.5,100.84,8.4695
3840.5,101.33,8.4694
3841.5,100.73,8.4694
3842.5,100.85,8.4695
3843.51,105.99,8.4696
3844.51,100.85,8.4696
3845.51,101.28,8.4696
3846.51,100.89,8.4696
3847.51,100.84,8.4696
3848.51,101.32,8.4696
3849.51,100.7,8.4695
3850.52,100.73,8.4695
3851.52,101.14,8.4695
3852.52,100.71,8.4695
3853.52,100.92,8.4696
3854.52,101.28,8.4697
3855.52,100.89,8.4696
3856.52,100.85,8.4696
3857.52,101.22,8.4696
3858.53,100.93,8.4696
3859.53,100.86,8.4696
3860.53,101.24,8.4696
3861.53,100.8,8.4696
3862.53,101.26,8.4697
3863.53,100.93,8.4697
3864.53,100.8,8.4697
3865.54,101.36,8.4697
3866.54,100.82,8.4697
3867.54,100.79,8.4697
3868.54,101.34,8.4697
3869.54,103.23,8.4697
3870.54,100.85,8.4696
3871.54,101.29,8.4696
3872.55,100.86,8.4696
3873.55,101.0,8.4696
3874.55,101.35,8.4695
3875.55,100.87,8.4695
3876.55,100.89,8.4696
3877.55,101.19,8.4696
3878.55,100.86,8.4697
3879.56,100.84,8.4697
3880.56,101.24,8.4697
3881.56,100.86,8.4697
3882.56,101.22,8.4697
3883.56,100.97,8.4697
3884.56,100.81,8.4696
3885.56,101.28,8.4696
3886.57,100.83,8.4696
3887.57,101.21,8.4697
3888.57,100.88,8.4697
3889.57,100.79,8.4697
3890.57,101.21,8.4697
3891.57,100.74,8.4696
3892.58,100.85,8.4697
3893.58,101.12,8.4697
3894.58,100.56,8.4697
3895.58,101.26,8.4697
3896.58,100.85,8.4696
3897.58,100.87,8.4696
3898.58,101.37,8.4696
3899.59,101.3,8.4697
3900.59,101.25,8.4697
3901.59,101.24,8.4697
3902.59,100.66,8.4697
3903.59,100.9,8.4697
3904.59,101.31,8.4696
3905.59,100.63,8.4696
3906.59,100.57,8.4696
3907.6,100.94,8.4696
3908.6,103.52,8.4696
3909.6,100.54,8.4696
3910.6,101.05,8.4696
3911.6,100.6,8.4696
3912.6,100.55,8.4696
3913.6,101.32,8.4697
3914.61,101.35,8.4697
3915.61,101.3,8.4697
3916.61,100.68,8.4697
3917.61,100.82,8.4697
3918.62,101.32,8.4697
3919.62,104.14,8.4699
3920.62,100.82,8.4697
3921.62,101.3,8.4697
3922.62,114.02,8.4697
3923.62,102.17,8.4699
3924.63,101.27,8.4697
3925.63,125.0,8.4697
3926.63,101.37,8.4697
3927.63,100.9,8.4697
3928.63,101.65,8.4699
3929.63,101.93,8.4699
3930.63,109.99,8.4699
3931.64,101.6,8.4699
3932.64,100.84,8.4699
3933.64,101.36,8.4699
3934.64,100.81,8.4698
3935.64,100.85,8.4698
3936.64,101.24,8.4698
3937.65,100.83,8.4698
3938.65,101.31,8.4699
3939.65,100.82,8.4698
3940.65,100.87,8.4699
3941.65,101.21,8.4698
3942.65,101.07,8.4699
3943.66,101.63,8.4699
3944.66,100.96,8.4697
3945.66,100.79,8.4697
3946.66,101.04,8.4697
3947.66,101.18,8.4698
3948.66,100.82,8.4699
3949.66,101.25,8.4698
3950.67,101.02,8.4698
3951.67,100.89,8.4697
3952.67,103.89,8.4696
3953.67,100.81,8.4697
3954.67,105.3,8.4697
3955.67,101.26,8.4698
3956.67,100.89,8.4698
3957.68,101.3,8.4697
3958.68,100.78,8.4698
3959.68,100.84,8.4698
3960.68,101.22,8.4698
3961.68,100.74,8.4697
3962.68,101.26,8.4697
3963.69,100.9,8.4697
3964.69,101.82,8.4697
3965.69,101.25,8.4697
3966.69,100.84,8.4698
3967.69,101.65,8.4698
3968.69,100.89,8.4698
3969.69,100.86,8.4698
3970.7,101.29,8.4697
3971.7,100.7,8.4697
3972.7,102.05,8.4696
3973.7,100.89,8.4697
3974.7,100.73,8.4697
3975.7,103.52,8.4695
3976.71,100.81,8.4695
3977.71,101.29,8.4696
3978.71,100.83,8.4697
3979.71,100.8,8.4696
3980.71,101.26,8.4696
3981.71,101.11,8.4696
3982.72,101.19,8.4697
3983.72,100.7,8.4697
3984.72,100.82,8.4696
3985.72,101.27,8.4696
3986.72,100.62,8.4696
3987.72,101.57,8.4696
3988.72,103.98,8.4698
3989.73,100.52,8.4696
3990.73,100.6,8.4696
3991.73,101.04,8.4696
3992.73,101.03,8.4697
3993.73,100.89,8.4698
3994.73,101.24,8.4697
3995.73,100.81,8.4697
3996.74,101.54,8.4697
3997.74,100.86,8.4697
3998.74,100.88,8.4697
3999.74,101.24,8.4697
4000.74,100.6,8.4697
4001.74,101.0,8.4696
4002.75,100.84,8.4696
4003.75,100.8,8.4697
4004.75,101.04,8.4696
4005.75,100.65,8.4696
4006.75,101.1,8.4696
4007.75,100.64,8.4696
4008.75,100.65,8.4697
4009.76,100.99,8.4697
4010.76,100.6,8.4697
4011.76,100.63,8.4697
4012.76,101.0,8.4697
4013.76,100.81,8.4697
4014.76,101.2,8.4698
4015.77,101.32,8.4697
4016.77,100.87,8.4699
4017.77,101.88,8.4699
4018.77,100.91,8.4699
4019.77,113.41,8.4699
4020.77,111.93,8.4697
4021.77,100.79,8.4697
4022.78,101.08,8.4697
4023.78,100.83,8.4697
4024.78,100.63,8.4697
4025.78,101.06,8.4696
4026.78,103.54,8.4696
4027.78,144.77,8.4696
4028.78,101.5,8.4697
4029.79,101.11,8.4697
4030.79,105.3,8.4699
4031.79,101.89,8.4698
4032.79,100.52,8.4696
4033.79,100.85,8.4696
4034.79,100.56,8.4696
4035.8,101.13,8.4696
4036.8,100.53,8.4696
4037.8,100.78,8.4696
4038.8,101.18,8.4698
4039.8,103.34,8.4698
4040.8,100.96,8.4698
4041.81,100.55,8.4698
4042.81,100.66,8.4698
4043.81,101.7,8.4698
4044.81,100.83,8.4699
4045.81,161.44,8.4698
4046.81,291.03,8.699
4047.81,100.79,8.6991
4048.82,101.25,8.6991
4049.82,100.84,8.699
4050.82,100.74,8.699
4051.82,101.11,8.699
4052.82,100.8,8.699
4053.82,107.98,8.699
4054.83,100.63,8.699
4055.83,100.63,8.699
4056.83,101.03,8.6989
4057.83,100.91,8.699
4058.83,100.63,8.699
4059.83,101.83,8.699
4060.83,100.7,8.699
4061.84,101.17,8.6989
4062.84,100.85,8.699
4063.84,100.86,8.699
4064.84,101.12,8.699
4065.84,100.54,8.699
4066.84,100.6,8.699
4067.85,101.01,8.699
4068.85,100.71,8.699
4069.85,101.1,8.699
4070.85,102.1,8.699
4071.85,100.79,8.699
4072.85,101.34,8.699
4073.85,100.75,8.699
4074.86,107.82,8.6989
4075.86,103.09,8.6989
4076.86,100.58,8.6989
4077.86,100.7,8.6989
4078.86,101.22,8.6991
4079.86,100.73,8.6991
4080.86,100.66,8.6991
4081.86,101.31,8.6991
4082.87,100.68,8.6991
4083.87,100.82,8.6991
4084.87,101.17,8.6991
4085.87,100.73,8.6991
4086.87,101.21,8.6991
4087.87,100.85,8.6991
4088.87,101.09,8.6991
4089.88,101.29,8.6991
4090.88,100.82,8.6991
4091.88,100.81,8.6989
4092.88,101.95,8.6991
4093.88,101.51,8.6991
4094.88,100.76,8.6991
4095.88,101.14,8.6991
4096.89,100.8,8.6992
4097.89,102.53,8.6991
4098.89,101.06,8.6991
4099.89,100.59,8.6991
4100.89,101.03,8.6991
4101.89,100.6,8.6991
4102.89,100.67,8.6992
4103.9,101.05,8.6991
4104.9,100.64,8.6991
4105.9,101.05,8.6991
4106.9,100.63,8.6991
4107.9,100.85,8.6991
4108.9,103.85,8.6992
4109.91,100.58,8.6992
4110.91,101.08,8.6991
4111.91,100.63,8.6991
4112.91,100.74,8.6992
4113.91,101.12,8.6991
4114.91,100.62,8.6991
4115.92,101.02,8.6991
4116.92,100.58,8.6991
4117.92,100.6,8.6991
4118.92,101.04,8.6991
4119.92,100.73,8.6991
4120.92,101.27,8.699
4121.93,100.87,8.699
4122.93,100.98,8.6991
4123.93,103.88,8.6991
4124.93,100.87,8.6992
4125.93,100.73,8.6992
4126.93,101.26,8.6992
4127.93,100.87,8.6992
4128.94,101.16,8.6992
4129.94,100.54,8.6992
4130.94,100.55,8.699
4131.94,100.86,8.699
4132.94,105.07,8.6991
4133.94,101.16,8.699
4134.95,100.83,8.699
4135.95,100.81,8.699
4136.95,101.45,8.699
4137.95,103.06,8.6991
4138.95,101.09,8.6991
4139.95,103.83,8.6991
4140.95,104.68,8.699
4141.96,101.16,8.6991
4142.96,102.58,8.6992
4143.96,100.67,8.6992
4144.96,100.87,8.6991
4145.96,100.82,8.699
4146.96,101.01,8.699
4147.97,100.55,8.699
4148.97,100.75,8.699
4149.97,101.19,8.699
4150.97,100.81,8.699
4151.97,101.1,8.699
4152.97,100.79,8.6991
4153.98,120.35,8.6991
4154.98,112.15,8.6991
4155.98,100.55,8.6991
4156.98,100.97,8.6991
4157.98,100.58,8.6991
4158.98,100.78,8.6992
4159.98,100.97,8.6992
4160.99,100.49,8.6992
4161.99,100.5,8.699
4162.99,101.01,8.6991
4163.99,100.59,8.6991
4164.99,100.64,8.6991
4165.99,100.91,8.6991
4166.99,100.46,8.6991
4168.0,101.04,8.6991
4169.0,100.65,8.699
4170.0,100.79,8.699
4171.0,100.96,8.699
4172.0,100.82,8.699
4173.0,100.79,8.699
4174.01,101.14,8.6991
4175.01,100.77,8.6991
4176.01,101.08,8.6993
4177.01,100.74,8.6993
4178.01,100.61,8.6993
4179.01,100.97,8.6993
4180.01,100.55,8.6991
4181.02,125.39,8.6991
4182.02,100.59,8.6991
4183.02,100.95,8.6991
4184.02,101.25,8.6992
4185.02,100.82,8.6992
4186.02,100.81,8.699
4187.02,101.11,8.699
4188.03,100.66,8.699
4189.03,101.17,8.699
4190.03,100.7,8.699
4191.03,100.65,8.699
4192.03,101.03,8.699
4193.03,100.71,8.6992
4194.04,102.64,8.6992
4195.04,100.89,8.6992
4196.04,100.83,8.6992
4197.04,101.1,8.6992
4198.04,100.7,8.6992
4199.04,100.77,8.6992
4200.04,101.15,8.6992
4201.05,100.79,8.6992
4202.05,101.17,8.6992
4203.05,100.79,8.6992
4204.05,101.33,8.6992
4205.05,101.09,8.699
4206.05,101.18,8.699
4207.05,100.83,8.6993
4208.06,101.13,8.6992
4209.06,100.75,8.6992
4210.06,101.09,8.6992
4211.06,100.91,8.6992
4212.06,100.53,8.6992
4213.06,101.24,8.6993
4214.07,103.69,8.6992
4215.07,101.17,8.6992
4216.07,100.8,8.6991
4217.07,101.0,8.6991
4218.07,101.0,8.6991
4219.07,100.79,8.6991
4220.08,100.7,8.6991
4221.08,101.1,8.6991
4222.08,100.97,8.6992
4223.08,101.06,8.6992
4224.08,100.78,8.6992
4225.08,100.82,8.6992
4226.08,101.07,8.6992
4227.09,100.84,8.6992
4228.09,101.25,8.6992
4229.09,101.21,8.6992
4230.09,100.82,8.6992
4231.09,101.24,8.6992
4232.09,100.85,8.6992
4233.1,103.11,8.6992
4234.1,101.14,8.6992
4235.1,100.68,8.6992
4236.1,101.2,8.6992
4237.1,100.85,8.6992
4238.1,100.83,8.6991
4239.1,101.39,8.6992
4240.11,100.85,8.6991
4241.11,100.89,8.6991
4242.11,101.26,8.6991
4243.11,100.95,8.6991
4244.11,101.2,8.6992
4245.11,100.81,8.6991
4246.12,100.69,8.6991
4247.12,101.22,8.6991
4248.12,100.62,8.6991
4249.12,100.87,8.6991
4250.12,101.34,8.6991
4251.12,100.84,8.6991
4252.12,100.87,8.6991
4253.12,101.39,8.6992
4254.13,100.85,8.6992
4255.13,100.87,8.6992
4256.13,101.29,8.6992
4257.13,100.85,8.6992
4258.13,100.87,8.6992
4259.13,101.32,8.6992
4260.13,100.81,8.6992
4261.14,101.2,8.6992
4262.14,100.87,8.6992
4263.14,100.58,8.6991
4264.14,100.92,8.6992
4265.14,100.87,8.6991
4266.14,101.12,8.699
4267.15,100.7,8.699
4268.15,100.73,8.6991
4269.15,101.26,8.6991
4270.15,100.84,8.6991
4271.15,101.27,8.6991
4272.15,100.8,8.6991
4273.16,100.85,8.6991
4274.16,101.31,8.6991
4275.16,100.94,8.6992
4276.16,100.87,8.6991
4277.16,101.28,8.6991
4278.16,100.9,8.6991
4279.16,100.73,8.6992
4280.17,101.17,8.6991
4281.17,100.75,8.6991
4282.17,101.1,8.6991
4283.17,101.23,8.6991
4284.17,100.86,8.6991
4285.17,101.18,8.6991
4286.17,100.8,8.6992
4287.18,101.23,8.6992
4288.18,100.82,8.6991
4289.18,100.54,8.6991
4290.18,100.92,8.6991
4291.18,100.63,8.6991
4292.18,101.24,8.6991
4293.19,100.88,8.6992
4294.19,100.82,8.6992
4295.19,101.28,8.6991
4296.19,100.52,8.6991
4297.19,100.55,8.6991
4298.19,101.07,8.6991
4299.19,100.95,8.6992
4300.19,100.74,8.6992
4301.2,100.94,8.6992
4302.2,135.1,8.6991
4303.2,184.49,8.6992
4304.2,101.33,8.6992
4305.2,101.34,8.6991
4306.2,100.85,8.6991
4307.21,101.27,8.6991
4308.21,108.85,8.6993
4309.21,101.07,8.6993
4310.21,100.79,8.6993
4311.21,100.7,8.6993
4312.21,101.13,8.6993
4313.21,100.89,8.6993
4314.22,101.19,8.6993
4315.22,100.78,8.6993
4316.22,100.65,8.6993
4317.22,100.96,8.6993
4318.22,100.76,8.6993
4319.22,101.06,8.6994
4320.23,100.76,8.6993
4321.23,100.55,8.6993
4322.23,101.13,8.6991
4323.23,101.01,8.6991
4324.23,100.89,8.6991
4325.23,101.14,8.6991
4326.23,100.88,8.6993
4327.24,100.82,8.6993
4328.24,101.17,8.6993
4329.24,100.8,8.6993
4330.24,101.11,8.6993
4331.24,102.4,8.6993
4332.24,100.57,8.6993
4333.25,101.22,8.6993
4334.25,100.87,8.6993
4335.25,101.21,8.6993
4336.25,100.77,8.6993
4337.25,101.14,8.6993
4338.25,100.8,8.6993
4339.25,100.88,8.6993
4340.26,101.1,8.6993
4341.26,100.72,8.6993
4342.26,100.68,8.6993
4343.26,101.36,8.6993
4344.26,100.87,8.6993
4345.26,100.98,8.6993
4346.27,101.89,8.6993
4347.27,105.98,8.6993
4348.27,101.19,8.6993
4349.27,100.88,8.6993
4350.27,101.06,8.6993
4351.27,100.63,8.6993
4352.28,100.66,8.6993
4353.28,101.5,8.6993
4354.28,100.86,8.6993
4355.28,104.28,8.6993
4356.28,106.46,8.6993
4357.28,114.81,8.6996
4358.28,101.76,8.6996
4359.29,101.37,8.6996
4360.29,117.47,8.6996
4361.29,374.55,8.8664
4362.29,100.83,8.8663
4363.29,100.88,8.8663
4364.29,101.21,8.8665
4365.29,100.73,8.8663
4366.3,100.49,8.8665
4367.3,100.92,8.8665
4368.3,106.14,8.8665
4369.3,101.26,8.8665
4370.3,100.83,8.8665
4371.3,129.3,8.8666
4372.3,100.95,8.8665
4373.31,100.8,8.8664
4374.31,100.74,8.8664
4375.31,100.95,8.8664
4376.31,100.77,8.8664
4377.31,101.82,8.8664
4378.31,100.58,8.8664
4379.32,100.69,8.8664
4380.32,101.21,8.8663
4381.32,100.79,8.8664
4382.32,100.54,8.8664
4383.32,101.68,8.8665
4384.32,100.67,8.8665
4385.32,100.68,8.8666
4386.32,101.09,8.8664
4387.33,100.55,8.8664
4388.33,102.17,8.8666
4389.33,126.98,8.8666
4390.33,100.77,8.8666
4391.33,100.87,8.8666
4392.33,101.33,8.8663
4393.33,121.85,8.8663
4394.34,117.15,8.8663
4395.34,100.97,8.8663
4396.34,100.51,8.8663
4397.34,100.53,8.8663
4398.34,100.99,8.8664
4399.34,100.62,8.8663
4400.34,101.24,8.8663
4401.35,100.77,8.8663
4402.35,100.78,8.8663
4403.35,101.26,8.8664
4404.35,100.65,8.8664
4405.35,101.15,8.8664
4406.35,100.8,8.8664
4407.35,100.78,8.8666
4408.36,101.36,8.8664
4409.36,100.8,8.8664
4410.36,100.8,8.8664
4411.36,101.2,8.8664
4412.36,100.68,8.8663
4413.36,100.78,8.8665
4414.36,101.07,8.8665
4415.37,100.67,8.8665
4416.37,100.64,8.8663
4417.37,101.07,8.8663
4418.37,100.7,8.8665
4419.37,100.99,8.8663
4420.37,100.68,8.8663
4421.37,100.58,8.8663
4422.38,102.83,8.8663
4423.38,100.87,8.8665
4424.38,100.94,8.8665
4425.38,101.4,8.8666
4426.38,102.85,8.8663
4427.38,100.82,8.8663
4428.39,100.76,8.8663
4429.39,100.52,8.8663
4430.39,101.01,8.8665
4431.39,100.49,8.8663
4432.39,100.64,8.8665
4433.39,101.25,8.8665
4434.39,100.66,8.8663
4435.4,100.52,8.8663
4436.4,100.92,8.8663
4437.4,100.45,8.8663
4438.4,101.19,8.8665
4439.4,102.66,8.8665
4440.4,101.26,8.8664
4441.41,100.78,8.8664
4442.41,100.65,8.8664
4443.41,101.04,8.8665
4444.41,100.52,8.8665
4445.41,100.71,8.8665
4446.41,101.14,8.8664
4447.41,100.73,8.8665
4448.42,101.11,8.8664
4449.42,100.61,8.8664
4450.42,100.76,8.8664
4451.42,101.12,8.8664
4452.42,100.5,8.8664
4453.42,101.04,8.8664
4454.43,100.67,8.8664
4455.43,100.83,8.8664
4456.43,101.21,8.8664
4457.43,100.8,8.8665
4458.43,101.26,8.8665
4459.43,100.85,8.8664
4460.44,100.79,8.8664
4461.44,101.21,8.8664
4462.44,100.84,8.8665
4463.44,100.88,8.8665
4464.44,101.25,8.8665
4465.44,100.81,8.8665
4466.44,100.65,8.8664
4467.44,105.5,8.8664
4468.45,100.52,8.8664
4469.45,101.19,8.8664
4470.45,100.75,8.8664
4471.45,100.8,8.8664
4472.45,101.21,8.8664
4473.45,100.86,8.8664
4474.46,101.22,8.8664
4475.46,100.68,8.8664
4476.46,100.78,8.8664
4477.46,100.91,8.8664
4478.46,100.56,8.8664
4479.46,100.79,8.8665
4480.46,101.22,8.8664
4481.47,100.9,8.8664
4482.47,100.87,8.8665
4483.47,101.58,8.8664
4484.47,100.81,8.8664
4485.47,100.81,8.8664
4486.47,101.3,8.8664
4487.47,100.83,8.8664
4488.47,100.88,8.8665
4489.48,101.1,8.8664
4490.48,100.78,8.8664
4491.48,100.84,8.8664
4492.48,101.24,8.8664
4493.48,100.97,8.8664
4494.48,100.8,8.8664
4495.48,101.2,8.8665
4496.49,100.75,8.8665
4497.49,101.2,8.8664
4498.49,100.75,8.8664
4499.49,100.69,8.8664
4500.49,101.23,8.8664
4501.49,100.83,8.8664
4502.5,101.26,8.8664
4503.5,100.83,8.8664
4504.5,100.71,8.8664
4505.5,101.11,8.8664
4506.5,104.16,8.8664
4507.5,101.33,8.8664
4508.51,100.62,8.8664
4509.51,100.85,8.8664
4510.51,101.17,8.8664
4511.51,100.68,8.8665
4512.51,100.62,8.8664
4513.51,106.6,8.8664
4514.51,100.78,8.8664
4515.52,101.21,8.8664
4516.52,100.84,8.8664
4517.52,100.81,8.8664
4518.52,101.23,8.8664
4519.52,100.76,8.8664
4520.52,101.19,8.8664
4521.53,100.8,8.8664
4522.53,100.64,8.8664
4523.53,101.06,8.8665
4524.53,100.54,8.8664
4525.53,100.94,8.8664
4526.53,100.74,8.8664
4527.53,100.93,8.8664
4528.54,101.28,8.8664
4529.54,100.86,8.8664
4530.54,101.24,8.8664
4531.54,101.3,8.8664
4532.54,100.67,8.8664
4533.54,100.98,8.8664
4534.54,101.21,8.8664
4535.55,100.61,8.8664
4536.55,100.52,8.8664
4537.55,101.16,8.8664
4538.55,100.6,8.8664
4539.55,100.67,8.8664
4540.55,101.55,8.8664
4541.55,100.86,8.8664
4542.56,100.84,8.8666
4543.56,101.35,8.8666
4544.56,100.9,8.8664
4545.56,100.85,8.8664
4546.56,101.24,8.8664
4547.56,100.62,8.8664
4548.56,101.3,8.8664
4549.57,100.83,8.8666
4550.57,100.86,8.8666
4551.57,101.23,8.8666
4552.57,103.57,8.8666
4553.57,101.21,8.8666
4554.57,100.82,8.8664
4555.57,100.88,8.8664
4556.58,101.31,8.8664
4557.58,100.82,8.8664
4558.58,100.99,8.8664
4559.58,100.94,8.8666
4560.58,100.56,8.8664
4561.58,100.72,8.8665
4562.58,101.04,8.8665
4563.59,100.84,8.8664
4564.59,101.08,8.8666
4565.59,100.84,8.8666
4566.59,100.84,8.8665
4567.59,101.26,8.8665
4568.59,100.93,8.8666
4569.6,100.83,8.8663
4570.6,101.28,8.8665
4571.6,100.91,8.8665
4572.6,101.28,8.8665
4573.6,100.97,8.8665
4574.6,100.85,8.8665
4575.6,101.27,8.8665
4576.61,100.84,8.8665
4577.61,101.24,8.8665
4578.61,100.87,8.8665
4579.61,100.83,8.8665
4580.61,101.24,8.8665
4581.61,100.83,8.8665
4582.62,101.24,8.8665
4583.62,100.96,8.8666
4584.62,100.78,8.8665
4585.62,101.2,8.8665
4586.62,100.82,8.8665
4587.62,101.07,8.8665
4588.63,100.56,8.8665
4589.63,100.74,8.8665
4590.63,101.19,8.8664
4591.63,100.94,8.8665
4592.63,100.8,8.8665
4593.63,101.32,8.8666
4594.63,100.86,8.8665
4595.64,101.24,8.8665
4596.64,100.82,8.8665
4597.64,100.79,8.8665
4598.64,101.26,8.8666
4599.64,100.79,8.8666
4600.64,100.85,8.8665
4601.65,101.25,8.8665
4602.65,100.86,8.8665
4603.65,101.33,8.8666
4604.65,100.79,8.8665
4605.65,101.19,8.8665
4606.65,100.67,8.8665
4607.65,100.76,8.8666
4608.66,101.3,8.8666
4609.66,100.84,8.8666
4610.66,101.22,8.8666
4611.66,100.84,8.8666
4612.66,100.84,8.8666
4613.66,101.47,8.8666
4614.67,100.81,8.8666
4615.67,100.85,8.8666
4616.67,101.25,8.8665
4617.67,100.85,8.8665
4618.67,101.31,8.8665
4619.67,100.88,8.8665
4620.68,108.09,8.8666
4621.68,101.32,8.8665
4622.68,100.83,8.8667
4623.68,100.96,8.8666
4624.68,101.33,8.8666
4625.68,100.82,8.8666
4626.68,100.84,8.8666
4627.68,101.4,8.8666
4628.69,100.87,8.8666
4629.69,101.22,8.8666
4630.69,100.88,8.8666
4631.69,100.79,8.8666
4632.69,101.29,8.8666
4633.69,100.89,8.8667
4634.7,101.2,8.8666
4635.7,100.82,8.8666
4636.7,100.77,8.8666
4637.7,101.24,8.8666
4638.7,100.91,8.8667
4639.7,101.2,8.8666
4640.71,100.8,8.8666
4641.71,100.79,8.8666
4642.71,101.22,8.8666
4643.71,100.89,8.8666
4644.71,101.26,8.8666
4645.71,100.78,8.8666
4646.71,100.82,8.8666
4647.72,101.25,8.8666
4648.72,100.88,8.8667
4649.72,100.81,8.8667
4650.72,101.33,8.8667
4651.72,100.83,8.8667
4652.72,100.81,8.8667
4653.72,101.37,8.8667
4654.73,100.8,8.8667
4655.73,101.26,8.8667
4656.73,100.84,8.8667
4657.73,100.86,8.8667
4658.73,101.29,8.8667
4659.73,100.85,8.8666
4660.74,152.1,8.8666
4661.74,176.22,8.8666
4662.74,100.79,8.8667
4663.74,102.33,8.8667
4664.74,100.69,8.8668
4665.74,101.25,8.8667
4666.75,100.85,8.8667
4667.75,100.83,8.8666
4668.75,101.31,8.8667
4669.75,100.87,8.8667
4670.75,101.23,8.8667
4671.75,100.85,8.8667
4672.75,100.81,8.8667
4673.76,101.34,8.8667
4674.76,100.81,8.8667
4675.76,101.16,8.8667
4676.76,100.81,8.8667
4677.76,100.8,8.8666
4678.76,101.3,8.8667
4679.77,100.87,8.8667
4680.77,101.29,8.8667
4681.77,100.85,8.8667
4682.77,100.85,8.8667
4683.77,101.39,8.8666
4684.77,100.86,8.8666
4685.78,101.28,8.8666
4686.78,100.84,8.8666
4687.78,100.89,8.8666
4688.78,101.29,8.8667
4689.78,100.85,8.8666
4690.78,100.89,8.8666
4691.78,108.05,8.8667
4692.79,100.73,8.8666
4693.79,101.32,8.8666
4694.79,100.82,8.8666
4695.79,100.79,8.8666
4696.79,105.13,8.8666
4697.79,123.06,8.9196
4698.8,373.67,9.2951
4699.8,100.83,9.2951
4700.8,100.86,9.2951
4701.8,101.28,9.2951
4702.8,100.84,9.2952
4703.8,101.35,9.2952
4704.81,100.8,9.2951
4705.81,100.81,9.2951
4706.81,113.9,9.2951
4707.81,101.2,9.2951
4708.81,100.84,9.2951
4709.81,101.2,9.2951
4710.81,100.86,9.2951
4711.82,101.33,9.2951
4712.82,103.78,9.2951
4713.82,100.98,9.2951
4714.82,101.2,9.2951
4715.82,100.86,9.2951
4716.82,140.57,9.2952
4717.83,100.84,9.2952
4718.83,100.93,9.2952
4719.83,101.22,9.2952
4720.83,100.85,9.2952
4721.83,101.24,9.2952
4722.83,100.92,9.2952
4723.83,100.85,9.2952
4724.84,101.23,9.2952
4725.84,100.89,9.2952
4726.84,100.82,9.2951
4727.84,101.63,9.2951
4728.84,101.33,9.2952
4729.84,101.52,9.2952
4730.84,100.89,9.2952
4731.85,100.86,9.2952
4732.85,101.33,9.2953
4733.85,100.91,9.2953
4734.85,100.83,9.2951
4735.85,101.23,9.2951
4736.85,100.84,9.2951
4737.85,100.74,9.2952
4738.86,101.07,9.2952
4739.86,100.53,9.2952
4740.86,100.59,9.2952
4741.86,101.06,9.2952
4742.86,102.43,9.2952
4743.86,101.29,9.2952
4744.87,100.75,9.2952
4745.87,100.85,9.2952
4746.87,101.23,9.2952
4747.87,100.84,9.2952
4748.87,101.35,9.2952
4749.87,100.86,9.2952
4750.88,101.43,9.2952
4751.88,101.74,9.2951
4752.88,100.94,9.2951
4753.88,100.89,9.2951
4754.88,101.13,9.2951
4755.88,100.55,9.2951
4756.88,100.73,9.2951
4757.88,101.23,9.2951
4758.89,100.88,9.2952
4759.89,100.84,9.2951
4760.89,101.23,9.2951
4761.89,100.92,9.2952
4762.89,100.94,9.2952
4763.89,101.32,9.2952
4764.89,100.81,9.2951
4765.9,100.82,9.2951
4766.9,101.32,9.2951
4767.9,100.84,9.295
4768.9,100.88,9.2951
4769.9,101.2,9.2951
4770.9,100.81,9.2951
4771.9,101.29,9.2951
4772.91,100.92,9.2951
4773.91,100.83,9.2951
4774.91,101.26,9.295
4775.91,114.38,9.2951
4776.91,101.7,9.2951
4777.91,101.26,9.295
4778.91,101.41,9.2951
4779.92,100.78,9.295
4780.92,101.28,9.295
4781.92,100.86,9.295
4782.92,101.21,9.2951
4783.92,101.68,9.2951
4784.92,100.88,9.2951
4785.92,101.25,9.295
4786.93,100.85,9.295
4787.93,101.23,9.295
4788.93,100.93,9.2951
4789.93,100.86,9.295
4790.93,101.18,9.295
4791.93,100.72,9.295
4792.93,100.75,9.2951
4793.94,104.07,9.2951
4794.94,100.82,9.295
4795.94,100.85,9.295
4796.94,101.26,9.295
4797.94,100.87,9.2951
4798.94,101.35,9.2951
4799.95,100.88,9.295
4800.95,100.84,9.295
4801.95,101.26,9.295
4802.95,100.94,9.2952
4803.95,101.32,9.295
4804.95,100.85,9.2952
4805.96,100.87,9.2952
4806.96,101.26,9.2952
4807.96,100.86,9.295
4808.96,124.58,9.295
4809.96,100.76,9.2952
4810.96,100.76,9.295
4811.96,101.04,9.295
4812.97,100.91,9.295
4813.97,101.22,9.295
4814.97,100.81,9.2952
4815.97,100.84,9.295
4816.97,101.27,9.295
4817.97,101.29,9.295
4818.98,101.29,9.295
4819.98,100.76,9.295
4820.98,100.83,9.295
4821.98,101.14,9.295
4822.98,100.99,9.2951
4823.98,101.31,9.295
4824.99,100.87,9.295
4825.99,100.89,9.295
4826.99,100.98,9.295
4827.99,100.53,9.2951
4828.99,101.24,9.2951
4829.99,100.89,9.2951
4831.0,100.86,9.2952
4832.0,101.23,9.2952
4833.0,100.91,9.2951
4834.0,100.78,9.2951
4835.0,101.15,9.2951
4836.0,100.82,9.2951
4837.0,100.92,9.2951
4838.01,100.75,9.2951
4839.01,100.62,9.2951
4840.01,100.96,9.2951
4841.01,100.57,9.2951
4842.01,101.08,9.2952
4843.01,100.73,9.2951
4844.01,100.61,9.2952
4845.02,101.13,9.2951
4846.02,100.83,9.2951
4847.02,100.86,9.2951
4848.02,101.22,9.2951
4849.02,100.76,9.2952
4850.02,100.69,9.2951
4851.02,101.15,9.2951
4852.03,103.49,9.2951
4853.03,101.12,9.2952
4854.03,100.74,9.2951
4855.03,100.52,9.2951
4856.03,105.38,9.2951
4857.03,100.73,9.2951
4858.04,100.95,9.2951
4859.04,100.68,9.2952
4860.04,100.59,9.2951
4861.04,101.13,9.2951
4862.04,100.74,9.2951
4863.04,101.16,9.2952
4864.05,100.79,9.2952
4865.05,101.14,9.2952
4866.05,101.11,9.2952
4867.05,100.74,9.2952
4868.05,101.24,9.2952
4869.05,100.85,9.2951
4870.05,100.67,9.2951
4871.06,101.23,9.2951
4872.06,100.72,9.2951
4873.06,100.59,9.2951
4874.06,101.09,9.2951
4875.06,100.74,9.2951
4876.06,101.09,9.2951
4877.07,246.03,2.8182
4878.07,337.38,2.1458
4879.07,322.05,2.4752
4880.07,306.54,2.9338
4881.07,293.54,3.4111
4882.07,245.46,3.7199
4883.07,355.93,3.9712
4884.08,352.63,4.2759
4885.08,323.07,4.6389
4886.08,316.68,4.976
4887.08,311.5,5.2511
4888.08,308.86,5.5259
4889.08,302.58,5.7695
4890.08,302.39,6.0253
4891.09,302.27,6.3234
4892.09,307.9,6.6466
4893.09,336.09,7.3553
4894.09,305.85,7.398
4895.09,302.23,7.3986
4896.09,312.9,7.3998
4897.09,315.87,7.4043
4898.1,307.98,7.4055
4899.1,298.21,7.4058
4900.1,199.92,7.4064
4901.1,124.48,7.4468
4902.1,152.18,7.5066
4903.1,168.24,7.5066
4904.1,123.31,7.5066
4905.11,120.11,7.5066
4906.11,111.17,7.5066
4907.11,253.79,8.1966
4908.11,108.91,8.1966
4909.11,165.48,8.1966
4910.11,130.14,8.1966
4911.11,118.78,8.1966
4912.12,103.22,8.1966
4913.12,108.33,8.1966
4914.12,105.18,8.1966
4915.12,135.39,8.1966
4916.12,101.62,8.1966
4917.12,105.96,8.1966
4918.12,157.71,8.1966
4919.13,110.54,8.1966
4920.13,105.42,8.1965
4921.13,101.56,8.1965
4922.13,101.82,8.1965
4923.13,106.97,8.1965
4924.13,101.33,8.1965
4925.14,111.82,8.1965
4926.14,134.18,8.1965
4927.14,103.74,8.1965
4928.14,103.47,8.1965
4929.14,100.81,8.1966
4930.14,101.01,8.1966
4931.14,110.87,8.1966
4932.15,100.68,8.1966
4933.15,106.92,8.1966
4934.15,129.92,8.1967
4935.15,202.13,8.1967
4936.15,119.78,8.1967
4937.15,101.67,8.1968
4938.15,101.2,8.1966
4939.15,102.03,8.1966
4940.16,101.55,8.1964
4941.16,243.71,8.2594
4942.16,100.9,8.2594
4943.16,101.78,8.2594
4944.16,114.07,8.2594
4945.16,100.5,8.2593
4946.16,101.02,8.2593
4947.17,100.57,8.2593
4948.17,101.08,8.2594
4949.17,101.7,8.2594
4950.17,101.24,8.2594
4951.17,100.91,8.2594
4952.17,101.23,8.2594
4953.17,101.12,8.2594
4954.18,101.59,8.2594
4955.18,118.59,8.2594
4956.18,100.92,8.2594
4957.18,100.97,8.2595
4958.18,117.69,8.2595
4959.18,109.15,8.2595
4960.18,100.82,8.2594
4961.18,111.98,8.2595
4962.19,103.34,8.2595
4963.19,101.28,8.2594
4964.19,101.25,8.2595
4965.19,100.95,8.2595
4966.19,101.49,8.2595
4967.19,101.06,8.2595
4968.2,103.6,8.2595
4969.2,100.95,8.2595
4970.2,101.0,8.2594
4971.2,106.67,8.2594
4972.2,102.78,8.2594
4973.2,101.37,8.2595
4974.21,100.9,8.2594
4975.21,100.87,8.2595
4976.21,101.76,8.2595
4977.21,101.36,8.2595
4978.21,100.96,8.2595
4979.21,105.61,8.2595
4980.21,101.0,8.2594
4981.22,101.28,8.2595
4982.22,112.25,8.2595
4983.22,100.91,8.2595
4984.22,120.09,8.2596
4985.22,101.43,8.2595
4986.22,104.7,8.2595
4987.22,101.31,8.2595
4988.23,100.87,8.2594
4989.23,101.06,8.2594
4990.23,101.01,8.2594
4991.23,100.8,8.2594
4992.23,102.05,8.2594
4993.23,101.17,8.2595
4994.24,101.3,8.2594
4995.24,112.82,8.2594
4996.24,100.83,8.2594
4997.24,137.86,8.2594
4998.24,104.01,8.2594
4999.24,101.32,8.2594
5000.25,100.96,8.2594
5001.25,100.82,8.2594
5002.25,101.22,8.2594
5003.25,100.91,8.2595
5004.25,100.85,8.2595
5005.25,101.25,8.2594
5006.25,100.91,8.2594
5007.26,101.23,8.2595
5008.26,100.82,8.2595
5009.26,100.81,8.2595
5010.26,101.21,8.2596
5011.26,100.85,8.2595
5012.26,100.9,8.2595
5013.27,100.68,8.2595
5014.27,100.63,8.2596
5015.27,101.0,8.2595
5016.27,100.67,8.2595
5017.27,100.61,8.2597
5018.27,101.17,8.2595
5019.27,100.88,8.2595
5020.28,100.82,8.2595
5021.28,101.27,8.2595
5022.28,100.75,8.2595
5023.28,101.29,8.2597
5024.28,100.81,8.2594
5025.28,117.73,8.2597
5026.28,261.24,8.4491
5027.29,100.54,8.4491
5028.29,100.95,8.4491
5029.29,100.61,8.4491
5030.29,100.74,8.4491
5031.29,102.32,8.449
5032.29,101.81,8.4492
5033.29,100.95,8.4492
5034.3,101.43,8.449
5035.3,103.34,8.4489
5036.3,101.11,8.4489
5037.3,101.34,8.4491
5038.3,100.73,8.4489
5039.3,100.66,8.4491
5040.3,101.09,8.4491
5041.31,100.87,8.4491
5042.31,101.27,8.449
5043.31,100.95,8.4491
5044.31,100.85,8.4489
5045.31,101.24,8.4489
5046.31,100.87,8.4489
5047.32,101.05,8.449
5048.32,100.9,8.4491
5049.32,100.8,8.449
5050.32,101.24,8.449
5051.32,100.91,8.449
5052.32,101.23,8.449
5053.33,100.93,8.449
5054.33,100.84,8.449
5055.33,101.33,8.449
5056.33,100.86,8.449
5057.33,101.28,8.449
5058.33,101.67,8.4491
5059.34,119.45,8.449
5060.34,101.26,8.449
5061.34,100.83,8.449
5062.34,101.35,8.449
5063.34,100.78,8.4492
5064.34,100.62,8.4492
5065.34,101.16,8.449
5066.35,100.85,8.449
5067.35,101.23,8.449
5068.35,101.9,8.4493
5069.35,101.69,8.4492
5070.35,101.21,8.4492
5071.35,100.84,8.4493
5072.36,109.34,8.4493
5073.36,100.85,8.4493
5074.36,100.8,8.4493
5075.36,101.23,8.4492
5076.36,100.86,8.4492
5077.36,101.72,8.4492
5078.37,104.85,8.4492
5079.37,101.63,8.4492
5080.37,101.2,8.449
5081.37,100.88,8.449
5082.37,101.26,8.449
5083.37,100.89,8.449
5084.37,100.82,8.449
5085.38,104.88,8.449
5086.38,100.85,8.449
5087.38,100.92,8.4492
5088.38,101.13,8.4493
5089.38,154.93,8.4492
5090.38,101.17,8.4493
5091.38,100.95,8.4493
5092.39,100.58,8.4492
5093.39,101.06,8.4493
5094.39,100.64,8.4493
5095.39,100.77,8.4492
5096.39,101.24,8.4492
5097.39,100.86,8.4492
5098.4,101.65,8.4493
5099.4,101.1,8.4492
5100.4,101.03,8.4491
5101.4,102.86,8.4491
5102.4,100.84,8.4491
5103.4,101.51,8.4492
5104.41,119.81,8.4492
5105.41,100.57,8.4492
5106.41,101.45,8.4491
5107.41,104.57,8.4491
5108.41,101.24,8.4492
5109.41,101.78,8.4492
5110.41,100.81,8.4492
5111.41,100.89,8.4492
5112.42,130.95,8.4492
5113.42,100.88,8.4492
5114.42,101.19,8.4491
5115.42,118.67,8.4491
5116.42,101.1,8.4491
5117.42,101.9,8.449
5118.43,100.98,8.4491
5119.43,101.29,8.4491
5120.43,101.26,8.4491
5121.43,101.04,8.4491
5122.43,100.86,8.4491
5123.43,102.53,8.4491
5124.43,100.64,8.4491
5125.44,102.12,8.4491
5126.44,100.85,8.4491
5127.44,100.87,8.4491
5128.44,101.31,8.4491
5129.44,100.87,8.4491
5130.44,101.31,8.4491
5131.45,100.85,8.4491
5132.45,100.86,8.4491
5133.45,101.48,8.4491
5134.45,100.85,8.4491
5135.45,100.87,8.4491
5136.45,101.24,8.4492
5137.45,102.18,8.4492
5138.46,100.9,8.4492
5139.46,108.59,8.4492
5140.46,101.2,8.4491
5141.46,100.79,8.449
5142.46,101.38,8.4491
5143.46,101.03,8.4491
5144.46,101.0,8.4491
5145.46,101.04,8.4491
5146.47,100.84,8.4491
5147.47,103.53,8.4491
5148.47,101.96,8.449
5149.47,101.08,8.449
5150.47,100.85,8.449
5151.47,101.43,8.449
5152.47,100.83,8.449
5153.48,107.47,8.449
5154.48,100.83,8.4492
5155.48,102.13,8.449
5156.48,101.23,8.449
5157.48,101.03,8.449
5158.48,100.87,8.449
5159.48,102.19,8.449
5160.49,100.81,8.4489
5161.49,102.17,8.449
5162.49,100.75,8.449
5163.49,100.67,8.449
5164.49,100.92,8.449
5165.49,100.78,8.449
5166.5,100.8,8.449
5167.5,101.27,8.4489
5168.5,100.85,8.4489
5169.5,101.19,8.4488
5170.5,100.86,8.4488
5171.5,100.93,8.4488
5172.5,101.25,8.4488
5173.51,100.9,8.4489
5174.51,101.28,8.4488
5175.51,100.86,8.4488
5176.51,100.83,8.4488
5177.51,101.18,8.4488
5178.51,100.62,8.4489
5179.52,100.78,8.449
5180.52,101.34,8.4489
5181.52,100.85,8.4489
5182.52,100.84,8.4489
5183.52,101.37,8.4489
5184.52,100.85,8.4489
5185.52,101.27,8.4489
5186.53,100.87,8.4489
5187.53,100.85,8.4489
5188.53,101.27,8.4491
5189.53,100.86,8.4489
5190.53,101.26,8.4489
5191.53,101.69,8.4489
5192.54,123.47,8.4489
5193.54,101.95,8.4491
5194.54,100.68,8.449
5195.54,101.2,8.449
5196.54,100.68,8.449
5197.54,100.96,8.4491
5198.54,101.31,8.4491
5199.55,100.78,8.449
5200.55,100.83,8.4491
5201.55,101.35,8.4491
5202.55,100.88,8.449
5203.55,101.27,8.449
5204.55,100.8,8.449
5205.56,100.81,8.449
5206.56,101.1,8.449
5207.56,100.81,8.449
5208.56,101.23,8.449
5209.56,100.81,8.449
5210.56,100.81,8.449
5211.56,101.22,8.449
5212.57,100.85,8.4488
5213.57,101.24,8.449
5214.57,100.84,8.449
5215.57,100.84,8.4489
5216.57,101.19,8.4489
5217.57,100.83,8.4489
5218.58,101.21,8.449
5219.58,100.82,8.4489
5220.58,100.8,8.4489
5221.58,101.42,8.4489
5222.58,100.86,8.449
5223.58,100.99,8.449
5224.58,101.31,8.449
5225.59,100.97,8.449
5226.59,100.87,8.4489
5227.59,101.28,8.4489
5228.59,100.91,8.4489
5229.59,101.21,8.4489
5230.59,100.58,8.4489
5231.59,100.74,8.449
5232.6,101.15,8.449
5233.6,100.77,8.449
5234.6,101.25,8.449
5235.6,104.33,8.449
5236.6,107.88,8.4489
5237.6,152.76,8.449
5238.61,100.67,8.449
5239.61,142.09,8.4489
5240.61,101.12,8.449
5241.61,100.81,8.4489
5242.61,101.23,8.4489
5243.61,100.95,8.449
5244.62,100.86,8.4489
5245.62,101.26,8.4489
5246.62,100.84,8.4489
5247.62,101.25,8.449
5248.62,100.74,8.4489
5249.62,100.52,8.4489
5250.63,101.14,8.4489
5251.63,100.83,8.4489
5252.63,101.24,8.4489
5253.63,100.88,8.4491
5254.63,100.8,8.4491
5255.63,101.23,8.449
5256.63,100.78,8.4489
5257.64,101.22,8.449
5258.64,100.82,8.4491
5259.64,100.88,8.449
5260.64,101.1,8.449
5261.64,100.74,8.449
5262.64,101.06,8.4491
5263.65,100.76,8.449
5264.65,100.57,8.449
5265.65,101.1,8.449
5266.65,101.16,8.449
5267.65,101.26,8.4491
5268.65,102.1,8.449
5269.66,100.54,8.449
5270.66,100.93,8.449
5271.66,100.55,8.449
5272.66,100.98,8.4489
5273.66,101.82,8.4492
5274.66,100.99,8.4492
5275.66,103.73,8.4492
5276.67,101.04,8.4492
5277.67,101.25,8.4492
5278.67,101.0,8.4492
5279.67,100.61,8.4492
5280.67,157.27,8.4492
5281.67,310.45,8.674
5282.67,100.85,8.674
5283.68,101.7,8.674
5284.68,109.48,8.674
5285.68,100.86,8.6739
5286.68,101.33,8.6739
5287.68,100.88,8.6739
5288.68,100.9,8.6738
5289.68,101.27,8.6738
5290.69,100.9,8.674
5291.69,100.83,8.674
5292.69,101.15,8.6738
5293.69,101.64,8.674
5294.69,101.73,8.6741
5295.69,101.22,8.6741
5296.69,100.85,8.6741
5297.7,101.48,8.6741
5298.7,100.81,8.674
5299.7,100.84,8.674
5300.7,101.42,8.674
5301.7,101.0,8.674
5302.7,105.15,8.6741
5303.71,100.88,8.6741
5304.71,101.02,8.674
5305.71,101.27,8.674
5306.71,100.84,8.6739
5307.71,101.24,8.6739
5308.71,100.91,8.674
5309.71,100.87,8.674
5310.72,101.35,8.674
5311.72,100.89,8.674
5312.72,100.88,8.674
5313.72,101.47,8.674
5314.72,100.87,8.674
5315.72,100.87,8.674
5316.72,101.35,8.674
5317.73,100.85,8.674
5318.73,100.88,8.6741
5319.73,101.27,8.6739
5320.73,100.89,8.6739
5321.73,100.86,8.6739
5322.73,100.96,8.6739
5323.73,100.94,8.6739
5324.74,101.23,8.674
5325.74,100.81,8.6739
5326.74,100.73,8.674
5327.74,100.96,8.674
5328.74,100.63,8.674
5329.74,101.24,8.674
5330.75,100.82,8.674
5331.75,100.86,8.674
5332.75,101.23,8.674
5333.75,101.03,8.674
5334.75,101.23,8.6739
5335.75,100.73,8.6739
5336.76,100.9,8.6739
5337.76,101.3,8.674
5338.76,100.84,8.674
5339.76,100.8,8.6742
5340.76,107.96,8.6742
5341.76,100.8,8.6742
5342.76,100.77,8.6742
5343.76,101.4,8.6742
5344.77,101.62,8.6742
5345.77,100.84,8.674
5346.77,101.22,8.674
5347.77,100.84,8.674
5348.77,100.92,8.674
5349.77,101.34,8.674
5350.77,101.28,8.674
5351.78,100.72,8.674
5352.78,101.12,8.674
5353.78,100.99,8.674
5354.78,101.22,8.674
5355.78,100.84,8.6739
5356.78,100.84,8.6739
5357.78,101.23,8.6739
5358.79,100.91,8.674
5359.79,100.84,8.674
5360.79,101.27,8.674
5361.79,100.86,8.6741
5362.79,101.24,8.6739
5363.79,100.97,8.6739
5364.8,100.86,8.6739
5365.8,101.25,8.6739
5366.8,100.81,8.6739
5367.8,101.33,8.6739
5368.8,100.89,8.6741
5369.8,100.85,8.6741
5370.8,101.36,8.6739
5371.81,100.87,8.6739
5372.81,100.86,8.6739
5373.81,101.49,8.6741
5374.81,101.17,8.6741
5375.81,100.87,8.6741
5376.81,101.29,8.6741
5377.81,100.78,8.674
5378.82,100.88,8.6741
5379.82,101.22,8.6739
5380.82,100.91,8.6739
5381.82,101.24,8.6739
5382.82,100.86,8.6741
5383.82,100.94,8.6742
5384.82,101.26,8.6742
5385.83,100.88,8.6741
5386.83,101.24,8.6741
5387.83,100.84,8.6741
5388.83,114.72,8.6742
5389.83,101.21,8.6742
5390.83,100.88,8.6742
5391.84,101.26,8.6742
5392.84,101.02,8.6742
5393.84,100.91,8.6742
5394.84,101.28,8.6741
5395.84,100.87,8.6741
5396.84,101.26,8.6741
5397.85,100.88,8.6741
5398.85,100.86,8.674
5399.85,101.24,8.674
5400.85,100.84,8.674
5401.85,101.27,8.674
5402.85,100.87,8.6741
5403.86,100.85,8.674
5404.86,101.21,8.6741
5405.86,100.86,8.6741
5406.86,101.12,8.6741
5407.86,100.83,8.6741
5408.86,100.91,8.6742
5409.86,101.27,8.6741
5410.87,101.1,8.6741
5411.87,101.12,8.6741
5412.87,102.66,8.6742
5413.87,100.89,8.6741
5414.87,101.35,8.6742
5415.87,100.89,8.6742
5416.88,101.49,8.6742
5417.88,101.3,8.6742
5418.88,100.87,8.6742
5419.88,101.19,8.6741
5420.88,101.31,8.6741
5421.88,101.02,8.6741
5422.88,100.95,8.6741
5423.88,101.31,8.6742
5424.89,100.88,8.6741
5425.89,101.56,8.6741
5426.89,100.98,8.6741
5427.89,100.85,8.6741
5428.89,104.16,8.6742
5429.89,100.78,8.674
5430.9,101.22,8.674
5431.9,100.81,8.674
5432.9,100.93,8.6741
5433.9,101.37,8.6741
5434.9,100.85,8.674
5435.9,100.82,8.674
5436.9,101.31,8.674
5437.91,100.85,8.6741
5438.91,100.89,8.674
5439.91,101.33,8.674
5440.91,100.79,8.674
5441.91,100.58,8.6741
5442.91,101.04,8.6741
5443.91,100.69,8.6741
5444.92,101.21,8.6741
5445.92,100.85,8.674
5446.92,100.85,8.674
5447.92,101.28,8.674
5448.92,100.9,8.6742
5449.92,101.28,8.6742
5450.93,100.81,8.6742
5451.93,100.82,8.6742
5452.93,101.36,8.6741
5453.93,100.89,8.6741
5454.93,100.81,8.6741
5455.93,101.3,8.6741
5456.93,100.86,8.6743
5457.94,100.87,8.6741
5458.94,101.31,8.6741
5459.94,100.84,8.674
5460.94,101.26,8.674
5461.94,100.86,8.674
5462.94,100.92,8.6741
5463.95,101.3,8.6743
5464.95,100.85,8.6743
5465.95,101.25,8.6743
5466.95,100.89,8.6743
5467.95,100.87,8.6743
5468.95,101.26,8.6741
5469.95,100.85,8.6743
5470.96,101.28,8.6741
5471.96,100.84,8.6741
5472.96,100.94,8.6741
5473.96,101.38,8.6741
5474.96,100.82,8.6741
5475.96,100.86,8.6741
5476.97,101.49,8.6741
5477.97,101.08,8.6741
5478.97,101.28,8.6743
5479.97,101.12,8.6743
5480.97,101.27,8.6743
5481.97,100.84,8.6742
5482.97,100.92,8.6742
5483.98,101.31,8.6742
5484.98,100.91,8.6742
5485.98,100.89,8.6742
5486.98,101.32,8.6742
5487.98,100.84,8.674
5488.98,100.87,8.6742
5489.98,101.23,8.6742
5490.99,100.59,8.6742
5491.99,101.35,8.674
5492.99,126.54,8.6742
5493.99,120.5,8.6742
5494.99,101.33,8.6742
5495.99,100.87,8.6742
5497.0,117.22,8.6742
5498.0,101.38,8.674
5499.0,100.91,8.674
5500.0,100.83,8.674
5501.0,101.28,8.6742
5502.0,100.67,8.6742
5503.0,100.7,8.6743
5504.01,111.8,8.6742
5505.01,100.9,8.6742
5506.01,101.27,8.6742
5507.01,100.84,8.6742
5508.01,100.83,8.6743
5509.01,101.21,8.6742
5510.01,100.72,8.6742
5511.02,101.24,8.6742
5512.02,100.82,8.6742
5513.02,100.89,8.6742
5514.02,101.27,8.6742
5515.02,100.86,8.6743
5516.02,101.28,8.6742
5517.03,100.8,8.6742
5518.03,100.9,8.6742
5519.03,101.21,8.6742
5520.03,100.77,8.6742
5521.03,100.78,8.6742
5522.03,101.27,8.6742
5523.03,100.89,8.6742
5524.04,101.62,8.6742
5525.04,100.97,8.6742
5526.04,100.87,8.6742
5527.04,101.2,8.6742
5528.04,100.87,8.6742
5529.04,100.89,8.6742
5530.04,101.32,8.6742
5531.05,100.61,8.6742
5532.05,100.8,8.6742
5533.05,101.4,8.6742
5534.05,100.92,8.6743
5535.05,100.82,8.6743
5536.05,100.74,8.6743
5537.05,101.12,8.6743
5538.05,100.91,8.6743
5539.06,100.82,8.6743
5540.06,101.19,8.6743
5541.06,100.89,8.6743
5542.06,100.73,8.6743
5543.06,101.25,8.6742
5544.06,100.89,8.6743
5545.06,100.78,8.6742
5546.06,100.89,8.6741
5547.06,101.22,8.6741
5548.07,124.35,8.6746
5549.07,105.89,8.6746
5550.07,104.82,8.6747
5551.07,102.85,8.6748
5552.07,101.23,8.6747
5553.07,127.74,8.6748
5554.07,104.32,8.6747
5555.08,106.42,8.6747
5556.08,100.78,8.6747
5557.08,100.88,8.6747
5558.08,101.28,8.6746
5559.08,137.63,8.6747
5560.08,100.92,8.6746
5561.08,101.3,8.6746
5562.09,100.85,8.6746
5563.09,124.64,8.6746
5564.09,104.48,8.6746
5565.09,102.9,8.6745
5566.09,102.67,8.6746
5567.09,100.78,8.6746
5568.1,101.07,8.6746
5569.1,100.99,8.6746
5570.1,101.26,8.6746
5571.1,134.45,8.6746
5572.1,100.81,8.6746
5573.1,330.51,8.8177
5574.11,142.16,8.8624
5575.11,100.78,8.8625
5576.11,142.03,8.8625
5577.11,101.08,8.8624
5578.11,101.19,8.8624
5579.11,100.87,8.8624
5580.11,100.81,8.8624
5581.12,101.21,8.8624
5582.12,100.82,8.8625
5583.12,101.31,8.8624
5584.12,100.84,8.8624
5585.12,100.8,8.8624
5586.12,101.24,8.8624
5587.13,100.96,8.8624
5588.13,101.27,8.8624
5589.13,100.73,8.8624
5590.13,100.65,8.8624
5591.13,101.3,8.8624
5592.13,100.84,8.8623
5593.14,101.32,8.8624
5594.14,100.86,8.8624
5595.14,100.72,8.8623
5596.14,101.22,8.8623
5597.14,101.1,8.8623
5598.14,100.78,8.8623
5599.14,101.18,8.8623
5600.15,100.66,8.8624
5601.15,101.08,8.8624
5602.15,100.68,8.8623
5603.15,100.81,8.8624
5604.15,101.2,8.8623
5605.15,101.88,8.8623
5606.16,101.3,8.8623
5607.16,101.25,8.8623
5608.16,100.81,8.8623
5609.16,101.21,8.8623
5610.16,102.72,8.8623
5611.16,103.58,8.8623
5612.17,101.23,8.8623
5613.17,100.93,8.8624
5614.17,101.27,8.8626
5615.17,100.86,8.8625
5616.17,101.03,8.8625
5617.17,100.55,8.8625
5618.18,100.52,8.8625
5619.18,101.17,8.8625
5620.18,100.95,8.8625
5621.18,103.26,8.8625
5622.18,101.21,8.8626
5623.18,100.93,8.8626
5624.18,101.06,8.8623
5625.19,134.21,8.8623
5626.19,100.81,8.8623
5627.19,101.29,8.8623
5628.19,100.83,8.8623
5629.19,102.24,8.8623
5630.19,101.25,8.8625
5631.19,100.84,8.8623
5632.2,101.25,8.8625
5633.2,100.89,8.8624
5634.2,100.88,8.8624
5635.2,101.25,8.8624
5636.2,100.84,8.8624
5637.2,100.84,8.8624
5638.2,101.3,8.8625
5639.21,100.87,8.8625
5640.21,100.82,8.8625
5641.21,101.23,8.8624
5642.21,100.81,8.8624
5643.21,101.28,8.8625
5644.21,100.89,8.8625
5645.22,100.81,8.8625
5646.22,101.1,8.8625
5647.22,100.73,8.8625
5648.22,101.08,8.8625
5649.22,100.77,8.8625
5650.22,100.83,8.8625
5651.22,101.61,8.8625
5652.23,100.81,8.8625
5653.23,102.32,8.8625
5654.23,101.07,8.8625
5655.23,100.61,8.8625
5656.23,100.53,8.8625
5657.23,100.95,8.8625
5658.23,100.53,8.8625
5659.24,101.0,8.8625
5660.24,100.53,8.8625
5661.24,100.51,8.8625
5662.24,100.92,8.8625
5663.24,100.61,8.8625
5664.24,100.96,8.8625
5665.25,100.56,8.8625
5666.25,100.54,8.8624
5667.25,100.95,8.8624
5668.25,100.56,8.8625
5669.25,101.0,8.8624
5670.25,100.51,8.8624
5671.26,100.92,8.8624
5672.26,100.51,8.8625
5673.26,100.6,8.8625
5674.26,105.37,8.8625
5675.26,100.72,8.8625
5676.26,100.96,8.8625
5677.27,100.57,8.8625
5678.27,100.57,8.8625
5679.27,101.03,8.8625
5680.27,100.57,8.8625
5681.27,101.27,8.8625
5682.27,100.57,8.8625
5683.27,100.91,8.8625
5684.28,101.3,8.8625
5685.28,100.75,8.8625
5686.28,101.24,8.8625
5687.28,100.74,8.8625
5688.28,100.78,8.8625
5689.28,101.3,8.8625
5690.29,100.84,8.8625
5691.29,100.84,8.8625
5692.29,101.2,8.8625
5693.29,100.9,8.8625
5694.29,101.73,8.8625
5695.29,100.85,8.8625
5696.29,100.84,8.8625
5697.3,101.31,8.8625
5698.3,100.83,8.8625
5699.3,100.88,8.8625
5700.3,101.26,8.8625
5701.3,100.84,8.8625
5702.3,101.24,8.8624
5703.31,100.9,8.8624
5704.31,100.8,8.8624
5705.31,101.26,8.8625
5706.31,101.08,8.8625
5707.31,101.27,8.8625
5708.31,100.82,8.8625
5709.31,100.88,8.8625
5710.32,101.24,8.8625
5711.32,100.9,8.8625
5712.32,101.19,8.8625
5713.32,101.01,8.8625
5714.32,100.83,8.8625
5715.32,101.26,8.8624
5716.33,103.23,8.8624
5717.33,100.8,8.8624
5718.33,101.3,8.8624
5719.33,100.85,8.8625
5720.33,101.24,8.8625
5721.33,100.87,8.8625
5722.34,100.84,8.8625
5723.34,101.33,8.8625
5724.34,100.82,8.8625
5725.34,101.24,8.8625
5726.34,100.81,8.8625
5727.34,100.66,8.8625
5728.34,101.03,8.8625
5729.35,100.57,8.8625
5730.35,100.95,8.8624
5731.35,100.66,8.8624
5732.35,100.72,8.8624
5733.35,101.41,8.8625
5734.35,100.76,8.8625
5735.36,100.85,8.8625
5736.36,101.29,8.8625
5737.36,100.84,8.8625
5738.36,100.88,8.8625
5739.36,101.28,8.8625
5740.36,100.85,8.8624
5741.36,101.06,8.8626
5742.36,101.32,8.8626
5743.36,101.25,8.8627
5744.37,100.55,8.8627
5745.37,100.94,8.8626
5746.37,100.49,8.8626
5747.37,100.75,8.8626
5748.37,101.02,8.8627
5749.37,100.55,8.8624
5750.37,100.51,8.8624
5751.38,101.08,8.8624
5752.38,100.8,8.8624
5753.38,100.95,8.8624
5754.38,101.24,8.8624
5755.38,100.83,8.8624
5756.38,101.2,8.8626
5757.39,100.84,8.8626
5758.39,100.9,8.8624
5759.39,101.22,8.8625
5760.39,100.83,8.8624
5761.39,101.22,8.8624
5762.39,100.85,8.8624
5763.4,100.95,8.8626
5764.4,101.22,8.8625
5765.4,100.83,8.8625
5766.4,101.21,8.8625
5767.4,100.83,8.8625
5768.4,100.83,8.8625
5769.4,101.18,8.8625
5770.41,100.82,8.8625
5771.41,101.27,8.8625
5772.41,100.78,8.8625
5773.41,100.89,8.8625
5774.41,101.1,8.8625
5775.41,100.71,8.8625
5776.42,100.95,8.8625
5777.42,100.5,8.8625
5778.42,100.57,8.8626
5779.42,100.91,8.8625
5780.42,100.53,8.8625
5781.42,101.93,8.8625
5782.43,100.54,8.8625
5783.43,100.65,8.8625
5784.43,100.92,8.8625
5785.43,100.54,8.8626
5786.43,101.02,8.8626
5787.43,100.54,8.8625
5788.44,100.58,8.8625
5789.44,100.95,8.8625
5790.44,100.59,8.8625
5791.44,100.98,8.8625
5792.44,100.55,8.8625
5793.44,100.7,8.8626
5794.44,100.96,8.8626
5795.45,100.56,8.8626
5796.45,100.98,8.8626
5797.45,100.55,8.8626
5798.45,100.57,8.8626
5799.45,101.02,8.8626
5800.45,100.57,8.8625
5801.46,101.02,8.8625
5802.46,100.81,8.8625
5803.46,100.63,8.8625
5804.46,101.22,8.8625
5805.46,100.85,8.8625
5806.46,101.26,8.8625
5807.47,100.83,8.8626
5808.47,100.88,8.8625
5809.47,101.2,8.8625
5810.47,100.85,8.8625
5811.47,101.27,8.8625
5812.47,100.8,8.8625
5813.47,100.96,8.8625
5814.48,100.97,8.8626
5815.48,100.57,8.8625
5816.48,100.55,8.8625
5817.48,100.92,8.8625
5818.48,100.62,8.8625
5819.48,101.15,8.8625
5820.49,100.81,8.8625
5821.49,100.83,8.8625
5822.49,101.23,8.8626
5823.49,100.92,8.8625
5824.49,101.23,8.8625
5825.49,100.84,8.8625
5826.5,100.8,8.8625
5827.5,101.27,8.8625
5828.5,100.9,8.8626
5829.5,101.09,8.8627
5830.5,100.75,8.8626
5831.5,100.91,8.8625
5832.5,101.27,8.8625
5833.51,100.87,8.8625
5834.51,100.74,8.8625
5835.51,100.99,8.8625
5836.51,100.87,8.8626
5837.51,100.85,8.8625
5838.51,101.29,8.8624
5839.51,100.82,8.8625
5840.52,101.19,8.8625
5841.52,100.81,8.8625
5842.52,100.79,8.8625
5843.52,101.34,8.8626
5844.52,100.79,8.8626
5845.52,101.19,8.8625
5846.53,100.83,8.8625
5847.53,100.8,8.8625
5848.53,101.32,8.8626
5849.53,100.87,8.8626
5850.53,100.86,8.8626
5851.53,101.33,8.8628
5852.53,100.86,8.8626
5853.54,101.17,8.8628
5854.54,101.33,8.8628
5855.54,100.84,8.8627
5856.54,100.85,8.8627
5857.54,101.21,8.8627
5858.54,100.91,8.8626
5859.54,101.2,8.8627
5860.55,100.75,8.8626
5861.55,100.84,8.8626
5862.55,101.15,8.8626
5863.55,100.92,8.8626
5864.55,101.21,8.8626
5865.55,100.8,8.8625
5866.55,100.73,8.8625
5867.56,101.09,8.8625
5868.56,100.63,8.8625
5869.56,100.57,8.8625
5870.56,101.05,8.8625
5871.56,100.65,8.8625
5872.56,100.71,8.8625
5873.56,101.12,8.8628
5874.57,100.65,8.8627
5875.57,100.82,8.8627
5876.57,101.21,8.8625
5877.57,100.78,8.8625
5878.57,100.84,8.8625
5879.57,101.28,8.8625
5880.57,100.8,8.8625
5881.57,100.82,8.8625
5882.58,107.91,8.8625
5883.58,100.79,8.8627
5884.58,101.15,8.8627
5885.58,100.79,8.8627
5886.58,100.83,8.8626
5887.58,101.15,8.8626
5888.59,102.18,8.8626
5889.59,101.23,8.8626
5890.59,101.16,8.8626
5891.59,100.97,8.8626
5892.59,101.28,8.8626
5893.59,100.94,8.8627
5894.6,100.81,8.8626
5895.6,101.28,8.8627
5896.6,100.79,8.8627
5897.6,101.22,8.8626
5898.6,100.86,8.8626
5899.6,100.88,8.8626
5900.6,101.26,8.8626
5901.61,100.85,8.8626
5902.61,101.14,8.8626
5903.61,100.69,8.8627
5904.61,100.52,8.8627
5905.61,101.08,8.8626
5906.61,100.8,8.8626
5907.61,100.78,8.8626
5908.62,101.33,8.8626
5909.62,100.79,8.8626
5910.62,100.87,8.8626
5911.62,101.28,8.8626
5912.62,100.82,8.8626
5913.62,100.99,8.8627
5914.62,101.3,8.8627
5915.63,100.84,8.8627
5916.63,100.82,8.8626
5917.63,101.22,8.8626
5918.63,100.9,8.8626
5919.63,100.87,8.8626
5920.63,101.33,8.8626
5921.63,100.67,8.8626
5922.63,100.73,8.8626
5923.64,101.32,8.8627
5924.64,100.72,8.8626
5925.64,100.83,8.8626
5926.64,101.0,8.8626
5927.64,100.6,8.8626
5928.64,100.86,8.8626
5929.64,101.29,8.8626
5930.65,100.79,8.8626
5931.65,100.82,8.8626
5932.65,101.27,8.8626
5933.65,123.5,8.8627
5934.65,178.99,8.8635
5935.65,101.01,8.8634
5936.65,100.66,8.8634
5937.65,100.82,8.8634
5938.66,101.36,8.8634
5939.66,100.61,8.8635
5940.66,100.74,8.8635
5941.66,100.86,8.8635
5942.66,103.48,8.8634
5943.66,100.77,8.8636
5944.66,101.02,8.8635
5945.67,100.8,8.8633
5946.67,100.58,8.8634
5947.67,100.95,8.8634
5948.67,100.71,8.8634
5949.67,100.74,8.8634
5950.67,101.06,8.8634
5951.67,100.58,8.8634
5952.68,101.3,8.8635
5953.68,100.97,8.8635
5954.68,100.91,8.8635
5955.68,101.23,8.8635
5956.68,100.52,8.8634
5957.68,100.82,8.8634
5958.68,101.27,8.8634
5959.69,100.72,8.8634
5960.69,100.86,8.8635
5961.69,101.32,8.8634
5962.69,100.87,8.8634
5963.69,101.79,8.8634
5964.69,101.23,8.8634
5965.69,100.83,8.8634
5966.7,101.04,8.8634
5967.7,100.83,8.8634
5968.7,100.89,8.8634
5969.7,101.32,8.8634
5970.7,100.69,8.8634
5971.7,100.54,8.8634
5972.7,101.25,8.8634
5973.71,100.81,8.8636
5974.71,100.51,8.8635
5975.71,100.9,8.8635
5976.71,100.54,8.8635
5977.71,100.58,8.8635
5978.71,104.3,8.8635
5979.71,100.78,8.8635
5980.72,101.02,8.8634
5981.72,100.55,8.8635
5982.72,100.56,8.8635
5983.72,101.1,8.8635
5984.72,100.56,8.8634
5985.72,101.0,8.8634
5986.73,100.69,8.8634
5987.73,100.67,8.8634
5988.73,101.16,8.8635
5989.73,102.73,8.8635
5990.73,101.22,8.8635
5991.73,100.76,8.8634
5992.74,100.65,8.8634
5993.74,101.32,8.8637
5994.74,101.07,8.8636
5995.74,101.21,8.8636
5996.74,100.82,8.8636
5997.74,100.75,8.8635
5998.74,101.27,8.8635
5999.75,100.81,8.8635
6000.75,101.11,8.8635
6001.75,100.82,8.8635
6002.75,137.61,8.8635
6003.75,101.58,8.8636
6004.75,100.76,8.8636
6005.75,100.78,8.8636
6006.76,101.15,8.8634
6007.76,100.81,8.8634
6008.76,100.83,8.8634
6009.76,101.25,8.8634
6010.76,100.89,8.8634
6011.76,101.34,8.8634
6012.77,100.84,8.8636
6013.77,100.82,8.8636
6014.77,101.11,8.8634
6015.77,100.78,8.8634
6016.77,100.65,8.8634
6017.77,101.18,8.8634
6018.77,100.8,8.8634
6019.78,101.14,8.8634
6020.78,100.85,8.8634
6021.78,100.85,8.8634
6022.78,101.43,8.8634
6023.78,101.0,8.8634
6024.78,101.19,8.8634
6025.79,100.58,8.8634
6026.79,100.63,8.8634
6027.79,101.18,8.8635
6028.79,101.68,8.8635
6029.79,100.89,8.8635
6030.79,101.3,8.8635
6031.79,100.77,8.8635
6032.8,101.2,8.8635
6033.8,100.89,8.8635
6034.8,104.55,8.8635
6035.8,101.01,8.8635
6036.8,100.67,8.8635
6037.8,100.7,8.8636
6038.8,101.16,8.8636
6039.81,100.78,8.8636
6040.81,100.7,8.8635
6041.81,101.08,8.8636
6042.81,101.18,8.8637
6043.81,100.99,8.8637
6044.81,100.72,8.8636
6045.81,100.8,8.8636
6046.82,101.22,8.8636
6047.82,100.68,8.8636
6048.82,101.17,8.8636
6049.82,100.75,8.8636
6050.82,100.75,8.8636
6051.82,140.91,8.9556
6052.83,384.72,9.3235
6053.83,100.59,9.3235
6054.83,101.05,9.3235
6055.83,100.83,9.3235
6056.83,100.82,9.3235
6057.83,101.22,9.3235
6058.83,100.87,9.3235
6059.84,101.15,9.3235
6060.84,100.72,9.3235
6061.84,100.68,9.3235
6062.84,101.17,9.3236
6063.84,101.73,9.3235
6064.84,100.95,9.3235
6065.85,100.74,9.3234
6066.85,100.54,9.3234
6067.85,100.92,9.3234
6068.85,100.78,9.3235
6069.85,100.71,9.3235
6070.85,103.6,9.3235
6071.85,100.7,9.3235
6072.86,104.62,9.3235
6073.86,100.85,9.3235
6074.86,100.8,9.3235
6075.86,101.16,9.3235
6076.86,190.19,4.1198
6077.86,345.77,2.1455
6078.86,319.02,2.5419
6079.87,303.56,2.9933
6080.87,190.53,3.5022
6081.87,227.93,3.7373
6082.87,345.29,3.9604
6083.87,347.09,4.19
6084.87,324.91,4.4474
6085.87,311.97,4.7167
6086.87,314.39,5.0141
6087.88,306.17,5.2655
6088.88,308.78,5.5394
6089.88,303.08,5.7915
6090.88,301.24,6.0525
6091.88,301.86,6.3539
6092.88,308.56,6.7196
6093.89,330.88,7.4043
6094.89,304.96,7.4043
6095.89,301.6,7.4049
6096.89,307.15,7.405
6097.89,313.59,7.4055
6098.89,280.51,7.4058
6099.89,284.85,7.406
6100.9,176.05,7.5064
6101.9,171.81,7.4997
6102.9,128.77,7.4998
6103.9,132.29,7.4997
6104.9,122.88,7.4997
6105.9,238.84,8.187
6106.9,106.13,8.1893
6107.91,121.73,8.1894
6108.91,144.48,8.1893
6109.91,119.02,8.1893
6110.91,118.71,8.1893
6111.91,104.46,8.1893
6112.91,102.63,8.1893
6113.91,102.51,8.1893
6114.91,104.55,8.1892
6115.92,163.29,8.1891
6116.92,265.62,8.1891
6117.92,136.01,8.1903
6118.92,137.18,8.1904
6119.92,103.42,8.1904
6120.92,101.68,8.1904
6121.93,111.11,8.1904
6122.93,101.07,8.1904
6123.93,104.56,8.1904
6124.93,102.24,8.1904
6125.93,102.48,8.1904
6126.93,106.19,8.1904
6127.93,105.72,8.1904
6128.94,104.13,8.1904
6129.94,101.05,8.1905
6130.94,126.75,8.1904
6131.94,101.89,8.1904
6132.94,100.81,8.1906
6133.94,102.39,8.1906
6134.95,100.9,8.1906
6135.95,160.07,8.1907
6136.95,178.02,8.254
6137.95,104.28,8.2538
6138.95,107.53,8.2539
6139.95,100.67,8.2539
6140.96,101.04,8.2539
6141.96,101.11,8.2539
6142.96,102.84,8.2539
6143.96,101.25,8.2539
6144.96,101.69,8.2538
6145.96,103.85,8.2538
6146.96,101.31,8.2538
6147.97,100.8,8.2538
6148.97,101.01,8.2539
6149.97,101.2,8.2539
6150.97,120.87,8.254
6151.97,101.32,8.2541
6152.97,101.36,8.254
6153.97,118.85,8.254
6154.98,108.73,8.2542
6155.98,105.78,8.2539
6156.98,100.8,8.2539
6157.98,107.37,8.2539
6158.98,112.03,8.2539
6159.98,100.79,8.2538
6160.98,103.28,8.2538
6161.98,101.21,8.2539
6162.99,101.31,8.2539
6163.99,101.04,8.2539
6164.99,100.69,8.2539
6165.99,100.85,8.2538
6166.99,106.7,8.2538
6167.99,102.8,8.2538
6168.99,100.8,8.2539
6170.0,101.07,8.2539
6171.0,100.9,8.2539
6172.0,100.98,8.2539
6173.0,100.86,8.2538
6174.0,101.2,8.2538
6175.0,101.32,8.2538
6176.01,103.18,8.2538
6177.01,101.17,8.2538
6178.01,102.15,8.2538
6179.01,100.73,8.2539
6180.01,106.74,8.2539
6181.01,116.38,8.2539
6182.02,100.77,8.2539
6183.02,104.63,8.2539
6184.02,100.74,8.2539
6185.02,101.14,8.2539
6186.02,100.94,8.2539
6187.02,100.83,8.2539
6188.03,101.16,8.2538
6189.03,101.47,8.2539
6190.03,101.29,8.2539
6191.03,100.86,8.2541
6192.03,111.24,8.2539
6193.03,101.0,8.2539
6194.03,137.78,8.2539
6195.04,104.07,8.2539
6196.04,100.51,8.254
6197.04,100.76,8.2541
6198.04,101.3,8.254
6199.04,100.58,8.254
6200.04,100.54,8.254
6201.04,100.92,8.254
6202.05,100.53,8.254
6203.05,101.01,8.2541
6204.05,100.56,8.2541
6205.05,100.52,8.2541
6206.05,100.94,8.2541
6207.05,100.6,8.2541
6208.06,100.79,8.2541
6209.06,101.09,8.2541
6210.06,100.59,8.2538
6211.06,101.21,8.2538
6212.06,100.82,8.254
6213.06,100.85,8.254
6214.06,101.29,8.2538
6215.07,100.8,8.2539
6216.07,101.07,8.2539
6217.07,100.69,8.254
6218.07,100.74,8.254
6219.07,101.15,8.254
6220.07,100.69,8.254
6221.08,100.84,8.254
6222.08,101.19,8.254
6223.08,218.41,8.2573
6224.08,162.53,8.4434
6225.08,100.87,8.4434
6226.08,102.01,8.4434
6227.08,100.82,8.4434
6228.08,102.5,8.4433
6229.09,100.58,8.4432
6230.09,103.08,8.4432
6231.09,101.05,8.4432
6232.09,100.85,8.4433
6233.09,101.19,8.4433
6234.09,101.44,8.4434
6235.09,100.84,8.4434
6236.1,101.23,8.4434
6237.1,100.83,8.4434
6238.1,100.84,8.4434
6239.1,101.08,8.4434
6240.1,100.74,8.4434
6241.1,101.2,8.4434
6242.11,100.68,8.4433
6243.11,100.69,8.4433
6244.11,101.25,8.4433
6245.11,115.12,8.4433
6246.11,106.25,8.4433
6247.11,102.51,8.4433
6248.11,100.53,8.4433
6249.12,101.03,8.4433
6250.12,100.58,8.4433
6251.12,100.71,8.4433
6252.12,101.08,8.4433
6253.12,101.76,8.4433
6254.12,101.54,8.4434
6255.12,101.14,8.4434
6256.13,108.13,8.4433
6257.13,100.49,8.4433
6258.13,100.88,8.4433
6259.13,101.01,8.4433
6260.13,104.5,8.4433
6261.13,101.68,8.4434
6262.13,100.68,8.4433
6263.14,101.12,8.4434
6264.14,100.69,8.4434
6265.14,103.86,8.4433
6266.14,101.09,8.4433
6267.14,100.54,8.4433
6268.14,158.02,8.4433
6269.14,101.13,8.4433
6270.15,100.54,8.4433
6271.15,100.56,8.4433
6272.15,101.02,8.4433
6273.15,101.39,8.4433
6274.15,100.66,8.4433
6275.15,100.97,8.4433
6276.15,100.61,8.4433
6277.15,100.57,8.4433
6278.16,101.07,8.4433
6279.16,100.96,8.4433
6280.16,118.64,8.4433
6281.16,105.31,8.4433
6282.16,101.62,8.4433
6283.16,100.5,8.4435
6284.16,110.22,8.4435
6285.17,121.99,8.4433
6286.17,100.8,8.4433
6287.17,101.13,8.4433
6288.17,101.27,8.4433
6289.17,100.81,8.4433
6290.17,119.57,8.4433
6291.17,100.68,8.4433
6292.17,100.58,8.4433
6293.18,101.17,8.4433
6294.18,100.68,8.4433
6295.18,101.28,8.4433
6296.18,101.11,8.4433
6297.18,100.65,8.4433
6298.18,101.8,8.4433
6299.18,101.16,8.4433
6300.19,100.69,8.4433
6301.19,101.11,8.4433
6302.19,100.69,8.4433
6303.19,102.07,8.4433
6304.19,101.23,8.4433
6305.19,101.33,8.4433
6306.19,100.43,8.4433
6307.2,101.05,8.4433
6308.2,100.57,8.4434
6309.2,100.88,8.4434
6310.2,100.95,8.4434
6311.2,103.31,8.4434
6312.2,101.61,8.4435
6313.2,101.16,8.4435
6314.21,100.82,8.4434
6315.21,100.82,8.4434
6316.21,108.21,8.4434
6317.21,100.58,8.4435
6318.21,101.29,8.4435
6319.21,100.82,8.4435
6320.21,100.83,8.4434
6321.22,100.93,8.4434
6322.22,101.62,8.4435
6323.22,100.84,8.4435
6324.22,101.26,8.4435
6325.22,100.66,8.4433
6326.22,101.04,8.4433
6327.23,100.74,8.4434
6328.23,100.84,8.4434
6329.23,101.3,8.4434
6330.23,100.8,8.4434
6331.23,101.21,8.4433
6332.23,100.87,8.4433
6333.24,100.72,8.4433
6334.24,101.13,8.4434
6335.24,100.68,8.4434
6336.24,101.11,8.4434
6337.24,100.77,8.4434
6338.24,100.55,8.4434
6339.24,100.99,8.4434
6340.25,100.52,8.4434
6341.25,101.04,8.4434
6342.25,100.56,8.4434
6343.25,100.58,8.4434
6344.25,101.32,8.4434
6345.25,119.49,8.4433
6346.26,104.78,8.4433
6347.26,100.5,8.4434
6348.26,100.57,8.4433
6349.26,101.03,8.4434
6350.26,100.57,8.4434
6351.26,100.56,8.4434
6352.27,100.94,8.4434
6353.27,100.9,8.4434
6354.27,101.09,8.4434
6355.27,100.71,8.4434
6356.27,107.97,8.4434
6357.27,100.89,8.4434
6358.27,100.68,8.4433
6359.28,101.11,8.4434
6360.28,100.69,8.4433
6361.28,100.76,8.4434
6362.28,101.07,8.4434
6363.28,100.97,8.4434
6364.28,100.76,8.4434
6365.28,101.45,8.4434
6366.29,100.76,8.4434
6367.29,100.52,8.4433
6368.29,101.04,8.4434
6369.29,104.27,8.4434
6370.29,101.11,8.4433
6371.29,100.69,8.4434
6372.3,101.82,8.4433
6373.3,100.75,8.4434
6374.3,100.6,8.4434
6375.3,118.96,8.4434
6376.3,100.61,8.4433
6377.3,100.93,8.4433
6378.31,101.09,8.4434
6379.31,100.76,8.4436
6380.31,117.71,8.4434
6381.31,119.5,8.4435
6382.31,101.7,8.4435
6383.31,101.07,8.4435
6384.31,100.75,8.4435
6385.32,100.57,8.4436
6386.32,100.97,8.4435
6387.32,100.6,8.4435
6388.32,100.65,8.4436
6389.32,101.21,8.4436
6390.32,100.62,8.4436
6391.32,101.11,8.4435
6392.33,100.63,8.4435
6393.33,100.74,8.4436
6394.33,101.11,8.4436
6395.33,100.65,8.4435
6396.33,100.73,8.4435
6397.33,101.04,8.4435
6398.33,101.03,8.4435
6399.34,101.21,8.4433
6400.34,100.6,8.4435
6401.34,101.91,8.4435
6402.34,100.92,8.4435
6403.34,101.21,8.4436
6404.34,100.96,8.4435
6405.34,101.25,8.4434
6406.35,100.79,8.4434
6407.35,100.92,8.4435
6408.35,100.55,8.4434
6409.35,100.73,8.4434
6410.35,101.2,8.4434
6411.35,101.94,8.4434
6412.36,101.76,8.4434
6413.36,101.14,8.4435
6414.36,100.59,8.4434
6415.36,100.89,8.4434
6416.36,327.8,8.6745
6417.36,100.62,8.6745
6418.37,101.27,8.6745
6419.37,100.68,8.6745
6420.37,110.61,8.6745
6421.37,100.46,8.6745
6422.37,100.43,8.6747
6423.37,101.05,8.6747
6424.37,100.52,8.6747
6425.38,100.93,8.6747
6426.38,100.54,8.6747
6427.38,101.14,8.6747
6428.38,101.15,8.6747
6429.38,100.85,8.6746
6430.38,101.15,8.6745
6431.39,100.91,8.6745
6432.39,100.67,8.6744
6433.39,101.5,8.6745
6434.39,100.92,8.6745
6435.39,104.6,8.6745
6436.39,103.72,8.6745
6437.39,100.72,8.6745
6438.4,100.78,8.6747
6439.4,101.12,8.6747
6440.4,100.86,8.6747
6441.4,100.59,8.6747
6442.4,100.95,8.6747
6443.4,100.68,8.6747
6444.4,100.95,8.6747
6445.41,100.53,8.6747
6446.41,100.53,8.6747
6447.41,100.96,8.6747
6448.41,100.54,8.6747
6449.41,100.88,8.6747
6450.41,100.56,8.6746
6451.42,100.8,8.6746
6452.42,101.16,8.6746
6453.42,100.76,8.6747
6454.42,101.14,8.6746
6455.42,100.64,8.6746
6456.42,100.66,8.6744
6457.42,101.29,8.6746
6458.43,100.78,8.6746
6459.43,100.62,8.6744
6460.43,101.06,8.6744
6461.43,100.69,8.6744
6462.43,100.65,8.6744
6463.43,101.15,8.6744
6464.43,100.84,8.6744
6465.44,101.06,8.6744
6466.44,100.66,8.6746
6467.44,100.83,8.6745
6468.44,101.26,8.6745
6469.44,100.72,8.6745
6470.44,101.06,8.6744
6471.45,100.63,8.6744
6472.45,105.97,8.6744
6473.45,101.2,8.6746
6474.45,100.56,8.6746
6475.45,100.54,8.6746
6476.45,101.74,8.6746
6477.45,100.57,8.6746
6478.45,100.9,8.6745
6479.46,100.98,8.6745
6480.46,100.68,8.6747
6481.46,100.66,8.6746
6482.46,101.05,8.6745
6483.46,101.16,8.6746
6484.46,100.61,8.6746
6485.46,100.92,8.6745
6486.47,100.54,8.6746
6487.47,100.93,8.6745
6488.47,100.59,8.6746
6489.47,100.85,8.6745
6490.47,100.91,8.6745
6491.47,100.61,8.6745
6492.48,101.07,8.6745
6493.48,100.86,8.6746
6494.48,100.88,8.6745
6495.48,101.22,8.6745
6496.48,104.56,8.6745
6497.48,100.73,8.6745
6498.48,101.07,8.6745
6499.49,100.61,8.6745
6500.49,101.22,8.6745
6501.49,100.81,8.6745
6502.49,100.57,8.6746
6503.49,101.29,8.6745
6504.49,100.69,8.6745
6505.5,100.84,8.6745
6506.5,101.24,8.6745
6507.5,100.84,8.6745
6508.5,101.2,8.6745
6509.5,100.69,8.6746
6510.5,100.7,8.6746
6511.5,101.1,8.6746
6512.51,100.68,8.6746
6513.51,101.2,8.6746
6514.51,100.7,8.6746
6515.51,100.77,8.6746
6516.51,101.1,8.6746
6517.51,100.68,8.6747
6518.52,100.81,8.6746
6519.52,101.25,8.6746
6520.52,100.81,8.6746
6521.52,101.17,8.6746
6522.52,100.68,8.6746
6523.52,105.85,8.6746
6524.52,109.87,8.6746
6525.53,100.62,8.6745
6526.53,100.66,8.6746
6527.53,101.13,8.6746
6528.53,100.65,8.6745
6529.53,100.7,8.6745
6530.53,101.06,8.6745
6531.53,100.74,8.6745
6532.53,100.66,8.6745
6533.54,100.69,8.6746
6534.54,101.01,8.6745
6535.54,100.56,8.6745
6536.54,101.05,8.6745
6537.54,100.79,8.6745
6538.54,100.89,8.6746
6539.55,101.07,8.6746
6540.55,100.7,8.6746
6541.55,101.23,8.6746
6542.55,100.84,8.6746
6543.55,100.97,8.6746
6544.55,101.25,8.6746
6545.55,100.85,8.6746
6546.56,101.05,8.6746
6547.56,100.64,8.6746
6548.56,100.92,8.6746
6549.56,101.05,8.6745
6550.56,100.66,8.6745
6551.56,101.28,8.6745
6552.56,100.91,8.6746
6553.57,100.95,8.6746
6554.57,101.14,8.6746
6555.57,100.67,8.6746
6556.57,100.67,8.6746
6557.57,101.12,8.6746
6558.57,100.78,8.6747
6559.58,101.39,8.6745
6560.58,100.88,8.6745
6561.58,101.06,8.6746
6562.58,101.23,8.6745
6563.58,100.7,8.6747
6564.58,100.52,8.6747
6565.58,101.03,8.6747
6566.59,100.66,8.6747
6567.59,100.65,8.6747
6568.59,105.04,8.6747
6569.59,100.88,8.6747
6570.59,101.26,8.6747
6571.59,100.84,8.6747
6572.6,100.91,8.6747
6573.6,101.38,8.6747
6574.6,100.85,8.6748
6575.6,101.03,8.6748
6576.6,100.58,8.6748
6577.6,100.57,8.6748
6578.6,101.15,8.6748
6579.61,100.75,8.6748
6580.61,101.2,8.6745
6581.61,100.84,8.6745
6582.61,100.8,8.6747
6583.61,104.26,8.6748
6584.61,100.66,8.6747
6585.61,100.65,8.6747
6586.62,101.18,8.6745
6587.62,100.87,8.6745
6588.62,101.33,8.6745
6589.62,100.83,8.6745
6590.62,100.87,8.6746
6591.62,101.11,8.6746
6592.63,100.64,8.6746
6593.63,100.66,8.6746
6594.63,101.24,8.6746
6595.63,100.66,8.6746
6596.63,100.98,8.6746
6597.63,100.64,8.6747
6598.63,100.61,8.6747
6599.64,100.97,8.6747
6600.64,100.56,8.6747
6601.64,100.59,8.6747
6602.64,100.99,8.6747
6603.64,100.64,8.6746
6604.64,101.04,8.6747
6605.65,100.59,8.6747
6606.65,100.76,8.6746
6607.65,101.18,8.6746
6608.65,100.83,8.6747
6609.65,100.78,8.6746
6610.65,101.35,8.6746
6611.65,100.75,8.6746
6612.65,100.67,8.6747
6613.66,101.22,8.6747
6614.66,100.69,8.6746
6615.66,100.63,8.6746
6616.66,100.98,8.6746
6617.66,100.67,8.6746
6618.66,100.76,8.6747
6619.66,101.1,8.6747
6620.67,100.58,8.6747
6621.67,101.23,8.6747
6622.67,101.91,8.6747
6623.67,100.7,8.6746
6624.67,101.23,8.6746
6625.67,101.1,8.6746
6626.67,100.84,8.6747
6627.68,101.34,8.6746
6628.68,100.85,8.6746
6629.68,100.77,8.6746
6630.68,101.1,8.6747
6631.68,100.58,8.6747
6632.68,101.01,8.6747
6633.69,100.75,8.6748
6634.69,100.85,8.6747
6635.69,101.31,8.6747
6636.69,100.63,8.6747
6637.69,100.73,8.6748
6638.69,101.5,8.675
6639.69,140.66,8.675
6640.7,101.3,8.6748
6641.7,100.74,8.6747
6642.7,100.74,8.6747
6643.7,117.87,8.6749
6644.7,100.77,8.6747
6645.7,100.84,8.6747
6646.7,101.12,8.6747
6647.71,100.86,8.6747
6648.71,101.29,8.6747
6649.71,100.76,8.6747
6650.71,100.84,8.6747
6651.71,111.38,8.6747
6652.71,100.6,8.6747
6653.71,100.93,8.675
6654.72,101.3,8.6749
6655.72,100.82,8.6749
6656.72,100.87,8.6749
6657.72,101.1,8.6749
6658.72,100.75,8.6749
6659.72,100.65,8.6747
6660.72,101.11,8.6749
6661.73,100.6,8.6747
6662.73,100.74,8.6747
6663.73,101.23,8.6748
6664.73,100.77,8.6747
6665.73,101.18,8.6747
6666.73,100.75,8.6746
6667.74,100.8,8.6746
6668.74,101.27,8.6746
6669.74,100.83,8.6748
6670.74,101.44,8.6748
6671.74,101.22,8.6746
6672.74,100.83,8.6746
6673.74,101.39,8.6748
6674.75,100.75,8.6746
6675.75,101.08,8.6746
6676.75,100.69,8.6746
6677.75,100.8,8.6748
6678.75,101.28,8.6746
6679.75,100.77,8.6746
6680.76,101.23,8.6746
6681.76,100.79,8.6746
6682.76,100.67,8.6746
6683.76,101.19,8.6748
6684.76,100.83,8.6746
6685.76,100.85,8.6748
6686.77,101.27,8.6748
6687.77,100.8,8.6748
6688.77,101.15,8.6749
6689.77,100.83,8.6748
6690.77,100.66,8.6748
6691.77,101.1,8.6746
6692.77,100.8,8.6746
6693.77,100.73,8.6747
6694.78,101.17,8.6747
6695.78,100.82,8.6747
6696.78,100.79,8.6747
6697.78,101.2,8.6747
6698.78,100.77,8.6745
6699.78,101.17,8.6745
6700.79,115.08,8.6749
6701.79,101.16,8.6749
6702.79,102.81,8.675
6703.79,104.35,8.6749
6704.79,101.81,8.6749
6705.79,100.78,8.6749
6706.8,100.96,8.6749
6707.8,106.56,8.6751
6708.8,100.75,8.6749
6709.8,101.42,8.6749
6710.8,100.78,8.6749
6711.8,101.04,8.6749
6712.8,104.97,8.6749
6713.81,100.7,8.6749
6714.81,100.6,8.6751
6715.81,100.93,8.6751
6716.81,103.79,8.6749
6717.81,135.01,8.6749
6718.81,102.94,8.6751
6719.81,104.15,8.6751
6720.81,100.79,8.6752
6721.82,101.03,8.6751
6722.82,100.79,8.6751
6723.82,100.85,8.6751
6724.82,101.14,8.6751
6725.82,100.56,8.6749
6726.82,100.97,8.6749
6727.83,100.64,8.6749
6728.83,324.84,8.804
6729.83,152.85,8.863
6730.83,124.15,8.8631
6731.83,100.68,8.8631
6732.83,101.1,8.8631
6733.83,100.67,8.8632
6734.84,100.9,8.8632
6735.84,100.51,8.8632
6736.84,100.53,8.8632
6737.84,100.94,8.8632
6738.84,100.58,8.8631
6739.84,100.96,8.8631
6740.85,100.62,8.8631
6741.85,100.95,8.8631
6742.85,101.31,8.8632
6743.85,100.87,8.8632
6744.85,101.24,8.8631
6745.85,100.82,8.8631
6746.86,100.81,8.8631
6747.86,101.22,8.8631
6748.86,100.88,8.8631
6749.86,101.21,8.8632
6750.86,101.11,8.8632
6751.86,100.84,8.8632
6752.86,101.42,8.8632
6753.87,100.9,8.8632
6754.87,100.85,8.8632
6755.87,101.19,8.8632
6756.87,100.82,8.8632
6757.87,100.8,8.8632
6758.87,102.59,8.8632
6759.87,100.8,8.8631
6760.88,101.28,8.8631
6761.88,100.8,8.8631
6762.88,100.79,8.8632
6763.88,101.94,8.8632
6764.88,102.77,8.8632
6765.88,101.23,8.8632
6766.89,100.8,8.8633
6767.89,100.79,8.8633
6768.89,101.19,8.8633
6769.89,100.73,8.8633
6770.89,100.78,8.8633
6771.89,101.18,8.8633
6772.89,100.87,8.8631
6773.9,101.22,8.8633
6774.9,100.68,8.8633
6775.9,100.51,8.8633
6776.9,101.06,8.8633
6777.9,100.82,8.8631
6778.9,100.88,8.8631
6779.9,101.3,8.8631
6780.91,101.19,8.8633
6781.91,100.7,8.8633
6782.91,101.11,8.8633
6783.91,100.85,8.8631
6784.91,100.78,8.8632
6785.91,101.22,8.8632
6786.91,100.79,8.8632
6787.92,101.22,8.8633
6788.92,100.86,8.8633
6789.92,100.76,8.8633
6790.92,101.36,8.8633
6791.92,100.8,8.8633
6792.92,101.26,8.8633
6793.93,100.84,8.8633
6794.93,100.82,8.8633
6795.93,101.3,8.8633
6796.93,100.79,8.8633
6797.93,100.79,8.8634
6798.93,101.33,8.8633
6799.93,100.81,8.8633
6800.94,100.82,8.8633
6801.94,101.59,8.8633
6802.94,102.44,8.8633
6803.94,101.24,8.8633
6804.94,100.7,8.8633
6805.94,100.79,8.8633
6806.94,101.2,8.8632
6807.95,100.81,8.8632
6808.95,101.26,8.8633
6809.95,100.59,8.8633
6810.95,100.82,8.8633
6811.95,101.28,8.8632
6812.95,100.86,8.8633
6813.95,100.81,8.8634
6814.96,101.23,8.8634
6815.96,100.83,8.8633
6816.96,101.22,8.8633
6817.96,100.79,8.8633
6818.96,100.82,8.8634
6819.96,101.27,8.8632
6820.97,100.85,8.8633
6821.97,104.85,8.8633
6822.97,101.34,8.8633
6823.97,100.84,8.8633
6824.97,100.85,8.8633
6825.97,101.24,8.8633
6826.97,100.75,8.8633
6827.98,101.16,8.8633
6828.98,100.81,8.8633
6829.98,100.84,8.8633
6830.98,101.21,8.8632
6831.98,100.81,8.8633
6832.98,101.04,8.8633
6833.99,100.82,8.8633
6834.99,100.77,8.8633
6835.99,101.18,8.8633
6836.99,100.8,8.8633
6837.99,100.83,8.8632
6838.99,101.26,8.8632
6839.99,100.67,8.8632
6841.0,101.18,8.8632
6842.0,101.32,8.8632
6843.0,100.89,8.8633
6844.0,101.2,8.8633
6845.0,100.53,8.8632
6846.0,100.98,8.8633
6847.01,100.83,8.8633
6848.01,100.79,8.8632
6849.01,101.21,8.8632
6850.01,100.6,8.8632
6851.01,101.18,8.8632
6852.01,100.78,8.8632
6853.02,101.16,8.8633
6854.02,101.2,8.8633
6855.02,100.7,8.8633
6856.02,101.15,8.8632
6857.02,100.59,8.8632
6858.02,100.58,8.8632
6859.02,101.43,8.8632
6860.03,100.8,8.8632
6861.03,100.55,8.8632
6862.03,103.5,8.8633
6863.03,100.61,8.8633
6864.03,100.8,8.8632
6865.03,101.11,8.8632
6866.03,100.55,8.8632
6867.03,100.56,8.8632
6868.04,101.04,8.8633
6869.04,100.86,8.8633
6870.04,100.82,8.8632
6871.04,101.15,8.8632
6872.04,100.56,8.8632
6873.04,101.25,8.8632
6874.05,100.55,8.8632
6875.05,100.52,8.8632
6876.05,101.01,8.8633
6877.05,100.62,8.8633
6878.05,100.52,8.8633
6879.05,101.03,8.8632
6880.05,100.54,8.8632
6881.06,100.99,8.8632
6882.06,100.7,8.8632
6883.06,100.9,8.8633
6884.06,101.26,8.8632
6885.06,100.51,8.8632
6886.06,100.5,8.8632
6887.06,101.09,8.8632
6888.07,100.55,8.8632
6889.07,100.66,8.8633
6890.07,101.18,8.8633
6891.07,100.79,8.8633
6892.07,100.94,8.8633
6893.07,100.91,8.8633
6894.07,100.95,8.8635
6895.08,101.21,8.8633
6896.08,100.82,8.8632
6897.08,105.87,8.8634
6898.08,101.15,8.8632
6899.08,100.89,8.8634
6900.08,100.81,8.8632
6901.08,101.24,8.8632
6902.09,100.85,8.8632
6903.09,101.33,8.8634
6904.09,100.75,8.8634
6905.09,100.45,8.8632
6906.09,101.01,8.8632
6907.09,100.81,8.8632
6908.09,100.81,8.8632
6909.1,101.3,8.8632
6910.1,100.85,8.8634
6911.1,100.91,8.8634
6912.1,101.25,8.8635
6913.1,100.94,8.8635
6914.1,102.06,8.8634
6915.1,101.19,8.8634
6916.11,100.82,8.8632
6917.11,101.22,8.8633
6918.11,100.79,8.8633
6919.11,100.74,8.8634
6920.11,101.24,8.8633
6921.11,100.81,8.8633
6922.11,101.35,8.8633
6923.12,101.37,8.8633
6924.12,101.39,8.8634
6925.12,100.81,8.8633
6926.12,101.31,8.8635
6927.12,100.81,8.8634
6928.12,100.81,8.8633
6929.12,101.34,8.8633
6930.13,100.83,8.8634
6931.13,100.82,8.8634
6932.13,101.19,8.8633
6933.13,100.9,8.8634
6934.13,100.88,8.8634
6935.13,101.23,8.8633
6936.13,100.81,8.8633
6937.14,101.2,8.8633
6938.14,100.78,8.8633
6939.14,100.86,8.8633
6940.14,101.18,8.8633
6941.14,100.54,8.8633
6942.14,100.61,8.8634
6943.14,101.31,8.8635
6944.15,100.91,8.8635
6945.15,100.84,8.8634
6946.15,101.24,8.8634
6947.15,100.81,8.8633
6948.15,100.82,8.8633
6949.15,101.29,8.8633
6950.15,100.84,8.8633
6951.16,101.2,8.8633
6952.16,100.85,8.8634
6953.16,100.91,8.8634
6954.16,101.28,8.8633
6955.16,100.76,8.8634
6956.16,100.71,8.8634
6957.16,101.14,8.8634
6958.17,100.55,8.8634
6959.17,100.61,8.8633
6960.17,101.11,8.8633
6961.17,100.8,8.8633
6962.17,101.22,8.8633
6963.17,100.82,8.8633
6964.18,100.81,8.8633
6965.18,101.12,8.8633
6966.18,100.82,8.8633
6967.18,101.18,8.8633
6968.18,100.92,8.8633
6969.18,100.88,8.8633
6970.18,100.79,8.8633
6971.18,101.3,8.8634
6972.19,100.79,8.8634
6973.19,101.27,8.8633
6974.19,100.89,8.8633
6975.19,100.66,8.8633
6976.19,100.92,8.8633
6977.19,100.8,8.8633
6978.19,100.82,8.8633
6979.2,101.25,8.8633
6980.2,100.83,8.8633
6981.2,100.67,8.8633
6982.2,101.24,8.8633
6983.2,100.64,8.8633
6984.2,101.11,8.8634
6985.21,100.75,8.8634
6986.21,100.8,8.8634
6987.21,101.11,8.8634
6988.21,100.6,8.8634
6989.21,101.11,8.8633
6990.21,100.7,8.8634
6991.21,100.71,8.8633
6992.22,101.11,8.8633
6993.22,100.84,8.8633
6994.22,101.28,8.8634
6995.22,100.79,8.8633
6996.22,100.8,8.8633
6997.22,101.31,8.8633
6998.23,100.76,8.8633
6999.23,100.84,8.8633
7000.23,101.15,8.8634
7001.23,100.92,8.8634
7002.23,100.75,8.8633
7003.23,101.35,8.8633
7004.23,100.87,8.8634
7005.23,100.74,8.8633
7006.24,101.26,8.8633
7007.24,100.84,8.8633
7008.24,100.86,8.8633
7009.24,101.26,8.8633
7010.24,100.83,8.8634
7011.24,100.78,8.8634
7012.24,101.0,8.8634
7013.25,100.72,8.8634
7014.25,100.84,8.8634
7015.25,101.17,8.8634
7016.25,106.94,8.8635
7017.25,101.1,8.8635
7018.25,100.5,8.8634
7019.26,100.56,8.8634
7020.26,101.01,8.8634
7021.26,100.82,8.8634
7022.26,101.22,8.8634
7023.26,100.96,8.8635
7024.26,100.91,8.8634
7025.26,101.2,8.8634
7026.27,100.71,8.8634
7027.27,100.81,8.8634
7028.27,101.22,8.8634
7029.27,100.84,8.8635
7030.27,100.63,8.8635
7031.27,101.15,8.8635
7032.27,100.67,8.8635
7033.27,100.82,8.8635
7034.28,104.37,8.8635
7035.28,101.03,8.8636
7036.28,100.9,8.8636
7037.28,101.17,8.8634
7038.28,100.84,8.8635
7039.28,100.92,8.8634
7040.28,101.22,8.8634
7041.29,100.79,8.8634
7042.29,100.92,8.8635
7043.29,100.91,8.8634
7044.29,101.27,8.8635
7045.29,100.81,8.8634
7046.29,101.25,8.8634
7047.29,100.67,8.8634
7048.29,100.51,8.8634
7049.3,100.95,8.8634
7050.3,100.84,8.8634
7051.3,100.75,8.8635
7052.3,101.23,8.8634
7053.3,101.0,8.8634
7054.3,100.91,8.8634
7055.3,101.21,8.8634
7056.31,100.85,8.8634
7057.31,101.26,8.8634
7058.31,100.8,8.8635
7059.31,100.85,8.8634
7060.31,101.18,8.8634
7061.31,100.86,8.8634
7062.32,100.84,8.8634
7063.32,101.34,8.8634
7064.32,188.97,8.8644
7065.32,155.39,8.8721
7066.32,100.53,8.8723
7067.32,100.55,8.8722
7068.32,101.1,8.863
7069.33,100.59,8.863
7070.33,100.89,8.863
7071.33,102.73,8.863
7072.33,100.81,8.8629
7073.33,101.4,8.863
7074.33,100.83,8.8629
7075.33,100.82,8.8629
7076.34,101.19,8.8629
7077.34,100.87,8.863
7078.34,100.84,8.863
7079.34,101.21,8.863
7080.34,100.81,8.863
7081.34,101.22,8.863
7082.35,100.8,8.863
7083.35,100.93,8.863
7084.35,101.23,8.863
7085.35,100.79,8.863
7086.35,100.79,8.863
7087.35,101.22,8.863
7088.35,100.84,8.863
7089.36,101.23,8.863
7090.36,100.78,8.863
7091.36,100.83,8.863
7092.36,101.28,8.863
7093.36,100.86,8.863
7094.36,100.77,8.8629
7095.36,101.27,8.863
7096.37,100.85,8.863
7097.37,100.83,8.8629
7098.37,101.35,8.863
7099.37,100.82,8.863
7100.37,100.8,8.8632
7101.37,101.27,8.863
7102.37,100.81,8.863
7103.37,100.96,8.863
7104.38,104.07,8.8629
7105.38,105.97,8.8632
7106.38,100.8,8.8632
7107.38,101.25,8.863
7108.38,100.91,8.863
7109.38,100.81,8.863
7110.38,101.21,8.863
7111.39,100.83,8.863
7112.39,100.83,8.863
7113.39,101.35,8.863
7114.39,100.73,8.863
7115.39,103.3,8.863
7116.39,100.81,8.8629
7117.4,100.75,8.8631
7118.4,101.24,8.8631
7119.4,100.8,8.8631
7120.4,101.09,8.8629
7121.4,101.43,8.8629
7122.4,100.84,8.8629
7123.4,101.26,8.8631
7124.41,100.82,8.8631
7125.41,137.88,8.8631
7126.41,100.77,8.8631
7127.41,100.8,8.8631
7128.41,101.29,8.8631
7129.41,139.5,8.8664
7130.42,101.12,8.8665
7131.42,100.97,8.8664
7132.42,100.76,8.8664
7133.42,101.33,8.8664
7134.42,100.82,8.8666
7135.42,100.73,8.8664
7136.43,101.18,8.8663
7137.43,100.54,8.8663
7138.43,101.04,8.8664
7139.43,100.65,8.8664
7140.43,100.69,8.8666
7141.43,101.09,8.8664
7142.43,100.68,8.8664
7143.44,101.3,8.8664
7144.44,100.57,8.8664
7145.44,100.78,8.8664
7146.44,101.81,8.8664
7147.44,100.47,8.8663
7148.44,100.91,8.8664
7149.45,100.48,8.8664
7150.45,100.57,8.8664
7151.45,101.4,8.8664
7152.45,100.87,8.8665
7153.45,100.94,8.8665
7154.45,101.12,8.8663
7155.45,100.52,8.8663
7156.46,104.64,8.8663
7157.46,102.3,8.8663
7158.46,102.4,8.8665
7159.46,101.12,8.8663
7160.46,100.52,8.8663
7161.46,100.53,8.8663
7162.47,107.51,8.8663
7163.47,100.81,8.8665
7164.47,101.16,8.8665
7165.47,100.77,8.8663
7166.47,100.69,8.8663
7167.47,101.19,8.8663
7168.47,107.43,8.8665
7169.48,101.24,8.8665
7170.48,100.83,8.8665
7171.48,100.82,8.8665
7172.48,208.97,9.1038
7173.48,290.67,9.3236
7174.48,101.13,9.3235
7175.49,100.76,9.3236
7176.49,100.78,9.3236
7177.49,101.15,9.3236
7178.49,100.65,9.3236
7179.49,101.01,9.3236
7180.49,100.46,9.3236
7181.49,100.63,9.3236
7182.5,101.12,9.3236
7183.5,112.6,9.3236
7184.5,101.32,9.3236
7185.5,101.13,9.3236
7186.5,100.64,9.3235
7187.5,100.87,9.3235
7188.51,100.66,9.3236
7189.51,100.66,9.3235
7190.51,101.03,9.3235
7191.51,103.29,9.3235
7192.51,100.62,9.3235
7193.51,101.06,9.3235
7194.51,100.71,9.3236
7195.52,100.54,9.3236
7196.52,101.15,9.3235
7197.52,100.77,9.3236
7198.52,101.05,9.3237
7199.52,100.64,9.3237
7200.52,100.69,9.3235
7201.52,123.9,9.3235
7202.53,100.47,9.3235
7203.53,101.06,9.3236
7204.53,100.78,9.3238
7205.53,100.82,9.3236
7206.53,101.2,9.3235
7207.53,100.7,9.3235
7208.54,101.12,9.3235
7209.54,100.72,9.3235
7210.54,100.54,9.3235
7211.54,101.06,9.3235
7212.54,100.71,9.3235
7213.54,100.84,9.3236
7214.55,101.0,9.3236
7215.55,100.74,9.3236
7216.55,101.18,9.3235
7217.55,100.8,9.3235
7218.55,100.78,9.3236
7219.55,101.21,9.3236
7220.55,100.65,9.3235
7221.56,101.11,9.3235
7222.56,100.78,9.3235
7223.56,100.85,9.3235
7224.56,101.23,9.3234
7225.56,101.24,9.3234
7226.56,100.85,9.3234
7227.57,101.3,9.3234
7228.57,100.91,9.3234
7229.57,101.25,9.3234
7230.57,100.68,9.3237
7231.57,100.53,9.3236
7232.57,101.23,9.3234
7233.57,100.95,9.3236
7234.57,100.83,9.3236
7235.58,101.32,9.3235
7236.58,100.77,9.3235
7237.58,100.71,9.3235
7238.58,101.3,9.3236
7239.58,100.79,9.3236
7240.58,100.79,9.3234
7241.58,101.01,9.3236
7242.59,100.74,9.3236
7243.59,101.16,9.3237
7244.59,101.08,9.3236
7245.59,100.54,9.3236
7246.59,100.98,9.3236
7247.59,100.53,9.3236
7248.6,100.6,9.3237
7249.6,101.13,9.3237
7250.6,100.49,9.3237
7251.6,100.88,9.3237
7252.6,100.54,9.3236
7253.6,100.68,9.3235
7254.6,103.14,9.3235
7255.61,100.7,9.3236
7256.61,101.22,9.3236
7257.61,100.7,9.3236
7258.61,100.73,9.3235
7259.61,101.06,9.3235
7260.61,100.52,9.3236
7261.62,100.5,9.3236
7262.62,101.14,9.3236
7263.62,100.82,9.3235
7264.62,101.05,9.3235
7265.62,100.64,9.3235
7266.62,100.62,9.3235
7267.62,101.1,9.3235
7268.63,100.81,9.3235
7269.63,100.98,9.3235
7270.63,100.6,9.3236
7271.63,100.7,9.3236
7272.63,101.1,9.3236
7273.63,100.82,9.3235
7274.64,100.63,9.3235
7275.64,101.06,9.3235
7276.64,147.75,7.5004
7277.64,343.78,1.9845
7278.64,303.46,2.1438
7279.64,355.26,2.4161
7280.64,340.84,2.7338
7281.65,310.32,3.07
7282.65,315.98,3.2378
7283.65,160.14,3.283
7284.65,209.15,1.7155
7285.65,300.96,2.0306
7286.65,318.65,2.4424
7287.66,305.03,2.8638
7288.66,207.58,3.373
7289.66,170.69,3.6998
7290.66,341.42,3.8701
7291.66,344.67,4.1383
7292.66,336.14,4.4394
7293.66,322.7,4.6897
7294.66,307.44,4.9633
7295.67,308.14,5.2834
7296.67,306.41,5.6045
7297.67,307.65,5.8623
7298.67,304.05,6.1445
7299.67,302.21,6.4361
7300.67,305.53,6.6533
7301.67,323.37,7.3532
7302.67,303.75,7.4055
7303.68,303.95,7.4059
7304.68,303.22,7.4063
7305.68,291.11,7.4081
7306.68,282.66,7.4139
7307.68,131.94,7.4141
7308.68,167.15,7.4142
7309.68,210.5,7.4143
7310.69,171.55,7.5144
7311.69,176.29,7.5144
7312.69,183.01,7.5144
7313.69,105.63,7.5144
7314.69,109.13,7.5144
7315.69,136.94,7.5143
7316.69,123.46,7.5056
7317.69,122.36,7.5056
7318.7,301.31,8.154
7319.7,212.77,8.2021
7320.7,180.52,8.2021
7321.7,112.5,8.2021
7322.7,118.3,8.2021
7323.7,124.76,8.2022
7324.7,149.22,8.2022
7325.71,101.81,8.2022
7326.71,108.56,8.2022
7327.71,114.5,8.2023
7328.71,101.44,8.2023
7329.71,131.47,8.2023
7330.71,101.31,8.2023
7331.71,124.33,8.2023
7332.71,101.12,8.2023
7333.72,101.29,8.2023
7334.72,112.69,8.2023
7335.72,119.26,8.2023
7336.72,100.83,8.2023
7337.72,112.99,8.2022
7338.72,101.93,8.2022
7339.73,106.45,8.2022
7340.73,121.76,8.2022
7341.73,103.31,8.2022
7342.73,100.72,8.2022
7343.73,111.05,8.2022
7344.73,100.83,8.2022
7345.73,100.83,8.2022
7346.74,105.94,8.2022
7347.74,100.79,8.2022
7348.74,136.65,8.2022
7349.74,100.76,8.2022
7350.74,104.34,8.2022
7351.74,232.03,8.2843
7352.75,117.13,8.2843
7353.75,108.5,8.2842
7354.75,103.6,8.2842
7355.75,101.03,8.2842
7356.75,125.64,8.2842
7357.75,100.81,8.2842
7358.76,100.88,8.2842
7359.76,101.33,8.2842
7360.76,100.88,8.2843
7361.76,101.45,8.2843
7362.76,100.94,8.2843
7363.76,101.11,8.2843
7364.77,101.55,8.2843
7365.77,100.88,8.2843
7366.77,101.65,8.2842
7367.77,118.33,8.2842
7368.77,102.26,8.2842
7369.77,101.72,8.2842
7370.77,101.23,8.2842
7371.78,101.54,8.2842
7372.78,101.23,8.2842
7373.78,101.01,8.2842
7374.78,101.28,8.2842
7375.78,100.89,8.2842
7376.78,101.29,8.2842
7377.79,101.49,8.2842
7378.79,100.92,8.2842
7379.79,101.35,8.2841
7380.79,100.84,8.2841
7381.79,100.85,8.2841
7382.79,102.37,8.2841
7383.79,101.05,8.2843
7384.8,100.74,8.2843
7385.8,101.08,8.2843
7386.8,100.66,8.2843
7387.8,101.6,8.2843
7388.8,100.91,8.2841
7389.8,100.87,8.2843
7390.8,101.29,8.2843
7391.81,100.58,8.2841
7392.81,100.5,8.2841
7393.81,101.1,8.2841
7394.81,100.7,8.2841
7395.81,101.11,8.2841
7396.81,123.77,8.2841
7397.82,102.33,8.2841
7398.82,101.27,8.2841
7399.82,101.72,8.2841
7400.82,101.02,8.2841
7401.82,101.14,8.2843
7402.82,100.7,8.2843
7403.82,100.84,8.2841
7404.82,114.6,8.2841
7405.83,103.76,8.2843
7406.83,101.68,8.2843
7407.83,100.89,8.2842
7408.83,105.85,8.2843
7409.83,101.58,8.2843
7410.83,102.13,8.2842
7411.84,101.51,8.2842
7412.84,101.16,8.2842
7413.84,100.79,8.2843
7414.84,100.99,8.2843
7415.84,100.72,8.2843
7416.84,100.55,8.2843
7417.85,100.97,8.2843
7418.85,102.37,8.2842
7419.85,101.3,8.2842
7420.85,100.6,8.2842
7421.85,100.75,8.2843
7422.85,100.98,8.2843
7423.85,100.96,8.2843
7424.86,100.95,8.2843
7425.86,101.08,8.2843
7426.86,100.62,8.2843
7427.86,101.26,8.2842
7428.86,100.89,8.2843
7429.86,128.94,8.2844
7430.87,256.01,8.4739
7431.87,100.63,8.4738
7432.87,101.16,8.4739
7433.87,100.73,8.4739
7434.87,100.67,8.4739
7435.87,101.08,8.4739
7436.87,109.36,8.4739
7437.88,101.99,8.4738
7438.88,100.95,8.474
7439.88,100.62,8.474
7440.88,100.93,8.4739
7441.88,100.64,8.4741
7442.88,129.42,8.4741
7443.88,103.66,8.4741
7444.89,122.07,8.4741
7445.89,100.5,8.4741
7446.89,100.94,8.4741
7447.89,100.56,8.4741
7448.89,101.07,8.474
7449.89,100.71,8.474
7450.89,100.72,8.4741
7451.9,101.03,8.4741
7452.9,100.62,8.4741
7453.9,100.58,8.4741
7454.9,100.98,8.4741
7455.9,100.5,8.474
7456.9,100.89,8.474
7457.91,100.53,8.474
7458.91,101.79,8.4742
7459.91,101.09,8.4742
7460.91,100.7,8.4742
7461.91,101.05,8.4742
7462.91,100.88,8.4742
7463.91,100.68,8.4742
7464.92,101.06,8.4742
7465.92,100.62,8.4742
7466.92,105.47,8.4742
7467.92,108.12,8.4742
7468.92,100.61,8.4742
7469.92,100.68,8.474
7470.93,101.13,8.474
7471.93,100.8,8.4742
7472.93,104.27,8.4742
7473.93,104.73,8.4742
7474.93,103.63,8.4742
7475.93,101.04,8.4742
7476.93,100.72,8.4742
7477.94,100.95,8.4742
7478.94,101.7,8.4742
7479.94,103.48,8.4742
7480.94,103.96,8.4742
7481.94,100.96,8.4742
7482.94,101.66,8.4742
7483.94,101.08,8.4742
7484.95,100.65,8.4742
7485.95,100.87,8.4742
7486.95,115.61,8.4742
7487.95,113.81,8.4742
7488.95,163.87,8.474
7489.95,101.16,8.474
7490.95,102.48,8.4739
7491.96,101.25,8.4739
7492.96,133.87,8.4739
7493.96,100.53,8.4741
7494.96,104.95,8.4739
7495.96,100.86,8.4741
7496.96,100.86,8.4741
7497.96,101.28,8.4741
7498.97,100.9,8.4741
7499.97,100.6,8.4739
7500.97,100.95,8.4739
7501.97,100.54,8.4741
7502.97,101.63,8.4741
7503.97,100.58,8.4741
7504.97,100.54,8.4741
7505.98,101.0,8.4741
7506.98,100.71,8.4741
7507.98,124.49,8.4741
7508.98,101.12,8.4739
7509.98,100.51,8.4739
7510.98,102.2,8.4739
7511.98,101.19,8.4739
7512.99,100.68,8.4741
7513.99,100.71,8.4741
7514.99,100.95,8.4741
7515.99,100.6,8.474
7516.99,100.67,8.474
7517.99,101.14,8.474
7518.99,100.71,8.4741
7519.99,102.65,8.4741
7521.0,100.6,8.4741
7522.0,101.11,8.4741
7523.0,100.78,8.4742
7524.0,100.73,8.4742
7525.0,100.92,8.4742
7526.0,100.54,8.4742
7527.0,100.95,8.4742
7528.01,100.52,8.4742
7529.01,100.62,8.4742
7530.01,103.15,8.4742
7531.01,100.75,8.4742
7532.01,101.0,8.4741
7533.01,100.95,8.4741
7534.02,101.47,8.4741
7535.02,100.72,8.4741
7536.02,102.57,8.4741
7537.02,100.98,8.4741
7538.02,100.73,8.4741
7539.03,101.25,8.4741
7540.03,100.85,8.4741
7541.03,100.91,8.4741
7542.03,101.3,8.4741
7543.03,100.88,8.4741
7544.03,101.27,8.4741
7545.03,124.88,8.474
7546.04,101.03,8.474
7547.04,100.87,8.474
7548.04,101.12,8.474
7549.04,100.83,8.4741
7550.04,100.75,8.4741
7551.05,101.2,8.4741
7552.05,100.9,8.4741
7553.05,101.66,8.4741
7554.05,100.68,8.4741
7555.05,100.52,8.474
7556.05,100.92,8.474
7557.05,100.55,8.4741
7558.06,101.01,8.4741
7559.06,100.9,8.4741
7560.06,100.87,8.4741
7561.06,101.27,8.4741
7562.06,100.87,8.4741
7563.06,100.92,8.4741
7564.07,101.36,8.4742
7565.07,100.86,8.4742
7566.07,101.24,8.4741
7567.07,100.72,8.4741
7568.07,100.71,8.4741
7569.07,101.18,8.4741
7570.07,100.81,8.4741
7571.08,101.07,8.474
7572.08,100.56,8.4741
7573.08,100.7,8.4741
7574.08,101.1,8.4741
7575.08,100.88,8.474
7576.08,100.77,8.474
7577.09,101.13,8.474
7578.09,100.8,8.474
7579.09,101.08,8.4741
7580.09,100.66,8.4741
7581.09,112.71,8.4741
7582.09,104.33,8.4741
7583.09,100.76,8.4741
7584.1,101.24,8.4741
7585.1,100.83,8.4741
7586.1,100.82,8.4741
7587.1,101.3,8.4741
7588.1,100.84,8.4741
7589.1,143.55,8.4741
7590.1,102.27,8.4741
7591.11,100.66,8.4741
7592.11,101.03,8.474
7593.11,100.83,8.474
7594.11,114.61,8.4741
7595.11,103.36,8.4741
7596.11,100.58,8.4741
7597.12,106.7,8.474
7598.12,109.0,8.474
7599.12,100.74,8.474
7600.12,100.96,8.474
7601.12,101.1,8.4741
7602.12,101.07,8.4741
7603.13,100.71,8.4741
7604.13,100.62,8.4741
7605.13,100.93,8.474
7606.13,100.47,8.474
7607.13,100.92,8.474
7608.13,101.96,8.474
7609.14,100.81,8.4742
7610.14,100.98,8.4742
7611.14,108.71,8.474
7612.14,107.27,8.474
7613.14,100.83,8.474
7614.14,100.73,8.474
7615.15,101.13,8.474
7616.15,100.67,8.474
7617.15,101.04,8.474
7618.15,100.53,8.474
7619.15,100.58,8.474
7620.15,100.95,8.474
7621.15,100.55,8.4741
7622.16,100.97,8.4741
7623.16,100.61,8.4741
7624.16,100.6,8.4741
7625.16,100.96,8.4741
7626.16,100.55,8.4741
7627.16,100.55,8.4741
7628.17,100.93,8.4741
7629.17,100.56,8.4741
7630.17,100.88,8.4741
7631.17,101.03,8.4741
7632.17,100.95,8.4741
7633.17,100.62,8.4741
7634.17,100.62,8.4741
7635.18,101.17,8.4741
7636.18,100.78,8.4741
7637.18,101.18,8.4741
7638.18,100.55,8.4741
7639.18,100.67,8.4741
7640.18,101.11,8.4741
7641.19,100.75,8.4741
7642.19,100.76,8.4741
7643.19,101.18,8.4741
7644.19,100.79,8.4741
7645.19,101.1,8.4741
7646.19,100.73,8.4741
7647.2,100.69,8.4741
7648.2,100.97,8.4741
7649.2,100.63,8.4741
7650.2,101.01,8.4741
7651.2,262.61,8.5339
7652.2,189.44,8.7206
7653.2,101.38,8.7207
7654.21,100.87,8.7207
7655.21,101.3,8.7207
7656.21,100.88,8.7207
7657.21,100.86,8.7206
7658.21,101.27,8.7206
7659.21,100.89,8.7206
7660.22,100.69,8.7206
7661.22,101.35,8.7206
7662.22,100.82,8.7206
7663.22,101.32,8.7206
7664.22,100.92,8.7206
7665.22,100.89,8.7206
7666.23,101.29,8.7206
7667.23,100.9,8.7206
7668.23,101.28,8.7206
7669.23,100.88,8.7206
7670.23,100.89,8.7206
7671.23,101.27,8.7206
7672.23,100.85,8.7205
7673.24,101.09,8.7205
7674.24,100.6,8.7205
7675.24,100.58,8.7205
7676.24,100.98,8.7205
7677.24,100.53,8.7205
7678.24,101.06,8.7205
7679.25,100.73,8.7205
7680.25,100.53,8.7205
7681.25,101.11,8.7205
7682.25,100.86,8.7205
7683.25,100.96,8.7205
7684.25,101.32,8.7205
7685.25,100.86,8.7205
7686.26,101.24,8.7205
7687.26,100.95,8.7205
7688.26,100.84,8.7207
7689.26,101.17,8.7207
7690.26,100.75,8.7207
7691.26,101.76,8.7207
7692.27,100.75,8.7207
7693.27,103.35,8.7208
7694.27,101.22,8.7208
7695.27,100.76,8.7208
7696.27,101.24,8.7208
7697.27,100.79,8.7208
7698.27,100.74,8.7208
7699.28,101.35,8.7208
7700.28,100.81,8.7208
7701.28,100.86,8.7207
7702.28,100.95,8.7208
7703.28,101.31,8.7208
7704.28,100.87,8.7208
7705.28,101.16,8.7207
7706.29,100.76,8.7207
7707.29,100.77,8.7207
7708.29,102.05,8.7208
7709.29,103.36,8.7208
7710.29,103.23,8.7208
7711.29,112.64,8.7208
7712.3,100.8,8.7207
7713.3,101.28,8.7207
7714.3,100.87,8.7207
7715.3,101.56,8.7207
7716.3,100.77,8.7207
7717.3,107.97,8.7207
7718.3,100.99,8.7207
7719.31,100.71,8.7207
7720.31,100.6,8.7207
7721.31,100.88,8.7207
7722.31,100.57,8.7207
7723.31,101.93,8.7207
7724.31,101.19,8.7207
7725.31,101.18,8.7207
7726.32,100.78,8.7207
7727.32,101.05,8.7207
7728.32,100.78,8.7206
7729.32,100.85,8.7207
7730.32,101.13,8.7207
7731.32,100.77,8.7207
7732.32,100.74,8.7207
7733.32,101.32,8.7207
7734.33,100.73,8.7207
7735.33,100.74,8.7206
7736.33,101.13,8.7206
7737.33,100.78,8.7206
7738.33,100.89,8.7207
7739.33,101.07,8.7207
7740.33,100.77,8.7207
7741.34,100.56,8.7207
7742.34,101.18,8.7207
7743.34,100.9,8.7207
7744.34,101.21,8.7207
7745.34,100.7,8.7207
7746.34,100.67,8.7207
7747.34,100.93,8.7207
7748.35,100.47,8.7207
7749.35,100.54,8.7207
7750.35,101.01,8.7207
7751.35,100.73,8.7207
7752.35,100.79,8.7206
7753.35,101.19,8.7206
7754.35,100.56,8.7206
7755.36,100.84,8.7206
7756.36,101.21,8.7206
7757.36,100.79,8.7206
7758.36,101.29,8.7206
7759.36,100.57,8.7206
7760.36,100.65,8.7208
7761.36,100.88,8.7208
7762.37,100.73,8.7208
7763.37,101.02,8.7208
7764.37,101.21,8.7208
7765.37,100.82,8.7208
7766.37,100.81,8.7208
7767.37,101.13,8.7208
7768.37,100.94,8.7208
7769.37,100.83,8.7208
7770.38,100.96,8.7208
7771.38,100.49,8.7208
7772.38,101.02,8.7209
7773.38,101.02,8.7209
7774.38,101.17,8.7209
7775.39,100.81,8.7209
7776.39,101.24,8.7209
7777.39,100.8,8.7209
7778.39,100.87,8.7209
7779.39,101.31,8.7209
7780.39,100.83,8.7209
7781.4,100.87,8.7209
7782.4,101.25,8.7209
7783.4,100.97,8.7208
7784.4,101.3,8.7208
7785.4,101.34,8.7208
7786.4,100.68,8.7209
7787.4,100.94,8.7209
7788.41,100.64,8.7208
7789.41,101.21,8.7208
7790.41,100.87,8.7208
7791.41,100.84,8.7208
7792.41,101.21,8.7208
7793.41,100.86,8.7208
7794.42,101.15,8.7207
7795.42,100.69,8.7207
7796.42,100.75,8.7207
7797.42,101.04,8.7207
7798.42,100.79,8.7207
7799.42,101.28,8.7207
7800.43,100.85,8.7207
7801.43,100.81,8.7207
7802.43,101.13,8.7207
7803.43,101.2,8.7208
7804.43,101.23,8.7207
7805.43,100.76,8.7208
7806.44,103.21,8.7208
7807.44,101.51,8.7207
7808.44,101.16,8.7207
7809.44,104.16,8.7207
7810.44,100.84,8.7206
7811.44,100.78,8.7206
7812.44,101.13,8.7207
7813.45,100.89,8.7207
7814.45,100.71,8.7207
7815.45,100.93,8.7207
7816.45,100.46,8.7207
7817.45,100.89,8.7207
7818.45,100.73,8.7207
7819.46,100.91,8.7207
7820.46,100.47,8.7207
7821.46,100.53,8.7207
7822.46,101.08,8.7206
7823.46,100.98,8.7207
7824.46,100.8,8.7206
7825.46,101.22,8.7206
7826.47,100.82,8.7206
7827.47,100.76,8.7207
7828.47,101.26,8.7207
7829.47,100.71,8.7207
7830.47,101.14,8.7206
7831.47,100.81,8.7206
7832.48,100.71,8.7206
7833.48,101.3,8.7206
7834.48,100.83,8.7207
7835.48,100.92,8.7208
7836.48,101.27,8.7208
7837.48,100.85,8.7207
7838.48,101.31,8.7207
7839.49,100.88,8.7207
7840.49,100.84,8.7207
7841.49,101.21,8.7207
7842.49,100.8,8.7207
7843.49,101.34,8.7207
7844.49,100.87,8.7207
7845.5,100.85,8.7207
7846.5,101.24,8.7207
7847.5,100.85,8.7207
7848.5,101.32,8.7207
7849.5,100.71,8.7207
7850.5,100.87,8.7207
7851.5,101.33,8.7207
7852.51,124.78,8.7207
7853.51,101.25,8.7207
7854.51,100.83,8.7208
7855.51,100.81,8.7207
7856.51,115.02,8.7211
7857.51,104.87,8.7211
7858.52,105.35,8.7211
7859.52,101.01,8.7211
7860.52,101.79,8.7211
7861.52,101.2,8.7211
7862.52,100.68,8.7211
7863.52,100.74,8.721
7864.53,101.19,8.721
7865.53,102.27,8.721
7866.53,142.98,8.7209
7867.53,100.64,8.7209
7868.53,121.32,8.7209
7869.53,101.23,8.7209
7870.53,100.9,8.7211
7871.54,100.91,8.721
7872.54,101.69,8.721
7873.54,100.94,8.721
7874.54,101.21,8.721
7875.54,101.73,8.721
7876.54,101.06,8.721
7877.54,103.01,8.721
7878.55,100.85,8.7211
7879.55,123.73,8.7211
7880.55,101.21,8.7211
7881.55,100.79,8.7209
7882.55,101.15,8.7209
7883.55,100.9,8.721
7884.56,100.83,8.7209
7885.56,101.32,8.721
7886.56,100.85,8.721
7887.56,100.85,8.721
7888.56,101.28,8.721
7889.56,100.86,8.721
7890.56,101.18,8.721
7891.57,100.56,8.721
7892.57,117.11,8.721
7893.57,101.19,8.7211
7894.57,102.69,8.7211
7895.57,101.14,8.721
7896.57,100.61,8.721
7897.58,101.01,8.721
7898.58,100.89,8.7211
7899.58,100.84,8.721
7900.58,101.22,8.7209
7901.58,100.91,8.7209
7902.58,101.29,8.7209
7903.59,223.08,8.721
7904.59,100.79,8.7209
7905.59,101.14,8.7209
7906.59,100.9,8.7209
7907.59,100.86,8.721
7908.59,101.18,8.7211
7909.59,100.85,8.7211
7910.6,101.17,8.7211
7911.6,100.81,8.721
7912.6,100.79,8.7209
7913.6,101.26,8.721
7914.6,101.9,8.721
7915.6,101.14,8.721
7916.61,100.84,8.7209
7917.61,101.08,8.7209
7918.61,101.22,8.721
7919.61,100.82,8.721
7920.61,101.26,8.721
7921.61,100.83,8.721
7922.62,100.81,8.7209
7923.62,101.35,8.7209
7924.62,100.82,8.7209
7925.62,101.21,8.7209
7926.62,100.81,8.7209
7927.62,100.81,8.7209
7928.62,101.29,8.7209
7929.63,100.81,8.721
7930.63,101.11,8.721
7931.63,100.72,8.721
7932.63,113.57,8.7209
7933.63,101.08,8.721
7934.63,100.82,8.721
7935.64,102.07,8.7211
7936.64,100.45,8.7211
7937.64,100.72,8.7211
7938.64,100.9,8.7211
7939.64,100.46,8.7211
7940.64,101.02,8.7211
7941.65,100.8,8.7212
7942.65,100.82,8.7212
7943.65,101.3,8.7212
7944.65,100.81,8.7212
7945.65,100.8,8.7212
7946.65,101.22,8.7212
7947.65,110.3,8.7212
7948.66,101.28,8.7212
7949.66,100.82,8.7212
7950.66,100.67,8.7211
7951.66,100.97,8.7211
7952.66,100.56,8.7211
7953.66,109.63,8.7209
7954.67,101.02,8.7209
7955.67,100.49,8.7209
7956.67,100.94,8.7209
7957.67,100.51,8.7209
7958.67,100.56,8.7209
7959.67,100.94,8.7209
7960.67,100.59,8.7209
7961.68,101.0,8.7209
7962.68,100.64,8.7209
7963.68,100.72,8.7209
7964.68,101.04,8.7209
7965.68,100.78,8.7209
7966.68,101.24,8.7211
7967.69,100.72,8.721
7968.69,101.17,8.721
7969.69,101.14,8.721
7970.69,100.63,8.721
7971.69,100.99,8.721
7972.69,100.63,8.721
7973.7,100.66,8.721
7974.7,100.97,8.721
7975.7,100.69,8.721
7976.7,101.07,8.721
7977.7,100.66,8.721
7978.7,100.7,8.721
7979.7,286.55,8.7439
7980.71,180.93,8.8552
7981.71,105.85,8.8553
7982.71,105.6,8.8554
7983.71,100.78,8.8553
7984.71,100.55,8.8553
7985.71,101.19,8.8553
7986.71,100.8,8.8553
7987.71,100.81,8.8552
7988.72,101.14,8.8552
7989.72,100.84,8.8552
7990.72,101.34,8.8552
7991.72,100.8,8.8552
7992.72,100.89,8.8552
7993.72,101.65,8.8552
7994.73,101.09,8.8552
7995.73,100.56,8.8552
7996.73,101.11,8.8552
7997.73,100.84,8.8552
7998.73,100.88,8.8553
7999.73,101.24,8.8553
8000.73,100.82,8.8553
8001.74,101.26,8.8553
8002.74,100.82,8.8553
8003.74,100.9,8.8552
8004.74,101.26,8.8552
8005.74,100.79,8.8552
8006.74,100.83,8.8552
8007.74,101.3,8.8552
8008.75,100.89,8.8552
8009.75,100.67,8.8552
8010.75,101.01,8.8552
8011.75,100.58,8.8553
8012.75,100.54,8.8553
8013.75,101.34,8.8553
8014.75,101.97,8.8553
8015.75,100.56,8.8553
8016.76,100.99,8.8552
8017.76,100.78,8.8553
8018.76,100.86,8.8553
8019.76,101.25,8.8553
8020.76,100.85,8.8552
8021.76,100.85,8.8553
8022.77,101.37,8.8553
8023.77,100.9,8.8552
8024.77,101.35,8.8551
8025.77,100.89,8.8552
8026.77,108.87,8.8552
8027.77,100.89,8.8551
8028.77,100.98,8.8552
8029.78,101.26,8.8551
8030.78,100.85,8.8551
8031.78,100.84,8.8551
8032.78,101.25,8.8551
8033.78,100.97,8.8552
8034.78,100.86,8.8552
8035.79,101.26,8.8551
8036.79,100.83,8.8551
8037.79,101.26,8.8551
8038.79,100.98,8.8551
8039.79,100.85,8.8551
8040.79,101.24,8.8551
8041.79,100.83,8.8551
8042.8,101.25,8.8551
8043.8,101.02,8.8552
8044.8,100.85,8.8552
8045.8,100.83,8.8551
8046.8,101.23,8.8552
8047.8,100.81,8.8552
8048.8,101.27,8.8553
8049.81,100.85,8.8553
8050.81,100.85,8.8553
8051.81,101.05,8.8553
8052.81,100.57,8.8553
8053.81,101.32,8.8553
8054.81,100.81,8.8553
8055.82,100.79,8.8553
8056.82,101.27,8.8551
8057.82,100.85,8.8551
8058.82,101.24,8.8551
8059.82,100.82,8.8551
8060.82,100.83,8.8551
8061.82,101.27,8.8553
8062.83,100.9,8.8553
8063.83,100.89,8.8553
8064.83,101.18,8.8551
8065.83,100.81,8.8551
8066.83,101.26,8.8551
8067.83,100.85,8.8551
8068.83,100.89,8.8551
8069.84,101.24,8.8553
8070.84,100.65,8.8553
8071.84,101.22,8.8553
8072.84,103.08,8.8553
8073.84,108.92,8.8553
8074.84,101.16,8.8553
8075.85,100.85,8.8551
8076.85,100.87,8.8553
8077.85,101.06,8.8553
8078.85,100.97,8.8553
8079.85,100.83,8.8553
8080.85,102.19,8.8553
8081.85,100.83,8.8553
8082.86,101.06,8.8553
8083.86,100.75,8.8552
8084.86,100.83,8.8552
8085.86,101.25,8.8552
8086.86,100.86,8.8552
8087.86,101.28,8.8552
8088.86,101.3,8.8552
8089.87,100.81,8.8552
8090.87,103.57,8.8553
8091.87,100.85,8.8553
8092.87,100.94,8.8554
8093.87,101.31,8.8554
8094.87,100.87,8.8554
8095.88,101.29,8.8554
8096.88,100.86,8.8553
8097.88,100.82,8.8554
8098.88,101.27,8.8554
8099.88,100.85,8.8554
8100.88,101.01,8.8554
8101.88,101.21,8.8553
8102.89,100.87,8.8554
8103.89,101.25,8.8554
8104.89,100.81,8.8554
8105.89,100.69,8.8553
8106.89,100.97,8.8553
8107.89,100.55,8.8552
8108.9,101.03,8.8553
8109.9,100.83,8.8552
8110.9,100.81,8.8552
8111.9,100.99,8.8552
8112.9,100.87,8.8553
8113.9,100.85,8.8553
8114.9,101.03,8.8553
8115.91,100.83,8.8553
8116.91,101.28,8.8553
8117.91,100.84,8.8553
8118.91,101.2,8.8552
8119.91,100.89,8.8552
8120.92,109.03,8.8552
8121.92,101.24,8.8552
8122.92,100.67,8.8552
8123.92,101.18,8.8552
8124.92,100.85,8.8552
8125.92,100.82,8.8553
8126.92,101.27,8.8553
8127.93,100.84,8.8553
8128.93,101.08,8.8553
8129.93,100.87,8.8553
8130.93,104.53,8.8552
8131.93,101.24,8.8552
8132.93,100.93,8.8552
8133.94,100.85,8.8552
8134.94,101.28,8.8552
8135.94,101.06,8.8553
8136.94,101.28,8.8553
8137.94,100.83,8.8553
8138.94,100.89,8.8553
8139.94,101.26,8.8553
8140.95,100.9,8.8552
8141.95,101.26,8.8554
8142.95,100.91,8.8553
8143.95,100.9,8.8553
8144.95,101.24,8.8553
8145.95,100.86,8.8553
8146.96,100.87,8.8553
8147.96,101.18,8.8553
8148.96,100.68,8.8553
8149.96,101.24,8.8553
8150.96,100.82,8.8552
8151.96,100.76,8.8552
8152.97,101.36,8.8552
8153.97,100.93,8.8552
8154.97,101.27,8.8552
8155.97,100.77,8.8552
8156.97,100.88,8.8552
8157.97,101.2,8.8552
8158.97,102.11,8.8553
8159.98,101.27,8.8552
8160.98,100.82,8.8552
8161.98,100.78,8.8552
8162.98,101.31,8.8552
8163.98,100.9,8.8553
8164.98,101.24,8.8553
8165.99,100.67,8.8553
8166.99,100.82,8.8552
8167.99,112.12,8.8552
8168.99,100.85,8.8553
8169.99,101.15,8.8552
8170.99,100.79,8.8553
8172.0,100.84,8.8553
8173.0,101.18,8.8555
8174.0,100.8,8.8555
8175.0,101.23,8.8553
8176.0,100.8,8.8554
8177.0,100.82,8.8554
8178.0,101.6,8.8554
8179.01,100.88,8.8553
8180.01,100.84,8.8553
8181.01,101.3,8.8554
8182.01,100.85,8.8554
8183.01,100.9,8.8554
8184.01,101.16,8.8554
8185.01,100.58,8.8552
8186.01,100.56,8.8552
8187.02,100.95,8.8552
8188.02,100.63,8.8552
8189.02,101.05,8.8552
8190.02,100.69,8.8554
8191.02,100.8,8.8552
8192.02,101.29,8.8552
8193.03,100.93,8.8554
8194.03,100.85,8.8554
8195.03,101.21,8.8554
8196.03,100.81,8.8554
8197.03,100.84,8.8554
8198.03,101.26,8.8554
8199.03,100.86,8.8554
8200.04,101.25,8.8554
8201.04,100.87,8.8554
8202.04,101.05,8.8554
8203.04,101.41,8.8554
8204.04,100.89,8.8554
8205.04,100.82,8.8554
8206.04,101.25,8.8555
8207.05,100.83,8.8554
8208.05,100.71,8.8554
8209.05,101.41,8.8554
8210.05,100.87,8.8555
8211.05,100.84,8.8555
8212.05,101.21,8.8554
8213.05,100.94,8.8554
8214.06,100.9,8.8554
8215.06,101.08,8.8554
8216.06,100.82,8.8555
8217.06,101.26,8.8554
8218.06,100.86,8.8554
8219.06,100.84,8.8555
8220.06,101.34,8.8555
8221.07,105.05,8.8555
8222.07,100.84,8.8555
8223.07,101.39,8.8554
8224.07,100.72,8.8555
8225.07,100.78,8.8555
8226.07,101.25,8.8555
8227.07,100.84,8.8553
8228.08,101.25,8.8553
8229.08,100.84,8.8554
8230.08,100.79,8.8554
8231.08,101.2,8.8554
8232.08,100.87,8.8554
8233.08,100.95,8.8554
8234.08,101.33,8.8554
8235.09,100.85,8.8554
8236.09,101.24,8.8553
8237.09,100.88,8.8554
8238.09,100.9,8.8554
8239.09,101.27,8.8553
8240.09,100.86,8.8553
8241.1,101.2,8.8553
8242.1,100.85,8.8553
8243.1,100.91,8.8554
8244.1,101.4,8.8555
8245.1,100.85,8.8555
8246.1,100.84,8.8554
8247.1,106.78,8.8554
8248.11,103.44,8.8554
8249.11,100.84,8.8555
8250.11,101.34,8.8554
8251.11,100.85,8.8554
8252.11,100.83,8.8554
8253.11,101.33,8.8555
8254.11,100.99,8.8555
8255.12,100.81,8.8554
8256.12,101.25,8.8553
8257.12,100.8,8.8553
8258.12,101.24,8.8553
8259.12,100.91,8.8553
8260.12,100.78,8.8553
8261.12,101.22,8.8553
8262.12,100.84,8.8554
8263.13,100.9,8.8553
8264.13,101.22,8.8554
8265.13,100.85,8.8553
8266.13,104.07,8.8554
8267.13,141.92,8.8554
8268.13,100.95,8.8554
8269.14,101.27,8.8554
8270.14,143.14,8.8553
8271.14,100.9,8.8553
8272.14,100.93,8.8553
8273.14,100.74,8.8553
8274.14,101.14,8.8553
8275.15,100.88,8.8553
8276.15,100.88,8.8553
8277.15,102.1,8.8554
8278.15,101.0,8.8554
8279.15,100.91,8.8554
8280.15,101.27,8.8554
8281.15,100.85,8.8554
8282.16,101.08,8.8554
8283.16,100.68,8.8553
8284.16,100.58,8.8553
8285.16,101.16,8.8553
8286.16,101.17,8.8553
8287.16,100.67,8.8553
8288.16,101.24,8.8553
8289.17,100.82,8.8553
8290.17,100.82,8.8553
8291.17,101.29,8.8553
8292.17,100.63,8.8553
8293.17,101.02,8.8553
8294.17,100.62,8.8553
8295.18,100.82,8.8553
8296.18,101.26,8.8553
8297.18,100.83,8.8554
8298.18,100.92,8.8553
8299.18,101.03,8.8553
8300.18,100.72,8.8553
8301.18,101.16,8.8553
8302.19,100.65,8.8554
8303.19,100.65,8.8553
8304.19,100.91,8.8553
8305.19,100.64,8.8553
8306.19,100.86,8.8553
8307.19,100.58,8.8553
8308.2,100.67,8.8553
8309.2,101.04,8.8553
8310.2,235.69,9.1619
8311.2,272.66,9.3265
8312.2,100.86,9.3265
8313.2,100.89,9.3266
8314.21,101.13,9.3266
8315.21,100.79,9.3266
8316.21,101.2,9.3266
8317.21,100.83,9.3265
8318.21,100.86,9.3266
8319.21,101.17,9.3267
8320.21,100.84,9.3266
8321.22,101.24,9.3265
8322.22,100.82,9.3265
8323.22,100.9,9.3266
8324.22,101.19,9.3266
8325.22,100.8,9.3265
8326.22,101.27,9.3265
8327.23,100.79,9.3265
8328.23,100.82,9.3265
8329.23,101.35,9.3265
8330.23,100.81,9.3265
8331.23,100.81,9.3265
8332.23,101.33,9.3266
8333.23,100.88,9.3265
8334.24,101.19,9.3265
8335.24,100.83,9.3265
8336.24,100.83,9.3265
8337.24,101.21,9.3265
8338.24,100.85,9.3265
8339.24,101.29,9.3266
8340.25,100.79,9.3266
8341.25,100.8,9.3266
8342.25,101.13,9.3265
8343.25,100.85,9.3267
8344.25,100.87,9.3265
8345.25,101.23,9.3265
8346.25,100.85,9.3267
8347.26,100.79,9.3264
8348.26,101.21,9.3264
8349.26,100.93,9.3267
8350.26,101.26,9.3267
8351.26,100.85,9.3267
8352.26,100.84,9.3267
8353.26,101.32,9.3267
8354.27,100.82,9.3266
8355.27,101.22,9.3266
8356.27,105.38,9.3266
8357.27,101.21,9.3266
8358.27,100.81,9.3266
8359.27,100.84,9.3265
8360.28,101.2,9.3265
8361.28,100.83,9.3266
8362.28,100.81,9.3266
8363.28,101.23,9.3266
8364.28,100.77,9.3265
8365.28,101.21,9.3265
8366.29,100.83,9.3266
8367.29,100.82,9.3266
8368.29,101.16,9.3267
8369.29,100.94,9.3266
8370.29,100.84,9.3265
8371.29,101.25,9.3265
8372.29,100.81,9.3265
8373.3,101.31,9.3266
8374.3,100.67,9.3265
8375.3,100.75,9.3265
8376.3,101.25,9.3265
8377.3,100.81,9.3265
8378.3,100.9,9.3265
8379.3,101.24,9.3263
8380.31,100.82,9.3265
8381.31,100.9,9.3265
8382.31,101.27,9.3266
8383.31,100.89,9.3266
8384.31,101.16,9.3265
8385.31,100.81,9.3265
8386.31,100.85,9.3265
8387.32,101.31,9.3265
8388.32,100.83,9.3265
8389.32,101.05,9.3265
8390.32,100.84,9.3265
8391.32,100.82,9.3265
8392.32,101.23,9.3265
8393.33,100.97,9.3265
8394.33,101.24,9.3265
8395.33,100.46,9.3265
8396.33,100.5,9.3265
8397.33,101.17,9.3265
8398.33,100.85,9.3265
8399.34,100.81,9.3265
8400.34,101.22,9.3265
8401.34,100.84,9.3265
8402.34,101.22,9.3265
8403.34,100.95,9.3265
8404.34,100.85,9.3265
8405.34,101.22,9.3266
8406.35,100.86,9.3266
8407.35,101.01,9.3266
8408.35,100.61,9.3266
8409.35,100.55,9.3266
8410.35,101.05,9.3266
8411.35,100.81,9.3266
8412.36,101.23,9.3266
8413.36,102.72,9.3267
8414.36,100.83,9.3267
8415.36,101.32,9.3267
8416.36,100.82,9.3267
8417.36,100.82,9.3266
8418.36,101.3,9.3267
8419.37,100.93,9.3266
8420.37,100.84,9.3267
8421.37,101.58,9.3266
8422.37,100.83,9.3265
8423.37,100.91,9.3266
8424.37,101.23,9.3265
8425.37,100.76,9.3265
8426.37,100.8,9.3265
8427.38,101.26,9.3267
8428.38,100.95,9.3266
8429.38,100.61,9.3266
8430.38,100.95,9.3266
8431.38,100.56,9.3266
8432.38,101.23,9.3266
8433.39,100.99,9.3265
8434.39,100.89,9.3265
8435.39,101.36,9.3266
8436.39,100.86,9.3265
8437.39,100.95,9.3266
8438.39,100.9,9.3266
8439.39,101.2,9.3266
8440.39,100.89,9.3266
8441.4,101.28,9.3266
8442.4,100.72,9.3266
8443.4,100.88,9.3266
8444.4,101.16,9.3265
8445.4,100.81,9.3265
8446.4,101.01,9.3265
8447.41,100.75,9.3265
8448.41,100.93,9.3266
8449.41,101.27,9.3265
8450.41,100.72,9.3265
8451.41,100.98,9.3265
8452.41,100.6,9.3265
8453.41,103.57,9.3268
8454.42,101.29,9.3266
8455.42,100.89,9.3265
8456.42,100.89,9.3266
8457.42,101.35,9.3266
8458.42,100.56,9.3268
8459.42,100.91,9.3266
8460.43,100.48,9.3266
8461.43,101.0,9.3266
8462.43,100.57,9.3266
8463.43,100.7,9.3268
8464.43,100.97,9.3265
8465.43,100.73,9.3265
8466.44,101.24,9.3265
8467.44,100.86,9.3265
8468.44,100.83,9.3267
8469.44,101.08,9.3265
8470.44,100.57,9.3265
8471.44,100.6,9.3265
8472.44,101.04,9.3265
8473.45,100.58,9.3267
8474.45,100.73,9.3265
8475.45,101.26,9.3265
8476.45,100.48,9.3265
8477.45,100.72,9.3265
8478.45,101.3,9.3268
8479.45,100.52,9.3265
8480.46,100.94,9.3265
8481.46,100.58,9.3267
8482.46,100.5,9.3267
8483.46,100.67,9.3267
8484.46,100.93,9.3267
8485.46,267.14,1.8747
8486.46,332.12,2.2222
8487.47,310.47,2.5658
8488.47,306.83,2.9137
8489.47,213.96,3.3146
8490.47,218.51,3.6456
8491.47,354.0,3.8799
8492.47,344.95,4.2173
8493.47,328.65,4.4948
8494.47,313.0,4.7808
8495.48,308.47,5.0948
8496.48,310.98,5.4349
8497.48,305.8,5.6912
8498.48,308.06,5.9809
8499.48,302.37,6.2711
8500.48,303.5,6.4862
8501.49,302.31,6.7198
8502.49,341.87,7.3625
8503.49,302.64,7.3996
8504.49,309.79,7.4002
8505.49,276.95,7.4006
8506.49,152.44,7.401
8507.49,146.54,7.4011
8508.5,179.92,7.401
8509.5,172.94,7.4014
8510.5,165.18,7.4596
8511.5,194.25,7.496
8512.5,232.98,7.496
8513.5,146.96,7.496
8514.5,138.73,7.4961
8515.51,120.24,7.4961
8516.51,121.82,7.4961
8517.51,241.89,7.9602
8518.51,246.22,8.1866
8519.51,137.49,8.1866
8520.51,119.2,8.1777
8521.51,104.41,8.1777
8522.52,157.42,8.1777
8523.52,165.25,8.1779
8524.52,170.79,8.1779
8525.52,158.66,8.1778
8526.52,102.51,8.1778
8527.52,103.0,8.1778
8528.53,104.44,8.1778
8529.53,133.67,8.1778
8530.53,102.17,8.1778
8531.53,100.9,8.1779
8532.53,102.01,8.1779
8533.53,104.08,8.1779
8534.54,107.82,8.1779
8535.54,135.33,8.1793
8536.54,101.75,8.1793
8537.54,107.86,8.1793
8538.54,100.92,8.1792
8539.54,117.33,8.1792
8540.54,101.25,8.1792
8541.55,100.88,8.1793
8542.55,102.03,8.1793
8543.55,101.2,8.1794
8544.55,100.85,8.1793
8545.55,102.79,8.1791
8546.55,116.53,8.1792
8547.55,111.84,8.1792
8548.56,101.65,8.1792
8549.56,102.89,8.1792
8550.56,149.91,8.179
8551.56,106.23,8.179
8552.56,102.7,8.179
8553.56,100.82,8.1792
8554.56,102.08,8.1792
8555.57,100.9,8.1792
8556.57,173.51,8.1795
8557.57,161.1,8.2664
8558.57,101.22,8.2663
8559.57,101.49,8.2664
8560.57,113.13,8.2664
8561.58,101.13,8.2664
8562.58,101.05,8.2664
8563.58,101.19,8.2664
8564.58,101.13,8.2664
8565.58,105.7,8.2665
8566.58,105.73,8.2665
8567.58,100.98,8.2665
8568.59,101.12,8.2665
8569.59,103.23,8.2664
8570.59,100.99,8.2664
8571.59,120.4,8.2664
8572.59,100.75,8.2664
8573.59,101.44,8.2665
8574.59,100.86,8.2664
8575.59,100.97,8.2664
8576.6,102.65,8.2665
8577.6,101.38,8.2665
8578.6,104.6,8.2665
8579.6,104.08,8.2665
8580.6,101.08,8.2665
8581.6,101.71,8.2665
8582.6,100.95,8.2665
8583.61,102.73,8.2665
8584.61,103.92,8.2665
8585.61,101.86,8.2665
8586.61,100.55,8.2665
8587.61,100.96,8.2665
8588.61,100.9,8.2665
8589.62,101.28,8.2664
8590.62,100.89,8.2665
8591.62,151.05,8.2664
8592.62,100.88,8.2664
8593.62,100.86,8.2664
8594.62,101.31,8.2664
8595.63,100.87,8.2664
8596.63,100.78,8.2664
8597.63,101.15,8.2664
8598.63,100.6,8.2665
8599.63,101.35,8.2665
8600.63,101.05,8.2665
8601.64,101.18,8.2665
8602.64,101.35,8.2664
8603.64,101.1,8.2665
8604.64,101.21,8.2663
8605.64,100.85,8.2664
8606.64,115.73,8.2664
8607.64,104.58,8.2664
8608.65,100.99,8.2665
8609.65,101.26,8.2665
8610.65,100.88,8.2665
8611.65,100.86,8.2665
8612.65,101.24,8.2663
8613.65,103.91,8.2663
8614.66,100.79,8.2663
8615.66,101.34,8.2663
8616.66,100.94,8.2663
8617.66,101.24,8.2664
8618.66,100.88,8.2666
8619.66,100.75,8.2664
8620.66,104.87,8.2664
8621.67,101.02,8.2664
8622.67,107.1,8.2664
8623.67,129.48,8.2727
8624.67,100.49,8.2727
8625.67,100.96,8.2665
8626.67,100.75,8.2664
8627.67,100.8,8.2664
8628.68,101.2,8.2665
8629.68,100.83,8.2665
8630.68,100.85,8.2665
8631.68,101.26,8.2665
8632.68,100.83,8.2664
8633.68,101.39,8.2665
8634.69,100.74,8.2664
8635.69,100.87,8.2664
8636.69,101.17,8.2664
8637.69,100.93,8.2664
8638.69,100.87,8.2664
8639.69,101.21,8.2664
8640.69,101.48,8.2665
8641.7,101.17,8.2664
8642.7,100.82,8.2664
8643.7,100.99,8.2664
8644.7,101.34,8.2664
8645.7,100.87,8.2664
8646.7,100.83,8.2664
8647.7,101.28,8.2664
8648.71,100.89,8.2665
8649.71,100.85,8.2663
8650.71,101.3,8.2665
8651.71,100.83,8.2663
8652.71,101.23,8.2663
8653.71,101.01,8.2666
8654.72,100.86,8.2664
8655.72,101.24,8.2664
8656.72,100.85,8.2664
8657.72,101.25,8.2664
8658.72,100.9,8.2665
8659.72,100.84,8.2665
8660.72,101.24,8.2665
8661.73,100.81,8.2665
8662.73,101.25,8.2665
8663.73,100.95,8.2665
8664.73,100.82,8.2664
8665.73,101.32,8.2664
8666.73,100.81,8.2664
8667.73,100.71,8.2664
8668.74,101.29,8.2665
8669.74,100.73,8.2664
8670.74,100.85,8.2664
8671.74,101.25,8.2664
8672.74,282.22,8.4568
8673.74,100.69,8.4568
8674.74,100.96,8.4568
8675.75,100.67,8.4568
8676.75,100.63,8.4567
8677.75,101.02,8.4567
8678.75,100.77,8.4567
8679.75,100.69,8.4567
8680.75,118.38,8.4567
8681.75,100.71,8.4567
8682.76,100.97,8.4567
8683.76,100.78,8.4567
8684.76,100.65,8.4567
8685.76,100.96,8.4567
8686.76,100.68,8.4567
8687.76,101.1,8.4568
8688.77,100.68,8.4568
8689.77,100.61,8.4569
8690.77,100.86,8.457
8691.77,100.52,8.4569
8692.77,105.19,8.457
8693.77,100.94,8.457
8694.78,101.01,8.457
8695.78,100.67,8.457
8696.78,100.59,8.457
8697.78,100.92,8.457
8698.78,142.6,8.457
8699.78,103.3,8.457
8700.78,102.0,8.4569
8701.79,100.83,8.4569
8702.79,101.11,8.4569
8703.79,100.86,8.457
8704.79,100.67,8.4569
8705.79,101.18,8.457
8706.79,100.78,8.4569
8707.8,100.73,8.4569
8708.8,101.26,8.457
8709.8,100.71,8.4569
8710.8,101.05,8.457
8711.8,100.68,8.457
8712.8,101.12,8.457
8713.81,100.81,8.457
8714.81,100.72,8.4571
8715.81,101.05,8.457
8716.81,101.11,8.457
8717.81,101.09,8.457
8718.81,100.69,8.457
8719.82,100.78,8.4569
8720.82,101.22,8.4568
8721.82,100.85,8.4568
8722.82,101.27,8.4568
8723.82,102.35,8.4568
8724.82,103.14,8.4568
8725.82,102.31,8.4568
8726.83,100.64,8.4568
8727.83,100.72,8.4569
8728.83,101.29,8.4569
8729.83,100.84,8.4569
8730.83,100.74,8.4568
8731.83,101.1,8.4568
8732.83,100.75,8.4568
8733.84,101.15,8.4568
8734.84,100.72,8.4568
8735.84,101.7,8.4568
8736.84,101.01,8.4568
8737.84,100.52,8.4568
8738.84,140.21,8.4593
8739.84,101.01,8.4593
8740.85,100.52,8.4593
8741.85,100.97,8.4593
8742.85,100.61,8.4593
8743.85,125.03,8.4594
8744.85,101.12,8.4594
8745.85,100.59,8.4594
8746.86,100.56,8.4594
8747.86,101.13,8.4594
8748.86,108.02,8.4595
8749.86,111.49,8.4595
8750.86,100.82,8.4595
8751.86,101.45,8.4595
8752.87,100.78,8.4595
8753.87,100.74,8.4595
8754.87,136.62,8.4637
8755.87,119.44,8.4679
8756.87,103.67,8.4679
8757.87,103.89,8.4679
8758.87,100.86,8.4679
8759.88,101.9,8.4679
8760.88,101.0,8.4622
8761.88,100.93,8.4622
8762.88,102.57,8.4621
8763.88,101.11,8.4621
8764.88,100.66,8.4621
8765.88,100.89,8.4622
8766.89,100.57,8.4621
8767.89,101.04,8.4621
8768.89,102.64,8.4621
8769.89,100.6,8.4621
8770.89,101.25,8.4621
8771.89,100.68,8.4621
8772.9,101.94,8.4621
8773.9,100.68,8.4621
8774.9,100.76,8.462
8775.9,101.13,8.462
8776.9,100.62,8.462
8777.9,100.7,8.462
8778.9,100.7,8.4622
8779.91,103.05,8.4622
8780.91,100.69,8.4621
8781.91,100.95,8.4622
8782.91,102.96,8.4622
8783.91,100.62,8.4621
8784.91,100.62,8.4622
8785.92,101.09,8.4622
8786.92,100.69,8.4622
8787.92,100.62,8.4622
8788.92,101.12,8.4621
8789.92,100.89,8.4621
8790.92,100.62,8.4621
8791.93,101.07,8.4621
8792.93,100.76,8.4621
8793.93,101.11,8.4621
8794.93,100.64,8.4621
8795.93,101.49,8.4621
8796.93,101.06,8.4621
8797.93,100.53,8.4622
8798.94,101.06,8.4622
8799.94,100.83,8.4622
8800.94,100.63,8.4622
8801.94,101.06,8.4622
8802.94,103.49,8.4622
8803.94,100.67,8.4622
8804.95,101.04,8.4622
8805.95,100.65,8.4623
8806.95,103.91,8.4621
8807.95,101.14,8.4621
8808.95,100.82,8.4621
8809.95,101.23,8.4621
8810.95,100.64,8.4621
8811.95,100.82,8.4623
8812.96,101.17,8.4623
8813.96,100.73,8.4623
8814.96,105.85,8.4623
8815.96,143.99,8.4623
8816.96,100.45,8.4623
8817.96,100.57,8.4623
8818.96,101.05,8.4621
8819.97,100.54,8.4621
8820.97,100.86,8.4621
8821.97,100.83,8.4621
8822.97,100.7,8.4621
8823.97,102.14,8.4621
8824.97,100.94,8.4621
8825.98,100.99,8.4621
8826.98,100.7,8.4621
8827.98,100.62,8.4621
8828.98,101.09,8.4623
8829.98,100.56,8.4623
8830.98,101.07,8.4623
8831.99,100.73,8.4623
8832.99,103.03,8.4623
8833.99,101.21,8.4623
8834.99,100.71,8.4623
8835.99,100.72,8.4623
8836.99,101.12,8.4623
8837.99,100.55,8.4623
8838.99,100.65,8.4623
8840.0,101.42,8.4623
8841.0,100.53,8.4623
8842.0,101.03,8.4622
8843.0,100.72,8.4622
8844.0,100.73,8.4622
8845.0,101.18,8.4622
8846.01,100.75,8.4623
8847.01,100.97,8.4623
8848.01,104.55,8.4623
8849.01,103.02,8.4623
8850.01,100.67,8.4623
8851.01,103.04,8.4623
8852.01,100.97,8.4622
8853.02,133.33,8.4622
8854.02,100.64,8.4622
8855.02,102.03,8.4622
8856.02,101.51,8.4622
8857.02,115.37,8.4622
8858.02,128.55,8.4622
8859.03,100.84,8.4622
8860.03,100.74,8.4622
8861.03,140.79,8.4622
8862.03,101.94,8.4622
8863.03,100.78,8.4622
8864.03,101.58,8.4622
8865.03,113.12,8.4621
8866.04,196.35,8.4624
8867.04,277.62,8.6975
8868.04,100.85,8.6975
8869.04,101.13,8.6976
8870.04,121.79,8.6976
8871.04,100.94,8.6976
8872.05,100.79,8.6976
8873.05,100.95,8.6976
8874.05,102.36,8.6976
8875.05,100.67,8.6976
8876.05,101.12,8.6976
8877.05,104.28,8.6976
8878.06,100.88,8.6976
8879.06,100.76,8.6976
8880.06,100.56,8.6976
8881.06,100.95,8.6976
8882.06,100.58,8.6976
8883.06,101.09,8.6976
8884.07,100.6,8.6976
8885.07,100.62,8.6976
8886.07,100.99,8.6976
8887.07,100.61,8.6976
8888.07,100.61,8.6976
8889.07,101.05,8.6976
8890.07,100.59,8.6976
8891.08,101.17,8.6976
8892.08,100.84,8.6976
8893.08,100.93,8.6975
8894.08,101.3,8.6975
8895.08,100.84,8.6975
8896.08,101.12,8.6975
8897.09,100.89,8.6975
8898.09,100.88,8.6975
8899.09,101.32,8.6975
8900.09,100.89,8.6975
8901.09,101.29,8.6975
8902.09,100.89,8.6975
8903.1,100.95,8.6976
8904.1,101.31,8.6974
8905.1,100.88,8.6974
8906.1,101.29,8.6974
8907.1,100.84,8.6974
8908.1,100.82,8.6974
8909.1,101.6,8.6974
8910.11,100.85,8.6976
8911.11,101.15,8.6975
8912.11,100.85,8.6975
8913.11,100.92,8.6976
8914.11,101.24,8.6976
8915.11,100.64,8.6975
8916.12,101.25,8.6975
8917.12,101.2,8.6975
8918.12,100.84,8.6975
8919.12,101.3,8.6976
8920.12,100.82,8.6976
8921.12,100.88,8.6975
8922.12,101.31,8.6975
8923.13,100.88,8.6974
8924.13,100.73,8.6974
8925.13,101.26,8.6974
8926.13,100.81,8.6974
8927.13,100.82,8.6974
8928.13,101.19,8.6974
8929.13,100.88,8.6974
8930.14,100.85,8.6974
8931.14,101.26,8.6974
8932.14,100.87,8.6975
8933.14,101.36,8.6975
8934.14,100.86,8.6977
8935.14,100.87,8.6975
8936.14,101.38,8.6975
8937.15,100.81,8.6975
8938.15,100.89,8.6975
8939.15,101.33,8.6975
8940.15,100.89,8.6975
8941.15,101.3,8.6975
8942.15,100.87,8.6975
8943.16,101.04,8.6975
8944.16,101.18,8.6975
8945.16,100.81,8.6975
8946.16,101.21,8.6975
8947.16,100.83,8.6976
8948.16,100.76,8.6976
8949.16,101.06,8.6976
8950.17,101.64,8.6976
8951.17,128.24,8.6976
8952.17,100.87,8.6976
8953.17,100.94,8.6976
8954.17,101.36,8.6977
8955.17,100.83,8.6976
8956.18,100.84,8.6976
8957.18,101.25,8.6976
8958.18,100.82,8.6976
8959.18,100.88,8.6974
8960.18,101.27,8.6974
8961.18,100.78,8.6976
8962.18,100.8,8.6976
8963.18,102.47,8.6976
8964.19,100.82,8.6974
8965.19,100.79,8.6974
8966.19,101.19,8.6974
8967.19,100.77,8.6974
8968.19,101.26,8.6976
8969.19,101.87,8.6976
8970.19,100.78,8.6976
8971.2,101.26,8.6976
8972.2,100.78,8.6976
8973.2,100.64,8.6976
8974.2,100.99,8.6976
8975.2,103.67,8.6976
8976.2,100.9,8.6974
8977.21,100.65,8.6974
8978.21,100.76,8.6974
8979.21,101.28,8.6976
8980.21,100.79,8.6974
8981.21,101.3,8.6975
8982.21,100.77,8.6975
8983.21,100.98,8.6976
8984.22,100.84,8.6975
8985.22,101.22,8.6975
8986.22,100.83,8.6975
8987.22,101.26,8.6975
8988.22,100.84,8.6975
8989.22,100.85,8.6975
8990.22,101.3,8.6976
8991.23,100.85,8.6976
8992.23,100.82,8.6976
8993.23,101.39,8.6976
8994.23,100.85,8.6976
8995.23,100.92,8.6975
8996.23,101.21,8.6975
8997.23,100.84,8.6975
8998.23,100.88,8.6976
8999.24,101.35,8.6976
9000.24,100.8,8.6975
9001.24,100.78,8.6976
9002.24,101.21,8.6975
9003.24,100.98,8.6975
9004.24,100.86,8.6975
9005.24,101.22,8.6976
9006.25,100.86,8.6977
9007.25,100.85,8.6976
9008.25,101.29,8.6976
9009.25,100.82,8.6975
9010.25,100.88,8.6975
9011.25,101.27,8.6975
9012.25,100.84,8.6976
9013.26,109.69,8.6977
9014.26,114.49,8.6975
9015.26,100.84,8.6975
9016.26,101.23,8.6975
9017.26,104.2,8.6975
9018.26,115.38,8.6977
9019.26,103.26,8.6977
9020.27,103.47,8.698
9021.27,101.32,8.6979
9022.27,138.82,8.7021
9023.27,100.9,8.7021
9024.27,100.84,8.7021
9025.27,101.25,8.7021
9026.27,100.98,8.6962
9027.28,100.95,8.6962
9028.28,104.64,8.6962
9029.28,100.9,8.6962
9030.28,101.32,8.6962
9031.28,134.38,8.6961
9032.28,131.88,8.6961
9033.28,101.0,8.6961
9034.29,100.59,8.6961
9035.29,100.81,8.6961
9036.29,101.3,8.6961
9037.29,100.82,8.6961
9038.29,100.85,8.6962
9039.29,100.99,8.6961
9040.29,100.65,8.6962
9041.3,100.87,8.6962
9042.3,101.16,8.6961
9043.3,100.71,8.6962
9044.3,101.28,8.6961
9045.3,102.94,8.6961
9046.3,120.16,8.6962
9047.3,129.94,8.6963
9048.31,101.08,8.6962
9049.31,101.04,8.6963
9050.31,100.55,8.6963
9051.31,100.54,8.6963
9052.31,101.23,8.6962
9053.31,100.47,8.6963
9054.32,101.06,8.6962
9055.32,100.71,8.6962
9056.32,118.68,8.6963
9057.32,101.24,8.6963
9058.32,100.84,8.6963
9059.32,101.28,8.6963
9060.33,101.07,8.6963
9061.33,100.61,8.6963
9062.33,101.04,8.6963
9063.33,105.1,8.6963
9064.33,101.05,8.6963
9065.33,100.57,8.6963
9066.34,100.59,8.6963
9067.34,101.01,8.6963
9068.34,100.64,8.6963
9069.34,101.17,8.6963
9070.34,100.82,8.6963
9071.34,100.92,8.6963
9072.34,101.27,8.6963
9073.35,100.96,8.6963
9074.35,101.25,8.6963
9075.35,100.8,8.6963
9076.35,100.87,8.6963
9077.35,101.19,8.6963
9078.35,100.64,8.6963
9079.36,101.1,8.6962
9080.36,100.89,8.6962
9081.36,105.36,8.6965
9082.36,101.18,8.6966
9083.36,101.23,8.6966
9084.36,100.68,8.6965
9085.36,100.96,8.6966
9086.37,100.78,8.6966
9087.37,101.19,8.6966
9088.37,100.94,8.6966
9089.37,100.78,8.6966
9090.37,101.25,8.6964
9091.37,100.85,8.6964
9092.38,100.85,8.6964
9093.38,101.37,8.6964
9094.38,100.86,8.6965
9095.38,101.24,8.6964
9096.38,100.77,8.6964
9097.38,100.87,8.6964
9098.38,101.3,8.6965
9099.39,100.85,8.6964
9100.39,101.29,8.6965
9101.39,100.87,8.6965
9102.39,100.8,8.6964
9103.39,101.36,8.6965
9104.39,100.84,8.6964
9105.4,100.81,8.6964
9106.4,101.18,8.6964
9107.4,100.78,8.6965
9108.4,101.29,8.6964
9109.4,100.84,8.6964
9110.4,100.87,8.6964
9111.4,101.24,8.6964
9112.41,100.87,8.6964
9113.41,101.41,8.6964
9114.41,100.87,8.6964
9115.41,100.86,8.6964
9116.41,102.99,8.6964
9117.41,102.75,8.6964
9118.42,101.04,8.6964
9119.42,100.58,8.6964
9120.42,101.01,8.6964
9121.42,101.23,8.6964
9122.42,100.7,8.6964
9123.42,101.5,8.6964
9124.43,100.79,8.6964
9125.43,111.36,8.6964
9126.43,101.18,8.6964
9127.43,123.39,8.6964
9128.43,202.08,8.6964
9129.43,120.85,8.6979
9130.43,100.85,8.6979
9131.44,101.31,8.6922
9132.44,100.77,8.6922
9133.44,101.27,8.6922
9134.44,100.82,8.6922
9135.44,100.84,8.6921
9136.44,101.84,8.6922
9137.45,100.8,8.6921
9138.45,100.85,8.6922
9139.45,101.33,8.6921
9140.45,100.75,8.6921
9141.45,100.83,8.6921
9142.45,101.27,8.6921
9143.45,100.99,8.6921
9144.45,100.82,8.6921
9145.46,101.28,8.6921
9146.46,102.07,8.6921
9147.46,100.83,8.6921
9148.46,101.28,8.6921
9149.46,100.61,8.6921
9150.46,100.94,8.6921
9151.47,100.53,8.6921
9152.47,100.82,8.6921
9153.47,101.31,8.6921
9154.47,100.79,8.6921
9155.47,203.99,8.6921
9156.47,259.53,8.8725
9157.47,100.86,8.8726
9158.48,101.21,8.8725
9159.48,100.73,8.8725
9160.48,100.89,8.8726
9161.48,101.26,8.8726
9162.48,100.77,8.8725
9163.48,101.12,8.8725
9164.48,101.23,8.8725
9165.49,100.84,8.8725
9166.49,101.25,8.8725
9167.49,100.59,8.8725
9168.49,110.34,8.8725
9169.49,105.26,8.8725
9170.49,100.58,8.8725
9171.5,100.93,8.8725
9172.5,100.66,8.8725
9173.5,135.67,8.8725
9174.5,101.25,8.8727
9175.5,100.75,8.8726
9176.5,100.8,8.8726
9177.51,101.15,8.8726
9178.51,117.36,8.8726
9179.51,101.31,8.8727
9180.51,100.86,8.8727
9181.51,100.83,8.8726
9182.51,101.28,8.8727
9183.51,105.34,8.8729
9184.51,100.85,8.8729
9185.52,101.31,8.8728
9186.52,101.87,8.8727
9187.52,100.63,8.8728
9188.52,101.02,8.8729
9189.52,100.56,8.8727
9190.52,100.99,8.8727
9191.52,101.3,8.8727
9192.52,100.88,8.8728
9193.53,100.97,8.8727
9194.53,101.24,8.8727
9195.53,100.86,8.8728
9196.53,100.82,8.8728
9197.53,101.2,8.8728
9198.53,100.87,8.8727
9199.53,100.55,8.8727
9200.54,101.11,8.8727
9201.54,100.81,8.8727
9202.54,100.79,8.8727
9203.54,101.28,8.8727
9204.54,100.76,8.8727
9205.54,101.72,8.8727
9206.55,100.83,8.8728
9207.55,100.68,8.8727
9208.55,101.07,8.8728
9209.55,100.82,8.8728
9210.55,100.7,8.8728
9211.55,103.11,8.8727
9212.55,100.71,8.8728
9213.55,100.92,8.8728
9214.56,101.12,8.8728
9215.56,100.69,8.8728
9216.56,101.15,8.8728
9217.56,103.7,8.8727
9218.56,117.57,8.8728
9219.56,100.86,8.8727
9220.56,101.06,8.8727
9221.57,101.17,8.8727
9222.57,100.87,8.8728
9223.57,101.33,8.8727
9224.57,100.84,8.8727
9225.57,100.85,8.8727
9226.57,100.98,8.8727
9227.57,100.64,8.8727
9228.58,100.64,8.8727
9229.58,101.18,8.8727
9230.58,100.81,8.8727
9231.58,100.84,8.8727
9232.58,101.32,8.8727
9233.58,100.68,8.8728
9234.58,100.61,8.8728
9235.58,102.03,8.8727
9236.59,100.74,8.8727
9237.59,101.18,8.8727
9238.59,100.85,8.8727
9239.59,100.82,8.8728
9240.59,101.24,8.8727
9241.59,100.79,8.8727
9242.6,101.18,8.8727
9243.6,101.04,8.8728
9244.6,100.92,8.8728
9245.6,101.38,8.8728
9246.6,101.25,8.8728
9247.6,100.69,8.8727
9248.6,101.35,8.8728
9249.61,100.8,8.8728
9250.61,100.5,8.8727
9251.61,101.72,8.8727
9252.61,100.77,8.8727
9253.61,101.44,8.8728
9254.61,100.78,8.8727
9255.61,100.78,8.8727
9256.62,101.62,8.8727
9257.62,100.8,8.8727
9258.62,101.11,8.8727
9259.62,100.78,8.8727
9260.62,100.77,8.8727
9261.62,101.23,8.8727
9262.63,100.84,8.8728
9263.63,101.39,8.8727
9264.63,100.84,8.8727
9265.63,100.8,8.8727
9266.63,101.25,8.8727
9267.63,100.85,8.8727
9268.64,100.91,8.8728
9269.64,101.21,8.8727
9270.64,100.81,8.8727
9271.64,101.13,8.8727
9272.64,100.89,8.8727
9273.64,101.31,8.8728
9274.65,100.81,8.8728
9275.65,101.12,8.8728
9276.65,100.63,8.8728
9277.65,100.79,8.873
9278.65,101.28,8.8728
9279.65,100.83,8.8728
9280.66,101.25,8.8728
9281.66,100.87,8.8728
9282.66,102.29,8.8728
9283.66,101.41,8.8729
9284.66,100.83,8.8729
9285.66,100.82,8.8729
9286.66,101.21,8.8729
9287.67,100.84,8.8729
9288.67,101.2,8.8729
9289.67,100.75,8.8729
9290.67,100.84,8.8727
9291.67,101.22,8.8727
9292.67,101.17,8.8727
9293.68,101.36,8.873
9294.68,100.63,8.8727
9295.68,100.54,8.8727
9296.68,101.08,8.8727
9297.68,109.03,8.8729
9298.68,100.57,8.8727
9299.69,101.11,8.8727
9300.69,100.67,8.8729
9301.69,101.23,8.8727
9302.69,100.83,8.8727
9303.69,100.81,8.8727
9304.69,101.09,8.8729
9305.69,100.61,8.8729
9306.7,100.62,8.8729
9307.7,101.04,8.8727
9308.7,100.71,8.8727
9309.7,101.13,8.8729
9310.7,100.68,8.8727
9311.7,100.68,8.8727
9312.7,101.3,8.8729
9313.71,100.7,8.8728
9314.71,100.62,8.8728
9315.71,101.07,8.8728
9316.71,100.79,8.8728
9317.71,100.85,8.8728
9318.71,101.21,8.8728
9319.71,100.7,8.8728
9320.71,100.59,8.8728
9321.72,101.0,8.8728
9322.72,100.77,8.8728
9323.72,101.25,8.8728
9324.72,101.14,8.8728
9325.72,100.61,8.8729
9326.72,101.13,8.8729
9327.73,100.63,8.8729
9328.73,101.08,8.8729
9329.73,100.71,8.8729
9330.73,100.71,8.8728
9331.73,101.2,8.8728
9332.73,100.81,8.8728
9333.74,100.74,8.8729
9334.74,101.34,8.8729
9335.74,100.76,8.8729
9336.74,100.81,8.8729
9337.74,101.19,8.8729
9338.74,100.86,8.8729
9339.74,101.21,8.8729
9340.75,100.85,8.8728
9341.75,100.8,8.873
9342.75,101.11,8.873
9343.75,101.18,8.873
9344.75,101.24,8.8728
9345.75,100.7,8.8728
9346.76,100.82,8.8728
9347.76,101.19,8.8728
9348.76,100.83,8.8729
9349.76,101.25,8.8729
9350.76,100.81,8.8728
9351.76,100.8,8.8728
9352.76,101.2,8.8728
9353.77,100.88,8.8729
9354.77,100.81,8.8728
9355.77,101.29,8.8728
9356.77,100.81,8.8728
9357.77,100.83,8.8728
9358.77,101.35,8.8729
9359.77,100.84,8.8729
9360.78,100.83,8.8729
9361.78,101.31,8.8728
9362.78,100.77,8.8728
9363.78,100.92,8.8729
9364.78,101.26,8.8728
9365.78,100.81,8.8728
9366.78,100.77,8.8728
9367.78,100.9,8.8728
9368.79,100.56,8.8728
9369.79,100.51,8.8728
9370.79,101.41,8.8729
9371.79,100.76,8.8729
9372.79,100.72,8.873
9373.79,101.42,8.8729
9374.79,102.23,8.8728
9375.8,100.79,8.8728
9376.8,101.23,8.8728
9377.8,103.4,8.8729
9378.8,100.81,8.8728
9379.8,101.1,8.8728
9380.8,100.74,8.8728
9381.8,100.8,8.8728
9382.8,101.17,8.8728
9383.81,100.9,8.8728
9384.81,101.15,8.8728
9385.81,100.77,8.8728
9386.81,100.83,8.8728
9387.81,101.21,8.8728
9388.81,100.74,8.8728
9389.82,103.69,8.8729
9390.82,101.07,8.8728
9391.82,103.28,8.8729
9392.82,101.0,8.8729
9393.82,100.89,8.8729
9394.82,100.76,8.8729
9395.83,101.13,8.8729
9396.83,100.8,8.8729
9397.83,101.09,8.8729
9398.83,100.73,8.8729
9399.83,100.8,8.873
9400.83,101.24,8.873
9401.83,100.72,8.873
9402.84,101.0,8.8732
9403.84,100.66,8.873
9404.84,100.71,8.873
9405.84,101.01,8.873
9406.84,100.63,8.8729
9407.84,100.76,8.873
9408.84,101.17,8.8731
9409.85,100.58,8.8731
9410.85,101.02,8.8731
9411.85,138.17,8.8758
9412.85,100.67,8.8758
9413.85,101.03,8.8758
9414.85,100.69,8.876
9415.86,101.07,8.8759
9416.86,100.88,8.8759
9417.86,100.67,8.8759
9418.86,101.16,8.876
9419.86,100.85,8.8759
9420.86,100.84,8.8759
9421.87,101.23,8.876
9422.87,100.82,8.876
9423.87,101.11,8.876
9424.87,100.68,8.8759
9425.87,100.71,8.8759
9426.87,101.27,8.8759
9427.87,100.79,8.8759
9428.88,100.82,8.8759
9429.88,101.13,8.8759
9430.88,100.57,8.8759
9431.88,100.93,8.8759
9432.88,100.62,8.8759
9433.88,100.7,8.876
9434.88,101.21,8.8759
9435.89,100.81,8.8759
9436.89,101.18,8.8759
9437.89,100.85,8.8759
9438.89,100.89,8.876
9439.89,101.26,8.876
9440.89,100.8,8.8759
9441.9,101.17,8.8759
9442.9,100.98,8.876
9443.9,100.87,8.876
9444.9,101.2,8.8759
9445.9,100.87,8.876
9446.9,100.84,8.8759
9447.9,100.8,8.8759
9448.91,101.31,8.8759
9449.91,100.83,8.8759
9450.91,101.17,8.8759
9451.91,100.88,8.876
9452.91,100.87,8.8759
9453.91,101.24,8.876
9454.91,100.8,8.8759
9455.92,101.24,8.8759
9456.92,100.84,8.8759
9457.92,100.89,8.8759
9458.92,101.27,8.876
9459.92,100.76,8.8759
9460.92,100.87,8.876
9461.92,101.21,8.876
9462.93,100.84,8.876
9463.93,100.9,8.876
9464.93,101.22,8.876
9465.93,100.84,8.8761
9466.93,101.24,8.8759
9467.93,100.82,8.8759
9468.94,100.8,8.876
9469.94,101.2,8.876
9470.94,100.68,8.876
9471.94,101.21,8.876
9472.94,100.83,8.8759
9473.94,100.88,8.8759
9474.94,101.23,8.8759
9475.95,100.52,8.8759
9476.95,100.72,8.8759
9477.95,101.2,8.8759
9478.95,100.87,8.876
9479.95,101.06,8.876
9480.95,100.73,8.876
9481.95,100.84,8.8759
9482.96,101.39,8.8759
9483.96,100.88,8.8759
9484.96,100.82,8.8759
9485.96,101.23,8.876
9486.96,100.82,8.876
9487.96,101.2,8.876
9488.97,100.86,8.876
9489.97,100.78,8.8759
9490.97,101.34,8.8759
9491.97,100.85,8.8759
9492.97,100.92,8.876
9493.97,101.22,8.8759
9494.97,100.86,8.8758
9495.98,101.26,8.8759
9496.98,100.81,8.8759
9497.98,100.87,8.876
9498.98,101.28,8.8759
9499.98,100.75,8.8759
9500.98,100.77,8.8759
9501.98,101.15,8.876
9502.99,100.87,8.876
9503.99,100.85,8.8759
9504.99,101.17,8.8758
9505.99,100.79,8.8758
9506.99,101.22,8.8759
9507.99,100.82,8.8759
9509.0,100.8,8.8759
9510.0,101.1,8.876
9511.0,100.73,8.8759
9512.0,101.19,8.8759
9513.0,100.86,8.8759
9514.0,100.6,8.8759
9515.0,101.09,8.8759
9516.01,100.61,8.8759
9517.01,100.53,8.876
9518.01,100.9,8.8759
9519.01,100.54,8.8759
9520.01,101.06,8.8759
9521.01,100.86,8.8759
9522.02,100.85,8.8759
9523.02,101.31,8.8759
9524.02,100.84,8.8759
9525.02,101.22,8.8761
9526.02,100.8,8.8761
9527.02,100.71,8.8761
9528.02,101.12,8.8761
9529.03,100.91,8.8762
9530.03,100.81,8.8762
9531.03,101.16,8.8762
9532.03,100.82,8.8762
9533.03,227.89,9.1481
9534.03,271.19,9.3162
9535.03,100.83,9.3162
9536.04,101.26,9.3162
9537.04,100.8,9.3162
9538.04,100.51,9.3162
9539.04,100.98,9.3163
9540.04,100.56,9.3163
9541.04,101.02,9.3163
9542.05,100.63,9.3163
9543.05,100.74,9.3163
9544.05,101.19,9.3162
9545.05,100.89,9.3162
9546.05,101.22,9.3163
9547.05,100.55,9.3163
9548.06,100.51,9.3163
9549.06,100.98,9.3163
9550.06,100.73,9.3163
9551.06,101.13,9.3163
9552.06,100.8,9.3163
9553.06,100.92,9.3163
9554.06,101.28,9.3163
9555.07,100.83,9.3162
9556.07,101.23,9.3162
9557.07,100.76,9.3162
9558.07,100.71,9.3162
9559.07,101.23,9.3163
9560.07,100.77,9.3162
9561.08,100.75,9.3163
9562.08,101.14,9.3163
9563.08,100.91,9.3163
9564.08,101.27,9.3163
9565.08,100.74,9.3163
9566.08,100.75,9.3163
9567.08,101.12,9.3163
9568.09,100.64,9.3164
9569.09,101.01,9.3164
9570.09,100.55,9.3163
9571.09,100.7,9.3163
9572.09,101.16,9.3163
9573.09,100.87,9.3163
9574.1,101.29,9.3163
9575.1,100.77,9.3163
9576.1,100.8,9.3163
9577.1,101.27,9.3163
9578.1,100.84,9.3163
9579.1,100.85,9.3164
9580.1,101.22,9.3164
9581.11,100.8,9.3164
9582.11,101.15,9.3164
9583.11,102.58,9.3164
9584.11,101.18,9.3163
9585.11,100.77,9.3163
9586.12,100.77,9.3163
9587.12,130.5,9.3163
9588.12,100.87,9.3162
9589.12,100.87,9.3163
9590.12,101.19,9.3163
9591.12,100.78,9.3162
9592.12,101.19,9.3162
9593.13,100.83,9.3163
9594.13,100.84,9.3162
9595.13,101.03,9.3162
9596.13,100.62,9.3162
9597.13,100.67,9.3162
9598.13,101.06,9.3163
9599.13,100.84,9.3162
9600.13,100.8,9.3162
9601.14,101.3,9.3162
9602.14,100.82,9.3162
9603.14,100.83,9.3163
9604.14,105.55,9.3163
9605.14,100.81,9.3163
9606.14,100.91,9.3163
9607.14,101.31,9.3163
9608.15,100.82,9.3163
9609.15,100.87,9.3163
9610.15,101.26,9.3162
9611.15,100.79,9.3162
9612.15,100.81,9.3163
9613.15,101.35,9.3162
9614.15,100.85,9.3163
9615.16,100.85,9.3163
9616.16,101.24,9.3162
9617.16,100.79,9.3162
9618.16,101.22,9.3162
9619.16,101.1,9.3165
9620.16,100.82,9.3163
9621.16,101.17,9.3163
9622.17,100.81,9.3163
9623.17,100.89,9.3163
9624.17,101.26,9.3162
9625.17,100.88,9.3162
9626.17,101.2,9.3162
9627.17,100.79,9.3162
9628.18,106.64,9.3162
9629.18,101.22,9.3162
9630.18,100.84,9.3164
9631.18,101.23,9.3162
9632.18,100.83,9.3162
9633.18,100.91,9.3164
9634.18,101.12,9.3164
9635.19,100.78,9.3164
9636.19,101.17,9.3164
9637.19,100.77,9.3162
9638.19,100.79,9.3162
9639.19,101.2,9.3163
9640.19,100.76,9.3161
9641.2,101.24,9.3163
9642.2,100.77,9.3163
9643.2,100.8,9.3163
9644.2,101.34,9.3164
9645.2,100.83,9.3164
9646.2,100.79,9.3163
9647.2,101.2,9.3163
9648.21,100.78,9.3163
9649.21,101.24,9.3165
9650.21,100.79,9.3165
9651.21,100.66,9.3164
9652.21,101.18,9.3164
9653.21,100.88,9.3164
9654.22,101.21,9.3165
9655.22,100.75,9.3164
9656.22,100.54,9.3164
9657.22,101.01,9.3164
9658.22,100.7,9.3164
9659.22,100.71,9.3164
9660.22,102.25,9.3164
9661.23,100.63,9.3164
9662.23,101.07,9.3165
9663.23,100.82,9.3164
9664.23,100.72,9.3165
9665.23,101.03,9.3164
9666.23,100.59,9.3164
9667.24,101.3,9.3164
9668.24,100.81,9.3164
9669.24,100.62,9.3164
9670.24,101.23,9.3164
9671.24,100.86,9.3164
9672.24,124.15,9.3164
9673.24,106.44,9.3164
9674.25,100.73,9.3164
9675.25,101.0,9.3164
9676.25,100.65,9.3164
9677.25,100.99,9.3164
9678.25,101.3,9.3164
9679.25,100.63,9.3164
9680.26,100.87,9.3163
9681.26,101.12,9.3163
9682.26,100.76,9.3163
9683.26,104.26,9.3164
9684.26,103.98,9.3163
9685.26,207.45,1.8369
9686.27,331.42,2.1422
9687.27,310.26,2.4614
9688.27,308.71,2.782
9689.27,271.33,3.1989
9690.27,143.72,3.6019
9691.27,335.94,3.7731
9692.27,355.93,4.1249
9693.27,327.82,4.4679
9694.28,316.67,4.8328
9695.28,311.46,5.1602
9696.28,304.62,5.418
9697.28,311.85,5.6959
9698.28,301.26,6.0004
9699.28,303.19,6.1989
9700.28,303.61,6.4255
9701.29,301.42,6.6674
9702.29,328.47,7.3696
9703.29,305.78,7.3925
9704.29,301.56,7.3936
9705.29,301.56,7.3938
9706.29,301.03,7.3944
9707.29,247.89,7.3955
9708.29,211.23,7.3964
9709.3,175.17,7.3964
9710.3,206.68,7.4066
9711.3,156.74,7.4968
9712.3,178.28,7.4968
9713.3,202.62,7.4968
9714.3,129.08,7.4969
9715.3,148.27,7.4969
9716.31,234.35,8.165
9717.31,126.91,8.165
9718.31,111.48,8.165
9719.31,109.68,8.165
9720.31,156.97,8.165
9721.31,193.09,8.1651
9722.31,175.85,8.1651
9723.32,102.79,8.1651
9724.32,102.71,8.1651
9725.32,164.1,8.1651
9726.32,124.28,8.1651
9727.32,102.45,8.1652
9728.32,132.27,8.1652
9729.33,118.48,8.1652
9730.33,141.51,8.1652
9731.33,105.52,8.1652
9732.33,103.95,8.1652
9733.33,105.46,8.1652
9734.33,100.7,8.1652
9735.33,102.26,8.1652
9736.34,101.92,8.1652
9737.34,101.21,8.1652
9738.34,100.96,8.1653
9739.34,105.5,8.1653
9740.34,108.0,8.1653
9741.34,133.58,8.1653
9742.34,102.41,8.1653
9743.35,110.52,8.1652
9744.35,106.38,8.1655
9745.35,100.75,8.1653
9746.35,128.56,8.1652
9747.35,103.88,8.1652
9748.35,127.47,8.1653
9749.36,105.56,8.1653
9750.36,116.35,8.1653
9751.36,100.58,8.1653
9752.36,106.33,8.1654
9753.36,230.75,8.2533
9754.36,106.15,8.2533
9755.36,114.23,8.2533
9756.37,102.99,8.2532
9757.37,106.81,8.2532
9758.37,117.39,8.2534
9759.37,100.74,8.2534
9760.37,100.62,8.2534
9761.37,103.28,8.2534
9762.37,100.69,8.2534
9763.38,101.09,8.2534
9764.38,100.78,8.2534
9765.38,100.67,8.2533
9766.38,101.59,8.2533
9767.38,100.69,8.2533
9768.38,102.42,8.2533
9769.38,101.66,8.2533
9770.39,104.96,8.2532
9771.39,101.21,8.2532
9772.39,100.59,8.2532
9773.39,112.83,8.2533
9774.39,101.08,8.2534
9775.39,102.03,8.2533
9776.4,100.69,8.2533
9777.4,101.26,8.2533
9778.4,100.74,8.2533
9779.4,124.23,8.2533
9780.4,100.88,8.2533
9781.4,101.74,8.2532
9782.41,101.47,8.2532
9783.41,105.08,8.2532
9784.41,106.09,8.2532
9785.41,115.44,8.2532
9786.41,100.61,8.2532
9787.41,101.23,8.2532
9788.41,101.08,8.2532
9789.42,104.41,8.2532
9790.42,100.97,8.2533
9791.42,101.95,8.2532
9792.42,102.1,8.2532
9793.42,104.86,8.2532
9794.42,100.57,8.2532
9795.42,101.09,8.2532
9796.42,100.96,8.2532
9797.43,101.69,8.2532
9798.43,101.31,8.2533
9799.43,100.89,8.2533
9800.43,102.15,8.2533
9801.43,101.73,8.2533
9802.43,110.6,8.2533
9803.44,103.53,8.2533
9804.44,100.85,8.2533
9805.44,118.58,8.2532
9806.44,100.97,8.2532
9807.44,100.74,8.2532
9808.44,101.03,8.2533
9809.45,100.8,8.2533
9810.45,100.61,8.2535
9811.45,100.98,8.2535
9812.45,100.58,8.2535
9813.45,101.14,8.2535
9814.45,100.81,8.2533
9815.46,100.88,8.2533
9816.46,101.25,8.2533
9817.46,100.79,8.2533
9818.46,101.32,8.2535
9819.46,100.85,8.2532
9820.46,100.83,8.2532
9821.46,101.32,8.2533
9822.47,100.82,8.2533
9823.47,101.42,8.2535
9824.47,100.92,8.2535
9825.47,100.9,8.2533
9826.47,101.27,8.2533
9827.47,100.86,8.2533
9828.48,100.85,8.2533
9829.48,101.26,8.2533
9830.48,100.87,8.2532
9831.48,101.27,8.2534
9832.48,100.88,8.2532
9833.48,100.99,8.2532
9834.48,101.39,8.2532
9835.49,100.87,8.2532
9836.49,100.9,8.2532
9837.49,101.3,8.2532
9838.49,100.59,8.2534
9839.49,101.56,8.2534
9840.49,100.68,8.2534
9841.49,100.97,8.2535
9842.5,101.3,8.2535
9843.5,100.88,8.2535
9844.5,100.81,8.2534
9845.5,101.05,8.2533
9846.5,100.72,8.2532
9847.5,100.81,8.2533
9848.5,101.52,8.2534
9849.51,100.82,8.2533
9850.51,101.21,8.2532
9851.51,100.73,8.2532
9852.51,100.69,8.2533
9853.51,101.49,8.2534
9854.51,100.86,8.2533
9855.51,101.68,8.2533
9856.52,105.48,8.2533
9857.52,100.67,8.2533
9858.52,100.78,8.2533
9859.52,101.2,8.2533
9860.52,100.82,8.2533
9861.52,101.55,8.2534
9862.53,100.64,8.2534
9863.53,101.74,8.2534
9864.53,102.67,8.2534
9865.53,101.15,8.2533
9866.53,100.93,8.2533
9867.53,101.22,8.2533
9868.53,100.86,8.2534
9869.53,103.06,8.2533
9870.54,101.59,8.2533
9871.54,100.86,8.2533
9872.54,100.81,8.2533
9873.54,281.75,8.4564
9874.54,100.61,8.4564
9875.54,100.54,8.4563
9876.54,131.37,8.4563
9877.55,100.81,8.4563
9878.55,100.59,8.4563
9879.55,101.47,8.4563
9880.55,100.6,8.4563
9881.55,101.17,8.4563
9882.55,100.97,8.4563
9883.55,100.99,8.4563
9884.56,101.25,8.4563
9885.56,100.66,8.4563
9886.56,122.43,8.4563
9887.56,100.96,8.4563
9888.56,100.87,8.4563
9889.56,100.68,8.4563
9890.57,101.19,8.4564
9891.57,100.76,8.4564
9892.57,101.23,8.4564
9893.57,100.69,8.4564
9894.57,103.98,8.4565
9895.57,101.7,8.4565
9896.57,100.54,8.4565
9897.58,103.55,8.4565
9898.58,102.14,8.4564
9899.58,151.92,8.4564
9900.58,164.6,8.4564
9901.58,100.81,8.4564
9902.58,101.56,8.4564
9903.59,101.03,8.4565
9904.59,122.69,8.4564
9905.59,100.8,8.4563
9906.59,100.79,8.4563
9907.59,101.19,8.4563
9908.59,101.08,8.4563
9909.6,102.61,8.4563
9910.6,100.69,8.4563
9911.6,100.74,8.4563
9912.6,101.17,8.4563
9913.6,100.87,8.4564
9914.6,102.84,8.4566
9915.61,100.92,8.4565
9916.61,100.54,8.4565
9917.61,104.19,8.4565
9918.61,101.27,8.4566
9919.61,104.48,8.4565
9920.61,101.13,8.4564
9921.61,100.75,8.4564
9922.62,101.23,8.4564
9923.62,102.4,8.4565
9924.62,100.75,8.4564
9925.62,101.07,8.4564
9926.62,100.77,8.4566
9927.62,100.73,8.4566
9928.62,101.11,8.4566
9929.63,100.82,8.4566
9930.63,100.76,8.4565
9931.63,101.08,8.4565
9932.63,100.76,8.4565
9933.63,101.29,8.4564
9934.63,100.82,8.4566
9935.64,100.88,8.4565
9936.64,101.21,8.4565
9937.64,100.78,8.4565
9938.64,101.23,8.4564
9939.64,100.83,8.4564
9940.64,100.87,8.4564
9941.64,101.3,8.4565
9942.65,100.87,8.4565
9943.65,101.39,8.4565
9944.65,100.86,8.4565
9945.65,100.84,8.4565
9946.65,101.24,8.4565
9947.65,101.38,8.4564
9948.66,101.69,8.4565
9949.66,100.73,8.4566
9950.66,101.32,8.4565
9951.66,101.24,8.4565
9952.66,102.77,8.4565
9953.66,101.83,8.4565
9954.67,100.85,8.4565
9955.67,100.84,8.4565
9956.67,101.31,8.4566
9957.67,100.83,8.4566
9958.67,103.78,8.4566
9959.67,101.34,8.4566
9960.67,100.86,8.4566
9961.68,100.82,8.4566
9962.68,101.31,8.4566
9963.68,100.92,8.4566
9964.68,130.96,8.4566
9965.68,102.07,8.4566
9966.68,100.79,8.4566
9967.68,100.77,8.4566
9968.68,102.66,8.4566
9969.69,121.39,8.4566
9970.69,100.85,8.4566
9971.69,101.24,8.4566
9972.69,100.96,8.4566
9973.69,100.9,8.4565
9974.69,101.25,8.4564
9975.69,100.81,8.4564
9976.7,100.83,8.4564
9977.7,101.31,8.4564
9978.7,113.99,8.4565
9979.7,100.59,8.4565
9980.7,100.99,8.4565
9981.7,100.55,8.4567
9982.7,101.16,8.4565
9983.71,100.93,8.4565
9984.71,100.95,8.4565
9985.71,105.25,8.4567
9986.71,101.32,8.4567
9987.71,102.34,8.4567
9988.71,100.94,8.4567
9989.71,101.03,8.4567
9990.72,101.97,8.4567
9991.72,102.23,8.4567
9992.72,100.86,8.4567
9993.72,101.38,8.4567
9994.72,147.07,8.4567
9995.72,100.77,8.4567
9996.72,140.28,8.4567
9997.73,158.22,8.4567
9998.73,100.86,8.4567
9999.73,111.22,8.4567
10000.73,100.91,8.4567
10001.73,101.23,8.4567
10002.73,130.7,8.4567
10003.74,101.35,8.4567
10004.74,101.26,8.4567
10005.74,111.99,8.4566
10006.74,100.72,8.4566
10007.74,101.26,8.4566
10008.74,100.89,8.4566
10009.74,101.14,8.4566
10010.75,109.74,8.4566
10011.75,100.79,8.4566
10012.75,101.5,8.4566
10013.75,101.39,8.4567
10014.75,100.85,8.4567
10015.75,101.24,8.4567
10016.75,100.84,8.4567
10017.76,101.28,8.4567
10018.76,100.89,8.4567
10019.76,100.86,8.4567
10020.76,101.24,8.4567
10021.76,100.84,8.4567
10022.76,101.23,8.4567
10023.77,100.97,8.4566
10024.77,100.82,8.4566
10025.77,101.2,8.4566
10026.77,101.03,8.4566
10027.77,101.21,8.4566
10028.77,100.88,8.4566
10029.78,100.85,8.4567
10030.78,101.29,8.4567
10031.78,100.87,8.4567
10032.78,101.26,8.4567
10033.78,100.97,8.4566
10034.78,100.86,8.4566
10035.78,342.25,8.7394
10036.79,125.71,8.7463
10037.79,100.52,8.7463
10038.79,100.99,8.7463
10039.79,101.13,8.7463
10040.79,100.82,8.7463
10041.79,101.14,8.7463
10042.79,100.64,8.7463
10043.8,102.45,8.7464
10044.8,100.78,8.7464
10045.8,100.51,8.7463
10046.8,101.18,8.7463
10047.8,100.83,8.7463
10048.8,101.17,8.7463
10049.81,100.51,8.7463
10050.81,100.5,8.7463
10051.81,100.92,8.7464
10052.81,100.48,8.7463
10053.81,101.03,8.7464
10054.81,100.44,8.7464
10055.81,100.47,8.7464
10056.82,101.22,8.7464
10057.82,100.68,8.7464
10058.82,101.01,8.7465
10059.82,103.84,8.7465
10060.82,100.51,8.7465
10061.82,101.22,8.7465
10062.83,100.9,8.7464
10063.83,101.26,8.7464
10064.83,100.82,8.7464
10065.83,100.82,8.7464
10066.83,100.95,8.7464
10067.83,100.66,8.7464
10068.84,101.0,8.7463
10069.84,100.6,8.7463
10070.84,100.84,8.7463
10071.84,101.18,8.7463
10072.84,100.9,8.7463
10073.84,101.25,8.7464
10074.85,100.82,8.7464
10075.85,100.81,8.7464
10076.85,101.03,8.7464
10077.85,100.58,8.7466
10078.85,100.99,8.7466
10079.85,100.69,8.7466
10080.86,100.81,8.7466
10081.86,101.14,8.7466
10082.86,100.9,8.7466
10083.86,101.29,8.7464
10084.86,100.8,8.7463
10085.86,100.65,8.7463
10086.86,100.9,8.7463
10087.87,100.62,8.7463
10088.87,100.63,8.7463
10089.87,101.15,8.7463
10090.87,101.28,8.7463
10091.87,106.95,8.7463
10092.87,101.16,8.7463
10093.88,101.19,8.7464
10094.88,100.86,8.7463
10095.88,100.75,8.7463
10096.88,101.12,8.7463
10097.88,100.82,8.7463
10098.88,101.29,8.7463
10099.89,100.83,8.7463
10100.89,100.81,8.7463
10101.89,101.34,8.7463
10102.89,100.9,8.7463
10103.89,100.82,8.7463
10104.89,101.29,8.7463
10105.89,103.73,8.7463
10106.9,100.72,8.7465
10107.9,101.32,8.7466
10108.9,100.87,8.7465
10109.9,101.22,8.7465
10110.9,100.85,8.7465
10111.9,100.82,8.7465
10112.9,101.33,8.7465
10113.91,101.33,8.7465
10114.91,101.19,8.7465
10115.91,100.75,8.7466
10116.91,100.78,8.7466
10117.91,101.66,8.7466
10118.91,100.85,8.7465
10119.92,100.87,8.7465
10120.92,101.29,8.7465
10121.92,100.85,8.7465
10122.92,101.36,8.7466
10123.92,100.9,8.7466
10124.92,100.87,8.7465
10125.93,101.27,8.7465
10126.93,100.85,8.7465
10127.93,101.25,8.7465
10128.93,100.89,8.7465
10129.93,100.84,8.7465
10130.93,101.22,8.7465
10131.93,100.81,8.7466
10132.94,101.23,8.7466
10133.94,100.51,8.7466
10134.94,100.52,8.7465
10135.94,101.21,8.7465
10136.94,100.81,8.7465
10137.94,101.29,8.7465
10138.95,102.25,8.7465
10139.95,100.7,8.7465
10140.95,101.02,8.7464
10141.95,100.78,8.7465
10142.95,101.26,8.7466
10143.95,100.76,8.7465
10144.96,100.62,8.7464
10145.96,100.92,8.7464
10146.96,100.59,8.7465
10147.96,101.19,8.7465
10148.96,100.67,8.7466
10149.96,100.69,8.7465
10150.96,101.19,8.7465
10151.97,100.5,8.7465
10152.97,100.61,8.7466
10153.97,101.02,8.7465
10154.97,100.72,8.7465
10155.97,101.16,8.7465
10156.97,100.77,8.7465
10157.98,100.82,8.7465
10158.98,101.17,8.7465
10159.98,100.56,8.7465
10160.98,100.95,8.7465
10161.98,100.55,8.7465
10162.98,100.62,8.7465
10163.99,101.18,8.7466
10164.99,100.68,8.7466
10165.99,100.94,8.7465
10166.99,100.57,8.7465
10167.99,100.81,8.7466
10168.99,119.71,8.7469
10169.99,100.75,8.7469
10171.0,102.72,8.7467
10172.0,100.87,8.7467
10173.0,101.35,8.7469
10174.0,100.84,8.7469
10175.0,104.59,8.7467
10176.0,103.45,8.7467
10177.01,104.12,8.7467
10178.01,113.66,8.7468
10179.01,109.49,8.7468
10180.01,100.85,8.7468
10181.01,101.3,8.7468
10182.01,100.85,8.7468
10183.02,101.03,8.7469
10184.02,101.28,8.7469
10185.02,100.77,8.7468
10186.02,101.37,8.7468
10187.02,100.83,8.7468
10188.02,102.54,8.7468
10189.02,101.37,8.7468
10190.03,100.82,8.7468
10191.03,100.73,8.7468
10192.03,101.03,8.7468
10193.03,100.65,8.7468
10194.03,100.98,8.7469
10195.03,131.5,8.7469
10196.04,100.86,8.7467
10197.04,100.84,8.7467
10198.04,100.45,8.7468
10199.04,100.91,8.7469
10200.04,100.63,8.7469
10201.04,100.67,8.7468
10202.04,117.37,8.7468
10203.05,100.65,8.7468
10204.05,101.32,8.7468
10205.05,100.86,8.7468
10206.05,102.9,8.7469
10207.05,100.93,8.7469
10208.05,100.79,8.7468
10209.06,101.3,8.7468
10210.06,100.82,8.7468
10211.06,100.85,8.7468
10212.06,101.17,8.7469
10213.06,100.84,8.7469
10214.06,101.21,8.7469
10215.07,100.75,8.7469
10216.07,100.73,8.7468
10217.07,135.43,8.7469
10218.07,117.85,8.7469
10219.07,100.81,8.7469
10220.07,102.36,8.7468
10221.07,100.55,8.7468
10222.08,100.51,8.7468
10223.08,101.22,8.7468
10224.08,100.86,8.7469
10225.08,100.79,8.7469
10226.08,101.18,8.7469
10227.08,100.77,8.7469
10228.08,100.8,8.7469
10229.09,101.54,8.7469
10230.09,100.7,8.7469
10231.09,101.08,8.7468
10232.09,100.67,8.7468
10233.09,100.76,8.7468
10234.09,101.13,8.7468
10235.09,100.73,8.7467
10236.1,101.15,8.7467
10237.1,100.74,8.7467
10238.1,100.85,8.7468
10239.1,100.82,8.7468
10240.1,101.14,8.7468
10241.1,100.79,8.7468
10242.1,101.17,8.747
10243.11,100.83,8.747
10244.11,100.82,8.747
10245.11,101.18,8.7468
10246.11,100.72,8.7468
10247.11,100.55,8.7468
10248.11,101.16,8.7468
10249.11,100.86,8.747
10250.12,101.17,8.747
10251.12,100.69,8.7468
10252.12,105.73,8.7471
10253.12,101.18,8.747
10254.12,100.67,8.7471
10255.12,100.69,8.7471
10256.12,101.01,8.7471
10257.12,100.63,8.747
10258.13,100.7,8.747
10259.13,100.81,8.7469
10260.13,101.13,8.7468
10261.13,100.76,8.7468
10262.13,101.22,8.7468
10263.13,100.89,8.747
10264.14,100.85,8.7469
10265.14,101.23,8.7469
10266.14,100.83,8.7469
10267.14,101.19,8.7469
10268.14,100.83,8.7469
10269.14,100.85,8.747
10270.14,101.14,8.747
10271.15,100.58,8.747
10272.15,100.97,8.7469
10273.15,100.64,8.7469
10274.15,100.61,8.747
10275.15,100.91,8.747
10276.15,100.51,8.7469
10277.16,100.57,8.7469
10278.16,102.35,8.7469
10279.16,100.74,8.747
10280.16,101.15,8.747
10281.16,100.78,8.747
10282.16,100.81,8.747
10283.16,101.26,8.7468
10284.17,114.19,8.7468
10285.17,101.24,8.7468
10286.17,111.9,8.7469
10287.17,100.8,8.7469
10288.17,101.25,8.7469
10289.17,100.87,8.747
10290.18,101.23,8.747
10291.18,100.75,8.747
10292.18,100.82,8.747
10293.18,119.11,8.747
10294.18,100.87,8.747
10295.18,100.82,8.7469
10296.18,101.24,8.7469
10297.19,100.83,8.7468
10298.19,100.85,8.7468
10299.19,101.28,8.7469
10300.19,100.74,8.7469
10301.19,101.31,8.7468
10302.19,100.74,8.7468
10303.2,101.36,8.7468
10304.2,100.86,8.7469
10305.2,100.89,8.7469
10306.2,101.73,8.7469
10307.2,100.83,8.747
10308.2,100.82,8.7469
10309.2,101.33,8.7469
10310.21,100.81,8.7469
10311.21,100.85,8.7469
10312.21,101.21,8.7469
10313.21,100.87,8.747
10314.21,101.3,8.747
10315.21,100.83,8.747
10316.21,100.8,8.747
10317.22,102.11,8.747
10318.22,100.71,8.747
10319.22,100.79,8.7469
10320.22,101.22,8.7469
10321.22,100.79,8.7468
10322.22,100.8,8.7469
10323.22,101.26,8.7468
10324.23,100.85,8.7468
10325.23,101.25,8.7468
10326.23,102.96,8.7468
10327.23,116.66,8.7468
10328.23,104.15,8.7469
10329.23,105.33,8.747
10330.24,100.75,8.7469
10331.24,101.15,8.7469
10332.24,100.73,8.7468
10333.24,100.93,8.7469
10334.24,101.15,8.7469
10335.24,100.74,8.7469
10336.24,100.68,8.7471
10337.24,101.15,8.7471
10338.25,100.89,8.7471
10339.25,100.79,8.7471
10340.25,101.12,8.7471
10341.25,100.72,8.7471
10342.25,101.09,8.7471
10343.25,100.95,8.7469
10344.25,100.84,8.7471
10345.26,101.25,8.7469
10346.26,100.84,8.7469
10347.26,100.74,8.7469
10348.26,101.08,8.7469
10349.26,100.76,8.7469
10350.26,100.62,8.7469
10351.27,100.93,8.7469
10352.27,100.52,8.7469
10353.27,101.07,8.7469
10354.27,100.58,8.7471
10355.27,100.66,8.7471
10356.27,101.2,8.7471
10357.27,100.76,8.7471
10358.28,100.87,8.7471
10359.28,101.28,8.7471
10360.28,100.89,8.7469
10361.28,100.69,8.7469
10362.28,101.09,8.7469
10363.28,100.89,8.7469
10364.28,101.2,8.7469
10365.29,100.81,8.7469
10366.29,110.04,8.7469
10367.29,100.79,8.7469
10368.29,100.82,8.7469
10369.29,101.25,8.7471
10370.29,100.78,8.7469
10371.3,101.18,8.7469
10372.3,100.79,8.7469
10373.3,101.15,8.7469
10374.3,101.22,8.7471
10375.3,347.12,8.8987
10376.3,100.6,8.8987
10377.3,101.23,8.8987
10378.31,100.88,8.8987
10379.31,101.21,8.8987
10380.31,100.81,8.8987
10381.31,100.58,8.8987
10382.31,101.13,8.8987
10383.31,101.16,8.8987
10384.31,100.71,8.8987
10385.32,101.15,8.8987
10386.32,100.76,8.8987
10387.32,101.1,8.8986
10388.32,100.92,8.8986
10389.32,101.31,8.8985
10390.33,101.19,8.8985
10391.33,100.76,8.8985
10392.33,101.12,8.8985
10393.33,100.87,8.8986
10394.33,100.44,8.8986
10395.33,101.0,8.8986
10396.33,100.48,8.8986
10397.34,100.5,8.8985
10398.34,101.18,8.8988
10399.34,100.84,8.8988
10400.34,101.48,8.8988
10401.34,101.15,8.8988
10402.34,100.78,8.8988
10403.34,101.33,8.8988
10404.35,100.78,8.8988
10405.35,100.78,8.8988
10406.35,101.17,8.8988
10407.35,100.75,8.8987
10408.35,101.24,8.8987
10409.35,100.97,8.8987
10410.36,100.79,8.8987
10411.36,101.3,8.8987
10412.36,100.76,8.8986
10413.36,101.29,8.8986
10414.36,100.8,8.8987
10415.36,100.82,8.8987
10416.36,101.3,8.8986
10417.37,100.7,8.8987
10418.37,100.85,8.8986
10419.37,101.22,8.8986
10420.37,100.84,8.8986
10421.37,101.23,8.8986
10422.37,100.8,8.8986
10423.38,100.85,8.8986
10424.38,101.13,8.8987
10425.38,100.8,8.8987
10426.38,101.12,8.8987
10427.38,100.74,8.8986
10428.38,100.74,8.8986
10429.38,101.52,8.8986
10430.39,102.7,8.8987
10431.39,100.94,8.8988
10432.39,101.15,8.8986
10433.39,100.89,8.8986
10434.39,100.63,8.8986
10435.39,101.08,8.8986
10436.39,100.79,8.8987
10437.4,100.91,8.8986
10438.4,100.57,8.8987
10439.4,100.61,8.8986
10440.4,101.17,8.8986
10441.4,100.71,8.8986
10442.4,100.66,8.8987
10443.4,101.24,8.8986
10444.41,100.79,8.8986
10445.41,101.26,8.8986
10446.41,100.84,8.8988
10447.41,100.81,8.8986
10448.41,101.26,8.8986
10449.41,100.84,8.8987
10450.41,100.85,8.8987
10451.42,101.29,8.8987
10452.42,100.87,8.8986
10453.42,100.91,8.8987
10454.42,100.82,8.8987
10455.42,101.17,8.8987
10456.42,100.62,8.8986
10457.42,100.63,8.8986
10458.42,101.26,8.8987
10459.43,101.09,8.8988
10460.43,101.2,8.8988
10461.43,100.73,8.8987
10462.43,100.91,8.8988
10463.43,100.84,8.8988
10464.44,101.11,8.8987
10465.44,100.84,8.8987
10466.44,100.82,8.8987
10467.44,101.31,8.8987
10468.44,100.86,8.8987
10469.44,100.82,8.8987
10470.44,101.14,8.8987
10471.45,100.71,8.8987
10472.45,101.04,8.8987
10473.45,100.91,8.8987
10474.45,101.23,8.8987
10475.45,100.79,8.8987
10476.46,100.68,8.8986
10477.46,101.3,8.8986
10478.46,100.88,8.8988
10479.46,100.79,8.8987
10480.46,101.15,8.8986
10481.46,100.83,8.8986
10482.46,101.11,8.8986
10483.47,100.93,8.8987
10484.47,101.15,8.8987
10485.47,100.81,8.8986
10486.47,100.79,8.8986
10487.47,101.21,8.8986
10488.47,100.82,8.8987
10489.48,101.09,8.8986
10490.48,100.68,8.8986
10491.48,100.61,8.8986
10492.48,100.95,8.8986
10493.48,100.79,8.8986
10494.48,101.2,8.8986
10495.49,100.81,8.8986
10496.49,100.79,8.8986
10497.49,101.09,8.8987
10498.49,100.84,8.8986
10499.49,101.24,8.8986
10500.49,100.83,8.8986
10501.5,100.71,8.8986
10502.5,101.19,8.8986
10503.5,100.87,8.8987
10504.5,101.2,8.8988
10505.5,100.61,8.8988
10506.5,100.59,8.8988
10507.5,100.99,8.8988
10508.51,100.66,8.8988
10509.51,101.06,8.8986
10510.51,100.72,8.8986
10511.51,100.75,8.8986
10512.51,100.91,8.8988
10513.51,100.89,8.8988
10514.52,101.2,8.8988
10515.52,100.77,8.8986
10516.52,100.82,8.8986
10517.52,101.28,8.8986
10518.52,100.87,8.8988
10519.52,100.67,8.8988
10520.52,100.99,8.8988
10521.53,100.8,8.8986
10522.53,100.83,8.8988
10523.53,101.24,8.8988
10524.53,101.88,8.8988
10525.53,100.77,8.8988
10526.53,101.12,8.8989
10527.54,100.53,8.8988
10528.54,101.06,8.8987
10529.54,100.63,8.8987
10530.54,101.1,8.8987
10531.54,100.8,8.8988
10532.54,100.73,8.8988
10533.54,100.76,8.8988
10534.54,100.95,8.8987
10535.55,100.74,8.8987
10536.55,101.03,8.8987
10537.55,100.7,8.8987
10538.55,101.11,8.8988
10539.55,103.49,8.8988
10540.55,100.79,8.8987
10541.56,101.17,8.8987
10542.56,100.71,8.8987
10543.56,101.61,8.8988
10544.56,100.68,8.8988
10545.56,100.83,8.8988
10546.56,100.62,8.8988
10547.57,100.91,8.8987
10548.57,100.72,8.8988
10549.57,101.12,8.8988
10550.57,100.7,8.8988
10551.57,100.99,8.8988
10552.57,100.63,8.8987
10553.58,100.91,8.8987
10554.58,101.16,8.8987
10555.58,101.01,8.8988
10556.58,100.83,8.8988
10557.58,101.07,8.8988
10558.58,100.87,8.8988
10559.58,101.16,8.8987
10560.59,106.19,8.8987
10561.59,184.64,8.8987
10562.59,101.01,8.8987
10563.59,100.74,8.8987
10564.59,101.06,8.8987
10565.59,100.73,8.8988
10566.59,100.69,8.8988
10567.6,100.97,8.8988
10568.6,100.58,8.8988
10569.6,100.62,8.8988
10570.6,101.02,8.8988
10571.6,100.63,8.8988
10572.6,101.12,8.8987
10573.61,100.79,8.8988
10574.61,100.64,8.8987
10575.61,101.02,8.8987
10576.61,100.61,8.8987
10577.61,101.16,8.8987
10578.61,100.75,8.8988
10579.61,100.58,8.8988
10580.62,101.07,8.8988
10581.62,100.57,8.8988
10582.62,100.63,8.8988
10583.62,101.13,8.8988
10584.62,100.73,8.8988
10585.62,100.79,8.8987
10586.62,101.19,8.8987
10587.63,100.84,8.8987
10588.63,100.89,8.8988
10589.63,101.16,8.8987
10590.63,100.8,8.8987
10591.63,101.19,8.8987
10592.63,100.91,8.8988
10593.63,100.85,8.8988
10594.64,100.99,8.8988
10595.64,100.74,8.8987
10596.64,100.75,8.8987
10597.64,101.02,8.8987
10598.64,100.78,8.8988
10599.64,101.17,8.8988
10600.65,100.8,8.8988
10601.65,100.83,8.8987
10602.65,101.2,8.8987
10603.65,100.94,8.8988
10604.65,101.22,8.8988
10605.65,100.86,8.8988
10606.66,100.81,8.8988
10607.66,101.18,8.8988
10608.66,100.84,8.8988
10609.66,101.21,8.8988
10610.66,100.77,8.8988
10611.66,100.69,8.8988
10612.66,100.97,8.8988
10613.67,100.65,8.8988
10614.67,100.95,8.8988
10615.67,100.74,8.8988
10616.67,100.83,8.8988
10617.67,101.23,8.8988
10618.67,100.89,8.8988
10619.68,100.83,8.8988
10620.68,101.21,8.8988
10621.68,100.86,8.8989
10622.68,101.2,8.8988
10623.68,100.82,8.8988
10624.68,100.86,8.899
10625.68,101.21,8.899
10626.69,100.76,8.899
10627.69,100.64,8.8988
10628.69,101.28,8.899
10629.69,100.77,8.899
10630.69,100.92,8.899
10631.69,101.2,8.899
10632.69,100.82,8.899
10633.7,101.29,8.899
10634.7,100.67,8.899
10635.7,100.67,8.899
10636.7,100.94,8.899
10637.7,100.54,8.8988
10638.7,100.62,8.899
10639.7,101.02,8.8988
10640.71,100.74,8.8988
10641.71,100.69,8.8988
10642.71,101.19,8.8988
10643.71,100.94,8.899
10644.71,101.23,8.8988
10645.71,101.05,8.8988
10646.71,100.68,8.8987
10647.72,101.11,8.8987
10648.72,100.88,8.8989
10649.72,100.82,8.8987
10650.72,101.23,8.8987
10651.72,100.68,8.8987
10652.72,100.94,8.8989
10653.73,100.66,8.8989
10654.73,100.53,8.8989
10655.73,100.93,8.8989
10656.73,100.52,8.8987
10657.73,100.91,8.8987
10658.73,100.65,8.8988
10659.73,100.8,8.8988
10660.74,100.89,8.8987
10661.74,101.17,8.8989
10662.74,100.69,8.8989
10663.74,101.32,8.8989
10664.74,100.92,8.8989
10665.74,100.86,8.8989
10666.74,100.82,8.8989
10667.74,101.22,8.8988
10668.75,100.89,8.8988
10669.75,101.26,8.8988
10670.75,100.84,8.8988
10671.75,100.78,8.8988
10672.75,101.14,8.8989
10673.75,100.84,8.8989
10674.75,100.69,8.8989
10675.76,101.13,8.8988
10676.76,100.76,8.8989
10677.76,100.69,8.8989
10678.76,101.14,8.8989
10679.76,100.78,8.8989
10680.76,100.54,8.8989
10681.76,100.98,8.8989
10682.77,100.52,8.8989
10683.77,100.65,8.8989
10684.77,101.03,8.8988
10685.77,100.61,8.8988
10686.77,100.66,8.8988
10687.77,100.98,8.8989
10688.77,100.79,8.8988
10689.78,101.13,8.8988
10690.78,100.83,8.8988
10691.78,100.86,8.8989
10692.78,101.19,8.8988
10693.78,100.97,8.8988
10694.78,100.79,8.8988
10695.78,100.96,8.8988
10696.79,100.53,8.8988
10697.79,101.13,8.8988
10698.79,100.7,8.8989
10699.79,100.86,8.8988
10700.79,101.3,8.8988
10701.79,100.82,8.8989
10702.79,100.79,8.8989
10703.8,101.3,8.8988
10704.8,100.8,8.8988
10705.8,101.25,8.8988
10706.8,100.79,8.8988
10707.8,100.81,8.8988
10708.8,101.08,8.8988
10709.81,100.58,8.8989
10710.81,100.73,8.8988
10711.81,101.26,8.8988
10712.81,100.73,8.8988
10713.81,101.24,8.8989
10714.81,100.81,8.8989
10715.82,100.68,8.8988
10716.82,101.05,8.8988
10717.82,100.73,8.8989
10718.82,101.22,8.8989
10719.82,100.81,8.8989
10720.82,107.36,8.8989
10721.82,101.11,8.8989
10722.83,100.84,8.8989
10723.83,101.29,8.8989
10724.83,100.77,8.8989
10725.83,100.84,8.8989
10726.83,101.18,8.8989
10727.83,100.79,8.8989
10728.83,100.93,8.8989
10729.84,101.28,8.8989
10730.84,100.79,8.8988
10731.84,100.8,8.8989
10732.84,101.35,8.8989
10733.84,100.88,8.8989
10734.84,100.83,8.8989
10735.84,101.16,8.8989
10736.85,100.68,8.8989
10737.85,101.01,8.8989
10738.85,100.81,8.8989
10739.85,100.72,8.8988
10740.85,101.33,8.8988
10741.85,100.6,8.8988
10742.86,101.0,8.8989
10743.86,100.57,8.8989
10744.86,100.78,8.8989
10745.86,101.27,8.8988
10746.86,100.81,8.8988
10747.86,100.65,8.8988
10748.86,100.95,8.8988
10749.87,100.79,8.8988
10750.87,100.86,8.8988
10751.87,101.26,8.8989
10752.87,100.79,8.8988
10753.87,101.04,8.8988
10754.87,100.51,8.8988
10755.88,100.96,8.8988
10756.88,100.7,8.8988
10757.88,100.51,8.8988
10758.88,100.99,8.8989
10759.88,100.81,8.8988
10760.88,100.82,8.8988
10761.88,101.31,8.8988
10762.89,100.71,8.8989
10763.89,101.26,8.8989
10764.89,100.81,8.8989
10765.89,101.06,8.8988
10766.89,100.58,8.8988
10767.9,100.66,8.899
10768.9,101.19,8.899
10769.9,100.75,8.899
10770.9,101.18,8.899
10771.9,100.53,8.8988
10772.9,100.74,8.8988
10773.9,101.19,8.899
10774.91,100.77,8.899
10775.91,100.69,8.899
10776.91,104.6,8.8988
10777.91,101.15,8.899
10778.91,105.11,8.899
10779.91,100.77,8.8988
10780.91,100.59,8.8988
10781.92,100.91,8.8988
10782.92,137.72,8.985
10783.92,347.29,9.3182
10784.92,100.73,9.3182
10785.92,100.83,9.3182
10786.92,101.23,9.3182
10787.93,100.75,9.3182
10788.93,101.32,9.3182
10789.93,100.86,9.3182
10790.93,104.54,9.3182
10791.93,121.02,9.3182
10792.94,100.79,9.3182
10793.94,100.86,9.3182
10794.94,101.21,9.3182
10795.94,100.88,9.3182
10796.94,100.78,9.3183
10797.94,101.22,9.3181
10798.95,100.85,9.3183
10799.95,100.82,9.3183
10800.95,101.22,9.3183
10801.95,100.82,9.3183
10802.95,100.92,9.3183
10803.95,101.28,9.3183
10804.95,100.75,9.3183
10805.96,101.11,9.3183
10806.96,100.69,9.3183
10807.96,100.77,9.318
10808.96,101.25,9.3182
10809.96,100.77,9.3182
10810.96,101.27,9.3182
10811.97,100.84,9.3182
10812.97,100.63,9.3182
10813.97,101.07,9.3182
10814.97,100.54,9.318
10815.97,100.56,9.318
10816.97,100.98,9.318
10817.97,100.54,9.318
10818.97,100.87,9.3182
10819.98,101.64,9.3183
10820.98,100.86,9.3183
10821.98,100.54,9.3183
10822.98,100.96,9.3183
10823.98,100.62,9.3183
10824.98,100.98,9.3183
10825.99,100.54,9.3183
10826.99,100.63,9.3182
10827.99,101.22,9.3182
10828.99,100.96,9.3183
10829.99,100.8,9.3183
10830.99,101.26,9.3183
10831.99,100.82,9.3183
10833.0,100.88,9.3183
10834.0,101.26,9.3183
10835.0,100.82,9.3183
10836.0,101.2,9.3183
10837.0,100.82,9.3183
10838.0,100.83,9.3183
10839.0,101.25,9.3183
10840.01,100.83,9.3183
10841.01,100.93,9.3183
10842.01,101.23,9.3183
10843.01,100.89,9.3183
10844.01,101.07,9.3183
10845.01,100.65,9.3183
10846.02,100.87,9.3183
10847.02,101.35,9.3183
10848.02,100.85,9.3183
10849.02,100.87,9.3183
10850.02,101.23,9.3181
10851.02,100.82,9.3181
10852.02,100.83,9.3181
10853.03,101.33,9.3182
10854.03,100.87,9.3182
10855.03,101.83,9.3182
10856.03,100.5,9.3183
10857.03,100.56,9.3183
10858.03,101.06,9.3183
10859.03,100.71,9.3183
10860.04,100.79,9.3183
10861.04,101.2,9.3183
10862.04,100.82,9.3183
10863.04,101.83,9.3183
10864.04,101.26,9.3183
10865.04,100.82,9.3183
10866.04,100.78,9.3183
10867.04,101.18,9.3183
10868.05,100.83,9.3183
10869.05,100.88,9.3183
10870.05,101.25,9.3183
10871.05,100.86,9.3183
10872.05,101.26,9.3183
10873.05,100.85,9.3183
10874.06,100.88,9.3183
10875.06,101.25,9.3183
10876.06,100.8,9.3182
10877.06,101.18,9.3182
10878.06,100.87,9.3183
10879.06,100.87,9.3183
10880.06,101.22,9.3182
10881.07,100.84,9.3182
10882.07,101.29,9.3182
10883.07,103.38,9.3182
10884.07,100.85,9.3182
10885.07,167.9,5.5404
10886.07,339.25,2.0636
10887.07,310.29,2.4842
10888.08,312.26,2.9505
10889.08,175.52,3.3496
10890.08,330.66,3.4943
10891.08,351.48,3.7646
10892.08,339.63,4.0449
10893.08,310.19,4.3088
10894.08,307.85,4.5728
10895.09,307.74,4.8882
10896.09,306.77,5.1386
10897.09,307.25,5.4456
10898.09,303.0,5.6932
10899.09,300.78,5.907
10900.09,301.19,6.1542
10901.09,305.67,6.4243
10902.09,303.21,6.627
10903.1,326.81,7.2672
10904.1,304.14,7.3197
10905.1,300.58,7.3197
10906.1,301.81,7.3197
10907.1,307.21,7.3197
10908.1,308.89,7.3197
10909.1,266.66,7.42
10910.11,241.6,7.4201
10911.11,162.82,7.4203
10912.11,127.87,7.4204
10913.11,163.02,7.4204
10914.11,107.36,7.4204
10915.11,134.73,7.4157
10916.11,102.1,7.4157
10917.12,105.63,7.4159
10918.12,219.59,7.9751
10919.12,138.42,8.0234
10920.12,116.39,8.0183
10921.12,219.74,8.0184
10922.12,174.56,8.0185
10923.13,131.81,8.0185
10924.13,114.46,8.0184
10925.13,110.04,8.0185
10926.13,103.85,8.0185
10927.13,101.31,8.0185
10928.13,101.34,8.0185
10929.13,101.37,8.0185
10930.14,102.59,8.0185
10931.14,113.55,8.0185
10932.14,101.8,8.0185
10933.14,103.16,8.0185
10934.14,101.27,8.0185
10935.14,160.77,8.0186
10936.15,142.14,8.0186
10937.15,106.47,8.0185
10938.15,101.11,8.0185
10939.15,101.21,8.0185
10940.15,100.76,8.0185
10941.15,106.21,8.0185
10942.15,119.84,8.0185
10943.16,104.94,8.0184
10944.16,105.07,8.0184
10945.16,100.89,8.0185
10946.16,106.25,8.0182
10947.16,101.12,8.0182
10948.16,100.87,8.0182
10949.16,104.31,8.0184
10950.17,108.73,8.0185
10951.17,104.19,8.0185
10952.17,101.11,8.0184
10953.17,101.35,8.0184
10954.17,100.98,8.0184
10955.17,100.73,8.0181
10956.18,101.5,8.0182
10957.18,100.86,8.0182
10958.18,101.22,8.0182
10959.18,102.23,8.0182
10960.18,100.91,8.0184
10961.18,101.12,8.0184
10962.18,101.24,8.0184
10963.19,101.33,8.0184
10964.19,103.29,8.0184
10965.19,114.78,8.0184
10966.19,100.69,8.0184
10967.19,101.25,8.0184
10968.19,101.25,8.0184
10969.19,101.34,8.0184
10970.2,101.3,8.0184
10971.2,100.95,8.0184
10972.2,141.2,8.0186
10973.2,209.91,8.1398
10974.2,104.28,8.1398
10975.2,100.81,8.1398
10976.21,101.21,8.1398
10977.21,100.79,8.1398
10978.21,101.2,8.1398
10979.21,100.69,8.1398
10980.21,100.47,8.1398
10981.21,101.03,8.1397
10982.21,100.91,8.1398
10983.22,101.37,8.1397
10984.22,100.94,8.1397
10985.22,100.83,8.1397
10986.22,101.18,8.1397
10987.22,101.72,8.1397
10988.22,100.97,8.1397
10989.23,101.12,8.1397
10990.23,100.59,8.1397
10991.23,101.43,8.1397
10992.23,100.89,8.1397
10993.23,100.85,8.1397
10994.23,101.21,8.1396
10995.23,100.68,8.1396
10996.24,101.6,8.1396
10997.24,100.83,8.1396
10998.24,100.7,8.1396
10999.24,101.11,8.1396
11000.24,100.67,8.1396
11001.24,124.82,8.1396
11002.25,100.98,8.1396
11003.25,100.67,8.1397
11004.25,100.99,8.1397
11005.25,100.68,8.1397
11006.25,102.44,8.1397
11007.25,102.42,8.1397
11008.26,100.69,8.1397
11009.26,101.18,8.1397
11010.26,100.72,8.1397
11011.26,101.14,8.1397
11012.26,100.71,8.1397
11013.26,100.71,8.1397
11014.26,101.07,8.1397
11015.27,100.65,8.1397
11016.27,101.05,8.1397
11017.27,100.64,8.1397
11018.27,100.64,8.1397
11019.27,125.73,8.14
11020.27,101.05,8.14
11021.28,106.57,8.14
11022.28,103.03,8.14
11023.28,100.79,8.1399
11024.28,101.46,8.1399
11025.28,100.81,8.1399
11026.28,100.7,8.1399
11027.28,101.11,8.1399
11028.29,100.7,8.1399
11029.29,101.53,8.1398
11030.29,101.16,8.1397
11031.29,100.71,8.1397
11032.29,100.69,8.1397
11033.29,101.22,8.1397
11034.29,100.77,8.1397
11035.29,101.98,8.1397
11036.3,101.18,8.1397
11037.3,100.63,8.1397
11038.3,100.66,8.1398
11039.3,120.39,8.1398
11040.3,101.01,8.1397
11041.3,101.05,8.1398
11042.3,100.68,8.1397
11043.3,103.37,8.1398
11044.31,112.08,8.1398
11045.31,125.19,8.1397
11046.31,102.41,8.1398
11047.31,106.86,8.1397
11048.31,101.31,8.1397
11049.31,100.89,8.1397
11050.32,100.86,8.1397
11051.32,101.32,8.1397
11052.32,105.02,8.1398
11053.32,101.12,8.1399
11054.32,100.52,8.1398
11055.32,100.84,8.1398
11056.32,101.09,8.1398
11057.33,102.26,8.1397
11058.33,130.98,8.1397
11059.33,100.63,8.1397
11060.33,117.4,8.1398
11061.33,101.9,8.1398
11062.33,100.8,8.1397
11063.34,103.59,8.1399
11064.34,101.22,8.1398
11065.34,101.73,8.1399
11066.34,101.34,8.1399
11067.34,120.28,8.1398
11068.34,100.91,8.1399
11069.34,101.7,8.1398
11070.35,101.12,8.1397
11071.35,101.21,8.1397
11072.35,100.76,8.1397
11073.35,100.72,8.1398
11074.35,101.09,8.1398
11075.35,100.83,8.1399
11076.36,100.72,8.1398
11077.36,100.97,8.1398
11078.36,100.77,8.1398
11079.36,100.8,8.1398
11080.36,101.24,8.1398
11081.36,100.51,8.1398
11082.36,100.5,8.14
11083.36,101.15,8.14
11084.37,104.18,8.14
11085.37,100.79,8.14
11086.37,100.98,8.14
11087.37,100.78,8.14
11088.37,101.31,8.14
11089.37,100.88,8.14
11090.37,100.89,8.14
11091.38,101.06,8.14
11092.38,101.47,8.1398
11093.38,101.19,8.1398
11094.38,101.25,8.1398
11095.38,102.62,8.1397
11096.38,100.72,8.1397
11097.38,276.65,8.3556
11098.39,100.93,8.3556
11099.39,101.26,8.3556
11100.39,100.88,8.3556
11101.39,100.78,8.3555
11102.39,100.97,8.3555
11103.39,119.99,8.3555
11104.4,101.16,8.3555
11105.4,100.86,8.3555
11106.4,100.82,8.3555
11107.4,101.34,8.3555
11108.4,100.93,8.3555
11109.4,101.02,8.3557
11110.4,102.26,8.3557
11111.41,100.89,8.3557
11112.41,100.82,8.3557
11113.41,101.25,8.3557
11114.41,100.97,8.3557
11115.41,101.23,8.3557
11116.41,100.74,8.3557
11117.42,100.79,8.3557
11118.42,111.18,8.3555
11119.42,100.69,8.3556
11120.42,101.19,8.3556
11121.42,100.79,8.3556
11122.42,125.73,8.3556
11123.42,163.22,8.3556
11124.43,100.84,8.3556
11125.43,101.95,8.3556
11126.43,100.85,8.3556
11127.43,100.98,8.3555
11128.43,121.72,8.3555
11129.43,100.79,8.3555
11130.44,100.98,8.3555
11131.44,101.3,8.3555
11132.44,103.05,8.3555
11133.44,101.23,8.3556
11134.44,100.74,8.3558
11135.44,100.87,8.3558
11136.44,101.22,8.3556
11137.45,100.79,8.3556
11138.45,101.23,8.3556
11139.45,110.16,8.3556
11140.45,100.7,8.3556
11141.45,100.74,8.3558
11142.45,101.22,8.3556
11143.45,100.93,8.3556
11144.46,101.23,8.3556
11145.46,100.8,8.3556
11146.46,100.71,8.3556
11147.46,101.13,8.3556
11148.46,100.76,8.3556
11149.46,100.56,8.3556
11150.46,101.13,8.3556
11151.47,100.74,8.3556
11152.47,104.54,8.3556
11153.47,100.95,8.3556
11154.47,100.99,8.3556
11155.47,101.2,8.3556
11156.47,100.88,8.3556
11157.48,100.87,8.3556
11158.48,101.19,8.3556
11159.48,100.86,8.3556
11160.48,101.2,8.3556
11161.48,100.71,8.3556
11162.48,100.82,8.3556
11163.49,101.31,8.3556
11164.49,100.75,8.3555
11165.49,101.22,8.3555
11166.49,100.84,8.3555
11167.49,100.77,8.3555
11168.49,101.28,8.3557
11169.49,100.79,8.3557
11170.5,101.24,8.3557
11171.5,101.3,8.3556
11172.5,100.84,8.3556
11173.5,101.4,8.3556
11174.5,100.85,8.3555
11175.5,101.23,8.3555
11176.51,100.86,8.3555
11177.51,100.85,8.3555
11178.51,101.62,8.3557
11179.51,100.84,8.3557
11180.51,101.23,8.3557
11181.51,101.17,8.3557
11182.52,100.67,8.3557
11183.52,101.9,8.3557
11184.52,100.82,8.3557
11185.52,101.24,8.3557
11186.52,100.88,8.3557
11187.52,100.97,8.3557
11188.52,101.3,8.3557
11189.53,100.73,8.3557
11190.53,101.65,8.3557
11191.53,101.07,8.3557
11192.53,100.86,8.3557
11193.53,101.39,8.3557
11194.53,100.83,8.3557
11195.54,100.81,8.3557
11196.54,101.31,8.3557
11197.54,100.84,8.3557
11198.54,103.93,8.3556
11199.54,101.22,8.3557
11200.54,100.86,8.3557
11201.54,101.05,8.3557
11202.55,100.51,8.3557
11203.55,100.77,8.3557
11204.55,101.22,8.3557
11205.55,117.35,8.3557
11206.55,101.22,8.3557
11207.55,100.84,8.3557
11208.55,100.92,8.3557
11209.56,101.24,8.3557
11210.56,100.79,8.3557
11211.56,100.87,8.3557
11212.56,101.22,8.3557
11213.56,100.78,8.3557
11214.56,101.19,8.3557
11215.57,100.92,8.3557
11216.57,100.83,8.3557
11217.57,101.22,8.3557
11218.57,100.9,8.3557
11219.57,100.83,8.3557
11220.57,101.3,8.3557
11221.57,100.8,8.3557
11222.58,112.82,8.356
11223.58,103.55,8.356
11224.58,100.95,8.356
11225.58,101.27,8.356
11226.58,103.89,8.356
11227.58,103.27,8.356
11228.59,132.59,8.356
11229.59,101.51,8.356
11230.59,101.25,8.356
11231.59,100.9,8.356
11232.59,101.22,8.3559
11233.59,102.47,8.356
11234.6,100.83,8.356
11235.6,101.33,8.356
11236.6,100.83,8.356
11237.6,100.82,8.356
11238.6,123.97,8.356
11239.6,100.82,8.356
11240.6,101.23,8.356
11241.61,101.24,8.356
11242.61,100.85,8.356
11243.61,101.12,8.356
11244.61,101.08,8.356
11245.61,100.76,8.356
11246.61,101.28,8.3559
11247.61,100.85,8.3559
11248.61,100.99,8.356
11249.62,100.75,8.356
11250.62,101.21,8.356
11251.62,100.86,8.3559
11252.62,101.28,8.3559
11253.62,100.95,8.356
11254.62,100.82,8.356
11255.62,101.33,8.356
11256.63,100.85,8.356
11257.63,100.88,8.356
11258.63,101.57,8.356
11259.63,103.57,8.356
11260.63,100.83,8.3559
11261.63,101.28,8.3559
11262.63,100.57,8.356
11263.64,101.32,8.356
11264.64,100.86,8.356
11265.64,100.89,8.356
11266.64,101.27,8.356
11267.64,105.45,8.3562
11268.64,101.19,8.3561
11269.65,100.81,8.3561
11270.65,100.89,8.3561
11271.65,101.24,8.3561
11272.65,100.82,8.3561
11273.65,101.35,8.3561
11274.65,100.71,8.3561
11275.65,100.82,8.3561
11276.66,102.65,8.3561
11277.66,100.81,8.3561
11278.66,101.3,8.3561
11279.66,100.78,8.356
11280.66,100.83,8.356
11281.66,101.26,8.3561
11282.67,100.86,8.3561
11283.67,101.0,8.3561
11284.67,102.64,8.3561
11285.67,100.82,8.3561
11286.67,101.24,8.3561
11287.67,100.82,8.3561
11288.68,100.88,8.356
11289.68,101.25,8.356
11290.68,100.83,8.356
11291.68,101.31,8.356
11292.68,100.79,8.356
11293.68,100.93,8.3559
11294.68,101.24,8.3559
11295.69,100.87,8.3559
11296.69,101.23,8.3559
11297.69,100.85,8.3559
11298.69,100.91,8.356
11299.69,101.26,8.356
11300.69,100.85,8.356
11301.7,101.25,8.356
11302.7,100.85,8.356
11303.7,100.96,8.356
11304.7,101.24,8.356
11305.7,101.43,8.356
11306.7,101.46,8.356
11307.71,101.79,8.356
11308.71,100.93,8.356
11309.71,101.25,8.3561
11310.71,100.83,8.3561
11311.71,100.85,8.356
11312.71,101.01,8.356
11313.71,100.69,8.356
11314.71,100.69,8.356
11315.72,308.16,8.5792
11316.72,133.85,8.6193
11317.72,100.83,8.6193
11318.72,101.33,8.6193
11319.72,100.87,8.6192
11320.72,100.91,8.6192
11321.72,101.49,8.6192
11322.73,109.18,8.6192
11323.73,100.87,8.6193
11324.73,101.24,8.6193
11325.73,100.82,8.6193
11326.73,100.78,8.6193
11327.73,101.23,8.6193
11328.73,100.84,8.6194
11329.74,101.19,8.6194
11330.74,101.63,8.6193
11331.74,100.82,8.6193
11332.74,101.18,8.6193
11333.74,100.88,8.6193
11334.74,101.31,8.6193
11335.75,100.78,8.6193
11336.75,100.82,8.6192
11337.75,101.21,8.6192
11338.75,104.15,8.6194
11339.75,101.08,8.6194
11340.75,101.46,8.6194
11341.76,100.53,8.6194
11342.76,101.07,8.6193
11343.76,100.9,8.6192
11344.76,101.2,8.6192
11345.76,100.82,8.6193
11346.76,100.76,8.6192
11347.76,101.21,8.6192
11348.77,100.88,8.6193
11349.77,101.1,8.6193
11350.77,101.24,8.6195
11351.77,101.28,8.6195
11352.77,100.81,8.6194
11353.77,100.96,8.6194
11354.78,101.23,8.6193
11355.78,100.83,8.6193
11356.78,100.81,8.6193
11357.78,101.24,8.6194
11358.78,101.2,8.6194
11359.78,101.25,8.6194
11360.79,100.86,8.6194
11361.79,100.75,8.6194
11362.79,101.2,8.6194
11363.79,101.12,8.6194
11364.79,102.79,8.6193
11365.79,100.62,8.6192
11366.8,100.82,8.6192
11367.8,101.24,8.6193
11368.8,101.18,8.6192
11369.8,100.8,8.6192
11370.8,101.21,8.6192
11371.8,100.82,8.6192
11372.8,101.23,8.6192
11373.81,100.98,8.6192
11374.81,100.83,8.6193
11375.81,101.23,8.6193
11376.81,100.85,8.6193
11377.81,101.25,8.6193
11378.81,100.92,8.6192
11379.82,100.72,8.6192
11380.82,101.53,8.6193
11381.82,100.83,8.6193
11382.82,101.2,8.6193
11383.82,100.95,8.6192
11384.82,100.81,8.6192
11385.82,101.22,8.6192
11386.83,100.83,8.6192
11387.83,101.25,8.6192
11388.83,100.92,8.6192
11389.83,100.89,8.6192
11390.83,101.35,8.6192
11391.83,101.4,8.6194
11392.83,100.92,8.6194
11393.84,101.0,8.6195
11394.84,101.28,8.6194
11395.84,100.88,8.6194
11396.84,100.95,8.6195
11397.84,100.68,8.6194
11398.84,100.89,8.6194
11399.84,101.25,8.6192
11400.85,100.85,8.6192
11401.85,100.95,8.6192
11402.85,101.55,8.6192
11403.85,109.49,8.6194
11404.85,102.42,8.6194
11405.85,101.23,8.6195
11406.85,100.64,8.6195
11407.86,101.01,8.6195
11408.86,100.74,8.6195
11409.86,100.84,8.6194
11410.86,101.28,8.6194
11411.86,100.85,8.6195
11412.86,100.84,8.6195
11413.86,101.33,8.6195
11414.87,100.82,8.6194
11415.87,101.28,8.6194
11416.87,100.81,8.6192
11417.87,100.77,8.6192
11418.87,101.31,8.6194
11419.87,100.84,8.6193
11420.88,100.83,8.6193
11421.88,100.99,8.6194
11422.88,100.81,8.6194
11423.88,101.31,8.6195
11424.88,100.84,8.6194
11425.88,100.62,8.6194
11426.88,101.31,8.6194
11427.89,100.83,8.6194
11428.89,100.9,8.6194
11429.89,100.98,8.6194
11430.89,100.76,8.6194
11431.89,100.87,8.6194
11432.89,101.33,8.6194
11433.89,100.9,8.6194
11434.89,100.82,8.6194
11435.9,103.28,8.6194
11436.9,100.77,8.6194
11437.9,100.81,8.6195
11438.9,101.35,8.6195
11439.9,100.79,8.6194
11440.9,106.22,8.6195
11441.9,101.2,8.6194
11442.91,100.9,8.6194
11443.91,101.32,8.6193
11444.91,100.83,8.6193
11445.91,100.84,8.6193
11446.91,101.03,8.6193
11447.91,100.63,8.6193
11448.91,100.81,8.6194
11449.92,101.23,8.6194
11450.92,103.43,8.6194
11451.92,100.76,8.6194
11452.92,101.26,8.6194
11453.92,104.61,8.6193
11454.92,101.09,8.6193
11455.93,100.8,8.6194
11456.93,100.84,8.6193
11457.93,101.09,8.6193
11458.93,100.78,8.6194
11459.93,101.21,8.6194
11460.93,100.83,8.6194
11461.93,100.91,8.6194
11462.94,101.32,8.6194
11463.94,102.7,8.6197
11464.94,112.08,8.6197
11465.94,101.54,8.6195
11466.94,102.73,8.6195
11467.94,100.65,8.6195
11468.94,160.98,8.6195
11469.95,126.01,8.6197
11470.95,101.43,8.6197
11471.95,104.78,8.6197
11472.95,101.35,8.6197
11473.95,100.85,8.6197
11474.95,101.2,8.6196
11475.95,106.44,8.6196
11476.96,101.19,8.6196
11477.96,103.22,8.6196
11478.96,112.19,8.6196
11479.96,101.17,8.6196
11480.96,100.84,8.6196
11481.96,101.76,8.6196
11482.97,100.89,8.6197
11483.97,100.9,8.6196
11484.97,103.65,8.6195
11485.97,100.85,8.6196
11486.97,100.82,8.6195
11487.97,101.25,8.6195
11488.97,100.87,8.6196
11489.98,101.25,8.6196
11490.98,100.9,8.6196
11491.98,100.83,8.6196
11492.98,101.27,8.6195
11493.98,100.92,8.6196
11494.98,100.84,8.6195
11495.98,101.22,8.6195
11496.99,100.83,8.6196
11497.99,100.84,8.6195
11498.99,101.29,8.6195
11499.99,100.88,8.6196
11500.99,101.28,8.6195
11501.99,100.81,8.6196
11502.99,100.91,8.6196
11504.0,101.29,8.6195
11505.0,100.84,8.6195
11506.0,100.83,8.6195
11507.0,101.22,8.6195
11508.0,103.13,8.6195
11509.0,101.3,8.6196
11510.01,100.84,8.6196
11511.01,100.84,8.6196
11512.01,101.23,8.6196
11513.01,100.91,8.6195
11514.01,101.28,8.6196
11515.01,100.82,8.6196
11516.01,100.87,8.6196
11517.02,101.24,8.6196
11518.02,100.83,8.6196
11519.02,101.3,8.6196
11520.02,100.81,8.6196
11521.02,100.83,8.6196
11522.02,101.25,8.6196
11523.03,100.92,8.6196
11524.03,100.9,8.6196
11525.03,101.22,8.6196
11526.03,100.79,8.6195
11527.03,101.25,8.6195
11528.03,100.81,8.6195
11529.04,100.86,8.6196
11530.04,101.23,8.6196
11531.04,101.66,8.6195
11532.04,101.24,8.6194
11533.04,100.93,8.6195
11534.04,100.88,8.6196
11535.05,101.24,8.6196
11536.05,101.55,8.6195
11537.05,101.2,8.6194
11538.05,101.62,8.6194
11539.05,100.91,8.6195
11540.05,101.25,8.6195
11541.05,100.8,8.6195
11542.06,101.23,8.6195
11543.06,100.91,8.6195
11544.06,100.88,8.6195
11545.06,101.25,8.6195
11546.06,100.83,8.6195
11547.06,101.22,8.6195
11548.07,100.79,8.6195
11549.07,101.35,8.6195
11550.07,101.22,8.6195
11551.07,100.84,8.6195
11552.07,100.46,8.6194
11553.07,101.02,8.6195
11554.07,100.53,8.6195
11555.07,100.58,8.6197
11556.08,101.26,8.6197
11557.08,100.86,8.6197
11558.08,100.86,8.6197
11559.08,101.2,8.6195
11560.08,100.63,8.6195
11561.08,101.28,8.6194
11562.09,100.55,8.6194
11563.09,100.59,8.6195
11564.09,101.02,8.6197
11565.09,100.53,8.6197
11566.09,100.53,8.6197
11567.09,100.96,8.6197
11568.09,100.56,8.6197
11569.09,100.88,8.6197
11570.1,101.23,8.6197
11571.1,100.85,8.6197
11572.1,101.43,8.6197
11573.1,101.32,8.6195
11574.1,100.89,8.6195
11575.1,101.24,8.6195
11576.11,100.84,8.6194
11577.11,101.52,8.6194
11578.11,101.24,8.6194
11579.11,100.9,8.6195
11580.11,101.24,8.6195
11581.11,100.62,8.6195
11582.11,100.52,8.6194
11583.12,101.03,8.6196
11584.12,100.59,8.6196
11585.12,100.62,8.6196
11586.12,100.93,8.6194
11587.12,100.56,8.6194
11588.12,100.94,8.6194
11589.13,100.61,8.6194
11590.13,100.54,8.6194
11591.13,100.96,8.6194
11592.13,100.5,8.6194
11593.13,101.0,8.6194
11594.13,100.55,8.6194
11595.14,100.52,8.6194
11596.14,101.0,8.6194
11597.14,101.23,8.6194
11598.14,101.22,8.6194
11599.14,100.86,8.6194
11600.14,100.83,8.6194
11601.14,101.31,8.6194
11602.15,100.82,8.6196
11603.15,100.88,8.6197
11604.15,101.38,8.6197
11605.15,100.82,8.6197
11606.15,100.72,8.6197
11607.15,101.41,8.6196
11608.15,100.69,8.6196
11609.16,101.2,8.6196
11610.16,100.86,8.6196
11611.16,100.85,8.6196
11612.16,101.26,8.6195
11613.16,100.75,8.6196
11614.16,100.54,8.6196
11615.16,221.54,8.6232
11616.17,234.82,8.798
11617.17,100.55,8.7979
11618.17,100.98,8.7979
11619.17,105.26,8.7979
11620.17,104.54,8.7979
11621.17,101.35,8.7979
11622.17,100.94,8.7978
11623.17,100.9,8.7978
11624.18,101.29,8.7979
11625.18,101.06,8.7979
11626.18,100.92,8.7979
11627.18,101.24,8.7979
11628.18,100.82,8.7979
11629.18,100.58,8.7979
11630.18,105.29,8.7979
11631.19,100.56,8.7979
11632.19,132.89,8.7979
11633.19,100.83,8.7979
11634.19,100.88,8.7979
11635.19,101.16,8.7979
11636.19,100.81,8.7979
11637.2,100.82,8.7979
11638.2,101.21,8.7979
11639.2,100.86,8.7979
11640.2,101.09,8.7979
11641.2,100.63,8.7979
11642.2,100.55,8.7979
11643.2,101.02,8.7979
11644.21,100.6,8.7979
11645.21,100.55,8.7979
11646.21,100.96,8.7981
11647.21,100.55,8.7982
11648.21,100.94,8.7982
11649.21,108.77,8.7982
11650.22,100.62,8.7982
11651.22,100.99,8.798
11652.22,100.63,8.798
11653.22,100.94,8.798
11654.22,101.29,8.7979
11655.22,100.79,8.7979
11656.22,100.58,8.7979
11657.22,101.14,8.7979
11658.23,100.84,8.7979
11659.23,100.89,8.7979
11660.23,101.32,8.7979
11661.23,103.97,8.7979
11662.23,100.81,8.798
11663.23,101.36,8.7982
11664.23,100.85,8.7982
11665.23,100.82,8.7982
11666.24,101.24,8.7982
11667.24,100.76,8.7982
11668.24,100.56,8.7982
11669.24,101.11,8.7982
11670.24,100.56,8.7982
11671.24,100.95,8.798
11672.25,100.64,8.798
11673.25,100.87,8.7982
11674.25,101.12,8.7982
11675.25,100.82,8.7982
11676.25,100.79,8.7982
11677.25,100.97,8.7982
11678.25,100.51,8.7982
11679.26,100.94,8.7982
11680.26,100.54,8.7982
11681.26,100.59,8.7982
11682.26,101.75,8.7982
11683.26,100.83,8.7982
11684.26,100.98,8.7981
11685.27,100.53,8.7981
11686.27,101.15,8.7981
11687.27,100.91,8.7981
11688.27,100.77,8.7979
11689.27,101.0,8.7979
11690.27,100.73,8.7979
11691.28,100.7,8.7979
11692.28,101.21,8.7979
11693.28,100.92,8.7981
11694.28,101.27,8.7982
11695.28,100.75,8.7982
11696.28,100.53,8.7982
11697.28,101.03,8.7982
11698.29,100.67,8.7982
11699.29,100.81,8.7982
11700.29,101.28,8.7982
11701.29,100.8,8.7981
11702.29,100.79,8.798
11703.29,102.45,8.7981
11704.29,100.87,8.7981
11705.3,100.85,8.7981
11706.3,101.34,8.7981
11707.3,100.82,8.798
11708.3,100.79,8.798
11709.3,101.26,8.798
11710.3,100.82,8.7981
11711.3,100.87,8.7981
11712.3,101.31,8.7982
11713.31,100.73,8.7982
11714.31,100.9,8.7982
11715.31,100.9,8.7982
11716.31,101.24,8.7982
11717.31,100.86,8.7982
11718.31,101.27,8.7981
11719.31,100.87,8.7981
11720.32,100.84,8.7981
11721.32,101.27,8.7981
11722.32,100.86,8.7981
11723.32,101.38,8.7982
11724.32,100.84,8.7982
11725.32,100.73,8.7982
11726.32,101.28,8.7982
11727.33,100.85,8.7981
11728.33,101.31,8.7982
11729.33,100.78,8.7982
11730.33,100.81,8.7982
11731.33,101.24,8.7981
11732.33,100.86,8.798
11733.34,100.97,8.7981
11734.34,101.24,8.7981
11735.34,100.82,8.7981
11736.34,101.26,8.7981
11737.34,100.86,8.7981
11738.34,100.9,8.7981
11739.34,101.24,8.7981
11740.35,100.85,8.798
11741.35,101.2,8.798
11742.35,100.85,8.7981
11743.35,100.91,8.7982
11744.35,101.23,8.7982
11745.35,100.86,8.7982
11746.36,101.22,8.7982
11747.36,100.81,8.7981
11748.36,100.85,8.7982
11749.36,101.34,8.7981
11750.36,100.86,8.7981
11751.36,100.85,8.7981
11752.36,101.25,8.7981
11753.37,100.95,8.7981
11754.37,100.83,8.7981
11755.37,101.24,8.7981
11756.37,100.83,8.7981
11757.37,101.28,8.7981
11758.37,100.9,8.7982
11759.37,100.82,8.7982
11760.38,101.29,8.7982
11761.38,100.82,8.7981
11762.38,100.89,8.7981
11763.38,101.35,8.7982
11764.38,100.79,8.7981
11765.38,100.83,8.7981
11766.38,101.27,8.7981
11767.39,100.9,8.7982
11768.39,100.96,8.7981
11769.39,101.24,8.7981
11770.39,100.85,8.7981
11771.39,100.88,8.7981
11772.39,101.22,8.798
11773.39,100.95,8.7981
11774.4,101.23,8.7981
11775.4,100.83,8.7981
11776.4,100.83,8.7981
11777.4,101.21,8.7981
11778.4,100.85,8.7983
11779.4,100.81,8.7983
11780.41,101.23,8.7983
11781.41,100.84,8.7983
11782.41,101.24,8.7983
11783.41,100.98,8.7983
11784.41,100.87,8.7983
11785.41,101.27,8.7983
11786.41,100.84,8.7983
11787.42,101.24,8.7983
11788.42,100.69,8.7983
11789.42,100.5,8.7983
11790.42,101.24,8.7983
11791.42,100.86,8.7983
11792.42,101.26,8.7981
11793.43,100.97,8.7983
11794.43,100.85,8.7983
11795.43,101.25,8.7983
11796.43,100.84,8.7983
11797.43,101.27,8.7982
11798.43,100.88,8.7982
11799.43,100.82,8.7982
11800.44,101.24,8.7982
11801.44,100.85,8.7982
11802.44,100.55,8.798
11803.44,101.1,8.7982
11804.44,100.86,8.7982
11805.44,101.26,8.7982
11806.45,100.86,8.7983
11807.45,100.8,8.7982
11808.45,101.26,8.7983
11809.45,100.83,8.7983
11810.45,101.24,8.7983
11811.45,100.82,8.7983
11812.46,100.88,8.7983
11813.46,101.39,8.7981
11814.46,101.13,8.7981
11815.46,101.26,8.7981
11816.46,100.85,8.7981
11817.46,100.85,8.7981
11818.46,101.3,8.7983
11819.47,100.83,8.7983
11820.47,101.23,8.7983
11821.47,100.94,8.7983
11822.47,100.85,8.7983
11823.47,100.95,8.7983
11824.47,101.18,8.7983
11825.47,100.75,8.7983
11826.48,101.19,8.7983
11827.48,100.81,8.7981
11828.48,100.79,8.7982
11829.48,101.23,8.7981
11830.48,100.82,8.7981
11831.48,101.22,8.7982
11832.49,100.9,8.7981
11833.49,100.89,8.7982
11834.49,101.24,8.7982
11835.49,100.86,8.7982
11836.49,100.81,8.7981
11837.49,101.28,8.7981
11838.49,101.16,8.7983
11839.5,101.21,8.7982
11840.5,100.79,8.7982
11841.5,100.82,8.7983
11842.5,101.16,8.7982
11843.5,102.36,8.7983
11844.5,100.69,8.7983
11845.51,101.19,8.7983
11846.51,100.75,8.7983
11847.51,101.22,8.7983
11848.51,100.88,8.7983
11849.51,101.08,8.7982
11850.51,101.21,8.7982
11851.51,100.79,8.7982
11852.52,100.76,8.7982
11853.52,101.22,8.7983
11854.52,100.7,8.7983
11855.52,101.23,8.7983
11856.52,100.85,8.7983
11857.52,100.81,8.7983
11858.53,101.29,8.7983
11859.53,100.91,8.7983
11860.53,101.21,8.7983
11861.53,100.85,8.7983
11862.53,100.87,8.7983
11863.53,101.32,8.7983
11864.53,100.68,8.7983
11865.54,101.21,8.7983
11866.54,100.87,8.7983
11867.54,100.75,8.7983
11868.54,101.25,8.7983
11869.54,100.82,8.7982
11870.54,110.41,8.7983
11871.54,101.17,8.7983
11872.55,100.79,8.7983
11873.55,101.4,8.7983
11874.55,100.82,8.7983
11875.55,100.46,8.7983
11876.55,100.8,8.7983
11877.55,100.33,8.7983
11878.55,100.35,8.7983
11879.56,100.83,8.7983
11880.56,100.39,8.7983
11881.56,100.36,8.7983
11882.56,100.76,8.7982
11883.56,100.41,8.7983
11884.56,101.01,8.7983
11885.57,100.84,8.7983
11886.57,100.73,8.7983
11887.57,101.17,8.7983
11888.57,100.74,8.7983
11889.57,100.85,8.7983
11890.57,100.51,8.7983
11891.58,100.57,8.7983
11892.58,100.83,8.7983
11893.58,100.76,8.7983
11894.58,101.09,8.7982
11895.58,100.85,8.7982
11896.58,100.83,8.7982
11897.58,101.12,8.7982
11898.59,100.62,8.7983
11899.59,100.93,8.7982
11900.59,100.81,8.7982
11901.59,100.64,8.7984
11902.59,100.95,8.7984
11903.59,100.5,8.7984
11904.6,100.92,8.7984
11905.6,100.59,8.7984
11906.6,100.51,8.7984
11907.6,101.15,8.7982
11908.6,100.83,8.7984
11909.6,100.79,8.7984
11910.6,101.19,8.7984
11911.61,100.78,8.7984
11912.61,101.23,8.7982
11913.61,100.73,8.7984
11914.61,100.48,8.7982
11915.61,101.18,8.7982
11916.61,129.76,8.8022
11917.62,100.92,8.8022
11918.62,100.58,8.8023
11919.62,104.15,8.8023
11920.62,100.94,8.8023
11921.62,100.74,8.8023
11922.62,101.27,8.8023
11923.63,104.25,8.8023
11924.63,100.56,8.8023
11925.63,100.96,8.8023
11926.63,100.55,8.8023
11927.63,100.96,8.8022
11928.63,100.61,8.8023
11929.64,100.54,8.8023
11930.64,100.94,8.8023
11931.64,100.56,8.8022
11932.64,101.15,8.8022
11933.64,143.0,8.9004
11934.64,350.42,9.196
11935.64,101.19,9.196
11936.65,100.82,9.196
11937.65,100.8,9.1961
11938.65,101.07,9.1961
11939.65,100.74,9.1961
11940.65,101.24,9.1961
11941.65,100.77,9.1961
11942.65,100.82,9.196
11943.66,101.29,9.1962
11944.66,100.82,9.1962
11945.66,101.25,9.1962
11946.66,100.81,9.1962
11947.66,100.84,9.1962
11948.66,101.36,9.1962
11949.67,100.83,9.1962
11950.67,100.81,9.1962
11951.67,101.33,9.1962
11952.67,100.82,9.1962
11953.67,100.93,9.1962
11954.67,101.24,9.1962
11955.67,100.79,9.1962
11956.68,101.24,9.1962
11957.68,100.77,9.1961
11958.68,100.8,9.1962
11959.68,101.23,9.1962
11960.68,100.92,9.1964
11961.68,100.83,9.1964
11962.68,100.82,9.1964
11963.68,101.32,9.1964
11964.69,100.85,9.1964
11965.69,101.26,9.1964
11966.69,102.18,9.1964
11967.69,100.84,9.1964
11968.69,101.35,9.1964
11969.69,100.83,9.1964
11970.69,100.86,9.1964
11971.7,101.27,9.1964
11972.7,100.83,9.1962
11973.7,100.92,9.1962
11974.7,100.91,9.1961
11975.7,100.61,9.1961
11976.7,181.81,9.1964
11977.7,223.7,9.1964
11978.7,200.89,9.1965
11979.71,183.09,9.1965
11980.71,109.1,9.1965
11981.71,103.31,9.1965
11982.71,107.59,9.1965
11983.71,186.68,9.2792
11984.71,185.88,9.3723
11985.71,101.09,9.3723
11986.72,101.42,9.3723
11987.72,101.16,9.3723
11988.72,112.25,9.3723
11989.72,117.25,9.3723
11990.72,101.78,9.3723
11991.72,101.2,9.3723
11992.73,238.53,9.6204
11993.73,100.88,9.6204
11994.73,101.21,9.6204
11995.73,100.57,9.6203
11996.73,100.91,9.6203
11997.73,100.75,9.6203
11998.74,100.81,9.6203
11999.74,101.18,9.6203
12000.74,172.23,9.7643
12001.74,101.22,9.7643
12002.74,100.84,9.7642
12003.74,100.98,9.7642
12004.74,101.3,9.7642
12005.75,100.8,9.7642
12006.75,100.65,9.7642
12007.75,100.94,9.7642
12008.75,104.22,9.7644
12009.75,101.2,9.7644
12010.75,100.82,9.7644
12011.75,100.71,9.7644
12012.76,174.19,9.7646
12013.76,110.18,9.7646
12014.76,100.75,9.7646
12015.76,101.18,9.7646
12016.76,100.67,9.7646
12017.76,100.52,9.7646
12018.76,100.96,9.7646
12019.77,103.3,9.7646
12020.77,100.65,9.7646
12021.77,102.7,9.7646
12022.77,106.85,9.7646
12023.77,101.3,9.7646
12024.77,103.72,9.7646
12025.77,100.75,9.7646
12026.78,101.58,9.7646
12027.78,101.93,9.7646
12028.78,135.85,9.7645
12029.78,102.12,9.7646
12030.78,100.55,9.7646
12031.78,100.96,9.7646
12032.79,100.56,9.7647
12033.79,100.67,9.7647
12034.79,100.96,9.7647
12035.79,104.85,9.7651
12036.79,101.22,9.765
12037.79,100.85,9.765
12038.8,100.88,9.7652
12039.8,101.24,9.7652
12040.8,100.88,9.765
12041.8,101.24,9.765
12042.8,100.81,9.765
12043.8,100.67,9.765
12044.8,100.9,9.765
12045.81,100.52,9.765
12046.81,100.55,9.765
12047.81,100.96,9.765
12048.81,100.87,9.765
12049.81,101.26,9.765
12050.81,100.86,9.765
12051.82,103.13,9.7654
12052.82,101.22,9.7654
12053.82,100.91,9.7654
12054.82,101.23,9.7654
12055.82,100.84,9.7654
12056.82,100.83,9.7654
12057.82,101.16,9.7653
12058.83,100.83,9.7653
12059.83,101.23,9.7652
12060.83,100.8,9.7652
12061.83,100.81,9.7652
12062.83,101.32,9.7652
12063.83,100.86,9.7652
12064.84,101.25,9.7652
12065.84,100.74,9.7652
12066.84,100.72,9.7652
12067.84,101.21,9.7651
12068.84,113.68,9.7655
12069.84,101.21,9.7655
12070.85,100.86,9.7655
12071.85,100.54,9.7655
12072.85,101.0,9.7655
12073.85,100.58,9.7655
12074.85,100.94,9.7655
12075.85,100.73,9.7654
12076.85,100.82,9.7654
12077.86,101.23,9.7654
12078.86,100.76,9.7654
12079.86,100.84,9.7654
12080.86,101.23,9.7654
12081.86,100.85,9.7653
12082.86,101.35,9.7653
12083.87,100.81,9.7653
12084.87,126.12,8.6241
12085.87,342.72,1.9991
12086.87,319.67,2.3734
12087.87,315.24,2.7927
12088.87,219.34,3.2768
12089.87,274.15,3.451
12090.88,349.28,3.7034
12091.88,345.67,4.0636
12092.88,312.52,4.411
12093.88,311.38,4.7425
12094.88,304.55,5.0269
12095.88,309.61,5.3214
12096.88,306.53,5.6189
12097.89,302.63,5.8349
12098.89,302.4,6.0681
12099.89,305.19,6.3338
12100.89,303.81,6.5554
12101.89,301.07,6.7141
12102.89,322.34,7.2782
12103.89,302.86,7.3282
12104.9,267.66,7.329
12105.9,198.34,7.3294
12106.9,219.12,7.3298
12107.9,202.21,7.3298
12108.9,215.94,7.3298
12109.9,125.61,7.4303
12110.9,207.16,7.4303
12111.9,121.59,7.4303
12112.91,161.43,7.4303
12113.91,112.7,7.4303
12114.91,124.18,7.4303
12115.91,164.87,7.4306
12116.91,130.7,7.4307
12117.91,101.21,7.4306
12118.91,214.55,7.9893
12119.92,110.8,8.0374
12120.92,121.49,8.0374
12121.92,113.78,8.0374
12122.92,104.83,8.0374
12123.92,161.17,8.0374
12124.92,104.26,8.0374
12125.92,108.26,8.0374
12126.93,117.88,8.0373
12127.93,125.04,8.0373
12128.93,104.17,8.0372
12129.93,100.88,8.0372
12130.93,101.69,8.0372
12131.93,103.81,8.0372
12132.94,102.35,8.0373
12133.94,101.56,8.0374
12134.94,102.79,8.0373
12135.94,111.87,8.0374
12136.94,134.52,8.0374
12137.94,112.41,8.0374
12138.94,102.58,8.0373
12139.95,101.16,8.0373
12140.95,103.03,8.0373
12141.95,114.27,8.0374
12142.95,100.91,8.0374
12143.95,102.15,8.0374
12144.95,104.88,8.0374
12145.96,101.14,8.0372
12146.96,102.55,8.0372
12147.96,100.82,8.0372
12148.96,101.02,8.0372
12149.96,100.89,8.0372
12150.96,100.94,8.0372
12151.96,101.26,8.0372
12152.97,101.11,8.0373
12153.97,101.37,8.0373
12154.97,101.78,8.0373
12155.97,100.87,8.0375
12156.97,101.35,8.0374
12157.97,104.75,8.0374
12158.97,100.88,8.0374
12159.98,129.6,8.0375
12160.98,101.14,8.0375
12161.98,100.82,8.0375
12162.98,101.09,8.0375
12163.98,101.23,8.0373
12164.98,117.38,8.0373
12165.99,111.79,8.0373
12166.99,113.74,8.0373
12167.99,101.19,8.0373
12168.99,100.62,8.0375
12169.99,101.3,8.0375
12170.99,101.1,8.0373
12171.99,101.14,8.0373
12173.0,101.55,8.0375
12174.0,101.27,8.0373
12175.0,101.9,8.0373
12176.0,249.82,8.1591
12177.0,102.96,8.1591
12178.0,100.8,8.1591
12179.0,101.34,8.1591
12180.01,100.97,8.159
12181.01,101.1,8.159
12182.01,101.19,8.159
12183.01,100.94,8.1591
12184.01,100.88,8.1591
12185.01,101.23,8.1591
12186.01,100.83,8.159
12187.02,101.23,8.159
12188.02,100.86,8.159
12189.02,100.89,8.159
12190.02,101.32,8.1591
12191.02,100.89,8.1591
12192.02,100.82,8.1591
12193.02,101.38,8.1591
12194.03,101.01,8.1591
12195.03,100.82,8.1592
12196.03,101.32,8.159
12197.03,100.93,8.159
12198.03,100.86,8.159
12199.03,101.44,8.159
12200.03,100.87,8.159
12201.03,100.8,8.159
12202.04,101.27,8.1592
12203.04,100.81,8.1592
12204.04,100.88,8.1592
12205.04,101.04,8.159
12206.04,100.6,8.1592
12207.04,104.4,8.1593
12208.05,100.86,8.1593
12209.05,100.78,8.1592
12210.05,101.0,8.1592
12211.05,100.59,8.1592
12212.05,101.01,8.159
12213.05,100.64,8.159
12214.05,100.61,8.159
12215.06,101.47,8.1592
12216.06,100.81,8.1592
12217.06,100.65,8.1592
12218.06,101.28,8.1592
12219.06,100.89,8.1592
12220.06,102.99,8.1592
12221.06,101.27,8.1592
12222.07,118.55,8.1593
12223.07,198.53,8.1593
12224.07,107.48,8.1591
12225.07,100.54,8.1591
12226.07,101.04,8.1591
12227.07,103.97,8.1591
12228.07,100.49,8.1591
12229.08,140.93,8.1591
12230.08,100.8,8.1592
12231.08,100.5,8.1592
12232.08,110.26,8.1592
12233.08,100.7,8.1592
12234.08,200.65,8.1592
12235.08,201.21,8.1592
12236.09,143.66,8.1592
12237.09,100.65,8.1591
12238.09,101.21,8.1591
12239.09,100.74,8.1591
12240.09,100.56,8.1591
12241.09,101.07,8.1591
12242.09,100.84,8.1591
12243.1,101.33,8.1591
12244.1,100.91,8.1592
12245.1,102.07,8.1592
12246.1,101.19,8.1592
12247.1,128.63,8.1592
12248.1,101.25,8.1592
12249.11,101.09,8.1592
12250.11,101.11,8.1592
12251.11,101.35,8.1592
12252.11,100.84,8.1592
12253.11,100.96,8.1592
12254.11,138.71,8.1592
12255.11,100.59,8.1592
12256.11,101.7,8.1592
12257.12,101.21,8.1592
12258.12,132.74,8.1592
12259.12,100.64,8.1593
12260.12,101.64,8.1593
12261.12,100.84,8.1593
12262.12,100.78,8.1593
12263.12,101.17,8.1593
12264.13,138.76,8.1593
12265.13,100.95,8.1593
12266.13,100.59,8.1592
12267.13,101.09,8.1592
12268.13,101.18,8.1592
12269.13,100.81,8.1591
12270.13,127.35,8.1592
12271.14,101.68,8.1592
12272.14,100.78,8.1592
12273.14,100.9,8.1592
12274.14,101.31,8.1591
12275.14,100.93,8.1591
12276.14,120.95,8.1591
12277.14,101.23,8.1591
12278.15,106.35,8.1591
12279.15,100.61,8.1593
12280.15,101.09,8.1593
12281.15,100.58,8.1593
12282.15,100.53,8.1593
12283.15,101.13,8.1593
12284.15,100.9,8.1591
12285.16,100.84,8.1591
12286.16,101.23,8.1591
12287.16,101.44,8.1591
12288.16,101.28,8.1591
12289.16,100.9,8.1593
12290.16,100.82,8.1593
12291.16,109.78,8.1593
12292.17,100.78,8.1593
12293.17,100.65,8.1593
12294.17,100.93,8.1593
12295.17,100.7,8.1593
12296.17,100.77,8.1593
12297.17,101.21,8.1593
12298.17,100.82,8.1593
12299.18,101.31,8.1593
12300.18,100.83,8.1593
12301.18,100.84,8.1593
12302.18,103.5,8.1593
12303.18,100.87,8.1593
12304.18,100.84,8.1593
12305.18,101.29,8.1593
12306.19,100.82,8.1593
12307.19,101.33,8.1593
12308.19,100.94,8.1593
12309.19,100.59,8.1593
12310.19,100.94,8.1593
12311.19,100.56,8.1593
12312.19,104.22,8.1593
12313.2,100.97,8.1593
12314.2,100.84,8.1593
12315.2,100.85,8.1593
12316.2,101.25,8.1593
12317.2,100.79,8.1594
12318.2,101.4,8.1593
12319.21,107.0,8.1593
12320.21,100.79,8.1593
12321.21,103.71,8.1592
12322.21,100.82,8.1592
12323.21,101.25,8.1593
12324.21,100.86,8.1593
12325.21,148.79,8.1595
12326.22,225.9,8.3761
12327.22,100.8,8.376
12328.22,100.82,8.376
12329.22,108.9,8.376
12330.22,100.93,8.3762
12331.22,100.9,8.3761
12332.22,128.56,8.3761
12333.23,101.0,8.3761
12334.23,100.96,8.376
12335.23,101.31,8.376
12336.23,100.91,8.376
12337.23,101.3,8.376
12338.23,100.9,8.376
12339.24,111.14,8.3761
12340.24,102.43,8.3759
12341.24,100.62,8.3759
12342.24,101.09,8.376
12343.24,100.66,8.376
12344.24,100.61,8.376
12345.24,101.04,8.376
12346.25,100.59,8.3762
12347.25,100.86,8.3762
12348.25,101.18,8.3762
12349.25,100.81,8.3762
12350.25,100.81,8.3762
12351.25,106.66,8.3762
12352.25,101.13,8.3762
12353.26,101.19,8.3762
12354.26,100.85,8.3762
12355.26,101.01,8.3762
12356.26,101.39,8.3762
12357.26,100.84,8.376
12358.26,135.02,8.376
12359.26,104.61,8.376
12360.27,100.79,8.376
12361.27,101.32,8.376
12362.27,101.88,8.376
12363.27,100.84,8.376
12364.27,101.29,8.376
12365.27,100.8,8.376
12366.28,100.89,8.3761
12367.28,101.24,8.3761
12368.28,195.63,8.3761
12369.28,159.05,8.3761
12370.28,100.69,8.3761
12371.28,100.8,8.3761
12372.28,101.13,8.3761
12373.29,103.09,8.3761
12374.29,101.28,8.3761
12375.29,100.74,8.3761
12376.29,100.76,8.3761
12377.29,101.17,8.3761
12378.29,100.79,8.3761
12379.3,100.84,8.3759
12380.3,101.19,8.3759
12381.3,100.7,8.3759
12382.3,100.52,8.3761
12383.3,101.09,8.3761
12384.3,100.84,8.3761
12385.3,101.17,8.3761
12386.31,100.71,8.3761
12387.31,101.14,8.3761
12388.31,100.83,8.376
12389.31,100.93,8.3761
12390.31,101.17,8.3761
12391.31,100.78,8.3761
12392.31,100.8,8.3761
12393.32,101.16,8.3761
12394.32,100.67,8.3761
12395.32,100.77,8.3761
12396.32,101.13,8.3761
12397.32,100.8,8.3761
12398.32,104.93,8.3762
12399.33,100.74,8.3762
12400.33,100.64,8.3762
12401.33,101.21,8.3762
12402.33,100.78,8.3762
12403.33,101.6,8.3762
12404.33,100.72,8.3762
12405.34,100.77,8.3761
12406.34,101.14,8.3761
12407.34,100.83,8.3761
12408.34,101.18,8.3761
12409.34,110.27,8.3761
12410.34,100.82,8.3761
12411.34,115.03,8.3761
12412.35,100.84,8.3761
12413.35,100.96,8.3761
12414.35,101.16,8.3762
12415.35,100.77,8.3762
12416.35,101.15,8.3762
12417.35,100.81,8.3761
12418.35,100.88,8.3761
12419.36,101.21,8.3762
12420.36,100.77,8.3762
12421.36,100.85,8.3762
12422.36,101.27,8.3762
12423.36,100.93,8.3762
12424.36,100.96,8.3762
12425.37,100.6,8.3762
12426.37,100.84,8.3762
12427.37,101.28,8.3762
12428.37,103.75,8.3762
12429.37,101.23,8.3761
12430.37,100.85,8.3762
12431.38,100.92,8.3762
12432.38,101.24,8.3762
12433.38,100.99,8.3762
12434.38,102.73,8.3761
12435.38,100.85,8.3761
12436.38,100.84,8.3761
12437.38,101.25,8.3761
12438.39,100.91,8.3761
12439.39,101.28,8.3761
12440.39,101.79,8.3761
12441.39,100.79,8.3761
12442.39,101.24,8.3761
12443.39,100.87,8.3763
12444.39,100.64,8.3763
12445.4,101.31,8.3763
12446.4,100.82,8.3763
12447.4,101.3,8.3763
12448.4,101.63,8.3763
12449.4,100.84,8.3763
12450.4,100.83,8.3763
12451.4,101.63,8.3763
12452.41,101.13,8.3763
12453.41,101.01,8.3761
12454.41,101.23,8.3761
12455.41,100.82,8.3761
12456.41,101.25,8.3763
12457.41,100.87,8.3761
12458.41,100.89,8.3761
12459.42,101.27,8.3761
12460.42,100.87,8.3761
12461.42,100.94,8.3763
12462.42,101.27,8.3763
12463.42,100.98,8.3763
12464.42,100.84,8.3763
12465.42,101.3,8.3762
12466.43,100.69,8.3763
12467.43,100.86,8.3762
12468.43,101.3,8.3762
12469.43,100.84,8.3762
12470.43,100.81,8.3763
12471.43,101.2,8.3763
12472.43,100.78,8.3763
12473.44,101.32,8.3763
12474.44,100.72,8.3763
12475.44,100.85,8.3762
12476.44,101.19,8.3762
12477.44,100.79,8.376
12478.44,101.07,8.3762
12479.45,100.91,8.3762
12480.45,100.85,8.3762
12481.45,101.18,8.3762
12482.45,100.8,8.3762
12483.45,112.15,8.376
12484.45,100.79,8.376
12485.45,100.8,8.3762
12486.46,101.17,8.3762
12487.46,100.87,8.3762
12488.46,100.78,8.3762
12489.46,101.13,8.3762
12490.46,100.86,8.3762
12491.46,101.0,8.3762
12492.47,100.81,8.3763
12493.47,100.97,8.3763
12494.47,116.65,8.3764
12495.47,101.53,8.3764
12496.47,102.51,8.3764
12497.47,134.81,8.3793
12498.47,100.9,8.3793
12499.47,100.89,8.3793
12500.48,101.22,8.3793
12501.48,101.0,8.3712
12502.48,127.94,8.3712
12503.48,101.31,8.3712
12504.48,100.75,8.3712
12505.48,100.88,8.3713
12506.48,101.49,8.3713
12507.49,100.82,8.3713
12508.49,101.32,8.3713
12509.49,100.76,8.3712
12510.49,100.7,8.3712
12511.49,102.73,8.3712
12512.49,100.81,8.3713
12513.5,101.38,8.3713
12514.5,100.84,8.3713
12515.5,102.27,8.3713
12516.5,149.2,8.3713
12517.5,105.87,8.3713
12518.5,101.28,8.3713
12519.51,100.81,8.3713
12520.51,100.78,8.3713
12521.51,101.31,8.3713
12522.51,100.75,8.3713
12523.51,101.26,8.3713
12524.51,100.69,8.3713
12525.52,100.79,8.3713
12526.52,101.23,8.3713
12527.52,100.82,8.3713
12528.52,101.21,8.3713
12529.52,100.71,8.3713
12530.52,100.71,8.3713
12531.52,101.28,8.3713
12532.53,100.69,8.3713
12533.53,100.97,8.3713
12534.53,101.08,8.3713
12535.53,100.83,8.3713
12536.53,101.22,8.3713
12537.53,100.85,8.3713
12538.53,100.89,8.3713
12539.54,101.23,8.3715
12540.54,100.85,8.3715
12541.54,101.21,8.3715
12542.54,100.79,8.3714
12543.54,100.8,8.3714
12544.54,101.13,8.3714
12545.55,100.77,8.3714
12546.55,101.16,8.3714
12547.55,100.73,8.3714
12548.55,100.82,8.3715
12549.55,101.12,8.3714
12550.55,100.73,8.3714
12551.56,100.77,8.3714
12552.56,101.04,8.3714
12553.56,100.95,8.3715
12554.56,101.21,8.3714
12555.56,105.68,8.3713
12556.56,100.53,8.3713
12557.56,100.91,8.3713
12558.57,100.6,8.3714
12559.57,100.94,8.3714
12560.57,100.53,8.3714
12561.57,100.64,8.3713
12562.57,101.23,8.3713
12563.57,100.95,8.3714
12564.58,101.22,8.3714
12565.58,100.9,8.3715
12566.58,100.86,8.3715
12567.58,100.85,8.3715
12568.59,101.29,8.3715
12569.59,100.82,8.3715
12570.59,100.97,8.3715
12571.59,101.26,8.3715
12572.59,100.84,8.3715
12573.6,101.39,8.3715
12574.6,100.83,8.3714
12575.6,100.81,8.3714
12576.6,101.25,8.3713
12577.6,100.82,8.3713
12578.6,101.32,8.3714
12579.61,100.76,8.3714
12580.61,100.83,8.3716
12581.61,101.36,8.3714
12582.61,100.84,8.3714
12583.61,100.82,8.3716
12584.61,101.22,8.3716
12585.62,100.65,8.3716
12586.62,101.21,8.3716
12587.62,100.8,8.3716
12588.62,100.88,8.3716
12589.62,101.22,8.3716
12590.62,100.85,8.3716
12591.62,105.12,8.3716
12592.63,100.82,8.3716
12593.63,101.89,8.3714
12594.63,101.24,8.3714
12595.63,100.81,8.3714
12596.63,101.23,8.3715
12597.63,100.86,8.3715
12598.64,100.88,8.3714
12599.64,101.21,8.3714
12600.64,100.77,8.3715
12601.64,101.25,8.3715
12602.64,100.73,8.3715
12603.64,101.2,8.3716
12604.64,101.28,8.3716
12605.65,100.65,8.3716
12606.65,102.03,8.3716
12607.65,101.32,8.3716
12608.65,101.25,8.3716
12609.65,100.79,8.3716
12610.66,100.79,8.3715
12611.66,101.26,8.3715
12612.66,100.83,8.3715
12613.66,101.36,8.3715
12614.66,100.82,8.3715
12615.66,100.83,8.3715
12616.66,101.24,8.3716
12617.67,100.85,8.3716
12618.67,103.02,8.3716
12619.67,101.18,8.3716
12620.67,336.65,8.6279
12621.67,101.28,8.6279
12622.67,100.82,8.6279
12623.67,100.99,8.6278
12624.68,101.24,8.6278
12625.68,100.83,8.6278
12626.68,100.84,8.6278
12627.68,123.72,8.6279
12628.68,110.97,8.6279
12629.68,101.04,8.6279
12630.69,100.82,8.6279
12631.69,100.82,8.6279
12632.69,101.28,8.6279
12633.69,100.92,8.6279
12634.69,100.68,8.6279
12635.69,101.2,8.6279
12636.69,100.83,8.6279
12637.7,100.86,8.6279
12638.7,102.14,8.6279
12639.7,100.76,8.6279
12640.7,100.97,8.6279
12641.7,100.61,8.6279
12642.7,100.79,8.6279
12643.7,101.42,8.6279
12644.71,100.83,8.6279
12645.71,100.95,8.6279
12646.71,100.93,8.6279
12647.71,100.52,8.6279
12648.71,100.61,8.6279
12649.71,101.41,8.6277
12650.71,100.51,8.6277
12651.72,101.0,8.6277
12652.72,100.85,8.6277
12653.72,100.9,8.628
12654.72,101.31,8.628
12655.72,100.47,8.628
12656.72,101.22,8.628
12657.73,100.64,8.6279
12658.73,100.89,8.6279
12659.73,101.47,8.6279
12660.73,101.32,8.628
12661.73,101.17,8.628
12662.73,100.67,8.6278
12663.74,100.66,8.6279
12664.74,101.05,8.6278
12665.74,100.69,8.6278
12666.74,101.19,8.6278
12667.74,100.48,8.6278
12668.74,100.58,8.6279
12669.74,100.9,8.6279
12670.75,100.85,8.6279
12671.75,100.91,8.628
12672.75,101.31,8.628
12673.75,100.96,8.628
12674.75,100.84,8.628
12675.75,101.25,8.628
12676.75,100.83,8.628
12677.76,100.84,8.628
12678.76,101.27,8.628
12679.76,100.82,8.628
12680.76,101.24,8.628
12681.76,100.83,8.628
12682.76,100.84,8.6279
12683.76,101.39,8.6279
12684.77,100.87,8.6279
12685.77,101.25,8.6279
12686.77,100.82,8.6279
12687.77,100.76,8.6278
12688.77,100.98,8.6279
12689.77,100.52,8.6279
12690.78,100.53,8.6279
12691.78,100.91,8.6279
12692.78,100.78,8.628
12693.78,100.73,8.628
12694.78,100.99,8.628
12695.78,100.44,8.628
12696.78,100.92,8.628
12697.79,100.82,8.628
12698.79,100.9,8.628
12699.79,101.27,8.6279
12700.79,100.9,8.6279
12701.79,100.86,8.6278
12702.79,101.33,8.6278
12703.79,100.99,8.6279
12704.79,100.79,8.6279
12705.8,101.04,8.6279
12706.8,100.87,8.628
12707.8,100.87,8.628
12708.8,101.29,8.628
12709.8,100.81,8.628
12710.8,100.77,8.6279
12711.8,101.23,8.6279
12712.81,100.83,8.6279
12713.81,101.31,8.628
12714.81,100.81,8.628
12715.81,100.79,8.628
12716.81,101.32,8.628
12717.81,100.84,8.628
12718.81,100.88,8.628
12719.82,101.21,8.628
12720.82,100.79,8.6279
12721.82,101.22,8.6279
12722.82,100.83,8.6278
12723.82,100.95,8.6279
12724.82,101.26,8.628
12725.83,100.75,8.628
12726.83,101.22,8.628
12727.83,100.85,8.6279
12728.83,100.7,8.6279
12729.83,100.93,8.6279
12730.83,100.54,8.6278
12731.84,100.94,8.6278
12732.84,100.87,8.6279
12733.84,100.88,8.6279
12734.84,101.32,8.6279
12735.84,100.85,8.6279
12736.84,100.57,8.6279
12737.84,101.03,8.6279
12738.85,101.06,8.6279
12739.85,100.65,8.6281
12740.85,100.72,8.6281
12741.85,101.24,8.6281
12742.85,100.94,8.6281
12743.85,100.91,8.6281
12744.86,101.0,8.6279
12745.86,100.52,8.6279
12746.86,100.95,8.6279
12747.86,100.49,8.6279
12748.86,100.74,8.6279
12749.86,101.23,8.6279
12750.87,100.69,8.6279
12751.87,100.91,8.6279
12752.87,100.58,8.6281
12753.87,111.07,8.6281
12754.87,101.23,8.6281
12755.87,100.85,8.6281
12756.88,100.82,8.6281
12757.88,101.07,8.628
12758.88,100.57,8.6281
12759.88,100.93,8.6281
12760.88,100.76,8.6281
12761.88,101.33,8.628
12762.88,101.37,8.6278
12763.89,100.95,8.6281
12764.89,100.6,8.6281
12765.89,100.95,8.6281
12766.89,100.56,8.6281
12767.89,100.56,8.6281
12768.89,101.8,8.6281
12769.89,100.56,8.6281
12770.9,100.94,8.628
12771.9,100.56,8.628
12772.9,100.62,8.628
12773.9,101.04,8.628
12774.9,100.78,8.628
12775.9,100.9,8.628
12776.9,101.25,8.628
12777.91,100.84,8.6281
12778.91,101.05,8.6281
12779.91,100.53,8.6281
12780.91,100.52,8.6281
12781.91,100.93,8.6281
12782.91,100.6,8.6281
12783.92,100.99,8.628
12784.92,100.73,8.6281
12785.92,100.83,8.628
12786.92,101.26,8.628
12787.92,100.83,8.628
12788.92,101.23,8.628
12789.93,100.67,8.628
12790.93,100.84,8.628
12791.93,101.18,8.628
12792.93,100.88,8.6281
12793.93,100.81,8.6281
12794.93,101.22,8.628
12795.94,100.61,8.628
12796.94,100.56,8.628
12797.94,101.25,8.628
12798.94,100.92,8.628
12799.94,100.83,8.6281
12800.94,100.94,8.6281
12801.95,100.68,8.6281
12802.95,101.27,8.6281
12803.95,100.68,8.6281
12804.95,100.53,8.6281
12805.95,101.18,8.628
12806.95,100.89,8.628
12807.96,103.78,8.628
12808.96,101.24,8.6281
12809.96,100.8,8.6281
12810.96,101.23,8.6281
12811.96,100.82,8.6281
12812.96,100.99,8.628
12813.96,101.28,8.6281
12814.97,100.82,8.628
12815.97,100.83,8.628
12816.97,101.23,8.628
12817.97,100.86,8.628
12818.97,102.31,8.6281
12819.97,101.21,8.6281
12820.97,100.88,8.6281
12821.98,101.22,8.628
12822.98,100.76,8.6281
12823.98,100.88,8.6281
12824.98,101.2,8.6281
12825.98,100.8,8.6281
12826.98,101.21,8.6281
12827.99,100.74,8.628
12828.99,100.88,8.628
12829.99,101.22,8.6281
12830.99,100.69,8.6281
12831.99,101.18,8.6281
12832.99,138.82,8.6309
12834.0,100.83,8.6309
12835.0,101.21,8.6309
12836.0,100.79,8.6309
12837.0,101.27,8.6308
12838.0,100.84,8.6308
12839.0,100.89,8.631
12840.0,101.24,8.631
12841.01,100.83,8.631
12842.01,101.23,8.631
12843.01,101.46,8.631
12844.01,101.03,8.631
12845.01,101.24,8.631
12846.01,100.86,8.631
12847.02,101.26,8.6309
12848.02,100.83,8.6309
12849.02,100.92,8.6309
12850.02,101.48,8.6309
12851.02,100.87,8.631
12852.02,100.83,8.631
12853.03,101.3,8.6309
12854.03,100.86,8.631
12855.03,101.16,8.631
12856.03,100.84,8.6309
12857.03,100.86,8.6309
12858.03,101.24,8.6308
12859.03,100.91,8.6309
12860.04,100.85,8.6309
12861.04,101.25,8.6309
12862.04,100.83,8.6308
12863.04,101.29,8.6309
12864.04,100.87,8.6309
12865.04,100.81,8.6309
12866.04,101.2,8.6309
12867.05,100.84,8.6309
12868.05,101.21,8.6309
12869.05,100.83,8.6309
12870.05,100.79,8.6309
12871.05,101.22,8.6309
12872.05,100.84,8.631
12873.06,101.25,8.631
12874.06,100.86,8.631
12875.06,100.85,8.631
12876.06,101.32,8.631
12877.06,100.85,8.631
12878.06,100.84,8.631
12879.06,101.31,8.6309
12880.07,100.79,8.631
12881.07,101.27,8.631
12882.07,100.81,8.6309
12883.07,100.87,8.631
12884.07,101.28,8.631
12885.07,100.84,8.6309
12886.08,100.83,8.6309
12887.08,101.23,8.6309
12888.08,100.87,8.6308
12889.08,101.3,8.6309
12890.08,100.84,8.6309
12891.08,100.78,8.6309
12892.08,101.22,8.6309
12893.09,102.8,8.6308
12894.09,100.88,8.6309
12895.09,101.19,8.6309
12896.09,100.83,8.6309
12897.09,101.29,8.6309
12898.09,100.85,8.6309
12899.09,100.89,8.6309
12900.1,101.33,8.6309
12901.1,100.83,8.6309
12902.1,100.82,8.6309
12903.1,101.32,8.6309
12904.1,100.87,8.6309
12905.1,100.82,8.6309
12906.11,101.24,8.6309
12907.11,100.79,8.6309
12908.11,101.03,8.6309
12909.11,100.83,8.6309
12910.11,100.81,8.631
12911.11,101.31,8.631
12912.11,100.82,8.631
12913.12,100.9,8.631
12914.12,101.39,8.631
12915.12,100.81,8.6309
12916.12,100.84,8.6309
12917.12,101.26,8.6309
12918.12,100.83,8.6309
12919.12,101.26,8.6309
12920.13,100.83,8.6309
12921.13,100.83,8.6309
12922.13,101.28,8.6309
12923.13,100.89,8.6309
12924.13,100.87,8.6309
12925.13,101.55,8.6309
12926.13,100.85,8.631
12927.13,100.82,8.631
12928.14,101.21,8.631
12929.14,100.86,8.631
12930.14,100.64,8.631
12931.14,101.22,8.631
12932.14,100.87,8.631
12933.14,100.9,8.631
12934.15,101.28,8.631
12935.15,100.87,8.6311
12936.15,101.06,8.6311
12937.15,100.54,8.6311
12938.15,100.57,8.6311
12939.15,101.09,8.6311
12940.15,100.77,8.6311
12941.16,100.85,8.6311
12942.16,101.25,8.6311
12943.16,101.49,8.6311
12944.16,101.29,8.6311
12945.16,100.85,8.6311
12946.16,100.84,8.6311
12947.16,101.24,8.6311
12948.17,100.86,8.6311
12949.17,101.3,8.6309
12950.17,100.79,8.6309
12951.17,100.84,8.6309
12952.17,101.29,8.6309
12953.17,100.91,8.6309
12954.17,100.9,8.6309
12955.18,101.29,8.6309
12956.18,100.85,8.6309
12957.18,100.84,8.6309
12958.18,101.34,8.6309
12959.18,100.86,8.6309
12960.18,100.82,8.6309
12961.18,101.62,8.6309
12962.19,100.82,8.6309
12963.19,101.32,8.6309
12964.19,100.86,8.6309
12965.19,100.83,8.6309
12966.19,101.25,8.6309
12967.19,100.64,8.6308
12968.2,100.99,8.6308
12969.2,100.9,8.6308
12970.2,100.84,8.6308
12971.2,101.25,8.6308
12972.2,101.37,8.6308
12973.2,100.91,8.6308
12974.21,101.38,8.6308
12975.21,100.83,8.6308
12976.21,101.01,8.6308
12977.21,100.83,8.6308
12978.21,100.85,8.6308
12979.21,101.28,8.6308
12980.21,100.84,8.6308
12981.22,101.24,8.6308
12982.22,100.85,8.6308
12983.22,100.93,8.631
12984.22,101.36,8.631
12985.22,100.84,8.6309
12986.22,100.84,8.6309
12987.22,101.22,8.6309
12988.23,100.86,8.6309
12989.23,101.29,8.631
12990.23,100.86,8.631
12991.23,100.86,8.631
12992.23,101.25,8.631
12993.23,100.68,8.6311
12994.24,100.98,8.6311
12995.24,100.52,8.6311
12996.24,100.51,8.6311
12997.24,101.17,8.6311
12998.24,100.84,8.6311
12999.24,100.9,8.6311
13000.24,101.53,8.6311
13001.25,100.77,8.6311
13002.25,100.51,8.6311
13003.25,101.06,8.6311
13004.25,100.59,8.6311
13005.25,100.61,8.6311
13006.25,101.31,8.6311
13007.25,100.86,8.6311
13008.25,100.57,8.6311
13009.26,101.17,8.631
13010.26,100.55,8.631
13011.26,100.5,8.631
13012.26,100.95,8.631
13013.26,100.78,8.6311
13014.26,100.83,8.6311
13015.26,101.14,8.6311
13016.27,100.77,8.6311
13017.27,100.77,8.6311
13018.27,101.15,8.631
13019.27,100.9,8.631
13020.27,101.25,8.631
13021.27,100.78,8.631
13022.27,100.81,8.6311
13023.28,101.3,8.631
13024.28,100.86,8.6311
13025.28,100.86,8.6311
13026.28,101.68,8.6311
13027.28,100.73,8.6311
13028.28,101.17,8.6311
13029.29,100.85,8.6311
13030.29,100.79,8.6311
13031.29,101.22,8.631
13032.29,100.67,8.631
13033.29,101.24,8.631
13034.29,100.83,8.631
13035.3,101.74,8.631
13036.3,308.17,8.7428
13037.3,150.61,8.8225
13038.3,102.53,8.8225
13039.3,101.26,8.8224
13040.3,100.83,8.8224
13041.3,100.8,8.8225
13042.3,101.19,8.8225
13043.31,100.84,8.8225
13044.31,105.29,8.8226
13045.31,101.2,8.8226
13046.31,100.83,8.8225
13047.31,101.16,8.8225
13048.31,100.69,8.8226
13049.32,101.06,8.8226
13050.32,100.61,8.8226
13051.32,102.94,8.8226
13052.32,122.64,8.8226
13053.32,101.68,8.8226
13054.32,101.14,8.8226
13055.33,100.49,8.8226
13056.33,100.72,8.8226
13057.33,101.18,8.8226
13058.33,100.92,8.8226
13059.33,100.77,8.8225
13060.33,101.14,8.8225
13061.33,100.76,8.8224
13062.34,101.21,8.8224
13063.34,102.86,8.8225
13064.34,102.87,8.8226
13065.34,101.24,8.8226
13066.34,100.81,8.8226
13067.34,101.15,8.8226
13068.35,100.73,8.8226
13069.35,100.8,8.8226
13070.35,101.2,8.8226
13071.35,100.81,8.8226
13072.35,101.11,8.8226
13073.35,102.89,8.8228
13074.36,100.64,8.8228
13075.36,101.12,8.8228
13076.36,100.63,8.8228
13077.36,101.09,8.8228
13078.36,100.9,8.8228
13079.36,100.79,8.8228
13080.36,101.17,8.8228
13081.37,121.82,8.8228
13082.37,101.21,8.8228
13083.37,101.9,8.8228
13084.37,100.71,8.8228
13085.37,101.28,8.8228
13086.37,100.82,8.8228
13087.37,100.79,8.8228
13088.38,101.16,8.8228
13089.38,100.71,8.8228
13090.38,100.6,8.8228
13091.38,100.88,8.8228
13092.38,100.67,8.8228
13093.38,100.85,8.8228
13094.39,101.02,8.8228
13095.39,100.73,8.8227
13096.39,101.11,8.8227
13097.39,100.67,8.8228
13098.39,100.78,8.8227
13099.39,101.16,8.8227
13100.39,100.75,8.8227
13101.39,100.82,8.8227
13102.4,101.31,8.8228
13103.4,101.11,8.8228
13104.4,100.75,8.8227
13105.4,100.78,8.8228
13106.4,101.13,8.8228
13107.4,100.65,8.8228
13108.4,100.84,8.8228
13109.4,101.31,8.8228
13110.4,100.89,8.8228
13111.41,100.81,8.8228
13112.41,101.2,8.8228
13113.41,100.91,8.8228
13114.41,100.8,8.8228
13115.41,101.22,8.8228
13116.41,100.76,8.8227
13117.42,100.77,8.8227
13118.42,101.17,8.8228
13119.42,100.62,8.8228
13120.42,100.48,8.8227
13121.42,100.97,8.8227
13122.42,100.47,8.8226
13123.42,100.71,8.8228
13124.42,101.13,8.8228
13125.43,100.67,8.8228
13126.43,101.17,8.8228
13127.43,100.72,8.8227
13128.43,100.87,8.8228
13129.43,101.2,8.8228
13130.43,100.83,8.8228
13131.44,100.79,8.8228
13132.44,101.23,8.8228
13133.44,100.91,8.8227
13134.44,101.06,8.8227
13135.44,100.66,8.8227
13136.44,101.96,8.8228
13137.44,101.2,8.8228
13138.45,100.87,8.8228
13139.45,100.78,8.8228
13140.45,101.16,8.8228
13141.45,100.74,8.8228
13142.45,101.21,8.8227
13143.45,100.84,8.8227
13144.45,100.76,8.8227
13145.46,101.16,8.8227
13146.46,100.75,8.8227
13147.46,100.75,8.8227
13148.46,101.25,8.8227
13149.46,100.56,8.8227
13150.46,100.71,8.8228
13151.46,101.12,8.8227
13152.47,100.51,8.8227
13153.47,101.04,8.8228
13154.47,100.52,8.8228
13155.47,100.53,8.8228
13156.47,102.42,8.8228
13157.47,100.48,8.8228
13158.47,100.59,8.8228
13159.48,100.94,8.8228
13160.48,100.78,8.8228
13161.48,100.55,8.8227
13162.48,101.22,8.8227
13163.48,100.92,8.8227
13164.48,101.08,8.8226
13165.49,100.65,8.8227
13166.49,100.6,8.8228
13167.49,101.22,8.8227
13168.49,100.88,8.8227
13169.49,100.76,8.8227
13170.49,101.24,8.8227
13171.49,100.84,8.8227
13172.5,101.01,8.8228
13173.5,102.7,8.8228
13174.5,100.76,8.8228
13175.5,101.1,8.8226
13176.5,100.74,8.8226
13177.5,100.76,8.8226
13178.51,101.21,8.8227
13179.51,100.81,8.8226
13180.51,101.23,8.8226
13181.51,100.77,8.8226
13182.51,100.46,8.8227
13183.51,100.99,8.8229
13184.51,100.42,8.8229
13185.52,100.5,8.8229
13186.52,101.19,8.8227
13187.52,100.77,8.8227
13188.52,101.17,8.8227
13189.52,100.73,8.8226
13190.52,100.72,8.8226
13191.52,101.18,8.8227
13192.53,100.78,8.8227
13193.53,100.71,8.8229
13194.53,101.04,8.8229
13195.53,100.66,8.8227
13196.53,100.7,8.8229
13197.53,100.62,8.8229
13198.53,100.95,8.8229
13199.53,100.65,8.8229
13200.54,100.88,8.8229
13201.54,100.72,8.8229
13202.54,100.75,8.8229
13203.54,101.28,8.8229
13204.54,100.76,8.8229
13205.54,101.0,8.8229
13206.55,100.75,8.8229
13207.55,100.68,8.8229
13208.55,101.22,8.8229
13209.55,100.63,8.8229
13210.55,101.2,8.8229
13211.55,100.83,8.8229
13212.55,100.62,8.8229
13213.56,101.17,8.8229
13214.56,100.53,8.8228
13215.56,100.66,8.8228
13216.56,101.17,8.8228
13217.56,100.75,8.8228
13218.56,101.17,8.8228
13219.57,100.79,8.8228
13220.57,100.82,8.8228
13221.57,101.2,8.8228
13222.57,100.77,8.8229
13223.57,100.76,8.8229
13224.57,100.95,8.8228
13225.57,100.61,8.8228
13226.58,100.7,8.8228
13227.58,101.2,8.8228
13228.58,100.58,8.8228
13229.58,100.65,8.8228
13230.58,101.11,8.8228
13231.58,100.68,8.8228
13232.58,100.61,8.8228
13233.58,101.12,8.8228
13234.59,100.71,8.8228
13235.59,100.77,8.8227
13236.59,101.16,8.8227
13237.59,100.61,8.8227
13238.59,100.77,8.8227
13239.59,101.07,8.8227
13240.59,100.77,8.8227
13241.6,101.17,8.8227
13242.6,100.76,8.8227
13243.6,100.56,8.8227
13244.6,101.01,8.8226
13245.6,100.72,8.8226
13246.6,101.11,8.8226
13247.6,100.51,8.8226
13248.61,100.67,8.8227
13249.61,101.11,8.8227
13250.61,100.52,8.8227
13251.61,100.54,8.8227
13252.61,100.89,8.8227
13253.61,100.76,8.8228
13254.62,100.73,8.8228
13255.62,101.17,8.8228
13256.62,100.83,8.8228
13257.62,101.21,8.8227
13258.62,100.85,8.8228
13259.62,100.81,8.8228
13260.62,101.24,8.8228
13261.63,100.86,8.8228
13262.63,100.74,8.8228
13263.63,101.3,8.8228
13264.63,100.83,8.8228
13265.63,100.86,8.8228
13266.63,101.11,8.8228
13267.63,100.57,8.8228
13268.64,103.3,8.8228
13269.64,100.46,8.8228
13270.64,100.66,8.8228
13271.64,101.22,8.8228
13272.64,100.61,8.8227
13273.64,101.16,8.8227
13274.65,100.94,8.8227
13275.65,100.43,8.8228
13276.65,101.02,8.8228
13277.65,100.67,8.8228
13278.65,100.81,8.8228
13279.65,100.72,8.8228
13280.65,101.14,8.8228
13281.65,100.8,8.8228
13282.66,101.23,8.8228
13283.66,101.82,8.8228
13284.66,100.61,8.8227
13285.66,318.97,1.9397
13286.66,319.63,2.0849
13287.66,338.64,2.3199
13288.66,340.08,2.7191
13289.67,320.7,3.1254
13290.67,306.8,3.6949
13291.67,311.45,4.1094
13292.67,305.11,4.6149
13293.67,300.65,5.1029
13294.67,305.48,5.5224
13295.67,307.24,5.9371
13296.67,300.71,6.433
13297.68,311.84,6.8504
13298.68,293.75,6.9582
13299.68,306.91,6.9587
13300.68,309.39,6.9593
13301.68,332.6,6.8978
13302.68,139.75,1.8341
13303.68,342.69,2.0593
13304.69,328.54,2.2219
13305.69,342.98,2.5141
13306.69,327.41,2.8448
13307.69,313.04,3.2365
13308.69,305.54,3.815
13309.69,311.91,4.2322
13310.69,300.95,4.7985
13311.7,301.67,5.2402
13312.7,302.68,5.6584
13313.7,307.38,6.0891
13314.7,306.17,6.5805
13315.7,297.91,6.965
13316.7,305.67,6.965
13317.7,313.76,6.9676
13318.71,229.52,2.5242
13319.71,277.36,2.014
13320.71,359.88,2.2067
13321.71,357.0,2.5049
13322.71,337.32,2.8054
13323.71,322.11,3.1698
13324.71,253.06,1.9516
13325.71,339.23,2.1546
13326.72,302.2,1.8008
13327.72,301.92,2.0046
13328.72,309.31,2.1481
13329.72,343.93,2.4104
13330.72,342.21,2.739
13331.72,322.06,3.0341
13332.73,290.63,3.58
13333.73,311.14,4.0133
13334.73,306.54,4.4369
13335.73,304.06,4.8974
13336.73,305.3,5.3628
13337.73,305.3,5.8556
13338.73,302.75,6.2966
13339.73,294.29,6.877
13340.74,297.22,6.9931
13341.74,245.55,6.9906
13342.74,322.46,6.6242
13343.74,157.77,1.8505
13344.74,339.51,2.0379
13345.74,282.63,1.8709
13346.74,332.87,2.0589
13347.75,341.36,2.3571
13348.75,308.41,2.7457
13349.75,315.25,3.1047
13350.75,311.12,3.4523
13351.75,322.72,3.7748
13352.75,201.84,1.8612
13353.75,344.18,2.062
13354.75,365.4,2.2993
13355.76,323.92,2.6591
13356.76,314.17,3.0278
13357.76,315.71,3.3598
13358.76,311.75,3.6932
13359.76,216.55,1.8305
13360.76,324.63,2.0211
13361.76,338.77,2.1817
13362.77,322.25,2.4488
13363.77,306.11,2.766
13364.77,308.09,3.0509
13365.77,311.71,3.3809
13366.77,317.8,3.6999
13367.77,193.97,1.8289
13368.77,321.77,2.0285
13369.77,335.5,2.1809
13370.78,322.67,2.4459
13371.78,305.86,2.7518
13372.78,309.54,3.0384
13373.78,313.56,3.3831
13374.78,314.53,3.6912
13375.78,235.19,1.8649
13376.78,342.14,2.0576
13377.79,353.93,2.3445
13378.79,314.14,2.7183
13379.79,315.63,3.0897
13380.79,306.58,3.4237
13381.79,320.07,3.7333
13382.79,212.27,1.8649
13383.79,336.29,2.0501
13384.79,344.64,2.2432
13385.8,317.45,2.5212
13386.8,307.95,2.8201
13387.8,313.21,3.0969
13388.8,310.23,3.4294
13389.8,321.74,3.7315
13390.8,234.18,1.8965
13391.8,330.67,2.0929
13392.81,342.48,2.3997
13393.81,311.96,2.7834
13394.81,314.66,3.1462
13395.81,307.65,3.4991
13396.81,312.75,3.0663
13397.81,263.21,2.0052
13398.81,353.18,2.1673
13399.81,334.79,2.5062
13400.82,314.7,2.8739
13401.82,317.8,3.2091
13402.82,305.25,3.5471
13403.82,275.38,3.6464
13404.82,252.18,1.9762
13405.82,325.34,2.1413
13406.82,341.01,2.4651
13407.83,311.37,2.8391
13408.83,315.29,3.1804
13409.83,305.8,3.5028
13410.83,308.54,3.7793
13411.83,208.82,1.8938
13412.83,348.17,2.0741
13413.83,360.02,2.3684
13414.83,326.34,2.7475
13415.84,324.33,3.122
13416.84,311.83,3.4687
13417.84,328.52,3.7875
13418.84,251.55,1.956
13419.84,325.01,2.0933
13420.84,340.28,2.3296
13421.84,307.25,2.626
13422.85,307.51,2.9316
13423.85,318.2,3.2161
13424.85,305.82,3.5347
13425.85,285.52,2.1875
13426.85,269.44,2.0046
13427.85,330.16,2.1701
13428.85,327.07,2.5105
13429.85,310.06,2.8908
13430.86,319.96,3.2376
13431.86,301.63,3.5746
13432.86,258.92,1.81
13433.86,300.52,2.0238
13434.86,354.33,2.2353
13435.86,321.86,2.5876
13436.86,313.9,2.9639
13437.87,315.36,3.2952
13438.87,311.75,3.6317
13439.87,224.26,1.8295
13440.87,315.11,2.033
13441.87,355.36,2.2592
13442.87,323.18,2.5888
13443.87,314.41,2.9377
13444.87,315.3,3.2574
13445.88,306.52,3.599
13446.88,237.14,2.0039
13447.88,287.39,2.0093
13448.88,338.47,2.191
13449.88,323.71,2.5352
13450.88,312.23,2.9146
13451.89,317.76,3.2612
13452.89,314.4,3.581
13453.89,236.89,1.8314
13454.89,325.46,2.0492
13455.89,368.92,2.3242
13456.89,329.52,2.6288
13457.89,247.58,1.8341
13458.89,317.95,2.0054
13459.9,356.78,2.1823
13460.9,253.92,1.9192
13461.9,311.27,2.0558
13462.9,297.15,1.8232
13463.9,305.15,1.9989
13464.9,330.21,1.8123
13465.9,315.73,2.0096
13466.91,365.71,2.1891
13467.91,272.06,1.9877
13468.91,312.29,1.8146
13469.91,301.24,2.0061
13470.91,338.17,1.7492
13471.91,285.59,2.0002
13472.91,314.85,2.2594
13473.91,351.98,2.3931
13474.92,340.25,2.6316
13475.92,319.99,2.872
13476.92,312.88,3.2142
13477.92,309.38,3.5141
13478.92,304.9,3.8516
13479.92,307.04,4.1546
13480.92,302.48,4.4438
13481.93,303.34,4.7652
13482.93,301.17,5.0042
13483.93,302.72,5.382
13484.93,300.74,5.5922
13485.93,302.23,5.8251
13486.93,302.7,6.0641
13487.94,301.19,6.2858
13488.94,304.34,6.4806
13489.94,268.53,6.6629
13490.94,241.35,6.9838
13491.94,263.22,6.9843
13492.94,186.29,1.7745
13493.94,292.06,1.9889
13494.94,289.51,1.834
13495.95,302.59,1.9983
13496.95,293.39,1.8386
13497.95,322.88,2.0143
13498.95,294.08,1.8529
13499.95,333.33,2.0359
13500.95,289.07,1.8581
13501.95,357.18,2.0381
13502.96,281.78,1.8882
13503.96,300.75,2.0262
13504.96,291.57,1.8822
13505.96,340.03,2.0644
13506.96,290.88,1.9234
13507.96,336.21,2.0813
13508.96,289.76,1.9928
13509.97,324.39,1.8129
13510.97,280.7,1.9811
13511.97,288.97,1.8343
13512.97,317.23,2.004
13513.97,287.57,1.9837
13514.97,327.62,1.9576
13515.97,273.68,1.9985
13516.97,294.45,1.8244
13517.98,309.52,1.998
13518.98,300.43,1.9084
13519.98,342.75,2.0786
13520.98,302.77,1.8225
13521.98,301.57,2.0019
13522.98,330.74,2.1236
13523.98,269.51,1.8867
13524.99,310.66,2.0508
13525.99,346.11,2.2419
13526.99,253.89,1.8997
13527.99,303.07,2.0395
13528.99,268.37,1.8764
13529.99,307.87,2.0547
13530.99,363.78,2.2591
13531.99,342.51,2.5286
13533.0,250.42,1.7796
13534.0,284.7,2.0126
13535.0,311.12,2.144
13536.0,355.12,2.4623
13537.0,315.46,1.9554
13538.0,271.53,1.9912
13539.0,337.47,2.1411
13540.0,364.79,2.3959
13541.01,328.91,2.6912
13542.01,310.97,2.9478
13543.01,234.56,1.8681
13544.01,342.44,2.1181
13545.01,361.25,2.2577
13546.01,320.84,2.4668
13547.01,306.21,2.6857
13548.02,303.16,2.8927
13549.02,247.03,1.8502
13550.02,328.03,2.0815
13551.02,325.82,2.189
13552.02,328.76,2.4194
13553.02,309.66,2.6715
13554.02,311.92,2.9086
13555.03,308.18,3.2282
13556.03,254.85,3.6683
13557.03,246.39,4.1335
13558.03,127.95,4.6387
13559.03,116.13,5.131
13560.03,204.07,1.8859
13561.03,335.38,2.1148
13562.04,351.55,2.3822
13563.04,316.34,2.7436
13564.04,310.65,3.1403
13565.04,311.05,3.5083
13566.04,330.08,3.8315
13567.04,290.62,4.2151
13568.04,159.62,4.4712
13569.04,112.37,4.6743
13570.05,130.81,4.798
13571.05,115.36,4.9736
13572.05,103.72,5.0825
13573.05,102.15,5.2354
13574.05,107.5,5.3442
13575.05,100.89,5.453
13576.06,110.33,5.5974
13577.06,104.73,5.7063
13578.06,119.75,3.4712
13579.06,251.26,1.9693
13580.06,334.67,2.1536
13581.06,339.0,2.3895
13582.06,313.41,2.6681
13583.07,313.11,3.0057
13584.07,302.13,3.309
13585.07,315.33,3.6048
13586.07,327.98,3.9316
13587.07,203.16,1.8654
13588.07,344.43,2.117
13589.07,365.32,2.3475
13590.07,327.1,2.6569
13591.08,316.73,2.9132
13592.08,319.6,3.268
13593.08,195.48,3.7796
13594.08,236.16,4.2827
13595.08,301.91,4.8461
13596.08,221.04,1.7619
13597.08,280.84,2.0006
13598.09,340.2,2.1671
13599.09,360.47,2.3697
13600.09,325.15,2.6084
13601.09,317.52,2.8613
13602.09,314.53,3.0854
13603.09,254.43,2.0078
13604.09,353.86,2.1648
13605.1,332.43,2.4382
13606.1,307.85,2.7521
13607.1,308.54,2.9987
13608.1,235.45,1.8503
13609.1,325.04,2.0846
13610.1,352.74,2.1838
13611.1,350.54,2.4584
13612.11,322.46,2.7633
13613.11,311.96,3.017
13614.11,247.99,1.8499
13615.11,318.49,2.0835
13616.11,344.5,2.1872
13617.11,332.37,2.4041
13618.11,309.71,2.6419
13619.12,308.16,2.8522
13620.12,318.38,3.1141
13621.12,316.4,3.5338
13622.12,247.17,1.9929
13623.12,323.62,2.1222
13624.12,287.95,1.9229
13625.12,359.01,2.1306
13626.13,358.03,2.4177
13627.13,315.79,2.7429
13628.13,325.75,3.0354
13629.13,227.43,1.9313
13630.13,291.47,2.0579
13631.13,265.01,2.0208
13632.13,317.11,2.4504
13633.14,310.99,2.8893
13634.14,229.14,3.395
13635.14,128.09,3.9264
13636.14,164.09,4.2849
13637.14,355.69,4.5049
13638.14,344.79,4.8225
13639.14,316.16,5.165
13640.15,309.68,5.5332
13641.15,305.23,5.8542
13642.15,307.09,6.1021
13643.15,301.54,6.309
13644.15,300.86,6.5478
13645.15,317.95,6.8482
13646.15,332.78,7.5749
13647.16,303.4,7.6172
13648.16,308.62,7.6188
13649.16,309.27,7.62
13650.16,303.81,7.6218
13651.16,284.53,7.6219
13652.16,191.79,7.6219
13653.16,138.51,7.6219
13654.17,108.53,7.6219
13655.17,102.01,7.6219
13656.17,129.21,7.6219
13657.17,121.63,7.6219
13658.17,201.73,7.622
13659.17,209.96,7.6223
13660.17,157.53,7.6223
13661.18,136.56,7.6223
13662.18,108.36,7.6223
13663.18,106.96,7.6224
13664.18,108.05,7.7226
13665.18,120.37,7.723
13666.18,145.29,7.723
13667.19,168.14,7.7231
13668.19,157.92,7.723
13669.19,131.12,7.7232
13670.19,104.34,7.7232
13671.19,100.81,7.7232
13672.19,101.29,7.7232
13673.19,104.67,7.7232
13674.2,101.31,7.7232
13675.2,130.21,7.7232
13676.2,101.86,7.7232
13677.2,103.22,7.7232
13678.2,153.96,7.7232
13679.2,110.84,7.7232
13680.21,126.6,7.7232
13681.21,107.98,7.7232
13682.21,109.55,7.7232
13683.21,125.97,7.7232
13684.21,103.5,7.7232
13685.21,101.14,7.7232
13686.22,100.89,7.7232
13687.22,101.48,7.7232
13688.22,167.54,7.7232
13689.22,130.14,7.7232
13690.22,115.31,7.7232
13691.22,106.79,7.7232
13692.22,112.62,7.7232
13693.23,100.98,7.7232
13694.23,100.94,7.7232
13695.23,104.78,7.7231
13696.23,100.86,7.7231
13697.23,134.81,7.8754
13698.23,247.59,8.5441
13699.23,104.61,8.5921
13700.24,103.06,8.5921
13701.24,101.57,8.5921
13702.24,100.68,8.5921
13703.24,120.06,8.5921
13704.24,100.79,8.5922
13705.24,100.63,8.5922
13706.24,101.04,8.5922
13707.25,100.61,8.5921
13708.25,100.96,8.5921
13709.25,100.88,8.5921
13710.25,100.73,8.5922
13711.25,101.96,8.5922
13712.25,100.59,8.5922
13713.26,102.04,8.5922
13714.26,123.32,8.5923
13715.26,113.02,8.5923
13716.26,101.32,8.5923
13717.26,101.48,8.5923
13718.26,147.8,8.5922
13719.26,101.86,8.5922
13720.27,108.54,8.5922
13721.27,101.27,8.5922
13722.27,101.19,8.5922
13723.27,118.26,8.5923
13724.27,131.57,8.5924
13725.27,102.1,8.5924
13726.27,101.71,8.5923
13727.28,103.6,8.5923
13728.28,108.77,8.5923
13729.28,100.87,8.5923
13730.28,101.31,8.5923
13731.28,108.46,8.5923
13732.28,101.62,8.5923
13733.28,102.72,8.5923
13734.29,102.8,8.5923
13735.29,100.87,8.5921
13736.29,101.32,8.5921
13737.29,121.48,8.5921
13738.29,100.95,8.5921
13739.29,100.53,8.5922
13740.29,100.54,8.5922
13741.3,104.5,8.5922
13742.3,100.49,8.5922
13743.3,113.74,8.5922
13744.3,100.98,8.5922
13745.3,100.89,8.5922
13746.3,101.34,8.5922
13747.31,100.88,8.5922
13748.31,100.9,8.5922
13749.31,101.28,8.5922
13750.31,100.74,8.5923
13751.31,101.21,8.5923
13752.31,100.76,8.5923
13753.31,101.05,8.5924
13754.32,101.35,8.5924
13755.32,100.91,8.5924
13756.32,101.27,8.5924
13757.32,100.86,8.5924
13758.32,100.92,8.5924
13759.32,101.22,8.5924
13760.33,100.86,8.5924
13761.33,101.27,8.5924
13762.33,100.81,8.5924
13763.33,100.98,8.5924
13764.33,101.31,8.5923
13765.33,100.9,8.5923
13766.34,101.31,8.5923
13767.34,100.89,8.5923
13768.34,100.89,8.5923
13769.34,101.15,8.5923
13770.34,100.91,8.5923
13771.34,102.81,8.5924
13772.35,104.26,8.5924
13773.35,101.01,8.5923
13774.35,101.35,8.5923
13775.35,100.9,8.5923
13776.35,100.89,8.5923
13777.35,101.36,8.5923
13778.35,100.97,8.5923
13779.36,101.19,8.5923
13780.36,102.3,8.5923
13781.36,100.89,8.5923
13782.36,101.3,8.5923
13783.36,101.1,8.5924
13784.36,101.24,8.5923
13785.37,100.92,8.5923
13786.37,112.86,8.5924
13787.37,101.33,8.5923
13788.37,100.9,8.5924
13789.37,101.19,8.5923
13790.37,100.61,8.5923
13791.38,115.85,8.5922
13792.38,105.38,8.5922
13793.38,100.98,8.5922
13794.38,101.27,8.5922
13795.38,100.84,8.5922
13796.38,101.08,8.5922
13797.38,101.34,8.5923
13798.39,100.95,8.5923
13799.39,100.89,8.5923
13800.39,101.23,8.5924
13801.39,100.99,8.5924
13802.39,100.92,8.5924
13803.39,101.42,8.5923
13804.39,100.9,8.5923
13805.4,101.32,8.5923
13806.4,101.0,8.5923
13807.4,103.29,8.5923
13808.4,101.31,8.5923
13809.4,101.13,8.5923
13810.4,103.3,8.5923
13811.4,123.63,8.5923
13812.41,100.57,8.5923
13813.41,100.67,8.5923
13814.41,101.08,8.5923
13815.41,100.63,8.5923
13816.41,100.64,8.5923
13817.41,100.93,8.5923
13818.41,100.65,8.5923
13819.42,100.92,8.5923
13820.42,100.51,8.5923
13821.42,100.56,8.5923
13822.42,101.22,8.5923
13823.42,101.02,8.5923
13824.42,101.69,8.5925
13825.43,101.24,8.5923
13826.43,100.89,8.5923
13827.43,100.96,8.5924
13828.43,104.64,8.5924
13829.43,101.49,8.5924
13830.43,101.31,8.5924
13831.43,100.9,8.5924
13832.44,118.91,8.5927
13833.44,308.39,8.7491
13834.44,101.26,8.7491
13835.44,100.87,8.7491
13836.44,101.34,8.7491
13837.44,100.88,8.7491
13838.44,100.9,8.7491
13839.45,101.28,8.7491
13840.45,104.48,8.7491
13841.45,102.49,8.7491
13842.45,103.38,8.7491
13843.45,131.6,8.7492
13844.45,101.26,8.7492
13845.45,100.88,8.7492
13846.46,101.39,8.7492
13847.46,100.85,8.7493
13848.46,100.92,8.7491
13849.46,101.18,8.7491
13850.46,100.8,8.7491
13851.46,101.2,8.7493
13852.47,100.83,8.7493
13853.47,101.01,8.7491
13854.47,101.25,8.749
13855.47,100.97,8.749
13856.47,101.23,8.749
13857.47,100.88,8.749
13858.48,100.94,8.7491
13859.48,101.3,8.7491
13860.48,100.91,8.7491
13861.48,101.29,8.7491
13862.48,100.69,8.749
13863.48,100.69,8.7492
13864.48,100.97,8.7492
13865.49,100.59,8.7492
13866.49,101.2,8.7492
13867.49,106.76,8.7492
13868.49,100.61,8.7492
13869.49,100.89,8.7492
13870.49,100.57,8.7492
13871.5,100.68,8.7492
13872.5,101.25,8.7492
13873.5,100.98,8.7492
13874.5,101.25,8.7492
13875.5,100.71,8.7492
13876.5,100.67,8.7492
13877.51,101.24,8.749
13878.51,100.92,8.749
13879.51,100.97,8.749
13880.51,101.29,8.7491
13881.51,100.9,8.7491
13882.52,101.27,8.7491
13883.52,100.91,8.7491
13884.52,100.92,8.7491
13885.52,101.27,8.7491
13886.53,100.88,8.7491
13887.53,100.85,8.7491
13888.53,101.38,8.7491
13889.53,100.75,8.7491
13890.53,101.29,8.7491
13891.53,100.89,8.7491
13892.53,101.21,8.7491
13893.54,101.45,8.7491
13894.54,100.79,8.7491
13895.54,100.84,8.7491
13896.54,101.22,8.7491
13897.54,100.87,8.7491
13898.54,101.3,8.7491
13899.55,100.85,8.7491
13900.55,100.93,8.7491
13901.55,101.44,8.7491
13902.55,100.78,8.7491
13903.55,101.01,8.7491
13904.55,101.34,8.7491
13905.55,100.88,8.7491
13906.55,100.91,8.7491
13907.56,101.3,8.7491
13908.56,100.92,8.7491
13909.56,101.23,8.7491
13910.56,100.85,8.7491
13911.56,100.86,8.749
13912.56,101.3,8.749
13913.57,101.04,8.7491
13914.57,100.85,8.7491
13915.57,101.3,8.7491
13916.57,101.5,8.7491
13917.57,101.3,8.7491
13918.57,100.94,8.7491
13919.58,100.84,8.749
13920.58,101.26,8.749
13921.58,100.89,8.749
13922.58,100.89,8.7491
13923.58,102.45,8.7492
13924.58,100.81,8.7492
13925.58,107.04,8.7491
13926.59,100.86,8.749
13927.59,100.88,8.749
13928.59,101.32,8.7491
13929.59,100.71,8.749
13930.59,101.29,8.749
13931.59,100.94,8.7491
13932.59,100.86,8.7491
13933.6,101.41,8.7491
13934.6,100.84,8.7491
13935.6,100.83,8.7491
13936.6,101.25,8.7491
13937.6,100.86,8.7491
13938.6,101.31,8.7491
13939.61,100.86,8.7491
13940.61,100.9,8.7491
13941.61,101.32,8.7491
13942.61,100.84,8.7491
13943.61,101.01,8.7492
13944.61,101.34,8.7492
13945.61,100.91,8.7492
13946.61,100.86,8.7492
13947.62,101.29,8.7492
13948.62,100.93,8.7492
13949.62,101.14,8.7492
13950.62,100.93,8.7492
13951.62,100.86,8.7492
13952.63,101.27,8.7492
13953.63,101.0,8.7492
13954.63,101.21,8.7492
13955.63,100.89,8.7492
13956.63,101.28,8.7492
13957.63,100.92,8.7492
13958.63,100.93,8.7492
13959.64,101.26,8.7492
13960.64,100.89,8.7492
13961.64,100.91,8.7492
13962.64,101.28,8.7492
13963.64,100.99,8.7492
13964.64,101.27,8.7492
13965.65,100.87,8.7492
13966.65,100.9,8.7491
13967.65,101.27,8.7491
13968.65,100.9,8.749
13969.65,101.32,8.749
13970.65,100.88,8.749
13971.65,100.9,8.749
13972.66,100.93,8.749
13973.66,100.67,8.7491
13974.66,101.12,8.7491
13975.66,100.88,8.7491
13976.66,100.94,8.7492
13977.66,101.3,8.7492
13978.67,100.92,8.7492
13979.67,100.88,8.7492
13980.67,101.32,8.7491
13981.67,100.71,8.7493
13982.67,100.84,8.7493
13983.67,101.43,8.7493
13984.67,100.48,8.7493
13985.68,101.29,8.7493
13986.68,100.89,8.7493
13987.68,100.92,8.7493
13988.68,101.4,8.7491
13989.68,100.72,8.7491
13990.68,101.11,8.7491
13991.69,100.59,8.7491
13992.69,100.78,8.7493
13993.69,102.82,8.7493
13994.69,100.69,8.7493
13995.69,101.32,8.7491
13996.69,100.88,8.7491
13997.69,100.87,8.7493
13998.7,101.35,8.7493
13999.7,100.8,8.7493
14000.7,101.28,8.7493
14001.7,100.93,8.7491
14002.7,117.7,8.7491
14003.7,101.37,8.7493
14004.71,101.29,8.7493
14005.71,100.54,8.7493
14006.71,101.42,8.7493
14007.71,100.55,8.7493
14008.71,100.77,8.7493
14009.71,101.16,8.7493
14010.72,100.89,8.7493
14011.72,101.41,8.7493
14012.72,100.92,8.7493
14013.72,101.03,8.7493
14014.72,101.2,8.7493
14015.72,100.78,8.7493
14016.72,101.24,8.7493
14017.73,100.88,8.7493
14018.73,101.33,8.7493
14019.73,100.88,8.7493
14020.73,100.92,8.7493
14021.73,101.4,8.7493
14022.73,100.87,8.7493
14023.73,101.15,8.7493
14024.74,100.94,8.7492
14025.74,100.61,8.7492
14026.74,101.34,8.7492
14027.74,102.69,8.7492
14028.74,100.94,8.7492
14029.74,101.27,8.7492
14030.75,100.8,8.7492
14031.75,101.13,8.7492
14032.75,100.8,8.7492
14033.75,100.98,8.7492
14034.75,101.24,8.7492
14035.75,100.88,8.7491
14036.75,100.82,8.7491
14037.76,101.27,8.7491
14038.76,100.92,8.7491
14039.76,101.29,8.7491
14040.76,100.88,8.7491
14041.76,100.88,8.7492
14042.76,101.28,8.7492
14043.77,101.19,8.7492
14044.77,100.89,8.7492
14045.77,101.2,8.7492
14046.77,100.78,8.7492
14047.77,101.2,8.7492
14048.77,100.96,8.7492
14049.78,100.88,8.7492
14050.78,101.32,8.7491
14051.78,100.88,8.7491
14052.78,101.25,8.7491
14053.78,100.97,8.7491
14054.78,100.85,8.7491
14055.78,101.33,8.7491
14056.79,100.88,8.7491
14057.79,100.87,8.7491
14058.79,101.36,8.7492
14059.79,100.89,8.7491
14060.79,101.32,8.7491
14061.79,100.91,8.7492
14062.79,100.9,8.7492
14063.8,101.5,8.7491
14064.8,100.92,8.7492
14065.8,100.91,8.7492
14066.8,101.36,8.7492
14067.8,100.88,8.7492
14068.8,100.92,8.7492
14069.8,101.26,8.7492
14070.81,100.91,8.7492
14071.81,101.27,8.7492
14072.81,100.85,8.7492
14073.81,101.01,8.7492
14074.81,101.29,8.7492
14075.81,100.91,8.7492
14076.82,101.32,8.7492
14077.82,100.86,8.7492
14078.82,100.96,8.7492
14079.82,101.29,8.7492
14080.82,100.92,8.7492
14081.82,100.92,8.7492
14082.83,101.39,8.7492
14083.83,100.91,8.7492
14084.83,101.23,8.7492
14085.83,100.86,8.7492
14086.83,100.73,8.7491
14087.83,101.0,8.7491
14088.83,100.65,8.7492
14089.84,100.91,8.7492
14090.84,100.78,8.7491
14091.84,100.78,8.7491
14092.84,101.52,8.7493
14093.84,100.8,8.7492
14094.84,100.87,8.7492
14095.84,101.28,8.7491
14096.85,100.88,8.7491
14097.85,101.34,8.7491
14098.85,100.97,8.7491
14099.85,100.89,8.7491
14100.85,101.35,8.7492
14101.85,100.9,8.7492
14102.85,100.98,8.7492
14103.86,101.4,8.7492
14104.86,100.9,8.7492
14105.86,100.93,8.7491
14106.86,101.38,8.7492
14107.86,100.88,8.7492
14108.86,101.64,8.7492
14109.86,101.38,8.7492
14110.87,100.96,8.7492
14111.87,100.97,8.7492
14112.87,101.37,8.7491
14113.87,100.96,8.7492
14114.87,100.93,8.7492
14115.87,101.32,8.7491
14116.87,100.9,8.7491
14117.88,101.85,8.7491
14118.88,100.78,8.7492
14119.88,100.6,8.7492
14120.88,100.98,8.7491
14121.88,138.89,8.7492
14122.88,101.02,8.7492
14123.89,100.61,8.7492
14124.89,100.56,8.7492
14125.89,101.18,8.7494
14126.89,100.9,8.7494
14127.89,101.25,8.7494
14128.89,100.98,8.7494
14129.89,100.9,8.7494
14130.9,101.27,8.7494
14131.9,100.89,8.7494
14132.9,105.11,8.7494
14133.9,103.6,8.7494
14134.9,100.88,8.7493
14135.9,101.33,8.7493
14136.91,100.97,8.7493
14137.91,100.95,8.7493
14138.91,101.43,8.7493
14139.91,100.92,8.7493
14140.91,100.99,8.7493
14141.91,124.97,8.7494
14142.91,100.95,8.7494
14143.91,110.21,8.7494
14144.92,101.37,8.7494
14145.92,100.89,8.7494
14146.92,100.92,8.7494
14147.92,101.27,8.7494
14148.92,101.31,8.7494
14149.92,100.88,8.7494
14150.92,101.27,8.7494
14151.93,100.9,8.7494
14152.93,100.99,8.7494
14153.93,101.31,8.7494
14154.93,100.86,8.7494
14155.93,101.27,8.7494
14156.93,126.93,8.7494
14157.94,168.51,8.7495
14158.94,100.95,8.7495
14159.94,100.79,8.7495
14160.94,100.96,8.7495
14161.94,101.61,8.7495
14162.94,100.87,8.7495
14163.94,101.38,8.7495
14164.95,101.39,8.7495
14165.95,101.29,8.7495
14166.95,102.66,8.7494
14167.95,100.87,8.7494
14168.95,101.41,8.7494
14169.95,101.73,8.7494
14170.96,101.61,8.7494
14171.96,103.87,8.7494
14172.96,100.92,8.7494
14173.96,101.32,8.7497
14174.96,100.66,8.7497
14175.96,101.24,8.7497
14176.97,100.86,8.7497
14177.97,100.82,8.7497
14178.97,101.24,8.7497
14179.97,100.8,8.7497
14180.97,101.24,8.7497
14181.97,100.86,8.7497
14182.98,100.91,8.7497
14183.98,101.09,8.7497
14184.98,100.58,8.7497
14185.98,101.15,8.7497
14186.98,100.81,8.7497
14187.98,100.85,8.7497
14188.98,101.37,8.7497
14189.99,100.72,8.7497
14190.99,101.29,8.7497
14191.99,100.92,8.7497
14192.99,100.96,8.7497
14193.99,100.94,8.7498
14194.99,101.17,8.7498
14196.0,101.29,8.7498
14197.0,100.88,8.7498
14198.0,100.89,8.7498
14199.0,101.28,8.7498
14200.0,100.89,8.7498
14201.0,101.37,8.7498
14202.01,100.81,8.7498
14203.01,102.14,8.7498
14204.01,101.32,8.7498
14205.01,100.87,8.7498
14206.01,101.34,8.7498
14207.01,100.9,8.7498
14208.01,100.91,8.7498
14209.02,101.33,8.7497
14210.02,100.89,8.7497
14211.02,101.01,8.7497
14212.02,100.62,8.7497
14213.02,100.69,8.7497
14214.02,101.04,8.7498
14215.03,100.58,8.7498
14216.03,101.0,8.7497
14217.03,100.62,8.7498
14218.03,100.61,8.7498
14219.03,101.05,8.7499
14220.03,100.6,8.7499
14221.04,100.97,8.7499
14222.04,100.61,8.7498
14223.04,100.66,8.7498
14224.04,101.04,8.7498
14225.04,100.6,8.75
14226.04,101.03,8.75
14227.05,105.14,8.75
14228.05,100.83,8.75
14229.05,101.19,8.7499
14230.05,100.89,8.7499
14231.05,101.34,8.7499
14232.05,100.91,8.75
14233.05,100.94,8.75
14234.06,101.25,8.7499
14235.06,100.82,8.7498
14236.06,100.84,8.7498
14237.06,101.26,8.7498
14238.06,100.76,8.7499
14239.06,101.29,8.7501
14240.07,100.8,8.75
14241.07,100.89,8.75
14242.07,101.24,8.75
14243.07,100.9,8.7501
14244.07,101.26,8.7501
14245.07,100.82,8.7501
14246.08,100.82,8.7501
14247.08,101.26,8.7501
14248.08,100.82,8.7501
14249.08,101.29,8.7501
14250.08,100.87,8.7501
14251.08,100.93,8.7501
14252.08,101.31,8.7501
14253.09,100.79,8.7501
14254.09,100.57,8.7501
14255.09,100.99,8.7501
14256.09,100.6,8.7501
14257.09,100.65,8.7501
14258.09,101.38,8.7501
14259.09,100.87,8.7501
14260.1,100.79,8.7501
14261.1,101.15,8.7502
14262.1,100.78,8.7502
14263.1,101.32,8.7502
14264.1,100.97,8.7502
14265.1,100.81,8.7502
14266.1,101.21,8.7502
14267.11,100.59,8.7502
14268.11,100.94,8.7502
14269.11,100.65,8.7502
14270.11,100.89,8.7502
14271.11,100.51,8.7502
14272.11,100.55,8.7502
14273.12,101.04,8.7502
14274.12,100.6,8.7502
14275.12,100.96,8.7502
14276.12,100.57,8.7502
14277.12,100.59,8.7502
14278.12,100.99,8.7502
14279.13,100.6,8.7502
14280.13,101.0,8.7502
14281.13,100.59,8.7501
14282.13,100.62,8.7501
14283.13,101.08,8.7502
14284.13,100.67,8.7503
14285.14,100.61,8.7502
14286.14,101.03,8.7503
14287.14,100.64,8.7503
14288.14,101.02,8.7503
14289.14,100.64,8.7502
14290.14,100.61,8.7502
14291.15,101.03,8.7502
14292.15,100.62,8.7502
14293.15,101.06,8.7502
14294.15,100.67,8.7502
14295.15,100.73,8.7502
14296.15,101.28,8.7502
14297.15,100.87,8.7502
14298.16,101.27,8.7503
14299.16,100.67,8.7503
14300.16,100.86,8.7503
14301.16,101.27,8.7502
14302.16,100.85,8.7502
14303.16,101.39,8.7502
14304.17,100.92,8.7504
14305.17,100.89,8.7505
14306.17,101.28,8.7504
14307.17,100.92,8.7504
14308.17,101.31,8.7504
14309.17,100.92,8.7504
14310.17,100.89,8.7504
14311.18,101.3,8.7504
14312.18,100.95,8.7505
14313.18,101.41,8.7505
14314.18,100.68,8.7505
14315.18,100.57,8.7505
14316.18,100.98,8.7505
14317.19,100.6,8.7505
14318.19,101.17,8.7505
14319.19,100.54,8.7505
14320.19,100.54,8.7505
14321.19,101.33,8.7504
14322.19,100.9,8.7504
14323.2,100.9,8.7504
14324.2,101.36,8.7504
14325.2,100.88,8.7504
14326.2,100.88,8.7504
14327.2,101.38,8.7505
14328.2,100.86,8.7504
14329.2,100.89,8.7504
14330.2,101.26,8.7504
14331.21,100.84,8.7504
14332.21,101.29,8.7504
14333.21,100.95,8.7504
14334.21,100.93,8.7504
14335.21,101.25,8.7504
14336.21,100.85,8.7504
14337.22,100.84,8.7504
14338.22,100.94,8.7504
14339.22,100.63,8.7504
14340.22,101.01,8.7504
14341.22,100.59,8.7504
14342.22,100.6,8.7506
14343.22,101.06,8.7506
14344.23,100.65,8.7506
14345.23,100.63,8.7506
14346.23,102.11,8.7506
14347.23,100.59,8.7506
14348.23,100.65,8.7506
14349.23,101.79,8.7507
14350.23,100.93,8.7506
14351.23,100.89,8.7506
14352.24,101.36,8.7506
14353.24,101.07,8.7506
14354.24,100.88,8.7506
14355.24,101.24,8.7506
14356.24,100.89,8.7507
14357.24,100.92,8.7507
14358.24,101.34,8.7507
14359.25,100.95,8.7506
14360.25,101.33,8.7506
14361.25,100.93,8.7506
14362.25,100.89,8.7506
14363.25,101.28,8.7506
14364.25,100.95,8.7508
14365.26,100.85,8.7507
14366.26,101.28,8.7507
14367.26,100.6,8.7507
14368.26,100.96,8.7507
14369.26,100.58,8.7507
14370.26,100.53,8.7507
14371.26,101.06,8.7508
14372.27,100.64,8.7508
14373.27,100.94,8.7508
14374.27,101.32,8.7508
14375.27,100.81,8.7507
14376.27,100.9,8.7506
14377.27,101.23,8.7506
14378.27,100.87,8.7506
14379.28,100.93,8.7506
14380.28,101.22,8.7506
14381.28,101.01,8.7507
14382.28,101.29,8.7507
14383.28,100.92,8.7507
14384.28,100.83,8.7508
14385.29,101.21,8.751
14386.29,100.87,8.751
14387.29,101.17,8.751
14388.29,100.97,8.751
14389.29,101.35,8.751
14390.29,100.9,8.7509
14391.3,100.92,8.7509
14392.3,101.4,8.7509
14393.3,100.98,8.7509
14394.3,100.96,8.7509
14395.3,101.23,8.7509
14396.3,100.92,8.7509
14397.3,101.32,8.7508
14398.31,100.91,8.7508
14399.31,100.94,8.7508
14400.31,101.32,8.751
14401.31,100.91,8.751
14402.31,101.32,8.751
14403.31,101.44,8.7508
14404.31,100.85,8.7508
14405.32,101.05,8.7508
14406.32,100.83,8.7508
14407.32,100.7,8.751
14408.32,101.34,8.751
14409.32,100.9,8.751
14410.32,101.08,8.751
14411.33,100.91,8.751
14412.33,105.1,8.751
14413.33,100.64,8.7511
14414.33,100.76,8.7511
14415.33,101.22,8.7511
14416.33,102.31,8.7511
14417.34,100.83,8.7511
14418.34,101.31,8.7511
14419.34,100.88,8.7511
14420.34,101.33,8.7511
14421.34,100.88,8.7511
14422.34,100.93,8.7511
14423.34,104.16,8.7511
14424.35,100.86,8.7512
14425.35,101.19,8.7512
14426.35,100.91,8.7512
14427.35,100.87,8.7512
14428.35,101.55,8.7512
14429.35,358.64,9.018
14430.36,158.57,9.0691
14431.36,100.86,9.0691
14432.36,100.83,9.0691
14433.36,101.43,9.0691
14434.36,100.84,9.0691
14435.36,100.86,9.0691
14436.36,101.29,9.0691
14437.37,100.85,9.0692
14438.37,100.92,9.0692
14439.37,101.31,9.0692
14440.37,100.69,9.0692
14441.37,101.3,9.0691
14442.37,100.84,9.0691
14443.38,101.33,9.0693
14444.38,100.83,9.0693
14445.38,100.84,9.0692
14446.38,101.21,9.0693
14447.38,100.84,9.0693
14448.38,100.83,9.0693
14449.38,101.2,9.0693
14450.39,100.8,9.0692
14451.39,101.22,9.0693
14452.39,100.82,9.0693
14453.39,100.87,9.0693
14454.39,101.17,9.0693
14455.4,100.62,9.0693
14456.4,101.25,9.0693
14457.4,100.84,9.0693
14458.4,101.28,9.0693
14459.4,100.83,9.0693
14460.4,100.76,9.0692
14461.41,101.21,9.0692
14462.41,100.79,9.0692
14463.41,101.34,9.0692
14464.41,100.82,9.0692
14465.41,100.84,9.0692
14466.41,101.21,9.0693
14467.41,100.79,9.0693
14468.42,101.3,9.0693
14469.42,100.77,9.0693
14470.42,100.76,9.0693
14471.42,101.23,9.0693
14472.42,100.87,9.0693
14473.42,101.39,9.0693
14474.43,100.89,9.0693
14475.43,100.87,9.0693
14476.43,101.23,9.0693
14477.43,100.84,9.0693
14478.43,101.31,9.0693
14479.43,100.82,9.0693
14480.44,100.82,9.0693
14481.44,101.24,9.0693
14482.44,100.79,9.0693
14483.44,101.33,9.0694
14484.44,100.76,9.0693
14485.44,100.82,9.0693
14486.44,101.26,9.0693
14487.45,100.85,9.0693
14488.45,101.28,9.0696
14489.45,100.75,9.0696
14490.45,100.76,9.0696
14491.45,101.23,9.0696
14492.45,100.86,9.0696
14493.46,101.37,9.0696
14494.46,100.84,9.0695
14495.46,100.85,9.0695
14496.46,101.37,9.0695
14497.46,100.83,9.0695
14498.46,100.89,9.0696
14499.46,101.3,9.0696
14500.47,100.67,9.0695
14501.47,101.32,9.0694
14502.47,100.87,9.0695
14503.47,101.36,9.0695
14504.47,100.87,9.0695
14505.47,100.8,9.0695
14506.48,101.2,9.0695
14507.48,100.83,9.0695
14508.48,101.3,9.0695
14509.48,100.86,9.0695
14510.48,100.89,9.0696
14511.48,101.35,9.0696
14512.49,100.88,9.0696
14513.49,101.01,9.0697
14514.49,101.28,9.0697
14515.49,100.83,9.0697
14516.49,101.26,9.0697
14517.49,100.81,9.0697
14518.49,100.73,9.0697
14519.5,100.94,9.0697
14520.5,100.53,9.0697
14521.5,100.98,9.0697
14522.5,100.54,9.0697
14523.5,100.69,9.0698
14524.5,100.95,9.0698
14525.51,100.55,9.0697
14526.51,100.96,9.0698
14527.51,100.55,9.0698
14528.51,100.62,9.0698
14529.51,101.5,9.0698
14530.51,100.58,9.0698
14531.52,101.02,9.0698
14532.52,100.55,9.0698
14533.52,100.69,9.0698
14534.52,100.98,9.0698
14535.52,100.57,9.0698
14536.52,101.75,9.0697
14537.53,100.98,9.0697
14538.53,100.61,9.0697
14539.53,100.96,9.0697
14540.53,100.71,9.0697
14541.53,100.87,9.0697
14542.53,101.21,9.0697
14543.53,100.94,9.0698
14544.54,101.15,9.0698
14545.54,100.95,9.0697
14546.54,101.28,9.0697
14547.54,100.87,9.0697
14548.54,100.92,9.0698
14549.54,101.32,9.0698
14550.55,100.82,9.0698
14551.55,100.78,9.0698
14552.55,101.22,9.0698
14553.55,100.88,9.0698
14554.55,100.8,9.0698
14555.55,101.15,9.0698
14556.55,100.78,9.0698
14557.56,100.89,9.0698
14558.56,101.41,9.0699
14559.56,100.9,9.0698
14560.56,101.29,9.0698
14561.56,100.89,9.0698
14562.56,100.86,9.0698
14563.56,101.3,9.0698
14564.57,100.84,9.0698
14565.57,100.83,9.07
14566.57,101.31,9.07
14567.57,100.77,9.07
14568.57,100.84,9.07
14569.57,101.04,9.07
14570.57,100.54,9.07
14571.58,100.83,9.07
14572.58,101.34,9.07
14573.58,101.06,9.07
14574.58,100.86,9.07
14575.58,101.33,9.07
14576.58,100.84,9.07
14577.58,100.54,9.07
14578.58,101.06,9.07
14579.59,100.69,9.0699
14580.59,100.75,9.0699
14581.59,101.19,9.0699
14582.59,100.72,9.0699
14583.59,101.24,9.07
14584.59,100.79,9.07
14585.59,100.71,9.07
14586.6,101.18,9.07
14587.6,100.82,9.07
14588.6,100.89,9.0701
14589.6,101.21,9.0701
14590.6,100.69,9.0701
14591.6,100.85,9.0701
14592.6,101.11,9.0701
14593.61,100.77,9.0701
14594.61,100.68,9.07
14595.61,101.2,9.07
14596.61,100.89,9.07
14597.61,100.84,9.0701
14598.61,101.26,9.0701
14599.61,100.81,9.0701
14600.62,100.92,9.0702
14601.62,101.2,9.0702
14602.62,100.75,9.0702
14603.62,101.01,9.0702
14604.62,101.2,9.0702
14605.62,100.6,9.0702
14606.62,100.93,9.0702
14607.63,100.54,9.0702
14608.63,100.59,9.0702
14609.63,100.93,9.0701
14610.63,100.65,9.0701
14611.63,100.66,9.0702
14612.63,101.06,9.0702
14613.63,100.66,9.0702
14614.64,100.95,9.0703
14615.64,100.6,9.0703
14616.64,100.89,9.0703
14617.64,100.95,9.0703
14618.64,100.61,9.0703
14619.64,100.98,9.0703
14620.65,100.56,9.0702
14621.65,100.62,9.0703
14622.65,100.97,9.0703
14623.65,100.58,9.0703
14624.65,100.95,9.0702
14625.65,100.47,9.0702
14626.65,100.61,9.0703
14627.66,101.25,9.0702
14628.66,100.89,9.0702
14629.66,100.68,9.0702
14630.66,100.95,9.0702
14631.66,100.75,9.0702
14632.66,101.26,9.0702
14633.67,100.68,9.0702
14634.67,100.56,9.0702
14635.67,100.96,9.0702
14636.67,100.58,9.0702
14637.67,100.97,9.0703
14638.67,100.62,9.0703
14639.68,100.56,9.0704
14640.68,100.97,9.0704
14641.68,100.59,9.0704
14642.68,100.96,9.0704
14643.68,100.68,9.0704
14644.68,100.54,9.0704
14645.68,101.06,9.0704
14646.69,100.85,9.0704
14647.69,100.84,9.0704
14648.69,101.4,9.0704
14649.69,100.88,9.0704
14650.69,101.24,9.0704
14651.69,100.95,9.0703
14652.69,100.89,9.0703
14653.7,101.36,9.0704
14654.7,100.85,9.0705
14655.7,101.26,9.0705
14656.7,100.87,9.0705
14657.7,100.87,9.0705
14658.7,101.27,9.0705
14659.71,100.82,9.0704
14660.71,100.86,9.0704
14661.71,101.29,9.0704
14662.71,100.83,9.0704
14663.71,101.24,9.0704
14664.71,100.84,9.0704
14665.72,100.87,9.0705
14666.72,101.28,9.0705
14667.72,100.9,9.0705
14668.72,101.33,9.0705
14669.72,100.87,9.0706
14670.72,100.91,9.0706
14671.72,101.31,9.0706
14672.73,100.87,9.0706
14673.73,101.11,9.0706
14674.73,101.27,9.0706
14675.73,100.79,9.0706
14676.73,100.9,9.0706
14677.73,101.29,9.0706
14678.73,100.95,9.0706
14679.74,101.26,9.0705
14680.74,100.88,9.0705
14681.74,101.24,9.0705
14682.74,100.89,9.0705
14683.74,101.01,9.0706
14684.74,101.27,9.0706
14685.75,100.95,9.0707
14686.75,100.89,9.0707
14687.75,101.28,9.0707
14688.75,100.91,9.0707
14689.75,101.24,9.0707
14690.75,100.82,9.0707
14691.76,102.24,9.0707
14692.76,101.26,9.0707
14693.76,100.69,9.0707
14694.76,100.94,9.0707
14695.76,100.57,9.0707
14696.76,100.87,9.0707
14697.76,101.27,9.0707
14698.77,100.9,9.0707
14699.77,101.3,9.0707
14700.77,100.9,9.0707
14701.77,100.91,9.0707
14702.77,101.28,9.0707
14703.77,100.96,9.0708
14704.78,101.16,9.0708
14705.78,100.81,9.0708
14706.78,100.92,9.0708
14707.78,100.9,9.0708
14708.78,101.39,9.0708
14709.78,100.85,9.0708
14710.79,101.06,9.0708
14711.79,100.86,9.0708
14712.79,101.23,9.0708
14713.79,100.99,9.0708
14714.79,100.87,9.0708
14715.79,101.29,9.0708
14716.79,100.99,9.0709
14717.8,100.88,9.0708
14718.8,101.32,9.0709
14719.8,100.89,9.0709
14720.8,101.31,9.0709
14721.8,100.86,9.0709
14722.8,100.85,9.0709
14723.8,101.4,9.0709
14724.81,100.85,9.0709
14725.81,101.12,9.0709
14726.81,100.86,9.0709
14727.81,101.27,9.071
14728.81,100.93,9.071
14729.81,100.9,9.071
14730.82,101.3,9.071
14731.82,100.9,9.071
14732.82,100.87,9.071
14733.82,101.39,9.071
14734.82,100.88,9.071
14735.82,118.71,9.071
14736.83,100.88,9.071
14737.83,100.92,9.071
14738.83,101.36,9.071
14739.83,100.86,9.071
14740.83,100.91,9.071
14741.83,101.4,9.071
14742.83,100.95,9.071
14743.83,100.84,9.071
14744.84,100.95,9.0711
14745.84,100.41,9.0711
14746.84,100.92,9.071
14747.84,100.54,9.071
14748.84,100.89,9.071
14749.84,101.36,9.0711
14750.85,100.74,9.0711
14751.85,101.28,9.0711
14752.85,100.86,9.0711
14753.85,100.82,9.0711
14754.85,101.27,9.0711
14755.85,100.87,9.071
14756.85,100.82,9.071
14757.86,101.31,9.071
14758.86,100.86,9.0711
14759.86,100.83,9.0711
14760.86,101.17,9.0711
14761.86,100.82,9.0711
14762.86,101.33,9.0711
14763.87,100.91,9.0711
14764.87,100.68,9.0711
14765.87,101.14,9.0712
14766.87,100.86,9.0712
14767.87,101.26,9.0712
14768.87,100.88,9.0711
14769.87,101.77,9.0711
14770.88,101.27,9.0711
14771.88,100.81,9.0711
14772.88,100.87,9.0712
14773.88,101.23,9.0711
14774.88,100.8,9.0711
14775.88,101.16,9.0711
14776.89,100.85,9.0711
14777.89,100.86,9.0711
14778.89,101.28,9.0711
14779.89,100.81,9.0711
14780.89,101.26,9.0713
14781.89,100.85,9.0713
14782.9,100.97,9.0713
14783.9,101.23,9.0713
14784.9,100.59,9.0713
14785.9,101.15,9.0713
14786.9,119.43,9.0713
14787.9,101.36,9.0713
14788.9,101.01,9.0712
14789.91,100.82,9.0712
14790.91,101.27,9.0712
14791.91,100.83,9.0712
14792.91,100.95,9.0712
14793.91,101.3,9.0712
14794.91,100.84,9.0712
14795.92,101.25,9.0712
14796.92,100.88,9.0712
14797.92,100.9,9.0713
14798.92,101.41,9.0714
14799.92,100.84,9.0714
14800.92,100.9,9.0714
14801.92,101.28,9.0714
14802.93,100.71,9.0714
14803.93,100.8,9.0714
14804.93,101.25,9.0714
14805.93,100.82,9.0714
14806.93,101.27,9.0714
14807.93,100.89,9.0714
14808.94,100.87,9.0714
14809.94,101.2,9.0714
14810.94,100.87,9.0714
14811.94,101.28,9.0714
14812.94,100.95,9.0714
14813.94,100.93,9.0714
14814.94,101.23,9.0715
14815.95,101.16,9.0715
14816.95,100.86,9.0715
14817.95,100.86,9.0715
14818.95,101.32,9.0715
14819.95,100.78,9.0715
14820.96,100.74,9.0715
14821.96,101.16,9.0715
14822.96,100.87,9.0715
14823.96,101.2,9.0715
14824.96,100.79,9.0715
14825.96,100.81,9.0715
14826.96,101.25,9.0715
14827.97,100.86,9.0715
14828.97,101.22,9.0715
14829.97,100.8,9.0716
14830.97,237.9,1.9157
14831.97,311.57,2.0762
14832.97,264.78,1.8893
14833.97,344.4,2.0662
14834.98,294.23,1.892
14835.98,323.38,2.0896
14836.98,357.37,2.3532
14837.98,322.37,2.6066
14838.98,322.23,2.8461
14839.98,220.27,1.8904
14840.98,346.7,2.0917
14841.99,357.16,2.2456
14842.99,352.23,2.4546
14843.99,240.24,1.9302
14844.99,337.73,2.0928
14845.99,351.89,2.3085
14846.99,316.38,2.6371
14847.99,320.48,2.9473
14848.99,309.38,3.2084
14850.0,305.9,3.4694
14851.0,312.33,3.7014
14852.0,323.61,3.9496
14853.0,178.53,4.1406
14854.0,107.39,4.2262
14855.0,101.96,4.3086
14856.0,109.5,4.3809
14857.01,124.37,4.5699
14858.01,210.37,4.897
14859.01,101.46,5.1426
14860.01,102.35,5.4297
14861.01,101.35,5.6101
14862.01,102.59,5.7748
14863.01,100.94,6.0333
14864.02,101.37,6.1089
14865.02,101.12,6.1904
14866.02,100.83,6.346
14867.02,101.26,6.4805
14868.02,100.77,6.6078
14869.02,108.74,6.7727
14870.02,142.76,6.8322
14871.03,153.71,6.8486
14872.03,100.56,6.8555
14873.03,101.63,6.8625
14874.03,120.93,1.8632
14875.03,297.54,2.0256
14876.03,352.28,2.1725
14877.03,283.24,2.0078
14878.03,307.85,1.8601
14879.04,304.93,2.0669
14880.04,307.38,2.3395
14881.04,304.38,2.6913
14882.04,294.89,2.7856
14883.04,351.77,2.9996
14884.04,316.21,3.3188
14885.04,304.06,3.7248
14886.05,335.67,4.0499
14887.05,312.71,4.3358
14888.05,307.38,4.5774
14889.05,302.96,4.8466
14890.05,303.92,5.065
14891.05,301.84,5.1601
14892.05,302.98,5.2611
14893.05,301.58,5.3617
14894.06,301.87,5.4688
14895.06,300.84,5.5565
14896.06,301.62,5.6255
14897.06,275.04,5.702
14898.06,225.37,5.7901
14899.06,151.75,5.8962
14900.06,182.7,5.9782
14901.07,127.69,6.0353
14902.07,120.52,6.0887
14903.07,148.96,6.1583
14904.07,137.5,6.2124
14905.07,115.09,6.2937
14906.07,107.11,6.3881
14907.07,110.64,6.4646
14908.08,164.52,6.5596
14909.08,108.76,6.6199
14910.08,127.72,6.7011
14911.08,129.01,6.7388
14912.08,200.37,7.1221
14913.08,105.18,7.1221
14914.08,101.18,7.1399
14915.09,113.52,7.1732
14916.09,108.26,7.1731
14917.09,102.4,7.1731
14918.09,109.36,7.1731
14919.09,103.18,7.1731
14920.09,107.09,7.1731
14921.09,102.96,7.1731
14922.1,111.87,7.1731
14923.1,113.01,7.1731
14924.1,103.38,7.1731
14925.1,115.21,7.1731
14926.1,101.04,7.1766
14927.1,109.2,7.2518
14928.1,172.08,7.2734
14929.11,101.39,7.2734
14930.11,128.27,7.2734
14931.11,114.73,7.2735
14932.11,203.38,7.2735
14933.11,111.01,7.2736
14934.11,101.96,7.2736
14935.11,100.7,7.2736
14936.12,118.09,7.2736
14937.12,101.52,7.2736
14938.12,122.33,7.2736
14939.12,116.61,7.2736
14940.12,114.24,7.2737
14941.12,101.87,7.2737
14942.12,101.86,7.2737
14943.12,112.25,7.2737
14944.13,100.9,7.2737
14945.13,101.06,7.2736
14946.13,107.09,7.2736
14947.13,119.14,7.2736
14948.13,105.87,7.2736
14949.13,106.9,7.2736
14950.13,111.61,7.2736
14951.14,101.63,7.2736
14952.14,100.81,7.2736
14953.14,101.12,7.2737
14954.14,115.22,7.2737
14955.14,102.56,7.2737
14956.14,102.36,7.2737
14957.15,122.79,7.2737
14958.15,105.51,7.2737
14959.15,102.39,7.2738
14960.15,130.95,7.2737
14961.15,127.37,7.2738
14962.15,139.99,7.2737
14963.16,238.99,7.2736
14964.16,142.22,7.2736
14965.16,160.58,7.2737
14966.16,103.47,7.2737
14967.16,101.2,7.2737
14968.16,100.96,7.2737
14969.16,124.18,7.2737
14970.17,103.45,7.2737
14971.17,118.78,7.2737
14972.17,103.49,7.2737
14973.17,100.92,7.2737
14974.17,112.23,7.2739
14975.17,102.23,7.2738
14976.18,101.29,7.2739
14977.18,134.06,7.2739
14978.18,100.97,7.2739
14979.18,106.93,7.2739
14980.18,100.84,7.2739
14981.18,159.15,7.2739
14982.18,101.33,7.2738
14983.19,101.04,7.274
14984.19,103.19,7.274
14985.19,101.34,7.2739
14986.19,100.97,7.2739
14987.19,192.71,7.643
14988.19,118.73,7.689
14989.19,101.29,7.689
14990.2,101.2,7.7046
14991.2,101.66,7.7381
14992.2,100.89,7.7381
14993.2,101.35,7.7381
14994.2,113.04,7.7381
14995.2,101.01,7.7381
14996.2,101.41,7.7381
14997.21,102.58,7.7381
14998.21,108.87,7.7381
14999.21,130.98,7.7381
15000.21,100.84,7.7381
15001.21,102.71,7.7381
15002.21,100.85,7.7382
15003.22,119.67,7.7382
15004.22,101.97,7.7382
15005.22,100.93,7.7382
15006.22,101.0,7.7382
15007.22,113.41,7.7382
15008.22,100.89,7.7382
15009.22,105.01,7.7382
15010.23,104.18,7.7382
15011.23,101.01,7.7382
15012.23,101.29,7.7382
15013.23,100.97,7.7382
15014.23,100.92,7.7383
15015.23,101.26,7.7383
15016.23,101.98,7.7383
15017.24,106.47,7.7383
15018.24,127.17,7.7383
15019.24,100.91,7.7383
15020.24,111.04,7.7383
15021.24,100.82,7.7383
15022.24,101.29,7.7383
15023.25,101.13,7.7383
15024.25,100.93,7.7383
15025.25,104.82,7.7383
15026.25,100.82,7.7383
15027.25,100.84,7.7383
15028.25,101.22,7.7383
15029.25,100.97,7.7383
15030.26,103.49,7.7383
15031.26,100.86,7.7383
15032.26,100.84,7.7382
15033.26,101.4,7.7383
15034.26,107.25,7.7383
15035.26,100.81,7.7383
15036.26,101.25,7.7382
15037.27,101.16,7.7383
15038.27,100.77,7.7383
15039.27,172.5,7.7384
15040.27,301.72,7.7388
15041.27,195.16,7.7388
15042.27,171.9,7.7388
15043.27,109.38,7.7388
15044.28,231.15,7.7552
15045.28,312.72,7.7897
15046.28,279.97,7.8658
15047.28,302.62,7.8757
15048.28,207.75,7.8794
15049.28,105.89,7.8708
15050.28,104.11,7.8708
15051.29,100.74,7.8708
15052.29,105.46,7.8708
15053.29,101.38,7.8708
15054.29,173.25,7.8657
15055.29,101.36,7.8656
15056.29,105.9,7.8656
15057.29,101.11,7.8656
15058.3,100.79,7.8656
15059.3,101.32,7.8656
15060.3,102.26,7.8656
15061.3,107.33,7.8656
15062.3,151.23,7.866
15063.3,120.73,7.8671
15064.3,101.4,7.8671
15065.31,100.84,7.8671
15066.31,100.88,7.8671
15067.31,101.1,7.8671
15068.31,101.1,7.867
15069.31,102.04,7.8671
15070.31,186.66,8.2451
15071.31,101.04,8.2451
15072.32,101.17,8.2451
15073.32,100.85,8.2451
15074.32,100.77,8.2451
15075.32,101.04,8.2451
15076.32,100.72,8.245
15077.32,101.13,8.245
15078.33,100.84,8.5453
15079.33,257.21,9.0013
15080.33,101.18,9.0012
15081.33,100.74,9.0012
15082.33,101.07,9.0012
15083.33,100.87,9.0012
15084.34,100.75,9.0012
15085.34,108.35,9.0012
15086.34,100.69,9.0012
15087.34,123.95,9.0471
15088.34,100.82,9.0471
15089.34,100.78,9.0471
15090.34,103.57,9.0471
15091.35,100.85,9.0471
15092.35,101.07,9.047
15093.35,100.8,9.0472
15094.35,103.03,9.0472
15095.35,103.85,9.0474
15096.35,120.1,9.0473
15097.36,100.99,9.0473
15098.36,153.76,9.0474
15099.36,127.87,9.0474
15100.36,101.1,9.0473
15101.36,100.76,9.0473
15102.36,101.15,9.0474
15103.37,100.79,9.0474
15104.37,100.71,9.0474
15105.37,101.02,9.0474
15106.37,100.81,9.0474
15107.37,101.1,9.0473
15108.37,101.39,9.0473
15109.37,100.94,9.0473
15110.38,101.11,9.0473
15111.38,100.86,9.0473
15112.38,100.7,9.0473
15113.38,101.18,9.0473
15114.38,100.69,9.0475
15115.38,100.67,9.0473
15116.38,101.08,9.0473
15117.39,100.61,9.0473
15118.39,101.12,9.0474
15119.39,100.82,9.0474
15120.39,100.67,9.0474
15121.39,101.09,9.0474
15122.39,100.79,9.0474
15123.39,100.8,9.0474
15124.4,101.09,9.0474
15125.4,100.68,9.0474
15126.4,100.56,9.0474
15127.4,100.94,9.0474
15128.4,100.55,9.0474
15129.4,100.53,9.0474
15130.4,100.95,9.0475
15131.41,100.56,9.0475
15132.41,100.6,9.0475
15133.41,101.2,9.0475
15134.41,100.52,9.0475
15135.41,100.59,9.0476
15136.41,101.09,9.0476
15137.41,100.69,9.0476
15138.42,101.14,9.0476
15139.42,100.5,9.0476
15140.42,100.47,9.0475
15141.42,100.85,9.0475
15142.42,100.5,9.0477
15143.42,100.63,9.0477
15144.42,100.85,9.0477
15145.43,100.67,9.0476
15146.43,101.08,9.0476
15147.43,100.63,9.0476
15148.43,100.62,9.0475
15149.43,100.96,9.0476
15150.43,100.64,9.0476
15151.44,100.61,9.0476
15152.44,101.14,9.0476
15153.44,100.83,9.0476
15154.44,100.5,9.0476
15155.44,101.02,9.0476
15156.44,100.58,9.0476
15157.44,100.58,9.0476
15158.45,101.15,9.0477
15159.45,100.89,9.0477
15160.45,101.05,9.0477
15161.45,100.58,9.0477
15162.45,100.41,9.0477
15163.45,101.0,9.0477
15164.45,100.52,9.0478
15165.46,100.47,9.0477
15166.46,100.97,9.0477
15167.46,100.44,9.0477
15168.46,100.97,9.0477
15169.46,100.54,9.0477
15170.46,100.69,9.0478
15171.46,101.09,9.0479
15172.47,100.66,9.0479
15173.47,100.76,9.0478
15174.47,100.87,9.0477
15175.47,100.6,9.0477
15176.47,101.1,9.0477
15177.47,100.68,9.0477
15178.47,100.76,9.0477
15179.48,101.1,9.0477
15180.48,100.71,9.0478
15181.48,100.71,9.0478
15182.48,101.11,9.0478
15183.48,100.83,9.0478
15184.48,100.69,9.0478
15185.48,101.08,9.0478
15186.49,100.69,9.0479
15187.49,100.67,9.0479
15188.49,101.19,9.0479
15189.49,100.67,9.0479
15190.49,100.6,9.0479
15191.49,101.13,9.0479
15192.49,100.51,9.0478
15193.49,100.99,9.048
15194.5,100.9,9.048
15195.5,100.42,9.048
15196.5,100.45,9.048
15197.5,100.92,9.0481
15198.5,100.51,9.0481
15199.5,100.47,9.0481
15200.5,100.88,9.0481
15201.51,100.48,9.0481
15202.51,101.0,9.0481
15203.51,100.74,9.0481
15204.51,100.59,9.0481
15205.51,100.97,9.0481
15206.51,100.67,9.0481
15207.51,100.66,9.048
15208.52,101.1,9.048
15209.52,100.65,9.048
15210.52,100.58,9.048
15211.52,101.12,9.048
15212.52,100.52,9.048
15213.52,100.6,9.048
15214.52,100.87,9.0481
15215.53,100.5,9.0481
15216.53,100.55,9.048
15217.53,101.0,9.048
15218.53,100.71,9.048
15219.53,101.04,9.048
15220.53,100.68,9.048
15221.54,100.71,9.048
15222.54,100.99,9.048
15223.54,100.75,9.0481
15224.54,100.67,9.0481
15225.54,101.08,9.0481
15226.54,100.55,9.0481
15227.54,100.87,9.0481
15228.55,100.54,9.0481
15229.55,100.41,9.0481
15230.55,100.88,9.0482
15231.55,100.61,9.0482
15232.55,100.58,9.0482
15233.55,101.16,9.0482
15234.55,100.61,9.0483
15235.56,100.92,9.0483
15236.56,100.69,9.0483
15237.56,100.71,9.0483
15238.56,101.0,9.0483
15239.56,100.59,9.0483
15240.56,100.4,9.0482
15241.57,100.9,9.0482
15242.57,100.43,9.0482
15243.57,100.95,9.0481
15244.57,100.52,9.0482
15245.57,100.5,9.0482
15246.57,101.0,9.0483
15247.57,100.5,9.0483
15248.57,100.54,9.0484
15249.58,100.96,9.0484
15250.58,100.54,9.0484
15251.58,100.66,9.0484
15252.58,100.52,9.0484
15253.58,101.04,9.0484
15254.58,100.51,9.0484
15255.58,100.93,9.0484
15256.59,100.55,9.0484
15257.59,100.63,9.0484
15258.59,101.16,9.0484
15259.59,100.67,9.0484
15260.59,100.63,9.0483
15261.59,101.03,9.0483
15262.59,100.65,9.0483
15263.59,100.66,9.0483
15264.6,100.95,9.0483
15265.6,100.53,9.0483
15266.6,100.61,9.0483
15267.6,101.08,9.0483
15268.6,100.71,9.0484
15269.6,100.49,9.0484
15270.6,100.86,9.0484
15271.61,100.46,9.0484
15272.61,100.49,9.0484
15273.61,101.01,9.0484
15274.61,100.53,9.0483
15275.61,100.96,9.0483
15276.61,100.59,9.0483
15277.61,100.67,9.0483
15278.62,101.16,9.0484
15279.62,100.71,9.0483
15280.62,100.65,9.0484
15281.62,101.09,9.0485
15282.62,100.67,9.0485
15283.62,101.2,9.0485
15284.62,100.8,9.0485
15285.63,100.71,9.0485
15286.63,100.73,9.0485
15287.63,101.12,9.0485
15288.63,100.65,9.0486
15289.63,100.64,9.0486
15290.63,101.06,9.0486
15291.63,100.7,9.0486
15292.64,101.09,9.0486
15293.64,100.68,9.0486
15294.64,100.65,9.0486
15295.64,101.09,9.0486
15296.64,100.53,9.0486
15297.64,100.67,9.0486
15298.64,101.06,9.0486
15299.65,100.61,9.0486
15300.65,100.63,9.0486
15301.65,101.13,9.0486
15302.65,100.58,9.0487
15303.65,100.77,9.0487
15304.65,101.06,9.0487
15305.65,100.68,9.0487
15306.66,101.05,9.0487
15307.66,100.67,9.0487
15308.66,100.69,9.0487
15309.66,101.07,9.0487
15310.66,100.68,9.0487
15311.66,100.78,9.0487
15312.66,100.93,9.0487
15313.67,100.62,9.0487
15314.67,100.9,9.0487
15315.67,100.41,9.0487
15316.67,100.53,9.0487
15317.67,101.03,9.0488
15318.67,100.68,9.0487
15319.67,100.75,9.0488
15320.68,101.08,9.0488
15321.68,100.68,9.0488
15322.68,100.73,9.0488
15323.68,101.12,9.0488
15324.68,100.62,9.0488
15325.68,100.64,9.0488
15326.68,100.98,9.0487
15327.69,100.55,9.0486
15328.69,100.55,9.0486
15329.69,100.88,9.0486
15330.69,100.37,9.0486
15331.69,100.83,9.0486
15332.69,100.47,9.0487
15333.7,100.78,9.0487
15334.7,101.11,9.0487
15335.7,100.58,9.0487
15336.7,100.63,9.0487
15337.7,100.94,9.0487
15338.7,100.66,9.0488
15339.7,100.95,9.049
15340.71,100.66,9.049
15341.71,100.63,9.049
15342.71,100.99,9.0488
15343.71,100.68,9.0488
15344.71,100.61,9.0488
15345.71,101.06,9.0488
15346.71,100.66,9.0488
15347.72,100.56,9.049
15348.72,101.15,9.049
15349.72,100.62,9.049
15350.72,100.59,9.049
15351.72,100.95,9.049
15352.72,100.65,9.049
15353.72,101.03,9.049
15354.72,100.61,9.049
15355.73,100.61,9.049
15356.73,101.06,9.0489
15357.73,100.66,9.049
15358.73,100.53,9.049
15359.73,101.01,9.049
15360.73,100.62,9.049
15361.73,100.62,9.049
15362.74,101.01,9.049
15363.74,100.79,9.0491
15364.74,101.09,9.0491
15365.74,100.62,9.049
15366.74,100.64,9.049
15367.74,100.94,9.049
15368.75,100.72,9.049
15369.75,100.67,9.049
15370.75,102.46,9.049
15371.75,100.66,9.049
15372.75,100.52,9.049
15373.75,101.2,9.0491
15374.75,100.66,9.0492
15375.75,100.61,9.0491
15376.76,101.04,9.0491
15377.76,100.58,9.0491
15378.76,100.69,9.0489
15379.76,101.06,9.0489
15380.76,100.68,9.0489
15381.76,100.62,9.0489
15382.76,100.9,9.0489
15383.77,100.73,9.0491
15384.77,101.06,9.0491
15385.77,100.61,9.0491
15386.77,100.62,9.0491
15387.77,101.06,9.0491
15388.77,100.69,9.0491
15389.77,100.66,9.0492
15390.78,101.08,9.0492
15391.78,100.68,9.049
15392.78,100.62,9.049
15393.78,101.02,9.0492
15394.78,100.57,9.0492
15395.78,100.96,9.0492
15396.79,100.71,9.0492
15397.79,100.7,9.0492
15398.79,101.17,9.0492
15399.79,100.61,9.0492
15400.79,100.78,9.0492
15401.79,101.01,9.0492
15402.79,100.64,9.0492
15403.8,100.78,9.0492
15404.8,101.09,9.0492
15405.8,100.71,9.0494
15406.8,100.62,9.0494
15407.8,100.89,9.0494
15408.8,100.73,9.0494
15409.8,101.1,9.0494
15410.81,100.77,9.0494
15411.81,100.71,9.0494
15412.81,101.11,9.0494
15413.81,100.82,9.0494
15414.81,100.71,9.0494
15415.81,101.1,9.0493
15416.81,100.66,9.0493
15417.82,100.72,9.0493
15418.82,101.16,9.0493
15419.82,100.69,9.0493
15420.82,100.9,9.0494
15421.82,100.59,9.0494
15422.82,100.75,9.0494
15423.82,101.12,9.0494
15424.83,100.68,9.0494
15425.83,100.69,9.0494
15426.83,101.01,9.0494
15427.83,100.5,9.0494
15428.83,100.69,9.0495
15429.83,101.12,9.0495
15430.83,100.69,9.0495
15431.83,100.64,9.0494
15432.84,101.12,9.0494
15433.84,100.73,9.0494
15434.84,100.71,9.0494
15435.84,100.96,9.0494
15436.84,100.6,9.0494
15437.84,100.69,9.0494
15438.84,101.11,9.0495
15439.85,100.68,9.0495
15440.85,101.09,9.0495
15441.85,100.7,9.0493
15442.85,100.77,9.0495
15443.85,101.09,9.0495
15444.85,100.67,9.0494
15445.86,100.69,9.0494
15446.86,101.07,9.0495
15447.86,100.64,9.0495
15448.86,100.7,9.0495
15449.86,101.07,9.0495
15450.86,100.56,9.0495
15451.86,101.02,9.0495
15452.87,100.56,9.0495
15453.87,100.65,9.0495
15454.87,101.12,9.0495
15455.87,100.67,9.0495
15456.87,100.59,9.0497
15457.87,101.09,9.0495
15458.87,100.62,9.0495
15459.88,100.44,9.0495
15460.88,100.88,9.0495
15461.88,100.42,9.0495
15462.88,100.56,9.0495
15463.88,100.96,9.0495
15464.88,100.66,9.0497
15465.88,101.06,9.0495
15466.89,100.66,9.0495
15467.89,100.67,9.0493
15468.89,101.15,9.0494
15469.89,100.63,9.0496
15470.89,100.62,9.0496
15471.89,101.06,9.0496
15472.89,100.66,9.0496
15473.9,101.15,9.0496
15474.9,100.67,9.0496
15475.9,100.68,9.0494
15476.9,101.1,9.0494
15477.9,100.71,9.0494
15478.9,100.69,9.0496
15479.9,101.06,9.0495
15480.91,100.76,9.0495
15481.91,100.59,9.0495
15482.91,101.14,9.0495
15483.91,100.7,9.0496
15484.91,102.77,9.0496
15485.91,101.11,9.0496
15486.91,100.71,9.0495
15487.91,100.67,9.0495
15488.92,101.1,9.0496
15489.92,101.08,9.0496
15490.92,100.73,9.0495
15491.92,101.11,9.0495
15492.92,100.71,9.0495
15493.92,100.66,9.0496
15494.92,101.02,9.0496
15495.93,100.57,9.0496
15496.93,100.64,9.0496
15497.93,101.06,9.0495
15498.93,100.69,9.0497
15499.93,101.07,9.0496
15500.93,100.64,9.0497
15501.93,100.63,9.0495
15502.94,101.15,9.0496
15503.94,100.69,9.0497
15504.94,100.66,9.0496
15505.94,100.65,9.0496
15506.94,100.95,9.0496
15507.94,100.5,9.0496
15508.94,100.96,9.0497
15509.95,100.5,9.0496
15510.95,100.49,9.0496
15511.95,100.94,9.0496
15512.95,100.57,9.0496
15513.95,100.52,9.0498
15514.95,100.92,9.0498
15515.95,100.51,9.0498
15516.95,100.47,9.0498
15517.96,100.92,9.0498
15518.96,100.55,9.0498
15519.96,100.49,9.0497
15520.96,100.94,9.0497
15521.96,100.52,9.0497
15522.96,100.52,9.0496
15523.96,100.88,9.0497
15524.96,100.46,9.0496
15525.97,100.51,9.0496
15526.97,100.9,9.0496
15527.97,100.48,9.0496
15528.97,100.55,9.0497
15529.97,100.96,9.0499
15530.97,100.49,9.0499
15531.97,100.49,9.0499
15532.98,100.85,9.0499
15533.98,100.5,9.0499
15534.98,100.46,9.0499
15535.98,100.89,9.0498
15536.98,100.44,9.0498
15537.98,100.92,9.0498
15538.99,100.64,9.0499
15539.99,100.66,9.0499
15540.99,101.06,9.0499
15541.99,100.68,9.0499
15542.99,100.68,9.0499
15543.99,101.04,9.05
15544.99,100.53,9.05
15546.0,100.54,9.05
15547.0,100.92,9.05
15548.0,100.5,9.05
15549.0,100.99,9.0499
15550.0,100.5,9.0501
15551.0,100.59,9.0499
15552.0,100.45,9.0499
15553.01,100.77,9.0499
15554.01,100.9,9.0501
15555.01,100.42,9.05
15556.01,100.48,9.05
15557.01,100.9,9.05
15558.01,100.46,9.05
15559.02,100.51,9.05
15560.02,100.86,9.05
15561.02,100.5,9.05
15562.02,100.5,9.05
15563.02,100.97,9.05
15564.02,100.54,9.05
15565.02,100.87,9.05
15566.03,100.49,9.0499
15567.03,100.49,9.0499
15568.03,100.82,9.0499
15569.03,100.55,9.05
15570.03,100.92,9.0499
15571.03,100.65,9.0499
15572.03,100.63,9.05
15573.04,100.95,9.05
15574.04,100.53,9.0501
15575.04,100.48,9.0501
15576.04,100.88,9.0501
15577.04,100.51,9.0501
15578.04,100.98,9.0501
15579.05,100.65,9.0501
15580.05,100.61,9.0501
15581.05,101.11,9.0501
15582.05,100.62,9.0501
15583.05,100.71,9.0501
15584.05,101.07,9.0501
15585.05,100.58,9.05
15586.06,101.03,9.05
15587.06,100.62,9.05
15588.06,100.62,9.05
15589.06,101.09,9.0502
15590.06,100.69,9.0502
15591.06,100.78,9.0503
15592.06,100.65,9.0503
15593.06,100.95,9.0503
15594.07,100.53,9.0503
15595.07,101.0,9.0503
15596.07,100.55,9.0503
15597.07,100.5,9.0502
15598.07,100.89,9.0502
15599.07,100.55,9.0502
15600.07,100.5,9.0501
15601.08,100.97,9.0501
15602.08,100.53,9.0501
15603.08,100.81,9.0503
15604.08,100.52,9.0503
15605.08,100.59,9.0503
15606.08,101.1,9.0503
15607.09,100.67,9.0503
15608.09,101.07,9.0503
15609.09,100.57,9.0503
15610.09,100.51,9.0503
15611.09,101.07,9.0503
15612.09,100.57,9.0503
15613.09,100.84,9.0504
15614.1,100.72,9.0504
15615.1,101.08,9.0504
15616.1,100.68,9.0504
15617.1,100.89,9.0504
15618.1,100.44,9.0504
15619.1,100.49,9.0504
15620.1,100.83,9.0504
15621.11,100.55,9.0504
15622.11,100.6,9.0504
15623.11,101.06,9.0504
15624.11,100.68,9.0505
15625.11,101.03,9.0505
15626.11,100.63,9.0505
15627.12,100.62,9.0505
15628.12,100.98,9.0505
15629.12,100.64,9.0505
15630.12,100.62,9.0505
15631.12,101.03,9.0505
15632.12,100.58,9.0505
15633.12,101.16,9.0505
15634.13,100.71,9.0505
15635.13,100.66,9.0505
15636.13,101.15,9.0504
15637.13,100.7,9.0504
15638.13,100.71,9.0504
15639.13,101.05,9.0504
15640.13,100.61,9.0504
15641.13,100.76,9.0505
15642.14,101.07,9.0505
15643.14,100.76,9.0505
15644.14,100.75,9.0506
15645.14,101.08,9.0506
15646.14,100.69,9.0506
15647.14,101.12,9.0506
15648.15,100.67,9.0505
15649.15,100.86,9.0506
15650.15,100.7,9.0506
15651.15,101.09,9.0506
15652.15,100.71,9.0506
15653.15,101.11,9.0506
15654.15,100.61,9.0506
15655.15,100.48,9.0506
15656.16,100.97,9.0506
15657.16,100.54,9.0506
15658.16,100.5,9.0506
15659.16,100.94,9.0506
15660.16,100.49,9.0506
15661.16,100.92,9.0506
15662.17,100.54,9.0506
15663.17,100.62,9.0506
15664.17,100.99,9.0508
15665.17,100.62,9.0508
15666.17,101.06,9.0508
15667.17,101.09,9.0508
15668.17,100.71,9.0508
15669.18,101.13,9.0508
15670.18,100.66,9.0508
15671.18,100.72,9.0508
15672.18,101.06,9.0508
15673.18,100.68,9.0508
15674.18,100.65,9.0508
15675.18,100.92,9.0508
15676.19,100.45,9.0508
15677.19,100.83,9.0508
15678.19,100.53,9.0508
15679.19,100.76,9.0508
15680.19,101.05,9.0508
15681.19,100.72,9.0508
15682.2,100.69,9.0506
15683.2,101.17,9.0506
15684.2,100.7,9.0508
15685.2,100.63,9.0508
15686.2,101.08,9.0508
15687.2,100.68,9.0508
15688.2,101.08,9.0508
15689.2,100.83,9.0509
15690.21,100.69,9.0508
15691.21,100.68,9.0509
15692.21,101.05,9.0509
15693.21,100.77,9.0509
15694.21,101.14,9.0508
15695.21,100.65,9.0508
15696.21,100.7,9.0507
15697.22,101.17,9.0507
15698.22,100.65,9.0508
15699.22,100.68,9.0508
15700.22,101.16,9.0508
15701.22,100.64,9.0509
15702.22,100.71,9.0509
15703.22,101.05,9.051
15704.23,100.74,9.051
15705.23,101.1,9.0509
15706.23,100.7,9.0509
15707.23,100.73,9.051
15708.23,101.1,9.051
15709.23,100.73,9.051
15710.24,100.64,9.051
15711.24,101.05,9.051
15712.24,100.74,9.051
15713.24,100.91,9.051
15714.24,100.63,9.051
15715.24,100.54,9.051
15716.24,100.65,9.051
15717.24,101.04,9.051
15718.25,100.86,9.051
15719.25,100.61,9.0511
15720.25,100.49,9.0511
15721.25,101.11,9.0511
15722.25,100.69,9.0511
15723.25,100.75,9.0511
15724.26,101.14,9.0511
15725.26,100.73,9.0511
15726.26,100.76,9.0511
15727.26,100.84,9.0511
15728.26,100.43,9.0511
15729.26,100.49,9.0511
15730.26,100.86,9.0511
15731.27,100.48,9.0511
15732.27,100.82,9.0511
15733.27,100.45,9.0511
15734.27,100.48,9.0511
15735.27,100.89,9.0512
15736.27,100.54,9.0511
15737.28,100.45,9.0511
15738.28,100.86,9.0511
15739.28,100.54,9.0511
15740.28,100.89,9.0511
15741.28,100.49,9.0511
15742.28,100.46,9.0512
15743.28,103.48,9.0512
15744.29,100.68,9.0512
15745.29,100.5,9.0512
15746.29,100.88,9.0512
15747.29,100.47,9.0512
15748.29,100.89,9.0512
15749.29,100.54,9.0512
15750.3,100.66,9.0512
15751.3,101.08,9.0512
15752.3,100.68,9.0511
15753.3,101.11,9.0512
15754.3,100.65,9.0512
15755.3,100.67,9.0512
15756.3,101.12,9.0512
15757.31,100.69,9.0513
15758.31,100.98,9.0513
15759.31,100.66,9.0513
15760.31,100.62,9.0513
15761.31,101.12,9.0513
15762.31,100.64,9.0513
15763.32,100.75,9.0514
15764.32,101.17,9.0514
15765.32,100.64,9.0514
15766.32,100.67,9.0514
15767.32,100.87,9.0514
15768.32,100.53,9.0514
15769.32,101.12,9.0514
15770.33,100.63,9.0514
15771.33,100.68,9.0514
15772.33,101.06,9.0514
15773.33,100.76,9.0514
15774.33,100.66,9.0514
15775.33,101.05,9.0514
15776.33,100.66,9.0514
15777.34,101.05,9.0514
15778.34,100.73,9.0514
15779.34,100.67,9.0514
15780.34,100.93,9.0514
15781.34,100.51,9.0514
15782.34,101.45,9.0514
15783.34,101.2,9.0515
15784.35,100.66,9.0514
15785.35,101.08,9.0514
15786.35,100.68,9.0515
15787.35,100.62,9.0515
15788.35,101.17,9.0515
15789.35,100.68,9.0515
15790.35,100.57,9.0515
15791.36,101.06,9.0515
15792.36,100.67,9.0515
15793.36,100.78,9.0515
15794.36,101.05,9.0515
15795.36,100.68,9.0515
15796.36,100.53,9.0515
15797.36,100.91,9.0515
15798.37,100.58,9.0515
15799.37,101.07,9.0515
15800.37,100.7,9.0515
15801.37,100.69,9.0515
15802.37,101.03,9.0515
15803.37,100.71,9.0516
15804.37,100.64,9.0516
15805.38,101.13,9.0516
15806.38,100.7,9.0516
15807.38,100.7,9.0516
15808.38,101.15,9.0516
15809.38,100.64,9.0516
15810.38,100.66,9.0516
15811.38,100.97,9.0516
15812.39,100.63,9.0516
15813.39,100.77,9.0516
15814.39,101.06,9.0516
15815.39,100.67,9.0516
15816.39,100.52,9.0516
15817.39,100.95,9.0516
15818.39,100.59,9.0516
15819.4,100.53,9.0516
15820.4,100.97,9.0516
15821.4,100.63,9.0516
15822.4,100.59,9.0516
15823.4,101.08,9.0518
15824.4,100.56,9.0518
15825.4,100.56,9.0518
15826.4,100.95,9.0515
15827.4,100.61,9.0517
15828.4,100.68,9.0517
15829.41,100.58,9.0517
15830.41,101.04,9.0517
15831.41,100.66,9.0517
15832.41,100.66,9.0517
15833.41,101.23,9.0518
15834.41,104.87,9.0519
15835.42,100.66,9.0519
15836.42,101.09,9.0518
15837.42,100.71,9.0518
15838.42,101.02,9.0521
15839.42,100.7,9.0521
15840.42,100.58,9.0521
15841.42,101.09,9.0519
15842.43,100.69,9.0519
15843.43,100.81,9.0521
15844.43,101.08,9.0521
15845.43,100.67,9.0521
15846.43,101.06,9.0521
15847.43,100.69,9.0521
15848.43,100.73,9.0521
15849.44,101.07,9.052
15850.44,100.68,9.052
15851.44,100.74,9.052
15852.44,101.08,9.0521
15853.44,100.73,9.052
15854.44,101.06,9.0521
15855.45,100.53,9.0521
15856.45,100.45,9.0521
15857.45,100.86,9.0521
15858.45,100.5,9.0521
15859.45,100.45,9.0521
15860.45,100.88,9.0521
15861.45,100.55,9.0521
15862.46,100.98,9.0521
15863.46,100.69,9.0522
15864.46,100.57,9.0522
15865.46,100.98,9.0522
15866.46,100.61,9.0521
15867.46,100.64,9.0521
15868.46,101.01,9.0521
15869.47,100.57,9.0521
15870.47,100.99,9.0521
15871.47,100.62,9.0521
15872.47,100.57,9.0521
15873.47,101.14,9.0521
15874.47,100.61,9.052
15875.48,100.59,9.052
15876.48,100.99,9.0519
15877.48,100.6,9.0519
15878.48,100.63,9.0519
15879.48,100.98,9.0519
15880.48,100.59,9.0519
15881.48,101.15,9.0521
15882.49,100.61,9.0521
15883.49,100.69,9.0522
15884.49,101.0,9.0522
15885.49,101.1,9.0522
15886.49,100.49,9.0522
15887.49,100.98,9.0521
15888.49,100.71,9.0523
15889.49,100.6,9.0523
15890.5,100.63,9.0523
15891.5,101.03,9.0523
15892.5,100.67,9.0523
15893.5,101.18,9.0523
15894.5,100.65,9.0523
15895.5,100.53,9.0523
15896.5,101.08,9.0523
15897.51,100.64,9.0523
15898.51,100.59,9.0523
15899.51,100.94,9.0523
15900.51,100.55,9.0523
15901.51,100.6,9.0523
15902.51,100.55,9.0523
15903.51,101.09,9.0524
15904.51,100.58,9.0524
15905.52,100.98,9.0523
15906.52,100.57,9.0523
15907.52,100.55,9.0523
15908.52,101.01,9.0524
15909.52,100.55,9.0524
15910.52,100.56,9.0524
15911.52,101.0,9.0524
15912.53,100.56,9.0524
15913.53,101.06,9.0524
15914.53,100.53,9.0523
15915.53,100.59,9.0523
15916.53,100.98,9.0523
15917.53,100.58,9.0523
15918.54,100.59,9.0523
15919.54,100.97,9.0523
15920.54,100.57,9.0523
15921.54,100.98,9.0523
15922.54,100.59,9.0523
15923.54,100.72,9.0523
15924.54,101.0,9.0523
15925.55,100.58,9.0523
15926.55,100.57,9.0523
15927.55,101.11,9.0523
15928.55,100.71,9.0523
15929.55,100.66,9.0523
15930.55,101.01,9.0523
15931.55,100.53,9.0523
15932.55,100.62,9.0525
15933.56,101.13,9.0526
15934.56,100.64,9.0526
15935.56,100.53,9.0526
15936.56,100.88,9.0526
15937.56,100.48,9.0526
15938.56,101.01,9.0526
15939.57,100.56,9.0526
15940.57,100.59,9.0525
15941.57,101.03,9.0525
15942.57,100.57,9.0525
15943.57,100.63,9.0526
15944.57,101.01,9.0526
15945.57,100.57,9.0525
15946.57,100.62,9.0525
15947.58,101.03,9.0525
15948.58,100.65,9.0525
15949.58,100.58,9.0525
15950.58,101.04,9.0525
15951.58,100.6,9.0525
15952.58,100.58,9.0525
15953.58,101.09,9.0525
15954.59,100.6,9.0526
15955.59,100.43,9.0526
15956.59,100.83,9.0526
15957.59,100.44,9.0526
15958.59,100.61,9.0526
15959.59,100.87,9.0526
15960.59,100.6,9.0526
15961.6,100.97,9.0526
15962.6,100.56,9.0526
15963.6,100.74,9.0526
15964.6,100.97,9.0526
15965.6,100.59,9.0526
15966.6,100.59,9.0526
15967.6,101.03,9.0526
15968.61,100.69,9.0527
15969.61,100.71,9.0527
15970.61,100.64,9.0526
15971.61,101.04,9.0526
15972.61,100.56,9.0526
15973.61,101.11,9.0527
15974.61,100.64,9.0527
15975.61,100.61,9.0527
15976.62,100.96,9.0527
15977.62,100.57,9.0527
15978.62,100.61,9.0527
15979.62,100.91,9.0527
15980.62,100.46,9.0527
15981.62,100.52,9.0527
15982.62,100.58,9.0527
15983.63,100.98,9.0528
15984.63,100.43,9.0528
15985.63,100.81,9.0528
15986.63,100.45,9.0528
15987.63,100.39,9.0527
15988.63,100.83,9.0528
15989.63,100.51,9.0528
15990.64,100.92,9.0528
15991.64,100.48,9.0527
15992.64,100.49,9.0526
15993.64,101.11,9.0528
15994.64,100.47,9.0528
15995.64,100.49,9.0528
15996.64,101.11,9.0528
15997.65,100.69,9.0528
15998.65,101.16,9.0529
15999.65,100.48,9.0529
16000.65,100.48,9.0529
16001.65,100.86,9.0528
16002.65,100.51,9.0528
16003.66,101.02,9.0529
16004.66,100.44,9.0529
16005.66,100.53,9.0528
16006.66,100.89,9.0528
16007.66,100.46,9.0528
16008.66,100.52,9.0528
16009.66,100.88,9.0528
16010.67,100.51,9.0528
16011.67,100.91,9.0528
16012.67,100.47,9.0528
16013.67,100.65,9.0528
16014.67,100.89,9.0528
16015.67,100.56,9.0528
16016.68,101.15,9.0527
16017.68,100.78,9.0527
16018.68,100.89,9.053
16019.68,100.8,9.0529
16020.68,101.1,9.0529
16021.68,100.52,9.0529
16022.68,100.91,9.0529
16023.69,100.71,9.053
16024.69,100.77,9.0529
16025.69,101.05,9.0529
16026.69,100.56,9.0529
16027.69,100.95,9.0529
16028.69,100.61,9.0529
16029.7,100.56,9.0529
16030.7,100.92,9.0529
16031.7,100.52,9.0529
16032.7,100.89,9.0529
16033.7,100.61,9.0529
16034.7,100.47,9.0529
16035.7,100.89,9.0529
16036.71,100.49,9.0529
16037.71,100.62,9.0529
16038.71,101.24,9.0529
16039.71,100.78,9.0529
16040.71,101.12,9.0529
16041.71,100.66,9.0529
16042.72,100.68,9.0529
16043.72,101.26,9.053
16044.72,100.63,9.053
16045.72,100.7,9.053
16046.72,101.24,9.053
16047.72,100.85,9.053
16048.72,101.16,9.0532
16049.73,100.68,9.0531
16050.73,100.77,9.0531
16051.73,101.16,9.0531
16052.73,100.76,9.0531
16053.73,100.92,9.0532
16054.73,101.19,9.0532
16055.73,100.85,9.0531
16056.74,100.83,9.0531
16057.74,141.84,9.0534
16058.74,106.56,9.0534
16059.74,112.63,9.0534
16060.74,100.61,9.0534
16061.74,101.71,9.0534
16062.74,100.95,9.0534
16063.75,103.09,9.0534
16064.75,101.17,9.0534
16065.75,100.74,9.0534
16066.75,100.88,9.0534
16067.75,101.15,9.0534
16068.75,100.64,9.0534
16069.76,100.64,9.0534
16070.76,101.02,9.0534
16071.76,100.48,9.0534
16072.76,101.14,9.0533
16073.76,100.89,9.0535
16074.76,100.86,9.0535
16075.76,101.35,9.0535
16076.76,103.04,9.0535
16077.77,100.96,9.0535
16078.77,294.01,1.9747
16079.77,321.22,2.3344
16080.77,307.15,2.675
16081.77,307.29,2.7764
16082.77,347.05,3.0401
16083.77,312.44,3.3979
16084.77,306.77,3.775
16085.78,331.1,4.0782
16086.78,312.09,4.3555
16087.78,304.68,4.5848
16088.78,304.53,4.8334
16089.78,304.02,5.0529
16090.78,300.28,5.1597
16091.78,296.87,5.2652
16092.79,301.04,5.3678
16093.79,302.14,5.4688
16094.79,302.18,5.5562
16095.79,301.68,5.6283
16096.79,301.79,5.701
16097.79,301.74,5.7906
16098.79,262.01,5.8913
16099.8,185.85,5.9873
16100.8,123.37,6.045
16101.8,117.22,6.1008
16102.8,162.79,6.1689
16103.8,167.75,6.2108
16104.8,137.99,6.294
16105.8,109.97,6.3958
16106.8,111.59,6.4705
16107.81,181.45,6.5661
16108.81,119.81,6.6247
16109.81,146.66,6.714
16110.81,113.63,6.7516
16111.81,202.22,7.1366
16112.81,122.14,7.1366
16113.81,101.58,7.1367
16114.82,118.2,7.1367
16115.82,105.39,7.1367
16116.82,105.45,7.1367
16117.82,107.36,7.1367
16118.82,102.21,7.1367
16119.82,103.87,7.1367
16120.82,106.78,7.1366
16121.83,137.62,7.1366
16122.83,101.02,7.1366
16123.83,100.59,7.1366
16124.83,110.7,7.1366
16125.83,101.07,7.1367
16126.83,119.23,7.1367
16127.84,101.22,7.1367
16128.84,131.14,7.1367
16129.84,101.76,7.1367
16130.84,102.31,7.1368
16131.84,100.95,7.1368
16132.84,103.79,7.1368
16133.85,103.7,7.1368
16134.85,100.61,7.1368
16135.85,118.66,7.1368
16136.85,103.04,7.1368
16137.85,101.18,7.1368
16138.85,109.03,7.1368
16139.85,104.03,7.1368
16140.86,101.2,7.1368
16141.86,101.72,7.1368
16142.86,114.31,7.1368
16143.86,100.74,7.1368
16144.86,102.97,7.1368
16145.86,100.88,7.1368
16146.86,121.25,7.1368
16147.86,103.42,7.1368
16148.87,105.7,7.1368
16149.87,101.14,7.1368
16150.87,100.82,7.1368
16151.87,101.14,7.1368
16152.87,104.56,7.1368
16153.87,100.89,7.1368
16154.87,100.83,7.1368
16155.88,114.87,7.1368
16156.88,109.49,7.1368
16157.88,102.52,7.1368
16158.88,145.33,7.1368
16159.88,119.19,7.1369
16160.88,116.33,7.1369
16161.88,149.03,7.1369
16162.89,106.68,7.1369
16163.89,136.34,7.137
16164.89,100.85,7.137
16165.89,101.13,7.137
16166.89,101.5,7.1369
16167.89,167.87,7.1369
16168.9,102.49,7.1369
16169.9,118.41,7.137
16170.9,101.6,7.137
16171.9,100.87,7.137
16172.9,101.49,7.137
16173.9,101.48,7.1371
16174.91,100.85,7.1371
16175.91,103.05,7.1371
16176.91,101.69,7.1371
16177.91,109.53,7.1641
16178.91,145.55,7.2055
16179.91,130.23,7.2373
16180.91,100.78,7.2373
16181.91,100.88,7.2373
16182.92,202.64,7.6471
16183.92,100.68,7.6471
16184.92,101.31,7.6471
16185.92,100.71,7.7372
16186.92,100.94,7.7473
16187.93,100.78,7.7473
16188.93,100.96,7.7474
16189.93,101.1,7.7474
16190.93,100.57,7.7474
16191.93,113.94,7.7474
16192.93,100.76,7.7474
16193.93,100.7,7.7474
16194.94,100.89,7.7474
16195.94,100.75,7.7474
16196.94,132.46,7.7474
16197.94,100.92,7.7474
16198.94,101.95,7.7474
16199.94,101.07,7.7474
16200.94,121.55,7.7474
16201.95,101.38,7.7474
16202.95,101.25,7.7475
16203.95,100.71,7.7475
16204.95,101.82,7.7475
16205.95,100.9,7.7475
16206.96,100.87,7.7475
16207.96,102.82,7.7475
16208.96,100.77,7.7475
16209.96,100.9,7.7475
16210.96,100.56,7.7475
16211.96,100.78,7.7475
16212.96,101.17,7.7475
16213.97,101.78,7.7475
16214.97,101.46,7.7475
16215.97,100.79,7.7475
16216.97,101.23,7.7475
16217.97,108.11,7.7475
16218.97,100.92,7.7476
16219.98,101.69,7.7476
16220.98,102.2,7.7476
16221.98,104.32,7.7476
16222.98,101.05,7.7476
16223.98,100.91,7.7476
16224.98,100.89,7.7476
16225.98,103.37,7.7476
16226.99,100.52,7.7476
16227.99,100.55,7.7476
16228.99,101.0,7.7475
16229.99,100.54,7.7475
16230.99,100.97,7.7475
16231.99,100.58,7.7476
16233.0,100.92,7.7476
16234.0,101.55,7.7476
16235.0,104.71,7.7478
16236.0,298.63,7.7482
16237.0,306.47,7.7569
16238.0,288.4,7.7601
16239.0,130.34,7.7602
16240.01,118.26,7.7603
16241.01,188.02,7.7604
16242.01,190.51,7.8353
16243.01,100.79,7.8353
16244.01,101.23,7.8353
16245.01,100.76,7.8353
16246.01,101.22,7.8354
16247.02,107.25,7.8354
16248.02,101.8,7.8354
16249.02,102.39,7.8355
16250.02,142.6,7.8356
16251.02,155.47,7.8476
16252.02,109.59,7.8476
16253.03,107.01,7.8476
16254.03,100.62,7.8476
16255.03,101.15,7.8476
16256.03,100.77,7.8476
16257.03,100.84,7.8476
16258.03,100.86,7.8476
16259.03,102.57,7.8476
16260.03,173.96,7.8481
16261.04,100.56,7.8479
16262.04,100.89,7.8479
16263.04,100.6,7.8479
16264.04,100.99,7.8479
16265.04,100.54,7.8479
16266.04,100.57,7.8479
16267.04,101.01,7.8479
16268.05,100.54,7.8479
16269.05,188.0,8.2257
16270.05,100.94,8.2257
16271.05,100.67,8.2257
16272.05,100.93,8.2257
16273.05,100.77,8.2257
16274.06,100.58,8.2257
16275.06,101.0,8.2257
16276.06,100.59,8.2257
16277.06,101.03,8.2257
16278.06,100.6,8.4148
16279.06,253.6,8.9805
16280.06,101.1,8.9805
16281.07,100.68,8.9805
16282.07,100.91,8.9805
16283.07,101.31,8.9804
16284.07,100.72,8.9804
16285.07,100.69,8.9804
16286.07,103.68,8.9806
16287.07,100.62,8.9806
16288.07,100.66,8.9806
16289.08,126.39,9.0318
16290.08,100.61,9.0318
16291.08,100.6,9.0318
16292.08,101.04,9.0318
16293.08,100.74,9.0318
16294.08,100.67,9.0318
16295.08,100.86,9.0318
16296.08,101.26,9.0318
16297.09,100.77,9.0318
16298.09,102.2,9.032
16299.09,102.11,9.0321
16300.09,101.18,9.0321
16301.09,100.83,9.032
16302.09,100.8,9.032
16303.1,101.34,9.0321
16304.1,100.86,9.0321
16305.1,100.77,9.0322
16306.1,101.19,9.0322
16307.1,100.85,9.0322
16308.1,101.77,9.0323
16309.11,101.0,9.0323
16310.11,100.78,9.0323
16311.11,101.17,9.0323
16312.11,100.76,9.0323
16313.11,100.97,9.0323
16314.11,101.11,9.0323
16315.12,100.82,9.0323
16316.12,101.82,9.0324
16317.12,100.79,9.0324
16318.12,101.24,9.0324
16319.12,100.81,9.0324
16320.12,100.81,9.0324
16321.13,101.21,9.0324
16322.13,100.76,9.0323
16323.13,101.22,9.0325
16324.13,101.1,9.0325
16325.13,101.3,9.0326
16326.13,101.19,9.0325
16327.13,100.8,9.0325
16328.14,101.23,9.0325
16329.14,100.87,9.0326
16330.14,100.81,9.0325
16331.14,101.22,9.0324
16332.14,101.23,9.0324
16333.14,101.3,9.0325
16334.15,100.79,9.0325
16335.15,101.74,9.0326
16336.15,101.21,9.0326
16337.15,100.82,9.0326
16338.15,101.24,9.0327
16339.15,100.85,9.0327
16340.16,102.26,9.0327
16341.16,101.13,9.0327
16342.16,100.79,9.0327
16343.16,101.26,9.0327
16344.16,100.8,9.0327
16345.16,101.5,9.0328
16346.16,100.95,9.0327
16347.17,100.51,9.0328
16348.17,100.55,9.0329
16349.17,100.9,9.0329
16350.17,100.55,9.0329
16351.17,100.96,9.0329
16352.17,100.53,9.0329
16353.18,100.64,9.0329
16354.18,102.13,9.0329
16355.18,100.81,9.0329
16356.18,101.16,9.0329
16357.18,100.77,9.0329
16358.18,100.77,9.0329
16359.18,101.24,9.0329
16360.19,120.81,9.0329
16361.19,101.19,9.0329
16362.19,100.62,9.0329
16363.19,101.62,9.0331
16364.19,101.07,9.0331
16365.19,100.6,9.0331
16366.2,100.98,9.0331
16367.2,100.66,9.0331
16368.2,100.74,9.0331
16369.2,101.01,9.033
16370.2,100.54,9.033
16371.2,100.55,9.033
16372.2,103.23,9.0331
16373.21,100.9,9.033
16374.21,101.22,9.033
16375.21,100.8,9.033
16376.21,100.86,9.033
16377.21,101.2,9.0332
16378.21,100.98,9.0332
16379.21,100.85,9.0332
16380.22,100.9,9.0332
16381.22,102.07,9.0331
16382.22,100.77,9.0332
16383.22,100.75,9.0332
16384.22,101.02,9.0332
16385.22,101.11,9.0332
16386.23,115.8,9.0332
16387.23,145.44,9.0332
16388.23,183.62,9.0332
16389.23,102.32,9.0332
16390.23,100.99,9.0331
16391.23,105.79,9.0331
16392.23,130.09,9.0332
16393.24,101.09,9.0333
16394.24,100.78,9.0332
16395.24,101.91,9.0332
16396.24,101.29,9.0332
16397.24,100.47,9.0332
16398.24,101.11,9.0331
16399.25,100.78,9.0331
16400.25,101.68,9.0338
16401.25,101.25,9.0338
16402.25,100.82,9.0338
16403.25,101.29,9.0337
16404.25,100.85,9.0337
16405.26,101.16,9.0338
16406.26,102.93,9.0339
16407.26,100.65,9.0338
16408.26,101.08,9.0338
16409.26,101.59,9.0343
16410.26,100.98,9.0343
16411.27,100.58,9.0343
16412.27,100.57,9.0343
16413.27,101.1,9.0343
16414.27,100.59,9.0343
16415.27,100.57,9.0343
16416.27,101.07,9.0343
16417.27,100.75,9.0343
16418.28,102.15,9.0345
16419.28,100.87,9.0345
16420.28,100.81,9.0345
16421.28,101.37,9.0345
16422.28,100.85,9.0345
16423.28,100.88,9.0345
16424.28,101.12,9.0345
16425.29,100.69,9.0344
16426.29,100.7,9.0344
16427.29,102.04,9.0345
16428.29,100.68,9.0345
16429.29,101.12,9.0345
16430.29,100.67,9.0345
16431.3,100.71,9.0345
16432.3,101.07,9.0345
16433.3,100.75,9.0345
16434.3,101.12,9.0346
16435.3,100.57,9.0346
16436.3,100.67,9.0346
16437.3,101.95,9.0346
16438.31,100.54,9.0346
16439.31,101.08,9.0346
16440.31,100.66,9.0346
16441.31,100.68,9.0346
16442.31,101.06,9.0346
16443.31,100.76,9.0346
16444.32,100.71,9.0346
16445.32,101.08,9.0346
16446.32,100.68,9.06
16447.32,103.24,9.0656
16448.32,100.81,9.0656
16449.32,100.73,9.0656
16450.32,101.19,9.0656
16451.33,100.85,9.0656
16452.33,101.03,9.0656
16453.33,101.15,9.0656
16454.33,100.51,9.0656
16455.33,100.93,9.0655
16456.33,101.47,9.0657
16457.34,100.55,9.0657
16458.34,100.99,9.0657
16459.34,100.51,9.0655
16460.34,100.91,9.0655
16461.34,100.53,9.0656
16462.34,100.52,9.0656
16463.34,101.06,9.0656
16464.35,100.52,9.0656
16465.35,100.91,9.0656
16466.35,101.06,9.0658
16467.35,100.52,9.0658
16468.35,101.01,9.0658
16469.35,100.59,9.0658
16470.36,100.51,9.0658
16471.36,100.91,9.0657
16472.36,111.56,9.0657
16473.36,101.09,9.0657
16474.36,100.53,9.0657
16475.36,100.52,9.0658
16476.36,101.51,9.0659
16477.37,100.54,9.0659
16478.37,100.99,9.0659
16479.37,100.53,9.0659
16480.37,100.53,9.0658
16481.37,101.0,9.0658
16482.37,100.53,9.0658
16483.38,101.04,9.0658
16484.38,100.51,9.0658
16485.38,100.53,9.0658
16486.38,101.49,9.0658
16487.38,100.69,9.0658
16488.38,101.86,9.0658
16489.38,100.91,9.0657
16490.39,100.5,9.0657
16491.39,100.51,9.0657
16492.39,100.91,9.0657
16493.39,100.66,9.0659
16494.39,100.95,9.0659
16495.39,100.5,9.0659
16496.4,101.47,9.0661
16497.4,100.98,9.0661
16498.4,100.66,9.0661
16499.4,100.54,9.0661
16500.4,100.97,9.0661
16501.4,100.57,9.0661
16502.4,100.6,9.0661
16503.4,101.04,9.066
16504.41,100.51,9.066
16505.41,100.93,9.066
16506.41,101.4,9.066
16507.41,100.51,9.066
16508.41,101.16,9.0661
16509.41,100.67,9.0661
16510.42,100.76,9.0661
16511.42,100.99,9.0661
16512.42,100.6,9.0661
16513.42,101.3,9.0661
16514.42,100.6,9.0661
16515.42,100.62,9.0661
16516.42,103.46,9.0663
16517.43,100.79,9.0663
16518.43,100.82,9.0663
16519.43,100.85,9.0663
16520.43,100.61,9.0663
16521.43,101.08,9.0663
16522.43,100.59,9.0663
16523.44,101.09,9.0662
16524.44,100.46,9.0662
16525.44,100.46,9.0662
16526.44,102.36,9.0665
16527.44,100.77,9.0665
16528.44,100.8,9.0666
16529.44,101.19,9.0666
16530.45,100.78,9.0666
16531.45,101.18,9.0665
16532.45,100.54,9.0665
16533.45,100.81,9.0665
16534.45,101.2,9.0665
16535.45,101.76,9.0666
16536.46,100.78,9.0666
16537.46,101.19,9.0666
16538.46,100.75,9.0666
16539.46,101.02,9.0666
16540.46,100.59,9.0666
16541.46,100.68,9.0666
16542.46,101.08,9.0666
16543.47,100.81,9.0666
16544.47,100.64,9.0666
16545.47,101.1,9.0666
16546.47,101.59,9.0666
16547.47,100.75,9.0666
16548.47,100.71,9.0667
16549.47,101.06,9.0668
16550.47,100.53,9.0668
16551.48,100.61,9.0667
16552.48,101.01,9.0667
16553.48,100.76,9.0668
16554.48,101.08,9.0668
16555.48,100.72,9.0668
16556.48,101.57,9.0668
16557.48,100.97,9.0667
16558.49,100.75,9.0668
16559.49,100.75,9.0667
16560.49,100.97,9.0667
16561.49,100.77,9.0666
16562.49,101.19,9.0666
16563.49,100.93,9.0667
16564.5,100.72,9.0667
16565.5,101.06,9.0667
16566.5,100.66,9.0666
16567.5,102.02,9.067
16568.5,100.59,9.067
16569.5,100.6,9.067
16570.5,101.03,9.067
16571.51,100.77,9.067
16572.51,100.63,9.067
16573.51,101.15,9.067
16574.51,100.52,9.0669
16575.51,100.52,9.0668
16576.51,100.92,9.0668
16577.51,101.4,9.0671
16578.52,100.68,9.067
16579.52,101.19,9.0669
16580.52,100.78,9.0669
16581.52,101.19,9.0669
16582.52,100.78,9.0669
16583.52,100.93,9.067
16584.52,101.17,9.067
16585.53,100.77,9.0669
16586.53,101.21,9.0669
16587.53,101.47,9.0672
16588.53,100.59,9.0672
16589.53,100.96,9.0672
16590.53,100.51,9.0672
16591.54,100.49,9.0672
16592.54,101.01,9.0672
16593.54,100.66,9.0672
16594.54,101.05,9.0672
16595.54,100.68,9.0671
16596.54,100.75,9.0673
16597.54,101.16,9.0673
16598.55,103.06,9.0672
16599.55,100.74,9.0672
16600.55,101.16,9.0672
16601.55,100.92,9.0672
16602.55,100.8,9.0672
16603.55,101.33,9.0673
16604.55,100.81,9.0673
16605.56,101.19,9.0673
16606.56,100.77,9.0673
16607.56,100.72,9.0673
16608.56,101.23,9.0673
16609.56,101.7,9.0673
16610.56,101.19,9.0672
16611.57,100.77,9.0672
16612.57,100.77,9.0672
16613.57,101.3,9.0672
16614.57,100.77,9.0672
16615.57,100.79,9.0672
16616.57,101.17,9.0672
16617.57,100.62,9.0672
16618.58,101.03,9.0673
16619.58,101.35,9.0673
16620.58,100.79,9.0674
16621.58,100.95,9.0674
16622.58,100.53,9.0675
16623.58,101.06,9.0676
16624.59,100.54,9.0675
16625.59,100.53,9.0675
16626.59,100.95,9.0675
16627.59,100.54,9.0675
16628.59,100.99,9.0675
16629.59,100.48,9.0675
16630.59,101.0,9.0675
16631.6,100.93,9.0675
16632.6,100.47,9.0676
16633.6,100.62,9.0675
16634.6,100.91,9.0675
16635.6,100.51,9.0675
16636.6,100.89,9.0675
16637.61,100.56,9.0675
16638.61,100.85,9.0677
16639.61,101.15,9.0676
16640.61,100.71,9.0675
16641.61,101.69,9.0675
16642.61,100.78,9.0675
16643.61,100.66,9.0676
16644.62,100.92,9.0676
16645.62,100.54,9.0676
16646.62,100.52,9.0676
16647.62,100.92,9.0676
16648.62,100.74,9.0677
16649.62,101.11,9.0676
16650.63,100.82,9.0676
16651.63,100.81,9.0676
16652.63,102.11,9.0677
16653.63,100.91,9.0678
16654.63,101.23,9.0678
16655.63,100.86,9.0677
16656.63,100.81,9.0677
16657.64,101.21,9.0677
16658.64,100.84,9.0677
16659.64,100.8,9.0677
16660.64,101.19,9.0676
16661.64,100.8,9.0676
16662.64,102.08,9.0679
16663.65,100.91,9.0679
16664.65,100.77,9.0678
16665.65,101.19,9.0678
16666.65,100.79,9.0678
16667.65,101.17,9.0678
16668.65,100.81,9.0677
16669.66,100.75,9.0677
16670.66,101.18,9.0677
16671.66,100.77,9.0677
16672.66,101.17,9.0677
16673.66,104.8,9.068
16674.66,100.69,9.068
16675.66,100.94,9.068
16676.67,100.53,9.0679
16677.67,101.17,9.0679
16678.67,100.81,9.068
16679.67,100.78,9.068
16680.67,101.2,9.068
16681.67,100.78,9.068
16682.68,100.77,9.068
16683.68,102.07,9.068
16684.68,100.78,9.068
16685.68,101.17,9.0679
16686.68,100.76,9.0679
16687.68,100.78,9.0679
16688.68,101.19,9.0679
16689.69,100.79,9.0679
16690.69,101.2,9.0679
16691.69,100.82,9.0679
16692.69,100.78,9.0679
16693.69,101.31,9.068
16694.69,101.58,9.0681
16695.7,101.04,9.0681
16696.7,100.8,9.068
16697.7,100.79,9.068
16698.7,101.2,9.0681
16699.7,100.78,9.068
16700.7,100.78,9.068
16701.71,101.17,9.068
16702.71,100.77,9.0679
16703.71,101.3,9.0681
16704.71,100.82,9.0682
16705.71,100.8,9.0682
16706.71,102.2,9.0681
16707.71,100.81,9.0681
16708.71,100.88,9.0682
16709.72,101.21,9.0682
16710.72,100.83,9.0682
16711.72,101.21,9.0682
16712.72,100.88,9.0682
16713.72,100.94,9.0682
16714.72,101.16,9.0682
16715.73,100.81,9.0682
16716.73,100.78,9.0682
16717.73,101.83,9.0682
16718.73,100.54,9.0682
16719.73,100.74,9.0682
16720.73,101.22,9.0684
16721.73,100.82,9.0684
16722.74,101.05,9.0684
16723.74,100.82,9.0685
16724.74,100.51,9.0684
16725.74,100.93,9.0684
16726.74,100.54,9.0683
16727.74,100.96,9.0683
16728.75,101.77,9.0684
16729.75,100.79,9.0684
16730.75,100.9,9.0684
16731.75,100.51,9.0684
16732.75,100.93,9.0684
16733.75,114.79,9.0685
16734.75,100.93,9.0685
16735.76,101.12,9.0685
16736.76,100.53,9.0685
16737.76,100.74,9.0685
16738.76,103.73,9.0686
16739.76,100.83,9.0686
16740.76,101.24,9.0686
16741.77,100.84,9.0686
16742.77,100.84,9.0685
16743.77,101.35,9.0685
16744.77,100.82,9.0685
16745.77,101.17,9.0685
16746.77,100.82,9.0685
16747.77,100.8,9.0685
16748.78,102.43,9.0688
16749.78,100.84,9.0688
16750.78,100.88,9.0688
16751.78,101.29,9.0688
16752.78,100.81,9.0688
16753.78,100.95,9.0688
16754.78,101.31,9.0688
16755.78,100.94,9.0688
16756.79,100.82,9.0687
16757.79,100.81,9.0687
16758.79,101.3,9.0687
16759.79,101.74,9.0689
16760.79,101.26,9.0688
16761.79,100.75,9.0687
16762.79,100.72,9.0687
16763.8,101.4,9.0687
16764.8,100.81,9.0688
16765.8,100.8,9.0689
16766.8,101.24,9.0689
16767.8,100.82,9.0689
16768.8,100.86,9.0689
16769.8,101.27,9.0689
16770.81,101.73,9.0692
16771.81,100.8,9.0692
16772.81,101.25,9.0691
16773.81,100.95,9.0692
16774.81,101.08,9.0692
16775.81,100.83,9.0692
16776.82,100.82,9.0692
16777.82,101.2,9.0692
16778.82,100.87,9.0692
16779.82,101.24,9.0692
16780.82,100.86,9.0692
16781.82,101.72,9.0692
16782.82,101.27,9.0692
16783.83,100.86,9.0692
16784.83,101.22,9.0692
16785.83,100.84,9.0692
16786.83,100.83,9.0692
16787.83,101.25,9.0692
16788.83,100.87,9.0692
16789.83,100.79,9.0692
16790.84,101.27,9.0692
16791.84,100.85,9.0692
16792.84,101.82,9.0693
16793.84,101.12,9.0694
16794.84,100.69,9.0694
16795.84,101.1,9.0694
16796.85,100.78,9.0694
16797.85,100.77,9.0694
16798.85,101.21,9.0694
16799.85,100.66,9.0694
16800.85,101.1,9.0694
16801.85,100.69,9.0694
16802.85,100.77,9.0694
16803.86,101.13,9.0694
16804.86,101.18,9.0694
16805.86,100.5,9.0694
16806.86,101.05,9.0694
16807.86,100.64,9.0694
16808.86,101.09,9.0694
16809.87,100.69,9.0694
16810.87,100.65,9.0694
16811.87,101.02,9.0694
16812.87,100.78,9.0694
16813.87,101.25,9.0696
16814.87,100.83,9.0696
16815.87,100.72,9.0696
16816.88,103.46,9.0696
16817.88,100.89,9.0696
16818.88,100.9,9.0695
16819.88,101.27,9.0695
16820.88,100.92,9.0695
16821.88,101.33,9.0695
16822.89,100.98,9.0695
16823.89,100.96,9.0695
16824.89,101.26,9.0695
16825.89,100.85,9.0695
16826.89,100.74,9.0695
16827.89,102.16,9.0696
16828.89,100.95,9.0696
16829.9,101.31,9.0696
16830.9,100.75,9.0696
16831.9,100.81,9.0696
16832.9,107.74,9.0701
16833.9,162.49,1.877
16834.9,301.7,2.0465
16835.91,238.63,1.9081
16836.91,314.91,1.8599
16837.91,288.79,2.0445
16838.91,338.8,2.1962
16839.91,286.64,2.0508
16840.91,322.26,1.8776
16841.91,282.83,2.0454
16842.91,325.58,2.1615
16843.92,253.58,1.9452
16844.92,297.44,2.0922
16845.92,330.85,2.0153
16846.92,269.98,2.0513
16847.92,318.81,2.3863
16848.92,305.48,2.7723
16849.92,288.07,3.0886
16850.93,357.91,3.2704
16851.93,346.78,3.5783
16852.93,319.58,3.8686
16853.93,309.69,4.2214
16854.93,306.11,4.4564
16855.93,303.2,4.6948
16856.93,301.02,4.9127
16857.93,300.74,5.1532
16858.94,305.12,5.3127
16859.94,310.8,5.5123
16860.94,304.56,5.6645
16861.94,303.2,5.8071
16862.94,298.66,5.9443
16863.94,232.3,6.0551
16864.94,247.53,6.1667
16865.95,183.31,6.2491
16866.95,145.61,6.34
16867.95,132.28,6.4174
16868.95,125.83,6.4544
16869.95,147.52,6.5458
16870.95,114.32,6.6503
16871.95,104.9,6.7399
16872.95,221.11,7.2548
16873.96,126.46,7.3068
16874.96,107.65,7.3069
16875.96,134.63,7.3069
16876.96,207.05,7.307
16877.96,203.37,7.3126
16878.96,110.96,7.3151
16879.97,113.36,7.3151
16880.97,112.13,7.3151
16881.97,106.34,7.3151
16882.97,177.99,7.3151
16883.97,134.79,7.3151
16884.97,136.38,7.3151
16885.97,101.22,7.3151
16886.98,118.03,7.3021
16887.98,103.74,7.3021
16888.98,101.01,7.3022
16889.98,101.63,7.3022
16890.98,129.78,7.3022
16891.98,100.73,7.3022
16892.98,107.82,7.3022
16893.99,113.47,7.3022
16894.99,110.88,7.3022
16895.99,146.44,7.3022
16896.99,100.86,7.3022
16897.99,103.27,7.3022
16898.99,105.98,7.3311
16900.0,100.91,7.375
16901.0,101.26,7.4023
16902.0,101.51,7.4023
16903.0,113.27,7.4023
16904.0,164.54,7.4024
16905.0,211.79,7.4024
16906.0,111.0,7.4024
16907.01,110.26,7.4024
16908.01,101.17,7.4024
16909.01,100.98,7.4026
16910.01,102.52,7.4026
16911.01,101.4,7.4026
16912.01,110.61,7.4026
16913.01,100.89,7.4026
16914.02,101.42,7.4025
16915.02,100.73,7.4025
16916.02,100.98,7.4025
16917.02,101.63,7.4025
16918.02,100.62,7.4025
16919.02,104.13,7.4025
16920.02,103.76,7.4025
16921.03,101.26,7.4026
16922.03,101.86,7.4026
16923.03,101.27,7.4026
16924.03,100.81,7.4026
16925.03,101.37,7.4026
16926.03,100.67,7.4026
16927.04,100.99,7.4026
16928.04,122.81,7.4026
16929.04,100.91,7.4026
16930.04,103.37,7.4026
16931.04,110.9,7.4025
16932.04,102.09,7.4026
16933.04,114.11,7.4026
16934.04,103.72,7.4027
16935.05,100.76,7.4027
16936.05,103.35,7.4027
16937.05,101.35,7.4027
16938.05,105.84,7.4026
16939.05,106.4,7.4026
16940.05,103.5,7.4026
16941.05,100.94,7.4025
16942.05,126.8,7.4026
16943.06,111.64,7.4026
16944.06,100.55,7.4028
16945.06,100.56,7.4028
16946.06,100.96,7.4028
16947.06,100.67,7.4028
16948.06,100.93,7.4028
16949.07,100.56,7.4028
16950.07,100.5,7.4028
16951.07,101.21,7.4028
16952.07,100.53,7.4026
16953.07,101.01,7.4028
16954.07,122.65,7.4028
16955.08,100.93,7.4028
16956.08,101.34,7.4028
16957.08,115.79,7.4028
16958.08,101.21,7.4028
16959.08,100.94,7.4028
16960.08,100.89,7.4028
16961.08,101.85,7.4028
16962.09,100.9,7.4028
16963.09,104.3,7.4028
16964.09,101.44,7.4028
16965.09,105.37,7.4027
16966.09,101.38,7.4027
16967.09,101.02,7.4027
16968.1,101.52,7.4027
16969.1,101.62,7.4029
16970.1,101.21,7.4029
16971.1,101.41,7.4029
16972.1,216.08,7.9037
16973.1,117.62,7.9334
16974.1,101.66,7.9333
16975.11,142.02,7.9333
16976.11,109.76,7.9334
16977.11,101.2,7.9334
16978.11,105.36,7.943
16979.11,201.46,7.9597
16980.11,122.21,7.9854
16981.11,100.63,7.9854
16982.12,101.02,7.9854
16983.12,100.64,7.9854
16984.12,100.6,7.9854
16985.12,100.95,7.9854
16986.12,100.57,7.9854
16987.12,100.93,7.9854
16988.13,100.66,7.9854
16989.13,100.55,7.9855
16990.13,101.31,7.9855
16991.13,114.23,7.9854
16992.13,101.35,7.9854
16993.13,100.78,7.9855
16994.13,100.58,7.9855
16995.14,100.97,7.9854
16996.14,100.59,7.9854
16997.14,104.09,7.9855
16998.14,132.3,7.9855
16999.14,104.68,7.9855
17000.14,101.26,7.9855
17001.15,101.0,7.9855
17002.15,101.09,7.9855
17003.15,102.26,7.9855
17004.15,100.85,7.9856
17005.15,101.59,7.9856
17006.15,101.31,7.9856
17007.15,101.68,7.9856
17008.16,101.23,7.9856
17009.16,100.85,7.9856
17010.16,100.83,7.9856
17011.16,110.62,7.9799
17012.16,100.84,7.9799
17013.16,101.32,7.9799
17014.17,100.86,7.9799
17015.17,100.83,7.9799
17016.17,101.27,7.9799
17017.17,100.93,7.9799
17018.17,104.89,7.9799
17019.17,100.89,7.9799
17020.17,100.88,7.9799
17021.18,101.3,7.9801
17022.18,100.88,7.9801
17023.18,100.97,7.9801
17024.18,101.3,7.9802
17025.18,101.22,7.9802
17026.18,102.59,7.9802
17027.19,100.85,7.9802
17028.19,100.71,7.9802
17029.19,100.96,7.9801
17030.19,100.52,7.9801
17031.19,100.82,7.9801
17032.19,101.26,7.9801
17033.19,100.94,7.9801
17034.2,101.28,7.9802
17035.2,100.86,7.9802
17036.2,100.82,7.9802
17037.2,101.19,7.9802
17038.2,110.33,7.9802
17039.2,100.81,7.9801
17040.21,101.21,7.98
17041.21,100.88,7.98
17042.21,114.18,7.98
17043.21,118.91,7.98
17044.21,100.95,7.9801
17045.21,101.29,7.9801
17046.21,100.85,7.9801
17047.22,101.03,7.9801
17048.22,101.53,7.9801
17049.22,101.03,7.9803
17050.22,101.23,7.9801
17051.22,100.8,7.9801
17052.22,101.95,7.9801
17053.22,101.23,7.9801
17054.23,101.12,7.9802
17055.23,100.84,7.9802
17056.23,101.4,7.9802
17057.23,100.83,7.9802
17058.23,101.28,7.98
17059.23,100.66,7.9801
17060.24,100.65,7.9801
17061.24,101.26,7.9801
17062.24,100.82,7.9801
17063.24,101.14,7.9802
17064.24,101.05,7.9803
17065.24,100.85,7.9803
17066.24,101.25,7.9803
17067.25,100.85,7.9803
17068.25,101.26,7.9803
17069.25,100.8,7.9803
17070.25,100.74,7.9803
17071.25,100.99,7.9803
17072.25,100.5,7.9803
17073.26,101.21,7.9802
17074.26,100.85,7.9802
17075.26,101.36,7.9802
17076.26,103.11,7.9802
17077.26,104.88,7.9802
17078.26,111.89,7.9802
17079.27,101.54,7.9803
17080.27,100.76,7.9803
17081.27,105.18,7.9804
17082.27,101.04,7.9804
17083.27,100.93,7.9804
17084.27,101.25,7.9804
17085.27,100.81,7.9804
17086.28,103.87,7.9804
17087.28,100.83,7.9804
17088.28,122.11,7.9804
17089.28,101.3,7.9804
17090.28,100.77,7.9804
17091.28,100.83,7.9804
17092.28,101.25,7.9804
17093.29,101.71,7.9804
17094.29,100.89,7.9804
17095.29,101.2,7.9803
17096.29,100.82,7.9804
17097.29,101.06,7.9804
17098.29,100.9,7.9804
17099.29,100.88,7.9806
17100.3,101.22,7.9806
17101.3,101.32,7.9806
17102.3,101.23,7.9806
17103.3,100.94,7.9806
17104.3,100.9,7.9805
17105.3,101.32,7.9805
17106.31,101.4,7.9805
17107.31,109.0,7.9804
17108.31,101.28,7.9804
17109.31,100.75,7.9804
17110.31,104.32,7.9804
17111.31,101.33,7.9805
17112.31,100.87,7.9805
17113.31,100.95,7.9806
17114.32,101.48,7.9806
17115.32,100.83,7.9806
17116.32,100.85,7.9806
17117.32,101.3,7.9805
17118.32,100.87,7.9806
17119.32,100.8,7.9806
17120.32,101.27,7.9806
17121.33,100.77,7.9806
17122.33,100.8,7.9806
17123.33,101.4,7.9805
17124.33,100.79,7.9805
17125.33,100.84,7.9805
17126.33,101.31,7.9805
17127.33,100.84,7.9805
17128.33,100.57,7.9805
17129.34,100.99,7.9805
17130.34,100.85,7.9805
17131.34,100.57,7.9806
17132.34,100.95,7.9806
17133.34,100.75,7.9808
17134.34,100.85,7.9808
17135.35,101.24,7.9808
17136.35,100.87,7.9808
17137.35,101.24,7.9808
17138.35,100.89,7.9808
17139.35,100.75,7.9808
17140.35,100.96,7.9808
17141.35,100.6,7.9808
17142.36,100.96,7.9808
17143.36,100.68,7.9808
17144.36,102.53,7.9808
17145.36,101.02,7.9808
17146.36,100.85,7.9808
17147.36,101.17,7.9808
17148.37,100.81,7.9808
17149.37,100.74,7.9808
17150.37,101.2,7.9808
17151.37,100.81,7.9808
17152.37,100.89,7.9808
17153.37,101.27,7.9809
17154.37,100.82,7.9809
17155.38,101.21,7.9809
17156.38,100.83,7.9809
17157.38,100.82,7.9809
17158.38,101.26,7.9809
17159.38,100.53,7.9809
17160.38,100.69,7.9809
17161.38,101.33,7.9808
17162.39,100.66,7.9808
17163.39,102.61,7.981
17164.39,100.93,7.981
17165.39,100.54,7.981
17166.39,101.13,7.9809
17167.39,100.81,7.9809
17168.39,100.87,7.981
17169.4,101.2,7.981
17170.4,100.84,7.981
17171.4,100.89,7.981
17172.4,101.2,7.981
17173.4,100.88,7.981
17174.4,101.16,7.981
17175.41,100.79,7.9809
17176.41,100.71,7.9809
17177.41,101.17,7.9808
17178.41,100.87,7.9809
17179.41,101.24,7.9809
17180.41,100.77,7.9809
17181.42,100.81,7.9809
17182.42,101.76,7.981
17183.42,101.04,7.981
17184.42,100.83,7.981
17185.42,101.17,7.981
17186.42,100.79,7.981
17187.42,101.12,7.981
17188.43,100.78,7.9811
17189.43,100.78,7.9811
17190.43,101.21,7.9811
17191.43,100.7,7.9811
17192.43,100.72,7.9811
17193.43,101.27,7.9811
17194.43,100.77,7.9811
17195.43,100.78,7.9811
17196.44,101.17,7.9811
17197.44,100.77,7.9811
17198.44,100.85,7.9811
17199.44,101.26,7.981
17200.44,100.85,7.981
17201.44,100.91,7.981
17202.44,101.26,7.981
17203.45,101.15,7.981
17204.45,101.16,7.981
17205.45,100.82,7.9811
17206.45,100.73,7.9811
17207.45,101.13,7.9811
17208.45,119.44,7.9812
17209.45,100.46,7.9812
17210.46,101.1,7.9812
17211.46,100.75,7.9812
17212.46,104.02,7.9811
17213.46,101.33,7.9813
17214.46,100.72,7.9813
17215.46,101.17,7.9813
17216.47,100.79,7.9813
17217.47,100.79,7.9813
17218.47,101.28,7.9813
17219.47,100.83,7.9813
17220.47,101.18,7.9813
17221.47,100.68,7.9813
17222.47,100.64,7.9813
17223.48,101.17,7.9813
17224.48,100.41,7.9813
17225.48,100.84,7.9813
17226.48,100.93,7.9813
17227.48,101.26,7.9813
17228.48,100.84,7.9813
17229.48,100.73,7.9813
17230.48,101.05,7.9812
17231.49,102.41,7.9812
17232.49,101.17,7.9812
17233.49,100.85,7.9812
17234.49,100.7,7.9812
17235.49,100.9,7.9812
17236.49,101.21,7.9812
17237.49,100.85,7.9813
17238.5,101.3,7.9813
17239.5,100.79,7.9812
17240.5,100.85,7.9812
17241.5,101.25,7.9813
17242.5,100.86,7.9813
17243.5,101.37,7.9814
17244.51,100.78,7.9814
17245.51,100.83,7.9813
17246.51,101.23,7.9813
17247.51,100.81,7.9813
17248.51,101.11,7.9813
17249.51,100.79,7.9814
17250.51,100.76,7.9814
17251.52,101.16,7.9814
17252.52,100.78,7.9814
17253.52,100.95,7.9814
17254.52,101.17,7.9814
17255.52,100.67,7.9814
17256.52,101.15,7.9814
17257.53,112.33,7.9814
17258.53,262.51,8.1972
17259.53,101.23,8.1972
17260.53,100.94,8.1971
17261.53,100.72,8.1972
17262.53,101.26,8.1972
17263.53,100.98,8.1973
17264.54,104.17,8.1973
17265.54,100.72,8.1973
17266.54,100.85,8.1973
17267.54,108.48,8.1973
17268.54,100.84,8.1973
17269.54,101.23,8.1973
17270.55,100.91,8.1973
17271.55,100.79,8.1974
17272.55,101.24,8.1974
17273.55,100.97,8.1974
17274.55,100.84,8.1974
17275.55,101.33,8.1974
17276.55,101.07,8.1974
17277.55,100.84,8.1974
17278.56,101.36,8.1974
17279.56,100.84,8.1974
17280.56,100.84,8.1974
17281.56,101.26,8.1974
17282.56,100.85,8.1974
17283.56,100.96,8.1975
17284.56,101.22,8.1975
17285.57,100.84,8.1975
17286.57,101.27,8.1975
17287.57,100.79,8.1975
17288.57,100.62,8.1974
17289.57,101.19,8.1974
17290.57,100.8,8.1974
17291.58,100.86,8.1974
17292.58,101.15,8.1974
17293.58,100.94,8.1975
17294.58,101.24,8.1975
17295.58,102.07,8.1975
17296.58,100.55,8.1975
17297.58,100.92,8.1975
17298.59,100.59,8.1976
17299.59,100.49,8.1976
17300.59,100.94,8.1976
17301.59,100.58,8.1974
17302.59,100.97,8.1974
17303.59,100.7,8.1975
17304.59,100.49,8.1975
17305.6,101.07,8.1975
17306.6,100.62,8.1975
17307.6,100.65,8.1976
17308.6,100.61,8.1976
17309.6,100.96,8.1976
17310.6,100.55,8.1976
17311.6,101.14,8.1976
17312.61,100.8,8.1976
17313.61,100.93,8.1976
17314.61,101.21,8.1976
17315.61,100.81,8.1976
17316.61,101.21,8.1976
17317.61,101.09,8.1976
17318.61,100.84,8.1976
17319.62,101.12,8.1976
17320.62,100.8,8.1976
17321.62,100.85,8.1976
17322.62,103.7,8.1975
17323.62,100.89,8.1976
17324.62,101.14,8.1976
17325.63,100.79,8.1976
17326.63,100.85,8.1976
17327.63,101.25,8.1976
17328.63,100.9,8.1976
17329.63,100.75,8.1976
17330.63,101.05,8.1977
17331.63,100.84,8.1977
17332.64,100.79,8.1977
17333.64,101.28,8.1977
17334.64,100.82,8.1977
17335.64,100.8,8.1977
17336.64,101.06,8.1977
17337.64,100.79,8.1977
17338.64,101.33,8.1977
17339.65,100.84,8.1977
17340.65,100.81,8.1977
17341.65,101.28,8.1977
17342.65,100.86,8.1977
17343.65,100.7,8.1978
17344.65,101.2,8.1978
17345.65,100.87,8.1978
17346.66,101.18,8.1977
17347.66,105.01,8.1977
17348.66,100.73,8.1978
17349.66,101.1,8.1978
17350.66,100.5,8.1978
17351.66,100.75,8.1978
17352.67,101.23,8.1979
17353.67,100.97,8.1979
17354.67,101.22,8.1979
17355.67,100.84,8.1979
17356.67,100.85,8.1978
17357.67,101.2,8.1978
17358.67,100.87,8.1979
17359.68,101.21,8.1979
17360.68,100.84,8.1979
17361.68,100.81,8.1979
17362.68,101.24,8.1979
17363.68,100.96,8.1979
17364.68,101.22,8.1979
17365.69,100.82,8.1979
17366.69,100.82,8.1979
17367.69,101.24,8.1979
17368.69,100.76,8.1979
17369.69,101.24,8.1979
17370.69,100.89,8.1979
17371.7,100.9,8.1979
17372.7,101.37,8.1979
17373.7,100.92,8.198
17374.7,100.54,8.198
17375.7,100.95,8.198
17376.7,100.64,8.198
17377.7,101.2,8.198
17378.71,100.83,8.198
17379.71,100.84,8.198
17380.71,101.25,8.198
17381.71,100.89,8.198
17382.71,101.25,8.198
17383.71,100.91,8.198
17384.71,100.74,8.198
17385.72,118.0,8.198
17386.72,100.81,8.198
17387.72,101.23,8.198
17388.72,101.41,8.1981
17389.72,100.75,8.1981
17390.72,101.58,8.1981
17391.73,101.72,8.1981
17392.73,100.81,8.1981
17393.73,101.55,8.1981
17394.73,100.82,8.198
17395.73,101.26,8.198
17396.73,100.83,8.198
17397.74,100.85,8.1981
17398.74,101.33,8.1982
17399.74,100.77,8.1982
17400.74,101.08,8.1982
17401.74,100.86,8.1982
17402.74,100.87,8.1982
17403.74,106.11,8.1982
17404.75,101.87,8.1982
17405.75,101.26,8.1982
17406.75,100.85,8.1982
17407.75,100.81,8.1981
17408.75,101.29,8.1981
17409.75,100.81,8.1981
17410.76,101.39,8.1982
17411.76,100.81,8.1982
17412.76,101.88,8.1982
17413.76,102.51,8.1982
17414.76,100.75,8.1982
17415.76,100.91,8.1982
17416.76,101.23,8.1982
17417.77,100.82,8.1982
17418.77,101.28,8.1983
17419.77,100.8,8.1983
17420.77,100.86,8.1983
17421.77,101.18,8.1983
17422.77,100.53,8.1983
17423.78,100.95,8.1983
17424.78,100.67,8.1983
17425.78,100.57,8.1983
17426.78,101.02,8.1982
17427.78,101.33,8.1982
17428.78,100.86,8.1982
17429.78,101.21,8.1982
17430.79,100.88,8.1982
17431.79,102.73,8.1982
17432.79,100.77,8.1982
17433.79,100.86,8.1983
17434.79,101.21,8.1983
17435.79,101.76,8.1983
17436.8,101.45,8.1983
17437.8,100.47,8.1983
17438.8,100.85,8.1983
17439.8,101.24,8.1983
17440.8,100.91,8.1983
17441.8,100.85,8.1983
17442.81,101.22,8.1983
17443.81,100.9,8.1983
17444.81,101.26,8.1983
17445.81,101.4,8.1983
17446.81,100.85,8.1983
17447.81,101.24,8.1984
17448.81,101.05,8.1983
17449.82,100.83,8.1983
17450.82,101.23,8.1983
17451.82,100.87,8.1983
17452.82,101.25,8.1983
17453.82,100.99,8.1984
17454.82,100.87,8.1984
17455.82,101.27,8.1983
17456.83,101.94,8.1983
17457.83,101.21,8.1983
17458.83,100.84,8.1984
17459.83,100.75,8.1984
17460.83,101.07,8.1984
17461.83,100.52,8.1984
17462.84,101.02,8.1983
17463.84,100.57,8.1985
17464.84,100.55,8.1985
17465.84,101.05,8.1985
17466.84,100.73,8.1985
17467.84,101.17,8.1985
17468.85,101.2,8.1985
17469.85,100.86,8.1985
17470.85,101.28,8.1985
17471.85,100.66,8.1985
17472.85,101.01,8.1985
17473.85,103.66,8.1985
17474.85,100.86,8.1985
17475.86,101.27,8.1985
17476.86,100.84,8.1985
17477.86,101.28,8.1985
17478.86,100.9,8.1985
17479.86,104.26,8.1985
17480.86,101.29,8.1985
17481.87,100.85,8.1985
17482.87,100.98,8.1985
17483.87,101.39,8.1987
17484.87,100.84,8.1987
17485.87,100.85,8.1987
17486.87,101.1,8.1987
17487.87,100.73,8.1987
17488.88,100.84,8.1986
17489.88,101.57,8.1986
17490.88,100.87,8.1987
17491.88,101.22,8.1987
17492.88,100.69,8.1987
17493.88,100.9,8.1987
17494.88,101.33,8.1987
17495.89,100.86,8.1987
17496.89,100.87,8.1986
17497.89,101.15,8.1986
17498.89,100.77,8.1986
17499.89,100.77,8.1986
17500.89,101.34,8.1986
17501.89,100.74,8.1986
17502.9,101.22,8.1986
17503.9,100.79,8.1987
17504.9,100.78,8.1987
17505.9,101.28,8.1987
17506.9,100.73,8.1987
17507.9,101.24,8.1987
17508.91,100.9,8.1987
17509.91,100.81,8.1987
17510.91,101.24,8.1989
17511.91,100.83,8.1989
17512.91,101.33,8.1989
17513.91,100.83,8.1989
17514.91,100.81,8.1989
17515.92,101.27,8.1989
17516.92,100.84,8.1989
17517.92,100.8,8.1989
17518.92,101.27,8.1989
17519.92,100.77,8.1989
17520.92,101.26,8.1989
17521.93,100.8,8.1989
17522.93,103.74,8.1989
17523.93,101.58,8.199
17524.93,100.76,8.199
17525.93,101.23,8.199
17526.93,100.83,8.199
17527.94,100.88,8.199
17528.94,101.29,8.199
17529.94,100.84,8.199
17530.94,101.31,8.199
17531.94,100.87,8.199
17532.94,100.94,8.1989
17533.94,103.82,8.199
17534.95,100.51,8.199
17535.95,100.5,8.1989
17536.95,100.98,8.1989
17537.95,100.87,8.1989
17538.95,101.35,8.1989
17539.95,100.83,8.1989
17540.95,100.93,8.1991
17541.96,101.24,8.1991
17542.96,100.91,8.1991
17543.96,100.9,8.1991
17544.96,101.22,8.1991
17545.96,100.83,8.1991
17546.96,101.26,8.1991
17547.97,100.84,8.199
17548.97,100.88,8.199
17549.97,101.23,8.199
17550.97,100.85,8.199
17551.97,100.94,8.1989
17552.98,100.95,8.1989
17553.98,101.24,8.1989
17554.98,100.77,8.1989
17555.98,101.24,8.1989
17556.98,100.81,8.1991
17557.98,100.82,8.1991
17558.98,101.31,8.199
17559.99,100.82,8.199
17560.99,101.27,8.199
17561.99,100.86,8.199
17562.99,105.67,8.199
17563.99,101.23,8.1991
17564.99,100.74,8.1991
17566.0,101.26,8.1992
17567.0,100.85,8.1992
17568.0,100.52,8.1992
17569.0,101.06,8.1992
17570.0,100.8,8.1992
17571.0,100.84,8.1992
17572.0,101.5,8.1992
17573.01,100.91,8.1992
17574.01,101.3,8.1991
17575.01,100.94,8.1992
17576.01,100.84,8.1992
17577.01,101.22,8.1992
17578.01,102.38,8.1992
17579.02,101.3,8.1992
17580.02,100.81,8.1992
17581.02,100.87,8.1991
17582.02,101.28,8.1991
17583.02,100.94,8.1992
17584.02,100.89,8.1993
17585.02,101.31,8.1993
17586.03,100.85,8.1993
17587.03,100.98,8.1993
17588.03,100.84,8.1993
17589.03,100.87,8.1993
17590.03,101.25,8.1993
17591.03,100.88,8.1993
17592.04,101.26,8.1993
17593.04,100.92,8.1993
17594.04,100.89,8.1993
17595.04,101.18,8.1993
17596.04,100.84,8.1993
17597.04,100.82,8.1993
17598.05,101.27,8.1993
17599.05,100.86,8.1992
17600.05,101.25,8.1992
17601.05,100.88,8.1994
17602.05,100.84,8.1994
17603.05,101.32,8.1992
17604.05,100.82,8.1994
17605.06,100.73,8.1994
17606.06,101.21,8.1994
17607.06,100.84,8.1994
17608.06,101.3,8.1994
17609.06,100.92,8.1994
17610.06,100.84,8.1993
17611.06,101.28,8.1993
17612.07,100.83,8.1993
17613.07,108.95,8.1994
17614.07,108.74,8.1995
17615.07,100.98,8.1995
17616.07,101.37,8.1995
17617.07,100.83,8.1995
17618.07,100.85,8.1994
17619.08,101.26,8.1996
17620.08,100.82,8.1994
17621.08,100.85,8.1993
17622.08,101.24,8.1993
17623.08,101.03,8.1995
17624.08,100.88,8.1996
17625.08,101.23,8.1996
17626.09,100.7,8.1996
17627.09,101.22,8.1996
17628.09,100.76,8.1996
17629.09,100.87,8.1996
17630.09,101.16,8.1996
17631.09,100.56,8.1996
17632.1,101.08,8.1996
17633.1,101.25,8.1996
17634.1,100.64,8.1996
17635.1,100.95,8.1996
17636.1,100.54,8.1996
17637.1,100.53,8.1996
17638.1,100.92,8.1996
17639.11,100.85,8.1996
17640.11,101.28,8.1996
17641.11,100.89,8.1996
17642.11,100.83,8.1996
17643.11,101.34,8.1996
17644.11,100.58,8.1996
17645.11,100.62,8.1996
17646.12,101.3,8.1996
17647.12,100.85,8.1996
17648.12,100.86,8.1996
17649.12,101.35,8.1997
17650.12,100.85,8.1997
17651.12,100.56,8.1997
17652.12,100.93,8.1997
17653.13,100.78,8.1997
17654.13,101.11,8.1997
17655.13,100.56,8.1997
17656.13,101.8,8.1997
17657.13,119.15,8.1997
17658.13,100.56,8.1997
17659.14,101.17,8.1997
17660.14,100.77,8.1996
17661.14,100.86,8.1996
17662.14,101.22,8.1996
17663.14,100.9,8.1996
17664.14,101.3,8.1997
17665.15,100.77,8.1997
17666.15,100.58,8.1997
17667.15,101.24,8.1998
17668.15,100.58,8.1998
17669.15,100.62,8.1998
17670.15,102.34,8.1998
17671.15,111.48,8.1998
17672.16,101.29,8.1998
17673.16,100.92,8.1998
17674.16,100.86,8.1999
17675.16,101.31,8.1998
17676.16,100.85,8.1998
17677.16,306.55,8.4505
17678.16,101.23,8.4505
17679.17,100.92,8.4505
17680.17,100.83,8.4504
17681.17,101.27,8.4506
17682.17,100.82,8.4506
17683.17,101.25,8.4506
17684.17,100.89,8.4505
17685.17,100.84,8.4506
17686.18,101.27,8.4506
17687.18,100.82,8.4506
17688.18,100.83,8.4505
17689.18,101.26,8.4505
17690.18,100.84,8.4505
17691.18,100.85,8.4505
17692.19,101.24,8.4505
17693.19,100.9,8.4505
17694.19,101.28,8.4505
17695.19,100.81,8.4505
17696.19,100.75,8.4506
17697.19,101.2,8.4506
17698.19,100.84,8.4506
17699.2,100.78,8.4506
17700.2,100.92,8.4506
17701.2,100.71,8.4506
17702.2,101.28,8.4505
17703.2,100.92,8.4506
17704.2,100.81,8.4506
17705.2,101.08,8.4506
17706.21,100.83,8.4506
17707.21,100.85,8.4505
17708.21,100.98,8.4505
17709.21,100.61,8.4506
17710.21,100.57,8.4506
17711.21,100.99,8.4508
17712.21,100.55,8.4508
17713.22,101.08,8.4508
17714.22,100.77,8.4508
17715.22,100.67,8.4507
17716.22,100.52,8.4507
17717.22,100.89,8.4506
17718.22,100.53,8.4506
17719.22,100.71,8.4507
17720.23,101.23,8.4508
17721.23,100.8,8.4508
17722.23,101.19,8.4508
17723.23,100.92,8.4508
17724.23,101.26,8.4508
17725.23,100.82,8.4508
17726.23,100.77,8.4508
17727.24,101.18,8.4508
17728.24,100.85,8.4508
17729.24,101.28,8.4508
17730.24,161.3,8.451
17731.24,172.33,8.451
17732.24,205.01,8.4512
17733.25,139.79,8.4514
17734.25,117.57,8.4514
17735.25,104.95,8.4514
17736.25,101.36,8.4514
17737.25,100.8,8.4513
17738.25,101.28,8.4513
17739.25,245.36,8.5361
17740.25,100.58,8.5361
17741.26,101.15,8.5361
17742.26,112.51,8.5361
17743.26,102.72,8.5361
17744.26,113.33,8.5361
17745.26,125.75,8.5361
17746.26,104.58,8.5361
17747.27,245.58,8.5667
17748.27,105.52,8.5667
17749.27,100.71,8.5669
17750.27,101.88,8.5669
17751.27,101.11,8.5669
17752.27,104.01,8.5669
17753.28,100.82,8.5669
17754.28,101.16,8.5669
17755.28,138.82,8.6581
17756.28,272.44,8.9619
17757.28,100.71,8.9619
17758.28,100.75,8.9619
17759.28,101.18,8.9619
17760.29,100.73,8.962
17761.29,100.69,8.962
17762.29,100.93,8.962
17763.29,116.68,8.9951
17764.29,211.95,9.2573
17765.29,100.76,9.2573
17766.3,100.74,9.2573
17767.3,101.24,9.2573
17768.3,105.48,9.2572
17769.3,100.76,9.2572
17770.3,101.19,9.2572
17771.3,114.67,9.2716
17772.3,106.28,9.2717
17773.31,152.19,9.2716
17774.31,114.69,9.2717
17775.31,101.15,9.2717
17776.31,100.74,9.2717
17777.31,136.61,9.2717
17778.31,100.9,9.2718
17779.31,105.16,9.2718
17780.32,101.12,9.2718
17781.32,103.12,9.2718
17782.32,100.71,9.2718
17783.32,105.98,9.2718
17784.32,100.69,9.2718
17785.32,100.71,9.2718
17786.32,101.06,9.2718
17787.33,102.87,9.2718
17788.33,100.75,9.2719
17789.33,101.12,9.2719
17790.33,100.76,9.2719
17791.33,101.85,9.2721
17792.33,101.08,9.2721
17793.33,101.41,9.2721
17794.34,101.14,9.2721
17795.34,100.68,9.2721
17796.34,100.72,9.2721
17797.34,101.09,9.2721
17798.34,100.74,9.2722
17799.34,101.07,9.2721
17800.35,110.65,9.2721
17801.35,105.1,9.2721
17802.35,101.03,9.2721
17803.35,100.77,9.2723
17804.35,101.1,9.2723
17805.35,100.69,9.2721
17806.35,100.71,9.2721
17807.36,101.13,9.2721
17808.36,100.74,9.2721
17809.36,100.67,9.2722
17810.36,101.13,9.2722
17811.36,100.51,9.2723
17812.36,100.4,9.2723
17813.36,100.98,9.2723
17814.37,100.45,9.2723
17815.37,100.84,9.2722
17816.37,100.46,9.2722
17817.37,100.52,9.2722
17818.37,101.24,9.2723
17819.37,100.93,9.2723
17820.37,100.7,9.2722
17821.38,102.31,9.2722
17822.38,100.54,9.2723
17823.38,103.78,9.2724
17824.38,100.67,9.2723
17825.38,100.68,9.2722
17826.38,101.12,9.2723
17827.39,100.72,9.2723
17828.39,101.17,9.2723
17829.39,100.71,9.2723
17830.39,100.69,9.2722
17831.39,102.07,9.2726
17832.39,100.67,9.2726
17833.4,100.78,9.2727
17834.4,101.17,9.2727
17835.4,100.5,9.2726
17836.4,100.69,9.2726
17837.4,101.06,9.2726
17838.4,100.81,9.2726
17839.4,100.72,9.2727
17840.4,101.1,9.2727
17841.41,100.71,9.2727
17842.41,101.07,9.2727
17843.41,100.9,9.2727
17844.41,100.45,9.2726
17845.41,100.86,9.2726
17846.41,100.44,9.2726
17847.41,100.55,9.2726
17848.42,114.07,9.2727
17849.42,100.5,9.2727
17850.42,101.03,9.2726
17851.42,101.07,9.2726
17852.42,100.65,9.2726
17853.42,101.21,9.2728
17854.43,100.7,9.2728
17855.43,100.66,9.2729
17856.43,101.1,9.2729
17857.43,100.73,9.2728
17858.43,100.76,9.2727
17859.43,101.11,9.2729
17860.43,100.71,9.2728
17861.44,104.31,9.2729
17862.44,100.71,9.2731
17863.44,100.82,9.2731
17864.44,101.03,9.273
17865.44,100.67,9.273
17866.44,100.95,9.273
17867.45,100.46,9.273
17868.45,100.68,9.2731
17869.45,101.1,9.2731
17870.45,100.71,9.2731
17871.45,100.68,9.2731
17872.45,101.12,9.2731
17873.45,100.78,9.273
17874.45,100.69,9.2729
17875.46,100.96,9.2729
17876.46,100.5,9.2729
17877.46,100.5,9.273
17878.46,100.95,9.273
17879.46,100.65,9.273
17880.46,100.67,9.273
17881.46,100.99,9.273
17882.47,100.54,9.273
17883.47,100.81,9.273
17884.47,101.08,9.2729
17885.47,100.68,9.2729
17886.47,100.72,9.2731
17887.47,101.08,9.2729
17888.47,100.74,9.2731
17889.48,101.07,9.2731
17890.48,100.66,9.2731
17891.48,100.83,9.2731
17892.48,101.13,9.2731
17893.48,100.78,9.2731
17894.48,106.32,9.2733
17895.48,101.09,9.2733
17896.49,100.68,9.2733
17897.49,102.31,9.2733
17898.49,101.11,9.2733
17899.49,100.68,9.2733
17900.49,101.04,9.2733
17901.49,100.59,9.2733
17902.5,100.62,9.2733
17903.5,101.2,9.2734
17904.5,100.69,9.2734
17905.5,100.98,9.2733
17906.5,100.64,9.2732
17907.5,100.74,9.2732
17908.5,101.24,9.2733
17909.51,103.07,9.2733
17910.51,100.69,9.2732
17911.51,101.19,9.2732
17912.51,100.72,9.2732
17913.51,101.36,9.2734
17914.51,100.8,9.2734
17915.51,100.83,9.2733
17916.52,101.16,9.2733
17917.52,100.68,9.2733
17918.52,101.16,9.2734
17919.52,100.71,9.2734
17920.52,100.75,9.2734
17921.52,101.22,9.2734
17922.53,100.75,9.2734
17923.53,101.27,9.2734
17924.53,103.84,9.2735
17925.53,100.64,9.2736
17926.53,101.1,9.2736
17927.53,100.74,9.2736
17928.54,100.76,9.2736
17929.54,101.11,9.2736
17930.54,100.67,9.2736
17931.54,101.1,9.2736
17932.54,100.69,9.2737
17933.54,100.82,9.2736
17934.54,100.97,9.2736
17935.55,100.69,9.2736
17936.55,100.71,9.2736
17937.55,101.19,9.2736
17938.55,100.85,9.2738
17939.55,100.73,9.2738
17940.55,101.11,9.2738
17941.55,100.79,9.2736
17942.56,102.53,9.2736
17943.56,100.89,9.2737
17944.56,100.8,9.2737
17945.56,100.66,9.2737
17946.56,101.05,9.2735
17947.56,100.97,9.2735
17948.57,100.7,9.2737
17949.57,100.69,9.2738
17950.57,100.97,9.2737
17951.57,100.75,9.2737
17952.57,101.02,9.2738
17953.57,100.79,9.2738
17954.57,100.52,9.2738
17955.58,101.13,9.2738
17956.58,101.42,9.2739
17957.58,100.63,9.274
17958.58,101.2,9.2738
17959.58,100.68,9.2738
17960.58,100.7,9.2738
17961.58,101.14,9.2738
17962.59,100.49,9.2738
17963.59,101.08,9.2739
17964.59,100.59,9.2739
17965.59,100.75,9.274
17966.59,101.16,9.274
17967.59,100.63,9.274
17968.6,100.76,9.274
17969.6,101.06,9.274
17970.6,100.66,9.274
17971.6,101.03,9.274
17972.6,100.73,9.274
17973.6,100.86,9.274
17974.6,101.11,9.274
17975.61,100.67,9.274
17976.61,101.12,9.274
17977.61,100.66,9.274
17978.61,100.67,9.274
17979.61,100.93,9.274
17980.61,100.44,9.274
17981.61,100.76,9.274
17982.62,101.08,9.2741
17983.62,100.81,9.2741
17984.62,101.13,9.2741
17985.62,100.71,9.274
17986.62,131.43,9.2742
17987.62,157.85,9.2743
17988.63,108.16,9.2741
17989.63,100.74,9.2741
17990.63,101.14,9.2741
17991.63,100.74,9.2741
17992.63,136.59,9.2741
17993.63,100.83,9.2742
17994.64,101.09,9.2741
17995.64,100.74,9.2741
17996.64,100.67,9.2741
17997.64,100.98,9.2741
17998.64,100.76,9.2741
17999.64,101.08,9.2742
18000.65,100.65,9.2742
18001.65,100.69,9.2743
18002.65,101.12,9.2743
18003.65,100.83,9.2743
18004.65,101.13,9.2743
18005.65,100.77,9.2743
18006.65,100.66,9.2743
18007.66,101.07,9.2743
18008.66,100.86,9.2743
18009.66,100.69,9.2743
18010.66,101.14,9.2743
18011.66,100.76,9.2743
18012.66,100.72,9.2743
18013.66,101.34,9.2743
18014.67,100.82,9.2743
18015.67,100.73,9.2743
18016.67,101.14,9.2743
18017.67,100.72,9.2743
18018.67,101.23,9.2743
18019.67,100.85,9.2743
18020.67,100.72,9.2744
18021.68,101.18,9.2743
18022.68,100.82,9.2743
18023.68,101.88,9.2743
18024.68,101.15,9.2743
18025.68,100.68,9.2743
18026.68,101.16,9.2743
18027.69,100.74,9.2743
18028.69,100.76,9.2743
18029.69,101.17,9.2743
18030.69,100.68,9.2743
18031.69,101.12,9.2743
18032.69,100.74,9.2743
18033.69,100.91,9.2743
18034.7,101.04,9.2743
18035.7,100.74,9.2743
18036.7,100.72,9.2743
18037.7,101.13,9.2743
18038.7,100.72,9.2743
18039.7,100.77,9.2743
18040.7,101.18,9.2744
18041.71,100.8,9.2743
18042.71,101.2,9.2743
18043.71,100.96,9.2744
18044.71,100.82,9.2744
18045.71,101.21,9.2744
18046.71,260.47,1.9651
18047.72,339.19,2.1966
18048.72,351.3,1.8376
18049.72,315.91,2.1489
18050.72,342.69,2.2823
18051.72,255.23,1.9745
18052.72,308.21,2.1371
18053.72,308.3,1.9402
18054.72,311.72,2.1559
18055.73,351.92,2.2913
18056.73,332.06,2.5308
18057.73,315.74,2.8217
18058.73,321.35,3.0405
18059.73,198.09,1.9665
18060.73,337.91,2.1822
18061.73,292.74,1.9504
18062.73,281.89,2.1079
18063.74,311.88,1.9348
18064.74,291.85,2.1126
18065.74,330.36,2.2349
18066.74,294.07,2.5323
18067.74,297.66,2.8997
18068.74,221.28,1.9634
18069.74,340.96,2.1492
18070.75,346.53,2.4605
18071.75,286.12,2.9294
18072.75,220.81,3.1278
18073.75,245.25,2.0702
18074.75,309.18,2.1997
18075.75,326.86,2.4745
18076.75,278.77,2.9265
18077.75,252.18,2.0075
18078.76,351.67,2.2004
18079.76,285.3,2.0373
18080.76,298.14,2.1812
18081.76,347.52,2.4167
18082.76,330.39,2.6315
18083.76,302.08,2.7879
18084.76,186.58,2.0096
18085.77,274.22,2.1083
18086.77,315.42,2.217
18087.77,347.73,2.4391
18088.77,255.72,2.0695
18089.77,334.15,2.2311
18090.77,349.73,2.4719
18091.77,318.52,2.7533
18092.77,308.67,3.0884
18093.78,265.66,1.9479
18094.78,318.18,2.1599
18095.78,335.79,2.3096
18096.78,357.68,2.537
18097.78,338.61,2.7782
18098.78,192.69,1.9849
18099.78,342.57,2.2734
18100.79,317.7,2.377
18101.79,342.99,2.6189
18102.79,267.24,1.9453
18103.79,301.67,2.1471
18104.79,328.89,2.3206
18105.79,358.53,2.5366
18106.79,339.1,2.7866
18107.8,213.0,2.0151
18108.8,319.96,2.2875
18109.8,333.24,2.4175
18110.8,336.38,2.7022
18111.8,230.11,2.0043
18112.8,344.24,2.2572
18113.8,333.56,2.3675
18114.8,345.04,2.5932
18115.81,298.4,2.5531
18116.81,269.97,2.183
18117.81,358.35,2.4043
18118.81,354.87,2.7056
18119.81,254.18,2.0112
18120.81,338.01,2.212
18121.81,353.56,2.4047
18122.81,309.69,2.6426
18123.81,322.13,2.8995
18124.81,162.61,1.9027
18125.82,278.58,2.1434
18126.82,320.57,2.2613
18127.82,253.54,2.017
18128.82,322.2,2.1836
18129.82,359.08,2.3627
18130.82,257.85,2.0973
18131.82,319.66,2.2997
18132.82,364.34,2.4721
18133.83,329.35,2.2503
18134.83,273.31,2.1458
18135.83,352.6,2.295
18136.83,358.89,2.5029
18137.83,336.78,2.7372
18138.83,253.95,2.0871
18139.83,332.71,2.298
18140.83,360.8,2.4712
18141.84,256.34,2.017
18142.84,332.9,2.2058
18143.84,361.98,2.3625
18144.84,348.16,2.6212
18145.84,327.22,2.9058
18146.84,198.3,2.0461
18147.84,338.66,2.2491
18148.85,346.58,2.479
18149.85,319.75,2.7298
18150.85,316.36,2.9795
18151.85,273.62,3.2229
18152.85,182.47,3.3564
18153.85,209.38,3.5281
18154.85,203.69,2.0171
18155.85,345.79,2.2049
18156.86,368.73,2.3981
18157.86,251.24,2.0199
18158.86,341.82,2.259
18159.86,360.2,2.4104
18160.86,346.83,2.7529
18161.86,315.32,3.1166
18162.86,307.57,3.4804
18163.86,308.73,3.8101
18164.87,312.74,4.1479
18165.87,177.08,4.6089
18166.87,166.59,4.8948
18167.87,105.83,4.9922
18168.87,117.35,5.0698
18169.87,149.74,5.1051
18170.87,123.26,5.1447
18171.87,114.88,5.1918
18172.88,101.32,5.2583
18173.88,103.01,5.2952
18174.88,102.02,5.3339
18175.88,100.94,5.3766
18176.88,101.76,5.4573
18177.88,104.97,5.5594
18178.88,101.01,5.6604
18179.89,100.62,5.7583
18180.89,100.61,5.8566
18181.89,101.2,5.9568
18182.89,100.74,6.0561
18183.89,101.13,6.153
18184.89,102.97,6.2484
18185.9,100.58,6.3516
18186.9,100.87,6.4454
18187.9,100.71,6.556
18188.9,100.9,6.6321
18189.9,102.1,6.7194
18190.9,103.66,6.808
18191.9,103.59,6.892
18192.91,134.06,6.9834
18193.91,100.98,7.0355
18194.91,101.07,7.0355
18195.91,100.69,7.0355
18196.91,101.07,7.0355
18197.91,101.83,7.0356
18198.92,101.02,7.0357
18199.92,101.88,7.0358
18200.92,100.85,7.0357
18201.92,101.21,7.0357
18202.92,100.94,7.0357
18203.92,103.34,7.0357
18204.92,100.87,7.0357
18205.93,100.44,7.0357
18206.93,100.85,7.0357
18207.93,101.0,7.0357
18208.93,100.71,7.0357
18209.93,100.66,7.0357
18210.93,101.27,7.0357
18211.93,100.67,7.0357
18212.94,101.14,7.0357
18213.94,100.7,7.0355
18214.94,100.46,7.0355
18215.94,100.88,7.0355
18216.94,100.46,7.0355
18217.94,100.46,7.0355
18218.95,100.9,7.0356
18219.95,100.48,7.0356
18220.95,101.14,7.0357
18221.95,100.78,7.0357
18222.95,100.81,7.0357
18223.95,101.77,7.0357
18224.95,125.7,7.0356
18225.95,100.67,7.0356
18226.96,101.07,7.0356
18227.96,100.66,7.0356
18228.96,100.72,7.0357
18229.96,101.08,7.0357
18230.96,100.69,7.0357
18231.96,101.04,7.0357
18232.97,100.73,7.0358
18233.97,100.72,7.0358
18234.97,101.06,7.0358
18235.97,100.63,7.0358
18236.97,100.47,7.0358
18237.97,100.84,7.0359
18238.97,100.49,7.0359
18239.98,100.85,7.0359
18240.98,100.43,7.0359
18241.98,100.44,7.0359
18242.98,100.9,7.0359
18243.98,100.49,7.0359
18244.98,100.46,7.0359
18245.99,100.88,7.0359
18246.99,100.51,7.0359
18247.99,100.95,7.0359
18248.99,100.59,7.0359
18249.99,100.45,7.0358
18250.99,101.19,7.0358
18251.99,100.67,7.0358
18252.99,100.81,7.0357
18254.0,101.12,7.0358
18255.0,100.66,7.0358
18256.0,100.49,7.0357
18257.0,101.04,7.0406
18258.0,100.67,7.048
18259.0,100.69,7.0547
18260.0,100.98,7.0623
18261.01,100.66,7.0699
18262.01,100.91,7.0764
18263.01,100.49,7.0838
18264.01,100.48,7.0912
18265.01,100.84,7.0963
18266.01,100.43,7.1043
18267.02,100.45,7.1115
18268.02,100.83,7.1171
18269.02,100.47,7.1226
18270.02,100.85,7.1305
18271.02,100.44,7.1362
18272.02,100.44,7.1361
18273.02,100.93,7.1361
18274.03,100.48,7.1361
18275.03,100.85,7.1361
18276.03,100.43,7.136
18277.03,100.66,7.136
18278.03,101.04,7.136
18279.03,100.5,7.136
18280.04,100.61,7.136
18281.04,101.1,7.136
18282.04,100.71,7.136
18283.04,101.12,7.136
18284.04,100.71,7.136
18285.04,100.71,7.136
18286.04,101.09,7.1361
18287.05,100.7,7.1361
18288.05,100.64,7.1361
18289.05,101.03,7.1361
18290.05,100.68,7.1361
18291.05,101.08,7.1361
18292.05,100.7,7.1362
18293.06,100.78,7.1362
18294.06,101.17,7.1364
18295.06,100.72,7.1364
18296.06,101.15,7.1364
18297.06,100.5,7.1362
18298.06,100.49,7.1362
18299.06,100.97,7.1362
18300.07,100.53,7.1362
18301.07,100.52,7.1362
18302.07,100.98,7.1364
18303.07,100.58,7.1364
18304.07,101.02,7.1364
18305.07,100.67,7.1364
18306.08,100.7,7.1364
18307.08,101.07,7.1364
18308.08,100.58,7.1364
18309.08,101.08,7.1364
18310.08,100.68,7.1362
18311.08,100.73,7.1362
18312.08,101.11,7.1362
18313.09,100.76,7.1362
18314.09,100.73,7.1362
18315.09,101.06,7.1362
18316.09,100.7,7.1362
18317.09,100.69,7.1362
18318.09,101.08,7.1364
18319.09,100.72,7.1365
18320.1,101.1,7.1365
18321.1,100.73,7.1365
18322.1,100.7,7.1365
18323.1,101.23,7.1365
18324.1,100.73,7.1365
18325.1,101.54,7.1365
18326.1,101.14,7.1364
18327.11,100.68,7.1364
18328.11,100.68,7.1364
18329.11,101.2,7.1364
18330.11,100.72,7.1364
18331.11,100.71,7.1364
18332.11,101.11,7.1364
18333.11,100.7,7.1364
18334.12,100.75,7.1364
18335.12,101.08,7.1364
18336.12,100.7,7.1364
18337.12,101.12,7.1364
18338.12,100.69,7.1364
18339.12,100.76,7.1365
18340.12,101.09,7.1365
18341.13,100.69,7.1365
18342.13,100.63,7.1365
18343.13,101.11,7.1365
18344.13,100.76,7.1365
18345.13,100.69,7.1365
18346.13,101.05,7.1365
18347.13,100.71,7.1365
18348.14,101.07,7.1365
18349.14,100.71,7.1365
18350.14,100.67,7.1365
18351.14,101.07,7.1365
18352.14,100.49,7.1365
18353.14,100.9,7.1365
18354.15,100.59,7.1365
18355.15,100.67,7.1365
18356.15,101.06,7.1365
18357.15,100.74,7.1366
18358.15,100.67,7.1366
18359.15,101.13,7.1366
18360.15,100.68,7.1366
18361.16,100.66,7.1366
18362.16,101.08,7.1366
18363.16,100.73,7.1366
18364.16,101.1,7.1367
18365.16,100.67,7.1367
18366.16,100.69,7.1367
18367.16,101.07,7.1367
18368.17,100.67,7.1367
18369.17,100.67,7.1367
18370.17,101.06,7.1367
18371.17,100.72,7.1367
18372.17,101.01,7.1367
18373.17,100.76,7.1367
18374.18,100.71,7.1367
18375.18,101.07,7.1367
18376.18,100.68,7.1367
18377.18,101.11,7.1367
18378.18,100.72,7.1367
18379.18,100.77,7.1367
18380.18,101.16,7.1367
18381.19,100.79,7.1367
18382.19,100.77,7.1367
18383.19,101.27,7.1367
18384.19,100.79,7.1368
18385.19,101.18,7.1368
18386.19,100.83,7.1368
18387.19,100.77,7.1368
18388.2,101.3,7.1368
18389.2,100.79,7.1368
18390.2,100.72,7.1367
18391.2,101.17,7.1367
18392.2,100.73,7.1367
18393.2,100.78,7.1368
18394.2,101.1,7.1368
18395.21,100.66,7.1368
18396.21,100.68,7.1367
18397.21,101.1,7.1367
18398.21,100.68,7.1367
18399.21,101.17,7.1369
18400.21,100.7,7.1369
18401.21,100.73,7.1369
18402.22,101.16,7.1369
18403.22,100.75,7.1369
18404.22,100.64,7.1369
18405.22,101.14,7.1369
18406.22,100.69,7.1369
18407.22,100.72,7.1369
18408.22,101.13,7.1369
18409.23,100.73,7.1368
18410.23,100.71,7.137
18411.23,101.09,7.137
18412.23,100.84,7.137
18413.23,100.81,7.137
18414.23,100.78,7.137
18415.23,101.13,7.1371
18416.23,100.79,7.1371
18417.24,101.17,7.1371
18418.24,101.52,7.1372
18419.24,168.4,2.0333
18420.24,349.58,2.355
18421.24,296.61,2.4809
18422.24,356.68,2.6987
18423.24,337.96,3.016
18424.25,316.22,3.3356
18425.25,309.89,3.6408
18426.25,304.68,3.8902
18427.25,301.32,4.1198
18428.25,301.96,4.301
18429.25,307.35,4.4463
18430.25,319.09,4.6943
18431.26,190.68,5.0397
18432.26,102.67,5.1321
18433.26,101.66,5.2118
18434.26,102.11,5.2845
18435.26,100.8,5.3555
18436.26,102.57,5.4157
18437.26,101.09,5.4564
18438.27,100.9,5.5342
18439.27,101.25,5.6054
18440.27,100.68,5.6638
18441.27,101.2,5.7376
18442.27,100.99,5.8171
18443.27,100.57,5.8934
18444.27,100.73,5.9576
18445.28,114.37,6.025
18446.28,100.66,6.1048
18447.28,100.6,6.1793
18448.28,100.83,6.2437
18449.28,100.61,6.3143
18450.28,101.34,6.3773
18451.29,113.58,6.511
18452.29,100.5,6.7125
18453.29,111.57,6.8121
18454.29,142.49,7.0308
18455.29,100.86,7.0829
18456.29,102.44,7.0829
18457.29,100.79,7.1772
18458.3,102.29,7.1832
18459.3,100.48,7.1832
18460.3,114.53,7.1832
18461.3,101.11,7.1832
18462.3,100.87,7.1833
18463.3,101.21,7.1832
18464.31,100.75,7.1834
18465.31,100.69,7.1833
18466.31,101.0,7.1833
18467.31,100.5,7.1833
18468.31,100.62,7.1833
18469.31,101.15,7.1834
18470.31,100.68,7.1834
18471.32,101.1,7.1833
18472.32,100.68,7.1833
18473.32,100.77,7.1834
18474.32,101.04,7.1834
18475.32,100.65,7.1834
18476.32,100.56,7.1833
18477.32,101.05,7.1833
18478.33,100.73,7.1834
18479.33,100.69,7.1834
18480.33,101.08,7.1833
18481.33,100.68,7.1833
18482.33,101.13,7.1833
18483.33,100.78,7.1835
18484.33,100.66,7.1834
18485.34,101.05,7.1834
18486.34,100.55,7.1834
18487.34,100.55,7.1834
18488.34,101.14,7.1835
18489.34,100.52,7.1835
18490.34,100.49,7.1835
18491.34,100.93,7.1834
18492.35,100.52,7.1834
18493.35,100.71,7.1835
18494.35,101.07,7.1835
18495.35,100.64,7.1834
18496.35,101.01,7.1834
18497.35,100.71,7.1834
18498.35,100.72,7.1836
18499.36,101.08,7.1836
18500.36,100.69,7.1836
18501.36,100.69,7.1836
18502.36,101.1,7.1836
18503.36,100.8,7.1836
18504.36,101.09,7.1836
18505.37,100.68,7.1836
18506.37,100.7,7.1835
18507.37,101.07,7.1836
18508.37,100.69,7.1836
18509.37,100.67,7.1836
18510.37,101.05,7.1837
18511.37,100.68,7.1837
18512.38,100.77,7.1837
18513.38,101.2,7.1837
18514.38,100.68,7.1837
18515.38,101.08,7.1837
18516.38,100.68,7.1837
18517.38,100.71,7.1837
18518.38,101.09,7.1837
18519.39,100.65,7.1837
18520.39,100.66,7.1837
18521.39,101.1,7.1837
18522.39,100.69,7.1837
18523.39,100.73,7.1836
18524.39,101.04,7.1836
18525.39,100.7,7.1836
18526.4,100.54,7.1838
18527.4,100.95,7.1838
18528.4,100.49,7.1838
18529.4,100.99,7.1838
18530.4,100.56,7.1838
18531.4,100.68,7.1837
18532.4,101.13,7.1837
18533.41,100.8,7.1837
18534.41,100.64,7.1838
18535.41,101.06,7.1838
18536.41,100.62,7.1838
18537.41,100.65,7.1837
18538.41,101.13,7.1837
18539.41,100.64,7.1837
18540.41,100.64,7.1837
18541.42,101.1,7.1838
18542.42,100.65,7.1839
18543.42,100.77,7.1839
18544.42,101.06,7.1839
18545.42,100.62,7.1839
18546.42,100.7,7.1839
18547.42,101.06,7.1839
18548.43,100.72,7.1839
18549.43,100.68,7.1839
18550.43,101.04,7.1839
18551.43,100.68,7.1839
18552.43,101.06,7.1839
18553.43,100.74,7.1839
18554.43,100.66,7.1839
18555.44,101.06,7.1839
18556.44,100.66,7.1839
18557.44,100.69,7.1839
18558.44,101.09,7.184
18559.44,100.63,7.184
18560.44,100.87,7.184
18561.45,100.46,7.184
18562.45,100.5,7.184
18563.45,100.96,7.184
18564.45,100.42,7.184
18565.45,100.4,7.184
18566.45,100.94,7.184
18567.45,100.7,7.184
18568.45,100.67,7.184
18569.46,101.04,7.184
18570.46,100.73,7.184
18571.46,100.69,7.184
18572.46,100.63,7.1839
18573.46,101.46,7.184
18574.46,100.5,7.1842
18575.46,100.5,7.1842
18576.46,100.91,7.1842
18577.47,100.51,7.1842
18578.47,100.93,7.1842
18579.47,100.48,7.1842
18580.47,100.47,7.1842
18581.47,100.93,7.1842
18582.47,100.59,7.1842
18583.48,100.73,7.1842
18584.48,101.05,7.1842
18585.48,100.68,7.1842
18586.48,101.09,7.1842
18587.48,100.68,7.1842
18588.48,100.72,7.1842
18589.48,101.13,7.1842
18590.49,100.68,7.1842
18591.49,100.69,7.184
18592.49,101.15,7.1842
18593.49,100.79,7.1842
18594.49,100.66,7.1842
18595.49,100.74,7.1842
18596.49,101.08,7.1842
18597.49,100.68,7.184
18598.5,100.72,7.184
18599.5,101.02,7.184
18600.5,100.47,7.1842
18601.5,101.04,7.1842
18602.5,100.78,7.1841
18603.5,100.77,7.1842
18604.5,101.03,7.1842
18605.51,100.63,7.1842
18606.51,100.65,7.1842
18607.51,101.1,7.1842
18608.51,100.74,7.1842
18609.51,100.67,7.1842
18610.51,101.1,7.1842
18611.51,100.74,7.1842
18612.52,101.0,7.1842
18613.52,100.75,7.1842
18614.52,100.65,7.1842
18615.52,101.08,7.1842
18616.52,100.66,7.1842
18617.52,100.65,7.1842
18618.52,101.08,7.1842
18619.53,100.63,7.1842
18620.53,100.71,7.1842
18621.53,101.1,7.1842
18622.53,100.71,7.1843
18623.53,100.77,7.1843
18624.53,101.08,7.1843
18625.53,100.65,7.1843
18626.54,101.08,7.1843
18627.54,100.66,7.1843
18628.54,100.67,7.1843
18629.54,101.02,7.1842
18630.54,100.64,7.1842
18631.54,100.47,7.1842
18632.54,100.86,7.1842
18633.55,100.6,7.1842
18634.55,100.88,7.1842
18635.55,100.49,7.1842
18636.55,100.49,7.1844
18637.55,100.89,7.1844
18638.55,100.53,7.1845
18639.56,100.49,7.1845
18640.56,100.93,7.1845
18641.56,100.72,7.1845
18642.56,101.09,7.1845
18643.56,100.81,7.1846
18644.56,100.69,7.1846
18645.56,101.08,7.1846
18646.57,100.67,7.1846
18647.57,100.67,7.1846
18648.57,101.13,7.1846
18649.57,100.65,7.1845
18650.57,101.09,7.1845
18651.57,100.67,7.1846
18652.57,100.64,7.1846
18653.58,101.2,7.1847
18654.58,100.67,7.1847
18655.58,100.54,7.1847
18656.58,100.89,7.1845
18657.58,100.53,7.1844
18658.58,100.51,7.1844
18659.58,100.9,7.1844
18660.59,100.46,7.1844
18661.59,100.48,7.1844
18662.59,101.03,7.1844
18663.59,100.77,7.1844
18664.59,100.62,7.1844
18665.59,100.56,7.1845
18666.59,101.04,7.1845
18667.59,100.75,7.1845
18668.6,100.6,7.1846
18669.6,100.87,7.1846
18670.6,100.56,7.1847
18671.6,101.13,7.1847
18672.6,100.7,7.1847
18673.6,100.8,7.1847
18674.6,101.09,7.1847
18675.61,100.65,7.1847
18676.61,100.67,7.1847
18677.61,101.08,7.1846
18678.61,100.71,7.1846
18679.61,100.98,7.1846
18680.61,100.52,7.1846
18681.61,100.44,7.1846
18682.62,101.01,7.1846
18683.62,100.82,7.1846
18684.62,100.7,7.1846
18685.62,101.04,7.1846
18686.62,100.71,7.1847
18687.62,101.1,7.1847
18688.63,100.74,7.1848
18689.63,100.69,7.1848
18690.63,101.09,7.1848
18691.63,100.68,7.1847
18692.63,100.7,7.1847
18693.63,101.22,7.1847
18694.63,100.7,7.1847
18695.64,101.13,7.1847
18696.64,100.47,7.1847
18697.64,100.44,7.1847
18698.64,100.87,7.1848
18699.64,100.61,7.1847
18700.64,100.7,7.1847
18701.64,101.23,7.1848
18702.65,100.7,7.1848
18703.65,100.76,7.185
18704.65,100.95,7.185
18705.65,100.61,7.185
18706.65,100.66,7.185
18707.65,101.09,7.185
18708.65,100.75,7.185
18709.66,101.11,7.185
18710.66,100.7,7.185
18711.66,100.7,7.185
18712.66,101.09,7.185
18713.66,100.8,7.185
18714.66,100.69,7.185
18715.66,100.99,7.185
18716.67,100.47,7.185
18717.67,100.99,7.185
18718.67,100.5,7.1851
18719.67,100.58,7.185
18720.67,101.12,7.185
18721.67,100.71,7.185
18722.67,100.7,7.185
18723.68,101.08,7.185
18724.68,100.62,7.185
18725.68,100.68,7.185
18726.68,101.19,7.185
18727.68,100.76,7.185
18728.68,100.74,7.185
18729.68,100.69,7.185
18730.68,101.08,7.185
18731.69,100.64,7.185
18732.69,100.89,7.185
18733.69,100.52,7.185
18734.69,100.51,7.185
18735.69,101.07,7.185
18736.69,100.7,7.185
18737.7,100.7,7.185
18738.7,101.15,7.185
18739.7,100.67,7.185
18740.7,101.08,7.185
18741.7,100.62,7.185
18742.7,100.69,7.185
18743.7,101.18,7.1851
18744.71,100.58,7.1851
18745.71,100.63,7.1851
18746.71,101.02,7.1851
18747.71,100.48,7.1851
18748.71,100.92,7.1851
18749.71,100.57,7.1851
18750.71,100.54,7.1851
18751.72,101.02,7.1851
18752.72,100.58,7.1851
18753.72,100.74,7.1851
18754.72,101.04,7.1851
18755.72,100.51,7.1851
18756.72,100.89,7.1851
18757.73,100.55,7.1851
18758.73,100.67,7.1851
18759.73,100.99,7.1851
18760.73,100.62,7.1851
18761.73,100.66,7.1851
18762.73,101.02,7.1851
18763.73,100.75,7.1852
18764.74,101.04,7.1851
18765.74,100.7,7.1852
18766.74,100.69,7.1851
18767.74,101.07,7.1851
18768.74,100.52,7.1852
18769.74,100.93,7.1852
18770.75,100.61,7.1852
18771.75,100.6,7.1852
18772.75,100.85,7.1852
18773.75,100.57,7.1852
18774.75,100.46,7.1852
18775.75,100.85,7.1852
18776.75,100.45,7.1852
18777.76,100.86,7.1852
18778.76,100.47,7.1852
18779.76,100.43,7.1852
18780.76,100.86,7.1852
18781.76,100.44,7.1852
18782.76,100.43,7.1852
18783.76,101.05,7.1852
18784.77,100.45,7.1852
18785.77,100.81,7.1852
18786.77,100.42,7.1852
18787.77,100.42,7.1852
18788.77,100.86,7.1854
18789.77,100.57,7.1854
18790.78,100.67,7.1854
18791.78,101.12,7.1854
18792.78,100.61,7.1854
18793.78,101.34,7.1854
18794.78,101.07,7.1853
18795.78,100.69,7.1853
18796.78,100.65,7.1853
18797.78,101.06,7.1855
18798.79,100.66,7.1855
18799.79,100.55,7.1854
18800.79,100.95,7.1854
18801.79,100.55,7.1854
18802.79,100.54,7.1854
18803.79,101.05,7.1854
18804.79,100.43,7.1854
18805.8,100.42,7.1854
18806.8,100.81,7.1854
18807.8,100.43,7.1854
18808.8,100.98,7.1855
18809.8,100.62,7.1855
18810.8,100.66,7.1855
18811.8,101.13,7.1855
18812.81,100.55,7.1855
18813.81,100.69,7.1855
18814.81,100.92,7.1856
18815.81,100.52,7.1856
18816.81,100.58,7.1856
18817.81,101.04,7.1856
18818.81,100.69,7.1856
18819.82,101.11,7.1856
18820.82,100.72,7.1856
18821.82,100.79,7.1857
18822.82,101.12,7.1856
18823.82,100.79,7.1857
18824.82,100.65,7.1857
18825.82,100.99,7.1857
18826.83,100.45,7.1857
18827.83,100.44,7.1857
18828.83,100.99,7.1857
18829.83,100.52,7.1857
18830.83,100.53,7.1857
18831.83,100.99,7.1857
18832.83,100.59,7.1857
18833.83,100.5,7.1857
18834.84,100.87,7.1857
18835.84,100.47,7.1857
18836.84,100.46,7.1857
18837.84,100.87,7.1857
18838.84,100.5,7.1858
18839.84,100.85,7.1858
18840.85,100.5,7.1858
18841.85,100.55,7.1858
18842.85,101.17,7.1858
18843.85,100.57,7.1858
18844.85,100.65,7.1858
18845.85,101.05,7.1858
18846.85,100.52,7.1858
18847.86,100.52,7.1858
18848.86,100.91,7.1858
18849.86,100.44,7.1858
18850.86,100.89,7.1858
18851.86,100.44,7.1858
18852.86,100.52,7.1858
18853.86,100.89,7.1859
18854.87,100.45,7.1859
18855.87,100.52,7.1859
18856.87,100.95,7.1859
18857.87,100.63,7.1859
18858.87,101.1,7.1859
18859.87,100.68,7.1859
18860.87,100.52,7.1859
18861.88,101.0,7.1859
18862.88,100.72,7.1859
18863.88,100.68,7.1859
18864.88,101.06,7.1859
18865.88,100.54,7.1857
18866.88,100.6,7.1857
18867.88,101.1,7.1858
18868.89,100.67,7.1858
18869.89,100.61,7.1858
18870.89,101.0,7.1858
18871.89,100.6,7.1858
18872.89,101.12,7.1859
18873.89,100.66,7.1859
18874.89,100.65,7.1859
18875.9,101.08,7.1859
18876.9,100.61,7.1858
18877.9,100.64,7.1858
18878.9,101.1,7.1858
18879.9,100.64,7.1858
18880.9,100.75,7.1858
18881.9,101.07,7.1858
18882.91,100.75,7.1858
18883.91,101.09,7.186
18884.91,100.65,7.186
18885.91,100.62,7.186
18886.91,100.69,7.186
18887.91,101.04,7.186
18888.91,100.52,7.186
18889.92,100.85,7.186
18890.92,100.46,7.186
18891.92,100.45,7.186
18892.92,100.93,7.186
18893.92,100.5,7.1861
18894.92,100.66,7.1861
18895.93,101.07,7.1861
18896.93,100.57,7.1861
18897.93,101.07,7.1861
18898.93,100.7,7.1861
18899.93,100.71,7.1861
18900.93,101.01,7.1861
18901.93,100.63,7.1861
18902.93,100.7,7.1861
18903.94,101.14,7.1861
18904.94,100.63,7.1861
18905.94,100.59,7.1861
18906.94,101.1,7.1861
18907.94,100.67,7.1862
18908.94,100.69,7.1862
18909.94,101.08,7.1862
18910.95,100.71,7.1862
18911.95,100.66,7.1862
18912.95,100.99,7.1863
18913.95,100.73,7.1863
18914.95,100.5,7.1863
18915.95,100.86,7.1863
18916.95,100.47,7.1863
18917.96,100.88,7.1861
18918.96,100.51,7.1861
18919.96,100.45,7.1861
18920.96,100.89,7.1861
18921.96,100.47,7.1861
18922.96,100.57,7.1863
18923.96,101.08,7.1863
18924.97,100.64,7.1863
18925.97,101.07,7.1863
18926.97,100.68,7.1863
18927.97,100.6,7.1863
18928.97,101.1,7.1864
18929.97,100.65,7.1864
18930.97,100.68,7.1864
18931.98,101.04,7.1864
18932.98,100.69,7.1864
18933.98,100.62,7.1863
18934.98,101.05,7.1862
18935.98,100.7,7.1863
18936.98,100.63,7.1863
18937.98,101.05,7.1863
18938.99,100.69,7.1863
18939.99,101.04,7.1863
18940.99,100.61,7.1863
18941.99,100.67,7.1864
18942.99,101.14,7.1864
18943.99,100.68,7.1864
18945.0,100.62,7.1864
18946.0,101.11,7.1864
18947.0,100.67,7.1864
18948.0,100.65,7.1864
18949.0,101.0,7.1864
18950.0,100.49,7.1864
18951.0,100.56,7.1864
18952.0,101.1,7.1864
18953.0,100.83,7.1864
18954.01,100.73,7.1865
18955.01,100.66,7.1864
18956.01,101.09,7.1864
18957.01,100.63,7.1864
18958.01,101.07,7.1864
18959.01,100.68,7.1865
18960.01,100.65,7.1865
18961.02,101.03,7.1865
18962.02,100.67,7.1865
18963.02,100.74,7.1865
18964.02,101.07,7.1865
18965.02,100.5,7.1865
18966.02,100.44,7.1865
18967.02,100.83,7.1865
18968.03,100.45,7.1863
18969.03,100.89,7.1863
18970.03,100.45,7.1863
18971.03,100.65,7.1863
18972.03,100.9,7.1864
18973.03,100.52,7.1865
18974.04,100.48,7.1866
18975.04,100.83,7.1865
18976.04,100.45,7.1865
18977.04,100.93,7.1865
18978.04,100.66,7.1865
18979.04,100.7,7.1865
18980.04,101.09,7.1866
18981.05,100.63,7.1866
18982.05,100.65,7.1866
18983.05,101.15,7.1866
18984.05,100.7,7.1865
18985.05,100.64,7.1865
18986.05,101.03,7.1865
18987.05,100.56,7.1865
18988.06,101.02,7.1865
18989.06,100.65,7.1865
18990.06,100.61,7.1865
18991.06,101.04,7.1865
18992.06,100.66,7.1865
18993.06,100.72,7.1866
18994.06,101.04,7.1868
18995.07,100.5,7.1868
18996.07,101.0,7.1868
18997.07,100.64,7.1867
18998.07,100.65,7.1867
18999.07,101.11,7.1868
19000.07,100.6,7.1868
19001.08,100.66,7.1868
19002.08,101.09,7.1868
19003.08,100.7,7.1868
19004.08,100.74,7.1868
19005.08,101.05,7.1868
19006.08,100.65,7.1868
19007.08,100.67,7.1868
19008.08,100.96,7.1868
19009.09,100.45,7.1869
19010.09,100.75,7.1869
19011.09,100.65,7.1868
19012.09,100.85,7.1868
19013.09,100.67,7.1868
19014.1,101.06,7.1868
19015.1,100.62,7.1868
19016.1,100.68,7.1868
19017.1,101.06,7.1868
19018.1,100.68,7.1868
19019.1,100.69,7.1868
19020.1,101.12,7.1868
19021.11,100.65,7.1868
19022.11,100.6,7.1869
19023.11,101.11,7.1868
19024.11,100.55,7.1868
19025.11,100.6,7.1868
19026.11,101.11,7.1868
19027.11,100.58,7.1868
19028.11,100.63,7.1868
19029.12,100.84,7.1869
19030.12,100.44,7.1869
19031.12,100.59,7.1869
19032.12,100.99,7.1869
19033.12,100.7,7.1869
19034.12,100.61,7.1869
19035.12,100.81,7.1869
19036.13,100.42,7.1869
19037.13,100.84,7.1868
19038.13,100.61,7.1869
19039.13,100.69,7.187
19040.13,100.95,7.187
19041.13,100.65,7.187
19042.14,100.63,7.187
19043.14,101.11,7.187
19044.14,100.69,7.187
19045.14,101.01,7.187
19046.14,100.63,7.187
19047.14,100.64,7.187
19048.14,101.1,7.187
19049.15,100.67,7.187
19050.15,100.84,7.187
19051.15,100.65,7.187
19052.15,101.04,7.187
19053.15,100.7,7.187
19054.15,100.59,7.187
19055.16,100.88,7.187
19056.16,100.64,7.187
19057.16,100.63,7.187
19058.16,101.06,7.187
19059.16,100.66,7.1872
19060.16,101.06,7.1872
19061.17,100.71,7.1872
19062.17,100.66,7.1872
19063.17,101.12,7.1872
19064.17,100.64,7.1872
19065.17,100.55,7.1871
19066.17,101.11,7.1871
19067.17,100.63,7.1871
19068.17,100.66,7.1872
19069.18,101.07,7.1872
19070.18,100.64,7.1872
19071.18,100.72,7.1872
19072.18,101.07,7.1872
19073.18,100.74,7.1872
19074.18,100.69,7.1873
19075.18,101.05,7.1873
19076.19,100.65,7.1873
19077.19,100.65,7.1873
19078.19,101.07,7.1873
19079.19,100.74,7.1873
19080.19,100.61,7.1873
19081.19,101.02,7.1873
19082.19,100.63,7.1873
19083.2,100.7,7.1873
19084.2,101.07,7.1872
19085.2,100.64,7.1872
19086.2,101.07,7.1872
19087.2,100.61,7.1872
19088.2,100.45,7.1872
19089.2,101.05,7.1873
19090.21,100.65,7.1873
19091.21,100.64,7.1873
19092.21,100.85,7.1873
19093.21,100.48,7.1873
19094.21,100.41,7.1874
19095.21,100.95,7.1874
19096.21,100.65,7.1874
19097.22,101.06,7.1874
19098.22,100.62,7.1873
19099.22,100.59,7.1873
19100.22,101.0,7.1873
19101.22,100.67,7.1874
19102.22,100.66,7.1874
19103.22,101.14,7.1874
19104.23,100.69,7.1874
19105.23,101.09,7.1874
19106.23,101.07,7.1874
19107.23,100.75,7.1874
19108.23,100.67,7.1874
19109.23,101.06,7.1874
19110.23,100.65,7.1874
19111.24,100.63,7.1874
19112.24,101.05,7.1874
19113.24,100.74,7.1873
19114.24,101.09,7.1874
19115.24,100.65,7.1874
19116.24,100.65,7.1874
19117.24,101.04,7.1874
19118.25,100.65,7.1874
19119.25,100.67,7.1874
19120.25,100.85,7.1874
19121.25,100.45,7.1874
19122.25,100.82,7.1874
19123.25,100.48,7.1874
19124.25,100.44,7.1874
19125.26,100.81,7.1874
19126.26,100.58,7.1874
19127.26,100.66,7.1874
19128.26,100.92,7.1874
19129.26,100.48,7.1874
19130.26,100.86,7.1874
19131.27,100.62,7.1873
19132.27,100.64,7.1873
19133.27,101.03,7.1875
19134.27,100.5,7.1877
19135.27,100.47,7.1877
19136.27,100.85,7.1877
19137.27,100.45,7.1877
19138.28,100.86,7.1877
19139.28,100.48,7.1877
19140.28,100.56,7.1877
19141.28,100.86,7.1877
19142.28,100.44,7.1877
19143.28,100.52,7.1877
19144.28,101.12,7.1876
19145.28,100.72,7.1877
19146.29,100.67,7.1877
19147.29,100.95,7.1877
19148.29,100.56,7.1877
19149.29,100.63,7.1877
19150.29,101.08,7.1877
19151.29,100.66,7.1877
19152.29,100.63,7.1875
19153.3,101.17,7.1875
19154.3,100.68,7.1875
19155.3,100.61,7.1875
19156.3,100.92,7.1876
19157.3,100.59,7.1876
19158.3,100.66,7.1876
19159.3,101.07,7.1876
19160.31,100.66,7.1876
19161.31,100.99,7.1876
19162.31,100.64,7.1876
19163.31,100.79,7.1876
19164.31,101.07,7.1876
19165.31,100.57,7.1876
19166.31,100.52,7.1877
19167.32,101.04,7.1877
19168.32,100.69,7.1877
19169.32,100.64,7.1877
19170.32,101.06,7.1877
19171.32,100.66,7.1877
19172.32,101.06,7.1877
19173.33,100.79,7.1877
19174.33,100.65,7.1877
19175.33,101.0,7.1877
19176.33,100.45,7.1877
19177.33,100.5,7.1877
19178.33,101.19,7.1877
19179.33,100.51,7.1877
19180.33,100.48,7.1877
19181.34,100.91,7.1877
19182.34,100.46,7.1877
19183.34,100.63,7.1878
19184.34,101.0,7.1877
19185.34,100.62,7.1877
19186.34,101.01,7.1877
19187.35,100.63,7.1877
19188.35,100.66,7.1879
19189.35,101.0,7.1879
19190.35,100.61,7.1879
19191.35,100.61,7.1879
19192.35,101.05,7.1878
19193.35,100.76,7.1879
19194.36,101.06,7.1878
19195.36,100.64,7.1878
19196.36,100.64,7.1878
19197.36,101.06,7.1878
19198.36,100.66,7.1879
19199.36,100.62,7.1879
19200.36,101.03,7.1879
19201.37,100.62,7.1879
19202.37,101.03,7.1879
19203.37,100.69,7.1879
19204.37,100.63,7.1879
19205.37,101.12,7.1879
19206.37,100.62,7.1879
19207.37,100.69,7.1879
19208.38,100.62,7.1879
19209.38,100.97,7.1879
19210.38,100.65,7.1879
19211.38,101.1,7.1879
19212.38,100.65,7.1879
19213.38,100.78,7.188
19214.38,101.03,7.1879
19215.39,100.67,7.1879
19216.39,100.67,7.1879
19217.39,100.91,7.1879
19218.39,100.5,7.188
19219.39,100.85,7.1881
19220.39,106.28,7.1881
19221.39,100.6,7.1881
19222.4,100.77,7.1881
19223.4,101.2,7.1881
19224.4,100.58,7.1881
19225.4,100.55,7.1881
19226.4,100.83,7.1881
19227.4,100.42,7.1881
19228.4,100.48,7.1881
19229.4,100.93,7.1882
19230.41,100.61,7.1882
19231.41,101.04,7.1882
19232.41,100.64,7.1882
19233.41,100.77,7.1881
19234.41,101.09,7.1882
19235.41,100.66,7.1882
19236.41,100.69,7.1882
19237.42,101.13,7.1882
19238.42,100.71,7.1882
19239.42,100.65,7.1882
19240.42,101.1,7.1882
19241.42,100.69,7.1882
19242.42,100.76,7.1883
19243.42,100.73,7.1883
19244.42,101.05,7.1883
19245.43,100.63,7.1883
19246.43,101.05,7.1883
19247.43,100.53,7.1883
19248.43,100.49,7.1883
19249.43,101.07,7.1883
19250.43,100.7,7.1883
19251.43,100.7,7.1883
19252.44,101.06,7.1883
19253.44,100.78,7.1883
19254.44,100.63,7.1883
19255.44,101.1,7.1883
19256.44,100.7,7.1883
19257.44,100.51,7.1883
19258.44,100.96,7.1884
19259.45,100.49,7.1884
19260.45,100.55,7.1884
19261.45,101.06,7.1884
19262.45,100.59,7.1884
19263.45,100.68,7.1884
19264.45,101.04,7.1884
19265.45,100.66,7.1884
19266.46,100.56,7.1884
19267.46,101.04,7.1884
19268.46,100.73,7.1884
19269.46,101.03,7.1884
19270.46,100.61,7.1884
19271.46,100.71,7.1884
19272.46,104.4,7.1884
19273.47,100.77,7.1884
19274.47,100.58,7.1884
19275.47,100.92,7.1884
19276.47,100.62,7.1884
19277.47,100.95,7.1884
19278.47,100.64,7.1885
19279.48,100.54,7.1885
19280.48,100.99,7.1885
19281.48,100.59,7.1885
19282.48,101.01,7.1885
19283.48,100.69,7.1885
19284.48,100.54,7.1886
19285.48,100.97,7.1886
19286.49,100.64,7.1885
19287.49,100.56,7.1886
19288.49,100.9,7.1884
19289.49,100.46,7.1884
19290.49,100.52,7.1884
19291.49,101.05,7.1884
19292.49,100.63,7.1884
19293.5,101.15,7.1884
19294.5,100.47,7.1885
19295.5,100.66,7.1885
19296.5,100.67,7.1885
19297.5,101.04,7.1885
19298.5,100.64,7.1885
19299.5,100.97,7.1885
19300.51,100.4,7.1885
19301.51,100.57,7.1884
19302.51,101.07,7.1884
19303.51,100.67,7.1886
19304.51,100.84,7.1886
19305.51,100.58,7.1886
19306.51,100.65,7.1885
19307.52,100.77,7.1885
19308.52,100.6,7.1886
19309.52,100.57,7.1886
19310.52,101.03,7.1886
19311.52,100.64,7.1886
19312.52,101.05,7.1886
19313.53,100.76,7.1886
19314.53,100.63,7.1885
19315.53,101.02,7.1885
19316.53,100.65,7.1885
19317.53,100.66,7.1885
19318.53,101.08,7.1887
19319.53,100.64,7.1887
19320.54,101.0,7.1887
19321.54,100.62,7.1887
19322.54,100.61,7.1885
19323.54,101.12,7.1885
19324.54,100.61,7.1885
19325.54,100.6,7.1887
19326.55,100.95,7.1887
19327.55,100.6,7.1887
19328.55,101.06,7.1887
19329.55,100.56,7.1886
19330.55,100.52,7.1886
19331.55,101.03,7.1886
19332.55,100.56,7.1886
19333.56,100.67,7.1888
19334.56,100.94,7.1887
19335.56,100.4,7.1887
19336.56,100.8,7.1887
19337.56,100.4,7.1887
19338.56,100.51,7.1888
19339.56,101.01,7.1888
19340.57,100.56,7.1888
19341.57,100.6,7.1888
19342.57,101.07,7.1888
19343.57,100.69,7.1888
19344.57,100.68,7.1887
19345.57,100.64,7.1887
19346.57,100.83,7.1887
19347.57,100.46,7.1887
19348.58,101.06,7.1889
19349.58,100.56,7.1889
19350.58,100.62,7.1889
19351.58,101.05,7.1889
19352.58,100.66,7.1889
19353.58,100.74,7.189
19354.58,101.09,7.189
19355.59,100.57,7.189
19356.59,100.56,7.189
19357.59,101.0,7.189
19358.59,100.65,7.189
19359.59,100.61,7.1889
19360.59,101.04,7.1889
19361.6,100.84,7.1889
19362.6,100.59,7.1889
19363.6,101.13,7.1889
19364.6,100.56,7.189
19365.6,100.52,7.189
19366.6,101.07,7.189
19367.61,100.51,7.189
19368.61,100.58,7.1889
19369.61,101.07,7.1889
19370.61,100.47,7.1889
19371.61,100.35,7.1889
19372.61,100.77,7.1889
19373.61,100.6,7.189
19374.61,100.37,7.1891
19375.62,100.95,7.1891
19376.62,100.53,7.1891
19377.62,100.64,7.1891
19378.62,100.98,7.1891
19379.62,100.6,7.1891
19380.62,100.63,7.1891
19381.62,101.06,7.1891
19382.63,100.65,7.1891
19383.63,100.67,7.1891
19384.63,100.89,7.1891
19385.63,100.4,7.1891
19386.63,100.45,7.1891
19387.63,100.91,7.1891
19388.63,100.48,7.1892
19389.64,100.83,7.1892
19390.64,100.42,7.1892
19391.64,100.48,7.1892
19392.64,100.64,7.1892
19393.64,101.16,7.1892
19394.64,100.65,7.1893
19395.64,100.99,7.1893
19396.65,100.67,7.1893
19397.65,100.66,7.1893
19398.65,101.07,7.1893
19399.65,100.51,7.1893
19400.65,100.59,7.1893
19401.65,100.95,7.1893
19402.65,100.44,7.1893
19403.66,100.92,7.1893
19404.66,100.47,7.1893
19405.66,100.49,7.1893
19406.66,100.86,7.1893
19407.66,100.46,7.1893
19408.66,100.49,7.1893
19409.66,100.85,7.1893
19410.67,100.44,7.1893
19411.67,100.44,7.1893
19412.67,100.83,7.1893
19413.67,100.64,7.1893
19414.67,100.46,7.1892
19415.67,100.46,7.1892
19416.67,100.83,7.1892
19417.67,100.47,7.1892
19418.68,100.49,7.1894
19419.68,100.83,7.1894
19420.68,100.66,7.1894
19421.68,101.1,7.1894
19422.68,100.64,7.1893
19423.68,100.58,7.1893
19424.68,100.82,7.1893
19425.69,100.62,7.1892
19426.69,100.59,7.1894
19427.69,101.0,7.1894
19428.69,100.68,7.1892
19429.69,101.04,7.1892
19430.69,100.63,7.1892
19431.69,100.61,7.1892
19432.7,101.04,7.1892
19433.7,100.75,7.1894
19434.7,100.63,7.1894
19435.7,101.03,7.1894
19436.7,100.63,7.1894
19437.7,101.07,7.1894
19438.71,100.7,7.1894
19439.71,100.64,7.1893
19440.71,101.1,7.1893
19441.71,100.67,7.1893
19442.71,102.23,7.1893
19443.71,101.17,7.1893
19444.71,100.65,7.1893
19445.72,100.65,7.1893
19446.72,101.05,7.1893
19447.72,100.66,7.1893
19448.72,101.1,7.1893
19449.72,100.62,7.1893
19450.72,100.65,7.1893
19451.72,101.06,7.1893
19452.73,100.71,7.1894
19453.73,100.69,7.1896
19454.73,101.06,7.1896
19455.73,100.65,7.1896
19456.73,100.63,7.1896
19457.73,101.06,7.1896
19458.73,100.71,7.1896
19459.74,101.05,7.1896
19460.74,100.62,7.1894
19461.74,100.68,7.1896
19462.74,101.06,7.1897
19463.74,100.75,7.1897
19464.74,100.63,7.1896
19465.74,101.04,7.1897
19466.75,100.62,7.1897
19467.75,100.65,7.1897
19468.75,101.17,7.1897
19469.75,100.65,7.1897
19470.75,100.63,7.1897
19471.75,101.09,7.1897
19472.75,100.61,7.1897
19473.75,100.69,7.1897
19474.76,101.06,7.1897
19475.76,100.66,7.1897
19476.76,100.65,7.1897
19477.76,101.06,7.1897
19478.76,100.66,7.1898
19479.76,100.63,7.1898
19480.76,101.06,7.1898
19481.77,100.52,7.1898
19482.77,100.49,7.1898
19483.77,101.13,7.1898
19484.77,100.64,7.1898
19485.77,101.05,7.1898
19486.77,100.66,7.1898
19487.77,100.66,7.1898
19488.78,101.01,7.1897
19489.78,100.63,7.1897
19490.78,100.48,7.1897
19491.78,101.0,7.1898
19492.78,100.52,7.1899
19493.78,100.62,7.1899
19494.78,100.92,7.1899
19495.79,100.47,7.1899
19496.79,100.64,7.1899
19497.79,101.18,7.1899
19498.79,100.82,7.1899
19499.79,100.64,7.1899
19500.79,100.92,7.1899
19501.79,100.58,7.1898
19502.8,100.87,7.1898
19503.8,100.59,7.1898
19504.8,100.48,7.1898
19505.8,101.01,7.1898
19506.8,100.69,7.1899
19507.8,101.09,7.1899
19508.81,100.74,7.1899
19509.81,100.66,7.1899
19510.81,101.18,7.1899
19511.81,100.7,7.1899
19512.81,100.73,7.1899
19513.81,101.27,7.19
19514.81,100.69,7.19
19515.81,100.71,7.19
19516.82,101.1,7.19
19517.82,100.67,7.19
19518.82,100.75,7.1899
19519.82,101.11,7.1899
19520.82,100.73,7.1899
19521.82,100.96,7.19
19522.82,100.68,7.19
19523.83,100.77,7.19
19524.83,100.72,7.19
19525.83,101.14,7.19
19526.83,100.69,7.19
19527.83,100.76,7.19
19528.83,101.2,7.19
19529.83,100.64,7.19
19530.84,100.92,7.19
19531.84,100.47,7.19
19532.84,100.6,7.19
19533.84,101.04,7.1901
19534.84,100.68,7.1901
19535.84,100.66,7.1901
19536.85,101.02,7.1901
19537.85,100.72,7.1901
19538.85,101.12,7.1901
19539.85,100.53,7.1901
19540.85,100.54,7.1901
19541.85,100.91,7.1901
19542.85,100.58,7.1901
19543.86,100.91,7.1901
19544.86,100.71,7.1901
19545.86,100.68,7.1901
19546.86,101.0,7.1901
19547.86,100.5,7.1901
19548.86,100.93,7.19
19549.87,100.46,7.1901
19550.87,100.49,7.1901
19551.87,100.89,7.1901
19552.87,100.57,7.1901
19553.87,100.95,7.1903
19554.87,100.49,7.1903
19555.88,100.51,7.1903
19556.88,100.9,7.1903
19557.88,100.71,7.1903
19558.88,100.77,7.1903
19559.88,101.03,7.1903
19560.88,100.65,7.1903
19561.88,100.67,7.1903
19562.88,101.11,7.1903
19563.89,100.72,7.1903
19564.89,101.0,7.1903
19565.89,100.73,7.1903
19566.89,100.68,7.1903
19567.89,101.13,7.1903
19568.89,101.73,7.1903
19569.9,101.08,7.1904
19570.9,100.72,7.1904
19571.9,100.69,7.1904
19572.9,101.17,7.1904
19573.9,100.7,7.1904
19574.9,101.08,7.1904
19575.91,100.72,7.1904
19576.91,100.62,7.1904
19577.91,101.11,7.1904
19578.91,100.74,7.1904
19579.91,100.69,7.1904
19580.91,101.17,7.1904
19581.91,100.77,7.1904
19582.92,101.24,7.1904
19583.92,100.84,7.1903
19584.92,100.73,7.1903
19585.92,101.16,7.1903
19586.92,100.81,7.1903
19587.92,101.24,7.1903
19588.93,100.85,7.1903
19589.93,100.53,7.1903
19590.93,101.05,7.1903
19591.93,100.79,7.1903
19592.93,101.22,7.1904
19593.93,100.78,7.1904
19594.94,100.78,7.1904
19595.94,101.16,7.1904
19596.94,100.75,7.1904
19597.94,101.14,7.1905
19598.94,100.81,7.1905
19599.94,100.78,7.1905
19600.94,100.95,7.1905
19601.95,100.52,7.1905
19602.95,101.03,7.1906
19603.95,100.79,7.1906
19604.95,100.77,7.1906
19605.95,101.16,7.1906
19606.95,100.77,7.1906
19607.96,100.75,7.1906
19608.96,101.2,7.1905
19609.96,100.73,7.1905
19610.96,101.16,7.1905
19611.96,100.75,7.1905
19612.96,100.9,7.1905
19613.97,101.24,7.1906
19614.97,100.83,7.1906
19615.97,101.22,7.1906
19616.97,100.83,7.1906
19617.97,100.8,7.1906
19618.97,136.89,7.3839
19619.97,338.03,2.2471
19620.98,346.98,2.4668
19621.98,368.0,2.7101
19622.98,333.31,3.0187
19623.98,318.11,3.3235
19624.98,310.45,3.6106
19625.98,301.6,3.8425
19626.98,304.78,4.0413
19627.99,300.57,4.2365
19628.99,302.13,4.372
19629.99,295.86,4.5029
19630.99,222.54,4.6144
19631.99,180.47,4.6924
19632.99,121.98,4.7736
19633.99,153.2,2.0409
19635.0,332.32,2.2138
19636.0,349.01,2.3882
19637.0,246.37,2.0404
19638.0,311.3,2.2102
19639.0,348.79,2.4075
19640.0,267.17,2.1506
19641.0,292.61,2.2677
19642.01,326.51,1.9346
19643.01,285.9,2.1772
19644.01,235.62,2.0216
19645.01,298.98,2.193
19646.01,360.25,2.3481
19647.01,267.33,2.1133
19648.01,266.29,2.02
19649.01,310.8,2.1906
19650.02,266.07,2.1417
19651.02,342.13,2.2661
19652.02,254.61,2.0418
19653.02,316.0,2.2263
19654.02,360.55,2.3978
19655.02,323.13,2.6501
19656.02,243.62,2.029
19657.03,323.53,2.2044
19658.03,345.97,2.3462
19659.03,321.82,2.6026
19660.03,289.94,2.0075
19661.03,305.38,2.1948
19662.03,324.27,2.2945
19663.03,337.4,2.5394
19664.03,296.68,1.9832
19665.04,292.05,2.1816
19666.04,275.61,2.0166
19667.04,312.32,2.2357
19668.04,356.49,2.3712
19669.04,340.03,2.3312
19670.04,264.28,2.1592
19671.04,319.91,2.3187
19672.05,362.48,2.5057
19673.05,253.81,2.0686
19674.05,330.88,2.3316
19675.05,367.19,2.4807
19676.05,266.29,2.0288
19677.05,338.49,2.2662
19678.05,354.26,2.3879
19679.05,270.75,2.0972
19680.06,314.63,2.244
19681.06,268.52,2.0709
19682.06,297.47,2.2186
19683.06,273.93,2.0515
19684.06,314.1,2.21
19685.06,274.8,2.0371
19686.06,307.74,2.2014
19687.07,288.4,2.0312
19688.07,335.03,2.2426
19689.07,277.76,2.0294
19690.07,299.07,2.1943
19691.07,294.86,2.0274
19692.07,309.26,2.19
19693.07,283.49,2.028
19694.07,297.77,2.1923
19695.08,282.51,2.0488
19696.08,341.57,2.2255
19697.08,266.97,2.1026
19698.08,295.79,2.0172
19699.08,304.55,2.1922
19700.08,268.04,2.0681
19701.08,316.4,2.0099
19702.09,295.22,2.1887
19703.09,298.0,1.9825
19704.09,296.27,2.1903
19705.09,315.73,2.3007
19706.09,341.99,2.5496
19707.09,240.22,2.0642
19708.09,316.73,2.224
19709.09,270.61,2.0611
19710.1,318.85,2.2171
19711.1,269.96,2.1123
19712.1,352.87,2.2806
19713.1,330.42,2.4436
19714.1,162.2,2.0184
19715.1,305.12,2.1978
19716.1,308.46,2.0221
19717.11,280.56,2.1824
19718.11,255.83,2.0385
19719.11,299.34,2.2004
19720.11,266.43,2.0521
19721.11,327.27,2.2153
19722.11,262.37,2.0564
19723.11,316.58,2.2186
19724.11,348.23,2.4188
19725.12,250.31,2.0399
19726.12,308.57,2.2024
19727.12,289.18,2.0364
19728.12,320.81,2.2101
19729.12,354.39,2.3661
19730.12,341.91,2.6046
19731.12,205.06,2.0581
19732.13,306.68,2.2114
19733.13,333.76,2.3851
19734.13,280.18,2.6658
19735.13,235.86,2.1077
19736.13,335.5,2.2526
19737.13,285.25,2.0352
19738.13,302.81,2.2096
19739.13,357.75,2.3542
19740.14,230.11,2.1665
19741.14,332.96,2.4792
19742.14,315.73,2.8329
19743.14,272.63,3.2103
19744.14,262.49,3.581
19745.14,307.49,4.045
19746.14,192.85,4.5371
19747.15,116.93,5.0622
19748.15,180.76,5.5918
19749.15,112.14,6.1187
19750.15,124.7,6.5702
19751.15,158.82,7.2255
19752.15,400.6,8.3582
19753.15,195.01,8.6212
19754.15,332.73,8.6245
19755.16,355.17,8.6277
19756.16,325.6,8.6311
19757.16,312.05,8.6333
19758.16,309.77,8.639
19759.16,306.77,8.6418
19760.16,304.12,8.6425
19761.16,312.0,8.6435
19762.17,300.92,8.6451
19763.17,301.62,8.6456
19764.17,301.42,8.6469
19765.17,300.99,8.6471
19766.17,300.45,8.6481
19767.17,304.72,8.6486
19768.17,290.04,8.649
19769.18,333.15,9.6176
19770.18,141.53,9.7177
19771.18,128.05,9.7177
19772.18,238.47,9.7178
19773.18,178.67,9.7182
19774.18,210.73,9.7184
19775.18,171.66,9.7184
19776.19,245.83,9.7184
19777.19,229.5,9.7185
19778.19,182.37,9.7185
19779.19,125.59,9.7185
19780.19,103.67,9.7185
19781.19,105.83,9.7183
19782.2,116.91,9.7183
19783.2,139.54,9.7187
19784.2,178.37,9.7186
19785.2,105.07,9.7186
19786.2,143.79,9.7186
19787.2,135.07,9.7186
19788.2,123.05,9.7188
19789.21,106.15,9.7188
19790.21,100.87,9.7188
19791.21,106.59,9.7188
19792.21,101.23,9.7188
19793.21,153.59,9.7187
19794.21,278.98,9.8394
19795.21,107.57,9.8394
19796.22,119.48,9.8392
19797.22,101.38,9.8392
19798.22,100.6,9.8392
19799.22,101.34,9.8392
19800.22,113.45,9.8392
19801.22,113.86,9.8392
19802.22,107.26,9.8392
19803.23,101.05,9.8393
19804.23,118.74,9.8393
19805.23,120.18,9.8393
19806.23,101.4,9.8394
19807.23,101.3,9.8394
19808.23,101.19,9.8394
19809.24,117.42,9.8394
19810.24,100.93,9.8394
19811.24,100.59,9.8393
19812.24,100.95,9.8393
19813.24,112.28,9.8394
19814.24,102.74,9.8394
19815.25,110.7,9.8393
19816.25,108.78,9.8393
19817.25,101.3,9.8393
19818.25,129.16,9.8393
19819.25,106.37,9.8393
19820.25,113.19,9.8393
19821.25,100.86,9.8393
19822.26,100.87,9.8393
19823.26,101.37,9.8394
19824.26,103.53,9.8395
19825.26,100.84,9.8395
19826.26,101.27,9.8394
19827.26,100.88,9.8394
19828.26,101.27,9.8394
19829.27,100.91,9.8394
19830.27,103.78,9.8394
19831.27,101.28,9.8394
19832.27,100.86,9.8394
19833.27,101.81,9.8394
19834.27,112.65,9.8394
19835.28,105.38,9.8394
19836.28,101.25,9.8395
19837.28,100.85,9.8394
19838.28,101.26,9.8394
19839.28,100.94,9.8396
19840.28,106.29,9.8394
19841.29,101.25,9.8394
19842.29,100.82,9.8394
19843.29,106.99,9.8394
19844.29,104.88,9.8396
19845.29,101.05,9.8396
19846.29,103.32,9.8395
19847.29,100.67,9.8395
19848.3,101.05,9.8395
19849.3,102.73,9.8394
19850.3,100.99,9.8394
19851.3,101.76,9.8395
19852.3,100.9,9.8395
19853.3,101.36,9.8395
19854.31,102.19,9.8397
19855.31,100.86,9.8397
19856.31,110.12,9.8397
19857.31,100.86,9.8397
19858.31,101.26,9.8397
19859.31,100.94,9.8397
19860.32,100.89,9.8397
19861.32,101.28,9.8397
19862.32,103.49,9.8397
19863.32,221.42,9.8398
19864.32,236.65,10.0198
19865.32,100.86,10.0199
19866.32,101.36,10.0199
19867.33,102.85,10.0199
19868.33,101.31,10.0199
19869.33,100.87,10.0199
19870.33,100.85,10.0199
19871.33,105.53,10.0199
19872.33,114.12,10.0198
19873.34,100.92,10.02
19874.34,101.3,10.02
19875.34,100.8,10.02
19876.34,100.83,10.02
19877.34,101.31,10.0199
19878.34,104.29,10.0198
19879.34,100.82,10.0198
19880.34,101.31,10.0199
19881.35,100.83,10.0199
19882.35,100.84,10.0199
19883.35,101.37,10.0199
19884.35,100.79,10.0199
19885.35,101.24,10.0199
19886.35,100.85,10.0201
19887.36,100.88,10.0201
19888.36,101.31,10.0201
19889.36,100.89,10.0201
19890.36,101.39,10.0201
19891.36,100.86,10.0201
19892.36,100.87,10.0201
19893.36,101.4,10.0201
19894.37,100.85,10.0199
19895.37,101.28,10.0201
19896.37,105.84,10.0201
19897.37,150.35,10.0243
19898.37,101.34,10.0243
19899.37,100.84,10.0243
19900.38,100.95,10.0167
19901.38,101.26,10.0167
19902.38,101.64,10.0167
19903.38,106.18,10.0168
19904.38,100.78,10.0168
19905.38,100.79,10.0168
19906.38,101.19,10.0168
19907.39,100.81,10.0168
19908.39,101.33,10.0168
19909.39,100.83,10.0167
19910.39,100.83,10.0167
19911.39,101.34,10.0167
19912.39,100.79,10.0167
19913.4,100.91,10.0166
19914.4,101.3,10.0166
19915.4,100.83,10.0166
19916.4,100.84,10.0167
19917.4,101.31,10.0168
19918.4,100.88,10.0168
19919.4,100.83,10.0168
19920.4,101.26,10.0168
19921.41,101.15,10.0168
19922.41,100.93,10.0168
19923.41,101.36,10.0168
19924.41,100.84,10.0168
19925.41,101.27,10.0168
19926.41,100.93,10.0169
19927.41,100.89,10.0169
19928.42,101.32,10.0169
19929.42,100.85,10.0169
19930.42,100.91,10.0169
19931.42,101.3,10.0169
19932.42,100.91,10.0169
19933.42,100.97,10.0169
19934.42,101.02,10.0169
19935.43,100.55,10.0169
19936.43,100.64,10.0169
19937.43,101.21,10.0169
19938.43,100.88,10.017
19939.43,101.25,10.017
19940.43,100.83,10.017
19941.44,100.85,10.0169
19942.44,101.23,10.0162
19943.44,101.04,10.0163
19944.44,100.82,10.0163
19945.44,101.25,10.0163
19946.44,100.83,10.0163
19947.44,101.28,10.0163
19948.45,100.87,10.0163
19949.45,100.86,10.0163
19950.45,101.32,10.0163
19951.45,100.89,10.0163
19952.45,100.89,10.0162
19953.45,101.39,10.0162
19954.45,100.85,10.0162
19955.46,100.92,10.0162
19956.46,101.35,10.0162
19957.46,100.86,10.0161
19958.46,100.87,10.016
19959.46,101.65,10.0159
19960.46,100.77,10.0161
19961.46,101.24,10.0161
19962.47,100.81,10.0161
19963.47,100.97,10.0162
19964.47,101.23,10.0162
19965.47,100.75,10.0161
19966.47,101.21,10.0162
19967.47,100.77,10.0161
19968.48,100.81,10.0161
19969.48,101.19,10.0161
19970.48,100.83,10.0161
19971.48,101.24,10.0161
19972.48,100.92,10.0161
19973.48,100.95,10.0161
19974.48,101.23,10.0161
19975.49,100.86,10.0163
19976.49,100.79,10.0163
19977.49,101.34,10.0162
19978.49,100.92,10.0163
19979.49,101.24,10.0163
19980.49,100.84,10.0163
19981.5,100.83,10.0162
19982.5,101.28,10.0162
19983.5,100.98,10.0163
19984.5,101.24,10.0162
19985.5,100.85,10.0162
19986.5,100.84,10.0162
19987.5,101.25,10.0162
19988.51,100.89,10.0163
19989.51,101.25,10.0163
19990.51,100.83,10.0163
19991.51,100.87,10.0163
19992.51,101.28,10.0163
19993.51,100.91,10.0163
19994.52,101.24,10.0163
19995.52,100.8,10.0163
19996.52,100.82,10.0163
19997.52,103.18,10.0163
19998.52,101.13,10.0163
19999.52,101.24,10.0163
20000.53,100.78,10.0163
20001.53,100.84,10.0163
20002.53,101.28,10.0163
20003.53,100.96,10.0163
20004.53,101.22,10.0163
20005.53,100.8,10.0163
20006.54,100.84,10.0163
20007.54,101.25,10.0163
20008.54,100.92,10.0163
20009.54,101.24,10.0163
20010.54,100.85,10.0163
20011.54,100.82,10.0163
20012.54,101.25,10.0165
20013.55,100.96,10.0165
20014.55,101.25,10.0164
20015.55,100.77,10.0164
20016.55,100.82,10.0164
20017.55,101.27,10.0164
20018.55,100.92,10.0164
20019.56,101.22,10.0164
20020.56,100.83,10.0164
20021.56,100.82,10.0165
20022.56,100.96,10.0165
20023.56,100.66,10.0165
20024.56,100.98,10.0165
20025.57,100.55,10.0165
20026.57,100.57,10.0165
20027.57,101.03,10.0165
20028.57,100.65,10.0165
20029.57,100.77,10.0165
20030.57,101.3,10.0165
20031.57,100.86,10.0165
20032.58,100.8,10.0165
20033.58,101.35,10.0165
20034.58,100.85,10.0165
20035.58,101.21,10.0165
20036.58,100.85,10.0165
20037.58,100.81,10.0165
20038.58,101.29,10.0165
20039.59,100.95,10.0165
20040.59,100.86,10.0165
20041.59,101.27,10.0165
20042.59,100.86,10.0165
20043.59,101.38,10.0165
20044.59,100.82,10.0165
20045.6,100.85,10.0164
20046.6,101.3,10.0164
20047.6,100.86,10.0164
20048.6,100.88,10.0166
20049.6,101.34,10.0166
20050.6,100.87,10.0166
20051.6,100.85,10.0166
20052.6,101.35,10.0166
20053.61,101.0,10.0166
20054.61,100.88,10.0166
20055.61,101.28,10.0166
20056.61,100.87,10.0166
20057.61,101.27,10.0166
20058.61,100.91,10.0165
20059.62,100.86,10.0165
20060.62,101.26,10.0164
20061.62,100.89,10.0166
20062.62,101.32,10.0166
20063.62,100.96,10.0166
20064.62,100.9,10.0166
20065.62,101.12,10.0166
20066.63,100.87,10.0166
20067.63,100.97,10.0166
20068.63,100.61,10.0166
20069.63,100.58,10.0166
20070.63,101.02,10.0166
20071.63,100.85,10.0166
20072.64,101.19,10.0166
20073.64,100.84,10.0167
20074.64,100.55,10.0167
20075.64,100.92,10.0167
20076.64,100.55,10.0167
20077.64,100.95,10.0167
20078.65,100.61,10.0167
20079.65,100.54,10.0167
20080.65,101.28,10.0167
20081.65,100.85,10.0167
20082.65,100.75,10.0167
20083.65,101.45,10.0167
20084.65,100.73,10.0167
20085.66,100.76,10.0167
20086.66,100.95,10.0167
20087.66,100.65,10.0167
20088.66,101.04,10.0167
20089.66,100.5,10.0167
20090.66,100.56,10.0167
20091.66,100.98,10.0167
20092.67,100.51,10.0167
20093.67,100.9,10.0168
20094.67,101.14,10.0168
20095.67,100.88,10.0168
20096.67,101.15,10.0168
20097.67,100.74,10.0168
20098.67,100.75,10.0168
20099.68,101.14,10.0168
20100.68,100.81,10.0168
20101.68,100.85,10.0168
20102.68,101.23,10.0168
20103.68,101.01,10.0168
20104.68,101.29,10.0168
20105.69,100.89,10.0168
20106.69,100.67,10.0168
20107.69,168.32,10.0168
20108.69,346.11,10.222
20109.69,100.82,10.2219
20110.69,101.15,10.2219
20111.69,100.77,10.2218
20112.7,100.55,10.2217
20113.7,101.07,10.2219
20114.7,100.57,10.2219
20115.7,100.96,10.2219
20116.7,100.55,10.2219
20117.7,100.54,10.2219
20118.7,100.99,10.2219
20119.71,100.58,10.2219
20120.71,101.25,10.2219
20121.71,100.79,10.2219
20122.71,100.8,10.222
20123.71,101.89,10.222
20124.71,100.86,10.222
20125.71,100.88,10.222
20126.72,101.33,10.222
20127.72,100.84,10.222
20128.72,100.94,10.222
20129.72,101.28,10.222
20130.72,100.89,10.2219
20131.72,100.91,10.222
20132.72,100.86,10.222
20133.73,101.14,10.222
20134.73,100.5,10.222
20135.73,100.95,10.222
20136.73,100.6,10.222
20137.73,100.56,10.222
20138.73,100.98,10.222
20139.73,100.74,10.222
20140.74,100.68,10.222
20141.74,100.99,10.222
20142.74,100.53,10.222
20143.74,101.16,10.2221
20144.74,100.8,10.2221
20145.74,100.67,10.2221
20146.74,100.97,10.2221
20147.75,100.54,10.2221
20148.75,100.99,10.2221
20149.75,100.74,10.2221
20150.75,100.86,10.2221
20151.75,101.21,10.2221
20152.75,100.9,10.2222
20153.76,101.37,10.2223
20154.76,100.81,10.2223
20155.76,100.67,10.2223
20156.76,101.04,10.2222
20157.76,100.86,10.2223
20158.76,101.31,10.2223
20159.77,100.83,10.2223
20160.77,100.85,10.2223
20161.77,101.33,10.2223
20162.77,100.84,10.2223
20163.77,100.99,10.2222
20164.77,101.35,10.2222
20165.77,100.86,10.2222
20166.78,100.87,10.2222
20167.78,101.27,10.2222
20168.78,100.92,10.2223
20169.78,101.26,10.2223
20170.78,100.85,10.2223
20171.78,100.84,10.2223
20172.78,101.29,10.2223
20173.79,101.03,10.2224
20174.79,101.28,10.2224
20175.79,100.89,10.2223
20176.79,100.87,10.2223
20177.79,101.28,10.2223
20178.79,100.96,10.2223
20179.8,101.28,10.2223
20180.8,100.86,10.2223
20181.8,100.85,10.2223
20182.8,101.26,10.2223
20183.8,100.98,10.2223
20184.8,101.25,10.2223
20185.81,100.8,10.2223
20186.81,100.85,10.2223
20187.81,101.23,10.2222
20188.81,100.85,10.2224
20189.81,101.26,10.2224
20190.81,100.86,10.2224
20191.81,100.75,10.2224
20192.82,101.2,10.2224
20193.82,100.93,10.2224
20194.82,100.83,10.2224
20195.82,101.25,10.2223
20196.82,100.86,10.2223
20197.82,101.27,10.2223
20198.83,100.72,10.2224
20199.83,100.83,10.2224
20200.83,101.27,10.2224
20201.83,100.75,10.2226
20202.83,101.29,10.2226
20203.83,100.61,10.2226
20204.84,100.62,10.2226
20205.84,103.48,10.2226
20206.84,112.09,10.2226
20207.84,101.29,10.2226
20208.84,102.82,10.2226
20209.84,101.29,10.2226
20210.85,101.81,10.2226
20211.85,101.19,10.2226
20212.85,101.64,10.2226
20213.85,100.88,10.2226
20214.85,100.92,10.2226
20215.85,101.31,10.2226
20216.85,100.86,10.2227
20217.86,100.87,10.2226
20218.86,101.25,10.2227
20219.86,100.82,10.2227
20220.86,101.79,10.2227
20221.86,100.55,10.2227
20222.86,100.78,10.2226
20223.86,102.3,10.2226
20224.87,102.72,10.2226
20225.87,101.18,10.2226
20226.87,100.56,10.2226
20227.87,100.6,10.2226
20228.87,100.99,10.2226
20229.87,100.73,10.2226
20230.88,101.15,10.2226
20231.88,100.89,10.2226
20232.88,100.96,10.2226
20233.88,101.32,10.2226
20234.88,100.88,10.2226
20235.88,101.3,10.2226
20236.89,100.89,10.2226
20237.89,122.12,10.2227
20238.89,101.3,10.2228
20239.89,120.33,10.2228
20240.89,101.26,10.2228
20241.89,100.89,10.2228
20242.9,100.94,10.2228
20243.9,101.32,10.2228
20244.9,100.88,10.2228
20245.9,101.28,10.2228
20246.9,100.83,10.2228
20247.9,108.75,10.2228
20248.9,101.05,10.2228
20249.91,100.54,10.2228
20250.91,101.12,10.2227
20251.91,100.78,10.2227
20252.91,100.92,10.2227
20253.91,102.33,10.2228
20254.91,100.85,10.2228
20255.92,101.21,10.2228
20256.92,100.86,10.2228
20257.92,100.85,10.2228
20258.92,101.31,10.2228
20259.92,111.13,10.2228
20260.92,101.33,10.2228
20261.93,100.88,10.2228
20262.93,100.94,10.2228
20263.93,101.32,10.2228
20264.93,100.9,10.2228
20265.93,101.22,10.2229
20266.93,100.83,10.2229
20267.94,100.85,10.2229
20268.94,101.29,10.2229
20269.94,100.77,10.2229
20270.94,101.25,10.2229
20271.94,100.86,10.2229
20272.94,100.91,10.2229
20273.94,101.28,10.2229
20274.95,100.86,10.2229
20275.95,100.95,10.2229
20276.95,100.57,10.2229
20277.95,101.93,10.2229
20278.95,101.31,10.2229
20279.95,100.87,10.2228
20280.96,101.27,10.2228
20281.96,100.83,10.2228
20282.96,100.92,10.2228
20283.96,101.27,10.2228
20284.96,100.83,10.2228
20285.96,101.28,10.2229
20286.97,100.89,10.223
20287.97,100.87,10.223
20288.97,101.02,10.2229
20289.97,100.56,10.2229
20290.97,101.01,10.2229
20291.97,100.56,10.2229
20292.98,101.19,10.2229
20293.98,100.54,10.2229
20294.98,101.21,10.223
20295.98,101.3,10.2229
20296.98,100.86,10.2231
20297.98,100.86,10.2231
20298.98,101.08,10.2231
20299.99,100.53,10.2231
20300.99,100.92,10.2231
20301.99,100.51,10.2231
20302.99,100.59,10.2231
20303.99,101.08,10.2231
20304.99,100.54,10.2231
20306.0,100.94,10.2231
20307.0,100.56,10.223
20308.0,100.68,10.223
20309.0,101.33,10.2231
20310.0,100.82,10.2231
20311.0,100.86,10.2231
20312.0,101.36,10.2231
20313.01,100.73,10.2231
20314.01,100.62,10.2231
20315.01,100.98,10.223
20316.01,100.58,10.223
20317.01,100.96,10.223
20318.01,100.52,10.223
20319.02,100.59,10.2232
20320.02,100.98,10.2232
20321.02,101.07,10.2232
20322.02,100.91,10.2232
20323.02,100.69,10.2232
20324.02,100.89,10.2231
20325.02,101.25,10.2231
20326.03,100.85,10.2231
20327.03,101.17,10.2231
20328.03,100.46,10.2231
20329.03,100.52,10.2231
20330.03,100.89,10.2231
20331.03,100.5,10.2231
20332.04,101.14,10.2231
20333.04,100.81,10.2231
20334.04,100.81,10.2233
20335.04,101.87,10.2233
20336.04,100.84,10.2233
20337.04,100.79,10.2233
20338.04,101.0,10.2233
20339.05,100.59,10.2233
20340.05,100.55,10.2233
20341.05,101.04,10.2233
20342.05,100.86,10.2233
20343.05,100.95,10.2233
20344.05,101.07,10.2233
20345.05,100.54,10.2233
20346.06,100.56,10.2233
20347.06,101.57,10.2233
20348.06,100.83,10.2233
20349.06,101.28,10.2233
20350.06,100.6,10.2233
20351.06,100.6,10.2233
20352.06,100.98,10.2233
20353.07,100.62,10.2233
20354.07,105.24,10.2233
20355.07,107.09,10.2233
20356.07,100.72,10.2233
20357.07,100.88,10.2233
20358.07,101.28,10.2233
20359.07,103.3,10.2234
20360.08,101.49,10.2234
20361.08,100.82,10.2233
20362.08,100.83,10.2233
20363.08,101.33,10.2234
20364.08,100.89,10.2234
20365.08,101.24,10.2234
20366.09,100.78,10.2234
20367.09,100.87,10.2234
20368.09,101.34,10.2234
20369.09,100.88,10.2234
20370.09,100.86,10.2235
20371.09,101.33,10.2235
20372.09,100.85,10.2235
20373.1,100.92,10.2235
20374.1,101.35,10.2235
20375.1,100.9,10.2234
20376.1,101.31,10.2234
20377.1,100.92,10.2236
20378.1,100.87,10.2236
20379.1,101.33,10.2236
20380.11,100.86,10.2236
20381.11,100.7,10.2236
20382.11,101.11,10.2236
20383.11,100.7,10.2234
20384.11,101.19,10.2235
20385.11,100.82,10.2236
20386.12,100.63,10.2236
20387.12,100.93,10.2236
20388.12,100.52,10.2236
20389.12,101.13,10.2236
20390.12,100.87,10.2236
20391.12,100.87,10.2236
20392.12,101.31,10.2236
20393.12,101.02,10.2236
20394.13,100.89,10.2236
20395.13,101.27,10.2236
20396.13,100.86,10.2236
20397.13,100.85,10.2236
20398.13,101.26,10.2236
20399.13,100.92,10.2236
20400.14,101.26,10.2236
20401.14,100.85,10.2236
20402.14,100.87,10.2236
20403.14,101.23,10.2236
20404.14,100.62,10.2236
20405.14,101.23,10.2236
20406.15,100.85,10.2236
20407.15,100.86,10.2237
20408.15,101.15,10.2237
20409.15,100.58,10.2237
20410.15,101.1,10.2237
20411.15,100.88,10.2237
20412.16,100.83,10.2237
20413.16,101.25,10.2237
20414.16,100.88,10.2237
20415.16,100.86,10.2237
20416.16,101.25,10.2237
20417.16,100.85,10.2237
20418.16,101.28,10.2237
20419.17,100.91,10.2238
20420.17,100.84,10.2238
20421.17,101.24,10.2238
20422.17,100.81,10.2238
20423.17,101.3,10.2238
20424.17,100.67,10.2238
20425.17,100.71,10.2238
20426.18,101.21,10.2237
20427.18,100.89,10.2237
20428.18,101.23,10.2237
20429.18,100.91,10.2238
20430.18,100.9,10.2238
20431.18,101.27,10.2238
20432.19,102.21,10.2238
20433.19,101.58,10.2238
20434.19,125.56,10.2238
20435.19,121.16,10.2238
20436.19,139.03,10.2238
20437.19,100.82,10.2238
20438.2,100.88,10.2238
20439.2,101.39,10.2238
20440.2,100.84,10.224
20441.2,100.93,10.224
20442.2,101.31,10.224
20443.2,100.94,10.2238
20444.2,101.28,10.2238
20445.21,100.74,10.2238
20446.21,100.61,10.224
20447.21,101.26,10.224
20448.21,100.87,10.224
20449.21,101.33,10.2239
20450.21,100.88,10.2239
20451.22,100.91,10.2239
20452.22,101.29,10.2239
20453.22,100.94,10.2239
20454.22,101.34,10.2239
20455.22,100.89,10.2239
20456.22,100.87,10.2239
20457.22,101.3,10.2239
20458.23,100.89,10.2239
20459.23,101.3,10.2239
20460.23,100.9,10.2239
20461.23,100.9,10.2239
20462.23,101.29,10.224
20463.23,100.91,10.224
20464.24,101.3,10.2241
20465.24,100.69,10.2241
20466.24,100.56,10.2241
20467.24,100.97,10.2241
20468.24,100.54,10.2241
20469.24,100.97,10.2241
20470.25,100.55,10.2241
20471.25,100.58,10.2241
20472.25,100.93,10.2241
20473.25,100.56,10.2241
20474.25,100.91,10.2241
20475.25,100.5,10.2241
20476.26,100.96,10.2241
20477.26,101.39,10.2241
20478.26,100.86,10.2241
20479.26,101.1,10.224
20480.26,100.53,10.224
20481.26,100.96,10.224
20482.27,100.54,10.224
20483.27,100.64,10.224
20484.27,101.01,10.2241
20485.27,100.57,10.2241
20486.27,100.96,10.2241
20487.27,100.71,10.2241
20488.28,100.89,10.2241
20489.28,102.37,10.2241
20490.28,100.87,10.2241
20491.28,100.97,10.2242
20492.28,100.93,10.2242
20493.28,101.35,10.2242
20494.28,100.96,10.2244
20495.28,101.26,10.2244
20496.29,100.88,10.2244
20497.29,100.84,10.2244
20498.29,101.26,10.2244
20499.29,100.91,10.2242
20500.29,101.25,10.2242
20501.29,100.91,10.2242
20502.3,100.88,10.2242
20503.3,101.36,10.2242
20504.3,100.91,10.2244
20505.3,101.23,10.2244
20506.3,100.87,10.2244
20507.3,100.86,10.2244
20508.31,101.26,10.2244
20509.31,100.93,10.2244
20510.31,100.88,10.2244
20511.31,101.25,10.2244
20512.31,100.86,10.2244
20513.32,101.29,10.2244
20514.32,100.89,10.2244
20515.32,100.88,10.2244
20516.32,101.22,10.2244
20517.32,100.83,10.2244
20518.32,100.93,10.2244
20519.32,101.26,10.2244
20520.33,100.83,10.2244
20521.33,101.26,10.2244
20522.33,100.85,10.2244
20523.33,100.97,10.2244
20524.33,101.25,10.2244
20525.33,100.84,10.2244
20526.34,101.49,10.2244
20527.34,100.85,10.2244
20528.34,100.88,10.2245
20529.34,101.22,10.2245
20530.34,100.85,10.2245
20531.34,100.92,10.2245
20532.35,101.26,10.2245
20533.35,100.92,10.2245
20534.35,101.21,10.2245
20535.35,102.67,10.2245
20536.35,107.79,10.2245
20537.35,101.2,10.2245
20538.35,100.98,10.2245
20539.36,101.26,10.2244
20540.36,100.86,10.2244
20541.36,100.87,10.2244
20542.36,101.27,10.2245
20543.36,101.16,10.2245
20544.36,100.83,10.2245
20545.37,101.26,10.2245
20546.37,100.86,10.2245
20547.37,261.75,10.2432
20548.37,278.05,10.5172
20549.37,100.89,10.5172
20550.37,103.31,10.5172
20551.37,100.83,10.5172
20552.38,100.7,10.5172
20553.38,101.07,10.5172
20554.38,100.8,10.5171
20555.38,101.29,10.5171
20556.38,100.88,10.5171
20557.38,100.87,10.5171
20558.38,101.28,10.5171
20559.39,100.85,10.5171
20560.39,101.26,10.5171
20561.39,100.88,10.5173
20562.39,100.86,10.5173
20563.39,101.43,10.5173
20564.39,100.88,10.5171
20565.39,100.9,10.5171
20566.4,101.36,10.5171
20567.4,100.84,10.5171
20568.4,100.86,10.5171
20569.4,101.29,10.5171
20570.4,100.84,10.5171
20571.4,100.75,10.5173
20572.4,101.27,10.5173
20573.41,100.97,10.5173
20574.41,100.97,10.5173
20575.41,101.27,10.5173
20576.41,100.87,10.5173
20577.41,101.28,10.5173
20578.41,100.92,10.5173
20579.41,100.91,10.5173
20580.42,101.06,10.5173
20581.42,100.81,10.5173
20582.42,101.02,10.5173
20583.42,101.37,10.5173
20584.42,100.86,10.5173
20585.42,101.28,10.5171
20586.43,100.88,10.5171
20587.43,100.89,10.5171
20588.43,101.33,10.5171
20589.43,100.81,10.5171
20590.43,101.25,10.5173
20591.43,101.58,10.5173
20592.44,100.88,10.5173
20593.44,101.32,10.5173
20594.44,100.58,10.5173
20595.44,101.22,10.5173
20596.44,100.86,10.5173
20597.44,100.88,10.5173
20598.44,101.3,10.5173
20599.45,100.88,10.5171
20600.45,101.29,10.5171
20601.45,100.84,10.5171
20602.45,100.84,10.5171
20603.45,101.12,10.5171
20604.45,100.83,10.5171
20605.46,100.82,10.5171
20606.46,101.2,10.5171
20607.46,100.52,10.5171
20608.46,101.02,10.5171
20609.46,100.84,10.5171
20610.46,100.84,10.5171
20611.46,101.33,10.5173
20612.47,100.87,10.5173
20613.47,100.97,10.5173
20614.47,101.34,10.5173
20615.47,100.85,10.5173
20616.47,100.9,10.5173
20617.47,101.31,10.5173
20618.47,101.02,10.5174
20619.47,100.86,10.5174
20620.48,101.28,10.5174
20621.48,100.96,10.5174
20622.48,100.94,10.5174
20623.48,101.04,10.5174
20624.48,100.55,10.5174
20625.48,100.85,10.5174
20626.48,101.12,10.5174
20627.49,100.53,10.5174
20628.49,100.99,10.5174
20629.49,100.57,10.5174
20630.49,100.56,10.5174
20631.49,100.95,10.5174
20632.49,100.67,10.5174
20633.5,100.96,10.5175
20634.5,101.27,10.5175
20635.5,100.9,10.5175
20636.5,101.29,10.5175
20637.5,100.55,10.5175
20638.5,100.58,10.5175
20639.51,100.94,10.5175
20640.51,100.54,10.5175
20641.51,100.95,10.5175
20642.51,100.55,10.5175
20643.51,100.65,10.5175
20644.51,100.92,10.5175
20645.51,100.63,10.5175
20646.52,105.32,10.5175
20647.52,113.57,10.5175
20648.52,100.9,10.5175
20649.52,101.28,10.5175
20650.52,100.87,10.5175
20651.52,101.46,10.5175
20652.53,100.88,10.5175
20653.53,100.99,10.5175
20654.53,101.3,10.5175
20655.53,100.87,10.5175
20656.53,101.26,10.5175
20657.53,100.87,10.5175
20658.54,100.93,10.5176
20659.54,101.2,10.5176
20660.54,100.87,10.5176
20661.54,101.26,10.5176
20662.54,100.89,10.5176
20663.54,100.97,10.5176
20664.54,101.32,10.5176
20665.55,100.85,10.5176
20666.55,100.87,10.5176
20667.55,101.36,10.5177
20668.55,100.94,10.5177
20669.55,100.82,10.5177
20670.55,101.25,10.5177
20671.55,100.83,10.5177
20672.56,101.22,10.5177
20673.56,100.88,10.5177
20674.56,101.11,10.5177
20675.56,101.28,10.5177
20676.56,100.85,10.5177
20677.56,101.28,10.5177
20678.57,101.31,10.5177
20679.57,100.85,10.5177
20680.57,101.27,10.5177
20681.57,100.87,10.5177
20682.57,101.26,10.5177
20683.57,100.96,10.5177
20684.57,100.86,10.5177
20685.58,101.26,10.5177
20686.58,100.87,10.5178
20687.58,100.89,10.5178
20688.58,101.28,10.5177
20689.58,100.86,10.5177
20690.58,101.24,10.5177
20691.59,100.9,10.5177
20692.59,100.89,10.5177
20693.59,101.38,10.5177
20694.59,100.87,10.5177
20695.59,101.2,10.5177
20696.59,100.82,10.5177
20697.6,100.86,10.5177
20698.6,101.38,10.5177
20699.6,100.85,10.5177
20700.6,100.55,10.5177
20701.6,101.04,10.5177
20702.6,100.92,10.5178
20703.6,101.41,10.5178
20704.61,101.2,10.5178
20705.61,100.88,10.5178
20706.61,101.27,10.5178
20707.61,100.75,10.5178
20708.61,101.11,10.5178
20709.61,100.81,10.5178
20710.61,100.81,10.5178
20711.62,101.3,10.5178
20712.62,100.86,10.5178
20713.62,100.97,10.5178
20714.62,101.26,10.5179
20715.62,100.85,10.5179
20716.62,103.32,10.5179
20717.63,100.85,10.5179
20718.63,100.93,10.5179
20719.63,101.27,10.5179
20720.63,100.88,10.5179
20721.63,100.84,10.5179
20722.63,101.15,10.5179
20723.63,100.82,10.5179
20724.64,101.2,10.5179
20725.64,100.87,10.5179
20726.64,100.86,10.5179
20727.64,101.27,10.5179
20728.64,100.94,10.518
20729.64,101.26,10.518
20730.65,100.87,10.518
20731.65,100.58,10.518
20732.65,100.98,10.518
20733.65,100.98,10.518
20734.65,100.89,10.518
20735.65,101.25,10.518
20736.65,100.85,10.518
20737.66,101.27,10.518
20738.66,100.91,10.518
20739.66,100.89,10.518
20740.66,101.26,10.5181
20741.66,100.91,10.5181
20742.66,101.28,10.5181
20743.67,100.96,10.5181
20744.67,100.84,10.5181
20745.67,101.33,10.5181
20746.67,100.88,10.5181
20747.67,100.86,10.5181
20748.67,101.34,10.5182
20749.67,100.83,10.5182
20750.67,100.82,10.5182
20751.68,101.33,10.5182
20752.68,100.82,10.5182
20753.68,100.94,10.5182
20754.68,101.29,10.5182
20755.68,100.82,10.5182
20756.68,100.73,10.5182
20757.68,100.59,10.5182
20758.68,101.04,10.5182
20759.69,100.83,10.5182
20760.69,101.18,10.5182
20761.69,100.84,10.5182
20762.69,101.05,10.5182
20763.69,101.14,10.5182
20764.69,100.74,10.5182
20765.7,101.31,10.5182
20766.7,100.85,10.5182
20767.7,100.79,10.5182
20768.7,101.23,10.5183
20769.7,100.85,10.5183
20770.7,100.83,10.5183
20771.71,101.28,10.5183
20772.71,100.69,10.5183
20773.71,101.38,10.5183
20774.71,100.86,10.5183
20775.71,100.88,10.5183
20776.71,101.28,10.5183
20777.71,100.85,10.5183
20778.72,101.28,10.5183
20779.72,100.79,10.5183
20780.72,100.83,10.5183
20781.72,101.37,10.5183
20782.72,100.86,10.5183
20783.72,100.93,10.5183
20784.72,101.42,10.5183
20785.73,100.81,10.5183
20786.73,100.84,10.5183
20787.73,101.25,10.5183
20788.73,100.9,10.5183
20789.73,103.78,10.5183
20790.73,100.84,10.5183
20791.74,100.88,10.5183
20792.74,101.27,10.5183
20793.74,101.03,10.5184
20794.74,100.88,10.5184
20795.74,101.26,10.5184
20796.74,100.88,10.5184
20797.74,101.25,10.5184
20798.75,100.9,10.5184
20799.75,100.83,10.5184
20800.75,101.21,10.5184
20801.75,100.89,10.5184
20802.75,101.26,10.5184
20803.75,101.01,10.5184
20804.76,100.88,10.5184
20805.76,101.23,10.5184
20806.76,100.89,10.5184
20807.76,101.22,10.5184
20808.76,100.77,10.5184
20809.76,100.86,10.5184
20810.76,101.28,10.5184
20811.77,101.16,10.5184
20812.77,102.82,10.5184
20813.77,101.34,10.5186
20814.77,100.86,10.5186
20815.77,101.31,10.5186
20816.77,100.87,10.5186
20817.77,100.87,10.5186
20818.78,101.38,10.5186
20819.78,100.81,10.5186
20820.78,100.82,10.5186
20821.78,101.32,10.5186
20822.78,100.92,10.5186
20823.78,103.37,10.5186
20824.79,100.85,10.5186
20825.79,101.07,10.5186
20826.79,101.27,10.5186
20827.79,100.88,10.5186
20828.79,101.01,10.5186
20829.79,101.31,10.5186
20830.79,100.95,10.5187
20831.79,100.9,10.5187
20832.8,101.37,10.5187
20833.8,100.99,10.5188
20834.8,100.84,10.5188
20835.8,101.26,10.5188
20836.8,100.86,10.5188
20837.8,101.28,10.5188
20838.81,100.91,10.5188
20839.81,100.88,10.5188
20840.81,101.29,10.5188
20841.81,100.89,10.5188
20842.81,100.9,10.5188
20843.81,101.38,10.5189
20844.81,100.85,10.5189
20845.82,101.28,10.5189
20846.82,100.85,10.5189
20847.82,100.9,10.5189
20848.82,101.33,10.5189
20849.82,100.89,10.5189
20850.82,101.26,10.5189
20851.83,100.86,10.5189
20852.83,105.38,10.5189
20853.83,101.33,10.5189
20854.83,100.88,10.5189
20855.83,101.32,10.5189
20856.83,100.85,10.5189
20857.83,100.94,10.5189
20858.84,101.36,10.519
20859.84,141.57,10.519
20860.84,100.82,10.5189
20861.84,101.39,10.519
20862.84,100.91,10.519
20863.84,100.91,10.519
20864.84,101.26,10.519
20865.85,100.85,10.519
20866.85,101.29,10.519
20867.85,100.85,10.519
20868.85,100.9,10.5188
20869.85,101.26,10.5188
20870.85,100.94,10.5189
20871.85,100.86,10.5189
20872.86,101.35,10.5189
20873.86,100.92,10.5189
20874.86,101.04,10.519
20875.86,100.68,10.519
20876.86,100.86,10.5191
20877.86,101.33,10.5191
20878.87,100.9,10.5191
20879.87,100.85,10.5192
20880.87,101.27,10.5192
20881.87,101.03,10.5192
20882.87,100.98,10.5192
20883.87,101.36,10.5192
20884.87,100.88,10.5192
20885.87,100.86,10.5192
20886.88,101.35,10.5192
20887.88,100.86,10.5192
20888.88,100.89,10.5192
20889.88,101.35,10.5192
20890.88,100.86,10.5192
20891.88,102.88,10.5192
20892.88,101.42,10.5192
20893.89,100.84,10.5192
20894.89,100.86,10.5191
20895.89,101.24,10.519
20896.89,100.91,10.5191
20897.89,101.25,10.5191
20898.89,100.82,10.5193
20899.89,100.85,10.5193
20900.9,101.25,10.5193
20901.9,101.08,10.5193
20902.9,100.92,10.5193
20903.9,101.28,10.5193
20904.9,100.82,10.5193
20905.9,101.09,10.5193
20906.91,100.9,10.5193
20907.91,100.9,10.5193
20908.91,101.32,10.5193
20909.91,100.87,10.5194
20910.91,101.25,10.5194
20911.91,100.8,10.5194
20912.92,100.9,10.5193
20913.92,101.3,10.5193
20914.92,100.92,10.5193
20915.92,101.29,10.5193
20916.92,100.86,10.5193
20917.92,100.81,10.5191
20918.92,101.01,10.5193
20919.93,100.71,10.5193
20920.93,101.31,10.5193
20921.93,100.88,10.5193
20922.93,100.82,10.5193
20923.93,101.16,10.5193
20924.93,100.86,10.5193
20925.93,101.48,10.5193
20926.94,101.24,10.5193
20927.94,101.1,10.5193
20928.94,100.91,10.5193
20929.94,101.29,10.5193
20930.94,101.2,10.5193
20931.94,100.88,10.5193
20932.94,101.4,10.5193
20933.95,100.9,10.5193
20934.95,100.9,10.5193
20935.95,101.27,10.5193
20936.95,100.92,10.5193
20937.95,101.28,10.5193
20938.95,100.87,10.5194
20939.96,203.69,2.151
20940.96,333.32,2.4701
20941.96,312.15,2.8107
20942.96,220.47,3.2827
20943.96,246.07,3.7216
20944.96,275.54,4.1535
20945.96,135.46,4.637
20946.97,154.51,5.148
20947.97,155.27,5.6813
20948.97,110.37,6.1961
20949.97,127.21,6.6407
20950.97,179.38,7.3396
20951.97,399.57,8.4327
20952.97,197.24,8.6573
20953.98,343.99,8.6601
20954.98,353.37,8.664
20955.98,327.52,8.6702
20956.98,310.66,8.6773
20957.98,309.04,8.6793
20958.98,303.82,8.6771
20959.98,305.95,8.6778
20960.99,305.92,8.6796
20961.99,300.48,8.6934
20962.99,301.63,8.6944
20963.99,301.42,8.6958
20964.99,303.93,8.6962
20965.99,241.43,8.6965
20967.0,118.86,8.6965
20968.0,193.38,9.0681
20969.0,261.99,9.7529
20970.0,110.09,9.7469
20971.0,220.5,9.7473
20972.0,183.61,9.7474
20973.0,251.01,9.7473
20974.0,172.17,9.7409
20975.01,212.99,9.7409
20976.01,211.49,9.7409
20977.01,169.49,9.7409
20978.01,149.77,9.7409
20979.01,101.41,9.7409
20980.01,120.84,9.7409
20981.01,107.8,9.7409
20982.02,147.3,9.7409
20983.02,173.09,9.7411
20984.02,121.85,9.7412
20985.02,102.3,9.7412
20986.02,101.07,9.7412
20987.02,111.89,9.7412
20988.03,100.73,9.7411
20989.03,120.98,9.7411
20990.03,115.33,9.7412
20991.03,161.87,9.7411
20992.03,100.7,9.7412
20993.03,103.99,9.7412
20994.03,100.76,9.7412
20995.04,294.21,9.8439
20996.04,142.09,9.8634
20997.04,103.39,9.8633
20998.04,102.62,9.8633
20999.04,101.18,9.8633
21000.04,101.6,9.8632
21001.05,104.98,9.8632
21002.05,125.75,9.8632
21003.05,103.57,9.8632
21004.05,173.67,9.8632
21005.05,179.84,9.8632
21006.05,126.11,9.8641
21007.05,102.06,9.8641
21008.06,123.76,9.8641
21009.06,114.12,9.8641
21010.06,100.68,9.8641
21011.06,101.23,9.8641
21012.06,100.73,9.8641
21013.06,100.87,9.8643
21014.06,101.31,9.8644
21015.07,112.36,9.8644
21016.07,105.95,9.8643
21017.07,100.59,9.8643
21018.07,100.59,9.8643
21019.07,101.32,9.8643
21020.07,100.67,9.8643
21021.08,100.69,9.8643
21022.08,101.09,9.8643
21023.08,100.76,9.8643
21024.08,101.21,9.8643
21025.08,100.71,9.8643
21026.08,100.72,9.8643
21027.08,101.16,9.8644
21028.09,103.92,9.8644
21029.09,100.8,9.8644
21030.09,100.94,9.8644
21031.09,100.64,9.8644
21032.09,117.13,9.8644
21033.09,100.74,9.8644
21034.1,118.43,9.8644
21035.1,101.3,9.8644
21036.1,101.07,9.8644
21037.1,106.96,9.8644
21038.1,104.74,9.8644
21039.1,103.78,9.8645
21040.1,100.93,9.8645
21041.11,108.6,9.8645
21042.11,103.23,9.8645
21043.11,101.77,9.8645
21044.11,101.24,9.8645
21045.11,101.09,9.8645
21046.11,100.68,9.8644
21047.12,101.24,9.8644
21048.12,100.66,9.8644
21049.12,100.72,9.8645
21050.12,101.1,9.8645
21051.12,109.24,9.8645
21052.12,101.27,9.8645
21053.12,101.02,9.8646
21054.13,100.59,9.8646
21055.13,101.16,9.8646
21056.13,100.93,9.8646
21057.13,100.76,9.8646
21058.13,101.13,9.8646
21059.13,118.95,9.8646
21060.14,101.68,9.8646
21061.14,102.56,9.8646
21062.14,340.2,10.0143
21063.14,131.61,10.0349
21064.15,101.48,10.0349
21065.15,102.21,10.0349
21066.15,101.27,10.0349
21067.15,100.84,10.0349
21068.15,100.88,10.035
21069.15,101.24,10.035
21070.15,100.81,10.035
21071.16,100.92,10.035
21072.16,104.71,10.0349
21073.16,100.9,10.0349
21074.16,101.31,10.0349
21075.16,103.75,10.0349
21076.16,100.84,10.0349
21077.17,101.26,10.0349
21078.17,100.89,10.0349
21079.17,101.39,10.035
21080.17,106.1,10.0351
21081.17,146.06,10.0399
21082.17,101.05,10.0399
21083.17,100.95,10.0399
21084.18,101.3,10.0399
21085.18,100.93,10.034
21086.18,100.83,10.034
21087.18,101.25,10.034
21088.18,100.85,10.034
21089.18,101.28,10.034
21090.19,100.86,10.034
21091.19,100.69,10.034
21092.19,101.28,10.0342
21093.19,100.85,10.0342
21094.19,101.24,10.0342
21095.19,100.9,10.0342
21096.19,100.88,10.034
21097.2,101.25,10.034
21098.2,100.85,10.034
21099.2,101.31,10.0342
21100.2,100.85,10.0343
21101.2,103.6,10.0343
21102.2,104.25,10.0343
21103.21,100.95,10.0343
21104.21,101.33,10.0343
21105.21,100.81,10.0341
21106.21,100.86,10.0341
21107.21,101.3,10.0341
21108.21,100.56,10.0341
21109.22,100.61,10.0342
21110.22,101.31,10.0342
21111.22,100.68,10.0342
21112.22,101.28,10.0342
21113.22,100.92,10.0342
21114.22,100.82,10.0343
21115.23,101.3,10.0343
21116.23,100.85,10.0343
21117.23,101.28,10.0343
21118.23,100.9,10.0343
21119.23,100.93,10.0343
21120.23,101.26,10.0343
21121.23,100.98,10.0343
21122.24,101.27,10.0343
21123.24,100.89,10.0343
21124.24,100.87,10.0343
21125.24,101.17,10.0343
21126.24,101.84,10.0343
21127.24,101.27,10.0343
21128.25,100.87,10.0343
21129.25,100.89,10.0344
21130.25,101.32,10.0344
21131.25,100.89,10.0344
21132.25,100.85,10.0344
21133.25,101.34,10.0344
21134.25,100.92,10.0344
21135.26,100.86,10.0344
21136.26,101.27,10.0344
21137.26,100.9,10.0344
21138.26,101.58,10.0343
21139.26,100.84,10.0343
21140.26,100.87,10.0343
21141.26,101.25,10.0343
21142.27,100.86,10.0343
21143.27,101.35,10.0344
21144.27,100.91,10.0344
21145.27,100.74,10.0344
21146.27,101.33,10.0344
21147.27,100.87,10.0344
21148.27,100.89,10.0344
21149.28,101.4,10.0344
21150.28,100.87,10.0345
21151.28,100.86,10.0345
21152.28,101.36,10.0345
21153.28,100.92,10.0345
21154.28,100.93,10.0345
21155.28,101.35,10.0345
21156.29,100.86,10.0345
21157.29,100.72,10.0345
21158.29,100.93,10.0345
21159.29,100.53,10.0345
21160.29,100.51,10.0345
21161.29,101.0,10.0345
21162.29,100.57,10.0345
21163.3,101.23,10.0345
21164.3,100.62,10.0345
21165.3,100.58,10.0345
21166.3,100.98,10.0345
21167.3,100.51,10.0345
21168.3,100.66,10.0345
21169.3,101.3,10.0345
21170.31,100.85,10.0345
21171.31,101.25,10.0345
21172.31,100.85,10.0345
21173.31,100.95,10.0345
21174.31,101.29,10.0347
21175.31,100.86,10.0347
21176.32,101.26,10.0347
21177.32,100.86,10.0347
21178.32,100.9,10.0347
21179.32,101.19,10.0347
21180.32,100.87,10.0347
21181.32,101.25,10.0347
21182.33,100.87,10.0347
21183.33,100.98,10.0347
21184.33,101.26,10.0347
21185.33,100.85,10.0347
21186.33,101.27,10.0347
21187.33,103.17,10.0347
21188.33,100.89,10.0347
21189.34,101.26,10.0347
21190.34,100.88,10.0347
21191.34,101.29,10.0347
21192.34,100.87,10.0347
21193.34,100.98,10.0348
21194.34,101.28,10.0348
21195.35,100.87,10.0347
21196.35,101.28,10.0347
21197.35,100.86,10.0347
21198.35,100.92,10.0348
21199.35,101.28,10.0347
21200.35,100.64,10.0347
21201.36,101.25,10.0347
21202.36,100.87,10.0349
21203.36,100.98,10.0349
21204.36,101.25,10.0349
21205.36,100.93,10.0349
21206.36,100.85,10.0349
21207.36,101.34,10.0349
21208.37,100.92,10.0349
21209.37,100.82,10.0349
21210.37,101.3,10.0349
21211.37,100.83,10.0349
21212.37,100.79,10.0349
21213.37,101.4,10.0349
21214.37,100.79,10.0349
21215.37,100.84,10.0349
21216.38,101.27,10.0349
21217.38,100.68,10.0349
21218.38,100.7,10.0349
21219.38,101.29,10.0349
21220.38,100.85,10.0349
21221.38,100.68,10.0349
21222.38,100.95,10.0349
21223.39,100.64,10.035
21224.39,100.96,10.035
21225.39,100.56,10.035
21226.39,100.56,10.035
21227.39,100.97,10.035
21228.39,100.58,10.035
21229.4,100.95,10.0349
21230.4,100.66,10.035
21231.4,100.82,10.035
21232.4,101.26,10.035
21233.4,100.96,10.035
21234.4,101.26,10.035
21235.41,100.67,10.035
21236.41,100.86,10.035
21237.41,101.31,10.035
21238.41,100.92,10.035
21239.41,101.27,10.035
21240.41,100.85,10.035
21241.41,100.82,10.035
21242.42,101.31,10.035
21243.42,101.01,10.0351
21244.42,100.83,10.0351
21245.42,100.87,10.0351
21246.42,101.26,10.0351
21247.42,100.69,10.035
21248.42,101.06,10.035
21249.43,100.57,10.035
21250.43,100.84,10.035
21251.43,101.28,10.035
21252.43,100.84,10.035
21253.43,101.35,10.035
21254.43,100.84,10.035
21255.43,100.84,10.035
21256.44,101.24,10.035
21257.44,100.9,10.035
21258.44,101.32,10.035
21259.44,100.87,10.035
21260.44,100.84,10.0351
21261.44,101.23,10.0351
21262.45,100.88,10.0352
21263.45,101.41,10.0352
21264.45,100.86,10.0352
21265.45,100.82,10.0352
21266.45,101.33,10.0352
21267.45,100.87,10.0352
21268.46,100.87,10.0352
21269.46,101.31,10.0352
21270.46,100.87,10.0352
21271.46,100.85,10.0352
21272.46,101.24,10.0352
21273.46,100.97,10.0352
21274.46,101.62,10.0352
21275.47,100.84,10.0352
21276.47,100.86,10.0352
21277.47,101.26,10.0352
21278.47,100.93,10.0353
21279.47,101.28,10.0353
21280.47,100.75,10.0353
21281.47,100.75,10.0353
21282.48,101.35,10.0353
21283.48,100.85,10.0351
21284.48,100.93,10.0351
21285.48,101.32,10.0351
21286.48,100.9,10.0351
21287.48,100.88,10.0351
21288.48,101.31,10.0351
21289.49,100.88,10.0351
21290.49,101.29,10.0351
21291.49,100.86,10.0351
21292.49,101.09,10.0351
21293.49,101.59,10.0352
21294.49,100.79,10.0352
21295.5,100.79,10.0352
21296.5,101.35,10.0352
21297.5,100.89,10.0352
21298.5,100.73,10.0352
21299.5,100.95,10.0352
21300.5,100.53,10.0352
21301.5,101.09,10.0352
21302.51,100.9,10.0352
21303.51,101.08,10.0352
21304.51,101.29,10.0352
21305.51,100.86,10.0352
21306.51,100.88,10.0352
21307.51,101.27,10.0352
21308.51,100.93,10.0353
21309.52,101.28,10.0353
21310.52,100.86,10.0353
21311.52,284.96,10.0703
21312.52,218.06,10.2398
21313.52,100.61,10.2399
21314.52,100.77,10.2399
21315.52,101.09,10.2399
21316.53,100.51,10.2399
21317.53,100.53,10.2399
21318.53,101.18,10.2399
21319.53,100.8,10.2398
21320.53,100.8,10.2398
21321.53,101.18,10.2398
21322.53,100.83,10.2398
21323.53,100.88,10.2398
21324.54,101.0,10.2398
21325.54,100.46,10.2398
21326.54,100.53,10.2398
21327.54,100.94,10.2398
21328.54,100.57,10.2398
21329.54,100.93,10.2398
21330.55,100.54,10.2398
21331.55,100.54,10.2398
21332.55,101.01,10.2398
21333.55,100.94,10.2399
21334.55,100.64,10.2399
21335.55,101.25,10.2399
21336.55,100.63,10.2399
21337.55,100.8,10.2399
21338.56,101.23,10.2399
21339.56,100.76,10.2399
21340.56,100.84,10.2399
21341.56,101.3,10.2399
21342.56,100.89,10.24
21343.56,101.01,10.24
21344.56,100.69,10.24
21345.56,101.2,10.24
21346.57,101.08,10.24
21347.57,102.42,10.24
21348.57,100.86,10.24
21349.57,100.77,10.24
21350.57,101.2,10.24
21351.57,100.85,10.24
21352.58,101.25,10.24
21353.58,100.96,10.2401
21354.58,100.9,10.2401
21355.58,101.81,10.2401
21356.58,100.84,10.2401
21357.58,101.13,10.2401
21358.58,100.98,10.24
21359.59,101.42,10.2399
21360.59,101.24,10.2399
21361.59,100.84,10.2399
21362.59,100.88,10.2399
21363.59,101.26,10.2399
21364.59,100.75,10.2399
21365.6,101.05,10.2399
21366.6,100.76,10.2399
21367.6,100.7,10.2399
21368.6,101.01,10.2399
21369.6,100.71,10.2399
21370.6,101.22,10.2399
21371.61,122.18,10.2399
21372.61,100.85,10.2399
21373.61,101.86,10.2399
21374.61,109.15,10.2399
21375.61,112.16,10.2399
21376.61,101.19,10.2399
21377.61,100.83,10.2399
21378.62,101.3,10.24
21379.62,100.88,10.24
21380.62,109.69,10.24
21381.62,101.23,10.24
21382.62,100.85,10.24
21383.62,101.38,10.24
21384.63,100.87,10.24
21385.63,101.56,10.24
21386.63,101.23,10.24
21387.63,100.79,10.24
21388.63,101.19,10.24
21389.63,100.84,10.24
21390.63,100.85,10.24
21391.64,101.17,10.2399
21392.64,100.71,10.2399
21393.64,100.98,10.2399
21394.64,101.27,10.24
21395.64,100.88,10.24
21396.64,102.42,10.24
21397.65,100.82,10.24
21398.65,101.72,10.24
21399.65,108.88,10.2402
21400.65,102.84,10.2402
21401.65,100.92,10.2402
21402.65,101.65,10.2402
21403.65,101.02,10.2402
21404.66,100.69,10.2402
21405.66,101.29,10.2402
21406.66,100.88,10.2401
21407.66,101.28,10.2401
21408.66,100.82,10.2402
21409.66,100.81,10.2402
21410.66,101.25,10.2402
21411.67,100.83,10.2402
21412.67,100.84,10.2402
21413.67,101.36,10.2402
21414.67,100.84,10.2402
21415.67,101.17,10.2402
21416.67,100.89,10.2402
21417.68,100.9,10.2402
21418.68,101.36,10.2402
21419.68,100.85,10.2402
21420.68,100.9,10.2402
21421.68,101.27,10.2404
21422.68,100.86,10.2404
21423.68,100.94,10.2404
21424.68,101.36,10.2404
21425.69,100.86,10.2404
21426.69,100.82,10.2404
21427.69,101.51,10.2404
21428.69,100.84,10.2405
21429.69,100.84,10.2405
21430.69,101.3,10.2405
21431.69,100.89,10.2405
21432.7,100.83,10.2405
21433.7,101.32,10.2405
21434.7,100.83,10.2405
21435.7,101.23,10.2405
21436.7,100.82,10.2405
21437.7,100.83,10.2405
21438.71,101.24,10.2405
21439.71,100.82,10.2405
21440.71,101.21,10.2405
21441.71,100.85,10.2404
21442.71,100.86,10.2404
21443.71,102.26,10.2405
21444.71,100.82,10.2405
21445.72,101.24,10.2405
21446.72,100.88,10.2405
21447.72,100.88,10.2405
21448.72,101.31,10.2405
21449.72,100.89,10.2404
21450.72,101.27,10.2404
21451.73,100.85,10.2404
21452.73,101.3,10.2404
21453.73,100.97,10.2406
21454.73,100.84,10.2406
21455.73,101.33,10.2406
21456.73,100.71,10.2406
21457.73,100.64,10.2406
21458.74,101.26,10.2406
21459.74,100.9,10.2405
21460.74,100.83,10.2405
21461.74,101.33,10.2405
21462.74,100.87,10.2405
21463.74,101.38,10.2406
21464.75,100.73,10.2407
21465.75,100.84,10.2407
21466.75,101.26,10.2407
21467.75,100.85,10.2407
21468.75,101.68,10.2407
21469.75,101.28,10.2407
21470.75,100.87,10.2407
21471.76,101.24,10.2407
21472.76,100.9,10.2407
21473.76,101.41,10.2407
21474.76,100.89,10.2407
21475.76,100.88,10.2406
21476.76,101.3,10.2406
21477.77,100.76,10.2406
21478.77,100.85,10.2406
21479.77,101.29,10.2407
21480.77,100.82,10.2407
21481.77,100.82,10.2407
21482.77,101.29,10.2407
21483.77,100.75,10.2407
21484.78,100.56,10.2407
21485.78,100.94,10.2408
21486.78,100.53,10.2408
21487.78,101.08,10.2408
21488.78,100.88,10.2408
21489.78,100.87,10.2408
21490.78,101.33,10.2407
21491.79,100.88,10.2407
21492.79,100.91,10.2407
21493.79,101.37,10.2407
21494.79,100.85,10.2408
21495.79,101.22,10.2408
21496.79,100.8,10.2408
21497.8,100.9,10.2408
21498.8,104.77,10.2408
21499.8,100.59,10.2408
21500.8,102.77,10.2407
21501.8,100.66,10.2408
21502.8,100.83,10.2408
21503.8,101.42,10.2409
21504.81,100.84,10.2408
21505.81,100.87,10.2408
21506.81,101.35,10.2408
21507.81,100.89,10.2407
21508.81,101.46,10.2408
21509.81,100.92,10.241
21510.81,101.29,10.2409
21511.81,100.84,10.2409
21512.82,101.24,10.2409
21513.82,101.0,10.241
21514.82,100.86,10.241
21515.82,101.27,10.241
21516.82,100.86,10.241
21517.82,101.3,10.241
21518.83,100.91,10.241
21519.83,100.86,10.241
21520.83,101.36,10.2409
21521.83,100.84,10.2409
21522.83,100.95,10.2409
21523.83,101.27,10.2411
21524.83,100.85,10.2411
21525.84,100.86,10.241
21526.84,101.27,10.2408
21527.84,100.86,10.2408
21528.84,101.31,10.241
21529.84,100.8,10.241
21530.84,100.78,10.2411
21531.84,101.15,10.2408
21532.85,100.85,10.241
21533.85,101.69,10.241
21534.85,100.87,10.241
21535.85,100.87,10.2409
21536.85,101.3,10.2409
21537.85,100.91,10.2409
21538.86,101.35,10.2409
21539.86,100.89,10.2409
21540.86,100.84,10.2409
21541.86,101.29,10.2409
21542.86,100.88,10.2411
21543.86,100.87,10.2411
21544.86,101.27,10.2411
21545.87,100.87,10.2411
21546.87,101.27,10.2411
21547.87,100.86,10.2411
21548.87,100.93,10.2411
21549.87,101.26,10.2411
21550.87,100.95,10.2411
21551.87,100.87,10.2411
21552.88,101.78,10.2412
21553.88,101.11,10.2412
21554.88,149.74,10.2412
21555.88,101.38,10.2412
21556.88,102.95,10.2412
21557.88,101.28,10.2412
21558.89,100.95,10.2412
21559.89,100.88,10.2412
21560.89,101.34,10.2412
21561.89,100.89,10.2411
21562.89,100.96,10.2411
21563.89,101.35,10.2412
21564.89,100.84,10.2412
21565.9,100.86,10.2413
21566.9,101.24,10.2413
21567.9,100.83,10.2413
21568.9,101.21,10.2413
21569.9,100.88,10.2414
21570.9,100.85,10.2414
21571.9,101.94,10.2414
21572.91,100.93,10.2414
21573.91,100.88,10.2414
21574.91,101.27,10.2413
21575.91,100.82,10.2413
21576.91,101.27,10.2413
21577.91,100.87,10.2413
21578.91,100.9,10.2414
21579.92,101.33,10.2414
21580.92,100.9,10.2414
21581.92,100.89,10.2414
21582.92,101.37,10.2414
21583.92,100.92,10.2414
21584.92,101.31,10.2414
21585.93,100.92,10.2413
21586.93,100.92,10.2413
21587.93,101.27,10.2413
21588.93,100.96,10.2413
21589.93,101.33,10.2413
21590.93,100.91,10.2413
21591.94,101.36,10.2413
21592.94,101.35,10.2414
21593.94,100.92,10.2414
21594.94,101.29,10.2414
21595.94,100.88,10.2415
21596.94,100.88,10.2415
21597.94,101.32,10.2415
21598.95,100.85,10.2415
21599.95,102.41,10.2415
21600.95,101.33,10.2414
21601.95,100.86,10.2414
21602.95,100.95,10.2414
21603.95,101.39,10.2414
21604.95,100.91,10.2414
21605.96,100.85,10.2414
21606.96,101.33,10.2415
21607.96,100.83,10.2415
21608.96,101.34,10.2415
21609.96,100.88,10.2415
21610.96,100.88,10.2415
21611.96,100.93,10.2416
21612.97,100.6,10.2416
21613.97,100.94,10.2416
21614.97,100.79,10.2416
21615.97,100.87,10.2416
21616.97,101.31,10.2416
21617.97,100.91,10.2416
21618.98,102.23,10.2416
21619.98,100.88,10.2414
21620.98,100.93,10.2416
21621.98,100.78,10.2416
21622.98,101.31,10.2417
21623.98,100.85,10.2417
21624.98,101.22,10.2417
21625.99,101.0,10.2417
21626.99,100.84,10.2417
21627.99,101.36,10.2417
21628.99,101.0,10.2417
21629.99,100.73,10.2417
21630.99,101.27,10.2416
21631.99,101.22,10.2416
21633.0,101.49,10.2416
21634.0,100.87,10.2417
21635.0,100.82,10.2417
21636.0,101.21,10.2417
21637.0,100.89,10.2417
21638.0,101.27,10.2417
21639.01,100.86,10.2417
21640.01,101.75,10.2417
21641.01,101.3,10.2417
21642.01,101.02,10.2417
21643.01,101.3,10.2417
21644.01,100.89,10.2417
21645.02,100.58,10.2417
21646.02,101.02,10.2417
21647.02,101.07,10.2417
21648.02,101.24,10.2417
21649.02,101.67,10.2417
21650.02,100.84,10.2419
21651.02,101.29,10.2419
21652.03,104.73,10.2419
21653.03,100.93,10.2419
21654.03,102.55,10.2419
21655.03,100.83,10.2419
21656.03,101.24,10.2419
21657.03,100.82,10.2419
21658.04,100.79,10.2419
21659.04,101.22,10.2419
21660.04,100.84,10.2418
21661.04,101.23,10.2418
21662.04,100.73,10.2418
21663.04,100.94,10.2418
21664.04,101.28,10.2418
21665.05,100.81,10.2419
21666.05,100.82,10.2419
21667.05,101.27,10.2419
21668.05,100.87,10.2419
21669.05,101.36,10.2419
21670.05,100.81,10.2418
21671.05,100.85,10.2417
21672.06,101.23,10.2417
21673.06,100.92,10.2419
21674.06,101.3,10.242
21675.06,100.87,10.242
21676.06,100.86,10.242
21677.06,101.28,10.242
21678.07,100.9,10.242
21679.07,101.34,10.2419
21680.07,100.85,10.2419
21681.07,100.87,10.2419
21682.07,101.17,10.2419
21683.07,100.72,10.2419
21684.07,100.61,10.2419
21685.08,101.09,10.2419
21686.08,100.87,10.2419
21687.08,100.97,10.2419
21688.08,100.92,10.2419
21689.08,101.36,10.2419
21690.08,100.89,10.242
21691.08,100.88,10.242
21692.08,101.29,10.242
21693.09,100.97,10.2421
21694.09,101.37,10.2421
21695.09,100.97,10.2421
21696.09,100.92,10.2421
21697.09,100.9,10.2421
21698.09,101.3,10.2421
21699.09,100.92,10.2421
21700.1,101.28,10.2421
21701.1,100.85,10.2421
21702.1,100.87,10.242
21703.1,101.42,10.2421
21704.1,100.91,10.2421
21705.1,100.89,10.2421
21706.1,101.35,10.242
21707.11,100.83,10.242
21708.11,100.83,10.242
21709.11,101.19,10.242
21710.11,100.9,10.242
21711.11,101.28,10.242
21712.11,100.56,10.242
21713.11,100.63,10.242
21714.12,100.96,10.242
21715.12,100.78,10.242
21716.12,101.28,10.242
21717.12,100.9,10.242
21718.12,100.93,10.242
21719.12,101.36,10.242
21720.13,100.88,10.242
21721.13,101.3,10.2421
21722.13,100.88,10.2421
21723.13,100.69,10.2422
21724.13,100.98,10.2422
21725.13,100.59,10.2422
21726.14,101.2,10.2421
21727.14,100.79,10.2421
21728.14,100.73,10.2421
21729.14,100.99,10.2421
21730.14,100.62,10.2421
21731.14,100.73,10.2421
21732.15,101.25,10.2421
21733.15,103.16,10.2422
21734.15,124.74,10.2422
21735.15,399.35,10.5163
21736.15,108.43,10.5238
21737.15,100.96,10.5238
21738.15,100.91,10.5238
21739.16,100.7,10.5238
21740.16,101.34,10.5238
21741.16,100.8,10.5237
21742.16,100.83,10.5237
21743.16,101.37,10.5237
21744.16,100.54,10.5237
21745.16,100.89,10.5237
21746.17,100.46,10.5237
21747.17,100.49,10.5237
21748.17,100.97,10.5237
21749.17,100.52,10.5237
21750.17,101.14,10.5237
21751.17,100.76,10.5237
21752.17,100.88,10.5237
21753.18,101.28,10.5237
21754.18,100.88,10.5238
21755.18,101.29,10.5238
21756.18,100.84,10.5238
21757.18,100.88,10.5238
21758.18,101.31,10.5238
21759.19,100.92,10.5238
21760.19,101.29,10.5238
21761.19,100.9,10.5238
21762.19,117.87,10.5238
21763.19,101.26,10.5238
21764.19,100.83,10.5238
21765.2,101.19,10.5238
21766.2,100.83,10.5238
21767.2,100.9,10.5238
21768.2,101.25,10.5238
21769.2,100.87,10.5238
21770.2,100.88,10.5238
21771.2,101.29,10.5238
21772.21,100.89,10.5238
21773.21,101.0,10.5238
21774.21,101.37,10.524
21775.21,100.83,10.524
21776.21,101.27,10.524
21777.21,100.82,10.524
21778.22,100.86,10.524
21779.22,101.31,10.524
21780.22,100.89,10.524
21781.22,101.27,10.524
21782.22,100.89,10.524
21783.22,100.95,10.524
21784.22,101.3,10.524
21785.23,100.9,10.524
21786.23,101.28,10.524
21787.23,100.88,10.524
21788.23,100.87,10.524
21789.23,101.22,10.524
21790.23,100.82,10.524
21791.24,101.26,10.524
21792.24,100.83,10.524
21793.24,100.91,10.524
21794.24,101.33,10.524
21795.24,100.8,10.524
21796.24,100.8,10.524
21797.24,101.34,10.524
21798.25,100.89,10.524
21799.25,100.92,10.5241
21800.25,101.31,10.5241
21801.25,100.83,10.5241
21802.25,100.88,10.5241
21803.25,101.36,10.5241
21804.25,100.89,10.524
21805.26,100.84,10.524
21806.26,101.27,10.5241
21807.26,100.85,10.5241
21808.26,101.32,10.5241
21809.26,100.92,10.5241
21810.26,100.85,10.5241
21811.26,101.28,10.5242
21812.27,100.89,10.5242
21813.27,101.34,10.5241
21814.27,100.81,10.5241
21815.27,100.9,10.5241
21816.27,101.29,10.5241
21817.27,100.91,10.5241
21818.28,106.62,10.5242
21819.28,100.9,10.5242
21820.28,100.97,10.5242
21821.28,101.32,10.5242
21822.28,100.84,10.5242
21823.28,100.92,10.5242
21824.28,101.29,10.5242
21825.29,100.82,10.5242
21826.29,102.04,10.5242
21827.29,100.87,10.5242
21828.29,100.91,10.5243
21829.29,101.36,10.5243
21830.29,100.88,10.5243
21831.3,100.9,10.5243
21832.3,101.29,10.5243
21833.3,100.94,10.5243
21834.3,101.25,10.5243
21835.3,100.86,10.5242
21836.3,100.84,10.5242
21837.3,101.22,10.5242
21838.31,100.87,10.5243
21839.31,101.36,10.5243
21840.31,100.85,10.5244
21841.31,101.06,10.5244
21842.31,101.22,10.5244
21843.31,100.86,10.5244
21844.32,101.22,10.5245
21845.32,100.85,10.5245
21846.32,100.83,10.5245
21847.32,101.28,10.5245
21848.32,100.91,10.5244
21849.32,101.28,10.5244
21850.33,101.01,10.5243
21851.33,169.26,10.526
21852.33,101.27,10.526
21853.33,100.69,10.5263
21854.33,100.94,10.5263
21855.33,100.68,10.5263
21856.34,100.99,10.5262
21857.34,101.02,10.5262
21858.34,100.6,10.5263
21859.34,101.24,10.5262
21860.34,100.77,10.5262
21861.34,100.51,10.5262
21862.34,100.95,10.5262
21863.35,100.81,10.5263
21864.35,100.91,10.5263
21865.35,100.53,10.5263
21866.35,100.59,10.5263
21867.35,101.28,10.5263
21868.35,100.78,10.5263
21869.36,100.97,10.5263
21870.36,100.84,10.5263
21871.36,100.86,10.5263
21872.36,101.25,10.5263
21873.36,100.94,10.5263
21874.36,101.26,10.5263
21875.37,100.83,10.5263
21876.37,100.82,10.5263
21877.37,101.15,10.5263
21878.37,100.86,10.5263
21879.37,100.98,10.5263
21880.37,100.76,10.5263
21881.38,100.87,10.5263
21882.38,101.33,10.5262
21883.38,100.94,10.5265
21884.38,100.93,10.5265
21885.38,100.85,10.5264
21886.38,101.26,10.5264
21887.38,100.82,10.5264
21888.38,101.26,10.5265
21889.39,100.87,10.5265
21890.39,101.18,10.5265
21891.39,100.84,10.5265
21892.39,100.84,10.5265
21893.39,101.4,10.5265
21894.39,100.86,10.5265
21895.4,100.89,10.5265
21896.4,101.38,10.5265
21897.4,100.9,10.5265
21898.4,100.75,10.5265
21899.4,101.35,10.5265
21900.4,100.89,10.5265
21901.4,100.88,10.5265
21902.4,101.39,10.5265
21903.41,100.93,10.5265
21904.41,100.66,10.5264
21905.41,101.11,10.5264
21906.41,100.79,10.5264
21907.41,100.85,10.5264
21908.41,101.26,10.5265
21909.41,100.89,10.5265
21910.42,101.28,10.5264
21911.42,100.93,10.5264
21912.42,100.92,10.5264
21913.42,101.39,10.5266
21914.42,100.82,10.5266
21915.42,101.28,10.5266
21916.43,100.88,10.5266
21917.43,100.89,10.5266
21918.43,101.37,10.5266
21919.43,100.89,10.5266
21920.43,101.3,10.5266
21921.43,100.9,10.5266
21922.44,100.9,10.5266
21923.44,101.3,10.5267
21924.44,100.87,10.5267
21925.44,101.27,10.5267
21926.44,100.89,10.5267
21927.44,100.93,10.5267
21928.44,101.32,10.5267
21929.45,100.9,10.5267
21930.45,101.32,10.5267
21931.45,100.85,10.5267
21932.45,100.86,10.5266
21933.45,101.28,10.5266
21934.45,100.88,10.5266
21935.46,101.23,10.5266
21936.46,100.84,10.5266
21937.46,100.81,10.5266
21938.46,101.32,10.5266
21939.46,100.87,10.5266
21940.46,101.16,10.5266
21941.47,100.66,10.5266
21942.47,100.85,10.5266
21943.47,101.36,10.5267
21944.47,100.86,10.5267
21945.47,101.28,10.5267
21946.47,100.87,10.5267
21947.48,100.88,10.5269
21948.48,101.13,10.5269
21949.48,100.69,10.5269
21950.48,100.95,10.5269
21951.48,100.5,10.5269
21952.48,100.54,10.5269
21953.48,101.23,10.5269
21954.49,100.85,10.5269
21955.49,101.14,10.5269
21956.49,100.85,10.5267
21957.49,100.84,10.5267
21958.49,101.19,10.5267
21959.49,100.49,10.5267
21960.5,100.95,10.5267
21961.5,100.55,10.5267
21962.5,100.56,10.5269
21963.5,101.22,10.5269
21964.5,100.71,10.5269
21965.5,101.12,10.5269
21966.51,100.72,10.5269
21967.51,100.75,10.5269
21968.51,101.17,10.527
21969.51,105.17,10.527
21970.51,100.59,10.527
21971.51,100.91,10.5269
21972.51,100.74,10.5269
21973.52,100.94,10.5269
21974.52,101.27,10.5269
21975.52,100.83,10.5269
21976.52,101.23,10.5269
21977.52,100.83,10.5268
21978.52,100.88,10.5268
21979.53,101.19,10.5268
21980.53,100.83,10.5268
21981.53,101.11,10.5268
21982.53,100.47,10.527
21983.53,100.67,10.5271
21984.53,101.11,10.5271
21985.53,100.8,10.5271
21986.54,101.15,10.527
21987.54,100.81,10.527
21988.54,100.92,10.527
21989.54,101.25,10.527
21990.54,100.79,10.527
21991.54,100.71,10.527
21992.54,101.02,10.527
21993.55,100.89,10.527
21994.55,101.16,10.5269
21995.55,100.77,10.527
21996.55,100.75,10.527
21997.55,101.24,10.527
21998.55,100.82,10.5272
21999.55,100.71,10.5272
22000.56,100.86,10.5272
22001.56,100.55,10.5272
22002.56,100.6,10.5272
22003.56,101.26,10.5272
22004.56,100.83,10.5272
22005.56,101.24,10.5272
22006.57,100.86,10.5272
22007.57,100.82,10.5272
22008.57,101.21,10.5272
22009.57,100.77,10.5272
22010.57,101.15,10.5272
22011.57,100.55,10.5271
22012.58,100.69,10.5271
22013.58,101.23,10.5273
22014.58,100.87,10.5273
22015.58,101.25,10.5273
22016.58,101.04,10.5273
22017.58,100.76,10.5273
22018.59,101.11,10.5273
22019.59,100.9,10.5272
22020.59,100.83,10.5271
22021.59,101.25,10.5271
22022.59,100.77,10.5272
22023.59,101.32,10.5273
22024.59,100.82,10.5273
22025.6,100.89,10.5273
22026.6,101.26,10.5272
22027.6,100.85,10.5272
22028.6,101.29,10.5273
22029.6,100.83,10.5273
22030.6,100.84,10.5273
22031.6,101.29,10.5273
22032.61,100.84,10.5273
22033.61,101.33,10.5273
22034.61,100.83,10.5273
22035.61,100.88,10.5273
22036.61,101.24,10.5273
22037.61,100.83,10.5273
22038.62,101.21,10.5273
22039.62,100.82,10.5273
22040.62,100.84,10.5273
22041.62,101.23,10.5273
22042.62,100.88,10.5273
22043.62,101.41,10.5274
22044.63,100.83,10.5274
22045.63,100.85,10.5274
22046.63,101.24,10.5274
22047.63,101.37,10.5274
22048.63,100.91,10.5274
22049.63,101.3,10.5274
22050.63,100.9,10.5274
22051.63,100.82,10.5274
22052.64,101.28,10.5274
22053.64,101.33,10.5274
22054.64,100.89,10.5274
22055.64,101.26,10.5273
22056.64,100.88,10.5273
22057.64,101.28,10.5275
22058.65,100.91,10.5275
22059.65,100.86,10.5275
22060.65,101.61,10.5275
22061.65,100.87,10.5275
22062.65,101.25,10.5275
22063.65,100.89,10.5276
22064.65,100.83,10.5276
22065.66,101.25,10.5276
22066.66,100.82,10.5276
22067.66,100.85,10.5276
22068.66,101.29,10.5275
22069.66,100.79,10.5275
22070.66,101.27,10.5275
22071.67,100.9,10.5275
22072.67,100.81,10.5275
22073.67,101.14,10.5276
22074.67,100.77,10.5276
22075.67,101.26,10.5276
22076.67,100.78,10.5276
22077.68,100.84,10.5276
22078.68,101.3,10.5276
22079.68,197.4,10.7847
22080.68,399.8,11.198
22081.68,114.76,11.198
22082.68,100.85,11.198
22083.68,101.85,11.1981
22084.69,100.86,11.1981
22085.69,100.84,11.1981
22086.69,101.24,11.1981
22087.69,100.82,11.1981
22088.69,101.25,11.198
22089.69,100.53,11.198
22090.69,100.84,11.198
22091.7,101.02,11.198
22092.7,100.54,11.198
22093.7,100.63,11.198
22094.7,104.92,11.198
22095.7,100.98,11.1981
22096.7,100.79,11.1981
22097.7,102.51,11.198
22098.71,100.74,11.1981
22099.71,100.71,11.1981
22100.71,101.31,11.1981
22101.71,100.93,11.1981
22102.71,100.87,11.1981
22103.71,101.28,11.1981
22104.71,100.88,11.1981
22105.71,100.83,11.1981
22106.72,101.18,11.1981
22107.72,100.84,11.1981
22108.72,100.86,11.1981
22109.72,101.16,11.1981
22110.72,100.84,11.1981
22111.72,101.25,11.1981
22112.73,100.84,11.1981
22113.73,100.95,11.1981
22114.73,101.24,11.1981
22115.73,100.83,11.1981
22116.73,101.22,11.1981
22117.73,100.85,11.198
22118.73,100.92,11.1982
22119.74,101.3,11.1982
22120.74,100.83,11.1982
22121.74,100.9,11.1982
22122.74,101.28,11.1982
22123.74,101.09,11.1983
22124.74,100.89,11.1983
22125.74,101.27,11.1983
22126.75,100.85,11.1983
22127.75,101.26,11.1983
22128.75,100.87,11.1984
22129.75,100.74,11.1984
22130.75,100.91,11.1984
22131.75,100.59,11.1984
22132.76,101.01,11.1984
22133.76,100.67,11.1984
22134.76,100.54,11.1984
22135.76,101.04,11.1983
22136.76,100.84,11.1983
22137.76,100.86,11.1983
22138.76,101.26,11.1983
22139.77,158.13,8.1255
22140.77,316.41,2.2674
22141.77,260.54,2.1324
22142.77,347.61,2.4656
22143.77,355.86,2.6217
22144.77,340.61,2.9001
22145.77,317.76,3.1608
22146.78,311.74,3.4248
22147.78,304.26,3.6298
22148.78,308.25,3.8477
22149.78,321.81,4.1878
22150.78,237.43,4.6117
22151.78,121.8,5.0589
22152.78,101.97,5.5094
22153.79,102.29,5.9588
22154.79,100.88,6.4123
22155.79,101.57,6.8628
22156.79,141.38,7.1982
22157.79,102.93,7.1982
22158.79,158.6,4.8146
22159.8,218.68,2.2163
22160.8,339.76,2.5365
22161.8,377.19,2.7402
22162.8,325.31,3.0041
22163.8,312.82,3.253
22164.8,305.72,3.4671
22165.8,305.82,3.6561
22166.8,308.52,3.8382
22167.81,226.79,2.1298
22168.81,333.09,2.41
22169.81,340.63,2.5539
22170.81,347.2,2.7434
22171.81,313.2,2.9474
22172.81,309.18,3.142
22173.81,305.73,3.275
22174.81,304.42,3.4798
22175.82,311.31,3.6579
22176.82,301.71,3.8312
22177.82,272.65,3.027
22178.82,253.64,2.2365
22179.82,320.56,2.5106
22180.82,359.63,2.6469
22181.83,336.8,2.8434
22182.83,326.21,3.0601
22183.83,311.35,3.3155
22184.83,307.24,3.5105
22185.83,311.27,3.6859
22186.83,306.37,3.8422
22187.83,288.68,4.153
22188.84,281.14,4.6221
22189.84,297.93,5.1231
22190.84,189.51,5.6218
22191.84,114.52,6.1333
22192.84,157.44,6.6583
22193.84,140.43,7.1774
22194.84,104.85,7.2298
22195.85,141.77,2.1446
22196.85,345.42,2.4498
22197.85,331.65,2.5857
22198.85,338.95,2.7907
22199.85,319.34,3.011
22200.85,311.65,3.2152
22201.85,307.61,3.4383
22202.85,302.55,3.6269
22203.86,309.54,3.7933
22204.86,324.83,3.9943
22205.86,285.69,4.3667
22206.86,263.09,4.7879
22207.86,117.61,5.2301
22208.86,112.61,5.696
22209.86,108.51,6.1716
22210.87,101.05,6.6512
22211.87,136.78,4.7896
22212.87,201.89,2.1783
22213.87,325.17,2.4964
22214.87,347.39,2.5902
22215.87,351.17,2.8502
22216.87,327.28,3.1431
22217.88,317.14,3.4244
22218.88,310.21,3.6378
22219.88,305.72,3.8294
22220.88,286.72,4.0882
22221.88,212.28,4.4324
22222.88,285.83,4.8198
22223.88,196.99,5.1744
22224.89,113.7,5.5451
22225.89,127.97,5.998
22226.89,176.51,2.1644
22227.89,325.61,2.4846
22228.89,312.71,2.5864
22229.89,341.57,2.8316
22230.89,320.2,3.1299
22231.89,311.64,3.4023
22232.9,304.67,3.6316
22233.9,310.11,3.8395
22234.9,227.33,2.1618
22235.9,332.61,2.482
22236.9,357.11,2.593
22237.9,334.24,2.798
22238.9,322.6,3.0179
22239.91,314.05,3.2521
22240.91,308.88,3.5053
22241.91,307.82,3.7117
22242.91,322.11,3.9179
22243.91,261.62,4.3256
22244.91,301.56,4.805
22245.91,282.3,5.3103
22246.91,161.9,5.8172
22247.92,121.81,6.3293
22248.92,196.83,2.1924
22249.92,339.58,2.5381
22250.92,368.37,2.7347
22251.92,323.32,3.0261
22252.92,317.53,3.3284
22253.92,308.27,3.5728
22254.93,312.62,3.8118
22255.93,302.13,4.0436
22256.93,178.17,4.258
22257.93,159.35,4.3873
22258.93,132.14,4.4669
22259.93,114.39,4.5655
22260.93,114.93,4.6561
22261.94,110.22,4.7406
22262.94,105.94,4.8527
22263.94,104.29,4.9456
22264.94,101.33,5.0575
22265.94,110.14,5.1664
22266.94,101.52,5.2999
22267.94,100.97,5.4408
22268.95,101.08,5.5705
22269.95,101.16,5.6823
22270.95,100.66,5.8035
22271.95,104.22,5.9382
22272.95,100.68,6.0545
22273.96,101.0,6.1757
22274.96,100.6,6.2984
22275.96,100.58,6.397
22276.96,101.34,6.5088
22277.96,102.75,6.6543
22278.96,108.97,6.7598
22279.96,102.47,6.8723
22280.97,100.8,6.9845
22281.97,141.21,7.1477
22282.97,101.1,7.1487
22283.97,102.22,7.1489
22284.97,103.81,7.2084
22285.97,100.72,7.2491
22286.98,100.71,7.2491
22287.98,101.04,7.2491
22288.98,100.8,7.2491
22289.98,100.73,7.2491
22290.98,101.29,7.2491
22291.98,101.02,7.2491
22292.98,103.58,7.2492
22293.98,100.99,7.2492
22294.98,100.63,7.2492
22295.99,100.53,7.2491
22296.99,100.94,7.2491
22297.99,100.58,7.2491
22298.99,100.59,7.2491
22299.99,114.3,5.9176
22300.99,162.62,2.1518
22301.99,340.87,2.3545
22303.0,284.96,2.1276
22304.0,334.54,2.3691
22305.0,346.93,2.5162
22306.0,353.06,2.7581
22307.0,327.01,3.0989
22308.0,309.76,3.4157
22309.0,305.82,3.801
22310.01,303.15,4.2012
22311.01,304.59,4.5958
22312.01,305.84,5.0239
22313.01,301.42,5.4451
22314.01,314.74,5.7941
22315.01,258.31,3.1517
22316.01,265.74,2.3035
22317.02,347.28,2.5361
22318.02,360.52,2.8592
22319.02,325.6,3.217
22320.02,310.54,3.5862
22321.02,305.72,4.0052
22322.02,304.76,4.4129
22323.02,314.9,4.808
22324.03,305.69,5.2292
22325.03,307.8,5.6789
22326.03,323.73,5.9099
22327.03,198.29,2.1153
22328.03,321.77,2.4085
22329.03,344.38,2.5991
22330.03,339.25,2.8449
22331.04,314.66,3.0955
22332.04,308.57,3.3529
22333.04,301.86,3.5659
22334.04,316.23,3.779
22335.04,322.47,3.9974
22336.04,200.51,2.1334
22337.04,329.36,2.3698
22338.05,332.15,2.5424
22339.05,361.7,2.7456
22340.05,317.0,2.9873
22341.05,307.32,3.2678
22342.05,306.36,3.5086
22343.05,310.66,3.7347
22344.05,278.0,2.2682
22345.06,269.23,2.2756
22346.06,316.21,2.5128
22347.06,338.63,2.6421
22348.06,320.8,2.8981
22349.06,307.86,3.1554
22350.06,304.92,3.414
22351.06,308.4,3.6091
22352.06,310.65,3.7935
22353.07,321.56,4.0462
22354.07,297.49,4.4557
22355.07,191.44,4.9155
22356.07,112.83,5.3611
22357.07,118.58,5.8079
22358.07,234.29,6.2407
22359.07,201.33,6.7204
22360.07,172.13,7.1568
22361.08,118.56,2.1151
22362.08,326.49,2.4042
22363.08,358.24,2.5534
22364.08,351.22,2.7742
22365.08,323.28,3.0117
22366.08,309.74,3.2155
22367.08,313.34,3.4054
22368.09,302.67,3.6895
22369.09,284.66,4.1525
22370.09,303.83,4.335
22371.09,225.52,4.4561
22372.09,126.93,4.5584
22373.09,118.13,4.6789
22374.09,112.2,4.8236
22375.1,104.78,5.0106
22376.1,119.38,5.205
22377.1,201.05,5.3865
22378.1,138.69,5.5828
22379.1,102.65,5.8201
22380.1,102.2,6.0786
22381.1,102.34,6.2815
22382.11,100.8,6.468
22383.11,101.0,6.6665
22384.11,101.2,6.8627
22385.11,101.15,7.0483
22386.11,133.56,7.3022
22387.11,101.38,7.3533
22388.12,117.41,7.3533
22389.12,253.07,7.3535
22390.12,275.37,7.3676
22391.12,207.67,7.3493
22392.12,114.98,7.1297
22393.12,132.85,2.1404
22394.12,316.84,2.3055
22395.13,353.93,2.0439
22396.13,276.58,2.2873
22397.13,366.54,2.4146
22398.13,256.05,2.1766
22399.13,329.84,2.3808
22400.13,267.73,2.162
22401.13,347.62,2.3884
22402.13,290.34,2.1598
22403.14,345.15,2.4523
22404.14,372.6,2.6553
22405.14,348.08,3.0052
22406.14,313.62,3.3669
22407.14,305.14,3.7546
22408.14,303.44,4.1496
22409.14,305.02,4.5621
22410.15,304.36,4.9663
22411.15,306.04,5.3758
22412.15,313.32,5.7139
22413.15,293.02,4.8251
22414.15,217.61,2.231
22415.15,341.45,2.4928
22416.15,355.48,2.755
22417.16,323.76,3.1096
22418.16,308.72,3.4758
22419.16,303.77,3.8561
22420.16,303.88,4.2385
22421.16,306.34,4.6394
22422.16,303.69,5.049
22423.16,305.64,5.4765
22424.17,324.92,5.7933
22425.17,222.86,2.1046
22426.17,267.81,2.2842
22427.17,324.0,2.4826
22428.17,360.59,2.6655
22429.17,322.87,2.9573
22430.17,316.37,3.2568
22431.18,308.32,3.6021
22432.18,307.11,4.0146
22433.18,306.38,4.4342
22434.18,311.45,4.865
22435.18,303.24,5.314
22436.18,300.99,5.7864
22437.18,314.14,5.8201
22438.19,199.51,2.2161
22439.19,353.29,2.4133
22440.19,362.33,2.671
22441.19,324.79,2.9382
22442.19,242.47,2.1661
22443.19,334.94,2.3336
22444.19,365.78,2.5002
22445.19,312.97,2.3399
22446.2,289.36,2.3439
22447.2,338.67,2.5431
22448.2,351.46,2.7832
22449.2,336.29,3.0798
22450.2,310.08,3.3838
22451.2,305.99,3.6946
22452.2,304.42,4.0215
22453.21,305.99,4.4211
22454.21,309.88,4.8619
22455.21,304.2,5.3104
22456.21,298.4,5.7953
22457.21,318.79,5.6715
22458.21,201.48,2.2226
22459.21,295.54,2.3585
22460.21,348.87,2.5721
22461.22,237.43,2.1954
22462.22,341.29,2.3456
22463.22,348.38,2.5458
22464.22,235.23,2.3505
22465.22,270.11,2.2993
22466.22,312.48,2.4095
22467.22,326.26,2.5947
22468.22,184.77,2.6765
22469.22,158.12,2.7461
22470.23,255.51,2.2541
22471.23,323.41,2.3895
22472.23,351.63,2.6542
22473.23,242.9,2.2191
22474.23,325.93,2.352
22475.23,355.24,2.5571
22476.23,269.07,2.2274
22477.24,355.72,2.4809
22478.24,364.59,2.6937
22479.24,333.97,3.0003
22480.24,317.51,3.3578
22481.24,307.89,3.7639
22482.24,306.72,4.1903
22483.24,302.92,4.6239
22484.24,315.98,5.0285
22485.25,246.74,2.0744
22486.25,287.42,2.3478
22487.25,354.21,2.5203
22488.25,262.79,2.2305
22489.25,344.56,2.4552
22490.25,356.99,2.6445
22491.25,203.1,2.1942
22492.26,345.61,2.4044
22493.26,357.59,2.4306
22494.26,266.19,2.3251
22495.26,315.02,2.4526
22496.26,259.96,2.2338
22497.26,314.45,2.3717
22498.26,352.81,2.5875
22499.27,243.87,2.9673
22500.27,293.31,3.3271
22501.27,187.95,2.2367
22502.27,340.41,2.4208
22503.27,235.04,2.2766
22504.27,307.95,2.4283
22505.27,275.05,2.2689
22506.27,308.23,2.4376
22507.28,346.79,2.6615
22508.28,308.78,2.892
22509.28,307.19,3.1308
22510.28,308.49,3.46
22511.28,331.46,3.7663
22512.28,211.27,2.2503
22513.29,330.3,2.4115
22514.29,348.85,2.6207
22515.29,348.44,2.8512
22516.29,326.25,3.1626
22517.29,247.85,2.2012
22518.29,320.72,2.4042
22519.29,360.12,2.6579
22520.3,347.57,2.9496
22521.3,219.62,2.2077
22522.3,326.58,2.5357
22523.3,316.08,2.9568
22524.3,305.0,3.397
22525.3,305.88,3.855
22526.3,240.99,4.3515
22527.31,209.8,4.6249
22528.31,356.63,4.8828
22529.31,332.9,5.2112
22530.31,322.78,5.5758
22531.31,312.08,5.8824
22532.31,307.59,6.1758
22533.32,303.51,6.4449
22534.32,307.54,6.6721
22535.32,300.56,6.9054
22536.32,310.98,7.212
22537.32,320.06,7.8934
22538.32,302.47,7.9364
22539.32,304.44,7.9366
22540.33,303.25,7.9373
22541.33,301.19,7.9323
22542.33,187.41,7.9323
22543.33,142.13,7.9326
22544.33,171.9,7.9327
22545.33,166.47,7.9327
22546.33,107.94,7.9327
22547.33,102.08,8.0017
22548.34,121.45,8.033
22549.34,102.04,8.0329
22550.34,118.93,8.033
22551.34,121.98,8.033
22552.34,107.96,8.033
22553.34,112.75,8.0331
22554.35,138.97,8.0331
22555.35,106.18,8.0331
22556.35,101.44,8.0331
22557.35,101.55,8.0331
22558.35,162.33,8.0331
22559.35,100.91,8.0331
22560.35,105.0,8.0331
22561.36,151.22,8.0331
22562.36,220.5,8.0332
22563.36,167.5,8.0331
22564.36,101.18,8.0331
22565.36,100.8,8.0331
22566.36,100.78,8.0331
22567.37,101.1,8.0331
22568.37,101.54,8.0331
22569.37,101.59,8.0331
22570.37,101.1,8.0332
22571.37,143.65,8.0332
22572.37,190.81,8.0332
22573.37,101.22,8.0333
22574.38,101.98,8.0333
22575.38,105.77,8.0333
22576.38,106.55,8.0333
22577.38,123.23,8.0332
22578.38,112.9,8.0333
22579.38,101.29,8.0333
22580.39,101.2,8.0333
22581.39,100.91,8.0332
22582.39,101.45,8.0332
22583.39,132.11,8.0335
22584.39,101.22,8.0335
22585.39,113.56,8.0335
22586.39,103.88,8.0335
22587.4,254.52,8.7736
22588.4,116.11,8.8328
22589.4,100.76,8.8328
22590.4,101.4,8.8328
22591.4,100.87,8.835
22592.4,100.8,8.8612
22593.4,101.82,8.8809
22594.41,100.91,8.8809
22595.41,100.82,8.8809
22596.41,109.55,8.8809
22597.41,101.65,8.8809
22598.41,102.18,8.881
22599.41,100.87,8.881
22600.41,101.27,8.881
22601.42,101.38,8.881
22602.42,100.86,8.881
22603.42,100.99,8.881
22604.42,101.28,8.8809
22605.42,103.31,8.8809
22606.42,101.0,8.8809
22607.43,101.34,8.8809
22608.43,116.93,8.8809
22609.43,118.37,8.8809
22610.43,101.15,8.8809
22611.43,100.68,8.8809
22612.43,130.53,8.8808
22613.43,107.46,8.8809
22614.44,100.51,8.8809
22615.44,101.49,8.8809
22616.44,100.62,8.8809
22617.44,100.94,8.8809
22618.44,100.58,8.8809
22619.44,100.66,8.8809
22620.44,104.34,8.8809
22621.45,124.7,8.8809
22622.45,177.82,8.8809
22623.45,103.01,8.8809
22624.45,100.56,8.8809
22625.45,105.85,8.8809
22626.45,101.03,8.8809
22627.45,100.57,8.8809
22628.46,101.35,8.881
22629.46,101.29,8.881
22630.46,100.68,8.881
22631.46,101.29,8.881
22632.46,116.13,8.881
22633.46,110.03,8.881
22634.46,102.01,8.881
22635.47,101.03,8.881
22636.47,100.92,8.881
22637.47,101.7,8.8811
22638.47,100.9,8.8811
22639.47,100.93,8.8811
22640.47,101.56,8.8811
22641.47,100.87,8.8811
22642.48,100.86,8.8811
22643.48,101.71,8.8813
22644.48,101.89,8.8813
22645.48,101.29,8.8813
22646.48,100.9,8.8814
22647.48,104.15,8.8814
22648.48,121.26,8.8814
22649.49,100.84,8.8814
22650.49,104.99,8.8814
22651.49,100.9,8.8814
22652.49,100.86,8.8814
22653.49,101.37,8.8813
22654.49,101.01,8.8813
22655.5,101.26,8.8813
22656.5,100.87,8.8813
22657.5,100.89,8.8812
22658.5,101.29,8.8814
22659.5,104.5,8.8814
22660.5,102.01,8.8814
22661.51,100.92,8.8814
22662.51,100.88,8.8814
22663.51,101.42,8.8814
22664.51,104.0,8.8814
22665.51,100.84,8.8814
22666.51,101.29,8.8814
22667.51,100.9,8.8814
22668.52,101.36,8.8814
22669.52,100.88,8.8812
22670.52,101.0,8.8812
22671.52,101.32,8.8812
22672.52,100.89,8.8812
22673.52,103.14,8.8814
22674.53,101.17,8.8814
22675.53,100.84,8.8814
22676.53,101.29,8.8815
22677.53,100.8,8.8815
22678.53,101.17,8.8816
22679.53,101.41,8.8816
22680.53,100.75,8.8816
22681.53,100.63,8.8815
22682.54,101.34,8.8815
22683.54,100.84,8.8814
22684.54,101.38,8.8814
22685.54,100.89,8.8814
22686.54,100.9,8.8814
22687.54,101.35,8.8813
22688.55,100.89,8.8814
22689.55,100.83,8.8814
22690.55,101.23,8.8814
22691.55,100.89,8.8814
22692.55,101.36,8.8814
22693.55,101.02,8.8814
22694.55,100.85,8.8813
22695.56,101.44,8.8814
22696.56,100.58,8.8814
22697.56,101.19,8.8813
22698.56,101.31,8.8813
22699.56,100.87,8.8813
22700.56,101.27,8.8813
22701.57,100.98,8.8814
22702.57,100.87,8.8814
22703.57,101.35,8.8815
22704.57,100.88,8.8814
22705.57,101.34,8.8816
22706.57,100.92,8.8816
22707.57,100.95,8.8817
22708.58,101.02,8.8817
22709.58,101.31,8.8817
22710.58,100.95,8.8817
22711.58,101.31,8.8817
22712.58,100.87,8.8817
22713.58,101.34,8.8816
22714.59,116.44,8.8816
22715.59,100.91,8.8816
22716.59,101.08,8.8816
22717.59,100.58,8.8816
22718.59,100.94,8.8816
22719.59,100.6,8.8817
22720.6,100.58,8.8817
22721.6,101.19,8.8817
22722.6,100.91,8.8817
22723.6,101.39,8.8817
22724.6,101.11,8.8817
22725.6,100.92,8.8816
22726.6,101.35,8.8816
22727.61,100.83,8.8817
22728.61,100.88,8.8817
22729.61,101.09,8.8817
22730.61,100.89,8.8817
22731.61,100.89,8.8817
22732.61,101.19,8.8817
22733.61,100.95,8.8817
22734.62,101.28,8.8818
22735.62,100.86,8.8818
22736.62,100.83,8.8817
22737.62,101.26,8.8817
22738.62,100.82,8.8817
22739.62,100.79,8.8817
22740.62,101.14,8.8817
22741.63,100.73,8.8819
22742.63,101.17,8.8819
22743.63,100.8,8.8817
22744.63,100.63,8.8817
22745.63,101.12,8.8817
22746.63,100.67,8.8816
22747.64,100.58,8.8816
22748.64,101.04,8.8816
22749.64,100.55,8.882
22750.64,101.05,8.882
22751.64,100.83,8.882
22752.64,100.75,8.882
22753.64,101.14,8.882
22754.65,100.77,8.882
22755.65,100.86,8.8819
22756.65,101.1,8.8819
22757.65,101.03,8.8819
22758.65,101.19,8.8819
22759.65,100.79,8.8819
22760.66,100.75,8.8819
22761.66,101.26,8.8819
22762.66,100.77,8.8819
22763.66,100.92,8.8819
22764.66,160.62,8.8821
22765.66,288.27,9.1316
22766.66,100.9,9.1316
22767.66,100.74,9.1316
22768.67,101.16,9.1316
22769.67,100.79,9.1316
22770.67,101.19,9.1316
22771.67,100.69,9.1316
22772.67,100.73,9.1315
22773.67,101.28,9.1315
22774.67,100.8,9.1315
22775.68,101.2,9.1315
22776.68,100.72,9.1315
22777.68,100.83,9.1315
22778.68,101.19,9.1316
22779.68,100.73,9.1316
22780.68,101.29,9.1316
22781.69,100.89,9.1316
22782.69,100.84,9.1316
22783.69,101.28,9.1316
22784.69,100.84,9.1316
22785.69,101.16,9.1316
22786.69,100.79,9.1316
22787.7,100.85,9.1316
22788.7,101.32,9.1316
22789.7,100.79,9.1315
22790.7,101.16,9.1315
22791.7,100.82,9.1316
22792.7,100.8,9.1316
22793.7,101.27,9.1316
22794.71,101.2,9.1316
22795.71,101.27,9.1316
22796.71,100.65,9.1317
22797.71,101.36,9.1317
22798.71,101.31,9.1317
22799.71,100.72,9.1316
22800.71,100.85,9.1317
22801.72,101.34,9.1316
22802.72,100.85,9.1316
22803.72,101.12,9.1316
22804.72,100.75,9.1316
22805.72,101.15,9.1316
22806.73,100.61,9.1316
22807.73,100.52,9.1317
22808.73,101.04,9.1317
22809.73,100.52,9.1317
22810.73,100.52,9.1318
22811.73,100.96,9.1317
22812.73,100.48,9.1317
22813.74,100.95,9.1318
22814.74,100.47,9.1319
22815.74,100.49,9.1319
22816.74,101.02,9.1319
22817.74,100.83,9.1319
22818.74,101.29,9.1318
22819.75,100.92,9.1318
22820.75,100.9,9.1318
22821.75,101.28,9.1318
22822.75,100.81,9.132
22823.75,100.83,9.132
22824.75,101.23,9.132
22825.75,101.43,9.132
22826.76,101.23,9.132
22827.76,100.77,9.132
22828.76,100.6,9.132
22829.76,101.2,9.132
22830.76,100.77,9.132
22831.76,101.27,9.132
22832.77,100.81,9.132
22833.77,100.87,9.132
22834.77,101.19,9.132
22835.77,100.83,9.1319
22836.77,101.23,9.132
22837.77,100.82,9.132
22838.78,100.79,9.132
22839.78,101.17,9.132
22840.78,100.79,9.132
22841.78,101.24,9.132
22842.78,100.77,9.132
22843.78,100.89,9.1321
22844.78,101.17,9.1321
22845.79,100.83,9.1321
22846.79,101.2,9.1321
22847.79,100.8,9.1321
22848.79,100.82,9.1321
22849.79,101.21,9.132
22850.79,100.78,9.132
22851.8,100.96,9.132
22852.8,100.53,9.132
22853.8,100.6,9.132
22854.8,100.93,9.132
22855.8,100.56,9.1321
22856.8,100.94,9.1321
22857.81,100.57,9.1321
22858.81,100.85,9.1322
22859.81,101.13,9.1322
22860.81,100.54,9.1321
22861.81,100.93,9.1322
22862.81,100.5,9.1322
22863.82,100.89,9.1322
22864.82,101.22,9.1322
22865.82,100.83,9.1322
22866.82,101.08,9.1321
22867.82,100.81,9.1321
22868.82,100.83,9.1321
22869.82,101.03,9.1321
22870.83,100.56,9.1321
22871.83,100.59,9.1321
22872.83,101.34,9.1321
22873.83,100.61,9.1321
22874.83,101.02,9.1321
22875.83,100.81,9.1321
22876.83,100.79,9.1322
22877.84,101.16,9.1322
22878.84,148.67,9.1322
22879.84,101.1,9.1322
22880.84,138.39,9.1323
22881.84,132.04,9.1323
22882.84,148.82,9.1322
22883.85,100.8,9.1322
22884.85,101.21,9.1322
22885.85,100.8,9.1323
22886.85,100.87,9.1323
22887.85,101.2,9.1323
22888.85,100.79,9.1321
22889.86,100.94,9.1321
22890.86,100.56,9.1321
22891.86,100.51,9.1321
22892.86,100.96,9.1323
22893.86,100.53,9.1323
22894.86,100.52,9.1323
22895.87,101.25,9.1324
22896.87,100.83,9.1323
22897.87,101.18,9.1323
22898.87,100.82,9.1323
22899.87,100.81,9.1323
22900.87,101.11,9.1323
22901.87,100.81,9.1323
22902.88,101.28,9.1324
22903.88,100.86,9.1324
22904.88,103.77,9.1325
22905.88,100.97,9.1325
22906.88,100.78,9.1325
22907.88,101.2,9.1324
22908.89,100.87,9.1324
22909.89,100.78,9.1324
22910.89,101.2,9.1324
22911.89,100.86,9.1324
22912.89,101.27,9.1324
22913.89,100.8,9.1324
22914.89,100.85,9.1324
22915.9,124.66,9.1324
22916.9,100.8,9.1324
22917.9,100.8,9.1324
22918.9,101.25,9.1324
22919.9,100.81,9.1325
22920.9,101.24,9.1325
22921.91,100.83,9.1325
22922.91,100.9,9.1325
22923.91,103.92,9.1325
22924.91,100.82,9.1325
22925.91,101.22,9.1325
22926.91,100.86,9.1325
22927.92,100.82,9.1325
22928.92,101.25,9.1325
22929.92,100.83,9.1325
22930.92,101.28,9.1326
22931.92,100.8,9.1326
22932.92,100.87,9.1326
22933.93,101.39,9.1326
22934.93,101.34,9.1325
22935.93,100.84,9.1325
22936.93,101.23,9.1325
22937.93,100.83,9.1325
22938.94,100.86,9.1325
22939.94,101.25,9.1326
22940.94,100.86,9.1326
22941.94,101.26,9.1326
22942.94,100.89,9.1326
22943.94,100.86,9.1326
22944.95,101.22,9.1326
22945.95,100.82,9.1325
22946.95,101.24,9.1325
22947.95,100.8,9.1325
22948.95,100.81,9.1325
22949.95,101.32,9.1325
22950.95,100.83,9.1325
22951.95,100.78,9.1325
22952.96,101.29,9.1325
22953.96,100.85,9.1326
22954.96,101.28,9.1326
22955.96,100.84,9.1326
22956.96,100.86,9.1325
22957.96,101.26,9.1325
22958.97,100.87,9.1326
22959.97,100.95,9.1326
22960.97,103.0,9.1326
22961.97,100.82,9.1327
22962.97,100.99,9.1329
22963.97,101.22,9.1328
22964.97,105.53,9.1327
22965.98,100.52,9.1327
22966.98,101.24,9.1327
22967.98,100.86,9.1327
22968.98,101.31,9.1329
22969.98,100.87,9.1329
22970.98,100.79,9.1328
22971.98,101.22,9.1328
22972.99,100.9,9.1329
22973.99,101.25,9.1329
22974.99,100.61,9.1329
22975.99,100.83,9.1329
22976.99,101.32,9.1329
22977.99,100.81,9.1329
22978.99,100.87,9.1329
22980.0,101.24,9.1329
22981.0,100.82,9.1329
22982.0,101.24,9.1329
22983.0,100.91,9.1329
22984.0,100.71,9.1329
22985.0,101.04,9.1329
22986.01,100.54,9.1329
22987.01,100.52,9.1329
22988.01,100.98,9.1329
22989.01,100.59,9.1329
22990.01,101.21,9.1329
22991.01,100.85,9.133
22992.01,100.83,9.133
22993.02,101.36,9.133
22994.02,100.86,9.133
22995.02,100.86,9.133
22996.02,101.24,9.133
22997.02,100.83,9.133
22998.02,101.23,9.133
22999.03,100.86,9.133
23000.03,100.84,9.133
23001.03,101.21,9.133
23002.03,100.84,9.133
23003.03,100.9,9.133
23004.03,101.3,9.133
23005.03,100.85,9.133
23006.04,101.21,9.133
23007.04,100.84,9.133
23008.04,100.82,9.133
23009.04,122.37,9.1331
23010.04,104.43,9.1331
23011.04,101.27,9.133
23012.05,100.95,9.133
23013.05,100.9,9.133
23014.05,101.34,9.133
23015.05,100.87,9.133
23016.05,101.25,9.133
23017.05,101.26,9.133
23018.05,100.85,9.133
23019.06,101.28,9.1329
23020.06,100.85,9.133
23021.06,100.82,9.133
23022.06,101.25,9.133
23023.06,100.92,9.133
23024.06,101.32,9.133
23025.07,100.85,9.1331
23026.07,100.85,9.1331
23027.07,101.25,9.1331
23028.07,100.84,9.1331
23029.07,101.3,9.133
23030.07,102.88,9.133
23031.07,100.79,9.133
23032.08,101.22,9.133
23033.08,100.9,9.1331
23034.08,100.89,9.1333
23035.08,101.25,9.1333
23036.08,100.79,9.1333
23037.08,101.26,9.1331
23038.09,100.83,9.1331
23039.09,100.86,9.1331
23040.09,101.3,9.1331
23041.09,100.84,9.1331
23042.09,100.83,9.133
23043.09,101.41,9.133
23044.09,101.22,9.1331
23045.09,100.92,9.1331
23046.1,101.25,9.1331
23047.1,100.84,9.1331
23048.1,100.83,9.1333
23049.1,101.31,9.1333
23050.1,100.81,9.1333
23051.1,104.67,9.1332
23052.1,101.25,9.1332
23053.11,102.92,9.1333
23054.11,100.86,9.1333
23055.11,101.24,9.1333
23056.11,100.83,9.1334
23057.11,101.21,9.1333
23058.11,100.89,9.1332
23059.11,100.88,9.1332
23060.12,101.26,9.1332
23061.12,100.78,9.1332
23062.12,100.7,9.1332
23063.12,101.27,9.1333
23064.12,100.88,9.1334
23065.12,100.76,9.1333
23066.12,100.96,9.1333
23067.13,100.53,9.1333
23068.13,100.51,9.1333
23069.13,100.94,9.1333
23070.13,100.77,9.1334
23071.13,101.21,9.1334
23072.13,100.7,9.1334
23073.14,100.8,9.1334
23074.14,101.09,9.1334
23075.14,100.56,9.1334
23076.14,101.19,9.1334
23077.14,100.78,9.1334
23078.14,100.9,9.1336
23079.14,101.22,9.1336
23080.15,100.79,9.1336
23081.15,101.05,9.1336
23082.15,101.06,9.1334
23083.15,100.76,9.1334
23084.15,101.23,9.1334
23085.15,100.79,9.1334
23086.16,112.51,9.1337
23087.16,115.12,9.1337
23088.16,201.9,9.1341
23089.16,185.7,9.1342
23090.16,122.03,9.1342
23091.16,100.78,9.1342
23092.16,109.71,9.1341
23093.17,281.76,9.2301
23094.17,125.27,9.2654
23095.17,101.15,9.2654
23096.17,101.48,9.2655
23097.17,100.78,9.2655
23098.17,102.91,9.2654
23099.17,102.05,9.2655
23100.18,100.81,9.2655
23101.18,101.15,9.2655
23102.18,255.77,9.2559
23103.18,102.95,9.2559
23104.18,100.81,9.2559
23105.18,103.3,9.2558
23106.18,100.89,9.2558
23107.19,100.54,9.2558
23108.19,101.17,9.2558
23109.19,100.79,9.2558
23110.19,100.78,9.2558
23111.19,256.07,9.2526
23112.19,100.78,9.2526
23113.2,100.86,9.2526
23114.2,101.19,9.2527
23115.2,102.33,9.2528
23116.2,101.11,9.2527
23117.2,100.73,9.2526
23118.2,102.04,9.2526
23119.2,242.41,9.6295
23120.21,240.12,9.9242
23121.21,100.45,9.9242
23122.21,100.87,9.9242
23123.21,100.57,9.9242
23124.21,100.67,9.9242
23125.21,105.61,9.9242
23126.21,100.76,9.9242
23127.22,144.36,9.9947
23128.22,141.72,10.0805
23129.22,100.72,10.0806
23130.22,101.12,10.0806
23131.22,104.0,10.0806
23132.22,100.55,10.0805
23133.22,101.11,10.0805
23134.23,100.54,10.0805
23135.23,104.27,10.0809
23136.23,100.51,10.0809
23137.23,100.51,10.0809
23138.23,100.9,10.0809
23139.23,100.7,10.081
23140.24,100.77,10.081
23141.24,101.22,10.081
23142.24,103.88,10.0812
23143.24,101.56,10.0813
23144.24,100.78,10.0813
23145.24,100.76,10.0813
23146.24,101.18,10.0813
23147.25,100.69,10.0812
23148.25,105.63,10.0814
23149.25,101.19,10.0814
23150.25,100.78,10.0814
23151.25,101.21,10.0812
23152.25,100.74,10.0812
23153.25,100.83,10.0813
23154.26,104.6,10.0813
23155.26,100.75,10.0813
23156.26,100.74,10.0813
23157.26,101.11,10.0813
23158.26,100.75,10.0813
23159.26,101.2,10.0813
23160.27,101.8,10.0813
23161.27,103.86,10.0815
23162.27,101.14,10.0815
23163.27,100.82,10.0815
23164.27,100.83,10.0814
23165.27,101.19,10.0814
23166.27,100.79,10.0814
23167.28,102.62,10.0815
23168.28,100.95,10.0815
23169.28,100.78,10.0816
23170.28,101.16,10.0816
23171.28,101.98,10.0815
23172.28,100.78,10.0816
23173.28,101.32,10.0815
23174.29,102.53,10.0817
23175.29,100.83,10.0817
23176.29,101.17,10.0818
23177.29,100.77,10.0817
23178.29,100.84,10.0817
23179.29,101.18,10.0817
23180.29,100.78,10.0817
23181.29,102.41,10.0818
23182.3,101.24,10.0819
23183.3,102.12,10.0819
23184.3,101.05,10.0819
23185.3,101.17,10.0819
23186.3,100.79,10.0819
23187.3,100.77,10.0819
23188.31,102.76,10.0819
23189.31,100.81,10.0819
23190.31,101.23,10.0819
23191.31,100.78,10.0819
23192.31,100.78,10.0819
23193.31,101.28,10.0819
23194.31,100.77,10.0819
23195.31,103.97,10.0819
23196.32,101.15,10.0819
23197.32,100.79,10.0819
23198.32,100.83,10.082
23199.32,101.19,10.0819
23200.32,100.77,10.0819
23201.32,101.27,10.0818
23202.33,104.15,10.0821
23203.33,100.92,10.0823
23204.33,101.26,10.0823
23205.33,100.78,10.0823
23206.33,100.81,10.0823
23207.33,101.07,10.0823
23208.33,100.54,10.0823
23209.34,103.76,10.0824
23210.34,101.21,10.0824
23211.34,100.76,10.0824
23212.34,106.74,10.0824
23213.34,100.89,10.0824
23214.34,100.79,10.0823
23215.34,103.85,10.0823
23216.35,100.79,10.0823
23217.35,107.55,10.0824
23218.35,101.17,10.0824
23219.35,100.67,10.0824
23220.35,101.16,10.0824
23221.35,100.79,10.0824
23222.36,100.81,10.0825
23223.36,101.31,10.0825
23224.36,104.03,10.0825
23225.36,101.18,10.0825
23226.36,100.78,10.0825
23227.36,100.75,10.0825
23228.36,101.42,10.0825
23229.37,133.28,10.0825
23230.37,100.77,10.0825
23231.37,110.01,10.0825
23232.37,100.76,10.0825
23233.37,103.96,10.0828
23234.37,101.14,10.0828
23235.37,100.53,10.0827
23236.38,100.9,10.0826
23237.38,100.46,10.0826
23238.38,100.64,10.0826
23239.38,101.37,10.0826
23240.38,100.77,10.0826
23241.38,104.3,10.0826
23242.38,101.22,10.0827
23243.39,101.23,10.0827
23244.39,100.71,10.0827
23245.39,103.07,10.0829
23246.39,100.78,10.0829
23247.39,100.78,10.0829
23248.39,101.25,10.083
23249.39,100.73,10.083
23250.39,100.8,10.083
23251.4,100.82,10.083
23252.4,104.32,10.0832
23253.4,100.75,10.0832
23254.4,100.88,10.0832
23255.4,118.27,10.0833
23256.4,149.63,10.0835
23257.4,123.93,10.0835
23258.41,117.79,10.0835
23259.41,100.71,10.0835
23260.41,101.14,10.0835
23261.41,100.71,10.0835
23262.41,101.12,10.0835
23263.41,100.82,10.0835
23264.42,100.73,10.0835
23265.42,101.68,10.0835
23266.42,100.74,10.0835
23267.42,101.14,10.0835
23268.42,100.75,10.0835
23269.42,100.74,10.0834
23270.42,104.18,10.0835
23271.43,100.7,10.0835
23272.43,100.71,10.0834
23273.43,101.26,10.0836
23274.43,100.74,10.0835
23275.43,101.16,10.0835
23276.43,104.52,10.0835
23277.44,100.76,10.0835
23278.44,100.99,10.0837
23279.44,100.52,10.0836
23280.44,100.95,10.0836
23281.44,100.52,10.0836
23282.44,100.5,10.0836
23283.44,101.0,10.0836
23284.45,100.5,10.0835
23285.45,100.51,10.0835
23286.45,100.91,10.0835
23287.45,100.5,10.0835
23288.45,100.93,10.0835
23289.45,100.49,10.0835
23290.46,106.37,10.0839
23291.46,100.99,10.0839
23292.46,100.53,10.0839
23293.46,100.63,10.0839
23294.46,100.89,10.0839
23295.46,100.5,10.0839
23296.46,100.91,10.0839
23297.47,100.49,10.0839
23298.47,100.53,10.084
23299.47,100.88,10.084
23300.47,100.5,10.084
23301.47,100.89,10.084
23302.47,100.49,10.084
23303.48,100.6,10.084
23304.48,100.89,10.084
23305.48,100.51,10.084
23306.48,100.93,10.084
23307.48,100.47,10.084
23308.48,100.49,10.084
23309.48,101.02,10.0839
23310.49,100.6,10.084
23311.49,103.74,10.0842
23312.49,101.05,10.084
23313.49,100.7,10.0842
23314.49,101.03,10.0842
23315.49,100.72,10.0842
23316.5,100.95,10.0842
23317.5,101.17,10.0842
23318.5,100.65,10.0842
23319.5,100.65,10.0842
23320.5,100.89,10.0842
23321.5,100.7,10.0842
23322.5,100.57,10.0842
23323.51,101.19,10.0842
23324.51,100.66,10.0842
23325.51,101.03,10.0842
23326.51,100.64,10.0842
23327.51,100.55,10.0842
23328.51,100.9,10.0842
23329.51,100.58,10.0842
23330.51,100.48,10.0842
23331.52,101.54,10.0841
23332.52,100.54,10.0841
23333.52,100.72,10.0843
23334.52,102.5,10.0844
23335.52,100.69,10.0844
23336.52,101.0,10.0844
23337.53,100.59,10.0843
23338.53,100.51,10.0843
23339.53,100.95,10.0843
23340.53,100.59,10.0843
23341.53,100.46,10.0843
23342.53,100.98,10.0842
23343.53,100.58,10.0844
23344.53,100.47,10.0844
23345.54,100.43,10.0844
23346.54,101.0,10.0844
23347.54,100.44,10.0844
23348.54,100.83,10.0843
23349.54,100.43,10.0843
23350.54,100.6,10.0843
23351.54,101.17,10.0845
23352.55,100.58,10.0845
23353.55,100.66,10.0845
23354.55,101.04,10.0844
23355.55,107.23,10.0846
23356.55,100.65,10.0846
23357.55,101.06,10.0845
23358.55,100.46,10.0845
23359.55,100.48,10.0845
23360.56,100.93,10.0844
23361.56,100.6,10.0844
23362.56,100.57,10.0844
23363.56,101.01,10.0846
23364.56,100.64,10.0846
23365.56,100.51,10.0845
23366.56,100.97,10.0845
23367.57,100.59,10.0845
23368.57,100.97,10.0845
23369.57,100.28,10.0845
23370.57,100.53,10.0845
23371.57,101.03,10.0845
23372.57,100.52,10.0845
23373.58,100.54,10.0845
23374.58,100.86,10.0846
23375.58,100.5,10.0845
23376.58,100.46,10.0845
23377.58,105.53,10.0851
23378.58,100.66,10.0851
23379.58,100.58,10.085
23380.58,100.97,10.085
23381.59,100.7,10.085
23382.59,100.62,10.085
23383.59,101.08,10.0853
23384.59,100.52,10.0853
23385.59,100.97,10.0853
23386.59,100.49,10.0852
23387.6,100.51,10.0852
23388.6,100.98,10.0852
23389.6,100.62,10.0851
23390.6,101.03,10.0851
23391.6,100.64,10.0851
23392.6,100.64,10.0851
23393.6,101.15,10.0851
23394.61,100.61,10.0851
23395.61,100.65,10.0851
23396.61,101.08,10.0851
23397.61,100.67,10.0851
23398.61,100.63,10.0851
23399.61,100.92,10.0851
23400.61,103.99,10.0854
23401.62,101.05,10.0854
23402.62,100.69,10.0854
23403.62,100.79,10.0855
23404.62,101.15,10.0854
23405.62,100.75,10.0854
23406.62,100.75,10.0853
23407.63,101.06,10.0853
23408.63,100.74,10.0854
23409.63,100.64,10.0854
23410.63,102.67,10.0854
23411.63,100.57,10.0854
23412.63,100.91,10.0854
23413.63,100.69,10.0853
23414.64,100.58,10.0853
23415.64,101.02,10.0853
23416.64,100.58,10.0853
23417.64,101.12,10.0853
23418.64,100.57,10.0853
23419.64,100.48,10.0853
23420.64,100.91,10.0853
23421.65,100.52,10.0854
23422.65,100.61,10.0854
23423.65,101.26,10.0854
23424.65,103.83,10.0856
23425.65,100.51,10.0856
23426.65,101.06,10.0856
23427.65,100.55,10.0855
23428.66,101.0,10.0855
23429.66,100.54,10.0855
23430.66,107.09,10.0855
23431.66,100.76,10.0855
23432.66,101.06,10.0855
23433.66,100.75,10.0855
23434.66,101.08,10.0855
23435.67,100.69,10.0855
23436.67,100.47,10.0855
23437.67,101.05,10.0855
23438.67,100.68,10.0855
23439.67,100.67,10.0855
23440.67,101.11,10.0855
23441.67,100.73,10.0855
23442.67,100.76,10.0855
23443.68,101.4,10.0856
23444.68,100.9,10.0856
23445.68,100.82,10.0856
23446.68,101.1,10.0856
23447.68,107.56,10.0858
23448.68,100.75,10.0858
23449.68,101.25,10.0858
23450.69,100.88,10.0858
23451.69,101.15,10.0859
23452.69,100.73,10.0859
23453.69,100.84,10.0859
23454.69,101.04,10.086
23455.69,100.71,10.086
23456.69,100.67,10.086
23457.7,101.01,10.086
23458.7,100.55,10.086
23459.7,100.71,10.086
23460.7,101.04,10.086
23461.7,100.76,10.086
23462.7,100.74,10.086
23463.71,101.2,10.0859
23464.71,100.65,10.0859
23465.71,101.11,10.0859
23466.71,100.66,10.0859
23467.71,100.79,10.0859
23468.71,101.15,10.0859
23469.71,102.28,10.0859
23470.71,100.85,10.0859
23471.72,101.22,10.0859
23472.72,100.71,10.0859
23473.72,100.91,10.0859
23474.72,102.53,10.0859
23475.72,100.77,10.0859
23476.72,101.2,10.0859
23477.73,100.81,10.0859
23478.73,100.83,10.086
23479.73,101.12,10.086
23480.73,100.81,10.086
23481.73,100.75,10.086
23482.73,101.14,10.0859
23483.73,100.85,10.086
23484.74,101.16,10.086
23485.74,101.02,10.086
23486.74,103.29,10.086
23487.74,101.25,10.086
23488.74,100.81,10.086
23489.74,100.8,10.0861
23490.74,101.3,10.086
23491.75,100.78,10.086
23492.75,100.84,10.0861
23493.75,104.2,10.0864
23494.75,101.14,10.0864
23495.75,100.85,10.0864
23496.75,101.29,10.0864
23497.75,100.83,10.0864
23498.75,100.88,10.0864
23499.76,101.3,10.0863
23500.76,100.79,10.0862
23501.76,100.84,10.0863
23502.76,101.29,10.0862
23503.76,100.91,10.0863
23504.76,100.79,10.0863
23505.76,101.21,10.0863
23506.77,100.82,10.0863
23507.77,100.77,10.0863
23508.77,101.06,10.0863
23509.77,100.55,10.0863
23510.77,100.58,10.0863
23511.77,101.07,10.0863
23512.77,100.56,10.0863
23513.77,100.68,10.0863
23514.78,101.01,10.0863
23515.78,100.61,10.0863
23516.78,100.59,10.0864
23517.78,109.37,10.0865
23518.78,101.25,10.0865
23519.78,100.85,10.0866
23520.78,101.26,10.0866
23521.79,100.86,10.0866
23522.79,100.84,10.0866
23523.79,101.39,10.0866
23524.79,100.77,10.0865
23525.79,100.85,10.0865
23526.79,101.24,10.0866
23527.79,100.83,10.0866
23528.79,100.86,10.0865
23529.8,101.27,10.0865
23530.8,100.86,10.0865
23531.8,100.86,10.0865
23532.8,101.31,10.0865
23533.8,101.07,10.0865
23534.8,100.84,10.0867
23535.8,101.28,10.0865
23536.81,100.87,10.0865
23537.81,100.88,10.0865
23538.81,101.32,10.0864
23539.81,100.87,10.0864
23540.81,104.03,10.0867
23541.81,101.15,10.0868
23542.81,100.55,10.0868
23543.82,101.41,10.0868
23544.82,100.84,10.0868
23545.82,100.83,10.0868
23546.82,101.22,10.0868
23547.82,100.89,10.0867
23548.82,100.91,10.0866
23549.82,101.21,10.0867
23550.83,100.81,10.0867
23551.83,101.23,10.0867
23552.83,100.91,10.0868
23553.83,100.76,10.0868
23554.83,101.27,10.0868
23555.83,100.84,10.0868
23556.84,100.89,10.0868
23557.84,101.24,10.0868
23558.84,100.9,10.0868
23559.84,100.76,10.0868
23560.84,101.22,10.0868
23561.84,100.94,10.0868
23562.84,100.92,10.0868
23563.84,101.22,10.0867
23564.85,100.84,10.0867
23565.85,101.32,10.0867
23566.85,102.61,10.087
23567.85,100.86,10.087
23568.85,101.72,10.087
23569.85,132.6,8.6082
23570.86,140.11,2.2284
23571.86,313.33,2.3985
23572.86,347.19,2.5857
23573.86,354.22,2.7863
23574.86,293.53,2.1291
23575.86,306.78,2.4577
23576.86,350.92,2.6808
23577.86,354.92,2.9691
23578.87,234.27,2.316
23579.87,333.22,2.6047
23580.87,315.39,2.9411
23581.87,304.48,3.2767
23582.87,301.63,3.6338
23583.87,294.3,4.1423
23584.87,163.74,4.6378
23585.88,291.66,4.7812
23586.88,340.45,5.0356
23587.88,314.75,5.291
23588.88,316.25,5.5686
23589.88,308.41,5.8367
23590.88,309.52,6.1422
23591.88,307.83,6.4099
23592.89,305.12,6.6759
23593.89,302.92,6.8776
23594.89,301.98,7.0927
23595.89,327.19,7.9589
23596.89,309.78,8.0128
23597.89,304.48,8.0131
23598.89,313.27,8.0137
23599.9,201.26,8.0139
23600.9,195.48,8.0141
23601.9,160.32,8.0141
23602.9,191.64,8.0142
23603.9,132.48,8.005
23604.9,105.74,8.0051
23605.9,139.96,8.0772
23606.91,119.17,8.1054
23607.91,102.0,8.1054
23608.91,107.75,8.1054
23609.91,107.35,8.1054
23610.91,110.37,8.1054
23611.91,175.57,8.1054
23612.91,102.43,8.1053
23613.91,103.1,8.1053
23614.92,103.49,8.1054
23615.92,122.36,8.1054
23616.92,101.7,8.1054
23617.92,104.01,8.1054
23618.92,163.41,8.1054
23619.92,143.54,8.1054
23620.93,109.66,8.1054
23621.93,109.6,8.1054
23622.93,101.31,8.1054
23623.93,100.92,8.1055
23624.93,101.98,8.1055
23625.93,100.91,8.1056
23626.93,101.28,8.1055
23627.94,106.28,8.1055
23628.94,181.51,8.1055
23629.94,192.35,8.1055
23630.94,101.04,8.1055
23631.94,141.05,8.1055
23632.94,102.35,8.1055
23633.95,100.88,8.1055
23634.95,131.09,8.1055
23635.95,102.45,8.1055
23636.95,100.99,8.1055
23637.95,101.55,8.1055
23638.95,100.92,8.1055
23639.96,122.58,8.1055
23640.96,116.87,8.1055
23641.96,101.17,8.1055
23642.96,116.73,8.1054
23643.96,103.72,8.1054
23644.96,100.92,8.1054
23645.96,101.88,8.1054
23646.97,229.5,8.7504
23647.97,141.76,8.9087
23648.97,103.95,8.9088
23649.97,100.56,8.9088
23650.97,101.02,8.9362
23651.97,100.83,8.9569
23652.98,106.11,8.9569
23653.98,101.28,8.9569
23654.98,101.09,8.9569
23655.98,100.99,8.9569
23656.98,100.82,8.9569
23657.98,100.91,8.9569
23658.98,101.48,8.9568
23659.99,100.86,8.9568
23660.99,100.89,8.9569
23661.99,101.25,8.9569
23662.99,100.89,8.9569
23663.99,100.99,8.9569
23664.99,107.62,8.9569
23665.99,116.52,8.9569
23666.99,104.86,8.9569
23668.0,106.03,8.9569
23669.0,109.79,8.957
23670.0,100.98,8.957
23671.0,101.27,8.957
23672.0,100.59,8.957
23673.0,120.53,8.957
23674.01,120.21,8.957
23675.01,100.85,8.957
23676.01,108.24,8.957
23677.01,101.98,8.957
23678.01,101.29,8.957
23679.01,100.94,8.957
23680.02,100.99,8.957
23681.02,101.3,8.957
23682.02,104.53,8.9571
23683.02,150.57,8.9571
23684.02,103.9,8.9571
23685.02,107.57,8.9571
23686.02,103.92,8.9571
23687.03,103.33,8.9571
23688.03,102.45,8.9571
23689.03,101.5,8.9571
23690.03,129.73,8.9571
23691.03,100.78,8.9571
23692.03,121.43,8.9571
23693.03,101.26,8.9571
23694.04,105.43,8.9571
23695.04,131.03,8.9571
23696.04,103.03,8.9571
23697.04,101.33,8.9571
23698.04,100.89,8.9571
23699.04,101.4,8.9571
23700.05,100.98,8.9571
23701.05,100.88,8.9571
23702.05,102.91,8.9571
23703.05,100.86,8.9571
23704.05,101.35,8.9572
23705.05,100.86,8.9572
23706.06,100.88,8.9572
23707.06,101.29,8.9572
23708.06,100.91,8.9572
23709.06,100.97,8.9572
23710.06,101.32,8.9572
23711.06,100.91,8.9572
23712.06,101.29,8.9572
23713.07,100.58,8.9572
23714.07,103.04,8.9572
23715.07,101.39,8.9572
23716.07,100.88,8.9572
23717.07,102.43,8.9572
23718.07,101.17,8.9574
23719.07,100.52,8.9574
23720.07,100.51,8.9574
23721.08,101.08,8.9574
23722.08,102.8,8.9574
23723.08,100.62,8.9574
23724.08,101.22,8.9575
23725.08,100.93,8.9575
23726.08,104.38,8.9575
23727.09,103.98,8.9575
23728.09,100.92,8.9575
23729.09,101.13,8.9575
23730.09,100.93,8.9575
23731.09,100.88,8.9575
23732.09,119.51,8.9575
23733.09,100.91,8.9575
23734.1,103.93,8.9575
23735.1,101.26,8.9574
23736.1,100.87,8.9573
23737.1,101.26,8.9573
23738.1,101.03,8.9573
23739.1,100.79,8.9573
23740.1,103.48,8.9573
23741.11,100.88,8.9573
23742.11,101.25,8.9573
23743.11,100.95,8.9573
23744.11,100.92,8.9573
23745.11,101.28,8.9573
23746.11,100.84,8.9573
23747.12,101.23,8.9573
23748.12,100.84,8.9573
23749.12,100.9,8.9573
23750.12,100.98,8.9573
23751.12,104.22,8.9573
23752.12,101.59,8.9573
23753.13,100.93,8.9573
23754.13,101.6,8.9575
23755.13,100.9,8.9575
23756.13,100.84,8.9575
23757.13,101.61,8.9575
23758.13,101.03,8.9576
23759.14,100.91,8.9576
23760.14,101.21,8.9576
23761.14,100.84,8.9576
23762.14,101.27,8.9576
23763.14,101.75,8.9576
23764.14,100.89,8.9576
23765.14,101.33,8.9577
23766.15,100.85,8.9577
23767.15,100.77,8.9577
23768.15,101.29,8.9577
23769.15,101.83,8.9577
23770.15,100.88,8.9577
23771.15,101.34,8.9576
23772.15,100.87,8.9575
23773.15,100.97,8.9576
23774.16,101.37,8.9576
23775.16,100.82,8.9576
23776.16,100.84,8.9576
23777.16,101.21,8.9576
23778.16,100.72,8.9576
23779.16,101.05,8.9576
23780.17,100.82,8.9576
23781.17,100.81,8.9576
23782.17,101.21,8.9576
23783.17,100.9,8.9576
23784.17,101.29,8.9577
23785.17,100.85,8.9577
23786.18,100.72,8.9577
23787.18,101.25,8.9577
23788.18,100.89,8.9577
23789.18,101.22,8.9577
23790.18,100.85,8.9577
23791.18,100.86,8.9577
23792.18,101.24,8.9577
23793.19,100.8,8.9577
23794.19,101.16,8.9577
23795.19,100.84,8.9577
23796.19,100.87,8.9577
23797.19,101.29,8.9577
23798.19,100.87,8.9577
23799.19,100.87,8.9577
23800.2,101.22,8.9577
23801.2,100.89,8.9576
23802.2,101.15,8.9577
23803.2,100.56,8.9577
23804.2,100.93,8.9578
23805.2,101.19,8.9578
23806.21,100.68,8.9578
23807.21,100.69,8.9578
23808.21,101.24,8.9578
23809.21,100.86,8.9578
23810.21,101.18,8.9578
23811.21,100.78,8.9578
23812.21,100.78,8.9578
23813.22,101.31,8.9578
23814.22,100.84,8.9579
23815.22,101.26,8.9577
23816.22,117.79,8.9578
23817.22,100.73,8.9578
23818.22,101.19,8.9578
23819.23,100.83,8.9578
23820.23,101.26,8.9578
23821.23,100.83,8.9577
23822.23,100.84,8.9577
23823.23,101.7,8.9577
23824.23,130.62,8.9582
23825.24,322.71,9.2058
23826.24,101.25,9.2057
23827.24,100.85,9.2057
23828.24,101.26,9.2057
23829.24,100.85,9.2057
23830.24,100.83,9.2058
23831.24,101.25,9.2059
23832.25,100.73,9.2059
23833.25,101.32,9.2058
23834.25,100.86,9.2059
23835.25,100.81,9.2059
23836.25,101.3,9.2059
23837.25,100.78,9.2059
23838.26,100.81,9.206
23839.26,101.23,9.206
23840.26,100.81,9.2058
23841.26,101.23,9.2058
23842.26,100.8,9.2058
23843.26,100.95,9.2058
23844.26,102.53,9.2058
23845.27,100.8,9.2058
23846.27,101.15,9.2058
23847.27,101.35,9.2058
23848.27,101.03,9.2058
23849.27,101.33,9.2058
23850.27,100.86,9.2058
23851.28,100.8,9.2058
23852.28,101.33,9.2058
23853.28,100.94,9.2059
23854.28,100.9,9.2059
23855.28,101.23,9.2059
23856.28,100.83,9.2058
23857.28,101.25,9.2058
23858.29,100.85,9.2058
23859.29,100.86,9.2059
23860.29,101.21,9.2059
23861.29,100.83,9.2059
23862.29,100.93,9.2059
23863.29,100.83,9.2059
23864.29,100.88,9.2059
23865.3,101.22,9.2059
23866.3,100.82,9.2059
23867.3,101.56,9.206
23868.3,100.81,9.2059
23869.3,100.83,9.2059
23870.3,101.21,9.2059
23871.31,100.83,9.2059
23872.31,101.23,9.2059
23873.31,100.84,9.2059
23874.31,100.74,9.2059
23875.31,101.28,9.206
23876.31,100.8,9.2059
23877.32,100.8,9.2059
23878.32,101.38,9.2059
23879.32,100.84,9.2059
23880.32,100.83,9.2059
23881.32,101.24,9.2059
23882.32,100.86,9.2061
23883.32,101.37,9.2059
23884.33,100.84,9.2061
23885.33,100.82,9.2061
23886.33,101.18,9.2061
23887.33,100.85,9.2061
23888.33,101.29,9.2061
23889.33,100.81,9.2062
23890.33,100.83,9.2062
23891.34,101.21,9.2062
23892.34,100.75,9.2061
23893.34,101.36,9.2061
23894.34,100.8,9.2061
23895.34,100.81,9.2061
23896.34,100.92,9.2061
23897.35,101.25,9.2061
23898.35,100.88,9.2062
23899.35,101.24,9.2062
23900.35,100.81,9.2062
23901.35,100.85,9.2062
23902.35,101.27,9.2062
23903.35,100.96,9.2062
23904.36,101.23,9.2062
23905.36,100.84,9.2062
23906.36,100.85,9.2062
23907.36,101.23,9.2062
23908.36,100.9,9.2062
23909.36,101.27,9.2062
23910.37,100.88,9.2062
23911.37,100.86,9.2062
23912.37,101.26,9.2062
23913.37,100.99,9.2062
23914.37,101.22,9.2062
23915.37,100.85,9.2062
23916.38,100.84,9.2062
23917.38,101.24,9.2062
23918.38,100.86,9.2063
23919.38,100.78,9.2064
23920.38,101.14,9.2064
23921.38,100.77,9.2064
23922.38,101.23,9.2063
23923.39,100.99,9.2062
23924.39,100.82,9.2062
23925.39,101.23,9.2062
23926.39,100.82,9.2062
23927.39,101.29,9.2062
23928.39,100.86,9.2062
23929.4,100.83,9.2062
23930.4,153.19,9.2062
23931.4,200.28,9.2062
23932.4,104.9,9.2062
23933.4,100.83,9.2063
23934.4,100.68,9.2063
23935.4,101.02,9.2063
23936.41,100.72,9.2063
23937.41,100.83,9.2063
23938.41,101.35,9.2064
23939.41,100.82,9.2063
23940.41,100.82,9.2064
23941.41,101.31,9.2064
23942.41,100.81,9.2064
23943.41,100.98,9.2066
23944.42,101.22,9.2066
23945.42,100.84,9.2064
23946.42,100.8,9.2064
23947.42,101.22,9.2064
23948.42,100.88,9.2066
23949.42,100.84,9.2064
23950.43,101.25,9.2064
23951.43,100.86,9.2064
23952.43,101.28,9.2064
23953.43,100.91,9.2064
23954.43,100.8,9.2063
23955.43,104.26,9.2063
23956.43,100.82,9.2063
23957.44,100.82,9.2063
23958.44,101.28,9.2064
23959.44,100.85,9.2064
23960.44,101.23,9.2064
23961.44,100.84,9.2064
23962.44,100.86,9.2064
23963.44,101.37,9.2064
23964.45,100.83,9.2064
23965.45,130.79,9.2064
23966.45,100.79,9.2064
23967.45,100.82,9.2064
23968.45,101.26,9.2064
23969.45,100.84,9.2064
23970.46,101.26,9.2066
23971.46,100.84,9.2066
23972.46,104.52,9.2066
23973.46,101.35,9.2066
23974.46,100.84,9.2066
23975.46,101.22,9.2066
23976.47,100.78,9.2067
23977.47,100.83,9.2067
23978.47,101.26,9.2068
23979.47,100.82,9.2068
23980.47,100.83,9.2068
23981.47,101.36,9.2068
23982.47,100.85,9.2068
23983.47,100.94,9.2068
23984.48,101.22,9.2067
23985.48,100.82,9.2066
23986.48,101.26,9.2066
23987.48,100.82,9.2066
23988.48,100.87,9.2067
23989.48,101.32,9.2067
23990.49,100.8,9.2067
23991.49,100.82,9.2067
23992.49,101.23,9.2067
23993.49,100.95,9.2067
23994.49,100.85,9.2067
23995.49,101.25,9.2067
23996.49,100.86,9.2067
23997.5,101.25,9.2066
23998.5,100.86,9.2066
23999.5,100.85,9.2067
24000.5,101.24,9.2067
24001.5,100.77,9.2066
24002.5,101.23,9.2066
24003.51,100.92,9.2066
24004.51,100.77,9.2066
24005.51,101.3,9.2067
24006.51,100.83,9.2068
24007.51,100.83,9.2067
24008.51,101.34,9.2067
24009.51,100.8,9.2067
24010.51,100.76,9.2067
24011.52,101.16,9.2067
24012.52,100.74,9.2067
24013.52,102.66,9.2068
24014.52,101.24,9.2068
24015.52,101.14,9.2068
24016.52,107.58,9.2068
24017.53,100.84,9.2068
24018.53,100.85,9.2068
24019.53,101.22,9.2068
24020.53,100.82,9.2068
24021.53,101.23,9.2068
24022.53,100.83,9.2068
24023.53,100.92,9.2068
24024.54,101.26,9.2068
24025.54,100.83,9.2068
24026.54,100.8,9.2068
24027.54,101.19,9.2068
24028.54,100.85,9.2069
24029.54,101.19,9.2069
24030.55,100.83,9.2069
24031.55,100.8,9.2068
24032.55,101.11,9.2068
24033.55,100.95,9.2069
24034.55,100.82,9.2069
24035.55,101.16,9.207
24036.55,100.85,9.2069
24037.56,101.21,9.2069
24038.56,100.81,9.2069
24039.56,100.82,9.2069
24040.56,101.21,9.2069
24041.56,100.83,9.2069
24042.56,101.18,9.2069
24043.56,100.98,9.207
24044.57,100.81,9.207
24045.57,101.27,9.207
24046.57,100.83,9.207
24047.57,100.81,9.207
24048.57,101.26,9.207
24049.57,100.83,9.207
24050.58,100.82,9.207
24051.58,101.24,9.207
24052.58,101.78,9.207
24053.58,101.34,9.207
24054.58,102.86,9.207
24055.58,100.85,9.207
24056.58,101.17,9.207
24057.59,120.3,9.207
24058.59,101.25,9.207
24059.59,100.74,9.207
24060.59,100.76,9.207
24061.59,101.15,9.2071
24062.59,101.13,9.2071
24063.59,100.91,9.2071
24064.6,101.17,9.2071
24065.6,100.77,9.2071
24066.6,100.83,9.2071
24067.6,101.17,9.2071
24068.6,100.85,9.2071
24069.6,100.79,9.2071
24070.6,101.29,9.2071
24071.61,100.82,9.2071
24072.61,100.8,9.2071
24073.61,101.42,9.2072
24074.61,100.74,9.2072
24075.61,100.55,9.2072
24076.61,100.91,9.2072
24077.61,100.55,9.2072
24078.62,100.85,9.2072
24079.62,101.72,9.2072
24080.62,100.79,9.2073
24081.62,101.09,9.2073
24082.62,100.82,9.2073
24083.62,100.92,9.2073
24084.62,101.21,9.2073
24085.63,100.81,9.2073
24086.63,101.19,9.2073
24087.63,100.84,9.2073
24088.63,100.89,9.2073
24089.63,101.16,9.2073
24090.63,100.52,9.2073
24091.63,100.5,9.2073
24092.64,100.92,9.2073
24093.64,100.63,9.2074
24094.64,100.78,9.2074
24095.64,102.88,9.2074
24096.64,100.84,9.2074
24097.64,101.21,9.2074
24098.65,100.76,9.2074
24099.65,102.13,9.2074
24100.65,101.2,9.2074
24101.65,100.84,9.2074
24102.65,100.83,9.2074
24103.65,101.3,9.2074
24104.65,100.86,9.2074
24105.66,101.19,9.2074
24106.66,100.8,9.2074
24107.66,100.83,9.2074
24108.66,101.25,9.2074
24109.66,100.8,9.2075
24110.66,100.8,9.2075
24111.66,101.21,9.2075
24112.67,100.76,9.2074
24113.67,101.34,9.2074
24114.67,100.79,9.2074
24115.67,100.79,9.2074
24116.67,101.18,9.2075
24117.67,100.78,9.2075
24118.67,100.83,9.2075
24119.68,101.24,9.2075
24120.68,100.79,9.2075
24121.68,101.03,9.2075
24122.68,101.19,9.2075
24123.68,100.92,9.2074
24124.68,100.82,9.2075
24125.68,101.24,9.2076
24126.69,107.42,9.2078
24127.69,274.63,9.2083
24128.69,271.19,9.2083
24129.69,123.79,9.2083
24130.69,101.67,9.2083
24131.69,120.01,9.2083
24132.69,111.44,9.2083
24133.7,104.57,9.2084
24134.7,101.13,9.2084
24135.7,274.96,9.2815
24136.7,161.55,9.354
24137.7,109.3,9.354
24138.7,100.59,9.354
24139.7,100.97,9.3539
24140.71,100.6,9.3539
24141.71,100.62,9.3541
24142.71,100.56,9.3539
24143.71,101.06,9.3539
24144.71,112.53,5.6585
24145.71,216.07,2.3562
24146.71,314.78,2.5336
24147.71,364.37,2.7395
24148.71,354.51,3.0183
24149.72,252.3,2.3476
24150.72,310.37,2.5146
24151.72,356.04,2.7392
24152.72,349.71,2.998
24153.72,220.68,2.2893
24154.72,327.38,2.4903
24155.72,345.93,2.6987
24156.72,345.49,2.9145
24157.73,301.35,2.1982
24158.73,274.2,2.4422
24159.73,298.99,2.5723
24160.73,356.92,2.7776
24161.73,345.85,3.0117
24162.73,230.3,2.2863
24163.73,339.12,2.4879
24164.74,363.95,2.7223
24165.74,353.55,2.9741
24166.74,242.47,2.3076
24167.74,346.48,2.4885
24168.74,352.07,2.6807
24169.74,348.04,2.8942
24170.74,315.7,3.0413
24171.75,270.98,2.4577
24172.75,332.14,2.5916
24173.75,361.36,2.8546
24174.75,292.48,2.278
24175.75,306.12,2.4593
24176.75,329.44,2.6026
24177.75,350.12,2.8182
24178.75,295.99,2.2673
24179.76,299.0,2.4459
24180.76,325.59,2.581
24181.76,355.23,2.7938
24182.76,351.06,3.0345
24183.76,256.92,2.3625
24184.76,334.13,2.5862
24185.76,363.89,2.8234
24186.77,343.89,3.1274
24187.77,190.01,2.2847
24188.77,321.94,2.4692
24189.77,350.45,2.6612
24190.77,355.18,2.9199
24191.77,293.58,2.3345
24192.77,273.29,2.4386
24193.77,311.31,2.5719
24194.78,364.29,2.781
24195.78,344.88,3.0153
24196.78,173.02,2.3252
24197.78,315.92,2.4961
24198.78,349.26,2.699
24199.78,344.32,2.9165
24200.78,236.35,2.3073
24201.79,309.04,2.4813
24202.79,353.34,2.6787
24203.79,355.31,2.9
24204.79,334.46,3.1383
24205.79,232.15,2.2931
24206.79,302.78,2.4714
24207.79,346.01,2.6467
24208.79,353.97,2.8545
24209.8,343.57,3.0923
24210.8,229.15,2.2972
24211.8,316.89,2.4766
24212.8,335.21,2.6373
24213.8,358.7,2.8438
24214.8,342.43,3.0756
24215.8,226.76,2.3627
24216.81,317.45,2.5224
24217.81,357.77,2.7196
24218.81,346.92,2.9492
24219.81,249.63,2.3321
24220.81,309.88,2.5068
24221.81,356.41,2.7028
24222.81,348.67,2.9179
24223.81,274.08,2.2773
24224.82,313.35,2.4705
24225.82,376.04,2.6851
24226.82,277.56,2.3473
24227.82,333.13,2.5236
24228.82,349.42,2.7323
24229.82,346.29,2.957
24230.82,283.88,2.2729
24231.83,304.76,2.4533
24232.83,308.73,2.566
24233.83,312.08,2.2726
24234.83,302.43,2.4594
24235.83,342.64,2.5634
24236.83,341.25,2.7689
24237.83,148.69,2.9176
24238.83,135.74,3.0329
24239.84,268.13,2.4398
24240.84,344.3,2.6949
24241.84,358.82,2.9398
24242.84,331.72,3.2632
24243.84,315.64,3.5799
24244.84,306.88,3.8719
24245.84,305.78,4.1256
24246.85,281.12,3.0699
24247.85,266.37,2.4455
24248.85,349.6,2.6223
24249.85,282.51,2.4191
24250.85,338.68,2.5801
24251.85,264.42,2.3178
24252.85,297.92,2.4747
24253.85,359.77,2.6574
24254.86,254.09,2.4017
24255.86,316.39,2.5438
24256.86,266.35,2.344
24257.86,312.58,2.4994
24258.86,293.41,2.3103
24259.86,355.36,2.5004
24260.86,305.22,2.3634
24261.86,355.51,2.557
24262.87,237.51,2.6554
24263.87,185.94,2.7476
24264.87,178.42,2.301
24265.87,299.26,2.4729
24266.87,356.72,2.5981
24267.87,233.45,2.7119
24268.87,180.13,2.3334
24269.88,352.4,2.5266
24270.88,272.94,2.3467
24271.88,328.84,2.5083
24272.88,289.48,2.303
24273.88,304.0,2.4756
24274.88,350.41,2.6382
24275.88,265.0,2.353
24276.88,319.94,2.5111
24277.89,269.24,2.3226
24278.89,315.31,2.4845
24279.89,368.14,2.6694
24280.89,233.27,2.3257
24281.89,343.56,2.5259
24282.89,348.68,2.2189
24283.89,279.51,2.468
24284.9,299.37,2.5718
24285.9,335.03,2.8067
24286.9,323.47,3.0465
24287.9,242.89,2.3492
24288.9,297.47,2.5199
24289.9,354.02,2.7242
24290.9,323.13,3.0154
24291.91,244.03,2.3553
24292.91,322.96,2.5984
24293.91,361.94,2.7562
24294.91,328.98,2.9718
24295.91,319.08,3.2756
24296.91,326.12,3.5458
24297.91,145.99,3.6446
24298.91,102.99,3.7206
24299.92,117.87,3.8466
24300.92,102.21,2.3524
24301.92,272.61,2.4651
24302.92,269.58,2.307
24303.92,323.72,2.5192
24304.92,296.18,2.6339
24305.92,347.92,2.8526
24306.93,317.7,3.0966
24307.93,305.54,3.3287
24308.93,326.43,3.5776
24309.93,189.82,2.3357
24310.93,344.92,2.5288
24311.93,348.01,2.7354
24312.93,316.48,2.982
24313.93,251.14,2.3547
24314.94,346.53,2.5391
24315.94,288.24,2.3862
24316.94,355.8,2.6167
24317.94,358.65,2.8864
24318.94,331.99,3.1646
24319.94,212.9,2.3212
24320.94,336.22,2.5732
24321.95,357.28,2.6926
24322.95,336.99,2.904
24323.95,313.63,3.1352
24324.95,284.19,3.2244
24325.95,134.36,3.2696
24326.95,192.01,3.5729
24327.95,178.67,2.3218
24328.96,327.87,2.5621
24329.96,335.95,2.6902
24330.96,341.22,2.9108
24331.96,323.04,3.1551
24332.96,230.67,3.2457
24333.96,140.42,3.4203
24334.96,140.34,2.3224
24335.96,334.21,2.5746
24336.97,352.27,2.714
24337.97,348.35,2.9541
24338.97,318.2,3.1574
24339.97,247.7,2.4308
24340.97,334.01,2.6297
24341.97,352.61,2.8029
24342.97,315.69,3.043
24343.97,320.5,3.2982
24344.98,150.94,2.3255
24345.98,317.96,2.5531
24346.98,302.43,2.6614
24347.98,334.98,2.8883
24348.98,323.58,3.1299
24349.98,278.0,2.5026
24350.98,355.76,2.6867
24351.99,332.64,2.9879
24352.99,308.49,2.3542
24353.99,274.66,2.4996
24354.99,348.78,2.6629
24355.99,343.28,2.8798
24356.99,317.73,3.1195
24357.99,225.73,2.3753
24358.99,322.69,2.5401
24360.0,288.85,2.3634
24361.0,348.46,2.6286
24362.0,364.13,2.8684
24363.0,334.55,3.1652
24364.0,244.96,3.5168
24365.0,188.76,2.3366
24366.0,313.84,2.5848
24367.01,358.91,2.7445
24368.01,329.23,2.9811
24369.01,329.37,3.2289
24370.01,232.31,2.3458
24371.01,343.25,2.6164
24372.01,379.74,2.8001
24373.01,339.17,3.0415
24374.01,306.68,3.324
24375.02,163.27,3.698
24376.02,109.98,4.0844
24377.02,115.6,4.4685
24378.02,143.08,4.7765
24379.02,226.36,5.0584
24380.02,105.16,5.5126
24381.02,121.13,5.989
24382.03,128.36,6.4644
24383.03,101.93,6.9469
24384.03,125.81,7.3583
24385.03,104.53,7.4585
24386.03,103.29,7.4585
24387.03,102.32,7.4584
24388.03,109.13,7.4584
24389.03,103.17,7.4585
24390.04,101.26,7.4585
24391.04,100.93,7.4586
24392.04,101.38,7.4586
24393.04,116.88,7.5774
24394.04,133.22,2.3433
24395.04,310.52,2.558
24396.05,377.16,2.79
24397.05,249.5,2.3684
24398.05,334.77,2.6065
24399.05,347.23,2.7457
24400.05,336.42,2.9781
24401.05,324.07,3.2837
24402.05,264.75,2.4966
24403.05,329.51,2.6148
24404.06,312.67,2.3294
24405.06,306.15,2.543
24406.06,339.6,2.6502
24407.06,340.94,2.8798
24408.06,241.37,2.427
24409.06,341.74,2.5886
24410.06,359.64,2.8076
24411.07,290.99,2.3263
24412.07,296.37,2.5204
24413.07,336.24,2.6411
24414.07,349.88,2.8506
24415.07,301.35,3.0764
24416.07,243.58,2.4463
24417.07,307.53,2.6077
24418.07,363.31,2.8357
24419.08,228.22,2.3721
24420.08,341.24,2.5794
24421.08,367.33,2.7543
24422.08,320.17,2.9894
24423.08,306.4,3.2929
24424.08,321.99,3.6309
24425.08,251.2,2.3421
24426.09,287.76,2.5388
24427.09,356.9,2.7118
24428.09,335.16,2.9594
24429.09,314.35,3.2379
24430.09,310.57,3.5068
24431.09,329.54,3.7259
24432.09,204.73,2.3695
24433.09,333.35,2.5587
24434.1,288.91,2.3736
24435.1,334.66,2.5612
24436.1,296.81,2.4417
24437.1,345.23,2.6384
24438.1,318.47,2.3278
24439.1,291.09,2.5302
24440.1,328.65,2.6513
24441.11,344.29,2.8812
24442.11,263.86,2.4743
24443.11,330.63,2.6184
24444.11,285.88,2.4721
24445.11,318.0,2.6288
24446.11,350.29,2.8669
24447.11,258.86,2.4149
24448.11,326.76,2.5814
24449.12,361.6,2.7884
24450.12,316.57,2.9465
24451.12,232.11,2.4327
24452.12,334.56,2.6346
24453.12,306.59,2.3398
24454.12,308.9,2.5529
24455.12,350.71,2.6723
24456.13,296.34,2.34
24457.13,310.07,2.5506
24458.13,337.97,2.6945
24459.13,259.42,2.373
24460.13,325.0,2.572
24461.13,360.03,2.7383
24462.13,266.39,2.4269
24463.13,318.74,2.5641
24464.14,356.89,2.7714
24465.14,236.23,2.3951
24466.14,301.48,2.5438
24467.14,357.48,2.7322
24468.14,270.77,2.3891
24469.14,362.83,2.5761
24470.14,291.28,2.4213
24471.14,320.41,2.5739
24472.15,284.56,2.4075
24473.15,340.02,2.6065
24474.15,344.95,2.9058
24475.15,278.11,2.3554
24476.15,333.52,2.6425
24477.15,366.67,2.8189
24478.15,334.77,3.1018
24479.15,252.81,2.335
24480.16,303.26,2.5172
24481.16,322.44,2.3398
24482.16,307.16,2.5197
24483.16,322.11,2.6497
24484.16,254.16,2.4537
24485.16,312.66,2.5767
24486.16,268.17,2.4355
24487.16,300.02,2.561
24488.17,286.54,2.4154
24489.17,332.4,2.5897
24490.17,344.1,2.6858
24491.17,260.98,2.4953
24492.17,257.88,2.3513
24493.17,324.51,2.5394
24494.17,286.76,2.4828
24495.17,340.01,2.6384
24496.18,332.42,2.915
24497.18,279.76,2.3313
24498.18,295.74,2.5387
24499.18,350.8,2.7356
24500.18,337.54,3.0566
24501.18,235.83,2.3848
24502.18,346.26,2.5823
24503.19,366.57,2.7903
24504.19,331.55,3.0412
24505.19,227.96,2.3658
24506.19,314.97,2.5313
24507.19,300.18,2.36
24508.19,323.59,2.5551
24509.19,347.09,2.7061
24510.2,318.73,2.956
24511.2,263.29,2.3594
24512.2,301.65,2.5335
24513.2,301.13,2.351
24514.2,295.95,2.5271
24515.2,258.62,2.373
24516.21,331.36,2.6275
24517.21,335.17,2.7855
24518.21,359.61,3.0883
24519.21,328.66,3.4255
24520.21,315.38,3.7816
24521.21,315.48,4.1413
24522.21,309.16,4.4858
24523.21,308.59,4.8442
24524.22,306.87,5.1852
24525.22,301.93,5.5346
24526.22,303.25,5.852
24527.22,303.9,6.1811
24528.22,301.97,6.4876
24529.22,299.93,6.7818
24530.22,246.46,7.083
24531.23,290.09,7.453
24532.23,294.72,7.5053
24533.23,235.19,7.5055
24534.23,108.63,7.5055
24535.23,123.34,7.5055
24536.23,108.18,7.5055
24537.23,100.8,7.5055
24538.24,101.59,7.5054
24539.24,101.69,7.5054
24540.24,175.91,7.5055
24541.24,203.77,7.5231
24542.24,200.45,7.5684
24543.24,106.61,7.5643
24544.25,100.91,7.5643
24545.25,101.86,7.5425
24546.25,101.16,7.5426
24547.25,145.49,7.5426
24548.25,202.14,7.5431
24549.25,192.19,7.5712
24550.25,119.9,7.5394
24551.26,101.43,7.5394
24552.26,100.8,7.5394
24553.26,100.79,7.5393
24554.26,102.34,7.5394
24555.26,100.98,7.5394
24556.26,105.69,7.5394
24557.27,104.1,7.5394
24558.27,100.64,7.5394
24559.27,101.14,7.5393
24560.27,100.8,7.5394
24561.27,101.13,7.5394
24562.27,100.74,7.5394
24563.27,100.82,7.5394
24564.28,101.7,7.5395
24565.28,100.74,7.5395
24566.28,100.75,7.5395
24567.28,101.13,7.5395
24568.28,100.78,7.5395
24569.28,101.2,7.5395
24570.29,100.79,7.5395
24571.29,100.76,7.5395
24572.29,101.16,7.5395
24573.29,100.81,7.5394
24574.29,100.79,7.5394
24575.29,104.99,7.5394
24576.3,100.53,7.5396
24577.3,101.02,7.5394
24578.3,100.78,7.5394
24579.3,101.63,7.5394
24580.3,100.77,7.5394
24581.3,101.29,7.5394
24582.3,101.17,7.5394
24583.31,100.59,7.5396
24584.31,100.56,7.5394
24585.31,101.3,7.5396
24586.31,100.79,7.5396
24587.31,100.78,7.5396
24588.31,101.2,7.5396
24589.31,100.83,7.5396
24590.31,100.8,7.5397
24591.32,101.21,7.5397
24592.32,100.73,7.5397
24593.32,100.77,7.5398
24594.32,100.93,7.5397
24595.32,100.54,7.5397
24596.32,100.94,7.5397
24597.33,100.54,7.5397
24598.33,100.57,7.5397
24599.33,100.93,7.5397
24600.33,100.56,7.5397
24601.33,101.47,7.5397
24602.33,101.25,7.5397
24603.34,100.8,7.5397
24604.34,100.94,7.5397
24605.34,100.56,7.5397
24606.34,100.94,7.5396
24607.34,100.53,7.5396
24608.34,100.57,7.5398
24609.34,100.9,7.5398
24610.35,100.54,7.5398
24611.35,101.18,7.5398
24612.35,100.71,7.5398
24613.35,100.79,7.5398
24614.35,101.61,7.5398
24615.35,100.55,7.5398
24616.36,100.54,7.5398
24617.36,100.96,7.5397
24618.36,100.59,7.5398
24619.36,101.0,7.5398
24620.36,100.56,7.5398
24621.36,100.55,7.5398
24622.36,100.95,7.5398
24623.37,100.65,7.5398
24624.37,100.96,7.5398
24625.37,100.58,7.5398
24626.37,100.59,7.5398
24627.37,101.25,7.5398
24628.37,100.87,7.5399
24629.38,100.76,7.5399
24630.38,101.2,7.5399
24631.38,100.82,7.5399
24632.38,101.2,7.5399
24633.38,101.0,7.5399
24634.38,100.8,7.5399
24635.38,101.23,7.5398
24636.39,102.13,7.5398
24637.39,100.77,7.5398
24638.39,101.21,7.5399
24639.39,100.88,7.5398
24640.39,101.28,7.5398
24641.39,100.89,7.5399
24642.4,100.86,7.5399
24643.4,101.41,7.5399
24644.4,100.8,7.5399
24645.4,101.19,7.5399
24646.4,100.85,7.5399
24647.4,127.28,7.54
24648.41,106.7,7.54
24649.41,100.76,7.54
24650.41,115.09,7.54
24651.41,100.79,7.5401
24652.41,102.7,7.5401
24653.41,101.25,7.5401
24654.41,106.97,7.5401
24655.42,101.91,7.5401
24656.42,100.52,7.5401
24657.42,100.85,7.5401
24658.42,101.31,7.5401
24659.42,100.91,7.5401
24660.42,100.73,7.5401
24661.42,103.46,7.5401
24662.43,100.54,7.5401
24663.43,100.66,7.5401
24664.43,101.09,7.5401
24665.43,100.87,7.5401
24666.43,100.98,7.5402
24667.43,101.33,7.5402
24668.43,100.94,7.5403
24669.43,100.96,7.5401
24670.44,102.33,7.5402
24671.44,100.96,7.5402
24672.44,100.9,7.5401
24673.44,102.74,7.5401
24674.44,103.95,7.5401
24675.44,100.81,7.5401
24676.44,101.69,7.5401
24677.45,100.81,7.5401
24678.45,101.26,7.5401
24679.45,100.8,7.5401
24680.45,100.86,7.5401
24681.45,101.32,7.5401
24682.45,100.82,7.5401
24683.45,100.96,7.5403
24684.46,132.69,2.3775
24685.46,301.56,2.5355
24686.46,348.12,2.2944
24687.46,284.06,2.5253
24688.46,318.16,2.5719
24689.46,271.91,2.5235
24690.46,333.64,2.6447
24691.47,338.05,2.9448
24692.47,263.35,2.3671
24693.47,303.04,2.5612
24694.47,341.55,2.7013
24695.47,328.58,2.9549
24696.47,290.6,2.3609
24697.47,307.97,2.5459
24698.47,341.49,2.6627
24699.48,327.3,2.9014
24700.48,265.39,2.7083
24701.48,267.88,2.5123
24702.48,345.86,2.6516
24703.48,350.07,2.94
24704.48,325.07,3.0923
24705.48,238.88,2.4389
24706.49,309.56,2.5903
24707.49,346.13,2.797
24708.49,325.2,3.0346
24709.49,252.76,2.488
24710.49,321.87,2.6216
24711.49,340.3,2.8462
24712.49,331.47,3.0452
24713.49,274.45,3.1108
24714.5,153.58,2.3263
24715.5,290.82,2.5404
24716.5,314.16,2.6537
24717.5,330.16,2.882
24718.5,330.04,3.042
24719.5,213.62,2.4169
24720.5,343.36,2.5732
24721.51,358.72,2.7636
24722.51,313.11,2.4764
24723.51,296.23,2.5657
24724.51,361.59,2.7132
24725.51,274.82,2.4623
24726.51,336.68,2.7275
24727.51,355.75,2.959
24728.51,324.79,3.2446
24729.52,312.98,3.514
24730.52,307.97,3.778
24731.52,322.78,4.068
24732.52,218.01,4.4721
24733.52,211.26,2.456
24734.52,332.44,2.7301
24735.52,364.43,2.9738
24736.53,334.54,3.2799
24737.53,316.69,3.5748
24738.53,306.0,3.8604
24739.53,225.7,2.3879
24740.53,340.84,2.7015
24741.53,357.04,2.871
24742.53,337.46,3.1562
24743.54,312.81,3.4613
24744.54,311.36,3.7345
24745.54,317.72,4.0216
24746.54,298.42,4.3938
24747.54,272.07,4.7253
24748.54,193.62,2.4233
24749.54,339.94,2.7394
24750.55,370.07,2.9556
24751.55,341.9,3.236
24752.55,315.38,3.521
24753.55,309.68,3.7648
24754.55,307.37,4.0021
24755.55,280.07,4.3524
24756.55,163.74,2.6522
24757.55,268.35,2.5249
24758.56,315.96,2.6488
24759.56,284.74,2.5137
24760.56,324.71,2.2924
24761.56,286.02,2.5525
24762.56,307.34,2.3856
24763.56,345.83,2.5871
24764.56,270.5,2.4179
24765.57,340.73,2.5941
24766.57,313.08,2.3659
24767.57,320.35,2.5637
24768.57,296.59,2.3865
24769.57,301.74,2.5595
24770.57,284.84,2.3854
24771.57,288.61,2.548
24772.57,344.5,2.7154
24773.58,270.24,2.5345
24774.58,336.64,2.673
24775.58,333.61,2.9182
24776.58,302.85,3.2558
24777.58,326.32,3.5405
24778.58,251.87,2.3793
24779.58,329.21,2.6704
24780.59,357.81,2.8532
24781.59,349.54,3.1493
24782.59,319.5,3.4449
24783.59,315.79,3.6988
24784.59,312.4,3.9013
24785.59,314.22,4.0362
24786.59,196.07,4.0932
24787.6,143.81,4.1429
24788.6,133.27,4.2104
24789.6,111.36,4.265
24790.6,110.84,4.3438
24791.6,128.39,4.4403
24792.6,141.74,4.5255
24793.6,106.03,4.6038
24794.6,111.93,2.3649
24795.61,294.55,2.5585
24796.61,323.19,2.6898
24797.61,312.77,2.3597
24798.61,292.23,2.5749
24799.61,343.44,2.7392
24800.61,285.95,2.3895
24801.61,305.53,2.5551
24802.61,263.4,2.4657
24803.62,326.02,2.7924
24804.62,310.96,3.2189
24805.62,334.3,3.4376
24806.62,352.48,3.7257
24807.62,328.99,4.0352
24808.62,311.52,4.2658
24809.62,305.67,4.4817
24810.63,305.01,4.6597
24811.63,300.62,4.8265
24812.63,306.07,4.9984
24813.63,302.23,5.1735
24814.63,300.75,5.372
24815.63,302.55,5.4965
24816.63,301.58,5.611
24817.63,302.7,5.739
24818.64,302.82,5.8306
24819.64,263.88,5.9253
24820.64,248.34,6.006
24821.64,161.4,6.0758
24822.64,127.56,6.1355
24823.64,134.68,6.1964
24824.65,145.61,6.3387
24825.65,128.19,6.4281
24826.65,113.39,6.4835
24827.65,104.52,6.5497
24828.65,134.48,6.6202
24829.65,108.36,6.674
24830.66,115.57,6.7813
24831.66,133.12,6.837
24832.66,102.17,6.9075
24833.66,183.09,6.9939
24834.66,149.64,7.0491
24835.66,103.86,7.0843
24836.66,102.19,7.118
24837.67,103.36,7.1546
24838.67,101.82,7.2103
24839.67,230.64,7.686
24840.67,104.15,7.686
24841.67,112.5,7.686
24842.67,101.12,7.686
24843.67,101.29,7.6861
24844.68,101.9,7.6861
24845.68,101.68,7.6861
24846.68,101.27,7.686
24847.68,187.88,7.686
24848.68,139.95,7.686
24849.68,101.04,7.686
24850.68,101.71,7.686
24851.69,101.17,7.686
24852.69,103.15,7.6861
24853.69,125.27,7.6861
24854.69,100.95,7.6862
24855.69,105.2,7.6862
24856.69,103.11,7.6862
24857.7,103.22,7.6862
24858.7,100.84,7.6861
24859.7,180.4,7.6863
24860.7,117.37,7.728
24861.7,102.19,7.7542
24862.7,102.07,7.7863
24863.71,101.25,7.7865
24864.71,100.8,7.7865
24865.71,101.37,7.7865
24866.71,100.84,7.7865
24867.71,128.43,7.7865
24868.71,103.33,7.7865
24869.71,101.23,7.7865
24870.72,101.13,7.7865
24871.72,104.51,7.7865
24872.72,101.21,7.7865
24873.72,101.66,7.7864
24874.72,101.29,7.7864
24875.72,100.98,7.7864
24876.72,101.0,7.7864
24877.72,101.36,7.7864
24878.73,100.98,7.7865
24879.73,100.75,7.7865
24880.73,101.41,7.7866
24881.73,125.11,7.7866
24882.73,104.49,7.7866
24883.73,129.61,7.7866
24884.73,100.95,7.7866
24885.74,133.38,7.7866
24886.74,100.46,7.7865
24887.74,101.13,7.7865
24888.74,101.0,7.7865
24889.74,100.51,7.7866
24890.74,101.13,7.7866
24891.75,100.75,7.7866
24892.75,100.55,7.7866
24893.75,101.19,7.7867
24894.75,100.62,7.7867
24895.75,101.32,7.7867
24896.75,104.73,7.7867
24897.76,100.7,7.7867
24898.76,123.29,7.7868
24899.76,100.55,7.7868
24900.76,108.77,7.7868
24901.76,100.84,7.7868
24902.76,100.54,7.7868
24903.76,101.03,7.7867
24904.77,106.47,7.7867
24905.77,119.27,7.7867
24906.77,103.79,7.7867
24907.77,100.48,7.7867
24908.77,101.43,7.7869
24909.77,101.82,7.7869
24910.78,102.19,7.7868
24911.78,100.8,7.7868
24912.78,100.84,7.7868
24913.78,101.39,7.7869
24914.78,100.89,7.7869
24915.78,104.84,7.7869
24916.79,100.76,7.7869
24917.79,100.81,7.7869
24918.79,101.13,7.7871
24919.79,100.54,7.787
24920.79,100.94,7.7869
24921.79,100.55,7.7869
24922.8,101.86,7.7869
24923.8,101.57,7.787
24924.8,105.73,7.787
24925.8,102.64,7.787
24926.8,100.9,7.787
24927.8,102.09,7.787
24928.8,101.33,7.787
24929.81,101.0,7.787
24930.81,100.89,7.787
24931.81,101.6,7.787
24932.81,100.59,7.787
24933.81,101.4,7.7871
24934.81,100.82,7.7871
24935.82,100.94,7.7871
24936.82,126.06,7.7871
24937.82,100.66,7.7871
24938.82,101.99,7.7871
24939.82,100.83,7.7871
24940.82,101.12,7.7871
24941.82,101.17,7.7871
24942.83,100.93,7.787
24943.83,131.0,7.7873
24944.83,125.54,7.7873
24945.83,101.66,7.7873
24946.83,101.38,7.7873
24947.83,100.88,7.7873
24948.84,226.39,8.2684
24949.84,102.46,8.2684
24950.84,166.27,8.2685
24951.84,169.85,8.2742
24952.84,164.46,8.311
24953.84,153.51,8.3343
24954.85,201.37,8.3476
24955.85,177.3,8.3606
24956.85,101.42,8.3667
24957.85,102.96,8.3668
24958.85,100.55,8.3668
24959.85,101.05,8.3668
24960.85,100.49,8.3667
24961.86,101.43,8.3668
24962.86,135.19,8.3668
24963.86,135.89,8.3669
24964.86,101.31,8.3669
24965.86,100.86,8.3669
24966.86,100.94,8.3667
24967.86,102.01,8.3667
24968.87,100.84,8.3668
24969.87,100.75,8.3667
24970.87,101.36,8.3667
24971.87,100.51,8.3667
24972.87,139.0,8.3669
24973.87,159.53,8.3697
24974.88,100.51,8.3697
24975.88,101.03,8.3697
24976.88,100.85,8.3697
24977.88,101.25,8.3697
24978.88,100.97,8.3697
24979.88,100.99,8.3697
24980.88,101.28,8.3697
24981.89,100.86,8.3697
24982.89,101.36,8.3697
24983.89,100.89,8.3698
24984.89,100.83,8.3698
24985.89,101.49,8.3698
24986.89,100.86,8.3698
24987.9,100.86,8.3698
24988.9,101.94,8.3699
24989.9,101.08,8.3698
24990.9,105.14,8.3699
24991.9,100.87,8.3699
24992.9,100.74,8.3699
24993.9,101.29,8.3699
24994.91,105.33,8.3699
24995.91,121.42,8.3699
24996.91,100.87,8.37
24997.91,100.49,8.37
24998.91,101.6,8.37
24999.91,100.48,8.37
25000.92,120.27,8.37
25001.92,229.17,8.37
25002.92,161.4,8.37
25003.92,101.12,8.37
25004.92,101.1,8.37
25005.92,111.51,8.37
25006.92,105.94,8.37
25007.93,115.93,8.37
25008.93,108.21,8.37
25009.93,122.69,8.37
25010.93,100.58,8.37
25011.93,100.85,8.37
25012.93,103.33,8.37
25013.93,100.94,8.3702
25014.94,100.8,8.3702
25015.94,100.93,8.37
25016.94,100.53,8.3699
25017.94,101.42,8.3701
25018.94,100.58,8.3701
25019.94,100.99,8.3701
25020.94,101.99,8.3701
25021.95,100.91,8.3701
25022.95,101.19,8.3701
25023.95,103.17,8.3702
25024.95,102.36,8.3702
25025.95,100.93,8.3702
25026.95,100.83,8.3702
25027.95,100.85,8.3702
25028.96,101.32,8.3702
25029.96,100.88,8.3702
25030.96,100.82,8.3702
25031.96,100.98,8.3702
25032.96,126.78,8.3702
25033.96,108.72,8.3703
25034.97,100.62,8.3703
25035.97,100.85,8.3703
25036.97,101.3,8.3703
25037.97,100.82,8.3702
25038.97,100.84,8.3703
25039.97,102.55,8.3703
25040.97,101.09,8.3704
25041.98,100.82,8.3704
25042.98,101.58,8.3705
25043.98,100.8,8.3705
25044.98,101.15,8.3705
25045.98,101.8,8.3705
25046.98,100.79,8.3705
25047.98,100.85,8.3705
25048.98,103.29,8.3706
25049.99,101.13,8.3706
25050.99,101.27,8.3706
25051.99,100.86,8.3706
25052.99,100.95,8.3706
25053.99,101.34,8.3706
25054.99,100.88,8.3706
25056.0,101.24,8.3706
25057.0,100.74,8.3706
25058.0,101.45,8.3706
25059.0,101.86,8.3707
25060.0,101.07,8.3707
25061.0,101.27,8.3707
25062.01,100.71,8.3707
25063.01,100.94,8.3707
25064.01,101.16,8.3707
25065.01,102.77,8.3707
25066.01,101.07,8.3707
25067.01,103.51,8.3707
25068.01,104.01,8.3707
25069.02,101.28,8.3707
25070.02,100.57,8.3707
25071.02,100.93,8.3707
25072.02,100.72,8.3707
25073.02,100.95,8.3707
25074.02,101.65,8.3709
25075.03,101.45,8.3708
25076.03,100.77,8.3708
25077.03,101.24,8.3708
25078.03,100.86,8.3708
25079.03,101.3,8.3708
25080.03,100.83,8.3708
25081.03,100.75,8.3708
25082.04,101.49,8.3708
25083.04,100.88,8.3708
25084.04,100.89,8.3708
25085.04,101.31,8.3708
25086.04,102.89,8.3708
25087.04,100.93,8.3708
25088.04,101.23,8.3708
25089.04,100.96,8.3709
25090.05,101.05,8.3708
25091.05,102.16,8.3709
25092.05,101.29,8.3709
25093.05,100.71,8.3709
25094.05,100.89,8.371
25095.05,101.51,8.371
25096.05,100.91,8.371
25097.05,100.83,8.371
25098.06,216.58,8.4907
25099.06,131.79,8.5641
25100.06,105.71,8.5642
25101.06,101.27,8.5642
25102.06,100.85,8.5642
25103.06,100.93,8.5642
25104.07,101.38,8.5642
25105.07,100.86,8.5642
25106.07,101.25,8.5644
25107.07,100.85,8.5644
25108.07,100.85,8.5644
25109.07,101.3,8.5644
25110.07,100.91,8.5644
25111.08,101.24,8.5644
25112.08,100.81,8.5644
25113.08,100.86,8.5643
25114.08,101.28,8.5643
25115.08,100.86,8.5642
25116.08,111.61,8.5642
25117.09,131.19,8.5661
25118.09,100.88,8.5662
25119.09,101.69,8.5662
25120.09,100.8,8.5662
25121.09,100.96,8.5661
25122.09,101.32,8.5661
25123.09,100.91,8.5662
25124.1,100.87,8.5663
25125.1,101.32,8.5663
25126.1,100.95,8.5663
25127.1,100.91,8.5663
25128.1,105.53,8.5663
25129.1,101.45,8.5663
25130.1,122.49,8.5663
25131.11,100.85,8.5663
25132.11,126.96,8.5663
25133.11,113.49,8.5663
25134.11,156.13,8.5663
25135.11,100.79,8.5662
25136.11,177.96,8.5663
25137.11,161.64,8.5663
25138.11,100.91,8.5663
25139.12,101.22,8.5663
25140.12,100.8,8.5663
25141.12,101.13,8.5664
25142.12,100.76,8.5665
25143.12,100.83,8.5665
25144.12,101.04,8.5665
25145.13,100.93,8.5665
25146.13,100.58,8.5665
25147.13,110.85,8.5666
25148.13,290.77,8.5667
25149.13,301.55,8.567
25150.13,153.3,2.3895
25151.13,320.99,2.6259
25152.13,336.41,2.7392
25153.14,348.22,2.977
25154.14,324.42,3.2587
25155.14,311.22,3.547
25156.14,306.26,3.8583
25157.14,316.93,4.2154
25158.14,301.13,4.6643
25159.14,284.56,5.1253
25160.15,125.91,5.6042
25161.15,106.62,6.0905
25162.15,122.96,6.5798
25163.15,112.38,7.0672
25164.15,186.51,7.4031
25165.15,202.69,7.4056
25166.16,182.25,7.4102
25167.16,144.27,2.4091
25168.16,343.14,2.6768
25169.16,332.53,2.7866
25170.16,341.35,3.0318
25171.16,316.32,3.2633
25172.16,313.89,3.5061
25173.16,311.42,3.731
25174.17,303.4,3.9697
25175.17,301.36,4.2175
25176.17,306.15,4.4465
25177.17,304.45,4.6657
25178.17,314.87,4.8954
25179.17,274.76,5.3065
25180.17,224.56,5.7328
25181.18,247.55,6.182
25182.18,297.8,6.637
25183.18,206.23,7.1092
25184.18,234.33,7.504
25185.18,201.43,7.5073
25186.18,128.37,2.353
25187.18,295.09,2.6193
25188.18,353.48,2.8129
25189.19,338.67,3.0878
25190.19,319.83,3.3592
25191.19,310.65,3.6445
25192.19,311.02,3.9042
25193.19,301.78,4.148
25194.19,304.7,4.373
25195.19,302.57,4.5845
25196.19,304.44,4.8038
25197.2,193.05,2.3954
25198.2,328.56,2.5816
25199.2,341.9,2.7514
25200.2,274.77,2.3719
25201.2,294.97,2.5529
25202.2,321.86,2.7201
25203.2,288.8,2.3801
25204.21,319.3,2.579
25205.21,307.4,2.7519
25206.21,352.76,2.9446
25207.21,319.98,3.1796
25208.21,317.15,3.4047
25209.21,307.32,3.6485
25210.21,308.27,3.8627
25211.22,302.42,4.0716
25212.22,306.81,4.2563
25213.22,304.04,4.4548
25214.22,303.52,4.6691
25215.22,315.93,4.9139
25216.22,213.68,5.1048
25217.22,127.31,5.1723
25218.23,143.45,4.2144
25219.23,249.42,2.5381
25220.23,338.39,2.7572
25221.23,358.9,2.9614
25222.23,322.29,3.1962
25223.23,311.72,3.4191
25224.23,310.48,3.6757
25225.24,307.33,3.9283
25226.24,303.5,4.1575
25227.24,302.77,4.3717
25228.24,303.94,4.5648
25229.24,302.16,4.7567
25230.24,228.32,2.3133
25231.24,287.51,2.5488
25232.25,323.05,2.7487
25233.25,348.57,2.9425
25234.25,338.92,3.195
25235.25,316.86,3.4772
25236.25,312.62,3.7747
25237.25,307.5,4.0544
25238.25,304.73,4.2844
25239.25,303.73,4.5153
25240.26,303.05,4.7384
25241.26,234.66,2.3771
25242.26,289.38,2.556
25243.26,315.38,2.6854
25244.26,297.29,2.346
25245.26,306.15,2.6448
25246.26,352.5,2.846
25247.27,343.44,3.1454
25248.27,321.25,3.4268
25249.27,312.77,3.7448
25250.27,309.39,4.0511
25251.27,303.42,4.3278
25252.27,305.59,4.5989
25253.27,310.92,4.8814
25254.27,231.05,2.4625
25255.28,344.55,2.7608
25256.28,361.28,3.0497
25257.28,318.65,3.363
25258.28,316.17,3.7083
25259.28,306.35,4.0375
25260.28,302.81,4.3562
25261.28,304.4,4.6531
25262.29,323.24,4.9832
25263.29,236.67,5.4364
25264.29,127.24,5.9176
25265.29,221.61,6.4088
25266.29,104.9,6.9284
25267.29,133.94,7.4211
25268.29,101.9,7.473
25269.29,100.76,7.5732
25270.3,109.23,7.5733
25271.3,219.73,7.5733
25272.3,100.62,7.5733
25273.3,101.21,7.5733
25274.3,100.72,7.5733
25275.3,100.67,7.5735
25276.3,101.08,7.5736
25277.31,100.64,7.5736
25278.31,101.07,7.5736
25279.31,106.77,7.5735
25280.31,100.59,7.5735
25281.31,101.04,7.5736
25282.31,100.6,7.5736
25283.32,101.13,7.5736
25284.32,101.08,7.5736
25285.32,100.66,7.5736
25286.32,101.0,7.5736
25287.32,100.64,7.5736
25288.32,100.7,7.5737
25289.32,101.05,7.5737
25290.33,100.65,7.5737
25291.33,100.64,7.5737
25292.33,101.04,7.5737
25293.33,100.76,7.5737
25294.33,101.05,7.5737
25295.33,100.78,7.5737
25296.33,100.64,7.5737
25297.34,101.1,7.5737
25298.34,100.65,7.5736
25299.34,100.65,7.5736
25300.34,101.14,7.5736
25301.34,100.7,7.5737
25302.34,100.67,7.5737
25303.34,101.23,7.5737
25304.35,100.68,7.5737
25305.35,100.68,7.5738
25306.35,101.12,7.5738
25307.35,100.68,7.5738
25308.35,100.7,7.5738
25309.35,100.87,7.5738
25310.35,100.52,7.5738
25311.36,100.67,7.5738
25312.36,101.07,7.5738
25313.36,100.78,7.5738
25314.36,101.08,7.5738
25315.36,100.69,7.5738
25316.36,100.69,7.5738
25317.36,101.63,7.5738
25318.37,100.7,7.5738
25319.37,101.1,7.5738
25320.37,100.67,7.5738
25321.37,100.66,7.5738
25322.37,101.02,7.5738
25323.37,100.73,7.5739
25324.38,100.67,7.5739
25325.38,101.08,7.5739
25326.38,100.66,7.5739
25327.38,101.09,7.5739
25328.38,100.72,7.5739
25329.38,100.72,7.574
25330.38,101.08,7.574
25331.39,100.66,7.574
25332.39,100.64,7.5739
25333.39,101.12,7.574
25334.39,100.65,7.574
25335.39,100.63,7.574
25336.39,101.03,7.574
25337.39,100.67,7.574
25338.4,101.12,7.574
25339.4,100.67,7.574
25340.4,100.66,7.574
25341.4,101.07,7.574
25342.4,100.62,7.574
25343.4,101.16,7.5741
25344.41,100.64,7.5741
25345.41,100.65,7.5741
25346.41,101.07,7.5741
25347.41,100.67,7.5741
25348.41,100.72,7.5741
25349.41,101.07,7.5741
25350.41,101.17,7.5741
25351.42,100.83,7.5742
25352.42,100.43,7.5742
25353.42,100.52,7.5742
25354.42,100.89,7.5742
25355.42,100.89,7.5743
25356.42,100.66,7.5743
25357.42,101.03,7.5742
25358.43,100.71,7.5742
25359.43,101.07,7.5742
25360.43,100.66,7.5741
25361.43,100.68,7.5741
25362.43,101.11,7.5741
25363.43,100.77,7.5743
25364.43,100.66,7.5743
25365.44,101.11,7.5744
25366.44,100.67,7.5744
25367.44,100.73,7.5743
25368.44,101.08,7.5744
25369.44,100.66,7.5744
25370.44,100.67,7.5743
25371.44,101.05,7.5743
25372.45,100.65,7.5743
25373.45,100.7,7.5743
25374.45,101.04,7.5743
25375.45,100.66,7.5743
25376.45,101.03,7.5743
25377.45,100.64,7.5743
25378.45,100.7,7.5744
25379.46,101.04,7.5744
25380.46,100.75,7.5745
25381.46,100.56,7.5745
25382.46,101.01,7.5745
25383.46,100.76,7.5745
25384.46,100.66,7.5745
25385.46,101.03,7.5744
25386.47,100.65,7.5745
25387.47,101.04,7.5745
25388.47,100.69,7.5745
25389.47,100.69,7.5745
25390.47,101.14,7.5745
25391.47,100.69,7.5746
25392.48,100.66,7.5744
25393.48,101.24,7.5746
25394.48,100.64,7.5746
25395.48,100.69,7.5746
25396.48,101.14,7.5746
25397.48,100.65,7.5746
25398.48,100.67,7.5747
25399.48,101.07,7.5747
25400.49,100.68,7.5747
25401.49,100.69,7.5747
25402.49,101.07,7.5747
25403.49,100.76,7.5747
25404.49,100.76,7.5747
25405.49,101.05,7.5747
25406.49,100.66,7.5747
25407.49,100.63,7.5747
25408.5,101.12,7.5747
25409.5,100.69,7.5746
25410.5,100.65,7.5746
25411.5,101.05,7.5748
25412.5,100.6,7.5748
25413.5,100.99,7.5748
25414.51,100.45,7.5748
25415.51,100.48,7.5747
25416.51,100.85,7.5749
25417.51,100.46,7.5749
25418.51,100.51,7.5749
25419.51,100.91,7.5749
25420.51,100.66,7.5749
25421.52,100.7,7.5749
25422.52,101.05,7.5748
25423.52,100.79,7.5748
25424.52,101.07,7.5748
25425.52,100.67,7.5748
25426.52,100.64,7.5747
25427.52,100.98,7.5748
25428.53,101.11,7.5749
25429.53,100.65,7.5749
25430.53,101.04,7.5749
25431.53,100.67,7.575
25432.53,101.07,7.575
25433.53,100.79,7.575
25434.53,100.66,7.575
25435.54,101.04,7.575
25436.54,100.63,7.575
25437.54,100.61,7.5749
25438.54,101.03,7.5749
25439.54,100.67,7.5749
25440.54,101.06,7.575
25441.54,100.75,7.575
25442.55,100.64,7.575
25443.55,101.07,7.5751
25444.55,100.66,7.5751
25445.55,100.6,7.5751
25446.55,100.92,7.5751
25447.55,100.59,7.575
25448.56,100.73,7.575
25449.56,101.17,7.575
25450.56,100.69,7.575
25451.56,100.51,7.5751
25452.56,100.87,7.5751
25453.56,100.53,7.5751
25454.56,100.48,7.5751
25455.56,101.04,7.5751
25456.57,100.61,7.5751
25457.57,100.63,7.5751
25458.57,101.13,7.5751
25459.57,100.69,7.5752
25460.57,100.65,7.5752
25461.57,101.07,7.5752
25462.57,100.63,7.5752
25463.57,100.72,7.5752
25464.58,100.98,7.5752
25465.58,100.51,7.5752
25466.58,100.45,7.575
25467.58,100.85,7.5753
25468.58,100.52,7.5753
25469.58,100.46,7.5753
25470.58,100.88,7.5753
25471.59,100.46,7.5752
25472.59,100.46,7.5752
25473.59,100.99,7.5753
25474.59,100.48,7.5753
25475.59,100.89,7.5752
25476.59,100.46,7.5752
25477.59,100.4,7.5752
25478.6,100.99,7.5754
25479.6,100.44,7.5754
25480.6,100.59,7.5754
25481.6,101.07,7.5754
25482.6,100.72,7.5754
25483.6,100.65,7.5754
25484.61,101.02,7.5754
25485.61,100.67,7.5754
25486.61,101.09,7.5754
25487.61,100.6,7.5754
25488.61,100.62,7.5754
25489.61,101.1,7.5755
25490.61,100.66,7.5755
25491.61,100.63,7.5755
25492.62,101.06,7.5755
25493.62,100.83,7.5755
25494.62,100.77,7.5755
25495.62,100.66,7.5755
25496.62,101.06,7.5755
25497.62,100.56,7.5755
25498.62,100.93,7.5756
25499.62,100.7,7.5756
25500.63,100.65,7.5756
25501.63,100.46,7.5756
25502.63,100.82,7.5756
25503.63,100.6,7.5756
25504.63,100.87,7.5756
25505.63,100.52,7.5756
25506.63,100.47,7.5756
25507.64,100.86,7.5756
25508.64,100.51,7.5756
25509.64,100.48,7.5756
25510.64,100.91,7.5756
25511.64,100.51,7.5757
25512.64,100.48,7.5756
25513.64,101.0,7.5756
25514.65,100.49,7.5756
25515.65,100.49,7.5757
25516.65,100.88,7.5757
25517.65,100.47,7.5758
25518.65,100.6,7.5757
25519.65,101.08,7.5757
25520.65,100.66,7.5757
25521.65,100.66,7.5757
25522.66,101.09,7.5758
25523.66,100.76,7.5758
25524.66,100.68,7.5757
25525.66,101.07,7.5758
25526.66,100.6,7.5758
25527.66,100.65,7.5757
25528.66,101.11,7.5757
25529.67,100.65,7.5758
25530.67,101.08,7.5758
25531.67,100.66,7.5758
25532.67,100.65,7.5758
25533.67,101.68,7.5759
25534.67,100.66,7.5759
25535.68,101.06,7.5759
25536.68,100.64,7.5758
25537.68,100.68,7.576
25538.68,101.08,7.576
25539.68,100.66,7.576
25540.68,100.66,7.576
25541.68,101.07,7.576
25542.69,100.63,7.576
25543.69,100.76,7.576
25544.69,101.05,7.576
25545.69,100.69,7.5759
25546.69,101.06,7.5759
25547.69,100.67,7.5759
25548.7,100.71,7.576
25549.7,101.05,7.576
25550.7,100.68,7.576
25551.7,100.68,7.576
25552.7,101.06,7.576
25553.7,100.68,7.576
25554.7,100.5,7.5759
25555.7,100.88,7.5759
25556.71,100.47,7.5761
25557.71,100.85,7.5761
25558.71,100.82,7.5761
25559.71,100.52,7.576
25560.71,100.85,7.576
25561.71,100.46,7.576
25562.72,100.46,7.576
25563.72,100.96,7.5761
25564.72,100.48,7.5761
25565.72,100.87,7.5761
25566.72,100.45,7.5761
25567.72,100.48,7.5761
25568.72,101.03,7.5761
25569.73,100.64,7.5761
25570.73,101.05,7.5761
25571.73,100.67,7.5761
25572.73,100.65,7.5761
25573.73,101.14,7.5762
25574.73,100.68,7.5762
25575.74,100.69,7.5762
25576.74,101.06,7.5762
25577.74,100.53,7.5762
25578.74,101.09,7.5761
25579.74,100.6,7.5763
25580.74,100.67,7.5763
25581.74,101.03,7.5763
25582.75,100.65,7.5763
25583.75,100.79,7.5763
25584.75,105.12,7.5763
25585.75,100.67,7.5763
25586.75,101.07,7.5763
25587.75,100.64,7.5763
25588.76,100.73,7.5763
25589.76,101.1,7.5763
25590.76,100.71,7.5763
25591.76,101.1,7.5763
25592.76,100.67,7.5763
25593.76,100.78,7.5765
25594.76,101.08,7.5765
25595.77,100.67,7.5765
25596.77,100.67,7.5765
25597.77,101.1,7.5765
25598.77,102.53,7.5765
25599.77,101.1,7.5765
25600.77,100.63,7.5764
25601.78,100.52,7.5765
25602.78,100.88,7.5765
25603.78,173.06,7.5767
25604.78,100.82,7.5767
25605.78,100.5,7.5767
25606.78,100.51,7.5767
25607.78,100.94,7.5767
25608.79,100.73,7.5768
25609.79,101.12,7.5768
25610.79,100.72,7.5768
25611.79,100.57,7.5767
25612.79,100.84,7.5768
25613.79,100.82,7.5768
25614.8,101.12,7.5768
25615.8,100.69,7.5768
25616.8,100.68,7.5768
25617.8,101.08,7.5768
25618.8,100.72,7.5768
25619.8,100.72,7.5768
25620.81,101.11,7.5768
25621.81,100.64,7.5768
25622.81,101.07,7.5768
25623.81,100.76,7.5768
25624.81,100.65,7.5768
25625.81,101.07,7.5768
25626.81,100.64,7.5768
25627.82,101.08,7.5769
25628.82,100.71,7.577
25629.82,100.67,7.577
25630.82,101.15,7.577
25631.82,100.74,7.577
25632.82,100.75,7.5769
25633.83,101.14,7.577
25634.83,100.66,7.577
25635.83,100.98,7.5769
25636.83,100.69,7.577
25637.83,100.7,7.577
25638.83,101.14,7.577
25639.83,100.69,7.577
25640.84,101.12,7.577
25641.84,100.7,7.577
25642.84,100.75,7.577
25643.84,101.13,7.577
25644.84,100.66,7.577
25645.84,100.69,7.577
25646.85,101.06,7.577
25647.85,100.63,7.577
25648.85,101.06,7.577
25649.85,100.47,7.577
25650.85,100.46,7.5772
25651.85,100.91,7.577
25652.85,100.68,7.5772
25653.86,101.13,7.5772
25654.86,100.68,7.5772
25655.86,100.68,7.577
25656.86,101.18,7.577
25657.86,100.71,7.577
25658.86,100.74,7.5771
25659.86,101.1,7.5771
25660.87,100.73,7.5771
25661.87,101.12,7.5771
25662.87,100.77,7.5771
25663.87,100.74,7.5772
25664.87,101.14,7.5772
25665.87,100.72,7.5772
25666.87,100.72,7.5772
25667.88,101.11,7.5772
25668.88,100.74,7.5772
25669.88,101.1,7.5772
25670.88,100.67,7.5772
25671.88,100.7,7.5772
25672.88,101.24,7.5772
25673.89,100.75,7.5772
25674.89,100.71,7.5772
25675.89,101.22,7.5772
25676.89,100.73,7.5772
25677.89,100.73,7.5773
25678.89,101.13,7.5774
25679.89,100.7,7.5774
25680.89,100.7,7.5774
25681.9,101.16,7.5774
25682.9,100.79,7.5774
25683.9,100.75,7.5774
25684.9,101.09,7.5774
25685.9,100.67,7.5774
25686.9,100.7,7.5774
25687.9,101.07,7.5774
25688.91,100.74,7.5774
25689.91,101.08,7.5774
25690.91,102.63,7.5775
25691.91,100.79,7.5775
25692.91,101.12,7.5775
25693.91,100.77,7.5776
25694.92,100.7,7.5775
25695.92,101.12,7.5776
25696.92,100.69,7.5776
25697.92,101.12,7.5775
25698.92,100.76,7.5776
25699.92,100.72,7.5776
25700.92,101.14,7.5776
25701.93,100.76,7.5776
25702.93,100.82,7.5776
25703.93,101.03,7.5776
25704.93,102.56,7.5776
25705.93,100.95,7.5776
25706.93,100.5,7.5776
25707.93,100.47,7.5776
25708.94,101.17,7.5776
25709.94,100.72,7.5776
25710.94,100.71,7.5776
25711.94,100.98,7.5776
25712.94,100.54,7.5776
25713.94,101.06,7.5777
25714.95,100.76,7.5776
25715.95,100.73,7.5776
25716.95,101.14,7.5778
25717.95,100.73,7.5777
25718.95,101.2,7.5778
25719.95,100.73,7.5778
25720.95,100.8,7.5778
25721.96,101.13,7.5778
25722.96,100.83,7.5777
25723.96,100.8,7.5779
25724.96,101.18,7.5779
25725.96,100.76,7.5779
25726.96,101.17,7.5779
25727.97,100.78,7.5779
25728.97,100.78,7.5779
25729.97,101.24,7.5779
25730.97,100.75,7.5779
25731.97,100.74,7.5779
25732.97,101.26,7.5779
25733.97,100.78,7.5779
25734.98,100.75,7.5779
25735.98,100.93,7.5779
25736.98,100.5,7.5779
25737.98,101.14,7.578
25738.98,100.81,7.578
25739.98,100.74,7.578
25740.98,101.15,7.578
25741.99,100.74,7.578
25742.99,100.97,7.578
25743.99,100.57,7.578
25744.99,100.57,7.578
25745.99,100.9,7.578
25746.99,100.46,7.578
25748.0,101.22,7.578
25749.0,100.76,7.578
25750.0,100.71,7.578
25751.0,101.21,7.578
25752.0,100.88,7.578
25753.0,100.86,7.5781
25754.0,101.22,7.578
25755.01,100.82,7.5782
25756.01,101.17,7.5782
25757.01,100.73,7.5782
25758.01,100.69,7.5782
25759.01,100.94,7.5782
25760.01,100.47,7.5782
25761.01,100.47,7.5782
25762.02,100.86,7.5782
25763.02,100.62,7.5782
25764.02,101.25,7.5782
25765.02,101.01,7.5782
25766.02,100.8,7.5782
25767.02,101.19,7.5782
25768.03,100.81,7.5782
25769.03,100.87,7.5782
25770.03,101.2,7.5782
25771.03,122.95,7.68
25772.03,104.83,7.6903
25773.03,100.81,7.6903
25774.03,100.84,7.6903
25775.04,101.29,7.6902
25776.04,100.82,7.6902
25777.04,100.79,7.6902
25778.04,101.28,7.6903
25779.04,100.95,7.6904
25780.04,100.87,7.6904
25781.04,101.3,7.6904
25782.05,100.8,7.6905
25783.05,100.91,7.6906
25784.05,101.2,7.6906
25785.05,100.57,7.6906
25786.05,100.56,7.6906
25787.05,101.0,7.6906
25788.05,100.55,7.6906
25789.05,100.67,7.6906
25790.06,100.99,7.6906
25791.06,100.52,7.6906
25792.06,100.57,7.6906
25793.06,101.2,7.6925
25794.06,100.87,7.6981
25795.06,100.88,7.7019
25796.06,101.11,7.7058
25797.07,100.66,7.7111
25798.07,101.21,7.7158
25799.07,100.86,7.7203
25800.07,100.74,7.7244
25801.07,100.92,7.727
25802.08,100.74,7.7324
25803.08,100.58,7.7388
25804.08,101.13,7.7388
25805.08,100.91,7.7389
25806.08,154.76,2.4202
25807.09,336.36,2.6398
25808.09,345.36,2.7991
25809.09,352.41,3.0874
25810.09,281.32,2.3468
25811.09,277.38,2.5499
25812.09,270.06,2.4717
25813.09,334.38,2.4703
25814.1,278.63,2.5523
25815.1,267.4,2.3807
25816.1,292.86,2.5618
25817.1,327.37,2.6724
25818.1,294.97,2.5944
25819.1,338.56,2.6565
25820.1,271.97,2.5766
25821.11,311.24,2.6849
25822.11,268.21,2.5426
25823.11,326.06,2.6582
25824.11,265.21,2.4706
25825.11,318.36,2.6253
25826.11,291.0,2.4679
25827.11,341.69,2.6482
25828.11,294.17,2.5212
25829.12,304.68,2.6532
25830.12,273.28,2.5307
25831.12,307.71,2.6584
25832.12,285.87,2.5813
25833.12,313.2,2.6889
25834.12,268.48,2.4353
25835.12,306.47,2.6099
25836.13,350.46,2.7479
25837.13,259.82,2.4922
25838.13,308.59,2.6459
25839.13,261.48,2.4576
25840.13,330.13,2.6149
25841.13,356.98,2.7975
25842.13,264.03,2.5179
25843.13,312.72,2.6539
25844.14,269.0,2.4441
25845.14,321.11,2.6092
25846.14,320.34,2.4279
25847.14,294.25,2.5962
25848.14,335.6,2.7286
25849.14,262.64,2.5448
25850.14,345.69,2.6667
25851.15,277.55,2.4308
25852.15,301.06,2.6076
25853.15,336.93,2.7452
25854.15,284.3,2.4271
25855.15,303.92,2.5997
25856.15,335.04,2.7258
25857.15,255.92,2.4785
25858.15,315.7,2.6467
25859.16,314.87,2.4187
25860.16,288.03,2.5868
25861.16,340.43,2.7194
25862.16,281.73,2.5947
25863.16,327.56,2.7027
25864.16,286.8,2.428
25865.16,308.41,2.6072
25866.16,357.88,2.7655
25867.17,330.71,2.9272
25868.17,267.95,2.54
25869.17,315.59,2.6727
25870.17,263.02,2.4931
25871.17,315.27,2.638
25872.17,279.35,2.4555
25873.17,317.49,2.6163
25874.18,330.24,2.4194
25875.18,300.46,2.5931
25876.18,311.84,2.7097
25877.18,276.11,2.4223
25878.18,300.66,2.5987
25879.18,252.25,2.4422
25880.18,299.33,2.6062
25881.19,270.54,2.5447
25882.19,306.96,2.6599
25883.19,345.5,2.8685
25884.19,262.52,2.571
25885.19,306.62,2.6855
25886.19,348.11,2.9191
25887.19,274.39,2.4344
25888.19,300.09,2.607
25889.2,350.47,2.7488
25890.2,336.27,2.9799
25891.2,252.21,2.5448
25892.2,299.27,2.6616
25893.2,335.57,2.841
25894.2,259.56,2.5705
25895.2,314.02,2.6769
25896.21,289.24,2.4323
25897.21,317.23,2.6133
25898.21,371.35,2.7641
25899.21,332.8,2.9929
25900.21,237.19,2.4736
25901.21,349.54,2.6502
25902.21,359.84,2.8986
25903.21,327.08,3.1925
25904.22,241.82,2.4927
25905.22,291.15,2.6558
25906.22,350.51,2.8818
25907.22,327.19,3.1276
25908.22,244.35,2.4683
25909.22,316.76,2.6285
25910.22,356.64,2.8157
25911.23,250.17,2.5407
25912.23,327.44,2.6695
25913.23,325.87,2.3914
25914.23,291.44,2.6084
25915.23,292.59,2.717
25916.23,305.47,2.4208
25917.23,295.56,2.617
25918.23,311.48,2.7215
25919.24,254.62,2.501
25920.24,318.7,2.6572
25921.24,273.78,2.455
25922.24,302.76,2.6298
25923.24,286.14,2.4446
25924.24,317.97,2.6132
25925.24,307.27,2.4275
25926.25,300.81,2.6055
25927.25,330.05,2.7217
25928.25,261.7,2.5394
25929.25,311.42,2.6572
25930.25,261.38,2.4714
25931.25,313.89,2.6176
25932.25,306.82,2.4389
25933.25,299.55,2.6023
25934.26,339.9,2.7359
25935.26,262.49,2.5577
25936.26,318.85,2.6673
25937.26,258.45,2.486
25938.26,326.16,2.6453
25939.26,358.98,2.8193
25940.26,248.99,2.4958
25941.27,291.5,2.6498
25942.27,268.43,2.5664
25943.27,274.73,2.4172
25944.27,293.55,2.6056
25945.27,255.09,2.4492
25946.27,326.58,2.6652
25947.27,348.19,2.7768
25948.27,261.86,2.4989
25949.28,347.96,2.7094
25950.28,324.23,2.4359
25951.28,296.79,2.6072
25952.28,354.34,2.7747
25953.28,258.16,2.4812
25954.28,333.52,2.6848
25955.28,350.36,2.6965
25956.29,267.03,2.595
25957.29,309.48,2.9168
25958.29,306.01,3.2385
25959.29,303.13,3.3769
25960.29,358.1,3.6612
25961.29,325.9,3.8917
25962.29,305.88,4.1114
25963.3,315.22,4.3374
25964.3,307.26,4.5531
25965.3,306.59,4.7538
25966.3,308.95,4.9164
25967.3,288.11,5.126
25968.3,200.05,5.2581
25969.31,167.25,5.4338
25970.31,119.66,5.5783
25971.31,123.64,5.6563
25972.31,109.84,5.7289
25973.31,134.13,5.7928
25974.31,141.69,5.8785
25975.31,112.36,5.9681
25976.32,131.26,6.0765
25977.32,106.62,6.1224
25978.32,114.03,6.1763
25979.32,118.92,6.2502
25980.32,196.84,6.3261
25981.32,120.75,6.3923
25982.32,134.69,6.4143
25983.33,148.33,6.4653
25984.33,160.28,6.5513
25985.33,104.04,6.605
25986.33,102.9,6.6424
25987.33,172.34,6.7329
25988.33,164.94,6.7896
25989.34,152.04,6.8127
25990.34,149.94,6.8597
25991.34,106.57,6.93
25992.34,100.91,6.9784
25993.34,113.28,7.0499
25994.34,101.73,7.092
25995.34,102.54,7.1701
25996.35,105.55,7.2384
25997.35,134.83,7.3086
25998.35,100.99,7.3467
25999.35,198.72,7.7076
26000.35,107.88,7.7076
26001.35,103.57,7.7097
26002.35,100.96,7.7096
26003.36,101.23,7.7096
26004.36,101.32,7.7097
26005.36,124.82,7.7097
26006.36,110.11,7.7097
26007.36,104.07,7.7096
26008.36,100.69,7.7096
26009.36,122.03,7.7098
26010.37,118.35,7.7098
26011.37,124.2,7.7098
26012.37,114.23,7.7098
26013.37,151.34,7.7098
26014.37,107.46,7.7098
26015.37,101.36,7.7098
26016.37,142.35,7.7126
26017.38,105.88,7.7126
26018.38,115.27,7.7127
26019.38,104.06,7.7127
26020.38,101.09,7.7127
26021.38,102.95,7.7127
26022.39,114.67,7.7127
26023.39,101.05,7.7127
26024.39,106.85,7.7127
26025.39,101.03,7.7127
26026.39,101.45,7.7127
26027.39,101.36,7.7127
26028.4,100.82,7.7127
26029.4,101.22,7.7127
26030.4,104.39,7.7127
26031.4,104.52,7.7127
26032.4,100.77,7.7128
26033.4,105.67,7.7129
26034.4,103.76,7.7129
26035.41,100.78,7.7129
26036.41,104.82,7.7129
26037.41,101.1,7.7129
26038.41,100.85,7.7129
26039.41,148.71,7.7129
26040.41,130.42,7.7129
26041.41,100.81,7.7129
26042.41,101.11,7.7128
26043.42,105.85,7.7128
26044.42,101.53,7.7129
26045.42,123.71,7.7129
26046.42,118.96,7.7129
26047.42,100.99,7.7129
26048.42,100.93,7.7129
26049.42,101.3,7.713
26050.43,101.22,7.713
26051.43,100.88,7.713
26052.43,101.22,7.713
26053.43,108.19,7.713
26054.43,101.36,7.713
26055.43,100.83,7.713
26056.43,100.83,7.713
26057.44,104.31,7.713
26058.44,121.04,7.713
26059.44,100.82,7.7132
26060.44,102.08,7.7132
26061.44,113.44,7.7132
26062.44,100.82,7.7132
26063.44,101.8,7.7422
26064.45,100.55,7.7686
26065.45,115.3,7.7986
26066.45,101.03,7.8133
26067.45,106.3,7.8132
26068.45,100.62,7.8134
26069.46,100.56,7.8134
26070.46,101.08,7.8134
26071.46,100.77,7.8134
26072.46,100.98,7.8134
26073.46,101.01,7.8134
26074.46,101.68,7.8134
26075.46,100.74,7.8134
26076.47,103.39,7.8135
26077.47,100.76,7.8135
26078.47,103.22,7.8136
26079.47,101.37,7.8136
26080.47,102.47,7.8136
26081.47,106.38,7.8136
26082.48,106.8,7.8136
26083.48,101.32,7.8136
26084.48,108.36,7.8136
26085.48,100.91,7.8137
26086.48,114.27,7.8136
26087.48,100.68,7.8135
26088.48,100.6,7.8136
26089.48,101.21,7.8136
26090.49,100.93,7.8136
26091.49,101.15,7.8136
26092.49,100.79,7.8136
26093.49,102.27,7.8136
26094.49,101.16,7.8136
26095.49,102.0,7.8136
26096.5,100.83,7.8136
26097.5,100.88,7.8136
26098.5,101.01,7.8136
26099.5,101.12,7.8136
26100.5,103.88,7.8136
26101.5,100.8,7.8137
26102.5,100.91,7.8136
26103.51,101.91,7.8136
26104.51,101.21,7.8138
26105.51,100.77,7.8138
26106.51,100.67,7.8136
26107.51,101.29,7.8138
26108.51,100.84,7.8139
26109.51,100.83,7.8139
26110.52,101.62,7.8139
26111.52,100.84,7.8139
26112.52,100.9,7.8139
26113.52,101.07,7.8139
26114.52,101.14,7.8138
26115.52,100.89,7.8139
26116.52,101.28,7.814
26117.53,102.83,7.814
26118.53,100.81,7.814
26119.53,104.5,7.814
26120.53,102.0,7.814
26121.53,100.9,7.814
26122.53,101.24,7.814
26123.53,105.1,7.814
26124.54,101.18,7.814
26125.54,217.12,8.2398
26126.54,102.99,8.2398
26127.54,104.33,8.2398
26128.54,104.4,8.2398
26129.54,101.21,8.2531
26130.55,121.29,8.2822
26131.55,100.79,8.2965
26132.55,116.53,8.3164
26133.55,102.68,8.338
26134.55,100.87,8.338
26135.55,101.19,8.338
26136.55,101.63,8.338
26137.56,101.29,8.338
26138.56,100.89,8.3382
26139.56,100.85,8.3382
26140.56,101.34,8.3382
26141.56,135.46,8.3382
26142.57,101.86,8.3382
26143.57,105.66,8.3382
26144.57,101.4,8.3382
26145.57,100.8,8.3382
26146.57,101.13,8.3382
26147.57,100.72,8.3382
26148.58,100.92,8.3382
26149.58,101.2,8.3382
26150.58,116.07,8.3382
26151.58,101.24,8.3382
26152.58,101.39,8.3382
26153.58,100.99,8.3383
26154.58,101.22,8.3382
26155.59,100.83,8.3382
26156.59,101.19,8.3384
26157.59,100.84,8.3384
26158.59,100.86,8.3385
26159.59,130.82,8.3385
26160.59,254.1,8.3389
26161.6,181.04,8.3389
26162.6,181.69,8.339
26163.6,121.32,8.339
26164.6,100.53,8.339
26165.6,100.96,8.339
26166.6,100.51,8.339
26167.6,177.37,8.3912
26168.6,101.42,8.3913
26169.61,100.88,8.3913
26170.61,100.86,8.3913
26171.61,101.4,8.3914
26172.61,100.92,8.3914
26173.61,101.13,8.3913
26174.61,101.29,8.3914
26175.61,100.9,8.3914
26176.62,175.63,8.3916
26177.62,101.24,8.3916
26178.62,100.91,8.3916
26179.62,103.45,8.3916
26180.62,100.7,8.3916
26181.62,100.67,8.3917
26182.62,101.21,8.3917
26183.63,100.86,8.3917
26184.63,101.24,8.3917
26185.63,174.9,8.3935
26186.63,100.83,8.3934
26187.63,101.22,8.3934
26188.63,102.12,8.3934
26189.63,100.69,8.3934
26190.64,101.14,8.3934
26191.64,100.52,8.3934
26192.64,100.96,8.3934
26193.64,100.67,8.3934
26194.64,194.34,8.0783
26195.64,169.35,2.5027
26196.65,326.03,2.7002
26197.65,356.58,2.8949
26198.65,232.15,3.0607
26199.65,130.01,3.1265
26200.65,114.24,3.174
26201.65,118.15,2.4581
26202.65,313.36,2.6693
26203.65,333.84,2.7939
26204.66,258.96,2.5235
26205.66,340.94,2.7097
26206.66,293.54,2.4647
26207.66,323.32,2.6245
26208.66,328.38,2.4422
26209.66,294.8,2.6248
26210.66,335.95,2.6429
26211.67,274.13,2.6114
26212.67,313.7,2.3904
26213.67,279.55,2.6154
26214.67,299.18,2.7217
26215.67,340.29,2.9506
26216.67,331.51,3.1685
26217.67,230.54,2.5344
26218.67,319.62,2.688
26219.68,353.28,2.8827
26220.68,326.37,3.1217
26221.68,255.55,3.4485
26222.68,242.08,2.5469
26223.68,325.88,2.6958
26224.68,349.5,2.8953
26225.68,335.38,3.1285
26226.69,275.54,3.4217
26227.69,136.68,2.4894
26228.69,315.21,2.6561
26229.69,350.28,2.8182
26230.69,323.39,3.0792
26231.69,206.79,3.4706
26232.69,189.07,3.8634
26233.7,108.66,4.2512
26234.7,107.74,4.6331
26235.7,193.23,5.0623
26236.7,202.44,2.4611
26237.7,300.38,2.6547
26238.7,336.61,2.7737
26239.7,263.92,2.5477
26240.7,306.41,2.6884
26241.71,354.3,2.8838
26242.71,246.21,2.5511
26243.71,320.34,2.8657
26244.71,304.7,3.1948
26245.71,302.41,3.5962
26246.71,224.77,4.0937
26247.71,147.71,4.5632
26248.71,266.49,4.8563
26249.72,365.87,5.0673
26250.72,326.04,5.3243
26251.72,325.71,5.6412
26252.72,314.02,5.8778
26253.72,306.46,6.098
26254.72,301.09,6.2855
26255.72,303.99,6.5018
26256.73,303.23,6.7376
26257.73,304.57,6.9956
26258.73,273.63,7.2348
26259.73,277.22,7.8745
26260.73,296.02,8.1946
26261.73,184.63,8.1951
26262.74,174.04,8.1956
26263.74,233.11,8.1959
26264.74,195.92,8.196
26265.74,183.91,8.1961
26266.74,200.17,8.1961
26267.74,224.33,8.1966
26268.74,104.09,8.1966
26269.74,154.43,8.1966
26270.75,104.82,8.2856
26271.75,106.43,8.2968
26272.75,180.05,8.2968
26273.75,204.13,8.2968
26274.75,208.38,8.2968
26275.75,168.43,8.2999
26276.75,100.86,8.2999
26277.76,106.62,8.2999
26278.76,100.93,8.2999
26279.76,102.75,8.2998
26280.76,101.28,8.2998
26281.76,100.91,8.2998
26282.76,101.25,8.2998
26283.77,114.4,8.3
26284.77,101.14,8.3
26285.77,109.93,8.3
26286.77,122.02,8.3
26287.77,101.27,8.3
26288.77,101.28,8.3
26289.78,100.84,8.2998
26290.78,106.39,8.3
26291.78,103.81,8.3
26292.78,121.4,8.3
26293.78,101.22,8.3001
26294.78,102.84,8.3001
26295.78,102.2,8.3001
26296.79,105.3,8.3001
26297.79,117.19,8.3001
26298.79,107.59,8.3002
26299.79,106.0,8.3001
26300.79,104.53,8.3001
26301.79,261.92,9.068
26302.79,122.68,9.1161
26303.8,104.63,9.116
26304.8,100.85,9.1159
26305.8,102.42,9.1159
26306.8,100.87,9.1159
26307.8,112.15,9.1159
26308.8,104.63,9.116
26309.81,100.57,9.116
26310.81,100.66,9.116
26311.81,101.04,9.116
26312.81,100.78,9.116
26313.81,101.16,9.116
26314.81,100.65,9.1162
26315.82,100.64,9.1162
26316.82,101.33,9.1162
26317.82,102.33,9.1162
26318.82,108.32,9.1162
26319.82,101.22,9.1162
26320.82,100.83,9.1162
26321.82,115.12,9.1162
26322.83,100.91,9.1162
26323.83,101.17,9.1162
26324.83,101.51,9.1162
26325.83,100.86,9.1162
26326.83,101.26,9.1162
26327.83,100.86,9.1162
26328.83,100.97,9.1163
26329.84,101.34,9.1163
26330.84,100.79,9.1163
26331.84,101.8,9.1162
26332.84,101.39,9.1162
26333.84,101.89,9.1163
26334.84,100.83,9.1163
26335.84,105.24,9.1163
26336.85,100.84,9.1163
26337.85,111.22,9.1164
26338.85,101.31,9.1162
26339.85,100.86,9.1164
26340.85,101.28,9.1164
26341.85,103.23,9.1164
26342.86,100.96,9.1164
26343.86,101.34,9.1164
26344.86,100.89,9.1164
26345.86,102.19,9.1164
26346.86,100.98,9.1164
26347.86,122.77,9.1164
26348.86,119.41,9.1164
26349.87,100.78,9.1164
26350.87,101.77,9.1165
26351.87,101.75,9.1165
26352.87,101.58,9.1165
26353.87,101.14,9.1164
26354.87,102.26,9.1165
26355.87,102.42,9.1165
26356.88,101.01,9.1165
26357.88,102.61,9.1165
26358.88,112.0,9.1166
26359.88,101.71,9.1166
26360.88,101.7,9.1166
26361.88,101.57,9.1166
26362.88,100.9,9.1166
26363.88,117.68,9.1166
26364.89,101.11,9.1166
26365.89,100.87,9.1167
26366.89,101.81,9.1167
26367.89,100.97,9.1167
26368.89,101.36,9.1167
26369.89,100.85,9.1167
26370.9,102.89,9.1167
26371.9,101.37,9.1167
26372.9,101.11,9.1167
26373.9,100.85,9.1167
26374.9,101.44,9.1167
26375.9,101.19,9.1167
26376.9,101.3,9.1167
26377.91,100.88,9.1167
26378.91,100.88,9.1169
26379.91,101.25,9.1169
26380.91,101.28,9.1169
26381.91,194.32,9.1169
26382.91,120.55,9.1188
26383.92,101.11,9.1188
26384.92,100.86,9.1188
26385.92,100.86,9.1188
26386.92,101.48,9.1188
26387.92,108.42,9.1188
26388.92,101.16,9.1189
26389.93,100.99,9.1188
26390.93,100.55,9.1188
26391.93,101.81,9.1188
26392.93,101.45,9.1188
26393.93,109.7,9.1188
26394.93,114.58,9.1187
26395.94,100.87,9.1187
26396.94,101.32,9.1187
26397.94,100.86,9.1188
26398.94,100.97,9.1188
26399.94,101.59,9.1187
26400.94,100.88,9.1187
26401.94,101.15,9.1189
26402.94,101.33,9.1189
26403.95,101.24,9.1189
26404.95,101.24,9.1189
26405.95,100.81,9.1189
26406.95,100.86,9.1189
26407.95,101.26,9.1189
26408.95,117.24,9.111
26409.96,101.53,9.111
26410.96,100.96,9.111
26411.96,102.13,9.111
26412.96,100.88,9.111
26413.96,101.15,9.111
26414.96,101.1,9.111
26415.97,197.05,9.1112
26416.97,181.05,9.2227
26417.97,101.3,9.2227
26418.97,100.89,9.2226
26419.97,100.89,9.2225
26420.97,101.38,9.2226
26421.97,100.91,9.2227
26422.98,101.83,9.2226
26423.98,101.32,9.2228
26424.98,100.93,9.2228
26425.98,101.25,9.2228
26426.98,100.85,9.2228
26427.98,100.84,9.2228
26428.98,101.39,9.2228
26429.99,100.86,9.2228
26430.99,100.81,9.2228
26431.99,101.31,9.2228
26432.99,101.01,9.2228
26433.99,100.93,9.2228
26434.99,101.28,9.2228
26435.99,101.02,9.2228
26436.99,101.03,9.2228
26438.0,101.25,9.2228
26439.0,100.89,9.2229
26440.0,100.86,9.2229
26441.0,101.28,9.223
26442.0,100.86,9.223
26443.0,101.34,9.2231
26444.01,100.91,9.2231
26445.01,100.82,9.2231
26446.01,101.26,9.2231
26447.01,100.86,9.2231
26448.01,101.2,9.2231
26449.01,100.89,9.2231
26450.02,100.83,9.2231
26451.02,101.23,9.2231
26452.02,100.9,9.223
26453.02,101.28,9.223
26454.02,100.79,9.2231
26455.02,100.83,9.2232
26456.02,101.26,9.2232
26457.03,101.08,9.2232
26458.03,101.11,9.2232
26459.03,100.89,9.2232
26460.03,100.87,9.2231
26461.03,101.34,9.2231
26462.03,100.83,9.2231
26463.04,100.89,9.2232
26464.04,101.27,9.2232
26465.04,101.98,9.2231
26466.04,101.33,9.2232
26467.04,100.83,9.2232
26468.04,190.08,9.2267
26469.04,202.09,9.2301
26470.05,103.66,9.2312
26471.05,101.25,9.2312
26472.05,100.9,9.2312
26473.05,100.92,9.2312
26474.05,101.3,9.2314
26475.05,100.84,9.2314
26476.06,101.26,9.2314
26477.06,100.85,9.2314
26478.06,100.84,9.2314
26479.06,101.38,9.2313
26480.06,100.85,9.2313
26481.06,100.87,9.2313
26482.06,101.25,9.2313
26483.07,100.9,9.2314
26484.07,101.25,9.2314
26485.07,100.5,9.2313
26486.07,100.7,9.2314
26487.07,101.24,9.2315
26488.07,100.84,9.2315
26489.08,101.33,9.2315
26490.08,100.96,9.2315
26491.08,100.86,9.2315
26492.08,101.25,9.2315
26493.08,100.89,9.2315
26494.08,103.53,9.2315
26495.08,101.22,9.2315
26496.09,102.01,9.2315
26497.09,101.26,9.2315
26498.09,100.85,9.2315
26499.09,100.83,9.2315
26500.09,101.29,9.2316
26501.09,100.89,9.2315
26502.1,102.52,9.2315
26503.1,100.91,9.2315
26504.1,101.27,9.2316
26505.1,101.24,9.2316
26506.1,100.83,9.2316
26507.1,101.26,9.2316
26508.11,100.89,9.2316
26509.11,100.93,9.2316
26510.11,101.81,9.2318
26511.11,100.83,9.2318
26512.11,100.9,9.2318
26513.11,101.34,9.2318
26514.11,100.89,9.2318
26515.11,100.85,9.2317
26516.12,101.27,9.2317
26517.12,100.84,9.2317
26518.12,100.86,9.2317
26519.12,101.3,9.2319
26520.12,101.4,9.2319
26521.12,102.08,9.2317
26522.13,100.84,9.2317
26523.13,101.32,9.2317
26524.13,101.3,9.2318
26525.13,100.85,9.2319
26526.13,101.24,9.2319
26527.13,100.82,9.2318
26528.14,100.86,9.2318
26529.14,101.29,9.2319
26530.14,100.7,9.2318
26531.14,101.22,9.2318
26532.14,100.82,9.2318
26533.14,100.9,9.232
26534.14,101.38,9.2321
26535.15,100.8,9.2321
26536.15,100.83,9.232
26537.15,101.26,9.232
26538.15,100.57,9.232
26539.15,100.73,9.2321
26540.15,101.3,9.2321
26541.15,100.85,9.232
26542.15,100.94,9.2321
26543.16,101.28,9.2321
26544.16,100.98,9.2321
26545.16,100.84,9.2322
26546.16,100.8,9.2322
26547.16,101.23,9.2322
26548.16,100.83,9.2322
26549.16,106.64,9.2322
26550.17,100.81,9.2321
26551.17,105.11,9.2321
26552.17,101.26,9.2321
26553.17,100.91,9.2321
26554.17,101.29,9.2321
26555.17,101.0,9.2321
26556.18,101.49,9.2321
26557.18,101.22,9.2321
26558.18,101.8,9.2319
26559.18,101.78,9.232
26560.18,103.57,9.2321
26561.18,100.82,9.2321
26562.18,101.22,9.2321
26563.19,100.89,9.2321
26564.19,101.32,9.2322
26565.19,100.86,9.2322
26566.19,100.83,9.2322
26567.19,101.89,9.2322
26568.19,101.07,9.2322
26569.2,100.83,9.2323
26570.2,101.14,9.2323
26571.2,100.64,9.2323
26572.2,101.27,9.2323
26573.2,100.92,9.2323
26574.2,101.0,9.2323
26575.2,101.23,9.2324
26576.21,100.96,9.2323
26577.21,101.18,9.2323
26578.21,100.85,9.2323
26579.21,100.8,9.2323
26580.21,101.18,9.2323
26581.21,101.03,9.2323
26582.22,100.77,9.2323
26583.22,101.16,9.2323
26584.22,100.53,9.2324
26585.22,101.03,9.2324
26586.22,100.55,9.2324
26587.22,100.53,9.2324
26588.22,100.93,9.2324
26589.23,100.59,9.2324
26590.23,100.92,9.2324
26591.23,100.57,9.2324
26592.23,100.53,9.2325
26593.23,101.0,9.2325
26594.23,100.6,9.2324
26595.24,101.0,9.2324
26596.24,100.67,9.2324
26597.24,100.79,9.2325
26598.24,116.6,9.2324
26599.24,100.91,9.2326
26600.24,100.82,9.2326
26601.24,101.24,9.2324
26602.25,100.77,9.2326
26603.25,100.83,9.2326
26604.25,101.16,9.2326
26605.25,100.78,9.2326
26606.25,101.21,9.2326
26607.25,171.58,9.2326
26608.26,249.59,9.4295
26609.26,101.29,9.4295
26610.26,100.53,9.4295
26611.26,100.87,9.4295
26612.26,100.7,9.4295
26613.26,100.88,9.4295
26614.26,101.25,9.4295
26615.27,100.63,9.4295
26616.27,101.05,9.4294
26617.27,100.55,9.4294
26618.27,100.81,9.4294
26619.27,101.32,9.4296
26620.27,100.97,9.4297
26621.28,102.57,9.4295
26622.28,100.77,9.4297
26623.28,100.69,9.4297
26624.28,101.01,9.4297
26625.28,100.61,9.4297
26626.28,101.26,9.4297
26627.29,100.85,9.4296
26628.29,100.84,9.4296
26629.29,101.27,9.4297
26630.29,100.82,9.4297
26631.29,101.19,9.4297
26632.29,100.72,9.4297
26633.3,101.21,9.4297
26634.3,101.19,9.4297
26635.3,100.81,9.4297
26636.3,101.27,9.4297
26637.3,100.85,9.4297
26638.3,100.85,9.4297
26639.31,101.92,9.4297
26640.31,100.84,9.4297
26641.31,101.28,9.4297
26642.31,112.4,9.4297
26643.31,100.95,9.4298
26644.31,101.39,9.4298
26645.31,100.83,9.4299
26646.32,101.05,9.4299
26647.32,101.26,9.4299
26648.32,100.86,9.4299
26649.32,100.81,9.4299
26650.32,101.25,9.4299
26651.32,100.87,9.4299
26652.32,101.23,9.4298
26653.33,100.97,9.4298
26654.33,101.03,9.4298
26655.33,101.23,9.4298
26656.33,100.85,9.43
26657.33,101.27,9.4299
26658.33,100.9,9.43
26659.34,100.78,9.4299
26660.34,101.22,9.4299
26661.34,101.56,9.4299
26662.34,101.24,9.4299
26663.34,100.94,9.43
26664.34,100.85,9.43
26665.34,101.23,9.43
26666.35,100.87,9.4299
26667.35,101.25,9.43
26668.35,100.9,9.43
26669.35,100.81,9.43
26670.35,101.2,9.4301
26671.35,100.81,9.4299
26672.36,101.97,9.43
26673.36,100.92,9.43
26674.36,100.98,9.43
26675.36,101.22,9.4301
26676.36,100.9,9.4301
26677.36,101.28,9.4301
26678.37,100.93,9.4301
26679.37,100.85,9.4301
26680.37,101.26,9.4302
26681.37,100.9,9.4301
26682.37,100.88,9.4301
26683.37,101.44,9.4302
26684.37,100.85,9.4301
26685.38,100.83,9.4301
26686.38,101.25,9.4303
26687.38,100.66,9.4303
26688.38,100.87,9.4303
26689.38,101.34,9.4303
26690.38,100.82,9.4303
26691.38,100.81,9.4303
26692.38,101.27,9.4303
26693.39,100.94,9.4303
26694.39,100.86,9.4303
26695.39,101.28,9.4303
26696.39,100.85,9.4302
26697.39,100.86,9.4302
26698.39,101.23,9.4304
26699.39,100.75,9.4303
26700.4,100.83,9.4303
26701.4,101.29,9.4303
26702.4,101.65,9.4304
26703.4,101.44,9.4304
26704.4,100.87,9.4304
26705.4,100.84,9.4304
26706.4,101.3,9.4304
26707.41,100.88,9.4304
26708.41,100.85,9.4304
26709.41,101.01,9.4304
26710.41,100.53,9.4304
26711.41,100.55,9.4303
26712.41,101.01,9.4304
26713.41,100.63,9.4304
26714.42,100.75,9.4304
26715.42,101.28,9.4304
26716.42,101.27,9.4305
26717.42,101.28,9.4305
26718.42,100.9,9.4304
26719.42,100.82,9.4304
26720.42,104.25,9.4304
26721.43,100.88,9.4304
26722.43,101.26,9.4304
26723.43,101.17,9.4304
26724.43,100.84,9.4305
26725.43,101.22,9.4306
26726.43,100.91,9.4306
26727.44,101.24,9.4306
26728.44,100.9,9.4306
26729.44,101.88,9.4305
26730.44,100.95,9.4306
26731.44,100.85,9.4306
26732.44,101.18,9.4306
26733.45,100.96,9.4306
26734.45,100.84,9.4306
26735.45,101.23,9.4306
26736.45,100.85,9.4306
26737.45,101.18,9.4306
26738.45,100.87,9.4306
26739.46,100.83,9.4306
26740.46,101.22,9.4307
26741.46,100.79,9.4307
26742.46,100.79,9.4307
26743.46,101.35,9.4307
26744.46,100.78,9.4307
26745.46,101.22,9.4307
26746.46,100.94,9.4308
26747.47,100.85,9.4308
26748.47,101.29,9.4307
26749.47,100.86,9.4307
26750.47,100.82,9.4307
26751.47,107.64,9.4307
26752.47,100.81,9.4307
26753.48,101.4,9.4308
26754.48,100.84,9.4308
26755.48,100.78,9.4308
26756.48,101.02,9.4308
26757.48,100.56,9.4308
26758.48,100.88,9.4308
26759.48,101.12,9.4308
26760.49,101.12,9.4311
26761.49,101.27,9.4311
26762.49,100.86,9.4311
26763.49,101.31,9.4311
26764.49,101.01,9.431
26765.49,100.72,9.4311
26766.5,101.26,9.4311
26767.5,100.86,9.431
26768.5,100.63,9.4311
26769.5,101.26,9.4311
26770.5,100.57,9.4311
26771.5,100.93,9.4311
26772.51,101.86,9.4311
26773.51,100.72,9.4311
26774.51,101.18,9.4312
26775.51,100.95,9.4312
26776.51,101.29,9.4312
26777.51,100.65,9.4311
26778.52,100.67,9.4311
26779.52,100.96,9.4313
26780.52,100.66,9.4313
26781.52,100.93,9.4313
26782.52,101.18,9.4313
26783.52,100.62,9.4313
26784.52,100.9,9.4313
26785.53,100.61,9.4313
26786.53,110.76,9.4313
26787.53,101.06,9.4313
26788.53,114.17,9.4313
26789.53,101.28,9.4313
26790.53,100.81,9.4313
26791.54,100.83,9.4313
26792.54,101.24,9.4313
26793.54,100.97,9.4313
26794.54,101.26,9.4313
26795.54,100.83,9.4313
26796.54,100.54,9.4312
26797.54,101.01,9.4313
26798.55,100.61,9.4313
26799.55,100.9,9.4314
26800.55,100.49,9.4313
26801.55,100.53,9.4314
26802.55,101.24,9.4314
26803.55,101.43,9.4313
26804.56,100.86,9.4314
26805.56,100.49,9.4314
26806.56,100.5,9.4314
26807.56,107.36,9.4315
26808.56,101.15,9.4315
26809.56,100.85,9.4313
26810.57,101.23,9.4313
26811.57,100.87,9.4314
26812.57,101.25,9.4313
26813.57,100.94,9.4313
26814.57,100.84,9.4312
26815.57,101.22,9.4313
26816.57,100.82,9.4313
26817.58,101.25,9.4312
26818.58,100.88,9.4312
26819.58,104.85,9.4314
26820.58,102.69,9.4314
26821.58,100.48,9.4314
26822.58,100.49,9.4314
26823.58,102.75,9.4314
26824.59,117.99,9.4315
26825.59,118.08,9.4317
26826.59,100.49,9.4317
26827.59,100.52,9.4317
26828.59,101.24,9.4317
26829.59,100.86,9.4317
26830.6,101.24,9.4317
26831.6,103.24,9.4317
26832.6,100.85,9.4317
26833.6,101.35,9.4317
26834.6,100.84,9.4317
26835.6,100.75,9.4317
26836.6,105.39,9.4317
26837.61,100.79,9.4317
26838.61,100.84,9.4317
26839.61,101.27,9.4317
26840.61,100.78,9.4317
26841.61,100.83,9.4319
26842.61,101.3,9.4317
26843.61,101.15,9.4317
26844.62,100.82,9.4317
26845.62,101.25,9.4317
26846.62,100.83,9.4317
26847.62,100.82,9.4317
26848.62,101.28,9.432
26849.62,100.85,9.4319
26850.62,101.21,9.432
26851.63,102.35,9.432
26852.63,100.82,9.432
26853.63,101.33,9.432
26854.63,100.57,9.432
26855.63,100.95,9.432
26856.63,100.59,9.432
26857.63,100.76,9.432
26858.64,101.35,9.432
26859.64,100.84,9.432
26860.64,100.82,9.432
26861.64,101.36,9.432
26862.64,100.86,9.4319
26863.64,104.24,9.4319
26864.64,101.28,9.4319
26865.65,100.85,9.432
26866.65,101.26,9.432
26867.65,100.81,9.4319
26868.65,100.91,9.432
26869.65,101.21,9.432
26870.65,100.83,9.432
26871.66,100.86,9.432
26872.66,103.37,9.432
26873.66,100.96,9.432
26874.66,101.31,9.432
26875.66,100.84,9.432
26876.66,100.83,9.432
26877.66,101.32,9.4321
26878.67,104.58,9.4321
26879.67,101.48,9.4322
26880.67,101.28,9.4322
26881.67,100.86,9.4322
26882.67,100.84,9.4322
26883.67,104.31,9.4322
26884.67,101.23,9.4322
26885.68,101.2,9.4322
26886.68,100.83,9.4322
26887.68,100.87,9.4322
26888.68,104.87,9.4322
26889.68,100.65,9.4322
26890.68,100.81,9.4322
26891.68,101.29,9.4322
26892.69,100.77,9.4322
26893.69,100.92,9.4323
26894.69,101.31,9.4323
26895.69,100.82,9.4323
26896.69,100.82,9.4323
26897.69,101.33,9.4323
26898.69,100.95,9.4323
26899.69,100.9,9.4323
26900.7,100.83,9.4323
26901.7,101.26,9.4323
26902.7,115.76,9.4323
26903.7,101.32,9.4323
26904.7,100.81,9.4323
26905.7,100.82,9.4323
26906.7,101.14,9.4323
26907.71,100.56,9.4324
26908.71,101.24,9.4324
26909.71,100.84,9.4324
26910.71,100.82,9.4324
26911.71,101.22,9.4324
26912.71,100.81,9.4324
26913.72,101.31,9.4324
26914.72,100.81,9.4324
26915.72,100.79,9.4324
26916.72,101.23,9.4324
26917.72,100.82,9.4325
26918.72,101.31,9.4325
26919.73,100.84,9.4325
26920.73,100.84,9.4325
26921.73,101.2,9.4325
26922.73,100.82,9.4325
26923.73,330.54,9.5556
26924.73,100.77,9.5556
26925.74,100.74,9.5556
26926.74,101.2,9.5555
26927.74,100.84,9.5555
26928.74,100.86,9.5556
26929.74,101.27,9.5555
26930.74,100.79,9.5555
26931.74,101.04,9.5556
26932.74,101.34,9.5557
26933.75,100.95,9.5557
26934.75,100.84,9.5557
26935.75,101.33,9.5557
26936.75,100.86,9.5557
26937.75,100.82,9.5556
26938.75,101.33,9.5557
26939.75,100.8,9.5556
26940.76,100.79,9.5558
26941.76,101.29,9.5558
26942.76,100.82,9.5558
26943.76,101.23,9.5558
26944.76,101.0,9.5558
26945.76,100.48,9.5558
26946.76,100.7,9.5558
26947.76,100.97,9.5558
26948.77,100.88,9.5558
26949.77,100.83,9.5558
26950.77,101.24,9.5558
26951.77,100.88,9.5558
26952.77,101.15,9.5559
26953.77,100.92,9.5559
26954.77,100.84,9.5558
26955.78,101.24,9.5559
26956.78,100.75,9.5559
26957.78,103.7,9.5559
26958.78,101.25,9.5559
26959.78,100.77,9.5559
26960.78,100.59,9.5559
26961.78,101.07,9.5559
26962.79,100.73,9.5559
26963.79,100.83,9.5559
26964.79,101.22,9.5559
26965.79,100.81,9.5559
26966.79,101.28,9.5559
26967.79,100.79,9.5559
26968.79,100.93,9.5561
26969.8,101.13,9.5561
26970.8,100.79,9.5561
26971.8,100.79,9.5561
26972.8,101.17,9.5561
26973.8,100.77,9.5561
26974.8,101.15,9.5561
26975.81,101.27,9.5561
26976.81,105.35,9.5561
26977.81,101.2,9.5561
26978.81,104.05,9.5561
26979.81,109.4,9.5561
26980.81,100.86,9.5561
26981.82,100.83,9.5561
26982.82,101.3,9.5561
26983.82,100.94,9.5561
26984.82,100.83,9.5561
26985.82,101.44,9.5562
26986.82,100.84,9.5562
26987.82,101.7,9.5562
26988.83,100.88,9.5562
26989.83,100.81,9.5562
26990.83,101.22,9.5562
26991.83,100.82,9.5562
26992.83,101.23,9.5562
26993.83,100.81,9.5563
26994.83,100.83,9.5563
26995.84,101.24,9.5563
26996.84,100.83,9.5563
26997.84,101.24,9.5563
26998.84,100.88,9.5564
26999.84,100.85,9.5564
27000.84,101.25,9.5564
27001.85,100.75,9.5564
27002.85,100.86,9.5564
27003.85,101.77,9.5564
27004.85,100.82,9.5563
27005.85,100.85,9.5564
27006.85,101.27,9.5563
27007.85,100.76,9.5564
27008.86,101.18,9.5564
27009.86,100.81,9.5564
27010.86,100.85,9.5564
27011.86,101.18,9.5564
27012.86,100.89,9.5565
27013.86,101.28,9.5565
27014.87,100.76,9.5565
27015.87,100.81,9.5565
27016.87,101.17,9.5565
27017.87,100.85,9.5565
27018.87,101.27,9.5565
27019.87,100.8,9.5565
27020.87,100.95,9.5565
27021.88,101.23,9.5566
27022.88,100.9,9.5566
27023.88,100.95,9.5566
27024.88,101.27,9.5566
27025.88,100.83,9.5566
27026.88,100.76,9.5566
27027.89,101.16,9.5566
27028.89,100.87,9.5566
27029.89,105.18,9.5566
27030.89,100.84,9.5566
27031.89,100.8,9.5565
27032.89,101.25,9.5565
27033.89,100.82,9.5566
27034.9,101.21,9.5566
27035.9,100.78,9.5566
27036.9,100.81,9.5566
27037.9,101.23,9.5567
27038.9,100.91,9.5568
27039.9,101.2,9.5568
27040.91,100.84,9.5568
27041.91,100.81,9.5567
27042.91,101.28,9.5569
27043.91,100.93,9.5568
27044.91,101.27,9.5569
27045.91,103.81,9.5569
27046.91,100.82,9.5568
27047.92,101.3,9.5567
27048.92,100.81,9.5568
27049.92,100.8,9.5568
27050.92,101.26,9.5567
27051.92,100.82,9.5567
27052.92,100.9,9.5568
27053.92,101.31,9.5569
27054.93,100.85,9.5569
27055.93,101.68,9.5569
27056.93,100.85,9.5569
27057.93,100.66,9.5569
27058.93,101.2,9.5569
27059.93,100.8,9.5569
27060.94,100.74,9.5569
27061.94,101.2,9.5569
27062.94,100.91,9.5569
27063.94,101.29,9.557
27064.94,100.85,9.557
27065.94,100.75,9.557
27066.95,101.11,9.557
27067.95,100.74,9.5571
27068.95,101.28,9.5571
27069.95,100.85,9.5571
27070.95,106.13,9.5571
27071.95,101.47,9.5571
27072.95,100.88,9.5571
27073.96,100.91,9.5571
27074.96,101.76,9.5571
27075.96,100.84,9.5571
27076.96,100.85,9.5571
27077.96,101.27,9.5571
27078.96,100.89,9.5572
27079.96,100.87,9.5572
27080.96,101.31,9.5572
27081.96,101.09,9.5572
27082.97,104.95,9.5572
27083.97,101.01,9.5572
27084.97,101.31,9.5573
27085.97,100.85,9.5573
27086.97,101.25,9.5573
27087.97,100.83,9.5572
27088.98,100.94,9.5572
27089.98,101.25,9.5572
27090.98,100.82,9.5572
27091.98,101.23,9.5572
27092.98,100.88,9.5572
27093.98,100.88,9.5572
27094.98,101.24,9.5572
27095.99,100.84,9.5572
27096.99,101.24,9.5572
27097.99,108.96,9.5574
27098.99,127.33,9.5574
27099.99,129.34,9.5574
27100.99,100.91,9.5574
27102.0,101.22,9.5574
27103.0,100.85,9.5574
27104.0,100.93,9.5574
27105.0,101.22,9.5574
27106.0,140.69,9.5574
27107.0,101.3,9.5574
27108.01,118.49,9.5574
27109.01,100.94,9.5574
27110.01,101.34,9.5575
27111.01,100.84,9.5575
27112.01,100.82,9.5575
27113.01,101.29,9.5575
27114.01,100.86,9.5575
27115.02,101.62,9.5575
27116.02,101.2,9.5574
27117.02,100.79,9.5574
27118.02,101.22,9.5574
27119.02,100.93,9.5575
27120.02,101.23,9.5575
27121.03,100.68,9.5575
27122.03,100.47,9.5575
27123.03,103.28,9.5575
27124.03,100.71,9.5575
27125.03,101.24,9.5575
27126.03,101.16,9.5575
27127.04,100.84,9.5575
27128.04,101.27,9.5575
27129.04,100.91,9.5575
27130.04,101.48,9.5575
27131.04,100.86,9.5575
27132.04,100.82,9.5575
27133.04,101.37,9.5575
27134.05,101.12,9.5576
27135.05,102.9,9.5576
27136.05,101.21,9.5576
27137.05,100.76,9.5577
27138.05,112.92,9.5577
27139.05,101.3,9.5577
27140.05,100.8,9.5577
27141.06,101.41,9.5577
27142.06,100.85,9.5577
27143.06,100.91,9.5577
27144.06,101.28,9.5577
27145.06,100.82,9.5577
27146.06,101.26,9.5577
27147.07,100.86,9.5577
27148.07,100.86,9.5577
27149.07,101.33,9.5577
27150.07,100.81,9.5577
27151.07,101.23,9.5577
27152.07,100.83,9.5577
27153.08,100.88,9.5575
27154.08,101.35,9.5578
27155.08,100.86,9.5579
27156.08,101.17,9.5579
27157.08,100.93,9.5579
27158.08,100.83,9.5579
27159.08,101.3,9.5579
27160.09,100.84,9.5578
27161.09,100.89,9.5578
27162.09,101.25,9.5578
27163.09,100.91,9.5579
27164.09,101.32,9.5579
27165.09,100.86,9.5579
27166.1,100.87,9.5579
27167.1,101.23,9.5579
27168.1,100.83,9.5579
27169.1,101.29,9.5579
27170.1,100.83,9.5579
27171.1,100.86,9.5579
27172.1,101.32,9.5579
27173.11,100.89,9.5579
27174.11,100.92,9.558
27175.11,101.24,9.558
27176.11,100.84,9.558
27177.11,101.24,9.558
27178.11,100.85,9.558
27179.11,100.78,9.558
27180.12,101.21,9.558
27181.12,100.64,9.558
27182.12,101.18,9.558
27183.12,100.78,9.558
27184.12,100.93,9.558
27185.12,101.25,9.558
27186.13,100.88,9.558
27187.13,101.3,9.558
27188.13,100.86,9.558
27189.13,100.9,9.558
27190.13,101.2,9.558
27191.13,100.88,9.5582
27192.14,101.22,9.5582
27193.14,100.9,9.5582
27194.14,100.91,9.5582
27195.14,101.32,9.5582
27196.14,100.84,9.5582
27197.14,103.12,9.5582
27198.14,101.32,9.5582
27199.15,100.89,9.5581
27200.15,100.84,9.5581
27201.15,101.25,9.5581
27202.15,100.87,9.5581
27203.15,101.35,9.5581
27204.15,100.95,9.5582
27205.16,100.86,9.5582
27206.16,101.26,9.5582
27207.16,100.87,9.5582
27208.16,101.26,9.5582
27209.16,100.9,9.5583
27210.16,100.85,9.5583
27211.16,101.26,9.5582
27212.17,100.88,9.5582
27213.17,101.31,9.5582
27214.17,100.95,9.5584
27215.17,100.87,9.5583
27216.17,101.24,9.5581
27217.17,100.86,9.5582
27218.18,100.86,9.5583
27219.18,101.3,9.5583
27220.18,100.85,9.5583
27221.18,101.25,9.5583
27222.18,100.86,9.5583
27223.18,100.91,9.5583
27224.18,101.28,9.5583
27225.19,111.9,9.5583
27226.19,101.21,9.5583
27227.19,100.82,9.5583
27228.19,100.86,9.5583
27229.19,101.29,9.5582
27230.19,100.83,9.5585
27231.2,101.24,9.5585
27232.2,100.83,9.5585
27233.2,100.89,9.5585
27234.2,101.4,9.5586
27235.2,100.84,9.5586
27236.2,100.83,9.5586
27237.2,101.31,9.5586
27238.21,100.81,9.5586
27239.21,100.91,9.5586
27240.21,101.26,9.5586
27241.21,100.83,9.5587
27242.21,101.06,9.5587
27243.21,100.86,9.5587
27244.22,100.9,9.5586
27245.22,101.22,9.5587
27246.22,100.84,9.5587
27247.22,101.25,9.5587
27248.22,100.85,9.5587
27249.22,100.93,9.5587
27250.22,101.2,9.5587
27251.23,100.88,9.5587
27252.23,101.24,9.5586
27253.23,100.87,9.5586
27254.23,100.89,9.5586
27255.23,101.3,9.5586
27256.23,100.85,9.5587
27257.24,100.84,9.5587
27258.24,101.33,9.5586
27259.24,100.9,9.5587
27260.24,100.85,9.5587
27261.24,101.27,9.5588
27262.24,100.85,9.5588
27263.24,100.9,9.5588
27264.25,101.31,9.5588
27265.25,100.87,9.5588
27266.25,101.25,9.5588
27267.25,100.85,9.5588
27268.25,100.83,9.5588
27269.25,101.29,9.559
27270.25,100.82,9.559
27271.26,101.27,9.559
27272.26,100.84,9.559
27273.26,100.62,9.5588
27274.26,101.01,9.559
27275.26,100.55,9.559
27276.26,101.01,9.559
27277.27,100.77,9.559
27278.27,100.84,9.559
27279.27,101.37,9.559
27280.27,100.82,9.559
27281.27,100.86,9.559
27282.27,101.33,9.559
27283.27,100.89,9.559
27284.27,100.9,9.559
27285.28,101.34,9.559
27286.28,100.93,9.559
27287.28,100.82,9.559
27288.28,100.8,9.559
27289.28,101.29,9.559
27290.28,100.76,9.559
27291.28,101.98,9.559
27292.29,100.71,9.559
27293.29,100.89,9.559
27294.29,101.38,9.559
27295.29,100.83,9.559
27296.29,100.88,9.559
27297.29,101.26,9.559
27298.29,100.88,9.559
27299.3,101.24,9.559
27300.3,100.51,9.5591
27301.3,100.67,9.5591
27302.3,325.39,9.6575
27303.3,123.03,9.6734
27304.3,101.18,9.6734
27305.31,100.81,9.6734
27306.31,100.79,9.6734
27307.31,101.24,9.6734
27308.31,100.82,9.6734
27309.31,101.18,9.6734
27310.31,101.01,9.6734
27311.32,100.87,9.6735
27312.32,101.24,9.6735
27313.32,100.89,9.6735
27314.32,101.27,9.6734
27315.32,100.82,9.6735
27316.32,100.59,9.6734
27317.32,101.23,9.6734
27318.33,100.86,9.6734
27319.33,101.28,9.6733
27320.33,100.86,9.6735
27321.33,100.81,9.6735
27322.33,102.33,9.6735
27323.33,100.94,9.6736
27324.34,101.24,9.6736
27325.34,100.81,9.6736
27326.34,100.8,9.6736
27327.34,100.97,9.6736
27328.34,100.84,9.6736
27329.34,101.15,9.6736
27330.35,100.7,9.6735
27331.35,100.84,9.6736
27332.35,101.26,9.6736
27333.35,101.14,9.6736
27334.35,100.74,9.6737
27335.35,101.17,9.6737
27336.35,100.7,9.6737
27337.36,103.53,9.6735
27338.36,101.47,9.6737
27339.36,100.76,9.6737
27340.36,100.81,9.6737
27341.36,101.0,9.6735
27342.36,100.96,9.6736
27343.36,100.83,9.6736
27344.36,100.89,9.6736
27345.37,100.62,9.6736
27346.37,101.08,9.6737
27347.37,100.46,9.6737
27348.37,100.74,9.6737
27349.37,101.23,9.6736
27350.37,100.85,9.6736
27351.38,101.1,9.6736
27352.38,100.85,9.6737
27353.38,100.91,9.6737
27354.38,101.16,9.6737
27355.38,100.53,9.6737
27356.38,100.61,9.6737
27357.38,101.2,9.6737
27358.39,100.87,9.6737
27359.39,100.88,9.6737
27360.39,101.14,9.6737
27361.39,100.61,9.6737
27362.39,101.09,9.6737
27363.39,100.81,9.6737
27364.4,100.77,9.6736
27365.4,101.14,9.6736
27366.4,101.54,9.6737
27367.4,101.14,9.6737
27368.4,100.81,9.6736
27369.4,100.82,9.6738
27370.4,100.73,9.6738
27371.4,103.73,9.6738
27372.41,101.89,9.6738
27373.41,104.69,9.6738
27374.41,100.9,9.6738
27375.41,100.48,9.6738
27376.41,100.49,9.6738
27377.41,101.06,9.6738
27378.41,102.16,9.6738
27379.42,101.02,9.6736
27380.42,122.31,9.6736
27381.42,101.23,9.6736
27382.42,100.81,9.6736
27383.42,100.93,9.6736
27384.42,101.25,9.6736
27385.43,100.87,9.6736
27386.43,101.26,9.6736
27387.43,100.78,9.6737
27388.43,100.87,9.6737
27389.43,101.25,9.6738
27390.43,100.8,9.6737
27391.44,101.02,9.6737
27392.44,101.25,9.6737
27393.44,100.93,9.6739
27394.44,101.31,9.6738
27395.44,139.47,9.6738
27396.44,110.94,9.6739
27397.44,133.98,9.6739
27398.45,100.73,9.6739
27399.45,101.13,9.6739
27400.45,100.82,9.6738
27401.45,100.89,9.6738
27402.45,111.84,9.6739
27403.45,100.94,9.6739
27404.46,101.25,9.6739
27405.46,100.84,9.6739
27406.46,100.86,9.6739
27407.46,101.32,9.6739
27408.46,100.83,9.6739
27409.46,100.79,9.6739
27410.46,101.12,9.6739
27411.47,100.59,9.6739
27412.47,119.84,9.6739
27413.47,101.0,9.6739
27414.47,100.87,9.6739
27415.47,101.24,9.6739
27416.47,100.8,9.6738
27417.48,101.24,9.6738
27418.48,100.9,9.6739
27419.48,100.87,9.6739
27420.48,101.23,9.674
27421.48,100.82,9.674
27422.48,101.1,9.674
27423.49,100.91,9.674
27424.49,100.75,9.674
27425.49,101.19,9.674
27426.49,100.89,9.6739
27427.49,100.81,9.6739
27428.49,101.02,9.674
27429.49,100.53,9.674
27430.5,100.89,9.674
27431.5,100.5,9.6739
27432.5,101.02,9.6739
27433.5,101.23,9.674
27434.5,100.72,9.674
27435.5,101.1,9.674
27436.51,100.71,9.6739
27437.51,100.82,9.6738
27438.51,101.28,9.674
27439.51,100.85,9.674
27440.51,101.26,9.674
27441.51,100.64,9.674
27442.52,212.22,4.5908
27443.52,349.59,2.8193
27444.52,308.27,3.1578
27445.52,252.94,3.5439
27446.52,141.24,3.9904
27447.52,146.25,4.4684
27448.52,225.2,4.8455
27449.53,351.19,5.0204
27450.53,334.31,5.2858
27451.53,323.34,5.6165
27452.53,313.5,5.924
27453.53,306.98,6.1793
27454.53,307.96,6.4608
27455.53,301.67,6.7372
27456.54,306.11,6.9872
27457.54,304.91,7.231
27458.54,333.21,7.6925
27459.54,316.5,8.1537
27460.54,302.52,8.2058
27461.54,302.23,8.2059
27462.54,303.11,8.2038
27463.55,308.91,8.2046
27464.55,224.52,8.2053
27465.55,255.32,8.212
27466.55,194.85,8.2121
27467.55,139.43,8.2121
27468.55,124.36,8.2121
27469.55,134.62,8.2121
27470.55,128.47,8.2246
27471.56,134.72,8.3119
27472.56,101.47,8.3125
27473.56,147.27,8.3125
27474.56,183.61,8.3125
27475.56,101.79,8.3125
27476.56,127.77,8.3125
27477.56,108.76,8.3125
27478.57,109.55,8.3127
27479.57,101.07,8.3126
27480.57,100.7,8.3126
27481.57,103.6,8.3127
27482.57,197.61,8.3127
27483.57,101.69,8.3126
27484.57,100.88,8.3125
27485.58,101.3,8.3124
27486.58,120.12,8.3125
27487.58,112.27,8.3125
27488.58,108.6,8.3125
27489.58,106.03,8.3126
27490.58,110.83,8.3126
27491.58,101.81,8.3126
27492.59,118.82,8.3126
27493.59,123.98,8.3126
27494.59,101.22,8.3125
27495.59,101.43,8.3125
27496.59,101.26,8.3126
27497.59,102.33,8.3126
27498.59,109.04,8.3126
27499.6,102.78,8.3126
27500.6,126.6,8.3126
27501.6,116.71,8.3127
27502.6,103.84,8.3126
27503.6,259.68,9.0815
27504.6,105.15,9.1294
27505.61,100.76,9.1294
27506.61,100.88,9.1294
27507.61,102.61,9.1293
27508.61,110.85,9.1295
27509.61,104.97,9.1295
27510.61,101.3,9.1296
27511.61,101.08,9.1293
27512.62,101.29,9.1295
27513.62,101.28,9.1295
27514.62,107.99,9.1296
27515.62,101.56,9.1296
27516.62,100.81,9.1296
27517.62,109.58,9.1296
27518.63,101.03,9.1296
27519.63,103.66,9.1296
27520.63,108.51,9.1296
27521.63,105.49,9.1296
27522.63,102.17,9.1295
27523.63,115.7,9.1296
27524.64,104.7,9.1237
27525.64,101.81,9.1238
27526.64,100.86,9.1238
27527.64,101.33,9.1238
27528.64,100.82,9.1238
27529.64,101.18,9.1238
27530.64,102.04,9.1238
27531.65,100.99,9.1238
27532.65,106.76,9.1238
27533.65,101.91,9.1238
27534.65,105.68,9.1238
27535.65,101.19,9.1238
27536.65,101.47,9.1238
27537.65,100.82,9.1238
27538.66,104.48,9.1239
27539.66,107.0,9.1239
27540.66,101.59,9.1239
27541.66,101.1,9.1239
27542.66,100.99,9.1239
27543.66,101.31,9.1239
27544.67,100.84,9.1239
27545.67,100.78,9.1239
27546.67,101.82,9.1238
27547.67,101.28,9.1238
27548.67,108.72,9.1239
27549.67,129.79,9.1239
27550.68,100.91,9.1239
27551.68,102.1,9.1239
27552.68,101.47,9.1239
27553.68,102.02,9.1239
27554.68,101.57,9.1239
27555.68,103.11,9.1239
27556.68,101.65,9.1239
27557.69,101.07,9.1239
27558.69,101.15,9.1238
27559.69,112.69,9.1238
27560.69,101.77,9.1238
27561.69,101.71,9.1238
27562.69,102.03,9.1239
27563.69,100.94,9.1241
27564.7,119.14,9.1241
27565.7,100.95,9.1241
27566.7,101.47,9.1241
27567.7,104.73,9.1239
27568.7,103.15,9.1239
27569.7,101.97,9.1239
27570.7,104.4,9.1239
27571.71,102.48,9.1239
27572.71,101.03,9.1239
27573.71,101.08,9.1239
27574.71,100.88,9.1241
27575.71,101.23,9.124
27576.71,101.02,9.124
27577.71,100.92,9.124
27578.72,101.25,9.1241
27579.72,100.79,9.1241
27580.72,101.13,9.1241
27581.72,141.64,9.1251
27582.72,175.04,9.1284
27583.72,101.44,9.1284
27584.73,100.86,9.1284
27585.73,100.85,9.1284
27586.73,101.22,9.1284
27587.73,101.11,9.1241
27588.73,100.79,9.1241
27589.73,101.32,9.1241
27590.73,100.95,9.1241
27591.74,101.57,9.124
27592.74,100.97,9.124
27593.74,101.12,9.1242
27594.74,101.21,9.1242
27595.74,100.56,9.1242
27596.74,101.23,9.1242
27597.75,100.83,9.1241
27598.75,100.87,9.1241
27599.75,101.4,9.1242
27600.75,100.82,9.1241
27601.75,101.44,9.1241
27602.75,100.81,9.1242
27603.75,100.93,9.1242
27604.76,101.2,9.1242
27605.76,100.9,9.1242
27606.76,101.23,9.1242
27607.76,100.82,9.1243
27608.76,100.81,9.1243
27609.76,101.39,9.1243
27610.77,101.01,9.1243
27611.77,101.4,9.1243
27612.77,101.69,9.1242
27613.77,101.27,9.1243
27614.77,100.71,9.1243
27615.77,101.16,9.1243
27616.77,251.93,9.1393
27617.78,129.88,9.23
27618.78,101.27,9.23
27619.78,100.83,9.23
27620.78,102.11,9.2299
27621.78,100.99,9.23
27622.78,103.57,9.2299
27623.78,101.34,9.23
27624.79,100.84,9.23
27625.79,100.97,9.23
27626.79,101.32,9.23
27627.79,100.83,9.23
27628.79,114.68,9.2299
27629.79,101.29,9.23
27630.79,100.84,9.23
27631.8,100.85,9.23
27632.8,100.96,9.23
27633.8,100.74,9.2301
27634.8,102.77,9.2301
27635.8,101.41,9.2301
27636.8,101.43,9.2301
27637.81,100.89,9.23
27638.81,100.92,9.23
27639.81,101.29,9.23
27640.81,100.87,9.23
27641.81,101.3,9.23
27642.81,100.93,9.23
27643.81,100.91,9.23
27644.82,101.19,9.2299
27645.82,100.86,9.23
27646.82,100.71,9.23
27647.82,100.97,9.23
27648.82,100.6,9.2302
27649.82,100.98,9.2301
27650.83,100.61,9.2302
27651.83,100.56,9.2302
27652.83,101.0,9.2303
27653.83,100.83,9.2303
27654.83,100.77,9.2303
27655.83,101.28,9.2303
27656.83,100.73,9.2303
27657.84,101.15,9.2303
27658.84,100.74,9.2304
27659.84,100.69,9.2304
27660.84,101.25,9.2304
27661.84,100.85,9.2304
27662.84,101.25,9.2304
27663.85,100.83,9.2304
27664.85,101.02,9.2304
27665.85,101.07,9.2304
27666.85,146.23,9.2314
27667.85,100.69,9.2314
27668.85,101.26,9.2314
27669.85,100.53,9.2314
27670.86,100.94,9.2314
27671.86,100.66,9.2314
27672.86,100.59,9.2314
27673.86,100.98,9.2314
27674.86,100.58,9.2314
27675.86,100.92,9.2314
27676.87,100.52,9.2314
27677.87,100.57,9.2315
27678.87,101.06,9.2316
27679.87,100.57,9.2316
27680.87,100.54,9.2316
27681.87,101.37,9.2316
27682.87,100.61,9.2315
27683.87,101.14,9.2315
27684.88,104.51,9.2315
27685.88,104.13,9.2314
27686.88,100.84,9.2315
27687.88,101.87,9.2315
27688.88,100.83,9.2315
27689.88,100.91,9.2316
27690.88,101.22,9.2316
27691.89,100.83,9.2316
27692.89,100.9,9.2316
27693.89,101.27,9.2317
27694.89,100.81,9.2317
27695.89,101.24,9.2317
27696.89,100.8,9.2317
27697.89,100.75,9.2318
27698.9,101.13,9.2318
27699.9,101.65,9.2318
27700.9,101.02,9.2318
27701.9,101.12,9.2318
27702.9,100.78,9.2318
27703.9,101.12,9.2317
27704.91,100.72,9.2318
27705.91,100.73,9.2317
27706.91,101.3,9.2315
27707.91,100.82,9.2315
27708.91,100.84,9.2318
27709.91,101.08,9.2319
27710.91,100.73,9.2319
27711.92,101.14,9.2319
27712.92,100.78,9.2319
27713.92,100.75,9.2319
27714.92,101.21,9.2319
27715.92,100.78,9.2319
27716.92,100.84,9.2319
27717.92,101.17,9.2318
27718.93,102.19,9.2319
27719.93,100.76,9.2319
27720.93,101.3,9.232
27721.93,100.83,9.232
27722.93,100.91,9.232
27723.93,101.38,9.232
27724.93,100.85,9.232
27725.94,100.84,9.232
27726.94,101.33,9.232
27727.94,100.88,9.232
27728.94,100.89,9.232
27729.94,101.24,9.232
27730.94,100.84,9.232
27731.94,101.19,9.232
27732.94,101.55,9.232
27733.95,100.84,9.232
27734.95,101.23,9.232
27735.95,100.82,9.2321
27736.95,100.84,9.2321
27737.95,102.35,9.2321
27738.95,100.88,9.2321
27739.96,101.28,9.2321
27740.96,100.85,9.2321
27741.96,100.82,9.2321
27742.96,101.36,9.2321
27743.96,100.91,9.2321
27744.96,101.43,9.2321
27745.97,100.83,9.2322
27746.97,111.8,9.2322
27747.97,101.26,9.2322
27748.97,100.91,9.2322
27749.97,101.19,9.2323
27750.97,100.87,9.2323
27751.98,104.49,9.2323
27752.98,105.36,9.2323
27753.98,101.26,9.2323
27754.98,101.01,9.2323
27755.98,101.3,9.2323
27756.98,100.75,9.2322
27757.98,101.08,9.2323
27758.98,101.17,9.2323
27759.99,100.72,9.2323
27760.99,100.75,9.2323
27761.99,100.93,9.2323
27762.99,100.62,9.2323
27763.99,101.0,9.2323
27764.99,101.11,9.2323
27766.0,100.81,9.2323
27767.0,100.93,9.2323
27768.0,100.51,9.2323
27769.0,100.95,9.2324
27770.0,100.51,9.2324
27771.0,100.52,9.2324
27772.01,100.9,9.2323
27773.01,100.57,9.2323
27774.01,101.34,9.2324
27775.01,101.0,9.2324
27776.01,100.86,9.2324
27777.01,101.31,9.2324
27778.01,100.87,9.2324
27779.01,100.89,9.2324
27780.02,101.39,9.2325
27781.02,100.85,9.2325
27782.02,100.85,9.2323
27783.02,101.31,9.2325
27784.02,100.86,9.2325
27785.02,101.26,9.2325
27786.03,100.88,9.2324
27787.03,100.85,9.2324
27788.03,101.24,9.2324
27789.03,100.87,9.2325
27790.03,101.26,9.2325
27791.03,100.85,9.2326
27792.03,100.82,9.2326
27793.04,101.34,9.2326
27794.04,100.9,9.2326
27795.04,100.84,9.2326
27796.04,111.56,9.2326
27797.04,100.59,9.2326
27798.04,100.66,9.2325
27799.04,100.94,9.2326
27800.05,100.47,9.2326
27801.05,100.95,9.2326
27802.05,100.82,9.2325
27803.05,100.87,9.2327
27804.05,100.97,9.2327
27805.05,100.51,9.2327
27806.06,100.91,9.2327
27807.06,100.69,9.2327
27808.06,228.03,9.2329
27809.06,194.94,9.4318
27810.06,100.77,9.4318
27811.06,100.85,9.4318
27812.06,101.17,9.4319
27813.07,100.9,9.4319
27814.07,101.29,9.432
27815.07,100.77,9.4319
27816.07,100.8,9.4319
27817.07,101.23,9.432
27818.07,100.71,9.432
27819.08,101.37,9.4321
27820.08,100.73,9.4321
27821.08,100.86,9.4321
27822.08,101.26,9.432
27823.08,100.86,9.432
27824.08,100.86,9.432
27825.08,101.16,9.4319
27826.09,100.75,9.4321
27827.09,100.75,9.4321
27828.09,101.08,9.4321
27829.09,100.8,9.4322
27830.09,101.05,9.4322
27831.09,100.53,9.4322
27832.1,100.83,9.4322
27833.1,101.31,9.4322
27834.1,100.85,9.4322
27835.1,101.25,9.4322
27836.1,100.77,9.4322
27837.1,100.72,9.4321
27838.1,102.09,9.4321
27839.11,100.66,9.4322
27840.11,104.3,9.4322
27841.11,107.99,9.4322
27842.11,100.78,9.4321
27843.11,101.33,9.4322
27844.11,100.96,9.4322
27845.12,101.01,9.4322
27846.12,101.17,9.4322
27847.12,100.8,9.4321
27848.12,100.83,9.432
27849.12,100.87,9.4322
27850.12,101.2,9.4323
27851.12,100.8,9.4323
27852.12,101.17,9.4323
27853.13,100.77,9.4323
27854.13,100.82,9.4324
27855.13,101.09,9.4324
27856.13,100.8,9.4324
27857.13,101.24,9.4324
27858.13,100.82,9.4324
27859.13,100.89,9.4324
27860.14,101.03,9.4324
27861.14,100.52,9.4324
27862.14,100.58,9.4324
27863.14,101.17,9.4324
27864.14,100.68,9.4325
27865.14,100.74,9.4325
27866.14,101.36,9.4324
27867.15,100.74,9.4324
27868.15,107.5,9.4324
27869.15,101.38,9.4324
27870.15,100.87,9.4324
27871.15,100.83,9.4324
27872.15,101.49,9.4325
27873.15,100.94,9.4325
27874.15,101.19,9.4325
27875.16,101.24,9.4325
27876.16,100.83,9.4324
27877.16,100.82,9.4324
27878.16,101.22,9.4324
27879.16,100.92,9.4324
27880.16,101.19,9.4324
27881.17,100.52,9.4325
27882.17,100.61,9.4325
27883.17,100.92,9.4326
27884.17,100.76,9.4326
27885.17,101.23,9.4326
27886.17,100.85,9.4326
27887.18,100.83,9.4326
27888.18,101.21,9.4327
27889.18,100.87,9.4327
27890.18,101.22,9.4327
27891.18,100.84,9.4327
27892.18,100.84,9.4326
27893.18,101.4,9.4328
27894.19,100.86,9.4328
27895.19,100.78,9.4328
27896.19,101.1,9.4328
27897.19,101.04,9.4328
27898.19,100.94,9.4328
27899.19,100.56,9.4328
27900.19,100.53,9.4328
27901.2,101.02,9.4328
27902.2,102.23,9.4328
27903.2,101.84,9.4327
27904.2,100.85,9.4328
27905.2,100.84,9.4328
27906.2,101.21,9.4328
27907.21,100.87,9.4328
27908.21,100.87,9.4328
27909.21,101.31,9.4329
27910.21,100.85,9.4329
27911.21,101.31,9.4329
27912.21,100.81,9.4329
27913.21,100.89,9.4329
27914.22,101.26,9.4329
27915.22,100.8,9.4329
27916.22,101.1,9.4329
27917.22,100.8,9.4329
27918.22,103.54,9.4329
27919.22,101.04,9.4329
27920.23,100.54,9.4329
27921.23,100.57,9.4329
27922.23,100.99,9.4329
27923.23,100.73,9.433
27924.23,100.77,9.433
27925.23,101.12,9.433
27926.23,100.67,9.433
27927.24,101.09,9.433
27928.24,100.7,9.433
27929.24,100.79,9.433
27930.24,102.41,9.433
27931.24,100.72,9.433
27932.24,100.78,9.433
27933.24,101.21,9.433
27934.25,100.93,9.433
27935.25,101.16,9.433
27936.25,100.64,9.433
27937.25,100.63,9.433
27938.25,101.02,9.433
27939.25,100.69,9.4332
27940.26,101.05,9.4332
27941.26,100.64,9.4332
27942.26,100.6,9.4332
27943.26,101.08,9.4332
27944.26,100.71,9.4332
27945.26,100.87,9.4332
27946.27,101.21,9.4332
27947.27,100.83,9.4332
27948.27,101.26,9.4332
27949.27,100.82,9.4332
27950.27,100.81,9.4332
27951.27,100.94,9.4332
27952.27,105.32,9.4332
27953.28,101.3,9.4332
27954.28,100.82,9.4333
27955.28,100.83,9.4333
27956.28,101.21,9.4333
27957.28,100.68,9.4333
27958.28,100.97,9.4333
27959.29,100.71,9.4333
27960.29,100.8,9.4334
27961.29,101.22,9.4333
27962.29,100.71,9.4333
27963.29,101.29,9.4333
27964.29,100.9,9.4333
27965.29,100.85,9.4333
27966.3,101.23,9.4333
27967.3,100.84,9.4334
27968.3,100.58,9.4334
27969.3,101.05,9.4334
27970.3,100.83,9.4334
27971.3,101.28,9.4335
27972.31,100.83,9.4335
27973.31,100.84,9.4335
27974.31,101.12,9.4335
27975.31,100.76,9.4335
27976.31,101.23,9.4334
27977.31,100.86,9.4333
27978.31,100.79,9.4334
27979.32,101.25,9.4334
27980.32,100.74,9.4334
27981.32,101.02,9.4334
27982.32,101.32,9.4335
27983.32,101.66,9.4335
27984.32,100.82,9.4335
27985.32,101.19,9.4334
27986.33,100.78,9.4335
27987.33,101.25,9.4335
27988.33,109.8,9.4337
27989.33,100.79,9.4337
27990.33,101.22,9.4337
27991.33,100.84,9.4336
27992.34,100.79,9.4337
27993.34,101.35,9.4336
27994.34,100.78,9.4336
27995.34,101.25,9.4336
27996.34,100.82,9.4336
27997.34,100.81,9.4336
27998.34,101.29,9.4336
27999.35,100.85,9.4336
28000.35,101.24,9.4336
28001.35,100.87,9.4337
28002.35,100.78,9.4337
28003.35,105.61,9.4337
28004.35,100.83,9.4337
28005.36,101.2,9.4337
28006.36,100.79,9.4336
28007.36,100.97,9.4337
28008.36,101.11,9.4336
28009.36,117.91,9.4337
28010.36,101.01,9.4337
28011.37,101.24,9.4339
28012.37,100.85,9.4339
28013.37,101.4,9.4339
28014.37,100.85,9.4339
28015.37,100.86,9.4339
28016.37,101.25,9.4339
28017.37,100.85,9.4337
28018.38,101.28,9.4336
28019.38,100.86,9.4336
28020.38,100.9,9.4338
28021.38,113.75,9.4338
28022.38,121.32,9.4351
28023.38,100.91,9.4351
28024.38,101.2,9.4352
28025.39,100.8,9.4352
28026.39,100.84,9.4352
28027.39,101.23,9.4352
28028.39,100.82,9.4352
28029.39,101.16,9.4352
28030.39,100.82,9.4353
28031.4,100.86,9.4353
28032.4,101.29,9.4353
28033.4,100.87,9.4353
28034.4,104.48,9.4352
28035.4,101.26,9.4353
28036.4,100.77,9.4352
28037.4,100.82,9.4353
28038.4,101.21,9.4354
28039.41,100.73,9.4354
28040.41,100.75,9.4354
28041.41,101.02,9.4354
28042.41,100.61,9.4354
28043.41,100.93,9.4355
28044.41,100.93,9.4355
28045.41,100.81,9.4354
28046.42,100.92,9.4354
28047.42,100.53,9.4354
28048.42,100.66,9.4355
28049.42,101.07,9.4354
28050.42,100.64,9.4355
28051.42,100.72,9.4355
28052.42,101.02,9.4354
28053.43,100.68,9.4354
28054.43,100.68,9.4354
28055.43,101.09,9.4354
28056.43,100.5,9.4354
28057.43,100.67,9.4354
28058.43,101.15,9.4354
28059.43,100.83,9.4354
28060.44,101.19,9.4355
28061.44,100.84,9.4355
28062.44,100.81,9.4355
28063.44,101.29,9.4354
28064.44,100.84,9.4356
28065.44,100.95,9.4356
28066.45,100.54,9.4355
28067.45,100.61,9.4355
28068.45,101.08,9.4356
28069.45,100.72,9.4356
28070.45,100.71,9.4356
28071.45,101.1,9.4356
28072.45,100.68,9.4356
28073.46,101.18,9.4356
28074.46,100.71,9.4356
28075.46,100.51,9.4356
28076.46,102.61,9.4357
28077.46,100.55,9.4357
28078.46,101.06,9.4356
28079.47,100.6,9.4356
28080.47,100.59,9.4357
28081.47,101.09,9.4357
28082.47,100.76,9.4357
28083.47,100.8,9.4358
28084.47,101.02,9.4358
28085.47,100.54,9.4358
28086.48,100.99,9.4358
28087.48,100.8,9.4358
28088.48,100.92,9.4358
28089.48,101.04,9.4358
28090.48,100.66,9.4358
28091.48,101.15,9.4358
28092.49,100.74,9.4358
28093.49,100.76,9.4358
28094.49,100.92,9.4358
28095.49,100.5,9.4358
28096.49,100.49,9.4358
28097.49,100.85,9.4358
28098.49,100.49,9.436
28099.5,100.92,9.436
28100.5,100.5,9.4359
28101.5,100.46,9.4359
28102.5,101.06,9.4359
28103.5,100.99,9.436
28104.5,101.05,9.4359
28105.51,100.6,9.4359
28106.51,115.62,9.4361
28107.51,101.93,9.4361
28108.51,100.63,9.4361
28109.51,101.01,9.4361
28110.51,100.58,9.4361
28111.51,100.6,9.436
28112.52,101.05,9.4361
28113.52,100.59,9.4361
28114.52,100.45,9.4361
28115.52,101.01,9.4361
28116.52,100.68,9.4361
28117.52,101.09,9.436
28118.53,100.64,9.4361
28119.53,100.7,9.4361
28120.53,101.07,9.4361
28121.53,100.81,9.4361
28122.53,101.24,9.4361
28123.53,100.95,9.4362
28124.54,100.87,9.4362
28125.54,101.05,9.4362
28126.54,101.31,9.4362
28127.54,101.24,9.4362
28128.54,100.9,9.4362
28129.54,100.73,9.4362
28130.54,101.06,9.4362
28131.55,290.14,9.5074
28132.55,146.8,9.5547
28133.55,101.35,9.5548
28134.55,100.85,9.5548
28135.55,101.23,9.5548
28136.55,101.2,9.5548
28137.56,102.67,9.5548
28138.56,101.07,9.5548
28139.56,100.61,9.5548
28140.56,100.97,9.5548
28141.56,100.61,9.5548
28142.56,100.86,9.5548
28143.56,101.36,9.5548
28144.57,100.53,9.5548
28145.57,101.12,9.5548
28146.57,100.84,9.5547
28147.57,100.87,9.5547
28148.57,101.37,9.5547
28149.57,100.89,9.5547
28150.57,101.13,9.5548
28151.58,101.27,9.5548
28152.58,100.88,9.5548
28153.58,101.71,9.555
28154.58,101.27,9.555
28155.58,100.83,9.555
28156.58,101.18,9.555
28157.59,100.82,9.555
28158.59,100.95,9.555
28159.59,101.29,9.555
28160.59,100.81,9.555
28161.59,100.71,9.555
28162.59,101.16,9.555
28163.59,113.78,9.5549
28164.6,100.53,9.5549
28165.6,100.91,9.5549
28166.6,103.74,9.5549
28167.6,101.27,9.5549
28168.6,100.77,9.555
28169.6,100.7,9.5549
28170.6,101.16,9.555
28171.61,100.73,9.5549
28172.61,100.65,9.555
28173.61,101.18,9.555
28174.61,100.72,9.555
28175.61,101.21,9.555
28176.61,100.77,9.5551
28177.61,100.78,9.5551
28178.62,101.24,9.5551
28179.62,100.84,9.5551
28180.62,100.8,9.5551
28181.62,101.3,9.5551
28182.62,100.84,9.5551
28183.62,101.29,9.5551
28184.63,100.84,9.5552
28185.63,103.47,9.5552
28186.63,101.17,9.555
28187.63,100.69,9.555
28188.63,107.8,9.5553
28189.63,100.81,9.5553
28190.63,100.77,9.5552
28191.64,106.83,9.5552
28192.64,106.55,9.5552
28193.64,100.79,9.5553
28194.64,101.24,9.5553
28195.64,100.72,9.5553
28196.64,101.04,9.5553
28197.65,100.67,9.5552
28198.65,100.71,9.5553
28199.65,101.04,9.5553
28200.65,100.63,9.5553
28201.65,101.16,9.5553
28202.65,100.78,9.5552
28203.65,100.93,9.5554
28204.66,101.15,9.5554
28205.66,100.73,9.5554
28206.66,100.84,9.5554
28207.66,101.15,9.5554
28208.66,100.79,9.5554
28209.66,101.21,9.5553
28210.67,100.69,9.5554
28211.67,100.91,9.5554
28212.67,101.21,9.5553
28213.67,100.73,9.5555
28214.67,100.6,9.5553
28215.67,101.03,9.5554
28216.67,100.8,9.5554
28217.68,100.72,9.5555
28218.68,101.21,9.5555
28219.68,100.78,9.5554
28220.68,101.16,9.5554
28221.68,100.77,9.5554
28222.68,100.7,9.5554
28223.68,101.16,9.5555
28224.69,100.61,9.5555
28225.69,100.62,9.5555
28226.69,101.06,9.5555
28227.69,100.75,9.5556
28228.69,100.76,9.5556
28229.69,101.24,9.5556
28230.69,100.66,9.5556
28231.69,100.72,9.5555
28232.7,101.03,9.5556
28233.7,100.71,9.5556
28234.7,100.6,9.5556
28235.7,101.1,9.5556
28236.7,100.78,9.5555
28237.7,101.1,9.5556
28238.71,100.59,9.5556
28239.71,100.53,9.5556
28240.71,100.89,9.5556
28241.71,100.59,9.5555
28242.71,100.75,9.5556
28243.71,101.32,9.5556
28244.71,100.66,9.5556
28245.72,100.93,9.5556
28246.72,100.72,9.5555
28247.72,100.81,9.5556
28248.72,101.07,9.5555
28249.72,104.71,9.5555
28250.72,101.1,9.5555
28251.73,100.55,9.5556
28252.73,100.52,9.5558
28253.73,101.14,9.5558
28254.73,100.65,9.5558
28255.73,100.65,9.5558
28256.73,100.98,9.5557
28257.73,100.55,9.5558
28258.74,101.01,9.5558
28259.74,100.66,9.5558
28260.74,100.81,9.5559
28261.74,101.12,9.5559
28262.74,100.59,9.5559
28263.74,100.82,9.5559
28264.75,101.23,9.5559
28265.75,100.8,9.5558
28266.75,101.18,9.5558
28267.75,100.71,9.5559
28268.75,100.79,9.5559
28269.75,101.11,9.5559
28270.75,100.64,9.5559
28271.75,100.69,9.556
28272.76,101.05,9.556
28273.76,100.73,9.556
28274.76,100.71,9.556
28275.76,101.04,9.556
28276.76,100.67,9.5559
28277.76,101.09,9.5561
28278.77,100.72,9.5561
28279.77,100.65,9.5561
28280.77,101.56,9.5561
28281.77,100.66,9.5559
28282.77,100.64,9.5561
28283.77,101.2,9.5561
28284.77,100.71,9.5561
28285.77,100.66,9.5561
28286.78,100.99,9.5561
28287.78,100.56,9.5561
28288.78,100.61,9.5561
28289.78,101.0,9.5561
28290.78,100.62,9.5561
28291.78,100.77,9.5561
28292.78,100.67,9.5561
28293.79,101.13,9.5562
28294.79,100.72,9.5561
28295.79,101.19,9.5561
28296.79,100.87,9.5561
28297.79,113.14,9.556
28298.79,101.0,9.5561
28299.79,107.5,9.5561
28300.79,101.25,9.5562
28301.8,101.19,9.5562
28302.8,101.25,9.5562
28303.8,100.84,9.5562
28304.8,101.08,9.5562
28305.8,100.68,9.5562
28306.8,101.09,9.5562
28307.81,100.69,9.5562
28308.81,100.68,9.5562
28309.81,101.01,9.5563
28310.81,100.65,9.5563
28311.81,100.67,9.5563
28312.81,101.04,9.5562
28313.81,100.88,9.5564
28314.82,101.08,9.5564
28315.82,100.67,9.5564
28316.82,100.74,9.5564
28317.82,101.18,9.5564
28318.82,100.78,9.5564
28319.82,100.7,9.5564
28320.82,101.12,9.5564
28321.83,100.68,9.5564
28322.83,100.88,9.5564
28323.83,101.18,9.5564
28324.83,100.72,9.5564
28325.83,100.76,9.5564
28326.83,101.28,9.5564
28327.83,100.74,9.5564
28328.83,100.83,9.5564
28329.84,131.7,9.5561
28330.84,167.77,9.5561
28331.84,100.73,9.5561
28332.84,101.37,9.5561
28333.84,100.96,9.5562
28334.84,108.79,9.5562
28335.85,100.74,9.5561
28336.85,100.68,9.5561
28337.85,101.32,9.5562
28338.85,100.92,9.5561
28339.85,100.91,9.5561
28340.85,101.31,9.5561
28341.85,100.89,9.5561
28342.86,101.33,9.5561
28343.86,100.95,9.5563
28344.86,100.9,9.5563
28345.86,101.27,9.5563
28346.86,100.9,9.5563
28347.86,101.29,9.5563
28348.87,100.9,9.5562
28349.87,101.23,9.5563
28350.87,101.28,9.5563
28351.87,100.79,9.5563
28352.87,101.33,9.5563
28353.87,100.88,9.5564
28354.87,100.85,9.5564
28355.88,101.25,9.5564
28356.88,100.85,9.5564
28357.88,102.58,9.5564
28358.88,101.06,9.5564
28359.88,102.8,9.5563
28360.88,101.44,9.5564
28361.89,100.83,9.5564
28362.89,100.87,9.5564
28363.89,101.35,9.5563
28364.89,100.81,9.5563
28365.89,101.02,9.5563
28366.89,101.27,9.5563
28367.89,100.87,9.5564
28368.9,101.11,9.5565
28369.9,100.79,9.5565
28370.9,101.78,9.5565
28371.9,101.31,9.5564
28372.9,100.96,9.5566
28373.9,100.85,9.5566
28374.9,113.32,9.5566
28375.91,100.65,9.5563
28376.91,100.77,9.5565
28377.91,101.25,9.5565
28378.91,100.92,9.5565
28379.91,101.26,9.5565
28380.91,100.81,9.5565
28381.91,100.86,9.5565
28382.92,101.25,9.5565
28383.92,100.87,9.5565
28384.92,100.89,9.5566
28385.92,101.15,9.5565
28386.92,100.75,9.5565
28387.92,100.87,9.5565
28388.92,101.36,9.5565
28389.93,100.88,9.5567
28390.93,100.93,9.5567
28391.93,101.29,9.5567
28392.93,100.92,9.5567
28393.93,101.34,9.5566
28394.93,100.88,9.5567
28395.93,100.88,9.5567
28396.94,101.26,9.5567
28397.94,100.73,9.5567
28398.94,100.92,9.5567
28399.94,101.23,9.5567
28400.94,100.74,9.5567
28401.94,101.18,9.5567
28402.95,100.85,9.5567
28403.95,100.72,9.5568
28404.95,100.88,9.5568
28405.95,100.64,9.5568
28406.95,100.67,9.5567
28407.95,101.07,9.5567
28408.95,100.65,9.5567
28409.96,101.13,9.5567
28410.96,100.6,9.5567
28411.96,100.63,9.5567
28412.96,101.13,9.5567
28413.96,100.64,9.5567
28414.96,100.59,9.5568
28415.96,101.23,9.5568
28416.97,100.62,9.5568
28417.97,100.63,9.5568
28418.97,101.23,9.5568
28419.97,100.82,9.5568
28420.97,101.26,9.5568
28421.97,100.81,9.5568
28422.97,100.87,9.5568
28423.98,101.27,9.5569
28424.98,100.86,9.5569
28425.98,101.3,9.5569
28426.98,100.86,9.5569
28427.98,100.85,9.5568
28428.98,101.01,9.557
28429.99,101.26,9.557
28430.99,100.82,9.5569
28431.99,101.24,9.5569
28432.99,100.88,9.5571
28433.99,100.76,9.5571
28434.99,101.23,9.5571
28435.99,100.86,9.5571
28437.0,101.03,9.5571
28438.0,100.74,9.5571
28439.0,100.82,9.5571
28440.0,101.31,9.5571
28441.0,100.87,9.557
28442.0,100.76,9.557
28443.0,101.2,9.557
28444.01,100.88,9.557
28445.01,100.8,9.557
28446.01,101.22,9.557
28447.01,100.79,9.557
28448.01,101.17,9.5571
28449.01,100.82,9.5571
28450.01,100.97,9.5572
28451.02,101.32,9.5572
28452.02,100.89,9.5572
28453.02,100.94,9.5573
28454.02,101.33,9.5573
28455.02,100.85,9.5573
28456.02,101.22,9.5573
28457.03,100.87,9.5573
28458.03,100.91,9.5573
28459.03,101.29,9.5572
28460.03,100.81,9.5572
28461.03,101.2,9.5572
28462.03,100.85,9.5572
28463.04,100.93,9.5573
28464.04,101.23,9.5573
28465.04,100.52,9.5573
28466.04,100.6,9.5574
28467.04,101.23,9.5574
28468.04,110.89,9.5574
28469.04,101.01,9.5573
28470.05,100.81,9.5573
28471.05,100.85,9.5573
28472.05,101.09,9.5573
28473.05,100.57,9.5573
28474.05,100.61,9.5573
28475.05,101.21,9.5573
28476.05,100.82,9.5573
28477.05,100.72,9.5573
28478.06,101.14,9.5572
28479.06,100.85,9.5573
28480.06,100.83,9.5575
28481.06,101.16,9.5575
28482.06,100.85,9.5575
28483.06,101.29,9.5575
28484.07,100.89,9.5575
28485.07,100.86,9.5573
28486.07,101.25,9.5573
28487.07,100.85,9.5575
28488.07,101.24,9.5574
28489.07,100.9,9.5574
28490.08,100.81,9.5575
28491.08,101.2,9.5575
28492.08,100.84,9.5575
28493.08,101.32,9.5576
28494.08,100.89,9.5576
28495.08,100.83,9.5576
28496.08,101.25,9.5576
28497.09,100.86,9.5576
28498.09,101.27,9.5576
28499.09,100.9,9.5577
28500.09,100.78,9.5577
28501.09,101.27,9.5577
28502.09,100.75,9.5577
28503.1,100.92,9.5577
28504.1,101.23,9.5577
28505.1,100.85,9.5577
28506.1,101.19,9.5577
28507.1,100.8,9.5577
28508.1,100.86,9.5577
28509.1,101.35,9.5578
28510.11,100.83,9.5577
28511.11,100.91,9.5576
28512.11,101.27,9.5577
28513.11,100.93,9.5579
28514.11,101.29,9.5579
28515.11,100.86,9.5579
28516.11,100.69,9.5579
28517.12,100.95,9.5579
28518.12,100.54,9.5579
28519.12,101.01,9.5578
28520.12,100.8,9.5579
28521.12,100.89,9.5579
28522.12,101.33,9.5579
28523.13,100.93,9.5578
28524.13,100.88,9.5578
28525.13,101.35,9.5578
28526.13,100.86,9.5578
28527.13,100.84,9.5578
28528.13,101.28,9.5578
28529.13,100.89,9.5578
28530.13,100.82,9.5577
28531.14,101.34,9.5578
28532.14,100.87,9.5578
28533.14,100.95,9.5579
28534.14,101.42,9.5581
28535.14,100.89,9.5579
28536.14,100.81,9.558
28537.14,101.29,9.558
28538.15,100.9,9.558
28539.15,101.5,9.558
28540.15,100.92,9.558
28541.15,100.71,9.558
28542.15,101.18,9.558
28543.15,100.82,9.5581
28544.15,100.78,9.5581
28545.16,101.28,9.5581
28546.16,100.87,9.5581
28547.16,100.75,9.558
28548.16,101.17,9.5581
28549.16,153.65,9.558
28550.16,297.57,9.6639
28551.16,100.83,9.6639
28552.17,101.21,9.664
28553.17,100.88,9.664
28554.17,101.35,9.6641
28555.17,100.84,9.6641
28556.17,100.78,9.6641
28557.17,101.12,9.6641
28558.17,100.72,9.6641
28559.18,101.23,9.664
28560.18,100.69,9.664
28561.18,100.7,9.6641
28562.18,101.13,9.6641
28563.18,100.83,9.6641
28564.18,100.88,9.6641
28565.18,101.05,9.6641
28566.19,100.66,9.6641
28567.19,101.07,9.6641
28568.19,100.65,9.6641
28569.19,100.75,9.6643
28570.19,100.97,9.6643
28571.19,100.6,9.6643
28572.2,100.97,9.6643
28573.2,100.62,9.6642
28574.2,100.6,9.6642
28575.2,101.11,9.6643
28576.2,100.89,9.6643
28577.2,100.96,9.6643
28578.21,104.5,9.6643
28579.21,100.73,9.6641
28580.21,101.36,9.6641
28581.21,100.96,9.6641
28582.21,104.09,9.6641
28583.21,101.13,9.6641
28584.21,100.66,9.6643
28585.22,102.81,9.6643
28586.22,100.84,9.6643
28587.22,101.01,9.6643
28588.22,100.58,9.6642
28589.22,100.66,9.6643
28590.22,101.0,9.6642
28591.23,100.65,9.6643
28592.23,101.13,9.6643
28593.23,100.73,9.6643
28594.23,100.63,9.6642
28595.23,100.99,9.6643
28596.23,100.58,9.6642
28597.24,101.03,9.6645
28598.24,100.58,9.6645
28599.24,100.59,9.6645
28600.24,101.02,9.6645
28601.24,100.55,9.6643
28602.24,100.54,9.6645
28603.24,101.13,9.6644
28604.25,100.74,9.6645
28605.25,100.84,9.6645
28606.25,101.36,9.6645
28607.25,100.75,9.6645
28608.25,100.66,9.6645
28609.25,101.22,9.6645
28610.25,101.74,9.6645
28611.26,100.86,9.6645
28612.26,101.21,9.6644
28613.26,100.92,9.6645
28614.26,101.36,9.6645
28615.26,103.46,9.6645
28616.26,100.77,9.6645
28617.26,102.19,9.6645
28618.27,113.0,9.6645
28619.27,100.88,9.6647
28620.27,101.14,9.6647
28621.27,100.52,9.6645
28622.27,101.24,9.6646
28623.27,100.89,9.6647
28624.28,101.12,9.6647
28625.28,102.36,9.6647
28626.28,100.88,9.6647
28627.28,101.14,9.6647
28628.28,100.76,9.6647
28629.28,100.93,9.6648
28630.28,101.1,9.6648
28631.29,100.78,9.6648
28632.29,100.76,9.6647
28633.29,101.62,9.6647
28634.29,100.81,9.6647
28635.29,100.72,9.6647
28636.29,101.19,9.6647
28637.29,100.77,9.6647
28638.3,100.85,9.6647
28639.3,103.8,9.6646
28640.3,100.84,9.6646
28641.3,101.16,9.6647
28642.3,148.39,6.095
28643.3,342.35,2.7161
28644.3,359.98,2.8406
28645.31,328.76,3.1525
28646.31,240.62,2.5197
28647.31,335.56,2.7295
28648.31,361.25,2.9328
28649.31,333.56,3.2099
28650.31,231.21,3.504
28651.31,209.92,3.7693
28652.31,300.36,4.1752
28653.32,256.16,2.8199
28654.32,289.62,2.7147
28655.32,343.83,2.8444
28656.32,323.09,3.1048
28657.32,318.59,3.3711
28658.32,253.39,3.7365
28659.32,307.87,3.9817
28660.33,281.94,3.3465
28661.33,270.5,2.6618
28662.33,346.94,2.8399
28663.33,282.64,2.6275
28664.33,324.23,2.9247
28665.33,306.44,3.0828
28666.33,352.3,3.2588
28667.33,330.86,3.4925
28668.34,313.91,3.7155
28669.34,304.1,3.9417
28670.34,306.55,4.0968
28671.34,301.94,4.3337
28672.34,302.54,4.5491
28673.34,302.02,4.7266
28674.34,304.27,4.8219
28675.35,305.53,4.9003
28676.35,306.23,4.9467
28677.35,228.13,5.0011
28678.35,199.51,5.0327
28679.35,167.34,5.0659
28680.35,130.76,5.0938
28681.35,129.33,5.1253
28682.35,161.13,5.1693
28683.36,109.75,5.2023
28684.36,107.23,5.2338
28685.36,103.7,5.2648
28686.36,106.16,5.3006
28687.36,137.93,5.3468
28688.36,120.51,5.3994
28689.37,114.72,5.4564
28690.37,103.67,5.4935
28691.37,102.08,5.522
28692.37,138.9,5.5564
28693.37,103.8,5.5889
28694.37,100.73,5.6246
28695.38,101.36,5.6594
28696.38,101.54,5.6907
28697.38,100.91,5.7252
28698.38,104.78,5.7623
28699.38,100.85,5.7979
28700.38,100.81,5.8302
28701.38,170.12,5.9162
28702.39,153.08,5.9931
28703.39,123.53,6.0739
28704.39,140.02,6.1239
28705.39,101.19,6.151
28706.39,143.78,6.1929
28707.39,132.24,6.2289
28708.39,101.62,6.2644
28709.4,100.98,6.3159
28710.4,139.52,6.3801
28711.4,100.91,6.4926
28712.4,105.4,6.5934
28713.4,120.3,6.7071
28714.4,101.92,6.7492
28715.4,102.26,6.7985
28716.4,101.25,6.8143
28717.41,111.83,6.866
28718.41,108.41,6.9404
28719.41,103.54,6.9971
28720.41,116.25,7.0673
28721.41,119.52,7.1455
28722.41,108.71,7.2107
28723.41,101.49,7.3072
28724.41,101.08,7.4012
28725.42,187.9,7.7085
28726.42,100.69,7.7085
28727.42,100.86,7.7085
28728.42,101.88,7.7085
28729.42,103.38,7.7085
28730.42,150.96,7.7086
28731.43,128.86,7.7086
28732.43,104.56,7.7086
28733.43,106.68,7.7086
28734.43,102.64,7.7086
28735.43,103.16,7.7086
28736.43,103.98,7.7086
28737.43,101.06,7.7086
28738.44,100.79,7.7087
28739.44,100.94,7.7093
28740.44,100.79,7.7295
28741.44,153.06,7.7538
28742.44,127.79,7.7736
28743.44,100.88,7.7791
28744.44,103.85,7.8069
28745.45,101.17,7.8088
28746.45,101.24,7.8087
28747.45,100.87,7.8089
28748.45,100.93,7.8089
28749.45,133.59,7.809
28750.45,100.67,7.809
28751.46,101.01,7.809
28752.46,100.67,7.809
28753.46,100.93,7.809
28754.46,101.0,7.809
28755.46,130.35,7.809
28756.46,104.13,7.8089
28757.46,110.15,7.8089
28758.47,100.85,7.8089
28759.47,100.95,7.8091
28760.47,100.78,7.8091
28761.47,100.9,7.8091
28762.47,102.2,7.8091
28763.47,100.93,7.8091
28764.48,101.27,7.8089
28765.48,101.19,7.809
28766.48,100.77,7.8092
28767.48,101.02,7.8092
28768.48,100.67,7.8091
28769.48,100.78,7.8092
28770.48,101.27,7.8092
28771.49,100.86,7.8091
28772.49,100.87,7.8092
28773.49,101.36,7.8092
28774.49,100.79,7.8092
28775.49,101.25,7.8092
28776.49,101.14,7.8092
28777.5,100.9,7.8092
28778.5,128.17,7.8092
28779.5,121.84,7.8092
28780.5,101.24,7.8091
28781.5,100.97,7.8092
28782.5,100.86,7.8092
28783.5,101.35,7.8092
28784.51,100.84,7.8092
28785.51,100.8,7.8092
28786.51,101.2,7.8092
28787.51,100.89,7.8092
28788.51,101.1,7.8094
28789.51,101.26,7.8094
28790.51,100.86,7.8094
28791.52,101.17,7.8094
28792.52,100.81,7.8094
28793.52,100.93,7.8094
28794.52,107.89,7.8094
28795.52,100.88,7.8094
28796.52,101.23,7.8094
28797.53,100.84,7.8094
28798.53,100.92,7.8094
28799.53,101.38,7.8094
28800.53,101.21,7.8094
28801.53,139.05,7.8093
28802.53,101.64,7.8094
28803.53,100.89,7.8094
28804.54,101.19,7.8094
28805.54,100.68,7.8094
28806.54,100.58,7.8094
28807.54,100.96,7.8095
28808.54,100.61,7.8095
28809.54,100.98,7.8095
28810.55,100.54,7.8094
28811.55,100.58,7.8094
28812.55,100.96,7.8094
28813.55,100.87,7.8094
28814.55,101.03,7.8095
28815.55,100.82,7.8095
28816.56,101.17,7.8095
28817.56,106.34,7.8095
28818.56,100.91,7.8094
28819.56,101.27,7.8096
28820.56,100.85,7.8096
28821.56,100.79,7.8096
28822.56,103.38,7.8096
28823.57,100.9,7.8097
28824.57,101.66,7.8097
28825.57,100.8,7.8097
28826.57,100.7,7.8097
28827.57,101.13,7.8097
28828.57,102.94,7.8097
28829.58,101.14,7.8097
28830.58,100.68,7.8097
28831.58,101.26,7.8097
28832.58,101.16,7.8097
28833.58,101.44,7.8097
28834.58,102.73,7.8097
28835.59,142.42,7.8107
28836.59,100.75,7.8107
28837.59,101.37,7.8107
28838.59,100.72,7.8107
28839.59,133.61,7.8108
28840.59,292.92,7.8112
28841.6,156.72,7.8112
28842.6,143.55,7.8113
28843.6,166.76,7.8113
28844.6,300.42,7.8332
28845.6,220.86,7.8366
28846.6,127.29,7.8324
28847.6,137.43,7.997
28848.61,157.57,8.1991
28849.61,100.65,8.2792
28850.61,101.11,8.2993
28851.61,100.76,8.2992
28852.61,100.54,8.2992
28853.61,101.35,8.2867
28854.61,100.65,8.2867
28855.61,100.48,8.2867
28856.62,100.87,8.2867
28857.62,100.47,8.2867
28858.62,100.78,8.2867
28859.62,101.06,8.2868
28860.62,100.51,8.2868
28861.62,100.88,8.2868
28862.63,100.69,8.2868
28863.63,100.66,8.2868
28864.63,100.87,8.2868
28865.63,102.5,8.2869
28866.63,101.3,8.2868
28867.63,100.53,8.2868
28868.63,100.56,8.2868
28869.64,102.0,8.2868
28870.64,100.45,8.2868
28871.64,100.49,8.2868
28872.64,100.87,8.2868
28873.64,100.79,8.2868
28874.64,101.1,8.2868
28875.65,100.46,8.2868
28876.65,100.47,8.2868
28877.65,100.92,8.2868
28878.65,100.5,8.2869
28879.65,100.5,8.2869
28880.65,100.92,8.2869
28881.65,100.55,8.2869
28882.65,100.43,8.2869
28883.66,100.79,8.2869
28884.66,100.69,8.2869
28885.66,100.56,8.2869
28886.66,101.0,8.2869
28887.66,100.49,8.2869
28888.66,100.97,8.2869
28889.67,100.56,8.2869
28890.67,100.47,8.2869
28891.67,100.91,8.2869
28892.67,100.61,8.2869
28893.67,100.75,8.2869
28894.67,100.93,8.2869
28895.67,100.48,8.287
28896.67,100.62,8.287
28897.68,101.14,8.287
28898.68,100.71,8.287
28899.68,100.7,8.287
28900.68,100.74,8.287
28901.68,101.09,8.287
28902.68,100.69,8.287
28903.68,101.0,8.287
28904.69,100.48,8.287
28905.69,100.46,8.287
28906.69,101.03,8.287
28907.69,100.66,8.287
28908.69,100.5,8.287
28909.69,100.94,8.287
28910.69,100.68,8.2871
28911.7,100.65,8.2871
28912.7,190.07,8.3558
28913.7,100.7,8.3558
28914.7,100.62,8.3558
28915.7,101.03,8.3558
28916.7,100.66,8.3558
28917.7,100.69,8.3559
28918.7,101.12,8.3559
28919.71,100.6,8.3559
28920.71,100.66,8.3559
28921.71,101.06,8.3559
28922.71,100.54,8.356
28923.71,100.53,8.356
28924.71,101.02,8.356
28925.71,100.59,8.356
28926.72,101.07,8.356
28927.72,100.64,8.356
28928.72,100.52,8.356
28929.72,100.93,8.356
28930.72,100.69,8.356
28931.72,101.1,8.356
28932.73,100.66,8.356
28933.73,100.74,8.356
28934.73,101.04,8.356
28935.73,100.69,8.356
28936.73,100.58,8.356
28937.73,101.11,8.356
28938.73,101.0,8.356
28939.74,100.86,8.356
28940.74,101.18,8.356
28941.74,100.53,8.356
28942.74,100.61,8.356
28943.74,101.35,8.356
28944.74,100.68,8.356
28945.74,100.67,8.356
28946.74,101.13,8.356
28947.75,100.62,8.3561
28948.75,100.67,8.3561
28949.75,101.04,8.3561
28950.75,100.54,8.3561
28951.75,100.7,8.3561
28952.75,101.09,8.3561
28953.75,100.72,8.3561
28954.76,100.66,8.3561
28955.76,101.08,8.3561
28956.76,100.6,8.3561
28957.76,101.04,8.3561
28958.76,100.81,8.3561
28959.76,100.69,8.3561
28960.76,101.08,8.3561
28961.77,100.66,8.3561
28962.77,100.61,8.3561
28963.77,101.17,8.3562
28964.77,100.67,8.3562
28965.77,101.06,8.3564
28966.77,100.65,8.3563
28967.78,100.61,8.3563
28968.78,101.0,8.3563
28969.78,100.68,8.3563
28970.78,100.98,8.3563
28971.78,100.69,8.3563
28972.78,100.81,8.3563
28973.78,101.11,8.3563
28974.79,100.68,8.3563
28975.79,100.68,8.3563
28976.79,101.07,8.3563
28977.79,100.65,8.3563
28978.79,100.71,8.3565
28979.79,101.07,8.3565
28980.79,100.69,8.3565
28981.8,101.05,8.3565
28982.8,100.68,8.3565
28983.8,100.76,8.3565
28984.8,101.07,8.3565
28985.8,100.67,8.3565
28986.8,100.65,8.3565
28987.8,101.14,8.3565
28988.81,101.8,8.3565
28989.81,100.62,8.3565
28990.81,101.1,8.3566
28991.81,100.61,8.3566
28992.81,100.51,8.3566
28993.81,101.14,8.3566
28994.81,100.62,8.3566
28995.82,100.45,8.3566
28996.82,100.86,8.3566
28997.82,100.47,8.3566
28998.82,100.85,8.3566
28999.82,100.67,8.3566
29000.82,100.63,8.3566
29001.82,101.0,8.3566
29002.83,100.64,8.3566
29003.83,100.68,8.3566
29004.83,101.1,8.3566
29005.83,100.64,8.3566
29006.83,101.06,8.3566
29007.83,100.66,8.3566
29008.83,100.71,8.3567
29009.84,101.12,8.3567
29010.84,100.67,8.3567
29011.84,100.65,8.3567
29012.84,101.41,8.3567
29013.84,100.69,8.3567
29014.84,100.66,8.3567
29015.84,101.05,8.3567
29016.85,100.67,8.3567
29017.85,100.63,8.3567
29018.85,100.92,8.3567
29019.85,100.41,8.3567
29020.85,100.47,8.3567
29021.85,100.86,8.3567
29022.85,100.52,8.3567
29023.86,100.88,8.3568
29024.86,100.47,8.3568
29025.86,100.44,8.3568
29026.86,100.86,8.3568
29027.86,100.55,8.3568
29028.86,100.85,8.3568
29029.87,100.42,8.3569
29030.87,100.46,8.3569
29031.87,100.86,8.3569
29032.87,100.53,8.3569
29033.87,100.5,8.3569
29034.87,100.89,8.3569
29035.87,100.51,8.3569
29036.88,101.02,8.3569
29037.88,100.65,8.3569
29038.88,100.69,8.357
29039.88,100.33,8.357
29040.88,101.2,8.357
29041.88,100.62,8.357
29042.88,101.1,8.357
29043.89,100.63,8.357
29044.89,100.67,8.357
29045.89,101.07,8.3569
29046.89,100.79,8.3571
29047.89,100.63,8.357
29048.89,101.05,8.3571
29049.89,100.67,8.3571
29050.89,100.5,8.3571
29051.9,100.85,8.3571
29052.9,100.5,8.3571
29053.9,100.51,8.3571
29054.9,100.86,8.3571
29055.9,100.46,8.3571
29056.9,100.85,8.3571
29057.91,100.43,8.3571
29058.91,100.53,8.3572
29059.91,100.85,8.3572
29060.91,100.44,8.3572
29061.91,101.94,8.3572
29062.91,101.02,8.3572
29063.91,100.65,8.3572
29064.92,100.88,8.3572
29065.92,100.49,8.3572
29066.92,100.47,8.3572
29067.92,103.75,8.3572
29068.92,100.53,8.3572
29069.92,100.47,8.3572
29070.92,100.97,8.3572
29071.93,100.45,8.3572
29072.93,100.6,8.3572
29073.93,101.06,8.3573
29074.93,100.47,8.3573
29075.93,100.44,8.3573
29076.93,100.99,8.3573
29077.93,100.67,8.3573
29078.94,101.07,8.3573
29079.94,100.49,8.3573
29080.94,100.54,8.3573
29081.94,100.86,8.3573
29082.94,100.63,8.3573
29083.94,100.68,8.3573
29084.94,101.01,8.3573
29085.94,100.74,8.3573
29086.95,100.62,8.3574
29087.95,101.07,8.3574
29088.95,100.69,8.3574
29089.95,100.68,8.3574
29090.95,101.05,8.3574
29091.95,100.63,8.3574
29092.96,100.7,8.3574
29093.96,101.05,8.3576
29094.96,100.64,8.3576
29095.96,101.08,8.3576
29096.96,100.66,8.3576
29097.96,100.68,8.3576
29098.96,101.14,8.3576
29099.97,100.66,8.3576
29100.97,100.66,8.3576
29101.97,101.12,8.3576
29102.97,100.71,8.3576
29103.97,100.68,8.3576
29104.97,101.11,8.3576
29105.97,100.69,8.3575
29106.97,100.67,8.3575
29107.98,101.16,8.3575
29108.98,100.99,8.3577
29109.98,100.73,8.3577
29110.98,101.1,8.3577
29111.98,100.58,8.3577
29112.98,100.78,8.3577
29113.98,100.75,8.3577
29114.98,101.07,8.3577
29115.99,100.69,8.3577
29116.99,101.08,8.3577
29117.99,100.56,8.3577
29118.99,100.63,8.3577
29119.99,100.93,8.3577
29120.99,100.56,8.3577
29121.99,100.7,8.3577
29123.0,101.12,8.3578
29124.0,100.71,8.3578
29125.0,100.67,8.3578
29126.0,101.06,8.3578
29127.0,100.68,8.3578
29128.0,101.06,8.3578
29129.01,100.71,8.3578
29130.01,100.64,8.3578
29131.01,101.11,8.3578
29132.01,100.64,8.3578
29133.01,100.74,8.3578
29134.01,101.16,8.3578
29135.01,185.18,8.3605
29136.01,100.65,8.3605
29137.02,101.09,8.3605
29138.02,100.64,8.3605
29139.02,100.73,8.3605
29140.02,101.04,8.3605
29141.02,100.65,8.3605
29142.02,100.77,8.3605
29143.02,100.72,8.3605
29144.03,101.11,8.3605
29145.03,100.67,8.3605
29146.03,101.04,8.3605
29147.03,100.63,8.3605
29148.03,100.71,8.3605
29149.03,101.14,8.3605
29150.03,100.68,8.3605
29151.04,100.7,8.3604
29152.04,101.09,8.3605
29153.04,100.74,8.3607
29154.04,101.14,8.3607
29155.04,100.69,8.3608
29156.04,100.69,8.3608
29157.04,101.07,8.3608
29158.05,100.69,8.3608
29159.05,101.11,8.3607
29160.05,100.67,8.3607
29161.05,100.68,8.3607
29162.05,101.1,8.3607
29163.05,100.72,8.3607
29164.05,100.58,8.3607
29165.06,100.96,8.3607
29166.06,100.64,8.3607
29167.06,100.66,8.3607
29168.06,101.04,8.3607
29169.06,100.79,8.3608
29170.06,100.63,8.3608
29171.06,101.59,8.3608
29172.07,100.63,8.3607
29173.07,100.72,8.3607
29174.07,101.09,8.3608
29175.07,100.63,8.3608
29176.07,101.02,8.3608
29177.07,100.64,8.3608
29178.07,100.55,8.3608
29179.08,101.04,8.3608
29180.08,100.65,8.3608
29181.08,100.67,8.3608
29182.08,101.06,8.3608
29183.08,100.72,8.3608
29184.08,101.12,8.3608
29185.09,100.66,8.3608
29186.09,100.67,8.3608
29187.09,100.9,8.3608
29188.09,100.46,8.3609
29189.09,100.51,8.361
29190.09,100.9,8.361
29191.09,100.66,8.361
29192.1,101.06,8.361
29193.1,100.72,8.361
29194.1,100.58,8.361
29195.1,101.04,8.361
29196.1,100.68,8.361
29197.1,100.67,8.361
29198.1,101.07,8.361
29199.11,100.71,8.361
29200.11,101.02,8.3609
29201.11,100.7,8.361
29202.11,100.74,8.361
29203.11,101.14,8.361
29204.11,100.67,8.361
29205.11,100.67,8.361
29206.12,106.13,8.3611
29207.12,100.63,8.361
29208.12,100.66,8.361
29209.12,101.1,8.3611
29210.12,100.69,8.3612
29211.12,100.66,8.3612
29212.12,101.07,8.3612
29213.13,100.8,8.3611
29214.13,100.7,8.361
29215.13,101.05,8.361
29216.13,100.62,8.3611
29217.13,100.68,8.3611
29218.13,101.05,8.3611
29219.13,100.71,8.3611
29220.14,100.65,8.3613
29221.14,101.05,8.3613
29222.14,100.65,8.3611
29223.14,101.1,8.3611
29224.14,100.7,8.3612
29225.14,100.67,8.3612
29226.14,101.0,8.3612
29227.15,100.59,8.3612
29228.15,101.03,8.3613
29229.15,100.49,8.3613
29230.15,100.61,8.3613
29231.15,101.06,8.3613
29232.15,100.64,8.3612
29233.16,100.69,8.3613
29234.16,101.16,8.3612
29235.16,100.64,8.3613
29236.16,100.63,8.3613
29237.16,101.1,8.3612
29238.16,100.66,8.3612
29239.16,100.66,8.3614
29240.16,101.11,8.3614
29241.17,100.68,8.3614
29242.17,100.69,8.3614
29243.17,101.18,8.3615
29244.17,100.68,8.3614
29245.17,100.66,8.3614
29246.17,101.07,8.3614
29247.17,100.67,8.3614
29248.18,100.66,8.3614
29249.18,101.12,8.3614
29250.18,100.65,8.3614
29251.18,101.49,8.3616
29252.18,100.67,8.3616
29253.18,100.72,8.3616
29254.18,101.05,8.3616
29255.19,100.66,8.3615
29256.19,100.66,8.3616
29257.19,101.05,8.3615
29258.19,100.66,8.3615
29259.19,101.11,8.3615
29260.19,100.6,8.3615
29261.19,100.66,8.3615
29262.2,101.03,8.3615
29263.2,100.79,8.3615
29264.2,100.71,8.3616
29265.2,101.06,8.3616
29266.2,100.66,8.3616
29267.2,100.67,8.3616
29268.2,101.07,8.3616
29269.21,100.67,8.3616
29270.21,100.68,8.3616
29271.21,101.1,8.3616
29272.21,100.68,8.3616
29273.21,101.12,8.3616
29274.21,100.64,8.3617
29275.22,100.66,8.3618
29276.22,101.09,8.3618
29277.22,100.62,8.3618
29278.22,100.65,8.3618
29279.22,101.11,8.3618
29280.22,100.51,8.3618
29281.22,100.85,8.3618
29282.23,100.45,8.3618
29283.23,100.5,8.3618
29284.23,100.91,8.3618
29285.23,100.56,8.3618
29286.23,100.65,8.3618
29287.23,101.05,8.3618
29288.23,100.67,8.3618
29289.24,101.11,8.3619
29290.24,100.63,8.3619
29291.24,100.73,8.3619
29292.24,101.04,8.3619
29293.24,100.7,8.3619
29294.24,100.5,8.3618
29295.24,100.84,8.3618
29296.25,100.45,8.3618
29297.25,100.47,8.3618
29298.25,100.86,8.3618
29299.25,100.66,8.3619
29300.25,101.07,8.3619
29301.25,100.68,8.3619
29302.26,100.66,8.3619
29303.26,101.12,8.3619
29304.26,100.7,8.3619
29305.26,101.06,8.3618
29306.26,100.65,8.3619
29307.26,100.67,8.3619
29308.26,101.11,8.3619
29309.27,100.69,8.3619
29310.27,100.66,8.362
29311.27,101.13,8.3619
29312.27,100.62,8.3618
29313.27,100.72,8.3621
29314.27,101.16,8.3621
29315.27,100.63,8.3621
29316.27,100.67,8.3621
29317.28,101.14,8.362
29318.28,100.66,8.362
29319.28,100.77,8.3621
29320.28,101.06,8.362
29321.28,100.69,8.3621
29322.28,100.67,8.3621
29323.28,100.93,8.3621
29324.29,100.5,8.3621
29325.29,100.44,8.3621
29326.29,100.91,8.3621
29327.29,100.65,8.3623
29328.29,100.72,8.3623
29329.29,101.09,8.3623
29330.29,100.57,8.3623
29331.3,100.98,8.3623
29332.3,100.64,8.3622
29333.3,100.72,8.3621
29334.3,101.1,8.3622
29335.3,100.59,8.3622
29336.3,100.68,8.3623
29337.31,100.83,8.3623
29338.31,100.45,8.3623
29339.31,101.03,8.3623
29340.31,100.65,8.3623
29341.31,100.65,8.3623
29342.31,101.11,8.3622
29343.31,100.7,8.3622
29344.31,100.69,8.3622
29345.32,101.04,8.3622
29346.32,100.65,8.3622
29347.32,100.67,8.3622
29348.32,101.2,8.3622
29349.32,100.67,8.3622
29350.32,100.64,8.3622
29351.32,101.08,8.3622
29352.33,100.62,8.3624
29353.33,100.74,8.3624
29354.33,101.06,8.3624
29355.33,100.63,8.3624
29356.33,101.04,8.3624
29357.33,100.63,8.3624
29358.33,100.66,8.3624
29359.34,101.09,8.3624
29360.34,100.48,8.3624
29361.34,102.23,8.3625
29362.34,103.03,8.3625
29363.34,100.63,8.3625
29364.34,100.47,8.3625
29365.34,100.94,8.3625
29366.35,100.47,8.3625
29367.35,100.45,8.3625
29368.35,100.97,8.3625
29369.35,100.54,8.3625
29370.35,100.44,8.3625
29371.35,100.54,8.3624
29372.35,100.85,8.3625
29373.35,100.74,8.3627
29374.36,100.64,8.3627
29375.36,101.12,8.3627
29376.36,100.64,8.3627
29377.36,101.0,8.3627
29378.36,101.13,8.3627
29379.36,100.63,8.3627
29380.36,100.64,8.3627
29381.36,101.08,8.3627
29382.37,100.69,8.3627
29383.37,100.79,8.3627
29384.37,101.08,8.3627
29385.37,100.68,8.3627
29386.37,100.64,8.3627
29387.37,101.07,8.3627
29388.37,100.7,8.3627
29389.38,100.99,8.3627
29390.38,100.65,8.3627
29391.38,100.59,8.3627
29392.38,101.02,8.3627
29393.38,100.76,8.3628
29394.38,100.66,8.3628
29395.38,101.03,8.3628
29396.39,100.66,8.3628
29397.39,101.07,8.3628
29398.39,100.71,8.3628
29399.39,100.67,8.3628
29400.39,101.08,8.3629
29401.39,100.53,8.3628
29402.4,100.45,8.3629
29403.4,100.97,8.3629
29404.4,100.46,8.3629
29405.4,100.86,8.3629
29406.4,100.54,8.3629
29407.4,100.61,8.3629
29408.4,101.03,8.3629
29409.41,100.69,8.363
29410.41,100.64,8.363
29411.41,101.09,8.363
29412.41,100.68,8.363
29413.41,101.14,8.363
29414.41,100.64,8.363
29415.41,100.61,8.3629
29416.42,101.11,8.3629
29417.42,100.63,8.363
29418.42,100.68,8.363
29419.42,101.1,8.363
29420.42,100.64,8.363
29421.42,100.64,8.363
29422.42,100.83,8.363
29423.43,100.52,8.3631
29424.43,100.41,8.3631
29425.43,100.92,8.3631
29426.43,100.66,8.3631
29427.43,101.06,8.3631
29428.43,100.82,8.3631
29429.43,100.67,8.3631
29430.44,185.18,8.3636
29431.44,101.07,8.3636
29432.44,100.67,8.3636
29433.44,101.14,8.3636
29434.44,100.58,8.3636
29435.44,100.45,8.3636
29436.44,100.93,8.3636
29437.45,100.67,8.3636
29438.45,100.67,8.3636
29439.45,101.08,8.3636
29440.45,100.65,8.3636
29441.45,101.09,8.3636
29442.45,100.67,8.3636
29443.46,100.79,8.3637
29444.46,101.13,8.3637
29445.46,100.68,8.3637
29446.46,101.09,8.3637
29447.46,100.73,8.3637
29448.46,100.69,8.3637
29449.46,101.09,8.3637
29450.47,100.64,8.3637
29451.47,100.63,8.3637
29452.47,101.08,8.3637
29453.47,100.73,8.3639
29454.47,100.68,8.3639
29455.47,101.05,8.3639
29456.47,100.65,8.3639
29457.48,101.09,8.3639
29458.48,100.77,8.364
29459.48,100.63,8.364
29460.48,101.04,8.364
29461.48,100.42,8.364
29462.48,100.43,8.364
29463.48,100.94,8.3641
29464.49,100.48,8.3641
29465.49,100.62,8.3641
29466.49,101.08,8.3641
29467.49,100.69,8.3641
29468.49,101.11,8.3641
29469.49,100.68,8.3641
29470.49,100.74,8.3641
29471.5,101.13,8.3641
29472.5,100.67,8.3641
29473.5,100.76,8.3641
29474.5,101.06,8.364
29475.5,100.67,8.364
29476.5,100.67,8.364
29477.5,101.05,8.364
29478.51,100.72,8.364
29479.51,101.08,8.364
29480.51,100.66,8.364
29481.51,100.66,8.364
29482.51,101.06,8.364
29483.51,100.76,8.3641
29484.52,100.66,8.3641
29485.52,101.07,8.3641
29486.52,100.67,8.3641
29487.52,101.07,8.3641
29488.52,100.7,8.3641
29489.52,100.68,8.3641
29490.52,101.04,8.3641
29491.53,100.66,8.3641
29492.53,100.65,8.3641
29493.53,101.1,8.3643
29494.53,100.56,8.3643
29495.53,100.94,8.3643
29496.53,100.58,8.3643
29497.53,100.67,8.3642
29498.54,101.06,8.3644
29499.54,100.66,8.3644
29500.54,100.66,8.3644
29501.54,101.08,8.3644
29502.54,100.66,8.3644
29503.54,101.02,8.3644
29504.55,100.67,8.3644
29505.55,100.67,8.3645
29506.55,100.87,8.3644
29507.55,100.47,8.3644
29508.55,100.5,8.3645
29509.55,100.87,8.3645
29510.55,100.46,8.3645
29511.56,100.86,8.3645
29512.56,100.46,8.3645
29513.56,100.57,8.3645
29514.56,101.03,8.3645
29515.56,100.65,8.3645
29516.56,100.7,8.3645
29517.56,101.07,8.3645
29518.57,100.7,8.3645
29519.57,101.08,8.3645
29520.57,100.66,8.3645
29521.57,100.64,8.3645
29522.57,101.01,8.3645
29523.57,100.77,8.3645
29524.57,100.77,8.3645
29525.58,101.03,8.3646
29526.58,100.47,8.3646
29527.58,100.51,8.3647
29528.58,101.02,8.3647
29529.58,100.69,8.3647
29530.58,100.54,8.3647
29531.58,100.48,8.3647
29532.58,100.85,8.3647
29533.59,100.54,8.3647
29534.59,101.03,8.3647
29535.59,100.65,8.3647
29536.59,100.65,8.3647
29537.59,100.99,8.3647
29538.59,100.47,8.3647
29539.6,100.61,8.3647
29540.6,101.04,8.3647
29541.6,100.63,8.3647
29542.6,101.04,8.3647
29543.6,100.73,8.3648
29544.6,100.67,8.3648
29545.6,101.07,8.3648
29546.61,100.64,8.3648
29547.61,100.67,8.3648
29548.61,101.08,8.3648
29549.61,100.69,8.3648
29550.61,101.06,8.3648
29551.61,100.66,8.3648
29552.61,102.02,8.3648
29553.62,101.17,8.3648
29554.62,100.56,8.3648
29555.62,100.6,8.3648
29556.62,101.03,8.3648
29557.62,100.67,8.3648
29558.62,100.69,8.3648
29559.62,101.05,8.3648
29560.63,100.65,8.3648
29561.63,100.63,8.3648
29562.63,101.06,8.3648
29563.63,100.62,8.3648
29564.63,101.08,8.3648
29565.63,100.62,8.3648
29566.63,100.64,8.3648
29567.64,101.01,8.3648
29568.64,100.69,8.3649
29569.64,100.67,8.3649
29570.64,101.03,8.3649
29571.64,100.62,8.3649
29572.64,100.66,8.3649
29573.64,101.15,8.3649
29574.65,100.66,8.3649
29575.65,101.06,8.3649
29576.65,100.66,8.3649
29577.65,100.66,8.3649
29578.65,101.09,8.3649
29579.65,100.64,8.3649
29580.66,100.63,8.3649
29581.66,101.04,8.365
29582.66,100.57,8.365
29583.66,101.06,8.365
29584.66,100.61,8.365
29585.66,100.53,8.365
29586.66,102.67,8.365
29587.67,100.54,8.3651
29588.67,100.71,8.3651
29589.67,100.88,8.3651
29590.67,100.64,8.365
29591.67,100.7,8.365
29592.67,101.04,8.365
29593.67,101.19,8.365
29594.67,100.55,8.365
29595.68,101.03,8.365
29596.68,100.48,8.3651
29597.68,100.41,8.3651
29598.68,100.91,8.3651
29599.68,100.51,8.3651
29600.68,101.01,8.3651
29601.69,100.58,8.3651
29602.69,100.69,8.3651
29603.69,101.11,8.3651
29604.69,100.67,8.3651
29605.69,100.7,8.3651
29606.69,101.03,8.3651
29607.69,100.6,8.3651
29608.69,100.68,8.3653
29609.7,101.05,8.3653
29610.7,100.54,8.3653
29611.7,101.29,8.3653
29612.7,100.79,8.3653
29613.7,100.56,8.3652
29614.7,100.51,8.3652
29615.7,100.8,8.3652
29616.71,100.47,8.3652
29617.71,102.04,8.3653
29618.71,100.48,8.3653
29619.71,100.48,8.3653
29620.71,100.89,8.3653
29621.71,100.73,8.3652
29622.72,100.7,8.3652
29623.72,101.17,8.3652
29624.72,100.67,8.3652
29625.72,101.03,8.3652
29626.72,100.58,8.3652
29627.72,100.66,8.3652
29628.72,101.06,8.3653
29629.73,100.62,8.3653
29630.73,101.03,8.3653
29631.73,100.57,8.3653
29632.73,100.48,8.3653
29633.73,100.94,8.3653
29634.73,100.47,8.3653
29635.74,100.44,8.3653
29636.74,100.84,8.3653
29637.74,100.56,8.3653
29638.74,100.72,8.3653
29639.74,100.92,8.3652
29640.74,100.43,8.3654
29641.74,100.85,8.3654
29642.75,100.46,8.3654
29643.75,100.54,8.3654
29644.75,100.94,8.3654
29645.75,100.65,8.3654
29646.75,100.66,8.3654
29647.75,101.05,8.3654
29648.75,100.7,8.3654
29649.76,101.06,8.3654
29650.76,100.63,8.3654
29651.76,100.68,8.3654
29652.76,101.06,8.3654
29653.76,100.74,8.3654
29654.76,100.69,8.3654
29655.76,101.54,8.3654
29656.77,100.68,8.3654
29657.77,101.04,8.3654
29658.77,100.67,8.3653
29659.77,100.65,8.3654
29660.77,101.05,8.3654
29661.77,100.71,8.3654
29662.78,100.7,8.3654
29663.78,101.16,8.3654
29664.78,100.72,8.3654
29665.78,101.09,8.3654
29666.78,100.69,8.3654
29667.78,100.68,8.3653
29668.78,101.18,8.3654
29669.79,100.67,8.3654
29670.79,100.7,8.3654
29671.79,101.08,8.3654
29672.79,100.69,8.3654
29673.79,100.74,8.3654
29674.79,101.07,8.3653
29675.79,100.71,8.3654
29676.8,101.11,8.3654
29677.8,100.67,8.3655
29678.8,100.7,8.3655
29679.8,101.14,8.3655
29680.8,100.72,8.3655
29681.8,100.74,8.3655
29682.8,101.12,8.3655
29683.81,100.77,8.3655
29684.81,100.68,8.3655
29685.81,101.09,8.3655
29686.81,100.68,8.3655
29687.81,100.46,8.3655
29688.81,101.01,8.3655
29689.81,100.72,8.3655
29690.81,100.7,8.3655
29691.82,101.03,8.3655
29692.82,100.64,8.3655
29693.82,100.77,8.3655
29694.82,101.2,8.3655
29695.82,100.74,8.3655
29696.82,100.7,8.3655
29697.82,101.18,8.3655
29698.83,100.74,8.3655
29699.83,100.72,8.3655
29700.83,101.12,8.3655
29701.83,100.66,8.3655
29702.83,100.83,8.3655
29703.83,100.71,8.3655
29704.83,101.05,8.3655
29705.83,100.71,8.3655
29706.84,101.09,8.3655
29707.84,100.72,8.3656
29708.84,100.75,8.3656
29709.84,101.07,8.3656
29710.84,100.81,8.3656
29711.84,100.75,8.3656
29712.84,101.29,8.3656
29713.85,100.78,8.3656
29714.85,100.73,8.3656
29715.85,100.93,8.3656
29716.85,100.46,8.3656
29717.85,100.66,8.3656
29718.85,101.18,8.3655
29719.85,100.67,8.3656
29720.85,100.64,8.3656
29721.86,101.11,8.3656
29722.86,100.73,8.3656
29723.86,100.57,8.3656
29724.86,100.85,8.3656
29725.86,100.5,8.3657
29726.86,100.44,8.3657
29727.86,100.84,8.3657
29728.87,100.48,8.3657
29729.87,100.46,8.3657
29730.87,100.85,8.3657
29731.87,100.46,8.3657
29732.87,100.91,8.3657
29733.87,193.67,8.7236
29734.88,100.7,8.7236
29735.88,101.09,8.7236
29736.88,100.74,8.7236
29737.88,101.1,8.7236
29738.88,100.74,8.7236
29739.88,100.71,8.7236
29740.88,101.15,8.7236
29741.89,100.75,8.7235
29742.89,101.19,8.7236
29743.89,100.76,8.7235
29744.89,100.74,8.7235
29745.89,101.13,8.7235
29746.89,100.73,8.7237
29747.9,100.91,8.7238
29748.9,100.49,8.7237
29749.9,100.49,8.7238
29750.9,100.84,8.7238
29751.9,100.47,8.7238
29752.9,100.53,8.7238
29753.91,100.88,8.7238
29754.91,100.49,8.7238
29755.91,100.91,8.7238
29756.91,100.7,8.7238
29757.91,100.69,8.7238
29758.91,101.11,8.7238
29759.91,100.72,8.7238
29760.92,101.06,8.7238
29761.92,100.67,8.7238
29762.92,100.73,8.7238
29763.92,101.11,8.7237
29764.92,100.71,8.7238
29765.92,101.05,8.7238
29766.93,100.44,8.7238
29767.93,100.48,8.7238
29768.93,100.9,8.7238
29769.93,100.49,8.7238
29770.93,100.51,8.7238
29771.93,100.94,8.7238
29772.93,100.75,8.7238
29773.94,101.13,8.7238
29774.94,100.59,8.7238
29775.94,100.61,8.7238
29776.94,101.04,8.7238
29777.94,100.64,8.7238
29778.94,101.05,8.7237
29779.95,100.63,8.7237
29780.95,100.63,8.7237
29781.95,101.02,8.7237
29782.95,100.53,8.7237
29783.95,100.48,8.7239
29784.95,100.94,8.7239
29785.95,100.65,8.7239
29786.96,101.05,8.7239
29787.96,100.7,8.7239
29788.96,100.74,8.7239
29789.96,101.02,8.7239
29790.96,100.7,8.7239
29791.96,101.15,8.7239
29792.97,100.74,8.7239
29793.97,100.72,8.7239
29794.97,101.03,8.7239
29795.97,100.53,8.7239
29796.97,100.51,8.7239
29797.97,101.07,8.7239
29798.97,100.73,8.7239
29799.98,101.08,8.7239
29800.98,100.71,8.7238
29801.98,100.5,8.7238
29802.98,100.93,8.7238
29803.98,100.5,8.7238
29804.98,100.93,8.7238
29805.99,100.67,8.7239
29806.99,100.67,8.7239
29807.99,101.12,8.7239
29808.99,100.73,8.7238
29809.99,100.7,8.7239
29810.99,101.1,8.7239
29811.99,100.68,8.7239
29813.0,101.17,8.7239
29814.0,100.81,8.7239
29815.0,100.76,8.7239
29816.0,101.14,8.7239
29817.0,100.68,8.7239
29818.0,101.18,8.7239
29819.01,100.83,8.7239
29820.01,100.81,8.7239
29821.01,101.22,8.7239
29822.01,100.71,8.7239
29823.01,100.84,8.7239
29824.01,101.19,8.7238
29825.01,100.73,8.724
29826.02,101.13,8.724
29827.02,100.75,8.7241
29828.02,100.76,8.7241
29829.02,101.19,8.7241
29830.02,100.79,8.7241
29831.02,100.81,8.7241
29832.02,101.13,8.7241
29833.03,100.85,8.7241
29834.03,101.24,8.7241
29835.03,100.82,8.7241
29836.03,100.56,8.7241
29837.03,100.99,8.7241
29838.03,100.49,8.7241
29839.03,100.56,8.724
29840.04,100.95,8.724
29841.04,100.48,8.724
29842.04,100.71,8.7241
29843.04,101.1,8.7242
29844.04,101.66,8.7242
29845.04,100.52,8.7242
29846.04,100.85,8.7242
29847.05,100.51,8.7242
29848.05,100.6,8.7242
29849.05,100.92,8.7242
29850.05,100.45,8.7242
29851.05,100.39,8.7242
29852.05,100.85,8.7242
29853.05,100.55,8.7242
29854.06,101.15,8.724
29855.06,100.72,8.7242
29856.06,100.63,8.7242
29857.06,101.06,8.7242
29858.06,100.7,8.724
29859.06,100.72,8.724
29860.07,100.98,8.7241
29861.07,100.67,8.7242
29862.07,101.04,8.7242
29863.07,190.83,3.2126
29864.07,335.94,2.6984
29865.07,259.85,2.5675
29866.07,255.32,2.5043
29867.07,313.93,2.6881
29868.08,377.12,2.8408
29869.08,346.15,3.0939
29870.08,283.4,3.3212
29871.08,170.37,3.395
29872.08,189.38,2.5138
29873.08,296.78,2.6881
29874.08,361.72,2.8435
29875.09,256.17,2.5299
29876.09,315.28,2.6886
29877.09,284.52,2.5178
29878.09,298.71,2.6859
29879.09,364.01,2.8624
29880.09,269.79,2.6661
29881.09,335.43,2.4373
29882.1,279.5,2.6743
29883.1,334.75,2.8158
29884.1,337.76,3.0514
29885.1,314.46,3.3325
29886.1,308.18,3.6008
29887.1,305.53,3.8702
29888.1,324.38,4.0794
29889.11,325.54,4.3094
29890.11,202.0,4.3763
29891.11,108.34,4.4179
29892.11,106.65,4.4537
29893.11,121.26,4.532
29894.11,116.95,4.5813
29895.11,103.86,4.6308
29896.12,103.39,4.6786
29897.12,114.83,4.7214
29898.12,100.77,4.7836
29899.12,104.05,4.8346
29900.12,116.47,4.894
29901.12,130.35,4.9438
29902.13,100.7,4.9949
29903.13,100.81,5.0636
29904.13,103.45,5.1316
29905.13,101.26,5.2001
29906.13,100.93,5.2495
29907.13,102.58,5.307
29908.13,156.32,5.343
29909.14,100.78,5.3735
29910.14,101.23,5.4037
29911.14,100.84,5.4343
29912.14,104.84,5.486
29913.14,100.86,5.5181
29914.14,101.19,5.5396
29915.14,111.23,5.5689
29916.15,100.63,5.6059
29917.15,100.79,5.6356
29918.15,101.28,5.6678
29919.15,100.92,5.6941
29920.15,100.88,5.7155
29921.15,101.37,5.7453
29922.15,100.85,5.7638
29923.16,101.35,5.7677
29924.16,100.82,5.7845
29925.16,101.16,5.812
29926.16,104.17,5.8655
29927.16,163.43,5.8939
29928.16,177.23,3.541
29929.16,260.76,2.6656
29930.17,347.95,2.8099
29931.17,242.53,2.5766
29932.17,322.43,2.7689
29933.17,353.51,2.9713
29934.17,320.13,3.2368
29935.17,321.88,3.4996
29936.17,304.46,3.7579
29937.17,306.32,3.9944
29938.18,315.74,4.1128
29939.18,303.79,4.0932
29940.18,230.41,2.613
29941.18,338.54,2.7945
29942.18,356.87,3.0304
29943.18,335.16,3.2823
29944.18,319.31,3.5572
29945.19,313.55,3.8615
29946.19,319.28,4.0993
29947.19,328.38,4.3259
29948.19,228.38,2.5689
29949.19,335.47,2.7488
29950.19,273.41,2.5621
29951.19,345.62,2.7572
29952.2,269.22,2.5603
29953.2,361.85,2.7615
29954.2,257.51,2.553
29955.2,351.43,2.781
29956.2,351.65,3.049
29957.2,326.93,3.3727
29958.2,314.93,3.7005
29959.21,306.9,3.9633
29960.21,317.92,4.1563
29961.21,320.37,4.2828
29962.21,198.16,4.3535
29963.21,125.1,2.4695
29964.21,282.48,2.6759
29965.21,299.65,2.5044
29966.22,318.44,2.7641
29967.22,369.82,2.9715
29968.22,331.44,3.3158
29969.22,309.83,3.6588
29970.22,311.68,3.9693
29971.22,315.25,4.1825
29972.22,220.31,2.5277
29973.22,332.98,2.7639
29974.23,359.83,2.9465
29975.23,328.01,3.1977
29976.23,310.26,3.4732
29977.23,305.53,3.7053
29978.23,311.94,3.9309
29979.23,314.29,4.1214
29980.24,263.15,2.4334
29981.24,301.92,2.755
29982.24,353.8,2.9007
29983.24,325.76,3.1433
29984.24,308.05,3.3977
29985.24,303.27,3.6544
29986.24,312.12,3.8789
29987.25,309.34,4.0828
29988.25,310.13,4.2223
29989.25,316.6,4.4278
29990.25,265.24,4.5051
29991.25,158.03,4.527
29992.25,101.49,4.5526
29993.26,102.07,4.5769
29994.26,113.28,4.6023
29995.26,102.57,4.6277
29996.26,101.26,4.6471
29997.26,110.88,4.6946
29998.26,104.98,4.7205
29999.26,103.42,4.7415
30000.27,101.42,4.7689
30001.27,103.95,4.8023
30002.27,103.2,4.8255
30003.27,131.4,4.8514
30004.27,159.32,4.8873
30005.27,100.48,4.9014
30006.28,103.46,4.9106
30007.28,142.75,4.9391
30008.28,175.19,2.5386
30009.28,334.05,2.7715
30010.28,345.95,2.9343
30011.28,335.59,3.2523
30012.28,311.37,3.5742
30013.29,311.36,3.8321
30014.29,311.73,4.0646
30015.29,316.69,4.2815
30016.29,217.74,2.5831
30017.29,340.89,2.8171
30018.29,358.99,3.1062
30019.29,320.17,3.4705
30020.29,313.27,3.7803
30021.3,313.56,4.0758
30022.3,322.64,4.3745
30023.3,203.69,4.8671
30024.3,230.66,5.2087
30025.3,110.67,5.2688
30026.3,100.95,5.3015
30027.3,104.67,5.347
30028.31,101.82,5.3711
30029.31,105.81,5.4169
30030.31,101.42,5.4473
30031.31,102.23,5.4798
30032.31,101.7,5.5199
30033.31,101.13,5.5483
30034.31,100.97,5.5737
30035.31,100.73,5.5978
30036.32,102.19,5.621
30037.32,100.83,5.644
30038.32,101.13,5.6769
30039.32,101.96,5.7006
30040.32,103.18,5.7226
30041.32,103.65,5.7447
30042.33,108.13,5.7668
30043.33,101.05,5.7872
30044.33,113.79,5.8097
30045.33,100.62,5.8274
30046.33,101.26,5.8339
30047.33,100.79,5.8408
30048.33,100.75,5.8472
30049.34,101.17,5.8543
30050.34,100.63,5.8602
30051.34,100.86,5.868
30052.34,101.22,5.8747
30053.34,100.74,5.882
30054.34,101.17,5.8881
30055.35,100.87,5.8945
30056.35,100.88,5.9007
30057.35,101.25,5.9077
30058.35,100.94,5.9149
30059.35,102.91,5.9213
30060.35,101.21,5.9276
30061.35,100.85,5.9343
30062.36,101.23,5.9408
30063.36,114.27,5.9479
30064.36,104.66,5.9539
30065.36,101.28,5.9604
30066.36,100.84,5.967
30067.36,101.26,5.9739
30068.37,100.85,5.9803
30069.37,100.77,5.993
30070.37,101.22,6.0058
30071.37,100.9,6.0192
30072.37,101.25,6.0324
30073.37,100.95,6.0471
30074.38,100.9,6.0535
30075.38,101.32,6.072
30076.38,100.91,6.086
30077.38,100.95,6.0987
30078.38,100.95,6.0987
30079.38,135.67,2.9659
30080.39,281.9,2.7024
30081.39,357.98,2.8457
30082.39,329.0,3.0714
30083.39,251.91,2.5349
30084.39,337.54,2.725
30085.39,367.31,2.8917
30086.39,333.6,3.1271
30087.39,226.1,2.5329
30088.4,300.49,2.7102
30089.4,343.56,2.8712
30090.4,314.59,2.7841
30091.4,268.13,2.6712
30092.4,318.81,2.7883
30093.4,339.25,3.0147
30094.4,233.57,2.5753
30095.41,305.14,2.7307
30096.41,354.63,2.9391
30097.41,286.21,2.5138
30098.41,302.24,2.6828
30099.41,280.72,2.516
30100.41,302.57,2.7047
30101.41,327.75,2.82
30102.41,240.67,2.5837
30103.42,328.98,2.8859
30104.42,307.11,3.1987
30105.42,291.1,3.5667
30106.42,178.8,4.073
30107.42,146.38,4.5756
30108.42,256.11,4.8994
30109.43,352.77,5.0469
30110.43,329.5,5.2673
30111.43,306.03,5.498
30112.43,307.03,5.7487
30113.43,311.02,6.0092
30114.43,310.21,6.2671
30115.43,302.89,6.5627
30116.43,300.51,6.8674
30117.44,308.82,7.1264
30118.44,302.39,7.3601
30119.44,332.84,8.1928
30120.44,303.36,8.2992
30121.44,303.02,8.3009
30122.44,297.82,8.3015
30123.44,311.62,8.3019
30124.45,271.84,8.303
30125.45,227.63,8.3029
30126.45,256.86,8.3029
30127.45,130.24,8.2957
30128.45,138.68,8.2958
30129.45,113.18,8.2958
30130.45,131.75,8.3493
30131.46,103.45,8.396
30132.46,118.88,8.396
30133.46,187.79,8.3961
30134.46,118.35,8.396
30135.46,111.41,8.396
30136.46,103.16,8.396
30137.46,107.58,8.396
30138.47,100.91,8.396
30139.47,101.26,8.396
30140.47,103.64,8.396
30141.47,180.36,8.396
30142.47,101.96,8.396
30143.47,101.96,8.396
30144.48,125.25,8.396
30145.48,112.49,8.396
30146.48,100.57,8.396
30147.48,110.98,8.396
30148.48,100.96,8.396
30149.48,101.37,8.396
30150.49,119.18,8.396
30151.49,128.57,8.396
30152.49,100.93,8.396
30153.49,100.68,8.3961
30154.49,101.39,8.3961
30155.49,101.73,8.3962
30156.49,101.41,8.3962
30157.5,102.66,8.3962
30158.5,110.24,8.3962
30159.5,107.9,8.3962
30160.5,218.22,8.9938
30161.5,146.26,9.1652
30162.5,104.83,9.1652
30163.51,100.88,9.1653
30164.51,101.99,9.1653
30165.51,101.25,9.1654
30166.51,109.03,9.1656
30167.51,103.91,9.1656
30168.51,101.54,9.1656
30169.51,100.88,9.1655
30170.52,100.88,9.1655
30171.52,101.69,9.1656
30172.52,101.0,9.1656
30173.52,100.95,9.1656
30174.52,112.5,9.1656
30175.52,106.32,9.1655
30176.52,102.17,9.1655
30177.52,109.14,9.1655
30178.53,100.86,9.1657
30179.53,101.23,9.1657
30180.53,105.42,9.1658
30181.53,101.89,9.1658
30182.53,101.54,9.1658
30183.53,101.17,9.1658
30184.54,100.59,9.1658
30185.54,100.97,9.1658
30186.54,100.53,9.1658
30187.54,100.99,9.1658
30188.54,100.81,9.1658
30189.54,100.84,9.1658
30190.54,101.33,9.1658
30191.55,100.9,9.1658
30192.55,100.8,9.1658
30193.55,101.48,9.1658
30194.55,104.73,9.1657
30195.55,103.18,9.1656
30196.55,104.29,9.1657
30197.55,105.46,9.1657
30198.56,101.32,9.1658
30199.56,101.07,9.1657
30200.56,100.91,9.1657
30201.56,101.26,9.1657
30202.56,100.89,9.1657
30203.56,101.73,9.1657
30204.57,101.73,9.1657
30205.57,100.89,9.1657
30206.57,139.06,9.1657
30207.57,100.82,9.1658
30208.57,101.76,9.1658
30209.57,101.35,9.1658
30210.57,101.8,9.1658
30211.57,100.94,9.1658
30212.58,103.06,9.1658
30213.58,100.97,9.1658
30214.58,102.28,9.1658
30215.58,101.23,9.1658
30216.58,108.63,9.1658
30217.58,101.57,9.1658
30218.58,101.96,9.1658
30219.59,117.04,9.1658
30220.59,101.39,9.1658
30221.59,105.09,9.1658
30222.59,100.88,9.1658
30223.59,100.75,9.1658
30224.59,118.99,9.1658
30225.59,102.01,9.1658
30226.59,100.93,9.1658
30227.6,103.78,9.1658
30228.6,102.81,9.1658
30229.6,100.55,9.1658
30230.6,102.56,9.1658
30231.6,100.79,9.1658
30232.6,100.78,9.1658
30233.6,101.31,9.1658
30234.61,100.97,9.1657
30235.61,101.29,9.1658
30236.61,100.86,9.1658
30237.61,100.92,9.1658
30238.61,115.16,9.1658
30239.61,166.07,9.1658
30240.62,126.74,9.1658
30241.62,101.19,9.1658
30242.62,100.77,9.1658
30243.62,100.84,9.1658
30244.62,101.4,9.1658
30245.62,100.85,9.1658
30246.62,101.42,9.1658
30247.63,101.15,9.1658
30248.63,101.01,9.1658
30249.63,101.49,9.166
30250.63,101.03,9.1658
30251.63,100.84,9.1658
30252.63,101.32,9.1658
30253.63,100.66,9.1658
30254.63,100.44,9.1659
30255.64,100.98,9.1659
30256.64,100.89,9.1658
30257.64,101.22,9.1659
30258.64,101.13,9.166
30259.64,100.87,9.166
30260.64,101.31,9.166
30261.65,100.86,9.166
30262.65,100.96,9.166
30263.65,101.17,9.166
30264.65,100.85,9.166
30265.65,101.28,9.166
30266.65,101.13,9.166
30267.65,100.88,9.166
30268.66,102.15,9.166
30269.66,116.35,9.1659
30270.66,103.1,9.1659
30271.66,101.05,9.1659
30272.66,100.65,9.1659
30273.66,237.32,9.1803
30274.67,141.54,9.274
30275.67,100.83,9.274
30276.67,101.39,9.274
30277.67,100.94,9.274
30278.67,101.4,9.274
30279.67,102.22,9.274
30280.67,100.87,9.274
30281.68,101.34,9.274
30282.68,100.87,9.274
30283.68,101.05,9.274
30284.68,101.22,9.2741
30285.68,100.87,9.2741
30286.68,100.87,9.2741
30287.68,101.31,9.2741
30288.69,100.9,9.2741
30289.69,100.86,9.2741
30290.69,101.53,9.2741
30291.69,101.6,9.2741
30292.69,101.1,9.2741
30293.69,101.36,9.2741
30294.69,100.87,9.2742
30295.7,101.72,9.2741
30296.7,100.96,9.2741
30297.7,100.88,9.2741
30298.7,100.9,9.2743
30299.7,100.93,9.2741
30300.7,100.52,9.2741
30301.7,100.88,9.2741
30302.71,100.49,9.2741
30303.71,100.74,9.2741
30304.71,101.24,9.2741
30305.71,100.85,9.2741
30306.71,101.24,9.2741
30307.71,100.85,9.2741
30308.72,100.79,9.2742
30309.72,101.21,9.2742
30310.72,100.81,9.2742
30311.72,101.84,9.2742
30312.72,100.85,9.2742
30313.72,100.94,9.2742
30314.72,101.21,9.2742
30315.73,100.78,9.2742
30316.73,101.25,9.2742
30317.73,100.86,9.2742
30318.73,100.88,9.2743
30319.73,101.36,9.2743
30320.73,101.16,9.2743
30321.73,112.66,9.2743
30322.74,139.54,9.2743
30323.74,100.94,9.2743
30324.74,101.27,9.2743
30325.74,100.81,9.2743
30326.74,100.95,9.2743
30327.74,101.01,9.2743
30328.74,100.93,9.2743
30329.75,100.85,9.2743
30330.75,101.29,9.2743
30331.75,100.84,9.2743
30332.75,100.86,9.2743
30333.75,101.36,9.2743
30334.75,100.88,9.2743
30335.76,100.85,9.2743
30336.76,101.64,9.2743
30337.76,100.87,9.2743
30338.76,101.33,9.2743
30339.76,100.88,9.2743
30340.76,100.87,9.2743
30341.77,108.39,9.2743
30342.77,100.64,9.2743
30343.77,101.33,9.2743
30344.77,100.89,9.2742
30345.77,100.84,9.2742
30346.77,101.29,9.2742
30347.77,100.86,9.2742
30348.77,100.9,9.2742
30349.78,101.35,9.2744
30350.78,100.89,9.2744
30351.78,100.9,9.2744
30352.78,101.32,9.2745
30353.78,100.94,9.2745
30354.78,102.05,9.2745
30355.78,101.22,9.2745
30356.79,100.9,9.2745
30357.79,100.9,9.2745
30358.79,101.32,9.2745
30359.79,100.85,9.2745
30360.79,101.24,9.2745
30361.79,101.01,9.2744
30362.8,100.97,9.2745
30363.8,101.34,9.2745
30364.8,100.84,9.2746
30365.8,101.28,9.2746
30366.8,100.85,9.2746
30367.8,100.85,9.2745
30368.8,101.29,9.2746
30369.81,100.82,9.2746
30370.81,114.22,9.2746
30371.81,100.86,9.2746
30372.81,102.59,9.2746
30373.81,101.38,9.2746
30374.81,100.89,9.2746
30375.81,100.84,9.2746
30376.82,101.22,9.2746
30377.82,100.89,9.2745
30378.82,100.93,9.2746
30379.82,101.36,9.2746
30380.82,100.88,9.2746
30381.82,100.89,9.2746
30382.82,101.35,9.2746
30383.83,101.2,9.2746
30384.83,101.28,9.2746
30385.83,101.45,9.2745
30386.83,100.82,9.2745
30387.83,101.1,9.2745
30388.83,100.89,9.2745
30389.83,100.9,9.2744
30390.84,101.18,9.2744
30391.84,101.95,9.2745
30392.84,100.85,9.2745
30393.84,101.27,9.2745
30394.84,100.85,9.2745
30395.84,101.25,9.2745
30396.85,100.87,9.2745
30397.85,100.88,9.2745
30398.85,101.31,9.2745
30399.85,100.84,9.2746
30400.85,101.0,9.2746
30401.85,100.52,9.2746
30402.85,100.59,9.2746
30403.86,100.97,9.2746
30404.86,100.55,9.2745
30405.86,105.96,9.2745
30406.86,101.55,9.2745
30407.86,100.96,9.2745
30408.86,101.02,9.2745
30409.87,101.12,9.2747
30410.87,100.52,9.2747
30411.87,100.94,9.2747
30412.87,100.63,9.2747
30413.87,101.09,9.2747
30414.87,100.56,9.2747
30415.87,100.56,9.2747
30416.88,101.2,9.2747
30417.88,101.2,9.2747
30418.88,101.17,9.2747
30419.88,101.34,9.2747
30420.88,100.86,9.2747
30421.88,100.86,9.2747
30422.88,101.4,9.2747
30423.89,100.89,9.2747
30424.89,100.84,9.2747
30425.89,101.26,9.2747
30426.89,101.09,9.2747
30427.89,100.85,9.2747
30428.89,101.29,9.2748
30429.89,100.86,9.2748
30430.9,101.26,9.2747
30431.9,100.94,9.2748
30432.9,100.91,9.2748
30433.9,101.73,9.2748
30434.9,100.86,9.2747
30435.9,101.27,9.2747
30436.91,100.91,9.2748
30437.91,100.86,9.2748
30438.91,101.16,9.2747
30439.91,100.83,9.2747
30440.91,100.86,9.2747
30441.91,101.32,9.2747
30442.91,100.85,9.2747
30443.91,100.76,9.2748
30444.92,101.2,9.2748
30445.92,100.86,9.2748
30446.92,100.81,9.2748
30447.92,128.33,9.2748
30448.92,100.88,9.2748
30449.92,100.81,9.2747
30450.92,101.33,9.2747
30451.93,100.85,9.2748
30452.93,100.91,9.2747
30453.93,101.34,9.2747
30454.93,101.1,9.2747
30455.93,100.82,9.2748
30456.93,101.3,9.2748
30457.93,100.85,9.2748
30458.94,206.43,9.2748
30459.94,217.34,9.4687
30460.94,100.9,9.4687
30461.94,101.25,9.4687
30462.94,100.76,9.4687
30463.94,100.59,9.4687
30464.95,101.0,9.4688
30465.95,100.58,9.4688
30466.95,100.99,9.4688
30467.95,100.82,9.4688
30468.95,100.82,9.4688
30469.95,100.98,9.4688
30470.95,100.56,9.4687
30471.96,100.95,9.4688
30472.96,100.62,9.4689
30473.96,100.6,9.4689
30474.96,100.96,9.4689
30475.96,100.55,9.4689
30476.96,100.94,9.4688
30477.97,100.66,9.4689
30478.97,100.57,9.4689
30479.97,100.96,9.4689
30480.97,100.56,9.4689
30481.97,100.95,9.4687
30482.97,100.62,9.4689
30483.98,100.58,9.4689
30484.98,101.59,9.4689
30485.98,100.63,9.4689
30486.98,101.07,9.4688
30487.98,108.25,9.4688
30488.98,100.84,9.4688
30489.98,101.31,9.4687
30490.99,101.02,9.4687
30491.99,100.89,9.4687
30492.99,101.39,9.4688
30493.99,100.84,9.4688
30494.99,101.28,9.4688
30495.99,100.87,9.469
30497.0,100.84,9.469
30498.0,101.4,9.469
30499.0,102.34,9.4687
30500.0,101.24,9.4689
30501.0,100.86,9.469
30502.0,100.48,9.4689
30503.0,101.02,9.4689
30504.01,100.57,9.469
30505.01,100.93,9.469
30506.01,100.54,9.469
30507.01,100.59,9.469
30508.01,101.75,9.469
30509.01,100.86,9.469
30510.01,101.02,9.469
30511.02,101.21,9.469
30512.02,100.84,9.469
30513.02,101.32,9.4689
30514.02,100.88,9.4689
30515.02,101.08,9.4689
30516.02,101.24,9.4689
30517.03,101.19,9.4689
30518.03,100.84,9.4689
30519.03,101.29,9.4689
30520.03,100.84,9.4689
30521.03,101.26,9.4689
30522.03,100.83,9.4689
30523.04,100.93,9.4689
30524.04,101.28,9.4689
30525.04,100.8,9.4689
30526.04,101.25,9.4689
30527.04,100.86,9.4689
30528.04,100.81,9.4689
30529.04,101.3,9.4689
30530.05,100.83,9.4689
30531.05,101.23,9.4689
30532.05,100.83,9.4689
30533.05,100.9,9.4689
30534.05,101.28,9.469
30535.05,100.82,9.469
30536.06,101.23,9.469
30537.06,100.78,9.469
30538.06,100.98,9.469
30539.06,101.27,9.469
30540.06,100.82,9.469
30541.06,101.18,9.469
30542.07,102.37,9.469
30543.07,100.89,9.469
30544.07,101.29,9.469
30545.07,100.96,9.469
30546.07,101.23,9.469
30547.07,100.86,9.4691
30548.07,100.87,9.4691
30549.08,101.29,9.4691
30550.08,100.86,9.469
30551.08,101.37,9.469
30552.08,101.02,9.469
30553.08,100.63,9.469
30554.08,100.84,9.4691
30555.08,100.94,9.469
30556.09,100.52,9.469
30557.09,103.5,9.469
30558.09,101.26,9.469
30559.09,100.9,9.4689
30560.09,100.82,9.4689
30561.09,101.19,9.469
30562.09,100.82,9.469
30563.09,100.91,9.469
30564.1,101.36,9.469
30565.1,100.83,9.469
30566.1,100.8,9.469
30567.1,102.32,9.469
30568.1,100.85,9.469
30569.1,101.28,9.469
30570.11,100.83,9.469
30571.11,100.83,9.469
30572.11,101.24,9.469
30573.11,100.91,9.469
30574.11,100.89,9.469
30575.11,101.24,9.469
30576.11,100.85,9.469
30577.12,101.24,9.4691
30578.12,100.81,9.469
30579.12,100.86,9.4691
30580.12,101.25,9.4691
30581.12,100.88,9.4691
30582.12,101.25,9.4691
30583.13,101.1,9.4691
30584.13,100.87,9.469
30585.13,101.23,9.4692
30586.13,100.76,9.4692
30587.13,101.21,9.4692
30588.13,105.27,9.4692
30589.14,100.9,9.4692
30590.14,101.24,9.4692
30591.14,100.86,9.4693
30592.14,101.27,9.4693
30593.14,100.86,9.4693
30594.14,100.88,9.4693
30595.14,101.19,9.4693
30596.15,100.83,9.4693
30597.15,100.82,9.4693
30598.15,101.22,9.4693
30599.15,100.88,9.4693
30600.15,101.25,9.4693
30601.15,100.86,9.4693
30602.16,100.84,9.4693
30603.16,101.32,9.4693
30604.16,100.92,9.4693
30605.16,101.25,9.4693
30606.16,100.84,9.4693
30607.16,100.86,9.4693
30608.16,101.37,9.4693
30609.17,100.86,9.4693
30610.17,100.85,9.4693
30611.17,101.32,9.4693
30612.17,100.82,9.4693
30613.17,101.12,9.4693
30614.17,101.35,9.4693
30615.17,101.51,9.4693
30616.17,100.8,9.4693
30617.18,101.51,9.4693
30618.18,100.88,9.4693
30619.18,110.7,9.4692
30620.18,100.91,9.4694
30621.18,101.31,9.4694
30622.18,100.86,9.4694
30623.18,101.34,9.4694
30624.19,100.89,9.4694
30625.19,100.84,9.4694
30626.19,101.21,9.4693
30627.19,100.83,9.4693
30628.19,100.83,9.4693
30629.19,101.29,9.4693
30630.19,100.86,9.4693
30631.2,101.22,9.4693
30632.2,105.31,9.4693
30633.2,100.93,9.4694
30634.2,101.33,9.4694
30635.2,100.84,9.4694
30636.2,101.26,9.4694
30637.21,100.83,9.4694
30638.21,118.05,9.4694
30639.21,101.45,9.4695
30640.21,100.83,9.4695
30641.21,101.21,9.4695
30642.21,100.83,9.4695
30643.22,100.83,9.4694
30644.22,101.27,9.4695
30645.22,100.84,9.4695
30646.22,101.22,9.4695
30647.22,100.62,9.4695
30648.22,100.86,9.4695
30649.22,102.98,9.4695
30650.23,100.79,9.4695
30651.23,100.81,9.4695
30652.23,101.26,9.4695
30653.23,115.82,9.4695
30654.23,110.23,9.4695
30655.23,100.73,9.4694
30656.23,100.81,9.4695
30657.24,101.21,9.4695
30658.24,101.03,9.4695
30659.24,101.21,9.4694
30660.24,103.38,9.4694
30661.24,100.76,9.4696
30662.24,100.56,9.4696
30663.24,101.15,9.4696
30664.25,105.02,9.4696
30665.25,100.95,9.4696
30666.25,100.7,9.4696
30667.25,100.82,9.4696
30668.25,101.23,9.4696
30669.25,100.88,9.4696
30670.26,101.06,9.4696
30671.26,101.24,9.4696
30672.26,100.89,9.4696
30673.26,100.89,9.4696
30674.26,101.31,9.4696
30675.26,100.93,9.4696
30676.26,100.84,9.4696
30677.27,101.24,9.4696
30678.27,100.82,9.4696
30679.27,101.33,9.4695
30680.27,100.85,9.4695
30681.27,100.82,9.4695
30682.27,101.25,9.4695
30683.27,100.91,9.4695
30684.28,101.27,9.4696
30685.28,100.84,9.4696
30686.28,100.9,9.4696
30687.28,101.27,9.4696
30688.28,100.96,9.4696
30689.28,100.83,9.4696
30690.28,100.87,9.4696
30691.28,101.32,9.4696
30692.29,100.86,9.4696
30693.29,100.9,9.4696
30694.29,101.28,9.4695
30695.29,100.82,9.4696
30696.29,101.15,9.4696
30697.29,103.04,9.4696
30698.3,100.87,9.4695
30699.3,101.29,9.4697
30700.3,100.83,9.4697
30701.3,101.29,9.4697
30702.3,100.85,9.4697
30703.3,100.9,9.4697
30704.3,101.35,9.4697
30705.31,100.85,9.4697
30706.31,100.84,9.4697
30707.31,101.24,9.4697
30708.31,100.97,9.4695
30709.31,101.29,9.4697
30710.31,100.84,9.4697
30711.31,100.84,9.4697
30712.32,101.22,9.4697
30713.32,100.99,9.4697
30714.32,100.87,9.4697
30715.32,101.24,9.4697
30716.32,100.88,9.4697
30717.32,101.26,9.4697
30718.33,100.91,9.4697
30719.33,100.86,9.4697
30720.33,101.25,9.4698
30721.33,100.83,9.4698
30722.33,101.25,9.4698
30723.33,100.97,9.4698
30724.34,100.83,9.4698
30725.34,119.64,9.4698
30726.34,100.84,9.4698
30727.34,101.24,9.4698
30728.34,100.9,9.4698
30729.34,100.83,9.4698
30730.34,101.25,9.4698
30731.35,100.87,9.4698
30732.35,101.26,9.4697
30733.35,102.17,9.4698
30734.35,100.85,9.4698
30735.35,101.29,9.4697
30736.35,100.78,9.4698
30737.35,100.83,9.4698
30738.36,101.32,9.4698
30739.36,100.84,9.4698
30740.36,100.85,9.4698
30741.36,101.23,9.4698
30742.36,101.19,9.4698
30743.36,101.4,9.4698
30744.37,100.9,9.4698
30745.37,100.92,9.4698
30746.37,101.32,9.4698
30747.37,100.83,9.4697
30748.37,160.47,9.4697
30749.37,273.8,9.5986
30750.37,100.71,9.5985
30751.38,101.04,9.5987
30752.38,101.27,9.5987
30753.38,100.89,9.5986
30754.38,100.83,9.5987
30755.38,101.29,9.5986
30756.38,100.81,9.5986
30757.38,100.86,9.5986
30758.38,101.3,9.5987
30759.39,100.84,9.5987
30760.39,100.86,9.5987
30761.39,101.29,9.5987
30762.39,100.84,9.5988
30763.39,101.59,9.5988
30764.39,100.83,9.5988
30765.4,100.81,9.5988
30766.4,101.47,9.5988
30767.4,100.83,9.5987
30768.4,101.3,9.5989
30769.4,100.84,9.5986
30770.4,100.85,9.5986
30771.4,101.32,9.5986
30772.41,100.82,9.5986
30773.41,100.92,9.5989
30774.41,101.31,9.5988
30775.41,100.86,9.5988
30776.41,103.66,9.5988
30777.41,101.27,9.5989
30778.41,100.94,9.5989
30779.42,100.89,9.5987
30780.42,101.28,9.5988
30781.42,100.87,9.5987
30782.42,101.29,9.5988
30783.42,100.94,9.5988
30784.42,100.76,9.5987
30785.42,101.27,9.5988
30786.43,100.83,9.5988
30787.43,100.86,9.5987
30788.43,101.35,9.5987
30789.43,100.95,9.5989
30790.43,101.17,9.5989
30791.43,101.21,9.5988
30792.43,103.6,9.5988
30793.44,100.94,9.5988
30794.44,106.89,9.5988
30795.44,100.83,9.5988
30796.44,101.26,9.5989
30797.44,106.42,9.5988
30798.44,107.35,9.5988
30799.44,101.24,9.5987
30800.45,100.86,9.5987
30801.45,101.22,9.5987
30802.45,100.85,9.5987
30803.45,100.96,9.599
30804.45,101.08,9.599
30805.45,101.11,9.599
30806.46,100.7,9.599
30807.46,101.25,9.5989
30808.46,100.91,9.599
30809.46,101.28,9.599
30810.46,100.85,9.599
30811.46,100.83,9.599
30812.46,101.75,9.599
30813.47,100.92,9.599
30814.47,101.27,9.599
30815.47,100.84,9.599
30816.47,100.84,9.599
30817.47,101.31,9.599
30818.47,100.9,9.599
30819.48,100.83,9.599
30820.48,101.33,9.599
30821.48,100.86,9.599
30822.48,100.9,9.599
30823.48,101.34,9.599
30824.48,100.82,9.599
30825.48,101.76,9.599
30826.48,101.21,9.599
30827.49,100.82,9.5989
30828.49,100.78,9.5989
30829.49,101.26,9.5989
30830.49,100.86,9.5989
30831.49,101.25,9.5989
30832.49,100.87,9.5989
30833.5,100.91,9.599
30834.5,101.22,9.599
30835.5,100.85,9.599
30836.5,101.08,9.599
30837.5,100.77,9.599
30838.5,100.88,9.5991
30839.5,101.26,9.5991
30840.51,100.82,9.5991
30841.51,101.17,9.5991
30842.51,100.8,9.599
30843.51,100.95,9.5991
30844.51,101.25,9.5991
30845.51,100.79,9.5991
30846.52,105.07,9.5991
30847.52,101.26,9.5991
30848.52,100.9,9.5991
30849.52,101.26,9.5991
30850.52,100.6,9.5991
30851.52,100.86,9.5991
30852.52,101.22,9.5991
30853.53,100.95,9.599
30854.53,101.26,9.599
30855.53,100.84,9.599
30856.53,100.85,9.599
30857.53,101.24,9.599
30858.53,100.85,9.5989
30859.54,100.83,9.599
30860.54,101.25,9.599
30861.54,100.86,9.599
30862.54,104.33,9.599
30863.54,100.93,9.5992
30864.54,100.86,9.5992
30865.54,101.26,9.599
30866.55,100.82,9.599
30867.55,101.22,9.599
30868.55,100.79,9.599
30869.55,100.81,9.599
30870.55,101.19,9.599
30871.55,101.3,9.599
30872.56,100.8,9.599
30873.56,101.3,9.599
30874.56,100.79,9.5991
30875.56,101.19,9.5991
30876.56,100.78,9.5991
30877.56,100.79,9.5991
30878.56,101.32,9.5991
30879.57,100.75,9.5991
30880.57,100.77,9.5991
30881.57,101.26,9.5992
30882.57,100.72,9.5991
30883.57,100.89,9.5992
30884.57,101.26,9.5992
30885.57,100.73,9.5992
30886.57,109.02,9.5992
30887.58,101.85,9.5992
30888.58,100.62,9.5992
30889.58,101.1,9.5992
30890.58,100.91,9.5993
30891.58,101.35,9.5993
30892.58,100.81,9.5992
30893.58,101.26,9.5993
30894.59,100.58,9.5993
30895.59,100.52,9.5993
30896.59,100.87,9.5993
30897.59,100.5,9.5993
30898.59,100.97,9.5993
30899.59,100.65,9.5993
30900.6,100.43,9.5993
30901.6,101.4,9.5993
30902.6,100.67,9.5993
30903.6,101.04,9.5993
30904.6,100.44,9.5993
30905.6,100.45,9.5993
30906.6,101.4,9.5993
30907.61,100.67,9.5993
30908.61,100.72,9.5993
30909.61,101.24,9.5993
30910.61,100.79,9.5993
30911.61,100.88,9.5992
30912.61,125.82,9.5992
30913.61,154.13,9.5992
30914.62,100.63,9.5992
30915.62,112.27,9.5993
30916.62,100.7,9.5993
30917.62,101.23,9.5993
30918.62,100.67,9.5994
30919.62,100.73,9.5994
30920.62,110.13,9.5993
30921.62,100.98,9.5993
30922.63,100.74,9.5993
30923.63,101.05,9.5993
30924.63,100.63,9.5993
30925.63,100.82,9.5993
30926.63,101.44,9.5993
30927.63,100.83,9.5993
30928.63,100.78,9.5993
30929.64,101.23,9.5994
30930.64,100.98,9.5994
30931.64,100.83,9.5993
30932.64,101.21,9.5993
30933.64,100.91,9.5994
30934.64,103.41,9.5994
30935.65,100.83,9.5994
30936.65,100.82,9.5994
30937.65,103.23,9.5994
30938.65,100.85,9.5994
30939.65,101.27,9.5994
30940.65,100.71,9.5994
30941.65,100.56,9.5994
30942.66,101.03,9.5994
30943.66,100.95,9.5994
30944.66,101.26,9.5994
30945.66,100.86,9.5994
30946.66,100.86,9.5994
30947.66,101.97,9.5994
30948.67,100.93,9.5994
30949.67,101.18,9.5994
30950.67,100.75,9.5994
30951.67,113.5,9.5994
30952.67,101.26,9.5995
30953.67,100.85,9.5995
30954.68,100.48,9.5995
30955.68,101.01,9.5995
30956.68,100.91,9.5995
30957.68,101.19,9.5995
30958.68,100.85,9.5995
30959.68,100.9,9.5995
30960.68,101.29,9.5995
30961.69,100.83,9.5995
30962.69,100.73,9.5995
30963.69,101.03,9.5995
30964.69,100.5,9.5995
30965.69,100.92,9.5995
30966.69,100.53,9.5995
30967.69,100.56,9.5995
30968.7,101.06,9.5995
30969.7,100.53,9.5995
30970.7,100.98,9.5995
30971.7,100.85,9.5995
30972.7,100.83,9.5995
30973.7,101.38,9.5995
30974.71,100.88,9.5995
30975.71,100.84,9.5995
30976.71,101.34,9.5995
30977.71,100.89,9.5995
30978.71,100.9,9.5995
30979.71,101.26,9.5995
30980.71,100.74,9.5995
30981.72,101.21,9.5995
30982.72,100.78,9.5995
30983.72,100.97,9.5994
30984.72,101.21,9.5994
30985.72,100.85,9.5995
30986.72,100.92,9.5995
30987.72,101.26,9.5995
30988.73,100.65,9.5995
30989.73,100.5,9.5995
30990.73,101.05,9.5995
30991.73,100.49,9.5995
30992.73,101.16,9.5995
30993.73,100.96,9.5995
30994.74,100.87,9.5995
30995.74,101.34,9.5994
30996.74,100.84,9.5994
30997.74,100.84,9.5995
30998.74,101.27,9.5995
30999.74,100.84,9.5995
31000.74,101.25,9.5997
31001.75,100.87,9.5997
31002.75,100.88,9.5997
31003.75,101.19,9.5997
31004.75,100.58,9.5995
31005.75,101.23,9.5995
31006.75,100.84,9.5996
31007.75,100.74,9.5997
31008.76,101.26,9.5997
31009.76,100.87,9.5997
31010.76,101.15,9.5997
31011.76,100.71,9.5997
31012.76,100.73,9.5997
31013.76,101.31,9.5997
31014.77,100.83,9.5997
31015.77,100.85,9.5997
31016.77,101.24,9.5997
31017.77,100.84,9.5997
31018.77,101.32,9.5997
31019.77,100.84,9.5997
31020.77,100.84,9.5997
31021.78,101.32,9.5997
31022.78,100.84,9.5998
31023.78,101.01,9.5998
31024.78,101.21,9.5998
31025.78,100.82,9.5998
31026.78,100.84,9.5998
31027.78,101.25,9.5998
31028.79,100.86,9.5998
31029.79,101.22,9.5998
31030.79,100.86,9.5998
31031.79,100.89,9.5998
31032.79,101.25,9.5998
31033.79,100.88,9.5998
31034.8,100.78,9.5998
31035.8,112.42,9.5998
31036.8,100.81,9.5998
31037.8,101.25,9.5998
31038.8,100.9,9.5998
31039.8,100.84,9.5998
31040.8,101.3,9.5998
31041.81,100.85,9.5998
31042.81,101.29,9.5997
31043.81,100.97,9.5998
31044.81,100.88,9.5997
31045.81,101.28,9.5997
31046.81,100.86,9.5997
31047.82,100.87,9.5997
31048.82,101.29,9.5996
31049.82,102.23,9.5997
31050.82,100.81,9.5999
31051.82,101.22,9.5999
31052.82,100.93,9.5998
31053.82,100.94,9.5998
31054.82,101.26,9.5998
31055.83,100.8,9.5998
31056.83,101.22,9.5998
31057.83,100.83,9.5998
31058.83,100.86,9.5998
31059.83,101.3,9.5998
31060.83,100.82,9.5998
31061.84,100.84,9.5998
31062.84,101.36,9.5999
31063.84,100.84,9.5999
31064.84,100.84,9.5999
31065.84,101.24,9.5999
31066.84,100.87,9.5999
31067.84,101.28,9.5998
31068.85,100.87,9.5998
31069.85,100.82,9.5998
31070.85,101.23,9.5998
31071.85,100.84,9.5998
31072.85,101.28,9.6
31073.85,100.88,9.6
31074.86,100.81,9.6
31075.86,101.18,9.6
31076.86,100.78,9.6
31077.86,101.22,9.6
31078.86,100.87,9.6
31079.86,100.86,9.6
31080.86,101.27,9.6
31081.87,100.79,9.5998
31082.87,100.82,9.5998
31083.87,101.25,9.5998
31084.87,100.83,9.5998
31085.87,100.83,9.5998
31086.87,101.25,9.5998
31087.87,100.77,9.5998
31088.88,100.9,9.5999
31089.88,101.35,9.5999
31090.88,101.01,9.5999
31091.88,100.85,9.5999
31092.88,101.32,9.5999
31093.88,100.83,9.5999
31094.88,100.82,9.5999
31095.88,101.22,9.5999
31096.89,100.8,9.5999
31097.89,101.24,9.5999
31098.89,100.88,9.5999
31099.89,100.82,9.5999
31100.89,101.23,9.5999
31101.89,100.81,9.5998
31102.9,101.26,9.5999
31103.9,101.13,9.6
31104.9,100.82,9.6
31105.9,101.25,9.6
31106.9,100.81,9.6
31107.9,101.24,9.6
31108.91,100.84,9.6
31109.91,100.88,9.6
31110.91,101.28,9.6
31111.91,100.86,9.6
31112.91,102.35,9.6
31113.91,101.29,9.6
31114.91,328.3,9.706
31115.92,101.29,9.706
31116.92,100.84,9.706
31117.92,100.89,9.706
31118.92,104.14,9.706
31119.92,100.85,9.706
31120.92,101.29,9.706
31121.93,100.8,9.7059
31122.93,101.0,9.7059
31123.93,101.24,9.7059
31124.93,100.81,9.7059
31125.93,100.89,9.7059
31126.93,101.22,9.7059
31127.93,100.84,9.7059
31128.94,101.29,9.7059
31129.94,100.85,9.7059
31130.94,100.82,9.706
31131.94,101.24,9.706
31132.94,100.88,9.7061
31133.94,101.31,9.7061
31134.95,100.84,9.7061
31135.95,118.96,9.7061
31136.95,101.21,9.7061
31137.95,100.83,9.7061
31138.95,101.3,9.7061
31139.95,100.85,9.7061
31140.95,101.12,9.7061
31141.96,101.24,9.7061
31142.96,100.88,9.706
31143.96,100.85,9.7062
31144.96,104.22,9.7062
31145.96,101.11,9.7062
31146.96,101.26,9.7062
31147.97,100.89,9.7062
31148.97,101.2,9.7062
31149.97,101.22,9.7062
31150.97,100.77,9.7062
31151.97,101.16,9.7061
31152.97,100.89,9.7061
31153.97,100.92,9.7062
31154.98,101.01,9.7062
31155.98,100.84,9.7062
31156.98,100.83,9.7062
31157.98,101.25,9.7063
31158.98,100.88,9.7063
31159.98,101.27,9.7063
31160.99,100.82,9.7063
31161.99,100.84,9.7063
31162.99,101.35,9.7063
31163.99,100.75,9.7063
31164.99,100.77,9.7063
31165.99,101.17,9.7063
31166.99,100.77,9.7063
31168.0,100.7,9.7063
31169.0,101.32,9.7063
31170.0,100.87,9.7063
31171.0,101.31,9.7063
31172.0,100.83,9.7061
31173.0,101.16,9.7062
31174.0,101.87,9.7063
31175.01,101.57,9.7063
31176.01,100.67,9.7063
31177.01,101.27,9.7063
31178.01,100.88,9.7063
31179.01,101.28,9.7063
31180.01,102.03,9.7063
31181.01,100.93,9.7063
31182.02,101.31,9.7063
31183.02,100.86,9.7063
31184.02,100.84,9.7063
31185.02,101.24,9.7063
31186.02,100.81,9.7063
31187.02,101.71,9.7062
31188.02,101.18,9.7062
31189.03,100.68,9.7063
31190.03,101.12,9.7063
31191.03,100.63,9.7063
31192.03,100.47,9.7063
31193.03,101.04,9.7063
31194.03,101.04,9.7064
31195.03,100.64,9.7064
31196.04,101.48,9.7064
31197.04,100.81,9.7064
31198.04,100.84,9.7064
31199.04,101.29,9.7064
31200.04,100.84,9.7064
31201.04,101.23,9.7064
31202.05,103.44,9.7064
31203.05,100.78,9.7064
31204.05,101.35,9.7064
31205.05,100.85,9.7064
31206.05,100.87,9.7064
31207.05,110.66,9.7064
31208.05,100.7,9.7064
31209.06,100.75,9.7064
31210.06,101.07,9.7064
31211.06,100.71,9.7064
31212.06,101.1,9.7064
31213.06,100.87,9.7064
31214.06,100.83,9.7064
31215.07,101.19,9.7064
31216.07,100.84,9.7064
31217.07,101.23,9.7064
31218.07,119.21,9.7063
31219.07,100.62,9.7063
31220.07,100.9,9.7065
31221.07,100.54,9.7065
31222.08,100.91,9.7064
31223.08,100.89,9.7065
31224.08,100.89,9.7065
31225.08,100.84,9.7065
31226.08,100.73,9.7064
31227.08,101.13,9.7065
31228.09,100.73,9.7065
31229.09,100.72,9.7065
31230.09,101.08,9.7065
31231.09,100.52,9.7065
31232.09,101.01,9.7065
31233.09,100.72,9.7066
31234.09,100.68,9.7066
31235.1,101.05,9.7066
31236.1,100.79,9.7066
31237.1,100.97,9.7066
31238.1,100.57,9.7066
31239.1,100.74,9.7066
31240.1,101.02,9.7065
31241.11,100.64,9.7066
31242.11,100.76,9.7066
31243.11,101.07,9.7065
31244.11,100.67,9.7066
31245.11,100.99,9.7066
31246.11,100.71,9.7066
31247.12,100.72,9.7066
31248.12,101.08,9.7065
31249.12,100.8,9.7066
31250.12,101.2,9.7066
31251.12,100.72,9.7066
31252.12,100.68,9.7066
31253.12,101.19,9.7066
31254.13,100.91,9.7066
31255.13,100.72,9.7066
31256.13,101.17,9.7066
31257.13,100.8,9.7066
31258.13,100.54,9.7066
31259.13,100.97,9.7066
31260.13,100.58,9.7066
31261.14,100.95,9.7066
31262.14,100.61,9.7066
31263.14,100.6,9.7065
31264.14,101.05,9.7067
31265.14,100.55,9.7067
31266.14,100.57,9.7067
31267.14,101.21,9.7067
31268.15,100.56,9.7067
31269.15,100.69,9.7067
31270.15,101.16,9.7067
31271.15,100.92,9.7067
31272.15,100.85,9.7067
31273.15,101.1,9.7067
31274.15,100.67,9.7067
31275.16,100.63,9.7067
31276.16,101.09,9.7067
31277.16,100.81,9.7067
31278.16,101.3,9.7067
31279.16,100.92,9.7066
31280.16,100.85,9.7066
31281.16,101.33,9.7066
31282.17,100.85,9.7066
31283.17,100.95,9.7066
31284.17,101.39,9.7067
31285.17,100.74,9.7067
31286.17,100.57,9.7066
31287.17,100.96,9.7066
31288.17,100.58,9.7066
31289.18,101.11,9.7066
31290.18,100.73,9.7066
31291.18,100.72,9.7066
31292.18,101.15,9.7066
31293.18,100.63,9.7067
31294.18,101.36,9.7067
31295.19,100.91,9.7067
31296.19,100.91,9.7068
31297.19,101.32,9.7068
31298.19,100.93,9.7068
31299.19,100.97,9.7067
31300.19,101.06,9.7067
31301.19,100.57,9.7067
31302.19,174.77,4.4775
31303.2,335.77,2.8218
31304.2,302.8,3.1511
31305.2,178.24,3.6334
31306.2,157.57,4.1363
31307.2,164.61,4.6385
31308.2,262.46,4.9043
31309.2,347.81,5.0613
31310.2,329.3,5.2781
31311.21,320.76,5.5071
31312.21,308.44,5.7526
31313.21,309.87,6.0064
31314.21,310.04,6.256
31315.21,303.86,6.5485
31316.21,303.17,6.8493
31317.21,307.98,7.1197
31318.22,283.7,7.3527
31319.22,299.05,8.2046
31320.22,304.57,8.2573
31321.22,262.08,8.2579
31322.22,300.5,8.2589
31323.22,197.93,8.2599
31324.22,158.56,8.2598
31325.23,152.23,8.2598
31326.23,139.18,8.2598
31327.23,114.33,8.2598
31328.23,147.79,8.2598
31329.23,116.36,8.2598
31330.23,104.47,8.2598
31331.23,165.26,8.2598
31332.24,154.12,8.2599
31333.24,138.62,8.2599
31334.24,100.65,8.2599
31335.24,144.86,8.2599
31336.24,104.4,8.2598
31337.24,101.22,8.2598
31338.25,100.74,8.2598
31339.25,106.11,8.2599
31340.25,101.51,8.2601
31341.25,116.65,8.2601
31342.25,101.26,8.2601
31343.25,100.8,8.2601
31344.25,106.3,8.3099
31345.26,122.92,8.3603
31346.26,105.91,8.3603
31347.26,102.3,8.3603
31348.26,111.63,8.3603
31349.26,107.02,8.3603
31350.26,125.46,8.3602
31351.27,113.41,8.3602
31352.27,101.41,8.3602
31353.27,101.35,8.3603
31354.27,106.32,8.3603
31355.27,109.35,8.3603
31356.27,101.0,8.3603
31357.28,111.33,8.3603
31358.28,124.78,8.4378
31359.28,241.69,9.1325
31360.28,106.54,9.1447
31361.28,101.12,9.1447
31362.28,101.1,9.1447
31363.28,100.67,9.1447
31364.28,111.29,9.1447
31365.29,103.48,9.1447
31366.29,101.0,9.1447
31367.29,100.58,9.1447
31368.29,101.33,9.1448
31369.29,101.23,9.1448
31370.29,101.34,9.1448
31371.3,100.63,9.1448
31372.3,101.12,9.1448
31373.3,101.13,9.1448
31374.3,102.16,9.1448
31375.3,103.76,9.1448
31376.3,100.98,9.1448
31377.3,111.54,9.1448
31378.31,100.55,9.1448
31379.31,100.93,9.1447
31380.31,101.23,9.1447
31381.31,100.61,9.1447
31382.31,100.57,9.1446
31383.31,101.05,9.1449
31384.31,100.68,9.1449
31385.31,100.68,9.1449
31386.32,100.98,9.1449
31387.32,100.6,9.1449
31388.32,101.9,9.1448
31389.32,101.23,9.1449
31390.32,104.82,9.1449
31391.32,103.08,9.1449
31392.33,109.04,9.1448
31393.33,102.24,9.1448
31394.33,101.22,9.1447
31395.33,100.83,9.1447
31396.33,101.21,9.1447
31397.33,100.74,9.1447
31398.33,100.94,9.1449
31399.34,101.53,9.1449
31400.34,108.27,9.1449
31401.34,107.73,9.1449
31402.34,175.22,9.1449
31403.34,144.5,9.1463
31404.34,101.26,9.1463
31405.34,101.46,9.1463
31406.35,101.15,9.1463
31407.35,101.29,9.1463
31408.35,101.23,9.1463
31409.35,102.71,9.1463
31410.35,101.31,9.1463
31411.35,108.06,9.1463
31412.36,101.71,9.1463
31413.36,102.37,9.1463
31414.36,115.15,9.1463
31415.36,100.82,9.1463
31416.36,101.4,9.1463
31417.36,100.93,9.1463
31418.36,101.2,9.1463
31419.37,101.38,9.1463
31420.37,101.0,9.1463
31421.37,103.99,9.1463
31422.37,102.85,9.1463
31423.37,101.37,9.1463
31424.37,101.32,9.1463
31425.38,100.84,9.1463
31426.38,101.17,9.1463
31427.38,101.38,9.1463
31428.38,101.38,9.1463
31429.38,100.84,9.1463
31430.38,100.8,9.1464
31431.38,101.12,9.1464
31432.39,117.14,9.1465
31433.39,122.91,9.1466
31434.39,148.57,9.1466
31435.39,114.44,9.1466
31436.39,137.02,9.1466
31437.39,101.58,9.1466
31438.39,100.95,9.1466
31439.4,101.31,9.1466
31440.4,100.92,9.1466
31441.4,101.58,9.1466
31442.4,101.29,9.1466
31443.4,100.9,9.1466
31444.4,114.79,9.1466
31445.41,100.9,9.1466
31446.41,100.9,9.1466
31447.41,101.26,9.1466
31448.41,100.74,9.1466
31449.41,101.18,9.1466
31450.41,100.46,9.1466
31451.42,100.98,9.1465
31452.42,101.23,9.1466
31453.42,100.96,9.1466
31454.42,101.26,9.1466
31455.42,100.83,9.1466
31456.42,118.81,9.1466
31457.42,101.14,9.1465
31458.43,100.85,9.1465
31459.43,101.08,9.1465
31460.43,101.4,9.1465
31461.43,101.16,9.1467
31462.43,101.38,9.1467
31463.43,275.49,9.2516
31464.44,101.58,9.2516
31465.44,101.22,9.2516
31466.44,100.81,9.2516
31467.44,101.23,9.2516
31468.44,100.72,9.2649
31469.44,100.79,9.2824
31470.44,102.12,9.2825
31471.45,100.83,9.2825
31472.45,100.79,9.2825
31473.45,101.27,9.2825
31474.45,100.84,9.2825
31475.45,101.17,9.2825
31476.45,100.71,9.2825
31477.45,100.81,9.2825
31478.46,101.23,9.2824
31479.46,100.77,9.2824
31480.46,100.89,9.2824
31481.46,101.2,9.2824
31482.46,100.68,9.2823
31483.46,101.15,9.2826
31484.47,100.62,9.2826
31485.47,100.69,9.2826
31486.47,101.18,9.2826
31487.47,100.77,9.2826
31488.47,100.81,9.2824
31489.47,101.2,9.2826
31490.47,101.01,9.2826
31491.48,100.75,9.2826
31492.48,101.15,9.2826
31493.48,100.8,9.2826
31494.48,100.79,9.2826
31495.48,101.25,9.2826
31496.48,100.91,9.2826
31497.49,100.91,9.2826
31498.49,100.87,9.2826
31499.49,101.18,9.2826
31500.49,100.71,9.2826
31501.49,100.98,9.2826
31502.49,100.71,9.2826
31503.49,102.12,9.2826
31504.5,100.96,9.2826
31505.5,100.96,9.2826
31506.5,100.77,9.2826
31507.5,140.91,9.2826
31508.5,100.81,9.2826
31509.5,100.76,9.2826
31510.5,101.62,9.2826
31511.51,100.88,9.2826
31512.51,101.17,9.2826
31513.51,100.92,9.2826
31514.51,100.8,9.2826
31515.51,101.47,9.2826
31516.51,100.83,9.2826
31517.52,101.24,9.2826
31518.52,100.77,9.2826
31519.52,100.86,9.2825
31520.52,101.25,9.2825
31521.52,100.79,9.2825
31522.52,101.29,9.2825
31523.53,100.93,9.2826
31524.53,100.85,9.2826
31525.53,101.23,9.2826
31526.53,100.8,9.2826
31527.53,101.23,9.2826
31528.53,100.84,9.2826
31529.54,100.83,9.2826
31530.54,101.27,9.2826
31531.54,100.82,9.2826
31532.54,101.26,9.2826
31533.54,100.87,9.2826
31534.54,100.84,9.2826
31535.54,103.17,9.2826
31536.55,101.33,9.2826
31537.55,100.78,9.2826
31538.55,101.25,9.2827
31539.55,100.76,9.2827
31540.55,100.81,9.2827
31541.55,101.31,9.2827
31542.55,101.37,9.2828
31543.56,101.1,9.2829
31544.56,100.85,9.2829
31545.56,100.75,9.2828
31546.56,101.21,9.2827
31547.56,100.83,9.2827
31548.56,101.06,9.2828
31549.57,100.57,9.2828
31550.57,101.63,9.2827
31551.57,100.93,9.2827
31552.57,100.65,9.2827
31553.57,101.24,9.2828
31554.57,100.73,9.2828
31555.57,102.75,9.2828
31556.58,104.94,9.2828
31557.58,101.22,9.2828
31558.58,101.27,9.2828
31559.58,101.26,9.2828
31560.58,100.85,9.2828
31561.58,100.88,9.2827
31562.59,101.24,9.2827
31563.59,100.94,9.2827
31564.59,101.25,9.2828
31565.59,100.81,9.2828
31566.59,102.31,9.2828
31567.59,100.66,9.2828
31568.59,100.6,9.2829
31569.6,100.96,9.2829
31570.6,100.55,9.2829
31571.6,100.87,9.2829
31572.6,107.38,9.2829
31573.6,106.18,9.2829
31574.6,187.94,9.2829
31575.61,100.83,9.2829
31576.61,100.83,9.2829
31577.61,101.18,9.2829
31578.61,100.69,9.2829
31579.61,102.5,9.2829
31580.61,101.08,9.2829
31581.62,100.86,9.2829
31582.62,101.23,9.2829
31583.62,104.28,9.2829
31584.62,104.5,9.2829
31585.62,101.2,9.2829
31586.62,100.88,9.2829
31587.62,100.85,9.2829
31588.62,101.37,9.283
31589.63,100.75,9.283
31590.63,101.35,9.283
31591.63,100.9,9.283
31592.63,100.76,9.283
31593.63,101.17,9.283
31594.63,100.76,9.283
31595.63,100.66,9.283
31596.64,100.89,9.283
31597.64,101.44,9.283
31598.64,101.01,9.283
31599.64,101.31,9.283
31600.64,100.87,9.283
31601.64,100.86,9.283
31602.64,101.4,9.283
31603.65,100.55,9.283
31604.65,100.46,9.283
31605.65,100.98,9.283
31606.65,100.86,9.283
31607.65,100.66,9.2829
31608.65,101.17,9.2829
31609.65,100.66,9.283
31610.65,101.27,9.283
31611.66,100.86,9.283
31612.66,100.61,9.283
31613.66,100.83,9.283
31614.66,101.16,9.283
31615.66,100.79,9.283
31616.66,120.88,9.283
31617.67,100.74,9.283
31618.67,100.83,9.283
31619.67,101.04,9.283
31620.67,100.55,9.283
31621.68,126.32,9.2831
31622.68,278.96,9.4777
31623.68,100.75,9.4777
31624.68,101.27,9.4777
31625.68,100.83,9.4777
31626.68,100.85,9.4777
31627.68,101.33,9.4777
31628.69,100.48,9.4777
31629.69,100.57,9.4777
31630.69,100.94,9.4776
31631.69,100.81,9.4776
31632.69,101.25,9.4777
31633.69,100.94,9.4777
31634.69,100.82,9.4777
31635.7,101.37,9.4777
31636.7,101.05,9.4777
31637.7,101.27,9.4777
31638.7,100.89,9.4777
31639.7,100.9,9.4774
31640.7,101.24,9.4774
31641.71,100.82,9.4774
31642.71,101.26,9.4774
31643.71,100.89,9.4774
31644.71,100.78,9.4774
31645.71,101.23,9.4774
31646.71,100.83,9.4774
31647.72,101.23,9.4774
31648.72,101.16,9.4774
31649.72,100.83,9.4773
31650.72,101.19,9.4774
31651.72,100.83,9.4774
31652.72,101.98,9.4774
31653.73,100.89,9.4774
31654.73,100.77,9.4774
31655.73,108.59,9.4774
31656.73,100.68,9.4774
31657.73,100.8,9.4774
31658.73,101.3,9.4774
31659.73,100.78,9.4774
31660.74,101.1,9.4774
31661.74,100.8,9.4774
31662.74,100.76,9.4774
31663.74,101.33,9.4774
31664.74,100.81,9.4774
31665.74,101.32,9.4774
31666.75,100.7,9.4774
31667.75,100.86,9.4774
31668.75,101.28,9.4774
31669.75,100.48,9.4774
31670.75,100.56,9.4774
31671.75,100.97,9.4774
31672.75,100.7,9.4774
31673.76,101.25,9.4775
31674.76,100.79,9.4775
31675.76,100.79,9.4775
31676.76,101.04,9.4775
31677.76,100.99,9.4775
31678.76,101.26,9.4775
31679.77,100.72,9.4775
31680.77,101.96,9.4775
31681.77,101.23,9.4775
31682.77,100.84,9.4775
31683.77,101.35,9.4775
31684.77,101.16,9.4775
31685.78,100.77,9.4775
31686.78,101.18,9.4774
31687.78,100.84,9.4774
31688.78,101.19,9.4775
31689.78,100.79,9.4775
31690.78,100.85,9.4775
31691.79,101.24,9.4775
31692.79,100.71,9.4775
31693.79,101.22,9.4776
31694.79,100.66,9.4776
31695.79,100.8,9.4776
31696.79,101.12,9.4776
31697.79,100.78,9.4775
31698.79,100.82,9.4775
31699.8,101.18,9.4775
31700.8,100.88,9.4775
31701.8,100.73,9.4775
31702.8,101.34,9.4775
31703.8,100.92,9.4775
31704.8,100.97,9.4775
31705.8,101.19,9.4775
31706.81,100.81,9.4775
31707.81,101.21,9.4775
31708.81,100.86,9.4775
31709.81,101.17,9.4775
31710.81,101.26,9.4775
31711.81,100.59,9.4775
31712.82,100.74,9.4775
31713.82,101.19,9.4775
31714.82,100.82,9.4774
31715.82,100.74,9.4774
31716.82,101.09,9.4774
31717.82,100.55,9.4775
31718.82,100.62,9.4775
31719.82,101.05,9.4775
31720.83,100.78,9.4775
31721.83,101.84,9.4775
31722.83,100.74,9.4775
31723.83,103.67,9.4775
31724.83,101.18,9.4775
31725.83,100.75,9.4775
31726.84,100.91,9.4775
31727.84,101.28,9.4775
31728.84,100.9,9.4775
31729.84,101.24,9.4776
31730.84,100.95,9.4775
31731.84,100.85,9.4775
31732.84,101.37,9.4775
31733.85,102.06,9.4775
31734.85,101.12,9.4775
31735.85,100.98,9.4775
31736.85,101.24,9.4775
31737.85,100.86,9.4775
31738.86,100.91,9.4775
31739.86,101.28,9.4775
31740.86,100.86,9.4775
31741.86,101.22,9.4776
31742.86,100.9,9.4776
31743.86,100.89,9.4776
31744.86,101.24,9.4776
31745.87,100.88,9.4776
31746.87,101.25,9.4776
31747.87,100.84,9.4776
31748.87,100.94,9.4776
31749.87,101.23,9.4776
31750.87,100.83,9.4776
31751.88,101.2,9.4776
31752.88,100.88,9.4776
31753.88,107.79,9.4776
31754.88,101.05,9.4776
31755.88,100.77,9.4776
31756.88,101.01,9.4776
31757.89,100.81,9.4776
31758.89,100.81,9.4776
31759.89,101.23,9.4776
31760.89,100.81,9.4776
31761.89,101.14,9.4776
31762.89,100.82,9.4776
31763.9,100.85,9.4776
31764.9,101.25,9.4776
31765.9,100.87,9.4776
31766.9,101.22,9.4776
31767.9,100.78,9.4776
31768.9,100.87,9.4776
31769.9,101.17,9.4776
31770.91,100.72,9.4775
31771.91,100.73,9.4776
31772.91,101.02,9.4777
31773.91,100.67,9.4776
31774.91,101.22,9.4777
31775.91,100.83,9.4777
31776.92,100.83,9.4777
31777.92,101.19,9.4777
31778.92,100.94,9.4777
31779.92,101.08,9.4777
31780.92,102.11,9.4777
31781.92,100.85,9.4777
31782.92,101.52,9.4777
31783.93,100.85,9.4777
31784.93,100.81,9.4777
31785.93,106.67,9.4777
31786.93,106.35,9.4777
31787.93,100.77,9.4777
31788.93,101.07,9.4778
31789.93,108.26,9.4778
31790.94,100.8,9.4778
31791.94,101.17,9.4778
31792.94,100.9,9.4778
31793.94,101.2,9.4778
31794.94,100.85,9.4778
31795.94,100.64,9.4778
31796.94,101.13,9.4778
31797.95,100.82,9.4778
31798.95,105.64,9.4778
31799.95,100.73,9.4778
31800.95,100.79,9.4778
31801.95,101.21,9.4777
31802.95,100.83,9.4778
31803.96,118.03,9.4778
31804.96,101.03,9.4778
31805.96,100.85,9.4779
31806.96,101.23,9.4779
31807.96,100.82,9.4779
31808.96,101.22,9.4778
31809.97,100.86,9.4778
31810.97,100.88,9.4778
31811.97,101.21,9.4779
31812.97,100.91,9.4779
31813.97,101.29,9.4779
31814.97,102.7,9.4778
31815.98,100.87,9.4778
31816.98,101.22,9.478
31817.98,100.93,9.478
31818.98,101.24,9.4779
31819.98,134.56,9.478
31820.98,100.72,9.478
31821.98,101.18,9.478
31822.99,100.87,9.478
31823.99,101.12,9.478
31824.99,100.78,9.4779
31825.99,104.55,9.4779
31826.99,101.01,9.478
31827.99,100.64,9.478
31829.0,100.95,9.478
31830.0,105.02,9.478
31831.0,100.48,9.4779
31832.0,101.18,9.4779
31833.0,100.71,9.4779
31834.0,100.82,9.4779
31835.0,101.15,9.4781
31836.01,100.98,9.4781
31837.01,100.79,9.4781
31838.01,101.24,9.4781
31839.01,100.67,9.4781
31840.01,101.19,9.4781
31841.01,100.74,9.4781
31842.02,100.84,9.4781
31843.02,101.18,9.4781
31844.02,100.81,9.4781
31845.02,100.81,9.478
31846.02,101.16,9.4781
31847.03,100.84,9.478
31848.03,100.86,9.478
31849.03,101.19,9.478
31850.03,100.59,9.478
31851.03,101.09,9.478
31852.03,100.81,9.4781
31853.04,100.91,9.4781
31854.04,101.26,9.4781
31855.04,100.81,9.4781
31856.04,101.27,9.4781
31857.04,100.85,9.4781
31858.04,100.85,9.4781
31859.05,101.29,9.4781
31860.05,100.83,9.4781
31861.05,101.28,9.4781
31862.05,100.86,9.4781
31863.05,102.69,9.4781
31864.05,101.28,9.4781
31865.05,100.83,9.4781
31866.06,101.29,9.4781
31867.06,100.86,9.4781
31868.06,100.88,9.4781
31869.06,101.32,9.4781
31870.06,100.86,9.4781
31871.06,101.21,9.4781
31872.07,101.04,9.4781
31873.07,100.92,9.4781
31874.07,101.25,9.4781
31875.07,101.27,9.4781
31876.07,100.85,9.4781
31877.08,100.75,9.4782
31878.08,100.96,9.4782
31879.08,100.57,9.4782
31880.08,100.53,9.4782
31881.08,100.94,9.4782
31882.09,100.55,9.4782
31883.09,101.37,9.4782
31884.09,100.91,9.4782
31885.09,100.84,9.4782
31886.09,101.23,9.4782
31887.09,100.56,9.4782
31888.1,100.52,9.4782
31889.1,101.28,9.4782
31890.1,110.7,9.4782
31891.1,110.27,9.4782
31892.1,100.71,9.4781
31893.1,100.87,9.4781
31894.1,101.27,9.4782
31895.11,100.85,9.4783
31896.11,100.95,9.4782
31897.11,101.13,9.4783
31898.11,100.75,9.4783
31899.11,100.71,9.4783
31900.11,101.22,9.4783
31901.11,100.69,9.4782
31902.12,100.91,9.4783
31903.12,100.88,9.4783
31904.12,101.29,9.4783
31905.12,100.83,9.4782
31906.12,100.86,9.4781
31907.12,101.17,9.4781
31908.13,213.62,9.4782
31909.13,234.61,9.6255
31910.13,101.01,9.6255
31911.13,100.53,9.6255
31912.13,101.2,9.6255
31913.13,100.97,9.6255
31914.14,100.89,9.6256
31915.14,101.21,9.6256
31916.14,100.83,9.6256
31917.14,101.28,9.6256
31918.14,101.35,9.6256
31919.14,100.92,9.6256
31920.14,101.25,9.6255
31921.15,100.91,9.6255
31922.15,100.88,9.6255
31923.15,101.43,9.6256
31924.15,100.94,9.6256
31925.15,100.88,9.6256
31926.15,101.25,9.6256
31927.15,100.58,9.6256
31928.16,100.95,9.6256
31929.16,100.79,9.6256
31930.16,101.11,9.6254
31931.16,101.37,9.6255
31932.16,100.97,9.6256
31933.16,101.3,9.6256
31934.17,100.9,9.6256
31935.17,100.83,9.6256
31936.17,101.24,9.6256
31937.17,100.86,9.6257
31938.17,101.27,9.6257
31939.17,100.89,9.6258
31940.17,100.9,9.6258
31941.18,101.3,9.6257
31942.18,103.67,9.6258
31943.18,101.27,9.6258
31944.18,101.37,9.6258
31945.18,100.86,9.6257
31946.18,100.87,9.6257
31947.19,101.15,9.6259
31948.19,100.86,9.6259
31949.19,101.28,9.6259
31950.19,100.85,9.6259
31951.19,101.25,9.6258
31952.19,100.82,9.6257
31953.2,100.91,9.6257
31954.2,101.29,9.6258
31955.2,100.83,9.6258
31956.2,101.25,9.6258
31957.2,100.79,9.6258
31958.2,100.87,9.6258
31959.2,101.37,9.6258
31960.21,100.84,9.6258
31961.21,106.29,9.6258
31962.21,101.13,9.6258
31963.21,100.88,9.6258
31964.21,112.72,9.6259
31965.21,100.6,9.6259
31966.22,101.23,9.626
31967.22,100.9,9.6259
31968.22,100.85,9.6259
31969.22,101.26,9.6259
31970.22,100.86,9.6259
31971.22,100.86,9.626
31972.22,101.2,9.626
31973.23,100.85,9.626
31974.23,101.27,9.626
31975.23,100.77,9.626
31976.23,100.79,9.626
31977.23,101.18,9.626
31978.23,100.8,9.626
31979.24,101.24,9.626
31980.24,101.39,9.6261
31981.24,100.75,9.6261
31982.24,101.22,9.6261
31983.24,100.84,9.6261
31984.24,100.71,9.6261
31985.24,101.19,9.6262
31986.25,100.77,9.6262
31987.25,101.2,9.6262
31988.25,100.8,9.6262
31989.25,100.88,9.6262
31990.25,101.2,9.6262
31991.25,100.65,9.6262
31992.26,100.53,9.6262
31993.26,100.99,9.6261
31994.26,100.57,9.6262
31995.26,100.93,9.6262
31996.26,100.73,9.6263
31997.26,100.75,9.6262
31998.26,101.16,9.6262
31999.27,100.8,9.6263
32000.27,101.23,9.6263
32001.27,100.86,9.6263
32002.27,100.84,9.6263
32003.27,101.29,9.6263
32004.27,100.82,9.6263
32005.28,101.15,9.6263
32006.28,100.78,9.6263
32007.28,100.76,9.6263
32008.28,101.14,9.6263
32009.28,100.55,9.6262
32010.28,100.95,9.6263
32011.29,100.5,9.6262
32012.29,104.86,9.6262
32013.29,101.27,9.6264
32014.29,100.88,9.6265
32015.29,100.82,9.6265
32016.29,101.17,9.6265
32017.29,100.72,9.6265
32018.3,101.22,9.6265
32019.3,100.93,9.6265
32020.3,100.8,9.6265
32021.3,101.28,9.6265
32022.3,100.9,9.6265
32023.3,101.33,9.6265
32024.31,100.88,9.6265
32025.31,100.88,9.6265
32026.31,101.26,9.6265
32027.31,100.85,9.6265
32028.31,104.53,9.6265
32029.31,100.9,9.6264
32030.31,100.85,9.6265
32031.32,101.17,9.6265
32032.32,100.85,9.6265
32033.32,101.37,9.6266
32034.32,100.85,9.6266
32035.32,100.84,9.6266
32036.32,101.25,9.6266
32037.33,100.86,9.6266
32038.33,101.2,9.6266
32039.33,101.24,9.6266
32040.33,100.87,9.6266
32041.33,101.25,9.6266
32042.33,100.83,9.6265
32043.33,100.96,9.6267
32044.34,101.22,9.6267
32045.34,100.82,9.6267
32046.34,101.23,9.6267
32047.34,100.78,9.6267
32048.34,100.89,9.6267
32049.34,101.23,9.6267
32050.35,100.84,9.6267
32051.35,100.86,9.6267
32052.35,106.52,9.6267
32053.35,102.03,9.6268
32054.35,102.83,9.6267
32055.35,100.84,9.6267
32056.36,101.25,9.6267
32057.36,103.02,9.6266
32058.36,100.86,9.6267
32059.36,101.12,9.6267
32060.36,100.83,9.6269
32061.36,100.9,9.6269
32062.36,101.57,9.6269
32063.37,100.96,9.6269
32064.37,101.21,9.6269
32065.37,103.56,9.6269
32066.37,100.85,9.6269
32067.37,101.23,9.6269
32068.37,100.89,9.6269
32069.38,100.87,9.6269
32070.38,101.24,9.6269
32071.38,100.88,9.6269
32072.38,101.26,9.6268
32073.38,100.95,9.627
32074.38,100.8,9.6269
32075.38,101.22,9.6269
32076.39,100.68,9.6269
32077.39,101.22,9.6269
32078.39,100.88,9.627
32079.39,111.19,9.627
32080.39,101.19,9.627
32081.39,100.72,9.627
32082.4,188.26,9.6271
32083.4,102.03,9.6271
32084.4,100.84,9.6271
32085.4,100.8,9.6271
32086.4,101.2,9.6271
32087.4,100.82,9.627
32088.4,100.82,9.6271
32089.4,101.18,9.627
32090.41,100.81,9.6271
32091.41,100.8,9.6271
32092.41,101.19,9.6271
32093.41,100.93,9.627
32094.41,101.21,9.6271
32095.41,100.92,9.6271
32096.42,100.76,9.6271
32097.42,101.26,9.6271
32098.42,100.92,9.6272
32099.42,103.65,9.6272
32100.42,100.86,9.6272
32101.42,100.83,9.627
32102.42,102.83,9.6272
32103.43,101.06,9.6273
32104.43,100.85,9.6271
32105.43,103.13,9.6273
32106.43,100.8,9.6273
32107.43,101.12,9.6273
32108.43,100.88,9.6272
32109.43,100.9,9.6271
32110.44,101.24,9.6273
32111.44,100.87,9.6273
32112.44,100.98,9.6273
32113.44,101.34,9.6272
32114.44,100.86,9.6272
32115.44,100.83,9.6272
32116.44,113.88,9.6273
32117.45,100.87,9.6273
32118.45,100.9,9.6273
32119.45,101.25,9.6273
32120.45,101.0,9.6273
32121.45,100.73,9.6273
32122.45,101.23,9.6273
32123.45,100.94,9.6273
32124.46,101.27,9.6273
32125.46,100.89,9.6273
32126.46,100.89,9.6273
32127.46,101.28,9.6273
32128.46,100.91,9.6273
32129.46,101.26,9.6273
32130.47,100.83,9.6273
32131.47,100.71,9.6273
32132.47,101.28,9.6273
32133.47,100.98,9.6274
32134.47,101.25,9.6274
32135.47,100.86,9.6274
32136.48,100.83,9.6274
32137.48,101.37,9.6276
32138.48,100.91,9.6275
32139.48,100.84,9.6276
32140.48,101.25,9.6276
32141.48,100.85,9.6276
32142.48,100.83,9.6276
32143.49,101.33,9.6276
32144.49,100.87,9.6276
32145.49,101.25,9.6276
32146.49,100.85,9.6276
32147.49,100.88,9.6276
32148.49,101.28,9.6277
32149.49,100.85,9.6277
32150.5,101.29,9.6277
32151.5,100.83,9.6277
32152.5,100.85,9.6277
32153.5,101.34,9.6277
32154.5,100.87,9.6277
32155.5,101.26,9.6277
32156.51,100.84,9.6276
32157.51,100.86,9.6276
32158.51,101.3,9.6278
32159.51,100.82,9.6278
32160.51,100.82,9.6277
32161.51,101.24,9.6278
32162.51,100.81,9.6278
32163.52,101.35,9.6278
32164.52,100.86,9.6278
32165.52,100.87,9.6278
32166.52,101.25,9.6278
32167.52,100.86,9.6278
32168.52,101.32,9.6278
32169.53,100.87,9.6278
32170.53,100.79,9.6278
32171.53,101.27,9.6278
32172.53,100.74,9.6277
32173.53,101.28,9.6278
32174.53,100.81,9.6278
32175.53,100.86,9.6278
32176.54,101.26,9.6278
32177.54,100.87,9.6278
32178.54,101.32,9.628
32179.54,100.85,9.628
32180.54,100.87,9.628
32181.54,101.3,9.628
32182.55,100.82,9.628
32183.55,101.01,9.6279
32184.55,101.2,9.6279
32185.55,100.85,9.6279
32186.55,100.83,9.628
32187.55,101.23,9.628
32188.55,100.89,9.6279
32189.56,101.25,9.6279
32190.56,100.84,9.628
32191.56,100.83,9.628
32192.56,101.28,9.628
32193.56,100.87,9.628
32194.56,100.87,9.628
32195.56,101.26,9.628
32196.57,100.83,9.628
32197.57,100.79,9.628
32198.57,101.24,9.628
32199.57,112.09,9.628
32200.57,101.26,9.6281
32201.57,100.91,9.6281
32202.58,100.82,9.6281
32203.58,101.34,9.6281
32204.58,100.87,9.6281
32205.58,101.28,9.628
32206.58,100.64,9.628
32207.58,100.55,9.6281
32208.58,101.12,9.6279
32209.59,100.86,9.6282
32210.59,100.84,9.6282
32211.59,101.23,9.6282
32212.59,100.82,9.6282
32213.59,101.37,9.6282
32214.59,100.84,9.6282
32215.59,100.83,9.6283
32216.6,101.26,9.6283
32217.6,100.79,9.6283
32218.6,100.75,9.6283
32219.6,101.09,9.6283
32220.6,100.55,9.6283
32221.6,100.53,9.6283
32222.61,101.04,9.6283
32223.61,100.9,9.6283
32224.61,101.32,9.6283
32225.61,100.82,9.6283
32226.61,100.81,9.6283
32227.61,101.06,9.6282
32228.62,100.9,9.6285
32229.62,101.26,9.6285
32230.62,100.86,9.6285
32231.62,101.28,9.6285
32232.62,100.76,9.6285
32233.62,100.87,9.6285
32234.62,101.27,9.6285
32235.63,100.86,9.6285
32236.63,101.26,9.6284
32237.63,100.82,9.6284
32238.63,100.9,9.6284
32239.63,101.28,9.6284
32240.63,100.82,9.6284
32241.64,101.23,9.6284
32242.64,100.82,9.6284
32243.64,100.72,9.6284
32244.64,101.22,9.6284
32245.64,100.86,9.6284
32246.64,101.24,9.6285
32247.65,100.81,9.6285
32248.65,100.83,9.6285
32249.65,101.19,9.6285
32250.65,100.81,9.6285
32251.65,101.22,9.6285
32252.65,100.77,9.6285
32253.65,100.95,9.6286
32254.66,101.19,9.6286
32255.66,100.66,9.6285
32256.66,101.24,9.6285
32257.66,101.13,9.6285
32258.66,100.78,9.6285
32259.66,100.69,9.6285
32260.66,101.18,9.6285
32261.67,100.87,9.6287
32262.67,101.3,9.6287
32263.67,101.35,9.6288
32264.67,100.83,9.6288
32265.67,101.27,9.6288
32266.67,100.84,9.6288
32267.68,100.84,9.6288
32268.68,101.29,9.6288
32269.68,112.22,9.6288
32270.68,334.59,9.7589
32271.68,101.37,9.759
32272.68,100.78,9.759
32273.68,101.38,9.7589
32274.69,100.87,9.7588
32275.69,100.87,9.7588
32276.69,101.24,9.7588
32277.69,100.9,9.7589
32278.69,101.3,9.7589
32279.69,100.83,9.759
32280.69,100.88,9.759
32281.7,102.18,9.759
32282.7,102.63,9.759
32283.7,101.34,9.759
32284.7,100.8,9.7588
32285.7,100.84,9.7591
32286.7,101.22,9.7591
32287.71,100.8,9.7591
32288.71,101.27,9.7589
32289.71,100.79,9.7589
32290.71,100.8,9.7589
32291.71,101.25,9.7589
32292.71,100.8,9.7589
32293.72,101.34,9.7591
32294.72,100.83,9.7591
32295.72,100.95,9.7592
32296.72,101.25,9.7592
32297.72,100.76,9.7591
32298.72,100.93,9.7591
32299.72,119.69,9.7592
32300.73,100.73,9.7592
32301.73,101.25,9.7592
32302.73,100.8,9.7592
32303.73,100.94,9.7592
32304.73,101.58,9.7592
32305.73,100.84,9.7592
32306.74,101.25,9.7591
32307.74,100.91,9.7592
32308.74,103.71,9.7592
32309.74,101.52,9.7592
32310.74,100.84,9.7592
32311.74,100.85,9.7592
32312.74,101.55,9.7592
32313.75,100.94,9.7593
32314.75,101.23,9.7593
32315.75,100.82,9.7593
32316.75,100.82,9.7593
32317.75,101.27,9.7593
32318.75,100.87,9.7592
32319.76,100.85,9.7592
32320.76,101.26,9.7592
32321.76,100.88,9.7592
32322.76,101.3,9.7592
32323.76,100.92,9.7593
32324.76,100.83,9.7594
32325.76,101.3,9.7594
32326.76,100.91,9.7594
32327.77,100.92,9.7594
32328.77,100.91,9.7594
32329.77,101.19,9.7594
32330.77,100.78,9.7593
32331.77,100.83,9.7594
32332.77,101.16,9.7594
32333.78,100.96,9.7595
32334.78,101.23,9.7595
32335.78,100.84,9.7595
32336.78,101.89,9.7594
32337.78,100.79,9.7594
32338.78,101.64,9.7595
32339.78,101.25,9.7596
32340.79,100.85,9.7596
32341.79,101.24,9.7596
32342.79,100.83,9.7596
32343.79,100.94,9.7596
32344.79,102.27,9.7596
32345.79,100.84,9.7596
32346.8,101.26,9.7596
32347.8,100.83,9.7596
32348.8,100.87,9.7596
32349.8,101.24,9.7596
32350.8,100.81,9.7596
32351.8,100.89,9.7595
32352.8,101.25,9.7596
32353.81,100.93,9.7597
32354.81,101.79,9.7597
32355.81,100.83,9.7597
32356.81,100.81,9.7597
32357.81,101.32,9.7597
32358.81,100.97,9.7597
32359.81,100.86,9.7596
32360.82,101.83,9.7597
32361.82,100.78,9.7597
32362.82,100.83,9.7597
32363.82,101.37,9.7597
32364.82,100.84,9.7597
32365.82,103.73,9.7597
32366.83,101.21,9.7597
32367.83,110.87,9.7598
32368.83,101.27,9.7598
32369.83,100.86,9.7598
32370.83,100.82,9.7598
32371.83,101.24,9.7598
32372.83,100.85,9.7597
32373.84,101.31,9.7598
32374.84,100.87,9.7598
32375.84,100.87,9.7598
32376.84,101.22,9.7598
32377.84,100.85,9.7598
32378.84,101.31,9.7598
32379.85,100.85,9.7597
32380.85,100.84,9.7597
32381.85,101.27,9.7598
32382.85,119.6,9.7599
32383.85,101.25,9.7598
32384.85,100.86,9.7599
32385.85,100.87,9.7599
32386.86,101.26,9.7598
32387.86,100.83,9.7598
32388.86,101.3,9.7599
32389.86,100.79,9.7599
32390.86,100.82,9.7599
32391.86,101.22,9.7599
32392.87,100.91,9.7599
32393.87,100.91,9.7599
32394.87,101.34,9.7601
32395.87,100.82,9.76
32396.87,100.82,9.76
32397.87,101.27,9.76
32398.87,100.85,9.76
32399.88,101.41,9.76
32400.88,100.87,9.76
32401.88,100.86,9.76
32402.88,101.34,9.76
32403.88,100.88,9.76
32404.88,101.25,9.76
32405.89,100.86,9.76
32406.89,100.6,9.76
32407.89,100.92,9.76
32408.89,100.58,9.7602
32409.89,101.26,9.7602
32410.89,100.89,9.7602
32411.9,100.87,9.7602
32412.9,101.28,9.7602
32413.9,100.9,9.7602
32414.9,101.3,9.7602
32415.9,100.85,9.7602
32416.9,100.87,9.7602
32417.9,101.1,9.7602
32418.91,100.58,9.7602
32419.91,100.58,9.7602
32420.91,100.92,9.7602
32421.91,100.5,9.7602
32422.91,101.0,9.7603
32423.91,100.86,9.7603
32424.92,100.82,9.7603
32425.92,101.26,9.7603
32426.92,100.96,9.7603
32427.92,100.91,9.7603
32428.92,101.29,9.7603
32429.92,100.54,9.7603
32430.92,100.97,9.7603
32431.93,100.84,9.7603
32432.93,100.9,9.7603
32433.93,101.28,9.7604
32434.93,101.27,9.7604
32435.93,101.28,9.7604
32436.93,100.83,9.7604
32437.93,100.52,9.7604
32438.94,101.06,9.7605
32439.94,100.59,9.7605
32440.94,100.73,9.7605
32441.94,101.25,9.7605
32442.94,100.9,9.7605
32443.94,101.33,9.7604
32444.95,100.86,9.7604
32445.95,100.88,9.7604
32446.95,101.35,9.7604
32447.95,100.88,9.7604
32448.95,100.92,9.7604
32449.95,101.31,9.7604
32450.95,100.88,9.7605
32451.96,101.24,9.7604
32452.96,100.9,9.7605
32453.96,100.86,9.7605
32454.96,101.27,9.7605
32455.96,100.62,9.7605
32456.96,100.78,9.7606
32457.97,101.25,9.7606
32458.97,100.83,9.7606
32459.97,101.23,9.7606
32460.97,100.77,9.7606
32461.97,100.7,9.7606
32462.97,101.29,9.7606
32463.97,100.79,9.7606
32464.98,101.27,9.7606
32465.98,100.78,9.7606
32466.98,100.82,9.7606
32467.98,101.29,9.7606
32468.98,100.81,9.7606
32469.98,100.84,9.7606
32470.98,101.35,9.7607
32471.99,100.82,9.7607
32472.99,100.83,9.7607
32473.99,101.33,9.7607
32474.99,100.88,9.7607
32475.99,100.87,9.7607
32476.99,101.28,9.7607
32477.99,100.84,9.7608
32479.0,100.87,9.7608
32480.0,101.25,9.7608
32481.0,100.83,9.7608
32482.0,101.27,9.7608
32483.0,100.94,9.7608
32484.0,100.89,9.7608
32485.0,101.25,9.7608
32486.01,100.86,9.7608
32487.01,101.26,9.7608
32488.01,100.84,9.7607
32489.01,100.89,9.7608
32490.01,101.31,9.7608
32491.01,100.83,9.761
32492.01,100.81,9.761
32493.02,101.68,9.761
32494.02,100.9,9.761
32495.02,101.28,9.761
32496.02,100.83,9.761
32497.02,100.82,9.7611
32498.02,101.22,9.7611
32499.03,100.88,9.7611
32500.03,100.86,9.7611
32501.03,101.26,9.7611
32502.03,138.82,7.4091
32503.03,339.25,2.7277
32504.03,322.41,2.8599
32505.03,326.36,3.1102
32506.04,306.45,3.3346
32507.04,166.15,3.4051
32508.04,180.59,2.5414
32509.04,306.55,2.7063
32510.04,306.69,2.5317
32511.04,306.07,2.7141
32512.04,342.44,2.8371
32513.05,257.72,2.569
32514.05,345.7,2.7922
32515.05,359.3,2.9467
32516.05,328.05,3.2397
32517.05,320.43,3.499
32518.05,314.51,3.7533
32519.05,312.56,4.0008
32520.05,315.5,4.1649
32521.06,282.1,4.3845
32522.06,129.76,4.4285
32523.06,102.5,4.4791
32524.06,114.97,4.5555
32525.06,117.28,4.602
32526.06,116.96,4.6492
32527.06,128.96,4.6957
32528.07,101.05,4.7432
32529.07,101.49,4.8041
32530.07,102.48,4.8512
32531.07,100.82,4.8999
32532.07,139.15,4.9549
32533.07,101.28,5.0047
32534.08,102.46,5.0635
32535.08,101.29,5.1388
32536.08,101.32,5.2029
32537.08,101.25,5.2565
32538.08,101.84,5.2959
32539.08,142.09,5.35
32540.08,164.68,5.3901
32541.09,100.74,5.4188
32542.09,100.75,5.4486
32543.09,104.7,5.4856
32544.09,100.76,5.5246
32545.09,101.17,5.5525
32546.09,110.17,5.5703
32547.09,100.83,5.6107
32548.09,101.14,5.6284
32549.1,101.34,5.654
32550.1,100.85,5.6822
32551.1,100.81,5.7094
32552.1,103.26,5.7376
32553.1,100.97,5.7622
32554.1,101.35,5.7662
32555.11,100.95,5.7825
32556.11,100.67,5.8025
32557.11,103.88,5.8394
32558.11,109.0,5.877
32559.11,122.44,5.9175
32560.11,178.45,2.5878
32561.11,331.45,2.8061
32562.12,353.83,2.9738
32563.12,318.1,3.2698
32564.12,315.2,3.5902
32565.12,315.75,3.8747
32566.12,313.81,4.1005
32567.12,322.81,4.3572
32568.12,249.31,2.6907
32569.13,362.79,2.8683
32570.13,337.53,3.1982
32571.13,321.53,3.5329
32572.13,308.51,3.8142
32573.13,305.57,4.0321
32574.13,315.44,4.2043
32575.13,326.02,4.383
32576.14,234.51,2.6356
32577.14,348.71,2.8564
32578.14,350.58,3.1972
32579.14,329.42,3.5336
32580.14,313.4,3.8483
32581.14,314.22,4.0945
32582.14,323.29,4.3007
32583.15,290.38,4.3536
32584.15,145.13,4.4362
32585.15,246.5,2.6779
32586.15,359.46,2.8556
32587.15,281.88,2.7057
32588.15,300.67,2.5318
32589.15,301.35,2.7095
32590.15,329.98,2.8523
32591.16,269.12,2.6635
32592.16,310.45,2.7826
32593.16,256.87,2.5697
32594.16,300.05,2.7239
32595.16,315.41,2.5417
32596.16,293.87,2.71
32597.16,341.56,2.8465
32598.16,265.09,2.6818
32599.17,349.78,2.8477
32600.17,360.11,3.043
32601.17,324.62,3.2873
32602.17,307.23,3.583
32603.17,314.38,3.8788
32604.17,320.48,4.146
32605.17,261.74,2.5353
32606.17,319.31,2.8031
32607.18,329.32,2.9135
32608.18,332.3,3.1411
32609.18,302.09,3.3897
32610.18,304.47,3.6568
32611.18,312.49,3.885
32612.18,311.45,4.1155
32613.18,293.05,3.6243
32614.19,273.29,2.7437
32615.19,345.21,2.8933
32616.19,342.84,3.1391
32617.19,318.79,3.4
32618.19,310.17,3.677
32619.19,313.72,3.9353
32620.19,322.26,4.1265
32621.19,317.25,4.3387
32622.2,273.72,4.5233
32623.2,111.79,4.555
32624.2,102.0,4.5787
32625.2,102.96,4.6049
32626.2,113.97,4.6319
32627.2,103.19,4.6593
32628.21,104.63,4.6857
32629.21,108.26,4.7287
32630.21,105.74,4.7593
32631.21,103.73,4.7812
32632.21,100.65,4.8252
32633.21,104.58,4.8461
32634.21,103.0,4.8694
32635.22,173.82,4.8971
32636.22,101.27,4.9165
32637.22,102.43,4.9359
32638.22,101.8,4.9557
32639.22,137.9,2.5359
32640.22,317.22,2.7831
32641.22,360.99,2.9652
32642.23,334.91,3.3037
32643.23,309.24,3.6467
32644.23,313.6,3.911
32645.23,312.01,4.1179
32646.23,316.96,4.3346
32647.23,260.16,2.7048
32648.23,352.69,2.9179
32649.23,350.68,3.2547
32650.24,324.6,3.6056
32651.24,310.39,3.9074
32652.24,321.31,4.1504
32653.24,324.72,4.475
32654.24,214.69,4.9599
32655.24,172.93,5.2895
32656.24,104.1,5.3624
32657.25,104.93,5.4189
32658.25,104.73,5.4805
32659.25,102.19,5.5268
32660.25,106.31,5.5709
32661.25,102.72,5.6289
32662.25,103.04,5.6679
32663.25,101.75,5.7051
32664.25,100.58,5.7473
32665.26,107.09,5.7873
32666.26,142.91,5.8214
32667.26,200.75,5.8557
32668.26,205.6,5.9165
32669.26,189.36,5.9941
32670.26,103.11,6.0043
32671.27,101.15,6.0145
32672.27,102.53,5.9716
32673.27,101.23,5.9832
32674.27,100.86,5.9939
32675.27,100.79,6.0033
32676.27,101.28,6.0133
32677.27,100.83,6.0234
32678.28,100.81,6.0336
32679.28,101.3,6.0438
32680.28,100.79,6.0534
32681.28,100.92,6.0633
32682.28,100.88,6.0729
32683.28,101.3,6.0833
32684.28,100.82,6.0928
32685.28,101.11,6.1176
32686.28,110.71,6.132
32687.29,100.61,6.146
32688.29,100.81,6.1675
32689.29,101.29,6.1864
32690.29,100.8,6.2134
32691.29,101.25,6.2134
32692.29,148.6,2.5615
32693.29,304.06,2.7466
32694.3,356.59,2.8948
32695.3,338.81,3.158
32696.3,275.93,2.6822
32697.3,336.01,2.8528
32698.3,344.42,3.133
32699.3,240.64,2.5484
32700.3,307.26,2.735
32701.31,346.51,2.8545
32702.31,334.8,3.0772
32703.31,279.56,2.6584
32704.31,337.16,2.8417
32705.31,296.99,2.5449
32706.31,302.38,2.735
32707.31,327.63,2.8621
32708.31,335.5,3.0936
32709.32,258.31,2.6095
32710.32,307.87,2.7703
32711.32,337.7,3.0062
32712.32,330.6,3.2785
32713.32,250.3,2.5639
32714.32,327.41,2.7366
32715.32,271.01,2.5668
32716.33,315.45,2.7357
32717.33,331.79,2.815
32718.33,262.14,2.707
32719.33,315.64,2.9958
32720.33,308.17,3.411
32721.33,212.06,3.9358
32722.33,149.24,4.4371
32723.33,219.62,4.9007
32724.34,332.58,5.0357
32725.34,348.03,5.31
32726.34,335.47,5.6431
32727.34,314.77,5.9567
32728.34,310.61,6.2335
32729.34,306.24,6.5264
32730.34,303.08,6.8285
32731.35,304.22,7.1022
32732.35,303.95,7.3428
32733.35,253.11,7.5349
32734.35,325.29,8.3237
32735.35,253.59,8.3759
32736.35,208.24,8.3764
32737.35,266.25,8.3766
32738.35,170.5,8.3668
32739.36,166.73,8.3668
32740.36,253.44,8.367
32741.36,226.29,8.3707
32742.36,142.87,8.3712
32743.36,147.42,8.3713
32744.36,105.35,8.3713
32745.36,168.18,8.3713
32746.37,203.99,8.3713
32747.37,110.5,8.3715
32748.37,134.93,8.3715
32749.37,110.28,8.3712
32750.37,110.99,8.3712
32751.37,100.83,8.3712
32752.37,100.9,8.3713
32753.38,103.33,8.3714
32754.38,101.92,8.3714
32755.38,105.27,8.3714
32756.38,110.68,8.3715
32757.38,100.82,8.3714
32758.38,107.11,8.3715
32759.39,122.23,8.3715
32760.39,109.36,8.3715
32761.39,107.86,8.3715
32762.39,100.81,8.3715
32763.39,110.24,8.3715
32764.39,120.72,8.3715
32765.39,100.88,8.3715
32766.4,102.94,8.3715
32767.4,101.88,8.3715
32768.4,104.03,8.3716
32769.4,111.88,8.3716
32770.4,104.42,8.3716
32771.4,106.6,8.3716
32772.4,114.29,8.3716
32773.41,259.53,9.1389
32774.41,101.66,9.1571
32775.41,101.38,9.1571
32776.41,100.83,9.1571
32777.41,101.29,9.1572
32778.41,100.91,9.1573
32779.42,107.91,9.1572
32780.42,106.3,9.1573
32781.42,101.05,9.1573
32782.42,101.27,9.1573
32783.42,101.03,9.1573
32784.42,101.09,9.1573
32785.42,101.34,9.1573
32786.43,100.85,9.1574
32787.43,100.85,9.1574
32788.43,107.07,9.1573
32789.43,102.64,9.1573
32790.43,108.65,9.1573
32791.43,100.83,9.1573
32792.43,100.83,9.1573
32793.44,113.65,9.1574
32794.44,100.89,9.1574
32795.44,101.43,9.1574
32796.44,101.3,9.1575
32797.44,100.82,9.1574
32798.44,101.63,9.1575
32799.44,101.25,9.1575
32800.44,100.86,9.1575
32801.45,104.58,9.1575
32802.45,101.4,9.1574
32803.45,100.93,9.1576
32804.45,106.18,9.1575
32805.45,101.4,9.1575
32806.45,101.22,9.1575
32807.46,103.06,9.1575
32808.46,116.38,9.1575
32809.46,101.5,9.1575
32810.46,100.82,9.1575
32811.46,101.22,9.1576
32812.46,103.26,9.1576
32813.46,101.37,9.1576
32814.47,100.84,9.1576
32815.47,101.63,9.1576
32816.47,101.37,9.1576
32817.47,101.1,9.1576
32818.47,101.18,9.1576
32819.47,147.4,9.1575
32820.48,191.85,9.158
32821.48,160.95,9.1579
32822.48,100.55,9.1579
32823.48,101.74,9.1579
32824.48,101.17,9.1579
32825.48,101.88,9.1579
32826.48,102.05,9.1579
32827.48,101.27,9.1579
32828.49,100.92,9.1579
32829.49,110.62,9.1578
32830.49,102.18,9.1579
32831.49,101.35,9.1581
32832.49,101.92,9.1581
32833.49,100.95,9.1581
32834.5,123.21,9.1579
32835.5,101.32,9.1582
32836.5,100.87,9.1582
32837.5,101.7,9.1582
32838.5,100.97,9.1582
32839.5,100.96,9.1582
32840.51,101.91,9.1582
32841.51,102.86,9.1582
32842.51,101.3,9.1582
32843.51,101.18,9.1582
32844.51,101.06,9.1582
32845.51,101.29,9.1582
32846.51,101.43,9.1582
32847.52,101.45,9.1582
32848.52,100.94,9.1582
32849.52,100.92,9.1581
32850.52,101.28,9.1582
32851.52,103.21,9.1582
32852.52,101.28,9.1582
32853.52,176.72,9.1626
32854.53,100.81,9.1625
32855.53,101.18,9.1625
32856.53,100.83,9.1625
32857.53,100.72,9.1625
32858.53,101.34,9.1625
32859.53,100.8,9.1625
32860.53,100.83,9.1627
32861.54,110.59,9.1627
32862.54,110.01,9.1626
32863.54,101.21,9.1627
32864.54,123.63,9.1628
32865.54,123.38,9.1627
32866.54,101.24,9.1628
32867.55,102.58,9.1628
32868.55,100.84,9.1628
32869.55,101.32,9.1628
32870.55,101.81,9.1628
32871.55,101.5,9.1628
32872.55,100.87,9.1629
32873.56,100.84,9.1629
32874.56,101.1,9.1629
32875.56,100.8,9.1629
32876.56,100.96,9.1629
32877.56,100.8,9.1629
32878.56,116.56,9.1629
32879.56,101.04,9.1629
32880.56,104.72,9.1629
32881.57,101.75,9.1629
32882.57,100.67,9.1629
32883.57,101.73,9.1629
32884.57,220.37,9.1671
32885.57,159.61,9.268
32886.57,100.76,9.268
32887.57,100.79,9.268
32888.58,101.23,9.268
32889.58,100.84,9.2681
32890.58,101.66,9.2681
32891.58,100.98,9.288
32892.58,101.68,9.299
32893.58,101.31,9.299
32894.59,100.79,9.299
32895.59,101.25,9.299
32896.59,100.87,9.299
32897.59,100.88,9.299
32898.59,101.27,9.299
32899.59,100.81,9.299
32900.6,101.19,9.299
32901.6,100.81,9.2991
32902.6,100.84,9.2991
32903.6,101.19,9.2991
32904.6,100.74,9.2991
32905.6,101.41,9.2991
32906.61,101.03,9.299
32907.61,100.83,9.299
32908.61,101.34,9.299
32909.61,100.84,9.299
32910.61,101.27,9.299
32911.61,100.66,9.299
32912.61,100.76,9.299
32913.62,101.07,9.299
32914.62,100.71,9.299
32915.62,100.87,9.299
32916.62,101.27,9.299
32917.62,100.86,9.299
32918.62,101.27,9.299
32919.63,100.76,9.2992
32920.63,100.81,9.299
32921.63,101.24,9.2991
32922.63,100.83,9.2991
32923.63,101.36,9.2991
32924.63,101.11,9.2991
32925.63,100.85,9.2991
32926.64,100.93,9.2992
32927.64,101.34,9.2992
32928.64,100.9,9.2992
32929.64,100.86,9.2992
32930.64,101.25,9.2992
32931.64,100.86,9.2992
32932.64,100.86,9.2992
32933.65,102.46,9.2993
32934.65,100.98,9.2993
32935.65,154.53,9.2994
32936.65,110.27,9.2997
32937.65,100.88,9.2997
32938.65,101.3,9.2997
32939.65,100.59,9.2996
32940.66,100.99,9.2997
32941.66,100.54,9.2997
32942.66,100.56,9.2997
32943.66,101.04,9.2997
32944.66,100.67,9.2997
32945.66,101.28,9.2997
32946.67,100.79,9.2997
32947.67,100.83,9.2997
32948.67,101.31,9.2997
32949.67,100.79,9.2997
32950.67,100.94,9.2997
32951.67,100.73,9.2997
32952.67,100.86,9.2998
32953.68,101.35,9.2997
32954.68,100.85,9.2997
32955.68,101.16,9.2999
32956.68,101.25,9.2999
32957.68,100.86,9.2999
32958.68,101.32,9.2999
32959.69,100.87,9.2998
32960.69,100.87,9.2998
32961.69,101.36,9.2998
32962.69,100.86,9.2998
32963.69,100.97,9.2998
32964.69,101.25,9.2999
32965.69,100.87,9.2999
32966.7,100.85,9.3
32967.7,101.27,9.2999
32968.7,102.36,9.2999
32969.7,101.34,9.2999
32970.7,101.22,9.3
32971.7,100.95,9.3
32972.7,100.88,9.3
32973.7,101.4,9.3001
32974.71,100.88,9.3001
32975.71,101.26,9.3001
32976.71,101.05,9.3001
32977.71,100.87,9.3001
32978.71,101.11,9.3001
32979.71,100.66,9.3
32980.71,100.58,9.3001
32981.72,108.0,9.3
32982.72,101.23,9.3
32983.72,101.0,9.3
32984.72,100.85,9.3
32985.72,101.19,9.3
32986.72,101.78,9.3
32987.72,101.1,9.3
32988.73,100.99,9.3001
32989.73,100.84,9.3001
32990.73,101.26,9.3001
32991.73,100.76,9.3001
32992.73,101.23,9.3001
32993.73,100.92,9.3001
32994.74,100.82,9.3001
32995.74,101.23,9.3001
32996.74,100.85,9.3002
32997.74,101.26,9.3002
32998.74,100.89,9.3002
32999.74,100.54,9.3002
33000.74,101.0,9.3001
33001.75,100.55,9.3001
33002.75,100.57,9.3001
33003.75,101.08,9.3002
33004.75,100.74,9.3002
33005.75,100.84,9.3002
33006.75,101.22,9.3002
33007.75,100.79,9.3002
33008.76,101.29,9.3002
33009.76,100.88,9.3002
33010.76,100.84,9.3002
33011.76,101.08,9.3002
33012.76,100.67,9.3002
33013.76,100.95,9.3002
33014.76,101.27,9.3002
33015.77,105.14,9.3003
33016.77,109.56,9.3002
33017.77,101.14,9.3002
33018.77,104.16,9.3004
33019.77,101.24,9.3004
33020.77,101.27,9.3004
33021.77,101.03,9.3005
33022.78,104.12,9.3005
33023.78,101.31,9.3005
33024.78,103.58,9.3004
33025.78,101.27,9.3004
33026.78,100.84,9.3004
33027.78,100.76,9.3004
33028.78,101.37,9.3004
33029.79,100.87,9.3004
33030.79,101.28,9.3004
33031.79,101.45,9.3004
33032.79,100.85,9.3005
33033.79,101.3,9.3005
33034.79,100.87,9.3005
33035.8,100.85,9.3005
33036.8,101.26,9.3005
33037.8,100.86,9.3006
33038.8,101.31,9.3006
33039.8,101.57,9.3006
33040.8,100.89,9.3005
33041.8,101.39,9.3005
33042.81,100.79,9.3005
33043.81,100.96,9.3005
33044.81,101.55,9.3004
33045.81,100.87,9.3006
33046.81,101.25,9.3006
33047.81,100.8,9.3006
33048.81,100.88,9.3006
33049.82,101.21,9.3006
33050.82,100.82,9.3006
33051.82,100.83,9.3006
33052.82,101.15,9.3006
33053.82,100.86,9.3008
33054.82,100.85,9.3008
33055.82,101.31,9.3008
33056.83,100.83,9.3008
33057.83,100.86,9.3008
33058.83,101.17,9.3008
33059.83,100.85,9.3008
33060.83,117.78,9.3008
33061.83,101.11,9.3006
33062.83,101.49,9.3008
33063.84,100.85,9.3008
33064.84,104.67,9.3008
33065.84,100.56,9.3007
33066.84,100.91,9.3008
33067.84,100.51,9.3007
33068.84,159.51,9.3008
33069.84,259.94,9.5028
33070.85,100.76,9.5026
33071.85,105.28,9.5026
33072.85,100.85,9.5025
33073.85,100.83,9.5025
33074.85,101.33,9.5025
33075.85,100.83,9.5024
33076.86,100.75,9.5026
33077.86,101.22,9.5026
33078.86,100.84,9.5024
33079.86,101.2,9.5026
33080.86,100.83,9.5026
33081.86,100.88,9.5027
33082.86,100.97,9.5026
33083.87,100.92,9.5026
33084.87,100.51,9.5027
33085.87,100.9,9.5027
33086.87,100.5,9.5027
33087.87,100.9,9.5026
33088.87,100.75,9.5026
33089.88,100.83,9.5027
33090.88,101.21,9.5027
33091.88,100.85,9.5027
33092.88,101.55,9.5027
33093.88,100.89,9.5027
33094.88,100.86,9.5027
33095.88,101.26,9.5028
33096.89,100.78,9.5028
33097.89,101.24,9.5028
33098.89,100.85,9.5027
33099.89,100.85,9.5028
33100.89,101.27,9.5028
33101.89,100.85,9.5028
33102.9,100.9,9.5027
33103.9,101.83,9.5028
33104.9,100.79,9.5029
33105.9,101.23,9.5029
33106.9,122.11,9.5029
33107.9,106.06,9.5029
33108.9,101.34,9.5028
33109.91,100.83,9.5027
33110.91,100.8,9.5027
33111.91,101.35,9.5027
33112.91,100.85,9.5027
33113.91,108.28,9.5029
33114.91,100.92,9.5029
33115.91,100.78,9.5028
33116.92,101.28,9.5029
33117.92,100.84,9.5029
33118.92,100.95,9.5029
33119.92,101.69,9.5028
33120.92,100.85,9.503
33121.92,100.82,9.503
33122.92,101.29,9.503
33123.93,100.86,9.503
33124.93,100.84,9.503
33125.93,101.23,9.5029
33126.93,100.86,9.5029
33127.93,101.24,9.5029
33128.93,100.88,9.503
33129.94,100.86,9.503
33130.94,101.28,9.503
33131.94,100.81,9.503
33132.94,102.75,9.5031
33133.94,100.88,9.5031
33134.94,100.83,9.503
33135.94,101.31,9.503
33136.95,100.81,9.503
33137.95,101.15,9.503
33138.95,102.2,9.503
33139.95,100.83,9.5031
33140.95,101.42,9.5031
33141.95,101.24,9.5031
33142.95,100.85,9.5031
33143.95,100.8,9.503
33144.96,101.29,9.503
33145.96,100.85,9.503
33146.96,100.86,9.503
33147.96,101.3,9.503
33148.96,100.94,9.5032
33149.96,100.89,9.5031
33150.96,101.23,9.5031
33151.97,100.8,9.5033
33152.97,100.89,9.5033
33153.97,101.26,9.5033
33154.97,100.87,9.5033
33155.97,101.23,9.5033
33156.97,100.82,9.5033
33157.98,100.82,9.5033
33158.98,101.27,9.5033
33159.98,100.88,9.5033
33160.98,101.29,9.5033
33161.98,100.85,9.5033
33162.98,100.89,9.5033
33163.98,101.59,9.5033
33164.99,100.8,9.5032
33165.99,101.26,9.5033
33166.99,100.82,9.5033
33167.99,100.86,9.5033
33168.99,101.78,9.5034
33169.99,100.81,9.5034
33171.0,101.25,9.5034
33172.0,100.91,9.5034
33173.0,101.26,9.5034
33174.0,101.27,9.5034
33175.0,100.84,9.5034
33176.0,101.27,9.5034
33177.01,100.84,9.5034
33178.01,100.84,9.5034
33179.01,101.22,9.5034
33180.01,100.83,9.5033
33181.01,100.85,9.5035
33182.01,104.95,9.5035
33183.01,100.91,9.5035
33184.02,101.29,9.5035
33185.02,100.84,9.5035
33186.02,103.94,9.5035
33187.02,101.19,9.5035
33188.02,100.81,9.5035
33189.02,101.31,9.5036
33190.03,100.85,9.5036
33191.03,100.9,9.5036
33192.03,101.25,9.5036
33193.03,100.73,9.5036
33194.03,101.37,9.5036
33195.03,100.82,9.5036
33196.03,100.81,9.5036
33197.04,104.75,9.5036
33198.04,100.85,9.5037
33199.04,100.88,9.5037
33200.04,101.27,9.5036
33201.04,100.79,9.5036
33202.04,101.27,9.5036
33203.05,100.89,9.5036
33204.05,100.85,9.5036
33205.05,101.21,9.5036
33206.05,100.83,9.5036
33207.05,100.85,9.5037
33208.05,101.19,9.5037
33209.05,100.91,9.5037
33210.06,101.24,9.5037
33211.06,100.78,9.5038
33212.06,100.84,9.5038
33213.06,101.32,9.5038
33214.06,100.88,9.5038
33215.06,101.24,9.5038
33216.07,100.83,9.5038
33217.07,100.82,9.5038
33218.07,101.26,9.5038
33219.07,100.84,9.5039
33220.07,107.27,9.5039
33221.07,101.3,9.5039
33222.07,100.77,9.5039
33223.08,102.01,9.5039
33224.08,101.36,9.5039
33225.08,100.82,9.5039
33226.08,100.67,9.5039
33227.08,101.0,9.5039
33228.08,100.85,9.5039
33229.08,100.95,9.5039
33230.08,101.26,9.5039
33231.09,100.82,9.5039
33232.09,100.82,9.5039
33233.09,101.32,9.5039
33234.09,100.7,9.5039
33235.09,100.93,9.5039
33236.09,100.75,9.5039
33237.09,100.81,9.5038
33238.1,101.15,9.5039
33239.1,100.91,9.5041
33240.1,101.24,9.5041
33241.1,100.81,9.5041
33242.1,100.73,9.5039
33243.1,101.21,9.5039
33244.11,100.89,9.504
33245.11,101.24,9.504
33246.11,100.82,9.504
33247.11,100.82,9.504
33248.11,101.23,9.5041
33249.11,100.86,9.5041
33250.12,101.74,9.5041
33251.12,101.28,9.5041
33252.12,100.84,9.5041
33253.12,101.32,9.5041
33254.12,100.91,9.5041
33255.12,107.95,9.5041
33256.12,101.37,9.5041
33257.13,100.83,9.5041
33258.13,100.88,9.5041
33259.13,101.01,9.5041
33260.13,100.55,9.5041
33261.13,100.95,9.5041
33262.13,100.54,9.5041
33263.13,100.63,9.5041
33264.14,101.0,9.5043
33265.14,100.57,9.5043
33266.14,100.94,9.5043
33267.14,100.48,9.5043
33268.14,100.76,9.5043
33269.14,101.28,9.5043
33270.15,100.82,9.5043
33271.15,101.24,9.5043
33272.15,100.83,9.5042
33273.15,106.49,9.5042
33274.15,101.28,9.5044
33275.15,100.84,9.5043
33276.16,106.42,9.5043
33277.16,100.96,9.5043
33278.16,100.87,9.5044
33279.16,101.31,9.5044
33280.16,100.87,9.5044
33281.16,101.3,9.5044
33282.17,100.79,9.5043
33283.17,100.94,9.5045
33284.17,101.36,9.5043
33285.17,100.87,9.5043
33286.17,100.89,9.5043
33287.17,101.28,9.5044
33288.17,103.3,9.5044
33289.18,102.65,9.5044
33290.18,100.47,9.5045
33291.18,100.86,9.5044
33292.18,101.61,9.5045
33293.18,112.52,9.5045
33294.18,123.63,9.5014
33295.18,100.9,9.5014
33296.18,101.21,9.5014
33297.19,100.81,9.5014
33298.19,100.84,9.5014
33299.19,101.3,9.5014
33300.19,104.55,9.5015
33301.19,101.18,9.5014
33302.19,100.84,9.5015
33303.2,100.91,9.5015
33304.2,101.3,9.5015
33305.2,100.85,9.5015
33306.2,101.24,9.5016
33307.2,100.9,9.5016
33308.2,100.82,9.5016
33309.2,101.2,9.5016
33310.21,100.91,9.5016
33311.21,100.87,9.5016
33312.21,101.51,9.5016
33313.21,100.89,9.5016
33314.21,101.29,9.5016
33315.21,100.79,9.5016
33316.21,100.84,9.5015
33317.22,101.3,9.5015
33318.22,100.65,9.5015
33319.22,100.84,9.5016
33320.22,101.24,9.5016
33321.22,100.84,9.5016
33322.22,100.86,9.5016
33323.23,101.29,9.5017
33324.23,100.88,9.5017
33325.23,101.28,9.5017
33326.23,100.85,9.5017
33327.23,100.83,9.5017
33328.23,101.21,9.5017
33329.23,100.89,9.5017
33330.24,101.24,9.5017
33331.24,100.83,9.5017
33332.24,100.87,9.5017
33333.24,101.3,9.5017
33334.24,100.86,9.5017
33335.24,100.81,9.5017
33336.25,101.19,9.5017
33337.25,100.83,9.5017
33338.25,101.22,9.5017
33339.25,100.9,9.5019
33340.25,100.85,9.5019
33341.25,101.36,9.5019
33342.25,102.51,9.5019
33343.25,100.88,9.5019
33344.26,101.35,9.5019
33345.26,100.84,9.5019
33346.26,100.86,9.5019
33347.26,101.26,9.5019
33348.26,100.93,9.5019
33349.26,101.27,9.5019
33350.26,101.26,9.5019
33351.27,100.81,9.502
33352.27,100.84,9.502
33353.27,101.31,9.502
33354.27,101.22,9.502
33355.27,101.27,9.502
33356.27,100.85,9.5019
33357.27,100.85,9.5019
33358.28,101.27,9.5021
33359.28,100.93,9.5021
33360.28,101.25,9.5021
33361.28,100.82,9.5021
33362.28,100.86,9.5021
33363.28,101.37,9.5021
33364.29,100.87,9.5021
33365.29,100.85,9.5022
33366.29,101.35,9.5021
33367.29,100.81,9.5022
33368.29,100.85,9.5022
33369.29,101.3,9.5022
33370.29,100.8,9.5021
33371.3,101.3,9.5021
33372.3,100.83,9.5022
33373.3,115.92,9.5021
33374.3,101.28,9.5022
33375.3,100.82,9.5022
33376.3,100.81,9.5022
33377.31,101.24,9.5022
33378.31,100.9,9.5022
33379.31,101.3,9.5022
33380.31,100.81,9.5022
33381.31,100.79,9.5022
33382.31,101.23,9.5022
33383.31,100.9,9.5022
33384.32,101.25,9.5022
33385.32,100.81,9.5022
33386.32,100.81,9.5022
33387.32,101.25,9.5022
33388.32,100.84,9.5022
33389.32,101.24,9.5022
33390.33,100.83,9.5022
33391.33,100.78,9.5022
33392.33,101.23,9.5022
33393.33,100.92,9.5024
33394.33,100.91,9.5024
33395.33,214.27,9.5025
33396.33,235.91,9.6435
33397.34,101.21,9.6435
33398.34,100.91,9.6435
33399.34,100.87,9.6435
33400.34,101.25,9.6437
33401.34,100.88,9.6436
33402.34,101.67,9.6436
33403.35,100.98,9.6436
33404.35,100.88,9.6436
33405.35,101.28,9.6436
33406.35,100.87,9.6436
33407.35,101.21,9.6436
33408.35,100.89,9.6436
33409.35,100.86,9.6436
33410.36,101.24,9.6436
33411.36,100.85,9.6436
33412.36,101.27,9.6436
33413.36,100.94,9.6436
33414.36,100.87,9.6436
33415.36,101.54,9.6437
33416.37,100.9,9.6437
33417.37,100.84,9.6437
33418.37,101.59,9.6437
33419.37,100.85,9.6437
33420.37,101.26,9.6437
33421.37,100.79,9.6437
33422.37,100.85,9.6437
33423.38,101.37,9.6436
33424.38,100.85,9.6438
33425.38,100.85,9.6438
33426.38,101.25,9.6438
33427.38,100.84,9.6438
33428.38,101.32,9.6438
33429.39,104.1,9.6438
33430.39,100.82,9.6438
33431.39,101.26,9.6438
33432.39,100.86,9.6438
33433.39,101.36,9.6439
33434.39,100.9,9.6439
33435.4,100.87,9.6439
33436.4,101.35,9.6439
33437.4,100.82,9.6439
33438.4,100.96,9.6439
33439.4,101.26,9.6439
33440.4,100.81,9.6439
33441.4,100.83,9.6439
33442.4,101.27,9.6439
33443.41,100.93,9.6439
33444.41,101.2,9.6439
33445.41,100.83,9.6439
33446.41,100.83,9.6439
33447.41,101.21,9.6439
33448.41,100.86,9.6439
33449.42,106.98,9.6439
33450.42,100.8,9.6439
33451.42,101.02,9.644
33452.42,103.94,9.644
33453.42,109.15,9.644
33454.42,101.39,9.644
33455.42,101.16,9.644
33456.43,100.78,9.644
33457.43,101.23,9.644
33458.43,100.9,9.644
33459.43,100.77,9.644
33460.43,101.16,9.644
33461.43,100.55,9.644
33462.43,100.6,9.644
33463.44,101.33,9.644
33464.44,100.86,9.644
33465.44,101.24,9.644
33466.44,100.83,9.644
33467.44,100.84,9.6442
33468.44,101.36,9.6442
33469.45,100.82,9.6442
33470.45,101.3,9.6442
33471.45,101.24,9.6442
33472.45,100.81,9.6442
33473.45,100.92,9.6443
33474.45,101.02,9.6443
33475.45,100.56,9.6443
33476.46,101.11,9.6443
33477.46,100.85,9.6443
33478.46,100.87,9.6442
33479.46,101.21,9.6443
33480.46,100.8,9.6443
33481.46,100.81,9.6443
33482.46,101.22,9.6443
33483.47,100.95,9.6443
33484.47,100.94,9.6443
33485.47,101.23,9.6443
33486.47,100.86,9.6443
33487.47,102.1,9.6443
33488.47,100.93,9.6443
33489.48,100.88,9.6443
33490.48,101.26,9.6443
33491.48,100.9,9.6443
33492.48,101.24,9.6443
33493.48,100.92,9.6443
33494.48,100.86,9.6443
33495.48,101.23,9.6443
33496.49,100.79,9.6444
33497.49,101.19,9.6444
33498.49,100.84,9.6444
33499.49,100.81,9.6445
33500.49,101.26,9.6445
33501.49,100.82,9.6444
33502.49,100.63,9.6445
33503.5,101.02,9.6445
33504.5,100.52,9.6445
33505.5,104.81,9.6445
33506.5,100.83,9.6445
33507.5,100.85,9.6445
33508.5,101.28,9.6445
33509.51,100.55,9.6445
33510.51,100.52,9.6445
33511.51,100.9,9.6445
33512.51,100.49,9.6445
33513.51,101.02,9.6445
33514.51,100.6,9.6446
33515.52,100.68,9.6446
33516.52,101.23,9.6446
33517.52,100.76,9.6446
33518.52,100.9,9.6446
33519.52,101.26,9.6446
33520.52,100.6,9.6446
33521.52,100.8,9.6446
33522.53,101.22,9.6446
33523.53,104.74,9.6446
33524.53,101.26,9.6446
33525.53,100.85,9.6446
33526.53,100.82,9.6446
33527.53,101.22,9.6446
33528.53,100.85,9.6446
33529.54,101.26,9.6448
33530.54,100.84,9.6448
33531.54,100.83,9.6448
33532.54,101.28,9.6448
33533.54,101.21,9.6448
33534.54,100.82,9.6448
33535.54,101.26,9.6448
33536.55,100.8,9.6448
33537.55,100.88,9.6448
33538.55,101.39,9.6448
33539.55,100.9,9.6448
33540.55,100.84,9.6448
33541.55,101.34,9.6448
33542.55,100.75,9.6448
33543.55,100.88,9.6449
33544.56,100.83,9.6449
33545.56,101.22,9.6449
33546.56,100.83,9.6449
33547.56,101.26,9.6449
33548.56,100.92,9.6449
33549.56,106.17,9.6449
33550.57,101.65,9.6449
33551.57,100.86,9.6449
33552.57,101.34,9.6449
33553.57,100.94,9.6449
33554.57,101.28,9.645
33555.57,100.85,9.6449
33556.57,100.88,9.645
33557.58,101.27,9.645
33558.58,108.4,9.6452
33559.58,100.85,9.645
33560.58,101.18,9.645
33561.58,100.82,9.645
33562.58,100.86,9.6452
33563.58,101.5,9.6452
33564.59,100.81,9.6452
33565.59,100.82,9.6451
33566.59,101.34,9.6451
33567.59,100.85,9.6451
33568.59,100.89,9.6451
33569.59,101.33,9.6451
33570.59,100.82,9.6451
33571.6,100.8,9.6451
33572.6,101.4,9.6451
33573.6,101.14,9.6453
33574.6,100.87,9.6453
33575.6,101.26,9.6453
33576.6,101.57,9.6452
33577.6,101.25,9.6452
33578.61,120.33,9.6453
33579.61,159.97,9.6453
33580.61,101.24,9.6453
33581.61,100.9,9.6453
33582.61,101.25,9.6453
33583.61,100.94,9.6453
33584.62,101.05,9.6453
33585.62,101.21,9.6453
33586.62,100.76,9.6453
33587.62,101.28,9.6452
33588.62,100.83,9.6452
33589.62,100.86,9.6451
33590.62,101.24,9.6452
33591.63,100.86,9.6452
33592.63,101.27,9.6452
33593.63,100.94,9.6453
33594.63,100.85,9.6453
33595.63,101.23,9.6453
33596.63,100.83,9.6453
33597.64,101.05,9.6455
33598.64,100.57,9.6455
33599.64,100.81,9.6455
33600.64,101.24,9.6455
33601.64,100.84,9.6455
33602.64,101.25,9.6455
33603.65,100.88,9.6455
33604.65,102.56,9.6455
33605.65,100.93,9.6455
33606.65,100.58,9.6455
33607.65,101.53,9.6455
33608.65,103.35,9.6456
33609.66,100.83,9.6456
33610.66,101.22,9.6456
33611.66,100.77,9.6456
33612.66,101.09,9.6456
33613.66,100.94,9.6455
33614.66,100.88,9.6455
33615.66,101.22,9.6455
33616.67,101.15,9.6455
33617.67,101.24,9.6455
33618.67,100.89,9.6456
33619.67,101.58,9.6455
33620.67,113.4,9.6455
33621.67,100.76,9.6455
33622.68,101.06,9.6455
33623.68,100.93,9.6456
33624.68,100.84,9.6456
33625.68,101.27,9.6456
33626.68,100.86,9.6456
33627.68,101.2,9.6456
33628.69,100.89,9.6456
33629.69,100.87,9.6456
33630.69,101.23,9.6456
33631.69,100.83,9.6457
33632.69,101.24,9.6457
33633.69,100.97,9.6457
33634.7,100.83,9.6457
33635.7,101.27,9.6457
33636.7,100.81,9.6457
33637.7,102.5,9.6458
33638.7,100.89,9.6457
33639.7,100.86,9.6458
33640.7,101.25,9.6458
33641.71,100.86,9.6458
33642.71,101.26,9.6458
33643.71,100.96,9.6459
33644.71,100.86,9.6459
33645.71,101.32,9.6459
33646.71,100.87,9.6459
33647.72,100.88,9.6459
33648.72,101.39,9.6459
33649.72,100.89,9.6459
33650.72,100.88,9.6459
33651.72,101.13,9.6459
33652.72,100.88,9.6459
33653.72,101.36,9.6459
33654.72,100.94,9.6459
33655.73,100.83,9.6459
33656.73,100.72,9.6459
33657.73,101.23,9.6461
33658.73,100.9,9.6461
33659.73,100.98,9.6461
33660.73,100.57,9.6461
33661.74,100.77,9.6461
33662.74,101.26,9.6461
33663.74,100.95,9.6461
33664.74,101.24,9.6461
33665.74,100.84,9.6461
33666.74,100.8,9.6461
33667.75,101.25,9.6461
33668.75,100.9,9.6461
33669.75,101.23,9.6461
33670.75,100.84,9.6461
33671.75,101.29,9.6461
33672.75,100.86,9.6461
33673.75,100.96,9.6462
33674.76,101.26,9.6462
33675.76,100.86,9.6462
33676.76,101.19,9.6462
33677.76,100.83,9.6462
33678.76,100.85,9.6462
33679.76,101.15,9.6462
33680.77,100.75,9.6462
33681.77,100.83,9.6462
33682.77,101.26,9.6462
33683.77,101.28,9.6462
33684.77,101.29,9.6462
33685.77,100.84,9.6462
33686.78,100.87,9.6462
33687.78,101.26,9.6462
33688.78,100.92,9.6463
33689.78,101.26,9.6463
33690.78,100.9,9.6463
33691.78,100.84,9.6463
33692.78,101.22,9.6462
33693.79,101.03,9.6462
33694.79,100.85,9.6462
33695.79,101.22,9.6462
33696.79,100.83,9.6462
33697.79,100.84,9.6462
33698.79,101.28,9.6462
33699.79,100.69,9.6464
33700.8,101.23,9.6464
33701.8,100.85,9.6464
33702.8,100.83,9.6464
33703.8,101.34,9.6464
33704.8,100.85,9.6465
33705.8,101.25,9.6464
33706.81,100.83,9.6464
33707.81,100.84,9.6464
33708.81,101.31,9.6465
33709.81,100.86,9.6465
33710.81,101.24,9.6465
33711.81,100.85,9.6465
33712.82,111.88,9.6465
33713.82,101.37,9.6465
33714.82,100.87,9.6465
33715.82,101.24,9.6465
33716.82,100.86,9.6466
33717.82,100.89,9.6466
33718.82,101.37,9.6465
33719.83,100.82,9.6465
33720.83,100.85,9.6465
33721.83,101.34,9.6466
33722.83,100.91,9.6466
33723.83,100.87,9.6466
33724.83,101.25,9.6466
33725.83,100.86,9.6466
33726.84,100.83,9.6465
33727.84,101.23,9.6466
33728.84,100.91,9.6466
33729.84,101.27,9.6466
33730.84,100.82,9.6466
33731.84,101.26,9.6466
33732.84,101.25,9.6466
33733.85,100.79,9.6466
33734.85,101.26,9.6466
33735.85,100.82,9.6466
33736.85,100.73,9.6466
33737.85,101.04,9.6466
33738.85,100.56,9.6466
33739.86,101.25,9.6466
33740.86,100.86,9.6466
33741.86,100.78,9.6468
33742.86,101.31,9.6468
33743.86,100.91,9.6468
33744.86,100.8,9.6468
33745.86,100.98,9.6469
33746.87,101.07,9.6469
33747.87,100.84,9.6469
33748.87,101.3,9.6469
33749.87,100.79,9.6469
33750.87,100.76,9.6469
33751.87,101.09,9.6468
33752.87,100.85,9.6468
33753.87,100.85,9.6468
33754.88,101.28,9.6468
33755.88,100.87,9.6469
33756.88,100.8,9.6469
33757.88,101.23,9.6469
33758.88,100.86,9.6469
33759.88,100.85,9.6469
33760.89,101.27,9.647
33761.89,100.85,9.647
33762.89,101.01,9.647
33763.89,100.71,9.647
33764.89,100.58,9.647
33765.89,101.18,9.647
33766.89,100.79,9.647
33767.9,101.21,9.6469
33768.9,100.88,9.647
33769.9,100.83,9.647
33770.9,101.22,9.647
33771.9,100.85,9.647
33772.9,101.27,9.647
33773.91,100.79,9.647
33774.91,100.81,9.647
33775.91,101.25,9.647
33776.91,100.72,9.647
33777.91,100.71,9.647
33778.91,101.32,9.647
33779.91,100.75,9.647
33780.91,100.64,9.647
33781.92,102.1,9.647
33782.92,100.74,9.647
33783.92,100.86,9.647
33784.92,101.29,9.647
33785.92,100.86,9.647
33786.92,101.26,9.647
33787.93,100.86,9.647
33788.93,100.91,9.6472
33789.93,101.28,9.6472
33790.93,100.81,9.6472
33791.93,100.91,9.6472
33792.93,100.54,9.6472
33793.93,100.52,9.6472
33794.94,100.94,9.6472
33795.94,109.91,9.6472
33796.94,341.55,9.7521
33797.94,101.2,9.7521
33798.94,100.64,9.7521
33799.94,100.92,9.7521
33800.95,100.83,9.752
33801.95,100.81,9.752
33802.95,104.35,9.752
33803.95,100.91,9.752
33804.95,101.27,9.752
33805.95,100.74,9.752
33806.95,100.73,9.752
33807.96,101.29,9.752
33808.96,100.79,9.7519
33809.96,104.8,9.7519
33810.96,101.8,9.7521
33811.96,100.66,9.7521
33812.96,101.3,9.7521
33813.97,100.8,9.7522
33814.97,100.85,9.7522
33815.97,101.27,9.7522
33816.97,100.8,9.7522
33817.97,100.74,9.7521
33818.97,101.25,9.7521
33819.97,100.84,9.7522
33820.98,118.04,9.7522
33821.98,100.69,9.7522
33822.98,101.0,9.7523
33823.98,101.14,9.7523
33824.98,100.85,9.7523
33825.98,100.78,9.7522
33826.99,101.43,9.7522
33827.99,100.82,9.7522
33828.99,101.2,9.7523
33829.99,103.43,9.7523
33830.99,100.52,9.7523
33831.99,101.14,9.7523
33832.99,100.54,9.7523
33834.0,101.57,9.7523
33835.0,103.49,9.7523
33836.0,100.81,9.7523
33837.0,101.16,9.7523
33838.0,100.81,9.7523
33839.0,101.22,9.7523
33840.01,100.79,9.7523
33841.01,100.83,9.7523
33842.01,101.2,9.7523
33843.01,100.8,9.7524
33844.01,101.17,9.7524
33845.01,100.77,9.7524
33846.01,100.49,9.7524
33847.02,100.9,9.7524
33848.02,100.59,9.7524
33849.02,100.86,9.7524
33850.02,101.21,9.7524
33851.02,100.74,9.7524
33852.02,101.11,9.7524
33853.03,100.69,9.7524
33854.03,100.65,9.7524
33855.03,101.11,9.7524
33856.03,100.71,9.7524
33857.03,101.18,9.7524
33858.03,100.83,9.7524
33859.04,101.5,9.7525
33860.04,101.05,9.7526
33861.04,100.75,9.7526
33862.04,100.98,9.7526
33863.04,100.97,9.7526
33864.04,100.87,9.7526
33865.04,106.83,9.7526
33866.05,103.27,9.7526
33867.05,100.73,9.7526
33868.05,116.57,9.7525
33869.05,100.46,9.7525
33870.05,100.39,9.7527
33871.05,100.79,9.7527
33872.05,100.83,9.7527
33873.06,101.31,9.7527
33874.06,125.0,9.7527
33875.06,101.0,9.7527
33876.06,101.2,9.7526
33877.06,100.83,9.7528
33878.06,101.17,9.7528
33879.07,101.21,9.7528
33880.07,101.27,9.7528
33881.07,100.9,9.7527
33882.07,100.8,9.7528
33883.07,102.64,9.7528
33884.07,100.9,9.7528
33885.08,101.43,9.7528
33886.08,100.83,9.7528
33887.08,100.78,9.7527
33888.08,101.27,9.7527
33889.08,129.33,9.7546
33890.08,111.91,9.7575
33891.09,104.02,9.7575
33892.09,100.57,9.7574
33893.09,112.2,9.7575
33894.09,100.92,9.7574
33895.09,100.64,9.7574
33896.09,100.9,9.7574
33897.09,100.51,9.7574
33898.1,100.76,9.7574
33899.1,100.57,9.7575
33900.1,100.53,9.7575
33901.1,101.02,9.7575
33902.1,100.85,9.7575
33903.1,100.99,9.7577
33904.11,100.54,9.7577
33905.11,100.7,9.7577
33906.11,101.81,9.7577
33907.11,100.69,9.7577
33908.11,100.8,9.7577
33909.11,101.29,9.7577
33910.11,101.7,9.7577
33911.12,101.3,9.7577
33912.12,100.86,9.7577
33913.12,100.88,9.7577
33914.12,101.29,9.7577
33915.12,104.23,9.7577
33916.12,102.11,9.7577
33917.13,100.82,9.7577
33918.13,268.26,2.6594
33919.13,328.41,2.9459
33920.13,285.61,3.2981
33921.13,152.11,3.6781
33922.13,132.11,4.124
33923.13,164.03,4.5758
33924.14,245.71,4.9193
33925.14,348.09,5.0903
33926.14,330.72,5.3223
33927.14,319.53,5.5526
33928.14,308.36,5.8088
33929.14,310.67,6.044
33930.14,300.37,6.2425
33931.14,307.69,6.522
33932.15,301.66,6.8198
33933.15,305.55,7.0896
33934.15,309.4,7.3416
33935.15,349.26,8.0385
33936.15,290.9,8.2888
33937.15,289.56,8.2897
33938.15,149.98,8.2815
33939.15,272.66,8.2829
33940.16,161.14,8.2835
33941.16,166.48,8.2839
33942.16,206.92,8.2839
33943.16,133.26,8.2839
33944.16,141.65,8.2838
33945.16,146.16,8.2838
33946.16,121.35,8.2839
33947.17,110.66,8.2839
33948.17,182.85,8.2839
33949.17,149.17,8.2839
33950.17,136.89,8.2839
33951.17,102.71,8.2839
33952.17,133.56,8.2839
33953.18,101.02,8.2839
33954.18,101.28,8.2839
33955.18,103.11,8.284
33956.18,106.35,8.284
33957.18,112.02,8.284
33958.18,119.64,8.2838
33959.19,101.27,8.2838
33960.19,112.59,8.284
33961.19,106.56,8.3068
33962.19,101.01,8.3841
33963.19,101.3,8.3841
33964.19,112.9,8.3843
33965.19,109.26,8.3843
33966.19,120.75,8.3843
33967.2,102.19,8.3843
33968.2,101.26,8.3843
33969.2,103.6,8.3842
33970.2,106.74,8.3843
33971.2,111.62,8.3843
33972.2,131.49,8.3843
33973.2,105.87,8.3844
33974.21,219.38,9.0134
33975.21,142.37,9.2002
33976.21,101.15,9.2001
33977.21,100.92,9.2001
33978.21,101.94,9.1999
33979.21,111.16,9.1999
33980.21,104.86,9.1999
33981.22,102.21,9.2001
33982.22,100.8,9.1999
33983.22,101.19,9.1999
33984.22,102.23,9.1999
33985.22,101.15,9.1999
33986.22,101.22,9.2001
33987.23,120.37,9.2
33988.23,101.17,9.2001
33989.23,110.93,9.2001
33990.23,103.51,9.2001
33991.23,101.25,9.2002
33992.23,110.63,9.2002
33993.23,100.54,9.2002
33994.24,115.06,9.2002
33995.24,101.52,9.2002
33996.24,100.87,9.2002
33997.24,101.25,9.2002
33998.24,100.67,9.2002
33999.24,100.69,9.2002
34000.24,101.38,9.2002
34001.25,100.61,9.2002
34002.25,100.97,9.2003
34003.25,100.64,9.2004
34004.25,104.1,9.2003
34005.25,103.55,9.2003
34006.25,100.93,9.2003
34007.25,103.63,9.2003
34008.26,101.3,9.2004
34009.26,100.94,9.2003
34010.26,101.31,9.2004
34011.26,100.87,9.2004
34012.26,100.92,9.2004
34013.26,101.04,9.2004
34014.27,101.13,9.2004
34015.27,100.57,9.2003
34016.27,136.57,9.2003
34017.27,100.59,9.2002
34018.27,101.85,9.2002
34019.27,101.45,9.2003
34020.27,101.11,9.2003
34021.28,101.4,9.2003
34022.28,101.63,9.2004
34023.28,101.48,9.2004
34024.28,101.62,9.2004
34025.28,108.46,9.2004
34026.28,101.87,9.2004
34027.29,101.87,9.2004
34028.29,101.73,9.2004
34029.29,101.34,9.2004
34030.29,112.74,9.2004
34031.29,101.66,9.2004
34032.29,100.82,9.2003
34033.29,101.01,9.2005
34034.3,101.01,9.2005
34035.3,104.58,9.2005
34036.3,105.26,9.2005
34037.3,100.97,9.2005
34038.3,101.02,9.2006
34039.3,100.87,9.2007
34040.3,101.27,9.2007
34041.31,102.03,9.2007
34042.31,101.32,9.2007
34043.31,100.82,9.2007
34044.31,100.89,9.2007
34045.31,101.24,9.2007
34046.31,152.02,9.2029
34047.32,100.81,9.2029
34048.32,101.55,9.2029
34049.32,100.8,9.2028
34050.32,101.22,9.2029
34051.32,101.34,9.2029
34052.32,100.58,9.203
34053.33,101.61,9.203
34054.33,101.54,9.203
34055.33,101.64,9.203
34056.33,101.42,9.203
34057.33,101.12,9.203
34058.33,115.3,9.203
34059.33,100.85,9.203
34060.34,100.83,9.203
34061.34,101.35,9.203
34062.34,101.1,9.203
34063.34,100.96,9.203
34064.34,101.58,9.2029
34065.34,100.87,9.2029
34066.34,101.65,9.2029
34067.35,100.53,9.2031
34068.35,100.66,9.2032
34069.35,117.21,9.203
34070.35,100.82,9.2031
34071.35,101.22,9.203
34072.35,101.18,9.203
34073.35,101.43,9.203
34074.36,102.44,9.203
34075.36,103.75,9.2029
34076.36,101.04,9.2031
34077.36,278.7,9.313
34078.36,101.28,9.313
34079.37,100.71,9.313
34080.37,100.78,9.3129
34081.37,101.18,9.313
34082.37,101.0,9.313
34083.37,101.45,9.3133
34084.37,103.51,9.3132
34085.37,100.51,9.3133
34086.38,100.95,9.3132
34087.38,100.54,9.3132
34088.38,101.04,9.3132
34089.38,100.82,9.3132
34090.38,100.78,9.3133
34091.38,100.92,9.3133
34092.39,100.55,9.3131
34093.39,100.88,9.3133
34094.39,101.19,9.3133
34095.39,100.75,9.3133
34096.39,101.1,9.3133
34097.39,101.51,9.3133
34098.4,101.26,9.3133
34099.4,101.25,9.3133
34100.4,100.82,9.3133
34101.4,101.23,9.3133
34102.4,100.79,9.3132
34103.4,100.92,9.3132
34104.4,101.19,9.3132
34105.41,100.86,9.3132
34106.41,101.21,9.3133
34107.41,100.77,9.3133
34108.41,100.87,9.3133
34109.41,101.19,9.3133
34110.41,100.81,9.3133
34111.42,101.23,9.3133
34112.42,100.84,9.3133
34113.42,100.97,9.3134
34114.42,101.26,9.3134
34115.42,100.84,9.3134
34116.42,101.28,9.3133
34117.43,100.81,9.3134
34118.43,100.92,9.3134
34119.43,101.29,9.3133
34120.43,100.82,9.3133
34121.43,101.18,9.3134
34122.43,100.81,9.3135
34123.44,100.95,9.3135
34124.44,101.27,9.3135
34125.44,100.91,9.3135
34126.44,101.25,9.3135
34127.44,139.98,9.3135
34128.44,100.89,9.3136
34129.44,101.25,9.3136
34130.45,100.85,9.3136
34131.45,101.33,9.3136
34132.45,100.84,9.3136
34133.45,100.95,9.3136
34134.45,101.26,9.3136
34135.45,100.85,9.3136
34136.46,101.27,9.3136
34137.46,100.81,9.3136
34138.46,100.9,9.3136
34139.46,101.34,9.3136
34140.46,100.85,9.3136
34141.46,100.85,9.3136
34142.46,101.33,9.3136
34143.47,100.94,9.3136
34144.47,100.81,9.3136
34145.47,101.25,9.3136
34146.47,100.86,9.3136
34147.47,101.26,9.3136
34148.47,100.89,9.3136
34149.47,100.88,9.3136
34150.48,101.24,9.3136
34151.48,100.9,9.3136
34152.48,101.23,9.3135
34153.48,100.93,9.3137
34154.48,102.04,9.3137
34155.48,101.21,9.3138
34156.49,100.83,9.3138
34157.49,100.83,9.3139
34158.49,101.27,9.3139
34159.49,100.91,9.3139
34160.49,102.18,9.3139
34161.49,101.21,9.3138
34162.49,101.16,9.3137
34163.5,101.34,9.3138
34164.5,100.85,9.3138
34165.5,100.84,9.3138
34166.5,101.17,9.3138
34167.5,100.75,9.3138
34168.5,101.45,9.3139
34169.51,100.94,9.3138
34170.51,100.82,9.3139
34171.51,101.23,9.3139
34172.51,100.84,9.3139
34173.51,101.31,9.314
34174.51,100.85,9.3142
34175.52,100.85,9.3141
34176.52,101.29,9.3141
34177.52,101.16,9.3141
34178.52,100.62,9.3142
34179.52,101.7,9.3141
34180.52,100.73,9.3141
34181.52,100.88,9.3141
34182.52,101.28,9.3141
34183.53,100.75,9.3141
34184.53,100.86,9.314
34185.53,101.76,9.314
34186.53,100.83,9.3141
34187.53,101.25,9.3141
34188.53,102.24,9.3141
34189.53,100.85,9.3141
34190.54,100.83,9.3141
34191.54,101.24,9.3141
34192.54,100.84,9.3141
34193.54,101.34,9.314
34194.54,100.77,9.314
34195.54,100.79,9.314
34196.55,102.42,9.314
34197.55,100.84,9.314
34198.55,101.29,9.3141
34199.55,100.87,9.3142
34200.55,100.75,9.3142
34201.55,100.97,9.3142
34202.55,100.53,9.3142
34203.56,106.16,9.3143
34204.56,100.76,9.3143
34205.56,100.87,9.3143
34206.56,101.34,9.3143
34207.56,100.85,9.3143
34208.56,100.9,9.3143
34209.56,101.25,9.3143
34210.57,104.45,9.3143
34211.57,101.43,9.3143
34212.57,101.43,9.3143
34213.57,100.72,9.3144
34214.57,101.27,9.3143
34215.57,103.94,9.3144
34216.58,100.97,9.3144
34217.58,100.78,9.3144
34218.58,100.87,9.3144
34219.58,108.63,9.3143
34220.58,100.84,9.3143
34221.58,100.86,9.3144
34222.59,101.62,9.3144
34223.59,101.3,9.3144
34224.59,100.84,9.3144
34225.59,101.27,9.3143
34226.59,100.88,9.3145
34227.59,101.27,9.3144
34228.59,100.78,9.3145
34229.6,100.73,9.3144
34230.6,102.04,9.3144
34231.6,100.88,9.3144
34232.6,101.2,9.3144
34233.6,100.87,9.3145
34234.6,100.81,9.3145
34235.6,101.1,9.3145
34236.61,100.63,9.3144
34237.61,100.72,9.3145
34238.61,101.27,9.3145
34239.61,100.83,9.3145
34240.61,101.17,9.3143
34241.61,100.53,9.3145
34242.62,100.83,9.3146
34243.62,101.35,9.3146
34244.62,100.87,9.3145
34245.62,102.46,9.3146
34246.62,100.67,9.3146
34247.62,100.6,9.3146
34248.63,101.28,9.3147
34249.63,100.86,9.3147
34250.63,101.24,9.3147
34251.63,100.83,9.3147
34252.63,114.42,9.3147
34253.63,101.22,9.3146
34254.63,100.81,9.3148
34255.64,101.26,9.3147
34256.64,100.77,9.3147
34257.64,100.77,9.3147
34258.64,101.23,9.3148
34259.64,100.77,9.3147
34260.64,100.76,9.3148
34261.65,317.96,9.5084
34262.65,100.8,9.5084
34263.65,100.98,9.5084
34264.65,100.53,9.5084
34265.65,100.63,9.5083
34266.65,100.9,9.5083
34267.65,100.52,9.5084
34268.66,100.91,9.5084
34269.66,100.55,9.5085
34270.66,100.52,9.5085
34271.66,100.99,9.5085
34272.66,100.5,9.5085
34273.66,100.83,9.5085
34274.66,101.15,9.5085
34275.67,100.5,9.5085
34276.67,100.93,9.5085
34277.67,100.51,9.5085
34278.67,100.57,9.5085
34279.67,101.01,9.5087
34280.67,100.61,9.5087
34281.68,100.96,9.5087
34282.68,100.79,9.5087
34283.68,100.92,9.5087
34284.68,101.25,9.5087
34285.68,100.7,9.5087
34286.68,100.51,9.5087
34287.68,101.05,9.5087
34288.69,101.05,9.5087
34289.69,100.59,9.5088
34290.69,100.98,9.5088
34291.69,101.12,9.5088
34292.69,100.94,9.5088
34293.69,100.89,9.5088
34294.7,108.23,9.5088
34295.7,101.23,9.5088
34296.7,100.81,9.5088
34297.7,100.59,9.5088
34298.7,101.31,9.5087
34299.7,100.61,9.5087
34300.7,100.64,9.5088
34301.7,101.18,9.5089
34302.71,100.77,9.5089
34303.71,100.77,9.5089
34304.71,100.95,9.5089
34305.71,100.6,9.5089
34306.71,100.51,9.5089
34307.71,101.04,9.5089
34308.71,100.61,9.5089
34309.72,101.23,9.5089
34310.72,100.54,9.5089
34311.72,100.55,9.5089
34312.72,100.95,9.5089
34313.72,100.87,9.5089
34314.72,101.99,9.5089
34315.73,100.55,9.5089
34316.73,100.55,9.5089
34317.73,102.02,9.5089
34318.73,100.75,9.509
34319.73,100.93,9.5089
34320.73,100.53,9.509
34321.73,100.55,9.509
34322.74,100.91,9.509
34323.74,100.67,9.509
34324.74,100.83,9.509
34325.74,101.59,9.509
34326.74,100.78,9.5089
34327.74,101.11,9.509
34328.75,100.85,9.5091
34329.75,100.51,9.5091
34330.75,101.01,9.5091
34331.75,100.76,9.5091
34332.75,101.15,9.5091
34333.75,100.95,9.5091
34334.75,100.68,9.509
34335.76,100.95,9.509
34336.76,100.67,9.509
34337.76,100.83,9.509
34338.76,101.29,9.509
34339.76,100.83,9.509
34340.76,101.16,9.509
34341.77,100.8,9.509
34342.77,100.8,9.509
34343.77,101.32,9.5091
34344.77,100.76,9.5091
34345.77,100.82,9.5091
34346.77,101.25,9.5091
34347.77,101.0,9.5091
34348.78,101.26,9.5091
34349.78,100.73,9.5091
34350.78,100.81,9.5093
34351.78,101.19,9.5093
34352.78,101.96,9.5093
34353.78,101.35,9.5093
34354.79,100.76,9.5093
34355.79,101.82,9.5092
34356.79,101.31,9.5092
34357.79,100.83,9.5092
34358.79,100.93,9.5092
34359.79,101.35,9.5093
34360.79,100.85,9.5093
34361.8,100.9,9.5093
34362.8,101.22,9.5093
34363.8,100.94,9.5093
34364.8,101.24,9.5092
34365.8,101.34,9.5094
34366.8,100.86,9.5094
34367.8,104.2,9.5094
34368.81,100.9,9.5094
34369.81,100.88,9.5094
34370.81,101.27,9.5094
34371.81,100.86,9.5094
34372.81,100.87,9.5095
34373.81,101.31,9.5095
34374.81,100.88,9.5095
34375.82,101.67,9.5095
34376.82,100.84,9.5095
34377.82,101.07,9.5095
34378.82,102.44,9.5095
34379.82,100.79,9.5095
34380.82,100.84,9.5095
34381.82,101.24,9.5095
34382.83,100.89,9.5095
34383.83,101.28,9.5096
34384.83,100.82,9.5096
34385.83,100.83,9.5095
34386.83,101.3,9.5095
34387.83,100.86,9.5096
34388.83,100.9,9.5096
34389.84,101.35,9.5096
34390.84,100.86,9.5096
34391.84,100.87,9.5096
34392.84,101.39,9.5096
34393.84,100.91,9.5096
34394.84,100.85,9.5096
34395.84,101.26,9.5096
34396.85,100.85,9.5096
34397.85,101.28,9.5096
34398.85,107.16,9.5096
34399.85,100.81,9.5096
34400.85,101.24,9.5096
34401.85,100.86,9.5096
34402.86,100.88,9.5096
34403.86,101.3,9.5097
34404.86,100.84,9.5097
34405.86,101.24,9.5097
34406.86,100.77,9.5097
34407.86,100.7,9.5097
34408.86,101.2,9.5097
34409.87,100.81,9.5097
34410.87,101.27,9.5098
34411.87,100.8,9.5098
34412.87,100.85,9.5098
34413.87,101.36,9.5098
34414.87,100.8,9.5098
34415.87,100.83,9.5098
34416.88,101.32,9.5098
34417.88,100.82,9.5098
34418.88,100.89,9.5098
34419.88,101.36,9.5098
34420.88,100.87,9.5098
34421.88,100.81,9.5098
34422.88,101.39,9.5098
34423.89,100.85,9.51
34424.89,100.82,9.51
34425.89,101.18,9.51
34426.89,101.1,9.5099
34427.89,101.25,9.5099
34428.89,101.71,9.51
34429.9,100.88,9.51
34430.9,101.35,9.51
34431.9,100.96,9.51
34432.9,121.0,9.51
34433.9,101.31,9.51
34434.9,100.9,9.51
34435.91,100.86,9.51
34436.91,101.01,9.51
34437.91,100.55,9.51
34438.91,101.07,9.51
34439.91,100.54,9.51
34440.92,100.93,9.51
34441.92,100.52,9.51
34442.92,100.6,9.51
34443.92,100.95,9.51
34444.92,100.62,9.51
34445.92,100.89,9.51
34446.93,105.68,9.51
34447.93,100.81,9.51
34448.93,101.25,9.5101
34449.93,100.86,9.5101
34450.93,100.87,9.5101
34451.93,101.36,9.5101
34452.93,119.01,9.5101
34453.93,101.03,9.5101
34454.94,101.26,9.5101
34455.94,100.86,9.5101
34456.94,101.26,9.5101
34457.94,100.84,9.5101
34458.94,100.78,9.5101
34459.94,100.96,9.5101
34460.95,100.62,9.5101
34461.95,100.84,9.5101
34462.95,101.28,9.5101
34463.95,104.7,9.5101
34464.95,100.53,9.5101
34465.95,101.02,9.5101
34466.95,100.79,9.5101
34467.95,100.86,9.5101
34468.96,123.42,9.5102
34469.96,111.57,9.5102
34470.96,100.82,9.5102
34471.96,101.25,9.5102
34472.96,100.92,9.5102
34473.96,101.33,9.5102
34474.97,100.82,9.5102
34475.97,104.64,9.5102
34476.97,101.23,9.5102
34477.97,100.86,9.5102
34478.97,100.89,9.5102
34479.97,101.21,9.5102
34480.97,100.88,9.5102
34481.98,101.05,9.5103
34482.98,100.69,9.5104
34483.98,100.5,9.5104
34484.98,100.89,9.5103
34485.98,100.73,9.5103
34486.98,101.7,9.5104
34487.99,100.88,9.5104
34488.99,100.88,9.5105
34489.99,101.31,9.5105
34490.99,100.87,9.5105
34491.99,100.85,9.5105
34492.99,101.36,9.5105
34493.99,100.89,9.5105
34494.99,100.84,9.5105
34496.0,101.24,9.5105
34497.0,100.82,9.5105
34498.0,100.85,9.5105
34499.0,101.28,9.5106
34500.0,100.86,9.5106
34501.0,101.26,9.5105
34502.01,100.85,9.5105
34503.01,100.9,9.5105
34504.01,101.27,9.5107
34505.01,100.86,9.5107
34506.01,100.86,9.5107
34507.01,101.26,9.5107
34508.01,100.86,9.5107
34509.02,101.27,9.5107
34510.02,100.95,9.5107
34511.02,100.9,9.5107
34512.02,101.3,9.5107
34513.02,100.93,9.5107
34514.02,100.94,9.5107
34515.02,103.09,9.5107
34516.03,100.83,9.5107
34517.03,100.83,9.5107
34518.03,101.25,9.5107
34519.03,100.92,9.5106
34520.03,101.35,9.5108
34521.03,100.88,9.5108
34522.03,100.9,9.5108
34523.04,101.31,9.5108
34524.04,100.81,9.5108
34525.04,100.82,9.5108
34526.04,101.49,9.5108
34527.04,100.85,9.5108
34528.04,101.06,9.5108
34529.05,100.73,9.5107
34530.05,100.86,9.5107
34531.05,101.38,9.5108
34532.05,100.82,9.5108
34533.05,100.84,9.5107
34534.05,101.3,9.5108
34535.05,100.88,9.5108
34536.06,100.87,9.5108
34537.06,101.07,9.5108
34538.06,100.88,9.5108
34539.06,101.31,9.5108
34540.06,100.87,9.5108
34541.06,100.91,9.5108
34542.06,101.23,9.5108
34543.07,100.9,9.5108
34544.07,119.81,9.5107
34545.07,100.86,9.5107
34546.07,100.87,9.5107
34547.07,101.33,9.5107
34548.07,100.86,9.5107
34549.07,100.91,9.5107
34550.08,101.32,9.5107
34551.08,100.85,9.5107
34552.08,100.82,9.5107
34553.08,101.37,9.5107
34554.08,100.78,9.5107
34555.08,100.85,9.5107
34556.08,101.2,9.5107
34557.09,100.82,9.5107
34558.09,100.8,9.5107
34559.09,101.28,9.5106
34560.09,100.79,9.5108
34561.09,101.16,9.5108
34562.09,228.54,9.5106
34563.09,204.23,9.6285
34564.1,100.97,9.6285
34565.1,100.7,9.6284
34566.1,100.84,9.6284
34567.1,101.23,9.6285
34568.1,100.85,9.6285
34569.1,101.33,9.6284
34570.11,100.87,9.6285
34571.11,100.88,9.6285
34572.11,101.76,9.6285
34573.11,100.91,9.6285
34574.11,100.89,9.6285
34575.11,101.18,9.6285
34576.11,100.84,9.6285
34577.11,100.85,9.6285
34578.12,101.47,9.6285
34579.12,100.91,9.6285
34580.12,100.86,9.6285
34581.12,101.31,9.6287
34582.12,100.84,9.6287
34583.12,100.86,9.6287
34584.12,101.55,9.6287
34585.13,100.84,9.6287
34586.13,101.08,9.6287
34587.13,101.24,9.6287
34588.13,100.84,9.6287
34589.13,101.27,9.6287
34590.13,100.77,9.6286
34591.14,100.85,9.6286
34592.14,101.23,9.6286
34593.14,100.9,9.6286
34594.14,101.32,9.6286
34595.14,100.84,9.6286
34596.14,100.81,9.6286
34597.14,104.06,9.6286
34598.15,100.54,9.6286
34599.15,100.61,9.6286
34600.15,100.92,9.6286
34601.15,100.68,9.6286
34602.15,101.24,9.6286
34603.15,100.93,9.6284
34604.16,100.92,9.6287
34605.16,101.25,9.6287
34606.16,100.86,9.6287
34607.16,101.26,9.6286
34608.16,100.84,9.6286
34609.16,100.85,9.6286
34610.16,101.33,9.6286
34611.17,100.85,9.6286
34612.17,100.85,9.6286
34613.17,101.37,9.6286
34614.17,100.9,9.6286
34615.17,106.86,9.6286
34616.17,101.26,9.6286
34617.17,101.19,9.6286
34618.17,106.84,9.6287
34619.18,107.55,9.6287
34620.18,100.79,9.6286
34621.18,100.81,9.6286
34622.18,101.29,9.6288
34623.18,100.91,9.6288
34624.18,100.9,9.6288
34625.18,101.23,9.6288
34626.19,100.84,9.6288
34627.19,100.85,9.6288
34628.19,101.25,9.6288
34629.19,100.89,9.6288
34630.19,101.22,9.6287
34631.19,100.65,9.6288
34632.2,100.61,9.6288
34633.2,101.16,9.6288
34634.2,100.92,9.6288
34635.2,101.71,9.6288
34636.2,100.82,9.6287
34637.2,100.84,9.6287
34638.2,101.24,9.6288
34639.21,100.88,9.6286
34640.21,101.2,9.6287
34641.21,100.76,9.6287
34642.21,100.53,9.6287
34643.21,101.0,9.6287
34644.21,100.89,9.6289
34645.22,101.22,9.6289
34646.22,100.79,9.6289
34647.22,100.8,9.6289
34648.22,101.33,9.6288
34649.22,100.89,9.6289
34650.22,100.82,9.6289
34651.22,101.18,9.6288
34652.23,100.73,9.6288
34653.23,101.08,9.6289
34654.23,100.69,9.6288
34655.23,100.71,9.6288
34656.23,101.21,9.6288
34657.23,100.82,9.6287
34658.24,100.72,9.6288
34659.24,101.05,9.6288
34660.24,100.56,9.6288
34661.24,100.69,9.6288
34662.24,101.2,9.6288
34663.24,100.86,9.6288
34664.24,101.33,9.6288
34665.25,100.85,9.6288
34666.25,100.84,9.6288
34667.25,101.24,9.6289
34668.25,105.07,9.6289
34669.25,100.92,9.6289
34670.25,101.25,9.6289
34671.25,100.86,9.6289
34672.26,101.27,9.6289
34673.26,100.91,9.6289
34674.26,100.93,9.6289
34675.26,101.25,9.6289
34676.26,100.87,9.6289
34677.26,100.91,9.629
34678.26,101.26,9.629
34679.27,100.92,9.629
34680.27,101.25,9.6289
34681.27,100.84,9.6289
34682.27,100.87,9.6289
34683.27,101.33,9.6289
34684.27,104.07,9.629
34685.28,100.85,9.629
34686.28,101.26,9.629
34687.28,100.91,9.629
34688.28,101.25,9.629
34689.28,100.59,9.629
34690.28,100.74,9.629
34691.28,101.25,9.629
34692.29,100.82,9.629
34693.29,100.84,9.629
34694.29,101.71,9.629
34695.29,100.79,9.629
34696.29,101.24,9.629
34697.29,100.83,9.629
34698.3,100.84,9.6289
34699.3,101.31,9.6289
34700.3,100.84,9.6289
34701.3,101.28,9.6289
34702.3,100.8,9.629
34703.3,100.84,9.629
34704.3,101.27,9.629
34705.31,100.81,9.6289
34706.31,100.81,9.6289
34707.31,101.32,9.6289
34708.31,106.34,9.6289
34709.31,100.82,9.6289
34710.31,102.96,9.6289
34711.31,100.8,9.6291
34712.32,100.82,9.6291
34713.32,101.31,9.6291
34714.32,100.81,9.629
34715.32,101.22,9.629
34716.32,100.78,9.629
34717.32,100.83,9.629
34718.32,105.73,9.6291
34719.33,100.86,9.6291
34720.33,101.28,9.6291
34721.33,100.94,9.6291
34722.33,100.85,9.6291
34723.33,101.42,9.6291
34724.33,100.8,9.6291
34725.33,100.82,9.6291
34726.34,101.33,9.6291
34727.34,100.84,9.6291
34728.34,100.89,9.6291
34729.34,101.26,9.6292
34730.34,100.86,9.6292
34731.34,100.83,9.6292
34732.35,101.26,9.6292
34733.35,100.97,9.6292
34734.35,101.24,9.6291
34735.35,147.35,9.6292
34736.35,100.44,9.6292
34737.35,101.13,9.6292
34738.35,100.96,9.6292
34739.36,100.92,9.6292
34740.36,101.26,9.6292
34741.36,100.85,9.6292
34742.36,101.26,9.6292
34743.36,109.55,9.6292
34744.36,100.5,9.6291
34745.36,100.99,9.6291
34746.37,100.83,9.6291
34747.37,100.86,9.6291
34748.37,101.32,9.6292
34749.37,100.86,9.6292
34750.37,101.26,9.6292
34751.37,100.87,9.6292
34752.37,100.83,9.6291
34753.38,101.41,9.6292
34754.38,100.85,9.6292
34755.38,100.82,9.6292
34756.38,101.15,9.6292
34757.38,100.85,9.6292
34758.38,100.91,9.6292
34759.38,102.85,9.629
34760.39,100.81,9.6292
34761.39,101.42,9.6292
34762.39,103.22,9.6292
34763.39,100.96,9.6293
34764.39,101.31,9.6293
34765.39,100.88,9.6293
34766.39,101.22,9.6293
34767.4,100.93,9.6292
34768.4,101.32,9.6292
34769.4,100.87,9.6292
34770.4,101.52,9.6293
34771.4,100.94,9.6294
34772.4,100.84,9.6292
34773.4,100.97,9.6292
34774.41,113.68,9.6292
34775.41,100.7,9.6293
34776.41,100.55,9.6293
34777.41,100.95,9.6293
34778.41,100.72,9.6293
34779.41,101.29,9.6293
34780.41,100.85,9.6293
34781.42,100.85,9.6292
34782.42,101.24,9.6294
34783.42,100.71,9.6292
34784.42,100.94,9.6292
34785.42,100.79,9.6293
34786.42,100.82,9.6292
34787.42,101.24,9.6293
34788.43,100.86,9.6293
34789.43,101.22,9.6292
34790.43,100.82,9.6293
34791.43,100.87,9.6292
34792.43,101.22,9.6293
34793.43,100.91,9.6293
34794.44,100.86,9.6293
34795.44,101.24,9.6293
34796.44,100.83,9.6294
34797.44,101.31,9.6293
34798.44,100.91,9.6293
34799.44,100.87,9.6294
34800.44,101.23,9.6294
34801.45,100.83,9.6294
34802.45,100.85,9.6294
34803.45,101.36,9.6294
34804.45,100.82,9.6294
34805.45,101.25,9.6294
34806.45,100.88,9.6295
34807.46,100.85,9.6295
34808.46,101.32,9.6295
34809.46,100.86,9.6295
34810.46,101.25,9.6294
34811.46,100.88,9.6294
34812.46,100.87,9.6294
34813.46,101.41,9.6295
34814.47,100.75,9.6295
34815.47,100.85,9.6295
34816.47,101.25,9.6295
34817.47,100.87,9.6295
34818.47,100.89,9.6295
34819.47,101.29,9.6295
34820.47,100.88,9.6295
34821.48,101.27,9.6295
34822.48,100.86,9.6295
34823.48,100.98,9.6295
34824.48,101.27,9.6295
34825.48,100.84,9.6294
34826.48,101.28,9.6294
34827.49,100.85,9.6295
34828.49,100.86,9.6295
34829.49,101.32,9.6295
34830.49,100.84,9.6295
34831.49,100.85,9.6295
34832.49,101.32,9.6295
34833.49,100.94,9.6295
34834.49,100.85,9.6295
34835.5,101.23,9.6295
34836.5,100.82,9.6295
34837.5,100.83,9.6295
34838.5,101.3,9.6295
34839.5,100.86,9.6295
34840.5,101.22,9.6295
34841.51,100.85,9.6295
34842.51,100.82,9.6295
34843.51,101.34,9.6295
34844.51,100.84,9.6295
34845.51,101.15,9.6295
34846.51,100.85,9.6295
34847.51,100.85,9.6295
34848.52,101.34,9.6296
34849.52,100.85,9.6294
34850.52,100.84,9.6294
34851.52,101.3,9.6294
34852.52,100.84,9.6294
34853.52,100.94,9.6294
34854.52,101.32,9.6294
34855.53,100.85,9.6294
34856.53,100.85,9.6294
34857.53,101.24,9.6294
34858.53,100.91,9.6296
34859.53,100.86,9.6296
34860.53,109.36,9.6296
34861.53,111.53,9.6296
34862.54,101.26,9.6296
34863.54,100.96,9.6295
34864.54,100.9,9.6295
34865.54,101.26,9.6295
34866.54,100.87,9.6294
34867.54,101.27,9.6295
34868.55,100.88,9.6296
34869.55,100.82,9.6297
34870.55,101.23,9.6297
34871.55,100.9,9.6297
34872.55,100.85,9.6297
34873.55,101.37,9.6297
34874.55,100.87,9.6297
34875.56,101.17,9.6297
34876.56,100.87,9.6297
34877.56,100.88,9.6297
34878.56,101.28,9.6296
34879.56,100.8,9.6295
34880.56,101.23,9.6296
34881.57,100.81,9.6295
34882.57,100.81,9.6296
34883.57,101.36,9.6296
34884.57,100.84,9.6296
34885.57,100.86,9.6296
34886.57,101.31,9.6296
34887.57,100.85,9.6296
34888.57,100.89,9.6296
34889.58,101.33,9.6296
34890.58,100.8,9.6296
34891.58,100.91,9.6296
34892.58,101.26,9.6296
34893.58,100.95,9.6297
34894.58,100.86,9.6297
34895.58,101.25,9.6297
34896.59,100.87,9.6297
34897.59,100.83,9.6297
34898.59,101.38,9.6297
34899.59,100.86,9.6297
34900.59,101.24,9.6297
34901.59,100.88,9.6297
34902.6,100.85,9.6297
34903.6,101.36,9.6297
34904.6,100.86,9.6298
34905.6,101.24,9.6298
34906.6,100.83,9.6298
34907.6,100.86,9.6298
34908.6,101.33,9.6298
34909.61,100.54,9.6298
34910.61,100.56,9.6298
34911.61,101.27,9.6298
34912.61,100.86,9.6298
34913.61,100.97,9.6298
34914.61,101.27,9.6298
34915.61,100.85,9.6298
34916.62,101.25,9.6298
34917.62,100.87,9.6298
34918.62,100.91,9.6298
34919.62,100.97,9.6298
34920.62,101.28,9.6298
34921.62,100.86,9.6298
34922.62,101.23,9.6298
34923.63,100.93,9.6299
34924.63,100.84,9.6299
34925.63,101.81,9.6299
34926.63,100.85,9.6299
34927.63,101.23,9.6299
34928.63,100.92,9.6299
34929.63,100.65,9.6299
34930.64,100.95,9.6299
34931.64,100.56,9.6299
34932.64,100.53,9.6299
34933.64,249.73,9.63
34934.64,180.57,9.7447
34935.64,100.83,9.7447
34936.64,100.92,9.7447
34937.65,101.22,9.7447
34938.65,100.88,9.7447
34939.65,101.33,9.7447
34940.65,100.93,9.7447
34941.65,100.85,9.7447
34942.65,101.29,9.7447
34943.65,103.75,9.7447
34944.65,100.88,9.7447
34945.66,101.26,9.7447
34946.66,100.89,9.7447
34947.66,100.87,9.7447
34948.66,101.31,9.7447
34949.66,100.85,9.7447
34950.66,100.78,9.7447
34951.66,101.26,9.7447
34952.67,100.84,9.7448
34953.67,101.37,9.7448
34954.67,100.85,9.7448
34955.67,100.85,9.7448
34956.67,101.24,9.7448
34957.67,100.83,9.7448
34958.68,101.29,9.7449
34959.68,100.86,9.7449
34960.68,100.89,9.745
34961.68,123.21,9.745
34962.68,100.8,9.745
34963.68,100.96,9.7449
34964.68,101.29,9.7449
34965.69,100.88,9.7449
34966.69,101.35,9.7449
34967.69,100.83,9.7451
34968.69,100.88,9.7451
34969.69,101.28,9.7451
34970.69,103.59,9.7451
34971.7,101.49,9.7451
34972.7,103.66,9.7451
34973.7,100.99,9.7451
34974.7,101.5,9.745
34975.7,100.83,9.745
34976.7,100.83,9.745
34977.7,101.24,9.745
34978.71,100.93,9.745
34979.71,101.3,9.745
34980.71,100.75,9.745
34981.71,100.8,9.7451
34982.71,101.2,9.7451
34983.71,100.96,9.7451
34984.72,100.79,9.7451
34985.72,101.18,9.7451
34986.72,100.78,9.7451
34987.72,101.14,9.7452
34988.72,100.75,9.7452
34989.72,100.82,9.7452
34990.72,101.22,9.7452
34991.73,100.84,9.7451
34992.73,100.71,9.7452
34993.73,101.14,9.7452
34994.73,100.87,9.7452
34995.73,101.21,9.7451
34996.73,100.81,9.7453
34997.73,100.77,9.7453
34998.74,101.3,9.7453
34999.74,101.43,9.7453
35000.74,100.55,9.7453
35001.74,100.93,9.7453
35002.74,100.53,9.7453
35003.74,100.63,9.7453
35004.74,100.97,9.7452
35005.75,101.99,9.7453
35006.75,101.23,9.7453
35007.75,100.87,9.7453
35008.75,100.85,9.7453
35009.75,101.25,9.7453
35010.75,100.73,9.7453
35011.75,100.73,9.7453
35012.76,101.13,9.7453
35013.76,100.91,9.7453
35014.76,100.8,9.7453
35015.76,100.97,9.7453
35016.76,100.69,9.7453
35017.76,100.99,9.7453
35018.77,100.8,9.7454
35019.77,100.86,9.7454
35020.77,101.23,9.7454
35021.77,100.88,9.7454
35022.77,101.35,9.7454
35023.77,101.36,9.7454
35024.77,100.87,9.7454
35025.78,101.27,9.7454
35026.78,100.85,9.7453
35027.78,100.92,9.7454
35028.78,104.12,9.7454
35029.78,100.89,9.7454
35030.78,100.83,9.7454
35031.78,101.13,9.7454
35032.79,100.49,9.7455
35033.79,110.67,9.7455
35034.79,100.96,9.7455
35035.79,100.54,9.7455
35036.79,100.54,9.7455
35037.79,101.05,9.7456
35038.79,100.85,9.7455
35039.79,100.8,9.7455
35040.8,101.27,9.7455
35041.8,100.8,9.7455
35042.8,100.81,9.7455
35043.8,101.36,9.7456
35044.8,100.85,9.7455
35045.8,100.55,9.7455
35046.81,101.12,9.7455
35047.81,100.82,9.7455
35048.81,101.29,9.7455
35049.81,100.85,9.7455
35050.81,100.83,9.7455
35051.81,101.26,9.7455
35052.81,100.83,9.7456
35053.82,101.35,9.7457
35054.82,100.83,9.7457
35055.82,100.81,9.7457
35056.82,101.2,9.7457
35057.82,100.85,9.7457
35058.82,101.31,9.7457
35059.83,100.88,9.7457
35060.83,100.87,9.7457
35061.83,101.73,9.7457
35062.83,119.59,9.7457
35063.83,100.87,9.7457
35064.83,101.29,9.7457
35065.83,100.81,9.7457
35066.83,100.87,9.7457
35067.84,100.99,9.7457
35068.84,101.28,9.7457
35069.84,100.87,9.7457
35070.84,101.21,9.7457
35071.84,100.73,9.7457
35072.84,100.83,9.7458
35073.84,101.27,9.7458
35074.85,100.55,9.7458
35075.85,100.97,9.7457
35076.85,100.48,9.7458
35077.85,100.6,9.7458
35078.85,100.88,9.7458
35079.85,100.66,9.7458
35080.85,100.79,9.7458
35081.86,100.92,9.7458
35082.86,100.57,9.7458
35083.86,101.2,9.7458
35084.86,100.72,9.7458
35085.86,100.81,9.7458
35086.86,101.18,9.7458
35087.87,100.84,9.7458
35088.87,100.6,9.7459
35089.87,101.18,9.7459
35090.87,100.82,9.7458
35091.87,101.19,9.7458
35092.87,100.87,9.7458
35093.87,100.68,9.7458
35094.88,101.05,9.7458
35095.88,100.65,9.7458
35096.88,100.45,9.7458
35097.88,100.97,9.7458
35098.88,101.23,9.7459
35099.88,102.05,9.7459
35100.89,103.56,9.746
35101.89,100.93,9.746
35102.89,101.35,9.746
35103.89,100.93,9.746
35104.89,100.89,9.746
35105.89,101.09,9.746
35106.89,100.78,9.746
35107.89,100.73,9.7459
35108.9,101.17,9.746
35109.9,100.76,9.746
35110.9,100.6,9.746
35111.9,100.83,9.7461
35112.9,100.4,9.7461
35113.9,101.15,9.7461
35114.91,100.53,9.7461
35115.91,100.85,9.7461
35116.91,101.16,9.7461
35117.91,212.02,4.1438
35118.91,340.58,2.9942
35119.91,328.25,3.175
35120.91,359.61,3.4091
35121.92,327.65,3.703
35122.92,313.28,3.9902
35123.92,304.35,4.2029
35124.92,302.72,4.4529
35125.92,302.1,4.6699
35126.92,301.09,4.8302
35127.92,289.07,4.9131
35128.93,313.71,5.0002
35129.93,214.86,5.0408
35130.93,180.08,5.0935
35131.93,147.05,5.1315
35132.93,207.89,5.1642
35133.93,135.89,5.1966
35134.93,179.77,5.2346
35135.93,134.85,5.2739
35136.94,107.52,5.3086
35137.94,101.63,5.3432
35138.94,105.13,5.3802
35139.94,153.31,5.4266
35140.94,122.42,5.4706
35141.94,104.97,5.5354
35142.94,105.7,5.5804
35143.95,100.89,5.6103
35144.95,120.96,5.648
35145.95,166.66,5.6803
35146.95,162.87,5.7194
35147.95,125.66,5.7553
35148.95,102.1,5.7917
35149.95,100.94,5.829
35150.96,101.21,5.8687
35151.96,100.85,5.9043
35152.96,118.53,5.9816
35153.96,119.01,6.0537
35154.96,127.96,6.1468
35155.96,124.0,6.2004
35156.97,128.15,6.2287
35157.97,102.14,6.2737
35158.97,113.18,6.3108
35159.97,160.46,6.3488
35160.97,100.85,6.4004
35161.97,108.73,6.4672
35162.97,100.92,6.5777
35163.98,102.8,6.6813
35164.98,115.57,6.7962
35165.98,101.07,6.8409
35166.98,107.04,6.8886
35167.98,100.73,6.9139
35168.98,107.54,6.9687
35169.98,111.52,7.0406
35170.99,101.13,7.1064
35171.99,107.58,7.1814
35172.99,123.08,7.2549
35173.99,111.96,7.3419
35174.99,101.22,7.4391
35175.99,191.47,7.7879
35177.0,100.77,7.788
35178.0,102.21,7.7878
35179.0,126.63,7.8198
35180.0,129.79,7.8399
35181.0,107.49,7.8399
35182.0,190.17,7.84
35183.0,116.81,7.8401
35184.01,119.2,7.8401
35185.01,100.68,7.84
35186.01,106.92,7.8401
35187.01,100.78,7.8402
35188.01,105.68,7.8402
35189.01,101.54,7.8401
35190.02,101.43,7.8401
35191.02,101.28,7.8401
35192.02,100.83,7.8401
35193.02,101.35,7.8401
35194.02,122.85,7.8401
35195.02,114.73,7.8401
35196.02,101.14,7.8401
35197.03,102.44,7.8401
35198.03,100.92,7.8401
35199.03,101.16,7.8401
35200.03,100.78,7.8401
35201.03,101.12,7.8503
35202.03,100.63,7.8821
35203.03,100.97,7.9049
35204.04,100.83,7.9239
35205.04,120.4,7.9404
35206.04,100.54,7.9404
35207.04,101.12,7.9404
35208.04,100.79,7.9404
35209.04,100.75,7.9403
35210.04,101.52,7.9404
35211.05,110.92,7.9404
35212.05,101.2,7.9402
35213.05,103.9,7.9405
35214.05,101.04,7.9405
35215.05,101.14,7.9405
35216.05,102.02,7.9403
35217.05,101.02,7.9403
35218.06,100.84,7.9403
35219.06,101.67,7.9403
35220.06,100.86,7.9403
35221.06,101.08,7.9403
35222.06,100.88,7.9405
35223.06,100.92,7.9406
35224.06,103.25,7.9406
35225.07,102.51,7.9406
35226.07,100.59,7.9406
35227.07,100.97,7.9406
35228.07,100.57,7.9405
35229.07,101.01,7.9405
35230.07,100.59,7.9406
35231.07,100.64,7.9406
35232.08,101.41,7.9405
35233.08,122.4,7.9404
35234.08,117.06,7.9404
35235.08,100.72,7.9404
35236.08,100.54,7.9404
35237.08,101.02,7.9405
35238.09,100.59,7.9405
35239.09,100.61,7.9405
35240.09,112.75,7.9405
35241.09,100.51,7.9407
35242.09,100.59,7.9407
35243.09,101.2,7.9407
35244.09,100.64,7.9407
35245.1,100.91,7.9407
35246.1,100.52,7.9407
35247.1,100.54,7.9407
35248.1,101.09,7.9407
35249.1,100.89,7.9407
35250.1,101.21,7.9407
35251.11,107.81,7.9407
35252.11,101.77,7.9407
35253.11,101.17,7.9407
35254.11,100.75,7.9407
35255.11,101.14,7.9407
35256.11,100.64,7.9407
35257.12,100.56,7.9407
35258.12,107.53,7.9407
35259.12,109.62,7.9407
35260.12,100.74,7.9405
35261.12,101.28,7.9405
35262.12,100.84,7.9407
35263.12,100.92,7.9407
35264.13,101.27,7.9407
35265.13,100.82,7.9407
35266.13,101.2,7.9407
35267.13,100.79,7.9407
35268.13,100.79,7.9407
35269.13,100.98,7.9407
35270.13,100.56,7.9407
35271.14,100.93,7.9407
35272.14,100.47,7.9407
35273.14,100.6,7.9407
35274.14,101.0,7.9407
35275.14,105.44,7.9407
35276.14,100.91,7.9407
35277.15,100.49,7.9406
35278.15,100.55,7.9407
35279.15,101.29,7.9406
35280.15,101.43,7.9406
35281.15,100.8,7.9407
35282.15,101.27,7.9407
35283.15,100.86,7.9408
35284.15,100.84,7.9408
35285.16,101.3,7.9408
35286.16,102.71,7.9409
35287.16,100.76,7.9409
35288.16,100.9,7.9408
35289.16,101.06,7.9408
35290.16,100.82,7.9408
35291.16,101.25,7.9408
35292.17,101.11,7.9408
35293.17,139.67,7.9408
35294.17,101.17,7.9409
35295.17,101.18,7.9409
35296.17,101.12,7.9409
35297.17,107.63,7.941
35298.18,297.06,7.9413
35299.18,197.28,7.9413
35300.18,126.07,7.9413
35301.18,115.95,7.9412
35302.18,101.98,7.9412
35303.18,101.11,7.9412
35304.18,100.74,7.9411
35305.18,101.11,7.9413
35306.19,102.38,7.9413
35307.19,112.45,7.9413
35308.19,101.03,7.9413
35309.19,100.7,7.9412
35310.19,113.84,7.9412
35311.19,101.08,7.9412
35312.19,100.69,7.9412
35313.2,101.12,7.9412
35314.2,100.64,7.9412
35315.2,100.64,7.9412
35316.2,101.1,7.9412
35317.2,100.7,7.9412
35318.2,100.69,7.9412
35319.21,103.17,7.9412
35320.21,100.63,7.9412
35321.21,100.71,7.9413
35322.21,101.03,7.9413
35323.21,100.71,7.9413
35324.21,101.13,7.9413
35325.21,100.67,7.9413
35326.22,100.5,7.9413
35327.22,100.89,7.9413
35328.22,100.47,7.9413
35329.22,100.9,7.9413
35330.22,100.43,7.9413
35331.22,100.43,7.9413
35332.22,202.85,8.3077
35333.23,100.71,8.3077
35334.23,100.71,8.3184
35335.23,101.05,8.3549
35336.23,100.44,8.3557
35337.23,101.6,8.3557
35338.23,100.86,8.3557
35339.23,100.48,8.3557
35340.24,100.43,8.3557
35341.24,100.84,8.3557
35342.24,100.46,8.3557
35343.24,100.97,8.3558
35344.24,100.65,8.3558
35345.24,100.52,8.3558
35346.24,101.06,8.3558
35347.25,103.36,8.3558
35348.25,100.61,8.3558
35349.25,101.1,8.3558
35350.25,100.83,8.3558
35351.25,101.08,8.3558
35352.25,100.68,8.3558
35353.26,100.74,8.3558
35354.26,101.12,8.3558
35355.26,100.7,8.3558
35356.26,100.92,8.3558
35357.26,100.44,8.3558
35358.26,100.5,8.3558
35359.26,100.98,8.3557
35360.27,100.58,8.3558
35361.27,100.59,8.3558
35362.27,101.05,8.3558
35363.27,100.56,8.3558
35364.27,100.99,8.3558
35365.27,100.54,8.3558
35366.27,100.57,8.3557
35367.28,101.03,8.3559
35368.28,100.65,8.3559
35369.28,100.74,8.3559
35370.28,101.06,8.3559
35371.28,100.51,8.3559
35372.28,100.85,8.3559
35373.29,100.51,8.3559
35374.29,100.49,8.356
35375.29,100.88,8.356
35376.29,100.53,8.356
35377.29,100.52,8.356
35378.29,100.94,8.356
35379.29,100.59,8.356
35380.3,100.94,8.356
35381.3,100.55,8.3559
35382.3,100.54,8.3559
35383.3,100.97,8.3559
35384.3,100.51,8.3559
35385.3,100.47,8.3559
35386.31,100.91,8.3559
35387.31,100.48,8.3559
35388.31,100.96,8.3559
35389.31,100.59,8.3559
35390.31,100.5,8.356
35391.31,100.85,8.356
35392.31,100.45,8.356
35393.32,100.96,8.3561
35394.32,100.55,8.3561
35395.32,100.44,8.3561
35396.32,100.45,8.3561
35397.32,100.83,8.3561
35398.33,100.58,8.3561
35399.33,100.95,8.3561
35400.33,100.51,8.3561
35401.33,100.68,8.3561
35402.33,101.11,8.3561
35403.33,100.7,8.3561
35404.34,100.59,8.3561
35405.34,100.87,8.3561
35406.34,100.53,8.3561
35407.34,100.91,8.3561
35408.34,100.61,8.3561
35409.34,100.66,8.3561
35410.34,100.91,8.3561
35411.35,100.64,8.3561
35412.35,100.58,8.3561
35413.35,101.32,8.3561
35414.35,100.68,8.3561
35415.35,101.05,8.3561
35416.35,100.66,8.3561
35417.36,100.67,8.3561
35418.36,101.12,8.3561
35419.36,100.68,8.3561
35420.36,100.58,8.3561
35421.36,100.95,8.3562
35422.36,100.54,8.3562
35423.36,101.07,8.356
35424.37,100.53,8.356
35425.37,100.55,8.3561
35426.37,100.95,8.3561
35427.37,100.54,8.3561
35428.37,100.61,8.3561
35429.37,100.94,8.356
35430.37,100.63,8.3561
35431.38,100.48,8.3561
35432.38,100.94,8.3561
35433.38,100.65,8.3561
35434.38,101.04,8.3561
35435.38,100.67,8.3561
35436.38,100.62,8.3561
35437.38,101.04,8.356
35438.39,100.81,8.356
35439.39,100.71,8.3562
35440.39,100.57,8.3562
35441.39,100.96,8.3562
35442.39,100.64,8.3561
35443.39,101.13,8.3562
35444.39,100.63,8.3562
35445.39,100.64,8.3562
35446.4,101.11,8.3562
35447.4,100.62,8.3562
35448.4,100.73,8.3562
35449.4,101.06,8.3562
35450.4,100.68,8.3562
35451.4,100.68,8.3562
35452.4,101.14,8.3562
35453.41,100.73,8.3562
35454.41,100.67,8.3562
35455.41,101.09,8.3562
35456.41,100.64,8.3562
35457.41,100.9,8.3562
35458.41,100.89,8.3562
35459.41,100.44,8.3562
35460.42,100.43,8.3562
35461.42,100.84,8.3562
35462.42,100.51,8.3562
35463.42,100.73,8.3562
35464.42,101.05,8.3562
35465.42,100.6,8.3562
35466.42,101.09,8.3562
35467.43,100.69,8.3562
35468.43,100.71,8.3562
35469.43,101.11,8.3562
35470.43,100.51,8.3563
35471.43,100.48,8.3563
35472.43,100.9,8.3563
35473.43,100.64,8.3564
35474.44,100.58,8.3564
35475.44,101.06,8.3564
35476.44,100.65,8.3564
35477.44,101.1,8.3564
35478.44,100.73,8.3562
35479.44,100.65,8.3562
35480.44,101.05,8.3562
35481.45,100.69,8.3564
35482.45,100.66,8.3564
35483.45,101.23,8.3564
35484.45,100.68,8.3564
35485.45,100.65,8.3564
35486.45,101.06,8.3565
35487.45,100.66,8.3565
35488.46,100.68,8.3565
35489.46,101.04,8.3565
35490.46,100.65,8.3565
35491.46,101.05,8.3565
35492.46,100.64,8.3565
35493.46,100.76,8.3565
35494.46,101.05,8.3565
35495.47,100.65,8.3565
35496.47,100.6,8.3564
35497.47,100.83,8.3564
35498.47,100.5,8.3564
35499.47,101.03,8.3564
35500.47,100.59,8.3564
35501.47,100.48,8.3564
35502.48,100.88,8.3565
35503.48,100.77,8.3566
35504.48,100.69,8.3566
35505.48,101.06,8.3565
35506.48,100.67,8.3565
35507.48,101.07,8.3565
35508.49,100.69,8.3565
35509.49,100.7,8.3565
35510.49,100.91,8.3565
35511.49,100.47,8.3565
35512.49,100.44,8.3565
35513.49,100.96,8.3565
35514.49,100.47,8.3565
35515.5,101.04,8.3565
35516.5,100.68,8.3564
35517.5,100.6,8.3564
35518.5,101.17,8.3565
35519.5,100.66,8.3565
35520.5,100.6,8.3565
35521.5,100.86,8.3565
35522.51,100.43,8.3565
35523.51,100.57,8.3565
35524.51,101.04,8.3566
35525.51,100.68,8.3566
35526.51,101.1,8.3566
35527.51,100.68,8.3566
35528.51,100.74,8.3566
35529.52,101.1,8.3566
35530.52,100.69,8.3566
35531.52,100.71,8.3566
35532.52,101.09,8.3566
35533.52,100.79,8.3566
35534.52,101.09,8.3566
35535.53,100.69,8.3566
35536.53,100.67,8.3566
35537.53,101.06,8.3566
35538.53,100.75,8.3566
35539.53,100.68,8.3566
35540.53,101.09,8.3566
35541.53,100.69,8.3565
35542.54,101.09,8.3565
35543.54,100.82,8.3566
35544.54,100.68,8.3566
35545.54,101.08,8.3565
35546.54,100.69,8.3565
35547.54,100.57,8.3565
35548.54,100.9,8.3566
35549.55,100.44,8.3565
35550.55,100.86,8.3565
35551.55,100.46,8.3565
35552.55,100.47,8.3565
35553.55,100.98,8.3566
35554.55,100.62,8.3566
35555.56,100.62,8.3567
35556.56,101.15,8.3567
35557.56,100.66,8.3567
35558.56,100.74,8.3567
35559.56,101.05,8.3567
35560.56,100.65,8.3566
35561.56,100.78,8.3566
35562.56,101.03,8.3566
35563.57,100.73,8.3567
35564.57,100.62,8.3567
35565.57,101.08,8.3567
35566.57,100.67,8.3567
35567.57,100.66,8.3567
35568.57,101.05,8.3567
35569.57,100.64,8.3567
35570.58,101.03,8.3567
35571.58,100.64,8.3567
35572.58,100.71,8.3567
35573.58,101.16,8.3567
35574.58,100.66,8.3567
35575.58,100.65,8.3567
35576.58,101.04,8.3567
35577.59,100.65,8.3567
35578.59,100.72,8.3567
35579.59,101.05,8.3567
35580.59,100.6,8.3567
35581.59,101.04,8.3567
35582.59,100.65,8.3567
35583.59,100.73,8.3568
35584.6,136.22,8.3571
35585.6,152.89,8.4211
35586.6,100.68,8.4211
35587.6,101.07,8.4211
35588.6,100.74,8.4211
35589.6,100.68,8.4209
35590.6,100.87,8.4209
35591.61,100.68,8.4209
35592.61,100.65,8.4209
35593.61,101.19,8.421
35594.61,100.69,8.421
35595.61,101.07,8.421
35596.61,100.67,8.421
35597.61,100.61,8.421
35598.62,101.0,8.421
35599.62,100.46,8.421
35600.62,100.44,8.421
35601.62,100.84,8.421
35602.62,100.48,8.421
35603.62,100.59,8.4211
35604.62,100.95,8.4211
35605.63,100.44,8.4211
35606.63,100.81,8.4211
35607.63,100.4,8.4211
35608.63,100.49,8.4211
35609.63,101.11,8.4211
35610.63,100.63,8.4211
35611.63,100.62,8.4211
35612.64,101.09,8.4211
35613.64,100.74,8.4211
35614.64,100.63,8.4211
35615.64,101.11,8.4212
35616.64,100.66,8.4212
35617.64,100.65,8.4212
35618.64,101.17,8.4212
35619.65,100.68,8.4212
35620.65,100.67,8.4211
35621.65,101.1,8.4211
35622.65,100.67,8.4211
35623.65,100.76,8.4212
35624.65,101.11,8.4212
35625.65,100.71,8.4212
35626.65,100.67,8.4212
35627.66,101.02,8.4212
35628.66,100.48,8.4212
35629.66,100.49,8.4212
35630.66,100.84,8.4212
35631.66,100.66,8.4212
35632.66,100.73,8.4212
35633.66,101.18,8.4212
35634.67,100.64,8.4212
35635.67,100.65,8.4212
35636.67,101.04,8.4212
35637.67,100.63,8.4212
35638.67,100.94,8.4212
35639.67,100.48,8.4212
35640.67,100.48,8.4212
35641.68,100.83,8.4212
35642.68,100.61,8.4212
35643.68,100.87,8.4213
35644.68,100.88,8.4213
35645.68,100.44,8.4213
35646.68,100.6,8.4213
35647.68,101.0,8.4213
35648.69,100.6,8.4212
35649.69,100.67,8.4212
35650.69,101.07,8.4212
35651.69,100.7,8.4212
35652.69,101.0,8.4212
35653.69,100.68,8.4212
35654.69,100.53,8.4212
35655.7,100.9,8.4212
35656.7,100.49,8.4212
35657.7,100.49,8.4212
35658.7,101.13,8.4213
35659.7,100.67,8.4213
35660.7,100.66,8.4213
35661.7,100.95,8.4213
35662.71,100.62,8.4212
35663.71,100.71,8.4213
35664.71,101.06,8.4213
35665.71,100.66,8.4213
35666.71,100.67,8.4213
35667.71,101.12,8.4213
35668.71,100.61,8.4213
35669.72,100.67,8.4214
35670.72,101.07,8.4214
35671.72,100.66,8.4214
35672.72,100.85,8.4214
35673.72,100.55,8.4214
35674.72,100.53,8.4214
35675.72,101.01,8.4214
35676.73,100.62,8.4214
35677.73,100.76,8.4213
35678.73,101.12,8.4214
35679.73,100.67,8.4214
35680.73,101.06,8.4214
35681.73,100.7,8.4214
35682.73,100.65,8.4214
35683.74,101.16,8.4214
35684.74,100.64,8.4214
35685.74,100.63,8.4214
35686.74,101.06,8.4213
35687.74,100.62,8.4213
35688.74,100.66,8.4215
35689.74,101.14,8.4215
35690.75,100.64,8.4215
35691.75,100.69,8.4215
35692.75,101.01,8.4215
35693.75,100.76,8.4215
35694.75,100.67,8.4215
35695.75,101.02,8.4215
35696.75,100.63,8.4215
35697.76,100.67,8.4215
35698.76,101.12,8.4215
35699.76,100.65,8.4215
35700.76,101.04,8.4215
35701.76,100.67,8.4215
35702.76,100.7,8.4215
35703.76,101.17,8.4215
35704.77,100.45,8.4215
35705.77,100.44,8.4215
35706.77,100.84,8.4215
35707.77,100.45,8.4215
35708.77,100.88,8.4215
35709.77,100.45,8.4215
35710.77,100.45,8.4215
35711.78,100.88,8.4215
35712.78,100.47,8.4215
35713.78,100.53,8.4215
35714.78,100.81,8.4215
35715.78,100.41,8.4215
35716.78,100.82,8.4215
35717.79,100.47,8.4216
35718.79,100.7,8.4216
35719.79,101.05,8.4216
35720.79,100.63,8.4216
35721.79,100.6,8.4216
35722.79,101.07,8.4216
35723.79,100.7,8.4216
35724.8,100.63,8.4217
35725.8,100.99,8.4217
35726.8,100.66,8.4217
35727.8,101.08,8.4216
35728.8,100.57,8.4216
35729.8,100.41,8.4216
35730.8,100.77,8.4216
35731.81,100.47,8.4216
35732.81,100.68,8.4216
35733.81,101.22,8.4217
35734.81,100.46,8.4217
35735.81,100.37,8.4217
35736.81,100.87,8.4217
35737.81,100.47,8.4217
35738.81,100.56,8.4217
35739.82,101.08,8.4217
35740.82,100.6,8.4217
35741.82,100.55,8.4217
35742.82,101.01,8.4217
35743.82,100.59,8.4217
35744.82,100.54,8.4217
35745.82,100.95,8.4217
35746.83,100.64,8.4218
35747.83,100.55,8.4218
35748.83,101.04,8.4218
35749.83,100.63,8.4218
35750.83,100.48,8.4218
35751.83,100.82,8.4218
35752.83,100.42,8.4218
35753.84,100.42,8.4218
35754.84,100.86,8.4218
35755.84,100.41,8.4218
35756.84,100.78,8.4218
35757.84,100.45,8.4218
35758.84,100.51,8.4218
35759.84,100.9,8.4218
35760.85,100.59,8.4218
35761.85,100.71,8.4218
35762.85,100.64,8.4218
35763.85,100.89,8.4218
35764.85,100.59,8.4219
35765.85,100.96,8.4219
35766.85,100.6,8.4219
35767.85,100.6,8.4219
35768.86,101.1,8.4217
35769.86,100.65,8.4217
35770.86,100.65,8.4217
35771.86,101.08,8.4219
35772.86,100.55,8.4219
35773.86,100.93,8.4218
35774.87,100.32,8.4218
35775.87,100.63,8.4218
35776.87,101.04,8.4219
35777.87,100.52,8.4219
35778.87,100.51,8.4219
35779.87,100.88,8.4218
35780.87,100.38,8.4218
35781.88,100.7,8.4218
35782.88,100.52,8.4219
35783.88,100.41,8.4219
35784.88,100.86,8.4218
35785.88,100.39,8.4218
35786.88,100.39,8.4218
35787.88,100.87,8.4218
35788.89,100.61,8.4218
35789.89,100.74,8.4219
35790.89,101.03,8.422
35791.89,100.66,8.4219
35792.89,101.1,8.422
35793.89,100.65,8.422
35794.89,100.66,8.422
35795.9,101.04,8.422
35796.9,100.61,8.422
35797.9,100.58,8.422
35798.9,101.04,8.422
35799.9,100.64,8.422
35800.9,100.76,8.422
35801.9,101.0,8.422
35802.9,100.53,8.422
35803.91,100.36,8.422
35804.91,100.3,8.422
35805.91,100.93,8.422
35806.91,100.59,8.422
35807.91,101.07,8.422
35808.91,100.69,8.422
35809.92,100.45,8.422
35810.92,101.11,8.422
35811.92,100.65,8.422
35812.92,100.62,8.422
35813.92,100.93,8.422
35814.92,100.54,8.422
35815.92,100.37,8.422
35816.92,100.82,8.422
35817.93,100.59,8.422
35818.93,100.63,8.422
35819.93,100.97,8.422
35820.93,100.62,8.422
35821.93,100.57,8.4221
35822.93,101.08,8.4221
35823.93,100.68,8.4221
35824.94,100.61,8.4221
35825.94,101.11,8.4221
35826.94,100.59,8.4221
35827.94,100.67,8.4221
35828.94,101.03,8.4221
35829.94,100.68,8.4221
35830.94,100.61,8.4221
35831.94,101.04,8.4221
35832.95,100.71,8.4221
35833.95,100.91,8.4221
35834.95,100.58,8.4221
35835.95,100.37,8.422
35836.95,100.78,8.422
35837.95,100.52,8.4222
35838.96,100.68,8.4222
35839.96,101.04,8.422
35840.96,100.49,8.422
35841.96,101.01,8.422
35842.96,100.63,8.4222
35843.96,100.68,8.4222
35844.96,100.94,8.4221
35845.97,100.57,8.4221
35846.97,100.61,8.4222
35847.97,101.06,8.4222
35848.97,100.45,8.4222
35849.97,100.42,8.4222
35850.97,100.69,8.4222
35851.97,100.31,8.4222
35852.97,100.45,8.4222
35853.98,100.88,8.4222
35854.98,100.42,8.4222
35855.98,100.44,8.4222
35856.98,100.85,8.4222
35857.98,100.39,8.4222
35858.98,100.59,8.4222
35859.98,101.1,8.4222
35860.99,100.61,8.4222
35861.99,100.59,8.4221
35862.99,101.08,8.4223
35863.99,100.63,8.4223
35864.99,100.59,8.4223
35865.99,101.05,8.4223
35866.99,100.6,8.4223
35867.99,100.6,8.4223
35869.0,101.02,8.4223
35870.0,100.63,8.4222
35871.0,100.66,8.4222
35872.0,100.87,8.4223
35873.0,100.58,8.4223
35874.0,100.51,8.4223
35875.0,100.85,8.4223
35876.01,100.44,8.4223
35877.01,100.86,8.4222
35878.01,100.42,8.4222
35879.01,100.46,8.4224
35880.01,100.76,8.4224
35881.01,100.41,8.4224
35882.02,100.55,8.4224
35883.02,101.0,8.4224
35884.02,100.68,8.4223
35885.02,100.68,8.4223
35886.02,101.09,8.4224
35887.02,100.64,8.4224
35888.02,100.94,8.4224
35889.03,100.65,8.4224
35890.03,100.61,8.4224
35891.03,101.07,8.4224
35892.03,100.55,8.4224
35893.03,101.07,8.4224
35894.03,100.58,8.4224
35895.03,100.6,8.4224
35896.04,101.05,8.4223
35897.04,100.57,8.4223
35898.04,100.64,8.4223
35899.04,101.14,8.4223
35900.04,100.41,8.4223
35901.04,100.41,8.4224
35902.04,100.79,8.4224
35903.05,100.47,8.4224
35904.05,100.5,8.4224
35905.05,100.82,8.4224
35906.05,100.42,8.4224
35907.05,100.41,8.4224
35908.05,100.78,8.4224
35909.05,100.47,8.4224
35910.06,100.88,8.4224
35911.06,100.62,8.4224
35912.06,100.65,8.4224
35913.06,101.08,8.4224
35914.06,100.82,8.4224
35915.06,100.45,8.4224
35916.06,100.89,8.4224
35917.07,100.42,8.4225
35918.07,100.44,8.4224
35919.07,100.94,8.4225
35920.07,100.49,8.4225
35921.07,100.45,8.4225
35922.07,100.41,8.4225
35923.07,100.87,8.4225
35924.07,100.46,8.4225
35925.08,100.85,8.4225
35926.08,100.42,8.4225
35927.08,100.44,8.4226
35928.08,100.86,8.4226
35929.08,100.55,8.4226
35930.08,100.65,8.4226
35931.08,100.92,8.4225
35932.09,100.44,8.4225
35933.09,100.63,8.4225
35934.09,101.1,8.4226
35935.09,100.63,8.4226
35936.09,100.53,8.4226
35937.09,101.0,8.4226
35938.09,100.45,8.4226
35939.09,100.5,8.4226
35940.1,100.91,8.4226
35941.1,100.48,8.4226
35942.1,103.52,8.4225
35943.1,100.99,8.4226
35944.1,100.63,8.4226
35945.1,100.61,8.4226
35946.1,101.01,8.4226
35947.11,100.69,8.4226
35948.11,101.04,8.4226
35949.11,100.67,8.4226
35950.11,100.61,8.4226
35951.11,101.1,8.4226
35952.11,100.66,8.4227
35953.11,100.74,8.4227
35954.12,101.06,8.4227
35955.12,100.59,8.4227
35956.12,100.63,8.4227
35957.12,101.06,8.4227
35958.12,100.7,8.4227
35959.12,100.57,8.4227
35960.12,101.05,8.4227
35961.13,100.56,8.4227
35962.13,101.02,8.4227
35963.13,100.7,8.4227
35964.13,100.6,8.4227
35965.13,100.56,8.4227
35966.13,100.87,8.4227
35967.13,100.68,8.4227
35968.14,101.12,8.4227
35969.14,100.71,8.4227
35970.14,100.52,8.4227
35971.14,100.84,8.4227
35972.14,100.51,8.4227
35973.14,100.72,8.4228
35974.14,101.11,8.4228
35975.15,100.65,8.4228
35976.15,100.94,8.4228
35977.15,100.67,8.4228
35978.15,161.96,8.4288
35979.15,123.77,8.4296
35980.15,100.66,8.4296
35981.15,100.63,8.4296
35982.16,101.03,8.4296
35983.16,100.72,8.4297
35984.16,100.73,8.4297
35985.16,101.15,8.4297
35986.16,100.64,8.4297
35987.16,100.65,8.4297
35988.16,101.15,8.4297
35989.17,100.71,8.4297
35990.17,100.65,8.4297
35991.17,101.06,8.4297
35992.17,100.62,8.4297
35993.17,100.62,8.4297
35994.17,101.07,8.4297
35995.17,100.65,8.4297
35996.17,100.65,8.4297
35997.18,101.1,8.4297
35998.18,100.59,8.4298
35999.18,100.74,8.4298
36000.18,101.08,8.4297
36001.18,100.6,8.4298
36002.18,100.62,8.4298
36003.18,101.08,8.4298
36004.19,100.65,8.4298
36005.19,100.52,8.4298
36006.19,100.86,8.4298
36007.19,100.64,8.4298
36008.19,101.05,8.4298
36009.19,100.69,8.4298
36010.19,100.63,8.4298
36011.2,101.07,8.4299
36012.2,100.62,8.4298
36013.2,100.71,8.4299
36014.2,101.1,8.4299
36015.2,100.62,8.4299
36016.2,101.04,8.4299
36017.21,100.67,8.4299
36018.21,100.67,8.4299
36019.21,101.15,8.4299
36020.21,100.67,8.4299
36021.21,100.66,8.4299
36022.21,100.93,8.4298
36023.21,100.66,8.43
36024.22,100.74,8.43
36025.22,101.19,8.4299
36026.22,100.69,8.4299
36027.22,100.67,8.4299
36028.22,101.11,8.4299
36029.22,100.72,8.43
36030.22,100.67,8.43
36031.22,100.88,8.43
36032.23,100.47,8.43
36033.23,100.51,8.43
36034.23,100.9,8.43
36035.23,100.45,8.43
36036.23,100.95,8.43
36037.23,100.65,8.43
36038.23,100.68,8.43
36039.24,100.96,8.43
36040.24,100.46,8.43
36041.24,100.74,8.43
36042.24,101.08,8.43
36043.24,100.64,8.4302
36044.24,100.72,8.4302
36045.24,101.06,8.4302
36046.25,100.68,8.4302
36047.25,100.67,8.4302
36048.25,101.06,8.4302
36049.25,100.71,8.4302
36050.25,100.82,8.4302
36051.25,100.53,8.4301
36052.25,100.62,8.4301
36053.26,101.04,8.4302
36054.26,100.66,8.4302
36055.26,100.68,8.4302
36056.26,101.07,8.4302
36057.26,100.64,8.4302
36058.26,101.05,8.4302
36059.27,100.59,8.4303
36060.27,100.59,8.4303
36061.27,100.98,8.4303
36062.27,100.61,8.4303
36063.27,100.59,8.4303
36064.27,101.01,8.4303
36065.27,100.57,8.4303
36066.28,100.47,8.4303
36067.28,100.84,8.4303
36068.28,100.49,8.4303
36069.28,101.01,8.4303
36070.28,100.63,8.4303
36071.28,100.65,8.4303
36072.28,101.03,8.4303
36073.28,100.75,8.4303
36074.29,100.71,8.4303
36075.29,101.05,8.4303
36076.29,100.52,8.4303
36077.29,100.57,8.4303
36078.29,101.1,8.4303
36079.29,100.64,8.4303
36080.29,100.62,8.4303
36081.3,101.03,8.4303
36082.3,100.69,8.4303
36083.3,100.7,8.4304
36084.3,101.08,8.4304
36085.3,100.65,8.4304
36086.3,101.09,8.4305
36087.31,100.56,8.4305
36088.31,100.66,8.4305
36089.31,101.05,8.4305
36090.31,100.66,8.4305
36091.31,100.65,8.4305
36092.31,100.99,8.4305
36093.31,100.67,8.4305
36094.32,100.94,8.4305
36095.32,100.45,8.4305
36096.32,100.44,8.4305
36097.32,100.97,8.4305
36098.32,100.72,8.4305
36099.32,100.62,8.4305
36100.32,101.02,8.4305
36101.33,100.72,8.4305
36102.33,100.6,8.4305
36103.33,101.1,8.4305
36104.33,100.64,8.4305
36105.33,103.14,8.4304
36106.33,100.71,8.4304
36107.33,100.68,8.4304
36108.34,101.17,8.4305
36109.34,100.74,8.4305
36110.34,100.71,8.4307
36111.34,101.12,8.4307
36112.34,100.68,8.4306
36113.34,101.22,8.4307
36114.35,100.69,8.4307
36115.35,100.71,8.4307
36116.35,101.09,8.4307
36117.35,100.7,8.4307
36118.35,101.17,8.4307
36119.35,100.68,8.4306
36120.35,100.69,8.4306
36121.36,101.11,8.4306
36122.36,100.69,8.4305
36123.36,100.73,8.4307
36124.36,101.08,8.4305
36125.36,100.67,8.4305
36126.36,101.07,8.4307
36127.37,100.69,8.4308
36128.37,100.71,8.4308
36129.37,101.07,8.4307
36130.37,100.65,8.4308
36131.37,100.65,8.4308
36132.37,101.14,8.4308
36133.37,100.74,8.4308
36134.38,101.11,8.4308
36135.38,101.02,8.4307
36136.38,100.41,8.4306
36137.38,100.56,8.4307
36138.38,101.14,8.4308
36139.38,100.47,8.4309
36140.38,100.45,8.4309
36141.38,100.88,8.4309
36142.39,100.65,8.4309
36143.39,100.76,8.4309
36144.39,101.09,8.4309
36145.39,100.56,8.4309
36146.39,100.95,8.4308
36147.39,100.49,8.4308
36148.39,100.68,8.4308
36149.4,101.18,8.4308
36150.4,100.67,8.4308
36151.4,100.68,8.4308
36152.4,101.1,8.4308
36153.4,100.8,8.4308
36154.4,100.71,8.4308
36155.4,100.89,8.431
36156.41,100.5,8.431
36157.41,100.47,8.431
36158.41,101.05,8.431
36159.41,100.92,8.431
36160.41,100.71,8.431
36161.41,101.18,8.431
36162.41,100.7,8.431
36163.41,100.8,8.431
36164.42,101.15,8.431
36165.42,100.59,8.431
36166.42,100.67,8.431
36167.42,101.11,8.431
36168.42,100.76,8.431
36169.42,100.65,8.431
36170.42,101.14,8.431
36171.43,100.66,8.431
36172.43,100.65,8.431
36173.43,101.13,8.4311
36174.43,100.61,8.4311
36175.43,100.65,8.4311
36176.43,101.08,8.4311
36177.43,100.72,8.4311
36178.43,100.7,8.4311
36179.44,101.08,8.4311
36180.44,100.65,8.4311
36181.44,100.7,8.4311
36182.44,101.07,8.4309
36183.44,100.74,8.431
36184.44,100.51,8.4311
36185.44,101.11,8.4311
36186.45,100.61,8.4311
36187.45,100.65,8.4311
36188.45,101.06,8.4312
36189.45,100.46,8.4312
36190.45,100.89,8.4312
36191.45,100.5,8.4312
36192.45,100.61,8.4312
36193.46,101.16,8.4312
36194.46,100.56,8.4312
36195.46,100.62,8.4312
36196.46,101.03,8.4312
36197.46,100.59,8.4311
36198.46,100.92,8.4313
36199.47,100.48,8.4313
36200.47,100.52,8.4313
36201.47,101.08,8.4313
36202.47,100.7,8.4313
36203.47,101.19,8.4312
36204.47,100.71,8.4312
36205.47,100.7,8.4312
36206.48,100.9,8.4314
36207.48,100.62,8.4314
36208.48,100.76,8.4314
36209.48,101.1,8.4314
36210.48,100.69,8.4314
36211.48,101.06,8.4314
36212.49,100.69,8.4313
36213.49,100.94,8.4314
36214.49,100.73,8.4314
36215.49,101.1,8.4314
36216.49,100.71,8.4314
36217.49,101.09,8.4314
36218.49,100.75,8.4315
36219.5,100.71,8.4315
36220.5,101.09,8.4315
36221.5,100.73,8.4315
36222.5,100.7,8.4315
36223.5,101.24,8.4315
36224.5,100.72,8.4315
36225.5,101.09,8.4315
36226.51,100.7,8.4315
36227.51,100.68,8.4315
36228.51,101.19,8.4315
36229.51,100.61,8.4315
36230.51,100.9,8.4315
36231.51,100.52,8.4315
36232.51,100.64,8.4315
36233.52,101.25,8.4315
36234.52,100.62,8.4315
36235.52,100.51,8.4315
36236.52,100.94,8.4315
36237.52,100.77,8.4315
36238.52,101.22,8.4315
36239.53,100.79,8.4315
36240.53,100.84,8.4315
36241.53,101.18,8.4315
36242.53,100.78,8.4315
36243.53,100.88,8.4316
36244.53,101.15,8.4315
36245.53,100.77,8.4315
36246.54,100.8,8.4315
36247.54,101.13,8.4315
36248.54,100.56,8.4317
36249.54,100.93,8.4317
36250.54,100.51,8.4317
36251.54,100.56,8.4317
36252.54,101.08,8.4317
36253.55,100.86,8.4317
36254.55,100.75,8.4317
36255.55,101.12,8.4317
36256.55,100.76,8.4317
36257.55,101.19,8.4317
36258.55,100.83,8.4317
36259.56,100.83,8.4317
36260.56,101.16,8.4317
36261.56,100.78,8.4317
36262.56,101.13,8.4317
36263.56,100.96,8.4317
36264.56,100.79,8.4317
36265.56,101.18,8.4317
36266.57,100.81,8.4317
36267.57,100.85,8.4317
36268.57,100.99,8.4317
36269.57,100.82,8.4317
36270.57,101.19,8.4318
36271.57,100.82,8.4318
36272.58,100.84,8.4318
36273.58,101.4,8.4318
36274.58,100.9,8.4317
36275.58,101.29,8.4317
36276.58,100.81,8.4317
36277.58,100.81,8.4317
36278.58,101.3,8.4317
36279.59,100.87,8.4317
36280.59,101.28,8.4317
36281.59,100.94,8.4318
36282.59,100.8,8.4318
36283.59,101.04,8.4319
36284.59,100.55,8.432
36285.6,100.52,8.432
36286.6,100.88,8.4318
36287.6,100.48,8.4318
36288.6,101.15,8.432
36289.6,100.89,8.432
36290.6,100.8,8.432
36291.6,101.03,8.432
36292.61,100.52,8.432
36293.61,100.93,8.432
36294.61,101.21,8.432
36295.61,100.74,8.432
36296.61,100.77,8.432
36297.61,101.14,8.432
36298.61,100.8,8.432
36299.62,100.77,8.432
36300.62,101.15,8.432
36301.62,100.71,8.432
36302.62,101.12,8.432
36303.62,100.85,8.4321
36304.62,100.75,8.4321
36305.62,101.19,8.4321
36306.63,100.75,8.4321
36307.63,101.18,8.4321
36308.63,100.86,8.4321
36309.63,100.84,8.4321
36310.63,101.11,8.4321
36311.63,100.79,8.4321
36312.64,101.17,8.4321
36313.64,100.88,8.4321
36314.64,100.82,8.4321
36315.64,101.19,8.4321
36316.64,100.82,8.4321
36317.64,138.96,6.0411
36318.64,335.88,2.7938
36319.65,349.1,2.9133
36320.65,327.23,3.195
36321.65,231.71,2.5813
36322.65,292.1,2.7392
36323.65,321.28,2.5684
36324.65,303.31,2.7517
36325.65,319.1,2.8621
36326.65,261.33,2.6088
36327.66,332.86,2.8309
36328.66,339.17,2.9873
36329.66,319.95,3.2528
36330.66,321.93,3.5059
36331.66,317.8,3.7756
36332.66,304.7,4.0662
36333.66,323.79,4.2895
36334.67,311.92,4.432
36335.67,150.71,4.4834
36336.67,119.82,4.5473
36337.67,106.08,4.6096
36338.67,114.36,4.6576
36339.67,105.41,4.7052
36340.68,103.1,4.7529
36341.68,149.24,4.8014
36342.68,100.76,4.8615
36343.68,102.15,4.9122
36344.68,127.21,4.9685
36345.68,100.62,5.0174
36346.68,103.01,5.0662
36347.69,100.71,5.1457
36348.69,103.61,5.1998
36349.69,101.74,5.2678
36350.69,101.67,5.3126
36351.69,101.77,5.3552
36352.69,189.34,5.4249
36353.7,138.92,5.4565
36354.7,101.41,5.4854
36355.7,100.81,5.514
36356.7,104.24,5.56
36357.7,101.24,5.5887
36358.7,103.11,5.6184
36359.7,109.48,5.6473
36360.71,100.86,5.6708
36361.71,100.89,5.6973
36362.71,101.26,5.7285
36363.71,100.88,5.7541
36364.71,100.81,5.7775
36365.71,101.23,5.804
36366.71,100.53,5.8218
36367.72,100.92,5.8258
36368.72,100.82,5.8422
36369.72,101.01,5.8709
36370.72,101.22,5.9209
36371.72,109.39,5.9366
36372.72,124.78,3.9438
36373.73,260.81,2.7439
36374.73,331.31,2.8866
36375.73,332.8,3.1945
36376.73,319.9,3.4943
36377.73,311.41,3.7721
36378.73,305.19,3.9726
36379.73,321.02,4.1592
36380.73,308.35,4.3937
36381.74,217.68,2.6691
36382.74,304.68,2.8535
36383.74,354.84,3.1343
36384.74,334.57,3.4714
36385.74,313.56,3.8012
36386.74,307.46,4.0558
36387.74,316.17,4.204
36388.75,327.93,4.3936
36389.75,239.68,2.6825
36390.75,346.07,2.9024
36391.75,345.39,3.1488
36392.76,325.35,3.4183
36393.76,317.43,3.7615
36394.76,312.74,4.0769
36395.76,320.86,4.3075
36396.76,191.27,4.397
36397.76,116.73,4.4853
36398.76,253.65,2.7259
36399.77,344.45,2.8897
36400.77,283.28,2.7439
36401.77,318.95,2.5221
36402.77,283.98,2.7496
36403.77,336.43,2.6111
36404.77,275.79,2.7404
36405.77,329.79,2.8553
36406.77,290.71,2.6665
36407.78,361.67,2.8554
36408.78,263.2,2.6353
36409.78,307.45,2.7906
36410.78,270.68,2.5969
36411.78,338.43,2.8347
36412.78,336.69,2.9594
36413.78,341.08,3.2495
36414.79,313.07,3.5525
36415.79,306.81,3.8243
36416.79,311.77,4.0252
36417.79,313.45,4.1961
36418.79,312.16,4.3993
36419.79,237.46,2.726
36420.79,354.09,2.912
36421.79,344.1,3.1903
36422.8,313.44,3.5129
36423.8,307.45,3.7935
36424.8,315.69,4.0684
36425.8,317.31,4.2632
36426.8,233.34,2.62
36427.8,351.14,2.8823
36428.8,378.28,3.1452
36429.81,334.95,3.5307
36430.81,318.19,3.8406
36431.81,324.49,4.1591
36432.81,320.76,4.4197
36433.81,211.18,4.5836
36434.81,123.54,4.6084
36435.81,101.74,4.6333
36436.82,103.04,4.6577
36437.82,103.13,4.6826
36438.82,102.85,4.7075
36439.82,102.58,4.7312
36440.82,108.69,4.7731
36441.82,104.17,4.8006
36442.82,105.23,4.8208
36443.83,101.39,4.8552
36444.83,104.01,4.8802
36445.83,105.03,4.9021
36446.83,146.23,4.9237
36447.83,107.98,4.949
36448.83,101.3,4.9619
36449.83,105.08,4.9801
36450.84,115.26,5.0086
36451.84,153.82,2.6114
36452.84,355.91,2.8611
36453.84,370.23,3.0824
36454.84,315.92,3.3943
36455.84,307.4,3.7151
36456.84,311.39,4.0082
36457.85,311.21,4.2386
36458.85,230.75,2.6116
36459.85,347.63,2.8712
36460.85,368.89,3.0976
36461.85,324.06,3.4212
36462.85,311.26,3.7384
36463.85,308.22,4.0414
36464.85,314.06,4.2685
36465.86,325.07,4.6024
36466.86,248.67,4.9583
36467.86,162.47,5.243
36468.86,143.06,5.333
36469.86,102.66,5.3748
36470.86,105.95,5.4229
36471.86,102.8,5.4844
36472.87,104.36,5.5279
36473.87,107.03,5.5689
36474.87,103.19,5.6246
36475.87,100.89,5.6627
36476.87,101.06,5.6969
36477.87,101.28,5.7327
36478.87,103.69,5.7753
36479.87,109.23,5.8081
36480.88,103.46,5.8403
36481.88,102.12,5.872
36482.88,100.67,5.8968
36483.88,101.03,5.9063
36484.88,100.58,5.9159
36485.88,100.58,5.9258
36486.88,100.99,5.936
36487.89,100.58,5.946
36488.89,101.05,5.9557
36489.89,100.58,5.9649
36490.89,100.88,5.9741
36491.89,101.26,5.9835
36492.89,141.88,5.9929
36493.9,144.44,6.0016
36494.9,114.31,6.0111
36495.9,100.86,6.0196
36496.9,101.53,6.0294
36497.9,100.8,6.0393
36498.9,102.31,6.0523
36499.91,101.22,6.0711
36500.91,105.07,6.0859
36501.91,101.23,6.1119
36502.91,100.68,6.1182
36503.91,100.58,6.1382
36504.91,101.07,6.1628
36505.91,100.82,6.1636
36506.92,167.24,2.6078
36507.92,326.57,2.7971
36508.92,352.01,2.9567
36509.92,330.61,3.201
36510.92,277.65,2.7399
36511.92,307.27,2.858
36512.92,341.6,3.0872
36513.93,282.37,3.2316
36514.93,192.0,2.6288
36515.93,361.04,2.8202
36516.93,327.43,2.5128
36517.93,288.44,2.757
36518.93,319.08,2.8624
36519.93,265.14,2.6469
36520.93,346.6,2.8172
36521.94,357.23,3.0397
36522.94,261.52,2.7404
36523.94,322.2,2.8454
36524.94,341.34,3.0737
36525.94,253.35,2.6273
36526.94,305.81,2.7951
36527.94,355.31,2.9882
36528.95,264.46,2.6027
36529.95,291.39,2.7732
36530.95,340.28,2.9292
36531.95,322.89,3.2006
36532.95,259.96,2.7289
36533.95,341.36,2.9222
36534.95,365.52,3.102
36535.95,252.54,2.61
36536.96,325.29,2.7858
36537.96,359.19,2.9609
36538.96,258.09,2.6228
36539.96,336.73,2.8851
36540.96,305.22,3.2217
36541.96,292.78,3.3618
36542.96,353.02,3.5489
36543.97,327.8,3.7881
36544.97,314.58,4.0224
36545.97,307.31,4.2245
36546.97,303.77,4.4778
36547.97,301.02,4.6714
36548.97,304.42,4.9295
36549.97,300.31,5.1176
36550.97,299.6,5.2594
36551.98,307.83,5.518
36552.98,204.74,5.7537
36553.98,202.14,5.9604
36554.98,120.09,6.0886
36555.98,128.69,6.2054
36556.98,162.9,6.3159
36557.98,148.58,6.4118
36558.99,133.12,6.6329
36559.99,124.98,6.7946
36560.99,129.88,6.8815
36561.99,103.01,6.9576
36562.99,105.64,7.0253
36563.99,101.63,7.1081
36564.99,122.7,7.1802
36566.0,111.49,7.2309
36567.0,150.62,7.5006
36568.0,101.2,7.5525
36569.0,182.65,7.8927
36570.0,114.63,7.8989
36571.0,138.2,7.9909
36572.0,163.09,7.9908
36573.01,235.41,7.9908
36574.01,166.55,7.9908
36575.01,118.17,7.9909
36576.01,101.02,7.9909
36577.01,110.7,7.9909
36578.01,101.29,7.9909
36579.02,103.63,7.9911
36580.02,102.29,7.9911
36581.02,101.01,7.9911
36582.02,101.46,7.9911
36583.02,100.95,7.9911
36584.02,105.63,7.9911
36585.02,107.79,7.9911
36586.03,100.5,7.9911
36587.03,105.27,7.9911
36588.03,104.56,7.9911
36589.03,110.4,7.9911
36590.03,119.91,7.9911
36591.03,103.11,7.9911
36592.04,112.72,7.991
36593.04,101.26,7.9911
36594.04,100.6,7.9911
36595.04,100.95,7.9911
36596.04,101.21,7.9911
36597.04,102.25,7.9911
36598.05,100.91,7.9911
36599.05,100.98,7.9911
36600.05,102.47,7.9911
36601.05,108.64,7.9911
36602.05,104.9,7.9911
36603.05,100.89,7.9911
36604.06,100.65,7.9911
36605.06,101.34,7.991
36606.06,100.62,7.991
36607.06,101.02,7.9911
36608.06,102.27,7.9911
36609.06,100.86,7.9911
36610.06,101.52,7.9911
36611.07,100.85,7.9911
36612.07,101.34,7.9912
36613.07,101.29,7.9912
36614.07,103.57,7.9912
36615.07,105.14,7.9912
36616.07,101.55,7.9912
36617.07,101.94,7.9912
36618.08,107.9,7.9912
36619.08,100.93,7.9912
36620.08,100.97,7.9911
36621.08,101.3,7.9911
36622.08,100.68,7.9911
36623.08,100.62,7.9912
36624.08,102.56,7.9912
36625.09,169.74,7.9913
36626.09,299.64,8.3187
36627.09,236.19,8.321
36628.09,173.49,2.6444
36629.09,306.15,2.8004
36630.09,269.44,2.6293
36631.09,327.11,2.7905
36632.09,271.2,2.6164
36633.1,321.95,2.7807
36634.1,279.56,2.6104
36635.1,317.36,2.7784
36636.1,293.21,2.6059
36637.1,312.85,2.7896
36638.1,271.22,2.6069
36639.1,312.05,2.7752
36640.11,300.46,2.6044
36641.11,297.27,2.7704
36642.11,300.48,2.5991
36643.11,305.38,2.7755
36644.11,234.43,2.6131
36645.11,295.69,2.7864
36646.11,264.74,2.6629
36647.11,339.14,2.9857
36648.12,353.78,3.0993
36649.12,351.62,3.3118
36650.12,326.26,3.5998
36651.12,314.19,3.8678
36652.12,312.33,4.1243
36653.12,304.65,4.3533
36654.12,307.22,4.6068
36655.13,304.49,4.8212
36656.13,303.89,5.0827
36657.13,308.92,5.3911
36658.13,301.58,5.6563
36659.13,303.26,5.8422
36660.13,312.37,6.0818
36661.13,313.68,6.3407
36662.13,249.54,6.4745
36663.14,170.08,6.7541
36664.14,216.35,6.9698
36665.14,169.78,7.2162
36666.14,165.96,7.3731
36667.14,153.41,7.5157
36668.14,285.4,7.7428
36669.15,128.91,7.7428
36670.15,109.8,7.7428
36671.15,128.92,7.743
36672.15,186.84,7.7431
36673.15,173.66,7.7502
36674.15,109.95,7.7502
36675.15,114.44,7.7502
36676.16,105.59,7.7424
36677.16,115.89,7.7562
36678.16,126.73,7.8376
36679.16,100.88,7.8425
36680.16,101.33,7.8425
36681.16,101.24,7.8425
36682.16,218.43,7.8563
36683.17,157.74,7.8565
36684.17,106.23,7.8565
36685.17,137.11,3.0476
36686.17,268.82,2.7467
36687.17,317.55,3.031
36688.17,355.16,3.1428
36689.17,330.36,3.3839
36690.17,325.62,3.6826
36691.18,314.32,3.9399
36692.18,307.26,4.2088
36693.18,303.27,4.441
36694.18,305.81,4.681
36695.18,305.05,4.9208
36696.18,306.95,5.2037
36697.18,304.62,5.4511
36698.19,301.37,5.7312
36699.19,302.54,5.8914
36700.19,309.79,6.1122
36701.19,301.69,6.3624
36702.19,302.56,6.481
36703.19,303.85,6.7461
36704.19,305.0,6.8898
36705.2,301.53,7.1032
36706.2,300.84,7.3076
36707.2,301.12,7.4334
36708.2,317.75,7.757
36709.2,302.21,7.7986
36710.2,168.09,7.7986
36711.21,125.82,7.79
36712.21,192.16,7.7902
36713.21,216.63,7.7904
36714.21,120.73,7.7904
36715.21,145.38,2.6185
36716.21,337.72,2.9033
36717.21,332.78,3.0695
36718.21,365.0,3.2449
36719.22,329.98,3.4613
36720.22,317.43,3.7194
36721.22,313.44,3.9235
36722.22,308.58,4.121
36723.22,301.5,4.3065
36724.22,304.63,4.5449
36725.22,312.12,4.7573
36726.23,307.24,4.9907
36727.23,306.06,5.3323
36728.23,305.27,5.5654
36729.23,302.54,5.7797
36730.23,302.71,5.9649
36731.23,303.47,6.1988
36732.23,301.92,6.3996
36733.23,273.81,6.6053
36734.24,177.33,6.7866
36735.24,230.71,7.0145
36736.24,171.88,7.235
36737.24,187.33,7.3747
36738.24,178.92,7.4918
36739.24,323.98,7.783
36740.25,296.95,7.7947
36741.25,298.1,7.9246
36742.25,296.73,7.9679
36743.25,191.45,5.7431
36744.25,218.42,2.7052
36745.25,327.33,3.0581
36746.25,367.99,3.2537
36747.26,339.9,3.519
36748.26,327.7,3.7962
36749.26,313.91,4.0225
36750.26,313.52,4.2407
36751.26,304.69,4.4567
36752.26,302.49,4.6575
36753.26,303.32,4.8353
36754.27,305.9,5.0406
36755.27,309.65,5.3691
36756.27,303.99,5.5986
36757.27,300.8,5.789
36758.27,304.65,5.9531
36759.27,309.06,6.1681
36760.27,304.95,6.357
36761.28,300.85,6.5472
36762.28,265.45,6.7048
36763.28,257.03,6.9115
36764.28,291.8,7.1557
36765.28,151.65,7.275
36766.28,177.61,7.3909
36767.28,302.55,7.7231
36768.29,136.67,2.6131
36769.29,334.97,2.8695
36770.29,326.92,3.0657
36771.29,365.31,3.2443
36772.29,322.85,3.4388
36773.29,330.6,3.726
36774.29,315.05,4.0094
36775.29,313.1,4.2552
36776.3,305.61,4.4952
36777.3,304.95,4.7438
36778.3,307.76,4.9604
36779.3,302.8,5.1965
36780.3,301.82,5.4393
36781.3,304.08,5.662
36782.31,302.52,5.9139
36783.31,301.02,6.0948
36784.31,297.5,6.2955
36785.31,311.59,6.5065
36786.31,296.26,6.7864
36787.31,227.69,6.9513
36788.31,192.67,7.1747
36789.32,177.59,2.6057
36790.32,334.09,2.9059
36791.32,339.68,3.0845
36792.32,345.58,3.3452
36793.32,330.09,3.6403
36794.32,306.8,3.8389
36795.32,308.71,4.0793
36796.33,311.59,4.3258
36797.33,306.78,4.5851
36798.33,307.33,4.8222
36799.33,304.19,5.0645
36800.33,303.63,5.3542
36801.33,305.79,5.6167
36802.33,302.5,5.8532
36803.33,308.45,6.0571
36804.34,302.39,6.2983
36805.34,301.1,6.5072
36806.34,302.74,6.6511
36807.34,277.08,5.7375
36808.34,192.9,2.6643
36809.34,335.51,2.9963
36810.34,314.78,3.1066
36811.35,328.56,3.3768
36812.35,319.04,3.6827
36813.35,319.5,4.014
36814.35,309.84,4.2792
36815.35,306.25,4.5378
36816.35,306.03,4.7774
36817.35,304.3,5.0781
36818.35,306.0,5.333
36819.36,307.78,5.604
36820.36,301.49,5.861
36821.36,305.6,6.0866
36822.36,302.17,6.2728
36823.36,302.25,6.4922
36824.36,308.19,6.7285
36825.36,155.81,2.6041
36826.37,332.24,2.9082
36827.37,342.68,3.0762
36828.37,338.98,3.3023
36829.37,316.75,3.5541
36830.37,310.31,3.8167
36831.37,308.97,4.0744
36832.37,304.37,4.3447
36833.37,234.14,2.6039
36834.38,319.96,2.8358
36835.38,331.85,3.0265
36836.38,353.5,3.197
36837.38,326.8,3.4731
36838.38,311.64,3.7263
36839.38,305.29,4.0188
36840.38,306.13,4.2996
36841.39,321.25,4.5999
36842.39,227.21,2.5945
36843.39,299.26,2.8074
36844.39,306.06,3.0182
36845.39,352.74,3.2055
36846.39,329.21,3.4548
36847.39,307.87,3.7106
36848.4,311.25,3.9838
36849.4,309.08,4.2388
36850.4,319.53,4.5025
36851.4,244.8,4.7049
36852.4,157.68,2.6179
36853.4,337.17,2.9259
36854.4,362.64,3.0868
36855.41,341.35,3.3572
36856.41,318.77,3.6081
36857.41,312.34,3.853
36858.41,309.7,4.0877
36859.41,305.3,4.3072
36860.41,331.04,4.5622
36861.41,257.58,4.8957
36862.41,266.48,5.2679
36863.42,303.52,5.6346
36864.42,290.76,6.0229
36865.42,245.06,6.4091
36866.42,210.51,6.4649
36867.42,200.67,6.4989
36868.42,158.78,3.888
36869.42,270.86,2.8164
36870.42,348.06,3.0678
36871.43,367.59,3.3485
36872.43,335.57,3.6258
36873.43,315.05,3.9379
36874.43,313.38,4.217
36875.43,318.94,4.4973
36876.43,192.17,4.9809
36877.43,182.35,5.4532
36878.44,111.02,5.9573
36879.44,130.21,6.4523
36880.44,131.72,6.9388
36881.44,112.6,7.0243
36882.44,124.56,7.0558
36883.44,125.58,6.1956
36884.45,195.77,2.6674
36885.45,334.71,2.9583
36886.45,357.55,3.0802
36887.45,351.09,3.3263
36888.45,323.83,3.5869
36889.45,316.7,3.854
36890.45,310.71,4.1229
36891.45,264.94,4.2865
36892.46,172.84,4.4106
36893.46,139.53,4.4808
36894.46,113.79,4.5427
36895.46,181.1,4.5967
36896.46,202.49,4.6559
36897.46,137.34,4.6955
36898.46,124.54,4.7463
36899.47,102.98,4.7816
36900.47,101.3,4.7923
36901.47,122.2,4.7992
36902.47,129.09,4.8057
36903.47,113.6,4.8133
36904.47,104.31,4.7909
36905.47,105.7,4.7996
36906.48,123.49,4.8083
36907.48,118.0,4.8187
36908.48,103.63,4.8347
36909.48,100.84,4.8405
36910.48,101.17,4.8465
36911.48,102.76,4.8544
36912.48,106.34,4.8868
36913.48,105.61,4.8948
36914.49,100.84,4.9001
36915.49,100.9,4.906
36916.49,147.57,4.9118
36917.49,200.3,4.9353
36918.49,201.15,4.9468
36919.49,129.8,4.963
36920.5,105.28,5.0151
36921.5,112.15,5.0225
36922.5,102.93,5.0286
36923.5,101.46,5.0371
36924.5,101.05,5.0426
36925.5,100.82,5.0497
36926.5,101.19,5.0588
36927.51,100.53,5.0615
36928.51,105.15,5.0676
36929.51,101.2,5.0745
36930.51,100.82,5.0868
36931.51,101.24,5.0931
36932.51,102.22,5.1039
36933.51,102.88,5.1133
36934.52,101.26,5.1235
36935.52,107.31,5.134
36936.52,100.62,5.1421
36937.52,101.24,5.1542
36938.52,110.46,5.1993
36939.52,101.2,5.2334
36940.53,101.21,5.2563
36941.53,108.02,5.282
36942.53,101.28,5.3066
36943.53,100.93,5.3341
36944.53,101.4,5.3631
36945.53,100.86,5.4077
36946.54,100.61,5.4368
36947.54,101.69,5.4634
36948.54,104.02,5.4861
36949.54,101.27,5.5116
36950.54,100.86,5.5264
36951.54,100.86,5.5326
36952.54,101.43,5.5448
36953.55,102.99,5.5563
36954.55,112.84,5.5644
36955.55,108.45,5.5824
36956.55,100.58,5.5904
36957.55,101.3,5.5974
36958.55,100.95,5.6296
36959.56,100.9,5.639
36960.56,102.99,5.647
36961.56,100.85,5.6543
36962.56,101.47,5.6666
36963.56,100.97,5.6749
36964.56,101.04,5.7391
36965.56,101.47,5.7482
36966.57,100.85,5.7589
36967.57,100.87,5.7661
36968.57,101.4,5.7767
36969.57,100.88,5.7825
36970.57,101.98,5.7915
36971.57,101.62,5.8423
36972.57,133.4,2.6177
36973.58,340.73,2.9111
36974.58,357.46,3.0531
36975.58,345.98,3.3296
36976.58,325.42,3.5984
36977.58,312.28,3.8716
36978.58,311.02,4.1296
36979.58,212.23,2.6359
36980.58,340.55,2.9111
36981.59,298.25,3.0382
36982.59,344.23,3.2659
36983.59,325.92,3.5529
36984.59,311.39,3.8315
36985.59,305.9,4.0777
36986.59,331.58,4.3927
36987.59,227.35,2.6948
36988.59,301.62,2.9343
36989.6,350.1,3.0896
36990.6,272.45,2.763
36991.6,341.28,2.9894
36992.6,264.91,2.6443
36993.6,338.72,2.9437
36994.6,355.63,3.1038
36995.6,350.3,3.4225
36996.6,315.82,3.6917
36997.61,314.66,3.9144
36998.61,313.24,4.1223
36999.61,306.57,4.3817
37000.61,303.69,4.6216
37001.61,305.85,4.8575
37002.61,301.08,5.0341
37003.61,304.76,5.2143
37004.62,302.89,5.42
37005.62,310.45,5.5585
37006.62,282.06,3.8345
37007.62,263.34,2.8004
37008.62,338.59,3.0166
37009.62,351.57,3.3079
37010.62,330.38,3.624
37011.63,311.76,3.957
37012.63,311.76,4.2331
37013.63,306.09,4.5134
37014.63,302.35,4.7882
37015.63,302.29,5.055
37016.63,305.66,5.3055
37017.63,301.4,5.4484
37018.63,303.75,5.5982
37019.64,302.08,5.7076
37020.64,298.13,5.8973
37021.64,221.36,6.0484
37022.64,264.53,3.8402
37023.64,254.1,2.7733
37024.64,352.61,2.9482
37025.64,338.87,3.2176
37026.65,237.92,2.6996
37027.65,328.16,2.8995
37028.65,352.75,3.1678
37029.65,252.32,2.7426
37030.65,323.52,2.9087
37031.65,344.91,3.1343
37032.65,323.97,3.403
37033.65,316.77,3.6777
37034.66,305.71,3.975
37035.66,306.42,4.2657
37036.66,302.11,4.5703
37037.66,306.25,4.8821
37038.66,301.23,5.3007
37039.66,318.2,5.646
37040.66,323.61,6.0512
37041.67,202.32,2.6752
37042.67,350.01,2.9048
37043.67,360.52,3.1913
37044.67,327.57,3.5312
37045.67,315.02,3.9116
37046.67,308.69,4.303
37047.67,302.01,4.7052
37048.67,305.06,5.1208
37049.68,310.52,5.5018
37050.68,318.27,5.7241
37051.68,266.37,5.7731
37052.68,177.14,5.8258
37053.68,180.52,5.9762
37054.68,106.1,6.0781
37055.68,103.56,6.1183
37056.69,119.38,2.6414
37057.69,292.39,2.8262
37058.69,300.02,2.9284
37059.69,335.69,3.1753
37060.69,319.42,3.4359
37061.69,311.45,3.734
37062.69,309.58,4.0359
37063.7,302.43,4.3607
37064.7,314.98,4.6633
37065.7,311.36,5.1217
37066.7,121.85,5.1919
37067.7,104.67,5.2196
37068.7,190.32,5.2854
37069.7,230.62,5.4918
37070.7,197.81,2.6651
37071.71,332.36,2.8821
37072.71,347.86,3.1855
37073.71,317.82,3.4563
37074.71,312.48,3.7454
37075.71,309.46,4.0322
37076.71,304.4,4.342
37077.71,310.39,4.621
37078.72,329.97,4.8259
37079.72,256.98,5.0619
37080.72,182.18,2.6627
37081.72,345.06,2.8598
37082.72,354.24,3.1821
37083.72,317.47,3.5744
37084.72,262.74,2.6059
37085.73,311.65,2.891
37086.73,312.25,3.191
37087.73,367.12,3.3845
37088.73,355.74,3.6506
37089.73,338.11,3.9272
37090.73,311.6,4.1639
37091.73,307.77,4.3981
37092.74,303.48,4.6096
37093.74,303.86,4.7811
37094.74,303.63,4.8948
37095.74,309.52,5.0067
37096.74,305.77,5.1278
37097.74,204.69,5.2074
37098.75,179.1,5.3045
37099.75,232.64,5.3996
37100.75,173.59,5.4683
37101.75,170.38,5.5297
37102.75,307.79,5.6142
37103.75,182.29,5.6746
37104.75,118.72,5.7349
37105.76,158.06,5.8264
37106.76,117.95,5.8857
37107.76,127.37,5.967
37108.76,179.56,6.0581
37109.76,202.42,6.1029
37110.76,128.3,6.1728
37111.76,135.86,6.2978
37112.77,153.75,6.3642
37113.77,145.44,6.4414
37114.77,150.33,6.4858
37115.77,119.55,6.5544
37116.77,131.57,6.628
37117.77,159.4,6.6841
37118.78,103.21,6.7358
37119.78,124.14,6.8075
37120.78,120.77,6.8511
37121.78,124.86,6.9037
37122.78,120.62,6.9604
37123.78,100.69,6.9894
37124.78,109.62,7.0743
37125.79,124.5,7.1223
37126.79,116.63,7.18
37127.79,136.46,7.2421
37128.79,107.43,7.3278
37129.79,155.39,7.4463
37130.79,328.78,7.7766
37131.79,307.97,7.7844
37132.8,153.55,2.6278
37133.8,296.93,2.7989
37134.8,348.56,2.9755
37135.8,319.72,3.3412
37136.8,242.9,2.6159
37137.8,318.41,2.8057
37138.8,280.53,2.6471
37139.81,345.02,2.8307
37140.81,357.93,3.0346
37141.81,261.74,2.6888
37142.81,310.16,2.8273
37143.81,270.02,2.6568
37144.81,321.0,2.8198
37145.81,290.92,2.6282
37146.81,319.25,2.7976
37147.82,318.48,2.6167
37148.82,297.13,2.7887
37149.82,316.08,2.5929
37150.82,293.45,2.7866
37151.82,330.65,2.8934
37152.82,266.28,2.7358
37153.82,317.77,2.856
37154.83,272.39,2.6866
37155.83,316.51,2.8332
37156.83,273.99,2.6411
37157.83,326.21,2.8038
37158.83,267.55,2.7127
37159.83,344.86,2.854
37160.83,347.5,2.8679
37161.83,277.74,2.7617
37162.84,334.19,2.874
37163.84,293.88,2.6092
37164.84,294.93,2.7819
37165.84,317.74,2.9044
37166.84,277.44,2.6162
37167.84,295.41,2.7874
37168.84,270.16,2.6321
37169.84,319.05,2.8063
37170.85,376.27,2.9882
37171.85,267.57,2.7153
37172.85,275.28,2.6071
37173.85,302.29,2.8135
37174.85,326.31,2.9282
37175.85,339.45,3.1529
37176.85,322.16,3.3883
37177.86,307.62,3.6325
37178.86,308.99,3.8778
37179.86,305.39,4.1173
37180.86,302.72,4.3539
37181.86,279.06,3.8977
37182.86,270.6,2.8401
37183.86,356.34,2.9772
37184.86,281.49,2.7729
37185.87,360.83,2.9626
37186.87,295.39,3.4047
37187.87,241.4,2.6823
37188.87,316.75,2.8306
37189.87,291.58,2.7786
37190.87,346.9,2.9158
37191.87,267.49,2.7237
37192.87,323.48,2.8632
37193.88,274.38,2.6752
37194.88,318.27,2.8422
37195.88,275.92,2.6723
37196.88,320.44,2.8356
37197.88,342.76,3.1845
37198.88,320.38,3.6186
37199.88,306.39,4.0596
37200.88,326.29,4.4337
37201.88,182.89,4.9226
37202.89,139.78,5.3837
37203.89,168.8,5.474
37204.89,101.11,5.5169
37205.89,102.93,5.5501
37206.89,105.61,5.5729
37207.89,101.76,5.5961
37208.9,100.73,5.6159
37209.9,101.21,5.634
37210.9,100.9,5.6458
37211.9,101.22,5.6609
37212.9,100.85,5.6741
37213.9,126.24,2.6182
37214.9,301.17,2.8028
37215.91,330.27,2.9369
37216.91,328.18,3.3034
37217.91,317.69,3.7477
37218.91,288.42,3.1531
37219.91,261.3,2.7646
37220.91,351.74,2.9017
37221.91,334.02,3.2867
37222.91,315.88,3.7295
37223.92,319.6,4.1142
37224.92,311.14,4.5134
37225.92,217.92,5.004
37226.92,128.8,5.5167
37227.92,118.38,6.0205
37228.92,106.51,6.5362
37229.92,108.01,7.0574
37230.92,122.19,7.209
37231.93,101.35,7.2538
37232.93,103.41,7.288
37233.93,102.59,7.3146
37234.93,100.49,7.3405
37235.93,101.1,7.3647
37236.93,100.64,7.3867
37237.93,100.85,7.4117
37238.94,101.13,7.4371
37239.94,100.55,7.4527
37240.94,104.58,7.4696
37241.94,100.92,7.4847
37242.94,150.97,7.5693
37243.94,132.86,7.6152
37244.94,101.65,7.6775
37245.95,112.08,7.7336
37246.95,110.66,3.5627
37247.95,269.86,2.7989
37248.95,358.94,2.9346
37249.95,257.22,2.6706
37250.95,346.6,2.8637
37251.95,288.83,2.6343
37252.96,298.73,2.8336
37253.96,341.05,2.9737
37254.96,189.48,3.2253
37255.96,122.05,2.9299
37256.96,267.37,2.7724
37257.96,337.66,2.892
37258.96,340.83,3.1578
37259.97,303.47,3.4468
37260.97,309.72,3.6993
37261.97,197.47,2.6633
37262.97,341.49,2.8481
37263.97,352.53,3.0314
37264.97,321.44,3.267
37265.98,245.28,2.655
37266.98,320.13,2.8523
37267.98,316.41,3.0144
37268.98,275.17,2.7895
37269.98,328.72,2.9033
37270.98,263.72,2.6417
37271.98,318.84,2.8135
37272.99,359.62,2.9695
37273.99,259.47,2.7123
37274.99,307.94,2.8866
37275.99,347.22,3.0912
37276.99,301.77,2.6033
37277.99,296.97,2.8073
37278.99,340.92,2.9473
37279.99,350.0,3.2251
37281.0,263.0,2.6559
37282.0,355.88,2.9164
37283.0,362.46,3.093
37284.0,322.9,3.3463
37285.0,228.31,2.6535
37286.01,297.0,2.8239
37287.01,361.7,2.9895
37288.01,339.01,3.2462
37289.01,262.26,2.6177
37290.01,303.26,2.8254
37291.01,354.22,2.9637
37292.01,280.39,2.5535
37293.01,285.2,2.8005
37294.02,347.57,2.9688
37295.02,354.49,3.1795
37296.02,329.28,3.4412
37297.02,221.51,2.6862
37298.02,316.26,2.9126
37299.02,366.43,3.082
37300.02,328.11,3.3467
37301.03,224.42,2.6585
37302.03,334.91,2.8256
37303.03,269.24,2.6656
37304.03,323.64,2.8255
37305.03,275.7,2.6565
37306.03,334.69,2.8281
37307.03,367.25,2.9972
37308.03,344.55,3.2703
37309.04,244.13,2.6868
37310.04,303.37,2.8338
37311.04,274.99,2.6983
37312.04,319.04,2.8417
37313.04,255.73,2.6845
37314.04,348.74,2.8597
37315.04,268.68,2.6875
37316.05,321.83,2.707
37317.05,275.68,2.7922
37318.05,351.08,2.9097
37319.05,334.58,3.1761
37320.05,253.86,2.6442
37321.05,319.69,2.8155
37322.05,299.32,2.6319
37323.05,305.1,2.7979
37324.06,306.43,2.6202
37325.06,296.44,2.7965
37326.06,371.72,2.9757
37327.06,247.75,2.7007
37328.06,325.48,3.0043
37329.06,246.54,3.3673
37330.06,151.3,3.7445
37331.07,113.35,4.1263
37332.07,127.33,4.5829
37333.07,150.35,5.0653
37334.07,273.61,5.2117
37335.07,335.49,5.3577
37336.07,328.21,5.5584
37337.07,309.73,5.7444
37338.08,302.7,5.9598
37339.08,316.35,6.1779
37340.08,290.49,6.4586
37341.08,307.47,6.7006
37342.08,301.23,6.889
37343.08,314.95,7.1026
37344.08,237.1,7.2771
37345.09,143.37,2.6613
37346.09,335.51,2.9423
37347.09,315.81,3.0492
37348.09,265.32,2.6497
37349.09,308.78,2.82
37350.09,352.95,3.0241
37351.09,275.93,2.7914
37352.09,363.36,2.9805
37353.1,274.3,2.7627
37354.1,348.66,2.9999
37355.1,346.62,3.2109
37356.1,318.2,3.4709
37357.1,326.4,3.7129
37358.11,233.94,2.7186
37359.11,291.57,2.9339
37360.11,366.13,3.1091
37361.11,335.69,3.3625
37362.11,246.28,2.6957
37363.11,313.74,2.8592
37364.11,268.11,2.7757
37365.11,286.51,2.5789
37366.12,294.37,2.8215
37367.12,326.17,2.9369
37368.12,341.15,3.2456
37369.12,313.8,3.635
37370.12,184.52,2.6787
37371.12,339.65,2.8507
37372.13,348.02,2.8712
37373.13,273.59,2.7932
37374.13,351.76,2.9753
37375.13,259.39,2.7551
37376.13,287.48,2.637
37377.13,314.16,2.8595
37378.13,299.45,3.0786
37379.13,362.08,3.2542
37380.14,334.99,3.5519
37381.14,319.19,3.8772
37382.14,311.02,4.1885
37383.14,313.4,4.5172
37384.14,301.61,4.8213
37385.14,301.88,5.1136
37386.14,303.3,5.4181
37387.15,304.31,5.6739
37388.15,305.59,5.9717
37389.15,305.06,6.2401
37390.15,308.17,6.5175
37391.15,303.93,6.8213
37392.15,287.8,7.1543
37393.15,247.27,7.3773
37394.15,278.1,7.7431
37395.16,166.96,7.7432
37396.16,110.09,7.7433
37397.16,187.35,7.8059
37398.16,300.71,7.8441
37399.16,125.72,7.844
37400.16,113.91,7.844
37401.16,102.51,7.844
37402.17,100.99,7.8441
37403.17,102.96,7.8441
37404.17,205.36,7.844
37405.17,127.43,7.844
37406.17,142.34,7.844
37407.17,155.02,7.8442
37408.17,100.81,7.8442
37409.18,103.36,7.8443
37410.18,100.78,7.8442
37411.18,100.92,7.8443
37412.18,101.4,7.8443
37413.18,100.92,7.8443
37414.18,100.97,7.8442
37415.18,104.27,7.8443
37416.19,100.51,7.8443
37417.19,105.9,7.8443
37418.19,103.08,7.8443
37419.19,102.88,7.8443
37420.19,107.31,7.8443
37421.19,104.88,7.8443
37422.2,119.55,4.8476
37423.2,221.28,2.7273
37424.2,318.48,3.0344
37425.2,330.01,3.1466
37426.2,341.32,3.434
37427.2,315.59,3.7419
37428.2,311.78,4.0728
37429.21,306.24,4.3925
37430.21,306.13,4.684
37431.21,308.64,4.9926
37432.21,301.22,5.2592
37433.21,303.84,5.5752
37434.21,305.9,5.8438
37435.21,311.41,6.1539
37436.21,285.11,6.4294
37437.22,187.98,6.732
37438.22,125.3,6.9817
37439.22,119.64,7.2303
37440.22,150.34,7.4286
37441.22,165.04,7.7763
37442.22,131.42,7.7763
37443.23,127.89,7.8766
37444.23,261.96,7.8764
37445.23,315.67,7.8769
37446.23,133.83,2.6513
37447.23,339.04,2.9926
37448.23,339.19,3.1541
37449.23,350.14,3.382
37450.23,322.39,3.623
37451.24,311.78,3.8753
37452.24,305.35,4.1478
37453.24,310.05,4.4127
37454.24,304.49,4.7658
37455.24,304.91,5.0665
37456.24,302.24,5.4261
37457.24,306.26,5.7002
37458.25,275.93,6.0603
37459.25,245.69,6.3564
37460.25,187.34,6.695
37461.25,168.6,7.0246
37462.25,119.06,7.3616
37463.25,192.51,7.7357
37464.25,158.84,7.837
37465.26,115.85,7.8371
37466.26,147.18,7.8371
37467.26,194.0,7.8372
37468.26,179.8,2.6561
37469.26,282.19,2.631
37470.26,289.27,2.8168
37471.26,337.77,2.9636
37472.27,267.25,2.7284
37473.27,233.87,2.6707
37474.27,318.24,2.8308
37475.27,349.61,3.0352
37476.27,341.39,3.3063
37477.27,261.95,3.6854
37478.27,190.22,4.089
37479.27,271.59,4.5709
37480.28,301.46,5.1116
37481.28,301.71,5.2507
37482.28,265.77,5.3154
37483.28,205.91,5.3733
37484.28,100.76,5.4152
37485.28,114.02,5.4789
37486.28,101.7,5.5295
37487.28,165.35,5.7194
37488.29,124.14,5.5098
37489.29,199.23,2.7111
37490.29,316.1,2.8865
37491.29,354.4,3.1597
37492.29,306.16,3.3619
37493.29,293.02,3.4965
37494.29,158.0,3.5809
37495.3,103.42,3.6611
37496.3,119.36,3.7469
37497.3,160.48,3.8394
37498.3,149.23,3.8963
37499.3,102.63,3.9478
37500.3,101.27,3.9988
37501.3,102.44,4.0413
37502.31,102.6,4.0831
37503.31,101.31,4.1201
37504.31,103.78,4.1554
37505.31,100.71,4.1914
37506.31,102.5,4.2261
37507.31,150.17,4.3999
37508.31,128.77,4.7197
37509.32,109.33,5.0887
37510.32,102.98,5.2486
37511.32,100.76,5.3261
37512.32,130.5,5.5877
37513.32,100.81,5.6558
37514.32,101.38,5.7039
37515.33,102.09,5.7427
37516.33,100.66,5.777
37517.33,101.57,5.812
37518.33,100.78,5.8489
37519.33,101.16,5.8822
37520.33,100.72,5.9145
37521.33,101.19,5.9396
37522.34,101.15,5.9607
37523.34,100.86,6.0241
37524.34,104.07,6.2308
37525.34,101.14,6.3902
37526.34,100.97,6.4557
37527.34,110.94,6.5175
37528.34,158.09,2.676
37529.35,342.95,2.8527
37530.35,347.75,3.0567
37531.35,338.75,3.2635
37532.35,187.33,3.3182
37533.35,138.78,3.3759
37534.35,129.38,3.418
37535.35,107.04,3.4535
37536.36,101.06,3.4865
37537.36,112.83,3.5203
37538.36,100.94,3.5501
37539.36,101.11,3.5788
37540.36,105.28,3.6056
37541.36,103.03,3.6304
37542.36,101.12,3.6519
37543.37,103.55,3.6729
37544.37,100.77,3.694
37545.37,101.18,3.7132
37546.37,100.79,3.7313
37547.37,101.17,3.7492
37548.37,115.94,3.7667
37549.37,101.91,3.7834
37550.38,102.61,3.7984
37551.38,100.78,3.8136
37552.38,102.63,3.8274
37553.38,111.78,3.8401
37554.38,104.37,3.8527
37555.38,101.12,3.8664
37556.38,101.97,3.8794
37557.39,100.78,3.8923
37558.39,100.91,3.9057
37559.39,101.24,3.9204
37560.39,100.76,3.9337
37561.39,101.44,3.9457
37562.39,103.98,3.9576
37563.39,101.08,3.9692
37564.4,100.74,3.9803
37565.4,101.26,3.9907
37566.4,100.83,4.0015
37567.4,101.18,4.0118
37568.4,101.24,4.0221
37569.4,100.75,4.0299
37570.4,100.99,4.038
37571.41,100.57,4.0467
37572.41,100.55,4.0553
37573.41,101.28,4.0641
37574.41,100.71,4.0734
37575.41,101.15,4.0825
37576.41,100.92,4.0905
37577.41,100.49,4.0988
37578.42,100.96,4.1071
37579.42,100.52,4.1153
37580.42,100.82,4.1234
37581.42,100.93,4.1311
37582.42,100.67,4.1386
37583.42,100.85,4.1466
37584.42,101.05,4.1537
37585.43,101.15,4.1631
37586.43,100.96,4.17
37587.43,100.49,4.1765
37588.43,100.8,4.1837
37589.43,101.21,4.1894
37590.43,100.68,4.1969
37591.43,100.72,4.2039
37592.44,101.01,4.2101
37593.44,100.67,4.2168
37594.44,100.5,4.2234
37595.44,100.94,4.2299
37596.44,101.24,4.2378
37597.44,101.01,4.2445
37598.45,100.65,4.2519
37599.45,100.65,4.2583
37600.45,101.01,4.2644
37601.45,100.53,4.2707
37602.45,116.58,4.2757
37603.45,100.61,4.2759
37604.45,187.73,2.6893
37605.46,319.27,2.8445
37606.46,353.02,3.0322
37607.46,284.65,2.6395
37608.46,306.03,2.8237
37609.46,365.38,3.0481
37610.46,266.4,2.7591
37611.46,294.11,2.888
37612.47,348.02,3.1052
37613.47,234.75,3.2804
37614.47,184.71,3.3955
37615.47,238.97,2.7232
37616.47,323.55,2.8754
37617.47,355.14,3.0794
37618.47,264.58,2.7863
37619.47,332.13,2.911
37620.48,351.45,3.0942
37621.48,308.98,3.2978
37622.48,276.34,3.4744
37623.48,261.21,3.579
37624.48,228.75,3.6979
37625.48,224.81,3.7642
37626.48,216.74,3.8185
37627.49,185.0,2.6484
37628.49,323.83,2.8352
37629.49,371.77,3.064
37630.49,259.7,2.7021
37631.49,344.75,2.9006
37632.49,295.95,2.6539
37633.49,311.3,2.8213
37634.49,349.33,2.9901
37635.5,318.6,3.2855
37636.5,245.75,3.6727
37637.5,214.12,4.0913
37638.5,210.42,4.2269
37639.5,294.09,4.3031
37640.5,224.98,4.3638
37641.5,228.17,4.4533
37642.51,239.5,2.7787
37643.51,342.04,2.9507
37644.51,269.56,2.6695
37645.51,321.34,2.8417
37646.51,360.28,3.0582
37647.51,278.63,2.8055
37648.51,335.42,2.9437
37649.52,310.12,2.6209
37650.52,292.33,2.819
37651.52,312.66,2.6401
37652.52,311.99,2.8328
37653.52,322.16,2.6409
37654.52,290.82,2.8381
37655.52,360.05,3.05
37656.52,333.38,3.3349
37657.53,334.08,3.5988
37658.53,242.27,3.9672
37659.53,288.54,4.4042
37660.53,239.34,2.6421
37661.53,295.37,2.8396
37662.53,353.46,3.0005
37663.53,333.43,3.2892
37664.54,332.66,3.5436
37665.54,265.35,2.7222
37666.54,320.18,2.8738
37667.54,352.52,3.0948
37668.54,329.57,3.3822
37669.54,303.95,3.5791
37670.54,244.14,2.7714
37671.54,317.62,2.9208
37672.55,351.93,3.2461
37673.55,336.54,3.55
37674.55,228.03,2.7081
37675.55,319.0,2.8785
37676.55,354.02,3.0871
37677.55,323.9,3.3708
37678.55,322.88,3.5917
37679.55,244.31,2.7785
37680.56,310.58,2.9206
37681.56,346.22,3.1974
37682.56,329.12,3.455
37683.56,258.65,2.6618
37684.56,308.16,2.8486
37685.56,336.5,3.0176
37686.56,353.64,3.3463
37687.57,302.6,3.6185
37688.57,273.03,2.8173
37689.57,342.04,2.9967
37690.57,346.92,3.2564
37691.57,282.73,2.6183
37692.57,294.65,2.8501
37693.57,359.46,3.1138
37694.57,338.29,3.5013
37695.58,275.26,2.7545
37696.58,347.54,2.8636
37697.58,273.31,2.8367
37698.58,306.05,2.9511
37699.58,344.17,3.1917
37700.58,231.49,2.7082
37701.58,321.58,2.8789
37702.59,320.38,3.1396
37703.59,238.79,3.5352
37704.59,260.32,2.8073
37705.59,296.75,2.9246
37706.59,280.08,2.7662
37707.59,291.21,2.9184
37708.59,345.63,3.1466
37709.59,258.75,2.7834
37710.6,338.19,2.931
37711.6,272.46,2.7645
37712.6,328.91,2.9219
37713.6,272.83,2.7673
37714.6,338.49,2.9118
37715.6,257.77,2.7474
37716.6,344.36,3.037
37717.61,300.2,3.1524
37718.61,352.32,3.3901
37719.61,332.19,3.6441
37720.61,316.13,3.8948
37721.61,300.73,4.1637
37722.61,309.25,4.4529
37723.61,302.17,4.766
37724.61,305.35,5.0938
37725.62,314.0,5.4084
37726.62,312.14,5.7408
37727.62,257.86,6.0507
37728.62,238.61,6.342
37729.62,264.51,6.5988
37730.62,289.56,6.885
37731.62,264.9,7.3304
37732.63,226.05,7.7798
37733.63,105.21,7.88
37734.63,241.83,7.909
37735.63,150.82,7.881
37736.63,102.54,7.881
37737.63,116.21,7.8809
37738.63,101.16,7.8809
37739.64,100.72,7.8809
37740.64,101.18,7.8809
37741.64,100.91,7.8809
37742.64,136.44,8.1429
37743.64,100.88,8.1429
37744.64,100.76,8.1429
37745.64,110.38,8.1429
37746.65,100.83,8.1429
37747.65,101.92,8.1428
37748.65,102.9,8.143
37749.65,128.8,8.1431
37750.65,112.44,8.1434
37751.65,102.2,8.1434
37752.65,100.78,8.1434
37753.66,103.95,8.1434
37754.66,100.77,8.1434
37755.66,102.09,8.1434
37756.66,101.66,8.1434
37757.66,131.35,8.1441
37758.66,101.21,8.144
37759.67,100.78,8.144
37760.67,101.92,8.1441
37761.67,101.16,8.1441
37762.67,100.88,8.1441
37763.67,100.87,8.1442
37764.67,131.92,8.1444
37765.67,100.75,8.1444
37766.68,101.18,8.1444
37767.68,103.45,8.1444
37768.68,118.35,8.1443
37769.68,101.25,8.1443
37770.68,100.77,8.1443
37771.68,105.26,8.1624
37772.68,132.86,8.3053
37773.69,101.26,8.3053
37774.69,100.65,8.3053
37775.69,101.18,8.3053
37776.69,100.8,8.3053
37777.69,100.73,8.3054
37778.69,101.21,8.3054
37779.69,100.79,8.418
37780.69,100.71,8.9659
37781.7,158.35,9.4362
37782.7,109.07,9.4538
37783.7,100.86,9.4538
37784.7,101.17,9.4538
37785.7,100.76,9.4538
37786.7,100.56,9.4538
37787.7,101.17,9.4539
37788.71,100.81,9.4539
37789.71,101.15,9.4539
37790.71,100.53,9.4539
37791.71,100.54,9.4539
37792.71,101.55,9.4543
37793.71,100.88,9.4544
37794.72,101.18,9.4544
37795.72,100.74,9.4544
37796.72,100.76,9.4544
37797.72,100.85,9.4544
37798.72,101.22,9.4544
37799.72,100.78,9.4544
37800.72,102.06,9.4547
37801.73,100.72,9.4547
37802.73,100.69,9.4547
37803.73,101.2,9.4547
37804.73,100.78,9.4547
37805.73,100.75,9.4547
37806.73,101.06,9.4548
37807.73,104.21,9.4546
37808.74,103.53,9.4546
37809.74,103.9,9.4546
37810.74,100.88,9.4549
37811.74,101.51,9.4549
37812.74,100.46,9.4549
37813.74,100.75,9.4549
37814.75,101.17,9.4548
37815.75,100.7,9.4548
37816.75,101.14,9.4548
37817.75,100.74,9.4548
37818.75,100.8,9.4548
37819.75,101.36,9.4552
37820.75,100.71,9.4552
37821.76,101.15,9.4552
37822.76,100.75,9.4552
37823.76,100.85,9.4552
37824.76,101.16,9.4552
37825.76,100.77,9.4552
37826.76,100.77,9.4552
37827.77,101.17,9.4552
37828.77,101.07,9.4553
37829.77,101.14,9.4553
37830.77,100.54,9.4553
37831.77,100.49,9.4554
37832.77,101.15,9.4554
37833.77,100.87,9.4555
37834.78,101.42,9.4554
37835.78,100.75,9.4555
37836.78,100.78,9.4555
37837.78,101.45,9.4556
37838.78,100.58,9.4556
37839.78,100.52,9.4556
37840.78,100.94,9.4556
37841.79,100.59,9.4556
37842.79,101.04,9.4556
37843.79,100.86,9.4556
37844.79,100.79,9.4556
37845.79,101.23,9.4556
37846.79,101.3,9.4557
37847.79,100.77,9.4557
37848.8,101.29,9.4557
37849.8,100.72,9.4558
37850.8,100.74,9.4558
37851.8,101.17,9.4558
37852.8,100.76,9.4558
37853.8,100.87,9.4558
37854.81,101.18,9.4558
37855.81,101.01,9.4557
37856.81,101.19,9.4558
37857.81,100.73,9.4558
37858.81,100.79,9.4558
37859.81,101.18,9.4558
37860.81,100.78,9.4558
37861.82,101.15,9.4558
37862.82,100.73,9.4558
37863.82,100.84,9.4558
37864.82,101.44,9.456
37865.82,100.78,9.456
37866.82,100.77,9.456
37867.83,101.18,9.456
37868.83,100.7,9.456
37869.83,100.98,9.4561
37870.83,101.16,9.4561
37871.83,100.8,9.456
37872.83,101.23,9.4561
37873.83,101.01,9.4561
37874.84,100.79,9.4561
37875.84,101.21,9.4561
37876.84,100.76,9.4561
37877.84,101.15,9.4561
37878.84,100.84,9.4561
37879.84,100.77,9.4561
37880.84,101.14,9.456
37881.85,100.6,9.456
37882.85,101.3,9.4563
37883.85,101.21,9.4563
37884.85,100.73,9.4563
37885.85,100.97,9.4563
37886.85,101.23,9.4563
37887.85,100.77,9.4563
37888.86,101.18,9.4564
37889.86,100.76,9.4564
37890.86,101.06,9.4564
37891.86,101.31,9.4563
37892.86,100.77,9.4563
37893.86,101.14,9.4563
37894.87,100.75,9.4562
37895.87,100.75,9.4563
37896.87,101.14,9.4563
37897.87,100.75,9.4563
37898.87,101.25,9.4563
37899.87,100.78,9.4563
37900.87,100.9,9.4565
37901.88,100.9,9.4566
37902.88,101.22,9.4567
37903.88,100.58,9.4567
37904.88,101.0,9.4567
37905.88,100.78,9.4567
37906.88,100.75,9.4567
37907.88,101.19,9.4567
37908.89,100.59,9.4566
37909.89,100.86,9.4567
37910.89,119.16,9.4566
37911.89,100.58,9.4566
37912.89,100.64,9.4566
37913.89,100.92,9.4566
37914.89,100.71,9.4566
37915.89,100.72,9.4566
37916.9,100.97,9.4566
37917.9,100.51,9.4567
37918.9,100.72,9.4566
37919.9,101.64,9.4569
37920.9,100.76,9.4569
37921.9,100.72,9.4569
37922.9,101.19,9.4569
37923.91,100.87,9.457
37924.91,101.19,9.457
37925.91,100.7,9.457
37926.91,100.74,9.457
37927.91,101.17,9.457
37928.91,101.01,9.457
37929.92,100.74,9.4569
37930.92,101.2,9.4569
37931.92,100.76,9.4569
37932.92,101.22,9.4569
37933.92,100.57,9.4569
37934.92,100.53,9.4569
37935.92,100.92,9.4569
37936.93,100.52,9.4569
37937.93,100.92,9.457
37938.93,100.78,9.4571
37939.93,100.52,9.4571
37940.93,100.91,9.4571
37941.93,100.5,9.4571
37942.94,100.66,9.4571
37943.94,101.2,9.4571
37944.94,100.76,9.4571
37945.94,100.99,9.4571
37946.94,100.77,9.4571
37947.94,100.73,9.4757
37948.94,101.47,9.4932
37949.95,100.88,9.4932
37950.95,100.79,9.4932
37951.95,101.18,9.4932
37952.95,100.82,9.4933
37953.95,100.77,9.4933
37954.95,100.97,9.4932
37955.95,100.65,9.4931
37956.96,101.2,9.4932
37957.96,100.96,9.4933
37958.96,100.83,9.4933
37959.96,101.29,9.4933
37960.96,100.84,9.4932
37961.96,100.8,9.4932
37962.96,101.08,9.4932
37963.97,100.55,9.4932
37964.97,100.5,9.4932
37965.97,100.94,9.4933
37966.97,101.03,9.5294
37967.97,100.7,9.5294
37968.97,100.79,9.5293
37969.97,101.17,9.5294
37970.97,100.75,9.5294
37971.98,100.86,9.5295
37972.98,100.62,9.5295
37973.98,100.71,9.5295
37974.98,100.54,9.5294
37975.98,101.56,9.5296
37976.98,100.51,9.5295
37977.98,100.94,9.5295
37978.99,100.49,9.5295
37979.99,100.6,9.5295
37980.99,100.72,9.5295
37981.99,101.13,9.5295
37982.99,100.84,9.5295
37983.99,101.23,9.5295
37984.99,100.67,9.5295
37985.99,100.86,9.5627
37987.0,101.18,9.5627
37988.0,100.76,9.5627
37989.0,100.72,9.5627
37990.0,101.19,9.5627
37991.0,100.82,9.5627
37992.0,101.19,9.5627
37993.01,100.84,9.5627
37994.01,100.81,9.5627
37995.01,101.41,9.5627
37996.01,100.76,9.5627
37997.01,100.73,9.5627
37998.01,101.17,9.5627
37999.01,100.79,9.5628
38000.02,101.22,9.5628
38001.02,100.75,9.5627
38002.02,100.77,9.5627
38003.02,101.22,9.5628
38004.02,100.8,9.5628
38005.02,101.01,9.5934
38006.03,101.18,9.5933
38007.03,100.77,9.5933
38008.03,101.19,9.5933
38009.03,100.81,9.5933
38010.03,100.81,9.5933
38011.03,101.2,9.5933
38012.03,100.78,9.5933
38013.04,101.25,9.5934
38014.04,100.83,9.5934
38015.04,101.01,9.5934
38016.04,101.19,9.5934
38017.04,100.86,9.5934
38018.04,100.79,9.5935
38019.04,101.19,9.5935
38020.05,100.78,9.5935
38021.05,100.8,9.5935
38022.05,101.15,9.5935
38023.05,100.84,9.5935
38024.05,101.35,9.6205
38025.05,100.79,9.6205
38026.06,100.8,9.6206
38027.06,101.16,9.6206
38028.06,100.79,9.6206
38029.06,101.24,9.6206
38030.06,100.8,9.6206
38031.06,100.77,9.6206
38032.06,101.21,9.6206
38033.07,100.81,9.6206
38034.07,101.03,9.6207
38035.07,100.93,9.6207
38036.07,100.65,9.6207
38037.07,100.74,9.6207
38038.07,101.12,9.6207
38039.07,100.76,9.6206
38040.08,101.14,9.6206
38041.08,100.75,9.6206
38042.08,100.75,9.6206
38043.08,101.55,9.6298
38044.08,100.75,9.6298
38045.08,101.19,9.6298
38046.09,100.77,9.6299
38047.09,100.71,9.6299
38048.09,101.18,9.6299
38049.09,100.79,9.6299
38050.09,100.81,9.63
38051.09,101.17,9.63
38052.09,100.63,9.63
38053.09,101.28,9.63
38054.1,101.03,9.6299
38055.1,100.88,9.6299
38056.1,100.79,9.6299
38057.1,101.16,9.6298
38058.1,100.76,9.6298
38059.1,100.7,9.6298
38060.11,100.9,9.6299
38061.11,100.73,9.6298
38062.11,101.43,9.6301
38063.11,100.83,9.6302
38064.11,100.82,9.6302
38065.11,101.2,9.6301
38066.11,100.78,9.6301
38067.12,101.16,9.63
38068.12,100.79,9.63
38069.12,100.58,9.63
38070.12,100.93,9.63
38071.12,100.54,9.63
38072.12,101.19,9.63
38073.13,100.58,9.6302
38074.13,100.57,9.6302
38075.13,100.94,9.6302
38076.13,100.5,9.6302
38077.13,100.48,9.6301
38078.13,100.89,9.6302
38079.13,100.66,9.6302
38080.14,101.04,9.6302
38081.14,100.8,9.6302
38082.14,100.75,9.6301
38083.14,101.24,9.6301
38084.14,100.77,9.6301
38085.14,101.16,9.6301
38086.15,100.72,9.6302
38087.15,100.72,9.6302
38088.15,101.14,9.6302
38089.15,100.76,9.6302
38090.15,100.44,9.6302
38091.15,101.09,9.6303
38092.15,100.75,9.6303
38093.16,101.22,9.6303
38094.16,100.88,9.6303
38095.16,100.76,9.6303
38096.16,100.64,9.6303
38097.16,101.11,9.6303
38098.16,100.79,9.6303
38099.16,101.24,9.6303
38100.17,100.8,9.6303
38101.17,100.95,9.6304
38102.17,101.18,9.6304
38103.17,100.86,9.6304
38104.17,101.24,9.6305
38105.17,100.89,9.6305
38106.17,100.78,9.6305
38107.18,101.14,9.6305
38108.18,100.74,9.6306
38109.18,100.85,9.6306
38110.18,101.17,9.6306
38111.18,101.03,9.6306
38112.18,100.76,9.6306
38113.18,101.24,9.6306
38114.19,100.81,9.6306
38115.19,100.79,9.6306
38116.19,101.14,9.6306
38117.19,100.75,9.6306
38118.19,101.18,9.6305
38119.19,100.82,9.6305
38120.2,100.65,9.6305
38121.2,101.36,9.6307
38122.2,100.8,9.6307
38123.2,101.26,9.6308
38124.2,100.79,9.6308
38125.2,100.81,9.6308
38126.2,101.16,9.6308
38127.21,100.74,9.6308
38128.21,100.76,9.6307
38129.21,101.11,9.6307
38130.21,101.52,9.6307
38131.21,101.17,9.6307
38132.21,100.76,9.6308
38133.21,100.88,9.6308
38134.22,101.24,9.6309
38135.22,100.8,9.6309
38136.22,100.8,9.6309
38137.22,101.03,9.6309
38138.22,100.81,9.6309
38139.22,101.01,9.6309
38140.23,101.18,9.6309
38141.23,100.8,9.6309
38142.23,101.11,9.6308
38143.23,100.84,9.6307
38144.23,100.82,9.6307
38145.23,101.19,9.6307
38146.23,100.78,9.6307
38147.24,100.77,9.6307
38148.24,101.2,9.6307
38149.24,101.05,9.631
38150.24,101.19,9.631
38151.24,100.78,9.631
38152.24,100.74,9.631
38153.24,101.25,9.631
38154.25,100.81,9.631
38155.25,101.16,9.631
38156.25,100.77,9.631
38157.25,100.77,9.631
38158.25,101.43,9.631
38159.25,100.82,9.631
38160.25,100.74,9.631
38161.26,101.15,9.631
38162.26,100.79,9.6309
38163.26,100.8,9.6309
38164.26,101.21,9.6309
38165.26,100.7,9.6309
38166.26,100.75,9.6309
38167.26,101.21,9.6309
38168.26,100.84,9.6309
38169.27,101.02,9.631
38170.27,100.75,9.631
38171.27,101.13,9.6309
38172.27,100.47,9.6309
38173.27,100.52,9.6309
38174.27,101.09,9.6309
38175.27,100.73,9.6309
38176.28,101.22,9.6309
38177.28,100.75,9.631
38178.28,101.17,9.631
38179.28,101.12,9.6309
38180.28,100.73,9.631
38181.28,100.49,9.631
38182.28,100.87,9.631
38183.29,100.59,9.631
38184.29,100.64,9.6309
38185.29,101.07,9.6311
38186.29,100.46,9.6311
38187.29,101.16,9.6311
38188.29,100.99,9.6312
38189.29,100.51,9.6312
38190.3,101.06,9.6312
38191.3,100.75,9.6312
38192.3,100.75,9.6312
38193.3,101.26,9.6312
38194.3,100.79,9.6311
38195.3,100.77,9.6311
38196.3,100.9,9.6311
38197.31,100.52,9.6311
38198.31,100.75,9.6313
38199.31,100.97,9.6313
38200.31,100.66,9.6313
38201.31,101.18,9.6313
38202.31,100.76,9.6313
38203.32,100.88,9.6314
38204.32,101.16,9.6314
38205.32,100.77,9.6314
38206.32,101.16,9.6314
38207.32,100.72,9.6314
38208.32,101.11,9.6315
38209.32,100.89,9.6315
38210.33,100.68,9.6315
38211.33,101.18,9.6315
38212.33,100.71,9.6315
38213.33,100.86,9.6315
38214.33,101.13,9.6315
38215.33,100.71,9.6315
38216.34,100.7,9.6313
38217.34,101.82,9.6314
38218.34,100.77,9.6315
38219.34,101.13,9.6315
38220.34,100.78,9.6314
38221.34,100.73,9.6314
38222.34,101.17,9.6314
38223.35,100.87,9.6314
38224.35,100.88,9.6314
38225.35,101.15,9.6314
38226.35,100.7,9.6314
38227.35,100.85,9.6314
38228.35,101.24,9.6314
38229.35,100.78,9.6314
38230.36,100.76,9.6314
38231.36,100.98,9.6314
38232.36,100.48,9.6314
38233.36,100.99,9.6314
38234.36,100.46,9.6314
38235.36,100.46,9.6314
38236.36,101.11,9.6314
38237.37,100.97,9.6315
38238.37,100.77,9.6316
38239.37,101.22,9.6316
38240.37,100.74,9.6316
38241.37,100.78,9.6316
38242.37,101.25,9.6316
38243.37,100.91,9.6316
38244.37,100.79,9.6316
38245.38,101.15,9.6316
38246.38,100.73,9.6316
38247.38,101.06,9.6317
38248.38,101.31,9.6317
38249.38,100.79,9.6317
38250.38,100.76,9.6317
38251.38,101.2,9.6317
38252.39,100.77,9.6318
38253.39,100.84,9.6318
38254.39,101.03,9.6317
38255.39,100.65,9.6317
38256.39,100.9,9.6319
38257.39,100.98,9.6319
38258.39,100.56,9.6319
38259.4,100.91,9.6319
38260.4,100.52,9.6319
38261.4,100.54,9.6319
38262.4,100.9,9.6319
38263.4,100.62,9.6319
38264.4,100.93,9.6319
38265.41,100.49,9.6319
38266.41,100.78,9.6322
38267.41,100.93,9.6323
38268.41,100.53,9.6323
38269.41,101.15,9.6322
38270.41,100.82,9.6323
38271.41,100.76,9.6323
38272.42,101.14,9.6323
38273.42,100.7,9.6323
38274.42,100.52,9.6323
38275.42,101.02,9.6323
38276.42,101.01,9.6323
38277.42,101.0,9.6323
38278.43,100.59,9.6323
38279.43,100.54,9.6323
38280.43,101.0,9.6323
38281.43,128.29,9.6325
38282.43,101.66,9.6325
38283.43,103.22,9.6325
38284.43,118.67,9.6323
38285.44,111.77,9.6323
38286.44,102.55,9.6325
38287.44,103.3,9.6325
38288.44,173.11,9.6326
38289.44,103.28,9.6326
38290.44,100.79,9.6326
38291.44,101.21,9.6326
38292.45,100.82,9.6326
38293.45,101.37,9.6326
38294.45,101.19,9.6326
38295.45,101.54,9.6327
38296.45,100.85,9.6327
38297.45,102.31,9.6327
38298.45,100.8,9.6327
38299.46,100.74,9.6326
38300.46,101.11,9.6326
38301.46,100.72,9.6326
38302.46,101.21,9.6326
38303.46,100.88,9.6327
38304.46,101.03,9.6331
38305.46,101.15,9.6331
38306.47,100.79,9.6331
38307.47,100.78,9.6331
38308.47,101.2,9.6331
38309.47,100.77,9.633
38310.47,101.04,9.633
38311.47,100.76,9.6331
38312.48,100.77,9.6331
38313.48,101.26,9.6331
38314.48,101.02,9.6331
38315.48,101.16,9.6331
38316.48,100.78,9.6331
38317.48,100.77,9.6331
38318.48,101.19,9.6332
38319.49,100.76,9.6332
38320.49,100.76,9.6332
38321.49,106.23,9.6332
38322.49,101.08,9.6332
38323.49,101.17,9.6332
38324.49,102.07,9.6333
38325.49,100.72,9.6334
38326.5,101.25,9.6334
38327.5,100.74,9.6334
38328.5,100.81,9.6334
38329.5,101.16,9.6334
38330.5,100.76,9.6334
38331.5,100.77,9.6334
38332.5,101.17,9.6334
38333.51,100.88,9.6334
38334.51,101.4,9.6336
38335.51,100.73,9.6337
38336.51,100.73,9.6337
38337.51,103.7,9.6337
38338.51,102.14,9.6337
38339.51,100.88,9.6337
38340.52,101.22,9.6337
38341.52,100.77,9.6337
38342.52,100.74,9.6337
38343.52,101.3,9.6337
38344.52,101.0,9.6337
38345.52,100.76,9.6337
38346.52,101.21,9.6337
38347.52,100.81,9.6337
38348.53,100.78,9.6337
38349.53,101.17,9.6337
38350.53,100.84,9.6337
38351.53,100.8,9.6337
38352.53,101.17,9.6337
38353.53,100.9,9.6339
38354.53,101.02,9.6358
38355.54,101.07,9.636
38356.54,100.57,9.6359
38357.54,100.72,9.6359
38358.54,101.19,9.6361
38359.54,100.72,9.6361
38360.54,101.08,9.6361
38361.55,100.75,9.6361
38362.55,100.76,9.6361
38363.55,101.84,9.6362
38364.55,100.8,9.6363
38365.55,102.54,9.6363
38366.55,101.27,9.6363
38367.55,100.51,9.6363
38368.56,100.99,9.6364
38369.56,100.65,9.6362
38370.56,100.78,9.6364
38371.56,101.2,9.6362
38372.56,100.78,9.6364
38373.56,102.24,9.6377
38374.56,103.39,9.6376
38375.57,100.76,9.6378
38376.57,100.75,9.6378
38377.57,101.18,9.6377
38378.57,100.8,9.6379
38379.57,101.17,9.6379
38380.57,100.8,9.6377
38381.58,100.82,9.6379
38382.58,101.19,9.6379
38383.58,101.11,9.638
38384.58,101.13,9.638
38385.58,100.74,9.638
38386.58,100.74,9.638
38387.58,101.23,9.638
38388.59,100.82,9.6379
38389.59,100.79,9.6379
38390.59,101.23,9.6379
38391.59,100.76,9.638
38392.59,101.01,9.6398
38393.59,108.56,9.6399
38394.59,100.8,9.6399
38395.6,100.79,9.6399
38396.6,101.18,9.64
38397.6,100.77,9.64
38398.6,101.26,9.6399
38399.6,100.75,9.6399
38400.6,100.77,9.6399
38401.6,101.24,9.6399
38402.61,100.99,9.6401
38403.61,101.22,9.64
38404.61,105.35,9.6402
38405.61,105.95,9.6402
38406.61,100.73,9.6402
38407.61,101.15,9.6402
38408.61,100.78,9.6402
38409.62,100.81,9.6401
38410.62,101.18,9.6403
38411.62,101.03,9.6412
38412.62,100.82,9.6412
38413.62,101.1,9.6412
38414.62,100.77,9.6413
38415.62,101.16,9.6413
38416.63,100.74,9.6413
38417.63,100.77,9.6413
38418.63,101.29,9.6413
38419.63,100.78,9.6413
38420.63,100.75,9.6413
38421.63,101.49,9.6413
38422.63,100.8,9.6413
38423.63,100.89,9.6414
38424.64,101.25,9.6414
38425.64,100.8,9.6414
38426.64,100.8,9.6414
38427.64,101.21,9.6414
38428.64,100.77,9.6415
38429.64,100.78,9.6415
38430.64,101.22,9.6415
38431.65,101.03,9.6429
38432.65,100.75,9.6429
38433.65,101.32,9.6429
38434.65,100.75,9.6429
38435.65,100.77,9.6429
38436.65,101.24,9.6429
38437.65,100.78,9.6429
38438.65,100.81,9.6429
38439.66,101.18,9.6429
38440.66,101.15,9.6429
38441.66,100.6,9.643
38442.66,101.03,9.643
38443.66,100.84,9.643
38444.66,101.01,9.643
38445.67,100.51,9.643
38446.67,100.57,9.643
38447.67,100.85,9.6431
38448.67,100.52,9.6432
38449.67,100.98,9.6431
38450.67,101.51,9.6436
38451.68,100.77,9.6438
38452.68,101.02,9.6438
38453.68,101.0,9.6438
38454.68,101.17,9.6438
38455.68,100.79,9.6437
38456.68,101.17,9.6437
38457.69,100.76,9.6437
38458.69,100.64,9.6437
38459.69,101.43,9.6439
38460.69,100.8,9.6439
38461.69,100.75,9.6439
38462.69,101.23,9.6438
38463.69,100.85,9.6439
38464.69,100.76,9.6439
38465.7,101.16,9.6439
38466.7,100.76,9.6439
38467.7,100.75,9.6439
38468.7,101.33,9.6448
38469.7,100.52,9.6448
38470.7,101.05,9.6447
38471.71,100.82,9.6447
38472.71,100.79,9.6447
38473.71,101.3,9.6448
38474.71,100.81,9.6448
38475.71,100.8,9.6448
38476.71,101.26,9.6448
38477.71,100.77,9.6448
38478.71,101.09,9.6451
38479.72,100.8,9.6451
38480.72,101.2,9.6451
38481.72,100.79,9.6451
38482.72,101.16,9.6451
38483.72,100.87,9.6452
38484.72,100.78,9.6452
38485.72,101.17,9.6452
38486.73,100.77,9.6452
38487.73,101.16,9.6452
38488.73,101.02,9.6457
38489.73,100.77,9.6457
38490.73,101.17,9.6457
38491.73,100.68,9.6457
38492.74,100.65,9.6457
38493.74,101.19,9.6457
38494.74,100.73,9.6456
38495.74,100.87,9.6456
38496.74,101.26,9.6456
38497.74,100.75,9.6456
38498.74,100.95,9.6458
38499.74,100.53,9.6458
38500.74,100.99,9.6458
38501.75,100.83,9.6457
38502.75,100.5,9.6458
38503.75,101.23,9.6458
38504.75,100.79,9.6458
38505.75,100.77,9.6458
38506.75,101.11,9.6458
38507.75,100.85,9.6464
38508.75,100.77,9.6466
38509.76,101.13,9.6464
38510.76,100.65,9.6464
38511.76,100.73,9.6464
38512.76,101.08,9.6464
38513.76,100.58,9.6464
38514.76,100.54,9.6464
38515.76,100.99,9.6464
38516.76,100.66,9.6465
38517.77,100.73,9.6465
38518.77,101.33,9.6466
38519.77,101.14,9.6466
38520.77,100.73,9.6466
38521.77,101.05,9.6466
38522.77,100.53,9.6466
38523.77,100.69,9.6465
38524.78,101.06,9.6467
38525.78,100.54,9.6468
38526.78,100.45,9.6468
38527.78,113.46,9.6473
38528.78,100.44,9.6473
38529.78,100.42,9.6473
38530.78,100.87,9.6473
38531.79,100.56,9.6473
38532.79,100.52,9.6474
38533.79,101.03,9.6474
38534.79,100.74,9.6474
38535.79,100.74,9.6474
38536.79,101.17,9.6474
38537.79,100.83,9.6474
38538.79,100.77,9.6475
38539.8,101.01,9.6474
38540.8,100.48,9.6474
38541.8,100.47,9.6474
38542.8,100.96,9.6474
38543.8,100.75,9.6474
38544.8,100.63,9.6474
38545.8,100.9,9.6474
38546.81,100.78,9.6475
38547.81,100.86,9.6475
38548.81,100.62,9.6475
38549.81,100.71,9.6475
38550.81,101.07,9.6475
38551.81,100.71,9.6476
38552.82,100.78,9.6475
38553.82,101.26,9.6476
38554.82,100.69,9.6475
38555.82,100.77,9.6477
38556.82,100.55,9.6479
38557.82,100.54,9.6479
38558.82,100.65,9.6479
38559.83,101.13,9.6479
38560.83,100.78,9.6479
38561.83,101.22,9.6479
38562.83,100.58,9.6479
38563.83,100.83,9.6479
38564.83,100.99,9.6479
38565.83,100.37,9.6478
38566.84,101.03,9.6489
38567.84,100.38,9.6489
38568.84,100.73,9.6489
38569.84,101.12,9.6489
38570.84,100.78,9.6488
38571.84,100.71,9.6487
38572.84,101.19,9.6487
38573.84,100.62,9.6488
38574.85,100.45,9.6488
38575.85,100.47,9.6488
38576.85,101.03,9.6489
38577.85,100.42,9.6489
38578.85,100.96,9.6489
38579.85,100.48,9.6488
38580.86,100.53,9.6489
38581.86,101.21,9.6489
38582.86,100.82,9.6489
38583.86,100.72,9.6489
38584.86,101.18,9.6489
38585.86,100.73,9.6489
38586.86,100.89,9.6491
38587.86,101.29,9.6491
38588.87,100.71,9.6491
38589.87,100.64,9.6491
38590.87,100.79,9.6491
38591.87,100.42,9.649
38592.87,100.57,9.6491
38593.87,101.09,9.6493
38594.87,100.6,9.6493
38595.88,101.02,9.6492
38596.88,101.27,9.6494
38597.88,100.47,9.6494
38598.88,101.02,9.6493
38599.88,100.51,9.6493
38600.88,100.6,9.6493
38601.88,101.12,9.6493
38602.89,100.64,9.6494
38603.89,100.58,9.6494
38604.89,100.97,9.6494
38605.89,100.59,9.6494
38606.89,101.81,9.6494
38607.89,100.9,9.6494
38608.89,100.54,9.6494
38609.9,101.03,9.6494
38610.9,100.63,9.6495
38611.9,100.63,9.6494
38612.9,101.07,9.6495
38613.9,100.56,9.6495
38614.9,100.51,9.6496
38615.9,100.9,9.6495
38616.91,100.68,9.6496
38617.91,100.97,9.6496
38618.91,100.56,9.6496
38619.91,100.48,9.6496
38620.91,100.97,9.6496
38621.91,100.56,9.6496
38622.91,100.59,9.6496
38623.92,101.1,9.6496
38624.92,100.57,9.6496
38625.92,100.5,9.6496
38626.92,101.14,9.6496
38627.92,100.54,9.6496
38628.92,100.64,9.6496
38629.92,101.17,9.6496
38630.93,100.77,9.6496
38631.93,101.14,9.6496
38632.93,100.82,9.6496
38633.93,100.76,9.6497
38634.93,101.17,9.6497
38635.93,100.81,9.6497
38636.94,101.41,9.6499
38637.94,100.77,9.65
38638.94,100.84,9.65
38639.94,101.23,9.65
38640.94,100.78,9.6501
38641.94,100.8,9.6501
38642.94,101.27,9.6501
38643.95,100.83,9.6501
38644.95,101.25,9.65
38645.95,100.78,9.65
38646.95,101.01,9.65
38647.95,101.27,9.6502
38648.95,100.8,9.6502
38649.95,100.77,9.6502
38650.96,100.86,9.6502
38651.96,101.17,9.6502
38652.96,100.83,9.6502
38653.96,101.22,9.6503
38654.96,100.8,9.6503
38655.96,100.87,9.6503
38656.96,100.94,9.6503
38657.97,100.53,9.6504
38658.97,100.97,9.6503
38659.97,100.57,9.6503
38660.97,101.25,9.6503
38661.97,100.81,9.6501
38662.97,100.88,9.6502
38663.98,101.25,9.6502
38664.98,100.81,9.6504
38665.98,101.03,9.6512
38666.98,101.0,9.6512
38667.98,100.47,9.6511
38668.98,101.22,9.6512
38669.99,100.82,9.6512
38670.99,100.8,9.6514
38671.99,101.19,9.6512
38672.99,100.85,9.6514
38673.99,101.27,9.6514
38674.99,100.81,9.6514
38675.99,100.96,9.6515
38677.0,101.11,9.6515
38678.0,100.63,9.6515
38679.0,100.74,9.6515
38680.0,101.24,9.6515
38681.0,100.76,9.6515
38682.0,100.58,9.6514
38683.0,101.06,9.6514
38684.01,100.81,9.6516
38685.01,100.74,9.6515
38686.01,101.86,9.6516
38687.01,100.78,9.6516
38688.01,100.84,9.6515
38689.01,100.53,9.6516
38690.01,100.94,9.6516
38691.01,100.57,9.6516
38692.02,101.01,9.6516
38693.02,100.84,9.6517
38694.02,100.65,9.6516
38695.02,101.5,9.6517
38696.02,100.78,9.6516
38697.02,101.19,9.6516
38698.03,100.74,9.6517
38699.03,100.77,9.6516
38700.03,101.16,9.6517
38701.03,100.78,9.6517
38702.03,100.79,9.6518
38703.03,101.21,9.6518
38704.03,101.0,9.6519
38705.04,101.18,9.6519
38706.04,100.85,9.6519
38707.04,100.82,9.6519
38708.04,101.13,9.6519
38709.04,100.82,9.6519
38710.04,101.22,9.6519
38711.05,100.87,9.6519
38712.05,100.85,9.6519
38713.05,101.27,9.6518
38714.05,101.01,9.6521
38715.05,101.17,9.6521
38716.05,100.83,9.6521
38717.06,100.81,9.6521
38718.06,101.16,9.6521
38719.06,100.83,9.6521
38720.06,101.19,9.6521
38721.06,100.78,9.6521
38722.06,100.51,9.6521
38723.06,100.98,9.6522
38724.07,100.71,9.6523
38725.07,100.48,9.6522
38726.07,100.87,9.6522
38727.07,100.47,9.6522
38728.07,100.86,9.6522
38729.07,100.61,9.6522
38730.08,100.71,9.6522
38731.08,101.13,9.6522
38732.08,100.76,9.6522
38733.08,101.21,9.6522
38734.08,100.83,9.6522
38735.08,101.03,9.6524
38736.08,101.21,9.6524
38737.09,100.71,9.6524
38738.09,100.55,9.6524
38739.09,101.15,9.6523
38740.09,100.8,9.6523
38741.09,101.28,9.6524
38742.09,100.82,9.6524
38743.09,100.9,9.6525
38744.1,101.35,9.6525
38745.1,100.76,9.6525
38746.1,100.62,9.6524
38747.1,101.13,9.6524
38748.1,100.7,9.6524
38749.1,100.8,9.6524
38750.11,101.22,9.6524
38751.11,100.82,9.6525
38752.11,101.22,9.6525
38753.11,100.86,9.6525
38754.11,101.08,9.6526
38755.11,101.2,9.6526
38756.11,100.78,9.6526
38757.12,101.2,9.6526
38758.12,100.82,9.6528
38759.12,100.85,9.6528
38760.12,101.23,9.6526
38761.12,100.79,9.6526
38762.12,101.23,9.6526
38763.13,100.91,9.6528
38764.13,101.44,9.6528
38765.13,105.28,9.6527
38766.13,114.7,9.6528
38767.13,100.82,9.6528
38768.13,101.21,9.6528
38769.13,100.84,9.6528
38770.14,101.27,9.6528
38771.14,100.83,9.6528
38772.14,100.82,9.6528
38773.14,101.29,9.6529
38774.14,101.6,9.6531
38775.14,100.79,9.6529
38776.15,101.15,9.6531
38777.15,100.83,9.6531
38778.15,101.13,9.6531
38779.15,100.75,9.6531
38780.15,100.81,9.6531
38781.15,101.21,9.6531
38782.15,100.63,9.6531
38783.16,101.25,9.6531
38784.16,101.09,9.6532
38785.16,100.84,9.6532
38786.16,101.22,9.6532
38787.16,100.84,9.6532
38788.16,101.19,9.6533
38789.17,100.87,9.6533
38790.17,100.64,9.6532
38791.17,101.16,9.6532
38792.17,100.82,9.6533
38793.17,100.89,9.6533
38794.17,101.4,9.6534
38795.17,100.83,9.6534
38796.18,101.25,9.6534
38797.18,100.79,9.6534
38798.18,100.55,9.6534
38799.18,101.0,9.6533
38800.18,100.55,9.6533
38801.18,100.96,9.6533
38802.19,100.55,9.6533
38803.19,100.6,9.6533
38804.19,101.17,9.6534
38805.19,100.54,9.6534
38806.19,101.07,9.6533
38807.19,100.63,9.6535
38808.19,100.74,9.6535
38809.2,101.08,9.6535
38810.2,100.47,9.6533
38811.2,100.48,9.6533
38812.2,100.89,9.6533
38813.2,100.54,9.6535
38814.2,101.36,9.6538
38815.21,100.53,9.6538
38816.21,100.51,9.6538
38817.21,100.91,9.6536
38818.21,100.6,9.6536
38819.21,101.22,9.6537
38820.21,100.81,9.6536
38821.21,100.56,9.6537
38822.22,101.12,9.6537
38823.22,100.86,9.6538
38824.22,100.81,9.6538
38825.22,101.14,9.6538
38826.22,100.57,9.6538
38827.22,101.18,9.6538
38828.23,100.79,9.6538
38829.23,100.84,9.6538
38830.23,101.19,9.6538
38831.23,100.83,9.6538
38832.23,101.02,9.6538
38833.23,100.54,9.6538
38834.23,100.52,9.6538
38835.24,101.19,9.654
38836.24,100.75,9.6539
38837.24,100.77,9.6539
38838.24,101.16,9.6539
38839.24,100.88,9.654
38840.24,102.28,9.6541
38841.24,101.17,9.6541
38842.25,100.81,9.6541
38843.25,101.26,9.6541
38844.25,100.81,9.6541
38845.25,101.22,9.6541
38846.25,100.9,9.6541
38847.25,100.52,9.6541
38848.26,100.5,9.6541
38849.26,101.15,9.654
38850.26,105.03,9.6541
38851.26,100.89,9.6541
38852.26,100.47,9.6541
38853.26,100.56,9.6542
38854.26,100.97,9.6543
38855.27,101.46,9.6543
38856.27,101.21,9.6543
38857.27,100.86,9.6543
38858.27,100.83,9.6543
38859.27,101.35,9.6543
38860.27,100.82,9.6543
38861.27,100.85,9.6543
38862.28,101.29,9.6544
38863.28,100.86,9.6544
38864.28,100.87,9.6544
38865.28,101.55,9.6544
38866.28,100.84,9.6544
38867.28,100.84,9.6544
38868.28,101.31,9.6544
38869.29,100.89,9.6542
38870.29,100.79,9.6542
38871.29,101.26,9.6542
38872.29,100.85,9.6542
38873.29,100.94,9.6544
38874.29,101.31,9.6545
38875.29,101.12,9.6546
38876.3,101.22,9.6546
38877.3,100.78,9.6546
38878.3,100.86,9.6546
38879.3,101.31,9.6546
38880.3,100.84,9.6546
38881.3,101.25,9.6546
38882.31,100.82,9.6546
38883.31,100.92,9.6546
38884.31,101.33,9.6545
38885.31,100.79,9.6545
38886.31,100.85,9.6545
38887.31,101.43,9.6547
38888.31,100.87,9.6547
38889.31,100.82,9.6549
38890.32,101.21,9.6547
38891.32,100.72,9.6547
38892.32,100.75,9.6549
38893.32,101.22,9.6549
38894.32,100.74,9.6547
38895.32,100.82,9.6547
38896.32,100.59,9.6547
38897.32,101.05,9.6547
38898.33,101.05,9.6549
38899.33,101.22,9.6549
38900.33,100.8,9.6549
38901.33,100.8,9.6549
38902.33,101.15,9.6549
38903.33,100.86,9.655
38904.34,100.69,9.655
38905.34,101.26,9.655
38906.34,100.83,9.655
38907.34,100.47,9.655
38908.34,100.99,9.655
38909.34,100.59,9.655
38910.34,100.78,9.6551
38911.34,100.99,9.6551
38912.35,100.73,9.6551
38913.35,101.02,9.6551
38914.35,101.07,9.6551
38915.35,151.98,5.8079
38916.35,348.08,2.9734
38917.35,331.76,3.0955
38918.35,337.8,3.3005
38919.36,316.36,3.5281
38920.36,316.99,3.7811
38921.36,306.99,4.0609
38922.36,306.88,4.3341
38923.36,248.54,2.6999
38924.36,315.81,2.992
38925.36,359.63,3.1413
38926.37,337.88,3.4135
38927.37,316.73,3.6945
38928.37,314.01,3.9808
38929.37,306.59,4.2559
38930.37,315.88,4.524
38931.37,245.97,2.8376
38932.37,346.85,3.0689
38933.37,350.24,3.321
38934.38,317.17,3.6149
38935.38,319.92,3.8968
38936.38,304.97,4.1688
38937.38,309.04,4.4717
38938.38,205.69,2.7542
38939.38,339.87,3.0177
38940.38,362.44,3.2255
38941.38,316.94,3.5045
38942.39,312.58,3.777
38943.39,305.05,4.0903
38944.39,307.22,4.3877
38945.39,238.97,2.7373
38946.39,317.27,2.9077
38947.39,271.53,2.8115
38948.39,310.07,2.9469
38949.39,350.33,3.1783
38950.4,328.05,3.4567
38951.4,208.43,3.9157
38952.4,181.34,4.2238
38953.4,114.65,4.4968
38954.4,117.33,4.7598
38955.4,102.57,5.028
38956.41,103.72,5.315
38957.41,133.25,5.4702
38958.41,101.47,5.6166
38959.41,107.81,5.7538
38960.41,163.55,3.7234
38961.41,254.91,2.8313
38962.41,341.02,2.9738
38963.42,255.22,2.7724
38964.42,314.03,2.9928
38965.42,354.58,3.1429
38966.42,323.17,3.4287
38967.42,313.69,3.7133
38968.42,312.95,3.9888
38969.42,303.99,3.5539
38970.43,262.56,2.864
38971.43,241.73,2.7245
38972.43,341.17,3.008
38973.43,377.29,3.1789
38974.43,323.01,3.4728
38975.43,314.74,3.756
38976.43,314.38,3.9816
38977.43,274.08,3.0626
38978.44,263.67,2.8735
38979.44,322.01,3.0706
38980.44,349.06,3.333
38981.44,330.31,3.6184
38982.44,312.8,3.9015
38983.44,334.36,4.171
38984.44,217.18,2.6997
38985.45,289.73,2.9105
38986.45,287.72,2.8181
38987.45,336.9,3.023
38988.45,350.84,3.2368
38989.45,259.99,2.8783
38990.45,293.08,2.9986
38991.45,344.91,3.2115
38992.45,319.29,3.4954
38993.46,336.53,3.7755
38994.46,192.42,2.8028
38995.46,334.89,2.9648
38996.46,351.91,3.1714
38997.46,314.19,3.5034
38998.46,256.89,2.7817
38999.46,347.55,2.9719
39000.46,361.6,3.1781
39001.47,333.52,3.4931
39002.47,198.18,3.6509
39003.47,226.71,2.8454
39004.47,296.88,3.037
39005.47,348.46,3.2412
39006.47,334.69,3.484
39007.47,305.18,3.8399
39008.47,319.58,4.2257
39009.48,309.64,4.6165
39010.48,312.29,4.9875
39011.48,314.99,5.4464
39012.48,326.01,5.8483
39013.48,199.02,6.3369
39014.48,126.35,6.8428
39015.48,198.14,7.3558
39016.48,167.85,7.5168
39017.49,230.21,2.8928
39018.49,351.25,3.1252
39019.49,350.37,3.4125
39020.49,313.45,3.7366
39021.49,313.94,4.1088
39022.49,305.8,4.5185
39023.49,308.51,4.8385
39024.5,222.32,2.8526
39025.5,347.23,3.0333
39026.5,266.05,2.796
39027.5,330.75,3.1093
39028.5,325.49,3.2798
39029.5,364.82,3.4536
39030.5,324.24,3.7795
39031.51,312.39,4.1033
39032.51,310.27,4.3835
39033.51,304.56,4.6762
39034.51,300.92,4.905
39035.51,301.75,5.1702
39036.51,306.59,5.4128
39037.51,302.45,5.7289
39038.51,236.93,5.9119
39039.52,159.36,6.0944
39040.52,188.98,6.308
39041.52,174.47,6.477
39042.52,137.88,6.6381
39043.52,135.99,6.8016
39044.52,107.92,6.9379
39045.52,201.85,7.0535
39046.53,277.09,7.3741
39047.53,149.42,7.4944
39048.53,129.0,7.5387
39049.53,116.19,7.5824
39050.53,102.32,7.629
39051.53,170.17,7.845
39052.53,205.8,7.89
39053.53,143.06,7.8916
39054.54,101.55,7.9081
39055.54,122.96,7.9439
39056.54,102.1,7.912
39057.54,106.49,7.912
39058.54,102.18,7.9121
39059.54,101.58,7.9121
39060.54,105.94,7.9121
39061.55,103.23,7.9007
39062.55,101.05,7.9007
39063.55,137.59,7.9106
39064.55,206.27,8.0064
39065.55,239.18,8.0571
39066.55,219.17,8.0621
39067.55,109.3,8.0623
39068.56,101.29,8.0624
39069.56,100.96,8.0624
39070.56,109.1,8.0624
39071.56,105.86,8.0523
39072.56,101.39,8.0523
39073.56,101.25,8.0523
39074.57,113.18,2.7541
39075.57,312.23,2.9458
39076.57,322.34,3.235
39077.57,355.71,3.3598
39078.57,362.42,3.6564
39079.57,321.71,3.9889
39080.57,317.04,4.2422
39081.57,312.96,4.5512
39082.58,311.12,4.7863
39083.58,304.65,5.0334
39084.58,303.58,5.2487
39085.58,307.31,5.4832
39086.58,296.97,5.7796
39087.58,302.89,5.943
39088.58,287.38,6.1001
39089.59,265.74,6.2946
39090.59,227.13,6.477
39091.59,164.0,6.6122
39092.59,145.83,6.7507
39093.59,142.04,6.8979
39094.59,147.05,7.0009
39095.59,241.58,7.1468
39096.59,166.95,2.7695
39097.6,289.71,2.936
39098.6,345.98,3.0831
39099.6,254.89,2.8133
39100.6,339.09,3.0976
39101.6,307.76,3.4324
39102.6,331.29,3.5383
39103.6,350.79,3.761
39104.61,318.51,4.0868
39105.61,317.25,4.4391
39106.61,310.83,4.8321
39107.61,308.81,5.1743
39108.61,306.96,5.4741
39109.61,304.15,5.8326
39110.61,304.59,6.1702
39111.62,302.74,6.4465
39112.62,305.27,6.7543
39113.62,302.61,7.004
39114.62,302.74,7.2238
39115.62,304.55,7.4535
39116.62,300.58,7.6435
39117.62,318.58,7.9962
39118.63,280.53,7.9977
39119.63,180.1,7.9979
39120.63,151.02,7.9981
39121.63,139.77,7.9982
39122.63,147.78,7.9982
39123.63,111.75,7.9982
39124.63,106.63,7.9982
39125.64,104.74,7.9982
39126.64,102.18,7.9982
39127.64,161.16,7.9983
39128.64,146.23,7.9984
39129.64,181.46,7.9983
39130.64,128.64,7.9983
39131.65,121.89,7.9984
39132.65,101.46,7.9984
39133.65,106.31,7.9984
39134.65,102.85,8.0309
39135.65,102.68,8.0986
39136.65,102.99,8.0986
39137.65,103.69,8.0986
39138.66,104.48,8.0986
39139.66,181.82,8.0986
39140.66,135.75,8.0986
39141.66,104.41,8.0986
39142.66,104.04,8.0986
39143.66,101.29,8.0987
39144.66,103.01,8.0987
39145.67,116.12,8.0987
39146.67,101.06,8.0987
39147.67,101.31,8.0987
39148.67,102.49,8.0987
39149.67,101.23,8.0987
39150.67,184.25,8.438
39151.68,100.54,8.4861
39152.68,100.91,8.4862
39153.68,113.57,8.4862
39154.68,101.28,8.486
39155.68,118.42,8.486
39156.68,105.14,8.4862
39157.68,101.3,8.4862
39158.69,130.41,8.4862
39159.69,116.07,8.4862
39160.69,101.08,8.4862
39161.69,103.24,8.4862
39162.69,101.11,8.4862
39163.69,100.82,8.4862
39164.69,102.92,8.4862
39165.7,110.31,8.4862
39166.7,100.59,8.4861
39167.7,100.9,8.4861
39168.7,101.33,8.4863
39169.7,106.92,8.4861
39170.7,102.33,8.4863
39171.71,102.66,8.4863
39172.71,100.95,8.4864
39173.71,101.01,8.4864
39174.71,101.08,8.4864
39175.71,100.49,8.4864
39176.71,100.97,8.4864
39177.71,102.55,8.4864
39178.72,181.8,8.4865
39179.72,268.23,8.4869
39180.72,211.35,8.4922
39181.72,104.2,8.4922
39182.72,101.07,8.4923
39183.72,106.17,8.4925
39184.72,102.41,8.4872
39185.73,100.49,8.4872
39186.73,100.49,8.4871
39187.73,100.87,8.4872
39188.73,100.46,8.4872
39189.73,100.85,8.4872
39190.73,100.41,8.4872
39191.73,100.52,8.4872
39192.74,104.83,8.4872
39193.74,100.51,8.4872
39194.74,101.33,8.4872
39195.74,100.81,8.4872
39196.74,103.57,8.4872
39197.74,100.92,8.4872
39198.75,100.52,8.4872
39199.75,101.02,8.4872
39200.75,106.56,8.4872
39201.75,112.66,8.4872
39202.75,100.86,8.4872
39203.75,100.61,8.4873
39204.75,100.56,8.4873
39205.76,100.83,8.4872
39206.76,106.1,8.4874
39207.76,100.48,8.4874
39208.76,100.93,8.4874
39209.76,100.5,8.4874
39210.76,100.95,8.4874
39211.77,100.47,8.4874
39212.77,100.59,8.4874
39213.77,101.01,8.4875
39214.77,100.59,8.4875
39215.77,100.62,8.4875
39216.77,100.86,8.4875
39217.77,100.43,8.4875
39218.78,101.59,8.4875
39219.78,100.56,8.4876
39220.78,100.58,8.4876
39221.78,101.26,8.4876
39222.78,100.93,8.4876
39223.78,100.82,8.4876
39224.78,101.03,8.4876
39225.79,100.44,8.4876
39226.79,100.52,8.4876
39227.79,100.98,8.4876
39228.79,100.62,8.4877
39229.79,100.62,8.4877
39230.79,101.95,8.4876
39231.79,100.47,8.4876
39232.79,100.51,8.4876
39233.8,101.16,8.4877
39234.8,103.14,8.4877
39235.8,100.64,8.4877
39236.8,100.92,8.4877
39237.8,100.61,8.4877
39238.8,103.35,8.4877
39239.8,233.61,8.5907
39240.81,110.05,8.5907
39241.81,100.83,8.5907
39242.81,100.42,8.5907
39243.81,100.52,8.5908
39244.81,101.01,8.5908
39245.81,100.61,8.5908
39246.81,100.53,8.5908
39247.82,101.01,8.5908
39248.82,100.6,8.5908
39249.82,100.44,8.5908
39250.82,100.94,8.5908
39251.82,101.01,8.5909
39252.82,102.32,8.591
39253.82,100.59,8.591
39254.83,100.96,8.591
39255.83,100.56,8.591
39256.83,100.83,8.591
39257.83,100.48,8.591
39258.83,100.69,8.591
39259.83,100.86,8.591
39260.83,100.59,8.591
39261.84,101.05,8.591
39262.84,100.71,8.5911
39263.84,100.68,8.5911
39264.84,101.04,8.5911
39265.84,100.6,8.5911
39266.84,100.63,8.5911
39267.84,101.06,8.5911
39268.85,100.66,8.5911
39269.85,101.05,8.5911
39270.85,100.55,8.5912
39271.85,100.48,8.5912
39272.85,101.02,8.5913
39273.85,100.65,8.5913
39274.86,100.63,8.5913
39275.86,101.04,8.5913
39276.86,100.44,8.5913
39277.86,100.9,8.5913
39278.86,100.5,8.5914
39279.86,100.65,8.5914
39280.86,101.01,8.5914
39281.87,103.13,8.5914
39282.87,100.68,8.5914
39283.87,101.06,8.5914
39284.87,100.66,8.5914
39285.87,100.89,8.5914
39286.87,100.41,8.5914
39287.87,100.42,8.5914
39288.88,101.01,8.5916
39289.88,100.61,8.5916
39290.88,100.53,8.5916
39291.88,100.92,8.5916
39292.88,100.42,8.5916
39293.88,101.05,8.5916
39294.89,100.44,8.5916
39295.89,100.48,8.5916
39296.89,100.79,8.5916
39297.89,100.3,8.5916
39298.89,100.57,8.5915
39299.89,100.8,8.5915
39300.89,100.43,8.5915
39301.9,101.0,8.5917
39302.9,100.72,8.5917
39303.9,100.65,8.5916
39304.9,101.07,8.5916
39305.9,100.64,8.5917
39306.9,100.64,8.5917
39307.9,100.94,8.5917
39308.91,100.71,8.5917
39309.91,100.66,8.5917
39310.91,101.01,8.5917
39311.91,100.57,8.5917
39312.91,101.11,8.5918
39313.91,100.75,8.5917
39314.91,100.71,8.5919
39315.92,100.71,8.5918
39316.92,101.11,8.5918
39317.92,100.69,8.5918
39318.92,101.1,8.5919
39319.92,100.71,8.5919
39320.92,100.74,8.5919
39321.92,101.15,8.5919
39322.93,100.69,8.5919
39323.93,101.21,8.5919
39324.93,100.76,8.5919
39325.93,100.76,8.5919
39326.93,101.14,8.5919
39327.93,100.75,8.5919
39328.94,100.78,8.592
39329.94,101.12,8.592
39330.94,100.76,8.592
39331.94,100.75,8.592
39332.94,101.2,8.5921
39333.94,100.72,8.5921
39334.94,100.75,8.592
39335.94,101.04,8.592
39336.95,100.78,8.5921
39337.95,100.75,8.5921
39338.95,101.27,8.5921
39339.95,100.75,8.5921
39340.95,100.79,8.5921
39341.95,101.43,8.5921
39342.95,100.78,8.5922
39343.95,100.72,8.5922
39344.96,100.73,8.5922
39345.96,101.07,8.5922
39346.96,100.69,8.5922
39347.96,101.1,8.5921
39348.96,100.71,8.5921
39349.96,100.5,8.5922
39350.96,100.96,8.5922
39351.97,100.67,8.5922
39352.97,100.56,8.5922
39353.97,101.07,8.5922
39354.97,100.58,8.5923
39355.97,100.6,8.5923
39356.97,101.03,8.5923
39357.97,101.04,8.5924
39358.98,100.65,8.5924
39359.98,100.88,8.5924
39360.98,109.58,8.5924
39361.98,101.07,8.5924
39362.98,100.65,8.5923
39363.98,100.71,8.5923
39364.98,101.09,8.5923
39365.99,100.66,8.5923
39366.99,100.67,8.5923
39367.99,101.1,8.5923
39368.99,100.72,8.5924
39369.99,100.72,8.5926
39370.99,101.15,8.5926
39371.99,100.68,8.5926
39372.99,100.8,8.5926
39374.0,101.11,8.5926
39375.0,100.75,8.5926
39376.0,100.75,8.5926
39377.0,101.17,8.5926
39378.0,100.74,8.5926
39379.0,101.14,8.5926
39380.01,100.81,8.5926
39381.01,100.75,8.5926
39382.01,101.15,8.5926
39383.01,101.65,8.5927
39384.01,100.43,8.5927
39385.01,100.88,8.5927
39386.01,100.59,8.5927
39387.01,100.34,8.5928
39388.02,100.92,8.5928
39389.02,100.76,8.5928
39390.02,100.66,8.5928
39391.02,101.02,8.5928
39392.02,100.58,8.5928
39393.02,100.59,8.5927
39394.02,101.05,8.5927
39395.03,100.66,8.5927
39396.03,100.6,8.5927
39397.03,101.01,8.5928
39398.03,100.7,8.5928
39399.03,100.72,8.5929
39400.03,100.83,8.5929
39401.03,100.52,8.5929
39402.04,100.81,8.5928
39403.04,100.58,8.5928
39404.04,100.58,8.5929
39405.04,101.04,8.5929
39406.04,100.72,8.5929
39407.04,100.54,8.5929
39408.04,100.96,8.593
39409.05,100.57,8.593
39410.05,101.0,8.593
39411.05,100.58,8.593
39412.05,100.43,8.593
39413.05,100.91,8.593
39414.05,100.4,8.593
39415.06,100.4,8.593
39416.06,100.83,8.593
39417.06,100.37,8.593
39418.06,100.85,8.593
39419.06,100.51,8.5931
39420.06,100.47,8.5931
39421.06,100.85,8.5931
39422.07,100.44,8.5931
39423.07,100.5,8.5932
39424.07,100.97,8.5932
39425.07,100.38,8.5932
39426.07,100.79,8.5932
39427.07,100.45,8.5932
39428.08,100.49,8.5932
39429.08,100.88,8.5932
39430.08,100.44,8.5932
39431.08,101.12,8.5932
39432.08,100.68,8.5932
39433.08,100.75,8.5932
39434.08,101.16,8.5934
39435.09,100.75,8.5934
39436.09,100.73,8.5934
39437.09,101.12,8.5934
39438.09,100.73,8.5934
39439.09,101.12,8.5934
39440.09,100.62,8.5934
39441.09,100.53,8.5934
39442.1,100.91,8.5934
39443.1,100.69,8.5934
39444.1,100.76,8.5935
39445.1,101.13,8.5935
39446.1,100.72,8.5935
39447.1,101.09,8.5935
39448.11,100.71,8.5935
39449.11,100.61,8.5935
39450.11,100.94,8.5936
39451.11,100.5,8.5936
39452.11,100.6,8.5936
39453.11,101.14,8.5936
39454.11,101.05,8.5936
39455.11,101.27,8.5936
39456.12,100.91,8.5936
39457.12,101.0,8.5936
39458.12,100.69,8.5936
39459.12,101.1,8.5936
39460.12,100.55,8.5936
39461.12,100.59,8.5936
39462.12,101.18,8.5936
39463.13,102.17,8.5937
39464.13,100.75,8.5936
39465.13,101.19,8.5936
39466.13,100.58,8.5936
39467.13,100.66,8.5936
39468.13,100.91,8.5936
39469.13,100.72,8.5936
39470.14,100.62,8.5937
39471.14,100.96,8.5937
39472.14,100.71,8.5937
39473.14,101.18,8.5937
39474.14,100.74,8.5938
39475.14,100.71,8.5938
39476.14,101.11,8.5938
39477.15,100.5,8.5938
39478.15,100.51,8.5938
39479.15,100.94,8.5938
39480.15,100.49,8.5938
39481.15,100.5,8.5938
39482.15,100.88,8.5938
39483.15,100.57,8.5939
39484.15,100.57,8.5939
39485.16,100.49,8.5939
39486.16,100.9,8.5939
39487.16,100.49,8.5938
39488.16,105.12,8.5938
39489.16,100.52,8.5938
39490.16,101.62,8.5938
39491.16,100.91,8.5938
39492.17,100.63,8.5938
39493.17,101.11,8.5938
39494.17,100.76,8.594
39495.17,100.66,8.594
39496.17,101.11,8.594
39497.17,100.69,8.5941
39498.17,100.69,8.594
39499.18,101.08,8.5941
39500.18,100.66,8.5941
39501.18,100.67,8.594
39502.18,101.07,8.5941
39503.18,100.69,8.5941
39504.18,101.1,8.5941
39505.19,100.64,8.5941
39506.19,100.72,8.5941
39507.19,101.06,8.5941
39508.19,100.67,8.5941
39509.19,100.62,8.5941
39510.19,101.07,8.5941
39511.19,100.67,8.5941
39512.2,100.67,8.5941
39513.2,101.14,8.5941
39514.2,100.74,8.5943
39515.2,100.68,8.5943
39516.2,101.07,8.5943
39517.2,100.68,8.5943
39518.2,101.08,8.5942
39519.21,100.73,8.5943
39520.21,100.61,8.5943
39521.21,107.16,8.5943
39522.21,100.65,8.5943
39523.21,100.7,8.5943
39524.21,101.16,8.5942
39525.21,100.73,8.5943
39526.22,101.08,8.5943
39527.22,100.72,8.5943
39528.22,100.73,8.5942
39529.22,101.15,8.5943
39530.22,100.65,8.5944
39531.22,101.14,8.5944
39532.23,100.68,8.5944
39533.23,100.74,8.5944
39534.23,101.11,8.5945
39535.23,100.73,8.5945
39536.23,100.67,8.5944
39537.23,101.06,8.5944
39538.23,100.68,8.5944
39539.23,100.65,8.5944
39540.24,100.84,8.5946
39541.24,100.45,8.5946
39542.24,100.46,8.5946
39543.24,100.96,8.5946
39544.24,100.49,8.5947
39545.24,100.84,8.5947
39546.25,100.46,8.5947
39547.25,100.45,8.5947
39548.25,100.83,8.5947
39549.25,100.54,8.5947
39550.25,100.47,8.5947
39551.25,100.9,8.5947
39552.25,100.62,8.5947
39553.26,101.09,8.5947
39554.26,100.49,8.5947
39555.26,100.45,8.5947
39556.26,101.04,8.5947
39557.26,100.66,8.5947
39558.26,100.58,8.5947
39559.27,101.11,8.5948
39560.27,100.41,8.5948
39561.27,101.07,8.5948
39562.27,100.66,8.5948
39563.27,100.81,8.5948
39564.27,101.08,8.5948
39565.27,100.68,8.5949
39566.27,100.65,8.5949
39567.28,101.1,8.5949
39568.28,100.68,8.5949
39569.28,100.82,8.595
39570.28,101.19,8.595
39571.28,100.76,8.595
39572.28,100.73,8.595
39573.28,101.24,8.595
39574.28,100.87,8.5949
39575.29,100.77,8.5949
39576.29,101.08,8.595
39577.29,100.62,8.595
39578.29,100.67,8.595
39579.29,101.13,8.595
39580.29,100.53,8.5951
39581.29,100.92,8.5951
39582.3,101.02,8.5952
39583.3,100.71,8.5952
39584.3,100.63,8.5952
39585.3,100.96,8.5952
39586.3,100.56,8.5952
39587.3,100.55,8.5952
39588.3,100.98,8.5952
39589.31,100.65,8.5952
39590.31,100.71,8.5952
39591.31,101.13,8.5952
39592.31,100.58,8.5952
39593.31,100.73,8.5952
39594.31,101.07,8.5952
39595.31,100.64,8.5953
39596.32,101.07,8.5953
39597.32,100.63,8.5953
39598.32,100.74,8.5954
39599.32,101.12,8.5954
39600.32,100.7,8.5954
39601.32,101.1,8.5954
39602.33,100.63,8.5954
39603.33,100.73,8.5954
39604.33,101.11,8.5954
39605.33,100.68,8.5955
39606.33,100.69,8.5955
39607.33,100.77,8.5955
39608.33,100.53,8.5954
39609.34,101.08,8.5954
39610.34,100.68,8.5955
39611.34,100.74,8.5955
39612.34,101.07,8.5956
39613.34,100.79,8.5956
39614.34,100.71,8.5956
39615.34,101.09,8.5956
39616.35,100.7,8.5956
39617.35,101.06,8.5956
39618.35,100.73,8.5956
39619.35,100.7,8.5956
39620.35,101.1,8.5956
39621.35,100.7,8.5956
39622.36,100.7,8.5956
39623.36,101.2,8.5957
39624.36,100.71,8.5957
39625.36,101.1,8.5957
39626.36,100.67,8.5957
39627.36,100.62,8.5957
39628.36,100.56,8.5957
39629.36,101.05,8.5957
39630.37,100.66,8.5957
39631.37,101.06,8.5958
39632.37,100.54,8.5958
39633.37,100.56,8.5958
39634.37,101.08,8.5958
39635.37,100.67,8.5958
39636.37,100.67,8.5958
39637.38,100.99,8.5958
39638.38,100.54,8.5958
39639.38,100.89,8.5958
39640.38,100.68,8.5958
39641.38,104.28,8.5959
39642.38,100.87,8.5959
39643.39,100.62,8.5959
39644.39,100.69,8.5959
39645.39,100.98,8.5959
39646.39,100.47,8.5958
39647.39,100.86,8.596
39648.39,100.53,8.596
39649.4,100.49,8.596
39650.4,100.89,8.596
39651.4,100.48,8.596
39652.4,100.66,8.596
39653.4,101.18,8.5961
39654.4,100.78,8.5961
39655.4,100.69,8.5961
39656.4,101.08,8.5961
39657.41,100.63,8.5961
39658.41,101.13,8.5961
39659.41,100.71,8.5961
39660.41,100.64,8.5961
39661.41,101.07,8.5961
39662.41,100.54,8.5962
39663.42,101.14,8.5962
39664.42,100.69,8.5962
39665.42,100.51,8.5962
39666.42,100.92,8.5962
39667.42,100.69,8.5962
39668.42,100.66,8.5962
39669.42,100.95,8.5962
39670.43,100.5,8.5962
39671.43,100.5,8.5962
39672.43,100.91,8.5962
39673.43,100.74,8.5962
39674.43,100.51,8.5962
39675.43,100.86,8.5962
39676.43,100.45,8.5961
39677.44,100.44,8.5963
39678.44,101.1,8.5963
39679.44,100.49,8.5962
39680.44,100.57,8.5963
39681.44,100.5,8.5963
39682.44,100.73,8.5963
39683.44,101.11,8.5963
39684.45,100.48,8.5963
39685.45,100.48,8.5963
39686.45,100.86,8.5963
39687.45,100.43,8.5963
39688.45,101.14,8.5965
39689.45,100.61,8.5965
39690.45,100.69,8.5965
39691.46,100.95,8.5965
39692.46,100.67,8.5964
39693.46,100.73,8.5965
39694.46,100.48,8.5965
39695.46,100.95,8.5965
39696.46,100.69,8.5965
39697.46,101.03,8.5966
39698.47,100.53,8.5966
39699.47,100.5,8.5966
39700.47,100.96,8.5966
39701.47,100.55,8.5966
39702.47,100.58,8.5966
39703.47,101.16,8.5966
39704.47,100.59,8.5967
39705.48,100.68,8.5967
39706.48,101.1,8.5967
39707.48,100.71,8.5968
39708.48,101.11,8.5968
39709.48,100.76,8.5968
39710.48,100.73,8.5966
39711.48,100.69,8.5967
39712.48,101.08,8.5967
39713.49,100.76,8.5969
39714.49,100.65,8.5969
39715.49,101.08,8.5969
39716.49,100.65,8.5969
39717.49,101.01,8.5969
39718.49,100.72,8.5969
39719.5,100.66,8.5968
39720.5,101.07,8.5968
39721.5,100.67,8.5968
39722.5,101.08,8.5968
39723.5,100.75,8.5969
39724.5,100.67,8.5969
39725.5,100.7,8.5969
39726.5,101.05,8.5969
39727.51,100.7,8.5969
39728.51,101.14,8.5969
39729.51,100.69,8.597
39730.51,100.7,8.597
39731.51,101.17,8.597
39732.51,100.61,8.597
39733.52,100.77,8.5971
39734.52,101.12,8.5971
39735.52,100.69,8.5971
39736.52,101.1,8.5971
39737.52,100.65,8.5971
39738.52,100.71,8.5971
39739.52,101.1,8.5972
39740.53,100.47,8.5972
39741.53,100.88,8.5971
39742.53,100.45,8.5971
39743.53,100.75,8.5971
39744.53,101.08,8.5972
39745.53,100.64,8.5972
39746.54,100.67,8.5972
39747.54,101.02,8.5972
39748.54,100.54,8.5972
39749.54,101.09,8.5972
39750.54,100.69,8.5973
39751.54,100.7,8.5973
39752.54,101.08,8.5973
39753.55,100.75,8.5973
39754.55,100.67,8.5973
39755.55,101.06,8.5973
39756.55,100.7,8.5973
39757.55,101.1,8.5973
39758.55,100.72,8.5974
39759.55,100.69,8.5974
39760.56,101.08,8.5973
39761.56,100.67,8.5973
39762.56,100.67,8.5973
39763.56,101.11,8.5974
39764.56,100.61,8.5975
39765.56,100.57,8.5976
39766.56,100.9,8.5976
39767.57,100.72,8.5976
39768.57,101.02,8.5976
39769.57,100.46,8.5976
39770.57,100.48,8.5976
39771.57,100.86,8.5976
39772.57,100.51,8.5976
39773.58,100.51,8.5976
39774.58,100.87,8.5976
39775.58,100.57,8.5976
39776.58,100.57,8.5976
39777.58,100.98,8.5976
39778.58,100.61,8.5976
39779.58,101.01,8.5976
39780.59,100.55,8.5977
39781.59,100.56,8.5976
39782.59,101.02,8.5976
39783.59,100.67,8.5978
39784.59,100.58,8.5978
39785.59,101.02,8.5978
39786.59,100.57,8.5978
39787.59,100.58,8.5978
39788.6,101.03,8.5978
39789.6,100.56,8.5978
39790.6,100.56,8.5978
39791.6,101.05,8.5978
39792.6,100.53,8.5978
39793.6,100.63,8.5978
39794.6,101.01,8.5978
39795.61,100.52,8.5978
39796.61,100.64,8.5978
39797.61,100.95,8.5978
39798.61,100.64,8.5979
39799.61,100.55,8.5979
39800.61,101.05,8.5979
39801.61,100.65,8.5979
39802.62,100.98,8.5979
39803.62,100.79,8.598
39804.62,100.69,8.598
39805.62,100.64,8.598
39806.62,101.11,8.598
39807.62,100.49,8.598
39808.62,100.61,8.598
39809.62,101.11,8.598
39810.63,100.66,8.598
39811.63,100.68,8.598
39812.63,101.13,8.598
39813.63,100.78,8.5982
39814.63,100.68,8.5982
39815.63,100.89,8.5982
39816.63,100.53,8.5982
39817.64,100.62,8.5982
39818.64,101.11,8.5982
39819.64,100.72,8.5982
39820.64,101.1,8.5982
39821.64,100.71,8.5982
39822.64,100.72,8.5982
39823.64,101.18,8.5982
39824.65,100.7,8.5983
39825.65,100.64,8.5984
39826.65,101.1,8.5983
39827.65,100.68,8.5983
39828.65,101.07,8.5983
39829.65,100.56,8.5983
39830.66,100.55,8.5983
39831.66,101.06,8.5983
39832.66,100.65,8.5983
39833.66,101.14,8.5983
39834.66,100.67,8.5983
39835.66,100.69,8.5983
39836.66,101.06,8.5983
39837.67,100.69,8.5984
39838.67,100.72,8.5983
39839.67,101.06,8.5983
39840.67,100.68,8.5983
39841.67,101.06,8.5983
39842.67,100.74,8.5983
39843.67,100.76,8.5985
39844.68,101.08,8.5985
39845.68,100.64,8.5985
39846.68,100.47,8.5985
39847.68,100.88,8.5985
39848.68,100.54,8.5986
39849.68,100.54,8.5986
39850.68,101.07,8.5986
39851.69,100.75,8.5986
39852.69,101.1,8.5986
39853.69,100.79,8.5986
39854.69,100.68,8.5986
39855.69,101.07,8.5986
39856.69,100.68,8.5986
39857.7,100.63,8.5986
39858.7,101.06,8.5986
39859.7,100.7,8.5986
39860.7,101.07,8.5986
39861.7,100.68,8.5986
39862.7,100.65,8.5986
39863.7,100.94,8.5988
39864.71,100.49,8.5987
39865.71,100.57,8.5988
39866.71,101.01,8.5988
39867.71,100.63,8.5989
39868.71,101.08,8.5989
39869.71,100.67,8.5988
39870.72,100.58,8.5988
39871.72,101.06,8.5988
39872.72,100.64,8.5988
39873.72,101.1,8.5989
39874.72,100.49,8.5989
39875.72,100.65,8.5989
39876.72,101.07,8.5989
39877.73,100.67,8.5989
39878.73,100.66,8.5989
39879.73,101.04,8.5988
39880.73,100.62,8.5989
39881.73,101.09,8.5989
39882.73,100.68,8.5989
39883.73,100.75,8.599
39884.74,101.1,8.599
39885.74,100.64,8.5989
39886.74,100.64,8.5989
39887.74,101.1,8.5989
39888.74,100.74,8.5991
39889.74,101.06,8.5991
39890.75,100.64,8.5991
39891.75,100.69,8.5991
39892.75,101.06,8.5991
39893.75,100.76,8.5992
39894.75,100.69,8.5992
39895.75,100.97,8.5992
39896.75,100.46,8.5992
39897.76,100.86,8.5992
39898.76,100.5,8.5992
39899.76,100.66,8.5992
39900.76,101.07,8.5992
39901.76,100.7,8.5992
39902.76,101.11,8.5991
39903.77,100.77,8.5993
39904.77,100.67,8.5992
39905.77,101.08,8.5993
39906.77,100.71,8.5993
39907.77,100.69,8.5993
39908.77,101.11,8.5994
39909.77,100.69,8.5994
39910.78,100.67,8.5994
39911.78,101.12,8.5994
39912.78,100.69,8.5994
39913.78,101.19,8.5994
39914.78,100.7,8.5994
39915.78,100.68,8.5994
39916.78,101.07,8.5994
39917.79,100.55,8.5994
39918.79,100.58,8.5995
39919.79,109.35,8.5994
39920.79,100.48,8.5994
39921.79,100.51,8.5994
39922.79,101.05,8.5994
39923.79,100.79,8.5996
39924.8,101.13,8.5996
39925.8,100.75,8.5996
39926.8,100.73,8.5996
39927.8,101.14,8.5996
39928.8,100.78,8.5996
39929.8,100.77,8.5996
39930.8,101.19,8.5996
39931.81,100.75,8.5996
39932.81,100.8,8.5996
39933.81,101.25,8.5996
39934.81,100.77,8.5996
39935.81,101.15,8.5996
39936.81,100.75,8.5996
39937.81,100.75,8.5996
39938.82,101.25,8.5997
39939.82,100.79,8.5996
39940.82,100.76,8.5998
39941.82,101.16,8.5998
39942.83,100.79,8.5998
39943.83,100.53,8.5998
39944.83,100.95,8.5998
39945.83,100.66,8.5998
39946.83,101.18,8.5999
39947.83,100.78,8.5999
39948.84,100.75,8.5999
39949.84,101.18,8.5999
39950.84,100.87,8.5999
39951.84,100.76,8.5999
39952.84,101.18,8.5999
39953.84,100.78,8.5999
39954.84,100.79,8.5999
39955.85,101.21,8.5999
39956.85,100.72,8.5999
39957.85,100.95,8.5999
39958.85,100.78,8.5999
39959.85,100.79,8.5999
39960.85,101.14,8.5999
39961.85,100.78,8.5999
39962.86,101.25,8.5999
39963.86,100.76,8.6
39964.86,100.7,8.6
39965.86,101.13,8.6
39966.86,100.76,8.6
39967.86,100.78,8.6
39968.87,101.17,8.6
39969.87,100.77,8.6
39970.87,101.19,8.6
39971.87,100.8,8.6
39972.87,100.87,8.6002
39973.87,101.18,8.6002
39974.87,100.83,8.6002
39975.88,101.22,8.6002
39976.88,100.86,8.6002
39977.88,100.91,8.6002
39978.88,101.27,8.6002
39979.88,100.83,8.6002
39980.88,100.82,8.6002
39981.88,101.22,8.6001
39982.89,100.89,8.6003
39983.89,100.83,8.6003
39984.89,101.21,8.6003
39985.89,100.77,8.6003
39986.89,101.11,8.6003
39987.89,100.7,8.6003
39988.9,100.75,8.6003
39989.9,101.08,8.6003
39990.9,100.69,8.6003
39991.9,100.73,8.6004
39992.9,101.11,8.6005
39993.9,100.66,8.6005
39994.9,100.7,8.6004
39995.91,101.07,8.6004
39996.91,100.67,8.6004
39997.91,101.11,8.6005
39998.91,100.72,8.6005
39999.91,100.69,8.6005
40000.91,101.11,8.6005
40001.91,100.7,8.6005
40002.91,100.82,8.6006
40003.92,101.2,8.6006
40004.92,100.67,8.6006
40005.92,100.7,8.6007
40006.92,101.15,8.6007
40007.92,100.7,8.6007
40008.92,100.55,8.6006
40009.92,100.88,8.6007
40010.93,100.49,8.6007
40011.93,100.48,8.6007
40012.93,100.95,8.6007
40013.93,100.64,8.6007
40014.93,101.11,8.6007
40015.93,100.68,8.6007
40016.93,100.67,8.6007
40017.94,101.12,8.6007
40018.94,100.77,8.6008
40019.94,100.69,8.6007
40020.94,101.12,8.6006
40021.94,100.67,8.6007
40022.94,100.74,8.6007
40023.94,101.14,8.6007
40024.95,100.68,8.6007
40025.95,100.69,8.6008
40026.95,101.09,8.6008
40027.95,100.67,8.6009
40028.95,100.71,8.6009
40029.95,101.1,8.6009
40030.95,100.69,8.6009
40031.96,100.6,8.6009
40032.96,101.13,8.6009
40033.96,100.74,8.6009
40034.96,101.09,8.601
40035.96,100.67,8.601
40036.96,100.67,8.601
40037.96,101.1,8.601
40038.97,100.75,8.6009
40039.97,100.71,8.6009
40040.97,101.12,8.6009
40041.97,100.67,8.6009
40042.97,100.61,8.6011
40043.97,100.89,8.6011
40044.97,100.57,8.6011
40045.98,101.08,8.6011
40046.98,100.75,8.6011
40047.98,100.71,8.6011
40048.98,101.59,8.6011
40049.98,100.78,8.6011
40050.98,100.7,8.6011
40051.98,100.63,8.601
40052.98,101.16,8.6011
40053.99,100.73,8.6013
40054.99,101.09,8.6013
40055.99,100.67,8.6013
40056.99,100.68,8.6013
40057.99,101.14,8.6013
40058.99,100.68,8.6013
40059.99,100.51,8.6013
40061.0,100.89,8.6013
40062.0,100.47,8.6012
40063.0,100.54,8.6014
40064.0,100.95,8.6013
40065.0,100.5,8.6013
40066.0,100.49,8.6013
40067.0,100.88,8.6013
40068.01,100.47,8.6013
40069.01,100.53,8.6013
40070.01,100.99,8.6014
40071.01,100.69,8.6014
40072.01,100.66,8.6014
40073.01,101.19,8.6014
40074.01,100.76,8.6014
40075.01,100.57,8.6016
40076.02,100.86,8.6016
40077.02,100.45,8.6016
40078.02,100.48,8.6016
40079.02,101.05,8.6016
40080.02,100.74,8.6016
40081.02,100.68,8.6016
40082.02,101.02,8.6016
40083.03,100.7,8.6015
40084.03,100.52,8.6015
40085.03,100.89,8.6015
40086.03,100.65,8.6015
40087.03,101.06,8.6015
40088.03,100.68,8.6015
40089.03,100.7,8.6016
40090.04,100.96,8.6016
40091.04,100.51,8.6016
40092.04,100.5,8.6017
40093.04,100.95,8.6017
40094.04,100.54,8.6018
40095.04,100.57,8.6018
40096.04,100.98,8.6018
40097.05,100.68,8.6017
40098.05,100.68,8.6017
40099.05,101.14,8.6017
40100.05,100.68,8.6016
40101.05,101.08,8.6016
40102.05,100.7,8.6016
40103.05,100.73,8.6016
40104.06,101.12,8.6017
40105.06,100.7,8.6017
40106.06,100.68,8.6017
40107.06,101.1,8.6019
40108.06,100.65,8.6019
40109.06,101.11,8.6019
40110.07,100.69,8.6019
40111.07,100.69,8.6019
40112.07,101.06,8.6019
40113.07,100.74,8.6019
40114.07,100.75,8.6021
40115.07,101.15,8.6021
40116.07,100.69,8.6021
40117.08,100.69,8.6021
40118.08,100.96,8.6021
40119.08,100.72,8.6021
40120.08,101.06,8.602
40121.08,100.64,8.6021
40122.08,100.66,8.6021
40123.08,101.14,8.6021
40124.09,100.71,8.6021
40125.09,100.69,8.6021
40126.09,101.09,8.6021
40127.09,100.49,8.6021
40128.09,100.84,8.6021
40129.09,100.65,8.6021
40130.09,100.66,8.6021
40131.1,101.09,8.6021
40132.1,100.7,8.6021
40133.1,100.76,8.6021
40134.1,101.17,8.6021
40135.1,100.74,8.6021
40136.1,101.15,8.6021
40137.11,100.71,8.6021
40138.11,100.65,8.6021
40139.11,101.21,8.6022
40140.11,100.71,8.6022
40141.11,100.51,8.6022
40142.11,100.89,8.6022
40143.11,100.56,8.6023
40144.12,100.58,8.6022
40145.12,101.14,8.6022
40146.12,100.77,8.6022
40147.12,101.12,8.6022
40148.12,100.5,8.6022
40149.12,100.61,8.6023
40150.12,101.14,8.6024
40151.13,100.77,8.6024
40152.13,101.15,8.6023
40153.13,100.81,8.6023
40154.13,100.79,8.6023
40155.13,101.16,8.6024
40156.13,100.47,8.6024
40157.14,100.56,8.6024
40158.14,101.19,8.6025
40159.14,100.83,8.6025
40160.14,101.18,8.6025
40161.14,100.77,8.6025
40162.14,100.78,8.6025
40163.14,101.23,8.6025
40164.15,100.82,8.6025
40165.15,101.19,8.6025
40166.15,100.76,8.6026
40167.15,100.49,8.6027
40168.15,100.9,8.6027
40169.15,100.55,8.6027
40170.16,100.9,8.6027
40171.16,100.51,8.6027
40172.16,100.5,8.6027
40173.16,100.94,8.6027
40174.16,100.52,8.6027
40175.16,100.49,8.6027
40176.17,100.91,8.6027
40177.17,100.68,8.6027
40178.17,100.82,8.6027
40179.17,101.2,8.6027
40180.17,100.68,8.6027
40181.17,100.97,8.6027
40182.17,100.49,8.6027
40183.17,100.55,8.6028
40184.18,101.11,8.6028
40185.18,100.73,8.6028
40186.18,100.78,8.6028
40187.18,101.12,8.6027
40188.18,100.79,8.6029
40189.18,101.26,8.6029
40190.19,100.77,8.6029
40191.19,100.86,8.6029
40192.19,101.18,8.6029
40193.19,100.77,8.6029
40194.19,100.73,8.603
40195.19,101.05,8.603
40196.19,100.48,8.603
40197.2,100.47,8.603
40198.2,100.95,8.603
40199.2,100.51,8.6031
40200.2,100.46,8.6031
40201.2,101.1,8.6031
40202.2,100.66,8.6031
40203.2,100.74,8.6031
40204.2,101.18,8.6031
40205.21,100.66,8.6031
40206.21,100.68,8.6031
40207.21,101.13,8.6031
40208.21,100.68,8.6031
40209.21,100.77,8.6031
40210.21,101.04,8.6031
40211.21,100.74,8.6031
40212.22,100.71,8.6031
40213.22,101.15,8.6031
40214.22,100.66,8.6031
40215.22,101.01,8.6031
40216.22,100.69,8.6031
40217.22,100.53,8.6031
40218.22,100.86,8.6031
40219.23,100.63,8.6031
40220.23,100.63,8.6031
40221.23,101.05,8.6031
40222.23,100.64,8.6032
40223.23,101.08,8.6033
40224.23,100.69,8.6033
40225.24,100.65,8.6033
40226.24,101.07,8.6033
40227.24,100.71,8.6033
40228.24,100.74,8.6033
40229.24,101.1,8.6033
40230.24,100.63,8.6033
40231.24,100.62,8.6033
40232.24,101.05,8.6033
40233.25,100.73,8.6034
40234.25,100.64,8.6035
40235.25,101.06,8.6035
40236.25,100.61,8.6035
40237.25,100.67,8.6035
40238.25,101.05,8.6036
40239.25,100.68,8.6036
40240.26,100.63,8.6036
40241.26,101.06,8.6036
40242.26,100.64,8.6036
40243.26,101.14,8.6037
40244.26,100.66,8.6037
40245.26,100.46,8.6037
40246.26,100.92,8.6037
40247.27,100.66,8.6037
40248.27,100.7,8.6037
40249.27,101.13,8.6037
40250.27,100.71,8.6037
40251.27,100.71,8.6037
40252.27,101.15,8.6037
40253.27,100.79,8.6038
40254.28,101.16,8.6038
40255.28,100.71,8.6039
40256.28,100.8,8.6039
40257.28,101.17,8.6039
40258.28,100.63,8.6039
40259.28,100.84,8.6039
40260.28,101.32,8.6039
40261.29,100.85,8.6039
40262.29,100.86,8.6039
40263.29,101.37,8.6039
40264.29,100.86,8.6039
40265.29,100.84,8.6039
40266.29,101.27,8.6039
40267.29,100.84,8.6039
40268.3,100.88,8.6039
40269.3,101.36,8.6039
40270.3,100.87,8.6039
40271.3,101.34,8.6039
40272.3,100.58,8.6039
40273.3,100.95,8.6041
40274.3,101.42,8.6041
40275.31,100.81,8.6041
40276.31,100.91,8.6041
40277.31,101.35,8.6041
40278.31,100.94,8.6041
40279.31,100.93,8.604
40280.31,100.86,8.604
40281.31,101.35,8.604
40282.31,100.81,8.604
40283.31,100.63,8.6042
40284.32,100.99,8.6042
40285.32,100.54,8.6042
40286.32,100.51,8.6041
40287.32,100.89,8.6042
40288.32,100.57,8.6042
40289.32,101.15,8.6042
40290.33,100.84,8.6042
40291.33,100.88,8.6042
40292.33,101.23,8.6042
40293.33,100.94,8.6042
40294.33,101.25,8.6042
40295.33,100.87,8.6042
40296.34,100.89,8.6042
40297.34,101.34,8.6042
40298.34,100.93,8.6044
40299.34,200.44,8.7144
40300.34,348.38,3.0006
40301.34,306.96,3.3962
40302.34,354.4,3.5666
40303.34,353.49,3.803
40304.35,328.83,4.1236
40305.35,317.99,4.4245
40306.35,308.75,4.7372
40307.35,308.84,5.0917
40308.35,309.28,5.4172
40309.35,305.2,5.7796
40310.35,307.09,6.1302
40311.35,304.03,6.4161
40312.36,307.58,6.7334
40313.36,310.33,6.9825
40314.36,303.29,7.2029
40315.36,289.55,7.4335
40316.36,187.82,7.641
40317.36,214.48,8.0102
40318.36,157.64,8.0102
40319.37,123.77,8.1024
40320.37,116.57,8.1103
40321.37,149.21,8.1103
40322.37,141.06,8.1105
40323.37,118.25,8.1104
40324.37,110.24,8.1104
40325.37,115.58,8.1105
40326.37,103.05,8.1105
40327.38,165.53,8.1106
40328.38,144.91,8.1106
40329.38,168.62,8.1106
40330.38,147.16,8.1106
40331.38,134.33,8.1105
40332.38,108.99,8.1105
40333.39,102.57,8.1106
40334.39,124.02,8.1106
40335.39,101.36,8.1106
40336.39,103.02,8.1106
40337.39,103.92,8.1106
40338.39,113.01,8.1106
40339.39,102.21,8.1106
40340.4,106.07,8.1106
40341.4,102.03,8.1106
40342.4,104.63,8.1106
40343.4,102.45,8.1106
40344.4,102.61,8.1106
40345.4,101.21,8.1106
40346.41,100.99,8.1106
40347.41,103.44,8.1106
40348.41,101.39,8.1108
40349.41,100.95,8.1108
40350.42,104.97,8.1239
40351.42,181.26,8.472
40352.43,100.7,8.5014
40353.43,101.18,8.5014
40354.43,106.78,8.5014
40355.43,116.09,8.5014
40356.43,101.24,8.5013
40357.43,101.23,8.5014
40358.43,127.56,8.5015
40359.43,140.34,8.5015
40360.44,100.85,8.5014
40361.44,102.13,8.5014
40362.44,100.89,8.5014
40363.44,101.37,8.5015
40364.44,101.15,8.5015
40365.44,101.91,8.5015
40366.44,101.3,8.5015
40367.45,105.22,8.5014
40368.45,101.56,8.5016
40369.45,103.86,8.5016
40370.45,100.84,8.5016
40371.45,103.93,8.5016
40372.45,101.98,8.5015
40373.46,101.13,8.5016
40374.46,101.31,8.5016
40375.46,100.9,8.5017
40376.46,100.75,8.5017
40377.46,101.15,8.5017
40378.46,102.73,8.5016
40379.46,222.87,8.5021
40380.47,227.43,8.5022
40381.47,136.22,8.5022
40382.47,107.01,8.5022
40383.47,103.67,8.5023
40384.47,100.72,8.5022
40385.47,100.96,8.5022
40386.47,103.45,8.5023
40387.48,105.96,8.5023
40388.48,101.99,8.5024
40389.48,101.23,8.5024
40390.48,101.08,8.5024
40391.48,101.17,8.5024
40392.48,100.88,8.5024
40393.48,101.18,8.5025
40394.49,101.66,8.5025
40395.49,101.97,8.5025
40396.49,104.49,8.5025
40397.49,100.71,8.5025
40398.49,100.69,8.5025
40399.49,120.16,8.5025
40400.49,101.05,8.5025
40401.49,100.63,8.5024
40402.5,101.06,8.5024
40403.5,100.76,8.5024
40404.5,100.68,8.5026
40405.5,100.92,8.5026
40406.5,100.61,8.5026
40407.5,100.59,8.5026
40408.5,101.09,8.5027
40409.51,102.81,8.5027
40410.51,100.84,8.5027
40411.51,100.56,8.5027
40412.51,100.7,8.5027
40413.51,101.19,8.5027
40414.51,100.68,8.5027
40415.51,100.64,8.5027
40416.52,101.65,8.5027
40417.52,113.07,8.5027
40418.52,100.68,8.5028
40419.52,101.16,8.5028
40420.52,100.62,8.5027
40421.52,100.8,8.5027
40422.52,100.9,8.5027
40423.53,100.56,8.5027
40424.53,102.54,8.5027
40425.53,101.03,8.5027
40426.53,100.66,8.5027
40427.53,101.03,8.5027
40428.53,100.76,8.5027
40429.53,100.65,8.5027
40430.54,101.13,8.5027
40431.54,100.74,8.5027
40432.54,100.74,8.5028
40433.54,101.24,8.503
40434.54,100.75,8.503
40435.54,100.74,8.503
40436.54,101.19,8.503
40437.55,100.74,8.503
40438.55,100.72,8.503
40439.55,101.1,8.503
40440.55,100.72,8.5029
40441.55,101.0,8.503
40442.55,100.46,8.503
40443.56,100.75,8.5031
40444.56,101.03,8.5031
40445.56,100.71,8.5031
40446.56,101.12,8.5031
40447.56,100.71,8.5031
40448.56,100.65,8.5032
40449.56,100.97,8.5032
40450.57,100.67,8.5032
40451.57,100.79,8.5032
40452.57,101.23,8.5032
40453.57,100.8,8.5032
40454.57,100.75,8.5032
40455.57,101.17,8.5031
40456.57,100.72,8.5031
40457.57,100.68,8.5032
40458.58,101.17,8.5033
40459.58,100.74,8.5032
40460.58,100.72,8.5033
40461.58,101.06,8.5033
40462.58,100.8,8.5034
40463.58,100.8,8.5034
40464.58,101.21,8.5034
40465.58,100.77,8.5034
40466.59,100.73,8.5034
40467.59,101.12,8.5034
40468.59,100.75,8.5034
40469.59,100.73,8.5034
40470.59,100.96,8.5034
40471.59,100.49,8.5034
40472.6,100.5,8.5034
40473.6,101.09,8.5035
40474.6,100.49,8.5034
40475.6,100.49,8.5033
40476.6,101.04,8.5034
40477.6,100.72,8.5035
40478.6,100.74,8.5035
40479.6,101.12,8.5035
40480.61,100.74,8.5035
40481.61,100.79,8.5035
40482.61,101.13,8.5035
40483.61,100.86,8.5035
40484.61,101.15,8.5035
40485.61,100.8,8.5036
40486.61,100.73,8.5036
40487.62,101.13,8.5036
40488.62,100.75,8.5037
40489.62,100.72,8.5037
40490.62,101.16,8.5036
40491.62,100.77,8.5036
40492.62,100.72,8.5036
40493.62,101.27,8.5037
40494.63,100.73,8.5037
40495.63,100.73,8.5037
40496.63,101.19,8.5037
40497.63,100.66,8.5037
40498.63,100.59,8.5037
40499.63,101.15,8.5038
40500.63,100.6,8.5038
40501.63,100.5,8.5038
40502.64,100.93,8.5038
40503.64,100.72,8.5039
40504.64,100.66,8.5039
40505.64,100.7,8.5039
40506.64,101.04,8.5039
40507.64,100.59,8.5038
40508.64,101.05,8.5038
40509.65,100.74,8.5039
40510.65,100.71,8.5039
40511.65,101.01,8.5038
40512.65,100.51,8.5038
40513.65,101.0,8.5039
40514.65,100.51,8.5039
40515.65,100.52,8.5039
40516.66,100.93,8.5039
40517.66,100.56,8.5039
40518.66,101.12,8.504
40519.66,100.69,8.504
40520.66,100.66,8.504
40521.66,101.07,8.504
40522.67,100.68,8.504
40523.67,100.73,8.504
40524.67,101.08,8.504
40525.67,100.68,8.504
40526.67,101.05,8.504
40527.67,100.58,8.5041
40528.67,100.85,8.5041
40529.68,101.13,8.5042
40530.68,100.66,8.5042
40531.68,100.73,8.504
40532.68,101.08,8.504
40533.68,100.6,8.5041
40534.68,100.52,8.5041
40535.68,100.91,8.5041
40536.69,100.52,8.5042
40537.69,100.52,8.5042
40538.69,100.95,8.5042
40539.69,100.53,8.5042
40540.69,100.9,8.5042
40541.69,100.56,8.5042
40542.7,100.68,8.5042
40543.7,101.22,8.5042
40544.7,100.74,8.5041
40545.7,101.14,8.5042
40546.7,100.73,8.5043
40547.7,100.7,8.5043
40548.7,101.05,8.5044
40549.71,104.03,8.5044
40550.71,101.03,8.5044
40551.71,100.71,8.5044
40552.71,100.73,8.5044
40553.71,101.16,8.5044
40554.71,100.68,8.5044
40555.72,100.7,8.5044
40556.72,101.12,8.5044
40557.72,100.75,8.5044
40558.72,101.16,8.5044
40559.72,100.76,8.5044
40560.72,100.75,8.5044
40561.72,101.09,8.5044
40562.73,100.69,8.5044
40563.73,100.8,8.5046
40564.73,101.06,8.5046
40565.73,100.67,8.5046
40566.73,101.14,8.5046
40567.73,100.7,8.5046
40568.73,100.75,8.5046
40569.74,101.14,8.5046
40570.74,100.75,8.5046
40571.74,100.71,8.5046
40572.74,101.0,8.5046
40573.74,100.85,8.5047
40574.74,100.74,8.5047
40575.74,101.14,8.5046
40576.75,100.72,8.5047
40577.75,100.76,8.5047
40578.75,101.16,8.5047
40579.75,100.72,8.5047
40580.75,101.13,8.5047
40581.75,100.48,8.5047
40582.75,100.47,8.5049
40583.76,100.88,8.5049
40584.76,100.49,8.5049
40585.76,100.49,8.5049
40586.76,100.89,8.5047
40587.76,100.54,8.5049
40588.76,100.58,8.505
40589.76,101.11,8.5049
40590.77,100.67,8.5049
40591.77,101.06,8.5049
40592.77,100.6,8.5049
40593.77,100.8,8.505
40594.77,101.22,8.5051
40595.77,100.72,8.505
40596.77,100.73,8.5049
40597.78,100.69,8.505
40598.78,101.18,8.505
40599.78,100.67,8.5051
40600.78,101.09,8.5051
40601.78,100.75,8.5051
40602.78,100.64,8.505
40603.78,101.01,8.505
40604.79,100.53,8.505
40605.79,100.55,8.5051
40606.79,100.98,8.5051
40607.79,100.68,8.5051
40608.79,101.08,8.5053
40609.79,100.59,8.5053
40610.79,100.46,8.5053
40611.8,100.99,8.5052
40612.8,100.74,8.5052
40613.8,100.84,8.5053
40614.8,101.15,8.5053
40615.8,100.72,8.5053
40616.8,101.14,8.5053
40617.81,100.74,8.5053
40618.81,100.75,8.5053
40619.81,101.12,8.5053
40620.81,100.69,8.5053
40621.81,100.7,8.5053
40622.81,101.13,8.5053
40623.81,100.75,8.5054
40624.82,100.93,8.5053
40625.82,100.53,8.5054
40626.82,100.72,8.5054
40627.82,101.19,8.5054
40628.82,100.74,8.5054
40629.82,100.73,8.5054
40630.82,101.15,8.5054
40631.83,100.79,8.5054
40632.83,100.78,8.5054
40633.83,101.19,8.5055
40634.83,100.75,8.5053
40635.83,100.75,8.5053
40636.83,101.14,8.5053
40637.83,100.7,8.5054
40638.84,101.16,8.5054
40639.84,100.69,8.5054
40640.84,100.76,8.5054
40641.84,101.13,8.5054
40642.84,100.78,8.5055
40643.84,100.73,8.5055
40644.84,101.16,8.5055
40645.85,100.73,8.5056
40646.85,100.73,8.5056
40647.85,101.18,8.5056
40648.85,100.8,8.5056
40649.85,101.24,8.5055
40650.85,100.75,8.5056
40651.85,100.77,8.5056
40652.86,101.21,8.5057
40653.86,100.8,8.5058
40654.86,100.8,8.5058
40655.86,101.13,8.5059
40656.86,100.73,8.5058
40657.86,101.21,8.5059
40658.87,100.79,8.5058
40659.87,100.79,8.5058
40660.87,101.22,8.5058
40661.87,100.8,8.5058
40662.87,100.82,8.5058
40663.87,101.26,8.5058
40664.87,100.8,8.5058
40665.87,100.64,8.5058
40666.88,101.22,8.5059
40667.88,100.74,8.5059
40668.88,100.76,8.506
40669.88,100.52,8.506
40670.88,100.91,8.506
40671.88,100.77,8.506
40672.88,101.18,8.506
40673.89,100.73,8.506
40674.89,100.64,8.5059
40675.89,101.09,8.506
40676.89,100.68,8.506
40677.89,101.07,8.506
40678.89,100.72,8.5059
40679.89,100.73,8.5059
40680.9,101.07,8.5059
40681.9,100.7,8.5059
40682.9,100.78,8.506
40683.9,101.14,8.506
40684.9,100.7,8.506
40685.9,101.09,8.506
40686.91,100.73,8.506
40687.91,100.74,8.506
40688.91,101.05,8.506
40689.91,100.72,8.506
40690.91,100.73,8.506
40691.91,101.02,8.5061
40692.91,100.51,8.5061
40693.91,100.55,8.5061
40694.92,100.98,8.5061
40695.92,100.51,8.5061
40696.92,100.49,8.5061
40697.92,101.07,8.5061
40698.92,100.72,8.5061
40699.92,100.71,8.5062
40700.92,101.12,8.5062
40701.93,100.67,8.5062
40702.93,100.8,8.5062
40703.93,100.99,8.5063
40704.93,100.62,8.5063
40705.93,100.77,8.5063
40706.93,101.09,8.5063
40707.93,100.7,8.5063
40708.94,100.75,8.5063
40709.94,101.13,8.5063
40710.94,100.64,8.5063
40711.94,100.96,8.5063
40712.94,100.58,8.5064
40713.94,100.56,8.5064
40714.94,100.97,8.5064
40715.95,100.73,8.5064
40716.95,100.58,8.5064
40717.95,101.11,8.5064
40718.95,100.78,8.5064
40719.95,101.12,8.5064
40720.95,102.68,8.5064
40721.95,100.62,8.5065
40722.96,100.93,8.5066
40723.96,100.63,8.5066
40724.96,100.68,8.5066
40725.96,101.07,8.5067
40726.96,100.71,8.5067
40727.96,101.11,8.5067
40728.97,100.75,8.5067
40729.97,100.69,8.5067
40730.97,101.12,8.5067
40731.97,100.49,8.5067
40732.97,100.66,8.5067
40733.97,100.95,8.5067
40734.97,100.54,8.5068
40735.97,100.56,8.5068
40736.98,100.94,8.5068
40737.98,100.53,8.5068
40738.98,100.54,8.5068
40739.98,100.92,8.5068
40740.98,100.63,8.5068
40741.98,101.02,8.5068
40742.99,100.69,8.5068
40743.99,100.66,8.5068
40744.99,101.02,8.5068
40745.99,100.58,8.5068
40746.99,100.62,8.5068
40747.99,101.09,8.5068
40748.99,100.7,8.507
40750.0,101.19,8.507
40751.0,100.8,8.507
40752.0,100.82,8.507
40753.0,101.16,8.507
40754.0,100.76,8.507
40755.0,101.16,8.5069
40756.01,100.8,8.507
40757.01,100.79,8.507
40758.01,101.17,8.507
40759.01,100.75,8.5071
40760.01,100.68,8.507
40761.01,101.13,8.507
40762.01,100.7,8.507
40763.02,101.06,8.507
40764.02,100.65,8.507
40765.02,100.7,8.507
40766.02,101.02,8.507
40767.02,100.69,8.5072
40768.02,100.71,8.5072
40769.02,101.17,8.5072
40770.03,100.75,8.5072
40771.03,100.7,8.5072
40772.03,101.1,8.5072
40773.03,100.82,8.5072
40774.03,100.73,8.5072
40775.03,101.21,8.5072
40776.03,100.72,8.5072
40777.03,100.72,8.5072
40778.04,101.3,8.5072
40779.04,100.84,8.5073
40780.04,100.84,8.5073
40781.04,102.28,8.5073
40782.04,100.81,8.5073
40783.04,100.86,8.5073
40784.04,101.26,8.5073
40785.05,100.82,8.5073
40786.05,100.82,8.5073
40787.05,101.3,8.5073
40788.05,100.84,8.5073
40789.05,100.87,8.5074
40790.05,101.31,8.5074
40791.05,100.82,8.5074
40792.05,100.78,8.5075
40793.06,101.29,8.5075
40794.06,100.65,8.5075
40795.06,100.55,8.5075
40796.06,101.21,8.5075
40797.06,100.83,8.5075
40798.06,180.4,8.5755
40799.06,114.4,8.6095
40800.07,100.85,8.6095
40801.07,100.83,8.6094
40802.07,101.22,8.6094
40803.07,100.9,8.6095
40804.07,101.26,8.6094
40805.07,100.78,8.6095
40806.08,100.78,8.6095
40807.08,101.23,8.6095
40808.08,100.79,8.6095
40809.08,100.91,8.6096
40810.08,101.24,8.6096
40811.08,100.84,8.6096
40812.08,100.8,8.6096
40813.08,101.24,8.6096
40814.09,100.84,8.6094
40815.09,100.7,8.6095
40816.09,100.93,8.6096
40817.09,100.53,8.6096
40818.09,100.94,8.6094
40819.09,100.57,8.6097
40820.1,100.54,8.6097
40821.1,101.03,8.6097
40822.1,100.52,8.6097
40823.1,100.54,8.6096
40824.1,100.97,8.6097
40825.1,100.5,8.6097
40826.1,100.74,8.6097
40827.1,101.14,8.6097
40828.11,100.86,8.6097
40829.11,100.78,8.6097
40830.11,101.23,8.6097
40831.11,100.76,8.6097
40832.11,101.12,8.6097
40833.11,100.78,8.6099
40834.11,100.61,8.6099
40835.12,101.21,8.6099
40836.12,100.87,8.6098
40837.12,107.33,2.7829
40838.12,305.49,2.9806
40839.12,334.69,3.0921
40840.12,323.37,3.3307
40841.12,311.88,3.5945
40842.13,319.57,3.8253
40843.13,219.33,2.8046
40844.13,316.28,2.9882
40845.13,352.57,3.1461
40846.13,328.11,3.4017
40847.13,318.19,3.6563
40848.13,327.56,3.9037
40849.13,261.12,2.937
40850.14,323.1,3.0909
40851.14,321.66,3.0315
40852.14,280.98,2.9644
40853.14,353.91,3.1317
40854.14,307.06,2.7191
40855.14,288.94,2.9614
40856.14,350.2,3.1285
40857.15,282.94,2.7847
40858.15,304.57,2.9689
40859.15,353.36,3.0989
40860.15,348.7,3.3437
40861.15,204.56,2.8357
40862.15,299.65,3.0101
40863.15,347.98,3.1999
40864.15,323.85,3.4405
40865.16,318.66,3.6712
40866.16,234.01,2.8226
40867.16,326.82,3.0051
40868.16,349.61,3.1687
40869.16,331.17,3.4225
40870.16,327.48,3.6598
40871.16,323.22,3.9227
40872.17,181.39,4.2046
40873.17,177.95,4.4154
40874.17,135.61,4.6404
40875.17,149.74,4.8802
40876.17,197.56,2.8434
40877.17,327.89,3.0189
40878.17,347.88,3.2072
40879.17,321.65,3.4494
40880.18,327.8,3.6821
40881.18,232.56,2.8288
40882.18,316.33,3.0306
40883.18,347.07,3.2083
40884.18,327.26,3.4515
40885.18,314.99,3.6815
40886.18,293.85,3.8995
40887.19,133.26,4.0001
40888.19,106.63,4.0916
40889.19,154.96,2.8127
40890.19,329.55,3.018
40891.19,352.66,3.2656
40892.19,329.93,3.5784
40893.19,317.9,3.7758
40894.19,226.38,2.8934
40895.2,359.31,3.058
40896.2,344.92,3.2727
40897.2,314.05,3.5082
40898.2,338.54,3.8099
40899.2,202.59,4.2078
40900.2,176.61,4.4122
40901.2,139.09,4.6469
40902.21,146.84,2.8229
40903.21,310.89,3.0269
40904.21,358.85,3.3067
40905.21,326.28,3.6301
40906.21,249.56,2.803
40907.21,302.52,2.993
40908.21,309.96,3.1241
40909.21,319.91,3.4093
40910.22,320.69,3.6951
40911.22,257.31,2.8539
40912.22,336.34,3.0585
40913.22,355.18,3.3256
40914.22,320.17,3.5605
40915.22,337.9,3.7887
40916.22,186.07,3.9474
40917.23,211.47,2.8638
40918.23,310.89,3.019
40919.23,351.95,3.2463
40920.23,231.59,2.8884
40921.23,312.13,3.0385
40922.23,358.9,3.3328
40923.23,235.38,2.8612
40924.23,338.66,3.0477
40925.24,342.83,3.2527
40926.24,316.84,3.4869
40927.24,319.69,3.7028
40928.24,233.77,2.8368
40929.24,286.42,3.0173
40930.24,351.58,3.2206
40931.24,331.52,3.5364
40932.24,330.76,3.7948
40933.25,316.28,3.9155
40934.25,267.11,4.0033
40935.25,129.75,4.0777
40936.25,122.57,4.1648
40937.25,117.93,4.2365
40938.25,123.54,4.2873
40939.25,141.17,2.7268
40940.25,274.45,2.9659
40941.26,312.36,3.0769
40942.26,335.77,3.3739
40943.26,321.49,3.6786
40944.26,323.23,3.8661
40945.26,139.44,3.9985
40946.26,127.18,4.1455
40947.26,145.14,4.207
40948.27,259.81,2.9564
40949.27,327.27,3.1139
40950.27,350.01,3.4397
40951.27,334.23,3.7328
40952.27,241.74,2.8652
40953.27,319.17,3.0269
40954.27,341.99,3.2231
40955.27,311.58,3.4673
40956.28,325.1,3.7029
40957.28,319.76,3.9429
40958.28,211.41,4.0694
40959.28,155.64,2.8205
40960.28,333.7,3.0181
40961.28,347.1,3.2788
40962.28,328.12,3.5883
40963.29,268.32,2.8008
40964.29,312.25,3.01
40965.29,323.63,3.1355
40966.29,328.21,3.3881
40967.29,315.76,3.6285
40968.29,333.92,3.8649
40969.29,180.28,4.1889
40970.29,156.29,2.8229
40971.3,324.13,3.018
40972.3,346.51,3.1629
40973.3,325.12,3.4155
40974.3,321.74,3.6558
40975.3,253.77,2.8122
40976.3,315.9,2.9977
40977.3,326.56,3.1161
40978.31,327.21,3.3568
40979.31,310.34,3.5865
40980.31,340.57,3.8038
40981.31,208.84,3.9201
40982.31,119.98,4.0175
40983.31,115.25,4.1234
40984.31,127.78,4.2118
40985.31,152.89,3.9352
40986.32,242.5,2.9221
40987.32,325.06,3.0605
40988.32,352.11,3.2753
40989.32,319.97,3.5282
40990.32,331.53,3.7819
40991.32,170.76,3.9415
40992.32,137.74,4.0977
40993.33,281.0,4.1995
40994.33,250.35,4.2962
40995.33,157.53,2.8261
40996.33,307.12,3.0161
40997.33,340.62,3.1714
40998.33,325.82,3.4254
40999.33,319.32,3.6934
41000.34,329.92,4.0482
41001.34,220.94,4.3622
41002.34,120.73,4.5169
41003.34,151.3,4.6749
41004.34,134.26,4.8584
41005.34,229.33,2.8958
41006.34,316.49,3.0898
41007.35,343.93,3.3904
41008.35,331.25,3.6837
41009.35,302.4,4.0465
41010.35,214.87,4.3191
41011.35,179.41,4.5396
41012.35,109.31,4.7839
41013.35,208.08,5.0411
41014.36,159.25,3.9685
41015.36,247.72,2.93
41016.36,308.72,3.0777
41017.36,348.51,3.3815
41018.36,332.26,3.682
41019.36,247.64,2.8485
41020.36,342.35,3.0601
41021.36,355.95,3.3564
41022.37,328.86,3.6722
41023.37,216.95,2.82
41024.37,308.72,3.0174
41025.37,323.08,3.1392
41026.37,327.22,3.379
41027.37,317.95,3.6434
41028.37,261.7,2.8239
41029.37,278.61,2.9768
41030.37,265.35,2.8342
41031.38,299.56,3.0102
41032.38,334.84,2.9067
41033.38,273.87,2.9692
41034.38,341.71,3.1604
41035.38,353.65,3.3495
41036.38,314.63,3.548
41037.38,311.31,3.743
41038.39,255.96,2.8668
41039.39,358.67,3.1213
41040.39,360.25,3.3813
41041.39,331.4,3.6743
41042.39,250.36,2.8432
41043.39,351.91,3.1146
41044.39,367.66,3.345
41045.39,329.79,3.6309
41046.4,291.25,2.7925
41047.4,307.97,3.0943
41048.4,346.26,3.3002
41049.4,330.27,3.6239
41050.4,302.73,2.7403
41051.4,284.26,3.0576
41052.4,354.12,3.2502
41053.41,339.05,3.5578
41054.41,325.96,3.849
41055.41,245.54,2.8616
41056.41,312.82,3.0945
41057.41,342.05,3.2841
41058.41,326.77,3.6205
41059.41,261.81,2.8242
41060.41,336.67,3.1155
41061.42,375.31,3.3411
41062.42,335.01,3.6519
41063.42,298.55,3.3773
41064.42,290.84,3.0704
41065.42,346.43,3.3127
41066.42,349.36,3.5858
41067.42,327.71,3.8771
41068.42,315.77,4.1929
41069.43,306.67,4.5127
41070.43,304.54,4.8865
41071.43,305.46,5.2387
41072.43,241.64,2.8437
41073.43,336.56,3.0627
41074.43,333.89,3.4105
41075.43,275.6,3.8623
41076.43,329.34,4.1184
41077.44,256.36,4.2832
41078.44,236.27,2.9052
41079.44,324.32,3.262
41080.44,342.22,3.3743
41081.44,324.44,3.5801
41082.44,309.09,3.7646
41083.44,325.39,4.0469
41084.45,306.62,4.3879
41085.45,305.72,4.7743
41086.45,304.77,5.1312
41087.45,316.65,5.4805
41088.45,222.1,5.7976
41089.45,174.15,6.1479
41090.45,116.43,6.5109
41091.45,103.8,6.9453
41092.46,146.64,7.3351
41093.46,101.03,7.4183
41094.46,100.81,7.4869
41095.46,100.85,7.5633
41096.46,102.13,7.6716
41097.46,150.22,7.9372
41098.46,101.31,7.9371
41099.47,100.84,7.9371
41100.47,103.25,7.9371
41101.47,102.34,7.9371
41102.47,101.12,7.9371
41103.47,100.77,7.9372
41104.47,100.9,7.9372
41105.47,102.1,7.9372
41106.47,100.77,7.9677
41107.48,101.06,8.0375
41108.48,100.81,8.0376
41109.48,100.68,8.0376
41110.48,101.05,8.0376
41111.48,100.66,8.0376
41112.48,100.66,8.0376
41113.48,101.05,8.0376
41114.49,100.5,8.0376
41115.49,100.48,8.0376
41116.49,100.89,8.0376
41117.49,100.49,8.0376
41118.49,101.2,8.0377
41119.49,100.95,8.0377
41120.49,100.49,8.0377
41121.5,100.9,8.0377
41122.5,100.49,8.0377
41123.5,100.58,8.0377
41124.5,100.89,8.0377
41125.5,100.65,8.0377
41126.5,101.11,8.0377
41127.51,100.69,8.0377
41128.51,100.75,8.0377
41129.51,101.13,8.0378
41130.51,100.64,8.0378
41131.51,100.65,8.0378
41132.51,101.05,8.0378
41133.51,100.72,8.0379
41134.52,101.09,8.0379
41135.52,100.66,8.0379
41136.52,100.68,8.0379
41137.52,101.08,8.0379
41138.52,100.71,8.0379
41139.52,100.7,8.0379
41140.52,101.06,8.0379
41141.53,100.74,8.0379
41142.53,101.07,8.0379
41143.53,100.77,8.038
41144.53,100.71,8.038
41145.53,100.94,8.038
41146.53,100.5,8.038
41147.54,100.57,8.038
41148.54,101.01,8.038
41149.54,100.64,8.038
41150.54,101.01,8.038
41151.54,100.45,8.0381
41152.54,100.45,8.0381
41153.54,100.95,8.0381
41154.55,103.87,8.0381
41155.55,100.47,8.0381
41156.55,101.01,8.0381
41157.55,100.58,8.0381
41158.55,100.51,8.0382
41159.55,100.92,8.0382
41160.55,100.42,8.0382
41161.55,100.5,8.0382
41162.56,100.9,8.0383
41163.56,100.69,8.0383
41164.56,100.67,8.0383
41165.56,101.05,8.0383
41166.56,100.67,8.0383
41167.56,100.64,8.0383
41168.56,101.07,8.0383
41169.57,100.72,8.0382
41170.57,101.09,8.0383
41171.57,100.72,8.0383
41172.57,100.69,8.0383
41173.57,101.15,8.0384
41174.57,100.68,8.0384
41175.58,100.65,8.0384
41176.58,101.07,8.0383
41177.58,100.66,8.0383
41178.58,101.09,8.0384
41179.58,100.68,8.0384
41180.58,100.49,8.0384
41181.58,101.08,8.0384
41182.59,100.46,8.0385
41183.59,100.52,8.0386
41184.59,100.85,8.0386
41185.59,100.44,8.0386
41186.59,100.87,8.0386
41187.59,100.67,8.0386
41188.59,100.72,8.0386
41189.6,101.05,8.0386
41190.6,100.43,8.0386
41191.6,100.56,8.0386
41192.6,100.81,8.0386
41193.6,100.55,8.0386
41194.6,100.88,8.0386
41195.61,100.47,8.0386
41196.61,100.48,8.0386
41197.61,100.88,8.0386
41198.61,100.52,8.0387
41199.61,100.49,8.0387
41200.61,100.85,8.0387
41201.61,100.53,8.0387
41202.62,100.88,8.0387
41203.62,100.55,8.0387
41204.62,100.47,8.0387
41205.62,100.89,8.0387
41206.62,100.49,8.0387
41207.62,100.42,8.0387
41208.62,100.78,8.0388
41209.63,100.49,8.0389
41210.63,100.84,8.0389
41211.63,100.43,8.0389
41212.63,100.45,8.0389
41213.63,101.06,8.0388
41214.63,100.54,8.0389
41215.64,100.58,8.0388
41216.64,100.99,8.0388
41217.64,100.61,8.0388
41218.64,101.06,8.0389
41219.64,100.65,8.0389
41220.64,100.58,8.0389
41221.64,101.08,8.0389
41222.65,100.62,8.0389
41223.65,100.73,8.0389
41224.65,101.04,8.0389
41225.65,100.65,8.0389
41226.65,101.09,8.0389
41227.65,100.71,8.0389
41228.65,100.73,8.0389
41229.66,101.09,8.039
41230.66,100.64,8.039
41231.66,100.63,8.039
41232.66,101.05,8.0391
41233.66,100.77,8.0392
41234.66,101.02,8.0392
41235.67,100.52,8.0393
41236.67,100.45,8.0392
41237.67,100.82,8.0393
41238.67,100.48,8.0393
41239.67,100.47,8.0393
41240.67,100.85,8.0393
41241.67,100.43,8.0393
41242.68,100.86,8.0393
41243.68,100.53,8.0393
41244.68,100.42,8.0393
41245.68,100.73,8.0392
41246.68,100.43,8.0393
41247.68,100.5,8.0393
41248.68,101.19,8.0394
41249.69,100.45,8.0394
41250.69,100.52,8.0394
41251.69,101.11,8.0394
41252.69,100.73,8.0394
41253.69,100.74,8.0394
41254.69,100.56,8.0394
41255.69,100.96,8.0394
41256.69,100.59,8.0394
41257.7,101.04,8.0394
41258.7,100.43,8.0394
41259.7,100.43,8.0394
41260.7,100.82,8.0394
41261.7,100.63,8.0394
41262.7,100.58,8.0394
41263.7,100.86,8.0396
41264.71,100.46,8.0396
41265.71,100.47,8.0396
41266.71,100.91,8.0396
41267.71,100.64,8.0396
41268.71,100.59,8.0396
41269.71,101.11,8.0396
41270.71,100.6,8.0396
41271.71,100.56,8.0395
41272.72,101.1,8.0395
41273.72,100.64,8.0396
41274.72,100.6,8.0396
41275.72,101.09,8.0397
41276.72,100.65,8.0397
41277.72,100.57,8.0398
41278.72,101.0,8.0398
41279.73,100.53,8.0398
41280.73,100.46,8.0398
41281.73,100.82,8.0398
41282.73,100.44,8.0399
41283.73,100.54,8.0399
41284.73,100.84,8.0399
41285.73,100.44,8.0399
41286.74,100.78,8.0399
41287.74,100.52,8.0399
41288.74,100.68,8.0399
41289.74,101.13,8.0399
41290.74,100.65,8.0399
41291.74,100.49,8.0399
41292.74,100.98,8.0399
41293.75,100.73,8.04
41294.75,100.73,8.04
41295.75,100.68,8.04
41296.75,101.06,8.04
41297.75,100.65,8.04
41298.75,100.59,8.04
41299.75,100.88,8.04
41300.75,100.41,8.04
41301.76,100.82,8.04
41302.76,100.42,8.04
41303.76,100.53,8.0401
41304.76,100.86,8.0401
41305.76,100.44,8.0401
41306.76,100.44,8.0401
41307.77,100.82,8.0401
41308.77,100.41,8.0401
41309.77,100.86,8.0401
41310.77,100.39,8.0401
41311.77,100.45,8.0401
41312.77,100.8,8.0401
41313.77,100.76,8.0401
41314.78,100.5,8.0401
41315.78,101.13,8.0401
41316.78,100.62,8.0401
41317.78,100.69,8.0401
41318.78,101.14,8.0403
41319.78,100.66,8.0403
41320.78,100.65,8.0403
41321.78,101.11,8.0403
41322.79,100.66,8.0403
41323.79,100.73,8.0403
41324.79,101.01,8.0403
41325.79,100.51,8.0403
41326.79,100.91,8.0403
41327.79,100.45,8.0403
41328.79,100.62,8.0403
41329.8,101.07,8.0404
41330.8,100.53,8.0404
41331.8,100.56,8.0404
41332.8,100.93,8.0404
41333.8,100.74,8.0405
41334.8,100.66,8.0404
41335.8,101.05,8.0405
41336.81,100.66,8.0405
41337.81,100.99,8.0405
41338.81,100.63,8.0405
41339.81,100.65,8.0405
41340.81,101.77,8.0404
41341.81,100.57,8.0405
41342.81,100.6,8.0405
41343.82,101.15,8.0406
41344.82,100.68,8.0406
41345.82,100.62,8.0406
41346.82,101.09,8.0406
41347.82,100.67,8.0406
41348.82,100.62,8.0406
41349.82,101.1,8.0406
41350.83,100.61,8.0406
41351.83,100.66,8.0405
41352.83,101.04,8.0405
41353.83,100.47,8.0408
41354.83,100.41,8.0408
41355.83,100.9,8.0408
41356.83,100.5,8.0408
41357.84,100.86,8.0408
41358.84,100.5,8.0408
41359.84,100.46,8.0408
41360.84,100.85,8.0408
41361.84,100.46,8.0408
41362.84,100.49,8.0408
41363.84,100.85,8.0408
41364.85,100.45,8.0408
41365.85,100.88,8.0408
41366.85,100.43,8.0408
41367.85,100.46,8.0408
41368.85,100.93,8.041
41369.85,100.39,8.0408
41370.86,100.56,8.041
41371.86,101.0,8.041
41372.86,100.62,8.041
41373.86,100.88,8.041
41374.86,100.43,8.041
41375.86,100.65,8.0409
41376.86,101.12,8.0409
41377.87,100.61,8.0409
41378.87,100.68,8.0409
41379.87,101.06,8.041
41380.87,100.67,8.041
41381.87,100.71,8.041
41382.87,101.13,8.041
41383.87,100.6,8.0412
41384.88,100.61,8.0412
41385.88,101.06,8.0412
41386.88,100.7,8.0412
41387.88,101.05,8.0412
41388.88,100.61,8.0412
41389.88,100.6,8.0412
41390.88,101.09,8.0412
41391.89,100.64,8.0412
41392.89,100.65,8.0412
41393.89,101.14,8.0413
41394.89,100.64,8.0413
41395.89,100.59,8.0411
41396.89,101.1,8.0411
41397.89,100.63,8.0411
41398.89,100.7,8.0412
41399.9,101.0,8.0414
41400.9,100.65,8.0414
41401.9,100.55,8.0414
41402.9,100.55,8.0414
41403.9,101.03,8.0414
41404.9,100.53,8.0413
41405.9,100.79,8.0413
41406.91,100.39,8.0413
41407.91,100.44,8.0413
41408.91,100.91,8.0413
41409.91,100.59,8.0413
41410.91,100.75,8.0414
41411.91,100.72,8.0414
41412.91,101.13,8.0415
41413.91,100.68,8.0415
41414.92,101.06,8.0415
41415.92,100.66,8.0415
41416.92,100.59,8.0415
41417.92,101.04,8.0415
41418.92,100.7,8.0415
41419.92,100.66,8.0415
41420.92,101.07,8.0415
41421.93,100.63,8.0415
41422.93,101.07,8.0417
41423.93,100.67,8.0416
41424.93,100.66,8.0416
41425.93,101.05,8.0416
41426.93,100.71,8.0417
41427.93,100.64,8.0417
41428.94,100.99,8.0417
41429.94,100.51,8.0417
41430.94,100.7,8.0417
41431.94,101.05,8.0417
41432.94,100.72,8.0417
41433.94,101.07,8.0419
41434.95,100.71,8.0419
41435.95,100.67,8.0419
41436.95,101.03,8.0419
41437.95,100.45,8.0419
41438.95,100.88,8.0419
41439.95,100.48,8.0419
41440.95,100.7,8.0419
41441.96,101.09,8.0419
41442.96,100.68,8.0419
41443.96,100.67,8.0419
41444.96,101.05,8.0419
41445.96,100.62,8.0419
41446.96,100.57,8.0419
41447.96,101.07,8.0419
41448.97,100.69,8.042
41449.97,101.06,8.042
41450.97,100.7,8.042
41451.97,100.7,8.042
41452.97,101.11,8.042
41453.97,100.71,8.042
41454.97,100.67,8.042
41455.98,101.07,8.042
41456.98,100.64,8.042
41457.98,100.6,8.042
41458.98,101.07,8.042
41459.98,100.69,8.042
41460.98,101.1,8.042
41461.99,100.46,8.042
41462.99,100.5,8.0421
41463.99,100.55,8.0421
41464.99,100.97,8.0421
41465.99,100.61,8.0421
41466.99,100.66,8.0421
41467.99,101.05,8.0421
41468.99,100.67,8.042
41470.0,101.05,8.0421
41471.0,100.69,8.0421
41472.0,100.61,8.0421
41473.0,101.09,8.0423
41474.0,100.67,8.0423
41475.0,100.63,8.0423
41476.0,101.05,8.0423
41477.01,100.67,8.0423
41478.01,100.65,8.0423
41479.01,101.03,8.0423
41480.01,100.62,8.0423
41481.01,101.04,8.0423
41482.01,100.67,8.0423
41483.01,100.68,8.0423
41484.02,101.1,8.0424
41485.02,100.64,8.0424
41486.02,100.68,8.0424
41487.02,101.08,8.0424
41488.02,100.62,8.0424
41489.02,100.72,8.0424
41490.02,101.06,8.0424
41491.03,100.69,8.0424
41492.03,101.01,8.0424
41493.03,100.68,8.0425
41494.03,100.7,8.0425
41495.03,101.03,8.0425
41496.03,100.59,8.0425
41497.04,100.58,8.0425
41498.04,100.98,8.0425
41499.04,100.65,8.0425
41500.04,100.98,8.0427
41501.04,100.7,8.0427
41502.04,100.68,8.0427
41503.04,100.95,8.0427
41504.04,100.56,8.0427
41505.05,100.44,8.0427
41506.05,100.46,8.0427
41507.05,100.85,8.0427
41508.05,100.45,8.0427
41509.05,101.1,8.0427
41510.05,100.67,8.0428
41511.05,100.75,8.0428
41512.06,100.59,8.0428
41513.06,100.93,8.0428
41514.06,100.54,8.0428
41515.06,100.87,8.0428
41516.06,100.47,8.0428
41517.06,100.44,8.0428
41518.06,100.89,8.0428
41519.07,100.56,8.0428
41520.07,100.54,8.0428
41521.07,100.93,8.0428
41522.07,100.55,8.0428
41523.07,100.68,8.0429
41524.07,101.08,8.0429
41525.07,100.65,8.0429
41526.08,100.65,8.0429
41527.08,101.06,8.0429
41528.08,100.68,8.0429
41529.08,101.12,8.0429
41530.08,100.68,8.0429
41531.08,100.7,8.0429
41532.08,101.09,8.0429
41533.09,100.71,8.0429
41534.09,100.71,8.043
41535.09,101.11,8.043
41536.09,100.76,8.0431
41537.09,100.68,8.0431
41538.09,100.68,8.0431
41539.09,101.17,8.043
41540.09,100.5,8.0431
41541.09,100.65,8.043
41542.1,101.09,8.043
41543.1,100.7,8.0431
41544.1,100.69,8.0431
41545.1,101.07,8.0431
41546.1,100.64,8.0432
41547.1,100.65,8.0433
41548.1,100.99,8.0433
41549.11,100.54,8.0433
41550.11,101.01,8.0433
41551.11,100.63,8.0432
41552.11,100.59,8.0432
41553.11,101.02,8.0432
41554.11,100.55,8.0432
41555.11,100.54,8.0433
41556.12,101.0,8.0433
41557.12,100.55,8.0433
41558.12,100.55,8.0433
41559.12,101.02,8.0434
41560.12,100.53,8.0434
41561.12,100.58,8.0434
41562.12,100.96,8.0433
41563.12,100.59,8.0434
41564.13,100.59,8.0435
41565.13,100.95,8.0435
41566.13,100.57,8.0435
41567.13,100.56,8.0435
41568.13,100.96,8.0435
41569.13,100.6,8.0435
41570.13,100.57,8.0435
41571.14,100.98,8.0435
41572.14,100.57,8.0435
41573.14,100.62,8.0436
41574.14,101.02,8.0435
41575.14,100.57,8.0435
41576.14,100.57,8.0436
41577.14,100.9,8.0436
41578.15,100.48,8.0436
41579.15,100.47,8.0436
41580.15,100.83,8.0436
41581.15,100.55,8.0436
41582.15,100.55,8.0436
41583.15,100.92,8.0436
41584.15,100.58,8.0438
41585.15,100.46,8.0438
41586.16,100.85,8.0438
41587.16,100.5,8.0438
41588.16,100.56,8.0438
41589.16,100.91,8.0438
41590.16,100.43,8.0438
41591.16,100.46,8.0438
41592.16,100.82,8.0438
41593.17,100.48,8.0438
41594.17,100.86,8.0438
41595.17,100.42,8.0438
41596.17,100.47,8.0437
41597.17,101.02,8.0438
41598.17,110.8,8.0877
41599.17,121.21,8.1872
41600.18,101.09,8.1872
41601.18,100.68,8.1872
41602.18,100.76,8.1874
41603.18,101.1,8.1873
41604.18,100.69,8.1873
41605.18,100.66,8.1873
41606.18,101.08,8.1873
41607.19,100.68,8.1873
41608.19,100.67,8.1873
41609.19,101.11,8.1873
41610.19,100.66,8.1874
41611.19,101.09,8.1874
41612.19,100.68,8.1874
41613.19,100.7,8.1875
41614.2,100.89,8.1876
41615.2,100.46,8.1876
41616.2,100.48,8.1876
41617.2,100.9,8.1876
41618.2,100.47,8.1884
41619.2,100.92,8.2002
41620.21,100.45,8.2001
41621.21,100.5,8.2063
41622.21,100.86,8.2117
41623.21,100.61,8.2192
41624.21,100.58,8.2273
41625.21,100.84,8.2356
41626.21,100.44,8.2356
41627.22,100.44,8.2356
41628.22,100.83,8.2356
41629.22,100.48,8.2356
41630.22,100.96,8.2357
41631.22,100.65,8.2357
41632.22,100.67,8.2357
41633.22,101.1,8.2357
41634.23,100.69,8.2358
41635.23,100.62,8.2358
41636.23,100.99,8.2358
41637.23,100.66,8.2358
41638.23,101.03,8.2358
41639.23,100.52,8.2358
41640.23,100.62,8.2357
41641.24,101.05,8.2359
41642.24,100.58,8.2359
41643.24,100.65,8.2359
41644.24,101.03,8.2359
41645.24,100.64,8.2358
41646.24,100.6,8.236
41647.24,100.91,8.2358
41648.25,100.51,8.236
41649.25,100.69,8.236
41650.25,101.07,8.236
41651.25,100.58,8.236
41652.25,100.87,8.236
41653.25,100.68,8.236
41654.25,100.68,8.236
41655.26,101.09,8.236
41656.26,100.58,8.236
41657.26,100.6,8.236
41658.26,101.44,8.236
41659.26,100.69,8.2361
41660.26,100.65,8.2361
41661.26,100.92,8.2361
41662.27,100.45,8.2361
41663.27,100.52,8.2361
41664.27,101.14,8.2361
41665.27,100.66,8.236
41666.27,100.71,8.2361
41667.27,101.15,8.2361
41668.27,100.69,8.2361
41669.27,100.72,8.2361
41670.28,101.09,8.2362
41671.28,100.53,8.2362
41672.28,100.58,8.2362
41673.28,101.13,8.2361
41674.28,100.72,8.2361
41675.28,100.62,8.236
41676.28,100.69,8.2361
41677.28,101.1,8.2361
41678.29,100.68,8.2361
41679.29,101.1,8.2363
41680.29,100.69,8.2363
41681.29,100.71,8.2363
41682.29,101.11,8.2363
41683.29,100.73,8.2364
41684.29,100.7,8.2364
41685.3,100.93,8.2364
41686.3,100.61,8.2364
41687.3,100.68,8.2364
41688.3,101.08,8.2363
41689.3,100.68,8.2363
41690.3,100.67,8.2363
41691.3,101.12,8.2363
41692.31,100.71,8.2363
41693.31,101.13,8.2365
41694.31,100.69,8.2365
41695.31,100.66,8.2366
41696.31,101.07,8.2366
41697.31,100.69,8.2366
41698.31,100.72,8.2366
41699.32,101.14,8.2366
41700.32,100.66,8.2366
41701.32,100.63,8.2366
41702.32,101.11,8.2366
41703.32,100.73,8.2366
41704.32,100.66,8.2367
41705.32,101.07,8.2367
41706.33,100.58,8.2367
41707.33,100.64,8.2367
41708.33,101.1,8.2367
41709.33,100.68,8.2367
41710.33,100.67,8.2367
41711.33,101.09,8.2367
41712.33,100.65,8.2367
41713.34,100.69,8.2366
41714.34,101.05,8.2368
41715.34,100.64,8.2368
41716.34,101.05,8.2368
41717.34,100.66,8.2368
41718.34,100.71,8.2368
41719.34,101.06,8.2367
41720.35,100.66,8.2368
41721.35,100.63,8.2368
41722.35,101.05,8.2368
41723.35,100.69,8.2369
41724.35,100.59,8.2369
41725.35,100.96,8.237
41726.35,100.48,8.2369
41727.36,100.97,8.2369
41728.36,100.67,8.2369
41729.36,100.66,8.2369
41730.36,101.05,8.2369
41731.36,100.63,8.237
41732.36,100.69,8.237
41733.36,101.15,8.237
41734.37,100.64,8.237
41735.37,100.62,8.237
41736.37,101.11,8.237
41737.37,100.67,8.237
41738.37,100.71,8.2371
41739.37,101.11,8.237
41740.37,100.63,8.237
41741.37,100.68,8.237
41742.38,101.07,8.237
41743.38,100.75,8.2371
41744.38,100.48,8.237
41745.38,100.92,8.237
41746.38,100.47,8.237
41747.38,100.53,8.237
41748.38,101.09,8.237
41749.39,100.65,8.237
41750.39,100.62,8.237
41751.39,101.08,8.2371
41752.39,100.62,8.2371
41753.39,100.7,8.2372
41754.39,101.04,8.2371
41755.39,100.64,8.2373
41756.4,100.63,8.2373
41757.4,101.12,8.2373
41758.4,100.69,8.2374
41759.4,100.59,8.2373
41760.4,100.89,8.2373
41761.4,100.61,8.2374
41762.4,100.67,8.2374
41763.4,101.09,8.2373
41764.41,100.61,8.2372
41765.41,100.65,8.2373
41766.41,101.12,8.2373
41767.41,100.71,8.2373
41768.41,100.73,8.2375
41769.41,101.09,8.2374
41770.41,100.64,8.2374
41771.42,101.1,8.2374
41772.42,100.67,8.2374
41773.42,100.74,8.2374
41774.42,101.04,8.2375
41775.42,100.65,8.2375
41776.42,102.47,8.2376
41777.43,101.2,8.2376
41778.43,100.69,8.2376
41779.43,101.04,8.2376
41780.43,100.66,8.2377
41781.43,100.65,8.2377
41782.43,101.07,8.2377
41783.43,100.74,8.2376
41784.44,100.65,8.2378
41785.44,101.07,8.2378
41786.44,100.69,8.2378
41787.44,101.06,8.2378
41788.44,100.69,8.2378
41789.44,100.56,8.2378
41790.44,100.89,8.2377
41791.45,100.63,8.2378
41792.45,100.69,8.2378
41793.45,101.17,8.2378
41794.45,100.61,8.2377
41795.45,100.51,8.2377
41796.45,100.98,8.2377
41797.45,100.66,8.2377
41798.45,100.7,8.2379
41799.46,101.11,8.2379
41800.46,100.74,8.2379
41801.46,100.63,8.238
41802.46,100.46,8.238
41803.46,100.94,8.238
41804.46,100.63,8.2379
41805.46,101.06,8.2378
41806.47,100.66,8.238
41807.47,100.67,8.238
41808.47,101.14,8.2381
41809.47,100.64,8.238
41810.47,100.72,8.2381
41811.47,101.06,8.2381
41812.47,100.65,8.2381
41813.47,100.7,8.2381
41814.48,101.05,8.2382
41815.48,100.73,8.2382
41816.48,100.7,8.2382
41817.48,101.05,8.2382
41818.48,100.71,8.2382
41819.48,100.68,8.2382
41820.48,101.05,8.2382
41821.49,100.62,8.238
41822.49,100.7,8.2381
41823.49,101.23,8.2383
41824.49,100.7,8.2383
41825.49,100.62,8.2383
41826.49,101.06,8.2383
41827.49,100.66,8.2383
41828.5,100.59,8.2383
41829.5,101.01,8.2382
41830.5,100.54,8.2382
41831.5,101.1,8.2383
41832.5,100.66,8.2383
41833.5,100.74,8.2382
41834.5,101.05,8.2382
41835.51,100.6,8.2382
41836.51,100.63,8.2383
41837.51,101.09,8.2383
41838.51,100.7,8.2384
41839.51,101.03,8.2383
41840.51,100.68,8.2383
41841.51,100.61,8.2383
41842.52,100.7,8.2383
41843.52,101.11,8.2384
41844.52,100.6,8.2383
41845.52,101.02,8.2385
41846.52,100.61,8.2385
41847.52,100.65,8.2385
41848.52,100.98,8.2385
41849.53,100.56,8.2384
41850.53,101.07,8.2384
41851.53,100.66,8.2385
41852.53,100.7,8.2385
41853.53,101.12,8.2386
41854.53,100.51,8.2385
41855.53,100.5,8.2385
41856.54,101.04,8.2386
41857.54,100.63,8.2386
41858.54,100.73,8.2387
41859.54,101.17,8.2387
41860.54,100.66,8.2387
41861.54,100.69,8.2387
41862.54,101.16,8.2386
41863.54,100.82,8.2387
41864.55,100.68,8.2387
41865.55,101.02,8.2387
41866.55,100.67,8.2386
41867.55,100.71,8.2387
41868.55,101.13,8.2389
41869.55,100.67,8.2389
41870.56,100.68,8.2389
41871.56,101.09,8.2388
41872.56,100.69,8.2388
41873.56,101.01,8.2389
41874.56,100.49,8.2388
41875.56,100.7,8.2389
41876.56,101.08,8.2389
41877.57,100.69,8.2389
41878.57,100.73,8.2389
41879.57,101.09,8.2389
41880.57,100.67,8.2389
41881.57,101.11,8.2389
41882.57,100.74,8.2389
41883.58,100.85,8.239
41884.58,101.16,8.2389
41885.58,100.73,8.2391
41886.58,101.11,8.2391
41887.58,100.67,8.2391
41888.58,100.68,8.2391
41889.58,100.76,8.2391
41890.59,101.03,8.2391
41891.59,100.66,8.2391
41892.59,100.69,8.2391
41893.59,101.08,8.239
41894.59,100.61,8.239
41895.59,101.02,8.239
41896.59,100.61,8.239
41897.59,100.65,8.2391
41898.6,101.07,8.2391
41899.6,100.58,8.2392
41900.6,101.06,8.2392
41901.6,100.63,8.2392
41902.6,100.66,8.2392
41903.6,101.15,8.2392
41904.61,100.66,8.2393
41905.61,100.63,8.2393
41906.61,101.16,8.2393
41907.61,100.69,8.2393
41908.61,100.51,8.2394
41909.61,101.04,8.2394
41910.61,100.62,8.2394
41911.62,100.73,8.2393
41912.62,101.1,8.2393
41913.62,100.77,8.2394
41914.62,101.07,8.2393
41915.62,100.7,8.2393
41916.62,100.65,8.2392
41917.62,101.05,8.2393
41918.63,100.61,8.2394
41919.63,101.06,8.2395
41920.63,100.66,8.2395
41921.63,100.67,8.2395
41922.63,101.05,8.2394
41923.63,100.79,8.2396
41924.63,100.61,8.2396
41925.64,101.03,8.2395
41926.64,100.64,8.2395
41927.64,101.07,8.2395
41928.64,100.92,8.2395
41929.64,100.59,8.2395
41930.64,100.66,8.2395
41931.64,101.04,8.2396
41932.65,100.47,8.2396
41933.65,100.55,8.2396
41934.65,100.87,8.2395
41935.65,100.54,8.2396
41936.65,101.07,8.2396
41937.65,100.78,8.2396
41938.65,100.67,8.2397
41939.66,100.83,8.2397
41940.66,100.43,8.2397
41941.66,100.44,8.2397
41942.66,101.07,8.2397
41943.66,100.75,8.2398
41944.66,101.07,8.2398
41945.67,100.66,8.2397
41946.67,100.63,8.2397
41947.67,101.04,8.2397
41948.67,100.69,8.2397
41949.67,100.68,8.2399
41950.67,101.06,8.2399
41951.67,100.72,8.2399
41952.68,101.08,8.2399
41953.68,100.75,8.2399
41954.68,100.73,8.2398
41955.68,101.07,8.2398
41956.68,100.69,8.2399
41957.68,100.76,8.2399
41958.68,101.21,8.2399
41959.69,100.69,8.2399
41960.69,100.65,8.2398
41961.69,101.06,8.2399
41962.69,100.66,8.2401
41963.69,100.75,8.2401
41964.69,100.87,8.2399
41965.69,100.43,8.2399
41966.7,100.59,8.2399
41967.7,101.05,8.2401
41968.7,100.62,8.2401
41969.7,101.02,8.24
41970.7,100.64,8.2401
41971.7,100.67,8.2402
41972.7,101.07,8.2402
41973.71,100.75,8.2402
41974.71,100.65,8.2402
41975.71,100.97,8.2401
41976.71,100.66,8.2401
41977.71,100.61,8.2402
41978.71,100.97,8.2402
41979.71,101.14,8.2402
41980.72,100.58,8.2402
41981.72,101.06,8.2402
41982.72,100.64,8.2401
41983.72,100.63,8.2401
41984.72,101.05,8.2401
41985.72,100.48,8.2402
41986.72,100.55,8.2402
41987.72,100.93,8.2402
41988.72,100.72,8.2402
41989.73,100.53,8.2404
41990.73,100.88,8.2403
41991.73,100.5,8.2403
41992.73,100.51,8.2404
41993.73,101.17,8.2403
41994.73,100.64,8.2404
41995.73,100.44,8.2404
41996.74,100.85,8.2403
41997.74,100.65,8.2403
41998.74,100.56,8.2403
41999.74,100.88,8.2403
42000.74,100.49,8.2404
42001.74,100.58,8.2404
42002.74,101.02,8.2404
42003.75,100.71,8.2404
42004.75,101.09,8.2405
42005.75,100.62,8.2404
42006.75,100.58,8.2404
42007.75,101.0,8.2404
42008.75,100.61,8.2404
42009.75,100.68,8.2404
42010.76,103.56,8.2405
42011.76,101.37,8.2407
42012.76,101.01,8.2408
42013.76,101.13,8.2408
42014.76,100.76,8.2408
42015.76,100.98,8.2406
42016.76,101.22,8.2406
42017.76,101.22,8.2408
42018.77,100.66,8.2408
42019.77,100.62,8.2408
42020.77,100.99,8.2408
42021.77,100.52,8.2408
42022.77,100.85,8.2408
42023.77,100.58,8.2408
42024.77,100.69,8.2408
42025.78,100.69,8.2408
42026.78,100.99,8.2408
42027.78,100.63,8.2408
42028.78,101.07,8.2409
42029.78,101.32,8.241
42030.78,100.61,8.2411
42031.78,100.67,8.2411
42032.78,101.05,8.2411
42033.79,102.28,8.2411
42034.79,100.45,8.2411
42035.79,100.84,8.241
42036.79,100.49,8.241
42037.79,101.55,8.241
42038.79,100.75,8.2411
42039.79,100.7,8.2411
42040.8,101.65,8.2411
42041.8,100.66,8.2411
42042.8,100.66,8.2411
42043.8,101.17,8.2411
42044.8,100.65,8.241
42045.8,101.22,8.2412
42046.81,100.64,8.2412
42047.81,100.68,8.2412
42048.81,101.23,8.2412
42049.81,100.56,8.2412
42050.81,100.61,8.2411
42051.81,101.05,8.2412
42052.81,100.65,8.2413
42053.82,100.67,8.2414
42054.82,100.92,8.2414
42055.82,100.54,8.2414
42056.82,100.95,8.2414
42057.82,100.53,8.2414
42058.82,100.6,8.2414
42059.82,101.0,8.2414
42060.83,100.58,8.2414
42061.83,100.61,8.2414
42062.83,101.01,8.2413
42063.83,100.57,8.2413
42064.83,100.56,8.2413
42065.83,100.96,8.2413
42066.83,100.56,8.2413
42067.84,100.63,8.2413
42068.84,101.04,8.2414
42069.84,100.67,8.2414
42070.84,100.63,8.2414
42071.84,100.93,8.2415
42072.84,100.56,8.2416
42073.84,100.9,8.2416
42074.85,100.51,8.2415
42075.85,100.6,8.2417
42076.85,100.97,8.2417
42077.85,100.52,8.2416
42078.85,100.93,8.2417
42079.85,100.47,8.2417
42080.86,100.48,8.2416
42081.86,100.88,8.2416
42082.86,100.53,8.2416
42083.86,100.92,8.2416
42084.86,100.57,8.2416
42085.86,100.65,8.2416
42086.86,101.09,8.2416
42087.87,100.7,8.2416
42088.87,100.72,8.2415
42089.87,101.2,8.2415
42090.87,100.55,8.2415
42091.87,100.63,8.2416
42092.87,101.21,8.2416
42093.87,100.74,8.2416
42094.87,100.75,8.2416
42095.88,101.0,8.2416
42096.88,100.57,8.2417
42097.88,100.56,8.2417
42098.88,101.0,8.2417
42099.88,100.58,8.2417
42100.88,101.01,8.2417
42101.89,100.6,8.2417
42102.89,100.63,8.2418
42103.89,101.02,8.2418
42104.89,100.56,8.2418
42105.89,100.55,8.2418
42106.89,100.96,8.2418
42107.89,100.57,8.2418
42108.9,101.02,8.2418
42109.9,100.56,8.2418
42110.9,100.58,8.2418
42111.9,101.07,8.2418
42112.9,100.73,8.2418
42113.9,122.42,8.2418
42114.9,100.98,8.2419
42115.91,100.56,8.2419
42116.91,100.56,8.2419
42117.91,101.29,8.2419
42118.91,100.74,8.2419
42119.91,101.07,8.2419
42120.91,100.67,8.2419
42121.92,100.56,8.2419
42122.92,101.17,8.242
42123.92,100.72,8.2421
42124.92,100.58,8.2421
42125.92,100.96,8.2421
42126.92,100.57,8.2421
42127.92,100.98,8.2421
42128.93,100.67,8.2422
42129.93,100.67,8.2422
42130.93,101.12,8.2422
42131.93,100.58,8.2422
42132.93,100.56,8.2422
42133.93,110.66,8.2424
42134.93,100.84,8.2424
42135.93,102.07,8.2425
42136.94,100.89,8.2425
42137.94,102.18,8.2425
42138.94,100.88,8.2424
42139.94,100.56,8.2424
42140.94,102.64,8.2425
42141.94,100.86,8.2425
42142.95,100.53,8.2425
42143.95,100.51,8.2425
42144.95,100.94,8.2425
42145.95,100.74,8.2425
42146.95,101.03,8.2425
42147.95,100.73,8.2425
42148.96,100.54,8.2426
42149.96,100.9,8.2426
42150.96,100.71,8.2426
42151.96,101.01,8.2426
42152.96,100.5,8.2426
42153.96,100.71,8.2425
42154.96,101.02,8.2427
42155.97,100.51,8.2427
42156.97,100.52,8.2427
42157.97,101.63,8.2426
42158.97,100.84,8.2427
42159.97,100.52,8.2427
42160.97,100.93,8.2427
42161.97,101.15,8.2428
42162.98,101.0,8.2428
42163.98,100.54,8.2427
42164.98,100.55,8.2427
42165.98,100.88,8.2426
42166.98,100.56,8.2426
42167.98,100.66,8.2427
42168.98,101.14,8.2427
42169.99,100.79,8.2427
42170.99,100.88,8.2427
42171.99,102.8,8.2427
42172.99,100.78,8.2429
42173.99,101.3,8.2428
42174.99,100.79,8.2428
42175.99,100.82,8.2429
42177.0,101.22,8.2429
42178.0,100.81,8.2429
42179.0,100.83,8.2428
42180.0,101.22,8.2428
42181.0,100.83,8.2428
42182.0,135.07,8.243
42183.01,103.67,8.2431
42184.01,104.6,8.2431
42185.01,105.97,8.2431
42186.01,103.94,8.2431
42187.01,103.56,8.243
42188.01,100.53,8.243
42189.01,100.65,8.243
42190.02,101.0,8.243
42191.02,100.5,8.243
42192.02,100.45,8.243
42193.02,100.93,8.2431
42194.02,100.49,8.2431
42195.02,100.81,8.2431
42196.03,100.54,8.2431
42197.03,100.59,8.2431
42198.03,101.49,8.2431
42199.03,100.77,8.2431
42200.03,101.08,8.2431
42201.03,100.66,8.2431
42202.04,100.62,8.2431
42203.04,101.18,8.2433
42204.04,100.77,8.2433
42205.04,100.71,8.2433
42206.04,100.96,8.2433
42207.04,100.6,8.2433
42208.04,100.83,8.2433
42209.04,101.29,8.2433
42210.05,100.72,8.2432
42211.05,120.3,7.1455
42212.05,194.72,2.9095
42213.05,349.13,3.1061
42214.05,282.72,2.8511
42215.05,348.86,3.055
42216.05,349.71,3.2962
42217.05,224.76,2.9309
42218.06,289.09,3.0651
42219.06,347.87,3.2702
42220.06,258.42,2.8917
42221.06,347.27,3.1075
42222.06,357.36,3.2849
42223.06,254.6,2.8534
42224.06,319.28,3.0562
42225.07,347.5,3.1943
42226.07,284.35,2.8462
42227.07,329.31,3.0326
42228.07,279.65,2.8601
42229.07,301.43,3.0394
42230.07,354.13,3.2651
42231.07,334.68,3.5963
42232.07,232.95,2.8326
42233.08,289.58,3.0216
42234.08,328.71,3.1531
42235.08,332.8,3.4021
42236.08,243.62,3.5673
42237.08,216.62,3.6666
42238.08,239.48,2.9114
42239.08,322.09,3.0655
42240.09,334.76,2.84
42241.09,276.68,2.9958
42242.09,347.44,3.1065
42243.09,306.66,3.3165
42244.09,254.46,2.9822
42245.09,310.75,3.0981
42246.09,261.62,2.8487
42247.09,319.89,3.0329
42248.1,353.91,3.1762
42249.1,262.35,2.9075
42250.1,331.42,3.0597
42251.1,319.41,2.8309
42252.1,297.36,3.0169
42253.1,323.31,3.1299
42254.1,283.71,3.3013
42255.11,219.71,2.8979
42256.11,321.77,3.0596
42257.11,315.71,2.7884
42258.11,289.3,3.0183
42259.11,339.91,3.182
42260.11,273.51,2.8562
42261.11,278.71,3.0256
42262.12,350.34,3.1934
42263.12,263.51,2.9621
42264.12,316.07,3.0879
42265.12,326.93,3.2714
42266.12,223.04,2.902
42267.12,321.64,3.1548
42268.12,355.53,3.2866
42269.13,334.7,3.5394
42270.13,320.01,3.8109
42271.13,313.09,4.0825
42272.13,306.02,4.3576
42273.13,310.55,4.686
42274.13,307.78,5.1076
42275.13,328.39,5.4651
42276.14,195.65,2.8812
42277.14,322.07,3.1226
42278.14,300.41,3.2062
42279.14,164.33,3.2567
42280.14,208.92,3.3717
42281.14,348.9,3.6151
42282.14,315.68,3.8614
42283.14,309.68,4.1442
42284.15,306.9,4.4127
42285.15,304.33,4.684
42286.15,305.66,4.9176
42287.15,302.4,5.1137
42288.15,317.08,5.3554
42289.15,306.65,5.7952
42290.15,184.43,2.9154
42291.15,340.6,3.1275
42292.16,343.87,3.351
42293.16,316.54,3.6317
42294.16,309.54,3.9631
42295.16,324.74,4.3643
42296.16,256.73,4.9626
42297.16,164.21,5.6222
42298.16,177.05,6.2346
42299.17,272.59,6.8097
42300.17,150.68,7.3917
42301.17,150.35,6.1093
42302.17,213.43,2.9861
42303.17,367.14,3.2615
42304.17,352.39,3.6957
42305.17,325.64,4.1308
42306.17,253.32,2.8916
42307.18,335.69,3.0928
42308.18,342.95,3.2881
42309.18,320.3,3.5684
42310.18,312.17,3.8468
42311.18,322.65,4.1541
42312.18,308.71,4.3485
42313.18,255.41,3.0759
42314.19,357.7,3.336
42315.19,325.05,3.7487
42316.19,324.55,4.1509
42317.19,283.74,4.728
42318.19,291.23,5.3961
42319.19,270.64,6.0381
42320.19,133.62,3.3132
42321.2,265.49,3.0652
42322.2,366.29,3.2497
42323.2,264.39,2.957
42324.2,323.01,3.1003
42325.2,264.42,2.9155
42326.2,338.85,3.0871
42327.2,270.67,2.9404
42328.2,356.81,3.1369
42329.2,263.66,2.9296
42330.21,312.15,3.0876
42331.21,269.15,2.9123
42332.21,327.31,3.0769
42333.21,270.41,2.8964
42334.21,323.19,3.0623
42335.21,297.44,2.8812
42336.22,300.19,3.0392
42337.22,336.21,3.157
42338.22,248.66,2.9499
42339.22,319.13,3.0877
42340.22,245.6,1.3757
42341.22,19.96,0.1988
