Time_Sec,CPU_Percent_Total,Memory_GB
1.0,53.24,0.3344
2.0,63.36,0.5392
3.0,54.98,0.6969
4.01,79.05,0.9354
5.01,63.05,1.0125
6.01,77.65,1.1579
7.01,84.04,1.2783
8.01,85.66,1.3533
9.01,82.55,1.4775
10.02,74.82,1.5587
11.02,77.07,1.5869
12.02,72.47,1.7442
13.02,79.99,1.9315
14.02,84.34,2.1886
15.02,74.6,2.3009
16.02,87.91,2.4641
17.02,81.33,2.6827
18.03,78.55,2.9147
19.03,76.95,3.1973
20.03,75.75,3.5011
21.03,76.26,3.7971
22.03,75.76,4.1452
23.03,77.4,4.4786
24.03,76.07,4.8843
25.04,75.92,5.3074
26.04,75.7,5.6923
27.04,75.71,6.0558
28.04,55.2,1.911
29.04,82.17,2.1641
30.04,81.06,2.3146
31.04,85.37,2.5357
32.05,78.63,2.7756
33.05,76.36,3.0853
34.05,76.17,3.3983
35.05,75.92,3.7184
36.05,77.52,4.0646
37.05,77.36,4.3939
38.06,77.44,4.7296
39.06,76.22,5.1596
40.06,75.69,5.5388
41.06,75.82,5.9129
42.06,68.45,3.5873
43.06,69.41,2.0782
44.06,82.99,1.8165
45.07,75.68,2.1277
46.07,90.28,2.2771
47.07,84.86,2.578
48.07,78.67,2.8737
49.07,77.64,3.1564
50.07,77.46,3.4781
51.07,66.44,3.7122
52.08,32.15,3.9644
53.08,30.2,4.1686
54.08,26.15,4.2547
55.08,25.43,4.286
56.08,26.76,4.3294
57.08,26.03,4.3714
58.09,25.94,4.444
59.09,42.2,4.6544
60.09,27.84,4.9202
61.09,25.56,4.9709
62.09,25.12,4.9963
63.09,26.46,5.0267
64.09,26.01,5.0554
65.1,25.15,5.0847
66.1,25.31,5.1127
67.1,25.19,5.1414
68.1,25.74,5.1643
69.1,25.76,5.1988
70.1,25.2,5.2202
71.11,25.28,5.2301
72.11,25.14,5.2508
73.11,25.33,5.269
74.11,25.14,5.2904
75.11,25.14,5.3117
76.11,25.24,5.3302
77.12,25.14,5.3532
78.12,25.28,5.3713
79.12,25.19,5.3897
80.12,25.23,5.4177
81.12,25.31,5.4358
82.12,25.2,5.4571
83.12,25.6,5.4768
84.13,25.31,5.4962
85.13,25.21,5.5121
86.13,25.2,5.5318
87.13,25.31,5.5484
88.13,25.26,5.5694
89.13,25.19,5.589
90.13,25.46,5.6119
91.13,25.16,5.6317
92.14,25.12,5.6476
93.14,25.39,5.6643
94.14,25.15,5.681
95.14,25.15,5.7005
96.14,25.27,5.7214
97.14,25.16,5.7361
98.14,25.19,5.7492
99.15,25.27,5.7625
100.15,25.18,5.8016
101.15,25.3,5.8016
102.15,25.14,5.8016
103.15,26.33,5.811
104.15,25.25,5.8239
105.15,25.2,5.8368
106.16,25.17,5.8513
107.16,25.25,5.8668
108.16,26.26,5.9936
109.16,34.49,6.2988
110.16,25.13,6.5691
111.16,31.72,6.8733
112.17,25.79,6.9254
113.17,25.8,6.9254
114.17,26.15,6.9254
115.17,25.17,6.9254
116.17,25.16,6.9254
117.17,25.26,6.9254
118.18,25.21,6.9253
119.18,25.29,6.9255
120.18,25.66,6.9255
121.18,25.14,6.9255
122.18,25.28,6.9662
123.18,25.35,6.9903
124.19,25.3,6.9937
125.19,25.2,6.999
126.19,25.2,6.9988
127.19,25.31,7.007
128.19,25.21,7.007
129.19,25.27,7.0088
130.19,25.31,7.012
131.19,25.19,7.0143
132.2,25.21,7.0175
133.2,25.75,7.0213
134.2,25.2,7.0256
135.2,25.21,7.0256
136.2,25.24,7.0256
137.2,25.15,7.0256
138.21,25.39,7.0256
139.21,25.25,7.0256
140.21,25.14,7.0256
141.21,25.31,7.0256
142.21,25.18,7.0256
143.21,25.42,7.0256
144.22,25.17,7.0256
145.22,25.16,7.0256
146.22,25.23,7.0256
147.22,25.14,7.0256
148.22,25.26,7.0256
149.22,25.14,7.0256
150.22,25.14,7.0256
151.23,25.23,7.0256
152.23,25.18,7.0256
153.23,25.42,7.0256
154.23,25.19,7.0256
155.23,25.26,7.0256
156.23,25.3,7.0256
157.24,25.21,7.0256
158.24,25.32,7.0256
159.24,25.21,7.0256
160.24,25.21,7.0256
161.24,25.3,7.0256
162.24,25.15,7.0256
163.25,25.39,7.0257
164.25,25.14,7.0257
165.25,25.29,7.0257
166.25,25.18,7.0257
167.25,25.19,7.0257
168.25,25.32,7.0257
169.26,25.27,7.0257
170.26,25.18,7.0257
171.26,25.37,7.0257
172.26,25.17,7.0257
173.26,25.38,7.0257
174.26,25.15,7.0257
175.26,25.21,7.0257
176.27,25.29,7.0257
177.27,25.22,7.0257
178.27,25.41,7.0258
179.27,25.5,7.0258
180.27,25.14,7.0258
181.27,25.23,7.0258
182.28,25.14,7.0258
183.28,25.41,7.0258
184.28,25.28,7.0258
185.28,25.24,7.0258
186.28,25.29,7.0258
187.28,25.19,7.0258
188.28,25.2,7.0258
189.29,25.34,7.0258
190.29,25.19,7.0258
191.29,25.26,7.0258
192.29,25.15,7.0258
193.29,25.21,7.0258
194.29,25.26,7.0258
195.3,25.38,7.0258
196.3,25.79,7.0258
197.3,29.52,7.0993
198.3,25.22,7.1474
199.3,25.32,7.1474
200.3,25.2,7.1474
201.31,25.3,7.1474
202.31,25.28,7.1474
203.31,25.22,7.1474
204.31,25.29,7.1474
205.31,25.19,7.1474
206.31,25.2,7.1474
207.31,25.28,7.1474
208.32,25.21,7.1474
209.32,25.3,7.1474
210.32,25.19,7.1474
211.32,25.19,7.1474
212.32,25.31,7.1474
213.32,25.27,7.1474
214.32,25.19,7.1474
215.33,25.32,7.1474
216.33,25.18,7.1474
217.33,25.2,7.1474
218.33,25.35,7.1474
219.33,25.21,7.1474
220.33,25.3,7.1474
221.33,25.19,7.1474
222.34,25.2,7.1474
223.34,25.39,7.1474
224.34,25.18,7.1474
225.34,25.19,7.1474
226.34,25.3,7.1474
227.34,25.2,7.1474
228.35,25.31,7.1474
229.35,25.19,7.1474
230.35,25.21,7.1474
231.35,25.3,7.1474
232.35,25.19,7.1474
233.35,25.31,7.1474
234.35,25.3,7.1474
235.35,25.18,7.1474
236.36,25.18,7.1474
237.36,25.3,7.1474
238.36,25.24,7.1474
239.36,25.2,7.1474
240.36,25.29,7.1474
241.36,25.19,7.1474
242.36,25.19,7.1474
243.37,25.41,7.1474
244.37,25.16,7.1474
245.37,25.29,7.1474
246.37,25.18,7.1474
247.37,25.19,7.1474
248.37,25.31,7.1474
249.38,25.43,7.1474
250.38,25.29,7.1474
251.38,25.19,7.1474
252.38,25.18,7.1474
253.38,25.34,7.1474
254.38,25.19,7.1474
255.39,25.39,7.1475
256.39,25.19,7.1475
257.39,25.2,7.1475
258.39,25.34,7.1475
259.39,25.34,7.1475
260.39,25.19,7.1475
261.39,25.29,7.1475
262.4,25.2,7.1475
263.4,25.31,7.1475
264.4,25.18,7.1475
265.4,25.18,7.1475
266.4,25.28,7.1475
267.4,25.23,7.1475
268.41,25.29,7.1475
269.41,25.24,7.1475
270.41,25.19,7.1475
271.41,25.3,7.1475
272.41,25.24,7.1475
273.41,25.26,7.1475
274.41,25.28,7.1475
275.41,25.19,7.1475
276.42,25.22,7.1475
277.42,25.2,7.1475
278.42,25.28,7.1475
279.42,25.28,7.1475
280.42,25.3,7.1475
281.42,25.2,7.1475
282.42,25.27,7.1475
283.43,25.38,7.1475
284.43,25.17,7.1475
285.43,25.27,7.1475
286.43,25.18,7.1475
287.43,25.2,7.1475
288.43,25.29,7.1475
289.44,25.19,7.1475
290.44,25.18,7.1475
291.44,25.29,7.1475
292.44,25.18,7.1475
293.44,25.3,7.1474
294.44,25.18,7.1474
295.44,25.17,7.1474
296.45,25.28,7.1474
297.45,25.38,7.1476
298.45,25.25,7.1475
299.45,25.16,7.1475
300.45,25.24,7.1476
301.45,25.25,7.1476
302.46,25.18,7.1476
303.46,25.31,7.1476
304.46,25.13,7.1476
305.46,25.13,7.1477
306.46,25.29,7.1476
307.46,25.15,7.1476
308.47,25.25,7.1475
309.47,25.15,7.1475
310.47,25.13,7.1476
311.47,25.23,7.1475
312.47,25.14,7.1476
313.47,25.26,7.1475
314.48,25.12,7.1475
315.48,25.13,7.1476
316.48,25.23,7.1476
317.48,25.15,7.1476
318.48,25.24,7.1475
319.48,25.14,7.1476
320.48,25.16,7.1476
321.49,25.25,7.1476
322.49,25.17,7.1477
323.49,25.3,7.1476
324.49,25.18,7.1476
325.49,25.18,7.1475
326.49,25.28,7.1475
327.5,25.16,7.1476
328.5,25.27,7.1477
329.5,25.12,7.1476
330.5,25.12,7.1476
331.5,25.22,7.1476
332.5,25.14,7.1476
333.51,25.33,7.1476
334.51,25.18,7.1476
335.51,25.74,7.1476
336.51,25.29,7.1476
337.51,25.21,7.1476
338.51,25.19,7.1476
339.51,25.32,7.1478
340.52,25.17,7.1478
341.52,25.29,7.1478
342.52,25.19,7.1478
343.52,25.22,7.1478
344.52,25.3,7.1478
345.52,25.18,7.1477
346.52,25.19,7.1478
347.53,25.3,7.1477
348.53,25.13,7.1477
349.53,25.27,7.1477
350.53,25.19,7.1477
351.53,25.18,7.1477
352.53,25.31,7.1477
353.53,25.21,7.1475
354.54,25.18,7.1475
355.54,25.35,7.1475
356.54,25.18,7.1475
357.54,25.2,7.1477
358.54,25.3,7.1475
359.54,25.18,7.1475
360.54,25.18,7.1475
361.55,25.3,7.1477
362.55,25.18,7.1477
363.55,25.27,7.1477
364.55,25.3,7.1476
365.55,25.19,7.1476
366.55,25.19,7.1477
367.55,25.32,7.1477
368.56,25.19,7.1477
369.56,25.24,7.1476
370.56,25.26,7.1476
371.56,25.13,7.1476
372.56,25.19,7.1477
373.56,25.34,7.1477
374.56,25.18,7.1477
375.57,25.3,7.1477
376.57,25.19,7.1477
377.57,25.22,7.1477
378.57,25.29,7.1477
379.57,25.18,7.1477
380.57,25.21,7.1477
381.57,25.29,7.1477
382.57,25.2,7.1477
383.58,25.23,7.1477
384.58,25.28,7.1477
385.58,25.19,7.1477
386.58,25.28,7.1477
387.58,25.3,7.1477
388.58,25.2,7.1477
389.58,25.12,7.1477
390.59,25.24,7.1477
391.59,25.13,7.1477
392.59,25.13,7.1477
393.59,25.25,7.1477
394.59,25.12,7.1477
395.59,25.13,7.1477
396.59,25.23,7.1477
397.6,25.14,7.1477
398.6,25.27,7.1477
399.6,25.16,7.1477
400.6,25.17,7.1477
401.6,25.31,7.1477
402.6,25.2,7.1477
403.6,25.21,7.1477
404.61,25.28,7.1477
405.61,25.19,7.1477
406.61,25.21,7.1477
407.61,25.59,7.1477
408.61,25.18,7.1477
409.61,25.29,7.1477
410.61,25.19,7.1477
411.62,25.19,7.1478
412.62,25.32,7.1478
413.62,25.24,7.1478
414.62,25.2,7.1479
415.62,25.18,7.1479
416.62,25.28,7.1479
417.62,25.19,7.1479
418.63,25.28,7.1479
419.63,25.16,7.1479
420.63,25.19,7.1479
421.63,25.27,7.1479
422.63,25.58,7.1479
423.63,25.35,7.1479
424.63,25.16,7.1479
425.64,25.17,7.1479
426.64,25.29,7.1479
427.64,25.19,7.1479
428.64,25.19,7.1479
429.64,25.29,7.1479
430.64,25.19,7.1479
431.64,25.25,7.1479
432.65,25.3,7.1479
433.65,25.23,7.1479
434.65,25.3,7.1479
435.65,25.19,7.1479
436.65,25.26,7.1479
437.65,25.33,7.1479
438.65,25.19,7.1479
439.66,25.19,7.1479
440.66,25.3,7.1479
441.66,25.16,7.1479
442.66,25.15,7.1479
443.66,25.34,7.1479
444.66,25.19,7.1479
445.66,25.19,7.1479
446.67,25.31,7.1479
447.67,25.21,7.1479
448.67,25.18,7.1479
449.67,25.29,7.1479
450.67,25.18,7.1479
451.67,25.18,7.1479
452.67,25.36,7.1479
453.67,25.18,7.1479
454.68,25.18,7.1479
455.68,25.3,7.1479
456.68,25.18,7.148
457.68,25.2,7.148
458.68,25.3,7.148
459.68,25.2,7.148
460.68,25.19,7.148
461.69,25.3,7.148
462.69,25.8,7.148
463.69,25.18,7.148
464.69,25.3,7.148
465.69,25.18,7.148
466.69,25.18,7.148
467.69,25.34,7.148
468.7,25.18,7.148
469.7,25.28,7.148
470.7,25.18,7.148
471.7,25.17,7.148
472.7,25.81,7.148
473.7,25.29,7.148
474.7,25.18,7.148
475.71,25.3,7.148
476.71,25.18,7.148
477.71,25.2,7.148
478.71,25.28,7.148
479.71,25.18,7.148
480.71,25.28,7.148
481.71,25.19,7.148
482.72,25.29,7.148
483.72,25.29,7.148
484.72,25.18,7.148
485.72,25.18,7.148
486.72,25.28,7.148
487.72,25.18,7.148
488.73,25.23,7.148
489.73,25.14,7.148
490.73,25.17,7.148
491.73,25.29,7.148
492.73,25.23,7.148
493.73,25.18,7.148
494.73,25.29,7.148
495.74,25.19,7.148
496.74,25.28,7.148
497.74,25.18,7.148
498.74,25.12,7.148
499.74,25.22,7.148
500.74,25.13,7.148
501.74,25.17,7.148
502.75,25.53,7.148
503.75,25.12,7.148
504.75,25.22,7.148
505.75,25.18,7.148
506.75,25.2,7.148
507.75,25.3,7.148
508.76,25.18,7.148
509.76,25.19,7.148
510.76,25.28,7.148
511.76,25.19,7.148
512.76,25.32,7.148
513.76,25.12,7.148
514.76,25.34,7.1481
515.77,25.29,7.1481
516.77,25.19,7.1481
517.77,25.37,7.1481
518.77,26.6,7.1497
519.77,25.23,7.1497
520.77,25.18,7.1497
521.77,25.29,7.1484
522.78,25.22,7.1484
523.78,25.31,7.1484
524.78,25.15,7.1484
525.78,25.13,7.1484
526.78,25.22,7.1484
527.78,25.14,7.1484
528.79,25.23,7.1484
529.79,25.12,7.1484
530.79,25.18,7.1484
531.79,25.29,7.1484
532.79,25.44,7.1484
533.79,25.38,7.1484
534.79,25.18,7.1484
535.8,25.18,7.1484
536.8,25.29,7.1484
537.8,25.24,7.1484
538.8,26.42,7.1484
539.8,25.3,7.1484
540.8,25.18,7.1484
541.8,25.18,7.1484
542.81,25.37,7.1484
543.81,25.16,7.1484
544.81,25.18,7.1484
545.81,25.22,7.1484
546.81,25.13,7.1484
547.81,25.28,7.1484
548.81,25.12,7.1484
549.82,25.13,7.1484
550.82,25.26,7.1484
551.82,26.0,7.1485
552.82,25.34,7.1485
553.82,25.18,7.1485
554.82,25.18,7.1485
555.83,25.28,7.1485
556.83,25.19,7.1485
557.83,25.2,7.1485
558.83,25.28,7.1485
559.83,25.19,7.1485
560.83,25.28,7.1485
561.84,25.18,7.1485
562.84,25.24,7.1485
563.84,25.28,7.1485
564.84,25.18,7.1485
565.84,25.29,7.1485
566.84,25.19,7.1485
567.84,25.22,7.1485
568.85,25.27,7.1485
569.85,25.16,7.1485
570.85,25.28,7.1485
571.85,25.19,7.1485
572.85,25.24,7.1485
573.85,25.28,7.1485
574.86,25.16,7.1485
575.86,25.27,7.1485
576.86,25.19,7.1485
577.86,25.15,7.1486
578.86,25.24,7.1486
579.86,25.27,7.1486
580.87,25.28,7.1486
581.87,25.18,7.1486
582.87,25.31,7.1486
583.87,25.28,7.1485
584.87,25.17,7.1485
585.87,25.28,7.1485
586.87,25.19,7.1486
587.88,25.22,7.1485
588.88,25.29,7.1485
589.88,25.19,7.1485
590.88,25.19,7.1485
591.88,25.29,7.1485
592.88,25.26,7.1486
593.89,25.19,7.1486
594.89,25.28,7.1486
595.89,25.19,7.1486
596.89,25.29,7.1486
597.89,25.19,7.1486
598.89,25.18,7.1486
599.89,25.3,7.1486
600.89,25.15,7.1486
601.9,25.18,7.1486
602.9,25.34,7.1486
603.9,25.18,7.1486
604.9,25.28,7.1486
605.9,25.17,7.1487
606.9,25.18,7.1487
607.91,25.32,7.1487
608.91,25.18,7.1487
609.91,25.21,7.1487
610.91,25.34,7.1487
611.91,25.19,7.1487
612.91,25.38,7.1487
613.92,25.18,7.1486
614.92,25.17,7.1486
615.92,25.22,7.1486
616.92,25.19,7.1486
617.92,25.29,7.1487
618.92,25.18,7.1487
619.92,25.18,7.1487
620.93,25.35,7.1487
621.93,25.18,7.1487
622.93,25.54,7.1487
623.93,25.17,7.1487
624.93,25.19,7.1487
625.93,25.28,7.1487
626.94,25.17,7.1487
627.94,25.19,7.1487
628.94,25.27,7.1487
629.94,25.17,7.1487
630.94,25.27,7.1488
631.94,25.17,7.1488
632.94,25.36,7.1488
633.95,25.27,7.1488
634.95,25.13,7.1488
635.95,25.24,7.1488
636.95,25.17,7.1488
637.95,25.27,7.1488
638.95,25.27,7.1488
639.96,25.18,7.1488
640.96,26.38,7.149
641.96,25.16,7.1484
642.96,25.43,7.1486
643.96,25.27,7.1486
644.96,25.16,7.1486
645.97,25.27,7.1485
646.97,25.15,7.1485
647.97,25.2,7.1485
648.97,25.26,7.1485
649.97,25.11,7.1485
650.97,25.12,7.1485
651.97,25.22,7.1485
652.98,25.18,7.1485
653.98,25.22,7.1485
654.98,25.14,7.1485
655.98,25.29,7.1485
656.98,25.26,7.1484
657.98,25.18,7.1486
658.99,25.26,7.1486
659.99,25.17,7.1486
660.99,25.17,7.1486
661.99,25.26,7.1486
662.99,25.17,7.1486
663.99,25.25,7.1486
664.99,25.16,7.1486
666.0,25.15,7.1486
667.0,25.23,7.1486
668.0,25.63,7.1486
669.0,25.24,7.1486
670.0,25.14,7.1486
671.0,25.16,7.1486
672.01,25.26,7.1486
673.01,25.21,7.1486
674.01,25.27,7.1486
675.01,25.13,7.1486
676.01,25.12,7.1486
677.01,25.34,7.1486
678.02,25.18,7.1486
679.02,25.26,7.1486
680.02,25.17,7.1486
681.02,25.17,7.1486
682.02,25.27,7.1486
683.02,25.22,7.1486
684.02,25.16,7.1486
685.03,25.27,7.1486
686.03,25.17,7.1486
687.03,25.28,7.1486
688.03,25.22,7.1486
689.03,25.18,7.1484
690.03,25.22,7.1484
691.04,25.15,7.1486
692.04,25.28,7.1486
693.04,25.23,7.1486
694.04,25.17,7.1486
695.04,25.21,7.1486
696.04,25.11,7.1486
697.05,25.22,7.1486
698.05,25.12,7.1486
699.05,25.11,7.1486
700.05,25.25,7.1486
701.05,25.17,7.1486
702.05,25.16,7.1486
703.05,25.31,7.1486
704.06,25.17,7.1486
705.06,25.27,7.1486
706.06,25.17,7.1486
707.06,25.17,7.1485
708.06,25.25,7.1485
709.06,25.11,7.1485
710.06,25.13,7.1486
711.07,25.27,7.1486
712.07,25.17,7.1486
713.07,25.32,7.1486
714.07,25.17,7.1486
715.07,25.16,7.1486
716.07,25.26,7.1486
717.08,25.17,7.1486
718.08,25.35,7.1486
719.08,25.16,7.1486
720.08,25.17,7.1486
721.08,25.27,7.1486
722.08,25.18,7.1486
723.09,25.34,7.1486
724.09,25.17,7.1486
725.09,25.15,7.1486
726.09,25.27,7.1486
727.09,25.17,7.1486
728.09,25.28,7.1486
729.09,25.17,7.1486
730.1,25.19,7.1486
731.1,25.28,7.1486
732.1,25.18,7.1486
733.1,25.33,7.1486
734.1,25.18,7.1486
735.1,25.16,7.1486
736.11,25.26,7.1486
737.11,25.17,7.1486
738.11,25.28,7.1486
739.11,25.17,7.1486
740.11,25.17,7.1486
741.11,25.27,7.1486
742.12,25.18,7.1486
743.12,25.22,7.1486
744.12,25.28,7.1486
745.12,25.17,7.1486
746.12,25.27,7.1486
747.12,25.17,7.1486
748.12,25.18,7.1486
749.13,25.27,7.1486
750.13,25.17,7.1486
751.13,25.27,7.1486
752.13,25.17,7.1486
753.13,25.26,7.1486
754.13,25.27,7.1486
755.14,25.17,7.1486
756.14,25.28,7.1486
757.14,25.18,7.1486
758.14,25.18,7.1486
759.14,25.27,7.1486
760.14,25.18,7.1486
761.15,25.28,7.1486
762.15,25.18,7.1486
763.15,25.22,7.1486
764.15,25.23,7.1486
765.15,25.11,7.1486
766.15,25.19,7.1486
767.15,25.28,7.1486
768.15,25.15,7.1486
769.16,25.12,7.1486
770.16,25.27,7.1486
771.16,25.17,7.1485
772.16,25.17,7.1485
773.16,25.58,7.1485
774.16,25.17,7.1485
775.17,25.27,7.1485
776.17,25.17,7.1486
777.17,25.18,7.1486
778.17,25.26,7.1486
779.17,25.17,7.1486
780.17,25.27,7.1486
781.17,25.18,7.1486
782.18,25.17,7.1486
783.18,25.32,7.1486
784.18,25.17,7.1486
785.18,25.16,7.1486
786.18,25.27,7.1486
787.18,25.17,7.1486
788.19,25.28,7.1486
789.19,25.17,7.1486
790.19,25.19,7.1486
791.19,25.27,7.1486
792.19,25.17,7.1486
793.19,25.43,7.1486
794.2,25.17,7.1486
795.2,25.17,7.1486
796.2,25.27,7.1486
797.2,25.16,7.1486
798.2,25.29,7.1486
799.2,25.17,7.1486
800.2,25.18,7.1486
801.21,25.28,7.1486
802.21,25.18,7.1486
803.21,25.33,7.1486
804.21,25.17,7.1486
805.21,25.17,7.1487
806.21,25.27,7.1487
807.22,25.17,7.1487
808.22,25.33,7.1487
809.22,25.18,7.1487
810.22,25.18,7.1487
811.22,25.29,7.1487
812.22,25.18,7.1487
813.22,25.43,7.1487
814.23,25.3,7.1487
815.23,25.17,7.1487
816.23,25.17,7.1487
817.23,25.28,7.1487
818.23,25.21,7.1487
819.23,25.17,7.1487
820.23,25.21,7.1487
821.24,25.11,7.1487
822.24,25.22,7.1487
823.24,25.17,7.1487
824.24,25.11,7.1487
825.24,25.22,7.1487
826.24,25.11,7.1487
827.24,25.13,7.1487
828.25,25.17,7.1487
829.25,25.27,7.1487
830.25,25.13,7.1487
831.25,25.21,7.1487
832.25,25.13,7.1487
833.25,25.22,7.1487
834.25,25.27,7.1487
835.26,25.17,7.1487
836.26,25.26,7.1487
837.26,25.17,7.1487
838.26,25.19,7.1487
839.26,25.27,7.1487
840.26,25.17,7.1487
841.27,25.27,7.1487
842.27,25.17,7.1487
843.27,25.31,7.1487
844.27,25.27,7.1487
845.27,25.17,7.1487
846.27,25.27,7.1487
847.27,25.17,7.1487
848.28,25.19,7.1487
849.28,25.28,7.1487
850.28,25.17,7.1487
851.28,25.27,7.1487
852.28,25.17,7.1487
853.28,25.24,7.1487
854.29,25.27,7.1487
855.29,25.17,7.1487
856.29,25.17,7.1487
857.29,25.28,7.1487
858.29,25.18,7.1487
859.29,25.28,7.1487
860.29,25.17,7.1487
861.3,25.17,7.1487
862.3,25.26,7.1487
863.3,25.37,7.1487
864.3,25.27,7.1487
865.3,25.17,7.1487
866.3,25.18,7.1487
867.31,25.28,7.1487
868.31,25.18,7.1487
869.31,25.17,7.1487
870.31,25.29,7.1487
871.31,25.16,7.1487
872.31,25.17,7.1487
873.31,25.34,7.1487
874.31,25.2,7.1487
875.32,25.17,7.1487
876.32,25.28,7.1487
877.32,25.17,7.1487
878.32,25.16,7.1487
879.32,25.16,7.1487
880.32,25.21,7.1487
881.32,25.1,7.1487
882.33,25.21,7.1487
883.33,25.32,7.1487
884.33,25.1,7.1487
885.33,25.2,7.1487
886.33,25.1,7.1487
887.33,25.27,7.1486
888.34,25.19,7.1486
889.34,25.18,7.1486
890.34,25.24,7.1486
891.34,25.18,7.1486
892.34,25.28,7.1488
893.34,25.23,7.1488
894.34,25.17,7.1488
895.35,25.28,7.1488
896.35,25.17,7.1488
897.35,25.24,7.1488
898.35,25.13,7.1488
899.35,25.12,7.1488
900.35,25.22,7.1488
901.35,25.12,7.1487
902.36,25.12,7.1487
903.36,25.28,7.1487
904.36,25.12,7.1487
905.36,25.12,7.1488
906.36,25.23,7.1487
907.36,25.13,7.1487
908.37,25.22,7.1488
909.37,25.12,7.1488
910.37,25.17,7.1488
911.37,25.29,7.1488
912.37,25.17,7.1488
913.37,25.21,7.1488
914.37,25.29,7.1488
915.37,25.15,7.1488
916.38,25.11,7.1488
917.38,25.21,7.1488
918.38,25.12,7.1488
919.38,25.23,7.1488
920.38,25.14,7.1488
921.38,25.12,7.1488
922.39,25.23,7.1488
923.39,25.15,7.1488
924.39,25.12,7.1488
925.39,25.22,7.1488
926.39,25.17,7.1488
927.39,25.29,7.1488
928.39,25.17,7.1488
929.4,25.11,7.1489
930.4,25.21,7.1489
931.4,25.11,7.1489
932.4,25.28,7.1489
933.4,25.23,7.1489
934.4,25.17,7.1489
935.41,25.27,7.1489
936.41,25.17,7.1489
937.41,25.18,7.1489
938.41,25.27,7.1489
939.41,25.14,7.1489
940.41,25.21,7.1489
941.42,25.11,7.1489
942.42,25.18,7.1489
943.42,25.31,7.1489
944.42,25.16,7.1489
945.42,25.27,7.1489
946.42,25.17,7.1489
947.42,25.18,7.1489
948.43,25.3,7.1489
949.43,25.14,7.1489
950.43,25.13,7.1489
951.43,25.23,7.1489
952.43,25.16,7.1489
953.43,25.28,7.1489
954.43,25.14,7.1489
955.44,25.14,7.1489
956.44,25.24,7.1489
957.44,25.14,7.1489
958.44,25.12,7.1489
959.44,25.23,7.1489
960.44,25.13,7.1489
961.44,25.17,7.1489
962.45,25.26,7.1489
963.45,25.2,7.1489
964.45,25.19,7.1488
965.45,25.27,7.1488
966.45,25.17,7.1488
967.45,25.23,7.1488
968.45,25.28,7.1488
969.46,25.19,7.1488
970.46,25.17,7.1488
971.46,25.27,7.1488
972.46,25.18,7.149
973.46,25.36,7.149
974.46,25.16,7.149
975.46,25.17,7.149
976.47,25.26,7.149
977.47,25.18,7.149
978.47,25.16,7.149
979.47,25.27,7.149
980.47,25.19,7.149
981.47,25.13,7.149
982.47,25.23,7.149
983.48,25.15,7.149
984.48,25.21,7.149
985.48,25.17,7.149
986.48,25.14,7.149
987.48,25.23,7.149
988.48,25.17,7.149
989.49,25.27,7.149
990.49,25.17,7.149
991.49,25.18,7.149
992.49,25.28,7.149
993.49,25.22,7.149
994.49,25.28,7.149
995.49,25.17,7.149
996.5,25.18,7.149
997.5,25.22,7.149
998.5,25.11,7.149
999.5,25.12,7.149
1000.5,25.24,7.149
1001.5,25.17,7.149
1002.51,25.29,7.149
1003.51,25.23,7.149
1004.51,25.12,7.149
1005.51,25.21,7.149
1006.51,25.11,7.149
1007.51,25.22,7.149
1008.52,25.12,7.149
1009.52,25.11,7.149
1010.52,25.21,7.149
1011.52,25.11,7.149
1012.52,25.22,7.149
1013.52,25.14,7.149
1014.52,25.11,7.149
1015.53,25.21,7.149
1016.53,25.11,7.149
1017.53,25.23,7.149
1018.53,25.12,7.149
1019.53,25.11,7.149
1020.53,25.22,7.149
1021.54,25.13,7.149
1022.54,25.23,7.149
1023.54,25.5,7.149
1024.54,25.14,7.149
1025.54,25.83,7.149
1026.54,25.12,7.149
1027.55,25.23,7.149
1028.55,25.12,7.149
1029.55,25.13,7.149
1030.55,25.22,7.1489
1031.55,25.14,7.1489
1032.55,25.28,7.1489
1033.55,25.37,7.1489
1034.56,25.16,7.1489
1035.56,25.22,7.1488
1036.56,25.17,7.1488
1037.56,25.17,7.1489
1038.56,25.27,7.1489
1039.56,25.16,7.1488
1040.57,25.26,7.1488
1041.57,25.17,7.1488
1042.57,25.17,7.1488
1043.57,25.31,7.1489
1044.57,25.16,7.1489
1045.57,25.26,7.149
1046.57,25.17,7.1489
1047.58,25.18,7.149
1048.58,25.25,7.1489
1049.58,25.12,7.1489
1050.58,25.12,7.1489
1051.58,25.23,7.1489
1052.58,25.15,7.149
1053.59,25.28,7.149
1054.59,25.12,7.1489
1055.59,25.11,7.1489
1056.59,25.22,7.1488
1057.59,25.14,7.1488
1058.59,25.17,7.1488
1059.59,25.28,7.1489
1060.6,25.16,7.149
1061.6,25.27,7.149
1062.6,25.19,7.149
1063.6,25.19,7.149
1064.6,25.26,7.149
1065.6,25.11,7.149
1066.61,25.24,7.149
1067.61,25.13,7.149
1068.61,25.16,7.149
1069.61,25.26,7.149
1070.61,25.16,7.149
1071.61,25.18,7.1489
1072.61,25.28,7.149
1073.62,25.26,7.149
1074.62,25.28,7.1489
1075.62,25.17,7.1489
1076.62,25.19,7.149
1077.62,25.3,7.149
1078.62,25.18,7.149
1079.62,25.17,7.149
1080.63,25.25,7.149
1081.63,25.13,7.1489
1082.63,25.28,7.1489
1083.63,25.22,7.1489
1084.63,25.17,7.1489
1085.63,25.29,7.1489
1086.63,25.17,7.1489
1087.64,25.18,7.1489
1088.64,25.28,7.1489
1089.64,25.18,7.1489
1090.64,25.27,7.1489
1091.64,25.18,7.1489
1092.64,25.18,7.149
1093.65,25.32,7.149
1094.65,25.17,7.149
1095.65,25.17,7.149
1096.65,25.27,7.149
1097.65,25.18,7.1491
1098.65,25.22,7.1491
1099.65,25.11,7.1491
1100.66,25.16,7.1491
1101.66,25.27,7.1491
1102.66,25.2,7.1491
1103.66,25.2,7.1491
1104.66,25.27,7.1491
1105.66,25.17,7.1491
1106.67,25.28,7.1491
1107.67,25.19,7.1491
1108.67,25.18,7.1491
1109.67,25.28,7.1491
1110.67,25.19,7.1491
1111.67,25.28,7.1491
1112.68,25.25,7.1491
1113.68,25.19,7.1491
1114.68,25.28,7.1491
1115.68,25.18,7.1491
1116.68,25.27,7.1491
1117.68,25.19,7.1491
1118.68,25.17,7.1491
1119.69,25.37,7.1491
1120.69,25.17,7.1491
1121.69,25.27,7.1491
1122.69,25.22,7.1491
1123.69,25.17,7.1491
1124.69,25.29,7.1491
1125.69,25.16,7.1491
1126.7,25.17,7.1491
1127.7,25.3,7.1491
1128.7,25.17,7.1491
1129.7,25.16,7.1491
1130.7,25.28,7.1491
1131.7,25.16,7.1491
1132.71,25.37,7.1491
1133.71,25.17,7.1491
1134.71,25.16,7.1491
1135.71,25.27,7.1491
1136.71,25.17,7.1491
1137.71,25.28,7.1491
1138.71,25.16,7.1491
1139.72,25.17,7.1491
1140.72,25.27,7.1491
1141.72,25.18,7.1491
1142.72,25.34,7.1491
1143.72,25.28,7.1491
1144.72,25.17,7.1491
1145.73,25.26,7.1491
1146.73,25.19,7.1491
1147.73,25.18,7.1491
1148.73,25.27,7.1491
1149.73,25.19,7.1491
1150.73,25.17,7.1491
1151.73,25.28,7.1491
1152.74,25.23,7.1491
1153.74,25.27,7.1491
1154.74,25.16,7.1491
1155.74,25.15,7.1491
1156.74,25.26,7.1491
1157.74,25.18,7.1491
1158.75,25.26,7.1491
1159.75,25.17,7.1491
1160.75,25.16,7.1491
1161.75,25.25,7.1491
1162.75,25.23,7.1491
1163.75,25.21,7.1491
1164.75,25.1,7.1491
1165.76,25.11,7.1491
1166.76,25.28,7.1491
1167.76,25.12,7.1491
1168.76,25.1,7.1491
1169.76,25.2,7.1491
1170.76,25.11,7.1491
1171.77,25.21,7.1491
1172.77,25.32,7.1491
1173.77,25.17,7.1491
1174.77,25.27,7.1491
1175.77,25.55,7.1491
1176.77,25.27,7.1491
1177.77,25.17,7.1491
1178.78,25.16,7.1491
1179.78,25.29,7.1491
1180.78,25.18,7.1491
1181.78,25.17,7.1491
1182.78,25.68,7.1491
1183.78,25.13,7.1491
1184.79,25.26,7.1491
1185.79,25.17,7.1491
1186.79,25.17,7.1491
1187.79,25.28,7.1491
1188.79,25.17,7.1491
1189.79,25.26,7.1491
1190.8,25.17,7.1491
1191.8,25.15,7.1491
1192.8,25.36,7.1491
1193.8,25.16,7.1491
1194.8,25.26,7.1491
1195.8,25.17,7.1491
1196.8,25.17,7.1491
1197.81,25.28,7.1491
1198.81,25.17,7.1491
1199.81,25.27,7.1491
1200.81,25.17,7.1491
1201.81,25.18,7.1491
1202.81,25.34,7.1491
1203.82,25.18,7.1491
1204.82,25.27,7.1491
1205.82,25.15,7.1491
1206.82,25.16,7.1491
1207.82,25.3,7.1491
1208.82,25.15,7.1491
1209.82,25.22,7.1491
1210.83,25.27,7.1491
1211.83,25.18,7.1491
1212.83,25.39,7.1491
1213.83,25.17,7.1491
1214.83,25.16,7.1491
1215.83,25.26,7.1491
1216.84,25.18,7.1491
1217.84,25.18,7.1491
1218.84,25.27,7.1491
1219.84,25.16,7.1491
1220.84,25.24,7.1491
1221.84,25.11,7.1491
1222.84,25.32,7.1491
1223.85,25.26,7.1491
1224.85,25.17,7.1491
1225.85,25.27,7.1491
1226.85,25.17,7.1491
1227.85,25.18,7.1491
1228.85,25.27,7.1491
1229.86,25.14,7.1491
1230.86,25.24,7.1491
1231.86,25.16,7.1491
1232.86,25.11,7.1491
1233.86,25.21,7.1491
1234.86,25.15,7.1491
1235.86,25.17,7.1491
1236.87,25.27,7.1491
1237.87,25.16,7.1491
1238.87,25.22,7.1491
1239.87,25.15,7.1491
1240.87,25.17,7.1491
1241.87,25.27,7.1491
1242.88,25.25,7.1491
1243.88,25.28,7.1491
1244.88,70.41,2.0111
1245.88,83.93,2.2903
1246.88,90.21,2.4889
1247.88,81.44,2.7439
1248.88,78.96,3.0016
1249.89,79.13,3.2288
1250.89,77.41,3.4365
1251.89,78.45,3.6414
1252.89,63.11,2.0404
1253.89,86.74,2.2201
1254.89,84.05,2.5198
1255.89,74.38,2.9268
1256.89,51.35,3.3554
1257.9,39.82,3.8277
1258.9,25.41,4.3214
1259.9,25.17,4.8305
1260.9,27.05,5.3503
1261.9,33.27,5.8711
1262.9,25.76,6.3405
1263.91,41.99,6.8413
1264.91,25.23,6.9936
1265.91,25.2,6.9936
1266.91,25.44,6.9936
1267.91,26.42,6.9892
1268.91,25.2,6.9892
1269.91,25.87,6.9892
1270.92,25.4,6.9892
1271.92,25.28,6.9892
1272.92,28.22,7.0927
1273.92,27.03,7.0927
1274.92,25.34,7.0927
1275.92,25.16,7.0927
1276.93,25.29,7.0927
1277.93,25.29,7.0927
1278.93,25.98,7.0927
1279.93,25.57,7.0927
1280.93,28.0,7.1004
1281.93,25.3,7.1004
1282.94,25.82,7.1004
1283.94,25.3,7.1004
1284.94,25.2,7.1004
1285.94,25.3,7.1004
1286.94,25.61,7.1002
1287.94,25.39,7.1002
1288.95,29.26,7.1151
1289.95,25.22,7.1151
1290.95,25.2,7.1151
1291.95,26.07,7.1151
1292.95,25.19,7.1151
1293.95,25.22,7.1151
1294.95,25.14,7.1151
1295.96,25.2,7.1151
1296.96,28.01,7.1302
1297.96,25.27,7.1302
1298.96,25.52,7.1302
1299.96,25.22,7.1302
1300.96,25.25,7.1302
1301.97,25.22,7.1302
1302.97,25.24,7.1302
1303.97,25.31,7.1302
1304.97,34.91,7.2209
1305.97,25.21,7.2209
1306.97,25.13,7.2209
1307.98,25.2,7.221
1308.98,25.3,7.221
1309.98,25.2,7.221
1310.98,26.53,7.221
1311.98,25.19,7.221
1312.98,25.29,7.4321
1313.99,25.23,7.9532
1314.99,25.13,8.4161
1315.99,30.53,8.6508
1316.99,25.26,8.6508
1317.99,25.3,8.6508
1318.99,25.2,8.6508
1320.0,25.16,8.6508
1321.0,25.55,8.6508
1322.0,25.12,8.6508
1323.0,25.33,8.6508
1324.0,25.17,8.6508
1325.0,25.17,8.6508
1326.01,27.33,8.6785
1327.01,25.2,8.6785
1328.01,25.31,8.6785
1329.01,25.2,8.6785
1330.01,25.31,8.6785
1331.01,25.27,8.6785
1332.02,25.19,8.6785
1333.02,25.34,8.6785
1334.02,25.2,8.6785
1335.02,25.3,8.6785
1336.02,25.16,8.6785
1337.02,27.89,8.6987
1338.03,25.3,8.6987
1339.03,25.22,8.6987
1340.03,25.29,8.6987
1341.03,25.23,8.6987
1342.03,25.19,8.6987
1343.03,25.74,8.6987
1344.04,25.13,8.6987
1345.04,25.23,8.6987
1346.04,25.13,8.6987
1347.04,27.76,8.7274
1348.04,25.2,8.7274
1349.04,25.19,8.7274
1350.05,25.31,8.7274
1351.05,25.19,8.7274
1352.05,25.19,8.7274
1353.05,25.32,8.7274
1354.05,25.2,8.7274
1355.05,25.31,8.7274
1356.05,25.38,8.7275
1357.06,27.77,8.764
1358.06,25.29,8.764
1359.06,25.18,8.764
1360.06,25.31,8.764
1361.06,25.5,8.764
1362.06,25.19,8.764
1363.06,25.23,8.764
1364.07,25.29,8.764
1365.07,25.16,8.764
1366.07,25.24,8.764
1367.07,26.95,8.7818
1368.07,25.2,8.7818
1369.07,25.37,8.7818
1370.07,25.2,8.7818
1371.08,25.18,8.7818
1372.08,25.3,8.7818
1373.08,25.23,8.7818
1374.08,25.85,8.7818
1375.08,25.29,8.7818
1376.08,25.18,8.7818
1377.08,25.19,8.7818
1378.09,26.77,8.7919
1379.09,25.19,8.7919
1380.09,25.19,8.7919
1381.09,25.29,8.7919
1382.09,25.19,8.7919
1383.09,25.33,8.7919
1384.1,25.2,8.7919
1385.1,25.3,8.7919
1386.1,25.2,8.7919
1387.1,25.2,8.7919
1388.1,25.31,8.7919
1389.1,26.8,8.8063
1390.11,25.32,8.8063
1391.11,25.19,8.8063
1392.11,25.19,8.8063
1393.11,25.33,8.8061
1394.11,25.2,8.8061
1395.11,25.28,8.8061
1396.12,25.17,8.8061
1397.12,25.27,8.8061
1398.12,25.21,8.8063
1399.12,26.6,8.8163
1400.12,25.29,8.8163
1401.12,25.19,8.8163
1402.13,25.29,8.8163
1403.13,25.23,8.8163
1404.13,25.19,8.8163
1405.13,25.36,8.8163
1406.13,25.19,8.8163
1407.13,25.29,8.8163
1408.14,25.31,8.8163
1409.14,27.08,8.8345
1410.14,25.19,8.8345
1411.14,25.2,8.8345
1412.14,25.31,8.8345
1413.14,25.67,8.8345
1414.15,25.29,8.8345
1415.15,25.19,8.8345
1416.15,25.18,8.8345
1417.15,25.23,8.8345
1418.15,25.28,8.8345
1419.15,27.85,8.854
1420.16,25.21,8.854
1421.16,25.3,8.854
1422.16,25.19,8.854
1423.16,25.24,8.854
1424.16,25.29,8.854
1425.16,25.2,8.854
1426.17,25.3,8.854
1427.17,25.19,8.854
1428.17,25.21,8.854
1429.17,27.14,8.8653
1430.17,25.21,8.8653
1431.17,25.3,8.8653
1432.18,25.2,8.8653
1433.18,25.24,8.8653
1434.18,25.29,8.8653
1435.18,25.2,8.8653
1436.18,25.3,8.8653
1437.18,25.19,8.8653
1438.19,25.31,8.8653
1439.19,27.42,8.8794
1440.19,25.2,8.8794
1441.19,25.29,8.8794
1442.19,25.19,8.8794
1443.19,25.35,8.8794
1444.19,25.19,8.8794
1445.2,25.2,8.8794
1446.2,25.29,8.8794
1447.2,25.2,8.8794
1448.2,25.31,8.8794
1449.2,26.62,8.8906
1450.21,25.3,8.8906
1451.21,25.19,8.8906
1452.21,25.19,8.8906
1453.21,25.46,8.8906
1454.21,25.2,8.8906
1455.21,25.75,8.8906
1456.22,25.19,8.8906
1457.22,25.19,8.8906
1458.22,25.27,8.8906
1459.22,25.15,8.8906
1460.22,26.55,8.9062
1461.22,25.14,8.9062
1462.23,25.24,8.9062
1463.23,25.24,8.9062
1464.23,25.2,8.9062
1465.23,25.3,8.9062
1466.23,25.2,8.9062
1467.23,25.3,8.9062
1468.24,25.21,8.9062
1469.24,25.29,8.9062
1470.24,27.4,8.9154
1471.24,25.84,8.9154
1472.24,25.29,8.9154
1473.24,25.24,8.9154
1474.25,25.3,8.9154
1475.25,25.19,8.9154
1476.25,25.19,8.9154
1477.25,25.29,8.9154
1478.25,25.2,8.9154
1479.25,25.31,8.9154
1480.25,27.94,8.9282
1481.26,25.2,8.9282
1482.26,25.29,8.9282
1483.26,25.23,8.9282
1484.26,25.29,8.9282
1485.26,25.2,8.9282
1486.26,25.2,8.9282
1487.27,25.3,8.9282
1488.27,25.21,8.9282
1489.27,27.81,8.95
1490.27,25.19,8.95
1491.27,25.19,8.95
1492.27,25.3,8.95
1493.28,25.24,8.95
1494.28,25.3,8.95
1495.28,25.19,8.95
1496.28,25.19,8.95
1497.28,25.29,8.95
1498.28,25.21,8.95
1499.29,25.3,8.95
1500.29,26.82,8.959
1501.29,25.18,8.959
1502.29,25.22,8.959
1503.29,25.18,8.959
1504.29,25.21,8.959
1505.3,25.17,8.959
1506.3,25.27,8.959
1507.3,25.14,8.959
1508.3,25.14,8.959
1509.3,25.23,8.959
1510.3,25.13,8.959
1511.31,27.23,8.9696
1512.31,25.21,8.9696
1513.31,25.2,8.9696
1514.31,25.3,8.9696
1515.31,25.2,8.9696
1516.31,25.3,8.9696
1517.31,25.18,8.9696
1518.32,25.23,8.9696
1519.32,25.31,8.9696
1520.32,25.19,8.9696
1521.32,27.05,8.9879
1522.32,25.29,8.9879
1523.32,25.22,8.9879
1524.32,25.2,8.9879
1525.33,25.3,8.9879
1526.33,25.2,8.9879
1527.33,25.29,8.9879
1528.33,25.2,8.9879
1529.33,25.26,8.9879
1530.34,25.12,8.9879
1531.34,25.12,8.9879
1532.34,27.43,9.0009
1533.34,25.21,9.0009
1534.34,25.29,9.0009
1535.34,25.21,9.0009
1536.34,25.19,9.0009
1537.35,25.28,9.0009
1538.35,25.2,9.0009
1539.35,25.29,9.0009
1540.35,25.19,9.0009
1541.35,25.19,9.0009
1542.35,27.1,9.0225
1543.36,25.62,9.0266
1544.36,25.29,9.0266
1545.36,25.3,9.0266
1546.36,25.29,9.0266
1547.36,25.19,9.0266
1548.36,25.21,9.0266
1549.37,25.33,9.0266
1550.37,25.2,9.0266
1551.37,25.29,9.0266
1552.37,25.19,9.0266
1553.37,27.06,9.0402
1554.37,25.3,9.0402
1555.38,25.2,9.0402
1556.38,25.3,9.0402
1557.38,25.2,9.0402
1558.38,25.31,9.0402
1559.38,25.2,9.0402
1560.38,25.2,9.0402
1561.39,25.3,9.0402
1562.39,25.21,9.0402
1563.39,25.33,9.0403
1564.39,27.19,9.0694
1565.39,25.14,9.0694
1566.39,25.27,9.0694
1567.4,25.2,9.0694
1568.4,25.29,9.0694
1569.4,25.19,9.0694
1570.4,25.14,9.0694
1571.4,25.22,9.0694
1572.4,25.2,9.0694
1573.41,25.28,9.0694
1574.41,27.26,9.0807
1575.41,25.19,9.0807
1576.41,25.29,9.0807
1577.41,25.2,9.0807
1578.41,25.3,9.0807
1579.42,25.2,9.0807
1580.42,25.29,9.0807
1581.42,25.19,9.0807
1582.42,25.21,9.0807
1583.42,25.32,9.0807
1584.42,27.68,9.096
1585.43,25.31,9.096
1586.43,25.19,9.096
1587.43,25.21,9.096
1588.43,25.3,9.096
1589.43,25.2,9.096
1590.43,25.3,9.096
1591.44,25.13,9.096
1592.44,25.14,9.096
1593.44,25.26,9.096
1594.44,27.36,9.1127
1595.44,25.3,9.1127
1596.44,25.2,9.1127
1597.45,25.31,9.1127
1598.45,25.17,9.1127
1599.45,25.17,9.1127
1600.45,25.26,9.1127
1601.45,25.18,9.1127
1602.45,25.31,9.1127
1603.46,25.22,9.1127
1604.46,25.23,9.1127
1605.46,26.73,9.1224
1606.46,25.2,9.1224
1607.46,25.41,9.1224
1608.46,25.2,9.1224
1609.47,25.18,9.1224
1610.47,25.29,9.1224
1611.47,25.17,9.1224
1612.47,25.26,9.1224
1613.47,25.22,9.1224
1614.47,25.3,9.1224
1615.48,26.85,9.131
1616.48,25.2,9.131
1617.48,25.31,9.131
1618.48,25.2,9.131
1619.48,25.22,9.131
1620.48,25.3,9.131
1621.48,25.19,9.131
1622.49,25.77,9.131
1623.49,25.22,9.131
1624.49,25.19,9.131
1625.49,27.29,9.1413
1626.49,25.19,9.1413
1627.49,25.2,9.1413
1628.49,25.25,9.1413
1629.5,25.15,9.1413
1630.5,25.23,9.1414
1631.5,25.12,9.1414
1632.5,25.24,9.1415
1633.5,25.17,9.1414
1634.5,25.18,9.1414
1635.51,25.29,9.1414
1636.51,27.39,9.152
1637.51,25.3,9.152
1638.51,25.19,9.152
1639.51,25.24,9.152
1640.51,25.13,9.152
1641.52,25.15,9.152
1642.52,25.29,9.152
1643.52,25.23,9.152
1644.52,25.3,9.152
1645.52,25.19,9.152
1646.53,28.09,9.1671
1647.53,25.19,9.1671
1648.53,25.18,9.1671
1649.53,25.28,9.1671
1650.53,25.19,9.1671
1651.53,25.29,9.1671
1652.54,25.2,9.1671
1653.54,25.22,9.1671
1654.54,25.29,9.1671
1655.54,25.19,9.1671
1656.54,25.29,9.1671
1657.54,28.29,9.187
1658.55,25.29,9.187
1659.55,25.22,9.187
1660.55,25.19,9.187
1661.55,25.29,9.187
1662.55,25.2,9.187
1663.55,25.24,9.187
1664.55,25.29,9.187
1665.56,25.2,9.187
1666.56,25.31,9.187
1667.56,25.14,9.187
1668.56,27.31,9.2056
1669.56,25.29,9.2056
1670.56,25.19,9.2056
1671.57,25.29,9.2056
1672.57,25.21,9.2056
1673.57,25.22,9.2056
1674.57,25.31,9.2056
1675.57,25.21,9.2056
1676.57,25.3,9.2056
1677.58,25.21,9.2057
1678.58,26.75,9.2153
1679.58,25.21,9.2153
1680.58,25.19,9.2153
1681.58,25.3,9.2153
1682.58,25.2,9.2153
1683.59,25.51,9.2153
1684.59,25.19,9.2153
1685.59,25.28,9.2153
1686.59,25.16,9.2153
1687.59,25.2,9.2154
1688.59,25.3,9.2154
1689.6,26.86,9.2235
1690.6,25.22,9.2235
1691.6,25.13,9.2235
1692.6,25.13,9.2235
1693.6,25.42,9.2235
1694.6,25.13,9.2235
1695.61,25.25,9.2235
1696.61,25.17,9.2235
1697.61,25.29,9.2235
1698.61,25.19,9.2235
1699.61,27.31,9.2419
1700.61,25.23,9.2419
1701.62,25.19,9.2419
1702.62,25.31,9.2419
1703.62,25.36,9.2419
1704.62,25.29,9.2419
1705.62,25.19,9.2419
1706.62,25.2,9.2419
1707.63,25.31,9.2419
1708.63,25.2,9.2419
1709.63,27.94,9.2553
1710.63,25.72,9.2553
1711.63,25.13,9.2553
1712.63,25.24,9.2553
1713.64,25.25,9.2553
1714.64,25.25,9.2553
1715.64,25.13,9.2553
1716.64,25.13,9.2553
1717.64,25.27,9.2553
1718.64,25.19,9.2553
1719.65,28.59,9.2736
1720.65,25.19,9.2736
1721.65,25.19,9.2736
1722.65,25.3,9.2736
1723.65,25.24,9.2736
1724.65,25.3,9.2736
1725.65,50.07,9.2843
1726.66,29.87,1.8541
1727.66,71.44,2.0895
1728.66,79.11,2.2239
1729.66,84.59,2.5117
1730.66,67.84,2.0538
1731.66,85.22,2.2474
1732.67,71.5,2.1244
1733.67,84.4,2.2878
1734.67,66.25,2.1241
1735.67,78.48,2.2619
1736.67,69.6,2.1116
1737.67,77.77,2.2833
1738.67,76.45,2.1137
1739.67,82.22,2.325
1740.68,89.7,2.4059
1741.68,70.51,2.2916
1742.68,88.42,2.4921
1743.68,86.93,2.776
1744.68,49.49,3.0795
1745.68,53.02,3.3923
1746.69,67.38,3.7556
1747.69,59.57,4.0945
1748.69,34.1,4.435
1749.69,33.33,2.0848
1750.69,74.58,2.2783
1751.69,89.91,2.428
1752.69,86.03,2.7152
1753.7,64.11,2.1211
1754.7,83.8,2.3088
1755.7,89.52,2.5506
1756.7,77.07,2.7962
1757.7,39.39,3.1217
1758.7,35.38,3.4634
1759.7,28.24,3.8138
1760.71,39.52,2.1101
1761.71,74.16,2.2817
1762.71,90.06,2.4302
1763.71,81.81,2.6708
1764.71,65.63,2.973
1765.71,75.62,3.1466
1766.71,53.32,2.1088
1767.71,82.45,2.284
1768.72,91.87,2.4742
1769.72,77.03,2.2505
1770.72,79.27,2.3592
1771.72,70.43,2.112
1772.72,83.85,2.2921
1773.72,81.56,2.0951
1774.72,81.94,2.3916
1775.73,92.53,2.5667
1776.73,88.12,2.8573
1777.73,81.61,3.1065
1778.73,79.96,3.3424
1779.73,76.67,3.5646
1780.73,76.32,3.7723
1781.73,80.06,4.0823
1782.74,46.3,4.4836
1783.74,38.34,4.9025
1784.74,25.87,5.3467
1785.74,25.57,5.8365
1786.74,28.01,6.3114
1787.74,28.46,6.7495
1788.75,33.79,7.1412
1789.75,25.19,7.1699
1790.75,25.25,7.2702
1791.75,25.32,7.2702
1792.75,26.05,7.2702
1793.75,25.7,7.2702
1794.76,27.32,7.2702
1795.76,25.36,7.2702
1796.76,25.29,7.2702
1797.76,25.31,7.2702
1798.76,30.56,7.3847
1799.76,26.55,7.417
1800.77,26.9,7.417
1801.77,25.82,7.417
1802.77,25.24,7.417
1803.77,25.33,7.417
1804.77,25.21,7.417
1805.77,25.33,7.417
1806.77,25.2,7.417
1807.78,30.46,7.417
1808.78,25.33,7.417
1809.78,25.22,7.417
1810.78,26.01,7.417
1811.78,25.56,7.417
1812.78,25.25,7.417
1813.79,26.27,7.417
1814.79,25.21,7.417
1815.79,29.29,7.4172
1816.79,25.41,7.4172
1817.79,25.22,7.4172
1818.79,25.35,7.4172
1819.79,25.2,7.4172
1820.8,25.2,7.4172
1821.8,25.3,7.4172
1822.8,25.28,7.4172
1823.8,29.64,7.4172
1824.8,25.28,7.4172
1825.8,25.2,7.4172
1826.81,25.32,7.4172
1827.81,25.21,7.4172
1828.81,25.19,7.4172
1829.81,25.3,7.4172
1830.81,25.2,7.4172
1831.81,25.31,7.4172
1832.81,30.25,7.5154
1833.82,25.2,7.5154
1834.82,25.33,7.5154
1835.82,25.2,7.5154
1836.82,25.19,7.5154
1837.82,25.33,7.5154
1838.82,25.19,7.5154
1839.82,25.23,7.5154
1840.83,25.32,7.8167
1841.83,25.19,8.2757
1842.83,30.7,8.8238
1843.83,29.09,8.8637
1844.83,25.21,8.8637
1845.83,25.19,8.8637
1846.83,25.3,8.8637
1847.84,25.21,8.8637
1848.84,25.3,8.8637
1849.84,25.2,8.8637
1850.84,25.2,8.8637
1851.84,25.31,8.8637
1852.84,25.26,8.8637
1853.85,25.48,8.864
1854.85,25.17,8.864
1855.85,25.12,8.864
1856.85,25.27,8.864
1857.85,25.19,8.864
1858.85,25.29,8.864
1859.86,25.18,8.864
1860.86,25.19,8.864
1861.86,25.29,8.864
1862.86,25.53,8.864
1863.86,25.4,8.8643
1864.86,25.19,8.8643
1865.86,25.19,8.8643
1866.87,25.29,8.8643
1867.87,25.21,8.8643
1868.87,25.23,8.8643
1869.87,25.21,8.8643
1870.87,25.19,8.8643
1871.87,25.23,8.8643
1872.88,25.17,8.8643
1873.88,25.33,8.8645
1874.88,25.19,8.8645
1875.88,25.19,8.8645
1876.88,25.29,8.8645
1877.88,25.2,8.8645
1878.89,25.31,8.8645
1879.89,25.2,8.8645
1880.89,25.19,8.8645
1881.89,25.32,8.8645
1882.89,25.23,8.8645
1883.89,25.26,8.8645
1884.89,25.3,8.8645
1885.9,25.19,8.8645
1886.9,25.29,8.8645
1887.9,25.2,8.8645
1888.9,25.16,8.8645
1889.9,25.29,8.8645
1890.9,25.19,8.8645
1891.91,25.29,8.8645
1892.91,25.34,8.8645
1893.91,25.26,8.8645
1894.91,25.24,8.865
1895.91,25.16,8.865
1896.91,25.27,8.865
1897.92,25.22,8.865
1898.92,25.19,8.865
1899.92,25.31,8.865
1900.92,25.19,8.865
1901.92,25.29,8.865
1902.92,25.28,8.865
1903.93,25.29,8.865
1904.93,25.27,8.865
1905.93,25.19,8.865
1906.93,25.31,8.865
1907.93,25.2,8.865
1908.93,25.2,8.865
1909.93,25.3,8.865
1910.94,25.19,8.865
1911.94,25.31,8.865
1912.94,25.4,8.865
1913.94,25.2,8.865
1914.94,25.34,8.865
1915.94,25.11,8.865
1916.95,25.47,8.865
1917.95,26.22,8.865
1918.95,27.97,8.865
1919.95,25.19,8.865
1920.95,25.19,8.865
1921.95,25.29,8.865
1922.96,25.5,8.865
1923.96,25.2,8.865
1924.96,25.34,8.8651
1925.96,25.19,8.8651
1926.96,25.29,8.8651
1927.96,25.32,8.8651
1928.97,25.27,8.8651
1929.97,25.25,8.8651
1930.97,25.15,8.8651
1931.97,25.28,8.8651
1932.97,25.23,8.8651
1933.97,25.25,8.8652
1934.97,25.29,8.8652
1935.98,25.19,8.8652
1936.98,25.3,8.8652
1937.98,25.2,8.8653
1938.98,25.33,8.8653
1939.98,25.15,8.8653
1940.98,25.12,8.8653
1941.99,25.24,8.8653
1942.99,25.16,8.8653
1943.99,25.13,8.8653
1944.99,25.3,8.8653
1945.99,25.13,8.8653
1946.99,25.11,8.8653
1947.99,25.26,8.8653
1948.99,25.14,8.8653
1950.0,25.19,8.8653
1951.0,25.3,8.8653
1952.0,25.19,8.8653
1953.0,25.33,8.8653
1954.0,25.19,8.8653
1955.0,25.17,8.8656
1956.01,25.23,8.8656
1957.01,25.13,8.8656
1958.01,25.62,8.8656
1959.01,25.2,8.8656
1960.01,25.21,8.8656
1961.01,25.29,8.8656
1962.02,25.2,8.8656
1963.02,25.33,8.8656
1964.02,25.22,8.8656
1965.02,25.2,8.8656
1966.02,25.31,8.8656
1967.02,25.19,8.8656
1968.03,25.31,8.8656
1969.03,25.2,8.8656
1970.03,25.19,8.8656
1971.03,25.28,8.8656
1972.03,25.19,8.8656
1973.03,25.34,8.8656
1974.03,25.13,8.8656
1975.04,25.12,8.8656
1976.04,25.28,8.8656
1977.04,25.17,8.8656
1978.04,25.23,8.8656
1979.04,25.12,8.8656
1980.04,25.12,8.8656
1981.05,25.22,8.8656
1982.05,25.15,8.8656
1983.05,25.28,8.8656
1984.05,25.12,8.8656
1985.05,25.12,8.8656
1986.05,25.22,8.8656
1987.06,25.25,8.8656
1988.06,25.26,8.8656
1989.06,25.16,8.8656
1990.06,25.39,8.8656
1991.06,25.19,8.8656
1992.06,25.2,8.8656
1993.07,25.32,8.8656
1994.07,25.2,8.8656
1995.07,25.29,8.8656
1996.07,25.19,8.8656
1997.07,25.21,8.8656
1998.07,25.39,8.8656
1999.07,25.2,8.8656
2000.08,25.19,8.8656
2001.08,25.3,8.8656
2002.08,25.2,8.8656
2003.08,25.34,8.8656
2004.08,25.26,8.8656
2005.08,25.19,8.8656
2006.09,25.29,8.8656
2007.09,25.19,8.8656
2008.09,25.34,8.8657
2009.09,25.19,8.8657
2010.09,25.2,8.8658
2011.09,25.29,8.8658
2012.1,25.19,8.8658
2013.1,25.33,8.8658
2014.1,25.2,8.8658
2015.1,25.28,8.8658
2016.1,25.19,8.8658
2017.1,25.19,8.8658
2018.11,25.3,8.8658
2019.11,25.24,8.8658
2020.11,25.35,8.8658
2021.11,25.18,8.8658
2022.11,25.29,8.8658
2023.12,25.29,8.8658
2024.12,25.19,8.8658
2025.12,25.29,8.8658
2026.12,25.22,8.8658
2027.12,25.2,8.8658
2028.12,26.51,8.8658
2029.12,25.21,8.889
2030.13,25.25,8.889
2031.13,25.16,8.889
2032.13,25.25,8.889
2033.13,25.22,8.889
2034.13,25.19,8.889
2035.13,25.28,8.889
2036.14,25.19,8.889
2037.14,25.29,8.889
2038.14,25.21,8.889
2039.14,25.2,8.889
2040.14,25.33,8.8891
2041.14,25.19,8.8891
2042.15,25.29,8.8891
2043.15,25.23,8.8891
2044.15,25.3,8.8891
2045.15,25.19,8.8891
2046.15,25.2,8.8893
2047.15,25.29,8.8893
2048.16,25.21,8.8893
2049.16,25.3,8.8893
2050.16,25.3,8.9112
2051.16,25.2,8.9112
2052.16,25.32,8.9112
2053.16,25.23,8.9112
2054.16,25.19,8.9112
2055.17,25.3,8.9112
2056.17,25.19,8.9112
2057.17,25.3,8.9112
2058.17,25.21,8.9112
2059.17,25.19,8.9112
2060.17,25.24,8.9112
2061.18,25.19,8.9112
2062.18,25.14,8.9112
2063.18,25.34,8.9112
2064.18,25.19,8.9112
2065.18,25.3,8.9112
2066.18,25.21,8.9112
2067.18,25.2,8.9112
2068.19,25.31,8.9112
2069.19,25.2,8.9112
2070.19,25.3,8.9112
2071.19,25.2,8.9112
2072.19,25.29,8.931
2073.19,25.33,8.931
2074.2,25.2,8.931
2075.2,25.3,8.931
2076.2,25.19,8.931
2077.2,25.29,8.931
2078.2,25.21,8.931
2079.2,25.19,8.931
2080.21,25.38,8.931
2081.21,25.14,8.931
2082.21,25.34,8.931
2083.21,25.4,8.931
2084.21,25.19,8.931
2085.21,25.32,8.931
2086.21,25.19,8.931
2087.22,25.19,8.931
2088.22,25.31,8.931
2089.22,25.2,8.931
2090.22,25.3,8.931
2091.22,25.19,8.931
2092.23,25.33,8.9502
2093.23,25.27,8.9502
2094.23,25.2,8.9502
2095.23,25.29,8.9502
2096.23,25.2,8.9502
2097.23,25.29,8.9502
2098.24,25.22,8.9503
2099.24,25.21,8.9503
2100.24,25.29,8.9503
2101.24,25.19,8.9503
2102.24,25.3,8.9503
2103.24,25.28,8.9503
2104.25,25.29,8.9503
2105.25,25.2,8.9503
2106.25,25.19,8.9503
2107.25,25.29,8.9503
2108.25,25.21,8.9503
2109.25,25.3,8.9503
2110.26,25.18,8.9503
2111.26,25.18,8.9503
2112.26,25.26,8.9503
2113.26,25.18,8.9503
2114.26,25.34,8.967
2115.26,25.19,8.967
2116.27,25.3,8.967
2117.27,25.19,8.967
2118.27,25.16,8.967
2119.27,25.22,8.967
2120.27,25.12,8.967
2121.27,25.12,8.967
2122.27,25.28,8.967
2123.28,25.23,8.967
2124.28,25.36,8.967
2125.28,25.19,8.967
2126.28,25.19,8.967
2127.28,25.3,8.967
2128.28,25.21,8.967
2129.29,25.29,8.967
2130.29,25.19,8.967
2131.29,25.19,8.967
2132.29,25.3,8.967
2133.29,25.24,8.967
2134.29,25.31,8.967
2135.29,25.23,8.9718
2136.3,25.19,8.9718
2137.3,25.29,8.9718
2138.3,25.35,8.9718
2139.3,25.31,8.9718
2140.3,25.19,8.9718
2141.31,25.3,8.9718
2142.31,25.19,8.9718
2143.31,25.24,8.9718
2144.31,25.29,8.9718
2145.31,25.29,8.9718
2146.31,25.29,8.9718
2147.32,25.2,8.9718
2148.32,25.21,8.9718
2149.32,25.3,8.9718
2150.32,25.2,8.9718
2151.32,25.29,8.9718
2152.32,25.27,8.9718
2153.33,25.33,8.9718
2154.33,25.2,8.9718
2155.33,25.2,8.9718
2156.33,25.33,8.9718
2157.33,25.2,8.9718
2158.33,25.31,8.9718
2159.34,25.2,8.9718
2160.34,25.23,8.9718
2161.34,25.12,8.9718
2162.34,25.12,8.9718
2163.34,25.74,8.9718
2164.34,25.13,8.9718
2165.35,25.22,8.9718
2166.35,25.16,8.9718
2167.35,25.14,8.9718
2168.35,25.26,8.9719
2169.35,25.13,8.9719
2170.35,25.23,8.9719
2171.36,25.13,8.9719
2172.36,25.29,8.9719
2173.36,25.23,8.9719
2174.36,25.19,8.9719
2175.36,25.3,8.9719
2176.36,25.16,8.9719
2177.37,25.29,8.9719
2178.37,25.24,8.972
2179.37,25.3,8.972
2180.37,25.21,8.972
2181.37,25.19,8.972
2182.37,25.24,8.972
2183.38,25.27,8.972
2184.38,25.21,8.972
2185.38,25.27,8.972
2186.38,25.18,8.972
2187.38,25.23,8.972
2188.38,25.14,8.972
2189.39,25.16,8.972
2190.39,25.22,8.972
2191.39,25.12,8.972
2192.39,25.3,8.972
2193.39,25.21,8.972
2194.39,25.19,8.972
2195.39,25.29,8.972
2196.4,25.19,8.972
2197.4,25.32,8.972
2198.4,25.19,8.972
2199.4,25.21,8.972
2200.4,25.33,8.9721
2201.4,25.19,8.9721
2202.41,25.3,8.9721
2203.41,25.21,8.9721
2204.41,25.19,8.9721
2205.41,25.29,8.9721
2206.41,25.19,8.9721
2207.41,25.3,8.9721
2208.42,25.19,8.9721
2209.42,25.29,8.9721
2210.42,25.2,8.9721
2211.42,25.22,8.9721
2212.42,25.3,8.9721
2213.42,25.22,8.9721
2214.43,25.3,8.9721
2215.43,25.19,8.9721
2216.43,25.29,8.9721
2217.43,25.2,8.9721
2218.43,25.19,8.9721
2219.43,25.29,8.9721
2220.44,25.19,8.9721
2221.44,25.19,8.9721
2222.44,25.41,8.9722
2223.44,25.22,8.9722
2224.44,25.3,8.9722
2225.44,25.2,8.9722
2226.45,25.3,8.9722
2227.45,25.2,8.9722
2228.45,25.19,8.9722
2229.45,25.33,8.9722
2230.45,25.18,8.9722
2231.45,25.3,8.9722
2232.46,25.25,8.9722
2233.46,25.39,8.9722
2234.46,25.19,8.9722
2235.46,25.21,8.9722
2236.46,25.3,8.9722
2237.46,25.21,8.9722
2238.46,25.12,8.9722
2239.47,25.23,8.9722
2240.47,25.19,8.9722
2241.47,25.29,8.9722
2242.47,25.25,8.9722
2243.47,25.47,8.9722
2244.48,25.2,8.9722
2245.48,25.21,8.9722
2246.48,25.24,8.9722
2247.48,25.16,8.9722
2248.48,25.29,8.9722
2249.48,25.2,8.9722
2250.48,25.19,8.9722
2251.49,25.29,8.9722
2252.49,25.23,8.9722
2253.49,25.28,8.9722
2254.49,25.3,8.9722
2255.49,25.2,8.9722
2256.49,25.26,8.9722
2257.5,25.17,8.9722
2258.5,25.2,8.9722
2259.5,25.2,8.9722
2260.5,25.17,8.9722
2261.5,25.28,8.9722
2262.5,25.14,8.9722
2263.51,25.74,8.9722
2264.51,25.17,8.9722
2265.51,25.14,8.9722
2266.51,25.29,8.9722
2267.51,25.21,8.9722
2268.51,25.29,8.9722
2269.52,25.2,8.9722
2270.52,25.13,8.9722
2271.52,25.23,8.9722
2272.52,25.13,8.9722
2273.52,25.3,8.9722
2274.52,25.19,8.9722
2275.52,25.2,8.9724
2276.53,25.22,8.9723
2277.53,25.17,8.9723
2278.53,25.29,8.9723
2279.53,25.18,8.9723
2280.53,25.2,8.9723
2281.53,25.29,8.9723
2282.54,25.2,8.9723
2283.54,25.32,8.9723
2284.54,25.19,8.9723
2285.54,25.24,8.9723
2286.54,25.29,8.9723
2287.54,25.2,8.9723
2288.55,25.27,8.9723
2289.55,25.2,8.9723
2290.55,25.19,8.9723
2291.55,25.29,8.9723
2292.55,25.2,8.9723
2293.55,25.32,8.9723
2294.56,25.2,8.9723
2295.56,25.29,8.9723
2296.56,25.3,8.9723
2297.56,25.15,8.9723
2298.56,25.23,8.9723
2299.56,25.13,8.9723
2300.57,25.27,8.9723
2301.57,25.17,8.9723
2302.57,25.3,8.9725
2303.57,25.21,8.9725
2304.57,25.13,8.9725
2305.57,25.24,8.9725
2306.58,25.19,8.9725
2307.58,25.26,8.9725
2308.58,25.18,8.9725
2309.58,25.19,8.9725
2310.58,25.29,8.9725
2311.58,25.19,8.9725
2312.59,25.3,8.9725
2313.59,25.22,8.9725
2314.59,25.29,8.9725
2315.59,25.19,8.9725
2316.59,25.2,8.9725
2317.59,25.33,8.9725
2318.6,25.21,8.9725
2319.6,25.19,8.9725
2320.6,25.26,8.9725
2321.6,25.12,8.9725
2322.6,25.27,8.9725
2323.6,25.27,8.9725
2324.61,25.29,8.9725
2325.61,25.19,8.9725
2326.61,25.2,8.9725
2327.61,25.31,8.9725
2328.61,25.17,8.9725
2329.61,25.29,8.9725
2330.62,25.2,8.9725
2331.62,25.2,8.9725
2332.62,25.3,8.9725
2333.62,25.22,8.9725
2334.62,25.31,8.9725
2335.62,25.19,8.9725
2336.62,25.19,8.9725
2337.63,25.29,8.9725
2338.63,25.19,8.9725
2339.63,25.34,8.9725
2340.63,25.18,8.9725
2341.63,25.21,8.9725
2342.63,25.3,8.9725
2343.64,25.21,8.9725
2344.64,25.21,8.9725
2345.64,25.29,8.9725
2346.64,25.19,8.9725
2347.64,25.2,8.9725
2348.64,25.29,8.9725
2349.64,25.2,8.9725
2350.65,25.36,8.9726
2351.65,25.2,8.9726
2352.65,25.21,8.9726
2353.65,25.32,8.9726
2354.65,25.19,8.9726
2355.65,25.21,8.9726
2356.65,25.29,8.9726
2357.66,25.2,8.9726
2358.66,25.31,8.9726
2359.66,25.19,8.9726
2360.66,25.19,8.9726
2361.66,25.34,8.9727
2362.66,25.23,8.9727
2363.67,25.3,8.9727
2364.67,25.2,8.9727
2365.67,25.2,8.9727
2366.67,25.3,8.9727
2367.67,25.21,8.9727
2368.67,25.32,8.9727
2369.67,25.2,8.9727
2370.68,25.2,8.9727
2371.68,25.29,8.9727
2372.68,25.33,8.9727
2373.68,25.19,8.9727
2374.68,25.29,8.9727
2375.68,25.2,8.9727
2376.69,25.3,8.9727
2377.69,26.17,8.9727
2378.69,25.19,8.9727
2379.69,25.3,8.9727
2380.69,25.19,8.9727
2381.69,25.31,8.9727
2382.69,25.23,8.9727
2383.7,25.24,8.9727
2384.7,26.65,8.9727
2385.7,25.2,8.9727
2386.7,25.31,8.9727
2387.7,25.21,8.9727
2388.7,25.2,8.9727
2389.71,25.3,8.9727
2390.71,25.2,8.9727
2391.71,25.31,8.9727
2392.71,25.24,8.9727
2393.71,25.2,8.9727
2394.71,25.34,8.9728
2395.72,25.2,8.9728
2396.72,25.31,8.9728
2397.72,25.23,8.9728
2398.72,25.2,8.9728
2399.72,25.3,8.9728
2400.72,25.2,8.9728
2401.72,25.21,8.9728
2402.73,25.33,8.9728
2403.73,25.2,8.9728
2404.73,25.21,8.9728
2405.73,25.34,8.9729
2406.73,25.2,8.9729
2407.73,25.3,8.9729
2408.74,25.2,8.9729
2409.74,25.26,8.9729
2410.74,25.3,8.9729
2411.74,25.2,8.9729
2412.74,25.57,8.9729
2413.74,25.2,8.9729
2414.75,25.3,8.9729
2415.75,25.23,8.9729
2416.75,25.19,8.9729
2417.75,25.31,8.9729
2418.75,25.2,8.9729
2419.75,25.31,8.9729
2420.75,25.2,8.9729
2421.76,25.2,8.9729
2422.76,25.39,8.9729
2423.76,25.14,8.9729
2424.76,25.25,8.9729
2425.76,25.14,8.9729
2426.76,25.18,8.9731
2427.77,25.27,8.9731
2428.77,25.18,8.9731
2429.77,25.29,8.9731
2430.77,25.19,8.9731
2431.77,25.19,8.9731
2432.77,25.51,8.9731
2433.78,25.18,8.9731
2434.78,25.28,8.9731
2435.78,25.18,8.9731
2436.78,25.27,8.9731
2437.78,25.23,8.9732
2438.78,25.19,8.9732
2439.79,25.32,8.9732
2440.79,25.21,8.9732
2441.79,25.19,8.9732
2442.79,25.33,8.9732
2443.79,25.19,8.9732
2444.79,25.31,8.9732
2445.79,25.19,8.9732
2446.8,25.16,8.9732
2447.8,25.5,8.9732
2448.8,25.17,8.9732
2449.8,25.2,8.9732
2450.8,25.29,8.9732
2451.8,25.13,8.9732
2452.81,25.27,8.9732
2453.81,25.2,8.9732
2454.81,25.19,8.9732
2455.81,25.29,8.9732
2456.81,25.2,8.9732
2457.81,25.31,8.9732
2458.81,25.23,8.974
2459.82,25.19,8.974
2460.82,25.28,8.974
2461.82,25.18,8.974
2462.82,25.33,8.974
2463.82,25.19,8.974
2464.82,25.19,8.974
2465.83,25.29,8.974
2466.83,25.19,8.974
2467.83,25.3,8.974
2468.83,25.23,8.974
2469.83,25.21,8.974
2470.83,25.29,8.974
2471.84,25.19,8.974
2472.84,25.27,8.974
2473.84,25.19,8.974
2474.84,25.29,8.974
2475.84,25.19,8.974
2476.84,25.19,8.974
2477.85,25.3,8.974
2478.85,25.19,8.974
2479.85,25.34,8.9756
2480.85,25.2,8.9756
2481.85,25.19,8.9756
2482.85,25.37,8.9756
2483.86,25.19,8.9756
2484.86,25.29,8.9756
2485.86,25.19,8.9756
2486.86,25.19,8.9756
2487.86,25.31,8.9756
2488.86,25.21,8.9756
2489.87,25.29,8.9757
2490.87,25.24,8.9759
2491.87,25.2,8.9759
2492.87,25.33,8.9759
2493.87,25.17,8.9759
2494.87,25.27,8.9759
2495.87,25.19,8.9759
2496.88,25.16,8.9759
2497.88,25.29,8.9759
2498.88,25.19,8.9759
2499.88,25.32,8.9759
2500.88,25.19,8.9759
2501.88,25.24,8.9768
2502.89,25.71,8.9768
2503.89,25.19,8.9768
2504.89,25.29,8.9768
2505.89,25.2,8.9768
2506.89,25.2,8.9768
2507.89,25.31,8.9768
2508.9,25.2,8.9768
2509.9,25.29,8.9768
2510.9,25.19,8.9768
2511.9,25.3,8.9768
2512.9,25.27,8.9768
2513.9,25.2,8.9768
2514.91,25.31,8.9768
2515.91,25.19,8.9768
2516.91,25.19,8.9768
2517.91,25.31,8.9768
2518.91,25.2,8.9768
2519.91,25.3,8.9768
2520.91,25.19,8.9768
2521.92,25.19,8.9768
2522.92,25.43,8.9779
2523.92,25.17,8.9779
2524.92,25.23,8.9779
2525.92,25.13,8.9779
2526.92,25.13,8.9779
2527.93,25.24,8.9779
2528.93,25.14,8.9779
2529.93,25.32,8.9779
2530.93,25.2,8.9779
2531.93,25.3,8.9779
2532.93,25.26,8.9781
2533.94,25.15,8.9781
2534.94,25.25,8.9781
2535.94,25.15,8.9781
2536.94,25.26,8.9781
2537.94,25.2,8.9781
2538.94,25.19,8.9781
2539.95,25.29,8.9781
2540.95,25.19,8.9781
2541.95,25.3,8.9781
2542.95,25.27,8.9781
2543.95,25.24,8.9784
2544.95,25.29,8.9784
2545.96,25.19,8.9784
2546.96,25.29,8.9784
2547.96,25.21,8.9784
2548.96,25.19,8.9784
2549.96,25.29,8.9784
2550.96,25.19,8.9784
2551.97,25.22,8.9784
2552.97,25.7,8.9784
2553.97,25.19,8.9784
2554.97,25.32,8.9785
2555.97,25.16,8.9785
2556.97,25.29,8.9785
2557.98,25.21,8.9785
2558.98,25.22,8.9785
2559.98,25.3,8.9785
2560.98,25.19,8.9785
2561.98,25.29,8.9785
2562.98,25.5,8.9785
2563.98,25.2,8.9785
2564.99,25.29,8.9785
2565.99,25.23,8.9794
2566.99,25.22,8.9794
2567.99,25.15,8.9794
2568.99,25.18,8.9794
2569.99,25.28,8.9794
2571.0,25.19,8.9794
2572.0,25.29,8.9794
2573.0,25.23,8.9794
2574.0,25.3,8.9794
2575.0,25.19,8.9794
2576.0,25.19,8.9794
2577.01,25.29,8.9796
2578.01,25.14,8.9796
2579.01,27.44,8.9796
2580.01,38.86,8.9796
2581.01,25.29,8.9796
2582.01,25.32,8.9796
2583.02,25.22,8.9796
2584.02,25.29,8.9796
2585.02,25.22,8.9796
2586.02,25.29,8.9796
2587.02,25.18,8.9796
2588.02,25.19,8.9796
2589.03,25.3,8.9796
2590.03,25.16,8.9796
2591.03,25.29,8.9796
2592.03,25.18,8.9796
2593.03,25.21,8.9796
2594.03,25.29,8.9796
2595.04,25.18,8.9796
2596.04,25.39,8.9796
2597.04,25.17,8.9796
2598.04,25.2,8.9796
2599.04,25.92,8.9796
2600.04,25.17,8.9796
2601.05,25.27,8.9796
2602.05,25.17,8.9796
2603.05,25.55,8.9796
2604.05,25.29,8.9796
2605.05,25.17,8.9796
2606.05,25.23,8.9796
2607.05,25.29,8.9796
2608.05,25.22,8.9796
2609.06,26.25,8.9796
2610.06,25.33,8.9796
2611.06,26.57,8.9796
2612.06,25.17,8.9796
2613.06,25.39,8.9796
2614.06,25.17,8.9796
2615.07,25.27,8.9796
2616.07,25.38,8.9796
2617.07,25.17,8.9796
2618.07,25.29,8.9796
2619.07,25.15,8.9796
2620.07,25.29,8.9796
2621.07,25.18,8.9796
2622.08,25.18,8.9796
2623.08,25.25,8.9796
2624.08,25.12,8.9796
2625.08,25.23,8.9796
2626.08,25.12,8.9796
2627.08,25.12,8.9796
2628.09,25.26,8.9796
2629.09,25.16,8.9796
2630.09,25.27,8.9796
2631.09,25.12,8.9796
2632.09,25.13,8.9796
2633.09,25.24,8.9796
2634.1,25.12,8.9796
2635.1,25.21,8.9796
2636.1,25.11,8.9796
2637.1,25.11,8.9796
2638.1,25.22,8.9796
2639.1,25.12,8.9796
2640.1,25.19,8.9798
2641.11,25.23,8.9798
2642.11,25.11,8.9798
2643.11,25.24,8.9798
2644.11,25.12,8.9798
2645.11,25.13,8.9798
2646.11,25.28,8.9798
2647.12,25.18,8.9798
2648.12,25.28,8.9798
2649.12,25.17,8.9798
2650.12,25.21,8.9798
2651.12,25.25,8.9798
2652.12,25.12,8.9798
2653.13,25.25,8.9798
2654.13,25.12,8.9798
2655.13,25.12,8.9798
2656.13,25.22,8.9798
2657.13,25.11,8.9798
2658.13,25.22,8.9798
2659.14,25.16,8.9798
2660.14,25.17,8.9798
2661.14,25.28,8.9798
2662.14,25.12,8.9798
2663.14,25.25,8.9798
2664.14,25.15,8.9798
2665.14,25.17,8.9798
2666.15,25.28,8.9798
2667.15,25.17,8.9798
2668.15,25.28,8.9798
2669.15,25.17,8.9798
2670.15,25.18,8.9798
2671.15,25.27,8.9798
2672.16,25.17,8.9798
2673.16,25.3,8.9798
2674.16,25.17,8.9798
2675.16,25.13,8.9798
2676.16,25.21,8.9798
2677.16,25.11,8.9798
2678.17,25.22,8.9798
2679.17,25.12,8.9798
2680.17,25.15,8.9798
2681.17,25.24,8.9798
2682.17,25.16,8.9798
2683.17,25.25,8.9798
2684.17,25.12,8.9798
2685.18,25.12,8.9798
2686.18,25.28,8.9798
2687.18,25.13,8.9798
2688.18,25.27,8.9798
2689.18,25.12,8.9798
2690.18,25.12,8.9798
2691.19,25.22,8.9798
2692.19,25.12,8.9798
2693.19,25.25,8.9798
2694.19,25.12,8.9798
2695.19,25.12,8.9798
2696.19,25.28,8.9798
2697.19,25.19,8.9798
2698.2,25.18,8.9798
2699.2,25.78,8.9798
2700.2,25.12,8.9798
2701.2,25.22,8.9798
2702.2,25.11,8.9798
2703.2,25.15,8.9798
2704.21,25.27,8.9798
2705.21,25.17,8.9798
2706.21,25.23,8.9798
2707.21,25.13,8.9798
2708.21,25.18,8.9798
2709.21,25.27,8.9798
2710.21,25.21,8.9798
2711.22,25.19,8.9798
2712.22,25.17,8.9798
2713.22,25.32,8.9798
2714.22,25.18,8.9798
2715.22,25.28,8.9798
2716.22,25.17,8.9798
2717.22,25.13,8.9798
2718.23,25.24,8.9798
2719.23,25.11,8.9798
2720.23,25.14,8.9798
2721.23,25.28,8.9798
2722.23,25.17,8.9798
2723.23,25.31,8.9798
2724.23,25.17,8.9798
2725.24,25.15,8.9798
2726.24,25.22,8.9798
2727.24,25.12,8.9798
2728.24,25.22,8.9798
2729.24,25.12,8.9797
2730.24,25.11,8.9797
2731.25,25.23,8.9797
2732.25,25.11,8.9797
2733.25,25.26,8.9798
2734.25,25.17,8.9798
2735.25,25.17,8.9798
2736.25,25.27,8.9798
2737.26,25.17,8.9798
2738.26,25.24,8.9798
2739.26,25.12,8.9798
2740.26,25.12,8.9798
2741.26,25.29,8.9798
2742.26,25.12,8.9798
2743.26,25.19,8.9798
2744.27,25.27,8.9798
2745.27,25.17,8.9798
2746.27,25.28,8.9798
2747.27,25.17,8.9798
2748.27,25.17,8.9798
2749.27,25.22,8.9798
2750.28,25.11,8.9798
2751.28,25.13,8.9798
2752.28,25.22,8.9798
2753.28,25.15,8.9798
2754.28,25.12,8.9798
2755.28,25.27,8.9798
2756.28,25.18,8.9798
2757.29,25.22,8.9798
2758.29,25.12,8.9798
2759.29,25.12,8.9798
2760.29,25.21,8.9798
2761.29,25.13,8.9798
2762.29,25.27,8.9798
2763.29,25.21,8.9798
2764.3,25.18,8.9798
2765.3,25.27,8.9798
2766.3,25.17,8.9798
2767.3,25.17,8.9798
2768.3,25.27,8.9798
2769.3,25.17,8.9798
2770.31,25.24,8.9798
2771.31,25.14,8.9798
2772.31,25.14,8.9798
2773.31,25.3,8.9798
2774.31,25.14,8.9798
2775.31,25.59,8.9816
2776.31,25.26,8.9816
2777.31,25.17,8.9816
2778.32,25.13,8.9816
2779.32,25.28,8.9816
2780.32,25.18,8.9816
2781.32,25.22,8.9816
2782.32,25.11,8.9816
2783.32,25.15,8.9816
2784.33,25.23,8.9816
2785.33,25.12,8.9816
2786.33,25.22,8.9816
2787.33,27.11,8.9816
2788.33,25.16,8.9816
2789.33,25.29,8.9816
2790.33,25.15,8.9816
2791.34,25.18,8.9817
2792.34,25.29,8.9817
2793.34,25.2,8.9817
2794.34,25.18,8.9817
2795.34,25.21,8.9817
2796.34,25.11,8.9817
2797.35,25.27,8.9817
2798.35,25.18,8.9817
2799.35,25.17,8.9817
2800.35,25.28,8.9817
2801.35,25.17,8.9817
2802.35,25.22,8.9817
2803.35,25.18,8.9817
2804.36,25.17,8.9817
2805.36,25.27,8.9817
2806.36,25.18,8.9817
2807.36,25.17,8.9817
2808.36,25.28,8.9817
2809.36,25.18,8.9817
2810.37,25.27,8.9817
2811.37,25.17,8.9817
2812.37,25.17,8.9817
2813.37,25.31,8.9817
2814.37,25.2,8.9817
2815.37,25.17,8.9817
2816.37,25.27,8.9817
2817.38,25.18,8.9817
2818.38,25.28,8.9817
2819.38,25.18,8.9817
2820.38,25.14,8.9817
2821.38,25.24,8.9817
2822.38,25.16,8.9817
2823.39,25.26,8.9817
2824.39,25.11,8.9817
2825.39,25.91,8.9817
2826.39,25.21,8.9817
2827.39,25.12,8.9817
2828.39,25.22,8.9817
2829.4,25.19,8.9817
2830.4,25.18,8.9817
2831.4,25.3,8.9817
2832.4,25.18,8.9817
2833.4,25.15,8.9817
2834.4,25.28,8.9817
2835.4,25.2,8.9817
2836.4,25.18,8.9817
2837.41,25.29,8.9817
2838.41,25.19,8.9817
2839.41,25.29,8.9817
2840.41,25.12,8.9817
2841.41,25.17,8.9817
2842.41,25.28,8.9817
2843.41,25.17,8.9817
2844.42,25.19,8.9817
2845.42,25.28,8.9817
2846.42,25.17,8.9817
2847.42,25.2,8.9817
2848.42,25.19,8.9817
2849.42,25.28,8.9817
2850.42,25.12,8.9817
2851.42,25.15,8.9817
2852.43,25.22,8.9817
2853.43,25.18,8.9817
2854.43,25.16,8.9817
2855.43,25.26,8.9817
2856.43,25.14,8.9817
2857.43,25.27,8.9817
2858.44,25.12,8.9817
2859.44,25.15,8.9817
2860.44,25.21,8.9817
2861.44,25.11,8.9817
2862.44,25.23,8.9817
2863.44,25.18,8.9817
2864.44,25.17,8.9817
2865.45,25.28,8.9817
2866.45,25.18,8.9817
2867.45,25.17,8.9817
2868.45,25.25,8.9817
2869.45,25.18,8.9817
2870.45,25.27,8.9817
2871.45,25.18,8.9817
2872.46,25.19,8.9817
2873.46,25.29,8.9817
2874.46,25.18,8.9817
2875.46,25.27,8.9817
2876.46,25.17,8.9817
2877.46,25.18,8.9817
2878.47,25.27,8.9817
2879.47,25.17,8.9817
2880.47,25.27,8.9817
2881.47,25.17,8.9817
2882.47,25.18,8.9817
2883.47,25.28,8.9817
2884.48,25.18,8.9817
2885.48,25.19,8.9817
2886.48,25.27,8.9817
2887.48,25.18,8.9817
2888.48,25.27,8.9817
2889.48,25.13,8.9817
2890.48,25.13,8.9817
2891.49,25.27,8.9817
2892.49,25.13,8.9817
2893.49,25.23,8.9817
2894.49,25.12,8.9817
2895.49,25.14,8.9817
2896.49,25.24,8.9817
2897.5,25.16,8.9817
2898.5,25.28,8.9817
2899.5,25.17,8.9817
2900.5,25.11,8.9817
2901.5,25.21,8.9817
2902.5,25.17,8.9817
2903.5,25.2,8.9817
2904.51,25.28,8.9817
2905.51,25.18,8.9817
2906.51,25.21,8.9817
2907.51,25.12,8.9817
2908.51,25.11,8.9817
2909.51,25.22,8.9817
2910.52,25.14,8.9817
2911.52,25.27,8.9818
2912.52,25.18,8.9818
2913.52,25.19,8.9818
2914.52,25.28,8.9818
2915.52,25.18,8.9818
2916.53,25.28,8.9818
2917.53,25.19,8.9818
2918.53,25.17,8.9818
2919.53,25.29,8.9818
2920.53,25.16,8.9818
2921.53,25.21,8.9818
2922.53,25.16,8.9818
2923.54,25.19,8.9818
2924.54,25.28,8.9818
2925.54,25.17,8.9818
2926.54,25.27,8.9818
2927.54,25.16,8.9818
2928.54,25.17,8.9818
2929.55,25.27,8.9818
2930.55,25.18,8.9818
2931.55,25.18,8.9818
2932.55,25.25,8.9818
2933.55,25.14,8.9818
2934.55,25.23,8.9818
2935.56,25.15,8.9818
2936.56,25.14,8.9818
2937.56,25.27,8.9818
2938.56,25.17,8.9818
2939.56,25.27,8.9818
2940.56,25.12,8.9818
2941.56,25.16,8.9818
2942.57,25.28,8.9818
2943.57,25.19,8.9818
2944.57,25.19,8.9818
2945.57,25.27,8.9818
2946.57,25.16,8.9818
2947.57,25.29,8.9818
2948.57,25.11,8.9818
2949.58,25.16,8.9818
2950.58,25.27,8.9818
2951.58,25.17,8.9818
2952.58,25.18,8.9818
2953.58,25.29,8.9818
2954.58,25.17,8.9818
2955.59,25.27,8.9818
2956.59,25.17,8.9818
2957.59,25.18,8.9818
2958.59,25.27,8.9818
2959.59,25.18,8.9818
2960.59,25.28,8.9818
2961.59,25.17,8.9818
2962.6,25.19,8.9818
2963.6,25.3,8.9818
2964.6,25.17,8.9818
2965.6,25.18,8.9818
2966.6,25.27,8.9818
2967.6,25.18,8.9818
2968.61,25.17,8.9818
2969.61,25.27,8.9818
2970.61,25.18,8.9818
2971.61,25.28,8.9818
2972.61,25.18,8.9818
2973.61,25.19,8.9818
2974.61,82.0,2.2664
2975.61,85.12,2.4758
2976.62,89.96,2.7058
2977.62,81.78,2.9568
2978.62,79.43,3.2589
2979.62,77.19,3.5457
2980.62,77.72,3.8038
2981.62,62.72,4.2105
2982.62,39.19,4.6759
2983.63,43.15,5.1716
2984.63,32.94,5.646
2985.63,28.88,6.1324
2986.63,25.69,6.6285
2987.63,33.86,7.1386
2988.63,27.01,7.1907
2989.64,28.65,7.2363
2990.64,25.58,7.271
2991.64,25.3,7.271
2992.64,25.67,7.271
2993.64,25.32,7.271
2994.64,25.2,7.271
2995.65,25.36,7.271
2996.65,25.21,7.271
2997.65,30.55,7.4198
2998.65,25.23,7.4198
2999.65,25.21,7.4198
3000.65,25.35,7.4198
3001.66,25.21,7.4198
3002.66,30.12,7.4198
3003.66,26.2,7.4198
3004.66,25.21,7.4198
3005.66,30.45,7.4204
3006.66,25.81,7.4204
3007.67,26.1,7.4206
3008.67,25.19,7.4206
3009.67,25.41,7.4206
3010.67,25.3,7.4206
3011.67,25.21,7.4206
3012.67,25.38,7.4206
3013.67,30.47,7.4206
3014.68,25.28,7.4206
3015.68,25.25,7.4206
3016.68,25.13,7.4206
3017.68,25.25,7.4206
3018.68,25.24,7.4206
3019.69,25.19,7.4206
3020.69,25.29,7.4206
3021.69,29.41,7.4207
3022.69,25.33,7.4207
3023.69,25.19,7.4207
3024.69,25.29,7.4207
3025.69,25.19,7.4207
3026.7,25.2,7.4208
3027.7,25.31,7.4208
3028.7,25.19,7.4208
3029.7,30.31,7.5214
3030.7,25.32,7.5214
3031.7,25.19,7.5214
3032.71,25.43,7.5214
3033.71,25.18,7.5214
3034.71,25.21,7.5214
3035.71,25.29,7.5214
3036.71,25.18,7.5214
3037.71,25.35,7.7599
3038.71,25.2,8.2461
3039.72,25.21,8.7274
3040.72,34.72,8.8614
3041.72,25.2,8.8614
3042.72,25.27,8.8614
3043.72,25.19,8.8614
3044.72,25.19,8.8614
3045.73,25.29,8.8614
3046.73,25.2,8.8614
3047.73,25.31,8.8614
3048.73,25.14,8.8614
3049.73,25.24,8.8614
3050.74,25.18,8.8615
3051.74,25.11,8.8615
3052.74,25.32,8.8615
3053.74,25.12,8.8615
3054.74,26.79,8.8615
3055.74,26.65,8.8615
3056.75,28.01,8.8615
3057.75,25.18,8.8615
3058.75,25.13,8.8615
3059.75,25.23,8.8615
3060.75,25.12,8.8615
3061.75,25.34,8.8615
3062.76,25.15,8.8615
3063.76,25.13,8.8615
3064.76,25.28,8.8615
3065.76,25.18,8.8615
3066.76,25.29,8.8615
3067.76,25.21,8.8615
3068.77,25.29,8.8615
3069.77,25.2,8.8615
3070.77,25.16,8.8615
3071.77,25.3,8.8619
3072.77,25.16,8.8619
3073.77,25.23,8.8619
3074.78,25.18,8.8619
3075.78,25.21,8.8619
3076.78,25.3,8.8619
3077.78,25.21,8.8619
3078.78,25.3,8.8619
3079.78,25.2,8.8619
3080.78,25.27,8.8619
3081.79,25.29,8.8619
3082.79,25.28,8.8619
3083.79,25.29,8.8619
3084.79,25.19,8.8619
3085.79,25.3,8.8619
3086.79,25.18,8.8619
3087.8,25.17,8.8619
3088.8,25.23,8.8619
3089.8,25.13,8.8619
3090.8,25.23,8.8619
3091.8,25.13,8.8619
3092.81,25.27,8.8619
3093.81,25.13,8.8619
3094.81,25.17,8.8619
3095.81,25.26,8.8619
3096.81,25.15,8.8619
3097.81,25.24,8.8619
3098.82,25.13,8.8619
3099.82,25.14,8.8619
3100.82,25.26,8.8619
3101.82,25.14,8.8619
3102.82,25.26,8.8619
3103.82,25.16,8.8619
3104.83,25.28,8.8619
3105.83,25.52,8.8619
3106.83,25.19,8.8619
3107.83,25.73,8.8619
3108.83,25.2,8.8619
3109.83,25.29,8.8619
3110.83,25.2,8.8619
3111.84,25.22,8.8619
3112.84,25.37,8.8619
3113.84,25.19,8.8619
3114.84,25.19,8.8619
3115.84,25.29,8.8619
3116.84,25.31,8.8623
3117.85,25.31,8.8623
3118.85,25.19,8.8623
3119.85,25.2,8.8623
3120.85,25.3,8.8623
3121.85,25.2,8.8623
3122.85,25.33,8.8623
3123.86,25.2,8.8623
3124.86,25.2,8.8623
3125.86,25.3,8.8623
3126.86,25.2,8.8623
3127.86,25.35,8.8624
3128.86,25.19,8.8624
3129.86,25.18,8.8624
3130.87,25.27,8.8624
3131.87,25.16,8.8624
3132.87,25.28,8.8624
3133.87,25.13,8.8624
3134.87,25.24,8.8624
3135.87,25.13,8.8624
3136.88,25.13,8.8624
3137.88,25.27,8.8624
3138.88,25.15,8.8624
3139.88,25.18,8.8624
3140.88,25.25,8.8624
3141.88,25.15,8.8624
3142.88,25.56,8.8624
3143.89,25.22,8.8624
3144.89,25.13,8.8624
3145.89,25.23,8.8624
3146.89,25.13,8.8624
3147.89,25.15,8.8624
3148.89,25.24,8.8624
3149.9,25.18,8.8624
3150.9,25.32,8.8624
3151.9,25.64,8.8624
3152.9,25.22,8.8624
3153.9,25.3,8.8624
3154.9,25.19,8.8624
3155.91,25.28,8.8624
3156.91,25.19,8.8624
3157.91,25.19,8.8624
3158.91,25.29,8.8624
3159.91,25.2,8.8624
3160.91,25.29,8.8624
3161.91,25.23,8.8625
3162.92,25.2,8.8625
3163.92,25.27,8.8625
3164.92,25.19,8.8625
3165.92,25.3,8.8625
3166.92,25.21,8.8625
3167.92,25.21,8.8625
3168.93,25.3,8.8625
3169.93,25.19,8.8625
3170.93,25.29,8.8625
3171.93,25.2,8.8625
3172.93,25.22,8.8625
3173.93,25.34,8.8625
3174.94,25.18,8.8625
3175.94,25.25,8.8625
3176.94,25.12,8.8626
3177.94,25.13,8.8626
3178.94,25.23,8.8626
3179.94,25.12,8.8626
3180.94,25.12,8.8626
3181.95,25.24,8.8626
3182.95,25.21,8.8626
3183.95,25.29,8.8626
3184.95,25.18,8.8626
3185.95,25.23,8.8626
3186.95,25.3,8.8626
3187.95,25.17,8.8626
3188.96,25.2,8.8626
3189.96,25.29,8.8626
3190.96,25.18,8.8626
3191.96,25.18,8.8626
3192.96,25.43,8.8626
3193.96,25.21,8.8627
3194.96,25.18,8.8627
3195.97,25.27,8.8627
3196.97,25.32,8.8627
3197.97,25.28,8.8627
3198.97,25.14,8.8627
3199.97,42.85,8.8627
3200.97,28.19,8.8627
3201.98,29.56,8.8627
3202.98,25.53,8.8627
3203.98,25.18,8.8627
3204.98,25.26,8.8627
3205.98,25.19,8.8627
3206.98,25.19,8.8627
3207.99,25.3,8.8627
3208.99,25.2,8.8627
3209.99,25.29,8.8627
3210.99,26.68,8.8627
3211.99,25.14,8.8628
3212.99,25.33,8.8628
3214.0,25.2,8.8628
3215.0,25.29,8.8628
3216.0,25.14,8.8628
3217.0,25.13,8.8628
3218.0,25.55,8.8628
3219.0,25.16,8.8628
3220.01,25.41,8.8628
3221.01,25.16,8.8628
3222.01,25.26,8.8628
3223.01,25.21,8.8628
3224.01,25.18,8.8628
3225.01,25.28,8.8628
3226.02,25.14,8.8628
3227.02,25.22,8.8628
3228.02,25.15,8.8628
3229.02,25.15,8.8628
3230.02,25.25,8.8628
3231.02,25.13,8.8628
3232.03,25.24,8.8628
3233.03,25.18,8.8628
3234.03,25.11,8.8628
3235.03,25.21,8.8628
3236.03,25.11,8.8628
3237.03,25.25,8.8628
3238.03,25.13,8.8628
3239.04,25.1,8.8628
3240.04,25.21,8.8628
3241.04,25.11,8.8628
3242.04,25.21,8.8628
3243.04,25.14,8.8628
3244.04,25.15,8.8628
3245.05,25.28,8.8628
3246.05,25.18,8.8628
3247.05,25.22,8.8628
3248.05,25.37,8.8628
3249.05,25.18,8.8628
3250.05,25.29,8.8628
3251.05,25.17,8.8628
3252.06,25.17,8.8628
3253.06,25.32,8.8628
3254.06,25.18,8.8628
3255.06,25.28,8.8628
3256.06,25.18,8.8628
3257.06,25.18,8.8628
3258.07,25.29,8.8628
3259.07,25.17,8.8628
3260.07,25.27,8.8628
3261.07,25.17,8.8628
3262.07,25.18,8.8628
3263.07,25.31,8.8628
3264.08,25.18,8.8628
3265.08,25.28,8.8628
3266.08,25.18,8.8628
3267.08,25.18,8.8628
3268.08,25.29,8.8628
3269.08,25.19,8.8628
3270.08,25.18,8.8628
3271.09,25.27,8.8628
3272.09,25.18,8.8628
3273.09,25.31,8.8628
3274.09,25.19,8.8628
3275.09,25.18,8.8628
3276.09,25.27,8.8628
3277.1,25.18,8.8628
3278.1,25.29,8.8628
3279.1,25.61,8.8628
3280.1,25.19,8.8628
3281.1,25.28,8.8628
3282.1,25.18,8.8628
3283.11,25.31,8.8628
3284.11,25.18,8.8628
3285.11,25.12,8.8628
3286.11,25.28,8.8628
3287.11,25.19,8.8629
3288.11,25.29,8.8629
3289.11,25.15,8.8629
3290.12,25.51,8.8629
3291.12,25.21,8.8629
3292.12,25.15,8.8629
3293.12,25.31,8.8629
3294.12,25.18,8.8629
3295.12,25.19,8.8629
3296.13,25.29,8.8629
3297.13,25.18,8.8629
3298.13,25.18,8.8629
3299.13,25.28,8.8629
3300.13,25.18,8.8629
3301.13,25.29,8.8629
3302.13,25.18,8.8629
3303.14,25.21,8.8629
3304.14,25.3,8.8629
3305.14,25.19,8.8629
3306.14,25.17,8.8629
3307.14,25.27,8.8629
3308.14,25.18,8.8629
3309.14,25.18,8.8629
3310.15,25.32,8.8629
3311.15,25.19,8.8629
3312.15,25.18,8.8629
3313.15,25.31,8.8629
3314.15,25.17,8.8629
3315.15,25.17,8.8629
3316.15,25.2,8.8629
3317.15,25.28,8.8629
3318.16,25.19,8.8629
3319.16,25.3,8.8629
3320.16,25.18,8.8629
3321.16,25.18,8.8629
3322.16,25.3,8.8629
3323.16,25.21,8.8629
3324.16,25.18,8.8629
3325.17,25.3,8.8629
3326.17,25.18,8.8629
3327.17,25.18,8.8629
3328.17,25.28,8.8629
3329.17,25.16,8.8629
3330.17,25.22,8.8629
3331.18,25.15,8.8629
3332.18,25.12,8.8629
3333.18,25.32,8.8629
3334.18,25.17,8.8629
3335.18,25.17,8.8629
3336.18,25.29,8.8629
3337.18,25.17,8.8629
3338.18,25.19,8.8629
3339.19,25.27,8.8629
3340.19,25.18,8.8629
3341.19,25.27,8.8629
3342.19,25.16,8.8629
3343.19,25.18,8.8629
3344.19,25.27,8.8629
3345.2,25.17,8.8629
3346.2,25.27,8.8629
3347.2,25.17,8.8629
3348.2,25.12,8.8629
3349.2,25.24,8.8629
3350.2,25.18,8.8629
3351.21,25.27,8.8629
3352.21,25.18,8.8629
3353.21,25.2,8.8629
3354.21,25.26,8.8629
3355.21,25.17,8.8629
3356.21,25.17,8.8629
3357.21,25.28,8.8629
3358.22,25.19,8.8629
3359.22,25.28,8.8629
3360.22,25.17,8.8629
3361.22,25.17,8.8629
3362.22,25.36,8.8629
3363.22,25.21,8.8629
3364.23,25.28,8.8629
3365.23,25.17,8.8629
3366.23,25.17,8.8629
3367.23,25.27,8.8629
3368.23,25.19,8.8629
3369.23,25.23,8.8629
3370.23,25.12,8.8629
3371.24,25.11,8.8629
3372.24,25.22,8.8629
3373.24,25.15,8.8629
3374.24,25.24,8.8629
3375.24,25.14,8.8629
3376.24,25.17,8.8629
3377.25,25.29,8.8629
3378.25,25.18,8.863
3379.25,25.17,8.863
3380.25,25.22,8.863
3381.25,25.11,8.863
3382.25,25.22,8.863
3383.25,25.15,8.863
3384.26,25.13,8.863
3385.26,25.25,8.863
3386.26,25.17,8.863
3387.26,25.27,8.863
3388.26,25.18,8.863
3389.26,25.16,8.863
3390.27,25.21,8.863
3391.27,25.11,8.863
3392.27,25.22,8.863
3393.27,25.14,8.863
3394.27,25.12,8.863
3395.27,25.22,8.863
3396.28,25.13,8.863
3397.28,25.17,8.863
3398.28,25.28,8.8632
3399.28,25.18,8.8632
3400.28,25.28,8.8632
3401.28,25.18,8.8632
3402.28,25.17,8.8632
3403.29,25.3,8.8632
3404.29,25.18,8.8632
3405.29,25.28,8.8632
3406.29,25.18,8.8632
3407.29,25.17,8.8632
3408.29,25.29,8.8632
3409.3,25.18,8.8632
3410.3,25.28,8.8632
3411.3,25.17,8.8632
3412.3,25.18,8.8632
3413.3,25.29,8.8632
3414.3,25.19,8.8632
3415.3,25.18,8.8632
3416.31,25.28,8.8632
3417.31,25.18,8.8632
3418.31,25.28,8.8632
3419.31,25.19,8.8632
3420.31,25.14,8.8632
3421.31,25.22,8.8632
3422.31,25.41,8.8641
3423.32,25.39,8.8643
3424.32,25.22,8.8643
3425.32,25.12,8.8643
3426.32,25.22,8.8643
3427.32,25.12,8.8643
3428.32,25.13,8.8644
3429.33,25.23,8.8644
3430.33,25.12,8.8644
3431.33,25.12,8.8644
3432.33,25.22,8.8644
3433.33,25.16,8.8644
3434.33,25.28,8.8644
3435.34,25.12,8.8644
3436.34,25.78,8.8644
3437.34,25.22,8.8644
3438.34,25.18,8.8644
3439.34,25.26,8.8644
3440.34,25.12,8.8644
3441.34,25.17,8.8644
3442.35,25.29,8.8644
3443.35,25.2,8.8644
3444.35,25.14,8.8644
3445.35,25.24,8.8644
3446.35,25.18,8.8644
3447.35,25.18,8.8644
3448.35,25.28,8.8645
3449.35,25.17,8.8645
3450.36,25.17,8.8645
3451.36,25.26,8.8645
3452.36,25.11,8.8645
3453.36,25.28,8.8645
3454.36,25.17,8.8645
3455.36,25.17,8.8645
3456.37,25.28,8.8645
3457.37,25.11,8.8645
3458.37,25.13,8.8645
3459.37,25.24,8.8645
3460.37,25.18,8.8645
3461.37,25.28,8.8645
3462.38,25.14,8.8645
3463.38,25.16,8.8645
3464.38,25.23,8.8645
3465.38,25.18,8.8645
3466.38,25.22,8.8645
3467.38,25.13,8.8645
3468.38,25.18,8.8645
3469.39,25.28,8.8645
3470.39,25.14,8.8645
3471.39,25.12,8.8645
3472.39,25.23,8.8646
3473.39,25.15,8.8646
3474.39,25.28,8.8646
3475.4,25.16,8.8646
3476.4,25.11,8.8646
3477.4,25.28,8.8646
3478.4,25.12,8.8646
3479.4,25.26,8.8646
3480.4,25.17,8.8646
3481.4,25.17,8.8646
3482.41,25.28,8.8646
3483.41,25.19,8.8646
3484.41,25.28,8.8646
3485.41,25.17,8.8646
3486.41,25.19,8.8646
3487.41,25.3,8.8646
3488.41,25.18,8.8646
3489.42,25.19,8.8646
3490.42,25.28,8.8646
3491.42,25.18,8.8646
3492.42,25.29,8.8647
3493.42,25.18,8.8647
3494.42,25.18,8.8647
3495.43,25.27,8.8647
3496.43,25.18,8.8647
3497.43,25.18,8.8647
3498.43,25.27,8.8647
3499.43,25.17,8.8647
3500.43,25.27,8.8647
3501.44,25.17,8.8647
3502.44,25.19,8.8647
3503.44,25.29,8.8647
3504.44,25.18,8.8647
3505.44,25.18,8.8647
3506.44,25.28,8.8647
3507.44,25.19,8.8647
3508.45,25.29,8.8647
3509.45,25.18,8.8647
3510.45,25.16,8.8647
3511.45,25.26,8.8647
3512.45,25.17,8.8649
3513.45,25.19,8.8649
3514.45,25.28,8.8649
3515.46,25.17,8.8649
3516.46,25.27,8.8649
3517.46,25.19,8.8649
3518.46,25.17,8.8649
3519.46,25.38,8.8649
3520.46,25.17,8.8649
3521.47,25.28,8.8649
3522.47,25.19,8.8649
3523.47,25.19,8.8649
3524.47,25.27,8.8649
3525.47,25.18,8.8649
3526.47,25.14,8.8649
3527.47,25.23,8.8649
3528.48,25.12,8.8649
3529.48,25.15,8.8649
3530.48,25.22,8.8649
3531.48,25.12,8.8649
3532.48,25.23,8.865
3533.48,25.8,8.865
3534.48,25.16,8.865
3535.49,25.27,8.865
3536.49,25.15,8.865
3537.49,25.14,8.865
3538.49,25.25,8.865
3539.49,25.16,8.865
3540.49,25.25,8.865
3541.5,25.12,8.865
3542.5,25.13,8.865
3543.5,25.24,8.865
3544.5,25.12,8.865
3545.5,25.22,8.865
3546.5,25.18,8.865
3547.5,25.19,8.865
3548.51,25.28,8.865
3549.51,25.18,8.865
3550.51,25.17,8.865
3551.51,25.29,8.865
3552.51,25.18,8.8651
3553.51,25.19,8.8651
3554.51,25.28,8.8651
3555.52,25.18,8.8651
3556.52,25.28,8.8651
3557.52,25.18,8.8651
3558.52,25.18,8.8651
3559.52,25.29,8.8651
3560.52,25.17,8.8651
3561.52,25.17,8.8651
3562.53,25.29,8.8651
3563.53,25.2,8.8651
3564.53,25.25,8.8651
3565.53,25.17,8.8651
3566.53,25.12,8.8651
3567.53,25.22,8.8651
3568.54,25.11,8.8651
3569.54,25.12,8.8651
3570.54,25.24,8.8651
3571.54,25.18,8.8651
3572.54,25.28,8.8652
3573.54,25.16,8.8652
3574.55,25.12,8.8652
3575.55,25.22,8.8652
3576.55,25.11,8.8652
3577.55,25.22,8.8652
3578.55,25.12,8.8652
3579.55,25.12,8.8652
3580.55,25.22,8.8652
3581.56,25.13,8.8652
3582.56,25.23,8.8652
3583.56,25.14,8.8652
3584.56,25.13,8.8652
3585.56,25.22,8.8652
3586.56,25.14,8.8652
3587.57,25.28,8.8652
3588.57,25.17,8.8652
3589.57,25.12,8.8652
3590.57,25.22,8.8652
3591.57,25.12,8.8652
3592.57,25.27,8.8654
3593.58,25.14,8.8654
3594.58,25.14,8.8654
3595.58,25.24,8.8654
3596.58,25.12,8.8654
3597.58,25.12,8.8654
3598.58,25.24,8.8654
3599.58,25.12,8.8654
3600.58,25.15,8.8654
3601.59,25.18,8.8654
3602.59,25.28,8.8654
3603.59,25.17,8.8654
3604.59,25.24,8.8654
3605.59,25.18,8.8654
3606.59,25.17,8.8654
3607.59,25.27,8.8654
3608.6,25.18,8.8654
3609.6,25.29,8.8654
3610.6,25.16,8.8654
3611.6,25.17,8.8654
3612.6,25.29,8.8655
3613.6,25.21,8.8655
3614.6,25.16,8.8655
3615.61,25.22,8.8655
3616.61,25.12,8.8655
3617.61,25.13,8.8655
3618.61,25.23,8.8655
3619.61,25.13,8.8655
3620.61,25.22,8.8655
3621.62,25.12,8.8655
3622.62,25.13,8.8655
3623.62,25.24,8.8655
3624.62,25.16,8.8655
3625.62,25.28,8.8655
3626.62,25.17,8.8655
3627.62,25.19,8.8655
3628.63,25.29,8.8655
3629.63,25.18,8.8655
3630.63,25.18,8.8655
3631.63,25.29,8.8655
3632.63,25.19,8.8656
3633.63,25.2,8.8656
3634.63,25.3,8.8656
3635.63,25.18,8.8656
3636.64,25.17,8.8656
3637.64,25.29,8.8656
3638.64,25.14,8.8656
3639.64,25.14,8.8656
3640.64,25.25,8.8656
3641.64,25.15,8.8656
3642.64,25.14,8.8656
3643.65,25.26,8.8656
3644.65,25.12,8.8656
3645.65,25.12,8.8656
3646.65,25.25,8.8656
3647.65,25.14,8.8656
3648.65,25.13,8.8656
3649.65,25.23,8.8656
3650.65,25.13,8.8656
3651.66,25.14,8.8656
3652.66,25.28,8.8657
3653.66,25.2,8.8657
3654.66,25.18,8.8657
3655.66,25.28,8.8657
3656.66,25.16,8.8657
3657.66,25.19,8.8657
3658.67,25.28,8.8657
3659.67,25.17,8.8657
3660.67,25.27,8.8657
3661.67,25.18,8.8657
3662.67,25.2,8.8657
3663.67,25.29,8.8657
3664.68,25.17,8.8657
3665.68,25.16,8.8657
3666.68,25.28,8.8657
3667.68,25.16,8.8657
3668.68,25.15,8.8657
3669.68,25.29,8.8657
3670.68,25.17,8.8657
3671.68,25.18,8.8657
3672.69,25.33,8.8657
3673.69,25.18,8.8657
3674.69,25.18,8.8657
3675.69,25.24,8.8657
3676.69,25.12,8.8657
3677.69,25.23,8.8658
3678.69,25.12,8.8658
3679.7,25.12,8.8658
3680.7,25.25,8.8658
3681.7,25.17,8.8658
3682.7,25.2,8.8658
3683.7,25.27,8.8658
3684.7,25.16,8.8658
3685.71,25.22,8.8658
3686.71,25.12,8.8658
3687.71,25.17,8.8658
3688.71,25.28,8.8658
3689.71,25.17,8.8658
3690.71,25.29,8.8658
3691.72,25.18,8.8658
3692.72,25.21,8.8658
3693.72,25.28,8.8658
3694.72,25.18,8.8658
3695.72,25.28,8.8658
3696.72,25.17,8.8658
3697.72,25.16,8.866
3698.73,25.28,8.866
3699.73,25.19,8.866
3700.73,25.26,8.866
3701.73,25.13,8.866
3702.73,25.16,8.866
3703.73,25.25,8.866
3704.74,25.14,8.866
3705.74,25.23,8.866
3706.74,25.13,8.866
3707.74,25.14,8.866
3708.74,25.22,8.866
3709.74,25.12,8.866
3710.75,25.22,8.866
3711.75,25.12,8.866
3712.75,25.15,8.866
3713.75,25.26,8.866
3714.75,25.18,8.866
3715.75,25.19,8.866
3716.75,25.29,8.866
3717.76,31.36,8.8662
3718.76,25.28,8.8662
3719.76,25.17,8.8662
3720.76,25.17,8.8662
3721.76,25.27,8.8662
3722.76,25.21,8.8662
3723.77,25.28,8.8662
3724.77,25.14,8.8662
3725.77,25.12,8.8662
3726.77,25.22,8.8662
3727.77,25.13,8.8662
3728.77,25.13,8.8662
3729.77,25.3,8.8662
3730.78,25.18,8.8662
3731.78,25.29,8.8662
3732.78,25.21,8.8662
3733.78,25.16,8.8662
3734.78,25.24,8.8662
3735.78,25.12,8.8662
3736.78,25.13,8.8662
3737.79,25.26,8.8663
3738.79,25.12,8.8663
3739.79,25.12,8.8663
3740.79,25.22,8.8663
3741.79,25.13,8.8663
3742.79,25.26,8.8663
3743.79,25.14,8.8663
3744.8,25.14,8.8663
3745.8,25.26,8.8663
3746.8,25.17,8.8663
3747.8,25.19,8.8663
3748.8,25.28,8.8663
3749.8,25.17,8.8663
3750.81,25.28,8.8663
3751.81,25.18,8.8663
3752.81,25.2,8.8663
3753.81,25.27,8.8663
3754.81,25.16,8.8663
3755.81,25.28,8.8663
3756.81,25.17,8.8663
3757.82,25.19,8.8664
3758.82,25.28,8.8664
3759.82,25.27,8.8664
3760.82,25.18,8.8664
3761.82,25.24,8.8664
3762.82,25.2,8.8666
3763.83,25.22,8.8666
3764.83,25.12,8.8666
3765.83,25.12,8.8666
3766.83,25.22,8.8666
3767.83,25.13,8.8666
3768.83,25.22,8.8666
3769.83,25.12,8.8666
3770.84,25.12,8.8666
3771.84,25.22,8.8666
3772.84,25.71,8.8666
3773.84,25.23,8.8666
3774.84,25.15,8.8666
3775.84,25.16,8.8666
3776.85,25.26,8.8666
3777.85,25.2,8.8666
3778.85,25.18,8.8667
3779.85,25.29,8.8667
3780.85,25.17,8.8667
3781.85,25.16,8.8667
3782.85,26.34,8.8667
3783.85,25.11,8.8667
3784.86,25.11,8.8667
3785.86,25.21,8.8667
3786.86,25.09,8.8667
3787.86,25.14,8.8667
3788.86,25.17,8.8667
3789.86,25.15,8.8667
3790.86,25.16,8.8667
3791.87,25.27,8.8667
3792.87,25.15,8.8667
3793.87,25.14,8.8667
3794.87,25.28,8.8667
3795.87,25.16,8.8667
3796.87,25.13,8.8667
3797.87,25.23,8.8667
3798.87,25.11,8.8667
3799.88,25.11,8.8667
3800.88,25.22,8.8667
3801.88,25.11,8.8667
3802.88,25.25,8.8668
3803.88,25.12,8.8668
3804.88,25.18,8.8668
3805.89,25.28,8.8668
3806.89,25.18,8.8668
3807.89,25.26,8.8668
3808.89,25.12,8.8668
3809.89,25.12,8.8668
3810.89,25.22,8.8668
3811.9,25.12,8.8668
3812.9,25.37,8.8668
3813.9,25.12,8.8668
3814.9,25.12,8.8668
3815.9,25.22,8.8668
3816.9,25.12,8.8668
3817.91,25.23,8.8668
3818.91,25.13,8.8668
3819.91,25.13,8.8668
3820.91,25.22,8.8668
3821.91,25.12,8.8668
3822.91,25.25,8.8669
3823.91,25.12,8.8669
3824.92,25.12,8.8669
3825.92,25.27,8.8669
3826.92,25.15,8.8669
3827.92,25.28,8.8669
3828.92,25.17,8.8669
3829.92,25.17,8.8669
3830.93,25.27,8.8669
3831.93,25.16,8.8669
3832.93,25.26,8.8669
3833.93,25.15,8.8669
3834.93,25.13,8.8669
3835.93,25.24,8.8669
3836.94,25.13,8.8669
3837.94,25.28,8.8669
3838.94,25.16,8.8669
3839.94,25.17,8.8669
3840.94,25.27,8.8669
3841.94,25.17,8.8669
3842.95,25.81,8.867
3843.95,25.12,8.867
3844.95,25.16,8.867
3845.95,25.28,8.867
3846.95,25.17,8.867
3847.95,25.19,8.867
3848.95,25.28,8.867
3849.96,25.2,8.867
3850.96,25.27,8.867
3851.96,25.18,8.867
3852.96,25.21,8.8672
3853.96,25.3,8.8672
3854.96,25.17,8.8672
3855.97,25.27,8.8672
3856.97,25.16,8.8672
3857.97,25.18,8.8672
3858.97,25.27,8.8672
3859.97,25.15,8.8672
3860.97,25.17,8.8672
3861.97,25.27,8.8672
3862.98,25.2,8.8672
3863.98,25.28,8.8672
3864.98,25.17,8.8672
3865.98,25.17,8.8672
3866.98,25.28,8.8672
3867.98,25.18,8.8672
3868.99,25.26,8.8672
3869.99,25.17,8.8672
3870.99,25.16,8.8672
3871.99,25.27,8.8672
3872.99,25.2,8.8672
3873.99,25.27,8.8672
3875.0,25.17,8.8672
3876.0,25.17,8.8672
3877.0,25.27,8.8672
3878.0,25.18,8.8673
3879.0,25.26,8.8673
3880.0,25.19,8.8673
3881.0,25.16,8.8673
3882.01,25.27,8.8673
3883.01,25.21,8.8673
3884.01,25.17,8.8673
3885.01,25.28,8.8673
3886.01,25.17,8.8673
3887.01,25.17,8.8673
3888.01,25.29,8.8673
3889.02,25.17,8.8673
3890.02,25.27,8.8673
3891.02,25.18,8.8673
3892.02,25.16,8.8673
3893.02,25.29,8.8673
3894.02,25.11,8.8673
3895.02,25.13,8.8673
3896.03,25.25,8.8673
3897.03,25.17,8.8673
3898.03,25.29,8.8674
3899.03,25.17,8.8674
3900.03,25.17,8.8674
3901.03,25.27,8.8674
3902.04,25.17,8.8674
3903.04,25.3,8.8674
3904.04,25.17,8.8674
3905.04,25.17,8.8674
3906.04,25.27,8.8674
3907.04,25.17,8.8674
3908.05,25.28,8.8674
3909.05,25.17,8.8674
3910.05,25.18,8.8674
3911.05,25.26,8.8674
3912.05,25.16,8.8674
3913.05,25.29,8.8674
3914.05,25.14,8.8674
3915.06,25.15,8.8674
3916.06,25.24,8.8674
3917.06,25.13,8.8674
3918.06,25.13,8.8675
3919.06,25.27,8.8675
3920.06,25.17,8.8675
3921.07,25.28,8.8675
3922.07,25.17,8.8675
3923.07,25.2,8.8675
3924.07,25.27,8.8675
3925.07,25.17,8.8675
3926.07,25.27,8.8675
3927.07,25.26,8.8675
3928.08,25.15,8.8675
3929.08,25.26,8.8675
3930.08,25.17,8.8675
3931.08,25.18,8.8675
3932.08,25.29,8.8675
3933.08,25.19,8.8675
3934.08,25.17,8.8675
3935.09,25.28,8.8675
3936.09,25.16,8.8675
3937.09,25.17,8.8675
3938.09,25.27,8.8677
3939.09,27.59,8.8678
3940.09,25.3,8.8678
3941.09,25.17,8.8678
3942.1,26.51,8.8678
3943.1,25.36,8.8678
3944.1,25.17,8.8678
3945.1,25.16,8.8678
3946.1,25.3,8.8678
3947.1,25.16,8.8678
3948.1,25.17,8.8678
3949.11,25.25,8.8678
3950.11,25.16,8.8678
3951.11,25.17,8.8678
3952.11,25.27,8.8678
3953.11,30.56,8.8679
3954.11,25.57,8.8679
3955.11,28.16,8.8679
3956.12,28.85,8.8679
3957.12,25.66,8.8679
3958.12,25.15,8.868
3959.12,37.06,8.8684
3960.12,25.74,8.8684
3961.12,25.29,8.8684
3962.13,25.26,8.8684
3963.13,25.15,8.8684
3964.13,28.38,8.8684
3965.13,25.5,8.8684
3966.13,26.36,8.8684
3967.13,25.29,8.8684
3968.13,25.17,8.8684
3969.14,25.25,8.8684
3970.14,27.16,8.8684
3971.14,25.62,8.8684
3972.14,25.2,8.8684
3973.14,25.25,8.8684
3974.14,25.12,8.8684
3975.15,25.22,8.8684
3976.15,25.14,8.8684
3977.15,25.14,8.8684
3978.15,25.23,8.8685
3979.15,25.14,8.8685
3980.15,25.27,8.8685
3981.16,25.17,8.8685
3982.16,25.17,8.8685
3983.16,25.34,8.8685
3984.16,25.97,8.8685
3985.16,25.25,8.8685
3986.16,25.18,8.8685
3987.16,25.18,8.8685
3988.17,25.29,8.8685
3989.17,25.18,8.8685
3990.17,25.26,8.8685
3991.17,25.17,8.8685
3992.17,25.17,8.8685
3993.17,25.3,8.8685
3994.18,25.17,8.8685
3995.18,25.27,8.8685
3996.18,25.27,8.8685
3997.18,25.17,8.8685
3998.18,25.22,8.8685
3999.18,25.11,8.8685
4000.19,25.22,8.8685
4001.19,25.11,8.8685
4002.19,25.12,8.8685
4003.19,25.3,8.8686
4004.19,25.17,8.8686
4005.19,25.17,8.8686
4006.19,25.29,8.8686
4007.2,25.2,8.8686
4008.2,25.29,8.8686
4009.2,25.17,8.8686
4010.2,25.15,8.8686
4011.2,25.26,8.8686
4012.2,25.17,8.8686
4013.21,25.2,8.8686
4014.21,25.28,8.8686
4015.21,25.17,8.8686
4016.21,25.28,8.8686
4017.21,25.12,8.8686
4018.21,25.13,8.8686
4019.21,25.53,8.8686
4020.22,25.13,8.8686
4021.22,25.15,8.8686
4022.22,25.27,8.8686
4023.22,25.21,8.8688
4024.22,25.29,8.8688
4025.22,25.17,8.8688
4026.22,25.15,8.8688
4027.23,25.23,8.8688
4028.23,25.17,8.8688
4029.23,25.19,8.8688
4030.23,25.29,8.8688
4031.23,27.52,8.8998
4032.23,25.17,8.8998
4033.23,25.32,8.8998
4034.23,25.17,8.8998
4035.24,25.16,8.8998
4036.24,25.28,8.8998
4037.24,25.17,8.8998
4038.24,25.19,8.8998
4039.24,25.29,8.8998
4040.24,25.17,8.8998
4041.24,25.17,8.8998
4042.25,25.29,8.8998
4043.25,25.2,8.8998
4044.25,25.17,8.8998
4045.25,25.19,8.8998
4046.25,25.26,8.8998
4047.25,25.16,8.8998
4048.25,25.28,8.8999
4049.26,25.17,8.8999
4050.26,25.17,8.8999
4051.26,25.27,8.8999
4052.26,25.17,8.8999
4053.26,25.32,8.8999
4054.26,25.17,8.8999
4055.26,25.21,8.8999
4056.27,25.33,8.8999
4057.27,25.17,8.8999
4058.27,25.18,8.8999
4059.27,25.31,8.8999
4060.27,25.17,8.8999
4061.27,25.16,8.8999
4062.27,25.27,8.8999
4063.28,27.86,8.9001
4064.28,25.27,8.9001
4065.28,25.16,8.9001
4066.28,25.14,8.9001
4067.28,25.24,8.9001
4068.28,25.16,8.9002
4069.29,25.25,8.9002
4070.29,25.17,8.9002
4071.29,25.17,8.9002
4072.29,25.27,8.9002
4073.29,25.2,8.9002
4074.29,25.27,8.9002
4075.29,25.17,8.9003
4076.3,25.17,8.9003
4077.3,25.27,8.9003
4078.3,25.19,8.9003
4079.3,25.27,8.9003
4080.3,25.12,8.9003
4081.3,25.13,8.9003
4082.31,25.24,8.9003
4083.31,25.19,8.9003
4084.31,25.17,8.9003
4085.31,25.26,8.9003
4086.31,25.17,8.9003
4087.31,25.28,8.9003
4088.31,25.18,8.9003
4089.32,25.19,8.9003
4090.32,25.27,8.9003
4091.32,25.18,8.9003
4092.32,25.28,8.9003
4093.32,25.33,8.9004
4094.32,39.28,8.902
4095.33,25.27,8.902
4096.33,25.17,8.902
4097.33,25.28,8.902
4098.33,25.17,8.902
4099.33,25.18,8.902
4100.33,25.27,8.902
4101.34,25.17,8.902
4102.34,25.27,8.902
4103.34,25.21,8.902
4104.34,25.18,8.902
4105.34,25.27,8.902
4106.34,25.18,8.902
4107.35,25.28,8.902
4108.35,25.24,8.902
4109.35,25.81,8.902
4110.35,25.23,8.902
4111.35,25.15,8.902
4112.35,25.17,8.902
4113.35,25.3,8.9021
4114.36,25.16,8.9021
4115.36,25.27,8.9021
4116.36,25.16,8.9021
4117.36,25.22,8.9021
4118.36,25.16,8.9021
4119.36,25.15,8.9021
4120.37,25.22,8.9021
4121.37,25.12,8.9021
4122.37,25.22,8.9021
4123.37,25.8,8.9021
4124.37,25.18,8.9021
4125.37,25.27,8.9021
4126.38,25.17,8.9021
4127.38,25.19,8.9021
4128.38,25.31,8.9021
4129.38,25.18,8.9021
4130.38,25.18,8.9021
4131.38,25.3,8.9021
4132.38,25.15,8.9022
4133.38,25.86,8.9022
4134.39,25.28,8.9022
4135.39,25.17,8.9022
4136.39,25.17,8.9022
4137.39,25.5,8.9022
4138.39,25.55,8.9022
4139.39,25.29,8.9022
4140.39,25.95,8.9022
4141.4,25.18,8.9022
4142.4,25.26,8.9022
4143.4,25.2,8.9022
4144.4,25.18,8.9022
4145.4,25.27,8.9022
4146.4,25.17,8.9022
4147.41,25.28,8.9022
4148.41,25.17,8.9022
4149.41,25.19,8.9022
4150.41,25.29,8.9022
4151.41,25.17,8.9022
4152.41,25.18,8.9022
4153.41,25.24,8.9022
4154.42,25.12,8.9022
4155.42,32.38,8.9321
4156.42,25.17,8.9321
4157.42,25.18,8.9322
4158.42,25.28,8.9322
4159.42,25.2,8.9322
4160.42,25.17,8.9322
4161.43,25.44,8.9322
4162.43,25.18,8.9322
4163.43,25.29,8.9322
4164.43,25.18,8.9322
4165.43,25.18,8.9322
4166.43,25.28,8.9322
4167.44,25.19,8.9322
4168.44,25.28,8.9322
4169.44,25.17,8.9322
4170.44,25.2,8.9322
4171.44,25.28,8.9322
4172.44,25.18,8.9322
4173.44,25.19,8.9322
4174.45,69.88,2.2051
4175.45,80.09,2.4566
4176.45,93.92,2.6493
4177.45,87.67,3.0364
4178.45,79.71,3.4327
4179.45,75.5,3.85
4180.45,77.81,4.2907
4181.45,77.45,4.7071
4182.46,76.93,5.1087
4183.46,65.98,5.5607
4184.46,28.73,6.0143
4185.46,43.38,6.5028
4186.46,25.28,7.0111
4187.46,33.83,7.287
4188.47,28.08,7.287
4189.47,25.78,7.287
4190.47,25.31,7.287
4191.47,25.28,7.287
4192.47,27.89,7.287
4193.47,25.49,7.287
4194.47,26.0,7.287
4195.48,30.26,7.3042
4196.48,30.24,7.4574
4197.48,25.12,7.4574
4198.48,25.6,7.4574
4199.48,25.29,7.4574
4200.48,25.23,7.4574
4201.48,25.93,7.4574
4202.49,25.25,7.4574
4203.49,25.16,7.4574
4204.49,25.24,7.4574
4205.49,31.43,7.4576
4206.49,25.23,7.4576
4207.49,26.76,7.4576
4208.5,27.58,7.4578
4209.5,25.23,7.4578
4210.5,25.46,7.4578
4211.5,25.78,7.4578
4212.5,25.2,7.4578
4213.5,30.59,7.4581
4214.51,25.28,7.4581
4215.51,25.45,7.4581
4216.51,26.0,7.4581
4217.51,25.2,7.4581
4218.51,25.18,7.4581
4219.51,25.3,7.4581
4220.52,30.0,7.4581
4221.52,26.81,7.4581
4222.52,25.19,7.4583
4223.52,25.21,7.4583
4224.52,25.3,7.4583
4225.52,25.22,7.4583
4226.53,25.3,7.4583
4227.53,25.21,7.4583
4228.53,31.27,7.5791
4229.53,25.3,7.5791
4230.53,25.2,7.5791
4231.53,25.29,7.5791
4232.54,25.2,7.5793
4233.54,25.35,7.5793
4234.54,25.2,7.5792
4235.54,25.19,7.611
4236.54,25.25,8.2266
4237.54,26.94,8.7493
4238.55,35.31,8.8526
4239.55,25.2,8.8526
4240.55,25.19,8.8526
4241.55,25.36,8.8526
4242.55,25.27,8.8526
4243.55,25.42,8.8526
4244.55,25.21,8.8526
4245.56,25.19,8.8526
4246.56,25.24,8.8526
4247.56,25.25,8.8527
4248.56,25.29,8.8527
4249.56,25.19,8.8527
4250.56,25.19,8.8527
4251.57,25.29,8.8527
4252.57,25.21,8.8527
4253.57,25.32,8.8528
4254.57,25.2,8.8528
4255.57,25.19,8.8528
4256.57,25.46,8.8528
4257.58,25.36,8.8528
4258.58,25.3,8.8528
4259.58,25.2,8.8528
4260.58,25.19,8.8528
4261.58,25.32,8.8528
4262.58,25.21,8.8528
4263.58,25.2,8.8528
4264.59,25.29,8.8528
4265.59,25.19,8.8528
4266.59,25.35,8.8529
4267.59,25.2,8.8529
4268.59,25.19,8.8529
4269.59,25.32,8.8529
4270.59,25.18,8.8529
4271.6,25.18,8.8529
4272.6,25.28,8.8529
4273.6,25.2,8.8529
4274.6,25.29,8.8529
4275.6,25.22,8.8529
4276.61,25.19,8.8529
4277.61,25.3,8.8531
4278.61,25.18,8.8531
4279.61,25.29,8.8531
4280.61,25.19,8.8531
4281.61,25.29,8.8531
4282.62,25.2,8.8531
4283.62,26.24,8.8531
4284.62,25.33,8.8532
4285.62,25.19,8.8532
4286.62,25.28,8.8532
4287.62,25.2,8.8532
4288.63,25.2,8.8532
4289.63,25.29,8.8532
4290.63,25.19,8.8532
4291.63,25.31,8.8532
4292.63,25.2,8.8532
4293.63,25.21,8.8532
4294.63,25.34,8.8533
4295.64,25.18,8.8533
4296.64,25.29,8.8533
4297.64,25.2,8.8534
4298.64,25.2,8.8534
4299.64,25.3,8.8534
4300.64,25.19,8.8534
4301.65,25.29,8.8534
4302.65,25.2,8.8534
4303.65,25.36,8.8534
4304.65,25.19,8.8534
4305.65,25.19,8.8534
4306.65,25.29,8.8534
4307.66,25.21,8.8534
4308.66,25.29,8.8534
4309.66,25.18,8.8534
4310.66,25.21,8.8534
4311.66,25.28,8.8534
4312.66,25.31,8.8535
4313.66,25.19,8.8535
4314.67,25.29,8.8535
4315.67,25.19,8.8535
4316.67,25.29,8.8535
4317.67,25.2,8.8535
4318.67,25.2,8.8535
4319.67,25.29,8.8535
4320.68,25.19,8.8535
4321.68,25.31,8.8535
4322.68,25.21,8.8535
4323.68,25.3,8.8535
4324.68,25.3,8.8535
4325.68,25.19,8.8535
4326.68,25.19,8.8535
4327.69,25.3,8.8535
4328.69,25.18,8.8535
4329.69,25.3,8.8535
4330.69,25.18,8.8535
4331.69,25.17,8.8535
4332.69,25.35,8.8537
4333.7,25.18,8.8537
4334.7,25.29,8.8537
4335.7,25.19,8.8537
4336.7,25.29,8.8537
4337.7,25.2,8.8537
4338.7,25.19,8.8537
4339.71,25.29,8.8537
4340.71,25.19,8.8537
4341.71,25.33,8.8537
4342.71,25.25,8.8537
4343.71,25.24,8.8537
4344.71,25.13,8.8537
4345.72,25.13,8.8537
4346.72,25.23,8.8537
4347.72,25.14,8.8537
4348.72,25.24,8.8537
4349.72,25.13,8.8537
4350.72,25.18,8.8537
4351.73,25.24,8.8537
4352.73,25.19,8.8537
4353.73,25.3,8.8537
4354.73,25.19,8.8537
4355.73,25.29,8.8537
4356.73,25.19,8.8537
4357.74,25.2,8.8537
4358.74,25.33,8.8537
4359.74,25.18,8.8537
4360.74,25.34,8.8537
4361.74,25.19,8.8537
4362.74,25.22,8.8537
4363.75,25.49,8.8537
4364.75,25.19,8.8537
4365.75,25.19,8.8537
4366.75,25.31,8.8537
4367.75,25.2,8.8538
4368.75,25.19,8.8538
4369.75,25.24,8.8538
4370.76,25.17,8.8539
4371.76,25.22,8.8539
4372.76,25.15,8.8539
4373.76,25.13,8.8539
4374.76,25.23,8.8539
4375.76,25.13,8.8539
4376.77,25.24,8.8539
4377.77,25.19,8.8539
4378.77,25.29,8.8539
4379.77,25.22,8.854
4380.77,25.15,8.854
4381.77,25.24,8.854
4382.78,25.19,8.854
4383.78,25.22,8.854
4384.78,25.26,8.854
4385.78,25.12,8.854
4386.78,25.13,8.854
4387.78,25.25,8.8541
4388.78,25.19,8.8551
4389.79,25.28,8.8551
4390.79,25.2,8.8551
4391.79,25.19,8.8551
4392.79,25.4,8.8551
4393.79,25.71,8.8551
4394.79,25.74,8.8551
4395.79,25.29,8.8551
4396.8,25.19,8.8551
4397.8,25.3,8.8551
4398.8,25.33,8.8551
4399.8,25.19,8.8551
4400.8,25.29,8.8551
4401.8,25.2,8.8551
4402.81,25.32,8.8551
4403.81,25.19,8.8551
4404.81,25.19,8.8551
4405.81,25.29,8.8551
4406.81,25.22,8.8551
4407.81,25.33,8.8836
4408.82,25.18,8.8836
4409.82,25.29,8.8836
4410.82,25.19,8.8836
4411.82,25.19,8.8836
4412.82,25.31,8.8836
4413.82,25.19,8.8836
4414.83,25.29,8.8836
4415.83,25.16,8.8836
4416.83,25.2,8.8836
4417.83,25.29,8.8836
4418.83,25.18,8.8836
4419.83,25.19,8.8836
4420.83,25.28,8.8836
4421.84,25.18,8.8836
4422.84,25.31,8.8836
4423.84,25.18,8.8836
4424.84,25.26,8.8836
4425.84,25.12,8.8836
4426.84,25.17,8.9105
4427.85,25.24,8.9107
4428.85,25.13,8.9107
4429.85,25.22,8.9107
4430.85,25.15,8.9107
4431.85,25.19,8.9107
4432.85,25.32,8.9107
4433.86,25.19,8.9107
4434.86,25.29,8.9107
4435.86,25.2,8.9107
4436.86,25.23,8.9107
4437.86,25.3,8.9107
4438.86,25.19,8.9107
4439.86,25.19,8.9107
4440.87,25.29,8.9107
4441.87,25.19,8.9107
4442.87,25.33,8.9107
4443.87,25.18,8.9107
4444.87,25.12,8.9107
4445.87,25.21,8.9107
4446.88,25.16,8.9359
4447.88,25.24,8.9361
4448.88,25.14,8.9361
4449.88,25.17,8.9361
4450.88,25.29,8.9361
4451.88,25.19,8.9361
4452.89,25.3,8.9361
4453.89,25.13,8.9361
4454.89,25.23,8.9361
4455.89,25.17,8.9361
4456.89,25.13,8.9361
4457.89,25.24,8.9361
4458.9,25.13,8.9361
4459.9,25.23,8.9361
4460.9,25.18,8.9361
4461.9,25.19,8.9361
4462.9,25.32,8.9362
4463.9,25.16,8.9362
4464.91,25.29,8.9362
4465.91,25.23,8.9591
4466.91,25.18,8.9591
4467.91,25.29,8.9591
4468.91,25.18,8.9591
4469.91,25.3,8.9591
4470.91,25.18,8.9591
4471.92,25.18,8.9591
4472.92,25.26,8.9591
4473.92,25.13,8.9591
4474.92,25.12,8.9591
4475.92,25.39,8.9591
4476.92,25.19,8.9591
4477.92,25.4,8.9591
4478.93,25.31,8.9591
4479.93,25.2,8.9591
4480.93,25.18,8.9591
4481.93,25.29,8.9591
4482.93,25.27,8.9592
4483.93,25.21,8.9592
4484.93,25.32,8.9796
4485.94,25.11,8.9796
4486.94,25.26,8.9796
4487.94,25.2,8.9796
4488.94,25.18,8.9798
4489.94,25.28,8.9798
4490.94,25.18,8.9798
4491.94,25.12,8.9798
4492.95,25.35,8.9798
4493.95,25.18,8.9798
4494.95,25.17,8.9798
4495.95,25.25,8.9798
4496.95,25.14,8.9798
4497.95,25.2,8.9798
4498.95,25.29,8.9798
4499.96,25.19,8.9798
4500.96,25.28,8.9798
4501.96,25.17,8.9798
4502.96,25.22,8.9799
4503.96,25.29,8.9799
4504.96,25.22,8.9862
4505.97,25.28,8.9862
4506.97,25.19,8.9862
4507.97,25.2,8.9862
4508.97,25.29,8.9862
4509.97,25.19,8.9862
4510.97,25.29,8.9863
4511.98,25.19,8.9863
4512.98,25.24,8.9863
4513.98,25.26,8.9863
4514.98,25.15,8.9863
4515.98,25.3,8.9863
4516.98,25.17,8.9863
4517.98,25.2,8.9863
4518.99,25.29,8.9863
4519.99,25.19,8.9863
4520.99,25.3,8.9863
4521.99,25.14,8.9863
4522.99,25.16,8.9863
4523.99,25.26,8.9863
4524.99,25.12,8.9863
4526.0,25.17,8.9863
4527.0,25.24,8.9863
4528.0,25.18,8.9863
4529.0,25.19,8.9863
4530.0,25.29,8.9864
4531.0,25.19,8.9864
4532.01,25.29,8.9864
4533.01,25.22,8.9865
4534.01,25.19,8.9865
4535.01,25.28,8.9865
4536.01,25.23,8.9865
4537.01,25.29,8.9865
4538.02,25.2,8.9865
4539.02,25.15,8.9865
4540.02,25.25,8.9865
4541.02,25.19,8.9865
4542.02,25.29,8.9865
4543.02,25.22,8.9865
4544.03,25.29,8.9865
4545.03,25.19,8.9865
4546.03,25.28,8.9865
4547.03,25.22,8.9865
4548.03,25.14,8.9865
4549.03,25.24,8.9865
4550.04,25.19,8.9865
4551.04,25.19,8.9865
4552.04,25.29,8.9865
4553.04,25.22,8.9866
4554.04,25.25,8.9866
4555.04,25.12,8.9866
4556.05,25.25,8.9866
4557.05,34.8,8.9866
4558.05,26.07,8.9866
4559.05,25.29,8.9866
4560.05,25.21,8.9866
4561.05,25.19,8.9866
4562.05,25.29,8.9866
4563.06,25.22,8.9866
4564.06,25.29,8.9866
4565.06,25.19,8.9866
4566.06,25.36,8.9866
4567.06,25.13,8.9866
4568.06,25.14,8.9866
4569.07,25.23,8.9866
4570.07,25.13,8.9866
4571.07,25.23,8.9866
4572.07,25.13,8.9866
4573.07,25.16,8.9867
4574.07,25.23,8.9867
4575.08,25.18,8.9867
4576.08,25.31,8.9867
4577.08,25.2,8.9873
4578.08,25.14,8.9874
4579.08,25.25,8.9874
4580.08,25.13,8.9874
4581.08,25.13,8.9874
4582.09,25.28,8.9874
4583.09,25.16,8.9874
4584.09,25.27,8.9874
4585.09,25.5,8.9874
4586.09,25.12,8.9874
4587.09,25.34,8.9874
4588.1,25.19,8.9874
4589.1,25.19,8.9874
4590.1,25.29,8.9874
4591.1,25.19,8.9874
4592.1,25.2,8.9874
4593.1,25.32,8.9874
4594.1,25.19,8.9874
4595.11,25.29,8.9876
4596.11,25.19,8.9876
4597.11,25.33,8.9876
4598.11,25.2,8.9876
4599.11,25.19,8.9876
4600.11,25.3,8.9876
4601.12,25.19,8.9876
4602.12,25.29,8.9876
4603.12,25.22,8.9876
4604.12,25.44,8.9876
4605.12,25.18,8.9876
4606.12,25.2,8.9877
4607.13,25.33,8.9877
4608.13,25.2,8.9877
4609.13,25.29,8.9877
4610.13,25.18,8.9877
4611.13,25.19,8.9877
4612.13,25.28,8.9877
4613.14,25.22,8.9878
4614.14,25.29,8.9878
4615.14,25.19,8.9878
4616.14,25.22,8.9878
4617.14,25.29,8.9878
4618.14,25.2,8.9878
4619.15,25.29,8.9878
4620.15,25.19,8.9878
4621.15,25.27,8.9878
4622.15,25.18,8.9878
4623.15,25.22,8.9878
4624.15,25.29,8.9878
4625.16,25.19,8.9878
4626.16,25.42,8.9878
4627.16,25.19,8.9878
4628.16,25.2,8.9878
4629.16,25.3,8.9878
4630.16,25.2,8.9878
4631.17,25.29,8.9878
4632.17,25.19,8.9878
4633.17,25.44,8.9879
4634.17,25.31,8.9879
4635.17,25.19,8.9879
4636.17,25.33,8.9879
4637.17,25.29,8.9879
4638.18,25.2,8.9879
4639.18,25.29,8.9879
4640.18,25.18,8.9879
4641.18,25.19,8.9879
4642.18,25.29,8.9879
4643.18,25.22,8.9879
4644.19,25.3,8.9879
4645.19,25.19,8.9879
4646.19,25.33,8.9879
4647.19,25.18,8.9879
4648.19,25.14,8.9879
4649.19,25.24,8.9879
4650.2,25.13,8.9879
4651.2,25.23,8.9879
4652.2,25.13,8.9879
4653.2,25.39,8.988
4654.2,25.13,8.988
4655.2,25.12,8.988
4656.21,25.26,8.9882
4657.21,25.12,8.9882
4658.21,25.24,8.9882
4659.21,25.13,8.9882
4660.21,25.13,8.9882
4661.21,25.22,8.9882
4662.22,25.45,8.9882
4663.22,25.32,8.9882
4664.22,25.2,8.9882
4665.22,25.27,8.9882
4666.22,25.17,8.9882
4667.22,25.14,8.9882
4668.23,25.27,8.9882
4669.23,25.2,8.9882
4670.23,25.29,8.9882
4671.23,25.19,8.9882
4672.23,25.19,8.9882
4673.23,25.31,8.9883
4674.24,25.33,8.9883
4675.24,25.22,8.9883
4676.24,25.12,8.9883
4677.24,25.2,8.9883
4678.24,25.26,8.9883
4679.24,25.14,8.9883
4680.25,25.25,8.9883
4681.25,25.11,8.9883
4682.25,25.14,8.9883
4683.25,25.32,8.9883
4684.25,25.13,8.9883
4685.25,25.24,8.9883
4686.25,25.17,8.9883
4687.26,25.25,8.9883
4688.26,25.3,8.9883
4689.26,25.19,8.9883
4690.26,25.18,8.9883
4691.26,25.28,8.9883
4692.26,25.19,8.9883
4693.27,25.32,8.9884
4694.27,25.19,8.9884
4695.27,25.28,8.9884
4696.27,25.19,8.9884
4697.27,25.23,8.9884
4698.27,25.3,8.9884
4699.28,25.18,8.9884
4700.28,25.21,8.9884
4701.28,25.31,8.9884
4702.28,25.18,8.9884
4703.28,25.22,8.9884
4704.28,25.33,8.9884
4705.28,25.13,8.9884
4706.29,25.24,8.9884
4707.29,25.34,8.9884
4708.29,25.19,8.9884
4709.29,25.29,8.9884
4710.29,25.18,8.9884
4711.29,25.28,8.9884
4712.3,25.19,8.9884
4713.3,25.32,8.9885
4714.3,25.2,8.9885
4715.3,25.19,8.9885
4716.3,25.29,8.9885
4717.3,25.23,8.9885
4718.31,25.26,8.9885
4719.31,25.14,8.9885
4720.31,25.19,8.9885
4721.31,25.28,8.9885
4722.31,25.19,8.9885
4723.31,25.88,8.9886
4724.32,25.2,8.9886
4725.32,25.19,8.9886
4726.32,25.28,8.9886
4727.32,25.21,8.9886
4728.32,25.34,8.9888
4729.32,25.14,8.9888
4730.32,25.17,8.9888
4731.33,25.28,8.9888
4732.33,25.2,8.9888
4733.33,25.22,8.9888
4734.33,25.29,8.9888
4735.33,25.19,8.9888
4736.33,25.29,8.9888
4737.34,25.19,8.9888
4738.34,25.34,8.9888
4739.34,25.19,8.9888
4740.34,25.19,8.9888
4741.34,25.28,8.9888
4742.34,25.19,8.9888
4743.35,25.32,8.9889
4744.35,25.19,8.9889
4745.35,25.29,8.9889
4746.35,25.17,8.9889
4747.35,25.17,8.9889
4748.35,25.33,8.9889
4749.36,25.19,8.9889
4750.36,25.29,8.9889
4751.36,25.19,8.9889
4752.36,25.19,8.9889
4753.36,25.32,8.9889
4754.36,25.19,8.9889
4755.37,25.29,8.9889
4756.37,25.19,8.9889
4757.37,25.19,8.9889
4758.37,25.35,8.9889
4759.37,25.2,8.9889
4760.37,25.29,8.9889
4761.38,25.19,8.9889
4762.38,25.21,8.9889
4763.38,25.32,8.989
4764.38,25.19,8.989
4765.38,25.29,8.989
4766.38,25.81,8.989
4767.38,25.2,8.989
4768.39,25.33,8.989
4769.39,25.18,8.989
4770.39,25.29,8.989
4771.39,25.18,8.989
4772.39,25.18,8.989
4773.39,25.31,8.989
4774.4,25.19,8.989
4775.4,25.29,8.989
4776.4,25.19,8.989
4777.4,25.2,8.989
4778.4,25.3,8.989
4779.4,25.26,8.989
4780.41,25.29,8.989
4781.41,25.18,8.989
4782.41,25.17,8.9891
4783.41,25.28,8.9891
4784.41,25.16,8.9891
4785.41,25.28,8.9891
4786.42,25.19,8.9891
4787.42,25.2,8.9891
4788.42,25.29,8.9891
4789.42,25.26,8.9891
4790.42,25.25,8.9891
4791.42,25.17,8.9891
4792.42,25.2,8.9891
4793.43,25.34,8.9891
4794.43,25.2,8.9891
4795.43,25.19,8.9891
4796.43,25.29,8.9891
4797.43,25.2,8.9891
4798.43,25.29,8.9891
4799.44,25.19,8.9891
4800.44,25.18,8.9892
4801.44,25.23,8.9892
4802.44,25.15,8.9892
4803.44,25.31,8.9892
4804.44,25.19,8.9892
4805.44,25.18,8.9892
4806.45,25.22,8.9892
4807.45,25.14,8.9892
4808.45,25.23,8.9892
4809.45,25.23,8.9907
4810.45,25.19,8.9907
4811.45,25.29,8.9907
4812.46,25.15,8.9907
4813.46,25.24,8.9907
4814.46,25.13,8.9907
4815.46,25.23,8.9907
4816.46,25.21,8.9907
4817.46,25.19,8.9907
4818.47,25.28,8.9907
4819.47,25.23,8.9909
4820.47,25.19,8.9909
4821.47,25.28,8.9909
4822.47,25.17,8.9909
4823.47,25.31,8.9909
4824.47,25.21,8.9909
4825.48,25.19,8.9909
4826.48,25.29,8.9909
4827.48,25.35,8.9909
4828.48,25.18,8.9909
4829.48,25.34,8.9918
4830.48,25.18,8.9919
4831.48,25.18,8.9919
4832.49,25.32,8.9919
4833.49,25.15,8.9919
4834.49,25.13,8.9919
4835.49,25.23,8.9919
4836.49,25.2,8.9919
4837.49,25.19,8.992
4838.49,25.29,8.992
4839.5,25.23,8.992
4840.5,25.22,8.992
4841.5,25.18,8.992
4842.5,25.16,8.992
4843.5,25.25,8.992
4844.5,25.13,8.992
4845.51,25.33,8.992
4846.51,25.13,8.992
4847.51,25.24,8.992
4848.51,25.17,8.992
4849.51,27.19,8.992
4850.51,25.26,8.9941
4851.52,25.13,8.9941
4852.52,25.36,8.9942
4853.52,25.2,8.9942
4854.52,25.94,8.9942
4855.52,25.23,8.9942
4856.52,25.15,8.9942
4857.53,25.25,8.9942
4858.53,25.13,8.9942
4859.53,25.23,8.9942
4860.53,25.33,8.9942
4861.53,25.18,8.9942
4862.53,25.9,8.9942
4863.53,25.22,8.9942
4864.54,25.19,8.9942
4865.54,25.29,8.9942
4866.54,25.19,8.9942
4867.54,25.3,8.9942
4868.54,25.26,8.9942
4869.54,25.69,8.9942
4870.55,25.26,8.9942
4871.55,25.17,8.9953
4872.55,25.24,8.9953
4873.55,25.15,8.9953
4874.55,25.14,8.9953
4875.55,25.23,8.9953
4876.56,25.13,8.9953
4877.56,25.29,8.9953
4878.56,25.19,8.9953
4879.56,25.18,8.9953
4880.56,25.29,8.9953
4881.56,25.23,8.9953
4882.57,25.3,8.9953
4883.57,25.21,8.9953
4884.57,25.24,8.9953
4885.57,25.13,8.9953
4886.57,25.13,8.9952
4887.57,25.24,8.9954
4888.58,25.13,8.9954
4889.58,25.24,8.9954
4890.58,25.13,8.9954
4891.58,25.17,8.9963
4892.58,25.25,8.9963
4893.59,25.15,8.9963
4894.59,25.27,8.9963
4895.59,25.18,8.9963
4896.59,25.25,8.9963
4897.59,25.13,8.9963
4898.59,25.13,8.9963
4899.59,25.28,8.9963
4900.6,25.19,8.9963
4901.6,25.33,8.9963
4902.6,25.21,8.9963
4903.6,25.15,8.9963
4904.6,25.26,8.9965
4905.6,25.13,8.9964
4906.6,25.13,8.9964
4907.61,25.27,8.9966
4908.61,25.14,8.9966
4909.61,25.14,8.9966
4910.61,25.24,8.9966
4911.61,25.13,8.9966
4912.61,25.21,8.9971
4913.61,25.27,8.9971
4914.62,25.18,8.9971
4915.62,25.76,8.9971
4916.62,25.2,8.9971
4917.62,25.3,8.9971
4918.62,25.2,8.9971
4919.62,25.28,8.9971
4920.62,25.19,8.9971
4921.62,25.18,8.9971
4922.63,25.33,8.9972
4923.63,25.2,8.9972
4924.63,25.3,8.9972
4925.63,25.19,8.9972
4926.63,25.19,8.9972
4927.63,25.3,8.9973
4928.64,25.2,8.9973
4929.64,25.23,8.9973
4930.64,25.3,8.9973
4931.64,25.19,8.9973
4932.64,29.4,8.9973
4933.64,25.2,8.9988
4934.64,25.13,8.9988
4935.65,25.25,8.9988
4936.65,25.13,8.9988
4937.65,25.24,8.9988
4938.65,25.21,8.9988
4939.65,25.19,8.9988
4940.65,25.28,8.9988
4941.66,25.19,8.9988
4942.66,25.3,8.9988
4943.66,25.39,8.9995
4944.66,25.19,8.9995
4945.66,25.28,8.9995
4946.66,25.18,8.9995
4947.67,25.28,8.9995
4948.67,25.12,8.9995
4949.67,25.15,8.9995
4950.67,25.28,8.9995
4951.67,25.17,8.9995
4952.67,25.33,8.9995
4953.67,25.22,8.9995
4954.68,25.18,8.9995
4955.68,25.28,8.9995
4956.68,25.18,8.9995
4957.68,25.3,8.9995
4958.68,25.18,8.9995
4959.68,25.2,8.9995
4960.69,26.05,8.9995
4961.69,25.18,8.9995
4962.69,25.33,8.9996
4963.69,25.23,8.9996
4964.69,25.19,8.9996
4965.69,25.28,8.9996
4966.7,25.13,8.9996
4967.7,25.24,8.9996
4968.7,25.13,8.9996
4969.7,25.13,8.9996
4970.7,25.23,8.9996
4971.7,25.16,8.9996
4972.71,25.32,8.9999
4973.71,25.18,8.9999
4974.71,25.29,8.9999
4975.71,25.2,8.9999
4976.71,25.18,8.9999
4977.71,25.24,8.9999
4978.72,25.12,8.9999
4979.72,25.12,8.9999
4980.72,25.22,8.9999
4981.72,25.14,8.9999
4982.72,25.33,9.0
4983.72,25.19,9.0
4984.73,25.29,9.0
4985.73,25.19,9.0
4986.73,25.19,9.0
4987.73,25.33,9.0
4988.73,25.19,9.0
4989.73,25.2,9.0
4990.73,25.29,9.0
4991.74,25.19,9.0
4992.74,25.36,9.0001
4993.74,25.19,9.0001
4994.74,25.2,9.0001
4995.74,25.3,9.0001
4996.74,25.19,9.0001
4997.75,25.3,9.0001
4998.75,25.2,9.0001
4999.75,25.29,9.0001
5000.75,25.19,9.0002
5001.75,25.19,9.0002
5002.75,25.36,9.0003
5003.76,25.16,9.0003
5004.76,25.22,9.0003
5005.76,25.12,9.0003
5006.76,25.22,9.0003
5007.76,25.13,9.0003
5008.76,25.13,9.0003
5009.77,25.22,9.0003
5010.77,25.12,9.0003
5011.77,25.23,9.0003
5012.77,25.28,9.0003
5013.77,25.18,9.0003
5014.77,25.28,9.0003
5015.78,25.18,9.0003
5016.78,25.28,9.0003
5017.78,25.19,9.0003
5018.78,25.28,9.0003
5019.78,25.2,9.0003
5020.78,25.19,9.0003
5021.79,25.29,9.0003
5022.79,25.35,9.0005
5023.79,25.28,9.0005
5024.79,25.19,9.0005
5025.79,25.19,9.0005
5026.79,25.29,9.0005
5027.8,25.19,9.0005
5028.8,25.29,9.0005
5029.8,25.18,9.0005
5030.8,25.28,9.0005
5031.8,25.19,9.0005
5032.8,25.25,9.0013
5033.81,25.29,9.0013
5034.81,25.19,9.0013
5035.81,25.53,9.0013
5036.81,25.12,9.0013
5037.81,25.2,9.0013
5038.81,25.27,9.0013
5039.82,25.13,9.0013
5040.82,25.24,9.0013
5041.82,25.19,9.0014
5042.82,25.25,9.0016
5043.82,25.13,9.0016
5044.82,25.16,9.0016
5045.83,25.29,9.0016
5046.83,25.18,9.0016
5047.83,25.28,9.0016
5048.83,25.13,9.0016
5049.83,25.16,9.0016
5050.83,25.23,9.0016
5051.84,25.13,9.0016
5052.84,25.29,9.0016
5053.84,25.13,9.0016
5054.84,25.23,9.0016
5055.84,25.14,9.0016
5056.84,25.14,9.0016
5057.85,25.25,9.0016
5058.85,25.14,9.0016
5059.85,25.14,9.0016
5060.85,25.24,9.0016
5061.85,25.13,9.0016
5062.85,25.32,9.0017
5063.85,25.14,9.0017
5064.86,25.14,9.0018
5065.86,25.23,9.0018
5066.86,25.14,9.0018
5067.86,25.13,9.0018
5068.86,25.23,9.0018
5069.86,25.13,9.0018
5070.87,25.24,9.0018
5071.87,25.15,9.0018
5072.87,25.18,9.0018
5073.87,25.3,9.0018
5074.87,25.16,9.0018
5075.87,25.24,9.0018
5076.87,25.16,9.0018
5077.88,25.19,9.0018
5078.88,25.16,9.0018
5079.88,25.24,9.0018
5080.88,25.14,9.0018
5081.88,25.27,9.0018
5082.88,25.21,9.0018
5083.88,25.23,9.0018
5084.89,25.31,9.0018
5085.89,25.19,9.0018
5086.89,25.19,9.0018
5087.89,25.24,9.0018
5088.89,25.14,9.0018
5089.89,25.23,9.0018
5090.9,25.14,9.0018
5091.9,25.13,9.0018
5092.9,25.26,9.0019
5093.9,25.32,9.0019
5094.9,25.23,9.0019
5095.9,25.13,9.0019
5096.91,25.23,9.0019
5097.91,25.14,9.0019
5098.91,25.13,9.0019
5099.91,25.23,9.0019
5100.91,25.18,9.0019
5101.91,25.29,9.0019
5102.92,25.23,9.0019
5103.92,25.2,9.0019
5104.92,25.29,9.0019
5105.92,25.19,9.0019
5106.92,25.23,9.0019
5107.92,25.59,9.0019
5108.93,25.29,9.0019
5109.93,25.15,9.0019
5110.93,25.13,9.0019
5111.93,25.23,9.0019
5112.93,25.21,9.0025
5113.93,25.25,9.0025
5114.94,25.19,9.0025
5115.94,25.19,9.0025
5116.94,25.3,9.0025
5117.94,25.42,9.0025
5118.94,25.29,9.0025
5119.94,25.19,9.0025
5120.94,25.19,9.0025
5121.95,25.29,9.0025
5122.95,25.55,9.0025
5123.95,25.3,9.0026
5124.95,25.2,9.0026
5125.95,25.29,9.0026
5126.95,25.18,9.0026
5127.96,25.21,9.0026
5128.96,25.3,9.0026
5129.96,25.19,9.0026
5130.96,25.28,9.0026
5131.96,25.18,9.0026
5132.97,25.26,9.003
5133.97,25.3,9.003
5134.97,25.19,9.003
5135.97,25.29,9.003
5136.97,25.18,9.003
5137.97,25.28,9.003
5138.97,25.16,9.003
5139.98,25.14,9.003
5140.98,25.23,9.003
5141.98,25.13,9.003
5142.98,25.32,9.0031
5143.98,25.14,9.0031
5144.98,25.13,9.0031
5145.99,25.23,9.0031
5146.99,25.13,9.0031
5147.99,25.24,9.0031
5148.99,25.13,9.0031
5149.99,25.13,9.0031
5150.99,25.22,9.0031
5152.0,25.12,9.0031
5153.0,25.33,9.0031
5154.0,25.22,9.0031
5155.0,25.2,9.0031
5156.0,25.28,9.0031
5157.0,25.19,9.0031
5158.0,25.2,9.0031
5159.01,25.3,9.0031
5160.01,25.19,9.0031
5161.01,25.29,9.0031
5162.01,25.19,9.0031
5163.01,25.32,9.0033
5164.01,25.24,9.0033
5165.02,25.2,9.0033
5166.02,25.3,9.0033
5167.02,25.2,9.0033
5168.02,25.31,9.0033
5169.02,25.2,9.0033
5170.03,25.21,9.0033
5171.03,25.3,9.0033
5172.03,25.2,9.0033
5173.03,25.33,9.0033
5174.03,25.34,9.0033
5175.03,25.3,9.0033
5176.04,25.19,9.0033
5177.04,25.19,9.0033
5178.04,25.3,9.0034
5179.04,25.19,9.0034
5180.04,25.29,9.0034
5181.04,25.18,9.0034
5182.05,25.18,9.0034
5183.05,25.32,9.0034
5184.05,25.22,9.0034
5185.05,25.3,9.0034
5186.05,25.18,9.0034
5187.05,25.19,9.0034
5188.05,25.29,9.0034
5189.06,25.13,9.0034
5190.06,25.25,9.0034
5191.06,25.18,9.0034
5192.06,25.18,9.0034
5193.06,25.32,9.0034
5194.06,25.23,9.0034
5195.07,25.3,9.0034
5196.07,25.19,9.0034
5197.07,25.19,9.0034
5198.07,25.3,9.0035
5199.07,25.13,9.0035
5200.07,25.23,9.0035
5201.08,25.12,9.0035
5202.08,25.12,9.0035
5203.08,25.33,9.0035
5204.08,25.17,9.0035
5205.08,25.27,9.0035
5206.08,25.19,9.0035
5207.08,25.19,9.0035
5208.09,25.3,9.0035
5209.09,25.15,9.0035
5210.09,25.29,9.0035
5211.09,25.19,9.0035
5212.09,25.28,9.0035
5213.1,25.24,9.0035
5214.1,25.24,9.0036
5215.1,25.28,9.0036
5216.1,25.19,9.0036
5217.1,25.29,9.0036
5218.1,25.21,9.0037
5219.11,25.3,9.0037
5220.11,25.89,9.0037
5221.11,25.19,9.0037
5222.11,25.28,9.0037
5223.11,25.16,9.0037
5224.11,25.27,9.0037
5225.11,25.13,9.0037
5226.12,25.13,9.0037
5227.12,25.23,9.0037
5228.12,25.14,9.0037
5229.12,25.24,9.0037
5230.12,25.14,9.0037
5231.12,25.13,9.0037
5232.13,25.23,9.0037
5233.13,25.16,9.0037
5234.13,25.28,9.0037
5235.13,25.13,9.0038
5236.13,25.13,9.0038
5237.13,25.23,9.0038
5238.14,25.13,9.004
5239.14,25.22,9.004
5240.14,25.12,9.004
5241.14,25.23,9.004
5242.14,25.18,9.004
5243.14,25.21,9.004
5244.15,25.35,9.0041
5245.15,25.19,9.0041
5246.15,25.28,9.0041
5247.15,25.19,9.0041
5248.15,25.2,9.0041
5249.15,25.3,9.0041
5250.16,25.2,9.0041
5251.16,25.23,9.0041
5252.16,25.13,9.0041
5253.16,25.18,9.0041
5254.16,25.42,9.0041
5255.16,25.19,9.0041
5256.17,25.29,9.0041
5257.17,25.19,9.0041
5258.17,25.3,9.0041
5259.17,25.19,9.0042
5260.17,25.2,9.0042
5261.17,25.28,9.0042
5262.18,25.18,9.0042
5263.18,25.22,9.0042
5264.18,25.33,9.0042
5265.18,25.18,9.0042
5266.18,25.28,9.0042
5267.18,25.16,9.0042
5268.18,25.17,9.0042
5269.19,25.23,9.0042
5270.19,25.87,9.0042
5271.19,25.18,9.0042
5272.19,25.28,9.0042
5273.19,25.21,9.0042
5274.19,25.34,9.0042
5275.2,25.19,9.0042
5276.2,25.19,9.0042
5277.2,25.29,9.0042
5278.2,25.21,9.0043
5279.2,25.3,9.0043
5280.2,25.19,9.0043
5281.2,25.21,9.0043
5282.21,25.3,9.0043
5283.21,25.22,9.0043
5284.21,25.25,9.0043
5285.21,25.3,9.0043
5286.21,25.19,9.0043
5287.21,25.22,9.0043
5288.21,25.31,9.0043
5289.21,25.2,9.0043
5290.22,25.22,9.0043
5291.22,25.29,9.0043
5292.22,25.2,9.0043
5293.22,25.22,9.0043
5294.22,25.32,9.0043
5295.22,25.22,9.0043
5296.22,25.18,9.0043
5297.23,25.3,9.0043
5298.23,25.21,9.0043
5299.23,25.19,9.0045
5300.23,25.28,9.0045
5301.23,25.2,9.0045
5302.23,36.51,9.0045
5303.23,36.55,9.0045
5304.24,25.14,9.0045
5305.24,25.16,9.0045
5306.24,25.28,9.0045
5307.24,25.16,9.0045
5308.24,25.16,9.0045
5309.24,25.23,9.0045
5310.24,25.14,9.0045
5311.24,25.13,9.0045
5312.25,25.23,9.0045
5313.25,25.16,9.0045
5314.25,25.23,9.0045
5315.25,25.17,9.0046
5316.25,25.15,9.0046
5317.25,25.26,9.0046
5318.25,25.14,9.0046
5319.26,25.16,9.0046
5320.26,25.28,9.0046
5321.26,25.14,9.0046
5322.26,25.13,9.0046
5323.26,25.29,9.0046
5324.26,25.18,9.0046
5325.27,25.22,9.0046
5326.27,25.18,9.0046
5327.27,25.18,9.0046
5328.27,25.3,9.0046
5329.27,25.17,9.0046
5330.27,25.24,9.0046
5331.28,25.13,9.0046
5332.28,25.15,9.0046
5333.28,25.3,9.0046
5334.28,25.17,9.0046
5335.28,25.17,9.0046
5336.28,25.21,9.0046
5337.28,25.11,9.0046
5338.29,25.22,9.0047
5339.29,25.13,9.0047
5340.29,25.16,9.0047
5341.29,25.27,9.0047
5342.29,25.16,9.0047
5343.29,25.3,9.0047
5344.29,25.2,9.0047
5345.3,25.17,9.0047
5346.3,25.27,9.0047
5347.3,25.18,9.0047
5348.3,25.19,9.0047
5349.3,25.29,9.0047
5350.3,25.18,9.0047
5351.31,25.29,9.0047
5352.31,25.18,9.0047
5353.31,25.21,9.0047
5354.31,25.28,9.0047
5355.31,25.17,9.0047
5356.31,25.23,9.0047
5357.32,25.18,9.0047
5358.32,25.19,9.0048
5359.32,25.25,9.0048
5360.32,25.15,9.0048
5361.32,25.28,9.0048
5362.32,25.29,9.0048
5363.33,25.31,9.0048
5364.33,25.14,9.0048
5365.33,25.12,9.0048
5366.33,25.22,9.0048
5367.33,25.13,9.0048
5368.33,25.23,9.0048
5369.34,25.12,9.0048
5370.34,25.12,9.0048
5371.34,25.23,9.0048
5372.34,25.14,9.0048
5373.34,25.25,9.0048
5374.34,64.47,2.1845
5375.34,75.79,2.3672
5376.35,71.84,2.132
5377.35,84.12,2.3544
5378.35,86.28,2.5025
5379.35,59.19,2.7855
5380.35,57.45,2.1817
5381.35,84.38,2.3518
5382.35,76.21,2.1657
5383.35,84.52,2.3558
5384.36,68.81,2.1863
5385.36,81.16,2.3483
5386.36,68.14,2.1725
5387.36,81.55,2.3351
5388.36,76.87,2.1226
5389.36,78.84,2.2953
5390.36,86.44,2.4292
5391.37,66.78,2.2289
5392.37,80.86,2.3589
5393.37,67.16,2.2549
5394.37,81.11,2.5267
5395.37,83.68,2.6282
5396.37,84.45,2.8334
5397.37,79.4,3.0818
5398.37,76.16,3.3223
5399.38,76.36,3.5754
5400.38,75.97,3.8285
5401.38,75.39,4.0326
5402.38,75.88,4.2169
5403.38,76.54,4.3805
5404.38,79.85,4.6334
5405.38,56.32,4.9894
5406.39,34.83,5.3497
5407.39,33.35,5.7222
5408.39,25.91,6.0978
5409.39,27.65,6.4805
5410.39,25.88,6.8559
5411.39,38.98,7.2167
5412.39,25.19,7.2168
5413.4,28.67,7.2169
5414.4,25.7,7.2169
5415.4,25.21,7.2169
5416.4,25.98,7.2169
5417.4,25.31,7.2648
5418.4,25.2,7.3171
5419.41,25.29,7.3171
5420.41,25.2,7.3171
5421.41,25.2,7.3171
5422.41,25.38,7.3171
5423.41,32.85,7.4962
5424.41,25.29,7.4962
5425.42,28.11,7.4963
5426.42,25.23,7.4963
5427.42,25.85,7.4963
5428.42,25.31,7.4963
5429.42,25.3,7.4963
5430.42,26.05,7.4963
5431.43,25.33,7.4963
5432.43,30.71,7.4963
5433.43,25.21,7.4963
5434.43,25.29,7.4963
5435.43,25.19,7.4963
5436.43,25.28,7.4963
5437.43,25.35,7.4963
5438.44,25.18,7.4963
5439.44,25.3,7.4963
5440.44,25.19,7.4963
5441.44,30.57,7.4967
5442.44,25.19,7.4969
5443.44,25.2,7.4969
5444.45,25.29,7.4969
5445.45,25.18,7.4969
5446.45,25.46,7.4969
5447.45,25.2,7.4969
5448.45,25.18,7.4969
5449.45,25.28,7.4969
5450.46,25.52,7.4969
5451.46,30.4,7.497
5452.46,25.2,7.497
5453.46,25.22,7.497
5454.46,25.3,7.497
5455.46,25.24,7.497
5456.46,25.26,7.497
5457.47,28.0,7.497
5458.47,28.49,7.497
5459.47,25.19,7.497
5460.47,31.71,7.628
5461.47,25.19,7.628
5462.47,25.31,7.6281
5463.48,25.21,7.6281
5464.48,25.21,7.6281
5465.48,25.29,7.6281
5466.48,25.12,7.6281
5467.48,25.24,7.6281
5468.48,25.12,7.6281
5469.48,25.14,7.6281
5470.49,25.3,7.8519
5471.49,25.19,8.3193
5472.49,25.3,8.6637
5473.49,37.67,8.8689
5474.49,25.19,8.8689
5475.49,25.29,8.8689
5476.5,25.19,8.8689
5477.5,25.3,8.8689
5478.5,25.19,8.8689
5479.5,25.19,8.8689
5480.5,25.29,8.8689
5481.5,25.2,8.8689
5482.51,25.3,8.8689
5483.51,25.2,8.8689
5484.51,25.27,8.8693
5485.51,31.82,8.8694
5486.51,39.97,8.8694
5487.51,25.15,8.8694
5488.51,25.23,8.8694
5489.52,25.24,8.8694
5490.52,25.26,8.8694
5491.52,25.5,8.8694
5492.52,25.18,8.8694
5493.52,25.29,8.8694
5494.52,25.18,8.8694
5495.53,25.27,8.8694
5496.53,25.18,8.8694
5497.53,25.26,8.8694
5498.53,25.17,8.8694
5499.53,25.18,8.8694
5500.53,25.3,8.8694
5501.54,25.17,8.8694
5502.54,25.29,8.8695
5503.54,25.14,8.8695
5504.54,25.92,8.8695
5505.54,25.21,8.8695
5506.54,25.63,8.8695
5507.55,25.26,8.8695
5508.55,25.17,8.8695
5509.55,25.11,8.8695
5510.55,25.22,8.8695
5511.55,25.18,8.8695
5512.55,25.29,8.8695
5513.56,25.2,8.8695
5514.56,25.28,8.8695
5515.56,25.2,8.8695
5516.56,25.12,8.8695
5517.56,25.29,8.8695
5518.56,25.12,8.8695
5519.57,25.22,8.8695
5520.57,25.12,8.8695
5521.57,25.12,8.8695
5522.57,25.28,8.8696
5523.57,25.15,8.8696
5524.57,25.21,8.8697
5525.58,25.11,8.8697
5526.58,25.17,8.8697
5527.58,25.6,8.8697
5528.58,25.18,8.8697
5529.58,25.36,8.8697
5530.58,25.17,8.8697
5531.58,25.17,8.8697
5532.59,25.29,8.8697
5533.59,25.19,8.8697
5534.59,25.28,8.8697
5535.59,25.19,8.8697
5536.59,25.17,8.8697
5537.59,25.28,8.8697
5538.6,25.17,8.8697
5539.6,25.49,8.8697
5540.6,25.63,8.8697
5541.6,25.17,8.8697
5542.6,25.29,8.8697
5543.6,25.19,8.8697
5544.61,25.28,8.8697
5545.61,25.15,8.8697
5546.61,25.14,8.8697
5547.61,25.25,8.8699
5548.61,25.18,8.8699
5549.61,25.26,8.8699
5550.62,25.17,8.8699
5551.62,25.18,8.8699
5552.62,25.29,8.8699
5553.62,25.18,8.8699
5554.62,25.24,8.8699
5555.62,25.13,8.8699
5556.62,25.14,8.8699
5557.63,25.24,8.8699
5558.63,25.12,8.8699
5559.63,25.23,8.8699
5560.63,25.12,8.8699
5561.63,25.12,8.8699
5562.63,25.25,8.8699
5563.64,25.2,8.8699
5564.64,25.25,8.8699
5565.64,25.11,8.8699
5566.64,25.12,8.8699
5567.64,25.23,8.87
5568.64,25.12,8.87
5569.65,25.22,8.87
5570.65,25.13,8.87
5571.65,25.18,8.87
5572.65,25.25,8.87
5573.65,25.13,8.87
5574.65,25.27,8.87
5575.66,25.15,8.87
5576.66,25.17,8.87
5577.66,25.27,8.87
5578.66,25.12,8.87
5579.66,25.25,8.87
5580.66,25.18,8.87
5581.66,25.18,8.87
5582.67,25.3,8.87
5583.67,25.13,8.87
5584.67,25.23,8.87
5585.67,25.12,8.8701
5586.67,25.12,8.8701
5587.67,25.25,8.8701
5588.68,25.15,8.8701
5589.68,25.23,8.8701
5590.68,25.13,8.8701
5591.68,25.17,8.8701
5592.68,25.3,8.8702
5593.68,25.58,8.8702
5594.69,25.28,8.8702
5595.69,25.15,8.8702
5596.69,25.17,8.8702
5597.69,25.31,8.8702
5598.69,25.18,8.8702
5599.69,25.17,8.8702
5600.69,25.29,8.8702
5601.69,25.17,8.8702
5602.7,25.2,8.8702
5603.7,25.29,8.8702
5604.7,25.17,8.8702
5605.7,25.17,8.8702
5606.7,25.29,8.8702
5607.7,25.18,8.8704
5608.7,25.17,8.8704
5609.71,25.27,8.8704
5610.71,25.17,8.8704
5611.71,25.26,8.8704
5612.71,25.21,8.8704
5613.71,25.17,8.8704
5614.71,25.27,8.8704
5615.72,25.17,8.8704
5616.72,25.27,8.8704
5617.72,25.18,8.8704
5618.72,25.17,8.8704
5619.72,25.28,8.8704
5620.72,25.17,8.8704
5621.73,25.28,8.8704
5622.73,25.25,8.8704
5623.73,25.18,8.8704
5624.73,25.27,8.8704
5625.73,26.34,8.8704
5626.73,25.23,8.8704
5627.73,25.12,8.8705
5628.74,25.15,8.8705
5629.74,25.27,8.8705
5630.74,25.17,8.8705
5631.74,25.17,8.8705
5632.74,25.3,8.8705
5633.74,25.17,8.8705
5634.75,25.27,8.8705
5635.75,25.17,8.8705
5636.75,25.17,8.8705
5637.75,25.29,8.8705
5638.75,25.18,8.8705
5639.75,25.17,8.8705
5640.75,25.28,8.8705
5641.76,25.17,8.8705
5642.76,25.3,8.8705
5643.76,25.13,8.8705
5644.76,25.12,8.8705
5645.76,25.22,8.8705
5646.76,25.12,8.8705
5647.77,25.23,8.8706
5648.77,25.12,8.8706
5649.77,25.13,8.8706
5650.77,25.26,8.8706
5651.77,25.18,8.8706
5652.77,25.31,8.8706
5653.78,25.18,8.8706
5654.78,25.16,8.8706
5655.78,25.3,8.8706
5656.78,25.17,8.8706
5657.78,25.17,8.8706
5658.78,25.22,8.8706
5659.78,25.12,8.8706
5660.79,25.22,8.8706
5661.79,25.13,8.8706
5662.79,25.14,8.8706
5663.79,25.21,8.8706
5664.79,25.11,8.8706
5665.79,25.24,8.8706
5666.79,25.16,8.8706
5667.8,25.18,8.8706
5668.8,25.27,8.8706
5669.8,25.16,8.8706
5670.8,25.18,8.8706
5671.8,25.28,8.8706
5672.8,25.21,8.8706
5673.81,25.28,8.8706
5674.81,25.18,8.8706
5675.81,25.18,8.8706
5676.81,25.28,8.8706
5677.81,25.19,8.8706
5678.81,25.27,8.8706
5679.81,25.26,8.8706
5680.82,25.17,8.8706
5681.82,25.26,8.8706
5682.82,25.2,8.8706
5683.82,25.17,8.8706
5684.82,25.28,8.8706
5685.82,25.17,8.8706
5686.83,25.27,8.8706
5687.83,25.19,8.8706
5688.83,25.17,8.8706
5689.83,25.27,8.8706
5690.83,25.18,8.8706
5691.83,25.17,8.8706
5692.83,25.3,8.8707
5693.84,25.17,8.8707
5694.84,25.27,8.8707
5695.84,25.17,8.8707
5696.84,25.18,8.8707
5697.84,25.28,8.8707
5698.84,25.16,8.8707
5699.85,25.28,8.8707
5700.85,25.17,8.8707
5701.85,25.18,8.8707
5702.85,25.31,8.8707
5703.85,25.16,8.8707
5704.85,25.17,8.8707
5705.85,25.27,8.8707
5706.86,25.17,8.8707
5707.86,25.18,8.8707
5708.86,25.27,8.8707
5709.86,25.23,8.8707
5710.86,25.25,8.8707
5711.86,25.17,8.8707
5712.86,25.2,8.8708
5713.87,25.27,8.8708
5714.87,25.18,8.8708
5715.87,25.27,8.8708
5716.87,25.16,8.8708
5717.87,25.14,8.8708
5718.87,25.26,8.8708
5719.88,25.17,8.8708
5720.88,25.22,8.8708
5721.88,25.12,8.8708
5722.88,25.19,8.8708
5723.88,25.29,8.8708
5724.88,25.16,8.8708
5725.88,25.17,8.8708
5726.89,25.28,8.8708
5727.89,25.2,8.8709
5728.89,25.17,8.8709
5729.89,25.27,8.8709
5730.89,25.2,8.8709
5731.89,25.19,8.8709
5732.89,25.2,8.8709
5733.89,25.27,8.8709
5734.89,25.18,8.8711
5735.9,25.18,8.8709
5736.9,25.27,8.8709
5737.9,25.18,8.8711
5738.9,25.17,8.8711
5739.9,25.28,8.8711
5740.9,25.18,8.8711
5741.91,25.27,8.8711
5742.91,25.2,8.8711
5743.91,25.17,8.8711
5744.91,25.27,8.8711
5745.91,25.13,8.8711
5746.91,25.21,8.8711
5747.91,25.13,8.8711
5748.92,25.11,8.8711
5749.92,25.22,8.8711
5750.92,25.12,8.8711
5751.92,25.21,8.8711
5752.92,25.16,8.8711
5753.92,25.15,8.8711
5754.93,25.23,8.8711
5755.93,25.17,8.8711
5756.93,25.27,8.8711
5757.93,25.18,8.8712
5758.93,25.92,8.8712
5759.93,25.27,8.8712
5760.94,25.17,8.8712
5761.94,25.17,8.8712
5762.94,25.3,8.8712
5763.94,25.17,8.8712
5764.94,25.27,8.8712
5765.94,25.19,8.8712
5766.94,25.17,8.8712
5767.95,25.28,8.8712
5768.95,25.17,8.8712
5769.95,25.29,8.8712
5770.95,25.17,8.8712
5771.95,25.18,8.8712
5772.95,25.29,8.8712
5773.95,25.19,8.8712
5774.96,25.18,8.8712
5775.96,25.27,8.8712
5776.96,25.18,8.8712
5777.96,25.18,8.8713
5778.96,25.27,8.8713
5779.96,25.17,8.8713
5780.97,25.27,8.8713
5781.97,25.17,8.8713
5782.97,25.2,8.8713
5783.97,25.27,8.8713
5784.97,25.14,8.8713
5785.97,25.21,8.8713
5786.97,25.16,8.8713
5787.98,25.18,8.8713
5788.98,25.27,8.8713
5789.98,25.2,8.8713
5790.98,25.17,8.8713
5791.98,25.27,8.8713
5792.98,25.14,8.8713
5793.98,25.12,8.8713
5794.99,25.21,8.8713
5795.99,25.11,8.8713
5796.99,25.21,8.8713
5797.99,25.15,8.8714
5798.99,25.15,8.8714
5799.99,25.28,8.8714
5801.0,25.17,8.8714
5802.0,25.27,8.8714
5803.0,25.16,8.8714
5804.0,25.11,8.8714
5805.0,25.21,8.8714
5806.0,25.11,8.8714
5807.01,25.22,8.8714
5808.01,25.12,8.8714
5809.01,25.11,8.8714
5810.01,25.21,8.8714
5811.01,25.11,8.8714
5812.01,25.21,8.8714
5813.01,25.19,8.8715
5814.02,25.17,8.8715
5815.02,25.22,8.8715
5816.02,25.11,8.8715
5817.02,25.14,8.8715
5818.02,25.3,8.8717
5819.02,25.18,8.8717
5820.02,25.18,8.8717
5821.03,25.3,8.8717
5822.03,25.18,8.8717
5823.03,25.2,8.8717
5824.03,25.29,8.8717
5825.03,25.18,8.8717
5826.03,25.18,8.8717
5827.03,25.29,8.8717
5828.03,25.18,8.8717
5829.04,25.16,8.8717
5830.04,25.23,8.8717
5831.04,25.11,8.8717
5832.04,25.21,8.8717
5833.04,25.16,8.8717
5834.04,25.17,8.8717
5835.05,25.29,8.8717
5836.05,25.12,8.8717
5837.05,25.17,8.8717
5838.05,25.28,8.8717
5839.05,25.14,8.8717
5840.05,25.13,8.8717
5841.05,25.27,8.8717
5842.06,25.17,8.8717
5843.06,25.3,8.8718
5844.06,25.17,8.8718
5845.06,25.17,8.8718
5846.06,25.28,8.8718
5847.06,25.17,8.8718
5848.07,25.28,8.8718
5849.07,25.17,8.8718
5850.07,25.18,8.8718
5851.07,25.27,8.8718
5852.07,25.17,8.8718
5853.07,25.19,8.8718
5854.07,25.27,8.8718
5855.08,25.17,8.8718
5856.08,25.27,8.8718
5857.08,25.17,8.8718
5858.08,25.18,8.8718
5859.08,25.27,8.8718
5860.08,25.18,8.8718
5861.09,25.27,8.8718
5862.09,25.17,8.8718
5863.09,25.19,8.8719
5864.09,25.27,8.8719
5865.09,25.17,8.8719
5866.09,25.27,8.8719
5867.09,25.17,8.8719
5868.1,25.18,8.8719
5869.1,25.27,8.8719
5870.1,25.17,8.8719
5871.1,25.27,8.8719
5872.1,25.17,8.8719
5873.1,25.2,8.8719
5874.11,25.27,8.8719
5875.11,25.17,8.8719
5876.11,25.27,8.8719
5877.11,25.17,8.8719
5878.11,25.18,8.8719
5879.11,25.27,8.8719
5880.12,25.17,8.8719
5881.12,25.23,8.8719
5882.12,25.12,8.8719
5883.12,25.14,8.8719
5884.12,25.21,8.8719
5885.12,25.11,8.8719
5886.12,25.12,8.8719
5887.13,25.22,8.8719
5888.13,25.14,8.8719
5889.13,25.27,8.8719
5890.13,25.18,8.8719
5891.13,25.16,8.8719
5892.13,25.26,8.8719
5893.14,25.2,8.8719
5894.14,25.28,8.8719
5895.14,25.17,8.8719
5896.14,25.18,8.8719
5897.14,25.27,8.8719
5898.14,25.18,8.872
5899.15,25.27,8.872
5900.15,25.16,8.872
5901.15,25.16,8.872
5902.15,25.27,8.872
5903.15,25.19,8.872
5904.15,25.27,8.872
5905.15,25.18,8.872
5906.16,25.18,8.872
5907.16,25.29,8.872
5908.16,25.18,8.872
5909.16,25.18,8.872
5910.16,25.27,8.872
5911.16,25.18,8.872
5912.16,25.2,8.872
5913.17,25.18,8.872
5914.17,25.28,8.872
5915.17,25.17,8.872
5916.17,25.28,8.872
5917.17,25.17,8.872
5918.17,25.18,8.8722
5919.17,25.27,8.8722
5920.18,25.18,8.8722
5921.18,25.18,8.8722
5922.18,25.27,8.8722
5923.18,25.2,8.8722
5924.18,25.27,8.8722
5925.18,25.16,8.8722
5926.18,25.16,8.8722
5927.19,25.27,8.8722
5928.19,25.19,8.8722
5929.19,25.17,8.8723
5930.19,25.26,8.8723
5931.19,25.17,8.8723
5932.19,25.28,8.8723
5933.19,25.2,8.8723
5934.2,25.17,8.8723
5935.2,25.27,8.8723
5936.2,25.17,8.8723
5937.2,25.17,8.8723
5938.2,25.27,8.8723
5939.2,25.17,8.8723
5940.21,25.28,8.8723
5941.21,25.17,8.8723
5942.21,25.18,8.8723
5943.21,25.29,8.8724
5944.21,25.17,8.8724
5945.21,25.19,8.8724
5946.21,25.27,8.8724
5947.21,25.17,8.8724
5948.22,25.17,8.8724
5949.22,25.27,8.8724
5950.22,25.18,8.8724
5951.22,25.27,8.8724
5952.22,25.17,8.8724
5953.22,25.21,8.8724
5954.23,25.27,8.8724
5955.23,25.17,8.8724
5956.23,25.17,8.8724
5957.23,25.27,8.8724
5958.23,25.18,8.8724
5959.23,25.28,8.8724
5960.23,25.14,8.8724
5961.24,25.17,8.8724
5962.24,25.25,8.8724
5963.24,25.14,8.8725
5964.24,25.21,8.8725
5965.24,25.11,8.8725
5966.24,25.11,8.8725
5967.25,25.21,8.8725
5968.25,25.12,8.8725
5969.25,25.22,8.8725
5970.25,25.11,8.8725
5971.25,25.11,8.8725
5972.25,25.24,8.8725
5973.26,25.19,8.8725
5974.26,25.16,8.8725
5975.26,25.26,8.8725
5976.26,25.15,8.8725
5977.26,25.25,8.8725
5978.26,25.19,8.8725
5979.26,25.18,8.8725
5980.27,25.27,8.8725
5981.27,25.17,8.8725
5982.27,25.28,8.8725
5983.27,25.19,8.8725
5984.27,25.17,8.8725
5985.27,25.27,8.8725
5986.28,25.15,8.8725
5987.28,25.12,8.8725
5988.28,25.22,8.8726
5989.28,25.17,8.8726
5990.28,25.26,8.8726
5991.28,25.17,8.8726
5992.28,25.17,8.8726
5993.29,25.29,8.8726
5994.29,25.16,8.8726
5995.29,25.27,8.8726
5996.29,25.17,8.8726
5997.29,25.17,8.8726
5998.29,25.28,8.8726
5999.3,25.17,8.8726
6000.3,25.26,8.8726
6001.3,25.17,8.8726
6002.3,25.17,8.8726
6003.3,25.3,8.8726
6004.3,25.17,8.8726
6005.31,25.27,8.8726
6006.31,25.17,8.8726
6007.31,25.15,8.8726
6008.31,25.22,8.8728
6009.31,25.13,8.8728
6010.31,25.22,8.8728
6011.32,25.12,8.8728
6012.32,25.12,8.8728
6013.32,25.24,8.8728
6014.32,25.12,8.8728
6015.32,25.21,8.8728
6016.32,25.11,8.8728
6017.32,25.12,8.8728
6018.33,25.25,8.8729
6019.33,25.18,8.8729
6020.33,25.27,8.8729
6021.33,25.17,8.8729
6022.33,25.14,8.8729
6023.33,25.24,8.8729
6024.34,25.12,8.8729
6025.34,25.22,8.8729
6026.34,25.16,8.8729
6027.34,25.17,8.8729
6028.34,25.29,8.8729
6029.34,25.17,8.8729
6030.34,25.17,8.8729
6031.35,25.28,8.8729
6032.35,25.15,8.8729
6033.35,25.19,8.873
6034.35,25.28,8.873
6035.35,25.17,8.873
6036.35,25.28,8.873
6037.35,25.17,8.873
6038.36,25.18,8.873
6039.36,25.29,8.873
6040.36,25.17,8.873
6041.36,25.18,8.873
6042.36,25.37,8.873
6043.36,25.13,8.873
6044.37,25.25,8.873
6045.37,25.17,8.873
6046.37,25.17,8.873
6047.37,25.28,8.873
6048.37,25.18,8.873
6049.37,25.25,8.873
6050.37,25.12,8.873
6051.38,25.17,8.873
6052.38,25.27,8.873
6053.38,25.2,8.8731
6054.38,25.18,8.8731
6055.38,25.27,8.8731
6056.38,25.12,8.8731
6057.38,25.14,8.8731
6058.39,25.27,8.8731
6059.39,25.19,8.8731
6060.39,25.27,8.8731
6061.39,25.16,8.8731
6062.39,25.18,8.8731
6063.39,25.28,8.8731
6064.4,25.17,8.8731
6065.4,25.63,8.8748
6066.4,25.14,8.8748
6067.4,25.2,8.8748
6068.4,25.26,8.8748
6069.4,25.18,8.8748
6070.4,25.17,8.8748
6071.41,25.27,8.8748
6072.41,25.19,8.8749
6073.41,25.29,8.8749
6074.41,25.18,8.8749
6075.41,25.18,8.8749
6076.41,25.28,8.8749
6077.42,25.19,8.8749
6078.42,25.27,8.8749
6079.42,25.17,8.8749
6080.42,25.18,8.8749
6081.42,25.28,8.8749
6082.42,25.18,8.8749
6083.43,25.29,8.8749
6084.43,25.17,8.8749
6085.43,25.13,8.8749
6086.43,25.29,8.8749
6087.43,25.13,8.8749
6088.43,25.11,8.8749
6089.43,25.27,8.8749
6090.44,25.16,8.8749
6091.44,25.17,8.8749
6092.44,25.28,8.8751
6093.44,25.17,8.8751
6094.44,25.24,8.8751
6095.44,25.14,8.8751
6096.44,25.15,8.8751
6097.45,25.27,8.8751
6098.45,25.17,8.8751
6099.45,25.28,8.8751
6100.45,25.17,8.8751
6101.45,25.17,8.8751
6102.45,25.24,8.8751
6103.46,25.18,8.8751
6104.46,25.27,8.8751
6105.46,25.16,8.8751
6106.46,25.17,8.8751
6107.46,25.25,8.8751
6108.46,25.11,8.8751
6109.47,25.22,8.8751
6110.47,25.11,8.8751
6111.47,25.11,8.8751
6112.47,25.23,8.8752
6113.47,25.17,8.8751
6114.47,25.15,8.8751
6115.47,25.26,8.8751
6116.48,25.14,8.8752
6117.48,25.13,8.8752
6118.48,25.21,8.8752
6119.48,25.11,8.8752
6120.48,25.21,8.8752
6121.48,25.11,8.8752
6122.48,25.13,8.8752
6123.49,25.28,8.8752
6124.49,25.17,8.8752
6125.49,25.17,8.8752
6126.49,25.27,8.8752
6127.49,25.18,8.8752
6128.49,25.27,8.8752
6129.5,25.18,8.8752
6130.5,25.16,8.8752
6131.5,25.27,8.8752
6132.5,25.18,8.8753
6133.5,25.3,8.8753
6134.5,25.18,8.8753
6135.5,25.17,8.8753
6136.51,25.29,8.8753
6137.51,25.18,8.8753
6138.51,25.17,8.8753
6139.51,25.29,8.8753
6140.51,25.16,8.8753
6141.51,25.17,8.8753
6142.51,25.29,8.8753
6143.51,25.17,8.8753
6144.52,25.17,8.8753
6145.52,25.38,8.8753
6146.52,25.16,8.8753
6147.52,25.17,8.8753
6148.52,25.26,8.8753
6149.52,25.19,8.8753
6150.52,25.16,8.8753
6151.53,25.28,8.8753
6152.53,25.19,8.8753
6153.53,25.28,8.8753
6154.53,25.27,8.8753
6155.53,25.16,8.8753
6156.53,25.16,8.8753
6157.53,25.3,8.8754
6158.53,25.16,8.8754
6159.54,25.18,8.8754
6160.54,25.29,8.8754
6161.54,25.18,8.8754
6162.54,25.19,8.8754
6163.54,25.29,8.8754
6164.54,25.17,8.8754
6165.54,25.17,8.8754
6166.55,25.27,8.8754
6167.55,25.18,8.8754
6168.55,25.27,8.8754
6169.55,25.18,8.8754
6170.55,25.17,8.8754
6171.55,25.26,8.8754
6172.56,25.14,8.8754
6173.56,25.14,8.8754
6174.56,25.21,8.8754
6175.56,25.11,8.8754
6176.56,25.12,8.8754
6177.56,25.23,8.8755
6178.56,25.11,8.8755
6179.57,25.21,8.8755
6180.57,25.11,8.8755
6181.57,25.11,8.8755
6182.57,25.22,8.8755
6183.57,25.12,8.8755
6184.57,25.25,8.8755
6185.57,25.16,8.8755
6186.58,25.17,8.8755
6187.58,25.28,8.8755
6188.58,25.17,8.8755
6189.58,25.18,8.8755
6190.58,25.25,8.8755
6191.58,25.11,8.8755
6192.59,25.22,8.8755
6193.59,25.13,8.8755
6194.59,25.12,8.8755
6195.59,25.25,8.8755
6196.59,25.17,8.8755
6197.59,25.28,8.8757
6198.6,25.17,8.8757
6199.6,25.17,8.8757
6200.6,25.26,8.8757
6201.6,25.17,8.8757
6202.6,25.28,8.8757
6203.6,25.18,8.8757
6204.6,25.17,8.8757
6205.61,25.28,8.8757
6206.61,25.17,8.8757
6207.61,25.28,8.8757
6208.61,25.16,8.8757
6209.61,25.17,8.8757
6210.61,25.27,8.8757
6211.62,25.17,8.8757
6212.62,25.17,8.8757
6213.62,25.29,8.8757
6214.62,25.17,8.8757
6215.62,25.26,8.8757
6216.62,25.16,8.8757
6217.62,25.17,8.8757
6218.63,25.27,8.8757
6219.63,25.18,8.8759
6220.63,25.26,8.8759
6221.63,25.16,8.8759
6222.63,25.17,8.8759
6223.63,25.29,8.8759
6224.64,25.17,8.8759
6225.64,25.27,8.8759
6226.64,25.16,8.8759
6227.64,25.18,8.8759
6228.64,25.26,8.8759
6229.64,25.17,8.8759
6230.64,25.17,8.8759
6231.65,25.26,8.8759
6232.65,25.14,8.8759
6233.65,25.23,8.8759
6234.65,25.12,8.8759
6235.65,25.11,8.8759
6236.65,25.23,8.8759
6237.66,25.17,8.8759
6238.66,25.27,8.8759
6239.66,25.16,8.8759
6240.66,25.11,8.8759
6241.66,25.21,8.8759
6242.66,25.14,8.876
6243.67,25.21,8.876
6244.67,25.11,8.876
6245.67,25.11,8.876
6246.67,25.22,8.876
6247.67,25.18,8.876
6248.67,25.13,8.876
6249.67,25.26,8.876
6250.68,25.17,8.876
6251.68,25.27,8.8761
6252.68,25.19,8.8761
6253.68,25.17,8.8761
6254.68,25.27,8.8761
6255.68,25.17,8.8761
6256.69,25.26,8.8761
6257.69,25.18,8.8761
6258.69,25.17,8.8761
6259.69,25.27,8.8761
6260.69,25.17,8.8761
6261.69,25.28,8.8761
6262.69,25.2,8.8763
6263.7,25.17,8.8763
6264.7,25.27,8.8763
6265.7,25.16,8.8763
6266.7,25.24,8.8763
6267.7,25.17,8.8763
6268.7,25.11,8.8763
6269.71,25.27,8.8763
6270.71,25.17,8.8763
6271.71,25.16,8.8763
6272.71,25.31,8.8763
6273.71,25.17,8.8763
6274.71,25.17,8.8763
6275.71,25.28,8.8763
6276.71,25.17,8.8763
6277.72,25.17,8.8763
6278.72,25.29,8.8763
6279.72,25.18,8.8763
6280.72,25.17,8.8763
6281.72,25.28,8.8763
6282.72,25.16,8.8764
6283.72,25.09,8.8764
6284.73,25.2,8.8764
6285.73,25.11,8.8764
6286.73,25.21,8.8764
6287.73,25.17,8.8764
6288.73,25.17,8.8764
6289.73,25.27,8.8764
6290.74,25.17,8.8764
6291.74,25.16,8.8764
6292.74,25.3,8.8764
6293.74,25.17,8.8764
6294.74,25.27,8.8764
6295.74,25.17,8.8764
6296.74,25.17,8.8764
6297.75,25.31,8.8764
6298.75,25.17,8.8764
6299.75,25.17,8.8764
6300.75,25.29,8.8764
6301.75,25.16,8.8764
6302.75,25.2,8.8764
6303.75,25.29,8.8764
6304.75,25.17,8.8764
6305.76,25.17,8.8764
6306.76,25.27,8.8764
6307.76,25.18,8.8765
6308.76,25.27,8.8765
6309.76,25.18,8.8765
6310.76,25.17,8.8765
6311.77,25.28,8.8765
6312.77,25.19,8.8765
6313.77,25.14,8.8765
6314.77,25.26,8.8765
6315.77,25.18,8.8765
6316.77,25.28,8.8765
6317.77,25.18,8.8765
6318.78,25.17,8.8765
6319.78,25.27,8.8765
6320.78,25.14,8.8765
6321.78,25.13,8.8765
6322.78,25.29,8.8765
6323.78,25.17,8.8765
6324.79,25.28,8.8765
6325.79,25.17,8.8765
6326.79,25.17,8.8765
6327.79,25.31,8.8766
6328.79,25.17,8.8766
6329.79,25.17,8.8765
6330.79,25.28,8.8765
6331.79,25.21,8.8765
6332.8,25.23,8.8765
6333.8,25.26,8.8765
6334.8,25.17,8.8765
6335.8,25.23,8.8765
6336.8,25.09,8.8765
6337.8,25.12,8.8765
6338.81,25.21,8.8765
6339.81,25.13,8.8767
6340.81,25.14,8.8767
6341.81,25.26,8.8767
6342.81,25.16,8.8767
6343.81,25.23,8.8767
6344.81,25.15,8.8767
6345.82,25.16,8.8767
6346.82,25.27,8.8767
6347.82,25.18,8.8768
6348.82,25.27,8.8768
6349.82,25.17,8.8768
6350.82,25.17,8.8768
6351.83,25.27,8.8768
6352.83,25.2,8.8768
6353.83,25.17,8.8768
6354.83,25.27,8.8768
6355.83,25.17,8.8768
6356.83,25.27,8.8768
6357.84,25.18,8.8768
6358.84,25.17,8.8768
6359.84,25.27,8.8768
6360.84,25.12,8.8768
6361.84,25.14,8.8768
6362.84,25.29,8.8768
6363.84,25.2,8.8768
6364.85,25.18,8.8768
6365.85,25.13,8.8768
6366.85,25.12,8.8768
6367.85,25.25,8.8768
6368.85,25.17,8.8768
6369.85,25.17,8.8768
6370.85,25.26,8.8768
6371.86,25.17,8.8768
6372.86,25.29,8.8769
6373.86,25.16,8.8769
6374.86,25.17,8.8769
6375.86,25.27,8.8769
6376.86,25.17,8.8769
6377.87,25.29,8.8769
6378.87,25.16,8.8769
6379.87,25.16,8.8769
6380.87,25.26,8.8769
6381.87,25.17,8.8769
6382.87,25.19,8.8769
6383.87,25.33,8.8769
6384.88,25.11,8.8769
6385.88,25.21,8.8769
6386.88,25.17,8.8769
6387.88,25.16,8.8769
6388.88,25.21,8.8769
6389.88,25.12,8.8769
6390.89,25.27,8.8769
6391.89,25.17,8.8769
6392.89,25.19,8.877
6393.89,25.27,8.877
6394.89,25.13,8.877
6395.89,25.1,8.877
6396.89,25.2,8.877
6397.9,25.12,8.877
6398.9,25.21,8.877
6399.9,25.12,8.877
6400.9,25.13,8.877
6401.9,25.27,8.877
6402.9,25.37,8.877
6403.91,25.24,8.877
6404.91,25.14,8.877
6405.91,25.15,8.877
6406.91,25.26,8.877
6407.91,25.17,8.877
6408.91,25.27,8.877
6409.92,25.17,8.877
6410.92,25.17,8.877
6411.92,25.27,8.877
6412.92,25.2,8.8771
6413.92,25.27,8.8771
6414.92,25.17,8.8771
6415.92,25.16,8.8771
6416.93,25.27,8.8771
6417.93,25.18,8.8771
6418.93,25.16,8.8771
6419.93,25.26,8.8771
6420.93,25.16,8.8771
6421.93,25.26,8.8771
6422.94,25.2,8.8771
6423.94,25.17,8.8771
6424.94,25.27,8.8771
6425.94,25.17,8.8771
6426.94,25.27,8.8771
6427.94,25.18,8.8771
6428.94,25.17,8.8771
6429.95,25.25,8.8771
6430.95,25.11,8.8771
6431.95,25.11,8.8771
6432.95,25.24,8.8771
6433.95,25.12,8.8771
6434.95,25.21,8.8771
6435.96,25.11,8.8771
6436.96,25.11,8.8771
6437.96,25.22,8.8773
6438.96,25.11,8.8773
6439.96,25.21,8.8773
6440.96,25.13,8.8773
6441.96,25.17,8.8773
6442.97,25.3,8.8773
6443.97,25.18,8.8773
6444.97,25.27,8.8773
6445.97,25.17,8.8773
6446.97,25.17,8.8773
6447.97,25.25,8.8773
6448.98,25.13,8.8773
6449.98,25.28,8.8773
6450.98,25.17,8.8773
6451.98,25.18,8.8773
6452.98,25.29,8.8773
6453.98,25.17,8.8773
6454.98,25.18,8.8773
6455.99,25.22,8.8773
6456.99,25.12,8.8773
6457.99,25.12,8.8774
6458.99,25.21,8.8774
6459.99,25.12,8.8774
6460.99,25.12,8.8774
6461.99,25.23,8.8774
6463.0,25.17,8.8774
6464.0,25.22,8.8774
6465.0,25.12,8.8774
6466.0,25.17,8.8774
6467.0,25.25,8.8774
6468.0,25.17,8.8774
6469.01,25.17,8.8774
6470.01,25.27,8.8774
6471.01,25.16,8.8774
6472.01,25.26,8.8774
6473.01,25.19,8.8774
6474.01,25.16,8.8774
6475.01,25.26,8.8774
6476.02,25.17,8.8774
6477.02,25.27,8.8774
6478.02,25.19,8.8775
6479.02,25.17,8.8775
6480.02,25.27,8.8775
6481.02,25.17,8.8775
6482.03,25.27,8.8775
6483.03,25.19,8.8775
6484.03,25.18,8.8775
6485.03,25.27,8.8775
6486.03,25.17,8.8775
6487.03,25.16,8.8775
6488.03,25.27,8.8775
6489.04,25.16,8.8775
6490.04,25.27,8.8775
6491.04,25.16,8.8775
6492.04,25.17,8.8775
6493.04,25.29,8.8775
6494.04,25.19,8.8775
6495.04,25.16,8.8775
6496.05,25.26,8.8775
6497.05,25.17,8.8775
6498.05,25.28,8.8776
6499.05,25.16,8.8776
6500.05,25.17,8.8776
6501.05,25.26,8.8776
6502.06,25.11,8.8776
6503.06,25.3,8.8776
6504.06,25.17,8.8776
6505.06,25.18,8.8776
6506.06,25.27,8.8776
6507.06,25.17,8.8776
6508.07,25.28,8.8776
6509.07,25.16,8.8776
6510.07,25.17,8.8776
6511.07,25.27,8.8776
6512.07,25.17,8.8776
6513.07,25.2,8.8776
6514.07,25.28,8.8776
6515.08,25.17,8.8776
6516.08,25.26,8.8776
6517.08,25.16,8.8776
6518.08,25.13,8.8778
6519.08,25.21,8.8778
6520.08,25.12,8.8778
6521.09,25.21,8.8778
6522.09,25.11,8.8778
6523.09,25.13,8.8778
6524.09,25.21,8.8778
6525.09,25.11,8.8778
6526.09,25.21,8.8778
6527.1,25.13,8.8778
6528.1,25.18,8.8778
6529.1,25.27,8.8778
6530.1,25.17,8.8778
6531.1,25.27,8.8778
6532.1,25.16,8.8778
6533.1,25.21,8.8778
6534.11,25.27,8.8778
6535.11,25.17,8.8778
6536.11,25.17,8.8778
6537.11,25.27,8.8778
6538.11,25.19,8.8778
6539.11,25.17,8.8778
6540.11,25.26,8.8778
6541.12,25.17,8.8778
6542.12,25.26,8.8778
6543.12,25.14,8.8779
6544.12,25.12,8.8779
6545.12,25.21,8.8779
6546.12,25.11,8.8779
6547.13,25.23,8.8779
6548.13,25.18,8.8779
6549.13,25.14,8.8779
6550.13,25.22,8.8779
6551.13,25.15,8.8779
6552.13,25.27,8.8779
6553.13,25.2,8.8779
6554.14,25.17,8.8779
6555.14,25.27,8.8779
6556.14,25.17,8.8779
6557.14,25.27,8.8779
6558.14,25.17,8.8779
6559.14,25.17,8.8779
6560.15,25.25,8.8779
6561.15,25.16,8.8779
6562.15,25.17,8.8779
6563.15,26.05,8.878
6564.15,25.17,8.878
6565.15,25.15,8.878
6566.15,25.21,8.878
6567.16,25.12,8.878
6568.16,25.23,8.878
6569.16,25.11,8.878
6570.16,25.12,8.878
6571.16,25.21,8.878
6572.16,25.14,8.878
6573.16,25.2,8.878
6574.17,25.27,8.878
6575.17,25.17,8.878
6576.17,25.27,8.878
6577.17,25.17,8.878
6578.17,25.18,8.878
6579.17,25.27,8.878
6580.18,25.3,8.878
6581.18,25.26,8.878
6582.18,25.17,8.878
6583.18,25.19,8.8781
6584.18,25.28,8.8781
6585.18,25.17,8.8781
6586.18,25.16,8.8781
6587.19,25.21,8.8781
6588.19,25.14,8.8781
6589.19,25.22,8.8781
6590.19,25.11,8.8781
6591.19,25.11,8.8782
6592.19,25.21,8.8782
6593.2,61.42,2.2045
6594.2,74.3,2.409
6595.2,91.31,2.6555
6596.2,83.77,2.9898
6597.2,68.16,2.1374
6598.2,84.88,2.4771
6599.2,90.34,2.6733
6600.21,85.83,3.0505
6601.21,78.59,3.431
6602.21,76.68,3.8103
6603.21,76.24,4.1813
6604.21,75.91,4.5309
6605.21,76.6,4.947
6606.21,76.1,5.3461
6607.21,76.86,5.7002
6608.22,75.74,6.0365
6609.22,75.93,6.3476
6610.22,75.62,6.7979
6611.22,79.66,7.2011
6612.22,79.08,7.2547
6613.22,59.01,7.3551
6614.22,64.57,7.3551
6615.23,64.94,7.3555
6616.23,35.1,7.3555
6617.23,35.13,7.3555
6618.23,29.01,7.3555
6619.23,25.23,7.3555
6620.23,25.31,7.3555
6621.23,28.39,7.3555
6622.24,25.71,7.3555
6623.24,38.77,7.5279
6624.24,25.18,7.576
6625.24,28.63,7.576
6626.24,25.38,7.576
6627.24,26.08,7.576
6628.25,25.22,7.5761
6629.25,25.45,7.5761
6630.25,25.72,7.576
6631.25,25.27,7.576
6632.25,25.2,7.576
6633.25,25.28,7.576
6634.25,34.8,7.5964
6635.26,25.22,7.5964
6636.26,25.31,7.5964
6637.26,25.2,7.5964
6638.26,25.72,7.5964
6639.26,25.21,7.5964
6640.26,25.21,7.5964
6641.27,25.4,7.5964
6642.27,25.19,7.5964
6643.27,25.21,7.5964
6644.27,32.81,7.5969
6645.27,25.49,7.5969
6646.27,25.13,7.5969
6647.27,25.22,7.5969
6648.28,25.13,7.597
6649.28,25.26,7.597
6650.28,25.13,7.597
6651.28,25.17,7.597
6652.28,25.23,7.597
6653.28,25.17,7.5969
6654.29,33.28,7.5979
6655.29,25.17,7.5979
6656.29,25.17,7.5979
6657.29,25.28,7.5979
6658.29,25.17,7.5979
6659.29,25.23,7.5979
6660.3,25.13,7.5979
6661.3,25.16,7.5979
6662.3,25.25,7.5979
6663.3,25.15,7.5979
6664.3,25.35,7.5979
6665.3,34.43,7.7672
6666.31,25.28,7.7672
6667.31,25.19,7.767
6668.31,25.19,7.767
6669.31,25.3,7.767
6670.31,25.18,7.767
6671.31,25.29,7.767
6672.32,25.14,7.767
6673.32,25.14,7.767
6674.32,25.23,7.767
6675.32,25.18,7.9272
6676.32,25.28,8.3637
6677.32,25.18,8.6401
6678.33,42.81,8.9089
6679.33,25.19,8.9089
6680.33,25.18,8.9089
6681.33,25.29,8.9089
6682.33,25.19,8.9089
6683.33,25.33,8.9089
6684.33,25.19,8.9089
6685.34,25.13,8.9089
6686.34,25.23,8.9089
6687.34,25.13,8.909
6688.34,25.24,8.909
6689.34,25.13,8.909
6690.35,25.26,8.9096
6691.35,25.26,8.9096
6692.35,25.18,8.9096
6693.35,25.31,8.9096
6694.35,25.18,8.9096
6695.35,25.99,8.9096
6696.36,25.18,8.9096
6697.36,25.19,8.9096
6698.36,25.31,8.9096
6699.36,25.19,8.9096
6700.36,25.18,8.9096
6701.36,25.28,8.9096
6702.36,25.24,8.9097
6703.37,25.3,8.9099
6704.37,25.18,8.9099
6705.37,25.18,8.9099
6706.37,25.28,8.9099
6707.37,25.19,8.9099
6708.37,25.29,8.9099
6709.38,25.19,8.9099
6710.38,25.58,8.9099
6711.38,25.28,8.9099
6712.38,25.12,8.9099
6713.38,25.31,8.9099
6714.38,25.15,8.9099
6715.38,25.23,8.9101
6716.39,25.23,8.9101
6717.39,25.18,8.9101
6718.39,25.28,8.9101
6719.39,25.19,8.9101
6720.39,25.29,8.9101
6721.39,25.18,8.9101
6722.4,25.2,8.9102
6723.4,25.33,8.9102
6724.4,25.18,8.9102
6725.4,25.19,8.9102
6726.4,25.36,8.9102
6727.4,25.23,8.9102
6728.41,25.27,8.9102
6729.41,25.34,8.9102
6730.41,25.17,8.9102
6731.41,25.52,8.9102
6732.41,25.18,8.9102
6733.41,25.31,8.9102
6734.42,25.17,8.9102
6735.42,25.15,8.9102
6736.42,25.38,8.9102
6737.42,25.19,8.9102
6738.42,25.22,8.9102
6739.42,25.14,8.9102
6740.42,25.42,8.9102
6741.43,25.27,8.9102
6742.43,25.19,8.9103
6743.43,25.3,8.9103
6744.43,25.18,8.9103
6745.43,25.18,8.9103
6746.43,25.28,8.9103
6747.44,25.2,8.9103
6748.44,25.27,8.9103
6749.44,25.18,8.9103
6750.44,25.18,8.9103
6751.44,25.28,8.9103
6752.44,25.25,8.9103
6753.45,25.3,8.9103
6754.45,25.18,8.9103
6755.45,25.28,8.9103
6756.45,25.18,8.9103
6757.45,25.19,8.9105
6758.45,25.28,8.9105
6759.46,25.19,8.9105
6760.46,25.28,8.9105
6761.46,25.18,8.9105
6762.46,25.19,8.9105
6763.46,25.26,8.9105
6764.46,25.22,8.9107
6765.47,25.2,8.9107
6766.47,25.11,8.9107
6767.47,25.14,8.9108
6768.47,25.3,8.9108
6769.47,25.18,8.9108
6770.47,25.18,8.9108
6771.47,25.31,8.9108
6772.47,25.2,8.9108
6773.48,25.16,8.9108
6774.48,25.23,8.9108
6775.48,25.13,8.9108
6776.48,25.23,8.9108
6777.48,25.19,8.9108
6778.49,25.13,8.9108
6779.49,25.23,8.9108
6780.49,25.13,8.9108
6781.49,25.23,8.9108
6782.49,25.16,8.9108
6783.49,25.27,8.9108
6784.5,25.18,8.9108
6785.5,25.19,8.9108
6786.5,25.27,8.9108
6787.5,25.19,8.911
6788.5,25.28,8.911
6789.5,25.24,8.9111
6790.5,25.16,8.9111
6791.51,25.24,8.9111
6792.51,25.13,8.9111
6793.51,25.24,8.9111
6794.51,25.12,8.9111
6795.51,25.12,8.9111
6796.51,25.23,8.9111
6797.52,25.19,8.9111
6798.52,25.28,8.9111
6799.52,25.18,8.9111
6800.52,25.28,8.9111
6801.52,25.18,8.9111
6802.52,25.24,8.9112
6803.53,25.3,8.9112
6804.53,25.19,8.9112
6805.53,25.29,8.9112
6806.53,25.18,8.9112
6807.53,25.3,8.9112
6808.53,25.18,8.9112
6809.54,25.18,8.9112
6810.54,25.28,8.9112
6811.54,25.18,8.9112
6812.54,25.31,8.9112
6813.54,25.36,8.9113
6814.54,25.19,8.9113
6815.55,25.28,8.9113
6816.55,25.18,8.9113
6817.55,25.3,8.9114
6818.55,25.18,8.9114
6819.55,25.19,8.9114
6820.55,25.29,8.9114
6821.56,25.18,8.9114
6822.56,25.29,8.9114
6823.56,25.2,8.9114
6824.56,25.18,8.9114
6825.56,25.33,8.9114
6826.56,25.18,8.9114
6827.57,25.29,8.9114
6828.57,25.19,8.9114
6829.57,25.28,8.9114
6830.57,25.19,8.9114
6831.57,25.18,8.9114
6832.57,25.29,8.9114
6833.58,25.21,8.9114
6834.58,25.28,8.9114
6835.58,25.18,8.9114
6836.58,25.18,8.9114
6837.58,25.34,8.9117
6838.58,25.18,8.9117
6839.59,25.27,8.9117
6840.59,25.17,8.9117
6841.59,25.29,8.9117
6842.59,25.2,8.9118
6843.59,25.2,8.9118
6844.59,25.28,8.9118
6845.6,25.18,8.9118
6846.6,25.3,8.9118
6847.6,25.19,8.9118
6848.6,25.17,8.9118
6849.6,25.3,8.9118
6850.6,25.22,8.9119
6851.6,25.19,8.9119
6852.61,25.29,8.9119
6853.61,25.23,8.9119
6854.61,25.22,8.9119
6855.61,25.11,8.9119
6856.61,25.28,8.9119
6857.61,25.2,8.9119
6858.62,25.18,8.9119
6859.62,25.29,8.9119
6860.62,25.19,8.9119
6861.62,25.29,8.9119
6862.62,25.19,8.9119
6863.63,25.26,8.912
6864.63,25.29,8.912
6865.63,25.19,8.912
6866.63,25.28,8.912
6867.63,25.2,8.912
6868.63,25.28,8.912
6869.63,25.2,8.912
6870.64,25.18,8.912
6871.64,25.29,8.912
6872.64,25.2,8.912
6873.64,25.3,8.912
6874.64,25.18,8.912
6875.64,25.18,8.912
6876.65,25.33,8.9164
6877.65,25.2,8.9164
6878.65,25.3,8.9164
6879.65,25.2,8.9164
6880.65,25.18,8.9164
6881.65,25.28,8.9164
6882.66,30.05,8.9165
6883.66,25.32,8.9165
6884.66,25.18,8.9165
6885.66,25.18,8.9165
6886.66,25.24,8.9165
6887.66,25.2,8.9165
6888.67,25.45,8.9165
6889.67,25.12,8.9165
6890.67,25.17,8.9165
6891.67,25.28,8.9165
6892.67,25.21,8.9165
6893.67,25.28,8.9165
6894.68,25.13,8.9165
6895.68,25.2,8.9165
6896.68,25.3,8.9165
6897.68,25.19,8.9165
6898.68,25.19,8.9165
6899.68,25.23,8.9165
6900.68,25.18,8.9554
6901.69,25.23,8.9554
6902.69,25.16,8.9554
6903.69,25.13,8.9554
6904.69,25.22,8.9554
6905.69,25.11,8.9554
6906.69,25.21,8.9554
6907.7,25.13,8.9554
6908.7,25.21,8.9554
6909.7,25.16,8.9554
6910.7,25.14,8.9554
6911.7,25.28,8.9554
6912.7,25.27,8.9554
6913.71,25.29,8.9554
6914.71,25.17,8.9554
6915.71,25.22,8.9554
6916.71,25.14,8.9554
6917.71,25.19,8.9554
6918.71,25.28,8.9554
6919.72,25.2,8.9554
6920.72,25.18,8.9554
6921.72,25.29,8.9554
6922.72,25.22,8.9555
6923.72,25.28,8.9555
6924.72,25.18,8.9555
6925.73,25.3,8.9919
6926.73,25.15,8.9919
6927.73,25.18,8.9919
6928.73,25.26,8.9919
6929.73,25.18,8.9919
6930.73,25.29,8.9919
6931.73,25.19,8.9919
6932.74,25.22,8.9919
6933.74,25.31,8.9919
6934.74,25.18,8.9919
6935.74,25.19,8.9919
6936.74,25.31,8.9919
6937.74,25.19,8.992
6938.74,25.23,8.992
6939.75,25.29,8.992
6940.75,25.11,8.992
6941.75,25.22,8.992
6942.75,25.16,8.992
6943.75,25.23,8.992
6944.75,25.13,8.992
6945.76,25.12,8.992
6946.76,25.23,8.992
6947.76,25.14,8.992
6948.76,25.23,8.992
6949.76,25.12,8.992
6950.76,25.18,9.0259
6951.77,25.23,9.0259
6952.77,25.17,9.0259
6953.77,25.23,9.0259
6954.77,25.12,9.0259
6955.77,25.23,9.0259
6956.77,25.15,9.0259
6957.78,25.2,9.026
6958.78,25.21,9.026
6959.78,25.11,9.026
6960.78,25.22,9.026
6961.78,25.12,9.026
6962.78,25.16,9.026
6963.79,25.41,9.026
6964.79,25.12,9.026
6965.79,25.22,9.026
6966.79,25.12,9.026
6967.79,25.24,9.026
6968.79,25.12,9.026
6969.8,25.13,9.026
6970.8,25.22,9.026
6971.8,25.13,9.026
6972.8,25.25,9.026
6973.8,25.13,9.026
6974.8,25.13,9.026
6975.81,25.26,9.057
6976.81,25.13,9.057
6977.81,25.25,9.0572
6978.81,25.13,9.0572
6979.81,25.24,9.0572
6980.81,25.19,9.0572
6981.82,25.19,9.0572
6982.82,25.32,9.0572
6983.82,25.19,9.0572
6984.82,25.29,9.0572
6985.82,25.19,9.0572
6986.82,25.2,9.0572
6987.83,25.31,9.0572
6988.83,25.23,9.0572
6989.83,25.29,9.0572
6990.83,25.19,9.0572
6991.83,25.29,9.0572
6992.83,25.19,9.0572
6993.84,25.13,9.0572
6994.84,25.22,9.0572
6995.84,25.12,9.0572
6996.84,25.22,9.0572
6997.84,25.14,9.0572
6998.85,25.12,9.0572
6999.85,25.24,9.0572
7000.85,25.14,9.0827
7001.85,25.34,9.0849
7002.85,25.22,9.0849
7003.85,25.29,9.0849
7004.85,25.18,9.0849
7005.86,25.18,9.0849
7006.86,25.29,9.0849
7007.86,25.2,9.0849
7008.86,25.28,9.0849
7009.86,25.13,9.0849
7010.87,25.15,9.0849
7011.87,25.25,9.0849
7012.87,25.18,9.0849
7013.87,25.33,9.085
7014.87,25.2,9.085
7015.87,25.19,9.085
7016.87,25.28,9.085
7017.88,25.2,9.0851
7018.88,25.2,9.0851
7019.88,25.3,9.0851
7020.88,25.18,9.0851
7021.88,25.15,9.0851
7022.88,25.27,9.0851
7023.88,25.13,9.0851
7024.89,25.22,9.0851
7025.89,25.18,9.0851
7026.89,25.22,9.092
7027.89,25.29,9.092
7028.89,25.18,9.092
7029.89,25.27,9.092
7030.9,25.15,9.092
7031.9,25.16,9.092
7032.9,25.3,9.092
7033.9,25.18,9.092
7034.9,25.18,9.092
7035.9,25.28,9.092
7036.9,25.18,9.092
7037.91,25.3,9.0921
7038.91,25.18,9.0921
7039.91,25.46,9.0921
7040.91,25.2,9.0921
7041.91,25.19,9.0921
7042.91,25.33,9.0921
7043.92,25.19,9.0921
7044.92,25.19,9.0921
7045.92,25.28,9.0921
7046.92,25.19,9.0921
7047.92,25.3,9.0922
7048.92,25.19,9.0922
7049.93,25.18,9.0922
7050.93,25.28,9.0922
7051.93,25.18,9.0922
7052.93,25.3,9.0922
7053.93,25.12,9.0922
7054.93,25.25,9.0922
7055.94,25.18,9.0922
7056.94,25.18,9.0922
7057.94,25.28,9.0922
7058.94,25.18,9.0922
7059.94,25.19,9.0922
7060.94,25.26,9.0922
7061.94,25.18,9.0922
7062.95,25.32,9.0922
7063.95,25.18,9.0922
7064.95,25.18,9.0922
7065.95,25.37,9.0922
7066.95,25.21,9.0922
7067.95,25.2,9.0923
7068.95,25.29,9.0923
7069.95,25.16,9.0923
7070.96,25.18,9.0923
7071.96,25.31,9.0923
7072.96,25.21,9.0923
7073.96,25.19,9.0923
7074.96,25.31,9.0923
7075.96,25.19,9.0923
7076.96,25.2,9.0923
7077.97,25.3,9.0923
7078.97,25.25,9.0923
7079.97,25.18,9.0923
7080.97,25.28,9.0923
7081.97,25.16,9.0923
7082.97,25.2,9.0923
7083.97,25.29,9.0923
7084.97,25.18,9.0923
7085.98,25.18,9.0923
7086.98,25.29,9.0923
7087.98,25.2,9.0923
7088.98,25.19,9.0923
7089.98,25.3,9.0923
7090.98,25.19,9.0923
7091.99,25.35,9.0923
7092.99,25.21,9.0924
7093.99,25.29,9.0924
7094.99,25.46,9.0924
7095.99,25.18,9.0924
7096.99,25.23,9.0924
7098.0,25.17,9.0924
7099.0,25.24,9.0924
7100.0,25.13,9.0924
7101.0,25.13,9.0924
7102.0,25.31,9.0924
7103.0,25.16,9.0924
7104.01,25.88,9.0924
7105.01,25.16,9.0924
7106.01,25.23,9.0924
7107.01,25.13,9.0924
7108.01,25.14,9.0924
7109.01,25.23,9.0924
7110.02,25.13,9.0924
7111.02,25.22,9.0924
7112.02,25.15,9.0924
7113.02,25.69,9.0926
7114.02,25.22,9.0926
7115.02,25.11,9.0926
7116.03,25.22,9.0926
7117.03,25.37,9.0926
7118.03,25.14,9.0927
7119.03,25.13,9.0927
7120.03,25.3,9.0927
7121.04,25.13,9.0927
7122.04,25.23,9.0927
7123.04,25.16,9.0927
7124.04,25.13,9.0927
7125.04,25.22,9.0927
7126.04,25.13,9.0927
7127.05,25.23,9.0927
7128.05,25.16,9.0928
7129.05,25.41,9.0928
7130.05,25.22,9.0928
7131.05,25.18,9.0928
7132.05,25.28,9.0928
7133.06,25.21,9.0928
7134.06,25.3,9.0928
7135.06,25.18,9.0928
7136.06,25.18,9.0928
7137.06,25.28,9.0928
7138.06,25.19,9.0928
7139.07,25.28,9.0928
7140.07,25.18,9.0928
7141.07,25.28,9.0928
7142.07,25.19,9.0928
7143.07,25.27,9.0928
7144.07,25.28,9.0928
7145.08,25.18,9.0928
7146.08,25.19,9.0928
7147.08,25.29,9.0928
7148.08,25.2,9.0928
7149.08,25.28,9.0928
7150.08,25.23,9.0928
7151.08,25.18,9.0928
7152.09,25.28,9.0928
7153.09,25.21,9.0929
7154.09,25.29,9.0929
7155.09,25.18,9.0929
7156.09,25.32,9.0929
7157.09,25.17,9.0929
7158.1,25.19,9.0929
7159.1,25.31,9.0929
7160.1,25.18,9.0929
7161.1,25.18,9.0929
7162.1,25.28,9.0929
7163.1,25.21,9.0929
7164.11,25.28,9.0929
7165.11,25.18,9.0929
7166.11,25.19,9.0929
7167.11,25.29,9.0929
7168.11,25.2,9.0929
7169.11,25.29,9.0929
7170.12,25.24,9.0929
7171.12,25.29,9.0929
7172.12,25.19,9.0929
7173.12,25.32,9.093
7174.12,25.28,9.093
7175.12,25.19,9.093
7176.13,25.61,9.093
7177.13,25.19,9.0932
7178.13,25.19,9.0932
7179.13,25.28,9.0932
7180.13,25.19,9.0932
7181.13,25.28,9.0932
7182.14,25.18,9.0932
7183.14,25.53,9.0933
7184.14,25.14,9.0933
7185.14,25.12,9.0933
7186.14,25.23,9.0933
7187.14,25.17,9.0933
7188.15,25.3,9.0933
7189.15,25.18,9.0933
7190.15,25.17,9.0933
7191.15,25.26,9.0933
7192.15,25.18,9.0933
7193.15,25.31,9.0934
7194.16,25.19,9.0934
7195.16,25.28,9.0934
7196.16,25.23,9.0934
7197.16,25.2,9.0934
7198.16,25.29,9.0934
7199.16,25.18,9.0934
7200.17,25.18,9.0934
7201.17,25.28,9.0934
7202.17,25.19,9.0934
7203.17,25.33,9.0934
7204.17,25.19,9.0934
7205.17,25.18,9.0934
7206.17,25.28,9.0934
7207.18,25.23,9.0934
7208.18,25.29,9.0934
7209.18,25.19,9.0934
7210.18,25.19,9.0934
7211.18,25.28,9.0934
7212.18,25.18,9.0934
7213.19,25.3,9.0935
7214.19,25.17,9.0935
7215.19,25.26,9.0935
7216.19,25.14,9.0935
7217.19,25.16,9.0935
7218.19,25.29,9.0935
7219.2,25.18,9.0935
7220.2,25.33,9.0935
7221.2,25.2,9.0935
7222.2,25.19,9.0935
7223.2,25.26,9.0935
7224.2,25.12,9.0935
7225.21,25.12,9.0935
7226.21,25.22,9.0935
7227.21,25.16,9.0935
7228.21,25.29,9.0936
7229.21,25.19,9.0936
7230.21,25.28,9.0936
7231.22,25.14,9.0936
7232.22,25.12,9.0936
7233.22,25.32,9.0936
7234.22,25.12,9.0936
7235.22,25.22,9.0936
7236.22,25.12,9.0936
7237.23,25.22,9.0936
7238.23,25.13,9.0936
7239.23,25.12,9.0936
7240.23,25.23,9.0936
7241.23,25.12,9.0936
7242.23,25.22,9.0936
7243.24,25.2,9.0936
7244.24,25.18,9.0936
7245.24,25.33,9.0936
7246.24,25.17,9.0936
7247.24,25.28,9.0936
7248.24,25.17,9.0938
7249.25,25.22,9.0938
7250.25,25.12,9.0938
7251.25,25.13,9.0938
7252.25,25.22,9.0938
7253.25,25.15,9.0938
7254.25,25.23,9.0938
7255.26,25.18,9.0938
7256.26,25.28,9.0938
7257.26,25.19,9.0938
7258.26,25.37,9.0938
7259.26,25.29,9.0938
7260.26,25.18,9.0938
7261.27,25.28,9.0938
7262.27,25.19,9.0938
7263.27,25.21,9.0938
7264.27,25.27,9.0938
7265.27,25.18,9.0938
7266.27,25.28,9.0939
7267.28,25.18,9.0939
7268.28,25.22,9.094
7269.28,25.33,9.094
7270.28,25.16,9.094
7271.28,25.14,9.094
7272.28,25.27,9.094
7273.28,25.23,9.094
7274.29,25.19,9.094
7275.29,25.29,9.094
7276.29,25.16,9.094
7277.29,25.29,9.094
7278.29,25.2,9.094
7279.29,25.29,9.094
7280.3,25.19,9.094
7281.3,25.24,9.094
7282.3,25.29,9.094
7283.3,25.22,9.094
7284.3,25.24,9.094
7285.3,25.12,9.094
7286.31,25.18,9.094
7287.31,25.29,9.094
7288.31,25.19,9.0941
7289.31,25.31,9.0941
7290.31,25.18,9.0941
7291.31,25.19,9.0941
7292.31,25.28,9.0941
7293.32,25.27,9.0941
7294.32,25.29,9.0941
7295.32,25.18,9.0941
7296.32,25.19,9.0941
7297.32,25.28,9.0941
7298.32,25.19,9.0941
7299.33,25.29,9.0941
7300.33,25.18,9.0941
7301.33,25.28,9.0941
7302.33,25.21,9.0941
7303.33,25.21,9.0941
7304.33,25.28,9.0941
7305.34,25.18,9.0941
7306.34,25.24,9.0941
7307.34,25.29,9.0941
7308.34,25.19,9.0942
7309.34,25.29,9.0942
7310.34,25.2,9.0942
7311.34,25.19,9.0942
7312.35,25.28,9.0942
7313.35,25.21,9.0942
7314.35,25.29,9.0942
7315.35,25.18,9.0942
7316.35,25.29,9.0942
7317.35,25.18,9.0942
7318.36,25.19,9.0942
7319.36,25.37,9.0942
7320.36,25.18,9.0942
7321.36,25.19,9.0942
7322.36,25.3,9.0942
7323.36,25.19,9.0942
7324.36,25.16,9.0942
7325.37,25.28,9.0942
7326.37,25.19,9.0942
7327.37,25.29,9.0942
7328.37,25.2,9.0944
7329.37,25.19,9.0944
7330.37,25.31,9.0944
7331.37,25.35,9.0944
7332.38,25.17,9.0944
7333.38,25.32,9.0944
7334.38,25.18,9.0944
7335.38,25.17,9.0944
7336.38,25.28,9.0944
7337.38,25.18,9.0944
7338.38,25.16,9.0944
7339.39,25.22,9.0944
7340.39,25.08,9.0944
7341.39,25.2,9.0944
7342.39,25.13,9.0944
7343.39,25.17,9.0944
7344.39,25.33,9.0944
7345.4,25.13,9.0944
7346.4,25.28,9.0944
7347.4,25.19,9.0945
7348.4,25.19,9.0945
7349.4,25.29,9.0945
7350.4,25.19,9.0945
7351.41,25.28,9.0945
7352.41,25.21,9.0945
7353.41,25.21,9.0945
7354.41,25.28,9.0945
7355.41,25.19,9.0945
7356.41,25.29,9.0945
7357.42,25.24,9.0945
7358.42,25.21,9.0945
7359.42,25.31,9.0945
7360.42,25.18,9.0945
7361.42,25.19,9.0945
7362.42,25.3,9.0945
7363.42,25.2,9.0945
7364.43,25.27,9.0945
7365.43,25.19,9.0945
7366.43,25.15,9.0945
7367.43,25.23,9.0946
7368.43,25.2,9.0946
7369.43,25.18,9.0946
7370.43,25.33,9.0947
7371.44,25.18,9.0947
7372.44,25.3,9.0947
7373.44,25.2,9.0947
7374.44,25.29,9.0947
7375.44,25.18,9.0947
7376.44,25.18,9.0947
7377.45,25.3,9.0947
7378.45,25.19,9.0949
7379.45,25.2,9.0949
7380.45,25.28,9.0949
7381.45,25.18,9.0949
7382.45,25.3,9.095
7383.46,25.25,9.095
7384.46,25.29,9.095
7385.46,25.19,9.095
7386.46,25.18,9.095
7387.46,25.3,9.095
7388.46,25.18,9.095
7389.47,25.29,9.095
7390.47,25.2,9.095
7391.47,25.18,9.095
7392.47,25.29,9.095
7393.47,25.2,9.095
7394.47,25.28,9.095
7395.48,25.17,9.095
7396.48,25.38,9.0951
7397.48,25.29,9.0951
7398.48,25.19,9.0951
7399.48,25.29,9.0951
7400.48,25.18,9.0951
7401.49,25.29,9.0951
7402.49,25.2,9.0951
7403.49,25.26,9.0951
7404.49,25.28,9.0951
7405.49,25.18,9.0951
7406.49,25.19,9.0951
7407.49,25.3,9.0951
7408.5,25.19,9.0951
7409.5,25.29,9.0951
7410.5,25.35,9.0951
7411.5,25.28,9.0951
7412.5,25.2,9.0952
7413.5,25.21,9.0952
7414.51,25.28,9.0952
7415.51,25.18,9.0952
7416.51,25.28,9.0952
7417.51,25.17,9.0952
7418.51,25.25,9.0952
7419.51,25.19,9.0952
7420.52,25.19,9.0952
7421.52,25.29,9.0952
7422.52,25.25,9.0952
7423.52,25.3,9.0953
7424.52,25.18,9.0953
7425.52,25.18,9.0953
7426.53,25.28,9.0953
7427.53,25.2,9.0953
7428.53,25.29,9.0953
7429.53,25.19,9.0953
7430.53,25.29,9.0953
7431.54,25.19,9.0953
7432.54,25.2,9.0953
7433.54,25.31,9.0953
7434.54,25.19,9.0953
7435.54,25.33,9.0953
7436.54,25.12,9.0953
7437.55,25.26,9.0955
7438.55,25.18,9.0955
7439.55,25.12,9.0955
7440.55,25.22,9.0955
7441.55,25.12,9.0955
7442.55,25.23,9.0955
7443.56,25.16,9.0955
7444.56,25.18,9.0955
7445.56,25.23,9.0955
7446.56,25.13,9.0955
7447.56,25.3,9.0955
7448.56,25.19,9.0955
7449.57,25.34,9.0958
7450.57,25.18,9.0958
7451.57,25.19,9.0958
7452.57,25.29,9.0958
7453.57,25.2,9.0958
7454.57,25.28,9.0958
7455.58,25.18,9.0958
7456.58,25.29,9.0958
7457.58,25.19,9.0958
7458.58,25.17,9.0958
7459.58,25.26,9.0958
7460.58,25.17,9.0958
7461.59,25.28,9.0958
7462.59,25.23,9.0972
7463.59,25.18,9.0972
7464.59,25.22,9.0972
7465.59,25.12,9.0972
7466.59,25.22,9.0972
7467.6,25.13,9.0972
7468.6,25.27,9.0972
7469.6,25.17,9.0972
7470.6,25.18,9.0972
7471.6,25.28,9.0972
7472.6,25.19,9.0972
7473.61,25.29,9.0973
7474.61,25.18,9.0973
7475.61,25.45,9.0974
7476.61,25.18,9.0974
7477.61,25.19,9.0974
7478.61,25.29,9.0974
7479.62,25.27,9.0974
7480.62,25.28,9.0974
7481.62,25.18,9.0974
7482.62,25.19,9.0974
7483.62,25.26,9.0975
7484.62,25.18,9.0975
7485.63,25.28,9.0975
7486.63,25.18,9.0975
7487.63,25.35,9.0994
7488.63,25.18,9.0994
7489.63,25.18,9.0994
7490.63,25.28,9.0994
7491.64,25.16,9.0994
7492.64,25.27,9.0994
7493.64,25.2,9.0994
7494.64,25.29,9.0994
7495.64,25.18,9.0994
7496.64,25.16,9.0994
7497.65,25.23,9.0995
7498.65,25.12,9.0995
7499.65,25.22,9.0995
7500.65,25.17,9.0995
7501.65,25.12,9.0995
7502.65,25.23,9.0995
7503.66,25.14,9.0995
7504.66,25.24,9.0995
7505.66,25.12,9.0995
7506.66,25.22,9.0995
7507.66,25.13,9.0996
7508.66,25.17,9.0996
7509.67,25.33,9.0996
7510.67,25.18,9.0996
7511.67,25.28,9.0996
7512.67,25.21,9.0996
7513.67,25.32,9.1006
7514.67,25.18,9.1006
7515.68,25.18,9.1006
7516.68,25.27,9.1006
7517.68,25.19,9.1007
7518.68,26.4,9.1007
7519.68,25.19,9.1007
7520.68,25.17,9.1007
7521.69,25.28,9.1007
7522.69,25.21,9.1007
7523.69,25.28,9.1007
7524.69,25.19,9.1007
7525.69,25.26,9.1007
7526.7,25.22,9.1007
7527.7,25.19,9.1008
7528.7,25.28,9.1008
7529.7,25.18,9.1008
7530.7,25.28,9.1008
7531.7,25.18,9.1008
7532.7,25.22,9.1008
7533.71,25.28,9.1008
7534.71,25.18,9.1008
7535.71,25.29,9.1008
7536.71,25.18,9.1008
7537.71,25.19,9.1008
7538.71,25.28,9.1008
7539.72,25.24,9.1024
7540.72,25.29,9.1024
7541.72,25.19,9.1024
7542.72,25.22,9.1024
7543.72,25.29,9.1024
7544.72,25.19,9.1024
7545.73,25.28,9.1024
7546.73,25.14,9.1024
7547.73,25.19,9.1024
7548.73,25.29,9.1024
7549.73,25.18,9.1024
7550.73,25.28,9.1024
7551.74,25.19,9.1024
7552.74,25.47,9.1025
7553.74,25.18,9.1025
7554.74,25.18,9.1025
7555.74,25.28,9.1025
7556.74,25.18,9.1025
7557.75,25.29,9.1025
7558.75,25.18,9.1025
7559.75,25.18,9.1025
7560.75,25.28,9.1025
7561.75,25.2,9.1026
7562.75,25.3,9.1028
7563.75,25.18,9.1028
7564.76,25.18,9.1028
7565.76,25.33,9.1031
7566.76,25.2,9.1031
7567.76,25.19,9.1031
7568.76,25.29,9.1031
7569.76,25.31,9.1031
7570.77,25.28,9.1031
7571.77,25.17,9.1031
7572.77,25.17,9.1033
7573.77,25.26,9.1033
7574.77,25.19,9.1033
7575.77,25.28,9.1033
7576.78,25.18,9.1033
7577.78,25.3,9.1033
7578.78,25.23,9.1034
7579.78,25.17,9.1034
7580.78,25.28,9.1034
7581.78,25.18,9.1034
7582.79,25.31,9.1035
7583.79,25.17,9.1035
7584.79,25.18,9.1035
7585.79,25.28,9.1035
7586.79,25.18,9.1035
7587.79,25.3,9.1035
7588.79,25.18,9.1035
7589.8,25.17,9.1035
7590.8,25.25,9.1035
7591.8,25.17,9.1035
7592.8,25.23,9.1045
7593.8,25.24,9.1045
7594.8,25.13,9.1045
7595.81,25.23,9.1045
7596.81,25.13,9.1045
7597.81,25.26,9.1045
7598.81,25.19,9.1045
7599.81,25.2,9.1045
7600.81,25.29,9.1045
7601.82,25.19,9.1045
7602.82,25.31,9.1045
7603.82,25.19,9.1045
7604.82,25.29,9.1045
7605.82,25.19,9.1046
7606.82,25.15,9.1046
7607.83,25.27,9.1046
7608.83,25.17,9.1046
7609.83,25.29,9.1046
7610.83,25.14,9.1046
7611.83,25.23,9.1046
7612.83,25.19,9.1046
7613.84,25.19,9.1046
7614.84,25.29,9.1046
7615.84,25.17,9.1046
7616.84,25.29,9.1046
7617.84,25.2,9.1047
7618.84,25.32,9.1052
7619.85,25.28,9.1052
7620.85,25.19,9.1052
7621.85,25.28,9.1052
7622.85,25.21,9.1052
7623.85,25.29,9.1052
7624.85,25.2,9.1052
7625.86,25.18,9.1052
7626.86,25.29,9.1052
7627.86,25.2,9.1052
7628.86,25.19,9.1052
7629.86,25.34,9.1052
7630.86,25.19,9.1052
7631.87,25.45,9.1052
7632.87,25.22,9.1053
7633.87,25.19,9.1053
7634.87,25.29,9.1053
7635.87,25.17,9.1053
7636.87,25.28,9.1053
7637.88,25.2,9.1053
7638.88,25.29,9.1053
7639.88,25.18,9.1053
7640.88,25.17,9.1053
7641.88,25.28,9.1053
7642.88,25.22,9.1055
7643.89,25.34,9.1061
7644.89,25.18,9.1061
7645.89,25.18,9.1061
7646.89,25.28,9.1061
7647.89,25.19,9.1061
7648.89,25.29,9.1061
7649.9,25.18,9.1062
7650.9,25.29,9.1062
7651.9,25.2,9.1062
7652.9,25.21,9.1062
7653.9,25.29,9.1062
7654.9,25.19,9.1062
7655.9,25.18,9.1062
7656.91,25.35,9.1062
7657.91,25.19,9.1063
7658.91,25.19,9.1063
7659.91,25.35,9.1063
7660.91,25.17,9.1063
7661.91,25.23,9.1063
7662.91,25.22,9.1063
7663.92,25.15,9.1063
7664.92,25.22,9.1063
7665.92,25.11,9.1063
7666.92,25.22,9.1063
7667.92,25.12,9.1063
7668.92,25.12,9.1063
7669.93,25.23,9.1063
7670.93,25.21,9.1067
7671.93,25.24,9.1067
7672.93,25.16,9.1068
7673.93,25.23,9.1068
7674.93,25.13,9.1068
7675.94,25.12,9.1068
7676.94,25.29,9.1068
7677.94,25.19,9.1068
7678.94,25.18,9.1068
7679.94,25.23,9.1068
7680.94,25.13,9.1068
7681.95,25.23,9.1068
7682.95,25.17,9.1069
7683.95,25.13,9.1069
7684.95,25.27,9.1069
7685.95,25.13,9.1069
7686.95,25.24,9.1069
7687.96,25.19,9.1069
7688.96,25.29,9.1069
7689.96,25.32,9.1069
7690.96,25.18,9.1069
7691.96,25.32,9.1069
7692.96,25.82,9.1069
7693.97,25.24,9.1069
7694.97,25.13,9.1069
7695.97,25.12,9.1069
7696.97,25.44,9.107
7697.97,25.18,9.107
7698.97,25.19,9.107
7699.97,25.31,9.107
7700.97,25.18,9.107
7701.98,25.19,9.107
7702.98,25.33,9.107
7703.98,25.18,9.107
7704.98,25.18,9.107
7705.98,25.28,9.107
7706.98,25.18,9.107
7707.99,25.28,9.1072
7708.99,25.18,9.1072
7709.99,25.24,9.1074
7710.99,25.28,9.1074
7711.99,25.19,9.1074
7712.99,25.33,9.1074
7713.99,25.19,9.1075
7715.0,25.19,9.1075
7716.0,25.3,9.1075
7717.0,25.19,9.1075
7718.0,25.2,9.1076
7719.0,25.31,9.1076
7720.0,25.19,9.1076
7721.0,25.18,9.1076
7722.01,25.31,9.1076
7723.01,25.24,9.1085
7724.01,25.12,9.1085
7725.01,25.22,9.1085
7726.01,25.11,9.1085
7727.01,25.24,9.1085
7728.02,25.2,9.1085
7729.02,25.22,9.1085
7730.02,25.11,9.1085
7731.02,25.12,9.1085
7732.02,25.28,9.1085
7733.02,25.21,9.1086
7734.03,25.28,9.1086
7735.03,25.19,9.1086
7736.03,25.17,9.1086
7737.03,25.29,9.1086
7738.03,25.2,9.1086
7739.03,25.29,9.1086
7740.04,25.19,9.1086
7741.04,25.17,9.1086
7742.04,25.29,9.1086
7743.04,25.22,9.1087
7744.04,25.29,9.1087
7745.04,25.19,9.1087
7746.04,25.17,9.1087
7747.05,25.28,9.1087
7748.05,25.19,9.1087
7749.05,25.29,9.1087
7750.05,25.23,9.1087
7751.05,25.19,9.1087
7752.05,25.29,9.1087
7753.06,25.21,9.1087
7754.06,25.3,9.1087
7755.06,25.18,9.1087
7756.06,25.18,9.1087
7757.06,25.29,9.1087
7758.06,25.19,9.1089
7759.07,25.29,9.1089
7760.07,25.18,9.1089
7761.07,25.18,9.1089
7762.07,25.29,9.1089
7763.07,25.35,9.1089
7764.07,25.29,9.1089
7765.08,25.18,9.1089
7766.08,25.18,9.1089
7767.08,25.28,9.1089
7768.08,25.2,9.1089
7769.08,25.29,9.1089
7770.08,25.18,9.1089
7771.08,25.18,9.1089
7772.09,25.28,9.1089
7773.09,25.21,9.109
7774.09,25.28,9.109
7775.09,25.18,9.109
7776.09,25.44,9.109
7777.09,25.18,9.109
7778.1,25.2,9.109
7779.1,25.28,9.109
7780.1,25.2,9.109
7781.1,25.29,9.109
7782.1,25.18,9.109
7783.1,25.21,9.1091
7784.11,25.29,9.1091
7785.11,25.19,9.1091
7786.11,25.29,9.1091
7787.11,25.18,9.1091
7788.11,25.12,9.1091
7789.11,25.27,9.1091
7790.12,25.16,9.1091
7791.12,25.28,9.1091
7792.12,25.18,9.1091
7793.12,25.22,9.1092
7794.12,25.29,9.1092
7795.12,25.19,9.1092
7796.13,25.3,9.1092
7797.13,28.18,8.4765
7798.13,83.82,2.3168
7799.13,78.69,2.1347
7800.13,73.91,2.3289
7801.13,81.25,2.4611
7802.13,73.28,2.3463
7803.14,90.67,2.5496
7804.14,85.89,2.8804
7805.14,78.69,3.2091
7806.14,81.12,3.5142
7807.14,34.64,3.682
7808.14,34.21,3.8086
7809.14,34.44,3.8936
7810.15,25.86,3.9585
7811.15,25.55,4.0139
7812.15,32.22,4.0598
7813.15,37.67,4.1099
7814.15,26.97,4.1535
7815.15,34.25,4.1934
7816.16,25.7,4.2291
7817.16,25.3,4.2648
7818.16,25.2,4.2934
7819.16,25.21,4.3262
7820.16,25.4,4.3565
7821.16,25.21,4.3888
7822.17,25.4,4.4179
7823.17,25.22,4.4498
7824.17,25.23,4.4772
7825.17,25.3,4.5064
7826.17,25.25,4.5322
7827.17,25.3,4.5539
7828.18,25.2,4.5821
7829.18,25.19,4.6064
7830.18,25.41,4.6329
7831.18,25.23,4.6783
7832.18,25.28,4.7118
7833.18,25.21,4.712
7834.18,25.18,4.7457
7835.19,25.27,4.7798
7836.19,25.17,4.7798
7837.19,25.28,4.801
7838.19,25.19,4.8273
7839.19,25.18,4.8573
7840.19,25.3,4.881
7841.19,25.27,4.9057
7842.2,25.89,4.9294
7843.2,25.24,4.954
7844.2,28.43,4.9861
7845.2,25.15,5.011
7846.2,25.2,5.0446
7847.2,25.11,5.0446
7848.21,25.21,5.0783
7849.21,25.13,5.1125
7850.21,25.17,5.1125
7851.21,25.28,5.1281
7852.21,25.17,5.1528
7853.21,25.36,5.1775
7854.22,25.17,5.2033
7855.22,25.2,5.2233
7856.22,25.21,5.248
7857.22,25.12,5.2732
7858.22,25.23,5.295
7859.22,25.42,5.3186
7860.22,25.14,5.3417
7861.23,25.25,5.3636
7862.23,25.17,5.3866
7863.23,25.29,5.4061
7864.23,25.15,5.4254
7865.23,25.14,5.4444
7866.23,25.26,5.4661
7867.24,25.16,5.4854
7868.24,25.27,5.5035
7869.24,25.17,5.5259
7870.24,26.03,5.5582
7871.24,25.21,5.5582
7872.24,25.12,5.561
7873.25,25.24,5.5831
7874.25,25.15,5.5831
7875.25,25.17,5.6056
7876.25,25.23,5.6056
7877.25,25.11,5.6282
7878.25,25.22,5.6282
7879.26,25.11,5.6306
7880.26,25.11,5.6463
7881.26,25.21,5.6658
7882.26,25.11,5.6854
7883.26,25.3,5.7037
7884.26,25.17,5.7204
7885.26,25.15,5.7394
7886.27,25.24,5.7549
7887.27,25.14,5.7745
7888.27,25.24,5.7924
7889.27,25.11,5.8111
7890.27,25.12,5.8273
7891.27,25.21,5.8451
7892.28,25.12,5.8599
7893.28,25.25,5.8733
7894.28,25.12,5.8912
7895.28,25.12,5.9086
7896.28,25.21,5.9258
7897.28,25.19,5.9399
7898.29,25.23,5.956
7899.29,25.16,5.9727
7900.29,25.17,5.9878
7901.29,25.62,6.0015
7902.29,25.11,6.0162
7903.29,25.28,6.0334
7904.3,25.17,6.0481
7905.3,25.17,6.0628
7906.3,25.27,6.0756
7907.3,25.15,6.0942
7908.3,25.25,6.1088
7909.3,25.17,6.1233
7910.3,25.16,6.1376
7911.31,25.26,6.1526
7912.31,25.12,6.1648
7913.31,25.29,6.1785
7914.31,25.11,6.1939
7915.31,25.16,6.2077
7916.31,25.25,6.2212
7917.32,25.16,6.2345
7918.32,25.25,6.2499
7919.32,25.11,6.2659
7920.32,25.1,6.2828
7921.32,25.21,6.2977
7922.32,25.11,6.3134
7923.33,25.23,6.3266
7924.33,25.15,6.34
7925.33,25.12,6.355
7926.33,25.25,6.3704
7927.33,25.17,6.3877
7928.33,25.28,6.4021
7929.34,25.18,6.4178
7930.34,25.17,6.4301
7931.34,25.28,6.4429
7932.34,25.17,6.4579
7933.34,25.3,6.4732
7934.34,25.15,6.4896
7935.35,25.11,6.5036
7936.35,25.21,6.5188
7937.35,25.12,6.5322
7938.35,25.23,6.544
7939.35,25.17,6.5574
7940.35,25.17,6.5702
7941.35,25.24,6.584
7942.36,25.11,6.5986
7943.36,25.27,6.6148
7944.36,25.17,6.6277
7945.36,25.27,6.6427
7946.36,25.17,6.6563
7947.36,25.14,6.6678
7948.37,25.28,6.681
7949.37,25.17,6.6944
7950.37,25.27,6.7093
7951.37,25.17,6.725
7952.37,25.12,6.7386
7953.37,25.28,6.7493
7954.38,25.17,6.7607
7955.38,25.22,6.7754
7956.38,25.11,6.788
7957.38,25.15,6.7999
7958.38,25.25,6.8129
7959.38,26.19,6.8249
7960.39,25.24,6.8365
7961.39,25.12,6.8483
7962.39,25.13,6.8619
7963.39,25.23,6.8742
7964.39,25.12,6.8862
7965.39,25.37,6.8985
7966.39,25.11,6.9094
7967.4,25.12,6.9224
7968.4,25.23,6.9343
7969.4,25.17,6.9471
7970.4,25.28,6.9551
7971.4,25.17,6.9686
7972.4,25.13,6.9748
7973.41,25.28,7.0055
7974.41,25.17,7.0055
7975.41,25.27,7.0055
7976.41,25.17,7.0055
7977.41,25.18,7.0055
7978.41,25.26,7.0069
7979.42,25.17,7.0331
7980.42,25.27,7.0331
7981.42,25.16,7.0331
7982.42,25.19,7.0331
7983.42,25.28,7.0331
7984.42,32.04,7.1227
7985.42,25.19,7.1227
7986.43,25.26,7.1227
7987.43,25.12,7.1227
7988.43,25.21,7.1227
7989.43,25.13,7.1227
7990.43,25.12,7.1227
7991.43,25.22,7.1227
7992.44,25.13,7.1227
7993.44,25.51,7.1227
7994.44,25.12,7.1227
7995.44,25.96,7.1227
7996.44,25.27,7.1227
7997.44,25.17,7.1297
7998.45,25.23,7.1399
7999.45,25.17,7.1525
8000.45,25.18,7.1624
8001.45,25.28,7.1737
8002.45,25.19,7.1737
8003.45,25.23,7.1737
8004.46,25.11,7.1737
8005.46,25.12,7.1737
8006.46,25.27,7.1737
8007.46,25.18,7.1737
8008.46,25.27,7.1737
8009.46,25.17,7.1737
8010.46,25.18,7.1737
8011.47,25.27,7.1737
8012.47,25.18,7.1737
8013.47,25.28,7.1739
8014.47,25.18,7.1739
8015.47,25.17,7.1739
8016.47,25.3,7.1739
8017.48,25.18,7.1739
8018.48,25.17,7.1739
8019.48,25.28,7.1739
8020.48,25.17,7.1739
8021.48,25.29,7.1739
8022.48,25.17,7.1739
8023.48,25.18,7.1739
8024.49,25.25,7.1739
8025.49,25.17,7.1739
8026.49,25.27,7.1739
8027.49,25.18,7.174
8028.49,25.17,7.174
8029.49,25.26,7.174
8030.5,25.1,7.174
8031.5,25.21,7.174
8032.5,25.17,7.174
8033.5,25.17,7.174
8034.5,25.17,7.174
8035.5,25.27,7.174
8036.5,25.18,7.174
8037.51,25.28,7.174
8038.51,25.12,7.174
8039.51,25.11,7.174
8040.51,25.21,7.174
8041.51,25.17,7.174
8042.51,25.31,7.174
8043.52,25.18,7.1741
8044.52,25.17,7.1741
8045.52,25.39,7.1741
8046.52,25.18,7.1741
8047.52,25.32,7.1741
8048.52,25.17,7.1741
8049.53,25.16,7.1741
8050.53,25.22,7.1741
8051.53,25.13,7.1741
8052.53,25.24,7.1742
8053.53,25.13,7.1742
8054.53,25.12,7.1742
8055.53,25.23,7.1742
8056.54,25.17,7.1742
8057.54,25.28,7.1742
8058.54,25.16,7.1742
8059.54,25.17,7.1742
8060.54,25.26,7.1742
8061.54,25.16,7.1742
8062.55,25.28,7.1742
8063.55,25.13,7.1742
8064.55,25.11,7.1742
8065.55,25.21,7.1742
8066.55,25.11,7.1742
8067.55,25.12,7.1742
8068.55,25.21,7.1742
8069.56,25.11,7.1742
8070.56,25.21,7.1742
8071.56,25.11,7.1742
8072.56,25.12,7.1743
8073.56,25.22,7.1745
8074.56,25.13,7.1745
8075.57,25.27,7.1745
8076.57,25.29,7.1745
8077.57,26.31,7.1745
8078.57,25.21,7.1745
8079.57,25.14,7.1745
8080.57,25.21,7.1745
8081.58,26.07,7.1745
8082.58,25.17,7.1745
8083.58,25.29,7.1745
8084.58,25.12,7.1745
8085.58,26.43,7.1745
8086.58,25.11,7.1745
8087.58,25.11,7.1745
8088.59,25.2,7.1745
8089.59,25.12,7.1745
8090.59,25.27,7.1745
8091.59,25.17,7.1745
8092.59,25.18,7.1746
8093.59,25.28,7.1746
8094.6,25.17,7.1746
8095.6,25.27,7.1746
8096.6,25.17,7.1746
8097.6,25.18,7.1746
8098.6,25.27,7.1746
8099.6,25.17,7.1746
8100.61,25.27,7.1746
8101.61,25.17,7.1746
8102.61,25.18,7.1746
8103.61,25.29,7.1747
8104.61,25.17,7.1747
8105.61,25.17,7.1747
8106.61,25.27,7.1747
8107.62,25.18,7.1747
8108.62,25.27,7.1747
8109.62,25.18,7.1747
8110.62,25.18,7.1747
8111.62,25.28,7.1747
8112.62,25.18,7.1748
8113.63,25.29,7.1748
8114.63,25.18,7.1748
8115.63,25.18,7.1748
8116.63,25.27,7.1748
8117.63,25.18,7.1748
8118.63,25.25,7.1748
8119.64,25.12,7.1748
8120.64,25.18,7.1748
8121.64,25.27,7.1748
8122.64,25.18,7.1748
8123.64,25.22,7.1748
8124.64,25.14,7.1748
8125.64,25.11,7.1748
8126.65,25.23,7.1748
8127.65,25.19,7.1748
8128.65,25.17,7.1748
8129.65,25.27,7.1749
8130.65,25.11,7.1749
8131.65,25.21,7.1749
8132.65,25.12,7.1749
8133.66,25.12,7.175
8134.66,25.21,7.175
8135.66,25.13,7.175
8136.66,25.16,7.175
8137.66,25.27,7.175
8138.66,25.16,7.175
8139.67,25.12,7.175
8140.67,25.21,7.175
8141.67,25.11,7.175
8142.67,25.24,7.175
8143.67,25.11,7.175
8144.67,25.11,7.175
8145.67,25.22,7.175
8146.68,25.11,7.175
8147.68,25.22,7.175
8148.68,25.11,7.175
8149.68,25.11,7.1752
8150.68,25.21,7.1752
8151.68,25.11,7.1752
8152.69,25.23,7.1752
8153.69,25.1,7.1752
8154.69,25.15,7.1752
8155.69,25.27,7.1752
8156.69,25.17,7.1752
8157.69,25.16,7.1753
8158.69,25.25,7.178
8159.7,25.17,7.1887
8160.7,25.27,7.1947
8161.7,25.31,7.2004
8162.7,25.2,7.2076
8163.7,25.27,7.214
8164.7,25.17,7.2214
8165.7,25.17,7.2278
8166.71,25.26,7.2355
8167.71,25.68,7.2425
8168.71,25.17,7.2508
8169.71,25.28,7.2591
8170.71,25.17,7.2673
8171.71,25.28,7.2751
8172.71,25.15,7.2756
8173.72,25.11,7.2756
8174.72,25.21,7.2756
8175.72,25.11,7.2756
8176.72,25.15,7.2756
8177.72,25.23,7.2756
8178.72,25.11,7.2756
8179.73,25.24,7.2756
8180.73,25.16,7.2756
8181.73,25.17,7.2756
8182.73,25.29,7.2757
8183.73,25.17,7.2757
8184.73,25.27,7.2757
8185.74,25.17,7.2757
8186.74,25.17,7.2757
8187.74,25.28,7.2757
8188.74,25.17,7.2757
8189.74,25.21,7.2757
8190.74,25.16,7.2757
8191.74,25.16,7.2757
8192.75,25.29,7.2758
8193.75,25.15,7.2758
8194.75,25.15,7.2758
8195.75,25.25,7.2758
8196.75,25.16,7.2758
8197.75,25.26,7.2758
8198.75,25.17,7.2758
8199.76,25.18,7.2758
8200.76,25.27,7.2758
8201.76,25.17,7.2758
8202.76,25.3,7.2758
8203.76,25.17,7.2758
8204.76,25.17,7.2758
8205.77,25.27,7.2758
8206.77,25.17,7.2758
8207.77,25.2,7.2758
8208.77,25.27,7.2758
8209.77,25.17,7.2758
8210.77,25.16,7.2758
8211.77,25.27,7.2758
8212.78,25.2,7.2761
8213.78,25.18,7.2761
8214.78,25.25,7.2761
8215.78,25.11,7.2761
8216.78,25.11,7.2761
8217.78,25.22,7.2761
8218.78,25.11,7.2761
8219.79,25.21,7.2761
8220.79,25.11,7.2761
8221.79,25.11,7.2761
8222.79,25.25,7.2761
8223.79,25.17,7.2761
8224.79,25.17,7.2761
8225.79,25.27,7.2761
8226.8,25.17,7.2761
8227.8,25.28,7.2761
8228.8,25.16,7.2761
8229.8,25.18,7.2761
8230.8,25.27,7.2761
8231.8,25.17,7.2761
8232.8,25.19,7.2762
8233.81,25.27,7.2762
8234.81,25.17,7.2762
8235.81,25.27,7.2762
8236.81,25.17,7.2762
8237.81,25.18,7.2762
8238.81,25.28,7.2762
8239.81,25.17,7.2762
8240.82,25.17,7.2762
8241.82,25.28,7.2762
8242.82,25.19,7.2762
8243.82,25.17,7.2762
8244.82,25.28,7.2762
8245.82,25.16,7.2762
8246.82,25.17,7.2762
8247.83,25.29,7.2762
8248.83,25.16,7.2762
8249.83,25.11,7.2762
8250.83,25.22,7.2762
8251.83,25.1,7.2762
8252.83,25.13,7.2764
8253.83,25.26,7.2764
8254.83,25.18,7.2764
8255.84,25.16,7.2764
8256.84,25.23,7.2764
8257.84,25.12,7.2764
8258.84,25.11,7.2764
8259.84,25.24,7.2764
8260.84,25.11,7.2764
8261.84,25.11,7.2764
8262.85,25.24,7.2764
8263.85,25.11,7.2764
8264.85,25.11,7.2764
8265.85,25.22,7.2764
8266.85,25.12,7.2764
8267.85,25.65,7.2764
8268.86,25.1,7.2764
8269.86,25.12,7.2764
8270.86,25.22,7.2764
8271.86,25.17,7.2764
8272.86,25.14,7.2766
8273.86,25.26,7.2766
8274.86,25.16,7.2766
8275.87,25.27,7.2766
8276.87,25.17,7.2766
8277.87,25.18,7.2766
8278.87,25.26,7.2766
8279.87,25.17,7.2766
8280.87,25.27,7.2766
8281.88,25.17,7.2767
8282.88,25.2,7.2767
8283.88,25.28,7.2767
8284.88,25.13,7.2767
8285.88,25.11,7.2767
8286.88,25.21,7.2767
8287.88,25.13,7.2767
8288.89,25.24,7.2767
8289.89,25.18,7.2767
8290.89,25.17,7.2767
8291.89,25.27,7.2767
8292.89,25.2,7.2768
8293.89,25.17,7.2768
8294.89,25.27,7.2768
8295.9,25.16,7.2768
8296.9,25.27,7.2768
8297.9,25.18,7.2768
8298.9,25.16,7.2768
8299.9,25.27,7.2768
8300.9,25.17,7.2768
8301.91,25.27,7.2768
8302.91,25.19,7.2768
8303.91,25.15,7.2768
8304.91,25.27,7.2768
8305.91,25.17,7.2768
8306.91,25.37,7.2769
8307.91,25.29,7.2769
8308.91,25.17,7.2769
8309.92,25.18,7.2769
8310.92,25.32,7.2769
8311.92,25.17,7.2769
8312.92,25.19,7.277
8313.92,25.26,7.277
8314.92,25.17,7.277
8315.93,25.27,7.277
8316.93,25.65,7.277
8317.93,25.16,7.277
8318.93,25.21,7.277
8319.93,25.12,7.277
8320.93,25.22,7.277
8321.93,25.11,7.277
8322.94,25.13,7.277
8323.94,25.21,7.277
8324.94,25.11,7.277
8325.94,25.12,7.277
8326.94,25.22,7.277
8327.94,25.16,7.277
8328.95,25.26,7.277
8329.95,25.17,7.277
8330.95,25.17,7.277
8331.95,25.26,7.277
8332.95,25.19,7.2772
8333.95,25.26,7.2772
8334.96,25.16,7.2772
8335.96,25.16,7.2772
8336.96,25.26,7.2772
8337.96,25.17,7.2772
8338.96,25.27,7.2772
8339.96,25.17,7.2772
8340.96,25.17,7.2772
8341.97,25.27,7.2772
8342.97,25.19,7.2773
8343.97,25.16,7.2773
8344.97,25.46,7.2773
8345.97,25.17,7.2773
8346.97,25.28,7.2773
8347.97,25.17,7.2773
8348.98,25.16,7.2773
8349.98,25.22,7.2773
8350.98,25.13,7.2773
8351.98,25.12,7.2773
8352.98,25.24,7.2774
8353.98,25.12,7.2774
8354.99,25.23,7.2774
8355.99,25.16,7.2774
8356.99,25.16,7.2774
8357.99,25.27,7.2774
8358.99,25.16,7.2774
8359.99,25.26,7.2774
8361.0,25.17,7.2774
8362.0,25.16,7.2774
8363.0,25.24,7.2774
8364.0,25.11,7.2774
8365.0,25.22,7.2774
8366.0,25.12,7.2774
8367.0,25.12,7.2774
8368.01,25.28,7.2774
8369.01,25.17,7.2774
8370.01,25.26,7.2774
8371.01,25.11,7.2774
8372.01,25.12,7.2774
8373.01,25.27,7.2776
8374.02,31.03,2.0723
8375.02,71.57,2.3404
8376.02,77.38,2.5467
8377.02,89.0,2.7399
8378.02,87.24,3.0106
8379.02,81.51,3.3099
8380.02,78.35,3.5743
8381.03,77.86,3.8481
8382.03,75.55,4.088
8383.03,76.06,4.4648
8384.03,75.69,4.7283
8385.03,76.29,5.0422
8386.03,76.12,5.2846
8387.03,76.04,5.5032
8388.04,75.46,5.7571
8389.04,75.77,5.9954
8390.04,75.03,6.1433
8391.04,76.55,6.3915
8392.04,59.64,6.7975
8393.04,41.48,7.242
8394.04,53.23,7.3698
8395.05,34.02,7.37
8396.05,26.9,7.37
8397.05,28.55,7.37
8398.05,25.27,7.37
8399.05,25.17,7.3701
8400.05,25.28,7.3701
8401.06,25.4,7.3701
8402.06,25.56,7.3701
8403.06,30.34,7.4297
8404.06,29.66,7.5601
8405.06,25.17,7.5601
8406.06,25.6,7.5601
8407.06,25.22,7.5601
8408.06,25.18,7.5601
8409.07,25.27,7.5601
8410.07,25.19,7.5601
8411.07,25.17,7.5601
8412.07,25.37,7.5601
8413.07,31.12,7.5605
8414.07,25.3,7.5605
8415.08,25.17,7.5605
8416.08,25.18,7.5605
8417.08,25.27,7.5605
8418.08,25.87,7.5605
8419.08,25.27,7.5605
8420.08,29.17,7.5605
8421.08,25.16,7.5605
8422.09,31.03,7.5605
8423.09,25.25,7.5606
8424.09,25.7,7.5606
8425.09,25.28,7.5606
8426.09,25.17,7.5606
8427.09,25.27,7.5606
8428.1,25.5,7.5606
8429.1,25.26,7.5606
8430.1,25.17,7.5606
8431.1,25.17,7.5606
8432.1,31.48,7.5611
8433.1,25.19,7.5612
8434.11,25.26,7.5612
8435.11,25.17,7.5612
8436.11,25.17,7.5612
8437.11,25.27,7.5612
8438.11,25.18,7.5612
8439.11,25.27,7.5612
8440.11,25.17,7.5612
8441.12,25.16,7.5612
8442.12,32.53,7.7026
8443.12,25.83,7.7026
8444.12,25.14,7.7026
8445.12,25.24,7.7026
8446.12,25.19,7.7026
8447.13,25.25,7.7026
8448.13,25.18,7.7027
8449.13,25.16,7.7027
8450.13,25.22,7.7027
8451.13,25.12,7.7027
8452.13,25.22,8.1246
8453.14,25.15,8.4438
8454.14,39.16,8.9123
8455.14,25.27,8.9123
8456.14,25.18,8.9123
8457.14,25.27,8.9123
8458.14,25.19,8.9123
8459.14,25.17,8.9123
8460.15,25.28,8.9123
8461.15,25.18,8.9123
8462.15,25.27,8.9123
8463.15,25.2,8.9123
8464.15,25.14,8.9123
8465.15,25.21,8.9123
8466.16,25.24,8.9134
8467.16,25.21,8.9134
8468.16,25.12,8.9134
8469.16,25.11,8.9134
8470.16,25.22,8.9134
8471.16,25.12,8.9134
8472.17,25.23,8.9134
8473.17,25.17,8.9135
8474.17,25.27,8.9135
8475.17,25.17,8.9135
8476.17,25.17,8.9135
8477.17,25.27,8.9135
8478.18,25.33,8.9137
8479.18,25.19,8.9137
8480.18,25.3,8.9137
8481.18,25.18,8.9137
8482.18,25.18,8.9137
8483.18,25.33,8.9139
8484.18,25.18,8.9139
8485.18,25.17,8.9139
8486.19,25.29,8.9139
8487.19,25.17,8.9137
8488.19,25.18,8.9137
8489.19,25.29,8.9137
8490.19,25.33,8.9147
8491.19,25.18,8.9147
8492.19,25.26,8.9147
8493.2,25.17,8.9148
8494.2,25.22,8.9148
8495.2,25.17,8.9148
8496.2,25.24,8.9148
8497.2,25.22,8.9148
8498.2,25.16,8.9148
8499.21,25.22,8.9148
8500.21,25.12,8.9148
8501.21,25.24,8.9153
8502.21,25.25,8.9153
8503.21,25.2,8.9155
8504.21,25.27,8.9155
8505.21,25.19,8.9155
8506.22,25.18,8.9155
8507.22,25.28,8.9155
8508.22,25.19,8.9155
8509.22,25.28,8.9155
8510.22,25.18,8.9155
8511.22,25.18,8.9155
8512.23,25.5,8.9158
8513.23,25.21,8.9158
8514.23,25.28,8.9158
8515.23,25.18,8.9158
8516.23,25.18,8.9158
8517.23,25.27,8.9158
8518.24,25.19,8.9159
8519.24,25.28,8.9159
8520.24,25.17,8.9159
8521.24,25.18,8.9159
8522.24,25.28,8.9159
8523.24,25.28,8.9163
8524.25,25.27,8.9163
8525.25,25.17,8.9163
8526.25,25.18,8.9163
8527.25,25.28,8.9163
8528.25,25.19,8.9163
8529.25,25.21,8.9163
8530.25,25.3,8.9163
8531.26,25.19,8.9163
8532.26,25.29,8.9163
8533.26,25.17,8.9164
8534.26,25.44,8.9167
8535.26,25.19,8.9167
8536.26,25.2,8.9167
8537.27,25.3,8.9167
8538.27,25.21,8.9167
8539.27,25.28,8.9167
8540.27,25.18,8.9167
8541.27,25.12,8.9167
8542.27,25.22,8.9167
8543.28,25.18,8.9168
8544.28,25.28,8.9168
8545.28,25.17,8.9168
8546.28,25.31,8.9169
8547.28,25.3,8.9169
8548.28,25.15,8.9169
8549.28,25.13,8.9169
8550.29,25.22,8.9169
8551.29,25.13,8.9169
8552.29,25.22,8.9169
8553.29,25.16,8.917
8554.29,25.17,8.917
8555.29,25.28,8.917
8556.3,25.18,8.917
8557.3,25.43,8.9173
8558.3,25.18,8.9174
8559.3,25.18,8.9174
8560.3,25.27,8.9174
8561.3,25.17,8.9174
8562.31,25.27,8.9174
8563.31,25.2,8.9174
8564.31,25.17,8.9174
8565.31,25.27,8.9174
8566.31,25.18,8.9174
8567.31,25.28,8.9174
8568.31,25.3,8.9176
8569.32,25.18,8.9176
8570.32,25.27,8.9176
8571.32,25.12,8.9176
8572.32,25.22,8.9176
8573.32,25.16,8.9176
8574.32,25.13,8.9176
8575.33,25.23,8.9176
8576.33,25.17,8.9176
8577.33,25.2,8.9176
8578.33,25.37,8.9178
8579.33,25.27,8.9182
8580.33,25.2,8.9182
8581.33,25.29,8.9182
8582.34,25.17,8.9182
8583.34,25.33,8.9182
8584.34,25.19,8.9182
8585.34,25.2,8.9182
8586.34,25.32,8.9182
8587.34,25.19,8.9182
8588.34,25.2,8.9184
8589.35,25.28,8.9184
8590.35,25.41,8.9187
8591.35,25.27,8.9187
8592.35,25.18,8.9187
8593.35,25.2,8.9188
8594.35,25.32,8.9188
8595.36,25.21,8.9188
8596.36,25.32,8.9188
8597.36,25.19,8.9188
8598.36,25.19,8.9188
8599.36,25.32,8.9188
8600.36,25.21,8.9188
8601.37,25.31,8.9188
8602.37,25.3,8.9192
8603.37,25.18,8.9193
8604.37,25.23,8.9193
8605.37,25.12,8.9193
8606.37,25.29,8.9193
8607.38,25.19,8.9193
8608.38,25.17,8.9193
8609.38,25.23,8.9193
8610.38,25.18,8.9193
8611.38,25.31,8.9193
8612.38,25.22,8.9193
8613.38,25.37,8.9196
8614.39,25.31,8.9196
8615.39,25.2,8.9196
8616.39,25.3,8.9196
8617.39,25.19,8.9196
8618.39,25.17,8.9196
8619.39,25.3,8.9196
8620.39,25.18,8.9196
8621.4,25.18,8.9196
8622.4,25.32,8.9197
8623.4,25.22,8.9197
8624.4,25.2,8.9197
8625.4,25.37,8.9199
8626.4,25.29,8.9199
8627.4,25.2,8.9199
8628.41,25.28,8.9199
8629.41,25.14,8.9199
8630.41,25.14,8.9199
8631.41,25.31,8.9199
8632.41,25.2,8.9201
8633.41,25.22,8.9201
8634.41,25.17,8.9201
8635.41,25.22,8.9201
8636.42,25.14,8.9201
8637.42,25.47,8.9204
8638.42,25.21,8.9204
8639.42,25.19,8.9204
8640.42,25.26,8.9204
8641.42,25.12,8.9204
8642.42,25.13,8.9204
8643.43,25.27,8.9204
8644.43,25.14,8.9204
8645.43,25.12,8.9204
8646.43,25.22,8.9204
8647.43,25.13,8.9204
8648.43,25.12,8.9204
8649.43,25.41,8.9207
8650.44,25.17,8.9207
8651.44,25.26,8.9207
8652.44,25.12,8.9207
8653.44,25.13,8.9207
8654.44,25.23,8.9207
8655.44,25.2,8.9207
8656.44,25.16,8.9207
8657.45,25.29,8.9207
8658.45,25.17,8.9208
8659.45,25.29,8.9208
8660.45,25.19,8.9208
8661.45,25.45,8.9533
8662.45,25.29,8.9533
8663.46,25.2,8.9533
8664.46,25.28,8.9533
8665.46,25.19,8.9533
8666.46,25.19,8.9533
8667.46,25.29,8.9533
8668.46,25.19,8.9533
8669.47,25.29,8.9533
8670.47,25.18,8.9533
8671.47,25.29,8.9533
8672.47,25.19,8.9534
8673.47,25.26,8.9539
8674.47,25.28,8.9539
8675.48,25.12,8.9539
8676.48,25.14,8.9539
8677.48,25.23,8.954
8678.48,25.13,8.954
8679.48,25.25,8.954
8680.48,25.17,8.954
8681.48,25.17,8.954
8682.49,25.29,8.954
8683.49,25.2,8.954
8684.49,25.35,8.9856
8685.49,25.28,8.9856
8686.49,25.19,8.9856
8687.49,25.15,8.9857
8688.49,25.25,8.9857
8689.5,25.19,8.9857
8690.5,25.19,8.9857
8691.5,25.29,8.9857
8692.5,26.88,8.9857
8693.5,25.24,8.9859
8694.5,25.17,8.9859
8695.5,25.18,8.9859
8696.51,25.38,8.986
8697.51,25.14,8.986
8698.51,25.23,8.986
8699.51,25.13,8.986
8700.51,25.23,8.986
8701.51,25.15,8.986
8702.52,25.19,8.986
8703.52,25.3,8.9861
8704.52,25.19,8.9861
8705.52,25.29,8.9861
8706.52,25.19,8.9861
8707.52,25.2,8.9861
8708.53,25.38,9.015
8709.53,25.2,9.015
8710.53,25.29,9.015
8711.53,25.19,9.015
8712.53,25.2,9.0151
8713.53,25.26,9.0151
8714.54,25.19,9.0151
8715.54,25.29,9.0151
8716.54,25.18,9.0151
8717.54,25.19,9.0151
8718.54,25.3,9.0151
8719.54,25.18,9.0151
8720.54,25.27,9.0154
8721.55,25.29,9.0154
8722.55,25.2,9.0155
8723.55,25.21,9.0155
8724.55,25.3,9.0155
8725.55,25.18,9.0155
8726.55,25.29,9.0155
8727.56,25.2,9.0155
8728.56,25.19,9.0155
8729.56,25.29,9.0155
8730.56,25.19,9.0155
8731.56,25.28,9.0155
8732.56,25.26,9.0415
8733.56,25.2,9.0415
8734.57,25.3,9.0415
8735.57,25.18,9.0415
8736.57,25.28,9.0415
8737.57,25.19,9.0415
8738.57,25.18,9.0415
8739.57,25.3,9.0415
8740.58,25.18,9.0415
8741.58,25.28,9.0415
8742.58,25.2,9.0415
8743.58,25.2,9.0416
8744.58,25.56,9.0417
8745.58,25.18,9.0417
8746.59,25.28,9.0417
8747.59,25.19,9.0417
8748.59,25.29,9.0417
8749.59,25.18,9.0417
8750.59,25.18,9.0417
8751.59,25.29,9.0417
8752.6,25.2,9.0417
8753.6,25.29,9.0419
8754.6,25.19,9.0419
8755.6,25.34,9.065
8756.6,25.23,9.065
8757.6,25.12,9.065
8758.61,25.26,9.065
8759.61,25.18,9.065
8760.61,25.28,9.065
8761.61,25.18,9.065
8762.61,25.19,9.065
8763.61,25.5,9.0652
8764.62,25.18,9.0652
8765.62,25.22,9.0652
8766.62,25.14,9.0652
8767.62,25.3,9.0654
8768.62,25.29,9.0654
8769.62,25.2,9.0654
8770.63,25.29,9.0654
8771.63,25.19,9.0654
8772.63,25.2,9.0655
8773.63,25.31,9.0655
8774.63,25.19,9.0655
8775.63,25.29,9.0655
8776.63,25.17,9.0655
8777.64,25.21,9.0655
8778.64,25.28,9.0655
8779.64,25.28,9.0736
8780.64,25.18,9.0736
8781.64,25.3,9.0736
8782.64,25.19,9.0737
8783.64,25.21,9.0737
8784.65,25.3,9.0737
8785.65,25.18,9.0737
8786.65,25.18,9.0737
8787.65,25.23,9.0737
8788.65,25.13,9.0737
8789.65,25.25,9.0737
8790.66,25.13,9.0737
8791.66,25.24,9.0737
8792.66,25.29,9.0738
8793.66,25.18,9.0738
8794.66,25.25,9.0738
8795.66,25.15,9.0738
8796.66,25.16,9.0738
8797.67,25.27,9.0738
8798.67,25.16,9.0738
8799.67,25.27,9.0738
8800.67,25.14,9.0738
8801.67,25.15,9.0738
8802.67,25.31,9.074
8803.68,25.32,9.0742
8804.68,25.28,9.0742
8805.68,25.18,9.0742
8806.68,25.18,9.0742
8807.68,25.24,9.0742
8808.68,25.14,9.0742
8809.69,25.22,9.0742
8810.69,25.16,9.0742
8811.69,25.2,9.0742
8812.69,25.3,9.0743
8813.69,25.12,9.0743
8814.69,25.22,9.0743
8815.7,25.42,9.0744
8816.7,25.18,9.0744
8817.7,25.23,9.0744
8818.7,25.13,9.0744
8819.7,25.22,9.0744
8820.7,25.12,9.0744
8821.71,25.15,9.0744
8822.71,25.31,9.0746
8823.71,25.15,9.0746
8824.71,25.26,9.0746
8825.71,25.19,9.0746
8826.71,25.42,9.075
8827.71,25.19,9.075
8828.72,25.19,9.075
8829.72,25.29,9.075
8830.72,25.16,9.075
8831.72,25.29,9.075
8832.72,25.22,9.0752
8833.72,25.19,9.0752
8834.73,25.29,9.0752
8835.73,25.19,9.0752
8836.73,25.28,9.0752
8837.73,25.19,9.0752
8838.73,25.39,9.0754
8839.73,25.29,9.0754
8840.74,25.2,9.0754
8841.74,25.27,9.0754
8842.74,25.2,9.0754
8843.74,25.19,9.0754
8844.74,25.28,9.0754
8845.74,25.16,9.0754
8846.75,25.36,9.0754
8847.75,25.18,9.0755
8848.75,25.18,9.0755
8849.75,25.28,9.0755
8850.75,25.18,9.0755
8851.75,25.44,9.0757
8852.76,25.22,9.0758
8853.76,25.18,9.0758
8854.76,25.28,9.0758
8855.76,25.18,9.0758
8856.76,25.3,9.0758
8857.76,25.19,9.0758
8858.76,25.18,9.0758
8859.77,25.3,9.0758
8860.77,25.19,9.0758
8861.77,25.19,9.0758
8862.77,25.27,9.0758
8863.77,25.27,9.0759
8864.77,25.19,9.0759
8865.77,25.26,9.0759
8866.78,25.14,9.0759
8867.78,25.25,9.0759
8868.78,25.13,9.0759
8869.78,25.13,9.0759
8870.78,25.23,9.0759
8871.78,25.13,9.0759
8872.79,25.32,9.076
8873.79,25.19,9.076
8874.79,25.18,9.076
8875.79,25.46,9.0763
8876.79,25.18,9.0763
8877.79,25.22,9.0763
8878.79,25.29,9.0763
8879.8,25.13,9.0763
8880.8,25.23,9.0763
8881.8,25.13,9.0763
8882.8,25.15,9.0764
8883.8,25.22,9.0764
8884.8,25.12,9.0764
8885.8,25.12,9.0764
8886.81,25.6,9.0765
8887.81,25.2,9.0765
8888.81,25.29,9.0765
8889.81,25.2,9.0765
8890.81,25.18,9.0765
8891.81,25.29,9.0765
8892.82,25.21,9.0766
8893.82,25.28,9.0766
8894.82,25.21,9.0766
8895.82,25.19,9.0766
8896.82,25.29,9.0766
8897.82,25.2,9.0766
8898.82,25.34,9.0769
8899.83,25.29,9.0769
8900.83,25.19,9.0769
8901.83,25.29,9.0769
8902.83,25.3,9.077
8903.83,25.19,9.077
8904.83,25.29,9.077
8905.84,25.19,9.077
8906.84,25.29,9.077
8907.84,25.19,9.077
8908.84,25.19,9.077
8909.84,25.49,9.0771
8910.84,25.21,9.0771
8911.84,25.19,9.0771
8912.85,25.31,9.0771
8913.85,25.19,9.0771
8914.85,25.29,9.0771
8915.85,25.19,9.0771
8916.85,25.29,9.0771
8917.85,25.16,9.0771
8918.86,25.14,9.0771
8919.86,25.29,9.0771
8920.86,25.19,9.0771
8921.86,25.41,9.0775
8922.86,25.16,9.0775
8923.86,25.16,9.0775
8924.87,25.28,9.0775
8925.87,25.19,9.0775
8926.87,25.29,9.0775
8927.87,25.2,9.0776
8928.87,25.19,9.0776
8929.87,25.29,9.0776
8930.88,25.19,9.0776
8931.88,25.29,9.0776
8932.88,25.2,9.0776
8933.88,25.34,9.0778
8934.88,25.24,9.0778
8935.88,25.16,9.0778
8936.88,25.14,9.0778
8937.89,25.24,9.0778
8938.89,25.19,9.0778
8939.89,25.28,9.0778
8940.89,25.18,9.0778
8941.89,25.15,9.0778
8942.89,25.43,9.0778
8943.9,25.14,9.0778
8944.9,25.26,9.0778
8945.9,25.34,9.078
8946.9,25.1,9.078
8947.9,25.27,9.078
8948.9,25.19,9.078
8949.91,25.27,9.078
8950.91,25.13,9.078
8951.91,25.11,9.078
8952.91,25.24,9.0781
8953.91,25.14,9.0781
8954.91,25.24,9.0781
8955.91,25.13,9.0781
8956.92,25.13,9.0781
8957.92,25.24,9.0781
8958.92,25.47,9.0785
8959.92,25.23,9.0785
8960.92,25.13,9.0785
8961.92,25.13,9.0785
8962.93,25.41,9.0785
8963.93,25.14,9.0785
8964.93,25.23,9.0785
8965.93,25.13,9.0785
8966.93,25.12,9.0785
8967.93,25.26,9.0785
8968.93,25.18,9.0785
8969.94,25.27,9.0787
8970.94,25.25,9.0787
8971.94,25.12,9.0787
8972.94,25.15,9.0788
8973.94,25.25,9.0788
8974.94,25.13,9.0788
8975.94,25.12,9.0788
8976.95,25.24,9.0788
8977.95,25.2,9.0788
8978.95,25.18,9.0788
8979.95,25.3,9.0788
8980.95,25.19,9.0788
8981.95,25.37,9.0788
8982.95,25.31,9.0791
8983.96,25.17,9.0791
8984.96,25.22,9.0791
8985.96,25.19,9.0791
8986.96,25.18,9.0791
8987.96,25.23,9.0791
8988.96,25.14,9.0791
8989.96,25.13,9.0791
8990.97,25.23,9.0791
8991.97,25.18,9.0791
8992.97,25.31,9.0791
8993.97,25.38,9.0792
8994.97,25.19,9.0792
8995.97,25.28,9.0792
8996.98,25.18,9.0792
8997.98,25.3,9.0793
8998.98,25.18,9.0793
8999.98,25.13,9.0793
9000.98,25.23,9.0793
9001.98,25.13,9.0793
9002.99,25.26,9.0793
9003.99,25.13,9.0793
9004.99,25.27,9.0794
9005.99,25.23,9.0794
9006.99,25.13,9.0794
9007.99,25.24,9.0794
9009.0,25.15,9.0794
9010.0,25.19,9.0794
9011.0,25.29,9.0794
9012.0,25.19,9.0794
9013.0,25.31,9.0795
9014.0,25.19,9.0795
9015.0,25.18,9.0795
9016.01,25.28,9.0795
9017.01,25.35,9.0805
9018.01,25.29,9.0805
9019.01,25.19,9.0805
9020.01,25.18,9.0805
9021.01,25.29,9.0805
9022.02,25.19,9.0805
9023.02,25.33,9.0805
9024.02,25.18,9.0805
9025.02,25.19,9.0805
9026.02,25.31,9.0805
9027.02,25.19,9.0805
9028.02,25.2,9.0805
9029.03,25.5,9.0809
9030.03,25.19,9.0809
9031.03,25.19,9.0809
9032.03,25.31,9.0809
9033.03,25.22,9.0809
9034.03,25.19,9.0809
9035.03,25.28,9.0809
9036.04,25.18,9.0809
9037.04,25.28,9.0809
9038.04,25.2,9.081
9039.04,25.19,9.081
9040.04,25.3,9.081
9041.04,25.57,9.0811
9042.05,25.29,9.0811
9043.05,25.22,9.0813
9044.05,25.19,9.0813
9045.05,25.29,9.0813
9046.05,25.19,9.0813
9047.05,25.28,9.0813
9048.06,25.19,9.0813
9049.06,25.19,9.0813
9050.06,25.29,9.0814
9051.06,25.19,9.0814
9052.06,25.49,9.0816
9053.06,25.21,9.0816
9054.07,25.19,9.0816
9055.07,25.28,9.0816
9056.07,25.19,9.0816
9057.07,25.3,9.0816
9058.07,25.17,9.0817
9059.07,25.15,9.0817
9060.07,25.27,9.0817
9061.07,25.13,9.0817
9062.08,25.12,9.0817
9063.08,25.27,9.0819
9064.08,25.37,9.082
9065.08,25.18,9.082
9066.08,25.3,9.082
9067.08,25.16,9.082
9068.08,25.15,9.082
9069.09,25.26,9.082
9070.09,25.14,9.082
9071.09,25.13,9.082
9072.09,25.23,9.082
9073.09,25.16,9.0821
9074.09,25.28,9.0821
9075.1,25.18,9.0821
9076.1,25.36,9.0826
9077.1,25.29,9.0826
9078.1,25.2,9.0827
9079.1,25.29,9.0827
9080.1,25.18,9.0827
9081.1,25.19,9.0827
9082.11,25.28,9.0827
9083.11,25.22,9.0827
9084.11,25.29,9.0827
9085.11,25.19,9.0827
9086.11,25.19,9.0827
9087.11,25.28,9.0827
9088.12,25.37,9.0827
9089.12,25.3,9.0827
9090.12,25.13,9.0827
9091.12,25.13,9.0827
9092.12,25.25,9.0827
9093.12,25.17,9.0828
9094.13,25.24,9.0828
9095.13,25.2,9.0828
9096.13,25.19,9.0828
9097.13,25.28,9.0828
9098.13,25.16,9.0828
9099.13,25.13,9.0828
9100.13,25.42,9.0833
9101.14,25.12,9.0833
9102.14,25.23,9.0833
9103.14,25.19,9.0834
9104.14,25.29,9.0834
9105.14,25.18,9.0834
9106.14,25.19,9.0834
9107.15,25.28,9.0834
9108.15,25.19,9.0834
9109.15,25.28,9.0834
9110.15,25.17,9.0834
9111.15,25.18,9.0834
9112.15,25.66,9.0836
9113.16,25.21,9.0836
9114.16,25.28,9.0836
9115.16,25.18,9.0836
9116.16,25.18,9.0836
9117.16,25.28,9.0836
9118.16,25.16,9.0837
9119.17,25.26,9.0837
9120.17,25.18,9.0837
9121.17,25.24,9.0837
9122.17,25.17,9.0837
9123.17,25.4,9.0842
9124.17,25.28,9.0842
9125.18,25.18,9.0842
9126.18,25.29,9.0842
9127.18,25.18,9.0842
9128.18,25.19,9.0843
9129.18,25.28,9.0843
9130.18,25.18,9.0843
9131.19,25.28,9.0843
9132.19,25.18,9.0843
9133.19,25.2,9.0843
9134.19,25.29,9.0843
9135.19,25.18,9.0843
9136.19,25.43,9.085
9137.2,25.18,9.085
9138.2,25.19,9.085
9139.2,25.28,9.085
9140.2,25.18,9.085
9141.2,25.28,9.085
9142.2,25.18,9.085
9143.21,25.28,9.085
9144.21,25.15,9.085
9145.21,25.13,9.085
9146.21,25.26,9.085
9147.21,25.19,9.085
9148.21,25.48,9.0855
9149.21,25.19,9.0855
9150.22,25.19,9.0855
9151.22,25.28,9.0855
9152.22,25.18,9.0855
9153.22,25.29,9.0855
9154.22,25.18,9.0855
9155.22,25.18,9.0855
9156.23,25.28,9.0855
9157.23,25.17,9.0855
9158.23,25.29,9.0855
9159.23,25.19,9.0855
9160.23,25.44,9.0873
9161.23,25.28,9.0873
9162.24,25.18,9.0873
9163.24,25.35,9.0874
9164.24,25.18,9.0874
9165.24,25.29,9.0874
9166.24,25.15,9.0874
9167.24,25.18,9.0874
9168.25,25.3,9.0874
9169.25,25.18,9.0874
9170.25,25.27,9.0874
9171.25,25.17,9.0874
9172.25,25.37,9.0879
9173.25,26.6,9.0881
9174.26,25.19,9.0881
9175.26,25.28,9.0881
9176.26,25.19,9.0881
9177.26,25.13,9.0881
9178.26,25.24,9.0881
9179.26,25.15,9.0881
9180.27,25.25,9.0881
9181.27,25.16,9.0881
9182.27,25.16,9.0881
9183.27,26.24,9.0893
9184.27,25.13,9.0893
9185.27,25.22,9.0893
9186.28,25.15,9.0893
9187.28,25.2,9.0893
9188.28,25.29,9.0893
9189.28,25.2,9.0893
9190.28,25.19,9.0893
9191.28,25.29,9.0893
9192.28,25.19,9.0893
9193.29,25.31,9.0893
9194.29,25.19,9.0893
9195.29,25.32,9.0896
9196.29,25.28,9.0896
9197.29,25.18,9.0896
9198.29,25.29,9.0896
9199.3,25.18,9.0896
9200.3,25.23,9.0896
9201.3,25.12,9.0896
9202.3,25.13,9.0896
9203.3,25.28,9.0898
9204.3,25.16,9.0898
9205.31,25.28,9.0898
9206.31,25.36,9.091
9207.31,25.12,9.091
9208.31,25.3,9.0911
9209.31,25.19,9.0911
9210.31,25.16,9.0911
9211.31,25.27,9.0911
9212.31,25.18,9.0911
9213.32,25.23,9.0912
9214.32,25.18,9.0912
9215.32,25.22,9.0912
9216.32,25.12,9.0912
9217.32,25.27,9.0912
9218.32,25.39,9.0916
9219.33,25.29,9.0916
9220.33,25.18,9.0916
9221.33,25.19,9.0916
9222.33,25.29,9.0916
9223.33,25.22,9.0917
9224.33,25.19,9.0917
9225.33,25.29,9.0917
9226.34,25.19,9.0917
9227.34,25.31,9.0917
9228.34,25.2,9.0917
9229.34,25.14,9.0917
9230.34,25.44,9.0929
9231.34,25.14,9.0929
9232.35,25.24,9.0929
9233.35,25.17,9.093
9234.35,25.14,9.093
9235.35,25.24,9.093
9236.35,25.14,9.093
9237.35,25.24,9.093
9238.36,25.15,9.093
9239.36,25.15,9.093
9240.36,25.24,9.093
9241.36,25.14,9.093
9242.36,25.44,9.0934
9243.36,25.16,9.0934
9244.37,25.24,9.0934
9245.37,25.14,9.0934
9246.37,25.16,9.0934
9247.37,25.25,9.0934
9248.37,25.16,9.0935
9249.37,25.25,9.0935
9250.37,25.17,9.0935
9251.38,25.21,9.0935
9252.38,25.26,9.0935
9253.38,25.2,9.0937
9254.38,25.67,9.0945
9255.38,25.19,9.0945
9256.38,25.2,9.0945
9257.39,25.32,9.0946
9258.39,25.19,9.0946
9259.39,25.19,9.0946
9260.39,25.29,9.0946
9261.39,25.19,9.0946
9262.39,25.3,9.0946
9263.39,25.22,9.0946
9264.4,25.18,9.0946
9265.4,25.29,9.0946
9266.4,25.39,9.0951
9267.4,25.2,9.0951
9268.4,25.29,9.0951
9269.4,25.18,9.0951
9270.41,25.28,9.0951
9271.41,25.18,9.0951
9272.41,25.19,9.0951
9273.41,25.3,9.0951
9274.41,25.2,9.0951
9275.41,25.28,9.0951
9276.42,25.2,9.0951
9277.42,25.49,9.0967
9278.42,25.29,9.0967
9279.42,25.2,9.0967
9280.42,25.3,9.0967
9281.42,25.2,9.0967
9282.43,25.21,9.0968
9283.43,25.31,9.0969
9284.43,25.2,9.0969
9285.43,25.31,9.0969
9286.43,25.21,9.0969
9287.43,25.2,9.0969
9288.43,25.29,9.0969
9289.44,25.19,9.0969
9290.44,25.43,9.098
9291.44,25.29,9.098
9292.44,25.2,9.098
9293.44,25.29,9.098
9294.44,25.14,9.098
9295.44,25.17,9.098
9296.45,25.31,9.098
9297.45,25.21,9.0982
9298.45,25.2,9.0982
9299.45,25.32,9.0982
9300.45,25.21,9.0982
9301.45,25.19,9.0982
9302.45,25.41,9.0984
9303.45,25.31,9.0984
9304.46,25.19,9.0984
9305.46,25.29,9.0984
9306.46,25.2,9.0984
9307.46,25.3,9.0984
9308.46,25.19,9.0984
9309.46,25.19,9.0984
9310.47,25.3,9.0984
9311.47,25.2,9.0984
9312.47,25.3,9.0985
9313.47,25.21,9.0985
9314.47,25.37,9.0989
9315.47,25.28,9.0989
9316.48,25.19,9.0989
9317.48,25.31,9.099
9318.48,25.18,9.099
9319.48,25.19,9.099
9320.48,25.28,9.099
9321.48,25.2,9.099
9322.49,25.29,9.099
9323.49,25.19,9.099
9324.49,25.15,9.099
9325.49,25.63,9.0991
9326.49,25.19,9.0991
9327.49,25.3,9.0991
9328.5,25.2,9.0991
9329.5,25.3,9.0991
9330.5,25.14,9.0991
9331.5,25.14,9.0991
9332.5,25.25,9.0993
9333.5,25.15,9.0993
9334.51,25.24,9.0993
9335.51,25.14,9.0993
9336.51,25.14,9.0993
9337.51,25.42,9.0994
9338.51,25.16,9.0994
9339.51,25.22,9.0994
9340.51,25.27,9.0994
9341.52,25.18,9.0994
9342.52,25.29,9.0994
9343.52,25.2,9.0995
9344.52,25.28,9.0995
9345.52,25.19,9.0995
9346.52,25.19,9.0995
9347.53,25.31,9.0995
9348.53,25.2,9.0995
9349.53,25.45,9.0996
9350.53,25.19,9.0996
9351.53,25.19,9.0996
9352.53,25.3,9.0996
9353.54,25.21,9.0996
9354.54,25.27,9.0996
9355.54,25.13,9.0996
9356.54,25.13,9.0996
9357.54,25.25,9.0996
9358.54,25.18,9.0996
9359.55,25.24,9.0996
9360.55,25.32,9.0999
9361.55,25.19,9.0999
9362.55,25.3,9.1
9363.55,25.21,9.1
9364.55,25.3,9.1
9365.55,25.19,9.1
9366.56,25.19,9.1
9367.56,25.24,9.1
9368.56,25.17,9.1
9369.56,25.25,9.1
9370.56,25.15,9.1
9371.56,25.19,9.1
9372.57,25.49,9.1004
9373.57,25.21,9.1005
9374.57,25.3,9.1005
9375.57,25.2,9.1005
9376.57,25.19,9.1005
9377.57,25.3,9.1006
9378.58,25.18,9.1006
9379.58,25.25,9.1006
9380.58,25.14,9.1006
9381.58,25.19,9.1006
9382.58,25.29,9.1006
9383.58,25.21,9.1006
9384.59,25.3,9.1006
9385.59,25.37,9.1011
9386.59,25.19,9.1011
9387.59,25.33,9.1011
9388.59,25.15,9.1011
9389.59,25.14,9.1011
9390.59,25.24,9.1011
9391.6,25.14,9.1011
9392.6,25.16,9.1011
9393.6,25.38,9.1012
9394.6,25.14,9.1012
9395.6,25.26,9.1012
9396.6,25.17,9.1012
9397.6,25.54,9.1017
9398.61,25.31,9.1017
9399.61,25.15,9.1017
9400.61,25.14,9.1017
9401.61,25.24,9.1017
9402.61,25.2,9.1018
9403.61,25.31,9.1018
9404.62,25.19,9.1018
9405.62,25.15,9.1018
9406.62,25.24,9.1018
9407.62,25.15,9.1018
9408.62,25.48,9.1019
9409.62,25.19,9.1019
9410.63,25.24,9.1019
9411.63,25.14,9.1019
9412.63,25.15,9.1019
9413.63,25.26,9.1021
9414.63,25.14,9.1021
9415.63,25.23,9.1021
9416.64,25.14,9.1021
9417.64,25.15,9.1021
9418.64,25.29,9.1021
9419.64,25.41,9.1024
9420.64,25.29,9.1024
9421.64,25.21,9.1024
9422.64,25.2,9.1024
9423.65,25.31,9.1024
9424.65,25.17,9.1024
9425.65,25.14,9.1024
9426.65,25.29,9.1024
9427.65,25.14,9.1024
9428.65,25.25,9.1024
9429.65,25.15,9.1024
9430.66,25.17,9.1024
9431.66,25.3,9.1024
9432.66,25.37,9.1027
9433.66,25.28,9.1027
9434.66,25.15,9.1027
9435.66,25.13,9.1027
9436.66,25.13,9.1027
9437.67,25.31,9.1027
9438.67,25.19,9.1027
9439.67,25.19,9.1027
9440.67,25.29,9.1027
9441.67,25.2,9.1027
9442.67,25.23,9.1027
9443.67,25.29,9.1027
9444.68,25.34,9.103
9445.68,25.31,9.103
9446.68,25.17,9.103
9447.68,25.14,9.1031
9448.68,25.23,9.1031
9449.68,25.16,9.1031
9450.69,25.28,9.1031
9451.69,25.18,9.1031
9452.69,25.2,9.1031
9453.69,25.23,9.1031
9454.69,25.13,9.1031
9455.69,25.22,9.1031
9456.69,25.25,9.1035
9457.7,25.19,9.1036
9458.7,25.27,9.1036
9459.7,25.15,9.1036
9460.7,25.2,9.1036
9461.7,25.29,9.1036
9462.7,25.18,9.1036
9463.7,25.17,9.1036
9464.71,25.26,9.1036
9465.71,25.18,9.1036
9466.71,25.16,9.1038
9467.71,25.26,9.1038
9468.71,25.54,9.1042
9469.71,25.19,9.1042
9470.71,25.29,9.1042
9471.72,25.18,9.1042
9472.72,25.32,9.1042
9473.72,25.19,9.1042
9474.72,25.15,9.1042
9475.72,25.24,9.1042
9476.72,25.14,9.1042
9477.73,25.25,9.1042
9478.73,25.2,9.1042
9479.73,25.33,9.1045
9480.73,25.29,9.1045
9481.73,25.19,9.1045
9482.73,25.22,9.1045
9483.73,25.29,9.1045
9484.74,25.18,9.1045
9485.74,25.23,9.1045
9486.74,25.14,9.1045
9487.74,25.19,9.1046
9488.74,25.31,9.1046
9489.74,25.19,9.1046
9490.74,25.36,9.1049
9491.75,25.31,9.1049
9492.75,25.18,9.1049
9493.75,25.14,9.1049
9494.75,25.24,9.1049
9495.75,25.14,9.1049
9496.75,25.24,9.1049
9497.75,25.15,9.105
9498.76,25.14,9.105
9499.76,25.31,9.105
9500.76,25.19,9.105
9501.76,25.16,9.105
9502.76,25.48,9.1052
9503.76,25.15,9.1052
9504.77,25.26,9.1052
9505.77,25.2,9.1052
9506.77,25.2,9.1052
9507.77,25.32,9.1052
9508.77,25.18,9.1052
9509.77,25.19,9.1052
9510.77,25.29,9.1052
9511.78,25.19,9.1052
9512.78,25.31,9.1052
9513.78,25.19,9.1052
9514.78,25.33,9.1055
9515.78,25.3,9.1055
9516.78,25.18,9.1055
9517.78,25.16,9.1055
9518.79,25.23,9.1055
9519.79,25.16,9.1055
9520.79,25.28,9.1055
9521.79,25.2,9.1055
9522.79,25.21,9.1056
9523.79,25.27,9.1056
9524.8,25.12,9.1056
9525.8,25.14,9.1056
9526.8,25.43,9.1057
9527.8,25.14,9.1057
9528.8,25.13,9.1057
9529.8,25.3,9.1057
9530.8,25.19,9.1057
9531.8,25.2,9.1057
9532.81,25.31,9.1058
9533.81,25.18,9.1058
9534.81,25.18,9.1058
9535.81,25.28,9.1058
9536.81,25.18,9.1058
9537.81,25.31,9.1058
9538.82,25.34,9.1061
9539.82,25.28,9.1061
9540.82,25.19,9.1061
9541.82,25.2,9.1061
9542.82,25.27,9.1062
9543.82,25.16,9.1062
9544.83,25.29,9.1062
9545.83,25.19,9.1062
9546.83,25.2,9.1062
9547.83,25.31,9.1062
9548.83,25.19,9.1062
9549.83,25.31,9.1062
9550.83,25.54,9.1063
9551.84,25.2,9.1063
9552.84,25.32,9.1063
9553.84,25.19,9.1063
9554.84,25.29,9.1063
9555.84,25.19,9.1063
9556.84,25.19,9.1063
9557.85,25.3,9.1063
9558.85,25.2,9.1063
9559.85,25.28,9.1063
9560.85,25.11,9.1063
9561.85,25.39,9.1064
9562.85,25.32,9.1065
9563.86,25.19,9.1065
9564.86,25.28,9.1065
9565.86,25.19,9.1065
9566.86,25.2,9.1065
9567.86,25.31,9.1065
9568.86,25.19,9.1065
9569.87,25.29,9.1065
9570.87,25.21,9.1065
9571.87,25.17,9.1065
9572.87,25.53,9.1069
9573.87,25.18,9.1069
9574.87,72.62,2.304
9575.87,86.07,2.597
9576.88,91.92,2.8555
9577.88,85.78,3.1404
9578.88,83.17,3.5121
9579.88,78.59,3.8655
9580.88,76.51,4.161
9581.88,76.79,4.5528
9582.88,75.74,4.82
9583.89,76.5,5.1203
9584.89,76.29,5.3659
9585.89,75.77,5.5821
9586.89,79.04,5.8188
9587.89,59.32,6.0529
9588.89,48.13,6.2206
9589.89,60.2,6.4236
9590.9,49.34,6.8261
9591.9,40.06,7.2944
9592.9,32.6,7.2947
9593.9,63.58,7.2948
9594.9,33.47,7.2948
9595.9,35.67,7.2948
9596.9,32.51,7.2948
9597.91,25.39,7.2948
9598.91,26.63,7.3663
9599.91,32.11,2.0977
9600.91,70.67,2.3353
9601.91,79.56,2.4561
9602.91,75.37,2.1612
9603.91,74.89,2.3371
9604.92,79.55,2.4721
9605.92,69.62,2.1696
9606.92,77.53,2.4028
9607.92,76.26,2.5445
9608.92,72.58,2.7372
9609.92,83.23,2.9229
9610.92,87.2,3.2522
9611.93,81.72,3.5518
9612.93,76.02,3.8031
9613.93,76.13,4.012
9614.93,77.03,4.2157
9615.93,76.1,4.4346
9616.93,76.41,4.6612
9617.93,77.18,4.9259
9618.94,56.4,5.3524
9619.94,52.21,5.8021
9620.94,65.83,6.2972
9621.94,26.34,6.7423
9622.94,37.49,7.3208
9623.94,33.17,7.373
9624.95,25.76,7.4731
9625.95,35.05,7.4466
9626.95,25.7,7.4466
9627.95,25.25,7.4466
9628.95,25.27,7.4466
9629.95,25.13,7.4466
9630.95,25.29,7.4466
9631.96,25.11,7.4466
9632.96,25.25,7.4467
9633.96,33.21,7.6721
9634.96,25.12,7.6721
9635.96,25.34,7.6721
9636.96,26.0,7.6721
9637.97,25.31,7.6721
9638.97,25.14,7.6721
9639.97,25.18,7.6721
9640.97,25.3,7.6721
9641.97,25.19,7.6721
9642.97,25.3,7.6722
9643.97,33.64,7.6737
9644.97,25.21,7.6737
9645.98,25.13,7.6737
9646.98,25.23,7.6737
9647.98,25.15,7.6737
9648.98,25.17,7.6737
9649.98,25.3,7.6737
9650.98,25.18,7.6737
9651.98,25.18,7.6737
9652.99,32.39,7.6748
9653.99,25.16,7.6748
9654.99,25.16,7.6748
9655.99,25.75,7.6748
9656.99,25.22,7.6748
9657.99,25.17,7.6748
9658.99,25.34,7.6748
9660.0,25.18,7.6748
9661.0,25.29,7.6748
9662.0,25.19,7.6748
9663.0,31.84,7.6755
9664.0,25.31,7.6755
9665.0,25.22,7.6755
9666.0,25.42,7.6755
9667.01,25.56,7.6755
9668.01,25.2,7.6756
9669.01,25.29,7.6756
9670.01,25.18,7.6756
9671.01,25.24,7.6756
9672.01,25.28,7.6756
9673.02,33.87,7.8524
9674.02,25.29,7.8524
9675.02,25.27,7.8524
9676.02,25.18,7.8524
9677.02,25.28,7.8524
9678.02,25.2,7.8524
9679.03,25.28,7.8524
9680.03,25.18,7.8524
9681.03,25.19,7.8524
9682.03,25.29,8.0823
9683.03,25.21,8.4907
9684.03,32.44,8.835
9685.03,34.38,8.9344
9686.04,25.19,8.9344
9687.04,25.34,8.9344
9688.04,25.2,8.9344
9689.04,25.19,8.9344
9690.04,25.37,8.9344
9691.04,25.18,8.9344
9692.04,25.18,8.9344
9693.05,25.33,8.9344
9694.05,25.18,8.9344
9695.05,25.19,8.9344
9696.05,25.48,8.9347
9697.05,25.81,8.9347
9698.05,25.84,8.9348
9699.05,25.17,8.9348
9700.06,25.18,8.9348
9701.06,25.27,8.9348
9702.06,25.17,8.9348
9703.06,25.23,8.9348
9704.06,26.12,8.9348
9705.06,25.18,8.9348
9706.07,25.29,8.9348
9707.07,25.21,8.9348
9708.07,25.13,8.9348
9709.07,25.52,8.9348
9710.07,25.11,8.9348
9711.07,25.21,8.9348
9712.08,25.12,8.9348
9713.08,25.16,8.9349
9714.08,25.22,8.9349
9715.08,25.12,8.9349
9716.08,25.22,8.9349
9717.08,25.13,8.9349
9718.08,25.25,8.935
9719.09,25.27,8.935
9720.09,25.17,8.9351
9721.09,25.28,8.9351
9722.09,25.17,8.9351
9723.09,25.25,8.9351
9724.1,25.18,8.9351
9725.1,25.3,8.9351
9726.1,25.18,8.9351
9727.1,25.18,8.9351
9728.1,25.33,8.9353
9729.1,25.19,8.9353
9730.1,25.25,8.9353
9731.11,25.31,8.9353
9732.11,25.19,8.9353
9733.11,25.3,8.9353
9734.11,25.21,8.9353
9735.11,25.21,8.9353
9736.11,25.33,8.9353
9737.12,25.2,8.9353
9738.12,25.31,8.9353
9739.12,25.19,8.9353
9740.12,25.3,8.9353
9741.12,25.19,8.9353
9742.12,25.24,8.9356
9743.13,25.32,8.9356
9744.13,25.17,8.9356
9745.13,25.29,8.9356
9746.13,25.18,8.9356
9747.13,25.18,8.9356
9748.13,25.32,8.9356
9749.13,25.19,8.9356
9750.14,25.2,8.9356
9751.14,25.31,8.9356
9752.14,25.19,8.9356
9753.14,25.3,8.9358
9754.14,25.38,8.9357
9755.14,25.15,8.9357
9756.15,25.31,8.9357
9757.15,25.15,8.9357
9758.15,25.24,8.9357
9759.15,25.12,8.9357
9760.15,25.26,8.9357
9761.15,25.22,8.9357
9762.16,25.13,8.9357
9763.16,25.22,8.9359
9764.16,25.13,8.9359
9765.16,25.32,8.936
9766.16,25.19,8.936
9767.17,25.28,8.936
9768.17,25.2,8.9361
9769.17,25.28,8.9361
9770.17,25.17,8.9361
9771.17,25.18,8.9361
9772.17,25.29,8.9361
9773.17,25.22,8.9361
9774.18,25.2,8.9361
9775.18,25.32,8.9361
9776.18,25.19,8.9361
9777.18,25.25,8.9361
9778.18,25.3,8.9361
9779.18,25.16,8.9361
9780.18,25.18,8.9361
9781.19,25.28,8.9361
9782.19,25.21,8.9361
9783.19,25.24,8.9362
9784.19,25.3,8.9362
9785.19,25.21,8.9362
9786.19,25.31,8.9362
9787.2,25.21,8.9362
9788.2,25.27,8.9364
9789.2,25.17,8.9364
9790.2,25.21,8.9364
9791.2,25.32,8.9364
9792.2,25.2,8.9364
9793.21,25.22,8.9364
9794.21,25.32,8.9364
9795.21,25.22,8.9364
9796.21,25.31,8.9364
9797.21,25.21,8.9364
9798.21,25.19,8.9364
9799.21,25.28,8.9364
9800.22,25.21,8.9364
9801.22,25.37,8.9364
9802.22,25.17,8.9364
9803.22,25.2,8.9365
9804.22,25.31,8.9365
9805.22,25.21,8.9365
9806.22,25.33,8.9365
9807.23,25.24,8.9365
9808.23,25.23,8.9366
9809.23,25.32,8.9366
9810.23,25.22,8.9366
9811.23,25.18,8.9366
9812.23,25.32,8.9366
9813.24,25.25,8.9366
9814.24,25.37,8.9368
9815.24,25.21,8.9368
9816.24,25.2,8.9368
9817.24,25.31,8.9368
9818.24,25.21,8.9368
9819.25,25.3,8.9368
9820.25,25.21,8.9368
9821.25,25.29,8.9368
9822.25,25.39,8.9368
9823.25,25.23,8.937
9824.25,25.29,8.937
9825.26,31.56,8.937
9826.26,25.5,8.937
9827.26,25.19,8.937
9828.26,25.21,8.9371
9829.26,25.32,8.9371
9830.26,25.21,8.9371
9831.27,25.31,8.9371
9832.27,25.22,8.9371
9833.27,25.25,8.9371
9834.27,25.31,8.9371
9835.27,25.22,8.9371
9836.27,25.31,8.9371
9837.28,25.22,8.9371
9838.28,25.29,8.9371
9839.28,25.31,8.9371
9840.28,25.15,8.9371
9841.28,25.31,8.9371
9842.28,25.16,8.9371
9843.29,25.26,8.9372
9844.29,25.17,8.9372
9845.29,25.19,8.9372
9846.29,25.31,8.9372
9847.29,25.22,8.9372
9848.29,25.31,8.9372
9849.3,25.21,8.9372
9850.3,25.24,8.9372
9851.3,25.29,8.9372
9852.3,25.2,8.9372
9853.3,25.32,8.9373
9854.3,25.19,8.9373
9855.31,25.19,8.9373
9856.31,25.28,8.9373
9857.31,25.25,8.9373
9858.31,25.29,8.9373
9859.31,25.18,8.9373
9860.31,25.28,8.9373
9861.31,25.23,8.9375
9862.32,25.19,8.9375
9863.32,25.31,8.9376
9864.32,25.18,8.9376
9865.32,25.28,8.9376
9866.32,25.18,8.9376
9867.32,25.18,8.9376
9868.33,25.29,8.9376
9869.33,25.18,8.9376
9870.33,25.25,8.9376
9871.33,25.12,8.9376
9872.33,25.23,8.9376
9873.33,25.15,8.9376
9874.34,25.18,8.9425
9875.34,25.22,8.9425
9876.34,25.12,8.9425
9877.34,25.27,8.9425
9878.34,25.13,8.9425
9879.34,25.14,8.9425
9880.35,25.24,8.9425
9881.35,25.16,8.9425
9882.35,25.28,8.9425
9883.35,25.15,8.9425
9884.35,25.12,8.9425
9885.35,25.27,8.9426
9886.36,25.13,8.9426
9887.36,25.26,8.9426
9888.36,25.17,8.9426
9889.36,25.17,8.9426
9890.36,25.3,8.9426
9891.36,25.18,8.9426
9892.36,25.18,8.9426
9893.37,25.31,8.9427
9894.37,25.18,8.9427
9895.37,25.28,8.9427
9896.37,25.18,8.9427
9897.37,25.34,8.9848
9898.37,25.19,8.9848
9899.38,25.18,8.9848
9900.38,25.28,8.9848
9901.38,25.18,8.9848
9902.38,25.28,8.9848
9903.38,25.3,8.9848
9904.38,25.19,8.9848
9905.39,25.29,8.9848
9906.39,25.19,8.9848
9907.39,25.3,8.9848
9908.39,25.19,8.9848
9909.39,25.37,8.9848
9910.39,25.24,8.9849
9911.4,25.16,8.9849
9912.4,25.31,8.9849
9913.4,25.19,8.9849
9914.4,25.17,8.9849
9915.4,25.28,8.9849
9916.4,25.17,8.9849
9917.4,25.21,8.9849
9918.41,25.28,8.9849
9919.41,25.18,8.9849
9920.41,25.29,8.9849
9921.41,25.23,9.0245
9922.41,25.2,9.0246
9923.41,25.3,9.0247
9924.42,25.18,9.0247
9925.42,25.28,9.0247
9926.42,25.18,9.0247
9927.42,25.19,9.0247
9928.42,25.28,9.0247
9929.42,25.17,9.0248
9930.43,25.25,9.0248
9931.43,25.15,9.0248
9932.43,25.27,9.0248
9933.43,25.24,9.0249
9934.43,25.19,9.0249
9935.43,25.25,9.0249
9936.44,25.13,9.0249
9937.44,25.28,9.0249
9938.44,25.18,9.0249
9939.44,25.19,9.0249
9940.44,25.24,9.0249
9941.44,25.12,9.0249
9942.45,25.23,9.0249
9943.45,25.13,9.0249
9944.45,25.2,9.062
9945.45,25.35,9.062
9946.45,25.14,9.062
9947.45,25.24,9.0621
9948.45,25.15,9.0621
9949.46,25.13,9.0621
9950.46,25.28,9.0621
9951.46,25.19,9.0621
9952.46,25.22,9.062
9953.46,25.3,9.0621
9954.46,25.19,9.0621
9955.47,25.28,9.0621
9956.47,25.24,9.0621
9957.47,25.19,9.0621
9958.47,25.31,9.0621
9959.47,25.18,9.0621
9960.47,25.18,9.0621
9961.47,25.23,9.0621
9962.48,25.14,9.0621
9963.48,25.24,9.0621
9964.48,25.13,9.0621
9965.48,25.12,9.0621
9966.48,25.27,9.0621
9967.48,25.19,9.0622
9968.49,25.33,9.0956
9969.49,25.19,9.0956
9970.49,25.28,9.0956
9971.49,25.18,9.0956
9972.49,25.19,9.0956
9973.49,25.24,9.0957
9974.5,25.15,9.0957
9975.5,25.28,9.0957
9976.5,25.19,9.0957
9977.5,25.2,9.0957
9978.5,25.28,9.0957
9979.5,25.34,9.0957
9980.51,25.29,9.0957
9981.51,25.2,9.0957
9982.51,25.19,9.0957
9983.51,25.3,9.0958
9984.51,25.15,9.0958
9985.51,25.22,9.0958
9986.51,25.12,9.0958
9987.52,25.13,9.0958
9988.52,25.24,9.0958
9989.52,25.17,9.0958
9990.52,25.28,9.0958
9991.52,25.36,9.1264
9992.52,25.19,9.1264
9993.53,25.32,9.1264
9994.53,25.18,9.1264
9995.53,25.18,9.1264
9996.53,25.26,9.1264
9997.53,25.14,9.1264
9998.53,25.23,9.1264
9999.54,25.2,9.1264
10000.54,25.2,9.1264
10001.54,25.39,9.1264
10002.54,25.26,9.1266
10003.54,25.2,9.1267
10004.54,25.28,9.1267
10005.54,25.18,9.1267
10006.55,25.25,9.1267
10007.55,25.15,9.1267
10008.55,25.18,9.1267
10009.55,25.27,9.1267
10010.55,25.15,9.1267
10011.55,25.25,9.1267
10012.56,25.16,9.1267
10013.56,25.19,9.1267
10014.56,25.33,9.1333
10015.56,25.12,9.1333
10016.56,25.22,9.1333
10017.56,25.19,9.1333
10018.57,25.28,9.1333
10019.57,25.18,9.1333
10020.57,25.18,9.1333
10021.57,25.28,9.1333
10022.57,25.19,9.1334
10023.57,25.52,9.1334
10024.58,25.18,9.1334
10025.58,25.13,9.1334
10026.58,25.29,9.1334
10027.58,25.14,9.1334
10028.58,25.22,9.1334
10029.58,25.12,9.1334
10030.59,25.11,9.1334
10031.59,25.25,9.1334
10032.59,25.19,9.1334
10033.59,25.3,9.1335
10034.59,25.18,9.1335
10035.59,25.21,9.1335
10036.59,25.12,9.1335
10037.6,25.15,9.1335
10038.6,25.33,9.1335
10039.6,25.18,9.1335
10040.6,25.28,9.1335
10041.6,25.19,9.1335
10042.6,25.2,9.1336
10043.61,25.31,9.1336
10044.61,25.21,9.1336
10045.61,25.19,9.1336
10046.61,25.29,9.1336
10047.61,25.21,9.1336
10048.61,25.29,9.1336
10049.61,25.19,9.1336
10050.62,25.19,9.1336
10051.62,25.32,9.1336
10052.62,25.18,9.1336
10053.62,25.31,9.1338
10054.62,25.19,9.1338
10055.62,25.18,9.1338
10056.63,25.28,9.1338
10057.63,25.19,9.1338
10058.63,25.29,9.1338
10059.63,25.19,9.1338
10060.63,25.18,9.1338
10061.63,25.22,9.1338
10062.64,25.13,9.1338
10063.64,25.48,9.1338
10064.64,25.17,9.1339
10065.64,25.2,9.1339
10066.64,25.28,9.1339
10067.64,25.19,9.134
10068.64,25.18,9.134
10069.65,25.3,9.134
10070.65,25.19,9.134
10071.65,25.19,9.134
10072.65,25.32,9.134
10073.65,25.16,9.134
10074.65,25.28,9.134
10075.66,25.23,9.134
10076.66,25.3,9.134
10077.66,25.18,9.134
10078.66,25.27,9.134
10079.66,25.22,9.134
10080.66,25.12,9.134
10081.67,25.23,9.134
10082.67,25.17,9.1341
10083.67,25.21,9.1341
10084.67,25.18,9.1341
10085.67,25.18,9.1341
10086.67,25.34,9.1341
10087.67,25.17,9.1341
10088.68,25.11,9.1341
10089.68,25.25,9.1341
10090.68,25.12,9.1341
10091.68,25.15,9.1341
10092.68,25.25,9.1342
10093.69,25.16,9.1342
10094.69,25.16,9.1342
10095.69,25.18,9.1342
10096.69,25.3,9.1342
10097.69,25.19,9.1342
10098.69,25.22,9.1342
10099.69,25.23,9.1342
10100.7,25.12,9.1342
10101.7,25.27,9.1342
10102.7,25.16,9.1344
10103.7,25.13,9.1344
10104.7,25.25,9.1344
10105.7,25.13,9.1344
10106.7,25.12,9.1344
10107.71,25.83,9.1344
10108.71,25.17,9.1344
10109.71,25.29,9.1344
10110.71,25.24,9.1344
10111.71,25.18,9.1344
10112.71,25.31,9.1344
10113.72,25.16,9.1344
10114.72,25.28,9.1344
10115.72,25.3,9.1344
10116.72,25.29,9.1344
10117.72,25.19,9.1345
10118.73,25.17,9.1345
10119.73,25.38,9.1345
10120.73,25.18,9.1345
10121.73,25.3,9.1345
10122.73,25.2,9.1345
10123.73,25.28,9.1345
10124.73,25.3,9.1345
10125.73,25.18,9.1345
10126.74,25.18,9.1345
10127.74,25.32,9.1345
10128.74,25.14,9.1345
10129.74,25.26,9.1345
10130.74,25.18,9.1345
10131.75,25.29,9.1345
10132.75,25.16,9.1346
10133.75,25.24,9.1346
10134.75,25.39,9.1346
10135.75,25.18,9.1346
10136.75,25.31,9.1347
10137.75,25.19,9.1347
10138.76,26.06,9.1347
10139.76,25.19,9.1347
10140.76,25.18,9.1347
10141.76,25.28,9.1347
10142.76,25.17,9.1348
10143.77,25.35,9.1348
10144.77,25.15,9.1348
10145.77,25.18,9.1348
10146.77,25.34,9.1348
10147.77,25.19,9.1348
10148.77,25.29,9.1348
10149.78,25.19,9.1348
10150.78,25.19,9.1348
10151.78,25.29,9.1348
10152.78,25.18,9.135
10153.78,25.29,9.135
10154.78,25.79,9.135
10155.79,25.28,9.135
10156.79,25.18,9.135
10157.79,25.18,9.135
10158.79,25.34,9.135
10159.79,25.19,9.135
10160.79,25.28,9.135
10161.8,25.18,9.135
10162.8,25.21,9.1351
10163.8,25.28,9.1351
10164.8,25.19,9.1351
10165.8,25.29,9.1351
10166.8,25.18,9.1351
10167.81,25.3,9.1351
10168.81,25.18,9.1351
10169.81,25.17,9.1351
10170.81,25.32,9.1351
10171.81,25.17,9.1351
10172.81,25.21,9.1351
10173.81,25.28,9.1351
10174.82,25.19,9.1351
10175.82,25.25,9.1351
10176.82,25.12,9.1351
10177.82,25.24,9.1352
10178.82,25.17,9.1352
10179.82,25.13,9.1352
10180.83,25.24,9.1352
10181.83,25.19,9.1352
10182.83,25.36,9.1352
10183.83,25.18,9.1352
10184.83,25.19,9.1352
10185.83,25.28,9.1352
10186.84,25.19,9.1352
10187.84,25.28,9.1353
10188.84,25.18,9.1353
10189.84,25.18,9.1353
10190.84,25.28,9.1353
10191.84,25.18,9.1353
10192.85,25.33,9.1353
10193.85,25.18,9.1353
10194.85,25.23,9.1353
10195.85,25.28,9.1353
10196.85,25.14,9.1353
10197.85,25.2,9.1355
10198.85,25.26,9.1355
10199.86,25.18,9.1355
10200.86,25.28,9.1355
10201.86,25.18,9.1355
10202.86,25.21,9.1356
10203.86,25.28,9.1356
10204.86,25.16,9.1356
10205.87,25.21,9.1356
10206.87,25.12,9.1356
10207.87,25.44,9.1356
10208.87,25.12,9.1356
10209.87,25.13,9.1356
10210.87,25.23,9.1356
10211.88,25.21,9.1356
10212.88,25.22,9.1357
10213.88,25.13,9.1357
10214.88,25.13,9.1357
10215.88,25.24,9.1357
10216.88,25.13,9.1357
10217.89,25.24,9.1357
10218.89,25.13,9.1357
10219.89,25.33,9.1357
10220.89,25.18,9.1357
10221.89,25.18,9.1357
10222.89,25.32,9.1358
10223.9,25.19,9.1358
10224.9,25.29,9.1358
10225.9,25.44,9.1358
10226.9,25.18,9.1358
10227.9,25.29,9.1358
10228.9,25.18,9.1358
10229.91,25.28,9.1358
10230.91,25.18,9.1358
10231.91,25.34,9.1359
10232.91,25.2,9.1359
10233.91,25.18,9.1359
10234.91,25.3,9.1359
10235.91,25.18,9.1359
10236.92,25.18,9.1359
10237.92,25.29,9.1361
10238.92,25.18,9.1361
10239.92,25.21,9.1361
10240.92,25.28,9.1361
10241.92,25.18,9.1361
10242.93,25.32,9.1361
10243.93,25.24,9.1362
10244.93,25.18,9.1362
10245.93,25.28,9.1362
10246.93,25.18,9.1362
10247.93,25.29,9.1363
10248.94,25.13,9.1363
10249.94,25.17,9.1363
10250.94,25.28,9.1363
10251.94,25.18,9.1363
10252.94,25.32,9.1363
10253.94,25.18,9.1363
10254.94,25.18,9.1363
10255.95,25.33,9.1363
10256.95,25.19,9.1363
10257.95,25.29,9.1364
10258.95,25.19,9.1364
10259.95,25.18,9.1364
10260.95,25.29,9.1364
10261.96,25.13,9.1364
10262.96,25.32,9.1364
10263.96,25.18,9.1364
10264.96,25.14,9.1364
10265.96,25.22,9.1364
10266.96,25.12,9.1364
10267.97,25.33,9.1364
10268.97,25.18,9.1364
10269.97,25.18,9.1364
10270.97,25.22,9.1364
10271.97,25.12,9.1364
10272.97,25.25,9.1365
10273.98,25.13,9.1365
10274.98,25.13,9.1365
10275.98,25.23,9.1365
10276.98,25.12,9.1365
10277.98,25.24,9.1365
10278.98,25.13,9.1365
10279.99,25.31,9.1365
10280.99,25.13,9.1365
10281.99,25.16,9.1365
10282.99,25.31,9.1365
10283.99,25.19,9.1365
10284.99,25.28,9.1365
10286.0,25.18,9.1365
10287.0,25.18,9.1365
10288.0,25.29,9.1365
10289.0,25.19,9.1365
10290.0,25.28,9.1365
10291.0,25.18,9.1365
10292.01,25.36,9.1367
10293.01,25.31,9.1368
10294.01,25.18,9.1368
10295.01,25.29,9.1368
10296.01,25.18,9.1368
10297.01,25.18,9.1368
10298.01,25.29,9.1368
10299.02,25.18,9.1368
10300.02,25.29,9.1368
10301.02,25.18,9.1368
10302.02,25.28,9.1368
10303.02,25.21,9.1368
10304.02,25.23,9.1369
10305.03,25.27,9.1369
10306.03,25.18,9.1369
10307.03,25.27,9.1369
10308.03,25.16,9.1369
10309.03,25.15,9.1369
10310.03,25.29,9.1369
10311.04,25.19,9.1369
10312.04,25.28,9.1369
10313.04,25.21,9.1369
10314.04,25.18,9.1369
10315.04,25.28,9.1369
10316.04,25.25,9.137
10317.05,25.28,9.137
10318.05,25.19,9.137
10319.05,25.28,9.137
10320.05,25.17,9.137
10321.05,25.19,9.137
10322.05,25.28,9.137
10323.06,25.21,9.1372
10324.06,25.29,9.1372
10325.06,25.18,9.1372
10326.06,25.18,9.1372
10327.06,25.3,9.1372
10328.06,25.25,9.1372
10329.06,25.18,9.1372
10330.07,25.29,9.1372
10331.07,25.18,9.1372
10332.07,25.28,9.1372
10333.07,25.2,9.1372
10334.07,25.18,9.1372
10335.07,25.29,9.1372
10336.08,25.19,9.1372
10337.08,25.29,9.1372
10338.08,25.2,9.1373
10339.08,25.29,9.1373
10340.08,25.26,9.1374
10341.08,25.19,9.1374
10342.09,25.28,9.1374
10343.09,25.21,9.1375
10344.09,25.19,9.1375
10345.09,25.28,9.1375
10346.09,25.19,9.1375
10347.09,25.28,9.1375
10348.1,25.19,9.1375
10349.1,25.18,9.1375
10350.1,25.26,9.1375
10351.1,25.2,9.1375
10352.1,25.29,9.1375
10353.1,25.34,9.1392
10354.1,25.18,9.1392
10355.11,25.28,9.1392
10356.11,25.18,9.1392
10357.11,25.23,9.1392
10358.11,25.14,9.1393
10359.11,25.14,9.1393
10360.11,25.25,9.1393
10361.12,25.1,9.1393
10362.12,25.22,9.1393
10363.12,25.15,9.1393
10364.12,25.24,9.1393
10365.12,25.33,9.1395
10366.12,25.18,9.1395
10367.13,25.28,9.1395
10368.13,25.19,9.1395
10369.13,25.28,9.1395
10370.13,25.39,9.1395
10371.13,25.18,9.1395
10372.13,25.28,9.1395
10373.14,25.21,9.1396
10374.14,25.28,9.1396
10375.14,25.18,9.1396
10376.14,25.28,9.1396
10377.14,25.24,9.1424
10378.14,25.3,9.1424
10379.15,25.28,9.1424
10380.15,25.17,9.1424
10381.15,25.28,9.1424
10382.15,25.19,9.1424
10383.15,25.21,9.1425
10384.15,25.28,9.1425
10385.16,25.18,9.1425
10386.16,25.29,9.1426
10387.16,25.18,9.1426
10388.16,25.2,9.1426
10389.16,25.34,9.1426
10390.16,25.19,9.1426
10391.17,25.3,9.1426
10392.17,25.23,9.1426
10393.17,25.22,9.1426
10394.17,25.29,9.1426
10395.17,25.19,9.1426
10396.17,25.28,9.1426
10397.18,25.19,9.1426
10398.18,25.21,9.1427
10399.18,25.25,9.1427
10400.18,25.15,9.1427
10401.18,25.35,9.1447
10402.18,25.19,9.1447
10403.18,25.21,9.1448
10404.19,25.29,9.1448
10405.19,25.19,9.1448
10406.19,25.29,9.1448
10407.19,25.19,9.1448
10408.19,25.2,9.1448
10409.19,25.28,9.1448
10410.2,25.14,9.1448
10411.2,25.22,9.1448
10412.2,25.15,9.1448
10413.2,25.27,9.1449
10414.2,25.23,9.1449
10415.2,25.18,9.1449
10416.21,25.28,9.1449
10417.21,25.18,9.1449
10418.21,25.27,9.1449
10419.21,25.15,9.1449
10420.21,25.17,9.1449
10421.21,25.28,9.1449
10422.22,25.18,9.1449
10423.22,25.22,9.1449
10424.22,25.3,9.145
10425.22,25.18,9.145
10426.22,25.35,9.1469
10427.22,25.3,9.1469
10428.22,25.19,9.1469
10429.22,25.18,9.1469
10430.23,25.28,9.1469
10431.23,25.18,9.1469
10432.23,25.29,9.1469
10433.23,25.21,9.147
10434.23,25.14,9.147
10435.23,25.22,9.147
10436.24,25.18,9.147
10437.24,25.19,9.147
10438.24,25.47,9.1472
10439.24,25.13,9.1472
10440.24,25.3,9.1472
10441.24,25.18,9.1472
10442.24,25.18,9.1472
10443.25,25.27,9.1474
10444.25,25.18,9.1474
10445.25,25.28,9.1474
10446.25,25.18,9.1474
10447.25,25.18,9.1474
10448.25,25.3,9.1474
10449.26,25.18,9.1474
10450.26,25.36,9.1474
10451.26,25.24,9.1492
10452.26,25.18,9.1492
10453.26,25.31,9.1493
10454.26,25.18,9.1493
10455.27,25.27,9.1493
10456.27,25.13,9.1493
10457.27,25.29,9.1493
10458.27,25.17,9.1493
10459.27,25.12,9.1493
10460.27,25.25,9.1493
10461.28,25.2,9.1493
10462.28,25.2,9.1493
10463.28,25.34,9.1496
10464.28,25.14,9.1496
10465.28,25.29,9.1496
10466.28,25.18,9.1496
10467.28,25.18,9.1496
10468.29,25.31,9.1496
10469.29,25.18,9.1496
10470.29,25.26,9.1496
10471.29,25.27,9.1496
10472.29,25.12,9.1496
10473.29,25.26,9.1496
10474.29,25.19,9.1496
10475.3,25.18,9.1496
10476.3,25.32,9.151
10477.3,25.16,9.151
10478.3,25.27,9.151
10479.3,25.18,9.151
10480.3,25.18,9.151
10481.31,25.27,9.151
10482.31,25.18,9.1511
10483.31,25.43,9.1511
10484.31,25.18,9.1511
10485.31,25.28,9.1511
10486.31,25.18,9.1511
10487.32,25.2,9.1511
10488.32,25.36,9.1511
10489.32,25.19,9.1511
10490.32,25.19,9.1511
10491.32,25.31,9.1511
10492.32,25.18,9.1511
10493.32,25.31,9.1513
10494.33,25.29,9.1513
10495.33,25.18,9.1513
10496.33,25.18,9.1513
10497.33,25.27,9.1513
10498.33,25.19,9.1513
10499.33,25.29,9.1513
10500.33,25.18,9.1513
10501.34,25.32,9.1524
10502.34,25.28,9.1524
10503.34,25.22,9.1524
10504.34,25.29,9.1524
10505.34,25.18,9.1524
10506.34,25.18,9.1524
10507.35,25.28,9.1524
10508.35,25.19,9.1524
10509.35,25.29,9.1524
10510.35,25.18,9.1524
10511.35,25.18,9.1524
10512.35,25.74,9.1524
10513.36,25.4,9.1526
10514.36,25.28,9.1526
10515.36,25.18,9.1526
10516.36,25.28,9.1526
10517.36,25.17,9.1526
10518.36,25.2,9.1526
10519.37,25.3,9.1526
10520.37,25.13,9.1526
10521.37,25.17,9.1526
10522.37,25.28,9.1526
10523.37,25.21,9.1527
10524.37,25.28,9.1527
10525.38,25.21,9.1536
10526.38,25.12,9.1536
10527.38,25.22,9.1536
10528.38,25.14,9.1536
10529.38,25.23,9.1536
10530.38,25.12,9.1536
10531.38,25.12,9.1536
10532.39,25.24,9.1537
10533.39,25.2,9.1537
10534.39,25.2,9.1537
10535.39,25.28,9.1537
10536.39,25.12,9.1537
10537.39,25.24,9.1537
10538.4,25.18,9.1538
10539.4,25.14,9.1538
10540.4,25.23,9.1538
10541.4,25.16,9.1538
10542.4,25.31,9.1538
10543.4,25.2,9.1539
10544.4,25.19,9.1539
10545.41,25.31,9.1539
10546.41,25.18,9.1539
10547.41,25.15,9.1539
10548.41,25.25,9.1539
10549.41,25.18,9.1548
10550.41,25.13,9.1548
10551.41,25.25,9.1548
10552.41,25.14,9.1549
10553.42,25.14,9.1549
10554.42,25.28,9.1549
10555.42,25.19,9.1549
10556.42,25.18,9.1549
10557.42,25.3,9.1549
10558.42,25.18,9.1549
10559.42,25.18,9.1549
10560.43,25.27,9.1549
10561.43,25.17,9.1549
10562.43,25.34,9.1549
10563.43,25.2,9.155
10564.43,25.11,9.155
10565.43,25.2,9.155
10566.44,25.13,9.155
10567.44,25.19,9.155
10568.44,25.28,9.155
10569.44,25.19,9.155
10570.44,25.27,9.155
10571.44,28.97,9.155
10572.45,25.28,9.1552
10573.45,25.2,9.1552
10574.45,25.23,9.156
10575.45,25.31,9.156
10576.45,25.63,9.156
10577.45,25.19,9.156
10578.45,25.32,9.156
10579.45,25.19,9.156
10580.46,25.18,9.156
10581.46,25.29,9.156
10582.46,25.19,9.156
10583.46,25.3,9.1561
10584.46,25.18,9.1561
10585.46,25.18,9.1561
10586.47,25.48,9.1561
10587.47,25.19,9.1563
10588.47,25.28,9.1563
10589.47,25.19,9.1563
10590.47,25.28,9.1563
10591.47,25.18,9.1563
10592.48,25.19,9.1563
10593.48,25.31,9.1563
10594.48,25.19,9.1563
10595.48,25.18,9.1563
10596.48,25.29,9.1563
10597.48,25.19,9.1563
10598.49,25.33,9.1563
10599.49,25.19,9.1563
10600.49,25.18,9.1563
10601.49,25.28,9.1563
10602.49,25.19,9.1563
10603.49,25.29,9.1563
10604.5,25.17,9.1563
10605.5,25.29,9.1563
10606.5,25.18,9.1563
10607.5,25.2,9.1564
10608.5,25.29,9.1564
10609.5,25.22,9.1566
10610.5,25.18,9.1566
10611.51,25.28,9.1566
10612.51,25.18,9.1566
10613.51,25.3,9.1566
10614.51,25.16,9.1566
10615.51,25.14,9.1566
10616.51,25.28,9.1566
10617.52,25.2,9.1566
10618.52,25.22,9.1566
10619.52,25.17,9.1566
10620.52,25.28,9.1566
10621.52,25.18,9.1566
10622.52,25.23,9.1574
10623.53,25.3,9.1574
10624.53,25.18,9.1574
10625.53,25.58,9.1574
10626.53,25.18,9.1574
10627.53,25.21,9.1575
10628.53,25.3,9.1575
10629.53,25.23,9.1575
10630.54,25.19,9.1575
10631.54,25.31,9.1575
10632.54,25.19,9.1575
10633.54,25.2,9.1576
10634.54,25.35,9.1576
10635.54,25.18,9.1576
10636.54,25.18,9.1576
10637.55,25.28,9.1576
10638.55,25.18,9.1576
10639.55,25.29,9.1576
10640.55,25.18,9.1576
10641.55,25.19,9.1576
10642.55,25.27,9.1576
10643.56,25.21,9.1576
10644.56,25.3,9.1576
10645.56,25.18,9.1576
10646.56,25.18,9.1576
10647.56,25.36,9.1577
10648.56,25.18,9.1577
10649.56,25.18,9.1577
10650.57,25.31,9.1577
10651.57,25.18,9.1577
10652.57,25.21,9.1577
10653.57,25.31,9.1577
10654.57,25.18,9.1577
10655.57,25.2,9.1577
10656.57,25.29,9.1577
10657.57,25.19,9.1577
10658.58,25.39,9.1578
10659.58,25.29,9.1578
10660.58,25.18,9.1578
10661.58,25.28,9.1578
10662.58,25.19,9.1578
10663.58,25.2,9.1578
10664.59,25.27,9.1578
10665.59,25.18,9.1578
10666.59,25.28,9.1578
10667.59,25.19,9.158
10668.59,25.18,9.158
10669.59,25.29,9.158
10670.6,25.22,9.1585
10671.6,25.28,9.1585
10672.6,25.19,9.1585
10673.6,25.2,9.1585
10674.6,25.28,9.1585
10675.6,25.17,9.1585
10676.6,25.19,9.1585
10677.61,25.29,9.1585
10678.61,25.18,9.1585
10679.61,25.29,9.1585
10680.61,25.17,9.1585
10681.61,25.18,9.1585
10682.61,25.31,9.1585
10683.61,25.24,9.1588
10684.62,25.18,9.1588
10685.62,25.3,9.1588
10686.62,25.18,9.1588
10687.62,25.19,9.1588
10688.62,25.31,9.1588
10689.62,25.2,9.1588
10690.62,25.19,9.1588
10691.63,25.31,9.1588
10692.63,25.2,9.1588
10693.63,25.2,9.1588
10694.63,25.31,9.1588
10695.63,25.25,9.1592
10696.63,25.18,9.1592
10697.63,25.32,9.1592
10698.63,25.19,9.1592
10699.64,25.19,9.1592
10700.64,25.28,9.1593
10701.64,25.18,9.1593
10702.64,25.29,9.1594
10703.64,25.2,9.1594
10704.64,25.18,9.1594
10705.65,25.28,9.1594
10706.65,25.18,9.1594
10707.65,25.34,9.1594
10708.65,25.17,9.1594
10709.65,25.18,9.1594
10710.65,25.28,9.1594
10711.66,25.18,9.1594
10712.66,25.29,9.1594
10713.66,25.2,9.1594
10714.66,25.18,9.1594
10715.66,25.29,9.1594
10716.66,25.18,9.1594
10717.67,25.29,9.1594
10718.67,25.18,9.1594
10719.67,25.18,9.1594
10720.67,25.35,9.1596
10721.67,25.19,9.1596
10722.67,25.3,9.1597
10723.68,25.18,9.1597
10724.68,25.17,9.1597
10725.68,25.28,9.1597
10726.68,25.17,9.1597
10727.68,25.3,9.1597
10728.68,25.18,9.1597
10729.68,25.18,9.1597
10730.69,25.29,9.1597
10731.69,25.18,9.1597
10732.69,25.52,9.1597
10733.69,25.15,9.1597
10734.69,25.12,9.1597
10735.69,25.22,9.1597
10736.7,25.12,9.1597
10737.7,25.23,9.1597
10738.7,25.12,9.1597
10739.7,25.28,9.1597
10740.7,25.18,9.1597
10741.7,25.18,9.1597
10742.71,25.31,9.1599
10743.71,25.12,9.1599
10744.71,25.42,9.1599
10745.71,25.19,9.1599
10746.71,25.18,9.1599
10747.71,25.29,9.1599
10748.72,25.49,9.1599
10749.72,25.29,9.1599
10750.72,25.2,9.1599
10751.72,25.19,9.1599
10752.72,25.31,9.1599
10753.72,25.19,9.1599
10754.73,25.28,9.1599
10755.73,25.24,9.1599
10756.73,25.18,9.1599
10757.73,25.26,9.16
10758.73,25.13,9.16
10759.73,25.23,9.16
10760.73,25.12,9.16
10761.74,25.16,9.16
10762.74,25.63,9.16
10763.74,25.13,9.16
10764.74,25.12,9.16
10765.74,25.25,9.16
10766.74,25.13,9.16
10767.75,25.29,9.1602
10768.75,25.13,9.1602
10769.75,25.14,9.1602
10770.75,25.28,9.1602
10771.75,25.18,9.1602
10772.75,25.3,9.1602
10773.76,25.18,9.1602
10774.76,25.29,9.1602
10775.76,25.18,9.1602
10776.76,25.18,9.1602
10777.76,25.29,9.1603
10778.76,25.19,9.1603
10779.77,25.3,9.1603
10780.77,25.24,9.1603
10781.77,25.2,9.1603
10782.77,25.28,9.1603
10783.77,25.12,9.1603
10784.77,25.18,9.1603
10785.77,25.28,9.1603
10786.78,25.17,9.1603
10787.78,25.29,9.1603
10788.78,25.2,9.1603
10789.78,25.18,9.1603
10790.78,25.28,9.1603
10791.78,25.17,9.1603
10792.79,25.3,9.1608
10793.79,25.18,9.1608
10794.79,25.15,9.1608
10795.79,25.25,9.1608
10796.79,25.18,9.1608
10797.79,25.29,9.1609
10798.8,25.19,9.1609
10799.8,25.18,9.1609
10800.8,25.28,9.1609
10801.8,25.16,9.1609
10802.8,25.28,9.1609
10803.8,25.15,9.1609
10804.81,25.37,9.161
10805.81,27.43,8.6672
10806.81,84.29,2.3669
10807.81,78.18,2.4764
10808.81,82.26,2.8262
10809.81,83.15,3.1235
10810.81,77.29,3.3916
10811.81,60.46,3.6142
10812.82,29.13,3.7289
10813.82,25.28,3.7436
10814.82,25.18,3.7602
10815.82,25.94,3.7813
10816.82,25.33,3.7973
10817.82,25.17,3.8117
10818.83,26.05,3.8403
10819.83,25.16,3.8546
10820.83,34.36,3.8812
10821.83,25.18,3.8995
10822.83,25.32,3.9179
10823.83,25.19,3.941
10824.84,25.24,3.9565
10825.84,25.3,3.9788
10826.84,25.22,3.9986
10827.84,25.95,4.0191
10828.84,25.5,4.0427
10829.84,25.13,4.0648
10830.85,25.63,4.0799
10831.85,25.15,4.0892
10832.85,25.34,4.2175
10833.85,34.15,4.5624
10834.85,29.9,4.8947
10835.85,33.18,5.1994
10836.86,38.85,5.4122
10837.86,25.34,5.4268
10838.86,25.2,5.4415
10839.86,25.32,5.4593
10840.86,25.64,5.4848
10841.86,25.25,5.4826
10842.86,25.21,5.5023
10843.87,25.34,5.5228
10844.87,25.19,5.5396
10845.87,25.55,5.5619
10846.87,25.19,5.579
10847.87,25.3,5.6023
10848.87,25.19,5.6203
10849.88,25.18,5.6359
10850.88,25.28,5.6518
10851.88,25.28,5.6739
10852.88,25.21,5.6934
10853.88,25.28,5.7171
10854.88,25.18,5.7364
10855.89,26.43,5.7546
10856.89,25.17,5.7637
10857.89,25.19,5.7752
10858.89,26.46,5.8593
10859.89,25.78,6.1078
10860.89,25.21,6.1948
10861.89,25.26,6.2065
10862.89,25.2,6.2203
10863.9,25.17,6.2476
10864.9,25.27,6.2615
10865.9,25.19,6.2752
10866.9,25.29,6.2986
10867.9,25.2,6.3158
10868.9,25.24,6.3364
10869.91,25.29,6.3568
10870.91,25.19,6.3774
10871.91,25.19,6.3949
10872.91,25.32,6.4086
10873.91,25.21,6.4285
10874.91,25.17,6.4446
10875.91,25.23,6.4625
10876.92,25.66,6.4879
10877.92,25.29,6.5065
10878.92,25.13,6.5238
10879.92,25.14,6.5438
10880.92,25.27,6.5531
10881.92,25.21,6.5599
10882.93,25.37,6.5778
10883.93,32.02,6.684
10884.93,25.11,6.6881
10885.93,25.22,6.6881
10886.93,25.11,6.6881
10887.93,25.23,6.6881
10888.94,25.12,6.6919
10889.94,25.22,6.6919
10890.94,25.19,6.6918
10891.94,25.18,6.6918
10892.94,25.3,6.6919
10893.94,25.18,6.6954
10894.94,25.18,6.6954
10895.95,25.28,6.6954
10896.95,25.18,6.6954
10897.95,25.29,6.6954
10898.95,25.19,6.697
10899.95,25.19,6.6987
10900.95,25.28,6.7007
10901.96,25.19,6.7023
10902.96,25.31,6.7045
10903.96,25.36,6.7064
10904.96,25.18,6.7092
10905.96,25.28,6.7112
10906.96,25.37,6.7132
10907.97,25.3,6.7159
10908.97,25.17,6.7159
10909.97,25.19,6.7159
10910.97,25.24,6.7159
10911.97,25.13,6.7173
10912.97,25.17,6.7184
10913.97,25.27,6.7208
10914.98,25.18,6.7224
10915.98,25.29,6.7248
10916.98,25.18,6.7265
10917.98,25.19,6.7296
10918.98,25.3,6.7313
10919.98,25.18,6.7337
10920.98,25.18,6.7374
10921.99,25.27,6.7374
10922.99,25.18,6.7374
10923.99,25.15,6.7374
10924.99,25.27,6.741
10925.99,25.19,6.741
10926.99,25.18,6.741
10927.99,25.3,6.741
10929.0,25.19,6.741
10930.0,25.2,6.7422
10931.0,25.29,6.7452
10932.0,25.18,6.7462
10933.0,25.31,6.7501
10934.0,25.2,6.7501
10935.0,25.18,6.7501
10936.01,25.28,6.7517
10937.01,25.18,6.7577
10938.01,25.19,6.7577
10939.01,25.29,6.7577
10940.01,25.18,6.7577
10941.01,25.29,6.7577
10942.01,25.18,6.7619
10943.02,25.2,6.7621
10944.02,25.28,6.7621
10945.02,25.2,6.7679
10946.02,25.18,6.7679
10947.02,25.28,6.7679
10948.02,25.19,6.768
10949.03,25.27,6.768
10950.03,25.18,6.7702
10951.03,25.18,6.777
10952.03,25.28,6.777
10953.03,25.21,6.7771
10954.03,25.22,6.7771
10955.04,25.12,6.7771
10956.04,25.12,6.7784
10957.04,25.22,6.7803
10958.04,25.13,6.7872
10959.04,25.22,6.7872
10960.04,25.24,6.7872
10961.05,25.14,6.7872
10962.05,25.29,6.7872
10963.05,25.21,6.7931
10964.05,25.3,6.7931
10965.05,25.18,6.7931
10966.05,25.19,6.7931
10967.05,25.28,6.7931
10968.06,25.19,6.8013
10969.06,25.21,6.8013
10970.06,25.28,6.8013
10971.06,25.18,6.8013
10972.06,25.29,6.8013
10973.06,25.21,6.8072
10974.06,25.18,6.8072
10975.07,25.29,6.8072
10976.07,25.18,6.8072
10977.07,25.29,6.8072
10978.07,25.2,6.8098
10979.07,25.18,6.8163
10980.07,25.31,6.8163
10981.07,25.19,6.8163
10982.08,25.19,6.8163
10983.08,25.34,6.8222
10984.08,25.19,6.8222
10985.08,25.19,6.8222
10986.08,25.31,6.8222
10987.08,25.19,6.8222
10988.08,34.5,6.8346
10989.09,50.3,6.8382
10990.09,50.24,6.8608
10991.09,40.52,6.8952
10992.09,25.17,6.8854
10993.09,25.14,6.8877
10994.09,25.25,6.8877
10995.1,25.14,6.8909
10996.1,25.26,6.8909
10997.1,25.18,6.8909
10998.1,25.18,6.8909
10999.1,25.28,6.895
11000.1,25.18,6.895
11001.11,25.26,6.895
11002.11,25.13,6.895
11003.11,25.26,6.895
11004.11,25.18,6.9009
11005.11,25.14,6.9009
11006.11,25.23,6.9009
11007.12,25.13,6.9009
11008.12,25.23,6.901
11009.12,25.13,6.907
11010.12,25.18,6.907
11011.12,25.29,6.907
11012.12,25.18,6.907
11013.13,25.31,6.9131
11014.13,25.18,6.9131
11015.13,25.19,6.9131
11016.13,25.29,6.9131
11017.13,25.18,6.9131
11018.13,25.29,6.9145
11019.14,25.18,6.9145
11020.14,25.2,6.9145
11021.14,25.29,6.9159
11022.14,25.19,6.9159
11023.14,25.31,6.9164
11024.14,25.19,6.9222
11025.14,25.2,6.9222
11026.15,25.29,6.9222
11027.15,25.18,6.9222
11028.15,25.27,6.9227
11029.15,25.19,6.9286
11030.15,25.27,6.9286
11031.15,25.12,6.9286
11032.16,25.19,6.9286
11033.16,25.3,6.9346
11034.16,25.17,6.9346
11035.16,25.3,6.9346
11036.16,25.2,6.9346
11037.16,25.16,6.9346
11038.17,25.24,6.9404
11039.17,25.13,6.9404
11040.17,25.23,6.9404
11041.17,25.17,6.9404
11042.17,25.11,6.9404
11043.17,25.27,6.9471
11044.18,25.16,6.9471
11045.18,25.27,6.9471
11046.18,25.17,6.9471
11047.18,25.18,6.9471
11048.18,25.28,6.9531
11049.18,25.17,6.9531
11050.19,25.28,6.9531
11051.19,25.17,6.9531
11052.19,25.18,6.9595
11053.19,25.75,6.9596
11054.19,25.18,6.9596
11055.19,25.27,6.9596
11056.19,25.18,6.9596
11057.2,25.17,6.9608
11058.2,25.28,6.9681
11059.2,25.17,6.9681
11060.2,25.27,6.9681
11061.2,25.16,6.9681
11062.2,25.16,6.9681
11063.21,25.3,6.9706
11064.21,25.18,6.9714
11065.21,25.28,6.9777
11066.21,25.18,6.9777
11067.21,25.18,6.9777
11068.21,25.29,6.9778
11069.22,25.16,6.9839
11070.22,25.26,6.9839
11071.22,25.17,6.9839
11072.22,25.17,6.9839
11073.22,25.24,6.9839
11074.22,25.11,6.9862
11075.23,25.21,6.9862
11076.23,25.11,6.9877
11077.23,25.1,6.9944
11078.23,25.25,6.9944
11079.23,25.16,6.9944
11080.23,25.27,6.9944
11081.23,25.16,6.9946
11082.24,25.12,7.0011
11083.24,25.25,7.0012
11084.24,25.17,7.0012
11085.24,25.26,7.0012
11086.24,25.12,7.0012
11087.24,25.11,7.0034
11088.25,25.22,7.0106
11089.25,25.11,7.0106
11090.25,25.21,7.0106
11091.25,25.11,7.0106
11092.25,25.11,7.0106
11093.25,25.25,7.0144
11094.26,25.16,7.0144
11095.26,25.24,7.0144
11096.26,25.16,7.0144
11097.26,25.16,7.0153
11098.26,25.28,7.0214
11099.26,25.17,7.0214
11100.27,25.27,7.0214
11101.27,25.15,7.0214
11102.27,25.12,7.0275
11103.27,25.27,7.0275
11104.27,25.14,7.0275
11105.27,25.24,7.0275
11106.27,25.15,7.0275
11107.28,25.12,7.0283
11108.28,25.28,7.0359
11109.28,25.12,7.0359
11110.28,25.24,7.0359
11111.28,25.15,7.0359
11112.28,25.12,7.0359
11113.29,25.24,7.042
11114.29,25.15,7.042
11115.29,25.24,7.042
11116.29,25.16,7.042
11117.29,25.11,7.0424
11118.29,25.23,7.0466
11119.3,25.11,7.0466
11120.3,25.21,7.0466
11121.3,25.12,7.0466
11122.3,25.15,7.0469
11123.3,25.24,7.0533
11124.3,25.11,7.0533
11125.31,25.21,7.0533
11126.31,25.13,7.0533
11127.31,25.17,7.0537
11128.31,25.26,7.0599
11129.31,25.11,7.0599
11130.31,25.22,7.0599
11131.31,25.13,7.0599
11132.32,25.12,7.0659
11133.32,25.29,7.0659
11134.32,25.17,7.0659
11135.32,25.27,7.0659
11136.32,25.15,7.0659
11137.32,25.11,7.0682
11138.33,25.22,7.0687
11139.33,25.14,7.0753
11140.33,25.22,7.0753
11141.33,25.12,7.0753
11142.33,25.12,7.0753
11143.33,25.24,7.0754
11144.34,25.13,7.0814
11145.34,25.22,7.0814
11146.34,25.12,7.0814
11147.34,25.12,7.0814
11148.34,25.27,7.0875
11149.34,25.17,7.0875
11150.35,25.27,7.0875
11151.35,25.14,7.0875
11152.35,25.16,7.0875
11153.35,25.29,7.0878
11154.35,25.17,7.0878
11155.35,25.27,7.0878
11156.35,25.16,7.0878
11157.36,25.16,7.0878
11158.36,25.29,7.0956
11159.36,25.17,7.0956
11160.36,25.27,7.0956
11161.36,25.17,7.0956
11162.36,25.17,7.0956
11163.37,25.3,7.0998
11164.37,25.17,7.0998
11165.37,25.27,7.0998
11166.37,25.17,7.0998
11167.37,25.17,7.1057
11168.37,25.29,7.1058
11169.38,25.18,7.1058
11170.38,25.25,7.1058
11171.38,25.12,7.107
11172.38,25.12,7.1146
11173.38,25.28,7.1147
11174.38,25.13,7.1147
11175.39,25.22,7.1147
11176.39,25.14,7.1147
11177.39,25.14,7.1162
11178.39,25.23,7.118
11179.39,25.14,7.1251
11180.39,25.14,7.1251
11181.39,25.24,7.1251
11182.4,25.14,7.1251
11183.4,25.24,7.1251
11184.4,31.57,7.2007
11185.4,25.17,7.2007
11186.4,25.28,7.2007
11187.4,25.19,7.2007
11188.41,25.28,7.2007
11189.41,25.18,7.2007
11190.41,25.17,7.2007
11191.41,25.28,7.2007
11192.41,25.19,7.2007
11193.41,25.18,7.2007
11194.41,25.27,7.2007
11195.42,30.36,7.2008
11196.42,26.17,7.2008
11197.42,25.17,7.2008
11198.42,25.17,7.2008
11199.42,25.28,7.2008
11200.42,25.19,7.2008
11201.42,25.18,7.2008
11202.43,25.32,7.2008
11203.43,25.19,7.2008
11204.43,25.17,7.2008
11205.43,25.21,7.2008
11206.43,25.15,7.2008
11207.43,25.28,7.2008
11208.43,25.19,7.2008
11209.44,25.18,7.2008
11210.44,25.29,7.2008
11211.44,25.16,7.2008
11212.44,25.16,7.2008
11213.44,25.23,7.201
11214.44,25.14,7.201
11215.44,25.17,7.201
11216.45,25.27,7.201
11217.45,25.18,7.2011
11218.45,25.18,7.2011
11219.45,25.26,7.2011
11220.45,25.16,7.2011
11221.45,25.28,7.2011
11222.45,25.18,7.2011
11223.46,25.18,7.2011
11224.46,25.27,7.2011
11225.46,25.16,7.2011
11226.46,25.17,7.2011
11227.46,25.28,7.2011
11228.46,25.17,7.2011
11229.47,25.28,7.2011
11230.47,25.17,7.2011
11231.47,25.18,7.2011
11232.47,25.28,7.2011
11233.47,25.19,7.2011
11234.47,25.27,7.2012
11235.48,25.13,7.2012
11236.48,25.12,7.2012
11237.48,25.23,7.2012
11238.48,25.12,7.2012
11239.48,25.22,7.2042
11240.48,25.12,7.2042
11241.48,25.12,7.2042
11242.49,25.25,7.2101
11243.49,25.19,7.2102
11244.49,25.27,7.2102
11245.49,25.17,7.2166
11246.49,25.17,7.2166
11247.49,25.28,7.2166
11248.5,25.17,7.2166
11249.5,25.27,7.2252
11250.5,25.17,7.2252
11251.5,25.17,7.2252
11252.5,25.28,7.2252
11253.5,25.19,7.228
11254.51,25.27,7.2348
11255.51,25.17,7.2348
11256.51,25.17,7.2348
11257.51,25.28,7.2409
11258.51,25.17,7.2409
11259.51,25.18,7.2409
11260.51,25.26,7.2432
11261.52,25.17,7.2434
11262.52,25.28,7.2515
11263.52,25.18,7.2515
11264.52,25.15,7.2515
11265.52,25.28,7.2522
11266.52,25.18,7.2536
11267.53,25.3,7.2536
11268.53,25.18,7.2536
11269.53,25.18,7.2536
11270.53,25.28,7.2536
11271.53,25.19,7.2536
11272.53,25.29,7.2536
11273.54,25.19,7.2537
11274.54,25.17,7.2537
11275.54,25.28,7.2537
11276.54,25.18,7.2537
11277.54,25.29,7.2538
11278.54,25.12,7.2538
11279.54,25.12,7.2538
11280.55,25.22,7.2538
11281.55,25.14,7.2538
11282.55,25.27,7.2538
11283.55,25.18,7.2538
11284.55,25.16,7.2538
11285.55,25.27,7.2538
11286.56,25.17,7.2538
11287.56,25.29,7.2538
11288.56,25.17,7.2538
11289.56,25.18,7.2538
11290.56,25.22,7.2538
11291.56,25.19,7.2538
11292.57,25.14,7.2538
11293.57,25.3,7.2538
11294.57,25.18,7.2538
11295.57,25.27,7.2538
11296.57,25.17,7.2538
11297.57,25.18,7.2539
11298.57,25.27,7.2539
11299.58,25.18,7.2539
11300.58,25.28,7.2539
11301.58,25.18,7.2539
11302.58,25.19,7.2539
11303.58,25.28,7.254
11304.58,25.22,7.254
11305.59,26.33,7.254
11306.59,25.22,7.254
11307.59,25.18,7.254
11308.59,25.22,7.254
11309.59,25.12,7.254
11310.59,25.12,7.254
11311.59,25.21,7.254
11312.6,25.12,7.254
11313.6,25.23,7.254
11314.6,25.11,7.254
11315.6,25.12,7.254
11316.6,25.21,7.254
11317.6,25.12,7.2542
11318.61,25.22,7.2542
11319.61,25.27,7.2542
11320.61,25.13,7.2542
11321.61,25.25,7.2542
11322.61,25.18,7.2542
11323.61,25.28,7.2542
11324.62,25.17,7.2542
11325.62,25.17,7.2542
11326.62,25.27,7.2542
11327.62,25.18,7.2542
11328.62,25.27,7.2542
11329.62,25.17,7.2542
11330.62,25.17,7.2542
11331.63,25.27,7.2542
11332.63,25.17,7.2542
11333.63,25.33,7.2543
11334.63,25.16,7.2543
11335.63,25.36,7.2543
11336.63,25.29,7.2543
11337.64,25.18,7.2544
11338.64,25.26,7.2544
11339.64,25.13,7.2544
11340.64,25.14,7.2544
11341.64,25.27,7.2544
11342.64,25.15,7.2544
11343.65,25.22,7.2544
11344.65,25.11,7.2544
11345.65,25.11,7.2544
11346.65,25.24,7.2544
11347.65,25.18,7.2544
11348.65,25.27,7.2544
11349.65,25.22,7.2544
11350.66,25.11,7.2544
11351.66,25.23,7.2544
11352.66,25.12,7.2544
11353.66,25.23,7.2544
11354.66,25.11,7.2544
11355.66,25.13,7.2544
11356.67,25.25,7.2544
11357.67,25.18,7.2545
11358.67,25.16,7.2545
11359.67,25.27,7.2545
11360.67,25.14,7.2545
11361.67,25.27,7.2545
11362.68,25.19,7.2547
11363.68,25.17,7.2547
11364.68,25.27,7.2547
11365.68,25.16,7.2547
11366.68,25.26,7.2547
11367.68,25.18,7.2547
11368.68,25.16,7.2547
11369.69,25.27,7.2547
11370.69,25.16,7.2547
11371.69,25.26,7.2547
11372.69,25.19,7.2547
11373.69,25.16,7.2547
11374.69,25.27,7.2547
11375.7,25.16,7.2547
11376.7,25.26,7.2547
11377.7,25.17,7.2548
11378.7,25.17,7.2548
11379.7,25.28,7.2548
11380.7,25.16,7.2548
11381.71,25.17,7.2548
11382.71,25.29,7.2548
11383.71,25.16,7.2548
11384.71,25.27,7.2548
11385.71,25.16,7.2548
11386.71,25.16,7.2548
11387.71,25.27,7.2548
11388.72,25.16,7.2548
11389.72,25.27,7.2548
11390.72,25.16,7.2548
11391.72,25.16,7.2548
11392.72,25.29,7.2549
11393.72,25.2,7.2549
11394.72,25.18,7.2549
11395.73,25.27,7.2549
11396.73,25.17,7.2549
11397.73,25.28,7.2549
11398.73,25.17,7.2549
11399.73,25.19,7.2549
11400.73,25.29,7.2549
11401.74,25.17,7.2549
11402.74,25.3,7.255
11403.74,25.17,7.255
11404.74,25.17,7.255
11405.74,25.27,7.255
11406.74,25.17,7.255
11407.75,25.18,7.255
11408.75,25.32,7.255
11409.75,25.26,7.255
11410.75,25.27,7.255
11411.75,25.17,7.255
11412.75,25.19,7.255
11413.75,25.27,7.255
11414.76,25.17,7.255
11415.76,25.28,7.2551
11416.76,25.17,7.2551
11417.76,25.18,7.2551
11418.76,25.27,7.2551
11419.76,25.17,7.2551
11420.77,25.17,7.2551
11421.77,25.27,7.2551
11422.77,25.19,7.2553
11423.77,25.11,7.2553
11424.77,25.21,7.2553
11425.77,25.11,7.2553
11426.77,25.26,7.2553
11427.78,25.17,7.2553
11428.78,25.17,7.2553
11429.78,25.24,7.2553
11430.78,25.11,7.2553
11431.78,25.11,7.2553
11432.78,25.25,7.2553
11433.78,25.11,7.2553
11434.78,25.11,7.2553
11435.79,25.23,7.2553
11436.79,25.13,7.2553
11437.79,25.15,7.2553
11438.79,25.26,7.2553
11439.79,25.17,7.2553
11440.79,25.17,7.2553
11441.79,25.27,7.2553
11442.8,25.14,7.2555
11443.8,25.12,7.2555
11444.8,25.23,7.2555
11445.8,25.17,7.2555
11446.8,25.27,7.2555
11447.8,25.17,7.2555
11448.8,25.16,7.2555
11449.81,25.28,7.2555
11450.81,25.16,7.2555
11451.81,25.17,7.2555
11452.81,25.31,7.2555
11453.81,25.17,7.2555
11454.81,25.17,7.2555
11455.81,25.27,7.2555
11456.81,25.16,7.2555
11457.82,25.18,7.2555
11458.82,25.26,7.2555
11459.82,25.17,7.2555
11460.82,25.27,7.2555
11461.82,25.17,7.2555
11462.82,25.18,7.2556
11463.83,25.28,7.2556
11464.83,25.16,7.2556
11465.83,25.18,7.2556
11466.83,25.26,7.2556
11467.83,25.17,7.2556
11468.83,25.17,7.2556
11469.83,25.34,7.2556
11470.84,25.17,7.2556
11471.84,25.28,7.2556
11472.84,25.19,7.2557
11473.84,25.17,7.2557
11474.84,25.28,7.2557
11475.84,25.16,7.2557
11476.84,25.17,7.2557
11477.85,25.29,7.2557
11478.85,25.17,7.2557
11479.85,25.17,7.2557
11480.85,25.26,7.2557
11481.85,25.18,7.2557
11482.85,25.19,7.2559
11483.85,25.27,7.2559
11484.86,25.17,7.2559
11485.86,25.22,7.2559
11486.86,25.16,7.2559
11487.86,25.22,7.2559
11488.86,25.23,7.2559
11489.86,25.17,7.2559
11490.87,25.17,7.2559
11491.87,25.25,7.2559
11492.87,25.19,7.256
11493.87,25.26,7.256
11494.87,25.16,7.2583
11495.87,25.16,7.2583
11496.87,25.26,7.2583
11497.88,25.17,7.2599
11498.88,25.27,7.2599
11499.88,25.17,7.2614
11500.88,25.16,7.2614
11501.88,25.26,7.2673
11502.88,25.2,7.2673
11503.89,25.27,7.2673
11504.89,25.16,7.2738
11505.89,25.14,7.2738
11506.89,25.21,7.2738
11507.89,25.14,7.2739
11508.89,25.13,7.2792
11509.89,25.27,7.2792
11510.9,25.16,7.2792
11511.9,25.16,7.2845
11512.9,25.29,7.2845
11513.9,25.16,7.2845
11514.9,25.27,7.2896
11515.9,25.17,7.2896
11516.9,25.17,7.2896
11517.91,25.27,7.2948
11518.91,25.11,7.2948
11519.91,25.23,7.2948
11520.91,25.16,7.3002
11521.91,25.16,7.3002
11522.91,25.29,7.3003
11523.92,25.17,7.3059
11524.92,25.17,7.3059
11525.92,25.26,7.3059
11526.92,25.16,7.3059
11527.92,25.27,7.3092
11528.92,25.16,7.3119
11529.92,25.32,7.3157
11530.93,25.25,7.3157
11531.93,25.16,7.3209
11532.93,25.29,7.321
11533.93,25.17,7.321
11534.93,25.16,7.3223
11535.93,25.27,7.3253
11536.94,25.17,7.3281
11537.94,25.19,7.3352
11538.94,25.27,7.3352
11539.94,25.16,7.3352
11540.94,25.27,7.3406
11541.94,25.18,7.3406
11542.94,25.19,7.3407
11543.95,25.28,7.3407
11544.95,25.22,7.3439
11545.95,25.17,7.3483
11546.95,25.28,7.3503
11547.95,25.18,7.3512
11548.95,25.17,7.3545
11549.95,25.27,7.3567
11550.96,25.16,7.3567
11551.96,25.15,7.3567
11552.96,25.24,7.3567
11553.96,25.16,7.3567
11554.96,25.26,7.3567
11555.96,25.16,7.3567
11556.96,25.17,7.3567
11557.97,25.27,7.3568
11558.97,25.16,7.3568
11559.97,25.28,7.3568
11560.97,25.18,7.3568
11561.97,25.17,7.3568
11562.97,25.29,7.3568
11563.97,25.17,7.3568
11564.98,25.18,7.3568
11565.98,25.27,7.3568
11566.98,25.17,7.3568
11567.98,25.18,7.3568
11568.98,25.27,7.3568
11569.98,25.17,7.3568
11570.99,25.27,7.3568
11571.99,25.16,7.3568
11572.99,25.19,7.3569
11573.99,25.27,7.3569
11574.99,25.17,7.3569
11575.99,25.27,7.3569
11576.99,25.17,7.357
11578.0,25.17,7.357
11579.0,25.26,7.357
11580.0,25.16,7.357
11581.0,25.16,7.357
11582.0,25.26,7.357
11583.0,25.19,7.3572
11584.01,25.27,7.3572
11585.01,25.18,7.3572
11586.01,25.15,7.3572
11587.01,25.27,7.3572
11588.01,25.17,7.3572
11589.01,25.17,7.3572
11590.01,25.27,7.3572
11591.02,25.16,7.3572
11592.02,25.16,7.3572
11593.02,25.29,7.3572
11594.02,25.17,7.3572
11595.02,25.28,7.3572
11596.02,25.17,7.3572
11597.02,25.17,7.3572
11598.03,25.28,7.3573
11599.03,25.17,7.3573
11600.03,25.22,7.3573
11601.03,25.13,7.3573
11602.03,25.11,7.3573
11603.03,25.28,7.3573
11604.03,25.16,7.3573
11605.04,25.17,7.3573
11606.04,25.27,7.3573
11607.04,25.16,7.3573
11608.04,25.17,7.3573
11609.04,25.26,7.3573
11610.04,25.16,7.3573
11611.04,25.16,7.3573
11612.05,25.27,7.3573
11613.05,25.19,7.3574
11614.05,25.26,7.3574
11615.05,25.16,7.3574
11616.05,25.13,7.3574
11617.05,25.23,7.3574
11618.05,25.14,7.3574
11619.06,25.18,7.3574
11620.06,25.18,7.3574
11621.06,25.27,7.3574
11622.06,25.17,7.3574
11623.06,25.29,7.3574
11624.06,25.17,7.3574
11625.06,25.17,7.3574
11626.07,25.26,7.3574
11627.07,25.11,7.3574
11628.07,25.22,7.3574
11629.07,25.11,7.3574
11630.07,25.12,7.3574
11631.07,25.28,7.3574
11632.08,25.17,7.3574
11633.08,25.17,7.3577
11634.08,25.29,7.3577
11635.08,25.17,7.3577
11636.08,25.17,7.3577
11637.08,25.27,7.3577
11638.08,25.18,7.3577
11639.08,25.17,7.3577
11640.09,25.28,7.3577
11641.09,25.17,7.3577
11642.09,25.23,7.3577
11643.09,25.13,7.3577
11644.09,25.11,7.3577
11645.09,25.21,7.3577
11646.09,25.15,7.3577
11647.1,25.11,7.3577
11648.1,25.26,7.3577
11649.1,25.16,7.3577
11650.1,25.21,7.3577
11651.1,25.12,7.3577
11652.1,25.16,7.3577
11653.11,25.26,7.3578
11654.11,25.16,7.3578
11655.11,25.17,7.3578
11656.11,25.26,7.3578
11657.11,25.16,7.3578
11658.11,25.26,7.3578
11659.11,25.17,7.3578
11660.12,25.17,7.3578
11661.12,25.27,7.3578
11662.12,25.17,7.3578
11663.12,25.3,7.3579
11664.12,25.17,7.3579
11665.12,25.17,7.3579
11666.13,25.27,7.3579
11667.13,25.17,7.3579
11668.13,25.17,7.3579
11669.13,25.28,7.3579
11670.13,25.17,7.3579
11671.13,25.27,7.3579
11672.13,26.23,7.3579
11673.14,25.14,7.358
11674.14,25.21,7.358
11675.14,25.11,7.358
11676.14,25.11,7.358
11677.14,25.21,7.358
11678.14,25.1,7.358
11679.15,25.2,7.358
11680.15,25.11,7.358
11681.15,25.11,7.358
11682.15,26.08,7.358
11683.15,25.14,7.358
11684.15,25.26,7.358
11685.15,25.16,7.358
11686.16,25.18,7.358
11687.16,25.27,7.358
11688.16,25.18,7.358
11689.16,25.17,7.358
11690.16,25.27,7.358
11691.16,25.17,7.358
11692.16,25.16,7.358
11693.17,25.29,7.3583
11694.17,25.17,7.3583
11695.17,25.27,7.3583
11696.17,25.17,7.3583
11697.17,25.17,7.3583
11698.17,25.27,7.3583
11699.18,25.17,7.3583
11700.18,25.18,7.3583
11701.18,25.26,7.3583
11702.18,25.13,7.3583
11703.18,25.13,7.3583
11704.18,25.21,7.3583
11705.18,25.11,7.3583
11706.19,25.19,7.3583
11707.19,25.11,7.3583
11708.19,25.12,7.3583
11709.19,25.24,7.3583
11710.19,25.17,7.3583
11711.19,25.16,7.3583
11712.19,25.26,7.3583
11713.2,25.19,7.3583
11714.2,25.26,7.3583
11715.2,25.16,7.3583
11716.2,25.12,7.3583
11717.2,25.21,7.3583
11718.2,25.15,7.3584
11719.2,25.15,7.3584
11720.21,25.27,7.3584
11721.21,25.17,7.3584
11722.21,25.27,7.3584
11723.21,25.22,7.3585
11724.21,25.16,7.3585
11725.21,25.26,7.3585
11726.22,25.17,7.3585
11727.22,25.27,7.3585
11728.22,25.56,7.3585
11729.22,25.17,7.3585
11730.22,25.27,7.3585
11731.22,25.17,7.3585
11732.22,25.16,7.3585
11733.23,25.29,7.3585
11734.23,25.16,7.3585
11735.23,25.26,7.3585
11736.23,25.17,7.3585
11737.23,25.16,7.3585
11738.23,25.28,7.3586
11739.24,25.16,7.3586
11740.24,25.27,7.3586
11741.24,25.17,7.3586
11742.24,25.17,7.3586
11743.24,25.29,7.3586
11744.24,25.17,7.3587
11745.24,25.16,7.3587
11746.25,25.27,7.3587
11747.25,25.17,7.3587
11748.25,25.29,7.3587
11749.25,25.17,7.3587
11750.25,25.17,7.3587
11751.25,25.26,7.3587
11752.26,25.17,7.3587
11753.26,25.2,7.3588
11754.26,25.27,7.3588
11755.26,25.17,7.3588
11756.26,25.27,7.3588
11757.26,25.17,7.3588
11758.26,25.18,7.3588
11759.27,25.27,7.3588
11760.27,25.17,7.3588
11761.27,25.27,7.3588
11762.27,25.17,7.3588
11763.27,25.19,7.3589
11764.27,25.26,7.3589
11765.28,25.17,7.3589
11766.28,25.17,7.3589
11767.28,25.27,7.3589
11768.28,25.18,7.3589
11769.28,25.26,7.3589
11770.28,25.18,7.3589
11771.28,25.15,7.3589
11772.29,25.27,7.3589
11773.29,25.19,7.3589
11774.29,25.26,7.3589
11775.29,25.17,7.3589
11776.29,25.17,7.3589
11777.29,25.27,7.3589
11778.3,25.13,7.3589
11779.3,25.17,7.3589
11780.3,25.28,7.3589
11781.3,25.16,7.3589
11782.3,25.28,7.3589
11783.3,25.19,7.3592
11784.3,25.16,7.3592
11785.31,25.27,7.3592
11786.31,25.17,7.3592
11787.31,25.17,7.3592
11788.31,25.28,7.3592
11789.31,25.15,7.3592
11790.31,25.22,7.3592
11791.31,25.17,7.3592
11792.32,25.17,7.3592
11793.32,25.29,7.3592
11794.32,25.18,7.3592
11795.32,25.13,7.3592
11796.32,25.22,7.3592
11797.32,25.17,7.3592
11798.32,25.18,7.3592
11799.33,25.27,7.3592
11800.33,25.17,7.3592
11801.33,25.27,7.3592
11802.33,25.13,7.3592
11803.33,25.19,7.3593
11804.33,25.27,7.3593
11805.34,25.17,7.3593
11806.34,25.17,7.3593
11807.34,25.27,7.3593
11808.34,25.18,7.3593
11809.34,25.26,7.3593
11810.34,25.11,7.3593
11811.34,25.11,7.3593
11812.35,25.26,7.3593
11813.35,25.19,7.3594
11814.35,25.27,7.3594
11815.35,25.17,7.3594
11816.35,25.16,7.3594
11817.35,25.26,7.3594
11818.36,25.18,7.3594
11819.36,25.17,7.3594
11820.36,25.27,7.3594
11821.36,25.17,7.3594
11822.36,25.27,7.3594
11823.36,25.19,7.3595
11824.36,25.17,7.3595
11825.37,25.26,7.3595
11826.37,25.15,7.3595
11827.37,25.22,7.3595
11828.37,25.12,7.3595
11829.37,25.12,7.3595
11830.37,25.26,7.3595
11831.37,25.25,7.3595
11832.38,25.14,7.3595
11833.38,25.25,7.3595
11834.38,25.11,7.3595
11835.38,25.17,7.3595
11836.38,25.26,7.3595
11837.38,25.12,7.3595
11838.38,25.17,7.3595
11839.38,25.16,7.3595
11840.39,25.26,7.3595
11841.39,25.19,7.3595
11842.39,25.17,7.3597
11843.39,26.06,7.3598
11844.39,25.11,7.3598
11845.39,25.27,7.3598
11846.39,25.17,7.3598
11847.4,25.2,7.3598
11848.4,25.25,7.3598
11849.4,25.11,7.3598
11850.4,25.11,7.3598
11851.4,25.22,7.3598
11852.4,25.12,7.3598
11853.41,25.23,7.3598
11854.41,25.15,7.3598
11855.41,25.16,7.3598
11856.41,25.28,7.3598
11857.41,25.17,7.3598
11858.41,25.16,7.3598
11859.41,25.29,7.3598
11860.41,25.16,7.3598
11861.42,25.18,7.3598
11862.42,25.28,7.3599
11863.42,25.15,7.3599
11864.42,25.15,7.3599
11865.42,25.25,7.3599
11866.42,25.17,7.3599
11867.42,25.16,7.3599
11868.43,25.26,7.3599
11869.43,25.16,7.3599
11870.43,25.26,7.3599
11871.43,25.17,7.3599
11872.43,25.18,7.3599
11873.43,25.28,7.3599
11874.44,25.17,7.36
11875.44,25.27,7.36
11876.44,25.16,7.36
11877.44,25.18,7.36
11878.44,25.26,7.36
11879.44,25.17,7.36
11880.44,25.15,7.36
11881.45,25.21,7.36
11882.45,25.17,7.3602
11883.45,25.22,7.3602
11884.45,25.15,7.3602
11885.45,25.17,7.3602
11886.45,25.26,7.3602
11887.46,25.18,7.3602
11888.46,25.23,7.3602
11889.46,25.14,7.3602
11890.46,25.17,7.3602
11891.46,25.27,7.3602
11892.46,25.17,7.3602
11893.46,25.17,7.3602
11894.47,25.26,7.3602
11895.47,25.15,7.3602
11896.47,25.27,7.3602
11897.47,25.16,7.3602
11898.47,25.17,7.3602
11899.47,25.26,7.3602
11900.48,25.16,7.3602
11901.48,25.19,7.3602
11902.48,25.28,7.3603
11903.48,25.19,7.3603
11904.48,25.16,7.3603
11905.48,25.26,7.3603
11906.48,25.17,7.3603
11907.49,25.28,7.3603
11908.49,25.17,7.3603
11909.49,25.17,7.3603
11910.49,25.27,7.3603
11911.49,25.16,7.3603
11912.49,25.18,7.3603
11913.49,25.28,7.3604
11914.5,25.25,7.3604
11915.5,25.27,7.3604
11916.5,25.17,7.3604
11917.5,25.18,7.3604
11918.5,25.26,7.3604
11919.5,25.18,7.3604
11920.51,25.26,7.3604
11921.51,25.16,7.3604
11922.51,25.18,7.3605
11923.51,25.28,7.3605
11924.51,25.15,7.3605
11925.51,25.26,7.3605
11926.51,25.16,7.3605
11927.52,25.16,7.3605
11928.52,25.26,7.3605
11929.52,25.16,7.3605
11930.52,25.16,7.3605
11931.52,25.26,7.3605
11932.52,25.17,7.3605
11933.53,25.28,7.3605
11934.53,25.16,7.3605
11935.53,25.11,7.3605
11936.53,25.26,7.3605
11937.53,25.17,7.3605
11938.53,25.17,7.3605
11939.53,25.29,7.3605
11940.53,25.15,7.3605
11941.54,25.16,7.3605
11942.54,25.27,7.3605
11943.54,25.19,7.3606
11944.54,25.17,7.3606
11945.54,25.27,7.3606
11946.54,25.17,7.3606
11947.55,25.27,7.3608
11948.55,25.17,7.3608
11949.55,25.17,7.3608
11950.55,25.26,7.3608
11951.55,25.17,7.3608
11952.55,25.27,7.3608
11953.55,25.18,7.3608
11954.56,25.16,7.3608
11955.56,25.27,7.3608
11956.56,25.28,7.3608
11957.56,25.28,7.3608
11958.56,25.17,7.3608
11959.56,25.16,7.3608
11960.57,25.22,7.3608
11961.57,25.13,7.3608
11962.57,25.17,7.3608
11963.57,25.3,7.3608
11964.57,25.16,7.3608
11965.57,25.17,7.3608
11966.57,25.27,7.3608
11967.58,25.17,7.3609
11968.58,25.17,7.3609
11969.58,25.27,7.3609
11970.58,25.16,7.3609
11971.58,25.27,7.3609
11972.58,25.17,7.3609
11973.58,25.18,7.361
11974.59,25.26,7.361
11975.59,25.17,7.361
11976.59,25.18,7.361
11977.59,25.22,7.361
11978.59,25.16,7.361
11979.59,25.17,7.361
11980.59,25.27,7.361
11981.6,25.17,7.361
11982.6,25.16,7.361
11983.6,25.28,7.361
11984.6,25.16,7.361
11985.6,25.26,7.361
11986.6,25.17,7.361
11987.6,25.17,7.3611
11988.61,25.26,7.3611
11989.61,25.16,7.3611
11990.61,25.27,7.3611
11991.61,25.19,7.3611
11992.61,25.13,7.3611
11993.61,25.27,7.3611
11994.61,25.16,7.3611
11995.62,25.16,7.3611
11996.62,25.28,7.3611
11997.62,25.17,7.3611
11998.62,25.17,7.3611
11999.62,25.27,7.3611
12000.62,25.12,7.3611
12001.63,25.21,7.3611
12002.63,25.17,7.3611
12003.63,25.18,7.3612
12004.63,25.27,7.3612
12005.63,25.17,7.3612
12006.63,74.14,2.3441
12007.63,80.71,2.4693
12008.64,86.17,2.703
12009.64,71.22,2.2948
12010.64,87.31,2.5141
12011.64,66.99,2.2147
12012.64,84.31,2.3977
12013.64,88.5,2.6216
12014.64,66.8,2.2122
12015.65,76.12,2.387
12016.65,90.94,2.6272
12017.65,65.4,2.2106
12018.65,82.24,2.3964
12019.65,88.54,2.5893
12020.65,73.98,2.9416
12021.65,63.63,2.2814
12022.65,75.5,2.4296
12023.66,87.34,2.6582
12024.66,57.24,3.0688
12025.66,36.5,2.1867
12026.66,75.42,2.3858
12027.66,90.11,2.5676
12028.66,64.78,2.2079
12029.66,84.04,2.4374
12030.67,90.32,2.5816
12031.67,84.23,2.8852
12032.67,67.93,2.3086
12033.67,75.73,2.4676
12034.67,83.96,2.6923
12035.67,63.34,2.2078
12036.67,79.49,2.4136
12037.67,86.72,2.543
12038.68,81.86,2.8015
12039.68,67.32,2.2743
12040.68,76.46,2.4393
12041.68,87.76,2.6473
12042.68,76.05,2.9185
12043.68,37.38,3.2336
12044.68,29.14,3.5523
12045.69,31.22,3.8784
12046.69,26.99,4.2087
12047.69,30.14,4.6198
12048.69,25.29,5.0992
12049.69,33.89,5.5614
12050.69,31.02,6.0356
12051.69,25.81,6.5204
12052.7,25.16,7.0005
12053.7,29.79,7.188
12054.7,25.17,7.2882
12055.7,25.17,7.2882
12056.7,26.98,7.2882
12057.7,25.17,7.2882
12058.71,25.29,7.2882
12059.71,25.65,7.2882
12060.71,25.21,7.2882
12061.71,28.87,7.2882
12062.71,27.92,7.3847
12063.71,26.01,7.3847
12064.71,25.27,7.3847
12065.72,25.16,7.3847
12066.72,25.27,7.3845
12067.72,25.18,7.3846
12068.72,25.16,7.3846
12069.72,25.28,7.3846
12070.72,25.17,7.3846
12071.73,27.99,7.3847
12072.73,25.2,7.3847
12073.73,25.14,7.3847
12074.73,25.27,7.3847
12075.73,25.18,7.3847
12076.73,25.27,7.3847
12077.74,25.18,7.3847
12078.74,25.17,7.3847
12079.74,25.28,7.3847
12080.74,27.38,7.3856
12081.74,25.28,7.3856
12082.74,25.2,7.3856
12083.74,25.17,7.3856
12084.75,25.26,7.3856
12085.75,25.17,7.3856
12086.75,25.19,7.3856
12087.75,25.28,7.3856
12088.75,27.56,7.3857
12089.75,25.27,7.3857
12090.76,25.17,7.3857
12091.76,25.17,7.3857
12092.76,25.31,7.3858
12093.76,25.17,7.3858
12094.76,25.27,7.3858
12095.76,25.17,7.3858
12096.76,25.18,7.3858
12097.77,28.02,7.4352
12098.77,25.16,7.4352
12099.77,25.26,7.4352
12100.77,25.16,7.4352
12101.77,25.17,7.4352
12102.77,25.29,7.4353
12103.78,25.17,7.4353
12104.78,25.19,7.4353
12105.78,25.27,7.4353
12106.78,25.13,7.4558
12107.78,25.23,7.9388
12108.78,25.11,8.3903
12109.78,25.12,8.8609
12110.79,29.95,8.9417
12111.79,25.15,8.9417
12112.79,25.2,8.9417
12113.79,25.22,8.9417
12114.79,25.12,8.9417
12115.79,25.13,8.9417
12116.79,25.22,8.9417
12117.8,25.12,8.9417
12118.8,25.22,8.9417
12119.8,25.11,8.9417
12120.8,25.14,8.9417
12121.8,25.27,8.9417
12122.8,25.51,8.9439
12123.81,25.27,8.9439
12124.81,25.17,8.9439
12125.81,25.16,8.9439
12126.81,25.27,8.9439
12127.81,26.0,8.9439
12128.81,25.26,8.9439
12129.81,25.18,8.9439
12130.82,25.18,8.9439
12131.82,25.28,8.9439
12132.82,25.21,8.944
12133.82,25.48,8.9446
12134.82,25.17,8.9446
12135.82,25.17,8.9446
12136.83,25.27,8.9446
12137.83,25.19,8.9447
12138.83,25.28,8.9447
12139.83,25.18,8.9447
12140.83,25.17,8.9447
12141.83,25.27,8.9447
12142.84,25.19,8.9447
12143.84,25.16,8.9447
12144.84,25.56,8.9465
12145.84,25.17,8.9465
12146.84,25.26,8.9465
12147.84,25.18,8.9465
12148.85,25.17,8.9465
12149.85,25.27,8.9465
12150.85,25.17,8.9465
12151.85,25.27,8.9465
12152.85,25.2,8.9466
12153.85,25.36,8.9466
12154.85,25.22,8.9466
12155.86,25.6,8.9466
12156.86,26.1,8.9476
12157.86,25.19,8.9476
12158.86,25.18,8.9476
12159.86,25.26,8.9476
12160.86,25.17,8.9476
12161.87,25.28,8.9476
12162.87,25.21,8.9476
12163.87,25.28,8.9476
12164.87,25.18,8.9476
12165.87,25.18,8.9476
12166.87,25.28,8.9476
12167.88,25.46,8.9486
12168.88,25.19,8.9486
12169.88,25.12,8.9486
12170.88,25.12,8.9486
12171.88,25.22,8.9486
12172.88,25.15,8.9486
12173.89,25.22,8.9486
12174.89,25.12,8.9486
12175.89,25.12,8.9486
12176.89,25.27,8.9486
12177.89,25.19,8.9486
12178.89,25.58,8.9492
12179.89,25.31,8.9492
12180.9,25.19,8.9492
12181.9,25.28,8.9492
12182.9,25.2,8.9492
12183.9,25.21,8.9492
12184.9,25.12,8.9492
12185.9,25.12,8.9492
12186.91,25.24,8.9492
12187.91,25.18,8.9492
12188.91,25.28,8.9492
12189.91,25.36,8.9503
12190.91,25.2,8.9503
12191.91,25.29,8.9503
12192.92,25.23,8.9504
12193.92,25.28,8.9504
12194.92,25.18,8.9504
12195.92,25.18,8.9504
12196.92,25.27,8.9504
12197.92,25.18,8.9504
12198.93,25.27,8.9504
12199.93,25.17,8.9504
12200.93,25.35,8.9512
12201.93,25.27,8.9512
12202.93,25.19,8.9512
12203.93,25.27,8.9512
12204.94,25.18,8.9512
12205.94,25.18,8.9512
12206.94,25.28,8.9512
12207.94,25.19,8.9512
12208.94,25.28,8.9512
12209.94,25.15,8.9514
12210.95,25.15,8.9514
12211.95,25.23,8.9514
12212.95,25.54,8.9521
12213.95,25.28,8.9521
12214.95,25.19,8.9521
12215.95,25.29,8.9521
12216.95,25.19,8.9521
12217.96,25.2,8.9521
12218.96,25.26,8.9521
12219.96,25.15,8.9521
12220.96,25.23,8.9521
12221.96,25.13,8.9521
12222.96,25.15,8.9521
12223.97,25.23,8.9521
12224.97,25.55,8.9525
12225.97,25.3,8.9525
12226.97,25.2,8.9525
12227.97,25.21,8.9526
12228.97,25.3,8.9526
12229.98,25.15,8.9526
12230.98,25.28,8.9526
12231.98,25.2,8.9526
12232.98,25.22,8.9526
12233.98,25.28,8.9526
12234.98,25.15,8.9526
12235.99,25.25,8.9526
12236.99,25.56,8.9536
12237.99,25.15,8.9537
12238.99,25.23,8.9537
12239.99,25.2,8.9537
12240.99,25.3,8.9537
12242.0,25.2,8.9537
12243.0,25.23,8.9537
12244.0,25.3,8.9537
12245.0,25.21,8.9537
12246.0,25.31,8.9537
12247.0,25.21,8.9537
12248.0,25.22,8.9537
12249.01,25.65,8.954
12250.01,25.2,8.954
12251.01,25.3,8.954
12252.01,25.2,8.954
12253.01,25.33,8.954
12254.01,25.21,8.954
12255.02,25.2,8.954
12256.02,25.3,8.954
12257.02,25.2,8.954
12258.02,25.27,8.9542
12259.02,25.12,8.9542
12260.02,25.17,8.9542
12261.03,25.47,8.9555
12262.03,25.15,8.9555
12263.03,25.31,8.9556
12264.03,25.19,8.9556
12265.03,25.2,8.9556
12266.03,25.29,8.9556
12267.04,25.21,8.9556
12268.04,25.31,8.9556
12269.04,25.15,8.9556
12270.04,25.18,8.9556
12271.04,25.32,8.9556
12272.04,25.19,8.9556
12273.04,25.4,8.9567
12274.05,25.3,8.9567
12275.05,25.19,8.9567
12276.05,25.19,8.9567
12277.05,25.33,8.9567
12278.05,25.2,8.9567
12279.05,25.19,8.9567
12280.05,25.3,8.9567
12281.06,25.19,8.9567
12282.06,25.19,8.9567
12283.06,25.31,8.9568
12284.06,25.46,8.9577
12285.06,25.27,8.9577
12286.06,25.19,8.9577
12287.07,25.28,8.9577
12288.07,25.19,8.9577
12289.07,25.18,8.9577
12290.07,25.23,8.9577
12291.07,25.18,8.9577
12292.07,25.21,8.9577
12293.07,25.31,8.9577
12294.08,25.18,8.9577
12295.08,25.66,8.9582
12296.08,25.2,8.9582
12297.08,25.18,8.9582
12298.08,25.3,8.9583
12299.08,25.18,8.9583
12300.09,25.29,8.9583
12301.09,25.19,8.9583
12302.09,25.28,8.9583
12303.09,25.19,8.9583
12304.09,25.14,8.9583
12305.09,25.29,8.9583
12306.1,25.19,8.9583
12307.1,25.63,8.9586
12308.1,25.2,8.9588
12309.1,25.19,8.9588
12310.1,25.3,8.9588
12311.1,25.19,8.9588
12312.11,25.3,8.9588
12313.11,25.21,8.9588
12314.11,25.29,8.9588
12315.11,25.18,8.9588
12316.11,25.19,8.9588
12317.11,25.29,8.9588
12318.12,25.54,8.97
12319.12,25.28,8.97
12320.12,25.17,8.97
12321.12,25.18,8.97
12322.12,25.23,8.9701
12323.12,25.21,8.9701
12324.13,25.3,8.9701
12325.13,25.19,8.9701
12326.13,25.19,8.9701
12327.13,25.32,8.9701
12328.13,25.2,8.9702
12329.13,25.58,8.9706
12330.13,25.3,8.9706
12331.14,25.18,8.9706
12332.14,25.3,8.9706
12333.14,25.21,8.9707
12334.14,25.19,8.9707
12335.14,25.29,8.9707
12336.14,25.19,8.9707
12337.15,25.29,8.9707
12338.15,25.2,8.9707
12339.15,25.18,8.9707
12340.15,25.63,8.9823
12341.15,25.19,8.9823
12342.15,25.29,8.9823
12343.16,25.22,8.9825
12344.16,25.29,8.9825
12345.16,25.19,8.9825
12346.16,25.19,8.9825
12347.16,25.31,8.9825
12348.16,25.19,8.9825
12349.16,25.16,8.9825
12350.17,25.26,8.9825
12351.17,25.56,8.9829
12352.17,25.29,8.9829
12353.17,25.21,8.9831
12354.17,25.18,8.9831
12355.17,25.29,8.9831
12356.18,25.19,8.9831
12357.18,25.29,8.9831
12358.18,25.2,8.9831
12359.18,25.29,8.9831
12360.18,25.19,8.9831
12361.18,25.19,8.9831
12362.19,25.69,8.9931
12363.19,25.22,8.9932
12364.19,25.29,8.9932
12365.19,25.19,8.9932
12366.19,25.19,8.9932
12367.19,25.29,8.9932
12368.2,25.2,8.9932
12369.2,25.29,8.9932
12370.2,25.2,8.9932
12371.2,25.19,8.9932
12372.2,25.29,8.9932
12373.2,25.21,8.9932
12374.21,25.52,8.9937
12375.21,25.21,8.9937
12376.21,25.18,8.9937
12377.21,25.31,8.9937
12378.21,25.19,8.9937
12379.21,25.15,8.9937
12380.21,25.23,8.9937
12381.22,25.13,8.9937
12382.22,25.22,8.9937
12383.22,25.16,8.9937
12384.22,25.15,8.9937
12385.22,25.55,9.0022
12386.22,25.19,9.0022
12387.23,25.29,9.0022
12388.23,25.19,9.0022
12389.23,25.19,9.0022
12390.23,25.28,9.0022
12391.23,25.18,9.0022
12392.23,25.29,9.0022
12393.24,25.22,9.0022
12394.24,25.29,9.0022
12395.24,25.19,9.0022
12396.24,25.54,9.0026
12397.24,25.29,9.0026
12398.24,25.2,9.0026
12399.25,25.29,9.0026
12400.25,25.19,9.0026
12401.25,25.19,9.0026
12402.25,25.29,9.0026
12403.25,25.21,9.0026
12404.25,25.29,9.0026
12405.26,25.19,9.0026
12406.26,25.19,9.0026
12407.26,25.72,9.0089
12408.26,25.21,9.009
12409.26,25.29,9.009
12410.26,25.18,9.009
12411.26,25.19,9.009
12412.27,25.29,9.009
12413.27,25.21,9.0092
12414.27,25.25,9.0092
12415.27,25.13,9.0092
12416.27,25.15,9.0092
12417.27,25.23,9.0092
12418.27,25.47,9.0095
12419.28,25.19,9.0095
12420.28,25.25,9.0095
12421.28,25.13,9.0095
12422.28,25.19,9.0095
12423.28,25.32,9.0096
12424.28,25.17,9.0096
12425.29,25.29,9.0096
12426.29,25.19,9.0096
12427.29,25.19,9.0096
12428.29,25.29,9.0096
12429.29,25.48,9.0121
12430.29,25.3,9.0121
12431.29,25.21,9.0121
12432.3,25.19,9.0121
12433.3,25.32,9.0122
12434.3,25.19,9.0122
12435.3,25.28,9.0123
12436.3,25.19,9.0123
12437.3,25.19,9.0123
12438.31,25.3,9.0123
12439.31,25.19,9.0123
12440.31,25.58,9.0127
12441.31,25.19,9.0127
12442.31,25.19,9.0127
12443.31,25.32,9.0127
12444.32,25.19,9.0127
12445.32,25.28,9.0127
12446.32,25.13,9.0127
12447.32,25.15,9.0127
12448.32,25.29,9.0127
12449.32,25.19,9.0127
12450.33,25.29,9.0127
12451.33,25.19,9.0127
12452.33,25.54,9.0132
12453.33,25.31,9.0132
12454.33,25.19,9.0132
12455.33,25.29,9.0132
12456.34,25.19,9.0132
12457.34,25.29,9.0132
12458.34,25.2,9.0133
12459.34,25.21,9.0133
12460.34,25.29,9.0133
12461.34,25.19,9.0133
12462.34,25.21,9.0133
12463.35,25.32,9.0135
12464.35,25.54,9.0138
12465.35,25.19,9.0138
12466.35,25.29,9.0138
12467.35,25.19,9.0138
12468.35,25.23,9.0139
12469.36,25.13,9.0139
12470.36,25.13,9.0139
12471.36,25.24,9.0139
12472.36,25.16,9.0139
12473.36,25.27,9.014
12474.36,25.12,9.014
12475.37,25.47,9.0144
12476.37,25.19,9.0144
12477.37,25.17,9.0144
12478.37,25.27,9.0144
12479.37,25.15,9.0144
12480.37,25.26,9.0144
12481.37,25.17,9.0144
12482.38,25.18,9.0144
12483.38,25.31,9.0145
12484.38,25.19,9.0145
12485.38,25.3,9.0145
12486.38,25.63,9.015
12487.38,25.2,9.015
12488.39,25.3,9.015
12489.39,25.19,9.015
12490.39,25.18,9.015
12491.39,25.31,9.015
12492.39,25.19,9.015
12493.39,25.2,9.015
12494.39,25.28,9.015
12495.4,25.19,9.015
12496.4,25.29,9.015
12497.4,25.19,9.015
12498.4,25.55,9.0155
12499.4,25.29,9.0155
12500.4,25.18,9.0155
12501.41,25.3,9.0155
12502.41,25.2,9.0155
12503.41,25.2,9.0155
12504.41,25.27,9.0155
12505.41,25.13,9.0155
12506.41,25.23,9.0155
12507.42,25.19,9.0155
12508.42,25.13,9.0155
12509.42,25.66,9.0161
12510.42,25.19,9.0161
12511.42,25.24,9.0161
12512.42,25.14,9.0161
12513.42,25.19,9.0161
12514.43,25.29,9.0161
12515.43,25.18,9.0161
12516.43,25.3,9.0161
12517.43,25.2,9.0161
12518.43,25.18,9.0161
12519.43,25.29,9.0161
12520.44,25.18,9.0161
12521.44,25.52,9.0166
12522.44,25.17,9.0166
12523.44,25.21,9.0166
12524.44,25.28,9.0166
12525.44,25.14,9.0166
12526.45,25.22,9.0166
12527.45,25.13,9.0166
12528.45,25.12,9.0166
12529.45,25.25,9.0166
12530.45,25.18,9.0166
12531.45,25.18,9.0166
12532.45,25.64,9.0184
12533.45,25.2,9.0184
12534.46,25.18,9.0184
12535.46,25.22,9.0184
12536.46,25.13,9.0184
12537.46,25.24,9.0185
12538.46,25.12,9.0185
12539.46,25.13,9.0185
12540.47,25.23,9.0185
12541.47,25.13,9.0185
12542.47,25.24,9.0185
12543.47,25.53,9.0191
12544.47,25.19,9.0191
12545.47,25.28,9.0191
12546.48,25.19,9.0191
12547.48,25.3,9.0191
12548.48,25.19,9.0191
12549.48,25.3,9.0191
12550.48,25.18,9.0191
12551.48,25.19,9.0191
12552.49,25.3,9.0191
12553.49,25.19,9.0191
12554.49,25.28,9.0191
12555.49,25.67,9.0195
12556.49,25.18,9.0195
12557.49,25.29,9.0195
12558.5,25.19,9.0195
12559.5,25.28,9.0195
12560.5,25.18,9.0195
12561.5,25.19,9.0195
12562.5,25.32,9.0195
12563.5,25.2,9.0196
12564.5,25.21,9.0196
12565.5,25.2,9.0196
12566.51,25.63,9.02
12567.51,25.14,9.02
12568.51,25.14,9.02
12569.51,25.23,9.02
12570.51,25.19,9.02
12571.51,25.16,9.02
12572.51,25.23,9.02
12573.52,25.17,9.0201
12574.52,25.28,9.0201
12575.52,25.18,9.0201
12576.52,25.19,9.0201
12577.52,25.72,9.0205
12578.52,25.18,9.0205
12579.53,25.29,9.0205
12580.53,25.18,9.0205
12581.53,25.19,9.0205
12582.53,25.3,9.0206
12583.53,25.21,9.0206
12584.53,25.29,9.0206
12585.54,25.18,9.0206
12586.54,25.29,9.0206
12587.54,25.18,9.0206
12588.54,25.6,9.0208
12589.54,25.28,9.0208
12590.54,25.19,9.021
12591.55,25.29,9.021
12592.55,25.2,9.0211
12593.55,25.21,9.0211
12594.55,25.29,9.0211
12595.55,25.19,9.0211
12596.55,25.31,9.0211
12597.55,25.21,9.0211
12598.56,25.19,9.0211
12599.56,25.31,9.0211
12600.56,25.49,9.0216
12601.56,25.18,9.0216
12602.56,25.3,9.0216
12603.56,25.2,9.0216
12604.57,25.29,9.0216
12605.57,25.18,9.0216
12606.57,25.19,9.0216
12607.57,25.3,9.0216
12608.57,25.19,9.0216
12609.57,25.3,9.0216
12610.58,25.19,9.0216
12611.58,25.3,9.0216
12612.58,25.47,9.022
12613.58,25.21,9.022
12614.58,25.29,9.022
12615.58,25.19,9.022
12616.59,25.29,9.022
12617.59,25.2,9.0222
12618.59,25.13,9.0222
12619.59,25.23,9.0222
12620.59,25.13,9.0222
12621.59,25.23,9.0222
12622.6,25.14,9.0222
12623.6,25.6,9.0228
12624.6,25.13,9.0228
12625.6,25.14,9.0228
12626.6,25.25,9.0228
12627.6,25.21,9.0228
12628.6,25.16,9.0228
12629.61,25.3,9.0228
12630.61,25.19,9.0228
12631.61,25.19,9.0228
12632.61,25.29,9.0228
12633.61,25.14,9.0229
12634.61,25.71,9.0233
12635.62,25.15,9.0233
12636.62,25.18,9.0233
12637.62,25.3,9.0233
12638.62,25.18,9.0233
12639.62,25.29,9.0233
12640.62,25.18,9.0233
12641.63,25.18,9.0233
12642.63,25.3,9.0233
12643.63,25.2,9.0233
12644.63,25.28,9.0233
12645.63,25.59,9.0238
12646.63,25.29,9.0238
12647.63,25.2,9.0238
12648.64,25.18,9.0238
12649.64,25.29,9.0238
12650.64,25.19,9.0238
12651.64,25.29,9.0238
12652.64,25.2,9.0238
12653.64,25.2,9.0238
12654.65,25.28,9.0238
12655.65,25.18,9.0238
12656.65,25.28,9.0238
12657.65,25.62,9.0243
12658.65,25.29,9.0243
12659.65,25.19,9.0243
12660.66,25.18,9.0243
12661.66,25.29,9.0243
12662.66,25.22,9.0245
12663.66,25.28,9.0245
12664.66,25.19,9.0245
12665.66,25.19,9.0245
12666.67,25.29,9.0245
12667.67,25.2,9.0245
12668.67,25.6,9.0252
12669.67,25.2,9.0253
12670.67,25.29,9.0253
12671.67,25.19,9.0253
12672.68,25.22,9.0253
12673.68,25.26,9.0253
12674.68,25.16,9.0253
12675.68,25.26,9.0253
12676.68,25.16,9.0253
12677.68,25.15,9.0253
12678.69,25.23,9.0253
12679.69,25.18,9.0253
12680.69,25.68,9.0258
12681.69,25.18,9.0258
12682.69,25.21,9.0258
12683.69,25.28,9.0258
12684.7,25.19,9.0258
12685.7,25.28,9.0258
12686.7,25.16,9.0258
12687.7,25.2,9.0258
12688.7,25.29,9.0258
12689.7,25.13,9.0258
12690.71,25.28,9.0258
12691.71,25.57,9.0267
12692.71,25.2,9.0268
12693.71,25.31,9.0268
12694.71,25.19,9.0268
12695.71,25.19,9.0268
12696.71,25.29,9.0268
12697.72,25.2,9.0268
12698.72,25.29,9.0268
12699.72,25.18,9.0268
12700.72,25.19,9.0268
12701.72,25.29,9.0268
12702.72,25.21,9.0269
12703.73,25.54,9.0273
12704.73,25.19,9.0273
12705.73,25.19,9.0273
12706.73,25.29,9.0273
12707.73,25.2,9.0273
12708.73,25.29,9.0273
12709.74,25.19,9.0273
12710.74,25.29,9.0273
12711.74,25.19,9.0273
12712.74,25.22,9.0274
12713.74,25.29,9.0274
12714.74,25.67,9.0282
12715.75,25.29,9.0282
12716.75,25.19,9.0282
12717.75,25.2,9.0282
12718.75,25.29,9.0282
12719.75,25.19,9.0282
12720.75,25.28,9.0282
12721.76,25.19,9.0282
12722.76,25.71,9.0283
12723.76,25.18,9.0283
12724.76,25.19,9.0283
12725.76,25.58,9.0288
12726.76,25.18,9.0288
12727.77,25.3,9.0288
12728.77,25.18,9.0288
12729.77,25.17,9.0288
12730.77,25.26,9.0288
12731.77,25.18,9.0288
12732.77,25.29,9.0288
12733.77,25.18,9.0288
12734.78,25.2,9.0288
12735.78,25.29,9.0288
12736.78,25.49,9.0297
12737.78,25.3,9.0297
12738.78,25.18,9.0297
12739.78,25.21,9.0297
12740.79,25.28,9.0297
12741.79,25.17,9.0297
12742.79,25.18,9.0297
12743.79,25.3,9.0297
12744.79,25.19,9.0297
12745.79,25.16,9.0297
12746.79,25.22,9.0297
12747.8,25.13,9.0298
12748.8,25.63,9.0303
12749.8,28.09,9.0303
12750.8,25.1,9.0303
12751.8,25.2,9.0303
12752.8,25.14,9.0304
12753.81,25.21,9.0304
12754.81,25.19,9.0304
12755.81,25.18,9.0304
12756.81,25.23,9.0304
12757.81,25.14,9.0304
12758.81,25.22,9.0304
12759.82,25.67,9.0332
12760.82,25.29,9.0332
12761.82,25.19,9.0332
12762.82,25.22,9.0333
12763.82,25.29,9.0333
12764.82,25.15,9.0333
12765.83,25.22,9.0333
12766.83,25.19,9.0333
12767.83,25.4,9.0333
12768.83,25.29,9.0333
12769.83,25.19,9.0333
12770.83,25.29,9.0333
12771.84,25.19,9.0333
12772.84,25.67,9.0358
12773.84,25.28,9.0358
12774.84,25.19,9.0358
12775.84,25.29,9.0358
12776.84,25.18,9.0358
12777.85,25.31,9.0358
12778.85,25.18,9.0358
12779.85,25.18,9.0358
12780.85,25.25,9.0358
12781.85,25.18,9.0358
12782.85,25.32,9.0358
12783.85,57.07,9.0538
12784.86,45.9,9.0827
12785.86,25.84,9.1139
12786.86,25.19,9.1448
12787.86,27.54,2.3112
12788.86,75.61,2.5144
12789.86,84.81,2.6358
12790.87,83.16,2.9311
12791.87,77.92,3.2248
12792.87,56.85,2.3704
12793.87,78.46,2.5724
12794.87,86.17,2.7493
12795.87,79.57,2.9844
12796.87,78.36,3.211
12797.87,62.94,2.3866
12798.88,83.84,2.5458
12799.88,88.09,2.7749
12800.88,59.9,2.3489
12801.88,75.67,2.5379
12802.88,87.4,2.7251
12803.88,68.72,2.2632
12804.88,73.43,2.5072
12805.89,74.79,2.63
12806.89,85.43,2.8759
12807.89,63.8,2.4857
12808.89,90.24,2.6659
12809.89,70.8,2.3527
12810.89,87.88,2.5663
12811.89,87.7,2.8057
12812.89,69.35,2.4944
12813.9,86.33,2.6943
12814.9,68.11,2.3875
12815.9,85.96,2.6128
12816.9,70.3,2.3402
12817.9,78.89,2.5423
12818.9,86.07,2.758
12819.9,77.51,3.0567
12820.91,64.69,2.3437
12821.91,81.49,2.5637
12822.91,78.09,2.8421
12823.91,78.47,3.1049
12824.91,88.65,3.2939
12825.91,81.53,3.5389
12826.91,78.67,3.7987
12827.91,77.74,4.0443
12828.92,77.45,4.3348
12829.92,75.86,4.5718
12830.92,76.05,4.7965
12831.92,75.29,5.0087
12832.92,76.84,5.2248
12833.92,75.84,5.5954
12834.92,43.72,6.4677
12835.93,25.89,7.2248
12836.93,86.64,8.4121
12837.93,99.93,9.1573
12838.93,57.74,9.4865
12839.93,25.3,9.4865
12840.93,46.94,9.4865
12841.93,77.03,9.4865
12842.93,76.29,9.487
12843.94,75.84,9.4873
12844.94,76.21,9.4886
12845.94,75.95,9.4891
12846.94,68.61,9.4896
12847.94,63.41,9.4903
12848.94,36.68,9.4903
12849.95,42.13,9.4905
12850.95,30.63,9.4907
12851.95,35.39,9.4907
12852.95,27.46,9.4907
12853.95,35.94,9.6158
12854.95,100.19,10.5954
12855.95,99.89,11.2691
12856.96,99.91,11.9462
12857.96,51.63,12.1846
12858.96,26.21,12.2681
12859.96,38.33,12.2681
12860.96,27.94,12.2681
12861.96,32.86,12.2681
12862.96,32.67,12.2681
12863.97,26.81,12.2681
12864.97,37.48,12.2681
12865.97,29.05,12.2681
12866.97,31.22,12.2681
12867.97,32.74,12.2681
12868.97,25.49,12.2681
12869.98,25.13,12.2681
12870.98,26.7,12.2681
12871.98,28.03,12.2681
12872.98,37.21,12.2682
12873.98,26.35,12.2682
12874.98,35.97,12.2682
12875.98,28.61,12.2682
12876.99,31.04,12.2682
12877.99,25.85,12.2682
12878.99,25.39,12.2682
12879.99,25.4,12.2682
12880.99,28.37,12.2682
12881.99,25.39,12.2682
12883.0,29.5,12.2683
12884.0,29.99,12.2683
12885.0,25.19,12.2683
12886.0,25.61,12.2683
12887.0,25.58,12.2683
12888.0,25.23,12.2683
12889.01,25.45,12.2683
12890.01,26.35,12.2683
12891.01,25.15,12.2683
12892.01,25.83,12.2683
12893.01,25.24,12.2685
12894.01,25.31,12.2685
12895.02,25.2,12.2685
12896.02,25.61,12.2685
12897.02,25.9,12.2685
12898.02,25.22,12.2685
12899.02,25.32,12.2685
12900.02,25.25,12.2685
12901.02,25.2,12.2685
12902.03,25.33,12.2685
12903.03,25.23,12.2685
12904.03,25.69,12.2685
12905.03,40.7,12.2685
12906.03,25.31,12.2685
12907.03,26.6,12.2685
12908.04,31.1,12.2686
12909.04,25.57,12.2686
12910.04,25.85,12.2686
12911.04,34.11,12.2686
12912.04,25.2,12.2686
12913.05,25.22,12.2686
12914.05,25.3,12.2686
12915.05,25.37,12.2686
12916.05,25.37,12.2686
12917.05,64.5,12.2686
12918.05,100.15,12.3782
12919.05,67.29,12.3783
12920.06,25.99,12.3783
12921.06,25.31,12.3783
12922.06,25.25,12.3783
12923.06,25.44,12.3783
12924.06,25.14,12.3783
12925.06,25.15,12.3783
12926.07,25.23,12.3783
12927.07,25.81,12.3783
12928.07,29.34,12.3783
12929.07,25.26,12.3783
12930.07,25.76,12.3783
12931.07,25.18,12.3783
12932.08,25.18,12.3783
12933.08,25.33,12.3784
12934.08,25.3,12.3784
12935.08,28.5,12.3784
12936.08,53.01,6.7179
12937.08,55.19,2.4325
12938.09,81.38,2.7677
12939.09,75.98,3.0608
12940.09,88.65,3.1947
12941.09,86.44,3.4562
12942.09,81.57,3.7978
12943.09,77.48,4.1523
12944.09,79.58,4.4498
12945.1,76.07,4.6851
12946.1,76.67,4.8915
12947.1,75.38,5.1206
12948.1,76.28,5.3534
12949.1,59.76,5.9928
12950.1,26.15,6.7436
12951.11,42.55,7.6132
12952.11,99.93,8.6146
12953.11,92.07,9.2865
12954.11,25.23,9.3386
12955.11,26.91,9.4388
12956.11,60.01,9.439
12957.11,78.3,9.4394
12958.11,75.47,9.4399
12959.12,75.45,9.4403
12960.12,76.29,9.4404
12961.12,76.77,9.4407
12962.12,66.43,9.4407
12963.12,39.95,9.4407
12964.12,57.98,9.4407
12965.12,54.53,9.4407
12966.13,30.93,9.4407
12967.13,38.18,9.4407
12968.13,26.1,9.4407
12969.13,32.54,9.4408
12970.13,39.72,9.587
12971.13,100.21,10.4989
12972.14,99.87,11.1513
12973.14,99.98,11.8096
12974.14,70.25,12.2245
12975.14,33.07,12.2726
12976.14,33.8,12.2726
12977.14,27.43,12.2726
12978.14,41.27,12.2726
12979.15,28.75,12.2726
12980.15,25.99,12.2726
12981.15,31.29,12.2726
12982.15,28.24,12.2726
12983.15,25.6,12.2726
12984.15,28.39,12.2726
12985.16,25.23,12.2726
12986.16,25.31,12.2726
12987.16,25.31,12.2726
12988.16,25.35,12.2728
12989.16,26.78,12.2728
12990.16,36.52,12.2728
12991.17,26.76,12.2728
12992.17,28.51,12.2728
12993.17,38.48,12.2728
12994.17,40.81,12.2728
12995.17,44.17,12.2728
12996.17,34.37,12.2728
12997.18,25.4,12.2728
12998.18,25.94,12.2728
12999.18,25.24,12.2728
13000.18,29.46,12.2728
13001.18,33.29,12.2728
13002.18,25.41,12.2728
13003.19,25.86,12.2729
13004.19,25.17,12.2729
13005.19,25.24,12.2729
13006.19,25.26,12.2729
13007.19,25.18,12.2729
13008.19,25.58,12.2729
13009.2,25.21,12.2729
13010.2,27.45,12.2729
13011.2,25.21,12.2729
13012.2,25.89,12.2729
13013.2,25.29,12.273
13014.2,27.51,12.273
13015.21,27.55,12.273
13016.21,25.15,12.273
13017.21,25.33,12.273
13018.21,25.29,12.273
13019.21,25.19,12.273
13020.21,25.13,12.273
13021.21,26.11,12.273
13022.22,25.14,12.273
13023.22,25.26,12.2731
13024.22,25.2,12.2731
13025.22,25.14,12.2731
13026.22,25.23,12.2731
13027.22,25.2,12.2731
13028.23,25.25,12.2731
13029.23,25.14,12.2731
13030.23,25.3,12.2731
13031.23,26.64,12.2731
13032.23,25.46,12.2731
13033.23,25.34,12.2731
13034.23,45.54,12.2747
13035.24,25.2,12.2747
13036.24,25.24,12.2747
13037.24,26.71,12.2747
13038.24,25.87,12.2748
13039.24,25.2,12.2748
13040.24,25.21,12.2748
13041.25,25.31,12.2748
13042.25,25.63,12.2748
13043.25,25.89,12.2748
13044.25,25.17,12.2748
13045.25,25.15,12.2748
13046.25,25.27,12.2748
13047.25,26.21,12.2748
13048.26,25.14,12.2748
13049.26,71.53,12.2827
13050.26,99.87,12.3895
13051.26,71.76,12.3895
13052.26,26.31,12.3895
13053.26,25.32,12.3895
13054.26,25.32,12.3895
13055.27,25.32,12.3895
13056.27,25.2,12.3895
13057.27,25.99,12.3895
13058.27,25.29,12.3897
13059.27,25.21,12.3897
13060.27,25.31,12.3897
13061.28,25.93,12.3897
13062.28,28.36,12.3897
13063.28,31.06,12.3897
13064.28,26.13,12.3897
13065.28,25.6,12.3897
13066.28,25.14,12.3897
13067.28,25.14,12.3897
13068.29,25.25,12.3897
13069.29,25.15,12.3897
13070.29,25.32,12.3897
13071.29,25.22,12.3897
13072.29,25.32,12.3897
13073.3,25.54,12.3898
13074.3,57.62,12.3898
13075.3,57.09,12.3902
13076.3,34.63,12.3902
13077.3,64.69,12.3941
13078.3,56.15,12.4007
13079.3,50.61,12.4007
13080.31,46.07,12.4368
13081.31,26.43,12.4368
13082.31,25.35,12.4368
13083.31,64.18,12.444
13084.31,99.57,12.4578
13085.31,25.87,12.4578
13086.32,26.45,12.4578
13087.32,31.76,12.4578
13088.32,44.62,12.458
13089.32,26.43,12.458
13090.32,25.31,12.458
13091.32,25.16,12.458
13092.33,34.17,12.458
13093.33,99.9,12.4629
13094.33,66.99,12.4629
13095.33,25.31,12.4629
13096.33,25.23,12.4629
13097.33,25.34,12.4629
13098.33,25.44,12.4629
13099.34,25.14,12.4629
13100.34,25.25,12.4629
13101.34,41.53,12.4629
13102.34,100.08,12.4708
13103.34,69.23,12.4713
13104.34,25.21,12.4713
13105.35,25.3,12.4713
13106.35,31.19,12.5244
13107.35,99.98,13.1601
13108.35,75.0,13.1634
13109.35,25.21,13.1634
13110.35,25.32,13.1634
13111.35,25.92,13.1634
13112.36,43.32,13.3068
13113.36,25.35,13.3068
13114.36,25.22,13.3068
13115.36,29.54,13.307
13116.36,25.3,13.307
13117.36,25.24,13.307
13118.37,25.35,13.307
13119.37,29.15,13.3071
13120.37,25.24,13.3071
13121.37,25.35,13.3071
13122.37,29.05,13.3071
13123.37,25.91,13.3073
13124.37,25.66,13.3073
13125.38,28.87,13.3073
13126.38,25.23,13.3073
13127.38,25.26,13.3073
13128.38,28.95,13.3074
13129.38,28.3,13.3074
13130.38,25.28,13.3074
13131.38,25.19,13.3074
13132.39,29.17,13.3075
13133.39,25.2,13.3075
13134.39,25.19,13.3075
13135.39,29.05,13.3077
13136.39,25.42,13.3077
13137.39,25.33,13.3077
13138.39,25.21,13.3077
13139.4,28.93,13.3077
13140.4,25.33,13.3077
13141.4,25.23,13.3077
13142.4,25.22,13.3077
13143.4,29.12,13.308
13144.4,25.14,13.308
13145.4,25.16,13.308
13146.41,29.08,13.308
13147.41,25.15,13.308
13148.41,25.14,13.308
13149.41,25.25,13.308
13150.41,28.94,13.308
13151.41,25.31,13.308
13152.42,25.22,13.308
13153.42,28.96,13.3081
13154.42,25.31,13.3081
13155.42,25.23,13.3081
13156.42,25.31,13.3081
13157.42,29.1,13.3081
13158.43,25.33,13.3081
13159.43,25.21,13.3081
13160.43,28.95,13.3081
13161.43,25.27,13.3081
13162.43,25.2,13.3081
13163.43,25.73,13.3081
13164.43,25.14,13.3081
13165.44,28.35,13.3081
13166.44,25.8,13.3081
13167.44,25.16,13.3082
13168.44,25.24,13.3082
13169.44,25.17,13.3082
13170.44,28.95,13.3082
13171.45,25.32,13.3082
13172.45,25.21,13.3082
13173.45,25.22,13.3082
13174.45,25.32,13.3082
13175.45,30.12,13.3082
13176.45,25.21,13.3082
13177.45,25.35,13.3084
13178.45,25.22,13.3084
13179.46,25.22,13.3084
13180.46,30.48,13.3084
13181.46,25.22,13.3084
13182.46,25.25,13.3084
13183.46,25.15,13.3084
13184.46,25.17,13.3084
13185.47,30.08,13.3085
13186.47,25.21,13.3086
13187.47,25.27,13.3086
13188.47,25.15,13.3086
13189.47,25.14,13.3086
13190.47,25.16,13.3086
13191.47,30.1,13.3086
13192.48,25.15,13.3086
13193.48,25.25,13.3086
13194.48,25.14,13.3086
13195.48,25.24,13.3086
13196.48,25.18,13.3086
13197.48,29.13,13.3087
13198.49,25.31,13.3087
13199.49,25.22,13.3087
13200.49,25.31,13.3087
13201.49,25.19,13.3087
13202.49,25.23,13.3087
13203.49,29.03,13.3088
13204.49,25.2,13.3088
13205.5,25.23,13.3088
13206.5,25.34,13.3088
13207.5,25.23,13.3088
13208.5,25.21,13.3088
13209.5,25.32,13.3088
13210.5,28.86,13.3088
13211.51,25.27,13.3088
13212.51,25.14,13.3088
13213.51,25.25,13.3088
13214.51,25.13,13.3088
13215.51,25.17,13.3088
13216.51,25.34,13.3088
13217.52,25.22,13.309
13218.52,28.86,13.3092
13219.52,25.24,13.3092
13220.52,25.32,13.3092
13221.52,26.02,13.3092
13222.52,25.34,13.3092
13223.52,25.24,13.3092
13224.52,25.22,13.3092
13225.53,25.32,13.3092
13226.53,29.03,13.3092
13227.53,25.32,13.3092
13228.53,25.21,13.3092
13229.53,25.21,13.3092
13230.53,25.34,13.3092
13231.53,25.23,13.3092
13232.54,25.23,13.3092
13233.54,25.35,13.3092
13234.54,25.49,13.3092
13235.54,28.93,13.3093
13236.54,25.33,13.3093
13237.54,25.26,13.3094
13238.55,25.33,13.3094
13239.55,25.24,13.3094
13240.55,28.63,13.3094
13241.55,25.57,13.3094
13242.55,25.25,13.3094
13243.55,31.3,13.3096
13244.56,25.2,13.3096
13245.56,25.33,13.3096
13246.56,25.22,13.3096
13247.56,28.27,13.3096
13248.56,25.22,13.3096
13249.56,25.13,13.3096
13250.57,25.27,13.3096
13251.57,31.09,13.3097
13252.57,25.22,13.3097
13253.57,25.33,13.3097
13254.57,25.22,13.3097
13255.57,25.32,13.3097
13256.57,25.24,13.3097
13257.58,25.24,13.3097
13258.58,25.32,13.3097
13259.58,25.15,13.3097
13260.58,29.59,13.3098
13261.58,25.23,13.3098
13262.58,25.24,13.3099
13263.59,25.34,13.3099
13264.59,25.22,13.3099
13265.59,25.32,13.3099
13266.59,25.22,13.3099
13267.59,25.95,13.3099
13268.59,29.03,13.3101
13269.6,25.22,13.3101
13270.6,25.31,13.3101
13271.6,25.21,13.3101
13272.6,25.22,13.3102
13273.6,25.33,13.3102
13274.6,25.22,13.3102
13275.61,25.32,13.3102
13276.61,25.21,13.3102
13277.61,29.03,13.3102
13278.61,25.21,13.3102
13279.61,25.21,13.3102
13280.61,25.34,13.3102
13281.61,25.21,13.3102
13282.62,25.23,13.3102
13283.62,25.61,13.3103
13284.62,25.21,13.3103
13285.62,25.31,13.3103
13286.62,28.97,13.3103
13287.62,25.22,13.3103
13288.63,25.31,13.3103
13289.63,25.21,13.3103
13290.63,25.31,13.3103
13291.63,25.22,13.3103
13292.63,25.22,13.3103
13293.63,25.33,13.3103
13294.64,29.04,13.3104
13295.64,25.3,13.3104
13296.64,25.22,13.3104
13297.64,25.23,13.3104
13298.64,25.34,13.3104
13299.64,25.22,13.3104
13300.64,25.21,13.3104
13301.65,25.31,13.3104
13302.65,25.26,13.3104
13303.65,25.32,13.3104
13304.65,29.67,13.3104
13305.65,25.2,13.3104
13306.65,25.31,13.3104
13307.66,25.22,13.3105
13308.66,25.23,13.3105
13309.66,25.21,13.3105
13310.66,25.22,13.3105
13311.66,25.3,13.3105
13312.66,25.67,13.3105
13313.67,30.94,13.3105
13314.67,25.13,13.3105
13315.67,25.24,13.3105
13316.67,25.13,13.3105
13317.67,25.15,13.3105
13318.67,25.24,13.3105
13319.68,25.14,13.3105
13320.68,25.29,13.3105
13321.68,25.21,13.3105
13322.68,30.62,13.3107
13323.68,25.31,13.3107
13324.68,25.21,13.3107
13325.69,25.31,13.3107
13326.69,25.2,13.3107
13327.69,25.32,13.3107
13328.69,25.21,13.3107
13329.69,25.21,13.3107
13330.69,25.31,13.3107
13331.7,28.99,13.3108
13332.7,25.35,13.3109
13333.7,25.22,13.3109
13334.7,25.31,13.3109
13335.7,25.22,13.3109
13336.7,25.21,13.3109
13337.71,25.33,13.3109
13338.71,25.21,13.3109
13339.71,25.3,13.3109
13340.71,25.19,13.3109
13341.71,29.02,13.3109
13342.71,25.33,13.3109
13343.72,25.21,13.3109
13344.72,25.31,13.3109
13345.72,25.21,13.3109
13346.72,25.26,13.3109
13347.72,25.22,13.311
13348.72,25.23,13.311
13349.73,25.31,13.311
13350.73,25.21,13.311
13351.73,28.91,13.3111
13352.73,25.33,13.3111
13353.73,25.2,13.3111
13354.73,25.32,13.3111
13355.74,25.21,13.3111
13356.74,25.31,13.3111
13357.74,25.22,13.3111
13358.74,25.21,13.3111
13359.74,25.31,13.3111
13360.74,25.2,13.3111
13361.75,29.06,13.3111
13362.75,25.28,13.3113
13363.75,25.23,13.3113
13364.75,25.3,13.3113
13365.75,25.21,13.3113
13366.75,25.22,13.3113
13367.75,25.27,13.3113
13368.76,25.12,13.3113
13369.76,25.12,13.3113
13370.76,25.22,13.3113
13371.76,29.92,13.3115
13372.76,25.33,13.3116
13373.76,25.2,13.3116
13374.77,25.3,13.3116
13375.77,25.2,13.3116
13376.77,25.21,13.3116
13377.77,25.32,13.3116
13378.77,25.2,13.3116
13379.77,25.3,13.3116
13380.78,25.2,13.3116
13381.78,31.29,13.3119
13382.78,25.34,13.312
13383.78,25.15,13.312
13384.78,25.23,13.312
13385.78,25.13,13.312
13386.78,25.13,13.312
13387.79,25.26,13.312
13388.79,25.13,13.312
13389.79,25.13,13.312
13390.79,29.22,13.312
13391.79,26.09,13.3121
13392.79,25.15,13.3121
13393.79,25.22,13.3121
13394.8,25.12,13.3121
13395.8,25.23,13.3121
13396.8,25.13,13.3121
13397.8,25.15,13.3121
13398.8,25.25,13.3121
13399.8,25.2,13.3121
13400.81,29.15,13.3121
13401.81,25.19,13.3121
13402.81,25.18,13.3122
13403.81,25.29,13.3122
13404.81,25.2,13.3122
13405.81,25.3,13.3122
13406.82,25.19,13.3122
13407.82,25.22,13.3124
13408.82,25.3,13.3124
13409.82,25.2,13.3124
13410.82,28.92,13.3124
13411.82,25.21,13.3124
13412.82,25.21,13.3124
13413.82,25.19,13.3124
13414.83,25.29,13.3124
13415.83,25.19,13.3124
13416.83,25.28,13.3124
13417.83,25.2,13.3124
13418.83,25.18,13.3124
13419.83,25.29,13.3124
13420.84,25.19,13.3124
13421.84,29.02,13.3125
13422.84,25.21,13.3125
13423.84,25.19,13.3125
13424.84,25.29,13.3125
13425.84,25.19,13.3125
13426.85,25.29,13.3125
13427.85,25.21,13.3126
13428.85,25.3,13.3126
13429.85,25.19,13.3126
13430.85,25.19,13.3126
13431.85,25.3,13.3126
13432.86,28.88,13.3127
13433.86,25.29,13.3127
13434.86,25.2,13.3127
13435.86,25.23,13.3127
13436.86,25.26,13.3127
13437.86,25.2,13.3127
13438.87,25.29,13.3127
13439.87,25.2,13.3127
13440.87,25.2,13.3127
13441.87,25.29,13.3127
13442.87,30.91,13.3127
13443.87,25.22,13.3127
13444.88,25.12,13.3127
13445.88,25.12,13.3127
13446.88,25.27,13.3127
13447.88,25.15,13.3128
13448.88,25.22,13.3128
13449.88,25.13,13.3128
13450.88,25.12,13.3128
13451.89,25.31,13.3128
13452.89,31.43,13.3128
13453.89,25.14,13.3128
13454.89,25.25,13.3128
13455.89,25.15,13.3128
13456.89,25.13,13.3128
13457.89,25.24,13.3128
13458.89,25.13,13.3128
13459.9,25.12,13.3128
13460.9,25.24,13.3128
13461.9,25.13,13.3128
13462.9,28.95,13.3132
13463.9,25.31,13.3132
13464.9,25.19,13.3132
13465.9,25.19,13.3132
13466.91,25.31,13.3132
13467.91,25.19,13.3132
13468.91,25.13,13.3132
13469.91,25.22,13.3132
13470.91,25.12,13.3132
13471.91,25.13,13.3132
13472.91,29.14,13.3133
13473.92,25.19,13.3133
13474.92,25.28,13.3133
13475.92,25.18,13.3133
13476.92,25.29,13.3133
13477.92,25.19,13.3133
13478.92,25.19,13.3133
13479.93,25.29,13.3133
13480.93,25.19,13.3133
13481.93,25.29,13.3133
13482.93,25.21,13.3133
13483.93,28.91,13.3133
13484.93,25.3,13.3133
13485.93,25.19,13.3133
13486.94,25.19,13.3133
13487.94,25.94,13.3135
13488.94,25.19,13.3135
13489.94,25.19,13.3135
13490.94,25.28,13.3135
13491.94,25.19,13.3135
13492.95,25.34,13.3135
13493.95,25.19,13.3135
13494.95,28.91,13.3136
13495.95,25.29,13.3136
13496.95,25.19,13.3136
13497.95,25.31,13.3136
13498.96,25.19,13.3137
13499.96,25.19,13.3137
13500.96,25.29,13.3137
13501.96,25.19,13.3137
13502.96,25.32,13.3137
13503.96,25.13,13.3137
13504.96,25.14,13.3137
13505.97,29.89,13.3137
13506.97,25.11,13.3137
13507.97,25.3,13.3137
13508.97,25.19,13.3138
13509.97,25.2,13.3138
13510.97,25.28,13.3138
13511.98,25.19,13.3138
13512.98,25.31,13.3139
13513.98,25.18,13.3139
13514.98,25.19,13.3139
13515.98,31.63,13.3139
13516.98,25.18,13.3139
13517.98,25.2,13.3139
13518.99,25.32,13.3139
13519.99,25.19,13.3139
13520.99,25.18,13.3139
13521.99,25.22,13.3139
13522.99,25.18,13.3139
13523.99,25.29,13.3139
13524.99,25.18,13.3139
13526.0,25.18,13.3139
13527.0,30.34,13.3139
13528.0,25.2,13.3139
13529.0,25.29,13.3139
13530.0,25.22,13.314
13531.0,25.2,13.314
13532.01,25.29,13.314
13533.01,25.22,13.3141
13534.01,25.19,13.3141
13535.01,25.29,13.3141
13536.01,25.19,13.3141
13537.01,29.03,13.3143
13538.02,25.2,13.3143
13539.02,25.19,13.3143
13540.02,25.29,13.3143
13541.02,25.19,13.3143
13542.02,25.29,13.3143
13543.02,25.21,13.3144
13544.02,25.19,13.3144
13545.03,25.29,13.3144
13546.03,25.18,13.3144
13547.03,25.3,13.3144
13548.03,28.77,13.3144
13549.03,25.18,13.3144
13550.03,25.28,13.3144
13551.04,25.19,13.3144
13552.04,25.29,13.3144
13553.04,25.21,13.3145
13554.04,25.19,13.3145
13555.04,25.28,13.3145
13556.04,25.18,13.3145
13557.04,25.19,13.3145
13558.05,27.08,13.3145
13559.05,27.08,13.3145
13560.05,25.29,13.3145
13561.05,25.19,13.3145
13562.05,25.19,13.3145
13563.05,25.31,13.3145
13564.06,25.19,13.3145
13565.06,25.29,13.3145
13566.06,25.19,13.3145
13567.06,25.29,13.3145
13568.06,25.2,13.3146
13569.06,28.78,13.3146
13570.07,25.3,13.3146
13571.07,25.19,13.3146
13572.07,25.2,13.3146
13573.07,25.32,13.3146
13574.07,25.18,13.3146
13575.07,25.19,13.3146
13576.07,25.29,13.3146
13577.08,25.19,13.3146
13578.08,25.31,13.3146
13579.08,31.28,13.3148
13580.08,25.19,13.3148
13581.08,25.28,13.3148
13582.08,25.16,13.3148
13583.09,25.28,13.3149
13584.09,25.15,13.3149
13585.09,25.15,13.3149
13586.09,25.29,13.3149
13587.09,25.19,13.3149
13588.09,25.3,13.3149
13589.09,31.07,13.3149
13590.1,25.18,13.3149
13591.1,25.29,13.3149
13592.1,25.19,13.3149
13593.1,25.31,13.315
13594.1,25.18,13.315
13595.1,25.19,13.315
13596.11,25.26,13.315
13597.11,25.15,13.315
13598.11,25.29,13.315
13599.11,29.08,13.315
13600.11,25.18,13.315
13601.11,25.29,13.315
13602.12,25.19,13.315
13603.12,25.32,13.3152
13604.12,25.19,13.3152
13605.12,25.29,13.3152
13606.12,25.2,13.3152
13607.12,25.19,13.3152
13608.13,25.3,13.3152
13609.13,28.85,13.3152
13610.13,25.29,13.3152
13611.13,25.19,13.3152
13612.13,25.19,13.3152
13613.13,25.32,13.3152
13614.14,25.18,13.3152
13615.14,25.28,13.3152
13616.14,25.19,13.3152
13617.14,25.18,13.3152
13618.14,25.3,13.3154
13619.14,25.18,13.3154
13620.15,29.0,13.3154
13621.15,25.19,13.3154
13622.15,25.18,13.3154
13623.15,25.31,13.3154
13624.15,25.19,13.3154
13625.15,25.28,13.3154
13626.15,25.2,13.3154
13627.16,25.19,13.3155
13628.16,25.3,13.3155
13629.16,25.2,13.3155
13630.16,28.94,13.3155
13631.16,25.29,13.3155
13632.16,25.17,13.3155
13633.17,25.26,13.3155
13634.17,25.13,13.3155
13635.17,25.13,13.3155
13636.17,25.23,13.3155
13637.17,25.12,13.3155
13638.17,25.27,13.3156
13639.18,25.18,13.3156
13640.18,29.37,13.3158
13641.18,25.25,13.3158
13642.18,25.21,13.3158
13643.18,25.32,13.3158
13644.18,25.19,13.3158
13645.18,25.19,13.3158
13646.19,25.29,13.3158
13647.19,25.19,13.3158
13648.19,25.3,13.3158
13649.19,25.19,13.3158
13650.19,31.64,13.316
13651.19,25.28,13.316
13652.2,25.18,13.316
13653.2,25.31,13.316
13654.2,25.18,13.316
13655.2,25.19,13.316
13656.2,25.28,13.316
13657.2,25.18,13.316
13658.21,25.3,13.316
13659.21,25.15,13.316
13660.21,30.14,13.316
13661.21,25.28,13.316
13662.21,25.19,13.316
13663.21,25.32,13.3161
13664.22,25.19,13.3161
13665.22,25.19,13.3161
13666.22,25.29,13.3161
13667.22,25.19,13.3161
13668.22,25.29,13.3161
13669.22,25.19,13.3161
13670.23,27.35,13.3161
13671.23,26.87,13.3161
13672.23,25.18,13.3161
13673.23,25.32,13.3162
13674.23,25.19,13.3162
13675.23,25.29,13.3162
13676.23,25.19,13.3162
13677.24,25.18,13.3162
13678.24,25.27,13.3162
13679.24,25.16,13.3162
13680.24,25.28,13.3162
13681.24,28.23,13.3162
13682.24,25.86,13.3162
13683.25,25.32,13.3163
13684.25,25.19,13.3163
13685.25,25.29,13.3163
13686.25,25.18,13.3163
13687.25,25.18,13.3163
13688.25,25.29,13.3163
13689.26,25.18,13.3163
13690.26,25.29,13.3163
13691.26,25.18,13.3163
13692.26,28.82,13.3163
13693.26,25.31,13.3164
13694.26,25.19,13.3164
13695.27,25.29,13.3164
13696.27,25.19,13.3164
13697.27,25.19,13.3164
13698.27,25.3,13.3164
13699.27,25.18,13.3164
13700.27,25.28,13.3164
13701.28,25.18,13.3166
13702.28,25.29,13.3166
13703.28,28.94,13.3166
13704.28,25.19,13.3166
13705.28,25.28,13.3166
13706.28,25.17,13.3166
13707.29,25.28,13.3166
13708.29,25.2,13.3167
13709.29,25.18,13.3167
13710.29,25.31,13.3167
13711.29,25.19,13.3167
13712.29,25.18,13.3167
13713.29,31.3,13.3168
13714.29,25.18,13.3168
13715.3,25.18,13.3168
13716.3,25.29,13.3168
13717.3,25.19,13.3168
13718.3,25.3,13.3169
13719.3,25.2,13.3169
13720.3,25.17,13.3169
13721.31,25.28,13.3169
13722.31,25.18,13.3169
13723.31,25.2,13.3169
13724.31,30.97,13.3169
13725.31,25.2,13.3169
13726.31,25.28,13.3169
13727.31,25.18,13.3169
13728.32,25.2,13.3169
13729.32,25.29,13.3169
13730.32,25.19,13.3169
13731.32,25.29,13.3169
13732.32,25.19,13.3169
13733.32,25.22,13.317
13734.33,26.59,13.317
13735.33,27.68,13.317
13736.33,25.28,13.317
13737.33,25.18,13.317
13738.33,25.17,13.317
13739.33,25.28,13.317
13740.34,25.18,13.317
13741.34,25.29,13.317
13742.34,25.19,13.317
13743.34,28.21,13.3172
13744.34,25.26,13.3172
13745.34,28.86,13.3173
13746.35,25.27,13.3173
13747.35,25.19,13.3173
13748.35,25.19,13.3173
13749.35,25.29,13.3173
13750.35,25.19,13.3173
13751.35,25.29,13.3173
13752.35,25.19,13.3173
13753.36,25.22,13.3174
13754.36,25.28,13.3174
13755.36,28.85,13.3174
13756.36,25.29,13.3174
13757.36,25.19,13.3174
13758.36,25.2,13.3174
13759.37,25.31,13.3174
13760.37,25.19,13.3174
13761.37,25.18,13.3174
13762.37,25.28,13.3174
13763.37,25.2,13.3175
13764.37,25.28,13.3175
13765.37,25.19,13.3175
13766.38,28.92,13.3175
13767.38,25.28,13.3175
13768.38,25.2,13.3175
13769.38,25.29,13.3175
13770.38,25.19,13.3175
13771.38,25.19,13.3175
13772.39,25.3,13.3175
13773.39,25.2,13.3176
13774.39,25.3,13.3176
13775.39,25.19,13.3176
13776.39,25.19,13.3176
13777.39,30.34,13.3178
13778.4,25.18,13.3178
13779.4,25.29,13.3178
13780.4,25.19,13.3178
13781.4,25.18,13.3178
13782.4,25.3,13.3178
13783.4,25.2,13.3178
13784.41,25.28,13.3178
13785.41,25.19,13.3178
13786.41,25.19,13.3178
13787.41,31.51,13.3179
13788.41,25.19,13.3179
13789.41,25.29,13.3179
13790.41,25.19,13.3179
13791.42,25.19,13.3179
13792.42,25.29,13.3179
13793.42,25.21,13.3179
13794.42,25.29,13.3179
13795.42,25.19,13.3179
13796.42,25.18,13.3179
13797.43,30.05,13.3181
13798.43,25.21,13.3181
13799.43,25.19,13.3181
13800.43,25.17,13.3181
13801.43,25.29,13.3181
13802.43,25.2,13.3181
13803.43,25.3,13.3181
13804.44,25.18,13.3181
13805.44,25.19,13.3181
13806.44,25.29,13.3181
13807.44,28.96,13.3181
13808.44,25.28,13.3181
13809.44,25.2,13.3181
13810.44,25.19,13.3181
13811.45,25.29,13.3181
13812.45,25.2,13.3182
13813.45,25.31,13.3182
13814.45,25.18,13.3182
13815.45,25.29,13.3182
13816.45,25.18,13.3182
13817.46,25.19,13.3182
13818.46,25.29,13.3182
13819.46,28.76,13.3182
13820.46,25.28,13.3182
13821.46,25.19,13.3182
13822.46,25.21,13.3184
13823.47,25.3,13.3184
13824.47,25.18,13.3184
13825.47,25.12,13.3184
13826.47,25.27,13.3184
13827.47,25.2,13.3184
13828.47,25.29,13.3184
13829.47,28.82,13.3184
13830.48,25.2,13.3184
13831.48,25.29,13.3184
13832.48,25.21,13.3184
13833.48,25.31,13.3185
13834.48,25.19,13.3185
13835.48,25.19,13.3185
13836.49,25.3,13.3185
13837.49,25.21,13.3185
13838.49,25.29,13.3185
13839.49,25.2,13.3185
13840.49,29.2,13.3185
13841.49,25.29,13.3185
13842.5,25.2,13.3185
13843.5,25.31,13.3185
13844.5,25.19,13.3186
13845.5,25.29,13.3186
13846.5,25.19,13.3186
13847.5,25.2,13.3187
13848.51,25.28,13.3187
13849.51,25.19,13.3187
13850.51,31.38,13.3189
13851.51,25.18,13.3189
13852.51,25.2,13.3189
13853.51,25.3,13.3189
13854.52,25.18,13.3189
13855.52,25.29,13.3189
13856.52,25.19,13.3189
13857.52,25.19,13.3189
13858.52,25.26,13.3189
13859.52,25.15,13.3189
13860.53,30.88,13.319
13861.53,25.17,13.319
13862.53,25.2,13.319
13863.53,25.31,13.319
13864.53,25.17,13.319
13865.53,25.3,13.319
13866.53,25.18,13.319
13867.54,25.2,13.319
13868.54,25.32,13.319
13869.54,25.2,13.319
13870.54,28.89,13.319
13871.54,25.29,13.319
13872.54,25.17,13.3191
13873.54,25.14,13.3191
13874.55,25.22,13.3191
13875.55,25.18,13.3191
13876.55,25.19,13.3191
13877.55,25.3,13.3191
13878.55,25.19,13.3191
13879.55,25.29,13.3191
13880.56,25.19,13.3191
13881.56,28.87,13.3191
13882.56,25.3,13.3191
13883.56,25.2,13.3192
13884.56,25.29,13.3192
13885.56,25.18,13.3192
13886.56,25.2,13.3192
13887.57,25.3,13.3192
13888.57,25.19,13.3192
13889.57,25.19,13.3192
13890.57,25.29,13.3192
13891.57,28.89,13.3196
13892.57,25.3,13.3196
13893.58,25.21,13.3197
13894.58,25.2,13.3197
13895.58,25.31,13.3197
13896.58,25.19,13.3197
13897.58,25.2,13.3197
13898.58,25.28,13.3197
13899.58,25.14,13.3197
13900.59,25.28,13.3197
13901.59,25.19,13.3197
13902.59,28.82,13.3197
13903.59,25.3,13.3197
13904.59,25.19,13.3197
13905.59,25.29,13.3197
13906.6,25.19,13.3197
13907.6,25.31,13.3198
13908.6,25.18,13.3198
13909.6,25.19,13.3198
13910.6,25.28,13.3198
13911.6,25.18,13.3198
13912.61,30.28,13.3198
13913.61,25.19,13.3198
13914.61,25.11,13.3198
13915.61,25.26,13.3198
13916.61,25.19,13.3198
13917.61,25.3,13.3198
13918.62,25.2,13.3198
13919.62,25.19,13.3198
13920.62,25.29,13.3198
13921.62,25.19,13.3198
13922.62,31.9,13.32
13923.62,25.16,13.3201
13924.62,25.17,13.3201
13925.63,25.29,13.3201
13926.63,25.16,13.3201
13927.63,25.19,13.3201
13928.63,25.28,13.3201
13929.63,25.19,13.3201
13930.63,25.2,13.3201
13931.63,25.29,13.3201
13932.64,25.2,13.3201
13933.64,29.61,13.3202
13934.64,25.19,13.3202
13935.64,25.2,13.3202
13936.64,25.3,13.3202
13937.64,25.19,13.3202
13938.64,25.19,13.3202
13939.65,25.29,13.3202
13940.65,25.19,13.3202
13941.65,25.19,13.3202
13942.65,25.29,13.3202
13943.65,28.91,13.3202
13944.65,25.28,13.3202
13945.66,25.18,13.3202
13946.66,25.29,13.3202
13947.66,25.2,13.3203
13948.66,25.19,13.3203
13949.66,25.29,13.3203
13950.66,25.19,13.3203
13951.67,25.28,13.3203
13952.67,25.23,13.3203
13953.67,26.22,13.3203
13954.67,27.86,13.3203
13955.67,25.19,13.3203
13956.67,25.18,13.3203
13957.67,25.25,13.3203
13958.68,25.17,13.3203
13959.68,25.29,13.3203
13960.68,25.19,13.3203
13961.68,25.14,13.3203
13962.68,25.32,13.3204
13963.68,25.19,13.3204
13964.69,25.29,13.3204
13965.69,28.84,13.3204
13966.69,25.29,13.3204
13967.69,25.2,13.3204
13968.69,25.18,13.3204
13969.69,25.23,13.3204
13970.7,25.18,13.3204
13971.7,25.28,13.3204
13972.7,25.22,13.3206
13973.7,25.19,13.3206
13974.7,25.28,13.3206
13975.7,25.19,13.3206
13976.71,29.26,13.3207
13977.71,25.2,13.3207
13978.71,25.19,13.3207
13979.71,25.29,13.3207
13980.71,25.19,13.3207
13981.71,25.3,13.3207
13982.71,25.21,13.3208
13983.72,25.19,13.3208
13984.72,25.29,13.3208
13985.72,25.19,13.3209
13986.72,31.65,13.3209
13987.72,25.16,13.3209
13988.72,25.2,13.3209
13989.73,25.3,13.3209
13990.73,25.17,13.3209
13991.73,25.22,13.3209
13992.73,25.15,13.3209
13993.73,25.12,13.3209
13994.73,25.22,13.3209
13995.74,25.12,13.3209
13996.74,25.23,13.3209
13997.74,30.45,13.3211
13998.74,25.29,13.3211
13999.74,25.19,13.3211
14000.74,25.19,13.3211
14001.75,25.28,13.3211
14002.75,25.22,13.3211
14003.75,25.2,13.3211
14004.75,25.29,13.3211
14005.75,25.19,13.3211
14006.75,25.28,13.3211
14007.76,28.85,13.3212
14008.76,25.29,13.3212
14009.76,25.18,13.3212
14010.76,25.18,13.3212
14011.76,25.28,13.3212
14012.76,25.22,13.3212
14013.77,25.29,13.3212
14014.77,25.19,13.3212
14015.77,25.19,13.3212
14016.77,25.29,13.3212
14017.77,28.81,13.3212
14018.77,25.3,13.3212
14019.77,25.2,13.3212
14020.78,25.19,13.3212
14021.78,25.29,13.3212
14022.78,25.22,13.3213
14023.78,25.29,13.3213
14024.78,25.18,13.3213
14025.78,25.18,13.3213
14026.79,25.29,13.3213
14027.79,25.2,13.3213
14028.79,29.05,13.3215
14029.79,25.19,13.3215
14030.79,25.19,13.3215
14031.79,25.28,13.3215
14032.8,25.21,13.3216
14033.8,25.3,13.3216
14034.8,25.19,13.3216
14035.8,25.18,13.3216
14036.8,25.31,13.3216
14037.8,25.19,13.3216
14038.8,25.15,13.3216
14039.81,28.93,13.3216
14040.81,25.19,13.3216
14041.81,25.19,13.3216
14042.81,25.31,13.3217
14043.81,25.13,13.3217
14044.81,25.24,13.3217
14045.82,25.13,13.3217
14046.82,25.13,13.3217
14047.82,25.27,13.3217
14048.82,25.14,13.3217
14049.82,30.84,13.3217
14050.82,25.19,13.3217
14051.82,25.18,13.3217
14052.83,25.28,13.3218
14053.83,25.11,13.3218
14054.83,25.21,13.3218
14055.83,25.12,13.3218
14056.83,25.12,13.3218
14057.83,25.25,13.3218
14058.84,25.19,13.3218
14059.84,31.49,13.3218
14060.84,25.21,13.3218
14061.84,25.19,13.3218
14062.84,25.32,13.3219
14063.84,25.2,13.3219
14064.84,25.19,13.3219
14065.85,25.29,13.3219
14066.85,25.19,13.3219
14067.85,25.3,13.3219
14068.85,25.18,13.3219
14069.85,25.17,13.3219
14070.85,29.21,13.3219
14071.86,25.19,13.3219
14072.86,25.32,13.3221
14073.86,25.18,13.3221
14074.86,25.18,13.3221
14075.86,25.31,13.3221
14076.86,25.19,13.3221
14077.86,25.2,13.3221
14078.87,25.3,13.3221
14079.87,25.18,13.3221
14080.87,28.98,13.3221
14081.87,25.31,13.3221
14082.87,25.71,13.3221
14083.87,25.19,13.3221
14084.87,25.31,13.3221
14085.87,25.19,13.3221
14086.88,25.19,13.3221
14087.88,25.32,13.3221
14088.88,25.19,13.3221
14089.88,25.18,13.3221
14090.88,25.29,13.3221
14091.88,28.82,13.3222
14092.88,25.23,13.3223
14093.89,25.29,13.3223
14094.89,25.18,13.3223
14095.89,25.21,13.3223
14096.89,25.27,13.3223
14097.89,25.19,13.3223
14098.89,25.27,13.3223
14099.9,25.17,13.3223
14100.9,25.29,13.3223
14101.9,28.99,13.3223
14102.9,25.22,13.3224
14103.9,25.29,13.3224
14104.9,25.19,13.3224
14105.91,25.3,13.3224
14106.91,25.19,13.3224
14107.91,25.2,13.3224
14108.91,25.3,13.3224
14109.91,25.19,13.3224
14110.91,25.19,13.3224
14111.91,25.28,13.3224
14112.92,29.51,13.3224
14113.92,25.3,13.3224
14114.92,25.19,13.3224
14115.92,25.19,13.3225
14116.92,25.29,13.3225
14117.92,25.2,13.3225
14118.93,25.29,13.3225
14119.93,25.18,13.3225
14120.93,25.19,13.3225
14121.93,25.29,13.3225
14122.93,31.67,13.3227
14123.93,25.21,13.3227
14124.93,25.29,13.3227
14125.94,25.19,13.3227
14126.94,25.29,13.3227
14127.94,25.21,13.3228
14128.94,25.22,13.3228
14129.94,25.13,13.3228
14130.94,25.19,13.3228
14131.95,25.29,13.3228
14132.95,30.1,13.3228
14133.95,25.26,13.3228
14134.95,25.13,13.3229
14135.95,25.13,13.3229
14136.95,58.27,4.0546
14137.96,83.29,2.8708
14138.96,84.66,3.073
14139.96,89.62,3.415
14140.96,82.46,3.7934
14141.96,77.84,4.1483
14142.96,78.23,4.5042
14143.96,76.02,4.8353
14144.97,78.49,5.1848
14145.97,75.65,5.5605
14146.97,75.43,5.9147
14147.97,75.7,6.2719
14148.97,75.67,6.6996
14149.97,75.89,7.0558
14150.97,79.43,7.449
14151.97,76.0,7.4495
14152.98,76.63,7.574
14153.98,74.7,7.6561
14154.98,59.21,7.6567
14155.98,26.51,7.6568
14156.98,36.1,7.6568
14157.98,33.66,7.6568
14158.98,31.67,7.6568
14159.99,31.78,7.6568
14160.99,37.71,7.6568
14161.99,31.21,7.6477
14162.99,33.75,7.6478
14163.99,31.23,7.6478
14164.99,44.25,7.9536
14165.99,32.46,8.0007
14167.0,32.16,8.0007
14168.0,30.95,8.0007
14169.0,29.9,8.0007
14170.0,31.14,8.0007
14171.0,30.27,8.0007
14172.0,39.55,8.0017
14173.01,36.63,8.0019
14174.01,28.73,8.0019
14175.01,25.85,8.0019
14176.01,48.12,8.0044
14177.01,73.78,8.0107
14178.01,69.59,8.0107
14179.01,61.48,4.1532
14180.01,60.2,2.4745
14181.02,78.82,2.8101
14182.02,68.63,3.091
14183.02,90.2,3.303
14184.02,84.95,3.6311
14185.02,79.36,3.9729
14186.02,76.66,4.2851
14187.02,77.35,4.5539
14188.03,76.65,4.7814
14189.03,75.18,4.9913
14190.03,75.92,5.2179
14191.03,77.4,5.4915
14192.03,63.88,6.2582
14193.03,25.49,6.9576
14194.03,64.29,8.1203
14195.03,99.93,8.8905
14196.04,64.36,9.3009
14197.04,25.3,9.401
14198.04,33.72,9.4009
14199.04,77.42,9.4009
14200.04,76.37,9.4016
14201.04,75.06,9.4108
14202.05,76.48,9.4135
14203.05,76.01,9.4155
14204.05,75.8,9.4158
14205.05,76.66,9.4163
14206.05,67.41,9.4167
14207.05,50.2,9.4167
14208.05,41.25,9.4167
14209.06,30.65,9.4167
14210.06,29.31,9.4108
14211.06,32.53,9.4108
14212.06,52.16,9.8749
14213.06,100.14,10.6603
14214.06,99.94,11.3156
14215.06,99.87,11.9969
14216.07,62.71,12.195
14217.07,27.13,12.2932
14218.07,28.2,12.2932
14219.07,34.99,12.2932
14220.07,38.77,12.2932
14221.07,27.5,12.2932
14222.08,28.11,12.2932
14223.08,42.54,12.2933
14224.08,32.23,12.2933
14225.08,26.25,12.2933
14226.08,28.17,12.2933
14227.08,29.82,12.2933
14228.09,25.48,12.2934
14229.09,27.03,12.2934
14230.09,35.1,12.2934
14231.09,30.75,12.2934
14232.09,25.99,12.2934
14233.09,49.82,12.2934
14234.09,29.43,12.2934
14235.1,32.16,12.2934
14236.1,25.55,12.2934
14237.1,28.97,12.2934
14238.1,25.38,12.2934
14239.1,37.46,12.2934
14240.11,26.24,12.2934
14241.11,25.36,12.2934
14242.11,25.21,12.2934
14243.11,25.33,12.2934
14244.11,25.62,12.2934
14245.11,31.07,12.2934
14246.12,25.47,12.2934
14247.12,25.86,12.2934
14248.12,25.59,12.2934
14249.12,27.0,12.2936
14250.12,25.3,12.2936
14251.12,25.81,12.2936
14252.13,25.3,12.2936
14253.13,25.21,12.2937
14254.13,25.86,12.2937
14255.13,25.47,12.2937
14256.13,25.25,12.2937
14257.13,25.79,12.2937
14258.14,25.22,12.2937
14259.14,25.86,12.2937
14260.14,25.2,12.2937
14261.14,25.61,12.2937
14262.14,28.18,12.2937
14263.14,27.15,12.2937
14264.15,25.47,12.2937
14265.15,32.81,12.2937
14266.15,25.3,12.2937
14267.15,26.68,12.2937
14268.15,25.21,12.2937
14269.15,25.32,12.2937
14270.16,33.05,12.2937
14271.16,25.22,12.2937
14272.16,25.43,12.2937
14273.16,47.0,12.2973
14274.16,100.18,12.3641
14275.16,69.95,12.4015
14276.16,25.21,12.4015
14277.17,26.72,12.4015
14278.17,25.14,12.4015
14279.17,25.32,12.4015
14280.17,25.3,12.4015
14281.17,25.2,12.4015
14282.17,25.54,12.4015
14283.18,25.17,12.4015
14284.18,25.22,12.4015
14285.18,25.86,12.4015
14286.18,28.88,12.4015
14287.18,25.3,12.4015
14288.18,33.16,12.4016
14289.18,25.19,12.4016
14290.19,26.02,12.4016
14291.19,25.17,12.4016
14292.19,25.29,12.4016
14293.19,25.22,12.4017
14294.19,40.44,12.4017
14295.2,77.2,12.4021
14296.2,69.78,12.4021
14297.2,74.29,12.4341
14298.2,33.46,12.4342
14299.2,27.5,12.4342
14300.2,25.79,12.4202
14301.21,34.2,12.4204
14302.21,99.9,12.4432
14303.21,67.17,12.4483
14304.21,27.88,12.4483
14305.21,25.2,12.4483
14306.21,25.15,12.4483
14307.21,25.27,12.4483
14308.22,25.76,12.4483
14309.22,29.18,12.4483
14310.22,25.18,12.4483
14311.22,79.2,12.4487
14312.22,82.6,12.4488
14313.22,25.22,12.4488
14314.23,25.28,12.4488
14315.23,25.14,12.4488
14316.23,25.15,12.449
14317.23,25.29,12.449
14318.23,25.2,12.4489
14319.23,25.29,12.4489
14320.24,49.89,12.4491
14321.24,100.17,12.4492
14322.24,35.72,12.4492
14323.24,25.18,12.4492
14324.24,25.22,12.4492
14325.24,59.66,12.8396
14326.25,100.17,13.152
14327.25,33.81,13.152
14328.25,25.13,13.1521
14329.25,25.23,13.1521
14330.25,41.59,13.2873
14331.25,25.3,13.2873
14332.25,25.17,13.2873
14333.26,28.98,13.2878
14334.26,25.31,13.2878
14335.26,25.09,13.2878
14336.26,28.83,13.2878
14337.26,25.14,13.2878
14338.27,25.25,13.2878
14339.27,25.16,13.2878
14340.27,28.99,13.2878
14341.27,25.17,13.2878
14342.27,25.17,13.2878
14343.27,29.04,13.2881
14344.28,25.19,13.2881
14345.28,25.28,13.2881
14346.28,25.2,13.2881
14347.28,29.03,13.288
14348.28,25.21,13.288
14349.28,25.21,13.288
14350.29,25.28,13.288
14351.29,28.72,13.288
14352.29,25.23,13.288
14353.29,25.16,13.2882
14354.29,28.78,13.2882
14355.29,25.2,13.2882
14356.3,25.19,13.2882
14357.3,25.3,13.2882
14358.3,29.44,13.2882
14359.3,25.46,13.2884
14360.3,25.27,13.2884
14361.3,25.15,13.2884
14362.31,29.87,13.2885
14363.31,25.19,13.2885
14364.31,25.28,13.2885
14365.31,25.16,13.2885
14366.31,29.75,13.2885
14367.31,25.21,13.2885
14368.32,25.18,13.2887
14369.32,25.29,13.2887
14370.32,25.18,13.2887
14371.32,29.81,13.2887
14372.32,25.2,13.2887
14373.32,25.22,13.2887
14374.33,26.88,13.2887
14375.33,27.79,13.2888
14376.33,25.3,13.2888
14377.33,25.2,13.2888
14378.33,25.2,13.2889
14379.33,25.33,13.2889
14380.33,28.82,13.2889
14381.34,25.22,13.2889
14382.34,25.31,13.2889
14383.34,25.23,13.2889
14384.34,28.82,13.2889
14385.34,25.26,13.2889
14386.35,25.31,13.2889
14387.35,25.19,13.2889
14388.35,25.14,13.289
14389.35,25.23,13.289
14390.35,28.89,13.289
14391.35,25.29,13.289
14392.35,25.2,13.289
14393.36,25.85,13.289
14394.36,25.28,13.289
14395.36,28.92,13.289
14396.36,25.29,13.289
14397.36,25.2,13.289
14398.36,25.22,13.2891
14399.37,25.3,13.2891
14400.37,25.2,13.2891
14401.37,25.32,13.2891
14402.37,28.85,13.2893
14403.37,25.22,13.2893
14404.37,25.3,13.2893
14405.38,25.19,13.2893
14406.38,25.3,13.2893
14407.38,25.21,13.2893
14408.38,28.93,13.2893
14409.38,25.29,13.2893
14410.38,25.16,13.2893
14411.39,25.27,13.2893
14412.39,25.13,13.2894
14413.39,25.18,13.2894
14414.39,25.33,13.2894
14415.39,29.88,13.2894
14416.39,25.2,13.2894
14417.39,25.34,13.2894
14418.39,25.2,13.2894
14419.4,25.15,13.2894
14420.4,25.31,13.2894
14421.4,25.21,13.2894
14422.4,30.68,13.2895
14423.4,25.34,13.2895
14424.4,25.22,13.2895
14425.4,25.22,13.2895
14426.41,25.32,13.2895
14427.41,25.22,13.2895
14428.41,25.32,13.2895
14429.41,30.5,13.2896
14430.41,25.3,13.2896
14431.42,25.22,13.2896
14432.42,25.23,13.2898
14433.42,25.33,13.2898
14434.42,25.18,13.2898
14435.42,25.23,13.2898
14436.42,25.13,13.2898
14437.43,29.36,13.2898
14438.43,25.21,13.2898
14439.43,25.22,13.2898
14440.43,25.31,13.2898
14441.43,25.21,13.2898
14442.43,25.32,13.2898
14443.44,25.24,13.2899
14444.44,25.32,13.2899
14445.44,29.11,13.2899
14446.44,25.23,13.2899
14447.44,25.23,13.2899
14448.44,25.32,13.2899
14449.44,25.18,13.2899
14450.45,25.22,13.2899
14451.45,25.15,13.2899
14452.45,25.33,13.2899
14453.45,29.03,13.2902
14454.45,25.23,13.2902
14455.45,25.33,13.2902
14456.46,25.14,13.2902
14457.46,25.31,13.2902
14458.46,25.22,13.2902
14459.46,25.22,13.2902
14460.46,25.32,13.2902
14461.46,25.15,13.2902
14462.47,29.05,13.2904
14463.47,25.23,13.2905
14464.47,25.16,13.2905
14465.47,25.24,13.2905
14466.47,25.14,13.2905
14467.47,25.26,13.2905
14468.47,25.14,13.2905
14469.48,25.14,13.2905
14470.48,25.25,13.2905
14471.48,28.96,13.2906
14472.48,25.23,13.2906
14473.48,25.36,13.2906
14474.48,25.22,13.2906
14475.48,25.19,13.2906
14476.49,25.34,13.2906
14477.49,25.23,13.2907
14478.49,25.22,13.2907
14479.49,25.26,13.2907
14480.49,30.6,13.2907
14481.49,25.21,13.2907
14482.5,25.23,13.2907
14483.5,25.35,13.2907
14484.5,25.22,13.2907
14485.5,25.31,13.2907
14486.5,25.22,13.2907
14487.5,25.15,13.2907
14488.51,25.31,13.2907
14489.51,31.41,13.291
14490.51,25.22,13.291
14491.51,25.32,13.291
14492.51,25.24,13.291
14493.51,25.36,13.291
14494.51,25.24,13.291
14495.52,25.2,13.291
14496.52,25.31,13.291
14497.52,25.16,13.291
14498.52,29.66,13.2911
14499.52,25.22,13.2911
14500.52,25.21,13.2911
14501.53,25.31,13.2911
14502.53,25.23,13.2911
14503.53,25.33,13.2911
14504.53,25.22,13.2911
14505.53,25.3,13.2911
14506.53,25.22,13.2911
14507.54,28.98,13.2912
14508.54,25.33,13.2912
14509.54,25.22,13.2912
14510.54,25.18,13.2912
14511.54,25.31,13.2912
14512.54,25.21,13.2913
14513.55,25.33,13.2913
14514.55,25.23,13.2913
14515.55,25.2,13.2913
14516.55,29.11,13.2915
14517.55,25.21,13.2915
14518.55,25.32,13.2915
14519.56,25.21,13.2915
14520.56,25.31,13.2915
14521.56,25.2,13.2915
14522.56,25.22,13.2915
14523.56,25.32,13.2916
14524.56,25.21,13.2916
14525.57,25.32,13.2916
14526.57,28.88,13.2917
14527.57,25.22,13.2917
14528.57,25.32,13.2917
14529.57,25.22,13.2917
14530.57,25.3,13.2917
14531.58,25.21,13.2917
14532.58,25.22,13.2918
14533.58,25.32,13.2918
14534.58,25.22,13.2918
14535.58,25.26,13.2918
14536.59,25.31,13.2918
14537.59,28.93,13.2918
14538.59,25.32,13.2918
14539.59,25.22,13.2918
14540.59,25.22,13.2918
14541.59,25.31,13.2918
14542.6,25.22,13.2918
14543.6,25.25,13.2919
14544.6,25.32,13.2919
14545.6,25.21,13.2919
14546.6,30.74,13.292
14547.6,25.22,13.292
14548.61,25.32,13.292
14549.61,25.21,13.292
14550.61,25.22,13.292
14551.61,25.3,13.292
14552.61,25.23,13.292
14553.61,25.25,13.2922
14554.61,25.32,13.2922
14555.62,25.21,13.2922
14556.62,31.4,13.2922
14557.62,25.17,13.2922
14558.62,25.21,13.2922
14559.62,25.31,13.2922
14560.62,25.2,13.2922
14561.63,25.31,13.2922
14562.63,25.21,13.2922
14563.63,25.23,13.2923
14564.63,25.33,13.2923
14565.63,25.2,13.2923
14566.63,29.43,13.2925
14567.63,25.31,13.2925
14568.64,25.22,13.2925
14569.64,25.32,13.2925
14570.64,25.22,13.2925
14571.64,25.32,13.2925
14572.64,25.22,13.2925
14573.64,25.23,13.2925
14574.65,25.34,13.2925
14575.65,25.22,13.2925
14576.65,29.02,13.2925
14577.65,25.32,13.2927
14578.65,25.21,13.2927
14579.65,25.31,13.2927
14580.66,25.21,13.2927
14581.66,25.22,13.2927
14582.66,25.32,13.2927
14583.66,25.22,13.2927
14584.66,25.3,13.2927
14585.66,25.2,13.2927
14586.66,29.05,13.2928
14587.67,25.33,13.2929
14588.67,25.22,13.2929
14589.67,25.24,13.2929
14590.67,25.13,13.2929
14591.67,25.13,13.2929
14592.67,25.26,13.2929
14593.68,25.13,13.2929
14594.68,25.23,13.2929
14595.68,25.13,13.2929
14596.68,25.2,13.2929
14597.68,29.09,13.2929
14598.68,25.23,13.2929
14599.69,25.32,13.2929
14600.69,25.2,13.2929
14601.69,25.21,13.2929
14602.69,25.34,13.293
14603.69,25.16,13.293
14604.69,25.29,13.293
14605.7,25.14,13.293
14606.7,25.15,13.293
14607.7,25.31,13.293
14608.7,29.58,13.293
14609.7,25.31,13.293
14610.7,25.2,13.293
14611.71,25.32,13.293
14612.71,25.24,13.2931
14613.71,25.21,13.2931
14614.71,25.31,13.2931
14615.71,25.2,13.2931
14616.71,25.31,13.2931
14617.71,25.22,13.2931
14618.72,31.64,13.2931
14619.72,25.31,13.2931
14620.72,25.2,13.2931
14621.72,25.3,13.2931
14622.72,25.23,13.2933
14623.72,25.2,13.2933
14624.73,25.3,13.2933
14625.73,25.21,13.2933
14626.73,25.32,13.2933
14627.73,25.22,13.2933
14628.73,30.2,13.2935
14629.73,25.32,13.2935
14630.74,25.21,13.2935
14631.74,25.31,13.2935
14632.74,25.24,13.2936
14633.74,25.2,13.2936
14634.74,25.3,13.2936
14635.74,25.2,13.2936
14636.75,25.3,13.2936
14637.75,25.21,13.2936
14638.75,28.98,13.2938
14639.75,25.29,13.2938
14640.75,25.22,13.2938
14641.75,25.3,13.2938
14642.75,25.22,13.2938
14643.76,25.2,13.2938
14644.76,25.3,13.2938
14645.76,25.2,13.2938
14646.76,25.21,13.2938
14647.76,25.34,13.2939
14648.76,25.21,13.2939
14649.76,28.94,13.294
14650.77,25.27,13.294
14651.77,25.21,13.294
14652.77,25.35,13.294
14653.77,25.2,13.294
14654.77,25.19,13.294
14655.77,25.28,13.294
14656.78,25.19,13.294
14657.78,25.31,13.2941
14658.78,25.21,13.2941
14659.78,25.3,13.2941
14660.78,29.0,13.2941
14661.78,25.2,13.2941
14662.79,25.33,13.2941
14663.79,25.2,13.2941
14664.79,25.3,13.2941
14665.79,25.2,13.2941
14666.79,25.2,13.2941
14667.79,25.31,13.2942
14668.8,25.2,13.2942
14669.8,25.31,13.2942
14670.8,25.2,13.2942
14671.8,28.97,13.2943
14672.8,25.33,13.2943
14673.8,25.19,13.2943
14674.81,25.3,13.2943
14675.81,25.2,13.2943
14676.81,25.21,13.2943
14677.81,25.34,13.2943
14678.81,25.22,13.2943
14679.81,25.22,13.2943
14680.82,25.27,13.2943
14681.82,30.91,13.2945
14682.82,25.33,13.2946
14683.82,25.21,13.2946
14684.82,25.32,13.2946
14685.82,25.2,13.2946
14686.82,25.21,13.2946
14687.83,25.31,13.2946
14688.83,25.21,13.2946
14689.83,25.3,13.2946
14690.83,25.19,13.2946
14691.83,30.52,13.2946
14692.83,26.1,13.2947
14693.84,25.2,13.2947
14694.84,25.3,13.2947
14695.84,25.18,13.2947
14696.84,25.3,13.2947
14697.84,25.21,13.2948
14698.84,25.2,13.2948
14699.85,25.29,13.2948
14700.85,25.18,13.2948
14701.85,25.29,13.2948
14702.85,29.08,13.295
14703.85,25.2,13.295
14704.85,25.3,13.295
14705.86,25.2,13.295
14706.86,25.3,13.295
14707.86,25.23,13.2949
14708.86,25.2,13.2949
14709.86,25.33,13.2949
14710.87,25.24,13.2949
14711.87,25.21,13.2951
14712.87,25.22,13.2951
14713.87,28.97,13.2953
14714.87,25.2,13.2953
14715.87,25.18,13.2953
14716.87,25.31,13.2953
14717.88,25.22,13.2953
14718.88,25.31,13.2953
14719.88,25.2,13.2953
14720.88,25.29,13.2953
14721.88,25.14,13.2953
14722.88,25.16,13.2954
14723.89,25.23,13.2954
14724.89,25.13,13.2954
14725.89,28.9,13.2954
14726.89,25.2,13.2954
14727.89,25.21,13.2954
14728.89,25.3,13.2954
14729.9,25.19,13.2954
14730.9,25.3,13.2954
14731.9,25.2,13.2954
14732.9,25.33,13.2956
14733.9,25.16,13.2956
14734.9,25.13,13.2956
14735.91,25.23,13.2956
14736.91,28.89,13.2957
14737.91,25.31,13.2957
14738.91,25.2,13.2957
14739.91,25.2,13.2957
14740.91,25.29,13.2957
14741.92,25.19,13.2957
14742.92,25.32,13.2958
14743.92,25.19,13.2958
14744.92,25.19,13.2958
14745.92,25.25,13.2958
14746.92,30.4,13.2958
14747.93,25.3,13.2958
14748.93,25.16,13.2958
14749.93,25.16,13.2958
14750.93,25.29,13.2958
14751.93,25.19,13.2958
14752.93,25.33,13.2958
14753.93,25.18,13.2958
14754.94,25.19,13.2958
14755.94,25.22,13.2958
14756.94,31.1,13.296
14757.94,25.3,13.296
14758.94,25.19,13.296
14759.94,25.18,13.296
14760.95,25.31,13.296
14761.95,25.2,13.296
14762.95,25.22,13.296
14763.95,25.31,13.296
14764.95,25.19,13.296
14765.95,25.19,13.296
14766.95,25.98,13.296
14767.95,28.8,13.2963
14768.96,25.18,13.2963
14769.96,25.32,13.2963
14770.96,25.18,13.2963
14771.96,25.14,13.2963
14772.96,25.25,13.2963
14773.96,25.13,13.2963
14774.97,25.12,13.2963
14775.97,25.26,13.2963
14776.97,25.19,13.2963
14777.97,29.11,13.2964
14778.97,25.19,13.2964
14779.97,25.18,13.2964
14780.97,25.31,13.2964
14781.97,25.19,13.2964
14782.98,25.21,13.2964
14783.98,25.29,13.2964
14784.98,25.19,13.2964
14785.98,25.28,13.2964
14786.98,25.2,13.2965
14787.99,25.2,13.2965
14788.99,25.29,13.2965
14789.99,28.82,13.2966
14790.99,25.29,13.2966
14791.99,25.19,13.2967
14792.99,25.19,13.2967
14793.99,25.29,13.2967
14795.0,25.18,13.2967
14796.0,25.26,13.2967
14797.0,25.19,13.2967
14798.0,25.3,13.2967
14799.0,25.19,13.2967
14800.0,25.19,13.2967
14801.01,28.96,13.2968
14802.01,25.13,13.2968
14803.01,25.25,13.2969
14804.01,25.12,13.2969
14805.01,25.18,13.2969
14806.02,25.27,13.2969
14807.02,25.2,13.2969
14808.02,25.3,13.2969
14809.02,25.19,13.2969
14810.02,25.27,13.2969
14811.02,25.11,13.2969
14812.03,29.81,13.2969
14813.03,25.24,13.2969
14814.03,25.12,13.2969
14815.03,25.24,13.2969
14816.03,25.12,13.2969
14817.03,25.12,13.2969
14818.03,25.28,13.2969
14819.04,25.14,13.2969
14820.04,25.28,13.2969
14821.04,25.15,13.2969
14822.04,25.29,13.2969
14823.04,31.64,13.2971
14824.05,25.28,13.2971
14825.05,25.18,13.2971
14826.05,25.19,13.2971
14827.05,25.31,13.2971
14828.05,25.21,13.2972
14829.05,25.19,13.2972
14830.05,25.31,13.2972
14831.06,25.15,13.2972
14832.06,25.31,13.2972
14833.06,25.21,13.2973
14834.06,29.81,13.2973
14835.06,25.29,13.2973
14836.06,25.19,13.2973
14837.07,25.29,13.2973
14838.07,25.19,13.2973
14839.07,25.19,13.2973
14840.07,25.31,13.2973
14841.07,25.15,13.2973
14842.07,25.29,13.2973
14843.08,25.21,13.2974
14844.08,25.12,13.2974
14845.08,28.93,13.2976
14846.08,25.18,13.2976
14847.08,25.3,13.2976
14848.08,25.19,13.2976
14849.08,25.19,13.2976
14850.09,25.28,13.2977
14851.09,25.18,13.2977
14852.09,25.28,13.2977
14853.09,25.22,13.2977
14854.09,25.29,13.2977
14855.09,25.18,13.2977
14856.1,28.9,13.2977
14857.1,25.29,13.2977
14858.1,25.2,13.2978
14859.1,25.29,13.2978
14860.1,25.19,13.2978
14861.1,25.18,13.2978
14862.11,25.29,13.2978
14863.11,25.21,13.2978
14864.11,25.28,13.2978
14865.11,25.18,13.2978
14866.11,25.18,13.2978
14867.11,28.91,13.2978
14868.12,25.21,13.2979
14869.12,25.18,13.2979
14870.12,25.28,13.2979
14871.12,25.18,13.2979
14872.12,25.28,13.2979
14873.12,25.22,13.2979
14874.12,25.13,13.2979
14875.13,25.26,13.2979
14876.13,25.19,13.2979
14877.13,25.28,13.2979
14878.13,29.44,13.298
14879.13,25.19,13.298
14880.13,25.28,13.2982
14881.14,25.18,13.2982
14882.14,25.3,13.2982
14883.14,25.21,13.2982
14884.14,25.19,13.2982
14885.14,25.28,13.2982
14886.14,25.17,13.2982
14887.15,25.29,13.2982
14888.15,31.2,13.2984
14889.15,25.29,13.2984
14890.15,25.19,13.2984
14891.15,25.18,13.2984
14892.15,25.31,13.2984
14893.16,25.21,13.2984
14894.16,25.29,13.2984
14895.16,25.19,13.2984
14896.16,25.19,13.2984
14897.16,25.29,13.2984
14898.16,25.2,13.2984
14899.16,30.37,13.2986
14900.17,25.29,13.2986
14901.17,25.18,13.2986
14902.17,25.29,13.2986
14903.17,25.21,13.2986
14904.17,25.3,13.2986
14905.17,25.18,13.2986
14906.18,25.16,13.2986
14907.18,25.28,13.2986
14908.18,25.18,13.2988
14909.18,28.88,13.2991
14910.18,25.3,13.2991
14911.18,25.12,13.2991
14912.18,25.13,13.2991
14913.19,25.26,13.2991
14914.19,25.13,13.2991
14915.19,25.22,13.2991
14916.19,25.21,13.2991
14917.19,25.15,13.2991
14918.2,25.19,13.2991
14919.2,25.28,13.2991
14920.2,26.41,13.2991
14921.2,27.69,13.2991
14922.2,25.18,13.2991
14923.2,25.21,13.2993
14924.21,25.28,13.2993
14925.21,25.14,13.2993
14926.21,25.25,13.2993
14927.21,25.17,13.2993
14928.21,25.15,13.2994
14929.21,25.22,13.2994
14930.21,25.13,13.2994
14931.22,25.21,13.2994
14932.22,28.93,13.2994
14933.22,25.22,13.2994
14934.22,25.29,13.2994
14935.22,25.19,13.2994
14936.23,25.29,13.2994
14937.23,25.19,13.2994
14938.23,25.41,13.2994
14939.23,26.28,13.2994
14940.23,25.16,13.2994
14941.23,25.23,13.2994
14942.24,25.12,13.2994
14943.24,28.85,13.2995
14944.24,25.29,13.2995
14945.24,25.19,13.2995
14946.24,25.29,13.2996
14947.24,25.19,13.2996
14948.24,25.2,13.2996
14949.25,25.29,13.2996
14950.25,25.19,13.2996
14951.25,25.29,13.2996
14952.25,25.19,13.2996
14953.25,25.22,13.2997
14954.25,25.29,13.2997
14955.26,31.79,13.2999
14956.26,25.29,13.2999
14957.26,25.19,13.2999
14958.26,25.3,13.2999
14959.26,25.18,13.2999
14960.26,25.18,13.2999
14961.27,25.31,13.2999
14962.27,25.19,13.2999
14963.27,25.22,13.3001
14964.27,25.28,13.3001
14965.27,25.16,13.3001
14966.27,30.56,13.3001
14967.28,25.19,13.3001
14968.28,25.2,13.3001
14969.28,25.29,13.3001
14970.28,25.19,13.3001
14971.28,25.28,13.3001
14972.28,25.2,13.3001
14973.29,25.21,13.3001
14974.29,25.29,13.3001
14975.29,25.19,13.3001
14976.29,25.27,13.3001
14977.29,28.98,13.3002
14978.29,25.29,13.3003
14979.3,25.19,13.3003
14980.3,25.19,13.3003
14981.3,25.28,13.3003
14982.3,25.2,13.3003
14983.3,25.31,13.3003
14984.3,25.19,13.3003
14985.31,25.28,13.3003
14986.31,25.15,13.3003
14987.31,25.3,13.3003
14988.31,25.19,13.3003
14989.31,25.36,13.3005
14990.31,28.82,13.3005
14991.32,25.14,13.3005
14992.32,25.29,13.3005
14993.32,25.22,13.3005
14994.32,25.19,13.3005
14995.32,25.28,13.3005
14996.32,25.16,13.3005
14997.33,25.29,13.3005
14998.33,25.19,13.3006
14999.33,25.28,13.3006
15000.33,25.19,13.3006
15001.33,25.19,13.3006
15002.33,29.04,13.3007
15003.34,25.21,13.3007
15004.34,25.31,13.3007
15005.34,25.19,13.3007
15006.34,25.28,13.3007
15007.34,25.19,13.3007
15008.34,25.19,13.3007
15009.35,25.27,13.3007
15010.35,25.16,13.3007
15011.35,25.25,13.3007
15012.35,25.16,13.3007
15013.35,29.52,13.3009
15014.35,25.29,13.3009
15015.36,25.18,13.3009
15016.36,25.3,13.3009
15017.36,25.19,13.3009
15018.36,25.2,13.3009
15019.36,25.26,13.3009
15020.36,25.14,13.3009
15021.37,25.26,13.3009
15022.37,25.19,13.3009
15023.37,25.22,13.3009
15024.37,31.68,13.3011
15025.37,25.21,13.3011
15026.37,25.27,13.3011
15027.37,25.19,13.3011
15028.38,25.22,13.3011
15029.38,25.29,13.3011
15030.38,25.18,13.3011
15031.38,25.28,13.3011
15032.38,25.2,13.3012
15033.38,25.18,13.3013
15034.39,25.23,13.3013
15035.39,30.1,13.3013
15036.39,25.28,13.3013
15037.39,25.2,13.3013
15038.39,25.19,13.3013
15039.39,25.31,13.3013
15040.4,25.19,13.3013
15041.4,25.24,13.3013
15042.4,25.2,13.3014
15043.4,25.3,13.3014
15044.4,25.19,13.3014
15045.4,25.18,13.3014
15046.41,28.97,13.3014
15047.41,25.21,13.3014
15048.41,25.28,13.3014
15049.41,25.15,13.3014
15050.41,25.16,13.3014
15051.41,25.27,13.3014
15052.42,25.2,13.3014
15053.42,25.3,13.3015
15054.42,25.13,13.3015
15055.42,25.13,13.3015
15056.42,25.23,13.3015
15057.42,25.14,13.3015
15058.43,29.03,13.3017
15059.43,25.19,13.3017
15060.43,25.29,13.3017
15061.43,25.15,13.3017
15062.43,25.14,13.3017
15063.43,25.24,13.3017
15064.44,25.13,13.3017
15065.44,25.28,13.3017
15066.44,25.19,13.3017
15067.44,25.2,13.3017
15068.44,25.31,13.3017
15069.44,28.99,13.3017
15070.44,25.19,13.3017
15071.45,25.32,13.3017
15072.45,25.2,13.3017
15073.45,25.2,13.3017
15074.45,25.29,13.3017
15075.45,25.19,13.3017
15076.45,25.3,13.3017
15077.45,25.2,13.3018
15078.46,25.19,13.3018
15079.46,25.23,13.3018
15080.46,29.42,13.302
15081.46,25.29,13.302
15082.46,25.2,13.302
15083.46,25.2,13.302
15084.47,25.24,13.302
15085.47,25.16,13.302
15086.47,25.29,13.302
15087.47,25.21,13.302
15088.47,25.19,13.302
15089.47,25.26,13.302
15090.48,25.13,13.302
15091.48,31.63,13.302
15092.48,25.2,13.3022
15093.48,25.21,13.3022
15094.48,25.29,13.3022
15095.48,25.18,13.3022
15096.49,25.24,13.3022
15097.49,25.18,13.3022
15098.49,25.19,13.3022
15099.49,25.3,13.3022
15100.49,25.18,13.3022
15101.49,25.28,13.3022
15102.5,30.03,13.3023
15103.5,25.3,13.3024
15104.5,25.19,13.3024
15105.5,25.19,13.3024
15106.5,25.29,13.3024
15107.5,25.2,13.3024
15108.51,25.29,13.3024
15109.51,25.19,13.3024
15110.51,25.19,13.3024
15111.51,25.3,13.3024
15112.51,25.23,13.3025
15113.51,29.07,13.3025
15114.51,25.21,13.3025
15115.52,25.17,13.3025
15116.52,25.2,13.3025
15117.52,25.27,13.3025
15118.52,25.15,13.3025
15119.52,25.29,13.3025
15120.52,25.18,13.3025
15121.53,25.27,13.3025
15122.53,25.2,13.3025
15123.53,25.2,13.3025
15124.53,28.92,13.3025
15125.53,25.18,13.3025
15126.53,25.18,13.3025
15127.53,25.3,13.3025
15128.54,25.18,13.3025
15129.54,25.31,13.3025
15130.54,25.18,13.3025
15131.54,25.22,13.3025
15132.54,25.14,13.3026
15133.54,25.14,13.3028
15134.55,25.25,13.3028
15135.55,25.13,13.3028
15136.55,29.03,13.3028
15137.55,25.14,13.3028
15138.55,25.12,13.3028
15139.55,25.23,13.3028
15140.55,25.12,13.3028
15141.56,25.12,13.3028
15142.56,25.24,13.3028
15143.56,25.14,13.3028
15144.56,25.12,13.3028
15145.56,25.23,13.3028
15146.57,25.15,13.3028
15147.57,25.13,13.3028
15148.57,29.55,13.3028
15149.57,25.22,13.3028
15150.57,25.12,13.3028
15151.57,25.27,13.3028
15152.57,25.19,13.3029
15153.58,25.21,13.303
15154.58,25.31,13.303
15155.58,25.19,13.303
15156.58,25.25,13.303
15157.58,25.2,13.303
15158.59,31.48,13.3031
15159.59,25.19,13.3031
15160.59,25.18,13.3031
15161.59,25.26,13.3031
15162.59,25.14,13.3031
15163.59,25.25,13.3031
15164.59,25.13,13.3031
15165.6,25.12,13.3031
15166.6,25.24,13.3031
15167.6,25.16,13.3031
15168.6,25.19,13.3031
15169.6,30.24,13.3031
15170.6,25.18,13.3031
15171.61,25.27,13.3031
15172.61,25.2,13.3033
15173.61,25.21,13.3033
15174.61,25.31,13.3033
15175.61,25.19,13.3033
15176.61,25.27,13.3033
15177.61,25.22,13.3033
15178.62,25.15,13.3033
15179.62,25.23,13.3033
15180.62,25.13,13.3033
15181.62,29.03,13.3034
15182.62,25.16,13.3034
15183.62,25.17,13.3035
15184.63,25.25,13.3035
15185.63,25.11,13.3035
15186.63,25.12,13.3035
15187.63,25.27,13.3036
15188.63,25.16,13.3036
15189.63,25.14,13.3036
15190.63,25.12,13.3036
15191.64,25.3,13.3036
15192.64,25.19,13.3036
15193.64,25.14,13.3036
15194.64,29.01,13.3036
15195.64,25.19,13.3036
15196.65,25.27,13.3036
15197.65,25.15,13.3036
15198.65,25.19,13.3036
15199.65,25.29,13.3036
15200.65,25.19,13.3036
15201.65,25.29,13.3036
15202.66,25.2,13.3036
15203.66,25.21,13.3037
15204.66,25.29,13.3037
15205.66,25.19,13.3037
15206.66,29.0,13.3039
15207.66,25.2,13.304
15208.67,25.29,13.304
15209.67,25.19,13.304
15210.67,25.18,13.304
15211.67,25.28,13.304
15212.67,25.22,13.304
15213.67,25.29,13.304
15214.67,25.19,13.304
15215.68,25.19,13.304
15216.68,25.29,13.304
15217.68,25.16,13.304
15218.68,30.21,13.3045
15219.68,25.19,13.3045
15220.68,25.19,13.3045
15221.69,25.29,13.3045
15222.69,25.21,13.3045
15223.69,25.29,13.3045
15224.69,25.19,13.3045
15225.69,25.18,13.3045
15226.69,25.29,13.3045
15227.7,25.2,13.3046
15228.7,25.29,13.3046
15229.7,31.9,13.3046
15230.7,25.29,13.3046
15231.7,25.19,13.3046
15232.7,25.22,13.3047
15233.71,25.28,13.3047
15234.71,25.19,13.3047
15235.71,25.18,13.3047
15236.71,25.28,13.3047
15237.71,25.2,13.3047
15238.71,25.31,13.3047
15239.71,25.19,13.3047
15240.72,25.19,13.3047
15241.72,29.26,13.3048
15242.72,25.21,13.305
15243.72,25.29,13.305
15244.72,25.19,13.305
15245.72,25.17,13.305
15246.73,25.27,13.305
15247.73,25.13,13.305
15248.73,25.11,13.305
15249.73,25.23,13.305
15250.73,25.13,13.305
15251.73,25.18,13.305
15252.73,28.99,13.3052
15253.74,25.19,13.3052
15254.74,25.26,13.3052
15255.74,25.19,13.3052
15256.74,25.29,13.3052
15257.74,25.21,13.3052
15258.74,25.19,13.3052
15259.75,25.29,13.3052
15260.75,25.18,13.3052
15261.75,25.27,13.3052
15262.75,25.22,13.3053
15263.75,25.19,13.3053
15264.75,29.01,13.3053
15265.76,25.18,13.3053
15266.76,25.29,13.3053
15267.76,25.2,13.3053
15268.76,25.19,13.3053
15269.76,25.29,13.3053
15270.76,25.19,13.3053
15271.77,25.29,13.3053
15272.77,25.21,13.3053
15273.77,25.19,13.3053
15274.77,25.29,13.3053
15275.77,25.18,13.3053
15276.77,28.93,13.3053
15277.78,25.2,13.3053
15278.78,25.21,13.3053
15279.78,25.3,13.3053
15280.78,25.19,13.3053
15281.78,25.3,13.3053
15282.78,25.22,13.3056
15283.78,25.2,13.3056
15284.79,25.29,13.3056
15285.79,25.13,13.3056
15286.79,25.24,13.3056
15287.79,30.42,13.3056
15288.79,25.18,13.3056
15289.79,25.29,13.3056
15290.8,25.18,13.3056
15291.8,25.19,13.3056
15292.8,25.33,13.3056
15293.8,25.17,13.3056
15294.8,25.29,13.3056
15295.8,25.19,13.3056
15296.8,25.18,13.3056
15297.81,25.29,13.3057
15298.81,31.47,13.3058
15299.81,25.23,13.3058
15300.81,25.12,13.3058
15301.81,25.13,13.3058
15302.81,25.25,13.3059
15303.82,25.12,13.3059
15304.82,25.18,13.3059
15305.82,25.29,13.3059
15306.82,25.21,13.3059
15307.82,25.14,13.3059
15308.82,25.23,13.3059
15309.82,29.16,13.3059
15310.83,25.28,13.3059
15311.83,25.21,13.3061
15312.83,25.32,13.3061
15313.83,25.19,13.3061
15314.83,25.29,13.3061
15315.83,25.19,13.3061
15316.84,25.2,13.3061
15317.84,25.3,13.3061
15318.84,25.17,13.3061
15319.84,25.23,13.3061
15320.84,28.84,13.3062
15321.84,25.19,13.3062
15322.85,25.31,13.3062
15323.85,25.14,13.3062
15324.85,25.29,13.3062
15325.85,25.17,13.3062
15326.85,25.27,13.3062
15327.85,25.21,13.3062
15328.86,25.19,13.3062
15329.86,25.3,13.3061
15330.86,25.18,13.3061
15331.86,28.99,13.3064
15332.86,25.22,13.3065
15333.86,25.19,13.3065
15334.87,25.29,13.3065
15335.87,25.19,13.3065
15336.87,25.27,13.3065
15337.87,25.2,13.3065
15338.87,25.29,13.3065
15339.87,25.19,13.3065
15340.88,25.12,13.3065
15341.88,25.23,13.3065
15342.88,25.16,13.3065
15343.88,28.87,13.3065
15344.88,25.29,13.3065
15345.88,25.19,13.3065
15346.89,25.3,13.3065
15347.89,25.21,13.3066
15348.89,25.3,13.3066
15349.89,25.15,13.3066
15350.89,25.16,13.3066
15351.89,25.25,13.3066
15352.9,25.17,13.3066
15353.9,25.24,13.3066
15354.9,30.78,13.3066
15355.9,25.19,13.3066
15356.9,25.3,13.3066
15357.9,25.21,13.3066
15358.91,25.3,13.3066
15359.91,25.2,13.3066
15360.91,25.2,13.3066
15361.91,25.3,13.3066
15362.91,25.22,13.3067
15363.91,25.3,13.3067
15364.91,25.2,13.3067
15365.92,31.34,13.3068
15366.92,25.32,13.3068
15367.92,25.21,13.307
15368.92,25.18,13.307
15369.92,25.49,13.307
15370.92,25.16,13.307
15371.93,25.26,13.307
15372.93,25.18,13.307
15373.93,25.14,13.307
15374.93,25.23,13.307
15375.93,25.19,13.307
15376.93,29.17,13.307
15377.93,25.2,13.307
15378.94,25.21,13.307
15379.94,65.03,4.892
15380.94,84.35,2.7577
15381.94,76.09,3.0893
15382.94,78.73,3.1962
15383.94,88.12,3.4498
15384.95,80.56,3.7814
15385.95,77.49,4.1169
15386.95,78.38,4.4178
15387.95,75.69,4.6578
15388.95,77.34,4.864
15389.95,77.04,5.0943
15390.95,75.72,5.2931
15391.96,70.2,5.7331
15392.96,25.6,6.4957
15393.96,25.72,7.2009
15394.96,91.58,8.392
15395.96,100.24,9.1282
15396.97,42.47,9.3126
15397.97,25.32,9.3127
15398.97,26.9,9.3127
15399.97,73.92,9.3133
15400.97,77.1,9.3716
15401.97,76.86,9.4192
15402.97,75.13,9.4196
15403.98,76.65,9.4207
15404.98,68.38,9.4209
15405.98,48.85,9.4209
15406.98,46.01,9.4209
15407.98,36.91,9.421
15408.98,40.79,9.421
15409.99,37.23,9.4122
15410.99,26.81,9.4122
15411.99,77.61,10.2094
15412.99,99.9,10.9021
15413.99,99.94,11.5695
15414.99,94.06,12.184
15415.99,30.06,12.2841
15417.0,29.11,12.2841
15418.0,32.59,12.2842
15419.0,32.99,12.2842
15420.0,33.51,12.2842
15421.0,27.62,12.2842
15422.01,31.62,12.2842
15423.01,27.46,12.2842
15424.01,30.75,12.2842
15425.01,33.2,12.2842
15426.01,25.36,12.2842
15427.02,25.61,12.2842
15428.02,25.64,12.2842
15429.02,34.53,12.2842
15430.02,31.65,12.2842
15431.02,36.23,12.2856
15432.02,29.29,12.2864
15433.03,27.39,12.2865
15434.03,31.09,12.2865
15435.03,25.86,12.2865
15436.03,26.09,12.2865
15437.03,36.63,12.2865
15438.03,25.97,12.2865
15439.04,25.26,12.2865
15440.04,25.44,12.2865
15441.04,25.21,12.2865
15442.04,30.32,12.2865
15443.04,31.46,12.2866
15444.04,25.57,12.2866
15445.05,26.74,12.2866
15446.05,25.19,12.2866
15447.05,25.14,12.2866
15448.05,25.44,12.2866
15449.05,25.18,12.2866
15450.05,25.25,12.2866
15451.06,25.85,12.2866
15452.06,25.2,12.2866
15453.06,25.4,12.2867
15454.06,25.19,12.2867
15455.06,25.73,12.2867
15456.06,25.29,12.2867
15457.06,25.21,12.2867
15458.07,26.83,12.2867
15459.07,25.37,12.2867
15460.07,46.47,12.2867
15461.07,25.11,12.2867
15462.07,25.43,12.2867
15463.07,26.76,12.2867
15464.08,25.18,12.2867
15465.08,25.29,12.2867
15466.08,25.23,12.2867
15467.08,60.96,12.2872
15468.08,100.13,12.3974
15469.08,61.09,12.3974
15470.09,25.28,12.3974
15471.09,25.3,12.3974
15472.09,27.16,12.3974
15473.09,25.29,12.3976
15474.09,25.32,12.3976
15475.09,25.36,12.3976
15476.1,25.2,12.3976
15477.1,26.97,12.3976
15478.1,25.24,12.3976
15479.1,25.2,12.3976
15480.1,26.02,12.3976
15481.1,28.45,12.3976
15482.11,25.3,12.3976
15483.11,25.56,12.3977
15484.11,25.19,12.3977
15485.11,25.3,12.3977
15486.11,25.19,12.3977
15487.11,25.29,12.3977
15488.12,25.3,12.3977
15489.12,32.6,12.3977
15490.12,76.8,12.398
15491.12,52.77,12.398
15492.12,59.65,12.398
15493.12,61.91,12.412
15494.12,51.41,12.4443
15495.13,30.88,12.4046
15496.13,99.85,12.4286
15497.13,91.42,12.4335
15498.13,25.19,12.4336
15499.13,25.7,12.4336
15500.13,25.31,12.4336
15501.14,25.19,12.4336
15502.14,25.31,12.4336
15503.14,25.42,12.4336
15504.14,89.73,12.4415
15505.14,83.14,12.4417
15506.14,25.76,12.4417
15507.15,25.28,12.4417
15508.15,25.24,12.4418
15509.15,25.29,12.4418
15510.15,25.19,12.4418
15511.15,49.93,12.4453
15512.15,100.03,12.4478
15513.16,38.31,12.4478
15514.16,25.23,12.4478
15515.16,28.82,12.4835
15516.16,99.95,13.1452
15517.16,69.84,13.1452
15518.16,25.19,13.1453
15519.16,25.18,13.1453
15520.17,42.96,13.2839
15521.17,25.18,13.2839
15522.17,25.26,13.2839
15523.17,29.08,13.2842
15524.17,25.18,13.2842
15525.17,25.3,13.2842
15526.17,25.18,13.2842
15527.18,29.02,13.2844
15528.18,28.34,13.2844
15529.18,26.2,13.2844
15530.18,28.78,13.2848
15531.18,25.16,13.2848
15532.18,25.11,13.2848
15533.19,28.92,13.2848
15534.19,25.13,13.2848
15535.19,26.89,13.2848
15536.19,27.26,13.2848
15537.19,25.13,13.2848
15538.19,25.23,13.285
15539.2,28.86,13.285
15540.2,25.23,13.285
15541.2,25.13,13.285
15542.2,29.13,13.285
15543.2,25.26,13.285
15544.2,25.77,13.285
15545.21,28.45,13.2851
15546.21,25.16,13.2851
15547.21,28.97,13.2851
15548.21,30.77,13.2851
15549.21,29.93,13.2851
15550.21,25.29,13.2851
15551.22,28.94,13.2851
15552.22,25.17,13.2851
15553.22,25.31,13.2851
15554.22,28.99,13.2852
15555.22,25.27,13.2852
15556.22,25.18,13.2852
15557.23,25.3,13.2852
15558.23,28.89,13.2853
15559.23,25.19,13.2853
15560.23,25.29,13.2853
15561.23,25.19,13.2853
15562.23,29.61,13.2853
15563.23,25.57,13.2853
15564.24,25.18,13.2853
15565.24,29.97,13.2854
15566.24,25.19,13.2854
15567.24,25.19,13.2854
15568.24,25.33,13.2856
15569.24,29.93,13.2856
15570.24,25.2,13.2856
15571.25,25.33,13.2856
15572.25,25.2,13.2856
15573.25,29.96,13.2856
15574.25,25.32,13.2856
15575.25,25.19,13.2856
15576.25,25.2,13.2856
15577.25,25.28,13.2856
15578.26,25.2,13.2856
15579.26,29.74,13.2857
15580.26,25.21,13.2857
15581.26,25.2,13.2857
15582.26,25.29,13.2857
15583.26,29.14,13.2858
15584.27,25.3,13.2858
15585.27,25.2,13.2858
15586.27,25.3,13.2858
15587.27,25.21,13.2858
15588.27,25.23,13.2859
15589.27,29.08,13.2859
15590.27,25.21,13.2859
15591.28,25.19,13.2859
15592.28,25.25,13.2859
15593.28,25.2,13.2861
15594.28,29.05,13.2861
15595.28,25.14,13.2862
15596.29,25.27,13.2862
15597.29,25.15,13.2862
15598.29,25.31,13.2862
15599.29,25.2,13.2862
15600.29,28.87,13.2862
15601.29,25.32,13.2862
15602.3,25.17,13.2862
15603.3,25.33,13.2862
15604.3,25.2,13.2863
15605.3,25.2,13.2863
15606.3,29.0,13.2864
15607.3,25.21,13.2864
15608.31,25.25,13.2864
15609.31,25.12,13.2864
15610.31,25.13,13.2864
15611.31,25.23,13.2864
15612.31,25.21,13.2864
15613.31,29.1,13.2864
15614.32,25.85,13.2864
15615.32,25.29,13.2864
15616.32,25.18,13.2864
15617.32,25.14,13.2864
15618.32,25.3,13.2865
15619.32,29.03,13.2865
15620.33,25.3,13.2865
15621.33,25.21,13.2865
15622.33,25.21,13.2865
15623.33,25.26,13.2865
15624.33,25.14,13.2865
15625.33,29.29,13.2868
15626.34,25.15,13.2868
15627.34,25.3,13.2868
15628.34,25.22,13.2869
15629.34,25.22,13.2869
15630.34,25.32,13.2869
15631.34,25.21,13.2869
15632.35,30.55,13.2869
15633.35,25.23,13.2869
15634.35,25.26,13.2869
15635.35,25.14,13.2869
15636.35,25.14,13.2869
15637.35,25.24,13.2869
15638.36,25.15,13.2869
15639.36,30.82,13.2869
15640.36,25.21,13.2869
15641.36,25.2,13.2869
15642.36,25.3,13.2869
15643.36,25.24,13.287
15644.37,25.32,13.287
15645.37,25.21,13.287
15646.37,30.01,13.2871
15647.37,25.2,13.2871
15648.37,25.22,13.2871
15649.37,25.34,13.2871
15650.37,25.21,13.2871
15651.38,25.2,13.2871
15652.38,25.21,13.2871
15653.38,28.97,13.2873
15654.38,25.21,13.2873
15655.38,25.2,13.2873
15656.39,25.3,13.2873
15657.39,25.22,13.2873
15658.39,25.3,13.2873
15659.39,25.21,13.2873
15660.39,29.03,13.2873
15661.39,25.31,13.2873
15662.4,25.23,13.2873
15663.4,25.32,13.2874
15664.4,25.21,13.2874
15665.4,25.31,13.2874
15666.4,25.2,13.2874
15667.4,25.22,13.2874
15668.41,29.06,13.2874
15669.41,25.23,13.2874
15670.41,25.32,13.2874
15671.41,25.22,13.2874
15672.41,25.33,13.2874
15673.41,25.33,13.2874
15674.42,25.23,13.2874
15675.42,25.32,13.2874
15676.42,25.21,13.2874
15677.42,28.93,13.2876
15678.42,25.27,13.2876
15679.42,25.15,13.2876
15680.42,25.15,13.2876
15681.43,25.24,13.2876
15682.43,25.15,13.2876
15683.43,25.15,13.2876
15684.43,25.24,13.2876
15685.43,29.0,13.2876
15686.43,25.32,13.2876
15687.44,25.22,13.2876
15688.44,25.32,13.2878
15689.44,25.24,13.2878
15690.44,25.16,13.2878
15691.44,25.29,13.2878
15692.44,25.24,13.2878
15693.45,29.37,13.288
15694.45,25.16,13.288
15695.45,25.3,13.288
15696.45,25.19,13.288
15697.45,25.21,13.288
15698.45,25.3,13.288
15699.46,25.21,13.288
15700.46,25.3,13.288
15701.46,25.17,13.288
15702.46,31.33,13.2881
15703.46,25.29,13.2881
15704.46,25.2,13.2881
15705.47,25.31,13.2881
15706.47,25.22,13.2881
15707.47,25.23,13.2881
15708.47,25.31,13.2881
15709.47,25.21,13.2881
15710.47,30.95,13.2881
15711.48,25.21,13.2881
15712.48,25.24,13.2881
15713.48,25.33,13.2882
15714.48,25.22,13.2882
15715.48,25.31,13.2882
15716.48,25.22,13.2882
15717.49,25.32,13.2882
15718.49,29.19,13.2884
15719.49,25.22,13.2884
15720.49,25.31,13.2884
15721.49,25.21,13.2884
15722.49,25.3,13.2884
15723.5,25.23,13.2885
15724.5,25.23,13.2885
15725.5,25.32,13.2885
15726.5,28.02,13.2885
15727.5,26.13,13.2885
15728.5,25.33,13.2885
15729.5,25.21,13.2885
15730.5,25.13,13.2885
15731.51,25.24,13.2885
15732.51,25.16,13.2885
15733.51,25.29,13.2885
15734.51,25.2,13.2885
15735.51,25.2,13.2885
15736.51,29.12,13.2885
15737.52,25.17,13.2886
15738.52,25.25,13.2886
15739.52,25.15,13.2886
15740.52,25.25,13.2886
15741.52,25.15,13.2886
15742.52,25.17,13.2886
15743.53,25.27,13.2886
15744.53,29.06,13.2887
15745.53,25.32,13.2887
15746.53,25.22,13.2887
15747.53,25.23,13.2887
15748.53,25.32,13.2887
15749.54,25.22,13.2887
15750.54,25.32,13.2887
15751.54,25.22,13.2887
15752.54,27.36,13.2888
15753.54,27.05,13.289
15754.54,25.22,13.289
15755.55,25.32,13.289
15756.55,25.22,13.289
15757.55,25.33,13.289
15758.55,25.22,13.289
15759.55,25.24,13.289
15760.55,25.41,13.289
15761.56,29.73,13.289
15762.56,25.32,13.289
15763.56,25.21,13.289
15764.56,25.13,13.289
15765.56,25.23,13.289
15766.56,25.13,13.289
15767.57,25.27,13.2891
15768.57,25.22,13.2891
15769.57,31.19,13.2892
15770.57,25.2,13.2892
15771.57,25.19,13.2892
15772.57,25.31,13.2892
15773.58,25.15,13.2892
15774.58,25.24,13.2892
15775.58,25.13,13.2892
15776.58,25.15,13.2892
15777.58,25.31,13.2893
15778.58,30.71,13.2893
15779.59,25.23,13.2893
15780.59,25.13,13.2893
15781.59,25.12,13.2893
15782.59,25.24,13.2893
15783.59,25.13,13.2893
15784.59,25.22,13.2893
15785.6,25.11,13.2893
15786.6,25.21,13.2893
15787.6,29.2,13.2894
15788.6,25.15,13.2894
15789.6,25.25,13.2894
15790.6,25.13,13.2894
15791.61,25.3,13.2894
15792.61,25.15,13.2894
15793.61,25.15,13.2896
15794.61,25.24,13.2896
15795.61,25.13,13.2896
15796.61,29.1,13.2896
15797.62,25.15,13.2896
15798.62,25.13,13.2896
15799.62,25.23,13.2896
15800.62,25.13,13.2896
15801.62,25.23,13.2896
15802.62,25.15,13.2896
15803.63,25.25,13.2896
15804.63,28.98,13.2898
15805.63,25.12,13.2898
15806.63,25.22,13.2898
15807.63,25.14,13.2898
15808.63,25.22,13.2898
15809.64,25.13,13.2898
15810.64,25.13,13.2898
15811.64,25.23,13.2898
15812.64,25.18,13.2898
15813.64,25.32,13.2898
15814.64,29.02,13.2898
15815.65,25.31,13.2898
15816.65,25.21,13.2898
15817.65,25.22,13.2899
15818.65,25.31,13.2899
15819.65,25.22,13.2899
15820.65,25.26,13.2899
15821.66,25.12,13.2899
15822.66,25.21,13.2899
15823.66,29.13,13.2899
15824.66,25.21,13.2899
15825.66,25.31,13.2899
15826.66,25.2,13.2899
15827.66,25.22,13.2899
15828.67,25.32,13.2899
15829.67,25.21,13.2899
15830.67,25.32,13.2899
15831.67,30.07,13.2901
15832.67,25.24,13.2901
15833.67,25.31,13.2901
15834.68,25.22,13.2901
15835.68,25.3,13.2901
15836.68,25.22,13.2902
15837.68,25.21,13.2902
15838.68,25.3,13.2902
15839.68,25.2,13.2902
15840.68,25.19,13.2902
15841.69,31.08,13.2902
15842.69,25.23,13.2903
15843.69,25.29,13.2903
15844.69,25.12,13.2903
15845.69,25.24,13.2903
15846.69,25.2,13.2903
15847.7,25.22,13.2903
15848.7,25.3,13.2903
15849.7,30.64,13.2903
15850.7,25.3,13.2903
15851.7,25.2,13.2903
15852.7,25.22,13.2904
15853.71,25.32,13.2904
15854.71,25.21,13.2904
15855.71,25.2,13.2904
15856.71,25.32,13.2904
15857.71,25.2,13.2905
15858.71,29.04,13.2907
15859.71,25.33,13.2907
15860.71,25.19,13.2907
15861.72,25.2,13.2907
15862.72,25.34,13.2908
15863.72,25.18,13.2908
15864.72,25.19,13.2908
15865.72,25.3,13.2908
15866.72,25.18,13.2908
15867.73,28.93,13.2909
15868.73,25.15,13.2909
15869.73,25.2,13.2909
15870.73,25.31,13.2909
15871.73,25.19,13.2909
15872.73,25.16,13.2909
15873.73,25.24,13.2909
15874.73,25.14,13.2909
15875.74,25.13,13.2909
15876.74,29.07,13.2909
15877.74,25.19,13.291
15878.74,25.19,13.291
15879.74,25.32,13.291
15880.74,25.19,13.291
15881.74,25.18,13.291
15882.75,25.28,13.291
15883.75,25.18,13.291
15884.75,25.27,13.291
15885.75,25.14,13.291
15886.75,28.8,13.291
15887.75,25.29,13.291
15888.76,25.18,13.291
15889.76,25.29,13.291
15890.76,25.19,13.291
15891.76,25.18,13.291
15892.76,25.32,13.2911
15893.76,25.18,13.2911
15894.77,25.29,13.2911
15895.77,28.92,13.2913
15896.77,25.11,13.2913
15897.77,25.23,13.2913
15898.77,25.16,13.2913
15899.77,25.29,13.2913
15900.78,25.19,13.2913
15901.78,25.19,13.2913
15902.78,25.25,13.2914
15903.78,30.5,13.2914
15904.78,25.29,13.2914
15905.78,25.19,13.2914
15906.78,25.19,13.2914
15907.79,25.32,13.2914
15908.79,25.19,13.2914
15909.79,25.3,13.2914
15910.79,25.19,13.2914
15911.79,25.19,13.2914
15912.79,31.09,13.2916
15913.8,25.19,13.2916
15914.8,25.29,13.2916
15915.8,25.19,13.2916
15916.8,25.19,13.2916
15917.8,25.3,13.2916
15918.8,25.2,13.2916
15919.81,25.19,13.2916
15920.81,25.29,13.2916
15921.81,29.96,13.2916
15922.81,25.31,13.2917
15923.81,25.19,13.2917
15924.81,25.28,13.2917
15925.81,25.18,13.2917
15926.82,25.19,13.2917
15927.82,25.3,13.2917
15928.82,25.18,13.2917
15929.82,28.99,13.2919
15930.82,25.19,13.2919
15931.82,25.19,13.2919
15932.83,25.31,13.292
15933.83,25.19,13.292
15934.83,25.29,13.292
15935.83,25.21,13.292
15936.83,25.18,13.292
15937.83,25.27,13.292
15938.84,28.81,13.292
15939.84,25.17,13.292
15940.84,25.27,13.292
15941.84,25.18,13.292
15942.84,25.33,13.292
15943.84,25.22,13.2921
15944.84,25.16,13.2921
15945.85,25.32,13.2921
15946.85,25.19,13.2921
15947.85,28.97,13.2922
15948.85,25.28,13.2922
15949.85,25.19,13.2922
15950.85,25.29,13.2922
15951.85,25.19,13.2922
15952.86,25.21,13.2922
15953.86,25.23,13.2922
15954.86,25.19,13.2922
15955.86,25.29,13.2922
15956.86,28.91,13.2922
15957.86,25.2,13.2923
15958.87,25.28,13.2923
15959.87,25.19,13.2923
15960.87,25.29,13.2923
15961.87,25.17,13.2923
15962.87,25.19,13.2923
15963.87,25.27,13.2923
15964.88,25.17,13.2923
15965.88,25.29,13.2923
15966.88,29.02,13.2923
15967.88,25.2,13.2923
15968.88,25.29,13.2923
15969.88,25.21,13.2923
15970.89,25.29,13.2923
15971.89,25.2,13.2923
15972.89,25.22,13.2925
15973.89,25.3,13.2925
15974.89,30.89,13.2926
15975.89,25.3,13.2926
15976.89,25.2,13.2926
15977.9,25.2,13.2926
15978.9,25.29,13.2926
15979.9,25.19,13.2926
15980.9,25.29,13.2926
15981.9,25.19,13.2926
15982.9,25.22,13.2927
15983.91,31.28,13.2927
15984.91,25.2,13.2927
15985.91,25.29,13.2927
15986.91,25.19,13.2927
15987.91,25.2,13.2927
15988.91,25.29,13.2927
15989.92,25.2,13.2927
15990.92,25.29,13.2927
15991.92,25.19,13.2927
15992.92,25.22,13.2928
15993.92,29.38,13.2929
15994.92,25.19,13.2929
15995.93,25.29,13.2929
15996.93,25.19,13.2929
15997.93,25.3,13.2929
15998.93,25.19,13.2929
15999.93,25.21,13.2929
16000.93,25.29,13.2929
16001.94,29.01,13.2929
16002.94,25.31,13.2929
16003.94,25.18,13.2929
16004.94,25.19,13.2929
16005.94,25.29,13.2929
16006.94,25.18,13.2929
16007.95,25.3,13.2931
16008.95,25.19,13.2931
16009.95,25.19,13.2932
16010.95,29.08,13.2932
16011.95,25.19,13.2932
16012.95,25.21,13.2932
16013.95,25.29,13.2932
16014.96,25.19,13.2932
16015.96,25.28,13.2932
16016.96,25.19,13.2932
16017.96,25.19,13.2933
16018.96,25.29,13.2933
16019.96,29.02,13.2934
16020.97,25.3,13.2934
16021.97,25.19,13.2934
16022.97,25.22,13.2934
16023.97,25.28,13.2934
16024.97,25.27,13.2934
16025.97,25.22,13.2934
16026.97,25.17,13.2934
16027.98,25.2,13.2934
16028.98,28.99,13.2935
16029.98,25.14,13.2935
16030.98,25.14,13.2935
16031.98,25.24,13.2935
16032.98,25.15,13.2937
16033.99,25.29,13.2937
16034.99,25.19,13.2937
16035.99,25.18,13.2937
16036.99,25.28,13.2937
16037.99,29.65,13.2937
16038.99,25.19,13.2937
16039.99,25.23,13.2937
16041.0,25.12,13.2937
16042.0,25.23,13.2937
16043.0,25.21,13.2938
16044.0,25.19,13.2938
16045.0,25.3,13.2938
16046.0,31.08,13.294
16047.01,25.27,13.294
16048.01,25.14,13.294
16049.01,25.13,13.294
16050.01,25.24,13.294
16051.01,25.13,13.294
16052.01,25.13,13.294
16053.01,25.24,13.294
16054.02,25.13,13.294
16055.02,30.76,13.294
16056.02,25.12,13.2941
16057.02,25.12,13.2941
16058.02,25.27,13.2941
16059.02,25.19,13.2941
16060.03,25.29,13.2941
16061.03,25.19,13.2941
16062.03,25.29,13.2941
16063.03,27.68,13.2941
16064.03,26.56,13.2941
16065.03,25.22,13.2941
16066.04,25.12,13.2941
16067.04,25.23,13.2941
16068.04,25.15,13.2943
16069.04,25.11,13.2943
16070.04,25.22,13.2943
16071.04,25.11,13.2943
16072.05,28.92,13.2945
16073.05,25.14,13.2945
16074.05,25.12,13.2945
16075.05,25.26,13.2945
16076.05,25.19,13.2945
16077.05,25.24,13.2945
16078.06,25.14,13.2945
16079.06,25.13,13.2945
16080.06,25.23,13.2945
16081.06,28.93,13.2945
16082.06,25.29,13.2945
16083.06,25.22,13.2945
16084.06,25.19,13.2945
16085.07,25.29,13.2945
16086.07,25.2,13.2945
16087.07,25.3,13.2945
16088.07,25.21,13.2945
16089.07,25.2,13.2945
16090.07,25.3,13.2945
16091.08,28.88,13.2946
16092.08,25.29,13.2946
16093.08,25.22,13.2948
16094.08,25.19,13.2948
16095.08,25.3,13.2948
16096.08,25.2,13.2948
16097.09,25.28,13.2948
16098.09,25.2,13.2948
16099.09,25.29,13.2948
16100.09,28.92,13.2948
16101.09,25.18,13.2948
16102.09,25.3,13.2948
16103.1,25.22,13.2949
16104.1,25.29,13.2949
16105.1,25.19,13.2949
16106.1,25.19,13.2949
16107.1,25.28,13.2949
16108.1,25.2,13.2949
16109.11,25.29,13.2949
16110.11,30.15,13.295
16111.11,25.2,13.295
16112.11,25.32,13.295
16113.11,25.19,13.2951
16114.11,25.3,13.2951
16115.11,25.19,13.2951
16116.12,25.18,13.2951
16117.12,25.32,13.2951
16118.12,31.0,13.2952
16119.12,25.3,13.2952
16120.12,25.2,13.2952
16121.12,25.21,13.2952
16122.13,25.29,13.2952
16123.13,25.18,13.2952
16124.13,25.3,13.2952
16125.13,25.19,13.2952
16126.13,25.28,13.2952
16127.13,30.25,13.2954
16128.14,25.17,13.2954
16129.14,25.31,13.2954
16130.14,25.2,13.2954
16131.14,25.3,13.2954
16132.14,25.21,13.2954
16133.15,25.28,13.2954
16134.15,25.2,13.2954
16135.15,25.19,13.2954
16136.15,29.07,13.2955
16137.15,25.17,13.2955
16138.15,25.27,13.2956
16139.16,25.13,13.2956
16140.16,25.24,13.2956
16141.16,25.16,13.2956
16142.16,25.16,13.2956
16143.16,25.29,13.2956
16144.16,25.17,13.2956
16145.17,29.09,13.2956
16146.17,25.18,13.2956
16147.17,25.2,13.2956
16148.17,25.3,13.2956
16149.17,25.19,13.2956
16150.17,25.3,13.2956
16151.18,25.2,13.2956
16152.18,25.2,13.2956
16153.18,25.32,13.2957
16154.18,25.19,13.2957
16155.18,29.1,13.2957
16156.18,25.19,13.2957
16157.19,25.29,13.2957
16158.19,25.2,13.2957
16159.19,25.2,13.2957
16160.19,25.3,13.2957
16161.19,25.2,13.2957
16162.19,25.29,13.2957
16163.19,25.22,13.2958
16164.2,25.19,13.2958
16165.2,25.29,13.2958
16166.2,28.95,13.2958
16167.2,25.3,13.2958
16168.2,25.21,13.2958
16169.2,25.21,13.2958
16170.21,25.3,13.2958
16171.21,25.2,13.2958
16172.21,25.3,13.2958
16173.21,25.22,13.2958
16174.21,25.2,13.2958
16175.21,29.33,13.296
16176.22,25.19,13.296
16177.22,25.29,13.296
16178.22,25.2,13.296
16179.22,25.19,13.296
16180.22,25.3,13.296
16181.22,25.2,13.296
16182.23,25.3,13.296
16183.23,25.22,13.296
16184.23,31.21,13.2961
16185.23,25.3,13.2961
16186.23,25.2,13.2961
16187.23,25.29,13.2961
16188.24,25.16,13.2962
16189.24,25.3,13.2962
16190.24,25.2,13.2962
16191.24,25.19,13.2962
16192.24,25.29,13.2962
16193.24,29.53,13.2962
16194.25,26.64,13.2963
16195.25,25.2,13.2963
16196.25,25.2,13.2963
16197.25,25.32,13.2963
16198.25,25.17,13.2963
16199.25,25.3,13.2963
16200.26,25.19,13.2963
16201.26,25.29,13.2963
16202.26,25.19,13.2963
16203.26,28.93,13.2965
16204.26,25.27,13.2965
16205.26,25.19,13.2965
16206.27,25.31,13.2965
16207.27,25.19,13.2965
16208.27,25.28,13.2965
16209.27,25.18,13.2965
16210.27,25.19,13.2965
16211.27,25.31,13.2965
16212.27,28.89,13.2965
16213.28,25.21,13.2966
16214.28,25.3,13.2966
16215.28,25.18,13.2966
16216.28,25.19,13.2966
16217.28,25.3,13.2966
16218.29,25.28,13.2966
16219.29,25.2,13.2966
16220.29,25.21,13.2966
16221.29,25.29,13.2966
16222.29,29.04,13.2966
16223.29,25.21,13.2967
16224.29,25.29,13.2967
16225.3,25.18,13.2967
16226.3,25.3,13.2968
16227.3,25.22,13.2968
16228.3,25.28,13.2968
16229.3,25.2,13.2968
16230.3,25.2,13.2968
16231.31,29.03,13.2969
16232.31,25.18,13.2969
16233.31,25.28,13.2971
16234.31,25.14,13.2971
16235.31,25.13,13.2971
16236.31,25.23,13.2971
16237.32,25.13,13.2971
16238.32,25.25,13.2971
16239.32,25.15,13.2971
16240.32,25.27,13.2971
16241.32,28.88,13.2971
16242.32,25.2,13.2971
16243.33,25.31,13.2971
16244.33,25.19,13.2971
16245.33,25.26,13.2971
16246.33,25.15,13.2971
16247.33,25.2,13.2971
16248.33,25.31,13.2972
16249.34,25.2,13.2972
16250.34,31.01,13.2972
16251.34,25.2,13.2972
16252.34,25.22,13.2972
16253.34,25.31,13.2972
16254.34,25.2,13.2972
16255.35,25.31,13.2972
16256.35,25.2,13.2972
16257.35,25.2,13.2972
16258.35,25.29,13.2973
16259.35,28.61,13.2973
16260.35,27.71,13.2974
16261.35,25.21,13.2974
16262.36,25.21,13.2974
16263.36,25.29,13.2975
16264.36,25.22,13.2975
16265.36,25.19,13.2975
16266.36,25.29,13.2975
16267.36,25.2,13.2975
16268.37,25.28,13.2975
16269.37,29.51,13.2975
16270.37,25.3,13.2975
16271.37,25.18,13.2975
16272.37,25.14,13.2975
16273.37,25.25,13.2975
16274.38,25.14,13.2975
16275.38,25.28,13.2975
16276.38,25.2,13.2975
16277.38,25.19,13.2975
16278.38,29.07,13.2977
16279.38,25.19,13.2977
16280.39,25.3,13.2977
16281.39,25.19,13.2977
16282.39,25.2,13.2977
16283.39,25.27,13.2978
16284.39,25.19,13.2978
16285.39,25.29,13.2978
16286.4,25.18,13.2978
16287.4,25.32,13.2978
16288.4,29.01,13.2978
16289.4,25.28,13.2978
16290.4,25.18,13.2978
16291.4,25.18,13.2978
16292.41,25.3,13.2979
16293.41,25.2,13.2979
16294.41,25.18,13.2979
16295.41,25.29,13.2979
16296.41,25.2,13.2979
16297.41,25.31,13.2979
16298.42,28.93,13.2979
16299.42,25.31,13.2979
16300.42,25.19,13.2979
16301.42,25.19,13.2979
16302.42,25.31,13.2979
16303.42,25.2,13.298
16304.43,25.29,13.298
16305.43,25.2,13.298
16306.43,25.19,13.298
16307.43,25.3,13.298
16308.43,28.93,13.2983
16309.43,25.29,13.2983
16310.44,25.19,13.2983
16311.44,25.15,13.2983
16312.44,25.3,13.2984
16313.44,25.2,13.2984
16314.44,25.3,13.2984
16315.44,25.2,13.2984
16316.45,25.3,13.2984
16317.45,30.16,13.2984
16318.45,25.2,13.2984
16319.45,25.3,13.2984
16320.45,25.2,13.2984
16321.45,25.25,13.2984
16322.45,25.21,13.2984
16323.46,25.21,13.2984
16324.46,25.3,13.2984
16325.46,25.2,13.2984
16326.46,25.3,13.2985
16327.46,31.35,13.2985
16328.46,25.19,13.2985
16329.47,25.33,13.2985
16330.47,25.2,13.2985
16331.47,25.2,13.2985
16332.47,25.32,13.2985
16333.47,25.14,13.2985
16334.47,25.27,13.2985
16335.48,25.2,13.2985
16336.48,25.32,13.2985
16337.48,29.98,13.2986
16338.48,25.15,13.2986
16339.48,25.32,13.2987
16340.48,25.19,13.2987
16341.48,25.2,13.2987
16342.49,25.29,13.2987
16343.49,25.28,13.2987
16344.49,25.21,13.2987
16345.49,25.21,13.2987
16346.49,25.31,13.2987
16347.5,25.18,13.2987
16348.5,29.08,13.2987
16349.5,25.17,13.2987
16350.5,25.2,13.2987
16351.5,25.29,13.2987
16352.5,25.21,13.2987
16353.51,25.3,13.2987
16354.51,25.19,13.2987
16355.51,25.2,13.2987
16356.51,25.3,13.2987
16357.51,28.98,13.2987
16358.51,25.3,13.2987
16359.52,25.2,13.2987
16360.52,25.17,13.2989
16361.52,25.26,13.2989
16362.52,25.14,13.299
16363.52,25.3,13.299
16364.52,25.19,13.299
16365.52,25.2,13.299
16366.53,25.29,13.299
16367.53,42.22,13.2991
16368.53,50.06,13.302
16369.53,27.26,13.3029
16370.53,25.55,13.3029
16371.53,25.8,13.3029
16372.54,26.25,13.3029
16373.54,25.29,13.3029
16374.54,25.17,13.3029
16375.54,25.19,13.3029
16376.54,25.29,13.3029
16377.54,29.72,13.3223
16378.55,25.27,13.3225
16379.55,25.18,13.3225
16380.55,25.36,13.3225
16381.55,25.31,13.3225
16382.55,25.21,13.3225
16383.55,25.32,13.3225
16384.56,25.19,13.3225
16385.56,25.19,13.3225
16386.56,25.29,13.3225
16387.56,31.42,13.338
16388.56,25.52,13.338
16389.56,25.16,13.338
16390.57,25.45,13.338
16391.57,25.53,13.338
16392.57,25.2,13.338
16393.57,25.38,13.338
16394.57,25.18,13.338
16395.57,25.28,13.338
16396.58,31.98,13.3438
16397.58,25.2,13.3438
16398.58,25.46,13.3439
16399.58,25.18,13.3439
16400.58,25.28,13.3439
16401.58,25.24,13.3439
16402.58,25.2,13.3439
16403.59,25.32,13.3439
16404.59,25.19,13.3439
16405.59,30.95,13.3592
16406.59,25.67,13.3592
16407.59,25.17,13.3593
16408.59,25.23,13.3593
16409.6,25.14,13.3593
16410.6,25.41,13.3593
16411.6,25.18,13.3593
16412.6,25.76,13.3593
16413.6,25.25,13.3593
16414.6,25.13,13.3593
16415.61,30.1,13.3726
16416.61,25.14,13.3726
16417.61,25.15,13.3726
16418.61,27.86,13.3726
16419.61,25.18,13.3727
16420.61,25.23,13.3727
16421.61,25.2,13.3727
16422.62,25.16,13.3728
16423.62,25.23,13.3728
16424.62,25.12,13.3728
16425.62,25.22,13.3728
16426.62,25.13,13.3728
16427.62,29.21,13.3798
16428.63,25.23,13.3798
16429.63,25.17,13.3798
16430.63,25.26,13.3798
16431.63,25.15,13.3798
16432.63,25.14,13.3798
16433.63,25.29,13.3798
16434.64,25.13,13.3798
16435.64,25.22,13.3798
16436.64,25.12,13.3798
16437.64,25.13,13.3798
16438.64,28.98,13.3845
16439.64,25.18,13.3845
16440.65,25.29,13.3845
16441.65,25.18,13.3845
16442.65,25.2,13.3845
16443.65,25.3,13.3846
16444.65,25.19,13.3846
16445.65,25.29,13.3846
16446.66,25.19,13.3846
16447.66,25.2,13.3847
16448.66,29.5,13.3889
16449.66,25.2,13.3889
16450.66,57.54,13.07
16451.66,25.23,2.388
16452.66,75.43,2.5923
16453.67,78.61,2.9453
16454.67,75.3,3.1508
16455.67,91.07,3.3958
16456.67,83.69,3.7139
16457.67,78.07,4.042
16458.67,77.6,4.3401
16459.67,77.95,4.568
16460.68,75.91,4.7678
16461.68,76.76,4.9336
16462.68,76.43,5.1311
16463.68,76.06,5.2818
16464.68,75.66,5.5388
16465.68,37.75,6.4074
16466.68,25.72,7.1731
16467.69,86.21,8.3613
16468.69,99.92,9.1019
16469.69,49.28,9.3425
16470.69,25.26,9.3425
16471.69,53.09,9.343
16472.69,77.07,9.3436
16473.69,67.05,9.346
16474.7,59.0,9.3683
16475.7,56.92,9.447
16476.7,46.78,9.4472
16477.7,30.33,9.4473
16478.7,42.4,9.4474
16479.7,26.07,9.4475
16480.71,30.59,9.4475
16481.71,25.73,9.4475
16482.71,49.22,9.4475
16483.71,27.6,9.4475
16484.71,34.95,9.4475
16485.71,49.26,9.4475
16486.71,50.2,9.4475
16487.72,27.26,9.4476
16488.72,25.59,9.4476
16489.72,37.66,9.4476
16490.72,98.72,10.4619
16491.72,100.17,11.1085
16492.72,99.97,11.775
16493.73,93.32,12.2234
16494.73,27.4,12.2323
16495.73,26.08,12.3236
16496.73,28.92,12.3236
16497.73,35.48,12.3236
16498.73,30.95,12.3236
16499.74,25.26,12.3236
16500.74,36.42,12.3236
16501.74,33.99,12.3236
16502.74,26.77,12.3236
16503.74,25.35,12.3236
16504.74,25.22,12.3236
16505.75,26.24,12.3236
16506.75,26.57,12.3236
16507.75,25.43,12.3237
16508.75,26.98,12.3237
16509.75,27.27,12.3237
16510.75,33.5,12.3237
16511.75,32.06,12.3237
16512.76,28.13,12.3237
16513.76,25.25,12.3237
16514.76,25.13,12.3237
16515.76,25.31,12.3237
16516.76,25.28,12.3237
16517.76,31.55,12.3237
16518.77,28.7,12.3237
16519.77,25.55,12.3237
16520.77,35.12,12.3237
16521.77,28.8,12.3238
16522.77,25.29,12.3238
16523.77,29.33,12.3238
16524.77,31.4,12.3238
16525.78,25.14,12.3238
16526.78,25.55,12.3238
16527.78,26.13,12.3238
16528.78,25.47,12.3238
16529.78,25.52,12.3238
16530.78,25.21,12.3238
16531.79,30.33,12.3238
16532.79,33.09,12.324
16533.79,25.14,12.324
16534.79,25.75,12.324
16535.79,25.22,12.324
16536.79,25.58,12.324
16537.79,25.14,12.324
16538.8,25.14,12.324
16539.8,25.3,12.324
16540.8,25.32,12.324
16541.8,25.38,12.324
16542.8,25.32,12.3241
16543.8,26.3,12.3241
16544.81,25.29,12.3241
16545.81,25.21,12.3241
16546.81,25.48,12.3241
16547.81,25.31,12.3241
16548.81,27.21,12.3241
16549.81,25.86,12.3241
16550.82,25.18,12.3241
16551.82,25.3,12.3241
16552.82,25.19,12.3242
16553.82,25.21,12.3242
16554.82,25.21,12.3242
16555.82,25.22,12.3242
16556.83,25.31,12.3242
16557.83,25.22,12.3242
16558.83,25.29,12.3242
16559.83,25.2,12.3242
16560.83,25.27,12.3242
16561.83,25.29,12.3242
16562.84,25.16,12.3242
16563.84,25.23,12.3242
16564.84,25.13,12.3242
16565.84,25.33,12.3242
16566.84,25.2,12.3242
16567.84,25.2,12.3243
16568.85,25.64,12.3243
16569.85,25.76,12.3243
16570.85,25.28,12.3243
16571.85,25.18,12.3243
16572.85,32.89,12.3243
16573.85,25.22,12.3243
16574.86,25.14,12.3243
16575.86,25.24,12.3243
16576.86,26.63,12.3243
16577.86,25.2,12.3243
16578.86,25.3,12.3243
16579.86,26.08,12.3243
16580.87,25.3,12.3243
16581.87,25.2,12.3243
16582.87,25.16,12.3245
16583.87,25.26,12.3245
16584.87,25.13,12.3245
16585.87,25.62,12.3245
16586.88,25.29,12.3245
16587.88,25.67,12.3245
16588.88,87.39,12.3296
16589.88,99.86,12.4349
16590.88,40.24,12.4349
16591.88,26.31,12.4349
16592.88,25.23,12.4349
16593.89,25.4,12.4349
16594.89,25.19,12.4349
16595.89,25.29,12.4349
16596.89,25.31,12.435
16597.89,25.14,12.435
16598.89,25.26,12.435
16599.9,25.15,12.435
16600.9,25.18,12.435
16601.9,25.29,12.435
16602.9,25.22,12.435
16603.9,25.32,12.435
16604.9,25.21,12.435
16605.9,25.59,12.435
16606.91,25.23,12.435
16607.91,25.14,12.435
16608.91,32.56,12.435
16609.91,26.14,12.435
16610.91,25.4,12.435
16611.91,25.3,12.435
16612.92,25.22,12.4352
16613.92,25.29,12.4352
16614.92,25.2,12.4352
16615.92,25.2,12.4352
16616.92,25.3,12.4352
16617.92,25.21,12.4352
16618.93,25.3,12.4352
16619.93,25.24,12.4352
16620.93,64.27,12.4353
16621.93,60.14,12.4356
16622.93,31.96,12.4358
16623.93,38.16,12.4358
16624.94,25.57,12.4358
16625.94,28.66,12.4358
16626.94,50.4,12.4366
16627.94,40.05,12.446
16628.94,46.35,12.446
16629.94,25.15,12.446
16630.95,25.14,12.446
16631.95,25.86,12.446
16632.95,25.73,12.4461
16633.95,25.31,12.4461
16634.95,25.19,12.4461
16635.95,25.27,12.4461
16636.95,26.89,12.4461
16637.96,25.96,12.4338
16638.96,25.22,12.4338
16639.96,25.19,12.4338
16640.96,25.28,12.4338
16641.96,25.18,12.4338
16642.96,25.21,12.4339
16643.97,25.28,12.4339
16644.97,25.2,12.4339
16645.97,25.3,12.4339
16646.97,25.59,12.4339
16647.97,25.2,12.4339
16648.97,25.32,12.4339
16649.97,25.19,12.4339
16650.98,25.19,12.4339
16651.98,25.32,12.4339
16652.98,25.19,12.4339
16653.98,25.2,12.4339
16654.98,25.32,12.4339
16655.98,25.2,12.4339
16656.98,25.21,12.4339
16657.99,25.34,12.434
16658.99,25.58,12.434
16659.99,25.2,12.434
16660.99,25.31,12.434
16661.99,25.18,12.434
16662.99,25.22,12.434
16663.99,25.32,12.434
16664.99,25.2,12.434
16666.0,25.19,12.434
16667.0,25.33,12.434
16668.0,25.21,12.434
16669.0,25.21,12.434
16670.0,25.31,12.434
16671.0,25.19,12.434
16672.01,25.29,12.434
16673.01,25.3,12.4341
16674.01,25.13,12.4341
16675.01,25.22,12.4341
16676.01,25.12,12.4341
16677.01,25.23,12.4341
16678.02,25.15,12.4341
16679.02,25.24,12.4341
16680.02,25.14,12.4341
16681.02,25.14,12.4341
16682.02,25.3,12.4341
16683.02,25.19,12.4343
16684.03,25.28,12.4343
16685.03,25.2,12.4343
16686.03,25.2,12.4343
16687.03,25.31,12.4343
16688.03,25.22,12.4343
16689.03,25.31,12.4343
16690.04,25.22,12.4343
16691.04,25.21,12.4343
16692.04,25.31,12.4343
16693.04,25.23,12.4343
16694.04,25.22,12.4343
16695.04,25.32,12.4344
16696.04,25.21,12.4344
16697.05,25.32,12.4344
16698.05,25.26,12.4344
16699.05,25.49,12.4344
16700.05,25.21,12.4344
16701.05,25.2,12.4344
16702.05,25.3,12.4344
16703.06,25.23,12.4344
16704.06,25.32,12.4344
16705.06,25.2,12.4344
16706.06,25.2,12.4344
16707.06,25.32,12.4344
16708.06,25.19,12.4344
16709.06,25.21,12.4344
16710.07,25.28,12.4344
16711.07,25.13,12.4344
16712.07,25.3,12.4345
16713.07,25.23,12.4345
16714.07,25.14,12.4345
16715.07,25.24,12.4345
16716.08,25.2,12.4345
16717.08,25.31,12.4345
16718.08,25.21,12.4345
16719.08,25.2,12.4345
16720.08,25.31,12.4345
16721.08,25.21,12.4345
16722.09,25.31,12.4345
16723.09,25.24,12.4346
16724.09,25.22,12.4346
16725.09,25.31,12.4346
16726.09,25.21,12.4346
16727.09,25.31,12.4346
16728.1,25.22,12.4346
16729.1,25.21,12.4346
16730.1,25.31,12.4346
16731.1,25.21,12.4346
16732.1,25.31,12.4346
16733.1,25.23,12.4347
16734.11,25.31,12.4347
16735.11,25.22,12.4347
16736.11,25.21,12.4347
16737.11,25.33,12.4347
16738.11,25.22,12.4347
16739.11,25.22,12.4347
16740.11,25.33,12.4347
16741.11,25.19,12.4347
16742.12,25.2,12.4347
16743.12,25.35,12.4347
16744.12,25.23,12.4347
16745.12,25.21,12.4347
16746.12,25.31,12.4347
16747.12,25.21,12.4349
16748.12,25.14,12.4349
16749.13,25.23,12.4349
16750.13,25.15,12.4349
16751.13,25.3,12.4349
16752.13,25.2,12.4349
16753.13,25.33,12.4349
16754.13,25.2,12.4349
16755.14,25.15,12.4349
16756.14,25.28,12.4349
16757.14,25.21,12.4349
16758.14,25.32,12.435
16759.14,25.21,12.435
16760.14,25.23,12.435
16761.14,25.22,12.435
16762.15,25.31,12.435
16763.15,25.22,12.435
16764.15,25.3,12.435
16765.15,25.21,12.435
16766.15,25.22,12.435
16767.15,25.31,12.435
16768.16,25.22,12.435
16769.16,25.31,12.435
16770.16,25.2,12.435
16771.16,25.21,12.435
16772.16,25.3,12.435
16773.16,25.23,12.4351
16774.17,25.31,12.4351
16775.17,25.21,12.4351
16776.17,25.21,12.4351
16777.17,25.33,12.4351
16778.17,25.22,12.4351
16779.17,25.21,12.4351
16780.17,25.3,12.4351
16781.18,25.21,12.4351
16782.18,25.32,12.4351
16783.18,25.24,12.4352
16784.18,25.21,12.4352
16785.18,25.31,12.4352
16786.18,25.15,12.4352
16787.19,25.24,12.4352
16788.19,25.14,12.4352
16789.19,25.18,12.4352
16790.19,25.31,12.4352
16791.19,25.23,12.4352
16792.19,25.33,12.4352
16793.19,25.25,12.4352
16794.2,25.22,12.4352
16795.2,25.31,12.4352
16796.2,25.21,12.4352
16797.2,25.32,12.4352
16798.2,25.22,12.4353
16799.2,25.22,12.4353
16800.21,25.27,12.4353
16801.21,25.14,12.4353
16802.21,25.24,12.4353
16803.21,25.17,12.4353
16804.21,25.15,12.4353
16805.21,25.24,12.4353
16806.22,25.14,12.4353
16807.22,25.27,12.4353
16808.22,25.22,12.4353
16809.22,25.22,12.4353
16810.22,25.33,12.4353
16811.22,25.22,12.4353
16812.23,25.32,12.4353
16813.23,25.24,12.4355
16814.23,25.23,12.4356
16815.23,25.32,12.4356
16816.23,25.23,12.4356
16817.23,25.32,12.4356
16818.23,25.14,12.4356
16819.24,25.21,12.4356
16820.24,25.31,12.4356
16821.24,25.23,12.4356
16822.24,25.25,12.4356
16823.24,25.37,12.4357
16824.24,25.22,12.4357
16825.24,25.17,12.4357
16826.25,25.25,12.4357
16827.25,25.13,12.4357
16828.25,25.25,12.4357
16829.25,25.15,12.4357
16830.25,25.13,12.4357
16831.25,25.25,12.4357
16832.25,25.13,12.4357
16833.26,25.16,12.4357
16834.26,25.26,12.4357
16835.26,25.15,12.4358
16836.26,25.13,12.4358
16837.26,25.23,12.4358
16838.26,25.14,12.4358
16839.26,25.14,12.4358
16840.27,25.25,12.4358
16841.27,25.14,12.4358
16842.27,25.24,12.4358
16843.27,25.17,12.4358
16844.27,25.15,12.4358
16845.27,25.24,12.4358
16846.28,25.15,12.4358
16847.28,25.28,12.4358
16848.28,25.2,12.4359
16849.28,25.3,12.4359
16850.28,25.21,12.4359
16851.28,25.22,12.4359
16852.29,25.34,12.4359
16853.29,25.23,12.4359
16854.29,25.21,12.4359
16855.29,25.31,12.4359
16856.29,25.2,12.4359
16857.29,25.31,12.4359
16858.29,25.22,12.4359
16859.3,25.21,12.4359
16860.3,25.31,12.4359
16861.3,25.15,12.4359
16862.3,25.24,12.4359
16863.3,25.17,12.436
16864.3,25.14,12.436
16865.31,25.24,12.436
16866.31,25.14,12.4359
16867.31,25.25,12.4359
16868.31,25.15,12.4359
16869.31,25.19,12.4359
16870.31,25.32,12.4361
16871.32,25.21,12.4361
16872.32,25.31,12.4361
16873.32,25.23,12.4362
16874.32,25.15,12.4362
16875.32,25.24,12.4362
16876.32,25.14,12.4362
16877.33,25.25,12.4362
16878.33,25.14,12.4362
16879.33,25.14,12.4362
16880.33,25.29,12.4362
16881.33,25.21,12.4362
16882.33,25.32,12.4362
16883.34,25.24,12.4362
16884.34,25.22,12.4362
16885.34,25.31,12.4362
16886.34,25.46,12.4362
16887.34,25.31,12.4362
16888.34,25.22,12.4363
16889.34,25.21,12.4363
16890.35,25.31,12.4363
16891.35,25.21,12.4363
16892.35,25.29,12.4363
16893.35,25.16,12.4363
16894.35,25.31,12.4363
16895.35,25.21,12.4363
16896.36,25.21,12.4363
16897.36,25.31,12.4363
16898.36,25.22,12.4364
16899.36,25.32,12.4364
16900.36,25.21,12.4364
16901.36,25.2,12.4364
16902.37,25.33,12.4364
16903.37,25.23,12.4364
16904.37,25.22,12.4364
16905.37,25.31,12.4364
16906.37,25.2,12.4364
16907.37,25.21,12.4364
16908.37,25.32,12.4364
16909.38,25.14,12.4364
16910.38,25.31,12.4364
16911.38,25.21,12.4364
16912.38,25.31,12.4364
16913.38,25.22,12.4365
16914.38,25.21,12.4365
16915.39,25.29,12.4365
16916.39,25.22,12.4365
16917.39,25.33,12.4365
16918.39,25.2,12.4365
16919.39,25.15,12.4365
16920.39,25.24,12.4365
16921.4,25.14,12.4365
16922.4,25.31,12.4365
16923.4,63.71,12.4376
16924.4,99.97,12.4551
16925.4,58.41,12.4577
16926.4,25.22,12.4577
16927.4,25.22,12.4577
16928.41,25.3,12.4577
16929.41,25.63,12.4577
16930.41,25.31,12.4577
16931.41,25.21,12.4577
16932.41,25.21,12.4579
16933.41,25.32,12.4579
16934.42,25.2,12.4579
16935.42,25.3,12.4579
16936.42,25.19,12.4579
16937.42,25.14,12.4579
16938.42,25.23,12.4579
16939.42,25.13,12.4579
16940.43,25.23,12.4579
16941.43,25.13,12.4579
16942.43,25.13,12.4579
16943.43,25.24,12.458
16944.43,25.12,12.458
16945.43,25.22,12.458
16946.44,25.34,12.458
16947.44,25.24,12.458
16948.44,25.12,12.458
16949.44,25.16,12.458
16950.44,25.28,12.458
16951.44,25.18,12.458
16952.45,25.27,12.458
16953.45,25.17,12.458
16954.45,25.19,12.458
16955.45,25.23,12.458
16956.45,25.12,12.458
16957.45,25.13,12.4581
16958.45,25.27,12.4581
16959.46,25.13,12.4581
16960.46,25.22,12.4581
16961.46,25.14,12.4581
16962.46,25.19,12.4581
16963.46,25.28,12.4581
16964.46,25.24,12.4581
16965.47,25.27,12.4581
16966.47,25.16,12.4581
16967.47,25.25,12.4581
16968.47,25.84,12.4581
16969.47,25.98,12.4581
16970.47,25.25,12.4581
16971.47,25.16,12.4581
16972.48,25.16,12.4582
16973.48,25.28,12.4582
16974.48,25.19,12.4582
16975.48,25.28,12.4582
16976.48,25.18,12.4582
16977.48,25.2,12.4582
16978.49,25.28,12.4582
16979.49,25.19,12.4582
16980.49,25.24,12.4582
16981.49,25.13,12.4582
16982.49,25.13,12.4582
16983.49,25.24,12.4584
16984.5,25.13,12.4584
16985.5,25.25,12.4584
16986.5,25.17,12.4584
16987.5,25.19,12.4584
16988.5,25.25,12.4584
16989.5,25.14,12.4584
16990.51,25.22,12.4584
16991.51,25.16,12.4584
16992.51,25.19,12.4585
16993.51,25.3,12.4585
16994.51,25.19,12.4585
16995.51,25.28,12.4585
16996.51,25.18,12.4585
16997.52,25.19,12.4585
16998.52,25.3,12.4585
16999.52,25.18,12.4585
17000.52,25.18,12.4585
17001.52,25.29,12.4585
17002.52,25.16,12.4585
17003.52,25.14,12.4585
17004.53,28.9,12.4585
17005.53,25.12,12.4585
17006.53,25.22,12.4585
17007.53,25.13,12.4585
17008.53,25.12,12.4585
17009.53,25.23,12.4585
17010.54,25.12,12.4585
17011.54,25.23,12.4585
17012.54,25.17,12.4586
17013.54,25.22,12.4586
17014.54,25.25,12.4586
17015.54,25.16,12.4586
17016.55,25.27,12.4586
17017.55,25.18,12.4586
17018.55,25.17,12.4586
17019.55,25.28,12.4586
17020.55,25.18,12.4586
17021.55,25.28,12.4586
17022.56,25.18,12.4586
17023.56,25.19,12.4587
17024.56,25.27,12.4587
17025.56,25.17,12.4587
17026.56,25.29,12.4587
17027.56,25.18,12.4587
17028.56,25.17,12.4587
17029.57,25.27,12.4587
17030.57,25.17,12.4587
17031.57,25.25,12.4587
17032.57,25.14,12.4588
17033.57,25.18,12.4588
17034.57,25.28,12.4588
17035.58,25.12,12.4588
17036.58,25.23,12.4588
17037.58,25.14,12.4588
17038.58,25.12,12.4588
17039.58,25.23,12.4588
17040.58,25.12,12.4588
17041.59,25.22,12.4588
17042.59,25.13,12.4588
17043.59,25.14,12.4588
17044.59,25.22,12.4588
17045.59,25.12,12.4588
17046.59,25.22,12.4588
17047.6,25.13,12.4588
17048.6,25.14,12.4588
17049.6,25.28,12.4588
17050.6,25.17,12.4588
17051.6,25.25,12.4588
17052.6,25.17,12.459
17053.6,25.19,12.4591
17054.61,25.27,12.4591
17055.61,25.16,12.4591
17056.61,25.28,12.4591
17057.61,25.19,12.4591
17058.61,25.17,12.4591
17059.61,25.23,12.4591
17060.62,25.16,12.4591
17061.62,25.29,12.4591
17062.62,25.19,12.4591
17063.62,25.21,12.4591
17064.62,25.27,12.4591
17065.62,25.16,12.4591
17066.63,25.27,12.4591
17067.63,25.14,12.4591
17068.63,25.12,12.4591
17069.63,25.27,12.4591
17070.63,25.17,12.4592
17071.63,25.18,12.4592
17072.63,25.29,12.4592
17073.64,25.19,12.4592
17074.64,25.28,12.4592
17075.64,25.18,12.4592
17076.64,25.28,12.4592
17077.64,25.15,12.4592
17078.64,25.12,12.4592
17079.65,25.23,12.4592
17080.65,25.12,12.4592
17081.65,25.22,12.4592
17082.65,25.13,12.4592
17083.65,25.14,12.4593
17084.65,25.28,12.4593
17085.66,25.17,12.4593
17086.66,25.26,12.4593
17087.66,25.13,12.4594
17088.66,25.12,12.4594
17089.66,25.22,12.4594
17090.66,25.11,12.4594
17091.67,25.23,12.4594
17092.67,25.22,12.4594
17093.67,25.18,12.4594
17094.67,25.17,12.4594
17095.67,25.27,12.4594
17096.67,25.17,12.4594
17097.67,25.28,12.4594
17098.68,25.17,12.4594
17099.68,25.18,12.4594
17100.68,25.27,12.4594
17101.68,25.18,12.4594
17102.68,25.3,12.4594
17103.68,25.16,12.4594
17104.68,25.17,12.4594
17105.69,25.25,12.4594
17106.69,25.11,12.4594
17107.69,25.13,12.4596
17108.69,25.21,12.4596
17109.69,25.12,12.4596
17110.69,25.21,12.4596
17111.7,25.11,12.4596
17112.7,25.24,12.4597
17113.7,25.11,12.4597
17114.7,25.12,12.4597
17115.7,25.21,12.4597
17116.7,25.11,12.4597
17117.71,25.25,12.4597
17118.71,25.17,12.4597
17119.71,25.15,12.4597
17120.71,25.25,12.4597
17121.71,25.17,12.4597
17122.71,25.3,12.4597
17123.71,25.18,12.4597
17124.72,25.17,12.4597
17125.72,25.27,12.4597
17126.72,25.17,12.4597
17127.72,25.18,12.4598
17128.72,25.26,12.4598
17129.72,25.18,12.4598
17130.73,25.26,12.4598
17131.73,25.15,12.4598
17132.73,25.19,12.4598
17133.73,25.26,12.4598
17134.73,25.16,12.4598
17135.73,25.27,12.4598
17136.74,25.16,12.4598
17137.74,25.18,12.4598
17138.74,25.26,12.4598
17139.74,25.18,12.4598
17140.74,25.27,12.4598
17141.74,25.16,12.4598
17142.74,25.19,12.4599
17143.75,25.26,12.4599
17144.75,25.17,12.4599
17145.75,25.26,12.4599
17146.75,25.16,12.4599
17147.75,25.16,12.4599
17148.75,25.26,12.4599
17149.76,25.14,12.4599
17150.76,25.24,12.4599
17151.76,25.11,12.4599
17152.76,25.15,12.4601
17153.76,25.21,12.4601
17154.76,25.11,12.4601
17155.77,25.23,12.4601
17156.77,25.17,12.4601
17157.77,25.28,12.4601
17158.77,25.17,12.4601
17159.77,25.17,12.4601
17160.77,25.27,12.4601
17161.78,25.17,12.4601
17162.78,25.3,12.4601
17163.78,25.17,12.4601
17164.78,25.17,12.4601
17165.78,25.27,12.4601
17166.78,25.16,12.4601
17167.79,25.22,12.4602
17168.79,25.11,12.4602
17169.79,25.12,12.4602
17170.79,25.21,12.4602
17171.79,25.15,12.4602
17172.79,25.61,12.4602
17173.79,25.16,12.4602
17174.8,25.17,12.4602
17175.8,25.26,12.4602
17176.8,25.16,12.4602
17177.8,25.39,12.4602
17178.8,25.17,12.4602
17179.8,25.17,12.4602
17180.81,25.28,12.4602
17181.81,25.17,12.4602
17182.81,25.21,12.4603
17183.81,25.29,12.4603
17184.81,25.17,12.4603
17185.81,25.17,12.4603
17186.81,25.27,12.4603
17187.82,25.18,12.4603
17188.82,25.26,12.4603
17189.82,25.11,12.4603
17190.82,25.11,12.4603
17191.82,25.21,12.4603
17192.82,25.14,12.4604
17193.83,25.21,12.4604
17194.83,25.11,12.4604
17195.83,25.11,12.4604
17196.83,25.25,12.4604
17197.83,25.19,12.4604
17198.83,25.26,12.4604
17199.83,25.18,12.4604
17200.84,25.18,12.4604
17201.84,25.29,12.4604
17202.84,25.19,12.4604
17203.84,25.17,12.4604
17204.84,25.29,12.4604
17205.84,25.18,12.4604
17206.84,25.18,12.4604
17207.85,25.3,12.4605
17208.85,25.17,12.4605
17209.85,25.17,12.4605
17210.85,25.29,12.4605
17211.85,25.13,12.4605
17212.85,25.15,12.4605
17213.85,25.26,12.4605
17214.86,25.12,12.4605
17215.86,25.23,12.4605
17216.86,25.13,12.4605
17217.86,25.17,12.4605
17218.86,25.62,12.4605
17219.86,25.12,12.4605
17220.87,25.21,12.4605
17221.87,25.11,12.4605
17222.87,25.14,12.4607
17223.87,25.24,12.4607
17224.87,25.17,12.4607
17225.87,25.26,12.4607
17226.87,25.17,12.4607
17227.88,25.21,12.4607
17228.88,25.23,12.4607
17229.88,25.16,12.4607
17230.88,25.16,12.4607
17231.88,25.25,12.4607
17232.88,25.18,12.4608
17233.89,25.17,12.4609
17234.89,25.29,12.4608
17235.89,25.17,12.4608
17236.89,25.28,12.4608
17237.89,25.19,12.4608
17238.89,25.17,12.4609
17239.89,25.28,12.4609
17240.89,25.17,12.4609
17241.9,25.18,12.4609
17242.9,25.27,12.4609
17243.9,25.12,12.4609
17244.9,25.17,12.4609
17245.9,25.3,12.4609
17246.9,25.17,12.4609
17247.9,25.18,12.461
17248.91,25.29,12.461
17249.91,25.15,12.461
17250.91,25.27,12.461
17251.91,25.17,12.461
17252.91,25.2,12.461
17253.91,25.29,12.461
17254.92,25.15,12.461
17255.92,25.26,12.461
17256.92,25.16,12.461
17257.92,25.15,12.461
17258.92,25.26,12.461
17259.92,25.11,12.461
17260.92,25.12,12.461
17261.93,25.27,12.461
17262.93,25.2,12.4611
17263.93,25.18,12.4611
17264.93,25.24,12.4611
17265.93,25.17,12.4611
17266.93,25.26,12.4611
17267.93,25.17,12.4611
17268.94,25.16,12.4611
17269.94,25.21,12.4611
17270.94,25.14,12.4611
17271.94,25.19,12.4611
17272.94,25.28,12.4613
17273.94,25.11,12.4613
17274.95,25.23,12.4613
17275.95,25.16,12.4613
17276.95,25.16,12.4613
17277.95,25.28,12.4613
17278.95,25.16,12.4613
17279.95,25.21,12.4613
17280.96,25.11,12.4613
17281.96,25.11,12.4613
17282.96,25.23,12.4613
17283.96,25.11,12.4613
17284.96,25.21,12.4613
17285.96,25.11,12.4614
17286.96,25.11,12.4614
17287.97,25.22,12.4614
17288.97,25.11,12.4614
17289.97,25.22,12.4614
17290.97,25.11,12.4614
17291.97,25.11,12.4614
17292.97,25.26,12.4614
17293.98,25.16,12.4614
17294.98,25.27,12.4614
17295.98,25.14,12.4614
17296.98,25.1,12.4614
17297.98,25.21,12.4615
17298.98,25.11,12.4615
17299.99,25.11,12.4615
17300.99,25.21,12.4615
17301.99,25.11,12.4615
17302.99,25.23,12.4615
17303.99,25.11,12.4615
17304.99,25.11,12.4615
17305.99,25.21,12.4615
17307.0,25.16,12.4615
17308.0,25.23,12.4615
17309.0,25.12,12.4615
17310.0,25.12,12.4615
17311.0,25.21,12.4615
17312.0,25.11,12.4615
17313.01,25.24,12.4616
17314.01,25.12,12.4616
17315.01,25.17,12.4616
17316.01,25.27,12.4616
17317.01,25.17,12.4616
17318.01,25.27,12.4616
17319.02,25.17,12.4616
17320.02,25.19,12.4616
17321.02,25.28,12.4616
17322.02,25.17,12.4616
17323.02,25.2,12.4617
17324.02,25.28,12.4617
17325.02,25.17,12.4617
17326.02,25.16,12.4617
17327.03,25.26,12.4617
17328.03,25.17,12.4617
17329.03,25.27,12.4617
17330.03,25.16,12.4617
17331.03,25.18,12.4617
17332.03,25.27,12.4617
17333.03,25.18,12.4617
17334.04,25.16,12.4617
17335.04,25.26,12.4617
17336.04,25.16,12.4617
17337.04,25.16,12.4617
17338.04,25.27,12.4619
17339.04,25.18,12.4619
17340.05,25.26,12.4619
17341.05,25.12,12.4619
17342.05,25.12,12.4619
17343.05,25.29,12.4619
17344.05,25.15,12.4619
17345.05,25.26,12.4619
17346.05,25.17,12.4619
17347.06,25.17,12.4619
17348.06,25.3,12.4619
17349.06,25.16,12.4619
17350.06,25.17,12.4619
17351.06,25.27,12.4619
17352.06,25.16,12.4619
17353.07,25.28,12.462
17354.07,25.16,12.462
17355.07,25.16,12.462
17356.07,25.27,12.462
17357.07,25.17,12.462
17358.07,25.17,12.462
17359.07,25.26,12.462
17360.08,25.17,12.462
17361.08,25.26,12.462
17362.08,25.17,12.462
17363.08,25.19,12.4621
17364.08,25.27,12.4621
17365.08,25.17,12.4621
17366.09,25.26,12.4621
17367.09,25.16,12.4621
17368.09,25.17,12.4621
17369.09,25.26,12.4621
17370.09,25.15,12.4621
17371.09,25.22,12.4621
17372.09,25.14,12.4621
17373.1,25.14,12.4621
17374.1,25.21,12.4621
17375.1,25.13,12.4621
17376.1,25.26,12.4621
17377.1,25.16,12.4621
17378.1,25.18,12.4621
17379.11,25.27,12.4621
17380.11,25.17,12.4621
17381.11,25.26,12.4621
17382.11,25.16,12.4621
17383.11,25.19,12.4624
17384.11,25.27,12.4624
17385.12,25.17,12.4624
17386.12,25.16,12.4624
17387.12,25.27,12.4624
17388.12,25.17,12.4624
17389.12,25.27,12.4624
17390.12,25.17,12.4624
17391.12,25.16,12.4624
17392.13,25.27,12.4624
17393.13,25.19,12.4624
17394.13,25.27,12.4624
17395.13,25.17,12.4624
17396.13,25.17,12.4624
17397.13,25.27,12.4624
17398.14,25.18,12.4624
17399.14,25.27,12.4624
17400.14,25.18,12.4624
17401.14,25.18,12.4624
17402.14,25.27,12.4624
17403.14,25.19,12.4625
17404.14,25.13,12.4625
17405.15,25.23,12.4625
17406.15,25.12,12.4625
17407.15,25.12,12.4625
17408.15,25.23,12.4625
17409.15,25.12,12.4625
17410.15,25.35,12.4625
17411.15,25.16,12.4625
17412.16,25.11,12.4625
17413.16,25.23,12.4626
17414.16,25.11,12.4626
17415.16,25.22,12.4626
17416.16,25.18,12.4626
17417.16,25.17,12.4626
17418.17,25.27,12.4626
17419.17,25.17,12.4626
17420.17,25.17,12.4626
17421.17,25.27,12.4626
17422.17,25.16,12.4626
17423.17,25.26,12.4627
17424.17,25.13,12.4627
17425.18,25.11,12.4627
17426.18,25.24,12.4627
17427.18,25.14,12.4627
17428.18,25.17,12.4627
17429.18,25.12,12.4627
17430.18,25.21,12.4627
17431.18,25.11,12.4627
17432.19,25.27,12.4627
17433.19,25.19,12.4627
17434.19,25.13,12.4627
17435.19,25.27,12.4627
17436.19,25.18,12.4627
17437.19,25.17,12.4627
17438.19,25.28,12.4627
17439.2,25.17,12.4627
17440.2,25.28,12.4627
17441.2,25.17,12.4627
17442.2,25.15,12.4627
17443.2,25.24,12.463
17444.2,25.11,12.463
17445.21,25.22,12.463
17446.21,25.17,12.463
17447.21,25.17,12.463
17448.21,25.27,12.463
17449.21,25.17,12.463
17450.21,25.15,12.463
17451.21,25.27,12.463
17452.22,25.17,12.463
17453.22,25.29,12.463
17454.22,25.16,12.463
17455.22,25.16,12.463
17456.22,25.27,12.463
17457.22,25.17,12.463
17458.23,25.18,12.463
17459.23,25.27,12.463
17460.23,25.17,12.463
17461.23,25.27,12.463
17462.23,25.17,12.463
17463.23,25.19,12.4631
17464.23,25.27,12.4631
17465.24,25.17,12.4631
17466.24,25.22,12.4631
17467.24,25.16,12.4631
17468.24,25.18,12.4631
17469.24,25.26,12.4631
17470.24,25.18,12.4631
17471.25,25.27,12.4631
17472.25,25.18,12.4631
17473.25,25.19,12.4632
17474.25,25.27,12.4632
17475.25,25.16,12.4632
17476.25,25.26,12.4632
17477.25,25.14,12.4632
17478.26,25.13,12.4632
17479.26,25.25,12.4632
17480.26,25.17,12.4632
17481.26,25.23,12.4632
17482.26,25.11,12.4632
17483.26,25.17,12.4632
17484.27,25.26,12.4632
17485.27,25.16,12.4632
17486.27,25.16,12.4632
17487.27,25.24,12.4632
17488.27,25.18,12.4633
17489.27,67.89,12.4634
17490.27,99.9,12.4649
17491.28,49.24,12.4649
17492.28,25.25,12.4649
17493.28,25.23,12.4649
17494.28,25.18,12.4649
17495.28,25.26,12.4649
17496.28,25.17,12.4649
17497.29,25.27,12.4649
17498.29,25.18,12.465
17499.29,25.17,12.465
17500.29,25.28,12.465
17501.29,25.14,12.465
17502.29,25.22,12.465
17503.29,25.14,12.465
17504.3,25.11,12.465
17505.3,25.21,12.465
17506.3,25.11,12.465
17507.3,25.11,12.465
17508.3,25.24,12.465
17509.3,25.16,12.465
17510.31,25.27,12.465
17511.31,25.16,12.465
17512.31,25.17,12.465
17513.31,25.29,12.4651
17514.31,25.17,12.4651
17515.31,25.17,12.4651
17516.31,25.27,12.4651
17517.32,25.17,12.4651
17518.32,25.28,12.4651
17519.32,25.17,12.4651
17520.32,25.17,12.4651
17521.32,25.26,12.4651
17522.32,25.17,12.4651
17523.33,25.3,12.4652
17524.33,25.18,12.4652
17525.33,25.17,12.4652
17526.33,25.26,12.4652
17527.33,25.17,12.4652
17528.33,25.27,12.4652
17529.34,25.15,12.4652
17530.34,25.18,12.4652
17531.34,25.26,12.4652
17532.34,25.17,12.4652
17533.34,25.29,12.4652
17534.34,25.16,12.4652
17535.34,25.12,12.4652
17536.35,25.21,12.4652
17537.35,25.11,12.4652
17538.35,25.22,12.4652
17539.35,25.12,12.4652
17540.35,25.11,12.4652
17541.35,25.24,12.4652
17542.36,25.16,12.4652
17543.36,25.3,12.4655
17544.36,25.17,12.4655
17545.36,25.17,12.4655
17546.36,25.27,12.4655
17547.36,25.18,12.4655
17548.37,25.18,12.4655
17549.37,25.27,12.4655
17550.37,25.17,12.4655
17551.37,25.27,12.4655
17552.37,25.17,12.4655
17553.37,25.19,12.4655
17554.37,25.27,12.4655
17555.38,25.17,12.4655
17556.38,25.24,12.4655
17557.38,25.15,12.4655
17558.38,25.18,12.4655
17559.38,25.28,12.4655
17560.38,25.15,12.4655
17561.39,25.27,12.4655
17562.39,25.15,12.4655
17563.39,25.13,12.4655
17564.39,25.24,12.4655
17565.39,25.15,12.4655
17566.39,25.27,12.4655
17567.4,25.18,12.4656
17568.4,25.16,12.4656
17569.4,25.26,12.4656
17570.4,25.16,12.4656
17571.4,25.26,12.4656
17572.4,25.14,12.4656
17573.4,25.13,12.4657
17574.41,25.21,12.4657
17575.41,25.11,12.4657
17576.41,25.21,12.4657
17577.41,25.14,12.4657
17578.41,25.17,12.4657
17579.41,25.26,12.4657
17580.42,25.17,12.4657
17581.42,25.27,12.4657
17582.42,25.17,12.4657
17583.42,25.19,12.4657
17584.42,25.26,12.4657
17585.42,25.17,12.4657
17586.43,25.27,12.4657
17587.43,25.17,12.4658
17588.43,25.17,12.4658
17589.43,25.28,12.4658
17590.43,25.16,12.4658
17591.43,25.14,12.4658
17592.43,25.27,12.4658
17593.44,25.19,12.4658
17594.44,25.27,12.4658
17595.44,25.17,12.4658
17596.44,25.17,12.4658
17597.44,25.28,12.4658
17598.44,25.16,12.4658
17599.45,25.21,12.4658
17600.45,25.1,12.4658
17601.45,25.11,12.4658
17602.45,25.26,12.4658
17603.45,25.17,12.466
17604.45,25.26,12.466
17605.46,25.17,12.466
17606.46,25.17,12.466
17607.46,25.28,12.466
17608.46,25.17,12.466
17609.46,25.27,12.4659
17610.46,25.17,12.4659
17611.46,25.16,12.4659
17612.47,25.23,12.4661
17613.47,25.14,12.4661
17614.47,25.22,12.4661
17615.47,25.11,12.4661
17616.47,25.11,12.4661
17617.47,25.24,12.4661
17618.48,25.17,12.4661
17619.48,25.2,12.4661
17620.48,25.29,12.4661
17621.48,25.17,12.4661
17622.48,25.14,12.4661
17623.48,25.23,12.4661
17624.48,25.14,12.4661
17625.49,25.25,12.4661
17626.49,25.16,12.4661
17627.49,25.19,12.4661
17628.49,25.25,12.4661
17629.49,25.17,12.4661
17630.49,25.16,12.4661
17631.49,25.27,12.4661
17632.5,25.17,12.4662
17633.5,25.38,12.4663
17634.5,25.19,12.4663
17635.5,25.17,12.4663
17636.5,25.27,12.4663
17637.5,25.18,12.4663
17638.5,25.12,12.4663
17639.51,25.25,12.4663
17640.51,25.16,12.4663
17641.51,25.27,12.4663
17642.51,25.18,12.4663
17643.51,25.19,12.4663
17644.51,25.27,12.4663
17645.52,25.16,12.4663
17646.52,25.17,12.4663
17647.52,25.28,12.4663
17648.52,25.16,12.4663
17649.52,25.26,12.4663
17650.52,25.16,12.4663
17651.52,25.17,12.4663
17652.53,79.22,2.5388
17653.53,78.62,2.9941
17654.53,86.5,3.2153
17655.53,88.22,3.4224
17656.53,80.82,3.6722
17657.53,78.65,3.9206
17658.53,77.08,4.1878
17659.54,77.84,4.4805
17660.54,76.26,4.6961
17661.54,75.41,4.8934
17662.54,75.61,5.0607
17663.54,76.41,5.2571
17664.54,75.93,5.4515
17665.54,40.36,6.1639
17666.55,25.26,6.8987
17667.55,54.55,7.9542
17668.55,100.01,8.8222
17669.55,77.78,9.4032
17670.55,25.18,9.4032
17671.55,25.18,9.4032
17672.55,73.06,9.4037
17673.55,76.4,9.4042
17674.56,75.38,9.4044
17675.56,77.01,9.5077
17676.56,75.58,9.5077
17677.56,75.5,9.5077
17678.56,75.73,9.5077
17679.56,75.87,9.5077
17680.56,76.64,9.5077
17681.57,72.78,9.5077
17682.57,48.08,9.501
17683.57,42.34,9.5011
17684.57,36.99,9.5013
17685.57,38.04,9.5015
17686.57,36.43,9.5015
17687.57,31.09,9.5016
17688.58,30.94,9.5016
17689.58,28.93,9.5016
17690.58,38.56,9.6053
17691.58,99.89,10.5642
17692.58,100.27,11.2208
17693.58,99.9,11.8659
17694.58,94.15,12.2879
17695.59,28.92,12.336
17696.59,26.33,12.336
17697.59,30.78,12.3361
17698.59,27.23,12.3361
17699.59,30.18,12.3361
17700.59,27.47,12.3361
17701.59,28.23,12.3361
17702.6,27.22,12.3361
17703.6,33.13,12.3361
17704.6,27.0,12.3361
17705.6,32.56,12.3361
17706.6,30.55,12.3361
17707.6,25.5,12.3361
17708.6,39.92,12.3361
17709.61,39.4,12.3361
17710.61,26.15,12.3361
17711.61,25.23,12.3361
17712.61,39.39,12.3362
17713.61,38.78,12.3362
17714.61,32.17,12.3362
17715.62,30.7,12.3362
17716.62,47.72,12.3362
17717.62,29.38,12.3362
17718.62,30.37,12.3362
17719.62,25.61,12.3362
17720.62,25.29,12.3362
17721.63,28.55,12.3362
17722.63,30.08,12.3362
17723.63,50.22,12.3363
17724.63,37.24,12.3443
17725.63,25.32,12.3443
17726.63,26.41,12.3443
17727.64,25.2,12.3443
17728.64,25.39,12.3443
17729.64,25.59,12.3443
17730.64,26.53,12.3443
17731.64,25.27,12.3443
17732.64,26.38,12.3443
17733.64,32.74,12.3443
17734.65,27.11,12.3443
17735.65,25.17,12.3443
17736.65,25.27,12.3443
17737.65,25.23,12.3444
17738.65,25.24,12.3444
17739.65,25.61,12.3444
17740.65,25.25,12.3444
17741.66,25.14,12.3444
17742.66,25.36,12.3444
17743.66,25.19,12.3444
17744.66,25.14,12.3444
17745.66,25.29,12.3444
17746.66,25.98,12.3444
17747.66,25.96,12.3445
17748.67,25.41,12.3445
17749.67,25.37,12.3445
17750.67,35.51,12.3445
17751.67,25.21,12.3445
17752.67,25.22,12.3445
17753.67,26.75,12.3445
17754.67,25.21,12.3445
17755.68,25.2,12.3445
17756.68,25.29,12.3445
17757.68,25.3,12.3445
17758.68,25.19,12.3445
17759.68,25.29,12.3445
17760.68,25.26,12.3445
17761.68,25.76,12.3445
17762.69,31.59,12.3447
17763.69,99.87,12.4134
17764.69,92.27,12.4593
17765.69,25.19,12.4593
17766.69,25.24,12.4593
17767.69,25.4,12.4593
17768.7,25.18,12.4593
17769.7,26.1,12.4593
17770.7,25.23,12.4593
17771.7,25.18,12.4593
17772.7,26.1,12.4595
17773.7,29.85,12.4595
17774.71,25.35,12.4595
17775.71,25.46,12.4595
17776.71,25.17,12.4595
17777.71,25.23,12.4595
17778.71,25.12,12.4595
17779.71,25.23,12.4595
17780.72,25.13,12.4595
17781.72,25.45,12.4595
17782.72,57.11,12.4595
17783.72,67.92,12.4598
17784.72,52.5,12.4599
17785.72,29.26,12.4599
17786.73,51.49,12.4623
17787.73,25.7,12.4624
17788.73,25.17,12.4624
17789.73,25.36,12.4624
17790.73,25.17,12.4624
17791.73,26.95,12.4624
17792.73,25.46,12.4624
17793.74,25.17,12.4624
17794.74,25.27,12.4624
17795.74,25.17,12.4624
17796.74,25.17,12.4624
17797.74,25.28,12.4624
17798.74,25.17,12.4624
17799.75,25.28,12.4624
17800.75,25.17,12.4624
17801.75,25.17,12.4624
17802.75,25.3,12.4625
17803.75,25.18,12.4625
17804.75,25.28,12.4625
17805.75,25.16,12.4625
17806.76,25.12,12.4625
17807.76,25.23,12.4626
17808.76,25.14,12.4626
17809.76,25.27,12.4626
17810.76,25.42,12.4626
17811.76,28.3,12.4626
17812.77,25.23,12.4626
17813.77,87.93,12.4706
17814.77,99.77,12.487
17815.77,29.29,12.4874
17816.77,25.93,12.4874
17817.77,25.34,12.4874
17818.77,25.61,12.4874
17819.78,25.22,12.4874
17820.78,25.3,12.4874
17821.78,25.29,12.4874
17822.78,25.19,12.4874
17823.78,25.29,12.4874
17824.78,25.6,12.4874
17825.78,25.19,12.4874
17826.79,26.4,12.4874
17827.79,25.15,12.4874
17828.79,25.13,12.4874
17829.79,25.29,12.4874
17830.79,25.17,12.4874
17831.79,25.17,12.4874
17832.79,25.24,12.4876
17833.8,25.11,12.4876
17834.8,25.21,12.4876
17835.8,25.11,12.4876
17836.8,25.12,12.4876
17837.8,25.22,12.4876
17838.8,25.11,12.4876
17839.81,25.21,12.4876
17840.81,51.92,12.4876
17841.81,100.02,12.4894
17842.81,49.26,12.4896
17843.81,25.17,12.4896
17844.81,25.16,12.4896
17845.81,25.27,12.4896
17846.82,25.18,12.4896
17847.82,25.3,12.4897
17848.82,25.18,12.4897
17849.82,25.18,12.4897
17850.82,25.3,12.4897
17851.82,25.18,12.4897
17852.82,25.2,12.4897
17853.83,25.3,12.4897
17854.83,25.18,12.4897
17855.83,25.18,12.4897
17856.83,25.23,12.4897
17857.83,25.18,12.4897
17858.83,25.55,12.4897
17859.84,25.19,12.4897
17860.84,25.18,12.4897
17861.84,25.28,12.4897
17862.84,25.2,12.4897
17863.84,25.28,12.4897
17864.84,26.56,12.4897
17865.85,25.28,12.4897
17866.85,25.12,12.4897
17867.85,25.14,12.4898
17868.85,25.22,12.4898
17869.85,25.12,12.4898
17870.85,25.26,12.4898
17871.85,25.17,12.4898
17872.86,25.15,12.4899
17873.86,25.22,12.4899
17874.86,25.12,12.4899
17875.86,25.21,12.4899
17876.86,25.12,12.4899
17877.87,25.23,12.4899
17878.87,25.17,12.4899
17879.87,25.27,12.4899
17880.87,25.17,12.4899
17881.87,25.17,12.4899
17882.87,25.29,12.4899
17883.88,25.22,12.4899
17884.88,25.24,12.4899
17885.88,25.18,12.4899
17886.88,25.18,12.4899
17887.88,25.29,12.4901
17888.88,25.18,12.49
17889.89,25.29,12.49
17890.89,25.18,12.49
17891.89,25.19,12.49
17892.89,25.32,12.49
17893.89,25.18,12.49
17894.89,52.55,12.49
17895.89,99.87,12.4909
17896.9,59.86,12.4922
17897.9,25.26,12.4922
17898.9,25.16,12.4922
17899.9,25.19,12.4922
17900.9,25.29,12.4922
17901.9,25.19,12.4923
17902.91,25.31,12.4923
17903.91,25.19,12.4923
17904.91,25.19,12.4923
17905.91,25.31,12.4923
17906.91,25.2,12.4923
17907.91,25.3,12.4923
17908.91,25.15,12.4923
17909.92,25.11,12.4923
17910.92,25.24,12.4923
17911.92,25.19,12.4923
17912.92,25.37,12.4925
17913.92,27.25,12.4925
17914.92,25.2,12.4925
17915.93,25.3,12.4925
17916.93,25.2,12.4925
17917.93,25.31,12.4925
17918.93,25.2,12.4925
17919.93,25.2,12.4925
17920.93,25.3,12.4925
17921.94,25.2,12.4925
17922.94,25.31,12.4926
17923.94,25.18,12.4926
17924.94,51.79,12.7581
17925.94,100.03,13.1936
17926.94,56.19,13.1936
17927.94,25.19,13.1937
17928.95,25.29,13.1937
17929.95,25.19,13.1937
17930.95,25.28,13.1937
17931.95,25.23,13.1937
17932.95,25.19,13.1937
17933.95,25.24,13.1937
17934.96,25.12,13.1937
17935.96,25.29,13.1937
17936.96,25.19,13.1937
17937.96,25.19,13.1937
17938.96,25.27,13.1937
17939.96,25.18,13.1937
17940.97,25.27,13.1937
17941.97,25.18,13.1937
17942.97,25.2,13.1937
17943.97,25.27,13.1937
17944.97,25.17,13.1937
17945.97,25.27,13.1937
17946.97,25.17,13.1937
17947.98,25.19,13.1939
17948.98,25.29,13.1939
17949.98,25.19,13.1939
17950.98,25.16,13.1939
17951.98,25.23,13.1939
17952.98,25.15,13.194
17953.99,25.23,13.194
17954.99,25.13,13.194
17955.99,25.13,13.194
17956.99,25.23,13.194
17957.99,25.14,13.194
17958.99,25.23,13.194
17960.0,25.77,13.194
17961.0,25.19,13.194
17962.0,25.22,13.194
17963.0,43.51,13.3273
17964.0,26.19,13.3327
17965.0,25.19,13.3327
17966.0,25.2,13.3327
17967.01,25.3,13.3327
17968.01,25.21,13.3329
17969.01,25.31,13.3329
17970.01,25.2,13.3329
17971.01,25.2,13.3329
17972.01,25.33,13.3329
17973.01,25.22,13.333
17974.02,25.2,13.333
17975.02,25.32,13.333
17976.02,25.21,13.333
17977.02,25.22,13.333
17978.02,25.33,13.333
17979.02,25.22,13.333
17980.03,25.32,13.333
17981.03,25.22,13.333
17982.03,25.24,13.333
17983.03,25.34,13.3331
17984.03,25.22,13.3331
17985.03,25.33,13.3331
17986.03,25.21,13.3331
17987.04,25.22,13.3331
17988.04,25.34,13.3331
17989.04,25.21,13.3331
17990.04,25.21,13.3331
17991.04,25.28,13.3331
17992.04,25.2,13.3331
17993.05,25.32,13.3331
17994.05,25.21,13.3331
17995.05,25.21,13.3331
17996.05,25.32,13.3331
17997.05,25.22,13.3331
17998.05,25.24,13.3331
17999.05,25.13,13.3331
18000.06,25.13,13.3331
18001.06,25.23,13.3331
18002.06,25.14,13.3331
18003.06,25.26,13.3333
18004.06,25.13,13.3333
18005.06,25.12,13.3333
18006.07,25.31,13.3333
18007.07,25.19,13.3333
18008.07,25.2,13.3333
18009.07,25.32,13.3333
18010.07,25.21,13.3333
18011.07,25.21,13.3333
18012.07,25.33,13.3333
18013.07,25.22,13.3333
18014.08,25.21,13.3333
18015.08,25.31,13.3333
18016.08,25.2,13.3333
18017.08,25.28,13.3333
18018.08,25.2,13.3333
18019.08,25.21,13.3333
18020.09,25.34,13.3333
18021.09,25.21,13.3333
18022.09,25.2,13.3333
18023.09,25.33,13.3333
18024.09,25.2,13.3333
18025.09,25.3,13.3333
18026.1,25.21,13.3333
18027.1,25.21,13.3333
18028.1,25.31,13.3335
18029.1,25.21,13.3335
18030.1,25.31,13.3335
18031.1,25.19,13.3335
18032.1,25.2,13.3335
18033.11,25.34,13.3336
18034.11,25.2,13.3336
18035.11,25.21,13.3336
18036.11,25.3,13.3336
18037.11,25.13,13.3336
18038.11,25.23,13.3336
18039.12,25.12,13.3336
18040.12,25.16,13.3336
18041.12,25.26,13.3336
18042.12,25.21,13.3336
18043.12,25.34,13.3336
18044.12,25.21,13.3336
18045.12,25.22,13.3336
18046.13,25.32,13.3336
18047.13,25.21,13.3336
18048.13,25.32,13.3337
18049.13,25.2,13.3337
18050.13,25.22,13.3337
18051.13,25.31,13.3337
18052.14,25.2,13.3337
18053.14,25.23,13.3337
18054.14,25.29,13.3337
18055.14,25.17,13.3337
18056.14,25.24,13.3337
18057.14,25.19,13.3337
18058.14,25.21,13.3337
18059.15,25.3,13.3337
18060.15,32.24,13.3337
18061.15,27.3,13.3343
18062.15,25.15,13.3343
18063.15,25.16,13.3343
18064.15,25.22,13.3343
18065.16,25.13,13.3343
18066.16,25.23,13.3343
18067.16,25.15,13.3343
18068.16,25.22,13.3343
18069.16,25.31,13.3343
18070.16,25.22,13.3343
18071.16,25.21,13.3343
18072.17,25.34,13.3343
18073.17,25.23,13.3344
18074.17,25.21,13.3344
18075.17,25.33,13.3344
18076.17,25.2,13.3344
18077.17,25.21,13.3344
18078.17,25.31,13.3344
18079.17,25.22,13.3344
18080.18,25.22,13.3344
18081.18,25.2,13.3344
18082.18,25.29,13.3344
18083.18,25.16,13.3344
18084.18,25.23,13.3344
18085.18,25.13,13.3344
18086.18,25.12,13.3344
18087.19,25.25,13.3344
18088.19,25.24,13.3344
18089.19,25.2,13.3344
18090.19,25.3,13.3344
18091.19,25.2,13.3344
18092.19,25.32,13.3344
18093.19,25.23,13.3347
18094.2,25.2,13.3347
18095.2,25.34,13.3347
18096.2,25.21,13.3347
18097.2,25.21,13.3347
18098.2,25.34,13.3347
18099.2,25.2,13.3347
18100.2,25.21,13.3347
18101.21,25.32,13.3347
18102.21,25.18,13.3347
18103.21,25.21,13.3347
18104.21,25.22,13.3347
18105.21,25.28,13.3347
18106.22,25.14,13.3347
18107.22,25.24,13.3347
18108.22,25.14,13.3347
18109.22,25.12,13.3347
18110.22,25.23,13.3347
18111.22,25.13,13.3347
18112.23,34.36,13.3371
18113.23,25.23,13.3371
18114.23,25.19,13.3371
18115.23,25.29,13.3371
18116.23,25.2,13.3371
18117.23,25.31,13.3371
18118.24,25.22,13.3371
18119.24,25.29,13.3371
18120.24,25.21,13.3371
18121.24,25.21,13.3371
18122.24,25.33,13.3371
18123.24,25.23,13.3371
18124.24,25.21,13.3371
18125.25,25.33,13.3371
18126.25,25.21,13.3371
18127.25,25.21,13.3371
18128.25,25.32,13.3372
18129.25,25.2,13.3372
18130.25,25.3,13.3372
18131.26,25.18,13.3372
18132.26,25.18,13.3372
18133.26,25.31,13.3373
18134.26,25.13,13.3373
18135.26,25.24,13.3373
18136.26,25.14,13.3373
18137.27,25.24,13.3373
18138.27,25.15,13.3373
18139.27,25.13,13.3373
18140.27,25.23,13.3373
18141.27,25.13,13.3373
18142.27,25.23,13.3373
18143.28,25.16,13.3373
18144.28,25.16,13.3373
18145.28,25.36,13.3373
18146.28,25.18,13.3373
18147.28,25.21,13.3373
18148.28,25.29,13.3374
18149.28,25.14,13.3374
18150.29,25.22,13.3374
18151.29,25.18,13.3374
18152.29,25.17,13.3374
18153.29,25.34,13.3374
18154.29,25.17,13.3374
18155.29,25.19,13.3374
18156.29,25.28,13.3374
18157.3,25.18,13.3374
18158.3,25.28,13.3374
18159.3,25.11,13.3374
18160.3,25.28,13.3374
18161.3,25.18,13.3374
18162.3,25.19,13.3374
18163.31,25.32,13.3376
18164.31,25.15,13.3376
18165.31,25.22,13.3376
18166.31,25.29,13.3376
18167.31,25.19,13.3376
18168.31,25.32,13.3377
18169.32,25.16,13.3377
18170.32,25.28,13.3377
18171.32,25.18,13.3377
18172.32,25.19,13.3377
18173.32,25.31,13.3377
18174.32,25.18,13.3377
18175.33,25.28,13.3377
18176.33,25.2,13.3377
18177.33,25.18,13.3377
18178.33,25.3,13.3377
18179.33,25.24,13.3377
18180.33,25.18,13.3377
18181.33,25.29,13.3377
18182.34,25.2,13.3377
18183.34,25.29,13.3377
18184.34,25.2,13.3377
18185.34,25.18,13.3377
18186.34,25.31,13.3377
18187.34,25.19,13.3377
18188.34,25.19,13.3378
18189.35,25.24,13.3378
18190.35,25.28,13.3378
18191.35,25.18,13.3378
18192.35,25.2,13.3378
18193.35,25.31,13.3379
18194.36,25.19,13.3379
18195.36,25.29,13.3379
18196.36,25.17,13.3379
18197.36,25.18,13.3379
18198.36,25.28,13.3379
18199.36,25.17,13.3379
18200.37,25.27,13.3379
18201.37,25.17,13.3379
18202.37,25.17,13.3379
18203.37,25.29,13.3379
18204.37,25.17,13.3379
18205.37,25.27,13.3379
18206.37,25.17,13.3379
18207.38,25.18,13.3379
18208.38,25.28,13.3379
18209.38,25.17,13.3379
18210.38,25.18,13.3379
18211.38,25.28,13.3379
18212.38,25.19,13.3381
18213.39,25.29,13.3381
18214.39,25.18,13.3381
18215.39,25.17,13.3381
18216.39,25.27,13.3381
18217.39,25.19,13.3381
18218.39,25.27,13.3381
18219.4,25.17,13.3381
18220.4,25.28,13.3381
18221.4,25.17,13.3381
18222.4,25.18,13.3381
18223.4,25.28,13.3382
18224.4,25.16,13.3382
18225.41,25.28,13.3382
18226.41,25.16,13.3382
18227.41,25.17,13.3382
18228.41,25.27,13.3382
18229.41,25.13,13.3382
18230.41,25.28,13.3382
18231.41,25.18,13.3382
18232.42,25.19,13.3383
18233.42,25.29,13.3383
18234.42,25.18,13.3383
18235.42,25.29,13.3383
18236.42,25.2,13.3383
18237.42,25.2,13.3383
18238.43,25.28,13.3383
18239.43,25.17,13.3383
18240.43,25.18,13.3383
18241.43,25.27,13.3383
18242.43,25.19,13.3383
18243.43,25.31,13.3383
18244.44,25.19,13.3383
18245.44,25.2,13.3383
18246.44,25.27,13.3383
18247.44,25.18,13.3383
18248.44,25.25,13.3383
18249.44,25.19,13.3383
18250.45,25.3,13.3383
18251.45,25.19,13.3383
18252.45,25.2,13.3384
18253.45,25.28,13.3384
18254.45,25.15,13.3384
18255.45,25.25,13.3384
18256.45,25.13,13.3384
18257.46,25.14,13.3384
18258.46,25.22,13.3384
18259.46,25.13,13.3384
18260.46,25.26,13.3384
18261.46,25.19,13.3384
18262.46,25.19,13.3384
18263.47,25.28,13.3385
18264.47,25.18,13.3385
18265.47,25.29,13.3385
18266.47,25.2,13.3385
18267.47,25.2,13.3385
18268.47,25.28,13.3385
18269.48,25.18,13.3385
18270.48,25.2,13.3385
18271.48,25.29,13.3385
18272.48,25.21,13.3385
18273.48,25.19,13.3385
18274.48,25.28,13.3385
18275.48,25.17,13.3385
18276.49,25.27,13.3385
18277.49,25.19,13.3387
18278.49,25.18,13.3387
18279.49,25.29,13.3387
18280.49,25.18,13.3387
18281.49,25.27,13.3387
18282.5,25.2,13.3387
18283.5,25.2,13.3387
18284.5,25.28,13.3387
18285.5,25.18,13.3387
18286.5,25.28,13.3387
18287.5,25.19,13.3387
18288.51,25.22,13.3387
18289.51,25.12,13.3387
18290.51,25.12,13.3387
18291.51,25.22,13.3387
18292.51,25.13,13.3387
18293.51,25.19,13.3388
18294.51,25.26,13.3388
18295.52,25.14,13.3388
18296.52,25.22,13.3389
18297.52,25.14,13.3389
18298.52,25.12,13.3389
18299.52,25.25,13.3389
18300.52,25.13,13.3389
18301.53,25.22,13.3389
18302.53,25.14,13.3389
18303.53,25.14,13.3389
18304.53,25.22,13.3389
18305.53,25.12,13.3389
18306.53,25.22,13.3389
18307.54,25.13,13.3389
18308.54,25.12,13.3389
18309.54,25.22,13.3389
18310.54,25.12,13.3389
18311.54,25.22,13.3389
18312.54,25.13,13.339
18313.54,25.15,13.339
18314.55,25.27,13.339
18315.55,25.17,13.339
18316.55,25.27,13.339
18317.55,25.15,13.339
18318.55,25.12,13.339
18319.55,25.21,13.339
18320.56,25.12,13.339
18321.56,25.22,13.339
18322.56,25.13,13.339
18323.56,25.13,13.3391
18324.56,25.22,13.3391
18325.56,25.16,13.3391
18326.57,25.26,13.3391
18327.57,25.13,13.3391
18328.57,25.11,13.3391
18329.57,25.21,13.3391
18330.57,25.11,13.3391
18331.57,25.22,13.3391
18332.58,25.14,13.3393
18333.58,25.14,13.3393
18334.58,25.21,13.3393
18335.58,25.16,13.3393
18336.58,25.27,13.3393
18337.58,25.18,13.3393
18338.58,25.17,13.3393
18339.59,25.29,13.3393
18340.59,25.17,13.3393
18341.59,25.17,13.3393
18342.59,25.27,13.3393
18343.59,25.18,13.3393
18344.59,25.27,13.3393
18345.59,25.16,13.3393
18346.6,25.17,13.3393
18347.6,25.27,13.3393
18348.6,25.17,13.3393
18349.6,25.27,13.3393
18350.6,25.17,13.3393
18351.6,25.17,13.3393
18352.61,25.28,13.3394
18353.61,25.28,13.3395
18354.61,25.27,13.3395
18355.61,25.17,13.3395
18356.61,25.19,13.3395
18357.61,25.18,13.3395
18358.61,25.27,13.3395
18359.62,25.17,13.3395
18360.62,25.29,13.3395
18361.62,25.17,13.3395
18362.62,25.18,13.3395
18363.62,25.3,13.3395
18364.62,25.17,13.3395
18365.62,25.17,13.3395
18366.63,25.26,13.3395
18367.63,25.18,13.3395
18368.63,25.27,13.3395
18369.63,25.17,13.3395
18370.63,25.17,13.3395
18371.63,25.27,13.3395
18372.64,25.17,13.3396
18373.64,25.25,13.3396
18374.64,25.11,13.3396
18375.64,25.12,13.3396
18376.64,25.27,13.3396
18377.64,25.18,13.3396
18378.65,25.27,13.3396
18379.65,25.17,13.3396
18380.65,25.16,13.3396
18381.65,25.21,13.3396
18382.65,25.14,13.3396
18383.65,25.28,13.3398
18384.65,25.13,13.3398
18385.66,25.11,13.3398
18386.66,25.26,13.3398
18387.66,25.18,13.3398
18388.66,25.27,13.3398
18389.66,25.17,13.3398
18390.66,25.17,13.3398
18391.67,25.27,13.3398
18392.67,25.2,13.3399
18393.67,25.22,13.3399
18394.67,25.14,13.3399
18395.67,25.17,13.3399
18396.67,25.27,13.3399
18397.68,25.18,13.3399
18398.68,25.24,13.3399
18399.68,25.19,13.3399
18400.68,25.17,13.3399
18401.68,25.27,13.3399
18402.68,25.2,13.3399
18403.68,25.16,13.3399
18404.69,25.26,13.3399
18405.69,25.17,13.3399
18406.69,25.27,13.3399
18407.69,25.18,13.3399
18408.69,25.17,13.3399
18409.69,25.27,13.3399
18410.7,25.17,13.3399
18411.7,25.27,13.3399
18412.7,25.19,13.3401
18413.7,25.17,13.3401
18414.7,25.27,13.3401
18415.7,25.17,13.3401
18416.71,25.27,13.3401
18417.71,25.17,13.3401
18418.71,25.16,13.3401
18419.71,25.26,13.3401
18420.71,25.16,13.3401
18421.71,25.27,13.3401
18422.71,25.19,13.3401
18423.72,25.18,13.3401
18424.72,25.28,13.3401
18425.72,25.16,13.3401
18426.72,25.17,13.3401
18427.72,25.28,13.3401
18428.72,25.17,13.3401
18429.73,25.28,13.3401
18430.73,25.17,13.3401
18431.73,25.17,13.3401
18432.73,25.3,13.3401
18433.73,25.14,13.3401
18434.73,25.13,13.3401
18435.73,25.25,13.3401
18436.73,25.14,13.3401
18437.74,25.17,13.3402
18438.74,25.27,13.3402
18439.74,25.17,13.3402
18440.74,25.17,13.3402
18441.74,25.25,13.3402
18442.74,25.19,13.3402
18443.75,25.26,13.3402
18444.75,25.16,13.3402
18445.75,25.16,13.3402
18446.75,25.26,13.3402
18447.75,25.17,13.3402
18448.75,25.16,13.3402
18449.75,25.26,13.3402
18450.76,25.16,13.3402
18451.76,25.27,13.3402
18452.76,25.18,13.3404
18453.76,25.13,13.3404
18454.76,25.27,13.3404
18455.76,25.15,13.3404
18456.76,25.16,13.3404
18457.77,25.29,13.3405
18458.77,25.16,13.3405
18459.77,25.16,13.3405
18460.77,25.21,13.3405
18461.77,25.11,13.3405
18462.77,25.24,13.3405
18463.77,25.1,13.3405
18464.78,25.11,13.3405
18465.78,25.23,13.3405
18466.78,25.13,13.3405
18467.78,25.12,13.3405
18468.78,25.23,13.3405
18469.78,25.17,13.3405
18470.78,25.17,13.3405
18471.79,25.29,13.3405
18472.79,25.18,13.3405
18473.79,25.16,13.3405
18474.79,25.27,13.3405
18475.79,25.17,13.3405
18476.79,25.17,13.3405
18477.79,25.3,13.3406
18478.79,25.17,13.3406
18479.8,25.12,13.3406
18480.8,25.23,13.3406
18481.8,25.12,13.3406
18482.8,25.18,13.3407
18483.8,25.29,13.3407
18484.8,25.19,13.3409
18485.8,25.18,13.3407
18486.8,25.12,13.3408
18487.81,25.28,13.3408
18488.81,25.17,13.3408
18489.81,25.17,13.3408
18490.81,25.27,13.3408
18491.81,25.16,13.3408
18492.81,25.28,13.3408
18493.81,25.15,13.3408
18494.82,25.15,13.3408
18495.82,25.26,13.3408
18496.82,25.16,13.3408
18497.82,25.29,13.341
18498.82,25.17,13.341
18499.82,25.19,13.341
18500.83,25.16,13.341
18501.83,25.26,13.341
18502.83,25.19,13.341
18503.83,25.26,13.341
18504.83,25.17,13.341
18505.83,25.17,13.341
18506.83,25.27,13.341
18507.84,25.18,13.341
18508.84,25.27,13.341
18509.84,25.17,13.341
18510.84,25.17,13.341
18511.84,25.27,13.341
18512.84,25.19,13.3411
18513.85,25.27,13.3411
18514.85,25.18,13.3411
18515.85,25.18,13.3411
18516.85,25.27,13.3411
18517.85,25.18,13.3412
18518.85,25.17,13.3412
18519.85,25.27,13.3412
18520.86,25.17,13.3412
18521.86,25.28,13.3412
18522.86,25.19,13.3412
18523.86,25.16,13.3412
18524.86,25.25,13.3412
18525.86,25.17,13.3412
18526.87,25.27,13.3412
18527.87,25.17,13.3412
18528.87,25.15,13.3412
18529.87,25.21,13.3412
18530.87,25.11,13.3412
18531.87,25.21,13.3412
18532.87,25.18,13.3412
18533.88,25.16,13.3412
18534.88,25.27,13.3412
18535.88,25.16,13.3412
18536.88,25.16,13.3412
18537.88,25.28,13.3412
18538.88,25.17,13.3412
18539.89,25.22,13.3412
18540.89,25.12,13.3412
18541.89,25.12,13.3412
18542.89,25.24,13.3414
18543.89,25.19,13.3414
18544.89,25.17,13.3414
18545.89,25.26,13.3414
18546.9,25.17,13.3414
18547.9,25.16,13.3414
18548.9,25.21,13.3414
18549.9,25.23,13.3414
18550.9,25.27,13.3414
18551.9,25.17,13.3414
18552.9,25.19,13.3414
18553.91,25.26,13.3414
18554.91,25.17,13.3414
18555.91,25.26,13.3414
18556.91,25.16,13.3414
18557.91,25.17,13.3414
18558.91,25.26,13.3414
18559.92,25.16,13.3414
18560.92,25.17,13.3414
18561.92,25.27,13.3414
18562.92,25.2,13.3416
18563.92,25.26,13.3416
18564.92,25.17,13.3416
18565.92,25.12,13.3416
18566.93,25.24,13.3416
18567.93,25.14,13.3416
18568.93,25.24,13.3416
18569.93,25.17,13.3416
18570.93,25.11,13.3416
18571.93,25.21,13.3416
18572.94,25.15,13.3417
18573.94,25.24,13.3417
18574.94,25.17,13.3417
18575.94,25.16,13.3417
18576.94,25.27,13.3417
18577.94,25.17,13.3417
18578.95,25.25,13.3417
18579.95,25.18,13.3417
18580.95,25.17,13.3417
18581.95,25.24,13.3417
18582.95,25.19,13.3418
18583.95,25.13,13.3418
18584.95,25.21,13.3418
18585.96,25.11,13.3418
18586.96,25.22,13.3418
18587.96,25.12,13.3418
18588.96,25.11,13.3418
18589.96,25.23,13.3418
18590.96,25.11,13.3418
18591.96,25.11,13.3418
18592.97,25.29,13.3418
18593.97,25.13,13.3418
18594.97,25.16,13.3418
18595.97,25.27,13.3418
18596.97,25.17,13.3418
18597.97,25.14,13.3418
18598.97,25.27,13.3418
18599.98,25.14,13.3418
18600.98,25.21,13.3418
18601.98,25.18,13.3418
18602.98,25.19,13.3421
18603.98,25.27,13.3421
18604.98,25.16,13.3421
18605.98,25.17,13.3421
18606.99,25.28,13.3421
18607.99,25.17,13.3421
18608.99,25.16,13.3421
18609.99,25.25,13.3421
18610.99,25.12,13.3421
18611.99,25.22,13.3421
18612.99,25.14,13.3421
18614.0,25.11,13.3421
18615.0,25.22,13.3421
18616.0,25.11,13.3421
18617.0,25.12,13.3421
18618.0,25.22,13.3421
18619.0,25.11,13.3421
18620.01,25.21,13.3421
18621.01,25.11,13.3421
18622.01,25.13,13.3421
18623.01,25.29,13.3421
18624.01,25.15,13.3421
18625.01,25.21,13.3421
18626.02,25.15,13.3421
18627.02,25.11,13.3421
18628.02,25.22,13.3422
18629.02,25.11,13.3422
18630.02,25.24,13.3422
18631.02,25.16,13.3422
18632.02,25.13,13.3422
18633.03,25.24,13.3423
18634.03,25.11,13.3423
18635.03,25.22,13.3423
18636.03,25.11,13.3423
18637.03,25.11,13.3423
18638.03,25.23,13.3423
18639.04,25.17,13.3423
18640.04,25.28,13.3423
18641.04,25.17,13.3423
18642.04,25.17,13.3423
18643.04,25.27,13.3423
18644.04,25.11,13.3423
18645.05,25.11,13.3423
18646.05,25.21,13.3423
18647.05,25.15,13.3423
18648.05,25.27,13.3424
18649.05,25.17,13.3424
18650.05,25.17,13.3424
18651.05,25.27,13.3424
18652.06,25.16,13.3424
18653.06,25.23,13.3424
18654.06,25.1,13.3424
18655.06,25.17,13.3424
18656.06,25.28,13.3424
18657.06,25.17,13.3424
18658.07,25.27,13.3424
18659.07,25.17,13.3424
18660.07,25.16,13.3424
18661.07,25.28,13.3424
18662.07,25.19,13.3424
18663.07,25.19,13.3425
18664.07,25.27,13.3425
18665.07,25.16,13.3425
18666.08,25.16,13.3425
18667.08,25.28,13.3425
18668.08,25.19,13.3427
18669.08,25.14,13.3427
18670.08,25.24,13.3427
18671.08,25.17,13.3427
18672.08,25.17,13.3427
18673.09,25.3,13.3427
18674.09,25.17,13.3427
18675.09,25.16,13.3427
18676.09,25.25,13.3427
18677.09,25.16,13.3427
18678.09,25.28,13.3427
18679.09,25.16,13.3427
18680.1,25.16,13.3427
18681.1,25.26,13.3427
18682.1,25.15,13.3427
18683.1,25.17,13.3427
18684.1,25.25,13.3427
18685.1,25.16,13.3427
18686.11,25.27,13.3427
18687.11,25.16,13.3427
18688.11,25.17,13.3428
18689.11,25.28,13.3428
18690.11,25.17,13.3428
18691.11,25.17,13.3428
18692.11,25.26,13.3428
18693.11,25.14,13.3429
18694.12,25.16,13.3429
18695.12,25.28,13.3429
18696.12,25.17,13.3429
18697.12,25.16,13.3429
18698.12,25.27,13.3429
18699.12,25.16,13.3429
18700.12,25.16,13.3429
18701.13,25.28,13.3429
18702.13,25.17,13.3429
18703.13,25.19,13.3429
18704.13,25.27,13.3429
18705.13,25.17,13.3429
18706.13,25.27,13.343
18707.14,25.17,13.343
18708.14,25.13,13.343
18709.14,25.26,13.343
18710.14,25.17,13.343
18711.14,25.27,13.343
18712.14,25.17,13.343
18713.14,25.19,13.343
18714.15,25.28,13.343
18715.15,25.16,13.343
18716.15,25.16,13.343
18717.15,25.28,13.343
18718.15,25.15,13.343
18719.15,25.16,13.343
18720.15,25.28,13.343
18721.15,25.16,13.343
18722.16,25.17,13.343
18723.16,25.27,13.3431
18724.16,25.16,13.3431
18725.16,25.16,13.3431
18726.16,25.27,13.3431
18727.16,25.17,13.3431
18728.17,25.28,13.3431
18729.17,25.17,13.3431
18730.17,25.18,13.3431
18731.17,25.27,13.3431
18732.17,25.17,13.3431
18733.17,25.18,13.3433
18734.17,25.26,13.3433
18735.18,25.16,13.3433
18736.18,25.28,13.3433
18737.18,25.18,13.3433
18738.18,25.18,13.3433
18739.18,25.26,13.3433
18740.18,25.17,13.3433
18741.18,25.16,13.3433
18742.19,25.27,13.3433
18743.19,25.18,13.3434
18744.19,25.26,13.3434
18745.19,25.16,13.3434
18746.19,25.15,13.3434
18747.19,25.26,13.3434
18748.2,25.17,13.3434
18749.2,25.25,13.3434
18750.2,25.16,13.3434
18751.2,25.16,13.3434
18752.2,25.25,13.3434
18753.2,25.49,13.3434
18754.21,25.27,13.3434
18755.21,25.16,13.3434
18756.21,25.15,13.3434
18757.21,25.22,13.3434
18758.21,25.12,13.3434
18759.21,25.21,13.3434
18760.21,25.12,13.3434
18761.22,25.11,13.3434
18762.22,25.21,13.3434
18763.22,25.14,13.3435
18764.22,25.27,13.3435
18765.22,25.17,13.3435
18766.22,25.16,13.3435
18767.23,25.25,13.3435
18768.23,25.15,13.3436
18769.23,25.11,13.3436
18770.23,25.22,13.3436
18771.23,25.12,13.3436
18772.23,25.23,13.3436
18773.23,25.13,13.3436
18774.24,25.11,13.3436
18775.24,25.25,13.3436
18776.24,25.13,13.3436
18777.24,25.26,13.3436
18778.24,25.17,13.3436
18779.24,25.17,13.3436
18780.25,25.27,13.3436
18781.25,25.17,13.3436
18782.25,25.16,13.3436
18783.25,25.24,13.3436
18784.25,25.11,13.3436
18785.25,25.27,13.3436
18786.26,25.16,13.3436
18787.26,25.16,13.3436
18788.26,25.25,13.3438
18789.26,25.11,13.3438
18790.26,25.22,13.3438
18791.26,25.1,13.3438
18792.26,25.11,13.3438
18793.27,25.39,13.3439
18794.27,25.14,13.3439
18795.27,25.27,13.3439
18796.27,25.17,13.3439
18797.27,25.16,13.3439
18798.27,25.28,13.3439
18799.28,25.17,13.3439
18800.28,25.21,13.3439
18801.28,25.14,13.3439
18802.28,25.17,13.3439
18803.28,25.29,13.3439
18804.28,25.16,13.3439
18805.29,25.26,13.3439
18806.29,25.16,13.3439
18807.29,25.16,13.3439
18808.29,25.25,13.3439
18809.29,25.15,13.3439
18810.29,25.26,13.3439
18811.3,25.16,13.3439
18812.3,25.16,13.3439
18813.3,25.29,13.344
18814.3,25.17,13.344
18815.3,25.27,13.344
18816.3,25.17,13.344
18817.3,25.17,13.344
18818.31,25.28,13.344
18819.31,25.16,13.344
18820.31,25.27,13.344
18821.31,25.17,13.344
18822.31,25.17,13.344
18823.31,25.29,13.3441
18824.32,25.16,13.3441
18825.32,25.27,13.3441
18826.32,25.16,13.3441
18827.32,25.16,13.3441
18828.32,25.29,13.3441
18829.32,25.16,13.3442
18830.32,25.17,13.3442
18831.33,25.26,13.3442
18832.33,25.11,13.3442
18833.33,25.26,13.3442
18834.33,25.16,13.3442
18835.33,25.16,13.3442
18836.33,25.28,13.3442
18837.33,25.17,13.3442
18838.34,25.18,13.3442
18839.34,25.28,13.3442
18840.34,25.16,13.3442
18841.34,25.16,13.3442
18842.34,25.28,13.3442
18843.34,25.19,13.3442
18844.34,25.16,13.3442
18845.35,25.27,13.3442
18846.35,25.17,13.3442
18847.35,25.18,13.3442
18848.35,25.28,13.3444
18849.35,25.17,13.3444
18850.35,25.23,13.3444
18851.36,25.12,13.3444
18852.36,66.68,4.7519
18853.36,84.35,2.9598
18854.36,89.85,3.1636
18855.36,90.45,3.5054
18856.36,81.31,3.8636
18857.36,77.4,4.2228
18858.37,77.81,4.5806
18859.37,76.13,4.9131
18860.37,77.26,5.2643
18861.37,76.23,5.6433
18862.37,75.6,5.9877
18863.37,75.48,6.3414
18864.37,76.33,6.7617
18865.37,76.0,7.1254
18866.38,82.81,7.5736
18867.38,76.21,7.6257
18868.38,75.42,7.6311
18869.38,75.01,7.7333
18870.38,64.58,7.7336
18871.38,32.96,7.7336
18872.38,37.69,7.7264
18873.39,35.43,7.7266
18874.39,35.6,7.7269
18875.39,38.11,7.7271
18876.39,28.42,7.7272
18877.39,34.87,7.7273
18878.39,31.16,7.7273
18879.39,33.26,7.7273
18880.4,46.68,8.0842
18881.4,28.47,8.0842
18882.4,55.09,8.0842
18883.4,30.55,8.0842
18884.4,33.77,8.0842
18885.4,58.59,8.0842
18886.41,60.97,8.0865
18887.41,33.3,8.0867
18888.41,26.38,8.0867
18889.41,32.87,8.0867
18890.41,47.87,8.0865
18891.41,70.12,8.0871
18892.41,68.98,8.0871
18893.42,45.1,2.4293
18894.42,78.44,2.6537
18895.42,71.51,3.0012
18896.42,76.85,3.2234
18897.42,85.9,3.5192
18898.42,78.03,3.7862
18899.43,76.65,4.0494
18900.43,77.31,4.2805
18901.43,77.06,4.5069
18902.43,76.03,4.697
18903.43,75.25,4.9195
18904.43,76.14,5.1605
18905.43,75.67,5.3709
18906.44,75.45,5.9332
18907.44,39.06,6.7418
18908.44,28.54,7.4762
18909.44,99.95,8.6673
18910.44,99.9,9.3982
18911.44,42.05,9.6212
18912.44,25.19,9.6212
18913.45,56.39,9.6215
18914.45,78.96,9.622
18915.45,75.46,9.6222
18916.45,76.82,9.6225
18917.45,75.58,9.623
18918.45,76.25,9.6232
18919.45,72.72,9.6236
18920.46,67.16,9.6243
18921.46,61.9,9.6247
18922.46,37.82,9.6248
18923.46,36.65,9.6248
18924.46,32.27,9.6248
18925.46,27.42,9.6248
18926.46,72.2,10.4145
18927.47,99.86,11.0647
18928.47,100.18,11.7049
18929.47,100.01,12.304
18930.47,43.43,12.3531
18931.47,31.21,12.3531
18932.47,27.94,12.3532
18933.47,40.21,12.3532
18934.47,28.35,12.3532
18935.48,37.61,12.3532
18936.48,34.42,12.3532
18937.48,25.51,12.3532
18938.48,33.76,12.3532
18939.48,25.6,12.3532
18940.48,25.19,12.3532
18941.48,28.77,12.3532
18942.49,36.37,12.3532
18943.49,31.27,12.3533
18944.49,44.96,12.3533
18945.49,31.14,12.3533
18946.49,30.39,12.3533
18947.49,25.74,12.3533
18948.5,28.32,12.3533
18949.5,40.33,12.3533
18950.5,27.34,12.3533
18951.5,25.2,12.3533
18952.5,25.27,12.3533
18953.5,25.48,12.3534
18954.5,25.21,12.3534
18955.51,26.77,12.3534
18956.51,26.04,12.3534
18957.51,27.29,12.3534
18958.51,25.54,12.3534
18959.51,25.2,12.3534
18960.51,25.29,12.3534
18961.52,25.88,12.3534
18962.52,25.8,12.3534
18963.52,25.26,12.3534
18964.52,25.12,12.3534
18965.52,25.22,12.3534
18966.52,25.12,12.3534
18967.53,26.08,12.3535
18968.53,26.41,12.3535
18969.53,25.28,12.3535
18970.53,35.77,12.3535
18971.53,25.19,12.3535
18972.53,26.77,12.3535
18973.53,25.23,12.3535
18974.54,25.18,12.3535
18975.54,25.43,12.3535
18976.54,26.18,12.3535
18977.54,25.26,12.3535
18978.54,25.16,12.3535
18979.54,26.54,12.3535
18980.55,30.58,12.3535
18981.55,99.91,12.4231
18982.55,84.28,12.4679
18983.55,25.3,12.4679
18984.55,25.25,12.468
18985.55,25.15,12.468
18986.55,25.23,12.468
18987.56,25.55,12.468
18988.56,25.23,12.468
18989.56,25.74,12.468
18990.56,25.42,12.468
18991.56,25.3,12.468
18992.56,25.21,12.468
18993.57,25.32,12.4681
18994.57,50.46,12.4683
18995.57,51.44,12.4686
18996.57,53.77,12.4686
18997.57,75.07,12.4838
18998.57,59.96,12.5173
18999.57,28.5,12.5126
19000.58,25.19,12.5126
19001.58,25.4,12.5126
19002.58,25.56,12.5126
19003.58,65.31,12.5181
19004.58,99.91,12.5369
19005.58,49.69,12.5393
19006.58,45.92,12.5394
19007.59,30.49,12.5394
19008.59,25.13,12.5394
19009.59,25.12,12.5394
19010.59,25.29,12.5394
19011.59,25.18,12.5394
19012.59,25.19,12.5394
19013.59,31.02,12.5394
19014.6,99.88,12.5533
19015.6,70.39,12.5534
19016.6,25.18,12.5534
19017.6,25.2,12.5534
19018.6,25.28,12.5534
19019.6,25.18,12.5534
19020.61,25.28,12.5534
19021.61,25.18,12.5534
19022.61,26.05,12.5534
19023.61,25.45,12.5194
19024.61,75.58,12.5201
19025.61,93.91,12.5256
19026.61,25.56,12.5256
19027.62,28.97,12.5257
19028.62,25.27,12.5257
19029.62,43.3,12.7016
19030.62,100.14,13.2061
19031.62,58.19,13.2061
19032.62,25.15,13.2061
19033.63,25.23,13.2061
19034.63,25.12,13.2061
19035.63,42.18,13.3493
19036.63,25.39,13.3493
19037.63,25.18,13.3493
19038.63,25.27,13.3493
19039.64,29.47,13.3614
19040.64,25.18,13.3614
19041.64,25.28,13.3614
19042.64,25.18,13.3615
19043.64,29.31,13.369
19044.64,25.14,13.369
19045.65,25.27,13.369
19046.65,25.18,13.369
19047.65,29.25,13.3744
19048.65,25.29,13.3744
19049.65,25.19,13.3744
19050.65,25.28,13.3744
19051.66,28.89,13.3761
19052.66,25.18,13.3761
19053.66,25.24,13.3761
19054.66,25.16,13.3761
19055.66,28.93,13.3798
19056.66,25.15,13.3798
19057.67,25.29,13.38
19058.67,25.19,13.38
19059.67,29.06,13.3822
19060.67,25.2,13.3822
19061.67,25.28,13.3822
19062.67,25.21,13.3822
19063.67,28.84,13.3853
19064.67,25.21,13.3853
19065.68,25.11,13.3853
19066.68,25.22,13.3853
19067.68,28.85,13.3877
19068.68,25.18,13.3877
19069.68,25.28,13.3877
19070.68,29.65,13.3905
19071.69,25.32,13.3905
19072.69,25.15,13.3905
19073.69,25.12,13.3905
19074.69,29.93,13.3924
19075.69,25.13,13.3924
19076.69,25.23,13.3924
19077.7,25.14,13.3924
19078.7,29.8,13.3953
19079.7,25.23,13.3953
19080.7,25.15,13.3953
19081.7,25.29,13.3953
19082.7,29.77,13.3987
19083.71,25.29,13.3987
19084.71,25.13,13.3987
19085.71,25.16,13.3987
19086.71,25.25,13.3989
19087.71,29.82,13.4036
19088.71,25.15,13.4036
19089.71,25.31,13.4036
19090.71,25.2,13.4036
19091.72,29.06,13.4064
19092.72,25.25,13.4065
19093.72,25.13,13.4065
19094.72,25.22,13.4065
19095.72,25.13,13.4065
19096.72,25.16,13.4065
19097.73,29.33,13.4099
19098.73,25.18,13.4099
19099.73,25.17,13.4099
19100.73,25.28,13.4099
19101.73,25.2,13.4099
19102.73,25.32,13.4099
19103.74,29.36,13.4127
19104.74,25.16,13.4127
19105.74,25.28,13.4127
19106.74,25.17,13.4127
19107.74,25.25,13.4127
19108.74,25.12,13.4127
19109.74,25.12,13.4127
19110.75,29.43,13.4167
19111.75,25.2,13.4167
19112.75,25.33,13.4167
19113.75,25.2,13.4167
19114.75,25.19,13.4167
19115.75,25.29,13.4167
19116.76,25.17,13.4167
19117.76,29.09,13.4212
19118.76,28.69,13.4212
19119.76,25.14,13.4212
19120.76,25.28,13.4212
19121.76,25.19,13.4212
19122.77,25.31,13.4214
19123.77,25.19,13.4214
19124.77,29.29,13.4267
19125.77,25.19,13.4267
19126.77,25.19,13.4267
19127.77,25.31,13.4267
19128.78,25.19,13.4267
19129.78,25.29,13.4267
19130.78,25.19,13.4267
19131.78,30.58,13.4311
19132.78,25.35,13.4311
19133.78,25.2,13.4311
19134.79,25.3,13.4311
19135.79,25.19,13.4311
19136.79,25.2,13.4311
19137.79,25.31,13.4311
19138.79,25.2,13.4311
19139.79,31.22,13.436
19140.8,25.2,13.436
19141.8,25.2,13.436
19142.8,25.31,13.4361
19143.8,25.13,13.4361
19144.8,25.24,13.4361
19145.8,25.2,13.4361
19146.8,30.53,13.4436
19147.81,25.3,13.4436
19148.81,25.19,13.4436
19149.81,25.3,13.4436
19150.81,25.19,13.4436
19151.81,25.3,13.4436
19152.81,25.23,13.4437
19153.82,25.2,13.4437
19154.82,29.66,13.4491
19155.82,25.18,13.4491
19156.82,25.19,13.4491
19157.82,25.3,13.4491
19158.82,25.17,13.4491
19159.82,25.16,13.4491
19160.83,25.26,13.4491
19161.83,25.2,13.4491
19162.83,25.36,13.4493
19163.83,28.93,13.4556
19164.83,25.22,13.4556
19165.83,25.31,13.4556
19166.83,25.2,13.4556
19167.84,25.22,13.4556
19168.84,25.31,13.4556
19169.84,25.21,13.4556
19170.84,25.32,13.4556
19171.84,25.21,13.4556
19172.84,25.15,13.4557
19173.85,29.48,13.4606
19174.85,25.2,13.4606
19175.85,25.3,13.4606
19176.85,25.21,13.4606
19177.85,25.22,13.4606
19178.85,25.31,13.4606
19179.86,25.21,13.4606
19180.86,25.31,13.4606
19181.86,25.21,13.4606
19182.86,29.43,13.4665
19183.86,25.22,13.4665
19184.86,25.22,13.4665
19185.87,25.29,13.4665
19186.87,25.21,13.4665
19187.87,25.31,13.4665
19188.87,25.19,13.4665
19189.87,25.18,13.4665
19190.87,25.27,13.4665
19191.88,30.49,13.4704
19192.88,25.3,13.4704
19193.88,25.22,13.4704
19194.88,25.31,13.4704
19195.88,25.18,13.4704
19196.88,25.19,13.4704
19197.89,25.26,13.4706
19198.89,25.14,13.4706
19199.89,25.25,13.4706
19200.89,25.14,13.4706
19201.89,32.06,13.4751
19202.89,25.33,13.4751
19203.9,25.15,13.4751
19204.9,25.14,13.4751
19205.9,25.24,13.4751
19206.9,25.14,13.4751
19207.9,25.25,13.4752
19208.9,25.22,13.4752
19209.91,25.32,13.4752
19210.91,25.21,13.4752
19211.91,30.79,13.4823
19212.91,25.34,13.4825
19213.91,25.21,13.4825
19214.91,25.24,13.4825
19215.92,25.14,13.4825
19216.92,25.15,13.4825
19217.92,25.26,13.4825
19218.92,25.14,13.4825
19219.92,25.24,13.4825
19220.92,29.74,13.4886
19221.93,25.3,13.4886
19222.93,25.22,13.4887
19223.93,25.17,13.4887
19224.93,25.31,13.4887
19225.93,25.21,13.4887
19226.93,25.2,13.4887
19227.93,25.33,13.4887
19228.93,25.19,13.4887
19229.94,25.14,13.4887
19230.94,25.24,13.4887
19231.94,29.98,13.4957
19232.94,25.33,13.4958
19233.94,25.2,13.4958
19234.94,25.2,13.4958
19235.95,25.28,13.4958
19236.95,25.2,13.4958
19237.95,25.33,13.4958
19238.95,25.22,13.4958
19239.95,25.21,13.4958
19240.95,25.29,13.4958
19241.96,25.43,13.4958
19242.96,29.85,13.5031
19243.96,25.15,13.5031
19244.96,25.15,13.5031
19245.96,25.25,13.5031
19246.96,25.15,13.5031
19247.97,25.26,13.5031
19248.97,25.15,13.5031
19249.97,25.25,13.5031
19250.97,25.14,13.5031
19251.97,25.15,13.5031
19252.97,26.92,13.5033
19253.97,28.21,13.5096
19254.98,25.22,13.5096
19255.98,25.33,13.5096
19256.98,25.21,13.5096
19257.98,25.22,13.5096
19258.98,25.29,13.5096
19259.98,25.21,13.5096
19260.99,25.32,13.5096
19261.99,25.22,13.5096
19262.99,25.23,13.5097
19263.99,32.1,13.5162
19264.99,25.23,13.5162
19265.99,25.34,13.5162
19266.99,25.22,13.5162
19268.0,25.22,13.5162
19269.0,25.33,13.5163
19270.0,25.15,13.5163
19271.0,25.18,13.5163
19272.0,25.34,13.5163
19273.0,25.22,13.5163
19274.0,31.35,13.5245
19275.01,25.32,13.5245
19276.01,25.21,13.5245
19277.01,25.21,13.5245
19278.01,25.31,13.5246
19279.01,25.2,13.5246
19280.01,25.3,13.5246
19281.02,25.21,13.5246
19282.02,25.2,13.5246
19283.02,25.33,13.5246
19284.02,30.29,13.533
19285.02,25.3,13.533
19286.02,25.16,13.533
19287.03,25.14,13.533
19288.03,25.25,13.533
19289.03,25.2,13.533
19290.03,25.29,13.533
19291.03,25.16,13.533
19292.03,25.27,13.533
19293.03,25.21,13.5331
19294.04,25.26,13.5331
19295.04,29.93,13.541
19296.04,25.18,13.541
19297.04,25.13,13.541
19298.04,25.25,13.541
19299.04,25.13,13.541
19300.05,25.24,13.541
19301.05,25.14,13.541
19302.05,25.2,13.541
19303.05,25.32,13.541
19304.05,25.19,13.541
19305.05,25.63,13.541
19306.05,29.51,13.5479
19307.06,25.19,13.5479
19308.06,25.31,13.5479
19309.06,25.2,13.5479
19310.06,25.31,13.5479
19311.06,25.21,13.5479
19312.06,25.21,13.5479
19313.07,25.33,13.548
19314.07,25.21,13.548
19315.07,25.31,13.548
19316.07,25.2,13.548
19317.07,29.91,13.5548
19318.07,25.22,13.5548
19319.08,25.22,13.5548
19320.08,25.34,13.5548
19321.08,25.21,13.5548
19322.08,25.21,13.5548
19323.08,25.35,13.5549
19324.08,25.2,13.5549
19325.08,25.2,13.5549
19326.09,25.33,13.5549
19327.09,31.4,13.5619
19328.09,25.21,13.5619
19329.09,25.33,13.5619
19330.09,25.22,13.5619
19331.09,25.19,13.5619
19332.09,25.33,13.5619
19333.09,25.23,13.562
19334.1,25.2,13.562
19335.1,25.31,13.562
19336.1,25.2,13.562
19337.1,32.9,13.5717
19338.1,25.2,13.5717
19339.1,25.2,13.5717
19340.11,25.31,13.5717
19341.11,25.21,13.5717
19342.11,25.3,13.5717
19343.11,25.16,13.5719
19344.11,25.12,13.5719
19345.11,25.23,13.5719
19346.12,25.13,13.5719
19347.12,25.24,13.5719
19348.12,30.62,13.58
19349.12,25.2,13.58
19350.12,25.31,13.58
19351.12,25.15,13.58
19352.13,25.29,13.58
19353.13,25.22,13.58
19354.13,25.25,13.58
19355.13,25.2,13.58
19356.13,25.21,13.58
19357.13,25.31,13.58
19358.14,25.23,13.58
19359.14,29.96,13.588
19360.14,25.23,13.588
19361.14,25.21,13.588
19362.14,25.34,13.588
19363.14,25.23,13.588
19364.14,25.21,13.588
19365.15,25.33,13.588
19366.15,25.19,13.588
19367.15,25.21,13.588
19368.15,25.32,13.5881
19369.15,25.21,13.5881
19370.15,29.59,13.5946
19371.15,25.3,13.5946
19372.16,25.21,13.5946
19373.16,25.32,13.5947
19374.16,25.2,13.5947
19375.16,25.2,13.5947
19376.16,25.31,13.5947
19377.16,25.2,13.5947
19378.17,25.3,13.5947
19379.17,25.16,13.5947
19380.17,25.13,13.5947
19381.17,25.23,13.5947
19382.17,25.14,13.5947
19383.17,29.0,13.5993
19384.18,25.2,13.5993
19385.18,25.2,13.5993
19386.18,25.31,13.5993
19387.18,25.21,13.5993
19388.18,25.25,13.5993
19389.18,25.14,13.5993
19390.18,25.16,13.5993
19391.19,25.26,13.5993
19392.19,25.14,13.5993
19393.19,25.27,13.5995
19394.19,30.55,13.6055
19395.19,25.2,13.6055
19396.19,25.31,13.6055
19397.2,25.2,13.6055
19398.2,25.26,13.6055
19399.2,25.14,13.6055
19400.2,25.12,13.6055
19401.2,25.22,13.6055
19402.2,25.15,13.6055
19403.21,25.29,13.6055
19404.21,25.13,13.6055
19405.21,32.21,13.6171
19406.21,25.19,13.6171
19407.21,25.19,13.6171
19408.21,25.29,13.6171
19409.22,25.19,13.6171
19410.22,25.26,13.6171
19411.22,25.16,13.6171
19412.22,25.16,13.6171
19413.22,25.29,13.6173
19414.22,25.19,13.6173
19415.23,31.09,13.6238
19416.23,25.18,13.6238
19417.23,25.19,13.6238
19418.23,25.26,13.6238
19419.23,25.13,13.6238
19420.23,25.24,13.6238
19421.24,25.13,13.6238
19422.24,25.17,13.6238
19423.24,25.32,13.6238
19424.24,25.2,13.6238
19425.24,25.3,13.6238
19426.24,25.2,13.6238
19427.24,30.22,13.6347
19428.25,25.3,13.6348
19429.25,25.2,13.6348
19430.25,25.29,13.6348
19431.25,25.15,13.6348
19432.25,25.12,13.6348
19433.25,25.25,13.6348
19434.26,25.12,13.6348
19435.26,25.22,13.6348
19436.26,25.12,13.6348
19437.26,25.22,13.6348
19438.26,25.16,13.6348
19439.26,29.02,13.6434
19440.27,25.28,13.6434
19441.27,25.18,13.6434
19442.27,25.27,13.6434
19443.27,25.15,13.6435
19444.27,25.13,13.6435
19445.27,25.23,13.6435
19446.28,25.13,13.6435
19447.28,25.23,13.6435
19448.28,25.14,13.6435
19449.28,25.13,13.6435
19450.28,25.24,13.6435
19451.28,29.71,13.6506
19452.29,25.29,13.6506
19453.29,25.19,13.6506
19454.29,25.13,13.6506
19455.29,25.29,13.6506
19456.29,25.14,13.6506
19457.29,25.24,13.6506
19458.3,25.15,13.6507
19459.3,25.26,13.6507
19460.3,25.15,13.6507
19461.3,25.16,13.6507
19462.3,30.4,13.6561
19463.3,25.21,13.6563
19464.3,25.19,13.6563
19465.31,25.29,13.6563
19466.31,25.19,13.6563
19467.31,25.29,13.6563
19468.31,25.2,13.6563
19469.31,25.3,13.6563
19470.31,25.16,13.6563
19471.32,25.18,13.6563
19472.32,25.29,13.6563
19473.32,32.22,13.6617
19474.32,25.2,13.6617
19475.32,25.28,13.6617
19476.32,25.22,13.6617
19477.33,25.3,13.6617
19478.33,25.2,13.6617
19479.33,25.17,13.6617
19480.33,25.24,13.6617
19481.33,25.12,13.6617
19482.33,25.22,13.6617
19483.33,25.17,13.6617
19484.34,30.65,13.6706
19485.34,25.28,13.6706
19486.34,25.18,13.6706
19487.34,25.28,13.6706
19488.34,25.2,13.6706
19489.34,25.18,13.6706
19490.35,25.29,13.6706
19491.35,25.19,13.6706
19492.35,25.23,13.6706
19493.35,25.16,13.6706
19494.35,29.81,13.678
19495.35,25.3,13.678
19496.35,25.18,13.678
19497.36,25.18,13.678
19498.36,25.32,13.678
19499.36,25.19,13.678
19500.36,25.19,13.678
19501.36,25.31,13.678
19502.36,25.18,13.678
19503.36,25.21,13.678
19504.37,25.26,13.678
19505.37,29.99,13.6839
19506.37,25.26,13.6839
19507.37,25.13,13.6839
19508.37,25.13,13.6839
19509.37,25.25,13.6839
19510.37,25.18,13.6839
19511.38,25.15,13.6839
19512.38,25.27,13.6839
19513.38,25.2,13.6839
19514.38,25.29,13.6839
19515.38,25.2,13.6839
19516.38,25.13,13.6839
19517.39,30.12,13.6947
19518.39,25.19,13.6947
19519.39,25.3,13.6947
19520.39,25.2,13.6947
19521.39,25.16,13.6947
19522.39,25.28,13.6947
19523.4,25.19,13.6948
19524.4,25.29,13.6948
19525.4,25.19,13.6948
19526.4,25.16,13.6948
19527.4,25.32,13.6948
19528.4,30.38,13.7041
19529.41,25.23,13.7041
19530.41,25.18,13.7041
19531.41,25.17,13.7041
19532.41,25.28,13.7041
19533.41,25.19,13.7041
19534.41,25.19,13.7041
19535.41,25.28,13.7041
19536.42,25.16,13.7041
19537.42,25.29,13.7041
19538.42,25.18,13.7041
19539.42,32.96,13.7136
19540.42,25.19,13.7136
19541.43,25.16,13.7136
19542.43,25.28,13.7136
19543.43,25.2,13.7136
19544.43,25.28,13.7136
19545.43,25.18,13.7136
19546.43,25.28,13.7136
19547.43,25.19,13.7136
19548.44,25.18,13.7136
19549.44,25.29,13.7136
19550.44,31.91,13.7235
19551.44,25.21,13.7235
19552.44,25.29,13.7235
19553.44,25.2,13.7235
19554.44,25.19,13.7235
19555.45,25.29,13.7235
19556.45,25.24,13.7235
19557.45,25.21,13.7235
19558.45,25.2,13.7235
19559.45,25.2,13.7235
19560.45,25.3,13.7235
19561.45,29.95,13.7335
19562.46,25.19,13.7335
19563.46,25.21,13.7337
19564.46,25.28,13.7337
19565.46,25.18,13.7337
19566.46,25.22,13.7337
19567.46,25.13,13.7337
19568.47,25.23,13.7337
19569.47,25.13,13.7337
19570.47,25.16,13.7337
19571.47,25.3,13.7337
19572.47,25.18,13.7337
19573.47,29.12,13.74
19574.47,25.28,13.74
19575.48,25.17,13.74
19576.48,25.2,13.74
19577.48,25.29,13.74
19578.48,25.18,13.74
19579.48,25.28,13.74
19580.48,25.19,13.74
19581.48,25.18,13.74
19582.49,25.31,13.74
19583.49,25.2,13.74
19584.49,25.18,13.74
19585.49,30.08,13.7518
19586.49,25.17,13.7518
19587.49,25.3,13.7518
19588.49,25.17,13.7518
19589.5,25.16,13.7518
19590.5,25.29,13.7518
19591.5,25.17,13.7518
19592.5,25.24,13.7518
19593.5,25.15,13.7518
19594.5,25.13,13.7518
19595.51,25.23,13.7518
19596.51,25.12,13.7518
19597.51,30.0,13.7582
19598.51,25.19,13.7582
19599.51,25.19,13.7582
19600.51,25.28,13.7582
19601.52,25.19,13.7582
19602.52,25.3,13.7582
19603.52,25.21,13.7582
19604.52,25.28,13.7582
19605.52,25.18,13.7582
19606.52,25.19,13.7582
19607.53,25.24,13.7582
19608.53,32.66,13.7655
19609.53,25.19,13.7655
19610.53,25.28,13.7655
19611.54,25.18,13.7655
19612.54,25.2,13.7655
19613.54,25.31,13.7655
19614.54,25.19,13.7655
19615.54,25.28,13.7655
19616.54,25.14,13.7655
19617.55,25.24,13.7655
19618.55,25.18,13.7655
19619.55,31.18,13.7727
19620.55,25.3,13.7727
19621.55,25.18,13.7727
19622.55,25.2,13.7727
19623.55,25.29,13.7727
19624.56,25.19,13.7727
19625.56,25.19,13.7727
19626.56,25.28,13.7727
19627.56,25.19,13.7727
19628.56,25.28,13.7727
19629.56,25.19,13.7727
19630.57,30.01,13.7793
19631.57,25.16,13.7793
19632.57,25.18,13.7793
19633.57,25.3,13.7793
19634.57,25.18,13.7793
19635.57,25.28,13.7793
19636.57,25.17,13.7793
19637.58,25.14,13.7793
19638.58,25.22,13.7793
19639.58,25.12,13.7793
19640.58,25.24,13.7793
19641.58,25.17,13.7793
19642.58,30.01,13.788
19643.59,25.31,13.788
19644.59,25.18,13.788
19645.59,25.28,13.788
19646.59,25.18,13.788
19647.59,25.19,13.788
19648.59,25.28,13.788
19649.6,25.12,13.788
19650.6,25.25,13.788
19651.6,25.19,13.788
19652.6,25.19,13.788
19653.6,25.25,13.788
19654.6,28.94,13.796
19655.61,25.25,13.796
19656.61,25.12,13.796
19657.61,25.18,13.796
19658.61,25.28,13.796
19659.61,25.18,13.796
19660.61,25.28,13.796
19661.62,25.18,13.796
19662.62,25.19,13.796
19663.62,25.31,13.7961
19664.62,25.18,13.7961
19665.62,25.22,13.7961
19666.62,30.55,13.8035
19667.63,25.29,13.8035
19668.63,25.17,13.8035
19669.63,25.19,13.8035
19670.63,25.28,13.8035
19671.63,25.18,13.8035
19672.63,25.29,13.8036
19673.63,25.2,13.8036
19674.64,25.19,13.8036
19675.64,25.27,13.8036
19676.64,25.18,13.8036
19677.64,32.74,13.8118
19678.64,25.1,13.8118
19679.64,25.11,13.8118
19680.65,25.23,13.8118
19681.65,25.13,13.8118
19682.65,25.27,13.8118
19683.65,25.16,13.8118
19684.65,25.17,13.8118
19685.65,25.28,13.8118
19686.66,25.18,13.8118
19687.66,25.29,13.8118
19688.66,25.18,13.8118
19689.66,31.11,13.8204
19690.66,25.27,13.8204
19691.66,25.12,13.8204
19692.67,25.25,13.8205
19693.67,25.12,13.8205
19694.67,25.11,13.8205
19695.67,25.21,13.8205
19696.67,25.12,13.8205
19697.67,25.23,13.8205
19698.68,25.17,13.8205
19699.68,25.18,13.8205
19700.68,30.04,13.8283
19701.68,25.18,13.8283
19702.68,25.31,13.8283
19703.68,25.18,13.8283
19704.68,25.18,13.8283
19705.69,25.29,13.8283
19706.69,25.18,13.8283
19707.69,25.29,13.8283
19708.69,25.18,13.8283
19709.69,25.18,13.8283
19710.69,25.27,13.8283
19711.7,29.78,13.8362
19712.7,25.25,13.8362
19713.7,25.12,13.8362
19714.7,25.13,13.8362
19715.7,25.22,13.8362
19716.7,25.13,13.8362
19717.71,25.23,13.8362
19718.71,25.12,13.8362
19719.71,25.13,13.8362
19720.71,25.22,13.8362
19721.71,25.13,13.8362
19722.71,25.25,13.8362
19723.72,29.65,13.8439
19724.72,25.12,13.8439
19725.72,25.22,13.8439
19726.72,25.13,13.8439
19727.72,25.29,13.8439
19728.72,25.19,13.8439
19729.73,25.28,13.8439
19730.73,25.16,13.8439
19731.73,25.13,13.8439
19732.73,25.3,13.844
19733.73,25.28,13.844
19734.73,25.29,13.844
19735.73,30.26,13.8486
19736.74,25.19,13.8486
19737.74,25.32,13.8486
19738.74,25.19,13.8486
19739.74,25.19,13.8486
19740.74,25.28,13.8486
19741.74,25.19,13.8486
19742.75,25.31,13.8486
19743.75,25.19,13.8486
19744.75,25.19,13.8486
19745.75,25.86,13.8486
19746.75,32.12,13.8538
19747.75,25.28,13.8538
19748.76,25.19,13.8538
19749.76,25.17,13.8538
19750.76,25.22,13.8538
19751.76,25.12,13.8538
19752.76,25.25,13.8539
19753.76,25.14,13.8539
19754.76,25.2,13.8539
19755.77,25.29,13.8539
19756.77,25.2,13.8539
19757.77,30.99,13.859
19758.77,25.29,13.859
19759.77,25.19,13.859
19760.77,25.3,13.859
19761.77,25.19,13.859
19762.78,25.21,13.859
19763.78,25.29,13.859
19764.78,25.18,13.859
19765.78,25.21,13.859
19766.78,25.32,13.859
19767.78,29.09,13.866
19768.78,25.19,13.866
19769.79,25.28,13.866
19770.79,25.19,13.866
19771.79,25.28,13.866
19772.79,25.21,13.8661
19773.79,25.19,13.8661
19774.79,25.28,13.8661
19775.8,25.19,13.8661
19776.8,25.3,13.8661
19777.8,29.48,13.8707
19778.8,25.19,13.8707
19779.8,25.29,13.8707
19780.8,25.18,13.8707
19781.81,25.29,13.8707
19782.81,25.21,13.8707
19783.81,25.18,13.8707
19784.81,25.28,13.8707
19785.81,25.15,13.8707
19786.81,25.28,13.8707
19787.81,25.2,13.8707
19788.82,29.11,13.8741
19789.82,25.29,13.8741
19790.82,25.19,13.8741
19791.82,25.3,13.8741
19792.82,25.21,13.8742
19793.82,25.19,13.8742
19794.83,25.29,13.8742
19795.83,25.19,13.8742
19796.83,25.3,13.8742
19797.83,25.2,13.8742
19798.83,29.54,13.8778
19799.83,25.29,13.8778
19800.84,25.19,13.8778
19801.84,25.29,13.8778
19802.84,25.21,13.8778
19803.84,25.19,13.8778
19804.84,25.28,13.8778
19805.84,25.19,13.8778
19806.85,25.29,13.8778
19807.85,25.2,13.8778
19808.85,25.18,13.8778
19809.85,25.29,13.8779
19810.85,31.85,13.8822
19811.85,25.29,13.8822
19812.86,25.22,13.8822
19813.86,25.29,13.8822
19814.86,25.19,13.8822
19815.86,25.19,13.8822
19816.86,25.3,13.8822
19817.86,25.2,13.8822
19818.87,25.25,13.8822
19819.87,25.19,13.8822
19820.87,25.19,13.8822
19821.87,32.1,13.8886
19822.87,25.21,13.8888
19823.87,25.25,13.8888
19824.88,25.15,13.8888
19825.88,25.13,13.8888
19826.88,25.23,13.8888
19827.88,25.16,13.8888
19828.88,25.3,13.8888
19829.88,25.19,13.8888
19830.88,25.18,13.8888
19831.89,25.23,13.8888
19832.89,29.14,13.8938
19833.89,25.28,13.8938
19834.89,25.18,13.8938
19835.89,25.18,13.8938
19836.89,25.29,13.8938
19837.9,25.19,13.8938
19838.9,25.28,13.8938
19839.9,25.19,13.8938
19840.9,25.18,13.8938
19841.9,25.29,13.8938
19842.9,25.22,13.8938
19843.91,25.29,13.8938
19844.91,29.01,13.8988
19845.91,25.12,13.8988
19846.91,25.23,13.8988
19847.91,25.14,13.8988
19848.91,25.23,13.8988
19849.92,25.12,13.8988
19850.92,25.23,13.8988
19851.92,25.15,13.8988
19852.92,25.19,13.8989
19853.92,25.24,13.8989
19854.92,25.19,13.8989
19855.92,25.19,13.8989
19856.93,29.64,13.9057
19857.93,25.2,13.9057
19858.93,25.29,13.9057
19859.93,25.19,13.9057
19860.93,25.12,13.9057
19861.93,25.23,13.9057
19862.94,25.2,13.9057
19863.94,25.29,13.9057
19864.94,25.19,13.9057
19865.94,25.19,13.9057
19866.94,29.1,13.9098
19867.94,25.19,13.9098
19868.95,25.31,13.9098
19869.95,25.19,13.9098
19870.95,25.18,13.9098
19871.95,25.31,13.9098
19872.95,25.21,13.9098
19873.95,25.19,13.9098
19874.95,25.31,13.9098
19875.95,25.19,13.9098
19876.96,31.26,13.9132
19877.96,25.3,13.9132
19878.96,25.19,13.9132
19879.96,25.18,13.9132
19880.96,25.31,13.9132
19881.96,25.19,13.9132
19882.96,25.21,13.9132
19883.97,25.25,13.9133
19884.97,25.16,13.9132
19885.97,25.15,13.9133
19886.97,32.03,13.9165
19887.97,25.19,13.9165
19888.97,25.18,13.9165
19889.97,25.31,13.9165
19890.97,25.2,13.9165
19891.98,25.31,13.9165
19892.98,25.31,13.9165
19893.98,25.18,13.9165
19894.98,25.26,13.9165
19895.98,25.3,13.9165
19896.98,25.18,13.9165
19897.98,29.52,13.921
19898.99,25.31,13.921
19899.99,25.2,13.921
19900.99,25.2,13.921
19901.99,25.29,13.9211
19902.99,25.22,13.9211
19903.99,25.19,13.9211
19904.99,25.3,13.9211
19906.0,25.18,13.9211
19907.0,25.31,13.9211
19908.0,25.2,13.9211
19909.0,25.18,13.9211
19910.0,26.29,13.9211
19911.0,28.22,13.9276
19912.0,25.2,13.9276
19913.01,25.32,13.9276
19914.01,25.19,13.9276
19915.01,25.3,13.9276
19916.01,25.19,13.9276
19917.01,25.19,13.9276
19918.01,25.3,13.9276
19919.02,25.19,13.9276
19920.02,25.29,13.9276
19921.02,25.19,13.9276
19922.02,25.19,13.9277
19923.02,30.05,13.9365
19924.02,25.18,13.9365
19925.03,25.29,13.9365
19926.03,25.19,13.9365
19927.03,25.29,13.9365
19928.03,25.19,13.9365
19929.03,25.19,13.9365
19930.03,25.3,13.9365
19931.04,25.15,13.9365
19932.04,25.23,13.9365
19933.04,25.15,13.9365
19934.04,25.13,13.9365
19935.04,25.23,13.9365
19936.04,29.16,13.9443
19937.05,25.29,13.9443
19938.05,25.2,13.9443
19939.05,25.18,13.9443
19940.05,25.29,13.9443
19941.05,25.19,13.9443
19942.05,25.3,13.9443
19943.05,25.63,13.9443
19944.06,25.19,13.9443
19945.06,25.29,13.9443
19946.06,25.19,13.9443
19947.06,25.93,13.9443
19948.06,32.05,13.9562
19949.06,25.19,13.9562
19950.07,25.31,13.9562
19951.07,25.19,13.9562
19952.07,25.19,13.9562
19953.07,25.34,13.9562
19954.07,25.19,13.9562
19955.07,25.19,13.9562
19956.07,25.22,13.9562
19957.08,25.13,13.9563
19958.08,25.24,13.9563
19959.08,31.49,13.9613
19960.08,25.19,13.9612
19961.08,25.28,13.9612
19962.08,25.19,13.9612
19963.09,25.31,13.9612
19964.09,25.18,13.9611
19965.09,25.16,13.9611
19966.09,25.22,13.9611
19967.09,25.14,13.9611
19968.09,25.27,13.9613
19969.1,25.16,13.9611
19970.1,25.18,13.9613
19971.1,30.01,13.9664
19972.1,25.18,13.9664
19973.1,25.31,13.9664
19974.1,25.19,13.9664
19975.1,25.18,13.9664
19976.11,25.27,13.9664
19977.11,25.19,13.9664
19978.11,25.3,13.9665
19979.11,25.19,13.9667
19980.11,25.29,13.9667
19981.11,25.18,13.9667
19982.12,25.2,13.9667
19983.12,25.33,13.9667
19984.12,29.77,13.9732
19985.12,25.16,13.9732
19986.12,25.28,13.9732
19987.12,25.13,13.9732
19988.13,25.24,13.9732
19989.13,25.13,13.9732
19990.13,25.14,13.9732
19991.13,25.23,13.9732
19992.13,25.12,13.9732
19993.13,25.25,13.9732
19994.14,25.12,13.9732
19995.14,25.12,13.9732
19996.14,29.07,13.9786
19997.14,25.18,13.9786
19998.14,25.28,13.9786
19999.14,25.19,13.9785
20000.15,25.19,13.9785
20001.15,25.29,13.9785
20002.15,25.19,13.9786
20003.15,25.31,13.9786
20004.15,25.18,13.9785
20005.15,25.29,13.9785
20006.15,25.18,13.9785
20007.16,25.19,13.9785
20008.16,30.86,13.9843
20009.16,25.12,13.9843
20010.16,25.22,13.9843
20011.16,25.12,13.9843
20012.16,25.13,13.9843
20013.17,25.25,13.9843
20014.17,25.14,13.9842
20015.17,25.14,13.9842
20016.17,25.24,13.9842
20017.17,25.13,13.9842
20018.17,25.31,13.9843
20019.17,32.8,13.9891
20020.18,25.2,13.9891
20021.18,25.26,13.9891
20022.18,25.12,13.9891
20023.18,25.25,13.9891
20024.18,25.11,13.9891
20025.18,25.12,13.9891
20026.19,25.23,13.9891
20027.19,25.13,13.9891
20028.19,25.23,13.9891
20029.19,25.12,13.9891
20030.19,29.92,13.9962
20031.19,25.29,13.9961
20032.2,25.21,13.9961
20033.2,25.34,13.9963
20034.2,25.19,13.9963
20035.2,25.28,13.9963
20036.2,25.16,13.9963
20037.2,25.18,13.9964
20038.21,25.26,13.9964
20039.21,25.16,13.9964
20040.21,25.26,13.9964
20041.21,28.97,14.0002
20042.21,25.18,14.0002
20043.21,25.31,14.0002
20044.22,25.2,14.0002
20045.22,25.19,14.0002
20046.22,25.29,14.0002
20047.22,25.19,14.0002
20048.22,25.3,14.0002
20049.22,25.18,14.0001
20050.22,25.21,14.0002
20051.23,25.28,14.0002
20052.23,29.05,14.0041
20053.23,25.33,14.0041
20054.23,25.19,14.0041
20055.23,25.19,14.0041
20056.23,25.31,14.0041
20057.23,25.19,14.0041
20058.24,25.16,14.0041
20059.24,25.23,14.0041
20060.24,25.13,14.0041
20061.24,25.29,14.0041
20062.24,25.19,14.0041
20063.24,25.21,14.0042
20064.25,29.74,14.0077
20065.25,25.19,14.0077
20066.25,25.29,14.0078
20067.25,25.19,14.0078
20068.25,25.2,14.0078
20069.25,25.29,14.0078
20070.26,25.19,14.0078
20071.26,25.29,14.0078
20072.26,25.18,14.0078
20073.26,25.21,14.0078
20074.26,25.31,14.0078
20075.26,25.19,14.0078
20076.26,31.25,14.0144
20077.27,25.29,14.0144
20078.27,25.2,14.0144
20079.27,25.29,14.0144
20080.27,25.2,14.0144
20081.27,25.19,14.0144
20082.27,25.3,14.0144
20083.28,25.22,14.0144
20084.28,25.28,14.0144
20085.28,25.19,14.0144
20086.28,25.19,14.0144
20087.28,32.47,14.0207
20088.28,25.18,14.0208
20089.28,25.19,14.0208
20090.29,25.29,14.0208
20091.29,25.19,14.0208
20092.29,25.2,14.0208
20093.29,28.96,13.7012
20094.29,85.23,2.6738
20095.29,79.22,3.0997
20096.29,83.66,3.3151
20097.29,89.49,3.599
20098.3,82.13,3.8991
20099.3,77.53,4.1608
20100.3,76.93,4.3865
20101.3,76.95,4.5996
20102.3,76.15,4.7863
20103.3,76.2,4.9438
20104.3,75.32,5.1421
20105.31,75.96,5.3615
20106.31,77.4,5.6242
20107.31,42.67,6.4472
20108.31,25.25,7.1875
20109.31,75.7,8.3603
20110.31,99.93,9.1032
20111.31,59.25,9.4379
20112.32,26.33,9.4379
20113.32,31.09,9.5382
20114.32,74.95,9.5382
20115.32,72.92,9.5382
20116.32,62.91,9.5382
20117.32,51.0,9.5383
20118.32,39.27,9.5383
20119.33,37.26,9.5383
20120.33,39.65,9.5383
20121.33,55.58,9.5382
20122.33,46.22,9.5382
20123.33,38.26,9.5383
20124.33,42.5,9.5383
20125.33,25.79,9.5383
20126.34,94.0,10.5644
20127.34,100.15,11.2092
20128.34,99.9,11.884
20129.34,89.41,12.3203
20130.34,41.14,12.4205
20131.34,29.58,12.4205
20132.34,38.25,12.4205
20133.35,28.88,12.4205
20134.35,32.73,12.4205
20135.35,29.61,12.4205
20136.35,25.94,12.4205
20137.35,26.85,12.4205
20138.35,28.43,12.4205
20139.36,27.12,12.4205
20140.36,29.2,12.4205
20141.36,25.29,12.4205
20142.36,25.2,12.4205
20143.36,25.38,12.4206
20144.36,27.94,12.4208
20145.37,33.18,12.4208
20146.37,30.08,12.4208
20147.37,42.36,12.4208
20148.37,37.86,12.4207
20149.37,42.31,12.4207
20150.37,26.56,12.4207
20151.38,25.48,12.4207
20152.38,25.39,12.4207
20153.38,28.79,12.4209
20154.38,25.35,12.4208
20155.38,25.96,12.4208
20156.38,26.12,12.4208
20157.39,25.42,12.4208
20158.39,25.21,12.4208
20159.39,25.53,12.4208
20160.39,25.31,12.4208
20161.39,25.21,12.4208
20162.39,25.25,12.4208
20163.39,27.27,12.4208
20164.4,25.24,12.4208
20165.4,26.0,12.4208
20166.4,25.2,12.4208
20167.4,25.23,12.4208
20168.4,25.31,12.4208
20169.4,25.22,12.4208
20170.41,25.31,12.4208
20171.41,25.21,12.4208
20172.41,25.39,12.4208
20173.41,25.22,12.4208
20174.41,25.28,12.4208
20175.41,25.34,12.4208
20176.41,25.21,12.4208
20177.42,25.55,12.4208
20178.42,25.91,12.4208
20179.42,25.2,12.4208
20180.42,27.11,12.4208
20181.42,32.09,12.4208
20182.42,25.42,12.4208
20183.42,26.08,12.4209
20184.43,25.9,12.4209
20185.43,26.1,12.4209
20186.43,25.29,12.4209
20187.43,25.27,12.4209
20188.43,64.97,12.421
20189.43,100.06,12.5345
20190.43,80.79,12.5364
20191.44,25.67,12.5364
20192.44,25.93,12.5364
20193.44,26.06,12.5364
20194.44,25.49,12.5364
20195.44,25.2,12.5364
20196.44,25.21,12.5364
20197.45,25.42,12.5364
20198.45,25.21,12.5364
20199.45,25.34,12.5364
20200.45,25.2,12.5364
20201.45,25.28,12.5364
20202.45,25.31,12.5364
20203.46,25.22,12.5365
20204.46,25.34,12.5365
20205.46,25.15,12.5365
20206.46,25.21,12.5365
20207.46,25.31,12.5365
20208.46,25.2,12.5365
20209.47,25.29,12.5365
20210.47,25.27,12.5365
20211.47,59.77,12.5365
20212.47,57.77,12.537
20213.47,46.7,12.537
20214.47,74.72,12.5398
20215.47,59.54,12.5431
20216.48,50.48,12.5794
20217.48,35.32,12.5747
20218.48,52.37,12.5753
20219.48,100.13,12.5765
20220.48,68.05,12.5765
20221.48,25.73,12.5765
20222.49,25.34,12.5765
20223.49,25.24,12.5767
20224.49,25.33,12.5767
20225.49,30.54,12.5767
20226.49,50.96,12.5771
20227.49,25.29,12.5771
20228.5,32.84,12.5771
20229.5,33.07,12.5771
20230.5,25.3,12.5771
20231.5,25.48,12.5771
20232.5,25.29,12.5771
20233.5,25.3,12.5771
20234.5,25.14,12.5771
20235.51,25.24,12.5771
20236.51,35.36,12.5771
20237.51,26.5,12.5771
20238.51,32.68,12.5773
20239.51,25.6,12.5773
20240.51,28.27,12.5773
20241.51,44.98,12.5835
20242.52,34.59,11.7504
20243.52,28.44,2.5127
20244.52,84.77,2.8637
20245.52,77.05,3.2255
20246.52,92.42,3.4514
20247.52,82.73,3.7666
20248.53,77.35,4.0893
20249.53,79.38,4.4177
20250.53,76.98,4.6946
20251.53,76.84,4.9304
20252.53,75.36,5.1437
20253.53,76.81,5.3679
20254.53,76.33,5.6548
20255.53,33.37,6.4555
20256.54,25.16,7.1538
20257.54,72.04,8.344
20258.54,99.9,9.0805
20259.54,59.77,9.4249
20260.54,25.13,9.525
20261.54,34.44,9.525
20262.54,78.39,9.525
20263.55,76.8,9.5293
20264.55,76.48,9.5293
20265.55,76.26,9.5312
20266.55,48.55,9.5312
20267.55,45.56,9.5313
20268.55,33.73,9.5258
20269.55,39.17,9.5279
20270.56,36.98,9.5279
20271.56,28.81,9.528
20272.56,43.59,9.5303
20273.56,30.44,9.5305
20274.56,93.93,10.5015
20275.56,99.89,11.1522
20276.57,100.19,11.8114
20277.57,94.06,12.3233
20278.57,28.68,12.4236
20279.57,27.94,12.4236
20280.57,27.72,12.4238
20281.57,33.97,12.4238
20282.57,35.65,12.4239
20283.58,43.36,12.4239
20284.58,26.27,12.4239
20285.58,29.11,12.4239
20286.58,35.65,12.4239
20287.58,26.69,12.4239
20288.58,28.77,12.4239
20289.59,34.4,12.4239
20290.59,26.07,12.4239
20291.59,25.51,12.4239
20292.59,25.35,12.4239
20293.59,25.39,12.4239
20294.59,25.44,12.4239
20295.59,30.98,12.424
20296.6,32.43,12.424
20297.6,37.28,12.424
20298.6,27.59,12.424
20299.6,38.09,12.4245
20300.6,34.81,12.4245
20301.6,30.31,12.4245
20302.61,25.29,12.4245
20303.61,26.19,12.4245
20304.61,25.51,12.4245
20305.61,25.18,12.4245
20306.61,30.74,12.4245
20307.61,34.56,12.4245
20308.62,26.17,12.4245
20309.62,28.38,12.4245
20310.62,29.58,12.4246
20311.62,25.31,12.4246
20312.62,25.47,12.4246
20313.62,25.23,12.4246
20314.63,25.71,12.4246
20315.63,26.36,12.4246
20316.63,29.86,12.4246
20317.63,25.57,12.4246
20318.63,25.21,12.4246
20319.63,26.5,12.4246
20320.64,25.21,12.4246
20321.64,26.16,12.4246
20322.64,25.21,12.4246
20323.64,25.22,12.4247
20324.64,25.34,12.4247
20325.64,25.21,12.4247
20326.65,25.32,12.4247
20327.65,26.12,12.4247
20328.65,25.21,12.4247
20329.65,25.33,12.4247
20330.65,25.25,12.4247
20331.65,25.21,12.4247
20332.65,25.33,12.4247
20333.65,25.22,12.4247
20334.66,25.19,12.4247
20335.66,25.3,12.4247
20336.66,25.2,12.4247
20337.66,26.25,12.4247
20338.66,25.44,12.4247
20339.66,25.24,12.4247
20340.67,33.95,12.4247
20341.67,25.18,12.4247
20342.67,25.91,12.4247
20343.67,26.22,12.4247
20344.67,25.24,12.4247
20345.67,25.26,12.4247
20346.68,26.1,12.4247
20347.68,25.36,12.4247
20348.68,64.43,12.4333
20349.68,100.02,12.5346
20350.68,54.69,12.5346
20351.68,25.16,12.5346
20352.68,25.16,12.5346
20353.69,25.75,12.5346
20354.69,25.2,12.5346
20355.69,25.68,12.5346
20356.69,25.14,12.5346
20357.69,25.19,12.5347
20358.69,25.36,12.5347
20359.7,25.2,12.5347
20360.7,25.43,12.5347
20361.7,25.2,12.5347
20362.7,25.41,12.5347
20363.7,25.46,12.5347
20364.7,25.2,12.5347
20365.7,25.2,12.5347
20366.71,25.32,12.5347
20367.71,25.21,12.5347
20368.71,33.8,12.5347
20369.71,25.44,12.5347
20370.71,25.37,12.5347
20371.71,25.38,12.5347
20372.71,25.31,12.5347
20373.72,25.2,12.5347
20374.72,25.3,12.5347
20375.72,25.21,12.5347
20376.72,25.2,12.5347
20377.72,25.31,12.5347
20378.72,30.41,12.5348
20379.73,70.63,12.5352
20380.73,60.49,12.5352
20381.73,69.3,12.5632
20382.73,62.86,12.5676
20383.73,45.22,12.5677
20384.73,63.16,12.5678
20385.73,34.15,4.3565
20386.74,61.69,2.6182
20387.74,81.6,2.9627
20388.74,70.37,3.241
20389.74,85.6,3.4014
20390.74,84.19,3.6907
20391.74,79.42,4.0116
20392.74,78.12,4.3309
20393.75,77.83,4.6082
20394.75,75.77,4.842
20395.75,76.14,5.0483
20396.75,75.76,5.2756
20397.75,76.21,5.4796
20398.75,76.75,5.9373
20399.75,52.66,6.6393
20400.76,26.02,7.2935
20401.76,83.27,8.4587
20402.76,99.92,9.1971
20403.76,50.89,9.4574
20404.76,25.3,9.4574
20405.76,35.07,9.4574
20406.76,78.51,9.4574
20407.77,77.28,9.4751
20408.77,75.08,9.5575
20409.77,76.62,9.563
20410.77,75.51,9.5647
20411.77,75.79,9.5664
20412.77,72.8,9.5669
20413.77,39.93,9.5669
20414.78,41.27,9.5671
20415.78,56.79,9.5671
20416.78,28.87,9.5593
20417.78,35.77,9.5594
20418.78,50.0,9.5594
20419.78,26.21,9.5594
20420.79,28.95,9.5594
20421.79,26.74,9.5594
20422.79,87.37,10.5149
20423.79,100.25,11.1781
20424.79,99.89,11.8339
20425.79,99.88,12.343
20426.79,27.1,12.3701
20427.79,26.51,12.4431
20428.8,25.97,12.4431
20429.8,27.32,12.4431
20430.8,25.8,12.4431
20431.8,33.67,12.4431
20432.8,28.15,12.4431
20433.81,25.41,12.4431
20434.81,34.73,12.4431
20435.81,40.95,12.4431
20436.81,28.29,12.4431
20437.81,27.13,12.4431
20438.81,25.42,12.4431
20439.82,25.25,12.4431
20440.82,36.23,12.4431
20441.82,28.28,12.4431
20442.82,27.74,12.4433
20443.82,25.44,12.4433
20444.82,26.63,12.4433
20445.82,25.48,12.4434
20446.83,25.33,12.4434
20447.83,25.22,12.4434
20448.83,28.77,12.4434
20449.83,25.24,12.4434
20450.83,25.33,12.4434
20451.83,25.33,12.4434
20452.84,25.4,12.4434
20453.84,25.54,12.4434
20454.84,28.67,12.4434
20455.84,29.72,12.4434
20456.84,30.1,12.4434
20457.84,25.95,12.4434
20458.85,36.02,12.4434
20459.85,34.79,12.4434
20460.85,25.3,12.4434
20461.85,25.21,12.444
20462.85,31.38,12.444
20463.85,25.32,12.444
20464.86,25.34,12.444
20465.86,25.9,12.444
20466.86,26.01,12.444
20467.86,25.72,12.444
20468.86,28.07,12.444
20469.86,25.21,12.444
20470.87,25.3,12.444
20471.87,26.1,12.444
20472.87,25.72,12.4441
20473.87,25.32,12.4441
20474.87,25.31,12.4441
20475.87,25.29,12.4441
20476.87,25.2,12.4441
20477.88,25.21,12.4441
20478.88,25.45,12.4441
20479.88,26.02,12.4441
20480.88,25.3,12.4441
20481.88,25.88,12.4441
20482.88,25.34,12.4441
20483.89,26.02,12.4441
20484.89,25.33,12.4441
20485.89,25.3,12.4441
20486.89,25.7,12.4441
20487.89,25.14,12.4441
20488.89,25.23,12.4441
20489.9,25.12,12.4441
20490.9,25.23,12.4441
20491.9,25.33,12.4441
20492.9,30.54,12.4441
20493.9,25.27,12.4441
20494.9,25.46,12.4441
20495.91,25.31,12.4441
20496.91,25.43,12.4441
20497.91,25.14,12.4441
20498.91,25.28,12.4441
20499.91,25.24,12.4441
20500.91,25.32,12.4441
20501.91,25.21,12.4441
20502.92,25.58,12.4441
20503.92,25.93,12.4441
20504.92,25.22,12.4441
20505.92,25.32,12.4441
20506.92,25.34,12.4441
20507.92,33.05,12.4441
20508.92,25.2,12.4441
20509.93,25.94,12.4441
20510.93,26.08,12.4441
20511.93,25.15,12.4441
20512.93,26.25,12.4443
20513.93,25.22,12.4443
20514.93,25.2,12.4443
20515.93,59.08,12.4493
20516.94,99.87,12.5335
20517.94,52.31,12.5561
20518.94,25.18,12.5561
20519.94,25.2,12.5561
20520.94,25.37,12.5561
20521.94,25.29,12.5561
20522.94,25.68,12.5561
20523.95,25.33,12.5561
20524.95,25.22,12.5561
20525.95,25.24,12.5561
20526.95,25.32,12.5561
20527.95,25.32,12.556
20528.95,25.2,12.5561
20529.95,25.31,12.5561
20530.96,25.2,12.5561
20531.96,25.33,12.5561
20532.96,25.25,12.5561
20533.96,25.22,12.5561
20534.96,26.05,12.5561
20535.96,29.1,12.5561
20536.97,25.3,12.5561
20537.97,25.37,12.5561
20538.97,25.44,12.5561
20539.97,25.34,12.5561
20540.97,25.21,12.5561
20541.97,25.19,12.5561
20542.97,25.33,12.5563
20543.98,25.68,12.5563
20544.98,26.0,12.5563
20545.98,25.2,12.5563
20546.98,25.29,12.5563
20547.98,42.5,12.5563
20548.98,54.44,7.8621
20549.98,37.84,2.5428
20550.99,84.44,2.8321
20551.99,74.19,3.1868
20552.99,73.5,3.3105
20553.99,88.32,3.5916
20554.99,82.36,3.9139
20555.99,77.85,4.2166
20556.99,77.98,4.5197
20558.0,76.01,4.7393
20559.0,76.01,4.9314
20560.0,75.19,5.1098
20561.0,75.71,5.2948
20562.0,75.89,5.4843
20563.0,59.45,5.9544
20564.01,25.23,6.7312
20565.01,26.32,7.4011
20566.01,99.73,8.5745
20567.01,100.18,9.292
20568.01,39.71,9.492
20569.01,25.12,9.5923
20570.01,37.58,9.5925
20571.01,73.37,9.5971
20572.02,61.31,9.5982
20573.02,56.07,9.5987
20574.02,57.86,9.5992
20575.02,42.71,9.5979
20576.02,36.88,9.5979
20577.02,29.38,9.5979
20578.03,29.91,9.5979
20579.03,44.49,9.5979
20580.03,30.52,9.5979
20581.03,31.54,9.5979
20582.03,44.32,9.5979
20583.03,35.33,9.5979
20584.03,25.43,9.5981
20585.04,30.88,9.5981
20586.04,50.06,9.7588
20587.04,100.17,10.7553
20588.04,99.89,11.3986
20589.04,99.93,12.0495
20590.04,82.19,12.3759
20591.04,26.81,12.424
20592.04,30.95,12.424
20593.05,37.46,12.424
20594.05,25.11,12.424
20595.05,28.68,12.424
20596.05,27.97,12.424
20597.05,25.81,12.424
20598.05,25.49,12.424
20599.05,25.96,12.424
20600.06,25.95,12.424
20601.06,29.6,12.424
20602.06,25.83,12.424
20603.06,32.8,12.424
20604.06,25.81,12.424
20605.06,28.36,12.424
20606.07,25.23,12.424
20607.07,25.13,12.424
20608.07,25.24,12.424
20609.07,25.64,12.424
20610.07,31.44,12.424
20611.07,32.11,12.424
20612.08,25.54,12.424
20613.08,38.79,12.4244
20614.08,29.73,12.4244
20615.08,25.21,12.4244
20616.08,25.35,12.4244
20617.08,32.14,12.4244
20618.09,25.33,12.4244
20619.09,26.42,12.4244
20620.09,25.43,12.4244
20621.09,25.51,12.4244
20622.09,25.26,12.4244
20623.09,25.49,12.4244
20624.09,32.07,12.4244
20625.1,25.24,12.4244
20626.1,25.9,12.4244
20627.1,25.68,12.4244
20628.1,25.34,12.4244
20629.1,25.32,12.4244
20630.1,25.19,12.4244
20631.11,25.28,12.4244
20632.11,25.45,12.4244
20633.11,26.33,12.4245
20634.11,25.29,12.4245
20635.11,25.15,12.4245
20636.11,25.34,12.4245
20637.12,25.64,12.4245
20638.12,26.37,12.4245
20639.12,25.32,12.4245
20640.12,25.73,12.4245
20641.12,25.31,12.4245
20642.12,25.2,12.4245
20643.13,25.33,12.4245
20644.13,25.22,12.4245
20645.13,25.23,12.4245
20646.13,25.32,12.4245
20647.13,25.23,12.4245
20648.13,25.34,12.4245
20649.13,25.23,12.4245
20650.14,26.3,12.4245
20651.14,25.24,12.4245
20652.14,26.1,12.4245
20653.14,25.32,12.4245
20654.14,25.19,12.4245
20655.14,25.23,12.4245
20656.15,25.63,12.4245
20657.15,26.71,12.4245
20658.15,25.36,12.4245
20659.15,25.29,12.4245
20660.15,25.2,12.4245
20661.15,33.56,12.427
20662.15,25.19,12.427
20663.16,25.22,12.4271
20664.16,26.78,12.4271
20665.16,25.22,12.4271
20666.16,25.82,12.4271
20667.16,25.31,12.4271
20668.16,25.34,12.4271
20669.17,30.6,12.4271
20670.17,25.27,12.4271
20671.17,25.21,12.4271
20672.17,25.46,12.4271
20673.17,25.79,12.4271
20674.17,25.34,12.4271
20675.17,33.2,12.4272
20676.18,99.92,12.5274
20677.18,91.0,12.5517
20678.18,25.26,12.5517
20679.18,25.25,12.5517
20680.18,25.24,12.5517
20681.18,25.24,12.5517
20682.19,25.39,12.5517
20683.19,25.24,12.5518
20684.19,25.23,12.5518
20685.19,25.31,12.5518
20686.19,25.21,12.5518
20687.19,25.31,12.5518
20688.2,25.38,12.5518
20689.2,25.3,12.5518
20690.2,25.21,12.5518
20691.2,25.24,12.5518
20692.2,25.41,12.5518
20693.2,25.2,12.5518
20694.21,25.25,12.5518
20695.21,25.17,12.5518
20696.21,25.21,12.5518
20697.21,25.32,12.5518
20698.21,25.16,12.5518
20699.21,25.24,12.5518
20700.22,25.19,12.5518
20701.22,59.63,12.5518
20702.22,66.6,12.5536
20703.22,36.49,12.5536
20704.22,38.06,12.5536
20705.22,25.33,12.5536
20706.23,28.18,12.5536
20707.23,25.67,12.5536
20708.23,31.32,12.5536
20709.23,100.25,12.569
20710.23,75.8,12.5753
20711.23,25.63,12.5753
20712.23,25.32,12.5753
20713.24,25.55,12.5755
20714.24,25.31,12.5755
20715.24,25.61,12.5755
20716.24,25.21,12.5755
20717.24,25.96,12.5755
20718.24,47.74,12.5755
20719.24,100.06,12.5763
20720.25,51.4,12.5763
20721.25,29.55,12.5763
20722.25,25.31,12.5763
20723.25,25.33,12.5764
20724.25,25.2,12.5764
20725.25,25.3,12.5764
20726.26,25.19,12.5764
20727.26,38.15,12.5764
20728.26,99.92,12.5766
20729.26,59.63,12.5767
20730.26,25.22,12.5767
20731.26,25.31,12.5767
20732.26,49.94,12.8393
20733.27,100.19,13.3202
20734.27,54.72,13.3202
20735.27,25.21,13.3202
20736.27,25.33,13.3202
20737.27,35.31,13.3768
20738.27,28.69,13.4057
20739.27,25.32,13.4057
20740.28,25.22,13.4057
20741.28,29.23,13.4058
20742.28,25.21,13.4058
20743.28,25.23,13.406
20744.28,29.06,13.4061
20745.28,25.21,13.4061
20746.29,25.32,13.4061
20747.29,25.21,13.4061
20748.29,28.96,13.4062
20749.29,25.34,13.4062
20750.29,25.88,13.4062
20751.29,28.95,13.4062
20752.29,25.32,13.4062
20753.3,25.18,13.4062
20754.3,25.25,13.4062
20755.3,28.76,13.4063
20756.3,25.14,13.4063
20757.3,25.27,13.4063
20758.3,25.2,13.4063
20759.31,25.29,13.4063
20760.31,28.89,13.4066
20761.31,25.12,13.4066
20762.31,25.22,13.4066
20763.31,25.2,13.4066
20764.31,28.85,13.4067
20765.32,25.15,13.4067
20766.32,25.31,13.4067
20767.32,28.93,13.4067
20768.32,25.13,13.4067
20769.32,25.23,13.4067
20770.32,25.15,13.4067
20771.32,25.19,13.4067
20772.33,29.04,13.4067
20773.33,25.15,13.4067
20774.33,25.2,13.4067
20775.33,25.33,13.4067
20776.33,28.97,13.4067
20777.33,25.2,13.4067
20778.33,25.31,13.4067
20779.34,25.21,13.4067
20780.34,29.01,13.4068
20781.34,25.35,13.4068
20782.34,25.23,13.4068
20783.34,25.33,13.4069
20784.34,29.05,13.4069
20785.34,25.23,13.4069
20786.35,25.33,13.4069
20787.35,25.23,13.4069
20788.35,25.33,13.4069
20789.35,28.87,13.4071
20790.35,25.22,13.4071
20791.35,25.32,13.4071
20792.36,25.22,13.4071
20793.36,25.34,13.4071
20794.36,30.03,13.4071
20795.36,25.21,13.4071
20796.36,25.34,13.4071
20797.36,25.23,13.4071
20798.36,25.23,13.4071
20799.37,25.33,13.4071
20800.37,30.1,13.4071
20801.37,25.3,13.4071
20802.37,25.15,13.4071
20803.37,25.16,13.4071
20804.37,25.28,13.4071
20805.38,25.23,13.4071
20806.38,30.3,13.4072
20807.38,25.14,13.4072
20808.38,25.14,13.4072
20809.38,25.23,13.4072
20810.38,25.14,13.4072
20811.39,25.26,13.4072
20812.39,25.21,13.4072
20813.39,30.27,13.4074
20814.39,25.34,13.4074
20815.39,25.24,13.4074
20816.39,25.34,13.4074
20817.4,25.25,13.4074
20818.4,25.33,13.4074
20819.4,29.1,13.4075
20820.4,25.24,13.4075
20821.4,25.25,13.4075
20822.4,25.15,13.4075
20823.41,25.34,13.4075
20824.41,25.23,13.4075
20825.41,25.32,13.4075
20826.41,28.89,13.4075
20827.41,25.23,13.4075
20828.41,25.32,13.4075
20829.42,25.23,13.4075
20830.42,25.33,13.4075
20831.42,25.23,13.4075
20832.42,25.23,13.4075
20833.42,29.05,13.4075
20834.42,25.23,13.4075
20835.43,25.33,13.4075
20836.43,25.23,13.4075
20837.43,25.33,13.4075
20838.43,25.2,13.4075
20839.43,25.23,13.4075
20840.43,25.32,13.4075
20841.44,29.04,13.4075
20842.44,25.31,13.4077
20843.44,25.21,13.4077
20844.44,25.17,13.4077
20845.44,25.29,13.4077
20846.44,25.13,13.4077
20847.45,25.29,13.4077
20848.45,28.96,13.4078
20849.45,25.2,13.4078
20850.45,25.32,13.4078
20851.45,25.22,13.4078
20852.45,25.33,13.4078
20853.46,25.2,13.4078
20854.46,25.3,13.4078
20855.46,25.2,13.4078
20856.46,29.49,13.4078
20857.46,25.31,13.4078
20858.46,25.23,13.4078
20859.46,25.23,13.4078
20860.47,25.34,13.4078
20861.47,25.21,13.4078
20862.47,25.22,13.4078
20863.47,25.27,13.4079
20864.47,25.14,13.4079
20865.47,30.85,13.408
20866.47,25.33,13.408
20867.48,25.23,13.408
20868.48,25.32,13.408
20869.48,25.22,13.408
20870.48,25.22,13.408
20871.48,25.31,13.408
20872.48,25.22,13.408
20873.49,30.84,13.408
20874.49,25.2,13.408
20875.49,25.28,13.408
20876.49,25.13,13.408
20877.49,25.17,13.408
20878.49,25.3,13.408
20879.5,25.16,13.408
20880.5,25.23,13.408
20881.5,29.0,13.4082
20882.5,25.32,13.4082
20883.5,25.23,13.4082
20884.51,25.22,13.4082
20885.51,25.32,13.4082
20886.51,25.22,13.4082
20887.51,25.33,13.4082
20888.51,25.22,13.4082
20889.51,25.32,13.4082
20890.51,25.22,13.4082
20891.52,28.99,13.4082
20892.52,25.32,13.4083
20893.52,25.21,13.4083
20894.52,25.32,13.4083
20895.52,25.19,13.4083
20896.53,25.23,13.4083
20897.53,25.14,13.4083
20898.53,25.16,13.4083
20899.53,25.32,13.4083
20900.53,28.86,13.4085
20901.53,25.3,13.4085
20902.54,25.23,13.4086
20903.54,25.33,13.4086
20904.54,25.21,13.4086
20905.54,25.21,13.4086
20906.54,25.32,13.4086
20907.54,25.21,13.4086
20908.54,25.2,13.4086
20909.55,25.32,13.4086
20910.55,28.97,13.4086
20911.55,25.32,13.4086
20912.55,25.22,13.4086
20913.55,25.31,13.4086
20914.55,25.13,13.4086
20915.56,25.57,13.4086
20916.56,25.33,13.4086
20917.56,25.22,13.4086
20918.56,25.21,13.4086
20919.56,29.07,13.4087
20920.56,25.2,13.4087
20921.56,25.19,13.4087
20922.57,25.32,13.4087
20923.57,25.2,13.4087
20924.57,25.31,13.4087
20925.57,25.22,13.4087
20926.57,25.32,13.4087
20927.58,25.23,13.4087
20928.58,25.32,13.4087
20929.58,30.94,13.4088
20930.58,25.21,13.4088
20931.58,25.33,13.4088
20932.58,25.21,13.4088
20933.59,25.31,13.4088
20934.59,25.21,13.4088
20935.59,25.21,13.4088
20936.59,25.3,13.4088
20937.59,25.22,13.4088
20938.59,31.26,13.409
20939.6,25.2,13.409
20940.6,25.3,13.409
20941.6,25.21,13.409
20942.6,25.22,13.409
20943.6,25.33,13.409
20944.6,25.21,13.409
20945.61,25.31,13.409
20946.61,25.22,13.409
20947.61,25.23,13.409
20948.61,29.26,13.4091
20949.61,25.16,13.4091
20950.61,25.23,13.4091
20951.62,25.13,13.4091
20952.62,25.17,13.4091
20953.62,25.39,13.4092
20954.62,25.18,13.4092
20955.62,25.23,13.4092
20956.62,25.12,13.4092
20957.62,25.19,13.4092
20958.63,25.23,13.4092
20959.63,28.79,13.4093
20960.63,25.24,13.4093
20961.63,25.15,13.4093
20962.63,25.15,13.4093
20963.63,25.31,13.4093
20964.64,25.22,13.4093
20965.64,25.31,13.4093
20966.64,25.22,13.4093
20967.64,25.23,13.4093
20968.64,25.31,13.4093
20969.64,25.22,13.4093
20970.65,29.04,13.4094
20971.65,25.21,13.4094
20972.65,25.23,13.4094
20973.65,25.32,13.4094
20974.65,25.17,13.4094
20975.65,25.28,13.4094
20976.66,25.19,13.4094
20977.66,25.22,13.4094
20978.66,25.32,13.4094
20979.66,25.23,13.4094
20980.66,25.32,13.4094
20981.66,27.39,13.4094
20982.67,26.86,13.4097
20983.67,25.3,13.4097
20984.67,25.19,13.4097
20985.67,25.29,13.4097
20986.67,25.23,13.4097
20987.67,25.33,13.4097
20988.67,25.2,13.4097
20989.68,25.22,13.4097
20990.68,25.33,13.4097
20991.68,25.22,13.4097
20992.68,30.08,13.4097
20993.68,25.21,13.4097
20994.68,25.22,13.4097
20995.69,25.26,13.4097
20996.69,25.21,13.4097
20997.69,25.32,13.4097
20998.69,25.21,13.4097
20999.69,25.31,13.4097
21000.69,25.2,13.4097
21001.7,25.21,13.4097
21002.7,25.34,13.4097
21003.7,31.58,13.4098
21004.7,25.31,13.4098
21005.7,25.21,13.4098
21006.7,25.21,13.4098
21007.71,25.32,13.4098
21008.71,25.21,13.4098
21009.71,25.33,13.4098
21010.71,25.21,13.4098
21011.71,25.23,13.4098
21012.71,25.34,13.4098
21013.72,25.21,13.4098
21014.72,29.92,13.4099
21015.72,25.32,13.4099
21016.72,25.22,13.4099
21017.72,25.33,13.4099
21018.72,25.2,13.4099
21019.72,25.21,13.4099
21020.73,25.34,13.4099
21021.73,25.22,13.4099
21022.73,25.23,13.4099
21023.73,25.3,13.4099
21024.73,28.85,13.4099
21025.73,25.31,13.4099
21026.74,25.21,13.4099
21027.74,25.22,13.4099
21028.74,25.31,13.4099
21029.74,25.21,13.4099
21030.74,25.27,13.4099
21031.74,25.14,13.4099
21032.74,25.17,13.41
21033.75,25.29,13.41
21034.75,25.23,13.41
21035.75,29.05,13.4102
21036.75,25.31,13.4102
21037.75,25.21,13.4102
21038.75,25.27,13.4102
21039.76,25.2,13.4102
21040.76,25.3,13.4102
21041.76,25.2,13.4102
21042.76,25.3,13.4102
21043.76,25.1,13.4102
21044.76,25.16,13.4102
21045.77,25.22,13.4102
21046.77,25.16,13.4102
21047.77,29.54,13.4103
21048.77,25.21,13.4103
21049.77,25.31,13.4103
21050.77,25.2,13.4103
21051.78,25.21,13.4103
21052.78,25.33,13.4103
21053.78,25.17,13.4104
21054.78,25.3,13.4104
21055.78,25.21,13.4104
21056.78,25.23,13.4104
21057.79,25.32,13.4104
21058.79,29.27,13.4105
21059.79,25.21,13.4105
21060.79,25.31,13.4105
21061.79,25.21,13.4105
21062.79,25.34,13.4105
21063.8,25.22,13.4105
21064.8,25.31,13.4105
21065.8,25.22,13.4105
21066.8,25.22,13.4105
21067.8,25.33,13.4105
21068.8,25.22,13.4105
21069.81,31.8,13.4108
21070.81,25.2,13.4108
21071.81,25.13,13.4108
21072.81,25.3,13.4108
21073.81,25.2,13.4108
21074.81,25.31,13.4108
21075.82,25.21,13.4108
21076.82,25.31,13.4108
21077.82,25.17,13.4108
21078.82,25.12,13.4108
21079.82,25.23,13.4108
21080.82,30.49,13.4109
21081.83,25.31,13.4109
21082.83,25.23,13.411
21083.83,25.21,13.411
21084.83,25.33,13.411
21085.83,25.2,13.411
21086.83,25.21,13.411
21087.83,25.28,13.411
21088.84,25.13,13.411
21089.84,25.23,13.411
21090.84,29.03,13.411
21091.84,25.2,13.411
21092.84,25.33,13.411
21093.84,25.22,13.411
21094.84,25.24,13.411
21095.85,25.31,13.411
21096.85,25.21,13.411
21097.85,25.32,13.411
21098.85,25.21,13.411
21099.85,25.32,13.411
21100.85,25.21,13.411
21101.86,26.86,13.411
21102.86,27.51,13.4111
21103.86,25.2,13.4111
21104.86,25.21,13.4111
21105.86,25.23,13.4111
21106.86,25.12,13.4111
21107.87,25.24,13.4111
21108.87,25.1,13.4111
21109.87,25.22,13.4111
21110.87,25.13,13.4111
21111.87,25.19,13.4111
21112.87,25.32,13.4111
21113.88,28.96,13.4112
21114.88,25.3,13.4112
21115.88,25.19,13.4112
21116.88,25.19,13.4112
21117.88,25.31,13.4112
21118.88,25.18,13.4112
21119.89,25.3,13.4112
21120.89,25.21,13.4112
21121.89,25.16,13.4112
21122.89,25.28,13.4112
21123.89,25.12,13.4112
21124.89,25.11,13.4112
21125.89,28.97,13.4114
21126.9,25.14,13.4114
21127.9,25.3,13.4114
21128.9,25.2,13.4114
21129.9,25.2,13.4114
21130.9,25.29,13.4114
21131.9,25.19,13.4114
21132.91,25.31,13.4114
21133.91,25.18,13.4114
21134.91,25.29,13.4114
21135.91,31.01,13.4116
21136.91,25.12,13.4116
21137.91,25.24,13.4116
21138.92,25.12,13.4116
21139.92,25.23,13.4116
21140.92,25.13,13.4116
21141.92,25.12,13.4116
21142.92,25.3,13.4116
21143.92,25.19,13.4116
21144.93,25.3,13.4116
21145.93,25.19,13.4116
21146.93,30.98,13.4116
21147.93,25.25,13.4116
21148.93,25.13,13.4116
21149.93,25.13,13.4116
21150.93,25.24,13.4116
21151.93,25.12,13.4116
21152.94,25.18,13.4117
21153.94,25.18,13.4117
21154.94,25.29,13.4117
21155.94,25.19,13.4117
21156.94,25.28,13.4117
21157.94,28.95,13.4117
21158.95,25.29,13.4117
21159.95,25.19,13.4117
21160.95,25.19,13.4117
21161.95,25.28,13.4117
21162.95,25.21,13.4117
21163.95,25.28,13.4117
21164.96,25.19,13.4117
21165.96,25.17,13.4117
21166.96,25.23,13.4117
21167.96,25.19,13.4117
21168.96,28.98,13.4118
21169.96,25.19,13.4118
21170.96,25.19,13.4118
21171.97,25.29,13.4118
21172.97,25.95,13.4119
21173.97,25.3,13.4119
21174.97,25.18,13.4119
21175.97,25.18,13.4119
21176.97,25.28,13.4119
21177.98,25.19,13.4119
21178.98,25.29,13.4119
21179.98,28.93,13.412
21180.98,25.18,13.412
21181.98,25.28,13.412
21182.98,25.23,13.412
21183.98,25.18,13.412
21184.99,25.29,13.412
21185.99,25.19,13.412
21186.99,25.29,13.412
21187.99,25.2,13.412
21188.99,25.18,13.412
21189.99,25.3,13.412
21191.0,25.19,13.412
21192.0,28.98,13.4121
21193.0,25.21,13.4121
21194.0,25.18,13.4121
21195.0,25.29,13.4121
21196.0,25.19,13.4121
21197.01,25.29,13.4121
21198.01,25.19,13.4121
21199.01,25.28,13.4121
21200.01,25.18,13.4121
21201.01,25.19,13.4121
21202.01,25.29,13.4121
21203.02,25.21,13.4122
21204.02,30.76,13.4124
21205.02,25.19,13.4124
21206.02,25.18,13.4124
21207.02,25.28,13.4124
21208.02,25.19,13.4123
21209.03,25.27,13.4123
21210.03,25.17,13.4124
21211.03,25.26,13.4124
21212.03,25.15,13.4124
21213.03,25.18,13.4124
21214.03,25.28,13.4124
21215.04,31.33,13.4124
21216.04,25.29,13.4124
21217.04,25.14,13.4124
21218.04,25.15,13.4124
21219.04,25.2,13.4124
21220.04,25.18,13.4124
21221.05,25.3,13.4124
21222.05,25.18,13.4124
21223.05,25.21,13.4124
21224.05,25.27,13.4124
21225.05,25.26,13.4124
21226.05,29.09,13.4127
21227.06,25.18,13.4127
21228.06,25.2,13.4127
21229.06,25.28,13.4127
21230.06,25.18,13.4127
21231.06,25.29,13.4127
21232.06,25.18,13.4127
21233.07,25.21,13.4129
21234.07,25.28,13.4129
21235.07,25.14,13.4129
21236.07,26.93,13.413
21237.07,27.14,13.4129
21238.07,25.29,13.4129
21239.08,25.16,13.4129
21240.08,25.18,13.4129
21241.08,25.28,13.4129
21242.08,25.18,13.4129
21243.08,25.32,13.4129
21244.08,25.18,13.4129
21245.08,25.18,13.4129
21246.09,25.3,13.4129
21247.09,25.16,13.4129
21248.09,25.19,13.4129
21249.09,28.86,13.413
21250.09,25.23,13.413
21251.09,25.12,13.413
21252.1,25.12,13.413
21253.1,25.26,13.413
21254.1,25.17,13.413
21255.1,25.28,13.413
21256.1,25.18,13.413
21257.1,25.18,13.413
21258.11,25.3,13.413
21259.11,25.15,13.413
21260.11,28.95,13.4131
21261.11,25.16,13.413
21262.11,25.18,13.413
21263.11,25.31,13.4131
21264.12,25.19,13.4131
21265.12,25.29,13.4131
21266.12,25.19,13.4132
21267.12,25.27,13.4131
21268.12,25.18,13.4131
21269.12,25.17,13.4131
21270.13,25.28,13.4131
21271.13,25.19,13.4131
21272.13,30.87,13.4134
21273.13,25.21,13.4134
21274.13,25.17,13.4134
21275.13,25.28,13.4134
21276.14,25.19,13.4134
21277.14,25.28,13.4134
21278.14,25.2,13.4134
21279.14,25.17,13.4134
21280.14,25.29,13.4134
21281.14,25.18,13.4134
21282.15,25.28,13.4135
21283.15,31.36,13.4136
21284.15,25.18,13.4135
21285.15,25.27,13.4135
21286.15,25.18,13.4135
21287.15,25.3,13.4135
21288.15,25.2,13.4135
21289.16,25.17,13.4135
21290.16,25.28,13.4135
21291.16,25.18,13.4135
21292.16,25.28,13.4135
21293.16,25.21,13.4135
21294.17,29.11,13.4136
21295.17,25.18,13.4136
21296.17,25.18,13.4136
21297.17,25.28,13.4135
21298.17,25.19,13.4136
21299.17,25.28,13.4136
21300.17,25.19,13.4135
21301.18,25.18,13.4135
21302.18,25.28,13.4135
21303.18,25.21,13.4135
21304.18,25.28,13.4135
21305.18,28.81,13.4138
21306.18,25.19,13.4138
21307.19,25.29,13.4138
21308.19,25.22,13.4138
21309.19,25.18,13.4138
21310.19,25.29,13.4138
21311.19,25.18,13.4138
21312.19,25.24,13.4138
21313.2,25.14,13.4138
21314.2,25.17,13.4138
21315.2,25.29,13.4138
21316.2,28.88,13.4139
21317.2,25.28,13.4138
21318.2,25.14,13.4138
21319.2,25.16,13.4138
21320.21,25.31,13.4138
21321.21,25.18,13.4138
21322.21,25.13,13.4138
21323.21,25.28,13.4138
21324.21,25.13,13.4139
21325.21,25.13,13.4139
21326.21,25.25,13.4139
21327.21,25.15,13.4139
21328.22,28.8,13.4139
21329.22,25.27,13.4139
21330.22,25.19,13.4139
21331.22,25.18,13.4139
21332.22,25.27,13.4139
21333.22,25.21,13.4141
21334.23,25.3,13.4141
21335.23,25.19,13.4141
21336.23,25.19,13.4141
21337.23,25.3,13.4141
21338.23,25.17,13.4141
21339.23,30.44,13.4141
21340.23,25.3,13.4141
21341.23,25.19,13.4141
21342.24,25.19,13.4141
21343.24,25.32,13.4141
21344.24,25.15,13.4141
21345.24,25.25,13.4141
21346.24,25.14,13.4142
21347.24,25.14,13.4141
21348.25,25.25,13.4141
21349.25,29.62,13.4141
21350.25,26.84,13.4142
21351.25,25.29,13.4141
21352.25,25.19,13.4143
21353.25,25.32,13.4144
21354.26,25.19,13.4144
21355.26,25.15,13.4144
21356.26,25.28,13.4144
21357.26,25.19,13.4144
21358.26,25.29,13.4144
21359.26,25.15,13.4144
21360.26,29.44,13.4144
21361.27,25.28,13.4145
21362.27,25.18,13.4145
21363.27,25.2,13.4145
21364.27,25.29,13.4145
21365.27,25.19,13.4145
21366.27,25.28,13.4145
21367.28,25.17,13.4145
21368.28,25.29,13.4146
21369.28,25.18,13.4146
21370.28,25.2,13.4146
21371.28,25.29,13.4146
21372.28,28.89,13.4145
21373.29,25.31,13.4145
21374.29,25.19,13.4145
21375.29,25.2,13.4146
21376.29,25.29,13.4146
21377.29,25.18,13.4146
21378.29,25.29,13.4146
21379.3,25.18,13.4146
21380.3,25.19,13.4146
21381.3,25.29,13.4147
21382.3,25.18,13.4146
21383.3,29.0,13.4148
21384.3,25.18,13.4148
21385.3,25.2,13.4148
21386.31,25.29,13.4148
21387.31,25.19,13.4147
21388.31,25.3,13.4148
21389.31,25.18,13.4148
21390.31,25.19,13.4148
21391.31,25.31,13.4148
21392.31,25.19,13.4148
21393.32,25.22,13.4147
21394.32,25.31,13.4148
21395.32,28.85,13.4149
21396.32,25.19,13.4149
21397.32,25.31,13.4148
21398.32,25.19,13.4149
21399.32,25.18,13.4149
21400.33,25.29,13.4149
21401.33,25.19,13.4149
21402.33,25.29,13.4149
21403.33,25.21,13.4148
21404.33,25.19,13.4148
21405.33,25.29,13.4148
21406.34,29.81,13.4149
21407.34,25.3,13.415
21408.34,25.19,13.415
21409.34,25.2,13.4151
21410.34,25.29,13.4151
21411.34,25.17,13.4151
21412.34,25.18,13.4151
21413.35,25.31,13.415
21414.35,25.18,13.415
21415.35,25.28,13.415
21416.35,25.18,13.415
21417.35,31.53,13.4152
21418.35,25.29,13.4152
21419.36,25.18,13.4152
21420.36,25.29,13.4151
21421.36,25.19,13.4151
21422.36,25.28,13.4151
21423.36,25.21,13.4151
21424.36,25.19,13.4151
21425.37,25.29,13.4151
21426.37,25.19,13.4151
21427.37,25.29,13.4151
21428.37,29.87,13.4152
21429.37,25.18,13.4151
21430.37,25.29,13.4151
21431.38,25.19,13.4151
21432.38,25.28,13.4151
21433.38,25.21,13.4152
21434.38,25.19,13.4152
21435.38,25.29,13.4152
21436.38,25.18,13.4152
21437.39,25.29,13.4152
21438.39,25.2,13.4152
21439.39,28.91,13.4153
21440.39,25.25,13.4153
21441.39,25.13,13.4153
21442.39,25.23,13.4153
21443.4,25.14,13.4153
21444.4,25.22,13.4153
21445.4,25.13,13.4153
21446.4,25.13,13.4153
21447.4,25.23,13.4153
21448.4,25.13,13.4153
21449.41,25.22,13.4153
21450.41,25.12,13.4153
21451.41,28.77,13.4154
21452.41,25.28,13.4153
21453.41,25.19,13.4154
21454.41,25.29,13.4156
21455.41,25.19,13.4156
21456.42,25.19,13.4156
21457.42,25.29,13.4156
21458.42,25.15,13.4156
21459.42,25.29,13.4156
21460.42,25.19,13.4156
21461.43,25.16,13.4156
21462.43,25.24,13.4156
21463.43,28.88,13.4157
21464.43,25.26,13.4157
21465.43,25.14,13.4157
21466.43,25.25,13.4157
21467.44,25.16,13.4158
21468.44,25.15,13.4158
21469.44,25.27,13.4158
21470.44,25.18,13.4158
21471.44,25.28,13.4158
21472.44,25.17,13.4158
21473.45,25.19,13.4159
21474.45,28.17,13.4159
21475.45,26.9,13.4159
21476.45,25.25,13.4159
21477.45,25.18,13.4159
21478.45,25.19,13.4159
21479.45,25.28,13.4159
21480.46,25.18,13.4159
21481.46,25.28,13.4159
21482.46,25.19,13.4158
21483.46,25.31,13.4158
21484.46,25.18,13.4158
21485.46,30.0,13.4158
21486.47,26.71,13.4164
21487.47,25.3,13.4164
21488.47,25.19,13.4164
21489.47,25.31,13.4164
21490.47,25.19,13.4164
21491.47,25.18,13.4164
21492.47,25.28,13.4164
21493.48,25.19,13.4164
21494.48,25.28,13.4164
21495.48,25.19,13.4164
21496.48,25.16,13.4164
21497.48,29.8,13.4165
21498.48,25.19,13.4165
21499.49,25.31,13.4166
21500.49,25.19,13.4165
21501.49,25.2,13.4165
21502.49,25.33,13.4166
21503.49,25.2,13.4165
21504.49,25.19,13.4165
21505.49,25.32,13.4166
21506.49,25.2,13.4165
21507.5,25.21,13.4165
21508.5,29.06,13.4165
21509.5,25.2,13.4164
21510.5,25.19,13.4164
21511.5,25.29,13.4166
21512.5,25.19,13.4166
21513.51,25.3,13.4167
21514.51,25.18,13.4167
21515.51,25.17,13.4167
21516.51,25.29,13.4167
21517.51,25.2,13.4167
21518.51,25.28,13.4167
21519.51,28.81,13.4167
21520.52,25.19,13.4167
21521.52,25.25,13.4167
21522.52,25.16,13.4167
21523.52,25.24,13.4167
21524.52,25.12,13.4167
21525.52,25.12,13.4167
21526.53,25.26,13.4166
21527.53,25.2,13.4166
21528.53,25.24,13.4166
21529.53,25.13,13.4166
21530.53,25.23,13.4166
21531.53,25.13,13.4166
21532.54,28.85,13.4167
21533.54,25.3,13.4167
21534.54,25.19,13.4167
21535.54,25.29,13.4167
21536.54,25.19,13.4167
21537.54,25.21,13.4167
21538.55,25.3,13.4167
21539.55,25.2,13.4168
21540.55,25.31,13.4168
21541.55,25.2,13.4168
21542.55,25.2,13.4168
21543.55,25.34,13.4169
21544.55,29.71,13.4171
21545.56,25.16,13.4171
21546.56,25.24,13.4171
21547.56,25.19,13.4171
21548.56,25.28,13.4171
21549.56,25.17,13.4171
21550.57,25.13,13.4171
21551.57,25.23,13.4171
21552.57,25.14,13.4171
21553.57,25.25,13.4171
21554.57,25.13,13.4171
21555.57,31.51,13.4171
21556.57,25.29,13.4171
21557.58,25.2,13.4171
21558.58,25.32,13.4171
21559.58,25.19,13.4171
21560.58,25.17,13.4171
21561.58,25.26,13.4171
21562.58,25.15,13.4171
21563.58,25.2,13.4171
21564.59,25.29,13.4171
21565.59,29.78,13.4171
21566.59,25.29,13.4171
21567.59,25.2,13.4171
21568.59,25.19,13.4171
21569.59,25.29,13.4171
21570.6,25.19,13.4171
21571.6,25.29,13.4171
21572.6,25.19,13.4172
21573.6,25.32,13.4172
21574.6,25.19,13.4172
21575.6,25.19,13.4172
21576.61,25.29,13.4172
21577.61,28.99,13.4174
21578.61,25.27,13.4174
21579.61,25.18,13.4174
21580.61,25.19,13.4174
21581.61,25.28,13.4174
21582.62,25.2,13.4175
21583.62,25.3,13.4175
21584.62,25.18,13.4175
21585.62,25.21,13.4175
21586.62,25.29,13.4175
21587.62,25.2,13.4175
21588.62,25.19,13.4173
21589.63,28.79,13.4176
21590.63,25.13,13.4176
21591.63,25.25,13.4176
21592.63,25.14,13.4177
21593.63,25.2,13.4177
21594.63,25.3,13.4177
21595.64,25.15,13.4177
21596.64,25.17,13.4177
21597.64,25.29,13.4177
21598.64,25.16,13.4176
21599.64,25.24,13.4176
21600.64,28.91,13.4176
21601.64,25.19,13.4176
21602.65,25.3,13.4177
21603.65,25.2,13.4177
21604.65,25.27,13.4177
21605.65,25.16,13.4177
21606.65,25.16,13.4177
21607.65,25.24,13.4177
21608.66,25.1,13.4176
21609.66,25.24,13.4177
21610.66,25.13,13.4177
21611.66,26.37,13.4177
21612.66,28.78,13.4179
21613.66,25.2,13.4179
21614.66,25.18,13.4179
21615.67,25.23,13.4178
21616.67,25.13,13.4179
21617.67,25.15,13.4179
21618.67,25.26,13.4179
21619.67,25.17,13.4179
21620.67,25.27,13.4179
21621.67,25.18,13.4179
21622.68,25.2,13.4179
21623.68,31.57,13.418
21624.68,25.2,13.418
21625.68,25.18,13.418
21626.68,25.29,13.418
21627.68,25.2,13.418
21628.69,25.29,13.418
21629.69,25.19,13.418
21630.69,25.29,13.418
21631.69,25.19,13.418
21632.69,25.21,13.418
21633.69,25.29,13.418
21634.7,29.91,13.4181
21635.7,25.27,13.4181
21636.7,25.12,13.4181
21637.7,25.2,13.4181
21638.7,25.29,13.4181
21639.7,25.19,13.4181
21640.71,25.28,13.4181
21641.71,25.17,13.4181
21642.71,25.24,13.4181
21643.71,25.11,13.4181
21644.71,25.12,13.4181
21645.71,25.29,13.4181
21646.72,28.77,13.4181
21647.72,25.21,13.4181
21648.72,25.31,13.4181
21649.72,25.19,13.4181
21650.72,25.21,13.4181
21651.72,25.3,13.4181
21652.72,25.2,13.4181
21653.72,25.2,13.4181
21654.73,25.31,13.4181
21655.73,25.19,13.4181
21656.73,25.22,13.4181
21657.73,29.05,13.4183
21658.73,25.19,13.4182
21659.73,25.19,13.4182
21660.73,25.29,13.4182
21661.74,25.2,13.4182
21662.74,25.31,13.4183
21663.74,25.16,13.4183
21664.74,25.13,13.4183
21665.74,25.25,13.4183
21666.74,25.19,13.4183
21667.75,25.33,13.4183
21668.75,25.19,13.4183
21669.75,28.86,13.4184
21670.75,25.29,13.4183
21671.75,25.19,13.4183
21672.75,25.31,13.4183
21673.76,25.17,13.4183
21674.76,25.19,13.4183
21675.76,25.29,13.4183
21676.76,25.19,13.4183
21677.76,25.31,13.4183
21678.76,25.19,13.4183
21679.77,25.13,13.4183
21680.77,25.24,13.4183
21681.77,29.86,13.4186
21682.77,25.31,13.4186
21683.77,25.13,13.4186
21684.77,25.15,13.4186
21685.77,25.23,13.4186
21686.78,25.13,13.4186
21687.78,25.15,13.4186
21688.78,25.25,13.4186
21689.78,25.2,13.4186
21690.78,25.29,13.4186
21691.78,25.18,13.4186
21692.78,31.69,13.4187
21693.79,25.27,13.4187
21694.79,25.18,13.4187
21695.79,25.22,13.4187
21696.79,25.13,13.4187
21697.79,25.14,13.4187
21698.79,25.23,13.4187
21699.8,25.14,13.4187
21700.8,25.24,13.4187
21701.8,25.14,13.4187
21702.8,25.26,13.4188
21703.8,29.75,13.419
21704.8,25.18,13.419
21705.81,25.29,13.419
21706.81,25.18,13.419
21707.81,25.29,13.419
21708.81,25.18,13.419
21709.81,25.19,13.419
21710.81,25.29,13.419
21711.82,25.17,13.419
21712.82,25.31,13.419
21713.82,25.19,13.419
21714.82,25.18,13.419
21715.82,28.89,13.4191
21716.82,25.19,13.4191
21717.83,25.28,13.4191
21718.83,25.13,13.4191
21719.83,25.13,13.4191
21720.83,25.23,13.4191
21721.83,25.2,13.4191
21722.83,25.33,13.4191
21723.83,25.21,13.4191
21724.84,25.19,13.4191
21725.84,25.29,13.4191
21726.84,28.86,13.4191
21727.84,25.21,13.4191
21728.84,25.3,13.4191
21729.84,25.2,13.4191
21730.85,25.31,13.4191
21731.85,25.2,13.4191
21732.85,25.77,13.4192
21733.85,25.28,13.4192
21734.85,25.18,13.4192
21735.85,25.29,13.4192
21736.86,25.19,13.4192
21737.86,25.2,13.4192
21738.86,28.82,13.4193
21739.86,25.19,13.4193
21740.86,25.3,13.4193
21741.86,25.18,13.4193
21742.86,25.21,13.4193
21743.87,25.29,13.4193
21744.87,25.18,13.4193
21745.87,25.23,13.4193
21746.87,25.13,13.4193
21747.87,25.15,13.4193
21748.88,25.28,13.4193
21749.88,46.42,8.8254
21750.88,89.27,2.7555
21751.88,76.71,3.1107
21752.88,85.97,3.3224
21753.88,88.61,3.6166
21754.88,81.6,3.9376
21755.89,78.09,4.2766
21756.89,77.73,4.5795
21757.89,76.51,4.8183
21758.89,76.18,5.0238
21759.89,76.49,5.2593
21760.89,75.86,5.458
21761.89,79.6,5.912
21762.89,34.8,6.6839
21763.9,26.02,7.3793
21764.9,94.87,8.5753
21765.9,99.9,9.3138
21766.9,37.81,9.4516
21767.9,25.29,9.4516
21768.9,45.49,9.4519
21769.91,77.81,9.4521
21770.91,75.24,9.5009
21771.91,74.62,9.4992
21772.91,56.84,9.4995
21773.91,46.19,9.4995
21774.91,35.87,9.4994
21775.91,38.64,9.4994
21776.92,60.25,9.5065
21777.92,45.0,9.5065
21778.92,33.68,9.5065
21779.92,29.14,9.5065
21780.92,28.23,9.5369
21781.92,99.89,10.5213
21782.92,99.98,11.1705
21783.93,100.15,11.8324
21784.93,75.27,12.2913
21785.93,32.51,12.3915
21786.93,29.02,12.3915
21787.93,32.72,12.3916
21788.93,26.3,12.3915
21789.93,25.97,12.3915
21790.94,26.09,12.3915
21791.94,26.29,12.3915
21792.94,28.58,12.3915
21793.94,30.01,12.3915
21794.94,30.45,12.3915
21795.94,31.74,12.3915
21796.95,25.84,12.3915
21797.95,25.54,12.3915
21798.95,28.03,12.3916
21799.95,37.25,12.3916
21800.95,29.36,12.3916
21801.95,36.0,12.429
21802.95,31.27,12.4409
21803.96,27.87,12.4409
21804.96,26.51,12.4409
21805.96,25.84,12.4409
21806.96,25.4,12.4409
21807.96,31.3,12.4409
21808.96,25.67,12.4409
21809.97,26.09,12.4409
21810.97,25.22,12.4409
21811.97,27.88,12.4409
21812.97,27.36,12.4409
21813.97,25.86,12.4409
21814.97,25.81,12.4409
21815.97,27.32,12.4409
21816.98,25.9,12.4409
21817.98,25.29,12.4409
21818.98,25.24,12.4409
21819.98,25.29,12.4409
21820.98,25.31,12.4409
21821.98,25.12,12.4409
21822.99,25.29,12.441
21823.99,25.14,12.441
21824.99,25.36,12.441
21825.99,25.39,12.441
21826.99,25.4,12.441
21827.99,25.4,12.441
21829.0,26.39,12.441
21830.0,26.65,12.441
21831.0,25.17,12.441
21832.0,40.03,12.441
21833.0,28.01,12.441
21834.0,25.19,12.441
21835.0,26.06,12.441
21836.01,25.97,12.441
21837.01,25.81,12.441
21838.01,25.5,12.441
21839.01,82.02,12.4491
21840.01,99.78,12.5529
21841.01,49.6,12.5529
21842.01,25.4,12.5529
21843.01,25.34,12.553
21844.02,26.26,12.553
21845.02,25.32,12.553
21846.02,25.29,12.553
21847.02,25.21,12.553
21848.02,25.4,12.553
21849.02,25.22,12.553
21850.02,25.44,12.553
21851.03,25.3,12.553
21852.03,25.26,12.553
21853.03,25.22,12.553
21854.03,25.31,12.553
21855.03,25.36,12.553
21856.03,25.46,12.553
21857.03,26.02,12.553
21858.04,25.21,12.553
21859.04,25.31,12.553
21860.04,25.19,12.553
21861.04,25.26,12.553
21862.04,59.52,12.5531
21863.04,63.27,12.5536
21864.04,69.84,12.5566
21865.05,52.21,12.5519
21866.05,50.85,12.5591
21867.05,45.39,12.5921
21868.05,35.01,12.5921
21869.05,66.46,12.599
21870.05,100.03,12.6184
21871.05,56.0,12.6206
21872.06,31.02,12.6206
21873.06,64.01,12.6225
21874.06,25.36,12.6225
21875.06,25.33,12.5873
21876.06,25.32,12.5873
21877.06,25.17,12.5873
21878.07,25.28,12.5873
21879.07,86.34,12.5875
21880.07,74.85,12.5876
21881.07,26.89,12.5876
21882.07,25.17,12.5876
21883.07,25.3,12.5877
21884.07,26.65,12.5877
21885.08,25.15,12.5877
21886.08,25.3,12.5877
21887.08,25.19,12.5877
21888.08,58.85,12.5876
21889.08,99.86,12.5879
21890.08,37.35,12.5879
21891.09,25.29,12.5879
21892.09,25.19,12.5879
21893.09,25.32,12.5879
21894.09,99.28,13.2891
21895.09,71.57,13.2891
21896.09,25.29,13.2891
21897.1,25.18,13.2891
21898.1,25.3,13.2891
21899.1,43.1,13.429
21900.1,25.15,13.429
21901.1,25.26,13.429
21902.1,25.12,13.429
21903.11,29.1,13.4292
21904.11,25.12,13.4292
21905.11,25.19,13.4292
21906.11,25.3,13.4292
21907.11,28.96,13.4293
21908.11,25.3,13.4293
21909.12,25.19,13.4293
21910.12,28.96,13.4293
21911.12,25.28,13.4293
21912.12,25.19,13.4293
21913.12,25.33,13.4293
21914.12,29.01,13.4293
21915.12,25.18,13.4293
21916.13,25.31,13.4293
21917.13,25.18,13.4293
21918.13,28.89,13.4295
21919.13,25.29,13.4295
21920.13,25.18,13.4295
21921.13,28.7,13.4295
21922.13,25.56,13.4295
21923.14,25.19,13.4296
21924.14,25.22,13.4296
21925.14,28.85,13.4297
21926.14,25.22,13.4297
21927.14,25.13,13.4297
21928.14,25.14,13.4297
21929.15,28.99,13.4297
21930.15,25.12,13.4297
21931.15,25.23,13.4297
21932.15,25.12,13.4297
21933.15,29.45,13.4297
21934.15,25.25,13.4297
21935.15,25.13,13.4297
21936.16,29.48,13.4297
21937.16,25.26,13.4297
21938.16,25.2,13.4297
21939.16,25.3,13.4297
21940.16,29.92,13.4298
21941.16,25.13,13.4298
21942.17,25.26,13.4298
21943.17,25.21,13.4299
21944.17,29.83,13.4299
21945.17,25.31,13.4299
21946.17,25.19,13.4299
21947.17,25.29,13.4299
21948.17,29.85,13.4299
21949.18,25.12,13.4299
21950.18,25.22,13.4299
21951.18,25.16,13.4299
21952.18,25.28,13.4299
21953.18,29.08,13.4299
21954.18,25.18,13.4299
21955.19,25.22,13.4299
21956.19,25.17,13.4299
21957.19,25.25,13.4299
21958.19,28.85,13.4301
21959.19,25.13,13.43
21960.19,25.24,13.43
21961.2,25.15,13.43
21962.2,25.29,13.43
21963.2,28.89,13.43
21964.2,25.29,13.43
21965.2,25.19,13.43
21966.2,25.19,13.43
21967.21,25.29,13.43
21968.21,25.21,13.4301
21969.21,29.01,13.4303
21970.21,25.19,13.4303
21971.21,25.21,13.4303
21972.21,25.29,13.4303
21973.21,25.2,13.4303
21974.22,25.18,13.4303
21975.22,25.26,13.4303
21976.22,28.88,13.4304
21977.22,25.3,13.4304
21978.22,25.19,13.4304
21979.22,25.15,13.4304
21980.23,25.29,13.4304
21981.23,25.21,13.4304
21982.23,25.31,13.4304
21983.23,28.87,13.4304
21984.23,25.3,13.4304
21985.23,25.2,13.4304
21986.24,25.2,13.4304
21987.24,25.29,13.4303
21988.24,25.16,13.4303
21989.24,28.98,13.4305
21990.24,25.11,13.4305
21991.25,25.12,13.4305
21992.25,25.22,13.4305
21993.25,25.14,13.4306
21994.25,25.22,13.4306
21995.25,25.13,13.4306
21996.25,25.29,13.4306
21997.26,30.98,13.4306
21998.26,25.21,13.4306
21999.26,25.27,13.4306
22000.26,25.16,13.4306
22001.26,25.28,13.4306
22002.26,25.2,13.4306
22003.27,30.02,13.4306
22004.27,26.02,13.4307
22005.27,25.19,13.4307
22006.27,25.29,13.4307
22007.27,25.18,13.4307
22008.27,25.2,13.4307
22009.27,25.28,13.4307
22010.28,25.17,13.4307
22011.28,29.84,13.4307
22012.28,25.16,13.4307
22013.28,25.22,13.4307
22014.28,25.3,13.4307
22015.28,25.2,13.4307
22016.29,25.33,13.4307
22017.29,25.2,13.4307
22018.29,28.99,13.4307
22019.29,25.29,13.4307
22020.29,25.19,13.4307
22021.29,25.31,13.4307
22022.29,25.2,13.4307
22023.3,25.23,13.4307
22024.3,25.3,13.4307
22025.3,25.2,13.4307
22026.3,25.27,13.4307
22027.3,28.93,13.4311
22028.31,25.2,13.4311
22029.31,25.3,13.4311
22030.31,25.2,13.4311
22031.31,25.3,13.4311
22032.31,25.19,13.4311
22033.31,25.33,13.4311
22034.32,25.2,13.4311
22035.32,28.99,13.4311
22036.32,25.29,13.4311
22037.32,25.19,13.4311
22038.32,25.3,13.4311
22039.32,25.19,13.4311
22040.33,25.29,13.4311
22041.33,25.19,13.4311
22042.33,25.2,13.4311
22043.33,25.33,13.4311
22044.33,28.87,13.4311
22045.33,25.3,13.4311
22046.34,25.19,13.4311
22047.34,25.12,13.4311
22048.34,25.3,13.4311
22049.34,25.2,13.4311
22050.34,25.22,13.4311
22051.34,25.18,13.4311
22052.35,25.31,13.4311
22053.35,29.22,13.4313
22054.35,25.21,13.4313
22055.35,25.3,13.4313
22056.35,25.2,13.4313
22057.35,25.31,13.4313
22058.35,25.21,13.4313
22059.36,25.2,13.4313
22060.36,25.32,13.4313
22061.36,31.02,13.4314
22062.36,25.28,13.4314
22063.36,25.16,13.4314
22064.36,25.17,13.4314
22065.37,25.25,13.4314
22066.37,25.18,13.4314
22067.37,25.3,13.4314
22068.37,25.19,13.4314
22069.37,25.29,13.4314
22070.37,30.99,13.4314
22071.38,25.15,13.4314
22072.38,25.21,13.4314
22073.38,25.14,13.4314
22074.38,25.23,13.4314
22075.38,25.17,13.4314
22076.39,25.2,13.4314
22077.39,25.31,13.4314
22078.39,25.2,13.4314
22079.39,29.34,13.4314
22080.39,25.2,13.4314
22081.39,25.3,13.4314
22082.4,25.21,13.4314
22083.4,25.21,13.4316
22084.4,25.29,13.4316
22085.4,25.19,13.4316
22086.4,28.85,13.4316
22087.4,25.2,13.4316
22088.41,28.93,13.4317
22089.41,25.3,13.4317
22090.41,25.19,13.4317
22091.41,25.29,13.4317
22092.41,25.2,13.4317
22093.41,25.25,13.4317
22094.42,25.13,13.4317
22095.42,25.13,13.4317
22096.42,25.24,13.4317
22097.42,25.16,13.4317
22098.42,28.95,13.4319
22099.42,25.19,13.4319
22100.43,25.29,13.4319
22101.43,25.18,13.4319
22102.43,25.2,13.4319
22103.43,25.31,13.4319
22104.43,25.21,13.4319
22105.43,25.19,13.4319
22106.43,25.29,13.4319
22107.44,25.2,13.4319
22108.44,29.06,13.4319
22109.44,25.18,13.4319
22110.44,25.19,13.4319
22111.44,25.29,13.4319
22112.44,25.19,13.4319
22113.45,26.22,13.432
22114.45,25.12,13.432
22115.45,25.12,13.432
22116.45,25.23,13.432
22117.45,25.16,13.432
22118.45,28.94,13.4322
22119.45,25.2,13.4322
22120.46,25.19,13.4322
22121.46,25.29,13.4322
22122.46,25.18,13.4322
22123.46,25.25,13.4322
22124.46,25.13,13.4322
22125.46,25.19,13.4322
22126.47,25.3,13.4322
22127.47,31.02,13.4324
22128.47,25.29,13.4324
22129.47,25.19,13.4324
22130.47,25.19,13.4324
22131.47,25.29,13.4324
22132.48,25.15,13.4324
22133.48,25.24,13.4324
22134.48,25.29,13.4324
22135.48,25.19,13.4324
22136.48,25.29,13.4324
22137.48,25.19,13.4324
22138.48,31.32,13.4324
22139.49,25.32,13.4324
22140.49,25.21,13.4324
22141.49,25.23,13.4324
22142.49,25.23,13.4324
22143.49,25.35,13.4324
22144.49,25.21,13.4324
22145.49,25.21,13.4324
22146.49,25.34,13.4324
22147.49,25.22,13.4324
22148.5,29.32,13.4327
22149.5,25.64,13.4327
22150.5,25.21,13.4327
22151.5,25.32,13.4327
22152.5,25.22,13.4327
22153.5,25.22,13.4327
22154.51,25.34,13.4327
22155.51,25.23,13.4327
22156.51,25.21,13.4327
22157.51,25.32,13.4327
22158.51,28.91,13.4327
22159.51,25.22,13.4327
22160.51,25.31,13.4327
22161.52,25.22,13.4327
22162.52,25.33,13.4327
22163.52,25.23,13.4328
22164.52,25.22,13.4328
22165.52,25.34,13.4328
22166.52,25.22,13.4328
22167.52,25.23,13.4328
22168.53,25.32,13.4328
22169.53,29.14,13.4328
22170.53,25.31,13.4328
22171.53,25.22,13.4328
22172.53,25.23,13.4328
22173.53,25.33,13.4328
22174.54,25.21,13.4328
22175.54,25.4,13.4328
22176.54,25.21,13.4328
22177.54,25.32,13.4328
22178.54,25.21,13.4328
22179.54,25.22,13.4328
22180.55,29.08,13.4329
22181.55,25.22,13.4329
22182.55,25.19,13.4329
22183.55,25.89,13.4329
22184.55,25.14,13.4329
22185.55,25.23,13.4329
22186.56,25.14,13.4329
22187.56,25.15,13.4329
22188.56,25.24,13.4329
22189.56,25.14,13.4329
22190.56,25.24,13.4329
22191.56,30.02,13.4329
22192.56,25.22,13.4329
22193.57,25.35,13.433
22194.57,25.22,13.433
22195.57,25.31,13.433
22196.57,25.21,13.433
22197.57,25.22,13.433
22198.57,25.3,13.433
22199.58,25.21,13.433
22200.58,25.31,13.433
22201.58,31.55,13.433
22202.58,25.32,13.433
22203.58,25.22,13.433
22204.58,25.21,13.433
22205.59,25.32,13.433
22206.59,25.22,13.433
22207.59,25.33,13.433
22208.59,25.17,13.433
22209.59,25.23,13.4331
22210.59,30.27,13.4334
22211.6,25.13,13.4334
22212.6,25.24,13.4334
22213.6,25.62,13.4334
22214.6,25.24,13.4334
22215.6,25.21,13.4334
22216.6,25.21,13.4334
22217.61,25.32,13.4334
22218.61,29.07,13.4335
22219.61,25.31,13.4335
22220.61,25.2,13.4335
22221.61,25.19,13.4334
22222.61,25.28,13.4334
22223.62,25.18,13.4335
22224.62,25.28,13.4335
22225.62,25.15,13.4336
22226.62,25.16,13.4336
22227.62,29.09,13.4338
22228.62,25.16,13.4338
22229.63,28.83,13.4338
22230.63,25.19,13.4336
22231.63,25.19,13.4336
22232.63,25.29,13.4336
22233.63,25.22,13.4336
22234.63,25.33,13.4336
22235.64,29.04,13.4336
22236.64,25.31,13.4336
22237.64,25.22,13.4336
22238.64,25.22,13.4336
22239.64,25.32,13.4336
22240.64,25.2,13.4336
22241.65,25.31,13.4336
22242.65,25.21,13.4336
22243.65,25.33,13.4336
22244.65,29.02,13.4336
22245.65,25.2,13.4336
22246.65,25.3,13.4336
22247.66,25.22,13.4336
22248.66,25.32,13.4336
22249.66,25.22,13.4336
22250.66,25.22,13.4336
22251.66,25.3,13.4336
22252.66,25.23,13.4338
22253.67,29.12,13.434
22254.67,25.2,13.434
22255.67,25.21,13.434
22256.67,25.31,13.434
22257.67,25.22,13.434
22258.67,25.31,13.434
22259.68,25.21,13.434
22260.68,25.31,13.434
22261.68,25.2,13.434
22262.68,30.42,13.4341
22263.68,25.31,13.4341
22264.68,25.21,13.4341
22265.69,25.31,13.4341
22266.69,25.21,13.4341
22267.69,25.22,13.4341
22268.69,25.32,13.4341
22269.69,25.22,13.4341
22270.69,25.31,13.4341
22271.69,31.46,13.4344
22272.7,25.17,13.4344
22273.7,25.23,13.4344
22274.7,25.13,13.4343
22275.7,25.23,13.4343
22276.7,25.13,13.4343
22277.71,25.25,13.4344
22278.71,25.13,13.4344
22279.71,29.87,13.4345
22280.71,25.25,13.4345
22281.71,25.17,13.4344
22282.71,25.29,13.4345
22283.72,25.15,13.4345
22284.72,25.15,13.4345
22285.72,25.29,13.4345
22286.72,25.2,13.4346
22287.72,25.31,13.4345
22288.72,25.2,13.4345
22289.73,29.15,13.4348
22290.73,25.21,13.4347
22291.73,25.2,13.4347
22292.73,25.33,13.435
22293.73,25.2,13.435
22294.73,25.31,13.4351
22295.73,25.2,13.4351
22296.74,25.2,13.4351
22297.74,29.09,13.4352
22298.74,25.2,13.4352
22299.74,25.31,13.4352
22300.74,25.22,13.4352
22301.74,25.21,13.4352
22302.75,25.32,13.4352
22303.75,25.2,13.4352
22304.75,25.31,13.4352
22305.75,25.2,13.4352
22306.75,25.21,13.4352
22307.75,29.21,13.4351
22308.76,25.22,13.4353
22309.76,25.21,13.4353
22310.76,25.3,13.4352
22311.76,25.19,13.4352
22312.76,25.34,13.4353
22313.76,25.19,13.4352
22314.76,25.2,13.4352
22315.77,25.29,13.4352
22316.77,28.97,13.4352
22317.77,25.3,13.4353
22318.77,25.16,13.4353
22319.77,25.17,13.4353
22320.77,25.22,13.4353
22321.78,25.13,13.4353
22322.78,25.25,13.4354
22323.78,25.13,13.4354
22324.78,25.23,13.4354
22325.78,25.13,13.4354
22326.78,29.36,13.4355
22327.79,25.31,13.4355
22328.79,25.2,13.4355
22329.79,25.31,13.4355
22330.79,25.2,13.4355
22331.79,25.31,13.4355
22332.79,25.22,13.4355
22333.8,25.19,13.4355
22334.8,25.31,13.4355
22335.8,31.1,13.4355
22336.8,25.21,13.4355
22337.8,25.3,13.4355
22338.8,25.2,13.4355
22339.81,25.21,13.4355
22340.81,25.29,13.4355
22341.81,25.19,13.4355
22342.81,25.34,13.4355
22343.81,25.19,13.4355
22344.81,31.14,13.4355
22345.81,25.3,13.4355
22346.82,25.2,13.4355
22347.82,25.31,13.4355
22348.82,25.2,13.4355
22349.82,25.15,13.4355
22350.82,25.26,13.4355
22351.82,25.18,13.4355
22352.83,25.31,13.4356
22353.83,29.16,13.4358
22354.83,25.3,13.4358
22355.83,25.19,13.4358
22356.83,25.2,13.4358
22357.83,25.33,13.4358
22358.83,25.2,13.4358
22359.84,25.22,13.4358
22360.84,25.29,13.4358
22361.84,25.21,13.4358
22362.84,29.02,13.4358
22363.84,25.23,13.4358
22364.84,25.16,13.4358
22365.85,25.29,13.4358
22366.85,25.19,13.4358
22367.85,25.3,13.4358
22368.85,25.19,13.4358
22369.85,25.19,13.4358
22370.85,25.29,13.4358
22371.86,25.19,13.4358
22372.86,29.11,13.4359
22373.86,25.2,13.4359
22374.86,25.29,13.4359
22375.86,25.19,13.4359
22376.86,25.19,13.4359
22377.87,25.3,13.4359
22378.87,25.2,13.4359
22379.87,25.3,13.4359
22380.87,25.19,13.4359
22381.87,27.4,13.4359
22382.87,26.82,13.436
22383.88,25.18,13.436
22384.88,25.21,13.436
22385.88,25.29,13.436
22386.88,25.19,13.436
22387.88,25.31,13.436
22388.88,25.19,13.436
22389.88,25.2,13.436
22390.89,25.29,13.436
22391.89,28.97,13.4361
22392.89,25.26,13.4363
22393.89,25.13,13.4363
22394.89,25.13,13.4363
22395.89,25.23,13.4363
22396.9,25.14,13.4363
22397.9,25.24,13.4363
22398.9,25.13,13.4363
22399.9,25.24,13.4363
22400.9,30.61,13.4364
22401.9,25.13,13.4364
22402.91,25.26,13.4364
22403.91,25.13,13.4364
22404.91,25.23,13.4364
22405.91,25.13,13.4364
22406.91,25.13,13.4364
22407.91,25.24,13.4364
22408.92,25.13,13.4364
22409.92,31.12,13.4364
22410.92,25.16,13.4364
22411.92,25.15,13.4364
22412.92,25.27,13.4365
22413.92,25.19,13.4365
22414.93,25.31,13.4365
22415.93,25.19,13.4365
22416.93,25.15,13.4365
22417.93,25.26,13.4365
22418.93,29.85,13.4366
22419.93,25.2,13.4366
22420.93,25.31,13.4366
22421.93,25.21,13.4366
22422.94,25.22,13.4367
22423.94,25.29,13.4367
22424.94,25.19,13.4367
22425.94,25.19,13.4367
22426.94,25.29,13.4367
22427.94,28.02,13.4367
22428.95,26.27,13.4367
22429.95,25.19,13.4367
22430.95,25.2,13.4367
22431.95,25.3,13.4367
22432.95,25.23,13.4367
22433.95,25.23,13.4367
22434.96,25.13,13.4367
22435.96,25.12,13.4367
22436.96,25.25,13.4367
22437.96,29.02,13.4367
22438.96,25.27,13.4367
22439.96,25.16,13.4367
22440.96,25.14,13.4367
22441.97,25.22,13.4367
22442.97,25.22,13.4369
22443.97,25.18,13.4369
22444.97,25.3,13.4369
22445.97,25.14,13.4369
22446.97,25.24,13.4369
22447.97,29.01,13.437
22448.98,25.19,13.437
22449.98,25.3,13.437
22450.98,25.19,13.437
22451.98,25.29,13.437
22452.98,25.21,13.437
22453.99,25.29,13.437
22454.99,25.19,13.437
22455.99,25.19,13.437
22456.99,28.98,13.437
22457.99,25.19,13.437
22458.99,25.29,13.437
22460.0,25.19,13.437
22461.0,25.19,13.437
22462.0,25.26,13.437
22463.0,25.18,13.437
22464.0,25.26,13.437
22465.0,25.14,13.437
22466.01,29.74,13.437
22467.01,25.17,13.437
22468.01,25.2,13.437
22469.01,25.29,13.437
22470.01,25.2,13.4371
22471.01,25.3,13.4371
22472.02,25.2,13.4371
22473.02,25.22,13.4372
22474.02,25.29,13.4372
22475.02,25.2,13.4372
22476.02,31.5,13.4373
22477.02,25.2,13.4373
22478.02,25.2,13.4373
22479.03,25.28,13.4373
22480.03,25.19,13.4373
22481.03,25.18,13.4373
22482.03,25.27,13.4373
22483.03,25.21,13.4373
22484.03,25.29,13.4373
22485.03,25.14,13.4373
22486.04,30.5,13.4375
22487.04,25.26,13.4375
22488.04,25.12,13.4375
22489.04,25.24,13.4375
22490.04,25.12,13.4375
22491.04,25.13,13.4375
22492.05,25.23,13.4375
22493.05,25.15,13.4375
22494.05,25.24,13.4375
22495.05,25.19,13.4375
22496.05,29.04,13.4375
22497.05,25.18,13.4375
22498.06,25.19,13.4375
22499.06,25.31,13.4375
22500.06,25.19,13.4375
22501.06,25.2,13.4375
22502.06,25.29,13.4375
22503.06,25.22,13.4376
22504.06,25.13,13.4376
22505.07,25.26,13.4376
22506.07,28.85,13.4377
22507.07,25.18,13.4377
22508.07,25.27,13.4377
22509.07,25.12,13.4377
22510.07,26.21,13.4377
22511.07,25.23,13.4377
22512.08,25.13,13.4377
22513.08,25.25,13.4377
22514.08,25.13,13.4377
22515.08,25.13,13.4377
22516.08,29.03,13.4381
22517.08,25.18,13.4381
22518.09,25.29,13.4381
22519.09,25.19,13.4381
22520.09,25.29,13.4381
22521.09,25.19,13.4381
22522.09,25.19,13.4381
22523.09,25.31,13.4382
22524.1,25.18,13.4382
22525.1,25.29,13.4382
22526.1,25.19,13.4382
22527.1,28.95,13.4382
22528.1,25.12,13.4382
22529.1,25.11,13.4382
22530.11,25.22,13.4381
22531.11,25.12,13.4381
22532.11,25.21,13.4381
22533.11,25.14,13.4381
22534.11,25.15,13.4381
22535.11,25.29,13.4381
22536.12,25.19,13.4381
22537.12,30.09,13.4382
22538.12,25.15,13.4382
22539.12,25.14,13.4382
22540.12,25.31,13.4382
22541.12,25.15,13.4382
22542.13,25.23,13.4382
22543.13,25.18,13.4382
22544.13,25.28,13.4382
22545.13,25.18,13.4382
22546.13,25.19,13.4382
22547.13,28.7,13.4382
22548.14,28.4,13.4385
22549.14,25.18,13.4385
22550.14,25.29,13.4385
22551.14,25.19,13.4385
22552.14,25.29,13.4385
22553.14,25.21,13.4385
22554.15,25.28,13.4385
22555.15,25.18,13.4385
22556.15,25.19,13.4385
22557.15,25.28,13.4385
22558.15,29.82,13.4386
22559.15,25.28,13.4386
22560.16,25.18,13.4386
22561.16,25.18,13.4386
22562.16,25.28,13.4386
22563.16,25.21,13.4386
22564.16,25.29,13.4386
22565.16,25.19,13.4386
22566.17,25.29,13.4386
22567.17,25.18,13.4386
22568.17,28.9,13.4386
22569.17,25.28,13.4386
22570.17,25.19,13.4386
22571.17,25.2,13.4386
22572.17,25.29,13.4386
22573.18,25.22,13.4387
22574.18,25.29,13.4387
22575.18,25.19,13.4387
22576.18,25.29,13.4387
22577.18,25.19,13.4387
22578.18,28.83,13.4387
22579.19,25.29,13.4387
22580.19,25.19,13.4387
22581.19,25.29,13.4387
22582.19,25.19,13.4387
22583.19,25.32,13.4387
22584.19,25.19,13.4387
22585.2,25.19,13.4387
22586.2,25.29,13.4387
22587.2,25.19,13.4387
22588.2,25.3,13.4387
22589.2,28.97,13.4389
22590.2,25.19,13.4389
22591.21,25.28,13.4389
22592.21,25.19,13.4389
22593.21,25.32,13.4389
22594.21,25.18,13.4389
22595.21,25.2,13.4389
22596.21,25.29,13.4389
22597.22,25.18,13.4389
22598.22,25.3,13.4389
22599.22,28.88,13.439
22600.22,25.19,13.439
22601.22,25.29,13.439
22602.22,25.18,13.439
22603.23,25.32,13.439
22604.23,25.19,13.439
22605.23,25.19,13.439
22606.23,25.28,13.439
22607.23,25.19,13.439
22608.23,25.29,13.439
22609.24,31.01,13.4391
22610.24,25.29,13.4391
22611.24,25.19,13.4391
22612.24,25.19,13.4391
22613.24,25.32,13.4392
22614.24,25.19,13.4392
22615.25,25.31,13.4392
22616.25,25.19,13.4393
22617.25,25.19,13.4393
22618.25,25.23,13.4393
22619.25,31.37,13.4393
22620.25,25.3,13.4393
22621.25,25.19,13.4393
22622.26,25.14,13.4393
22623.26,25.25,13.4393
22624.26,25.18,13.4393
22625.26,25.29,13.4393
22626.26,25.17,13.4393
22627.26,25.14,13.4393
22628.27,25.23,13.4393
22629.27,29.18,13.4393
22630.27,25.19,13.4393
22631.27,25.28,13.4393
22632.27,25.18,13.4393
22633.27,25.31,13.4395
22634.28,25.17,13.4395
22635.28,25.29,13.4395
22636.28,25.19,13.4395
22637.28,25.18,13.4395
22638.28,25.3,13.4395
22639.28,28.88,13.4395
22640.29,25.29,13.4395
22641.29,25.19,13.4395
22642.29,25.18,13.4395
22643.29,25.28,13.4395
22644.29,25.12,13.4395
22645.29,25.24,13.4395
22646.3,25.14,13.4395
22647.3,25.22,13.4395
22648.3,25.13,13.4395
22649.3,28.83,13.4396
22650.3,25.3,13.4396
22651.3,25.18,13.4396
22652.31,25.28,13.4396
22653.31,25.2,13.4396
22654.31,25.19,13.4396
22655.31,25.29,13.4396
22656.31,25.18,13.4396
22657.31,25.28,13.4396
22658.32,25.19,13.4397
22659.32,25.18,13.4397
22660.32,29.13,13.4398
22661.32,25.19,13.4398
22662.32,25.19,13.4398
22663.32,25.31,13.4398
22664.32,25.19,13.4398
22665.33,25.29,13.4398
22666.33,25.19,13.4398
22667.33,25.29,13.4398
22668.33,25.19,13.4398
22669.33,25.18,13.4398
22670.33,28.97,13.4399
22671.34,25.18,13.4399
22672.34,25.28,13.4399
22673.34,25.21,13.4399
22674.34,25.21,13.4399
22675.34,25.29,13.4399
22676.34,25.19,13.4399
22677.35,25.29,13.4399
22678.35,25.19,13.4399
22679.35,25.18,13.4401
22680.35,31.44,13.4401
22681.35,25.18,13.4401
22682.35,25.18,13.4401
22683.35,25.31,13.4401
22684.36,25.19,13.4401
22685.36,25.29,13.4401
22686.36,25.18,13.4401
22687.36,25.18,13.4401
22688.36,25.29,13.4401
22689.36,31.07,13.4401
22690.37,25.29,13.4401
22691.37,25.18,13.4401
22692.37,25.28,13.4401
22693.37,25.21,13.4401
22694.37,25.19,13.4401
22695.37,25.29,13.4401
22696.38,25.19,13.4401
22697.38,25.29,13.4401
22698.38,25.19,13.4401
22699.38,29.05,13.4402
22700.38,25.29,13.4402
22701.38,25.18,13.4402
22702.39,25.29,13.4402
22703.39,25.2,13.4403
22704.39,25.28,13.4403
22705.39,25.19,13.4403
22706.39,25.18,13.4403
22707.39,25.32,13.4403
22708.39,25.19,13.4403
22709.4,28.89,13.4403
22710.4,25.28,13.4403
22711.4,25.21,13.4403
22712.4,25.29,13.4403
22713.4,25.2,13.4403
22714.4,25.19,13.4403
22715.41,25.31,13.4403
22716.41,25.18,13.4403
22717.41,25.19,13.4403
22718.41,25.28,13.4403
22719.41,28.85,13.4403
22720.41,25.29,13.4403
22721.42,25.19,13.4403
22722.42,25.3,13.4403
22723.42,25.21,13.4404
22724.42,25.19,13.4404
22725.42,25.29,13.4404
22726.42,25.19,13.4404
22727.43,25.29,13.4404
22728.43,25.18,13.4404
22729.43,27.28,13.4404
22730.43,27.0,13.4405
22731.43,25.18,13.4405
22732.43,25.19,13.4405
22733.43,25.26,13.4407
22734.44,25.15,13.4407
22735.44,25.3,13.4407
22736.44,25.19,13.4407
22737.44,25.2,13.4407
22738.44,25.29,13.4407
22739.44,25.19,13.4407
22740.45,29.38,13.4407
22741.45,25.19,13.4407
22742.45,25.2,13.4407
22743.45,25.29,13.4407
22744.45,25.13,13.4407
22745.45,25.29,13.4407
22746.46,25.19,13.4407
22747.46,25.3,13.4407
22748.46,25.17,13.4407
22749.46,25.15,13.4407
22750.46,31.41,13.4407
22751.46,25.19,13.4407
22752.47,25.3,13.4407
22753.47,25.2,13.4407
22754.47,25.19,13.4407
22755.47,25.29,13.4408
22756.47,25.18,13.4408
22757.47,25.29,13.4408
22758.48,25.19,13.4408
22759.48,25.19,13.4408
22760.48,30.89,13.441
22761.48,25.19,13.441
22762.48,25.3,13.441
22763.48,25.21,13.441
22764.49,25.29,13.441
22765.49,25.19,13.441
22766.49,25.21,13.441
22767.49,25.29,13.441
22768.49,25.18,13.441
22769.49,25.18,13.441
22770.49,29.25,13.4411
22771.5,25.18,13.4411
22772.5,25.29,13.4411
22773.5,25.2,13.4411
22774.5,25.28,13.4411
22775.5,25.19,13.4411
22776.5,25.19,13.4411
22777.51,25.3,13.4411
22778.51,25.19,13.4411
22779.51,25.29,13.4411
22780.51,25.18,13.4411
22781.51,28.95,13.4413
22782.51,25.19,13.4413
22783.52,25.19,13.4413
22784.52,25.28,13.4413
22785.52,25.19,13.4413
22786.52,25.29,13.4413
22787.52,25.19,13.4414
22788.52,25.2,13.4413
22789.53,25.3,13.4413
22790.53,25.19,13.4413
22791.53,25.21,13.4413
22792.53,29.0,13.4414
22793.53,25.21,13.4413
22794.53,25.17,13.4413
22795.53,25.25,13.4413
22796.54,25.19,13.4413
22797.54,25.29,13.4414
22798.54,25.18,13.4413
22799.54,25.18,13.4413
22800.54,25.28,13.4413
22801.54,25.18,13.4414
22802.55,29.04,13.4419
22803.55,25.2,13.4418
22804.55,25.18,13.4418
22805.55,25.28,13.4418
22806.55,25.21,13.4418
22807.55,25.3,13.442
22808.55,25.18,13.4418
22809.56,25.19,13.4418
22810.56,25.28,13.4418
22811.56,25.19,13.4418
22812.56,29.65,13.4421
22813.56,25.2,13.442
22814.56,25.19,13.442
22815.57,25.28,13.442
22816.57,25.19,13.442
22817.57,25.3,13.4421
22818.57,25.19,13.442
22819.57,25.29,13.442
22820.57,25.19,13.442
22821.58,25.2,13.442
22822.58,31.56,13.4421
22823.58,25.2,13.4421
22824.58,25.29,13.4421
22825.58,25.19,13.4421
22826.58,25.19,13.4421
22827.59,25.29,13.4421
22828.59,25.19,13.4421
22829.59,25.28,13.4421
22830.59,25.19,13.4421
22831.59,25.18,13.4421
22832.59,29.5,13.4421
22833.6,26.38,13.4422
22834.6,25.28,13.4422
22835.6,25.19,13.4422
22836.6,25.19,13.4422
22837.6,25.29,13.4422
22838.6,25.19,13.4422
22839.61,25.29,13.4422
22840.61,25.21,13.4422
22841.61,25.19,13.4422
22842.61,28.95,13.4422
22843.61,25.22,13.4424
22844.61,25.19,13.4424
22845.61,25.28,13.4424
22846.62,25.17,13.4424
22847.62,25.29,13.4424
22848.62,25.14,13.4424
22849.62,25.19,13.4424
22850.62,25.29,13.4424
22851.62,25.19,13.4424
22852.63,25.3,13.4424
22853.63,29.0,13.4424
22854.63,25.29,13.4424
22855.63,25.19,13.4424
22856.63,25.18,13.4424
22857.63,25.29,13.4424
22858.64,25.18,13.4424
22859.64,25.3,13.4424
22860.64,25.18,13.4424
22861.64,25.18,13.4424
22862.64,25.29,13.4424
22863.64,25.2,13.4424
22864.65,29.05,13.4425
22865.65,25.18,13.4425
22866.65,25.2,13.4425
22867.65,25.28,13.4425
22868.65,25.18,13.4425
22869.65,25.19,13.4425
22870.65,25.28,13.4425
22871.66,25.18,13.4425
22872.66,25.29,13.4426
22873.66,25.19,13.4426
22874.66,25.19,13.4426
22875.66,29.02,13.4427
22876.66,25.19,13.4427
22877.67,25.3,13.4427
22878.67,25.14,13.4427
22879.67,25.14,13.4427
22880.67,25.26,13.4427
22881.67,25.18,13.4427
22882.67,25.31,13.4427
22883.67,25.19,13.4427
22884.68,30.94,13.4428
22885.68,25.28,13.4428
22886.68,25.19,13.4428
22887.68,25.29,13.4428
22888.68,25.18,13.4428
22889.68,25.18,13.4428
22890.69,25.28,13.4428
22891.69,25.16,13.4428
22892.69,25.18,13.4428
22893.69,25.3,13.4428
22894.69,31.25,13.443
22895.69,25.19,13.443
22896.69,25.32,13.443
22897.69,25.22,13.443
22898.7,25.19,13.443
22899.7,25.3,13.443
22900.7,25.19,13.443
22901.7,25.17,13.443
22902.7,25.31,13.443
22903.7,25.19,13.443
22904.71,29.41,13.4431
22905.71,25.2,13.4431
22906.71,25.19,13.4431
22907.71,25.28,13.4431
22908.71,25.18,13.4431
22909.71,25.22,13.4431
22910.71,25.29,13.4431
22911.72,25.21,13.4431
22912.72,25.21,13.4431
22913.72,25.28,13.4431
22914.72,28.85,13.4431
22915.72,25.3,13.4431
22916.72,25.18,13.4431
22917.72,25.2,13.4431
22918.73,25.31,13.4431
22919.73,25.19,13.4431
22920.73,25.2,13.4431
22921.73,25.26,13.4431
22922.73,25.19,13.4431
22923.73,25.18,13.4431
22924.73,29.07,13.4432
22925.74,25.2,13.4432
22926.74,25.19,13.4432
22927.74,25.29,13.4432
22928.74,25.18,13.4432
22929.74,25.31,13.4432
22930.74,25.18,13.4432
22931.74,25.19,13.4432
22932.75,25.31,13.4432
22933.75,25.19,13.4432
22934.75,25.21,13.4432
22935.75,29.0,13.4432
22936.75,25.18,13.4432
22937.75,25.21,13.4432
22938.75,25.29,13.4432
22939.76,25.19,13.4432
22940.76,25.29,13.4432
22941.76,25.19,13.4432
22942.76,25.31,13.4434
22943.76,25.19,13.4434
22944.76,25.19,13.4434
22945.77,29.44,13.4435
22946.77,25.18,13.4435
22947.77,25.3,13.4435
22948.77,25.19,13.4435
22949.77,36.54,10.3307
22950.77,89.96,2.7836
22951.77,77.67,3.2264
22952.78,86.44,3.3587
22953.78,83.06,3.5655
22954.78,81.37,3.8088
22955.78,77.06,4.0663
22956.78,77.66,4.3641
22957.78,77.54,4.6498
22958.78,75.84,4.8868
22959.79,75.72,5.1018
22960.79,75.52,5.3277
22961.79,76.18,5.5482
22962.79,47.71,6.2699
22963.79,26.11,6.9972
22964.79,54.7,8.0533
22965.8,99.89,8.9163
22966.8,78.54,9.4435
22967.8,25.21,9.4435
22968.8,25.2,9.4435
22969.8,56.92,9.451
22970.8,76.49,9.4571
22971.81,76.48,9.4616
22972.81,76.23,9.4995
22973.81,75.79,9.5618
22974.81,76.57,9.5645
22975.81,77.1,9.5644
22976.81,56.11,9.5644
22977.81,53.36,9.5644
22978.82,48.16,9.5644
22979.82,34.62,9.5645
22980.82,38.91,9.5645
22981.82,29.43,9.5645
22982.82,50.36,10.0122
22983.82,99.89,10.8461
22984.82,99.9,11.5151
22985.83,100.2,12.1994
22986.83,62.26,12.3536
22987.83,26.22,12.4486
22988.83,32.89,12.4486
22989.83,27.82,12.4486
22990.83,42.29,12.4486
22991.83,43.68,12.4486
22992.84,26.08,12.4488
22993.84,43.69,12.4489
22994.84,27.88,12.4489
22995.84,29.2,12.4489
22996.84,34.56,12.4489
22997.84,26.95,12.4489
22998.85,25.35,12.4489
22999.85,26.32,12.4489
23000.85,25.49,12.4489
23001.85,38.23,12.4491
23002.85,27.26,12.4491
23003.85,43.46,12.4493
23004.86,42.16,12.4494
23005.86,34.23,12.4494
23006.86,26.0,12.4494
23007.86,25.72,12.4494
23008.86,25.87,12.4494
23009.86,25.91,12.4494
23010.87,25.4,12.4493
23011.87,28.15,12.4493
23012.87,25.32,12.4493
23013.87,39.93,12.4493
23014.87,25.2,12.4493
23015.87,25.39,12.4493
23016.88,25.53,12.4493
23017.88,25.31,12.4493
23018.88,25.73,12.4493
23019.88,27.64,12.4493
23020.88,25.66,12.4493
23021.88,27.84,12.4493
23022.89,25.32,12.4493
23023.89,25.81,12.4493
23024.89,25.31,12.4493
23025.89,25.2,12.4493
23026.89,26.39,12.4493
23027.89,25.31,12.4494
23028.9,25.21,12.4494
23029.9,25.41,12.4494
23030.9,25.2,12.4494
23031.9,25.2,12.4494
23032.9,25.35,12.4496
23033.9,25.2,12.4496
23034.91,30.67,12.4496
23035.91,25.66,12.4496
23036.91,25.2,12.4496
23037.91,35.67,12.4494
23038.91,25.19,12.4494
23039.91,26.82,12.4494
23040.91,26.14,12.4494
23041.92,25.19,12.4494
23042.92,25.31,12.4496
23043.92,25.17,12.4496
23044.92,25.3,12.4496
23045.92,25.34,12.4496
23046.92,25.19,12.4496
23047.93,51.11,12.4576
23048.93,99.96,12.5621
23049.93,65.95,12.5622
23050.93,25.75,12.5621
23051.93,25.18,12.5621
23052.93,25.26,12.5623
23053.93,25.29,12.5623
23054.94,25.3,12.5623
23055.94,25.3,12.5623
23056.94,25.2,12.5623
23057.94,25.35,12.5623
23058.94,25.2,12.5623
23059.94,25.21,12.5623
23060.95,25.3,12.5623
23061.95,25.48,12.5623
23062.95,25.82,12.5623
23063.95,25.21,12.5623
23064.95,25.28,12.5623
23065.95,25.18,12.5623
23066.96,25.19,12.5623
23067.96,25.28,12.5623
23068.96,25.2,12.5623
23069.96,54.55,12.5623
23070.96,56.71,12.5626
23071.96,55.85,12.5626
23072.96,49.42,12.5651
23073.97,26.87,12.5651
23074.97,25.19,12.5651
23075.97,26.48,12.5651
23076.97,45.75,12.5725
23077.97,99.89,12.5882
23078.97,59.41,12.591
23079.97,25.26,12.591
23080.98,25.19,12.591
23081.98,25.25,12.591
23082.98,25.16,12.591
23083.98,25.26,12.591
23084.98,25.12,12.591
23085.98,25.12,12.591
23086.99,54.85,12.5911
23087.99,99.86,12.5911
23088.99,33.85,12.5912
23089.99,25.29,12.5911
23090.99,25.18,12.5911
23091.99,25.14,12.5911
23092.99,25.28,12.5911
23094.0,25.14,12.5911
23095.0,25.26,12.5911
23096.0,25.37,12.5911
23097.0,45.65,12.596
23098.0,100.18,12.5961
23099.0,40.89,12.5961
23100.0,25.19,12.5961
23101.01,25.3,12.5961
23102.01,39.15,12.7334
23103.01,99.89,13.2853
23104.01,61.53,13.2853
23105.01,25.18,13.2853
23106.01,25.2,13.2853
23107.01,25.29,13.2853
23108.02,43.44,13.4284
23109.02,25.26,13.4284
23110.02,25.13,13.4284
23111.02,25.23,13.4284
23112.02,29.29,13.4286
23113.02,25.45,13.4286
23114.03,25.3,13.4285
23115.03,28.88,13.4286
23116.03,25.14,13.4286
23117.03,25.24,13.4286
23118.03,26.65,13.4286
23119.03,27.51,13.4287
23120.04,25.13,13.4287
23121.04,25.12,13.4287
23122.04,29.0,13.4289
23123.04,25.15,13.4288
23124.04,25.23,13.4288
23125.04,28.97,13.4289
23126.04,25.17,13.4288
23127.04,25.19,13.4288
23128.05,25.29,13.4288
23129.05,29.88,13.4289
23130.05,25.27,13.4289
23131.05,25.17,13.4289
23132.05,25.18,13.4289
23133.05,30.09,13.4291
23134.06,25.17,13.429
23135.06,25.28,13.429
23136.06,25.19,13.429
23137.06,29.64,13.4292
23138.06,25.32,13.4292
23139.06,25.19,13.4292
23140.06,29.97,13.4292
23141.07,25.28,13.4292
23142.07,25.19,13.4292
23143.07,29.78,13.4293
23144.07,25.28,13.4293
23145.07,25.2,13.4293
23146.07,25.29,13.4294
23147.08,29.21,13.4295
23148.08,25.19,13.4295
23149.08,25.28,13.4295
23150.08,25.18,13.4295
23151.08,29.49,13.4295
23152.08,25.18,13.4295
23153.09,26.04,13.4296
23154.09,25.18,13.4296
23155.09,28.8,13.4296
23156.09,25.24,13.4296
23157.09,25.14,13.4296
23158.09,25.25,13.4296
23159.09,28.94,13.4296
23160.1,25.14,13.4296
23161.1,25.25,13.4296
23162.1,25.18,13.4296
23163.1,25.29,13.4296
23164.1,28.97,13.4296
23165.1,25.65,13.4296
23166.11,25.27,13.4296
23167.11,25.18,13.4296
23168.11,25.31,13.4296
23169.11,25.18,13.4296
23170.11,28.84,13.4296
23171.11,25.28,13.4296
23172.12,25.18,13.4296
23173.12,25.43,13.4296
23174.12,28.54,13.4296
23175.12,25.17,13.4296
23176.12,29.09,13.4297
23177.12,25.19,13.4297
23178.12,25.21,13.4297
23179.13,25.29,13.4297
23180.13,25.15,13.4297
23181.13,25.14,13.4297
23182.13,29.29,13.43
23183.13,25.24,13.43
23184.13,25.21,13.43
23185.13,25.27,13.43
23186.14,25.2,13.43
23187.14,25.2,13.43
23188.14,27.35,13.43
23189.14,29.11,13.43
23190.14,25.31,13.43
23191.14,25.2,13.43
23192.14,25.14,13.43
23193.15,25.31,13.43
23194.15,25.21,13.43
23195.15,30.89,13.43
23196.15,25.21,13.43
23197.15,25.22,13.43
23198.15,25.32,13.4302
23199.16,25.21,13.4302
23200.16,25.33,13.4302
23201.16,25.21,13.4302
23202.16,25.21,13.4302
23203.16,30.1,13.4302
23204.16,25.93,13.4302
23205.17,25.24,13.4302
23206.17,25.14,13.4302
23207.17,25.3,13.4302
23208.17,25.16,13.4302
23209.17,25.14,13.4302
23210.17,29.06,13.4303
23211.18,25.22,13.4304
23212.18,25.32,13.4304
23213.18,25.25,13.4304
23214.18,25.22,13.4304
23215.18,25.32,13.4304
23216.18,25.22,13.4304
23217.19,25.32,13.4304
23218.19,29.02,13.4304
23219.19,25.32,13.4304
23220.19,25.23,13.4304
23221.19,25.23,13.4304
23222.19,25.32,13.4304
23223.2,25.25,13.4304
23224.2,25.34,13.4304
23225.2,25.23,13.4304
23226.2,29.01,13.4305
23227.2,25.32,13.4305
23228.2,25.23,13.4305
23229.21,25.32,13.4305
23230.21,25.19,13.4305
23231.21,25.2,13.4305
23232.21,25.3,13.4305
23233.21,25.23,13.4306
23234.21,25.31,13.4306
23235.22,28.96,13.4306
23236.22,25.31,13.4306
23237.22,25.18,13.4306
23238.22,25.21,13.4306
23239.22,25.3,13.4306
23240.22,25.2,13.4306
23241.23,25.31,13.4306
23242.23,25.19,13.4306
23243.23,28.97,13.4308
23244.23,25.28,13.4308
23245.23,25.19,13.4308
23246.23,25.3,13.4308
23247.24,25.24,13.4308
23248.24,25.22,13.4308
23249.24,25.32,13.4308
23250.24,25.22,13.4308
23251.25,25.22,13.4308
23252.25,30.99,13.4308
23253.25,25.24,13.4308
23254.25,25.32,13.4308
23255.25,25.22,13.4308
23256.25,25.32,13.4308
23257.25,25.22,13.4308
23258.26,25.22,13.4308
23259.26,25.25,13.4308
23260.26,25.15,13.4308
23261.26,31.01,13.4308
23262.26,25.2,13.4308
23263.26,25.21,13.4309
23264.27,25.29,13.4309
23265.27,25.19,13.4309
23266.27,25.29,13.4309
23267.27,25.2,13.4309
23268.27,25.21,13.4309
23269.27,25.31,13.4309
23270.28,29.64,13.4309
23271.28,25.3,13.4309
23272.28,25.2,13.4309
23273.28,25.34,13.4309
23274.28,25.2,13.4309
23275.28,25.17,13.4309
23276.29,25.23,13.4309
23277.29,25.17,13.4309
23278.29,29.1,13.4309
23279.29,25.19,13.4309
23280.29,25.22,13.4309
23281.29,25.31,13.4309
23282.3,25.17,13.4309
23283.3,25.33,13.4309
23284.3,25.2,13.4309
23285.3,25.2,13.4309
23286.3,25.3,13.4309
23287.3,25.18,13.4309
23288.31,29.01,13.431
23289.31,25.18,13.431
23290.31,25.19,13.431
23291.31,25.29,13.431
23292.31,25.14,13.431
23293.31,25.32,13.4311
23294.32,25.2,13.4311
23295.32,25.32,13.4311
23296.32,25.16,13.4311
23297.32,25.09,13.4311
23298.32,28.89,13.4311
23299.32,25.17,13.4311
23300.33,25.28,13.4311
23301.33,25.18,13.4311
23302.33,25.15,13.4311
23303.33,25.3,13.4311
23304.33,25.18,13.4311
23305.33,25.22,13.4311
23306.34,25.16,13.4311
23307.34,25.18,13.4311
23308.34,29.03,13.4312
23309.34,25.19,13.4312
23310.34,25.29,13.4312
23311.34,25.19,13.4312
23312.35,25.26,13.4312
23313.35,25.19,13.4312
23314.35,25.17,13.4312
23315.35,25.29,13.4312
23316.35,25.2,13.4312
23317.35,29.77,13.4312
23318.35,25.54,13.4312
23319.36,25.19,13.4312
23320.36,25.26,13.4312
23321.36,25.2,13.4312
23322.36,25.3,13.4313
23323.36,25.21,13.4314
23324.36,25.17,13.4314
23325.37,25.26,13.4314
23326.37,25.2,13.4314
23327.37,25.19,13.4314
23328.37,31.79,13.4314
23329.37,25.18,13.4314
23330.37,25.26,13.4314
23331.38,25.16,13.4314
23332.38,25.18,13.4314
23333.38,25.31,13.4314
23334.38,25.21,13.4314
23335.38,25.32,13.4314
23336.38,25.21,13.4314
23337.38,29.68,13.4315
23338.39,25.32,13.4315
23339.39,25.13,13.4315
23340.39,25.18,13.4315
23341.39,25.33,13.4315
23342.39,25.22,13.4315
23343.39,25.24,13.4315
23344.39,25.32,13.4315
23345.4,25.23,13.4315
23346.4,25.32,13.4315
23347.4,25.22,13.4315
23348.4,29.02,13.4317
23349.4,25.36,13.4317
23350.4,25.22,13.4317
23351.4,25.22,13.4317
23352.41,25.32,13.4319
23353.41,25.23,13.4319
23354.41,25.32,13.4319
23355.41,25.22,13.4319
23356.41,25.22,13.4319
23357.41,25.3,13.4319
23358.42,25.19,13.4319
23359.42,29.16,13.432
23360.42,25.22,13.432
23361.42,25.24,13.4319
23362.42,25.36,13.4319
23363.42,25.24,13.4319
23364.42,25.24,13.4319
23365.43,25.33,13.4319
23366.43,25.23,13.4319
23367.43,25.33,13.4319
23368.43,25.23,13.4319
23369.43,25.23,13.4319
23370.43,25.34,13.4319
23371.44,28.93,13.432
23372.44,25.34,13.432
23373.44,25.24,13.4321
23374.44,25.34,13.4321
23375.44,25.23,13.4321
23376.44,25.23,13.4321
23377.45,25.29,13.4321
23378.45,25.16,13.4321
23379.45,25.15,13.4321
23380.45,25.16,13.4321
23381.45,25.27,13.4321
23382.45,29.67,13.4321
23383.45,25.24,13.4321
23384.45,25.33,13.4321
23385.46,25.2,13.4321
23386.46,25.31,13.4321
23387.46,25.18,13.4321
23388.46,25.14,13.4321
23389.47,25.24,13.4321
23390.47,25.14,13.4321
23391.47,25.14,13.4321
23392.47,31.82,13.4321
23393.47,25.22,13.4321
23394.47,25.31,13.4321
23395.47,25.21,13.4321
23396.48,25.21,13.4321
23397.48,25.3,13.4321
23398.48,25.2,13.4321
23399.48,25.3,13.4321
23400.48,25.21,13.4321
23401.49,25.27,13.4321
23402.49,25.18,13.4322
23403.49,30.46,13.4324
23404.49,25.32,13.4324
23405.49,25.22,13.4324
23406.49,25.23,13.4324
23407.5,25.28,13.4324
23408.5,25.32,13.4324
23409.5,25.23,13.4324
23410.5,25.22,13.4324
23411.5,25.32,13.4324
23412.5,25.23,13.4324
23413.51,25.35,13.4324
23414.51,29.05,13.4324
23415.51,25.29,13.4324
23416.51,25.21,13.4324
23417.51,25.22,13.4324
23418.51,25.31,13.4324
23419.52,25.22,13.4324
23420.52,25.32,13.4324
23421.52,25.16,13.4324
23422.52,25.2,13.4324
23423.52,25.33,13.4325
23424.52,25.22,13.4325
23425.53,29.2,13.4326
23426.53,25.22,13.4326
23427.53,25.23,13.4326
23428.53,25.32,13.4326
23429.53,25.23,13.4326
23430.53,25.32,13.4326
23431.54,25.22,13.4326
23432.54,25.28,13.4326
23433.54,25.16,13.4326
23434.54,25.15,13.4326
23435.54,25.25,13.4326
23436.54,25.15,13.4326
23437.55,29.13,13.4325
23438.55,25.21,13.4325
23439.55,25.22,13.4325
23440.55,25.31,13.4325
23441.55,25.21,13.4325
23442.55,25.26,13.4325
23443.56,25.16,13.4325
23444.56,25.15,13.4325
23445.56,25.25,13.4325
23446.56,25.15,13.4325
23447.56,25.26,13.4325
23448.56,28.91,13.4326
23449.57,25.3,13.4326
23450.57,25.2,13.4326
23451.57,25.2,13.4326
23452.57,25.27,13.4326
23453.57,25.23,13.4326
23454.57,25.31,13.4326
23455.58,25.2,13.4326
23456.58,25.22,13.4326
23457.58,25.34,13.4326
23458.58,25.2,13.4326
23459.58,31.64,13.4329
23460.58,25.31,13.4329
23461.58,25.2,13.4329
23462.59,25.29,13.4329
23463.59,25.22,13.4329
23464.59,25.32,13.4329
23465.59,25.22,13.4329
23466.59,25.22,13.4329
23467.59,25.32,13.4329
23468.6,25.22,13.4329
23469.6,25.34,13.4329
23470.6,31.05,13.433
23471.6,25.23,13.433
23472.6,25.23,13.433
23473.6,25.16,13.433
23474.61,25.24,13.433
23475.61,25.14,13.433
23476.61,25.14,13.433
23477.61,25.26,13.433
23478.61,25.21,13.433
23479.61,25.32,13.433
23480.62,25.34,13.433
23481.62,28.92,13.433
23482.62,25.23,13.433
23483.62,25.24,13.433
23484.62,25.32,13.433
23485.62,25.22,13.433
23486.63,25.32,13.433
23487.63,25.22,13.433
23488.63,25.32,13.433
23489.63,25.22,13.433
23490.63,25.22,13.433
23491.63,29.09,13.4331
23492.64,25.13,13.4331
23493.64,25.31,13.4332
23494.64,25.19,13.4332
23495.64,25.16,13.4332
23496.64,25.25,13.4332
23497.64,25.15,13.4332
23498.64,25.12,13.4332
23499.65,25.24,13.4332
23500.65,25.13,13.4332
23501.65,25.13,13.4332
23502.65,25.25,13.4332
23503.65,28.39,13.4332
23504.65,25.76,13.4332
23505.65,25.29,13.4332
23506.66,25.21,13.4331
23507.66,25.29,13.4333
23508.66,25.2,13.4331
23509.66,25.21,13.4331
23510.66,25.3,13.4331
23511.66,25.19,13.4331
23512.67,25.21,13.4334
23513.67,25.3,13.4334
23514.67,25.19,13.4334
23515.67,28.96,13.4334
23516.67,25.19,13.4334
23517.67,25.19,13.4334
23518.67,25.28,13.4334
23519.68,25.14,13.4334
23520.68,25.3,13.4334
23521.68,25.18,13.4334
23522.68,25.15,13.4334
23523.68,25.3,13.4334
23524.68,25.17,13.4334
23525.69,25.29,13.4334
23526.69,31.26,13.4334
23527.69,25.14,13.4334
23528.69,25.22,13.4334
23529.69,25.16,13.4334
23530.69,25.26,13.4334
23531.7,25.12,13.4334
23532.7,25.15,13.4335
23533.7,25.22,13.4335
23534.7,25.16,13.4335
23535.7,25.29,13.4335
23536.7,25.19,13.4335
23537.7,31.27,13.4335
23538.71,25.3,13.4335
23539.71,25.19,13.4335
23540.71,25.29,13.4335
23541.71,25.19,13.4335
23542.71,25.31,13.4335
23543.71,25.19,13.4335
23544.72,25.19,13.4335
23545.72,25.32,13.4335
23546.72,25.19,13.4335
23547.72,29.13,13.4335
23548.72,25.3,13.4335
23549.72,25.19,13.4334
23550.72,25.19,13.4334
23551.73,25.31,13.4334
23552.73,25.19,13.4335
23553.73,25.19,13.4335
23554.73,25.29,13.4335
23555.73,25.18,13.4335
23556.73,25.3,13.4335
23557.73,25.19,13.4335
23558.74,28.94,13.4338
23559.74,25.29,13.4337
23560.74,25.19,13.4337
23561.74,25.28,13.4337
23562.74,25.19,13.4338
23563.75,25.18,13.4338
23564.75,25.28,13.4338
23565.75,25.16,13.4338
23566.75,25.25,13.4338
23567.75,25.17,13.4339
23568.75,25.26,13.4339
23569.75,25.21,13.4338
23570.76,28.91,13.4338
23571.76,25.3,13.4339
23572.76,25.19,13.4339
23573.76,25.29,13.4339
23574.76,25.18,13.4339
23575.76,25.19,13.4339
23576.77,25.27,13.4339
23577.77,25.21,13.4339
23578.77,25.3,13.4339
23579.77,25.2,13.4339
23580.77,25.19,13.4339
23581.77,29.09,13.4339
23582.78,25.17,13.4339
23583.78,25.28,13.4339
23584.78,25.15,13.4339
23585.78,25.16,13.4338
23586.78,25.19,13.4338
23587.78,25.26,13.434
23588.79,25.29,13.434
23589.79,25.18,13.434
23590.79,25.17,13.434
23591.79,25.27,13.434
23592.79,30.52,13.4341
23593.79,25.18,13.4341
23594.79,25.29,13.4341
23595.8,25.2,13.4341
23596.8,25.31,13.4341
23597.8,25.2,13.4341
23598.8,25.18,13.4341
23599.8,25.29,13.4341
23600.8,25.17,13.4341
23601.8,25.2,13.4341
23602.81,25.27,13.4341
23603.81,31.75,13.4341
23604.81,25.18,13.4341
23605.81,25.19,13.4341
23606.81,25.29,13.4341
23607.82,25.19,13.4341
23608.82,25.3,13.4341
23609.82,25.19,13.4341
23610.82,25.2,13.4341
23611.82,25.29,13.4341
23612.82,25.16,13.4342
23613.83,25.31,13.4342
23614.83,29.32,13.4342
23615.83,25.19,13.4342
23616.83,25.3,13.4342
23617.83,25.15,13.4342
23618.83,25.29,13.4342
23619.84,25.19,13.4342
23620.84,25.3,13.4342
23621.84,25.17,13.4342
23622.84,25.23,13.4342
23623.84,25.21,13.4342
23624.84,25.14,13.4342
23625.85,28.95,13.4343
23626.85,25.19,13.4343
23627.85,25.28,13.4343
23628.85,25.19,13.4343
23629.85,25.28,13.4343
23630.85,25.18,13.4343
23631.86,25.18,13.4343
23632.86,25.29,13.4343
23633.86,25.18,13.4343
23634.86,25.28,13.4343
23635.86,25.18,13.4343
23636.86,26.91,13.4343
23637.87,27.24,13.4343
23638.87,25.12,13.4343
23639.87,25.22,13.4343
23640.87,25.12,13.4343
23641.87,25.22,13.4343
23642.88,25.14,13.4345
23643.88,25.12,13.4345
23644.88,25.22,13.4345
23645.88,25.12,13.4345
23646.88,25.21,13.4345
23647.88,25.11,13.4345
23648.89,29.0,13.4345
23649.89,25.18,13.4345
23650.89,25.18,13.4345
23651.89,25.27,13.4345
23652.89,25.18,13.4345
23653.89,25.28,13.4345
23654.9,25.18,13.4345
23655.9,25.18,13.4345
23656.9,25.27,13.4345
23657.9,25.13,13.4345
23658.9,25.23,13.4345
23659.9,29.97,13.4345
23660.9,25.19,13.4345
23661.91,25.28,13.4345
23662.91,25.17,13.4346
23663.91,25.18,13.4346
23664.91,25.28,13.4346
23665.91,25.13,13.4346
23666.91,25.12,13.4346
23667.91,25.22,13.4346
23668.92,25.12,13.4346
23669.92,31.83,13.4347
23670.92,25.19,13.4347
23671.92,25.18,13.4347
23672.92,25.25,13.4348
23673.92,25.13,13.4348
23674.93,25.23,13.4348
23675.93,25.19,13.4348
23676.93,25.28,13.4348
23677.93,25.16,13.4348
23678.93,25.28,13.4348
23679.93,25.19,13.4348
23680.94,29.98,13.4348
23681.94,25.27,13.4348
23682.94,25.18,13.4348
23683.94,25.27,13.4348
23684.94,25.17,13.4348
23685.94,25.18,13.4348
23686.95,25.28,13.4348
23687.95,25.2,13.4348
23688.95,25.29,13.4348
23689.95,25.19,13.4348
23690.95,25.18,13.4348
23691.95,29.0,13.4348
23692.96,25.2,13.4349
23693.96,25.29,13.4349
23694.96,25.18,13.4349
23695.96,25.19,13.4349
23696.96,25.27,13.4349
23697.96,25.17,13.4349
23698.97,25.26,13.4349
23699.97,25.19,13.4349
23700.97,25.18,13.4349
23701.97,25.28,13.4349
23702.97,28.88,13.4349
23703.97,25.28,13.4349
23704.98,25.18,13.4349
23705.98,25.28,13.4349
23706.98,25.17,13.4349
23707.98,25.19,13.435
23708.98,25.26,13.435
23709.98,25.18,13.435
23710.98,25.18,13.435
23711.99,25.28,13.435
23712.99,25.19,13.435
23713.99,25.25,13.435
23714.99,28.81,13.435
23715.99,25.25,13.435
23716.99,25.15,13.435
23718.0,25.19,13.435
23719.0,25.31,13.435
23720.0,25.19,13.435
23721.0,25.19,13.435
23722.0,25.28,13.435
23723.0,25.18,13.4351
23724.01,25.29,13.4351
23725.01,25.19,13.4351
23726.01,29.22,13.4351
23727.01,25.17,13.4351
23728.01,25.12,13.4351
23729.01,25.22,13.4351
23730.02,25.13,13.4351
23731.02,25.24,13.4351
23732.02,25.16,13.4351
23733.02,25.23,13.4351
23734.02,25.12,13.4351
23735.02,25.12,13.4351
23736.03,25.22,13.4351
23737.03,31.59,13.4353
23738.03,25.22,13.4353
23739.03,25.11,13.4353
23740.03,25.13,13.4353
23741.03,25.28,13.4353
23742.04,25.18,13.4353
23743.04,25.23,13.4354
23744.04,25.28,13.4354
23745.04,25.19,13.4354
23746.04,25.3,13.4354
23747.04,30.54,13.4354
23748.04,25.19,13.4354
23749.05,25.29,13.4354
23750.05,25.19,13.4354
23751.05,25.29,13.4354
23752.05,25.19,13.4354
23753.05,25.29,13.4354
23754.06,25.18,13.4354
23755.06,25.19,13.4354
23756.06,25.28,13.4354
23757.06,25.2,13.4354
23758.06,29.09,13.4354
23759.06,25.18,13.4354
23760.07,25.19,13.4354
23761.07,25.28,13.4354
23762.07,25.19,13.4354
23763.07,25.3,13.4354
23764.07,25.19,13.4354
23765.07,25.29,13.4354
23766.08,25.19,13.4354
23767.08,25.19,13.4354
23768.08,25.29,13.4354
23769.08,25.18,13.4354
23770.08,28.97,13.4356
23771.08,25.17,13.4356
23772.09,25.13,13.4356
23773.09,25.28,13.4357
23774.09,25.18,13.4357
23775.09,25.29,13.4357
23776.09,25.18,13.4357
23777.09,25.28,13.4357
23778.1,25.19,13.4357
23779.1,25.18,13.4357
23780.1,25.29,13.4357
23781.1,25.19,13.4357
23782.1,29.0,13.4357
23783.1,25.21,13.4357
23784.11,25.29,13.4357
23785.11,25.18,13.4357
23786.11,25.19,13.4357
23787.11,25.3,13.4357
23788.11,25.17,13.4357
23789.11,25.28,13.4357
23790.11,25.18,13.4357
23791.12,25.18,13.4357
23792.12,25.28,13.4357
23793.12,28.94,13.4358
23794.12,25.27,13.4358
23795.12,25.16,13.4358
23796.12,25.13,13.4358
23797.13,25.2,13.4358
23798.13,25.13,13.4359
23799.13,25.22,13.4359
23800.13,25.14,13.4359
23801.13,25.13,13.4359
23802.13,25.28,13.4359
23803.14,25.2,13.4359
23804.14,31.7,13.4359
23805.14,25.18,13.4359
23806.14,25.18,13.4359
23807.14,25.31,13.4359
23808.14,25.15,13.4359
23809.15,25.31,13.4359
23810.15,25.19,13.4359
23811.15,25.18,13.4359
23812.15,25.31,13.4359
23813.15,25.16,13.4359
23814.15,25.26,13.4359
23815.16,30.96,13.4359
23816.16,25.22,13.4359
23817.16,25.12,13.4359
23818.16,25.23,13.4359
23819.16,25.12,13.4359
23820.16,25.12,13.4359
23821.17,25.22,13.4359
23822.17,25.12,13.4359
23823.17,25.25,13.436
23824.17,25.12,13.436
23825.17,25.12,13.436
23826.17,29.11,13.436
23827.17,25.18,13.436
23828.18,25.19,13.436
23829.18,25.29,13.436
23830.18,25.19,13.436
23831.18,25.3,13.436
23832.18,25.18,13.436
23833.19,25.29,13.436
23834.19,25.19,13.436
23835.19,25.19,13.436
23836.19,25.27,13.4361
23837.19,25.18,13.4361
23838.19,29.03,13.4361
23839.2,25.19,13.4361
23840.2,25.2,13.4361
23841.2,25.29,13.4361
23842.2,25.19,13.4361
23843.2,25.32,13.4361
23844.2,25.18,13.4361
23845.2,25.19,13.4361
23846.21,25.3,13.4361
23847.21,25.18,13.4361
23848.21,25.24,13.4361
23849.21,28.81,13.4362
23850.21,25.29,13.4362
23851.22,25.19,13.4362
23852.22,25.19,13.4362
23853.22,25.31,13.4363
23854.22,25.19,13.4363
23855.22,25.29,13.4363
23856.22,25.19,13.4363
23857.22,25.19,13.4363
23858.23,25.29,13.4363
23859.23,25.18,13.4363
23860.23,25.3,13.4363
23861.23,28.89,13.4366
23862.23,25.28,13.4366
23863.23,25.2,13.4366
23864.24,25.18,13.4366
23865.24,25.26,13.4366
23866.24,25.12,13.4366
23867.24,25.22,13.4366
23868.24,25.13,13.4366
23869.24,25.12,13.4366
23870.25,25.22,13.4366
23871.25,25.12,13.4366
23872.25,31.52,13.4366
23873.25,25.19,13.4366
23874.25,25.18,13.4366
23875.25,25.28,13.4366
23876.26,25.19,13.4367
23877.26,25.16,13.4367
23878.26,25.25,13.4367
23879.26,25.13,13.4367
23880.26,25.25,13.4367
23881.26,25.14,13.4367
23882.26,25.12,13.4367
23883.27,25.28,13.4368
23884.27,30.95,13.4368
23885.27,25.31,13.4368
23886.27,25.19,13.4368
23887.27,25.19,13.4368
23888.27,25.28,13.4368
23889.28,25.19,13.4368
23890.28,25.29,13.4368
23891.28,25.18,13.4368
23892.28,25.28,13.4368
23893.28,25.17,13.4368
23894.28,28.86,13.4368
23895.29,25.29,13.4368
23896.29,25.19,13.4368
23897.29,25.18,13.4368
23898.29,25.28,13.4369
23899.29,25.19,13.4369
23900.29,25.29,13.4369
23901.3,25.18,13.4369
23902.3,25.14,13.4369
23903.3,25.3,13.437
23904.3,25.18,13.437
23905.3,25.28,13.437
23906.3,28.92,13.437
23907.3,25.18,13.437
23908.31,25.29,13.437
23909.31,25.19,13.437
23910.31,25.29,13.437
23911.31,25.19,13.437
23912.31,25.18,13.437
23913.31,25.3,13.437
23914.32,25.19,13.437
23915.32,25.29,13.437
23916.32,25.18,13.437
23917.32,28.92,13.4371
23918.32,25.29,13.4371
23919.32,25.18,13.4371
23920.33,25.29,13.4371
23921.33,25.19,13.4371
23922.33,25.19,13.4371
23923.33,25.29,13.4371
23924.33,25.18,13.4371
23925.33,25.28,13.4371
23926.34,25.18,13.4371
23927.34,25.28,13.4371
23928.34,25.18,13.4371
23929.34,28.93,13.4371
23930.34,25.29,13.4371
23931.34,25.18,13.4371
23932.35,25.29,13.4371
23933.35,25.2,13.4371
23934.35,25.29,13.4371
23935.35,25.19,13.4371
23936.35,25.19,13.4371
23937.35,25.28,13.4371
23938.36,25.19,13.4371
23939.36,25.28,13.4371
23940.36,31.24,13.4371
23941.36,25.17,13.4371
23942.36,25.24,13.4371
23943.36,25.2,13.4373
23944.37,25.3,13.4373
23945.37,25.18,13.4373
23946.37,25.18,13.4373
23947.37,25.28,13.4373
23948.37,25.09,13.4373
23949.37,25.22,13.4373
23950.38,25.13,13.4373
23951.38,25.14,13.4373
23952.38,31.25,13.4373
23953.38,25.18,13.4374
23954.38,25.28,13.4374
23955.38,25.18,13.4374
23956.39,25.28,13.4374
23957.39,25.19,13.4374
23958.39,25.18,13.4374
23959.39,25.28,13.4374
23960.39,25.16,13.4374
23961.39,25.27,13.4374
23962.4,25.19,13.4374
23963.4,29.2,13.4373
23964.4,25.18,13.4373
23965.4,25.19,13.4373
23966.4,25.27,13.4373
23967.4,25.2,13.4373
23968.41,25.27,13.4373
23969.41,25.19,13.4373
23970.41,25.19,13.4373
23971.41,25.28,13.4373
23972.41,25.18,13.4373
23973.41,25.31,13.4374
23974.42,28.82,13.4374
23975.42,25.18,13.4374
23976.42,25.26,13.4374
23977.42,25.17,13.4374
23978.42,25.27,13.4374
23979.42,25.2,13.4374
23980.43,25.29,13.4374
23981.43,25.19,13.4374
23982.43,25.3,13.4374
23983.43,25.19,13.4375
23984.43,25.19,13.4375
23985.43,25.29,13.4375
23986.44,28.95,13.4375
23987.44,25.3,13.4375
23988.44,25.18,13.4375
23989.44,25.19,13.4375
23990.44,25.28,13.4375
23991.44,25.18,13.4375
23992.45,25.3,13.4375
23993.45,25.16,13.4376
23994.45,25.28,13.4376
23995.45,25.18,13.4376
23996.45,25.19,13.4376
23997.45,29.06,13.4376
23998.46,25.18,13.4376
23999.46,25.29,13.4376
24000.46,25.18,13.4376
24001.46,25.28,13.4376
24002.46,25.19,13.4376
24003.46,25.2,13.4377
24004.47,25.3,13.4377
24005.47,25.18,13.4377
24006.47,25.21,13.4377
24007.47,25.29,13.4377
24008.47,25.15,13.4377
24009.47,31.26,13.4377
24010.48,25.19,13.4377
24011.48,25.29,13.4377
24012.48,25.19,13.4377
24013.48,25.16,13.4377
24014.48,25.29,13.4377
24015.48,25.19,13.4377
24016.49,25.28,13.4377
24017.49,25.2,13.4377
24018.49,25.18,13.4377
24019.49,31.17,13.4377
24020.49,25.17,13.4377
24021.49,25.18,13.4377
24022.49,25.3,13.4377
24023.5,25.16,13.4377
24024.5,25.23,13.4377
24025.5,25.11,13.4377
24026.5,25.15,13.4377
24027.5,25.29,13.4377
24028.5,25.18,13.4377
24029.51,25.28,13.4377
24030.51,29.07,13.4378
24031.51,25.18,13.4378
24032.51,25.29,13.4378
24033.51,25.2,13.4378
24034.51,25.28,13.4378
24035.52,25.18,13.4378
24036.52,25.15,13.4378
24037.52,25.23,13.4378
24038.52,25.13,13.4378
24039.52,25.25,13.4378
24040.52,25.16,13.4378
24041.52,25.19,13.4378
24042.53,29.03,13.438
24043.53,25.16,13.438
24044.53,25.18,13.438
24045.53,25.28,13.438
24046.53,25.18,13.438
24047.53,25.29,13.438
24048.53,25.18,13.438
24049.54,25.19,13.438
24050.54,25.29,13.438
24051.54,25.19,13.438
24052.54,25.3,13.438
24053.54,28.86,13.4381
24054.54,25.18,13.4381
24055.55,25.27,13.4381
24056.55,25.16,13.4381
24057.55,25.3,13.4381
24058.55,25.18,13.4381
24059.55,25.19,13.4381
24060.55,25.3,13.4381
24061.55,25.19,13.4381
24062.56,25.2,13.4381
24063.56,25.29,13.4381
24064.56,25.16,13.4381
24065.56,29.07,13.4381
24066.56,25.19,13.4381
24067.56,25.21,13.4381
24068.57,25.27,13.4382
24069.57,25.22,13.4382
24070.57,25.19,13.4382
24071.57,25.27,13.4382
24072.57,25.19,13.4382
24073.57,25.28,13.4382
24074.58,25.18,13.4382
24075.58,25.3,13.4383
24076.58,30.89,13.4384
24077.58,25.19,13.4384
24078.58,25.28,13.4384
24079.58,25.18,13.4384
24080.59,25.19,13.4384
24081.59,25.28,13.4384
24082.59,25.19,13.4384
24083.59,25.3,13.4384
24084.59,25.18,13.4384
24085.59,25.18,13.4384
24086.59,25.29,13.4384
24087.59,31.52,13.4384
24088.6,25.24,13.4384
24089.6,25.18,13.4384
24090.6,25.19,13.4384
24091.6,25.28,13.4384
24092.6,25.18,13.4384
24093.61,25.28,13.4385
24094.61,25.18,13.4385
24095.61,25.19,13.4385
24096.61,25.28,13.4385
24097.61,25.19,13.4385
24098.61,29.3,13.4385
24099.61,25.13,13.4385
24100.62,25.12,13.4385
24101.62,25.23,13.4385
24102.62,25.12,13.4386
24103.62,25.22,13.4386
24104.62,25.13,13.4386
24105.62,25.18,13.4386
24106.63,25.28,13.4386
24107.63,25.19,13.4385
24108.63,25.18,13.4385
24109.63,25.28,13.4385
24110.63,28.86,13.4385
24111.63,25.18,13.4385
24112.63,25.3,13.4385
24113.64,25.21,13.4387
24114.64,25.31,13.4387
24115.64,25.19,13.4387
24116.64,25.2,13.4388
24117.64,25.31,13.4388
24118.64,25.15,13.4388
24119.65,25.3,13.4388
24120.65,25.18,13.4388
24121.65,27.77,13.4388
24122.65,26.45,13.4388
24123.65,25.3,13.4388
24124.65,25.21,13.4387
24125.66,25.18,13.4387
24126.66,25.28,13.4387
24127.66,25.19,13.4388
24128.66,25.26,13.4387
24129.66,25.19,13.4388
24130.67,25.19,13.4387
24131.67,25.28,13.4387
24132.67,25.22,13.4388
24133.67,29.05,13.4389
24134.67,25.18,13.4389
24135.67,25.18,13.4389
24136.67,25.31,13.4389
24137.67,25.19,13.4389
24138.68,25.26,13.4389
24139.68,25.18,13.4389
24140.68,25.29,13.4389
24141.68,25.18,13.4389
24142.68,25.21,13.4389
24143.69,25.28,13.4389
24144.69,25.19,13.4389
24145.69,30.86,13.439
24146.69,25.21,13.439
24147.69,25.19,13.439
24148.69,25.27,13.439
24149.7,31.96,11.5783
24150.7,87.76,2.7165
24151.7,77.46,3.0653
24152.7,77.58,3.2689
24153.7,86.34,3.4367
24154.7,80.85,3.7239
24155.71,80.94,3.9841
24156.71,77.15,4.2532
24157.71,76.69,4.5564
24158.71,77.12,4.82
24159.71,78.25,5.0661
24160.71,75.69,5.2708
24161.72,75.63,5.5052
24162.72,77.02,5.7459
24163.72,76.4,5.9963
24164.72,44.29,6.8185
24165.72,39.38,7.7152
24166.72,99.92,8.7679
24167.73,62.69,9.1895
24168.73,25.17,9.2897
24169.73,26.38,9.2897
24170.73,68.85,9.2898
24171.73,76.46,9.2948
24172.73,75.99,9.2959
24173.74,75.73,9.2962
24174.74,79.25,9.2971
24175.74,70.7,9.2973
24176.74,39.86,9.2973
24177.74,44.9,9.2973
24178.74,54.69,9.2973
24179.75,37.01,9.298
24180.75,42.63,9.298
24181.75,31.81,9.2981
24182.75,53.98,9.7395
24183.75,99.58,10.6179
24184.75,100.2,11.3057
24185.75,99.9,11.9842
24186.76,85.1,12.4064
24187.76,28.46,12.4546
24188.76,29.58,12.4546
24189.76,32.41,12.4546
24190.76,26.08,12.4546
24191.76,39.71,12.4546
24192.77,27.43,12.4546
24193.77,27.88,12.4546
24194.77,35.55,12.4546
24195.77,28.43,12.4546
24196.77,32.15,12.4546
24197.77,25.35,12.4546
24198.78,25.38,12.4546
24199.78,25.89,12.4546
24200.78,25.27,12.4546
24201.78,25.59,12.4546
24202.78,37.58,12.4546
24203.78,26.49,12.4547
24204.79,25.3,12.4548
24205.79,52.61,12.4548
24206.79,27.92,12.4548
24207.79,28.81,12.4548
24208.79,34.25,12.4548
24209.79,27.09,12.4548
24210.79,27.0,12.4548
24211.8,25.25,12.4548
24212.8,26.2,12.4549
24213.8,25.35,12.4549
24214.8,26.4,12.4549
24215.8,25.19,12.4549
24216.8,25.19,12.4549
24217.81,25.32,12.4549
24218.81,25.15,12.4549
24219.81,25.42,12.4549
24220.81,25.26,12.4549
24221.81,26.26,12.4549
24222.81,25.35,12.4549
24223.82,25.53,12.4549
24224.82,25.45,12.4549
24225.82,25.2,12.4549
24226.82,25.3,12.4549
24227.82,28.27,12.4549
24228.82,25.19,12.4549
24229.83,25.3,12.4549
24230.83,26.59,12.4549
24231.83,27.93,12.4549
24232.83,33.05,12.4549
24233.83,26.75,12.4549
24234.83,25.46,12.4549
24235.84,25.23,12.4549
24236.84,25.34,12.4549
24237.84,25.26,12.4549
24238.84,25.7,12.4549
24239.84,25.2,12.4549
24240.84,26.1,12.4549
24241.85,26.08,12.4549
24242.85,25.65,12.455
24243.85,25.27,12.455
24244.85,25.19,12.455
24245.85,25.33,12.455
24246.86,25.3,12.455
24247.86,25.21,12.455
24248.86,25.29,12.455
24249.86,25.57,12.455
24250.86,25.37,12.455
24251.86,25.2,12.455
24252.86,25.23,12.455
24253.87,73.23,12.4758
24254.87,99.91,12.5709
24255.87,38.82,12.5709
24256.87,26.07,12.5709
24257.87,25.23,12.5709
24258.87,25.22,12.5709
24259.88,25.16,12.5709
24260.88,25.3,12.5709
24261.88,25.66,12.5709
24262.88,25.33,12.5709
24263.88,25.28,12.5709
24264.88,25.32,12.5709
24265.89,25.3,12.5709
24266.89,25.2,12.5709
24267.89,64.16,12.5709
24268.89,67.55,12.5712
24269.89,45.1,12.5712
24270.89,35.2,12.5712
24271.89,38.4,12.5712
24272.9,27.64,12.5714
24273.9,25.3,12.5714
24274.9,29.25,12.5714
24275.9,99.97,12.581
24276.9,51.87,12.5861
24277.9,25.3,12.5861
24278.91,25.44,12.5861
24279.91,49.3,12.5861
24280.91,25.13,12.5861
24281.91,25.21,12.5861
24282.91,25.18,12.5861
24283.91,25.15,12.5861
24284.91,25.29,12.5861
24285.92,80.7,12.5864
24286.92,73.23,12.5866
24287.92,25.2,12.5866
24288.92,25.19,12.5866
24289.92,25.23,12.5866
24290.92,25.16,12.5866
24291.93,25.26,12.5866
24292.93,25.18,12.5866
24293.93,25.18,12.5866
24294.93,25.23,12.5866
24295.93,60.96,12.5868
24296.93,92.33,12.5869
24297.93,25.2,12.5869
24298.94,25.19,12.5869
24299.94,25.37,12.5869
24300.94,54.03,12.8995
24301.94,99.95,13.3161
24302.94,47.45,13.3162
24303.94,25.14,13.3162
24304.95,25.29,13.3162
24305.95,34.64,13.3717
24306.95,30.19,13.4169
24307.95,25.19,13.4169
24308.95,25.27,13.4169
24309.95,28.78,13.4171
24310.96,25.13,13.4171
24311.96,25.37,13.4171
24312.96,25.79,13.4173
24313.96,28.89,13.4174
24314.96,25.6,13.4176
24315.96,25.19,13.4176
24316.97,25.29,13.4176
24317.97,29.54,13.4176
24318.97,25.29,13.4176
24319.97,25.18,13.4176
24320.97,25.29,13.4176
24321.97,29.88,13.4176
24322.97,25.22,13.4176
24323.98,25.19,13.4176
24324.98,25.37,13.4176
24325.98,30.13,13.4176
24326.98,25.13,13.4176
24327.98,25.24,13.4176
24328.99,29.57,13.4176
24329.99,25.14,13.4175
24330.99,25.23,13.4175
24331.99,25.23,13.4175
24332.99,31.2,13.4179
24333.99,25.87,13.4179
24335.0,25.13,13.4179
24336.0,27.14,13.4179
24337.0,27.22,13.4179
24338.0,25.2,13.4179
24339.0,25.28,13.4179
24340.0,28.87,13.4179
24341.01,25.18,13.4179
24342.01,25.28,13.4179
24343.01,25.21,13.4179
24344.01,28.94,13.4179
24345.01,25.19,13.4179
24346.01,25.19,13.4179
24347.01,27.02,13.4179
24348.01,27.26,13.418
24349.02,25.18,13.418
24350.02,25.29,13.418
24351.02,27.81,13.418
24352.02,26.18,13.418
24353.02,25.31,13.4181
24354.02,25.19,13.4181
24355.03,25.28,13.4181
24356.03,28.84,13.4181
24357.03,25.22,13.4181
24358.03,25.13,13.4181
24359.03,25.13,13.4181
24360.03,28.92,13.4181
24361.04,25.14,13.418
24362.04,25.27,13.418
24363.04,25.21,13.4181
24364.04,25.18,13.4181
24365.04,28.92,13.4182
24366.04,25.18,13.4182
24367.05,25.29,13.4181
24368.05,25.2,13.4183
24369.05,25.18,13.4183
24370.05,25.29,13.4182
24371.05,28.88,13.4182
24372.05,25.18,13.4182
24373.05,25.3,13.4183
24374.06,25.16,13.4183
24375.06,25.26,13.4183
24376.06,29.13,13.4184
24377.06,25.19,13.4183
24378.06,25.31,13.4183
24379.06,25.2,13.4183
24380.07,25.2,13.4181
24381.07,25.29,13.4181
24382.07,30.51,13.4183
24383.07,25.33,13.4184
24384.07,25.2,13.4183
24385.07,25.3,13.4184
24386.07,25.2,13.4184
24387.08,25.19,13.4184
24388.08,25.3,13.4184
24389.08,25.19,13.4184
24390.08,30.78,13.4185
24391.08,25.19,13.4186
24392.08,25.19,13.4186
24393.09,25.32,13.4185
24394.09,25.2,13.4186
24395.09,25.31,13.4185
24396.09,29.78,13.4186
24397.09,25.19,13.4186
24398.09,25.3,13.4188
24399.1,25.19,13.4186
24400.1,25.3,13.4186
24401.1,25.19,13.4186
24402.1,25.19,13.4188
24403.1,28.97,13.4188
24404.1,25.2,13.4188
24405.11,25.3,13.4187
24406.11,25.18,13.4187
24407.11,25.19,13.4187
24408.11,25.31,13.4187
24409.11,25.2,13.4187
24410.11,26.38,13.4187
24411.11,27.68,13.4187
24412.12,25.18,13.4187
24413.12,25.25,13.4188
24414.12,25.16,13.4188
24415.12,25.13,13.4188
24416.12,25.23,13.4188
24417.12,25.13,13.4188
24418.13,28.95,13.4188
24419.13,25.21,13.4188
24420.13,25.2,13.4188
24421.13,25.3,13.4188
24422.13,25.2,13.4188
24423.13,25.33,13.4188
24424.14,25.21,13.4188
24425.14,25.21,13.4188
24426.14,25.39,13.4189
24427.14,28.82,13.4189
24428.14,25.32,13.4189
24429.14,25.2,13.4189
24430.15,25.21,13.4189
24431.15,25.3,13.4189
24432.15,25.2,13.4189
24433.15,25.33,13.419
24434.15,25.2,13.419
24435.15,28.9,13.4192
24436.15,25.19,13.4192
24437.16,25.2,13.4192
24438.16,25.32,13.4192
24439.16,25.21,13.4192
24440.16,25.29,13.4192
24441.16,25.2,13.4192
24442.16,25.21,13.4192
24443.17,30.58,13.4192
24444.17,25.19,13.4192
24445.17,25.21,13.4192
24446.17,25.31,13.4192
24447.17,25.2,13.4192
24448.17,25.32,13.4192
24449.17,25.2,13.4192
24450.18,25.15,13.4192
24451.18,25.23,13.4192
24452.18,30.97,13.4193
24453.18,25.32,13.4193
24454.18,25.2,13.4193
24455.18,25.2,13.4193
24456.19,25.3,13.4193
24457.19,25.21,13.4193
24458.19,25.32,13.4193
24459.19,25.2,13.4193
24460.19,29.95,13.4194
24461.19,25.3,13.4194
24462.19,25.22,13.4194
24463.2,25.23,13.4195
24464.2,25.3,13.4195
24465.2,25.21,13.4195
24466.2,25.31,13.4195
24467.2,25.21,13.4195
24468.2,25.24,13.4195
24469.21,28.92,13.4196
24470.21,25.19,13.4196
24471.21,25.19,13.4196
24472.21,25.3,13.4196
24473.21,25.23,13.4196
24474.21,25.3,13.4196
24475.22,25.2,13.4196
24476.22,25.2,13.4196
24477.22,25.3,13.4196
24478.22,28.88,13.4196
24479.22,25.27,13.4196
24480.22,25.16,13.4196
24481.22,25.2,13.4196
24482.23,25.31,13.4196
24483.23,25.23,13.4198
24484.23,25.2,13.4198
24485.23,25.29,13.4198
24486.23,25.19,13.4198
24487.23,25.29,13.4198
24488.23,28.94,13.4198
24489.24,25.17,13.4198
24490.24,25.28,13.4198
24491.24,25.16,13.4198
24492.24,25.26,13.4198
24493.24,25.22,13.4198
24494.24,29.84,13.4198
24495.25,25.32,13.4198
24496.25,25.23,13.4198
24497.25,25.19,13.4198
24498.25,28.98,13.4199
24499.25,25.16,13.4199
24500.25,25.18,13.4199
24501.25,25.28,13.4199
24502.26,25.18,13.4199
24503.26,25.25,13.4199
24504.26,25.16,13.4199
24505.26,25.18,13.4199
24506.26,25.29,13.4199
24507.26,29.78,13.4199
24508.27,25.3,13.4199
24509.27,25.19,13.4199
24510.27,25.18,13.4199
24511.27,25.29,13.4199
24512.27,25.19,13.4199
24513.27,25.33,13.42
24514.27,25.18,13.42
24515.28,25.18,13.42
24516.28,25.32,13.42
24517.28,31.28,13.4201
24518.28,25.21,13.4201
24519.28,25.32,13.4201
24520.28,25.2,13.4201
24521.28,25.19,13.4201
24522.29,25.31,13.4201
24523.29,25.24,13.4201
24524.29,25.19,13.4201
24525.29,25.3,13.4201
24526.29,25.2,13.4203
24527.29,30.14,13.4205
24528.29,25.3,13.4205
24529.3,25.14,13.4205
24530.3,25.22,13.4205
24531.3,25.12,13.4205
24532.3,25.12,13.4205
24533.3,25.29,13.4205
24534.3,25.2,13.4205
24535.3,25.2,13.4205
24536.31,25.29,13.4205
24537.31,28.92,13.4206
24538.31,25.27,13.4206
24539.31,25.13,13.4206
24540.31,25.23,13.4206
24541.31,25.13,13.4206
24542.32,25.13,13.4206
24543.32,25.28,13.4206
24544.32,25.17,13.4206
24545.32,25.23,13.4206
24546.32,25.22,13.4206
24547.32,25.21,13.4206
24548.33,29.01,13.4206
24549.33,25.21,13.4206
24550.33,25.32,13.4206
24551.33,25.21,13.4206
24552.33,25.32,13.4206
24553.33,25.24,13.4206
24554.34,25.21,13.4206
24555.34,25.32,13.4206
24556.34,25.2,13.4206
24557.34,25.21,13.4206
24558.34,25.33,13.4206
24559.34,28.97,13.4207
24560.34,25.19,13.4207
24561.35,25.3,13.4207
24562.35,25.12,13.4207
24563.35,25.25,13.4207
24564.35,25.18,13.4207
24565.35,25.21,13.4207
24566.35,25.31,13.4207
24567.36,25.21,13.4207
24568.36,25.33,13.4207
24569.36,25.18,13.4207
24570.36,29.4,13.4209
24571.36,25.32,13.4209
24572.36,25.21,13.4209
24573.37,25.34,13.4209
24574.37,25.2,13.4209
24575.37,25.3,13.4209
24576.37,25.21,13.4209
24577.37,25.2,13.4209
24578.37,25.32,13.4209
24579.38,25.21,13.4209
24580.38,25.31,13.4209
24581.38,31.65,13.4209
24582.38,25.3,13.4209
24583.38,25.23,13.421
24584.38,25.19,13.421
24585.39,25.31,13.421
24586.39,25.22,13.421
24587.39,25.33,13.421
24588.39,25.22,13.421
24589.39,25.3,13.421
24590.39,25.22,13.421
24591.4,25.22,13.421
24592.4,30.7,13.4211
24593.4,25.24,13.4211
24594.4,25.3,13.4211
24595.4,25.2,13.4211
24596.4,25.21,13.4211
24597.41,25.35,13.4211
24598.41,25.21,13.4211
24599.41,25.29,13.4211
24600.41,25.23,13.4211
24601.41,25.21,13.4211
24602.41,29.09,13.4211
24603.41,25.23,13.4211
24604.42,25.3,13.4211
24605.42,25.19,13.4211
24606.42,25.17,13.4211
24607.42,25.28,13.4211
24608.42,25.18,13.4211
24609.43,25.31,13.4211
24610.43,25.22,13.4211
24611.43,25.21,13.4211
24612.43,25.33,13.4211
24613.43,29.09,13.4213
24614.43,25.29,13.4213
24615.43,25.19,13.4213
24616.44,25.2,13.4213
24617.44,25.33,13.4213
24618.44,25.21,13.4213
24619.44,25.18,13.4213
24620.44,25.33,13.4213
24621.44,25.21,13.4213
24622.44,25.22,13.4213
24623.45,25.35,13.4213
24624.45,25.24,13.4213
24625.45,29.0,13.4213
24626.45,25.21,13.4213
24627.45,25.32,13.4213
24628.46,25.22,13.4213
24629.46,25.27,13.4213
24630.46,25.2,13.4213
24631.46,25.23,13.4213
24632.46,25.33,13.4213
24633.46,25.23,13.4215
24634.47,25.26,13.4215
24635.47,25.2,13.4215
24636.47,29.02,13.4216
24637.47,25.31,13.4216
24638.47,25.22,13.4216
24639.47,25.27,13.4216
24640.48,25.15,13.4216
24641.48,25.23,13.4216
24642.48,25.32,13.4216
24643.48,25.21,13.4216
24644.48,25.28,13.4216
24645.48,25.18,13.4216
24646.48,31.39,13.4216
24647.49,25.32,13.4216
24648.49,25.22,13.4216
24649.49,25.28,13.4216
24650.49,25.18,13.4216
24651.49,25.21,13.4216
24652.49,25.33,13.4216
24653.49,25.23,13.4216
24654.5,25.27,13.4216
24655.5,25.21,13.4216
24656.5,25.19,13.4216
24657.5,31.27,13.422
24658.5,25.19,13.422
24659.51,25.29,13.422
24660.51,25.21,13.422
24661.51,25.21,13.422
24662.51,25.34,13.422
24663.51,25.24,13.4221
24664.51,25.28,13.4221
24665.52,25.21,13.4221
24666.52,25.21,13.4221
24667.52,29.24,13.4222
24668.52,25.19,13.4222
24669.52,25.19,13.4222
24670.52,25.14,13.4222
24671.53,25.24,13.4222
24672.53,25.14,13.4222
24673.53,25.25,13.4222
24674.53,25.11,13.4222
24675.53,25.13,13.4222
24676.53,25.24,13.4222
24677.54,25.19,13.4222
24678.54,28.99,13.4222
24679.54,25.3,13.4222
24680.54,25.17,13.4222
24681.54,25.26,13.4222
24682.54,25.2,13.4222
24683.54,25.22,13.4222
24684.55,25.31,13.4222
24685.55,25.2,13.4222
24686.55,25.31,13.4221
24687.55,25.22,13.4221
24688.55,25.21,13.4221
24689.55,29.07,13.4221
24690.56,25.21,13.4221
24691.56,25.31,13.4221
24692.56,25.21,13.4221
24693.56,25.21,13.4223
24694.56,25.27,13.4223
24695.56,25.2,13.4223
24696.57,25.32,13.4223
24697.57,25.2,13.4223
24698.57,25.16,13.4223
24699.57,25.31,13.4223
24700.57,28.97,13.4225
24701.57,25.21,13.4225
24702.57,25.31,13.4225
24703.57,25.25,13.4225
24704.58,25.2,13.4225
24705.58,25.17,13.4225
24706.58,25.3,13.4225
24707.58,25.1,13.4224
24708.58,25.09,13.4224
24709.59,25.23,13.4224
24710.59,25.19,13.4224
24711.59,30.49,13.4227
24712.59,25.19,13.4227
24713.59,25.23,13.4227
24714.6,25.25,13.4227
24715.6,25.29,13.4227
24716.6,25.2,13.4227
24717.6,25.2,13.4227
24718.6,25.29,13.4227
24719.6,25.16,13.4227
24720.61,25.29,13.4227
24721.61,25.19,13.4227
24722.61,31.65,13.4228
24723.61,25.32,13.4228
24724.61,25.19,13.4228
24725.61,25.28,13.4228
24726.62,25.17,13.4228
24727.62,25.19,13.4228
24728.62,25.29,13.4228
24729.62,25.17,13.4228
24730.62,25.28,13.4228
24731.62,25.2,13.4228
24732.62,29.18,13.4229
24733.63,25.27,13.4229
24734.63,25.12,13.4229
24735.63,25.23,13.4229
24736.63,25.12,13.4229
24737.63,25.17,13.4229
24738.63,25.3,13.4229
24739.64,25.22,13.4229
24740.64,25.19,13.4229
24741.64,25.29,13.4229
24742.64,25.19,13.4229
24743.64,28.85,13.423
24744.65,25.3,13.423
24745.65,25.19,13.423
24746.65,25.18,13.423
24747.65,25.22,13.423
24748.65,25.12,13.423
24749.65,25.21,13.423
24750.66,25.12,13.423
24751.66,25.13,13.423
24752.66,25.23,13.423
24753.66,25.19,13.423
24754.66,25.27,13.423
24755.66,28.94,13.4232
24756.66,25.17,13.4232
24757.67,25.28,13.4232
24758.67,25.14,13.4232
24759.67,25.13,13.4232
24760.67,25.22,13.4232
24761.67,25.12,13.4232
24762.67,25.26,13.4232
24763.67,25.13,13.4232
24764.68,25.11,13.4232
24765.68,25.22,13.4232
24766.68,28.89,13.4232
24767.68,25.31,13.4232
24768.68,25.2,13.4232
24769.68,25.17,13.4232
24770.69,25.29,13.4232
24771.69,25.2,13.4232
24772.69,25.32,13.4233
24773.69,25.19,13.4233
24774.69,25.16,13.4233
24775.69,25.26,13.4233
24776.7,25.17,13.4233
24777.7,30.01,13.4233
24778.7,25.17,13.4233
24779.7,25.16,13.4233
24780.7,25.27,13.4233
24781.7,25.19,13.4233
24782.71,25.32,13.4233
24783.71,25.19,13.4233
24784.71,25.16,13.4233
24785.71,25.26,13.4233
24786.71,25.16,13.4233
24787.71,27.43,13.4233
24788.71,29.5,13.4234
24789.72,25.19,13.4235
24790.72,25.29,13.4235
24791.72,25.16,13.4235
24792.72,25.26,13.4235
24793.72,25.17,13.4235
24794.72,25.18,13.4235
24795.73,25.28,13.4235
24796.73,25.19,13.4235
24797.73,25.19,13.4235
24798.73,29.48,13.4236
24799.73,25.18,13.4236
24800.73,25.28,13.4236
24801.74,25.17,13.4236
24802.74,25.21,13.4238
24803.74,25.23,13.4238
24804.74,25.13,13.4238
24805.74,25.27,13.4238
24806.74,25.17,13.4238
24807.74,25.18,13.4238
24808.75,25.27,13.4238
24809.75,28.94,13.4238
24810.75,25.17,13.4238
24811.75,25.18,13.4238
24812.75,25.26,13.4238
24813.76,25.13,13.4238
24814.76,25.24,13.4238
24815.76,25.19,13.4238
24816.76,25.19,13.4238
24817.76,25.25,13.4238
24818.76,25.12,13.4238
24819.77,25.24,13.4238
24820.77,25.18,13.4238
24821.77,28.86,13.4238
24822.77,25.3,13.4238
24823.77,25.11,13.4238
24824.77,25.22,13.4238
24825.77,25.14,13.4238
24826.78,25.18,13.4238
24827.78,25.3,13.4238
24828.78,25.19,13.4238
24829.78,25.28,13.4238
24830.78,25.19,13.4238
24831.78,25.19,13.4238
24832.79,25.31,13.4239
24833.79,28.75,13.4241
24834.79,25.26,13.4241
24835.79,25.16,13.4241
24836.79,25.16,13.4241
24837.79,25.29,13.4241
24838.79,25.16,13.4241
24839.8,25.15,13.4241
24840.8,25.27,13.4242
24841.8,25.15,13.4242
24842.8,25.2,13.4242
24843.8,25.31,13.4242
24844.8,30.19,13.4244
24845.8,25.19,13.4244
24846.81,25.3,13.4244
24847.81,25.14,13.4244
24848.81,25.13,13.4244
24849.81,25.3,13.4244
24850.81,25.14,13.4243
24851.81,25.15,13.4243
24852.81,25.15,13.4243
24853.81,25.29,13.4243
24854.82,25.17,13.4243
24855.82,31.81,13.4244
24856.82,25.29,13.4244
24857.82,25.19,13.4244
24858.82,25.18,13.4244
24859.83,25.3,13.4244
24860.83,25.18,13.4244
24861.83,25.21,13.4244
24862.83,25.31,13.4245
24863.83,25.19,13.4245
24864.83,25.19,13.4245
24865.83,29.63,13.4246
24866.83,25.18,13.4246
24867.84,25.2,13.4246
24868.84,25.29,13.4246
24869.84,25.17,13.4246
24870.84,25.3,13.4246
24871.84,25.19,13.4246
24872.84,25.21,13.4246
24873.85,25.28,13.4246
24874.85,25.15,13.4246
24875.85,25.26,13.4246
24876.85,28.9,13.4248
24877.85,25.16,13.4248
24878.85,25.29,13.4248
24879.85,25.16,13.4248
24880.86,25.16,13.4248
24881.86,25.28,13.4248
24882.86,25.19,13.4249
24883.86,25.18,13.4249
24884.86,25.28,13.4249
24885.86,25.16,13.4249
24886.86,25.14,13.4249
24887.87,29.05,13.4249
24888.87,25.17,13.4249
24889.87,25.25,13.4249
24890.87,25.18,13.4249
24891.87,25.28,13.4249
24892.87,25.2,13.4249
24893.88,25.19,13.4249
24894.88,25.25,13.4249
24895.88,25.18,13.4249
24896.88,25.29,13.4249
24897.88,25.2,13.4249
24898.88,25.15,13.4249
24899.89,28.88,13.4251
24900.89,25.18,13.4251
24901.89,25.29,13.4251
24902.89,25.21,13.4251
24903.89,25.28,13.4251
24904.9,25.17,13.4251
24905.9,25.18,13.4251
24906.9,25.29,13.4251
24907.9,25.19,13.4251
24908.9,25.28,13.4251
24909.9,25.19,13.4251
24910.9,29.84,13.4252
24911.91,25.27,13.4252
24912.91,25.19,13.4252
24913.91,25.26,13.4252
24914.91,25.18,13.4252
24915.91,25.19,13.4252
24916.91,25.29,13.4252
24917.92,25.2,13.4252
24918.92,25.29,13.4252
24919.92,25.17,13.4252
24920.92,25.15,13.4252
24921.92,25.26,13.4252
24922.92,31.54,13.4254
24923.93,25.24,13.4254
24924.93,25.18,13.4254
24925.93,25.2,13.4254
24926.93,25.29,13.4254
24927.93,25.19,13.4254
24928.93,25.16,13.4254
24929.93,25.27,13.4254
24930.94,25.19,13.4254
24931.94,25.29,13.4254
24932.94,29.68,13.4254
24933.94,25.38,13.4255
24934.94,25.26,13.4255
24935.94,25.18,13.4255
24936.95,25.29,13.4255
24937.95,25.2,13.4255
24938.95,25.29,13.4255
24939.95,25.18,13.4255
24940.95,25.2,13.4255
24941.95,25.29,13.4255
24942.96,25.22,13.4255
24943.96,29.06,13.4255
24944.96,25.17,13.4255
24945.96,25.18,13.4255
24946.96,25.28,13.4255
24947.96,25.2,13.4255
24948.97,25.29,13.4255
24949.97,25.18,13.4255
24950.97,25.19,13.4255
24951.97,25.29,13.4255
24952.97,25.21,13.4256
24953.97,25.29,13.4256
24954.98,27.59,13.4256
24955.98,26.5,13.4257
24956.98,25.29,13.4257
24957.98,25.21,13.4257
24958.98,25.3,13.4257
24959.98,25.18,13.4257
24960.98,25.19,13.4257
24961.99,25.29,13.4257
24962.99,25.22,13.4257
24963.99,25.29,13.4257
24964.99,25.19,13.4257
24965.99,25.18,13.4257
24966.99,28.87,13.4259
24968.0,25.2,13.4259
24969.0,25.29,13.4259
24970.0,25.17,13.4259
24971.0,25.2,13.4259
24972.0,25.29,13.4259
24973.0,25.15,13.4259
24974.0,25.13,13.4259
24975.01,25.2,13.4259
24976.01,25.22,13.4259
24977.01,25.16,13.4259
24978.01,29.75,13.4261
24979.01,25.29,13.4261
24980.02,25.16,13.4261
24981.02,25.16,13.4261
24982.02,25.27,13.4261
24983.02,25.19,13.4261
24984.02,25.27,13.4261
24985.02,25.19,13.4261
24986.03,25.2,13.4261
24987.03,25.3,13.4261
24988.03,25.21,13.4261
24989.03,25.3,13.4261
24990.03,31.56,13.4261
24991.03,25.29,13.4261
24992.03,25.2,13.4261
24993.04,25.22,13.4262
24994.04,25.29,13.4262
24995.04,25.19,13.4262
24996.04,25.29,13.4262
24997.04,25.19,13.4262
24998.04,25.21,13.4262
24999.05,25.29,13.4262
25000.05,29.82,13.4262
25001.05,25.29,13.4262
25002.05,25.19,13.4262
25003.05,25.22,13.4262
25004.05,25.29,13.4262
25005.06,25.16,13.4262
25006.06,25.28,13.4262
25007.06,25.18,13.4262
25008.06,25.17,13.4262
25009.06,25.29,13.4262
25010.06,25.18,13.4262
25011.07,28.94,13.4263
25012.07,25.17,13.4263
25013.07,25.2,13.4265
25014.07,25.28,13.4265
25015.07,25.18,13.4265
25016.07,25.29,13.4265
25017.07,25.19,13.4265
25018.08,25.19,13.4265
25019.08,25.28,13.4265
25020.08,25.17,13.4265
25021.08,25.29,13.4265
25022.08,28.89,13.4265
25023.08,25.21,13.4265
25024.09,25.29,13.4265
25025.09,25.19,13.4265
25026.09,25.29,13.4265
25027.09,25.19,13.4265
25028.09,25.2,13.4265
25029.09,25.31,13.4265
25030.09,25.19,13.4265
25031.1,25.18,13.4265
25032.1,25.29,13.4265
25033.1,25.21,13.4265
25034.1,28.98,13.4265
25035.1,25.17,13.4265
25036.1,25.18,13.4265
25037.11,25.28,13.4265
25038.11,25.19,13.4266
25039.11,25.29,13.4266
25040.11,25.18,13.4266
25041.11,25.2,13.4267
25042.11,25.29,13.4267
25043.12,25.21,13.4267
25044.12,25.18,13.4267
25045.12,29.7,13.4268
25046.12,25.19,13.4268
25047.12,25.29,13.4268
25048.12,25.2,13.4268
25049.12,25.19,13.4268
25050.13,25.28,13.4268
25051.13,25.19,13.4268
25052.13,25.28,13.4268
25053.13,25.21,13.4268
25054.13,25.13,13.4268
25055.13,25.27,13.4268
25056.14,31.64,13.4268
25057.14,25.28,13.4268
25058.14,25.2,13.4268
25059.14,25.18,13.4268
25060.14,25.28,13.4268
25061.14,25.18,13.4268
25062.15,25.28,13.4268
25063.15,25.21,13.4269
25064.15,25.18,13.4269
25065.15,25.28,13.4269
25066.15,25.18,13.4269
25067.15,30.26,13.4269
25068.15,25.14,13.4269
25069.16,25.14,13.4269
25070.16,25.28,13.4269
25071.16,25.15,13.4269
25072.16,25.22,13.4269
25073.16,25.15,13.4269
25074.16,25.12,13.4269
25075.17,25.22,13.4269
25076.17,25.12,13.4269
25077.17,25.28,13.4269
25078.17,28.85,13.4271
25079.17,25.14,13.4271
25080.18,25.18,13.4271
25081.18,25.24,13.4271
25082.18,25.13,13.4271
25083.18,25.16,13.4272
25084.18,25.23,13.4272
25085.18,25.13,13.4272
25086.19,25.23,13.4272
25087.19,25.13,13.4272
25088.19,25.24,13.4272
25089.19,28.75,13.4272
25090.19,25.2,13.4273
25091.19,25.29,13.4273
25092.2,25.18,13.4273
25093.2,25.16,13.4273
25094.2,25.28,13.4273
25095.2,25.19,13.4273
25096.2,25.29,13.4273
25097.2,25.18,13.4273
25098.21,25.19,13.4273
25099.21,25.28,13.4273
25100.21,25.18,13.4273
25101.21,28.93,13.4278
25102.21,25.19,13.4278
25103.21,25.21,13.4279
25104.21,25.29,13.4279
25105.22,25.18,13.4279
25106.22,25.31,13.4279
25107.22,25.2,13.4279
25108.22,25.2,13.4279
25109.22,25.15,13.4279
25110.22,25.25,13.4279
25111.22,25.15,13.4279
25112.22,29.53,13.4279
25113.23,25.28,13.4279
25114.23,25.18,13.4279
25115.23,25.25,13.4279
25116.23,25.18,13.4279
25117.23,25.28,13.4279
25118.24,25.14,13.4279
25119.24,25.13,13.4279
25120.24,25.26,13.4279
25121.24,25.14,13.4279
25122.24,25.23,13.4279
25123.24,31.66,13.4281
25124.24,25.18,13.4281
25125.25,25.26,13.4281
25126.25,25.13,13.4281
25127.25,25.27,13.4281
25128.25,25.21,13.4281
25129.25,25.3,13.4281
25130.25,25.2,13.4281
25131.26,25.2,13.4281
25132.26,25.3,13.4281
25133.26,25.22,13.4281
25134.26,30.33,13.4283
25135.26,25.19,13.4283
25136.26,25.19,13.4283
25137.27,25.27,13.4283
25138.27,25.14,13.4283
25139.27,25.23,13.4283
25140.27,25.13,13.4283
25141.27,25.13,13.4283
25142.27,25.23,13.4283
25143.28,25.16,13.4283
25144.28,28.89,13.4283
25145.28,25.19,13.4283
25146.28,25.19,13.4283
25147.28,25.26,13.4283
25148.28,25.21,13.4283
25149.28,25.19,13.4283
25150.29,25.26,13.4283
25151.29,25.2,13.4283
25152.29,25.19,13.4283
25153.29,25.33,13.4284
25154.29,25.2,13.4284
25155.29,25.3,13.4284
25156.3,28.85,13.4284
25157.3,25.18,13.4284
25158.3,25.3,13.4284
25159.3,25.19,13.4284
25160.3,25.23,13.4284
25161.3,25.19,13.4284
25162.3,25.18,13.4284
25163.31,25.31,13.4284
25164.31,25.18,13.4284
25165.31,25.13,13.4284
25166.31,26.07,13.4284
25167.31,28.09,13.4286
25168.31,25.28,13.4286
25169.32,25.18,13.4286
25170.32,25.19,13.4286
25171.32,25.28,13.4286
25172.32,25.16,13.4286
25173.32,25.34,13.4286
25174.32,25.19,13.4286
25175.32,25.18,13.4286
25176.33,25.29,13.4286
25177.33,25.18,13.4286
25178.33,29.31,13.4287
25179.33,25.18,13.4287
25180.33,25.21,13.4287
25181.33,25.28,13.4287
25182.33,25.18,13.4287
25183.34,25.21,13.4289
25184.34,25.3,13.4289
25185.34,25.18,13.4289
25186.34,25.19,13.4289
25187.34,25.3,13.4289
25188.34,25.22,13.4289
25189.34,31.49,13.4289
25190.34,25.19,13.4289
25191.35,25.28,13.4289
25192.35,25.18,13.4289
25193.35,25.22,13.4289
25194.35,25.25,13.4289
25195.35,25.13,13.4289
25196.35,25.23,13.4289
25197.35,25.21,13.4289
25198.36,25.19,13.4289
25199.36,25.23,13.4289
25200.36,30.46,13.429
25201.36,25.18,13.429
25202.36,25.28,13.429
25203.36,25.62,13.429
25204.37,25.27,13.429
25205.37,25.18,13.429
25206.37,25.19,13.429
25207.37,25.31,13.429
25208.37,25.2,13.429
25209.37,25.19,13.429
25210.37,25.31,13.429
25211.37,28.91,13.429
25212.38,25.18,13.429
25213.38,25.33,13.429
25214.38,25.18,13.429
25215.38,25.17,13.429
25216.38,25.3,13.429
25217.38,25.19,13.429
25218.38,25.18,13.4291
25219.39,25.3,13.4291
25220.39,25.18,13.4291
25221.39,25.14,13.4291
25222.39,25.31,13.4291
25223.39,28.82,13.4292
25224.39,25.17,13.4292
25225.39,25.27,13.4292
25226.4,25.18,13.4292
25227.4,25.29,13.4292
25228.4,25.19,13.4292
25229.4,25.15,13.4292
25230.4,25.29,13.4292
25231.4,25.19,13.4292
25232.4,25.19,13.4292
25233.41,25.32,13.4292
25234.41,25.19,13.4292
25235.41,28.9,13.4293
25236.41,25.29,13.4293
25237.41,25.19,13.4293
25238.41,25.29,13.4293
25239.41,25.19,13.4293
25240.42,25.19,13.4293
25241.42,25.29,13.4293
25242.42,25.19,13.4293
25243.42,25.21,13.4295
25244.42,25.28,13.4295
25245.42,25.16,13.4295
25246.43,29.32,13.4296
25247.43,25.13,13.4296
25248.43,25.12,13.4296
25249.43,25.23,13.4296
25250.43,25.13,13.4296
25251.43,25.24,13.4296
25252.43,25.19,13.4296
25253.44,25.15,13.4296
25254.44,25.23,13.4296
25255.44,25.12,13.4296
25256.44,25.23,13.4296
25257.44,31.71,13.4296
25258.44,25.18,13.4296
25259.45,25.28,13.4296
25260.45,25.17,13.4296
25261.45,25.26,13.4296
25262.45,25.17,13.4296
25263.45,25.2,13.4296
25264.45,25.29,13.4296
25265.46,25.17,13.4296
25266.46,25.16,13.4296
25267.46,25.29,13.4296
25268.46,30.47,13.4296
25269.46,25.24,13.4296
25270.46,25.13,13.4296
25271.46,25.19,13.4296
25272.47,25.29,13.4296
25273.47,25.2,13.4297
25274.47,25.29,13.4297
25275.47,25.18,13.4297
25276.47,25.19,13.4297
25277.47,25.32,13.4297
25278.47,25.19,13.4297
25279.48,25.19,13.4297
25280.48,28.86,13.4298
25281.48,25.19,13.4298
25282.48,25.19,13.4298
25283.48,25.3,13.43
25284.48,25.19,13.43
25285.49,25.28,13.43
25286.49,25.19,13.43
25287.49,25.2,13.43
25288.49,25.29,13.43
25289.49,25.18,13.43
25290.49,25.3,13.43
25291.49,28.93,13.43
25292.5,25.19,13.43
25293.5,25.3,13.43
25294.5,25.19,13.43
25295.5,25.28,13.43
25296.5,25.19,13.43
25297.5,25.2,13.43
25298.51,25.29,13.43
25299.51,25.2,13.43
25300.51,25.29,13.43
25301.51,25.16,13.43
25302.51,25.19,13.43
25303.51,28.87,13.4301
25304.51,25.15,13.4301
25305.52,25.17,13.4301
25306.52,25.28,13.4301
25307.52,25.2,13.4301
25308.52,25.29,13.4301
25309.52,25.19,13.4301
25310.52,25.19,13.4301
25311.53,25.23,13.4301
25312.53,25.29,13.4302
25313.53,25.2,13.4303
25314.53,29.59,13.4303
25315.53,25.28,13.4303
25316.54,25.14,13.4303
25317.54,25.28,13.4303
25318.54,25.19,13.4303
25319.54,25.19,13.4303
25320.54,25.28,13.4303
25321.54,25.17,13.4303
25322.55,25.31,13.4303
25323.55,25.18,13.4303
25324.55,25.18,13.4303
25325.55,25.28,13.4303
25326.55,31.52,13.4303
25327.55,25.28,13.4303
25328.56,25.19,13.4303
25329.56,25.29,13.4303
25330.56,25.11,13.4303
25331.56,25.1,13.4303
25332.56,25.28,13.4303
25333.56,25.21,13.4304
25334.57,25.29,13.4304
25335.57,25.19,13.4304
25336.57,25.26,13.4304
25337.57,30.12,13.4304
25338.57,25.16,13.4304
25339.57,25.26,13.4304
25340.58,25.17,13.4304
25341.58,25.19,13.4304
25342.58,25.27,13.4304
25343.58,25.16,13.4304
25344.58,25.13,13.4304
25345.58,25.25,13.4304
25346.59,25.22,13.4304
25347.59,25.19,13.4304
25348.59,28.97,13.4307
25349.59,27.52,12.9075
25350.59,88.33,2.7473
25351.59,77.87,3.2162
25352.6,89.29,3.3771
25353.6,80.73,3.6551
25354.6,79.78,3.9165
25355.6,76.45,4.068
25356.6,77.0,4.2668
25357.6,75.59,4.4003
25358.61,75.59,4.5169
25359.61,77.31,4.7837
25360.61,77.91,5.0221
25361.61,75.97,5.2538
25362.61,75.81,5.4966
25363.61,75.83,5.7354
25364.61,76.94,5.9924
25365.62,37.1,6.8651
25366.62,44.79,7.8481
25367.62,99.9,8.8148
25368.62,59.3,9.1481
25369.62,25.15,9.2482
25370.62,25.2,9.2438
25371.63,73.99,9.2443
25372.63,77.09,9.2445
25373.63,75.92,9.2459
25374.63,76.28,9.246
25375.63,76.42,9.2461
25376.64,69.41,9.2462
25377.64,73.6,9.2462
25378.64,45.9,9.2462
25379.64,72.54,9.2465
25380.64,45.92,9.2466
25381.64,28.34,9.2466
25382.65,27.81,9.2466
25383.65,77.11,10.1719
25384.65,99.9,10.8354
25385.65,100.22,11.5141
25386.65,99.9,12.2066
25387.65,63.39,12.3562
25388.65,25.94,12.4546
25389.65,28.68,12.4546
25390.66,26.72,12.4546
25391.66,32.76,12.4546
25392.66,29.7,12.4546
25393.66,28.07,12.4546
25394.66,26.4,12.4546
25395.66,30.76,12.4546
25396.67,26.81,12.4547
25397.67,25.32,12.4547
25398.67,44.62,12.4547
25399.67,28.16,12.4547
25400.67,26.04,12.4547
25401.67,30.46,12.4547
25402.67,25.35,12.4547
25403.68,26.47,12.4548
25404.68,38.83,12.4551
25405.68,28.82,12.4553
25406.68,35.36,12.4553
25407.68,45.32,12.4553
25408.68,25.26,12.4553
25409.69,28.9,12.4553
25410.69,25.56,12.4553
25411.69,28.19,12.4553
25412.69,30.01,12.4554
25413.69,25.5,12.4554
25414.69,27.1,12.4554
25415.7,25.37,12.4554
25416.7,26.38,12.4554
25417.7,25.22,12.4554
25418.7,25.32,12.4554
25419.7,25.24,12.4554
25420.7,25.21,12.4554
25421.71,25.46,12.4554
25422.71,25.33,12.4554
25423.71,25.31,12.4554
25424.71,25.21,12.4554
25425.71,26.68,12.4554
25426.71,25.29,12.4554
25427.72,25.87,12.4554
25428.72,25.4,12.4554
25429.72,25.5,12.4554
25430.72,25.95,12.4554
25431.72,25.3,12.4554
25432.72,25.23,12.4554
25433.73,25.32,12.4554
25434.73,25.9,12.4554
25435.73,33.61,12.4554
25436.73,27.19,12.4554
25437.73,25.21,12.4554
25438.73,25.29,12.4554
25439.74,25.13,12.4554
25440.74,25.13,12.4554
25441.74,25.23,12.4554
25442.74,25.16,12.4555
25443.74,25.23,12.4555
25444.74,27.04,12.4555
25445.74,25.21,12.4555
25446.75,25.33,12.4555
25447.75,25.18,12.4555
25448.75,25.23,12.4555
25449.75,25.32,12.4555
25450.75,25.35,12.4555
25451.75,25.3,12.4555
25452.76,25.6,12.4555
25453.76,54.13,12.4559
25454.76,99.96,12.5548
25455.76,82.97,12.5655
25456.76,27.84,12.5655
25457.76,25.22,12.5655
25458.76,25.21,12.5655
25459.77,26.17,12.5655
25460.77,25.13,12.5655
25461.77,25.25,12.5655
25462.77,25.15,12.5655
25463.77,25.24,12.5655
25464.77,25.74,12.5655
25465.78,25.13,12.5655
25466.78,25.39,12.5655
25467.78,25.3,12.5655
25468.78,25.13,12.5655
25469.78,25.23,12.5655
25470.78,54.22,12.5656
25471.79,71.64,12.566
25472.79,48.97,12.5661
25473.79,38.42,12.5661
25474.79,40.22,12.5661
25475.79,27.57,12.5661
25476.79,25.16,12.5661
25477.79,25.51,12.5661
25478.8,86.25,12.5801
25479.8,68.06,12.5825
25480.8,25.18,12.5825
25481.8,25.25,12.5825
25482.8,25.33,12.5825
25483.8,25.19,12.5825
25484.8,25.19,12.5825
25485.81,25.31,12.5825
25486.81,25.16,12.5825
25487.81,25.29,12.5825
25488.81,88.82,12.5856
25489.81,72.1,12.5861
25490.81,25.29,12.5861
25491.82,25.18,12.5861
25492.82,25.31,12.5861
25493.82,25.19,12.5861
25494.82,25.19,12.5861
25495.82,25.92,12.5861
25496.82,25.19,12.5861
25497.83,29.18,12.5861
25498.83,86.64,12.5903
25499.83,81.86,12.5903
25500.83,25.23,12.5903
25501.83,25.1,12.5903
25502.83,25.29,12.5904
25503.83,72.2,13.1047
25504.84,100.09,13.2851
25505.84,30.19,13.2851
25506.84,25.15,13.2851
25507.84,25.31,13.2851
25508.84,43.83,13.4265
25509.84,25.47,13.4265
25510.85,25.31,13.4265
25511.85,25.15,13.4265
25512.85,29.03,13.4268
25513.85,25.18,13.4268
25514.85,25.29,13.4268
25515.85,25.16,13.4268
25516.86,29.51,13.4269
25517.86,25.3,13.4269
25518.86,25.19,13.4269
25519.86,25.3,13.4269
25520.86,29.3,13.4269
25521.87,25.69,13.4269
25522.87,25.21,13.4271
25523.87,25.19,13.4271
25524.87,30.02,13.4271
25525.87,25.18,13.4271
25526.87,25.26,13.4271
25527.87,25.19,13.4271
25528.88,29.68,13.4271
25529.88,25.25,13.4271
25530.88,25.19,13.4271
25531.88,25.09,13.4271
25532.88,29.66,13.4271
25533.88,25.16,13.4271
25534.89,25.7,13.4271
25535.89,27.37,13.4271
25536.89,27.01,13.4272
25537.89,25.19,13.4272
25538.89,25.85,13.4272
25539.89,25.25,13.4272
25540.9,28.76,13.4272
25541.9,25.18,13.4272
25542.9,25.31,13.4272
25543.9,28.75,13.4273
25544.9,25.29,13.4273
25545.9,25.18,13.4273
25546.9,25.18,13.4273
25547.91,28.84,13.4273
25548.91,25.19,13.4273
25549.91,25.29,13.4273
25550.91,25.19,13.4273
25551.91,25.28,13.4273
25552.91,28.81,13.4273
25553.92,25.19,13.4273
25554.92,25.31,13.4273
25555.92,25.18,13.4273
25556.92,28.83,13.4273
25557.92,25.19,13.4273
25558.92,25.12,13.4273
25559.93,25.3,13.4273
25560.93,28.95,13.4275
25561.93,25.21,13.4275
25562.93,25.17,13.4275
25563.93,25.19,13.4275
25564.93,25.31,13.4275
25565.93,28.86,13.4277
25566.94,25.26,13.4277
25567.94,25.2,13.4277
25568.94,25.21,13.4277
25569.94,25.3,13.4277
25570.94,28.82,13.4277
25571.95,25.24,13.4277
25572.95,25.22,13.4277
25573.95,25.3,13.4277
25574.95,25.17,13.4277
25575.95,28.97,13.4277
25576.95,25.29,13.4277
25577.96,25.21,13.4277
25578.96,25.28,13.4275
25579.96,25.18,13.4275
25580.96,25.2,13.4275
25581.96,29.33,13.4277
25582.96,25.22,13.4278
25583.97,25.33,13.4278
25584.97,25.2,13.4278
25585.97,25.2,13.4278
25586.97,25.25,13.4278
25587.97,30.17,13.4278
25588.97,25.29,13.4278
25589.98,25.21,13.4278
25590.98,25.21,13.4279
25591.98,25.25,13.4278
25592.98,25.32,13.4278
25593.98,25.2,13.4278
25594.98,30.63,13.4279
25595.99,25.31,13.4279
25596.99,25.2,13.4279
25597.99,25.21,13.4279
25598.99,25.32,13.4279
25599.99,25.2,13.4279
25600.99,30.05,13.4279
25602.0,25.2,13.4279
25603.0,34.71,13.4279
25604.0,33.88,13.4285
25605.0,25.2,13.4285
25606.0,25.3,13.4285
25607.0,25.12,13.4285
25608.01,28.98,13.4287
25609.01,25.2,13.4287
25610.01,25.19,13.4287
25611.01,25.29,13.4287
25612.01,25.22,13.4287
25613.01,25.23,13.4288
25614.02,25.19,13.4288
25615.02,25.31,13.4288
25616.02,28.94,13.4288
25617.02,25.26,13.4288
25618.02,25.2,13.4288
25619.02,25.19,13.4288
25620.03,25.3,13.4288
25621.03,25.2,13.4288
25622.03,25.27,13.4287
25623.03,25.23,13.4287
25624.03,28.88,13.4288
25625.03,25.29,13.4288
25626.04,25.13,13.4288
25627.04,25.24,13.4288
25628.04,25.21,13.4288
25629.04,25.2,13.4288
25630.04,25.31,13.4288
25631.04,25.2,13.4288
25632.05,29.06,13.4288
25633.05,25.22,13.4289
25634.05,25.21,13.4289
25635.05,25.3,13.4289
25636.05,25.21,13.4289
25637.05,25.29,13.4289
25638.05,25.18,13.4289
25639.06,25.16,13.4289
25640.06,28.97,13.429
25641.06,25.17,13.429
25642.06,25.25,13.4291
25643.06,25.23,13.4291
25644.07,25.31,13.4291
25645.07,25.21,13.4291
25646.07,25.3,13.4291
25647.07,25.17,13.4291
25648.07,29.0,13.4291
25649.07,25.29,13.429
25650.08,25.13,13.4291
25651.08,25.14,13.4291
25652.08,25.19,13.4291
25653.08,25.16,13.4291
25654.08,25.23,13.4291
25655.08,25.12,13.4291
25656.09,31.13,13.4292
25657.09,25.1,13.4292
25658.09,25.25,13.4292
25659.09,25.2,13.4292
25660.09,25.21,13.4292
25661.09,25.29,13.4292
25662.1,25.19,13.4292
25663.1,25.39,13.4292
25664.1,30.56,13.4293
25665.1,25.18,13.4293
25666.1,25.3,13.4293
25667.1,25.21,13.4293
25668.11,25.32,13.4293
25669.11,25.21,13.4293
25670.11,25.2,13.4293
25671.11,25.3,13.4293
25672.11,25.2,13.4293
25673.11,33.75,13.4294
25674.11,25.2,13.4294
25675.12,25.21,13.4294
25676.12,25.3,13.4294
25677.12,25.2,13.4294
25678.12,25.32,13.4294
25679.12,25.2,13.4294
25680.12,25.18,13.4294
25681.13,25.27,13.4294
25682.13,26.58,13.4294
25683.13,27.59,13.4296
25684.13,25.18,13.4295
25685.13,25.2,13.4295
25686.13,25.28,13.4295
25687.14,25.18,13.4295
25688.14,25.28,13.4295
25689.14,25.18,13.4295
25690.14,25.18,13.4295
25691.14,25.28,13.4295
25692.14,28.78,13.4298
25693.15,25.31,13.4299
25694.15,25.19,13.4299
25695.15,25.19,13.4299
25696.15,25.29,13.4299
25697.15,25.12,13.4299
25698.15,25.3,13.4299
25699.15,25.21,13.4299
25700.16,25.18,13.4299
25701.16,25.33,13.4299
25702.16,28.81,13.4299
25703.16,25.31,13.4299
25704.16,25.18,13.4299
25705.17,25.29,13.4299
25706.17,25.19,13.4298
25707.17,25.27,13.4298
25708.17,25.18,13.4298
25709.17,25.19,13.4298
25710.17,25.28,13.4298
25711.18,28.95,13.4299
25712.18,25.2,13.43
25713.18,25.31,13.43
25714.18,25.2,13.43
25715.18,25.29,13.43
25716.18,25.19,13.43
25717.19,25.27,13.43
25718.19,25.2,13.43
25719.19,25.19,13.43
25720.19,25.3,13.43
25721.19,30.65,13.4301
25722.19,25.3,13.4301
25723.2,25.23,13.4301
25724.2,25.19,13.43
25725.2,25.29,13.43
25726.2,25.21,13.43
25727.2,25.27,13.43
25728.2,25.19,13.43
25729.21,25.2,13.43
25730.21,25.29,13.43
25731.21,31.16,13.4302
25732.21,25.29,13.4302
25733.21,25.21,13.4302
25734.21,25.2,13.4302
25735.21,25.3,13.4302
25736.22,25.19,13.4302
25737.22,25.29,13.4302
25738.22,25.21,13.4302
25739.22,25.33,13.4302
25740.22,25.31,13.4302
25741.22,29.14,13.4303
25742.23,25.28,13.4303
25743.23,25.24,13.4304
25744.23,25.31,13.4304
25745.23,25.22,13.4304
25746.23,25.32,13.4304
25747.23,25.21,13.4304
25748.24,25.23,13.4304
25749.24,25.32,13.4304
25750.24,25.22,13.4304
25751.24,28.9,13.4304
25752.24,25.13,13.4304
25753.24,25.16,13.4304
25754.25,25.23,13.4304
25755.25,25.14,13.4304
25756.25,25.23,13.4304
25757.25,25.12,13.4304
25758.25,25.14,13.4304
25759.25,25.32,13.4304
25760.26,25.22,13.4304
25761.26,29.12,13.4306
25762.26,25.22,13.4306
25763.26,25.24,13.4306
25764.26,25.32,13.4306
25765.26,25.21,13.4306
25766.27,25.31,13.4306
25767.27,25.22,13.4306
25768.27,25.23,13.4306
25769.27,25.32,13.4306
25770.27,25.19,13.4306
25771.27,25.29,13.4306
25772.28,25.22,13.4306
25773.28,29.09,13.4308
25774.28,25.32,13.4308
25775.28,25.22,13.4308
25776.28,25.33,13.4308
25777.28,25.21,13.4308
25778.28,25.23,13.4308
25779.29,25.31,13.4308
25780.29,25.22,13.4308
25781.29,25.31,13.4308
25782.29,25.22,13.4308
25783.29,29.67,13.4309
25784.29,25.27,13.4309
25785.3,25.18,13.4309
25786.3,25.32,13.4309
25787.3,25.22,13.4309
25788.3,25.22,13.4309
25789.3,25.32,13.4309
25790.3,25.2,13.4309
25791.31,25.23,13.4309
25792.31,25.13,13.4309
25793.31,31.27,13.4309
25794.31,25.32,13.4309
25795.31,25.21,13.4309
25796.31,25.31,13.4309
25797.32,25.22,13.4309
25798.32,25.22,13.4309
25799.32,25.32,13.4309
25800.32,25.22,13.4309
25801.32,25.32,13.4309
25802.32,25.21,13.4309
25803.33,30.7,13.4311
25804.33,25.22,13.4311
25805.33,25.21,13.4311
25806.33,25.32,13.4311
25807.33,25.22,13.4311
25808.33,25.33,13.4311
25809.34,25.23,13.4311
25810.34,25.23,13.4311
25811.34,25.33,13.4311
25812.34,25.21,13.4311
25813.34,29.05,13.4313
25814.34,25.22,13.4313
25815.35,25.33,13.4313
25816.35,25.22,13.4313
25817.35,25.21,13.4313
25818.35,25.39,13.4313
25819.35,25.22,13.4313
25820.35,25.23,13.4313
25821.35,25.31,13.4313
25822.36,25.22,13.4313
25823.36,29.07,13.4313
25824.36,25.11,13.4313
25825.36,25.12,13.4313
25826.36,25.22,13.4313
25827.36,25.12,13.4313
25828.37,25.23,13.4313
25829.37,25.13,13.4313
25830.37,25.13,13.4313
25831.37,25.23,13.4313
25832.37,25.16,13.4313
25833.37,25.29,13.4314
25834.38,26.45,13.4314
25835.38,27.68,13.4315
25836.38,25.34,13.4315
25837.38,25.19,13.4315
25838.38,25.2,13.4315
25839.38,25.29,13.4315
25840.38,25.13,13.4315
25841.39,25.25,13.4315
25842.39,25.14,13.4315
25843.39,25.15,13.4315
25844.39,25.27,13.4315
25845.39,28.98,13.4315
25846.39,25.31,13.4315
25847.4,25.23,13.4315
25848.4,25.21,13.4315
25849.4,25.32,13.4315
25850.4,25.21,13.4315
25851.4,25.31,13.4315
25852.4,25.22,13.4315
25853.41,25.33,13.4315
25854.41,25.21,13.4316
25855.41,25.21,13.4316
25856.41,30.64,13.4319
25857.41,25.19,13.4319
25858.41,25.29,13.4319
25859.41,25.18,13.4319
25860.42,25.17,13.4319
25861.42,25.3,13.4319
25862.42,25.16,13.4319
25863.42,25.22,13.432
25864.42,25.33,13.432
25865.42,25.21,13.432
25866.42,31.37,13.4321
25867.43,25.16,13.4321
25868.43,25.31,13.4321
25869.43,25.22,13.4321
25870.43,25.32,13.4321
25871.43,25.22,13.4321
25872.43,25.33,13.4321
25873.43,25.23,13.4321
25874.44,25.22,13.4321
25875.44,25.32,13.4321
25876.44,25.22,13.4321
25877.44,29.75,13.4323
25878.44,25.19,13.4323
25879.44,25.21,13.4323
25880.45,25.32,13.4322
25881.45,25.21,13.4322
25882.45,25.21,13.4323
25883.45,25.34,13.4324
25884.45,25.21,13.4324
25885.45,25.21,13.4324
25886.45,25.33,13.4324
25887.45,25.21,13.4324
25888.46,28.99,13.4324
25889.46,25.33,13.4324
25890.46,25.21,13.4325
25891.46,25.2,13.4325
25892.46,25.28,13.4325
25893.47,25.33,13.4324
25894.47,25.17,13.4324
25895.47,25.19,13.4324
25896.47,25.25,13.4324
25897.47,25.17,13.4324
25898.47,25.3,13.4325
25899.47,28.96,13.4326
25900.48,25.19,13.4327
25901.48,25.29,13.4327
25902.48,25.19,13.4327
25903.48,25.32,13.4327
25904.48,25.22,13.4326
25905.48,25.19,13.4327
25906.49,25.28,13.4327
25907.49,25.18,13.4327
25908.49,25.2,13.4327
25909.49,25.29,13.4327
25910.49,28.89,13.4329
25911.49,25.28,13.4329
25912.5,25.19,13.4329
25913.5,25.31,13.4329
25914.5,25.19,13.4329
25915.5,25.19,13.4329
25916.5,25.29,13.4329
25917.5,25.2,13.433
25918.51,25.31,13.433
25919.51,25.18,13.433
25920.51,25.95,13.433
25921.51,28.8,13.433
25922.51,25.21,13.433
25923.51,25.22,13.433
25924.51,25.3,13.433
25925.51,25.19,13.433
25926.52,25.19,13.433
25927.52,25.33,13.433
25928.52,25.2,13.433
25929.52,25.2,13.433
25930.52,31.37,13.4332
25931.52,25.14,13.4332
25932.52,25.15,13.4332
25933.53,25.31,13.4333
25934.53,25.19,13.4333
25935.53,25.29,13.4333
25936.53,25.15,13.4333
25937.53,25.15,13.4334
25938.53,25.27,13.4334
25939.54,25.13,13.4334
25940.54,25.27,13.4334
25941.54,30.51,13.4334
25942.54,25.21,13.4333
25943.54,25.3,13.4333
25944.54,25.18,13.4333
25945.54,25.19,13.4333
25946.55,25.28,13.4333
25947.55,25.14,13.4333
25948.55,25.23,13.4333
25949.55,25.17,13.4333
25950.55,25.19,13.4333
25951.55,25.29,13.4333
25952.56,28.97,13.4335
25953.56,25.3,13.4335
25954.56,25.18,13.4335
25955.56,25.29,13.4335
25956.56,25.19,13.4336
25957.56,25.19,13.4336
25958.57,25.29,13.4336
25959.57,25.19,13.4336
25960.57,25.28,13.4336
25961.57,25.15,13.4336
25962.57,29.02,13.4338
25963.57,25.27,13.4338
25964.58,25.16,13.4338
25965.58,25.2,13.4337
25966.58,25.3,13.4338
25967.58,25.2,13.4339
25968.58,25.29,13.4339
25969.58,25.18,13.4339
25970.58,25.18,13.4339
25971.59,25.28,13.4339
25972.59,25.2,13.4339
25973.59,28.96,13.434
25974.59,25.17,13.434
25975.59,25.19,13.434
25976.59,25.29,13.434
25977.6,25.18,13.4341
25978.6,25.27,13.4341
25979.6,25.19,13.4341
25980.6,25.18,13.4341
25981.6,25.28,13.4341
25982.6,25.19,13.4341
25983.61,25.31,13.4342
25984.61,25.19,13.4342
25985.61,28.95,13.4343
25986.61,25.29,13.4343
25987.61,25.2,13.4343
25988.61,25.29,13.4343
25989.61,25.19,13.4343
25990.62,25.18,13.4343
25991.62,25.26,13.4343
25992.62,25.16,13.4344
25993.62,25.29,13.4344
25994.62,25.15,13.4344
25995.62,25.16,13.4344
25996.63,30.83,13.4343
25997.63,25.17,13.4343
25998.63,25.3,13.4343
25999.63,25.18,13.4343
26000.63,25.19,13.4343
26001.63,25.31,13.4343
26002.63,25.2,13.4343
26003.64,25.2,13.4343
26004.64,25.29,13.4343
26005.64,25.2,13.4343
26006.64,31.27,13.4344
26007.64,25.29,13.4346
26008.64,25.19,13.4346
26009.65,25.29,13.4346
26010.65,25.18,13.4346
26011.65,25.18,13.4346
26012.65,25.28,13.4346
26013.65,25.2,13.4347
26014.65,25.27,13.4347
26015.66,25.16,13.4347
26016.66,25.29,13.4347
26017.66,29.12,13.4348
26018.66,25.19,13.4348
26019.66,25.29,13.4348
26020.66,25.18,13.4348
26021.67,25.28,13.4348
26022.67,25.21,13.4349
26023.67,25.19,13.4348
26024.67,25.29,13.4348
26025.67,25.17,13.4348
26026.67,25.26,13.4348
26027.68,25.18,13.4348
26028.68,28.84,13.4352
26029.68,25.27,13.4351
26030.68,25.13,13.4351
26031.68,25.22,13.4351
26032.68,25.15,13.4351
26033.68,25.16,13.4351
26034.69,25.28,13.4351
26035.69,25.18,13.4351
26036.69,25.28,13.4351
26037.69,25.22,13.4351
26038.69,25.18,13.4351
26039.69,29.04,13.4352
26040.69,25.19,13.4352
26041.7,25.19,13.4352
26042.7,25.29,13.4354
26043.7,25.19,13.4354
26044.7,25.29,13.4354
26045.7,25.19,13.4354
26046.71,25.19,13.4354
26047.71,25.3,13.4354
26048.71,25.19,13.4354
26049.71,25.29,13.4354
26050.71,28.87,13.4354
26051.71,25.19,13.4356
26052.71,25.31,13.4356
26053.72,25.13,13.4356
26054.72,25.22,13.4356
26055.72,25.13,13.4356
26056.72,25.23,13.4356
26057.72,25.14,13.4356
26058.72,25.13,13.4356
26059.73,25.31,13.4356
26060.73,29.89,13.4357
26061.73,25.19,13.4357
26062.73,25.28,13.4358
26063.73,25.19,13.4358
26064.73,25.28,13.4358
26065.74,25.18,13.4358
26066.74,25.28,13.4358
26067.74,25.19,13.4358
26068.74,25.19,13.4358
26069.74,25.28,13.4358
26070.74,25.21,13.4358
26071.74,31.45,13.4358
26072.75,25.3,13.4359
26073.75,25.19,13.4359
26074.75,25.28,13.4359
26075.75,25.19,13.4359
26076.75,25.18,13.4359
26077.75,25.29,13.4359
26078.76,25.21,13.4359
26079.76,25.29,13.4358
26080.76,25.18,13.4358
26081.76,25.18,13.4359
26082.76,30.06,13.4361
26083.76,25.18,13.4361
26084.77,25.29,13.4361
26085.77,25.19,13.4361
26086.77,25.18,13.4361
26087.77,25.29,13.4361
26088.77,25.18,13.4361
26089.77,25.23,13.4361
26090.78,25.13,13.4361
26091.78,25.14,13.4361
26092.78,29.09,13.4363
26093.78,25.18,13.4363
26094.78,25.27,13.4363
26095.78,25.16,13.4363
26096.78,25.12,13.4363
26097.79,25.17,13.4364
26098.79,25.22,13.4364
26099.79,25.12,13.4364
26100.79,25.12,13.4364
26101.79,25.23,13.4364
26102.8,25.28,13.4364
26103.8,28.86,13.4364
26104.8,25.28,13.4364
26105.8,25.18,13.4364
26106.8,25.2,13.4365
26107.8,25.26,13.4365
26108.81,25.28,13.4365
26109.81,25.19,13.4365
26110.81,25.18,13.4365
26111.81,25.29,13.4365
26112.81,25.21,13.4365
26113.81,25.29,13.4365
26114.82,28.81,13.4366
26115.82,25.19,13.4366
26116.82,25.27,13.4366
26117.82,25.18,13.4366
26118.82,25.29,13.4366
26119.82,25.18,13.4366
26120.83,25.29,13.4366
26121.83,25.18,13.4366
26122.83,25.2,13.4367
26123.83,25.23,13.4367
26124.83,25.13,13.4369
26125.83,28.91,13.437
26126.84,25.19,13.437
26127.84,25.28,13.437
26128.84,25.19,13.437
26129.84,25.18,13.4369
26130.84,25.28,13.4369
26131.84,25.22,13.4369
26132.85,25.27,13.437
26133.85,25.19,13.437
26134.85,25.18,13.437
26135.85,31.44,13.4371
26136.85,25.18,13.4371
26137.85,25.27,13.4371
26138.86,25.19,13.4371
26139.86,25.26,13.4371
26140.86,25.19,13.4371
26141.86,25.18,13.4371
26142.86,25.3,13.4372
26143.86,25.19,13.4372
26144.87,25.29,13.4372
26145.87,30.66,13.4372
26146.87,25.18,13.4372
26147.87,25.3,13.4372
26148.87,25.18,13.4372
26149.87,25.28,13.4372
26150.88,25.18,13.4372
26151.88,25.2,13.4372
26152.88,25.32,13.4374
26153.88,25.18,13.4374
26154.88,25.18,13.4374
26155.88,25.28,13.4374
26156.88,29.02,13.4375
26157.89,25.26,13.4376
26158.89,25.16,13.4376
26159.89,25.21,13.4376
26160.89,25.1,13.4376
26161.89,25.12,13.4376
26162.89,25.25,13.4376
26163.9,25.18,13.4376
26164.9,25.29,13.4376
26165.9,25.16,13.4376
26166.9,25.16,13.4376
26167.9,28.99,13.4376
26168.9,25.18,13.4376
26169.91,25.2,13.4376
26170.91,25.28,13.4376
26171.91,25.18,13.4376
26172.91,25.3,13.4376
26173.91,25.12,13.4376
26174.91,25.22,13.4376
26175.92,25.12,13.4376
26176.92,25.18,13.4376
26177.92,25.29,13.4377
26178.92,28.85,13.4378
26179.92,25.28,13.4378
26180.92,25.18,13.4378
26181.92,25.16,13.4378
26182.93,25.31,13.4379
26183.93,25.18,13.4379
26184.93,25.28,13.4379
26185.93,25.18,13.4379
26186.93,25.19,13.4379
26187.93,25.3,13.4379
26188.94,25.19,13.4379
26189.94,28.5,13.4381
26190.94,25.6,13.4381
26191.94,25.19,13.4381
26192.94,25.31,13.4381
26193.94,25.19,13.4381
26194.95,25.28,13.4381
26195.95,25.2,13.4381
26196.95,25.19,13.4381
26197.95,25.27,13.4382
26198.95,25.15,13.4382
26199.95,25.15,13.4382
26200.95,30.12,13.4382
26201.96,25.19,13.4382
26202.96,25.31,13.4382
26203.96,25.18,13.4382
26204.96,25.19,13.4382
26205.96,25.28,13.4382
26206.96,25.19,13.4383
26207.97,25.29,13.4383
26208.97,25.18,13.4383
26209.97,25.19,13.4383
26210.97,31.68,13.4384
26211.97,25.14,13.4384
26212.97,25.32,13.4384
26213.97,25.18,13.4384
26214.98,25.18,13.4384
26215.98,25.3,13.4384
26216.98,25.18,13.4384
26217.98,25.26,13.4385
26218.98,25.16,13.4385
26219.98,25.13,13.4385
26220.99,25.22,13.4385
26221.99,29.39,13.4387
26222.99,25.28,13.4387
26223.99,25.17,13.4386
26224.99,25.19,13.4386
26225.99,25.28,13.4386
26227.0,25.18,13.4386
26228.0,25.3,13.4385
26229.0,25.18,13.4385
26230.0,25.18,13.4385
26231.0,25.29,13.4385
26232.0,28.91,13.4388
26233.01,25.31,13.4388
26234.01,25.13,13.4388
26235.01,25.12,13.4388
26236.01,25.23,13.4388
26237.01,25.18,13.4388
26238.01,25.31,13.4389
26239.01,25.18,13.4389
26240.02,25.19,13.4389
26241.02,25.28,13.4389
26242.02,25.19,13.4389
26243.02,25.3,13.4389
26244.02,28.9,13.4389
26245.02,25.19,13.4389
26246.03,25.31,13.4389
26247.03,25.19,13.4389
26248.03,25.28,13.4389
26249.03,25.18,13.4389
26250.03,25.19,13.4389
26251.03,25.3,13.4389
26252.04,25.19,13.4389
26253.04,25.32,13.4389
26254.04,25.18,13.4389
26255.04,28.98,13.4391
26256.04,25.27,13.4391
26257.04,25.17,13.4391
26258.05,25.29,13.4392
26259.05,25.19,13.4392
26260.05,25.2,13.4392
26261.05,25.29,13.4392
26262.05,25.18,13.4392
26263.05,25.29,13.4392
26264.06,25.19,13.4392
26265.06,25.29,13.4392
26266.06,25.19,13.4392
26267.06,29.46,13.4393
26268.06,25.3,13.4393
26269.06,25.2,13.4393
26270.07,25.3,13.4393
26271.07,25.2,13.4393
26272.07,25.19,13.4393
26273.07,25.32,13.4393
26274.07,25.2,13.4393
26275.07,25.3,13.4393
26276.07,25.2,13.4393
26277.08,25.19,13.4393
26278.08,31.79,13.4396
26279.08,25.22,13.4396
26280.08,25.15,13.4396
26281.08,25.23,13.4396
26282.08,25.12,13.4396
26283.09,25.26,13.4396
26284.09,25.17,13.4396
26285.09,25.28,13.4396
26286.09,25.19,13.4396
26287.09,25.18,13.4396
26288.09,30.3,13.4401
26289.09,25.18,13.4401
26290.1,25.2,13.4401
26291.1,25.31,13.4401
26292.1,25.19,13.4401
26293.1,25.26,13.4401
26294.1,25.19,13.4401
26295.11,25.3,13.4401
26296.11,25.19,13.4401
26297.11,25.18,13.4401
26298.11,25.29,13.4401
26299.11,28.81,13.4402
26300.11,25.28,13.4402
26301.12,25.19,13.4402
26302.12,25.28,13.4402
26303.12,25.2,13.4403
26304.12,25.18,13.4403
26305.12,25.29,13.4403
26306.12,25.21,13.4403
26307.12,25.19,13.4403
26308.13,25.29,13.4403
26309.13,25.18,13.4403
26310.13,28.91,13.4403
26311.13,25.21,13.4403
26312.13,25.3,13.4403
26313.14,25.19,13.4404
26314.14,25.3,13.4404
26315.14,25.2,13.4404
26316.14,25.2,13.4404
26317.14,25.3,13.4404
26318.14,25.36,13.4405
26319.15,25.24,13.4405
26320.15,25.14,13.4405
26321.15,28.75,13.4407
26322.15,25.31,13.4407
26323.15,25.23,13.4407
26324.15,25.2,13.4407
26325.15,25.3,13.4407
26326.15,25.2,13.4407
26327.16,25.22,13.4407
26328.16,25.23,13.4407
26329.16,25.3,13.4407
26330.16,25.2,13.4407
26331.17,25.28,13.4407
26332.17,28.91,13.4407
26333.17,25.19,13.4408
26334.17,25.29,13.4408
26335.17,25.19,13.4408
26336.17,25.29,13.4408
26337.18,25.19,13.4408
26338.18,25.3,13.4409
26339.18,25.19,13.4409
26340.18,25.2,13.4409
26341.18,25.29,13.4409
26342.18,25.18,13.4409
26343.19,31.61,13.4409
26344.19,25.18,13.4409
26345.19,25.2,13.4409
26346.19,25.28,13.4409
26347.19,25.18,13.4409
26348.19,25.27,13.4409
26349.2,25.18,13.4409
26350.2,25.18,13.4409
26351.2,25.28,13.4409
26352.2,25.18,13.4409
26353.2,30.89,13.4413
26354.2,25.2,13.4413
26355.21,25.3,13.4413
26356.21,25.19,13.4413
26357.21,25.19,13.4413
26358.21,25.32,13.4413
26359.21,25.19,13.4413
26360.21,25.22,13.4413
26361.21,25.24,13.4413
26362.21,25.18,13.4413
26363.22,25.26,13.4412
26364.22,29.06,13.4413
26365.22,25.19,13.4414
26366.22,25.28,13.4414
26367.22,25.18,13.4414
26368.23,25.22,13.4414
26369.23,25.16,13.4415
26370.23,25.24,13.4415
26371.23,25.14,13.4415
26372.23,25.14,13.4415
26373.23,25.23,13.4416
26374.24,25.13,13.4416
26375.24,28.96,13.4416
26376.24,25.18,13.4416
26377.24,25.19,13.4416
26378.24,25.27,13.4416
26379.25,25.29,13.4416
26380.25,25.2,13.4416
26381.25,25.17,13.4416
26382.25,25.28,13.4416
26383.25,25.21,13.4416
26384.25,25.3,13.4416
26385.25,25.19,13.4416
26386.26,28.94,13.4417
26387.26,25.29,13.4417
26388.26,25.17,13.4419
26389.26,25.29,13.4419
26390.26,25.2,13.4419
26391.26,25.19,13.4419
26392.27,25.3,13.4419
26393.27,25.22,13.4419
26394.27,25.27,13.4419
26395.27,25.19,13.4419
26396.27,25.19,13.4419
26397.27,25.28,13.4419
26398.28,28.82,13.442
26399.28,25.29,13.442
26400.28,25.19,13.442
26401.28,25.3,13.442
26402.28,25.2,13.442
26403.28,25.22,13.4421
26404.29,25.3,13.4421
26405.29,25.2,13.4421
26406.29,25.3,13.4421
26407.29,25.19,13.4421
26408.29,25.2,13.4422
26409.29,30.52,13.4422
26410.3,25.19,13.4422
26411.3,25.18,13.4422
26412.3,25.28,13.4422
26413.3,25.21,13.4422
26414.3,25.28,13.4422
26415.3,25.16,13.4422
26416.31,25.28,13.4422
26417.31,25.18,13.4422
26418.31,25.19,13.4422
26419.31,31.72,13.4424
26420.31,25.16,13.4424
26421.31,25.17,13.4424
26422.31,25.3,13.4424
26423.32,25.2,13.4424
26424.32,25.29,13.4424
26425.32,25.19,13.4424
26426.32,25.3,13.4424
26427.32,25.19,13.4425
26428.32,25.2,13.4425
26429.33,25.29,13.4425
26430.33,29.21,13.4425
26431.33,25.23,13.4425
26432.33,25.12,13.4425
26433.33,25.23,13.4425
26434.33,25.16,13.4425
26435.34,25.18,13.4425
26436.34,25.31,13.4425
26437.34,25.19,13.4425
26438.34,25.27,13.4425
26439.34,25.13,13.4425
26440.34,25.14,13.4425
26441.35,29.06,13.4426
26442.35,25.2,13.4426
26443.35,25.32,13.4427
26444.35,25.2,13.4427
26445.35,25.21,13.4427
26446.35,25.31,13.4427
26447.35,25.2,13.4427
26448.36,25.22,13.4427
26449.36,25.31,13.4427
26450.36,25.2,13.4427
26451.36,25.2,13.4427
26452.36,29.0,13.4428
26453.36,25.19,13.443
26454.37,25.29,13.443
26455.37,25.19,13.443
26456.37,25.18,13.443
26457.37,25.29,13.443
26458.37,25.19,13.443
26459.37,25.28,13.443
26460.38,25.18,13.443
26461.38,25.18,13.443
26462.38,25.28,13.443
26463.38,25.19,13.4431
26464.38,29.0,13.4431
26465.38,25.18,13.4431
26466.38,25.18,13.4431
26467.39,25.31,13.4431
26468.39,25.18,13.4431
26469.39,25.18,13.4431
26470.39,25.31,13.4431
26471.39,25.13,13.4431
26472.39,25.14,13.4431
26473.39,25.25,13.4431
26474.4,25.2,13.4431
26475.4,26.14,13.4431
26476.4,29.06,13.4432
26477.4,25.18,13.4433
26478.4,25.3,13.4433
26479.4,25.19,13.4433
26480.4,25.19,13.4433
26481.41,25.31,13.4433
26482.41,25.2,13.4433
26483.41,25.27,13.4433
26484.41,25.12,13.4433
26485.41,25.12,13.4433
26486.41,30.21,13.4433
26487.42,26.56,13.4436
26488.42,25.27,13.4436
26489.42,25.18,13.4436
26490.42,25.18,13.4436
26491.42,25.31,13.4436
26492.42,25.18,13.4436
26493.43,25.25,13.4436
26494.43,25.19,13.4436
26495.43,25.29,13.4436
26496.43,25.19,13.4436
26497.43,29.5,13.4436
26498.43,25.27,13.4436
26499.44,25.19,13.4436
26500.44,25.29,13.4436
26501.44,25.19,13.4436
26502.44,25.2,13.4437
26503.44,25.3,13.4437
26504.44,25.18,13.4437
26505.45,25.28,13.4437
26506.45,25.19,13.4437
26507.45,25.2,13.4437
26508.45,28.93,13.4438
26509.45,25.18,13.4438
26510.45,25.27,13.4438
26511.46,25.17,13.4438
26512.46,25.29,13.4438
26513.46,25.18,13.4438
26514.46,25.18,13.4438
26515.46,25.28,13.4438
26516.46,25.19,13.4438
26517.47,25.3,13.444
26518.47,25.18,13.444
26519.47,25.29,13.444
26520.47,28.87,13.4441
26521.47,25.19,13.4441
26522.47,25.3,13.4441
26523.48,25.2,13.4441
26524.48,25.19,13.4441
26525.48,25.31,13.4441
26526.48,25.18,13.4441
26527.48,25.19,13.4441
26528.48,25.31,13.4441
26529.48,25.18,13.4441
26530.48,25.18,13.4441
26531.49,28.95,13.4442
26532.49,25.19,13.4442
26533.49,25.22,13.4443
26534.49,25.29,13.4443
26535.49,25.18,13.4443
26536.5,25.19,13.4443
26537.5,25.31,13.4444
26538.5,25.16,13.4444
26539.5,25.28,13.4444
26540.5,25.19,13.4444
26541.5,29.45,13.4444
26542.51,25.3,13.4446
26543.51,25.16,13.4446
26544.51,25.23,13.4446
26545.51,25.14,13.4446
26546.51,25.15,13.4446
26547.51,25.27,13.4446
26548.52,25.16,13.4446
26549.52,25.27,13.4446
26550.52,81.2,2.6794
26551.52,79.91,3.0242
26552.52,71.8,3.2642
26553.52,89.6,3.4656
26554.53,82.87,3.8654
26555.53,79.1,4.2073
26556.53,76.73,4.5319
26557.53,76.63,4.7941
26558.53,77.24,5.0241
26559.53,76.36,5.2439
26560.53,76.28,5.4861
26561.54,76.92,5.7021
26562.54,77.56,5.9175
26563.54,44.19,6.7594
26564.54,36.18,7.6427
26565.54,99.93,8.7302
26566.55,66.27,9.1905
26567.55,25.2,9.2908
26568.55,26.36,9.2908
26569.55,66.12,9.2948
26570.55,77.04,9.3035
26571.55,76.37,9.3039
26572.55,75.17,9.3044
26573.56,75.72,9.3049
26574.56,44.29,9.305
26575.56,43.37,9.305
26576.56,43.59,9.305
26577.56,50.0,9.3051
26578.57,58.44,9.3051
26579.57,28.04,9.3051
26580.57,35.49,9.3051
26581.57,54.86,9.7095
26582.57,99.89,10.6151
26583.57,100.0,11.3178
26584.58,99.88,12.0093
26585.58,80.4,12.4168
26586.58,26.58,12.465
26587.58,29.54,12.465
26588.58,32.74,12.465
26589.58,30.01,12.465
26590.59,37.12,12.465
26591.59,27.14,12.465
26592.59,37.2,12.4651
26593.59,26.1,12.4651
26594.59,25.5,12.4651
26595.59,26.22,12.4651
26596.6,31.77,12.4651
26597.6,25.7,12.4651
26598.6,25.94,12.4651
26599.6,26.13,12.4651
26600.6,36.23,12.4651
26601.61,26.0,12.4651
26602.61,38.92,12.4652
26603.61,43.24,12.4652
26604.61,25.44,12.4653
26605.61,28.27,12.4653
26606.61,25.33,12.4653
26607.61,25.22,12.4653
26608.62,25.25,12.4653
26609.62,26.01,12.4653
26610.62,25.77,12.4651
26611.62,25.3,12.4651
26612.62,25.16,12.4651
26613.62,25.18,12.4651
26614.63,25.37,12.4651
26615.63,25.32,12.4651
26616.63,25.13,12.4651
26617.63,26.42,12.4652
26618.63,25.44,12.4652
26619.63,25.23,12.4652
26620.63,25.15,12.4652
26621.64,28.2,12.4652
26622.64,25.98,12.4652
26623.64,25.31,12.4652
26624.64,25.25,12.4652
26625.64,26.79,12.4652
26626.64,25.16,12.4652
26627.65,33.97,12.4652
26628.65,27.65,12.4652
26629.65,25.29,12.4652
26630.65,25.14,12.4652
26631.65,25.2,12.4652
26632.65,25.3,12.4653
26633.66,25.2,12.4653
26634.66,26.36,12.4653
26635.66,26.24,12.4653
26636.66,25.13,12.4653
26637.66,25.34,12.4653
26638.66,25.14,12.4653
26639.67,25.35,12.4653
26640.67,25.34,12.4653
26641.67,25.31,12.4653
26642.67,25.29,12.4654
26643.67,25.11,12.4654
26644.67,25.23,12.4654
26645.68,25.13,12.4654
26646.68,82.06,12.4736
26647.68,99.88,12.5801
26648.68,37.0,12.5801
26649.68,26.16,12.5801
26650.68,25.19,12.5801
26651.69,25.29,12.5801
26652.69,25.23,12.5801
26653.69,25.83,12.5801
26654.69,25.2,12.5801
26655.69,25.21,12.5801
26656.69,25.43,12.5801
26657.7,25.31,12.5801
26658.7,25.3,12.5801
26659.7,25.21,12.5801
26660.7,47.81,12.5801
26661.7,74.57,12.5819
26662.7,68.69,12.5912
26663.71,60.43,12.5947
26664.71,68.32,12.6261
26665.71,29.4,12.6212
26666.71,25.53,12.6212
26667.71,25.13,12.6212
26668.71,76.6,12.6315
26669.71,99.71,12.6374
26670.72,36.33,12.6284
26671.72,25.23,12.6284
26672.72,25.31,12.6285
26673.72,25.19,12.6285
26674.72,25.56,12.6285
26675.72,25.19,12.6285
26676.73,25.29,12.6285
26677.73,25.2,12.6285
26678.73,86.6,12.6288
26679.73,82.91,12.6288
26680.73,25.19,12.6288
26681.73,25.29,12.6288
26682.74,25.2,12.6288
26683.74,25.18,12.6288
26684.74,25.28,12.6288
26685.74,29.8,12.6288
26686.74,25.27,12.6288
26687.74,25.46,12.6288
26688.75,99.89,12.6289
26689.75,69.87,12.6289
26690.75,25.24,12.6192
26691.75,25.18,12.6192
26692.75,25.3,12.6194
26693.75,46.11,12.8408
26694.75,100.18,13.3312
26695.75,54.66,13.3312
26696.76,25.19,13.3312
26697.76,25.3,13.3312
26698.76,25.19,13.3312
26699.76,41.95,13.457
26700.76,25.19,13.457
26701.76,25.18,13.457
26702.77,26.56,13.4573
26703.77,27.68,13.4574
26704.77,25.29,13.4574
26705.77,25.19,13.4574
26706.77,28.82,13.4576
26707.77,25.29,13.4576
26708.78,25.19,13.4576
26709.78,25.29,13.4576
26710.78,28.78,13.4577
26711.78,25.29,13.4577
26712.78,25.2,13.4577
26713.78,25.2,13.4577
26714.79,29.05,13.4577
26715.79,25.18,13.4577
26716.79,25.18,13.4577
26717.79,25.29,13.4579
26718.79,28.88,13.4579
26719.79,25.23,13.4579
26720.8,25.12,13.4579
26721.8,25.27,13.4579
26722.8,28.95,13.458
26723.8,25.18,13.458
26724.8,25.29,13.458
26725.8,25.19,13.458
26726.81,28.95,13.458
26727.81,25.13,13.458
26728.81,25.13,13.458
26729.81,25.23,13.458
26730.81,29.58,13.458
26731.81,25.22,13.458
26732.82,25.16,13.4582
26733.82,25.75,13.4582
26734.82,29.38,13.4582
26735.82,25.16,13.4582
26736.82,25.3,13.4582
26737.82,30.04,13.4582
26738.83,25.17,13.4582
26739.83,25.22,13.4582
26740.83,25.16,13.4582
26741.83,29.8,13.4582
26742.83,25.19,13.4582
26743.83,25.18,13.4583
26744.83,25.26,13.4583
26745.84,29.58,13.4585
26746.84,25.28,13.4585
26747.84,25.19,13.4585
26748.84,25.85,13.4585
26749.84,29.35,13.4585
26750.84,25.19,13.4585
26751.85,25.28,13.4584
26752.85,25.2,13.4584
26753.85,25.15,13.4584
26754.85,29.04,13.4584
26755.85,25.15,13.4584
26756.85,25.26,13.4584
26757.86,25.19,13.4584
26758.86,25.29,13.4585
26759.86,29.0,13.4586
26760.86,25.18,13.4586
26761.86,25.3,13.4585
26762.86,25.19,13.4585
26763.86,25.17,13.4585
26764.87,28.98,13.4587
26765.87,25.17,13.4587
26766.87,25.27,13.4587
26767.87,25.12,13.4587
26768.87,25.14,13.4587
26769.87,25.29,13.4587
26770.88,28.94,13.4588
26771.88,25.28,13.4588
26772.88,25.21,13.4588
26773.88,25.29,13.4588
26774.88,25.19,13.4588
26775.88,25.2,13.4588
26776.89,25.29,13.4588
26777.89,29.04,13.4588
26778.89,25.3,13.4588
26779.89,25.21,13.4588
26780.89,25.2,13.4588
26781.89,25.29,13.4588
26782.9,25.22,13.4591
26783.9,29.11,13.4592
26784.9,25.19,13.4592
26785.9,25.2,13.4592
26786.9,25.32,13.4592
26787.9,25.2,13.4592
26788.9,25.19,13.4592
26789.91,25.28,13.4592
26790.91,30.24,13.4592
26791.91,25.29,13.4592
26792.91,25.22,13.4592
26793.91,25.2,13.4592
26794.91,25.3,13.4592
26795.92,25.21,13.4592
26796.92,25.3,13.4592
26797.92,30.87,13.4593
26798.92,25.19,13.4593
26799.92,25.31,13.4593
26800.92,25.2,13.4593
26801.93,25.31,13.4593
26802.93,25.35,13.4594
26803.93,25.19,13.4594
26804.93,30.53,13.4595
26805.93,25.19,13.4595
26806.93,25.21,13.4595
26807.93,25.3,13.4595
26808.94,25.19,13.4595
26809.94,25.32,13.4595
26810.94,25.19,13.4595
26811.94,25.2,13.4595
26812.94,29.36,13.4595
26813.94,25.2,13.4595
26814.95,25.3,13.4595
26815.95,25.2,13.4595
26816.95,25.2,13.4595
26817.95,25.26,13.4595
26818.95,25.17,13.4595
26819.95,25.28,13.4595
26820.95,28.87,13.4597
26821.96,25.13,13.4597
26822.96,25.69,13.4597
26823.96,25.13,13.4597
26824.96,25.2,13.4597
26825.96,25.22,13.4597
26826.96,25.12,13.4597
26827.97,25.25,13.4598
26828.97,25.14,13.4598
26829.97,29.14,13.4598
26830.97,25.16,13.4598
26831.97,25.19,13.4598
26832.97,25.33,13.4599
26833.98,25.21,13.4599
26834.98,25.31,13.4599
26835.98,25.19,13.4599
26836.98,25.21,13.4599
26837.98,28.97,13.46
26838.98,25.21,13.46
26839.98,25.2,13.46
26840.99,25.3,13.46
26841.99,25.2,13.46
26842.99,25.34,13.46
26843.99,25.21,13.46
26844.99,25.2,13.46
26845.99,25.32,13.46
26846.99,29.0,13.4602
26848.0,25.21,13.4603
26849.0,25.3,13.4603
26850.0,25.14,13.4603
26851.0,25.27,13.4603
26852.0,25.16,13.4603
26853.0,25.22,13.4603
26854.01,25.3,13.4603
26855.01,30.17,13.4603
26856.01,25.29,13.4603
26857.01,25.19,13.4603
26858.01,25.21,13.4603
26859.01,25.29,13.4603
26860.02,25.23,13.4603
26861.02,25.29,13.4604
26862.02,25.19,13.4604
26863.02,25.98,13.4605
26864.02,31.3,13.4606
26865.02,25.13,13.4606
26866.03,25.24,13.4606
26867.03,25.13,13.4606
26868.03,25.24,13.4606
26869.03,25.14,13.4606
26870.03,25.13,13.4606
26871.03,25.22,13.4606
26872.04,30.19,13.4608
26873.04,25.22,13.4608
26874.04,25.3,13.4609
26875.04,25.21,13.4609
26876.04,25.31,13.4609
26877.04,25.13,13.4609
26878.04,26.06,13.4609
26879.05,25.26,13.4609
26880.05,25.16,13.4609
26881.05,25.29,13.4609
26882.05,28.94,13.4609
26883.05,26.11,13.461
26884.05,25.2,13.4609
26885.06,25.19,13.4609
26886.06,25.32,13.4609
26887.06,25.19,13.4609
26888.06,25.74,13.4609
26889.06,25.36,13.4609
26890.06,25.19,13.4609
26891.07,29.12,13.461
26892.07,25.18,13.461
26893.07,25.22,13.461
26894.07,25.3,13.4611
26895.07,25.18,13.4611
26896.07,25.28,13.4611
26897.08,25.15,13.4611
26898.08,25.22,13.4611
26899.08,25.28,13.4611
26900.08,28.98,13.4612
26901.08,25.28,13.4612
26902.08,25.2,13.4612
26903.08,25.21,13.4613
26904.09,25.3,13.4613
26905.09,25.19,13.4613
26906.09,25.19,13.4613
26907.09,25.29,13.4613
26908.09,25.2,13.4613
26909.09,25.29,13.4613
26910.1,28.92,13.4613
26911.1,25.13,13.4613
26912.1,25.23,13.4613
26913.1,25.17,13.4614
26914.1,25.22,13.4613
26915.1,25.16,13.4614
26916.1,25.13,13.4614
26917.11,25.24,13.4614
26918.11,25.16,13.4614
26919.11,25.29,13.4614
26920.11,29.5,13.4617
26921.11,25.3,13.4617
26922.11,25.22,13.4617
26923.12,25.22,13.4617
26924.12,25.29,13.4618
26925.12,25.2,13.4618
26926.12,25.3,13.4618
26927.12,25.2,13.4618
26928.12,25.21,13.4618
26929.13,30.14,13.4618
26930.13,26.71,13.4618
26931.13,25.29,13.4618
26932.13,25.19,13.4618
26933.13,25.32,13.4619
26934.13,25.2,13.4619
26935.14,25.2,13.4619
26936.14,25.3,13.4619
26937.14,25.2,13.4619
26938.14,25.32,13.4619
26939.14,30.04,13.4619
26940.14,25.89,13.462
26941.15,25.27,13.4621
26942.15,25.13,13.4621
26943.15,25.28,13.4621
26944.15,25.13,13.4621
26945.15,25.24,13.4621
26946.16,25.13,13.4621
26947.16,25.2,13.4621
26948.16,25.26,13.4621
26949.16,25.21,13.4621
26950.16,29.12,13.4621
26951.16,25.21,13.4621
26952.16,25.21,13.4621
26953.17,25.33,13.4623
26954.17,25.21,13.4623
26955.17,25.31,13.4623
26956.17,25.21,13.4623
26957.17,25.31,13.4623
26958.18,25.22,13.4623
26959.18,25.23,13.4623
26960.18,29.3,13.4623
26961.18,25.22,13.4623
26962.18,25.22,13.4623
26963.18,25.34,13.4623
26964.18,25.22,13.4623
26965.19,25.33,13.4623
26966.19,25.22,13.4623
26967.19,25.22,13.4623
26968.19,25.33,13.4624
26969.19,25.23,13.4624
26970.19,25.32,13.4624
26971.2,25.22,13.4624
26972.2,29.19,13.4624
26973.2,25.24,13.4625
26974.2,25.22,13.4625
26975.2,25.31,13.4625
26976.2,25.21,13.4625
26977.21,25.31,13.4626
26978.21,25.22,13.4626
26979.21,25.31,13.4626
26980.21,25.22,13.4626
26981.21,25.22,13.4626
26982.21,29.22,13.4627
26983.22,25.28,13.4627
26984.22,25.32,13.4627
26985.22,25.21,13.4627
26986.22,25.21,13.4627
26987.22,25.32,13.4627
26988.22,25.23,13.4627
26989.23,25.32,13.4627
26990.23,25.21,13.4627
26991.23,25.31,13.4627
26992.23,25.21,13.4627
26993.23,31.2,13.4628
26994.23,25.32,13.4628
26995.24,25.22,13.4628
26996.24,25.33,13.4628
26997.24,25.21,13.4628
26998.24,25.22,13.4628
26999.24,25.31,13.4628
27000.24,25.21,13.4628
27001.25,25.31,13.4628
27002.25,25.21,13.4628
27003.25,31.48,13.463
27004.25,25.14,13.463
27005.26,25.18,13.463
27006.26,25.31,13.463
27007.26,25.21,13.463
27008.26,25.22,13.4631
27009.26,25.3,13.4631
27010.26,25.14,13.4631
27011.27,25.23,13.4631
27012.27,25.14,13.4631
27013.27,29.48,13.4632
27014.27,25.3,13.4632
27015.27,25.21,13.4632
27016.27,25.21,13.4632
27017.27,25.31,13.4632
27018.28,25.22,13.4632
27019.28,25.31,13.4632
27020.28,25.22,13.4632
27021.28,25.22,13.4632
27022.28,25.31,13.4632
27023.28,29.08,13.4633
27024.29,25.31,13.4633
27025.29,25.21,13.4633
27026.29,25.31,13.4634
27027.29,25.22,13.4634
27028.29,25.23,13.4634
27029.29,25.32,13.4634
27030.29,25.21,13.4634
27031.3,25.21,13.4634
27032.3,25.32,13.4634
27033.3,25.24,13.4636
27034.3,29.17,13.4636
27035.3,25.2,13.4636
27036.3,25.2,13.4636
27037.31,25.31,13.4636
27038.31,25.22,13.4636
27039.31,25.31,13.4636
27040.31,25.22,13.4636
27041.31,25.31,13.4636
27042.31,25.21,13.4636
27043.32,25.24,13.4636
27044.32,25.33,13.4636
27045.32,28.97,13.4638
27046.32,25.21,13.4638
27047.32,25.32,13.4638
27048.32,25.23,13.4639
27049.33,25.31,13.4639
27050.33,25.21,13.4639
27051.33,25.31,13.4639
27052.33,25.21,13.4639
27053.33,25.25,13.4639
27054.33,25.31,13.4639
27055.34,25.21,13.4639
27056.34,29.78,13.4641
27057.34,25.22,13.4641
27058.34,25.23,13.4641
27059.34,25.31,13.4641
27060.34,25.21,13.4641
27061.35,25.31,13.4641
27062.35,25.22,13.4641
27063.35,25.34,13.4641
27064.35,25.21,13.4641
27065.35,25.21,13.4641
27066.35,25.31,13.4641
27067.36,31.95,13.4643
27068.36,25.33,13.4643
27069.36,25.2,13.4643
27070.36,25.21,13.4643
27071.36,25.31,13.4643
27072.36,25.21,13.4643
27073.37,25.34,13.4643
27074.37,25.22,13.4643
27075.37,25.2,13.4643
27076.37,25.29,13.4643
27077.37,25.21,13.4643
27078.37,30.52,13.4644
27079.37,25.21,13.4644
27080.38,25.21,13.4644
27081.38,25.31,13.4644
27082.38,25.22,13.4644
27083.38,25.34,13.4644
27084.38,25.21,13.4644
27085.38,25.21,13.4644
27086.39,25.26,13.4644
27087.39,25.13,13.4646
27088.39,29.19,13.4646
27089.39,25.18,13.4645
27090.39,25.19,13.4646
27091.39,25.32,13.4646
27092.39,25.19,13.4646
27093.4,25.21,13.4647
27094.4,25.27,13.4647
27095.4,25.2,13.4647
27096.4,25.29,13.4647
27097.4,25.22,13.4647
27098.41,25.31,13.4648
27099.41,25.2,13.4648
27100.41,29.11,13.4649
27101.41,25.19,13.4649
27102.41,25.21,13.4649
27103.41,25.32,13.4649
27104.42,25.19,13.4649
27105.42,25.3,13.4649
27106.42,25.2,13.4649
27107.42,25.2,13.4649
27108.42,25.31,13.4649
27109.42,25.2,13.4649
27110.43,25.31,13.4649
27111.43,28.94,13.4649
27112.43,25.21,13.4649
27113.43,25.32,13.465
27114.43,25.2,13.465
27115.43,25.19,13.465
27116.43,25.28,13.465
27117.44,25.2,13.4651
27118.44,25.3,13.4651
27119.44,25.16,13.4651
27120.44,25.28,13.4651
27121.44,28.92,13.4652
27122.45,25.31,13.4652
27123.45,25.22,13.4652
27124.45,25.19,13.4654
27125.45,25.29,13.4654
27126.45,25.18,13.4654
27127.45,25.3,13.4654
27128.45,25.22,13.4654
27129.46,25.18,13.4654
27130.46,25.28,13.4654
27131.46,25.19,13.4654
27132.46,31.44,13.4655
27133.46,25.31,13.4655
27134.46,25.19,13.4655
27135.47,25.25,13.4655
27136.47,25.19,13.4655
27137.47,25.2,13.4655
27138.47,25.3,13.4655
27139.47,25.14,13.4655
27140.47,25.23,13.4655
27141.48,25.13,13.4655
27142.48,25.14,13.4655
27143.48,31.2,13.4656
27144.48,25.18,13.4656
27145.48,25.28,13.4656
27146.48,25.2,13.4656
27147.48,25.2,13.4657
27148.49,25.29,13.4657
27149.49,25.18,13.4657
27150.49,25.18,13.4657
27151.49,25.29,13.4657
27152.49,25.19,13.4657
27153.49,25.3,13.4657
27154.5,29.08,13.4658
27155.5,25.18,13.4658
27156.5,25.28,13.4658
27157.5,25.2,13.4658
27158.5,25.28,13.4658
27159.5,25.18,13.4658
27160.51,25.28,13.4658
27161.51,25.18,13.4658
27162.51,25.2,13.4658
27163.51,25.31,13.4658
27164.51,28.9,13.4658
27165.51,25.29,13.4658
27166.52,25.17,13.4658
27167.52,25.14,13.466
27168.52,25.26,13.466
27169.52,25.2,13.466
27170.52,25.29,13.466
27171.52,25.18,13.466
27172.52,25.2,13.466
27173.53,25.28,13.4661
27174.53,25.1,13.4661
27175.53,28.93,13.4662
27176.53,25.18,13.4662
27177.53,25.29,13.4662
27178.53,25.19,13.4662
27179.54,25.27,13.4662
27180.54,25.18,13.4662
27181.54,25.17,13.4662
27182.54,25.32,13.4662
27183.54,25.21,13.4662
27184.54,25.19,13.4662
27185.55,25.3,13.4662
27186.55,29.04,13.4663
27187.55,25.19,13.4663
27188.55,25.28,13.4663
27189.55,25.17,13.4663
27190.55,25.27,13.4663
27191.56,25.14,13.4663
27192.56,25.25,13.4663
27193.56,25.15,13.4663
27194.56,25.15,13.4663
27195.56,25.28,13.4663
27196.56,25.17,13.4663
27197.56,30.27,13.4663
27198.57,25.29,13.4663
27199.57,25.15,13.4663
27200.57,25.22,13.4663
27201.57,25.18,13.4663
27202.57,25.19,13.4665
27203.57,25.3,13.4666
27204.58,25.12,13.4666
27205.58,25.22,13.4666
27206.58,25.12,13.4666
27207.58,31.95,13.4667
27208.58,25.19,13.4667
27209.58,25.19,13.4667
27210.59,25.29,13.4667
27211.59,25.18,13.4667
27212.59,25.19,13.4667
27213.59,25.3,13.4667
27214.59,25.18,13.4667
27215.59,25.29,13.4667
27216.6,25.18,13.4667
27217.6,25.19,13.4667
27218.6,29.77,13.4671
27219.6,25.17,13.4671
27220.6,25.27,13.4671
27221.6,25.19,13.4671
27222.61,25.31,13.4672
27223.61,25.21,13.4672
27224.61,25.19,13.4672
27225.61,25.3,13.4672
27226.61,25.19,13.4672
27227.61,25.29,13.4672
27228.61,25.19,13.4672
27229.62,28.96,13.4672
27230.62,25.29,13.4672
27231.62,25.19,13.4672
27232.62,25.29,13.4672
27233.62,25.2,13.4672
27234.63,25.29,13.4672
27235.63,25.18,13.4673
27236.63,25.19,13.4673
27237.63,25.3,13.4673
27238.63,25.19,13.4673
27239.63,25.29,13.4673
27240.63,25.18,13.4673
27241.64,28.81,13.4674
27242.64,25.31,13.4674
27243.64,25.2,13.4676
27244.64,25.24,13.4676
27245.64,25.17,13.4675
27246.64,25.17,13.4675
27247.65,25.32,13.4676
27248.65,25.19,13.4676
27249.65,25.26,13.4676
27250.65,25.18,13.4676
27251.65,25.29,13.4676
27252.65,28.93,13.4677
27253.66,25.19,13.4677
27254.66,25.3,13.4677
27255.66,25.19,13.4677
27256.66,25.19,13.4677
27257.66,25.32,13.4678
27258.66,25.19,13.4677
27259.67,25.24,13.4677
27260.67,25.19,13.4677
27261.67,25.3,13.4677
27262.67,25.21,13.4679
27263.67,29.54,13.468
27264.67,25.27,13.468
27265.68,25.19,13.4681
27266.68,25.31,13.4681
27267.68,25.2,13.4681
27268.68,25.18,13.468
27269.68,25.27,13.468
27270.68,25.18,13.468
27271.69,25.28,13.468
27272.69,25.19,13.4681
27273.69,31.9,13.4682
27274.69,25.17,13.4682
27275.69,25.29,13.4682
27276.69,25.18,13.4682
27277.7,25.2,13.4682
27278.7,25.31,13.4682
27279.7,25.16,13.4682
27280.7,25.29,13.4682
27281.7,25.13,13.4682
27282.7,25.17,13.4682
27283.71,25.3,13.4682
27284.71,30.31,13.4682
27285.71,25.28,13.4681
27286.71,25.19,13.4681
27287.71,25.22,13.4682
27288.71,25.2,13.4681
27289.72,25.23,13.4681
27290.72,25.29,13.4681
27291.72,25.18,13.4681
27292.72,25.32,13.4684
27293.72,25.19,13.4684
27294.72,25.18,13.4684
27295.73,29.15,13.4684
27296.73,25.17,13.4684
27297.73,25.19,13.4684
27298.73,25.31,13.4684
27299.73,25.13,13.4684
27300.73,25.23,13.4684
27301.73,25.13,13.4684
27302.74,25.21,13.4684
27303.74,25.3,13.4684
27304.74,25.16,13.4684
27305.74,25.16,13.4684
27306.74,28.93,13.4686
27307.74,25.16,13.4686
27308.74,25.15,13.4686
27309.75,25.28,13.4686
27310.75,25.18,13.4686
27311.75,25.28,13.4686
27312.75,25.21,13.4687
27313.75,25.19,13.4687
27314.76,25.25,13.4687
27315.76,25.31,13.4687
27316.76,25.2,13.4687
27317.76,25.2,13.4687
27318.76,29.0,13.4689
27319.76,25.14,13.4689
27320.77,25.28,13.4689
27321.77,25.18,13.4688
27322.77,25.31,13.469
27323.77,25.19,13.4689
27324.77,25.18,13.4689
27325.77,25.28,13.4689
27326.78,25.18,13.4689
27327.78,25.29,13.4691
27328.78,25.18,13.4691
27329.78,28.96,13.4691
27330.78,25.18,13.4691
27331.78,25.17,13.4691
27332.79,25.33,13.4691
27333.79,25.18,13.4691
27334.79,25.23,13.4691
27335.79,25.19,13.4691
27336.79,25.29,13.4691
27337.79,25.2,13.4691
27338.8,25.19,13.4691
27339.8,31.74,13.4692
27340.8,25.18,13.4692
27341.8,25.19,13.4692
27342.8,25.29,13.4693
27343.8,25.17,13.4693
27344.81,25.29,13.4693
27345.81,25.19,13.4693
27346.81,25.28,13.4693
27347.81,25.19,13.4695
27348.81,25.2,13.4695
27349.81,25.3,13.4695
27350.81,30.87,13.4696
27351.82,25.11,13.4696
27352.82,25.23,13.4696
27353.82,25.11,13.4696
27354.82,25.25,13.4696
27355.82,25.18,13.4696
27356.83,25.29,13.4696
27357.83,25.2,13.4696
27358.83,25.2,13.4696
27359.83,25.27,13.4696
27360.83,25.18,13.4696
27361.83,29.17,13.4696
27362.84,25.21,13.4696
27363.84,25.19,13.4696
27364.84,25.29,13.4696
27365.84,25.18,13.4696
27366.84,25.29,13.4696
27367.84,25.2,13.4697
27368.84,25.18,13.4697
27369.85,25.31,13.4697
27370.85,25.18,13.4697
27371.85,25.18,13.4697
27372.85,29.08,13.4698
27373.85,25.15,13.4698
27374.85,25.24,13.4698
27375.85,25.19,13.4698
27376.86,25.19,13.4698
27377.86,25.29,13.4698
27378.86,25.13,13.4698
27379.86,25.23,13.4698
27380.86,25.18,13.4698
27381.86,25.12,13.4698
27382.87,25.25,13.4698
27383.87,28.9,13.4698
27384.87,25.22,13.4698
27385.87,25.12,13.4698
27386.87,25.22,13.4698
27387.87,25.15,13.47
27388.88,25.19,13.47
27389.88,25.28,13.47
27390.88,25.19,13.47
27391.88,25.28,13.47
27392.88,25.21,13.4701
27393.88,25.19,13.4701
27394.89,29.14,13.4701
27395.89,25.18,13.4701
27396.89,25.29,13.4701
27397.89,25.2,13.4701
27398.89,25.29,13.4701
27399.89,25.19,13.4701
27400.9,25.18,13.4701
27401.9,25.31,13.4701
27402.9,25.21,13.4701
27403.9,25.18,13.4701
27404.9,25.29,13.4701
27405.9,30.53,13.4702
27406.91,25.29,13.4702
27407.91,25.2,13.4703
27408.91,25.2,13.4703
27409.91,25.3,13.4703
27410.91,25.18,13.4703
27411.91,25.18,13.4703
27412.91,25.24,13.4704
27413.92,25.12,13.4704
27414.92,25.26,13.4704
27415.92,25.19,13.4704
27416.92,31.85,13.4706
27417.92,25.18,13.4706
27418.92,25.18,13.4706
27419.93,25.28,13.4706
27420.93,25.19,13.4706
27421.93,25.29,13.4706
27422.93,25.23,13.4706
27423.93,25.17,13.4707
27424.93,25.27,13.4707
27425.93,25.2,13.4707
27426.94,25.18,13.4707
27427.94,29.36,13.4707
27428.94,25.18,13.4707
27429.94,25.28,13.4707
27430.94,25.18,13.4707
27431.94,25.18,13.4707
27432.95,25.31,13.4707
27433.95,25.18,13.4707
27434.95,25.29,13.4707
27435.95,25.19,13.4707
27436.95,25.29,13.4707
27437.95,25.2,13.4707
27438.96,29.04,13.4708
27439.96,25.28,13.4708
27440.96,25.19,13.4708
27441.96,25.18,13.4708
27442.96,25.32,13.4709
27443.96,25.17,13.4709
27444.97,25.29,13.4709
27445.97,25.19,13.4709
27446.97,25.2,13.4709
27447.97,25.31,13.4709
27448.97,25.18,13.4709
27449.97,28.86,13.471
27450.97,25.27,13.471
27451.98,25.19,13.471
27452.98,25.32,13.471
27453.98,25.21,13.471
27454.98,25.19,13.471
27455.98,25.28,13.471
27456.98,25.19,13.471
27457.98,25.18,13.4712
27458.99,25.26,13.4712
27459.99,25.15,13.4712
27460.99,25.24,13.4712
27461.99,28.96,13.4712
27462.99,25.21,13.4713
27463.99,25.23,13.4713
27465.0,25.13,13.4713
27466.0,25.23,13.4713
27467.0,25.13,13.4713
27468.0,25.27,13.4713
27469.0,25.19,13.4713
27470.0,25.18,13.4713
27471.01,25.28,13.4713
27472.01,25.18,13.4713
27473.01,30.33,13.4714
27474.01,25.18,13.4714
27475.01,25.17,13.4714
27476.01,25.28,13.4714
27477.02,25.18,13.4714
27478.02,25.29,13.4715
27479.02,25.18,13.4715
27480.02,25.27,13.4715
27481.02,25.19,13.4715
27482.02,25.18,13.4715
27483.03,31.96,13.472
27484.03,25.2,13.472
27485.03,25.28,13.472
27486.03,25.18,13.472
27487.03,25.19,13.472
27488.03,25.3,13.472
27489.04,25.19,13.472
27490.04,25.3,13.472
27491.04,25.19,13.472
27492.04,25.18,13.472
27493.04,25.32,13.4721
27494.04,29.71,13.4721
27495.05,25.29,13.4721
27496.05,25.18,13.4721
27497.05,25.14,13.4721
27498.05,25.23,13.4723
27499.05,25.17,13.4723
27500.05,25.29,13.4723
27501.05,25.18,13.4723
27502.06,25.19,13.4723
27503.06,25.31,13.4723
27504.06,29.03,13.4724
27505.06,25.19,13.4724
27506.06,25.28,13.4724
27507.06,25.15,13.4724
27508.07,25.25,13.4724
27509.07,25.17,13.4724
27510.07,25.27,13.4724
27511.07,25.16,13.4724
27512.07,25.19,13.4724
27513.07,25.38,13.4726
27514.08,25.19,13.4726
27515.08,29.1,13.4727
27516.08,25.19,13.4727
27517.08,25.18,13.4727
27518.08,25.3,13.4727
27519.08,25.19,13.4727
27520.09,25.29,13.4727
27521.09,25.19,13.4727
27522.09,25.18,13.4727
27523.09,28.06,13.4727
27524.09,25.19,13.4727
27525.09,25.29,13.4727
27526.1,29.04,13.4729
27527.1,25.19,13.4729
27528.1,25.3,13.4729
27529.1,25.19,13.4729
27530.1,25.21,13.4729
27531.1,25.28,13.4729
27532.1,25.18,13.4729
27533.11,25.33,13.473
27534.11,25.19,13.473
27535.11,25.17,13.473
27536.11,25.28,13.473
27537.11,28.87,13.473
27538.11,25.22,13.473
27539.12,25.13,13.473
27540.12,25.21,13.473
27541.12,25.13,13.473
27542.12,25.12,13.473
27543.12,25.28,13.4731
27544.12,25.15,13.4731
27545.13,25.25,13.4731
27546.13,25.18,13.4731
27547.13,25.28,13.4731
27548.13,31.78,13.4732
27549.13,25.17,13.4732
27550.13,25.31,13.4732
27551.13,25.19,13.4732
27552.14,25.18,13.4732
27553.14,25.33,13.4734
27554.14,25.19,13.4734
27555.14,25.25,13.4734
27556.14,25.21,13.4734
27557.14,25.19,13.4734
27558.15,25.32,13.4734
27559.15,30.97,13.4735
27560.15,25.19,13.4735
27561.15,25.29,13.4735
27562.15,25.18,13.4735
27563.15,25.31,13.4736
27564.15,25.16,13.4736
27565.16,25.18,13.4736
27566.16,25.12,13.4736
27567.16,25.22,13.4736
27568.16,25.14,13.4736
27569.16,25.13,13.4736
27570.17,29.11,13.4736
27571.17,25.18,13.4736
27572.17,25.31,13.4736
27573.17,25.21,13.4736
27574.17,25.18,13.4736
27575.18,25.26,13.4736
27576.18,25.18,13.4736
27577.18,25.25,13.4736
27578.18,25.14,13.4737
27579.18,25.23,13.4737
27580.18,25.11,13.4737
27581.18,28.91,13.4738
27582.19,25.29,13.4738
27583.19,25.22,13.474
27584.19,25.26,13.474
27585.19,25.12,13.474
27586.19,25.16,13.474
27587.19,25.29,13.474
27588.2,25.15,13.474
27589.2,25.22,13.474
27590.2,25.1,13.474
27591.2,25.23,13.474
27592.2,25.14,13.474
27593.2,28.86,13.4741
27594.21,25.29,13.4741
27595.21,25.19,13.4741
27596.21,25.28,13.4741
27597.21,25.18,13.4741
27598.21,25.29,13.4741
27599.21,25.18,13.4741
27600.22,25.19,13.4741
27601.22,25.29,13.4741
27602.22,25.14,13.4741
27603.22,25.27,13.4742
27604.22,29.03,13.4742
27605.22,25.19,13.4742
27606.23,25.29,13.4742
27607.23,25.19,13.4742
27608.23,25.29,13.4743
27609.23,25.18,13.4743
27610.23,25.19,13.4743
27611.23,25.28,13.4743
27612.24,25.19,13.4743
27613.24,25.32,13.4743
27614.24,25.18,13.4743
27615.24,31.28,13.4744
27616.24,25.29,13.4744
27617.24,25.2,13.4744
27618.24,25.22,13.4744
27619.25,25.3,13.4744
27620.25,25.15,13.4744
27621.25,25.32,13.4744
27622.25,25.19,13.4744
27623.25,25.22,13.4744
27624.25,25.31,13.4744
27625.26,31.17,13.4746
27626.26,25.27,13.4746
27627.26,25.18,13.4746
27628.26,25.28,13.4746
27629.26,25.16,13.4746
27630.27,25.28,13.4746
27631.27,25.19,13.4746
27632.27,25.16,13.4746
27633.27,25.31,13.4746
27634.27,25.19,13.4746
27635.27,25.29,13.4746
27636.27,29.15,13.4746
27637.28,25.14,13.4746
27638.28,25.27,13.4746
27639.28,25.18,13.4746
27640.28,25.26,13.4746
27641.28,25.18,13.4746
27642.28,25.18,13.4746
27643.29,25.33,13.4746
27644.29,25.18,13.4746
27645.29,25.26,13.4746
27646.29,25.18,13.4746
27647.29,28.95,13.4747
27648.29,25.3,13.4747
27649.3,25.18,13.4747
27650.3,25.28,13.4747
27651.3,25.18,13.4747
27652.3,25.23,13.4747
27653.3,25.16,13.4748
27654.3,25.14,13.4748
27655.31,25.21,13.4748
27656.31,25.13,13.4748
27657.31,25.23,13.4748
27658.31,28.97,13.4748
27659.31,25.19,13.4748
27660.32,25.28,13.4748
27661.32,25.18,13.4748
27662.32,25.26,13.4748
27663.32,25.25,13.4748
27664.32,25.31,13.4748
27665.32,25.18,13.4748
27666.33,25.29,13.4748
27667.33,25.19,13.4748
27668.33,25.17,13.4748
27669.33,28.95,13.4749
27670.33,25.16,13.4749
27671.33,25.29,13.4749
27672.33,25.19,13.4749
27673.34,25.22,13.475
27674.34,25.29,13.475
27675.34,25.19,13.475
27676.34,25.3,13.475
27677.34,25.2,13.475
27678.34,25.21,13.475
27679.35,25.31,13.475
27680.35,30.98,13.4752
27681.35,25.31,13.4752
27682.35,25.2,13.4752
27683.35,25.22,13.4752
27684.35,25.32,13.4752
27685.36,25.14,13.4752
27686.36,25.28,13.4752
27687.36,25.18,13.4752
27688.36,25.3,13.4752
27689.36,25.19,13.4752
27690.36,25.19,13.4752
27691.37,31.61,13.4752
27692.37,25.21,13.4752
27693.37,25.33,13.4752
27694.37,25.2,13.4752
27695.37,25.29,13.4752
27696.37,25.19,13.4752
27697.38,25.2,13.4752
27698.38,25.3,13.4752
27699.38,25.19,13.4752
27700.38,25.28,13.4752
27701.38,29.2,13.4753
27702.38,25.16,13.4753
27703.39,25.28,13.4754
27704.39,25.18,13.4754
27705.39,25.24,13.4754
27706.39,25.13,13.4754
27707.39,25.14,13.4754
27708.39,25.23,13.4754
27709.4,25.14,13.4754
27710.4,25.28,13.4755
27711.4,25.18,13.4755
27712.4,29.08,13.4755
27713.4,25.21,13.4755
27714.4,25.19,13.4755
27715.41,25.28,13.4755
27716.41,25.19,13.4755
27717.41,25.27,13.4755
27718.41,25.19,13.4755
27719.41,25.19,13.4755
27720.41,25.28,13.4755
27721.42,25.2,13.4755
27722.42,25.3,13.4755
27723.42,28.9,13.4755
27724.42,25.29,13.4755
27725.42,25.2,13.4755
27726.42,25.18,13.4755
27727.43,25.3,13.4755
27728.43,25.18,13.4755
27729.43,25.19,13.4755
27730.43,25.28,13.4755
27731.43,25.18,13.4755
27732.43,25.3,13.4755
27733.44,25.2,13.4756
27734.44,26.92,13.4756
27735.44,27.32,13.4759
27736.44,25.28,13.4759
27737.44,25.19,13.4759
27738.44,25.19,13.4759
27739.45,25.31,13.4759
27740.45,25.17,13.4759
27741.45,25.29,13.4759
27742.45,25.2,13.4759
27743.45,25.21,13.4759
27744.45,25.29,13.4759
27745.46,30.33,13.476
27746.46,25.28,13.476
27747.46,25.21,13.476
27748.46,25.18,13.476
27749.46,25.29,13.476
27750.46,75.41,2.6623
27751.47,81.5,3.0209
27752.47,64.3,3.2769
27753.47,87.93,3.48
27754.47,85.26,3.8764
27755.47,77.54,4.2005
27756.47,77.25,4.541
27757.48,78.21,4.8452
27758.48,75.68,5.0929
27759.48,76.59,5.3678
27760.48,75.34,5.6173
27761.48,76.28,5.826
27762.48,77.22,6.0215
27763.48,70.02,6.2311
27764.49,60.68,6.4475
27765.49,45.98,6.6226
27766.49,29.82,6.8697
27767.49,35.37,7.0529
27768.49,36.88,7.2117
27769.49,41.7,7.3616
27770.5,62.52,7.7404
27771.5,42.46,7.7747
27772.5,25.12,7.8407
27773.5,25.19,7.8409
27774.5,25.78,7.8409
27775.5,25.18,7.8409
27776.51,46.43,7.8409
27777.51,43.1,7.841
27778.51,26.07,7.841
27779.51,35.1,7.8408
27780.51,50.61,8.1087
27781.51,29.87,8.209
27782.52,30.56,8.209
27783.52,29.2,8.209
27784.52,26.88,8.209
27785.52,27.44,8.209
27786.52,25.46,8.209
27787.52,28.83,8.209
27788.53,26.53,8.209
27789.53,25.28,8.209
27790.53,25.29,8.209
27791.53,37.28,8.209
27792.53,36.71,8.2091
27793.53,50.27,8.2091
27794.54,30.19,8.2091
27795.54,26.3,8.2091
27796.54,25.43,8.2091
27797.54,25.36,8.2091
27798.54,26.37,8.2091
27799.55,25.7,8.2091
27800.55,25.48,8.2091
27801.55,27.75,8.2091
27802.55,25.38,8.2091
27803.55,25.28,8.2091
27804.55,25.31,8.2091
27805.55,25.19,8.2091
27806.56,25.62,8.2091
27807.56,25.92,8.2091
27808.56,25.21,8.2091
27809.56,25.2,8.2091
27810.56,25.96,8.209
27811.57,25.31,8.209
27812.57,25.14,8.209
27813.57,25.22,8.2092
27814.57,25.32,8.2092
27815.57,25.2,8.2092
27816.57,25.3,8.2092
27817.58,25.2,8.2092
27818.58,25.21,8.2092
27819.58,25.37,8.2092
27820.58,25.42,8.2092
27821.58,27.21,8.2092
27822.58,25.4,8.2092
27823.58,25.12,8.2092
27824.59,25.25,8.2092
27825.59,25.18,8.2092
27826.59,25.44,8.2092
27827.59,25.38,8.2092
27828.59,25.2,8.2092
27829.59,25.84,8.2092
27830.6,25.11,8.2092
27831.6,26.86,8.2092
27832.6,26.04,8.2092
27833.6,25.29,8.2092
27834.6,25.3,8.2092
27835.6,25.19,8.2092
27836.61,31.31,8.2092
27837.61,48.22,8.3086
27838.61,25.78,8.3086
27839.61,25.73,8.3086
27840.61,25.36,8.3086
27841.61,32.74,8.3088
27842.61,48.49,4.1652
27843.62,67.69,2.7445
27844.62,84.28,2.9033
27845.62,83.48,3.2506
27846.62,83.27,3.578
27847.62,54.64,2.5922
27848.62,84.13,2.8847
27849.62,75.37,3.2531
27850.63,90.62,3.3883
27851.63,81.45,3.6297
27852.63,75.19,3.9547
27853.63,77.37,4.2106
27854.63,75.83,4.4721
27855.63,76.93,4.7933
27856.63,75.7,5.0307
27857.64,75.97,5.2589
27858.64,75.65,5.5712
27859.64,75.6,5.8126
27860.64,75.89,6.0443
27861.64,77.05,6.2535
27862.64,71.78,6.471
27863.64,58.05,6.6759
27864.65,74.46,6.837
27865.65,53.9,7.0217
27866.65,49.6,7.2177
27867.65,53.09,7.4337
27868.65,48.74,7.741
27869.65,34.55,7.741
27870.66,25.17,7.741
27871.66,25.27,7.741
27872.66,25.19,7.741
27873.66,25.2,7.8413
27874.66,26.15,7.8413
27875.66,31.65,7.8413
27876.67,31.49,7.8413
27877.67,40.78,8.0903
27878.67,27.64,8.1975
27879.67,32.54,8.1977
27880.67,28.28,8.1977
27881.68,25.28,8.1977
27882.68,29.25,8.1977
27883.68,26.64,8.1977
27884.68,25.26,8.1977
27885.68,25.39,8.1977
27886.68,26.14,8.1977
27887.69,25.48,8.1977
27888.69,25.65,8.1977
27889.69,25.41,8.1977
27890.69,25.68,8.1977
27891.69,32.12,8.1977
27892.69,26.31,8.1978
27893.7,27.15,8.1978
27894.7,25.21,8.1978
27895.7,25.33,8.1978
27896.7,26.09,8.1978
27897.7,26.16,8.1978
27898.7,25.23,8.1978
27899.7,25.24,8.1978
27900.71,25.3,8.1978
27901.71,25.6,8.1978
27902.71,25.22,8.1978
27903.71,25.3,8.1978
27904.71,25.95,8.1978
27905.71,30.0,8.1978
27906.71,25.91,8.1978
27907.72,25.14,8.1978
27908.72,25.53,8.1978
27909.72,26.2,8.1978
27910.72,25.79,8.1978
27911.72,64.8,5.6299
27912.72,61.8,2.7274
27913.73,81.44,3.0936
27914.73,75.53,3.2861
27915.73,87.78,3.4648
27916.73,79.75,3.738
27917.73,79.1,4.0348
27918.73,76.69,4.29
27919.73,75.87,4.5578
27920.74,76.13,4.8036
27921.74,76.13,5.0023
27922.74,75.51,5.2405
27923.74,75.9,5.5647
27924.74,75.1,5.8218
27925.75,75.69,6.0633
27926.75,75.87,6.2864
27927.75,75.48,6.5074
27928.75,75.5,6.7132
27929.75,75.24,6.8794
27930.75,76.03,7.0483
27931.75,71.25,7.2359
27932.76,62.38,7.452
27933.76,67.48,7.7963
27934.76,55.77,7.9046
27935.76,25.27,7.9046
27936.76,25.2,7.9046
27937.76,25.25,7.893
27938.77,28.24,7.893
27939.77,26.31,7.893
27940.77,29.18,7.893
27941.77,29.22,7.893
27942.77,37.82,8.098
27943.77,31.47,8.2049
27944.78,33.3,8.2052
27945.78,29.14,8.2052
27946.78,26.82,8.2052
27947.78,43.58,8.2052
27948.78,25.37,8.2052
27949.78,31.18,8.2052
27950.79,26.77,8.2052
27951.79,32.55,8.2052
27952.79,25.69,8.2052
27953.79,25.3,8.2052
27954.79,26.04,8.2052
27955.79,33.23,8.2052
27956.79,27.57,8.2052
27957.8,27.9,8.2052
27958.8,25.49,8.2052
27959.8,26.33,8.2052
27960.8,26.92,8.2052
27961.8,25.18,8.2052
27962.8,25.24,8.2053
27963.81,25.39,8.2053
27964.81,25.2,8.2053
27965.81,25.44,8.2053
27966.81,25.3,8.2053
27967.81,25.25,8.2053
27968.81,25.34,8.2053
27969.82,25.21,8.2053
27970.82,25.38,8.2053
27971.82,25.57,8.2053
27972.82,25.94,8.2053
27973.82,26.32,8.2053
27974.82,45.86,8.2053
27975.82,49.83,3.0655
27976.83,66.24,2.7167
27977.83,79.43,3.0811
27978.83,79.88,3.2031
27979.83,85.55,3.5703
27980.83,87.53,3.9129
27981.83,82.79,4.2078
27982.83,62.27,2.5669
27983.84,80.31,2.8088
27984.84,88.08,3.0409
27985.84,78.77,3.3603
27986.84,77.0,3.6641
27987.84,79.87,3.4836
27988.84,66.17,2.7272
27989.85,80.32,2.9051
27990.85,91.11,3.1395
27991.85,82.14,3.4531
27992.85,78.56,3.7328
27993.85,76.2,3.9877
27994.85,77.09,4.2909
27995.85,48.44,2.572
27996.85,69.21,2.7366
27997.86,71.33,2.7062
27998.86,71.16,2.6135
27999.86,83.91,2.8418
28000.86,90.24,3.0014
28001.86,83.55,3.2539
28002.86,81.39,3.4823
28003.86,64.5,2.6653
28004.87,76.89,2.8768
28005.87,87.57,3.0587
28006.87,59.36,2.5425
28007.87,72.52,2.7657
28008.87,85.09,2.9065
28009.87,86.67,3.1173
28010.87,38.28,2.5858
28011.88,81.14,2.8367
28012.88,87.67,2.9927
28013.88,66.38,3.2621
28014.88,56.06,2.6406
28015.88,79.51,2.8199
28016.88,88.37,3.0197
28017.88,73.9,2.5708
28018.89,75.25,2.7727
28019.89,87.38,2.9232
28020.89,68.1,2.638
28021.89,79.3,2.7898
28022.89,76.69,1.9792
28023.89,6.4,0.3275
