Time_Sec,CPU_Percent_Total,Memory_GB
1.0,58.33,1.0168
2.0,64.02,1.2554
3.0,73.4,1.5253
4.01,68.07,1.7594
5.01,83.63,1.852
6.01,87.05,1.9743
7.01,79.13,2.1502
8.01,80.69,2.2851
9.01,84.67,2.4228
10.01,79.55,2.6755
11.01,80.26,2.9037
12.02,93.17,3.0372
13.02,83.14,3.1801
14.02,78.97,3.5732
15.02,81.24,3.9923
16.02,79.34,4.3911
17.02,78.23,4.8134
18.02,76.36,5.2151
19.03,76.45,5.6488
20.03,75.65,6.1741
21.03,79.2,6.5808
22.03,76.01,6.9399
23.03,65.69,2.5688
24.03,87.38,2.9046
25.03,92.85,3.1388
26.04,79.35,3.5329
27.04,81.88,3.8738
28.04,78.85,4.171
29.04,78.48,4.6781
30.04,77.35,5.1146
31.04,76.78,5.5588
32.04,76.61,6.1046
33.05,80.18,6.5264
34.05,77.09,6.8989
35.05,59.86,2.5573
36.05,85.4,2.7875
37.05,69.26,2.6694
38.05,74.85,2.8038
39.05,79.01,2.6101
40.06,84.03,2.9156
41.06,87.14,3.0896
42.06,81.65,3.2791
43.06,59.39,2.542
44.06,78.97,2.7144
45.06,87.62,2.892
46.06,67.4,2.5536
47.06,78.88,2.7232
48.07,88.6,2.9548
49.07,80.65,3.1334
50.07,73.57,2.7319
51.07,86.64,2.4855
52.07,69.14,2.7699
53.07,81.54,2.8872
54.07,76.22,2.7654
55.07,87.05,2.6441
56.08,75.4,2.8628
57.08,74.9,2.709
58.08,76.99,2.9099
59.08,82.99,2.6822
60.08,82.98,2.9034
61.08,92.26,3.113
62.08,83.31,3.3525
63.09,69.74,3.6757
64.09,64.48,2.7937
65.09,90.68,3.0076
66.09,79.35,2.6859
67.09,73.01,2.8652
68.09,86.65,2.9974
69.09,86.16,3.345
70.09,61.69,2.7488
71.1,80.89,2.9077
72.1,91.27,3.0988
73.1,83.59,3.333
74.1,63.89,2.7703
75.1,82.54,2.9225
76.1,76.21,2.6882
77.1,71.96,2.8636
78.11,88.05,3.022
79.11,68.51,2.7803
80.11,92.34,3.0103
81.11,71.41,2.7987
82.11,78.81,3.0388
83.11,94.18,3.1785
84.11,84.57,3.3746
85.12,78.74,3.8561
86.12,71.25,4.2973
87.12,62.8,2.7861
88.12,78.31,3.0229
89.12,91.02,3.1915
90.12,79.51,3.617
91.12,70.53,4.1228
92.13,75.34,4.6672
93.13,77.81,5.1089
94.13,60.64,2.8017
95.13,86.95,3.1406
96.13,88.79,3.3045
97.13,86.49,3.5039
98.13,81.19,3.7301
99.13,77.99,2.6182
100.14,70.14,2.8834
101.14,77.37,2.9979
102.14,81.77,3.2615
103.14,69.1,2.7323
104.14,87.04,2.9436
105.14,82.39,2.6874
106.14,76.29,2.9031
107.15,90.0,3.0235
108.15,69.2,2.7434
109.15,77.54,2.905
110.15,69.33,2.7162
111.15,83.91,2.9006
112.15,72.3,2.7161
113.15,78.67,2.8859
114.15,76.03,2.7094
115.15,79.31,2.888
116.16,92.66,2.9091
117.16,70.43,2.8633
118.16,80.09,2.961
119.16,67.81,2.8287
120.16,82.07,3.1273
121.16,67.96,3.5086
122.16,62.84,3.8858
123.16,56.82,4.2178
124.17,92.43,4.4368
125.17,83.91,4.569
126.17,73.42,4.7384
127.17,78.65,4.9273
128.17,56.4,5.0896
129.17,75.88,5.2809
130.17,75.51,5.494
131.17,68.29,5.7765
132.18,71.4,6.297
133.18,69.29,6.7232
134.18,75.6,6.9567
135.18,78.63,7.1912
136.18,76.2,7.4268
137.18,83.19,7.9335
138.18,76.9,8.1704
139.19,58.83,8.1686
140.19,72.46,8.1692
141.19,53.61,8.1725
142.19,54.86,8.1725
143.19,75.17,8.2726
144.19,51.03,8.2672
145.19,38.03,8.2672
146.2,56.27,8.2672
147.2,34.94,8.2674
148.2,36.21,8.2674
149.2,34.03,8.2674
150.2,25.4,8.2674
151.2,30.0,8.2674
152.21,31.54,8.2674
153.21,58.44,8.8383
154.21,33.29,8.8864
155.21,44.41,8.8865
156.21,38.35,8.8865
157.21,35.36,8.8865
158.21,27.04,8.8865
159.22,25.2,8.8865
160.22,31.05,8.8865
161.22,40.31,8.8865
162.22,32.98,8.8865
163.22,26.68,8.8865
164.22,25.94,8.8865
165.23,25.41,8.8865
166.23,26.9,8.8865
167.23,26.29,8.8865
168.23,28.1,8.8865
169.23,26.45,8.8865
170.23,49.19,9.0089
171.23,49.51,9.0886
172.24,68.35,9.0891
173.24,60.73,9.0932
174.24,43.29,9.0933
175.24,65.52,9.0989
176.24,66.82,9.1634
177.24,34.36,9.1605
178.24,27.42,9.1605
179.25,25.31,9.1514
180.25,26.29,9.1514
181.25,28.23,9.1514
182.25,25.42,9.1514
183.25,26.15,9.1514
184.25,25.37,9.1514
185.26,25.15,9.1514
186.26,25.31,9.1514
187.26,25.27,9.1514
188.26,25.19,9.1514
189.26,25.32,9.1514
190.26,25.2,9.1514
191.27,25.31,9.1514
192.27,25.39,9.1514
193.27,25.21,9.1514
194.27,25.85,9.1514
195.27,25.2,9.1514
196.27,25.3,9.1514
197.27,25.23,9.1514
198.28,25.23,9.1514
199.28,25.31,9.1514
200.28,25.33,9.1514
201.28,25.27,9.1514
202.28,25.31,9.1514
203.28,25.18,9.1514
204.29,25.23,9.1514
205.29,25.13,9.1514
206.29,25.26,9.1514
207.29,25.29,9.1514
208.29,25.17,9.1514
209.29,25.29,9.1514
210.3,25.19,9.1514
211.3,25.31,9.1514
212.3,25.33,9.1514
213.3,25.18,9.1514
214.3,25.28,9.1514
215.3,25.18,9.1514
216.3,25.23,9.1514
217.31,25.35,9.1514
218.31,25.19,9.1514
219.31,25.27,9.1514
220.31,25.18,9.1514
221.31,25.19,9.1514
222.31,25.35,9.1514
223.31,25.26,9.1514
224.32,25.19,9.1514
225.32,25.51,9.1514
226.32,25.18,9.1514
227.32,25.19,9.1514
228.32,25.28,9.1514
229.32,25.19,9.1514
230.32,25.21,9.1514
231.33,25.3,9.1514
232.33,25.28,9.1514
233.33,25.19,9.1514
234.33,25.85,9.1514
235.33,33.25,9.1514
236.33,25.21,9.1514
237.33,25.3,9.1514
238.34,25.49,9.1514
239.34,25.24,9.1514
240.34,25.13,9.1514
241.34,25.43,9.1514
242.34,25.34,9.1514
243.34,25.13,9.1514
244.35,25.24,9.1514
245.35,25.13,9.1514
246.35,25.15,9.1514
247.35,25.26,9.1514
248.35,25.18,9.1513
249.35,25.28,9.1513
250.35,25.18,9.1513
251.36,25.19,9.1513
252.36,25.37,9.1513
253.36,25.18,9.1513
254.36,25.28,9.1513
255.36,25.31,9.1516
256.36,25.21,9.1516
257.37,25.36,9.1517
258.37,25.35,9.1517
259.37,25.18,9.1517
260.37,25.25,9.1517
261.37,25.33,9.1517
262.37,25.25,9.1517
263.37,25.29,9.1517
264.38,25.19,9.1517
265.38,25.18,9.1517
266.38,25.33,9.1517
267.38,25.18,9.1517
268.38,25.29,9.1517
269.38,25.25,9.1517
270.38,25.19,9.1517
271.39,25.31,9.1517
272.39,25.27,9.1517
273.39,25.29,9.1517
274.39,25.18,9.1517
275.39,25.18,9.1517
276.39,25.3,9.1517
277.4,25.23,9.1517
278.4,25.26,9.1517
279.4,25.3,9.1517
280.4,25.19,9.1517
281.4,25.31,9.1517
282.4,25.25,9.1517
283.4,25.19,9.1517
284.41,25.3,9.1517
285.41,25.19,9.1517
286.41,25.31,9.1517
287.41,25.19,9.1517
288.41,25.13,9.1517
289.41,25.29,9.1517
290.41,25.19,9.1517
291.42,25.2,9.1517
292.42,25.28,9.1517
293.42,25.23,9.1517
294.42,25.17,9.1517
295.42,25.29,9.1517
296.42,25.38,9.1517
297.42,25.19,9.1517
298.43,25.32,9.1517
299.43,25.29,9.1517
300.43,25.2,9.1517
301.43,25.31,9.1517
302.43,25.42,9.1517
303.43,25.2,9.1517
304.43,25.3,9.1517
305.44,25.19,9.1517
306.44,25.32,9.1517
307.44,25.24,9.1517
308.44,25.23,9.1517
309.44,25.25,9.1517
310.44,25.12,9.1517
311.45,25.24,9.1517
312.45,25.31,9.1517
313.45,25.2,9.1517
314.45,25.3,9.1517
315.45,25.14,9.1517
316.45,25.18,9.1517
317.45,25.27,9.1517
318.46,25.14,9.1517
319.46,25.26,9.1517
320.46,25.13,9.1516
321.46,25.14,9.1516
322.46,40.09,9.1518
323.46,34.6,9.1518
324.47,25.33,9.1518
325.47,25.19,9.1518
326.47,31.68,9.1518
327.47,26.05,9.1518
328.47,33.49,9.1518
329.47,25.33,9.1518
330.47,25.15,9.1518
331.48,25.42,9.1518
332.48,33.94,9.1518
333.48,26.36,9.1523
334.48,44.1,9.1523
335.48,27.23,9.1523
336.48,25.74,9.1523
337.49,25.3,9.1523
338.49,28.35,9.1523
339.49,29.84,9.1523
340.49,40.89,9.1524
341.49,25.28,9.1525
342.49,25.32,9.1525
343.5,25.14,9.1525
344.5,25.15,9.1525
345.5,65.39,9.4367
346.5,25.2,9.4367
347.5,60.18,9.4639
348.5,36.05,9.5146
349.5,32.46,9.5707
350.51,33.69,9.6325
351.51,53.06,5.2814
352.51,68.42,3.0925
353.51,79.0,3.3499
354.51,89.87,3.4791
355.51,84.27,3.5724
356.51,75.81,3.1796
357.52,91.9,3.3709
358.52,81.12,3.6379
359.52,86.78,3.8359
360.52,69.81,3.1482
361.52,91.03,3.4373
362.52,86.3,3.7967
363.52,79.62,4.0805
364.53,79.21,4.3859
365.53,77.18,4.7601
366.53,76.25,5.221
367.53,76.76,5.6784
368.53,77.29,6.1352
369.53,76.91,6.559
370.53,80.24,6.9763
371.54,74.31,7.4002
372.54,60.9,7.9878
373.54,60.22,7.9901
374.54,43.01,7.9901
375.54,77.54,7.9905
376.54,80.32,8.0761
377.54,57.93,8.0991
378.55,66.03,8.0999
379.55,67.33,8.0992
380.55,63.32,8.1309
381.55,51.65,3.0552
382.55,73.98,2.9569
383.55,89.14,3.207
384.55,73.19,3.0746
385.55,78.26,3.6115
386.56,58.59,4.2065
387.56,63.81,4.55
388.56,89.74,4.9242
389.56,84.86,5.2333
390.56,79.38,5.4313
391.56,77.62,5.6226
392.56,77.52,5.8687
393.57,76.4,6.0736
394.57,75.73,6.3095
395.57,75.82,6.5309
396.57,75.13,6.6747
397.57,76.0,6.9732
398.57,76.29,7.2438
399.58,75.53,7.4352
400.58,75.14,7.6457
401.58,81.74,8.3245
402.58,75.07,8.4207
403.58,76.11,8.4236
404.58,75.46,8.427
405.59,76.61,8.4273
406.59,76.02,8.4276
407.59,75.29,8.4276
408.59,75.77,8.5294
409.59,75.05,8.5297
410.59,68.14,8.5302
411.59,47.86,8.5306
412.59,35.63,8.5306
413.6,40.74,8.5309
414.6,31.16,8.5257
415.6,34.64,8.5257
416.6,56.32,8.5257
417.6,72.75,8.5261
418.6,63.16,8.5274
419.6,62.74,8.5274
420.61,55.55,8.612
421.61,75.11,9.2428
422.61,36.65,9.2449
423.61,27.95,9.2449
424.61,35.49,9.2449
425.61,26.78,9.2449
426.62,26.13,9.2449
427.62,33.1,9.2449
428.62,30.02,9.2449
429.62,26.1,9.2449
430.62,27.29,9.2449
431.62,28.72,9.2449
432.62,31.31,9.2449
433.63,31.91,9.2449
434.63,35.97,9.2449
435.63,37.41,9.2449
436.63,44.84,9.245
437.63,27.7,9.245
438.63,31.1,9.245
439.64,58.93,9.4701
440.64,31.63,9.4628
441.64,50.01,9.4629
442.64,25.2,9.4629
443.64,31.21,9.4629
444.64,39.83,9.4629
445.65,31.33,9.4629
446.65,48.25,9.4629
447.65,54.61,9.4633
448.65,72.01,9.4704
449.65,30.68,9.4681
450.65,25.33,9.4681
451.65,26.08,9.4683
452.66,25.43,9.4683
453.66,26.05,9.4683
454.66,26.14,9.4683
455.66,25.7,9.4683
456.66,25.64,9.4683
457.66,25.68,9.4683
458.67,50.42,9.4683
459.67,65.26,9.6277
460.67,38.14,9.7813
461.67,26.94,9.7813
462.67,25.23,9.7813
463.67,25.21,9.7813
464.67,25.3,9.7813
465.68,26.07,9.7813
466.68,25.38,9.7813
467.68,25.19,9.7813
468.68,25.19,9.7813
469.68,25.29,9.7813
470.68,27.03,9.7813
471.69,25.63,9.7813
472.69,25.42,9.7813
473.69,25.29,9.7813
474.69,25.67,9.7813
475.69,25.21,9.7813
476.69,25.9,9.7813
477.69,68.64,10.036
478.69,33.15,10.105
479.7,25.2,10.105
480.7,25.32,10.105
481.7,33.69,10.105
482.7,55.77,10.105
483.7,76.8,10.1052
484.7,74.8,10.1236
485.7,76.08,10.1487
486.71,64.95,10.1721
487.71,58.91,10.1763
488.71,42.53,10.1763
489.71,25.47,10.1457
490.71,26.81,10.1457
491.71,45.29,10.1457
492.72,35.14,10.1457
493.72,25.16,10.1457
494.72,25.22,10.1457
495.72,25.13,10.1457
496.72,25.24,10.1457
497.72,25.47,10.1457
498.72,25.24,10.1457
499.73,25.29,10.1457
500.73,25.2,10.1457
501.73,25.3,10.1457
502.73,25.89,10.1457
503.73,25.17,10.1457
504.73,25.17,10.1457
505.73,25.3,10.1457
506.73,25.2,10.1457
507.74,25.15,10.1457
508.74,25.66,10.1457
509.74,25.18,10.1457
510.74,25.19,10.1457
511.74,25.61,10.1457
512.74,25.47,10.1457
513.75,25.76,10.1457
514.75,25.17,10.1457
515.75,25.19,10.1457
516.75,25.28,10.1457
517.75,25.19,10.1457
518.75,25.28,10.1457
519.76,25.17,10.1457
520.76,25.19,10.1457
521.76,25.3,10.1457
522.76,25.29,10.1457
523.76,26.25,10.1457
524.76,25.28,10.1457
525.76,27.95,10.1457
526.76,25.18,10.1457
527.77,25.27,10.1457
528.77,25.4,10.1457
529.77,25.28,10.1457
530.77,25.43,10.1457
531.77,25.18,10.1457
532.77,25.33,10.1457
533.77,25.31,10.1457
534.78,25.19,10.1457
535.78,25.29,10.1457
536.78,25.78,10.1457
537.78,25.18,10.1457
538.78,25.86,10.1457
539.78,25.18,10.1457
540.79,25.28,10.1457
541.79,25.17,10.1457
542.79,25.22,10.1457
543.79,25.26,10.1457
544.79,25.16,10.1457
545.79,25.31,10.1457
546.79,25.26,10.1457
547.8,25.19,10.1457
548.8,25.18,10.1457
549.8,25.29,10.1457
550.8,25.34,10.1457
551.8,26.24,10.1457
552.8,25.24,10.1457
553.8,25.13,10.1457
554.81,25.23,10.1457
555.81,25.14,10.1457
556.81,25.18,10.1457
557.81,25.27,10.1457
558.81,25.17,10.1457
559.81,25.28,10.1457
560.82,25.19,10.1457
561.82,25.18,10.1457
562.82,25.31,10.1457
563.82,25.17,10.1457
564.82,25.27,10.1457
565.82,25.24,10.1457
566.82,25.17,10.1457
567.83,25.27,10.1457
568.83,25.16,10.1457
569.83,25.27,10.1457
570.83,25.19,10.1457
571.83,25.17,10.1457
572.83,25.33,10.1457
573.84,25.17,10.1457
574.84,25.17,10.1457
575.84,25.29,10.1457
576.84,25.18,10.1457
577.84,25.28,10.1457
578.84,25.17,10.1457
579.84,25.17,10.1457
580.85,25.29,10.1457
581.85,25.18,10.1457
582.85,25.53,10.1457
583.85,25.18,10.1457
584.85,25.18,10.1457
585.85,25.26,10.1457
586.86,25.18,10.1457
587.86,25.17,10.1457
588.86,25.27,10.1457
589.86,25.17,10.1457
590.86,25.3,10.1457
591.86,25.25,10.1457
592.86,25.17,10.1458
593.87,25.29,10.1458
594.87,25.17,10.1458
595.87,25.15,10.1458
596.87,25.23,10.1458
597.87,25.12,10.1458
598.87,25.12,10.1458
599.87,25.22,10.1458
600.88,25.13,10.1458
601.88,25.29,10.1458
602.88,25.16,10.1458
603.88,52.37,10.1458
604.88,44.53,10.3037
605.88,25.19,10.3037
606.88,25.12,10.3037
607.89,25.3,10.3037
608.89,25.18,10.3037
609.89,25.22,10.3037
610.89,25.13,10.3037
611.89,25.17,10.3037
612.89,25.29,10.3037
613.9,25.18,10.3037
614.9,25.26,10.3037
615.9,25.13,10.3037
616.9,25.12,10.3037
617.9,25.28,10.3037
618.9,25.17,10.3037
619.9,25.18,10.3037
620.91,25.3,10.3037
621.91,25.17,10.3037
622.91,25.28,10.3037
623.91,25.29,10.3037
624.91,25.18,10.3037
625.91,25.19,10.3037
626.91,25.29,10.3037
627.91,25.12,10.3037
628.92,25.17,10.3037
629.92,25.2,10.3037
630.92,25.62,10.3037
631.92,25.14,10.3037
632.92,25.26,10.3037
633.92,25.25,10.3037
634.92,25.57,10.3037
635.92,25.19,10.3037
636.93,25.27,10.3037
637.93,25.24,10.3037
638.93,25.25,10.3037
639.93,25.2,10.3037
640.93,26.34,10.3043
641.93,25.13,10.3037
642.93,25.3,10.3037
643.94,25.16,10.3037
644.94,25.26,10.3037
645.94,25.21,10.3037
646.94,25.17,10.3039
647.94,25.26,10.3038
648.94,25.16,10.3038
649.95,25.27,10.3038
650.95,25.18,10.3038
651.95,25.16,10.3038
652.95,25.26,10.3038
653.95,25.66,10.3043
654.95,25.22,10.3043
655.95,25.14,10.3043
656.96,25.15,10.3043
657.96,25.25,10.3043
658.96,25.12,10.3043
659.96,25.12,10.3043
660.96,25.23,10.3043
661.96,25.16,10.3043
662.97,25.26,10.3043
663.97,25.11,10.3043
664.97,25.83,10.3043
665.97,25.27,10.3043
666.97,25.11,10.3043
667.97,25.25,10.3043
668.98,25.16,10.3043
669.98,25.17,10.3043
670.98,25.28,10.3043
671.98,25.13,10.3043
672.98,25.3,10.3043
673.98,25.11,10.3043
674.98,25.11,10.3043
675.99,25.25,10.3043
676.99,25.11,10.3043
677.99,25.11,10.3043
678.99,25.22,10.3043
679.99,25.21,10.3043
680.99,25.26,10.3042
682.0,25.13,10.3042
683.0,25.16,10.3043
684.0,25.22,10.3043
685.0,26.15,10.3043
686.0,25.28,10.3043
687.0,25.16,10.3043
688.0,25.16,10.3043
689.01,25.22,10.3043
690.01,25.11,10.3043
691.01,25.24,10.3043
692.01,25.12,10.3043
693.01,25.15,10.3043
694.01,25.24,10.3043
695.01,25.17,10.3043
696.02,25.19,10.3043
697.02,25.29,10.3043
698.02,25.17,10.3043
699.02,25.16,10.3043
700.02,25.8,10.3043
701.02,26.04,10.3043
702.02,25.13,10.3043
703.03,25.26,10.3043
704.03,25.12,10.3043
705.03,26.92,10.3043
706.03,25.27,10.3043
707.03,25.15,10.3043
708.03,25.17,10.3043
709.03,25.28,10.3043
710.04,25.12,10.3043
711.04,25.23,10.3043
712.04,25.12,10.3043
713.04,25.14,10.3043
714.04,25.21,10.3043
715.04,25.12,10.3043
716.05,25.23,10.3043
717.05,25.11,10.3043
718.05,25.11,10.3043
719.05,25.21,10.3043
720.05,25.11,10.3043
721.05,25.26,10.3043
722.05,25.17,10.3043
723.06,25.17,10.3043
724.06,25.21,10.3043
725.06,25.11,10.3043
726.06,25.12,10.3043
727.06,25.22,10.3043
728.06,25.1,10.3043
729.07,25.21,10.3043
730.07,25.11,10.3043
731.07,25.18,10.3043
732.07,25.82,10.3043
733.07,25.16,10.3043
734.07,25.27,10.3043
735.07,25.17,10.3043
736.08,25.18,10.3043
737.08,25.26,10.3043
738.08,25.17,10.3043
739.08,25.16,10.3043
740.08,25.26,10.3043
741.08,25.17,10.3043
742.09,25.23,10.3043
743.09,25.15,10.3043
744.09,25.12,10.3043
745.09,25.22,10.3043
746.09,25.13,10.3043
747.09,25.22,10.3043
748.09,25.12,10.3043
749.1,25.12,10.3043
750.1,25.25,10.3043
751.1,25.18,10.3043
752.1,25.17,10.3043
753.1,25.3,10.3043
754.1,25.17,10.3043
755.11,25.27,10.3043
756.11,25.18,10.3043
757.11,25.19,10.3043
758.11,25.27,10.3043
759.11,25.17,10.3043
760.11,25.26,10.3043
761.12,25.12,10.3043
762.12,25.15,10.3043
763.12,25.5,10.3043
764.12,25.15,10.3043
765.12,25.21,10.3043
766.12,25.13,10.3043
767.12,25.12,10.3043
768.13,25.22,10.3043
769.13,25.12,10.3043
770.13,25.14,10.3043
771.13,25.28,10.3043
772.13,25.17,10.3043
773.13,25.67,10.3043
774.14,25.15,10.3043
775.14,25.17,10.3043
776.14,25.28,10.3043
777.14,25.17,10.3043
778.14,25.27,10.3043
779.14,25.17,10.3043
780.14,25.17,10.3043
781.15,25.26,10.3043
782.15,25.11,10.3043
783.15,25.26,10.3043
784.15,25.12,10.3043
785.15,25.12,10.3043
786.15,25.24,10.3043
787.15,25.14,10.3043
788.16,25.16,10.3043
789.16,25.28,10.3043
790.16,25.17,10.3043
791.16,25.14,10.3043
792.16,25.26,10.3043
793.16,25.19,10.3043
794.17,25.26,10.3043
795.17,25.17,10.3043
796.17,25.18,10.3043
797.17,25.23,10.3043
798.17,25.12,10.3043
799.17,25.14,10.3043
800.17,25.26,10.3043
801.18,25.19,10.3043
802.18,25.16,10.3043
803.18,25.29,10.3043
804.18,25.16,10.3043
805.18,25.26,10.3043
806.18,25.18,10.3043
807.18,25.21,10.3043
808.19,25.27,10.3043
809.19,25.18,10.3044
810.19,25.28,10.3044
811.19,25.19,10.3044
812.19,25.18,10.3044
813.19,25.31,10.3044
814.2,25.17,10.3044
815.2,25.14,10.3044
816.2,25.22,10.3044
817.2,25.13,10.3044
818.2,25.21,10.3044
819.2,25.11,10.3044
820.2,25.11,10.3044
821.21,25.24,10.3044
822.21,25.14,10.3044
823.21,25.21,10.3044
824.21,25.11,10.3044
825.21,25.12,10.3044
826.21,25.25,10.3044
827.22,25.17,10.3044
828.22,25.26,10.3044
829.22,25.17,10.3044
830.22,25.15,10.3044
831.22,25.22,10.3044
832.22,25.15,10.3044
833.22,25.11,10.3044
834.23,25.25,10.3044
835.23,25.17,10.3044
836.23,25.18,10.3044
837.23,25.28,10.3044
838.23,25.16,10.3044
839.23,25.16,10.3044
840.23,25.26,10.3044
841.24,25.15,10.3044
842.24,25.15,10.3044
843.24,25.22,10.3044
844.24,25.11,10.3044
845.24,25.22,10.3044
846.24,25.13,10.3044
847.24,25.13,10.3044
848.25,25.21,10.3044
849.25,25.11,10.3044
850.25,25.21,10.3044
851.25,25.12,10.3044
852.25,25.19,10.3044
853.25,25.24,10.3044
854.26,25.11,10.3044
855.26,25.21,10.3044
856.26,25.13,10.3044
857.26,25.12,10.3044
858.26,25.22,10.3044
859.26,25.12,10.3044
860.27,25.12,10.3044
861.27,25.23,10.3044
862.27,25.15,10.3044
863.27,25.21,10.3044
864.27,25.11,10.3044
865.27,25.11,10.3044
866.27,25.22,10.3044
867.28,25.12,10.3044
868.28,25.22,10.3044
869.28,25.12,10.3044
870.28,25.16,10.3044
871.28,25.27,10.3044
872.28,25.93,10.3044
873.29,25.26,10.3044
874.29,25.16,10.3044
875.29,25.17,10.3044
876.29,25.28,10.3044
877.29,25.19,10.3044
878.29,25.17,10.3044
879.29,25.26,10.3044
880.3,25.11,10.3044
881.3,25.22,10.3044
882.3,25.18,10.3044
883.3,25.14,10.3044
884.3,25.26,10.3044
885.3,25.16,10.3044
886.31,25.28,10.3044
887.31,25.14,10.3044
888.31,25.1,10.3044
889.31,25.2,10.3044
890.31,25.11,10.3044
891.31,25.16,10.3044
892.31,25.33,10.3044
893.32,25.17,10.3044
894.32,25.28,10.3044
895.32,25.18,10.3044
896.32,25.13,10.3044
897.32,25.27,10.3044
898.32,25.14,10.3044
899.32,25.16,10.3044
900.33,25.25,10.3044
901.33,25.22,10.3044
902.33,25.24,10.3044
903.33,25.26,10.3044
904.33,25.12,10.3044
905.33,25.15,10.3044
906.33,25.28,10.3044
907.34,25.2,10.3044
908.34,25.27,10.3044
909.34,25.15,10.3044
910.34,25.16,10.3044
911.34,25.28,10.3044
912.34,25.21,10.3044
913.35,25.21,10.3044
914.35,25.11,10.3044
915.35,25.11,10.3044
916.35,25.23,10.3044
917.35,25.13,10.3044
918.35,25.12,10.3044
919.35,25.22,10.3044
920.36,25.12,10.3044
921.36,25.23,10.3044
922.36,25.17,10.3045
923.36,25.16,10.3045
924.36,25.26,10.3045
925.36,25.15,10.3045
926.37,25.21,10.3045
927.37,25.13,10.3045
928.37,25.22,10.3045
929.37,25.12,10.3045
930.37,25.12,10.3045
931.37,25.26,10.3045
932.38,25.23,10.3045
933.38,25.16,10.3045
934.38,25.26,10.3045
935.38,25.15,10.3045
936.38,25.27,10.3045
937.38,25.17,10.3045
938.38,25.17,10.3045
939.39,25.27,10.3045
940.39,25.16,10.3045
941.39,25.26,10.3045
942.39,25.17,10.3045
943.39,25.17,10.3045
944.39,25.29,10.3045
945.39,25.18,10.3045
946.4,25.19,10.3045
947.4,25.24,10.3045
948.4,25.16,10.3045
949.4,25.18,10.3045
950.4,25.27,10.3045
951.4,25.17,10.3045
952.41,25.3,10.3045
953.41,25.16,10.3045
954.41,25.15,10.3045
955.41,25.22,10.3045
956.41,25.13,10.3045
957.41,25.22,10.3045
958.42,25.12,10.3045
959.42,25.12,10.3045
960.42,25.22,10.3045
961.42,25.13,10.3045
962.42,25.25,10.3045
963.42,25.12,10.3045
964.42,25.15,10.3045
965.43,25.28,10.3045
966.43,25.21,10.3045
967.43,25.18,10.3045
968.43,25.26,10.3045
969.43,25.16,10.3045
970.43,25.26,10.3045
971.44,25.18,10.3045
972.44,25.2,10.3045
973.44,25.27,10.3045
974.44,25.17,10.3045
975.44,25.26,10.3045
976.44,25.18,10.3045
977.44,25.11,10.3045
978.45,25.24,10.3045
979.45,25.16,10.3045
980.45,25.25,10.3045
981.45,25.19,10.3045
982.45,25.26,10.3045
983.45,25.27,10.3045
984.46,25.18,10.3045
985.46,25.2,10.3045
986.46,25.28,10.3045
987.46,25.2,10.3045
988.46,25.18,10.3045
989.46,25.28,10.3045
990.46,25.18,10.3045
991.46,25.17,10.3045
992.47,25.27,10.3045
993.47,25.12,10.3045
994.47,25.22,10.3045
995.47,25.12,10.3045
996.47,25.13,10.3045
997.47,25.26,10.3045
998.48,25.12,10.3044
999.48,25.15,10.3044
1000.48,25.27,10.3044
1001.48,25.16,10.3044
1002.48,25.29,10.3044
1003.48,25.17,10.3044
1004.48,25.47,10.3044
1005.49,25.22,10.3044
1006.49,25.13,10.3044
1007.49,25.22,10.3044
1008.49,25.12,10.3044
1009.49,25.12,10.3044
1010.49,25.22,10.3044
1011.5,25.13,10.3044
1012.5,25.26,10.3046
1013.5,25.12,10.3046
1014.5,25.12,10.3046
1015.5,25.22,10.3046
1016.5,25.14,10.3046
1017.5,25.13,10.3046
1018.51,25.23,10.3046
1019.51,25.13,10.3046
1020.51,25.22,10.3046
1021.51,25.14,10.3046
1022.51,25.23,10.3046
1023.51,25.22,10.3046
1024.52,25.75,10.3046
1025.52,25.22,10.3046
1026.52,25.14,10.3046
1027.52,25.14,10.3046
1028.52,25.22,10.3045
1029.52,25.13,10.3045
1030.53,25.24,10.3045
1031.53,25.17,10.3045
1032.53,25.29,10.3045
1033.53,25.28,10.3045
1034.53,25.17,10.3046
1035.53,25.17,10.3046
1036.53,25.29,10.3046
1037.54,25.19,10.3046
1038.54,25.28,10.3046
1039.54,25.18,10.3046
1040.54,25.18,10.3046
1041.54,25.29,10.3045
1042.54,25.2,10.3046
1043.55,25.27,10.3046
1044.55,25.17,10.3046
1045.55,25.15,10.3046
1046.55,25.27,10.3046
1047.55,25.18,10.3046
1048.55,25.28,10.3046
1049.55,25.17,10.3046
1050.56,25.17,10.3046
1051.56,25.25,10.3046
1052.56,25.29,10.3046
1053.56,25.18,10.3046
1054.56,25.28,10.3046
1055.56,25.18,10.3046
1056.57,25.29,10.3046
1057.57,25.17,10.3046
1058.57,25.15,10.3046
1059.57,25.28,10.3046
1060.57,25.17,10.3046
1061.57,25.29,10.3046
1062.57,25.2,10.3046
1063.58,25.16,10.3046
1064.58,25.31,10.3046
1065.58,25.17,10.3046
1066.58,25.19,10.3046
1067.58,25.28,10.3046
1068.58,25.18,10.3046
1069.59,25.28,10.3046
1070.59,25.18,10.3046
1071.59,25.19,10.3046
1072.59,25.38,10.3046
1073.59,25.16,10.3046
1074.59,25.16,10.3046
1075.59,25.25,10.3046
1076.6,25.17,10.3046
1077.6,25.27,10.3046
1078.6,25.16,10.3046
1079.6,25.15,10.3046
1080.6,25.25,10.3046
1081.6,25.16,10.3046
1082.6,25.29,10.3046
1083.61,25.26,10.3046
1084.61,25.15,10.3046
1085.61,25.25,10.3046
1086.61,25.16,10.3046
1087.61,25.17,10.3046
1088.61,25.27,10.3046
1089.62,25.17,10.3046
1090.62,25.27,10.3046
1091.62,25.18,10.3046
1092.62,25.25,10.3046
1093.62,25.28,10.3046
1094.62,25.17,10.3045
1095.62,25.17,10.3045
1096.63,26.81,10.3045
1097.63,25.11,10.3045
1098.63,25.11,10.3045
1099.63,25.21,10.3045
1100.63,25.13,10.3045
1101.63,25.25,10.3045
1102.64,25.21,10.3045
1103.64,25.17,10.3045
1104.64,25.22,10.3045
1105.64,25.12,10.3045
1106.64,25.25,10.3046
1107.64,25.13,10.3046
1108.64,25.12,10.3046
1109.65,25.24,10.3046
1110.65,25.13,10.3046
1111.65,25.28,10.3046
1112.65,25.2,10.3047
1113.65,25.17,10.3047
1114.65,25.28,10.3047
1115.65,25.16,10.3047
1116.66,25.18,10.3047
1117.66,25.29,10.3047
1118.66,25.16,10.3047
1119.66,25.17,10.3047
1120.66,25.18,10.3047
1121.66,25.28,10.3047
1122.66,25.2,10.3047
1123.67,25.25,10.3047
1124.67,25.12,10.3047
1125.67,25.12,10.3047
1126.67,25.35,10.3047
1127.67,25.13,10.3047
1128.67,25.14,10.3047
1129.67,25.29,10.3047
1130.67,25.18,10.3047
1131.68,25.23,10.3047
1132.68,25.26,10.3047
1133.68,25.12,10.3047
1134.68,25.22,10.3047
1135.68,25.12,10.3047
1136.69,25.23,10.3047
1137.69,25.14,10.3047
1138.69,25.12,10.3047
1139.69,25.23,10.3047
1140.69,25.16,10.3047
1141.69,25.29,10.3047
1142.69,25.28,10.3047
1143.7,25.16,10.3047
1144.7,25.26,10.3047
1145.7,25.17,10.3047
1146.7,25.17,10.3047
1147.7,25.28,10.3047
1148.7,25.14,10.3047
1149.71,25.22,10.3047
1150.71,25.11,10.3046
1151.71,25.13,10.3046
1152.71,25.25,10.3047
1153.71,25.11,10.3047
1154.71,25.21,10.3047
1155.72,25.11,10.3047
1156.72,25.14,10.3048
1157.72,25.26,10.3048
1158.72,25.12,10.3048
1159.72,25.21,10.3047
1160.72,25.11,10.3047
1161.72,25.12,10.3048
1162.73,25.27,10.3048
1163.73,25.15,10.3046
1164.73,25.26,10.3046
1165.73,25.17,10.3047
1166.73,25.17,10.3047
1167.73,25.26,10.3047
1168.74,25.16,10.3046
1169.74,25.16,10.3046
1170.74,25.52,10.3047
1171.74,25.14,10.3047
1172.74,25.39,10.3048
1173.74,25.11,10.3048
1174.74,25.16,10.3048
1175.75,25.28,10.3048
1176.75,25.18,10.3048
1177.75,25.28,10.3048
1178.75,25.13,10.3048
1179.75,25.15,10.3048
1180.75,25.25,10.3048
1181.76,25.12,10.3048
1182.76,25.31,10.3048
1183.76,25.12,10.3048
1184.76,25.16,10.3048
1185.76,25.27,10.3048
1186.76,25.16,10.3048
1187.77,25.16,10.3048
1188.77,25.26,10.3048
1189.77,25.12,10.3048
1190.77,25.22,10.3048
1191.77,25.11,10.3048
1192.77,25.21,10.3048
1193.77,25.21,10.3048
1194.78,25.14,10.3048
1195.78,25.27,10.3048
1196.78,25.16,10.3047
1197.78,25.17,10.3047
1198.78,25.26,10.3047
1199.78,25.16,10.3047
1200.79,25.25,10.3047
1201.79,25.17,10.3047
1202.79,25.2,10.3048
1203.79,25.27,10.3048
1204.79,25.16,10.3048
1205.79,25.24,10.3048
1206.79,25.28,10.3048
1207.8,25.28,10.3048
1208.8,25.22,10.3048
1209.8,25.15,10.3048
1210.8,25.2,10.3048
1211.8,25.23,10.3048
1212.8,25.26,10.3047
1213.8,25.12,10.3047
1214.81,25.24,10.3047
1215.81,25.13,10.3047
1216.81,25.12,10.3049
1217.81,25.23,10.3049
1218.81,25.11,10.3049
1219.81,25.12,10.3049
1220.81,25.28,10.3049
1221.81,25.16,10.3049
1222.82,25.26,10.3049
1223.82,26.0,10.3049
1224.82,25.19,10.3049
1225.82,25.19,10.3049
1226.82,25.55,10.3049
1227.82,25.16,10.3049
1228.82,25.19,10.3049
1229.83,25.28,10.3049
1230.83,25.12,10.3049
1231.83,25.12,10.3048
1232.83,25.26,10.3049
1233.83,25.11,10.3048
1234.83,25.11,10.3048
1235.83,25.25,10.3048
1236.84,25.17,10.3048
1237.84,25.29,10.3048
1238.84,25.17,10.3048
1239.84,25.18,10.3048
1240.84,25.29,10.3048
1241.84,25.18,10.3048
1242.84,25.24,10.3048
1243.85,25.26,10.3048
1244.85,25.16,10.3048
1245.85,25.26,10.3048
1246.85,25.13,10.3048
1247.85,25.12,10.3048
1248.85,25.22,10.3048
1249.86,25.13,10.3048
1250.86,25.37,10.3048
1251.86,25.16,10.3048
1252.86,25.38,10.3047
1253.86,25.28,10.3047
1254.86,25.16,10.3047
1255.86,25.24,10.3049
1256.87,25.27,10.3049
1257.87,25.15,10.3047
1258.87,25.12,10.3047
1259.87,25.27,10.3047
1260.87,25.3,10.3047
1261.87,25.22,10.3047
1262.88,25.4,10.3049
1263.88,25.12,10.3049
1264.88,25.22,10.3049
1265.88,25.23,10.3049
1266.88,25.25,10.3049
1267.88,25.18,10.3049
1268.88,25.18,10.3049
1269.89,25.28,10.3049
1270.89,25.22,10.3049
1271.89,25.28,10.3049
1272.89,25.32,10.305
1273.89,25.18,10.305
1274.89,25.28,10.305
1275.9,25.27,10.305
1276.9,25.23,10.305
1277.9,25.12,10.305
1278.9,25.12,10.305
1279.9,25.25,10.305
1280.9,25.19,10.305
1281.9,25.17,10.3049
1282.91,25.5,10.305
1283.91,25.18,10.305
1284.91,25.28,10.305
1285.91,25.34,10.305
1286.91,25.17,10.305
1287.91,25.26,10.305
1288.92,25.18,10.305
1289.92,25.28,10.305
1290.92,25.19,10.305
1291.92,25.17,10.305
1292.92,25.43,10.305
1293.92,25.16,10.305
1294.93,25.18,10.305
1295.93,25.29,10.305
1296.93,25.2,10.305
1297.93,25.24,10.305
1298.93,25.27,10.305
1299.93,25.18,10.305
1300.93,25.29,10.305
1301.93,25.18,10.305
1302.94,25.21,10.305
1303.94,25.28,10.305
1304.94,25.17,10.305
1305.94,25.28,10.3048
1306.94,25.17,10.3048
1307.94,25.18,10.3049
1308.95,25.24,10.3048
1309.95,25.14,10.3048
1310.95,25.15,10.3049
1311.95,25.27,10.3049
1312.95,25.2,10.3049
1313.95,25.17,10.3049
1314.95,25.28,10.3049
1315.95,25.18,10.3049
1316.96,25.17,10.3049
1317.96,25.27,10.3049
1318.96,25.17,10.3049
1319.96,25.16,10.3049
1320.96,25.28,10.3049
1321.96,25.17,10.3051
1322.97,25.3,10.3051
1323.97,25.17,10.3051
1324.97,25.17,10.3051
1325.97,25.3,10.3051
1326.97,25.17,10.3051
1327.97,25.18,10.3051
1328.97,25.29,10.3051
1329.97,25.17,10.3051
1330.98,25.18,10.3051
1331.98,25.29,10.3051
1332.98,25.2,10.3051
1333.98,25.17,10.3051
1334.98,25.29,10.3051
1335.98,25.18,10.3051
1336.98,25.17,10.3051
1337.99,25.29,10.3051
1338.99,25.17,10.3051
1339.99,25.17,10.3051
1340.99,25.28,10.3051
1341.99,25.14,10.3051
1342.99,25.19,10.3051
1343.99,25.27,10.3051
1345.0,25.16,10.3051
1346.0,25.28,10.3051
1347.0,25.17,10.3051
1348.0,25.17,10.3051
1349.0,25.27,10.3051
1350.0,25.17,10.3051
1351.01,25.27,10.3051
1352.01,25.16,10.3051
1353.01,25.19,10.3051
1354.01,25.26,10.3051
1355.01,25.16,10.3051
1356.01,25.15,10.3051
1357.01,25.22,10.3051
1358.02,25.26,10.3051
1359.02,25.24,10.3051
1360.02,25.17,10.3051
1361.02,25.61,10.3051
1362.02,25.3,10.3051
1363.02,25.2,10.3051
1364.02,25.18,10.3051
1365.03,25.3,10.3051
1366.03,25.2,10.3051
1367.03,25.18,10.3051
1368.03,25.27,10.3051
1369.03,25.17,10.3051
1370.03,25.17,10.3051
1371.03,25.48,10.3051
1372.04,25.17,10.305
1373.04,25.27,10.305
1374.04,25.15,10.305
1375.04,25.17,10.305
1376.04,25.29,10.3051
1377.04,25.18,10.3051
1378.05,25.27,10.3051
1379.05,25.16,10.3051
1380.05,25.17,10.3051
1381.05,25.3,10.3051
1382.05,25.18,10.3051
1383.05,25.2,10.3051
1384.05,25.29,10.3051
1385.05,25.17,10.3051
1386.06,25.18,10.3051
1387.06,25.26,10.3051
1388.06,25.19,10.3051
1389.06,25.17,10.3051
1390.06,25.26,10.3051
1391.06,25.17,10.3051
1392.07,25.29,10.3051
1393.07,25.2,10.3051
1394.07,25.17,10.3051
1395.07,25.29,10.305
1396.07,25.18,10.305
1397.07,25.18,10.305
1398.07,25.29,10.305
1399.07,25.18,10.305
1400.08,25.18,10.305
1401.08,25.28,10.305
1402.08,25.17,10.305
1403.08,25.19,10.305
1404.08,25.27,10.305
1405.08,25.17,10.305
1406.09,25.27,10.305
1407.09,25.12,10.3051
1408.09,25.12,10.3051
1409.09,25.22,10.3051
1410.09,25.12,10.3051
1411.09,25.23,10.3051
1412.1,25.12,10.3051
1413.1,25.15,10.3051
1414.1,25.22,10.3051
1415.1,25.12,10.3051
1416.1,25.23,10.3051
1417.1,25.14,10.3051
1418.1,25.14,10.3051
1419.11,25.24,10.3051
1420.11,25.14,10.3051
1421.11,25.15,10.3051
1422.11,25.27,10.3051
1423.11,25.18,10.3051
1424.11,25.17,10.3051
1425.11,25.27,10.3051
1426.12,25.43,10.3051
1427.12,25.27,10.3051
1428.12,25.15,10.305
1429.12,25.16,10.3051
1430.12,25.26,10.3051
1431.12,25.17,10.305
1432.13,25.28,10.305
1433.13,25.2,10.305
1434.13,25.18,10.305
1435.13,25.25,10.305
1436.13,25.2,10.305
1437.13,25.28,10.3051
1438.13,25.17,10.3049
1439.14,25.17,10.3049
1440.14,25.29,10.3049
1441.14,25.21,10.3051
1442.14,25.18,10.3051
1443.14,25.28,10.3051
1444.14,25.17,10.3051
1445.15,25.25,10.3051
1446.15,25.18,10.3051
1447.15,25.17,10.3051
1448.15,25.25,10.3051
1449.15,25.15,10.3051
1450.15,25.16,10.3051
1451.15,25.25,10.3052
1452.16,26.47,10.3051
1453.16,25.15,10.3051
1454.16,25.25,10.305
1455.16,25.18,10.305
1456.16,25.29,10.305
1457.16,25.17,10.305
1458.17,25.23,10.305
1459.17,25.14,10.3051
1460.17,25.14,10.3051
1461.17,25.28,10.305
1462.17,25.16,10.305
1463.17,25.27,10.3051
1464.18,25.14,10.3051
1465.18,25.13,10.3051
1466.18,25.26,10.3051
1467.18,25.16,10.3051
1468.18,25.25,10.305
1469.18,25.15,10.305
1470.19,25.26,10.305
1471.19,25.15,10.305
1472.19,25.17,10.305
1473.19,25.33,10.3051
1474.19,25.16,10.305
1475.19,25.13,10.305
1476.19,25.24,10.305
1477.2,25.2,10.305
1478.2,25.14,10.305
1479.2,25.27,10.305
1480.2,25.13,10.305
1481.2,25.15,10.3051
1482.2,25.32,10.3051
1483.2,25.17,10.3051
1484.2,25.17,10.3051
1485.21,25.27,10.3051
1486.21,25.18,10.3052
1487.21,25.29,10.3052
1488.21,25.19,10.3051
1489.21,25.18,10.3051
1490.21,25.28,10.305
1491.22,25.17,10.305
1492.22,25.3,10.3051
1493.22,25.17,10.3051
1494.22,25.17,10.3051
1495.22,25.27,10.305
1496.22,25.15,10.305
1497.23,25.29,10.305
1498.23,25.17,10.305
1499.23,25.18,10.305
1500.23,25.26,10.305
1501.23,25.18,10.3051
1502.23,25.31,10.3051
1503.23,25.14,10.305
1504.24,25.16,10.305
1505.24,25.26,10.305
1506.24,25.16,10.3052
1507.24,25.25,10.3052
1508.24,25.28,10.3053
1509.24,25.19,10.305
1510.24,25.19,10.305
1511.25,25.29,10.3051
1512.25,25.19,10.3051
1513.25,25.26,10.305
1514.25,25.17,10.305
1515.25,25.16,10.305
1516.25,25.28,10.3051
1517.26,25.17,10.305
1518.26,27.41,10.305
1519.26,25.23,10.305
1520.26,25.15,10.305
1521.26,25.28,10.305
1522.26,25.19,10.305
1523.26,25.18,10.305
1524.27,25.25,10.305
1525.27,25.18,10.305
1526.27,25.15,10.3052
1527.27,25.28,10.3052
1528.27,25.17,10.3052
1529.27,25.29,10.305
1530.28,25.18,10.305
1531.28,25.17,10.305
1532.28,25.32,10.3052
1533.28,25.19,10.305
1534.28,25.25,10.3052
1535.28,25.14,10.3052
1536.28,25.19,10.3052
1537.29,25.3,10.3052
1538.29,25.19,10.305
1539.29,25.29,10.305
1540.29,25.16,10.305
1541.29,25.19,10.305
1542.29,25.36,10.305
1543.29,25.2,10.305
1544.3,25.2,10.305
1545.3,25.28,10.305
1546.3,25.19,10.3052
1547.3,25.29,10.305
1548.3,25.19,10.305
1549.3,25.19,10.305
1550.31,25.27,10.305
1551.31,25.16,10.3052
1552.31,25.31,10.3051
1553.31,25.12,10.3051
1554.31,25.25,10.3052
1555.31,25.14,10.3052
1556.32,25.17,10.3052
1557.32,25.3,10.3052
1558.32,25.17,10.3051
1559.32,25.19,10.3051
1560.32,25.24,10.3051
1561.32,25.17,10.3051
1562.33,25.34,10.3052
1563.33,25.2,10.3052
1564.33,25.17,10.3052
1565.33,25.28,10.3051
1566.33,25.18,10.3051
1567.33,25.17,10.3051
1568.33,25.24,10.3052
1569.34,25.18,10.3051
1570.34,25.27,10.3051
1571.34,25.18,10.3051
1572.34,25.23,10.3051
1573.34,25.3,10.3051
1574.34,25.18,10.3051
1575.35,25.26,10.3051
1576.35,25.2,10.3051
1577.35,25.29,10.3052
1578.35,25.18,10.3051
1579.35,25.18,10.3051
1580.35,25.27,10.3051
1581.36,25.15,10.3052
1582.36,25.29,10.3052
1583.36,25.17,10.3052
1584.36,45.03,4.733
1585.36,85.01,3.2568
1586.36,85.11,3.4001
1587.36,85.73,3.5976
1588.37,85.97,3.8756
1589.37,85.07,4.1166
1590.37,80.04,4.4258
1591.37,79.62,4.7169
1592.37,75.88,4.9509
1593.37,76.13,5.1928
1594.37,77.13,5.4214
1595.38,78.14,5.6406
1596.38,78.64,5.9031
1597.38,37.53,6.0568
1598.38,28.3,6.1331
1599.38,26.49,6.1788
1600.38,31.14,6.2082
1601.38,25.19,6.2318
1602.39,25.41,6.2588
1603.39,25.18,6.2845
1604.39,25.34,6.3087
1605.39,25.44,6.3317
1606.39,25.44,6.3514
1607.39,25.27,6.3715
1608.4,25.18,6.389
1609.4,25.29,6.4047
1610.4,25.33,6.4195
1611.4,28.72,6.4346
1612.4,35.26,6.4471
1613.4,25.18,6.4602
1614.41,25.29,6.4771
1615.41,25.18,6.4918
1616.41,25.67,6.5069
1617.41,25.28,6.5218
1618.41,25.18,6.5366
1619.41,26.63,6.5504
1620.41,25.13,6.5653
1621.42,25.13,6.58
1622.42,25.26,6.5941
1623.42,25.12,6.6085
1624.42,29.73,6.6226
1625.42,25.27,6.6362
1626.42,25.2,6.6497
1627.42,25.2,6.6638
1628.43,25.28,6.6764
1629.43,25.17,6.687
1630.43,25.13,6.6984
1631.43,25.27,6.7106
1632.43,25.19,6.7232
1633.43,25.23,6.7316
1634.43,25.18,6.7404
1635.44,25.16,6.7499
1636.44,25.28,6.7624
1637.44,25.35,6.7747
1638.44,25.21,6.7868
1639.44,25.26,6.7989
1640.44,25.16,6.81
1641.45,25.27,6.8212
1642.45,25.22,6.8324
1643.45,25.18,6.8432
1644.45,25.28,6.8542
1645.45,25.18,6.8646
1646.45,25.19,6.8753
1647.45,25.29,6.8857
1648.46,25.2,6.8951
1649.46,25.18,6.9029
1650.46,25.32,6.912
1651.46,25.19,6.9217
1652.46,26.08,6.9304
1653.46,25.17,6.9384
1654.46,25.17,6.9454
1655.47,25.27,6.9524
1656.47,25.14,6.9595
1657.47,25.16,6.9682
1658.47,25.24,6.9781
1659.47,25.14,6.9865
1660.47,25.12,6.996
1661.47,25.24,7.0071
1662.47,25.16,7.0173
1663.48,25.12,7.027
1664.48,25.25,7.0347
1665.48,25.13,7.0428
1666.48,25.22,7.0507
1667.48,25.24,7.0584
1668.48,25.16,7.0666
1669.48,25.13,7.0755
1670.49,25.56,7.0808
1671.49,25.13,7.0865
1672.49,25.92,7.0941
1673.49,25.27,7.1011
1674.49,25.52,7.108
1675.49,25.12,7.1148
1676.49,29.21,7.1212
1677.5,25.13,7.1266
1678.5,25.22,7.1324
1679.5,25.15,7.1384
1680.5,25.13,7.1449
1681.5,25.17,7.1508
1682.5,25.31,7.1565
1683.5,25.15,7.1625
1684.51,25.22,7.169
1685.51,25.12,7.1756
1686.51,25.13,7.1819
1687.51,25.78,7.189
1688.51,25.16,7.1961
1689.51,25.27,7.2034
1690.51,25.19,7.2085
1691.52,25.17,7.2151
1692.52,25.28,7.2213
1693.52,25.16,7.2265
1694.52,25.14,7.2338
1695.52,25.29,7.2416
1696.52,25.15,7.25
1697.52,25.17,7.2571
1698.53,25.28,7.264
1699.53,25.17,7.2703
1700.53,25.19,7.2771
1701.53,25.28,7.2834
1702.53,25.18,7.2887
1703.53,26.87,7.2941
1704.53,25.24,7.2994
1705.54,25.16,7.3037
1706.54,25.28,7.3084
1707.54,25.18,7.3143
1708.54,25.18,7.3201
1709.54,25.26,7.3255
1710.54,25.58,7.331
1711.54,25.17,7.3355
1712.55,25.36,7.3413
1713.55,25.14,7.3465
1714.55,25.25,7.3515
1715.55,25.16,7.3565
1716.55,25.18,7.3615
1717.55,25.28,7.3657
1718.56,25.17,7.37
1719.56,25.28,7.3753
1720.56,25.17,7.3802
1721.56,26.18,7.3867
1722.56,25.29,7.3911
1723.56,25.16,7.395
1724.57,25.15,7.3993
1725.57,28.8,7.4033
1726.57,25.16,7.4084
1727.57,25.26,7.4123
1728.57,25.15,7.4159
1729.57,25.15,7.4209
1730.57,25.27,7.4256
1731.58,25.18,7.4303
1732.58,25.31,7.4347
1733.58,25.18,7.4388
1734.58,25.15,7.4425
1735.58,25.22,7.4472
1736.58,25.13,7.4517
1737.59,25.22,7.4561
1738.59,25.12,7.4602
1739.59,25.12,7.4644
1740.59,25.22,7.4689
1741.59,25.13,7.472
1742.59,25.28,7.4751
1743.59,25.16,7.4798
1744.6,25.15,7.4842
1745.6,25.26,7.488
1746.6,25.17,7.4924
1747.6,25.29,7.4961
1748.6,25.17,7.4997
1749.6,25.15,7.5032
1750.61,25.26,7.5065
1751.61,25.16,7.5099
1752.61,25.15,7.5143
1753.61,25.21,7.5176
1754.61,25.11,7.5212
1755.61,25.22,7.5245
1756.61,25.16,7.5285
1757.62,25.17,7.5328
1758.62,25.25,7.5367
1759.62,25.16,7.5403
1760.62,25.28,7.5442
1761.62,25.18,7.5477
1762.62,25.19,7.5512
1763.63,25.26,7.555
1764.63,25.14,7.5589
1765.63,25.13,7.5627
1766.63,25.28,7.5661
1767.63,25.16,7.5698
1768.63,25.16,7.5734
1769.63,25.28,7.5771
1770.63,25.17,7.5803
1771.64,25.18,7.5826
1772.64,25.52,7.586
1773.64,25.15,7.5898
1774.64,25.14,7.594
1775.64,25.28,7.5974
1776.64,25.2,7.6014
1777.64,25.19,7.6047
1778.64,25.16,7.608
1779.65,25.27,7.6108
1780.65,25.17,7.6141
1781.65,25.31,7.6169
1782.65,26.78,7.6205
1783.65,25.15,7.6243
1784.65,25.25,7.6272
1785.66,25.16,7.6298
1786.66,25.28,7.6325
1787.66,25.18,7.635
1788.66,25.16,7.638
1789.66,25.25,7.6415
1790.66,25.18,7.645
1791.66,25.17,7.6482
1792.67,25.29,7.6511
1793.67,25.14,7.6552
1794.67,25.24,7.6586
1795.67,25.15,7.6621
1796.67,25.28,7.6657
1797.67,25.15,7.6684
1798.68,25.15,7.672
1799.68,25.27,7.6762
1800.68,25.15,7.6796
1801.68,25.2,7.6825
1802.68,25.19,7.6868
1803.68,25.23,7.6911
1804.68,25.13,7.6953
1805.69,25.26,7.6991
1806.69,25.15,7.7028
1807.69,25.16,7.7066
1808.69,25.29,7.7109
1809.69,25.17,7.7141
1810.69,25.16,7.7177
1811.69,25.28,7.7205
1812.69,25.21,7.7237
1813.7,25.16,7.7265
1814.7,25.26,7.7294
1815.7,25.16,7.7326
1816.7,25.29,7.7359
1817.7,25.16,7.7392
1818.7,25.14,7.7419
1819.71,25.24,7.7453
1820.71,25.16,7.7483
1821.71,25.16,7.7515
1822.71,25.27,7.7548
1823.71,25.15,7.7585
1824.71,25.24,7.7613
1825.72,25.14,7.7647
1826.72,25.19,7.7686
1827.72,25.21,7.7715
1828.72,25.17,7.7735
1829.72,25.26,7.7754
1830.72,25.14,7.7779
1831.72,25.14,7.7806
1832.73,25.27,7.7834
1833.73,25.13,7.7863
1834.73,25.23,7.7895
1835.73,25.15,7.7933
1836.73,25.15,7.7962
1837.73,25.25,7.7993
1838.74,25.15,7.8015
1839.74,25.24,7.8045
1840.74,25.16,7.8077
1841.74,25.17,7.8105
1842.74,25.3,7.8137
1843.74,25.16,7.8171
1844.74,25.12,7.8193
1845.75,25.24,7.8214
1846.75,25.14,7.8238
1847.75,25.16,7.8265
1848.75,25.24,7.8291
1849.75,25.13,7.832
1850.75,25.15,7.8348
1851.75,25.25,7.837
1852.76,25.21,7.8396
1853.76,25.24,7.8425
1854.76,38.07,8.019
1855.76,25.13,8.0191
1856.76,25.23,8.0193
1857.76,25.15,8.0193
1858.77,25.24,8.0191
1859.77,25.14,8.0191
1860.77,25.14,8.0191
1861.77,25.25,8.0193
1862.77,25.41,8.0193
1863.77,25.15,8.0193
1864.77,25.23,8.0193
1865.77,25.15,8.0193
1866.78,25.13,8.0193
1867.78,25.26,8.0193
1868.78,25.14,8.0193
1869.78,25.14,8.0193
1870.78,25.24,8.0193
1871.78,25.13,8.0193
1872.79,25.17,8.0193
1873.79,25.61,8.0192
1874.79,25.15,8.0192
1875.79,25.26,8.0193
1876.79,25.16,8.0192
1877.79,25.15,8.0192
1878.79,25.26,8.0192
1879.8,25.17,8.0192
1880.8,25.28,8.0193
1881.8,25.15,8.0192
1882.8,25.17,8.0192
1883.8,25.24,8.0192
1884.8,25.16,8.0192
1885.81,25.27,8.0192
1886.81,25.16,8.0192
1887.81,25.15,8.0192
1888.81,25.25,8.0192
1889.81,25.15,8.0192
1890.81,25.17,8.0193
1891.81,25.27,8.0192
1892.82,25.21,8.0192
1893.82,25.24,8.0192
1894.82,25.14,8.0192
1895.82,25.16,8.0192
1896.82,25.26,8.0192
1897.82,25.19,8.0192
1898.83,25.23,8.0192
1899.83,25.11,8.0192
1900.83,25.12,8.0193
1901.83,25.21,8.0192
1902.83,25.18,8.0192
1903.83,25.24,8.0192
1904.84,25.14,8.0192
1905.84,25.15,8.0193
1906.84,25.22,8.0192
1907.84,25.11,8.0192
1908.84,25.23,8.0192
1909.84,25.13,8.0192
1910.84,25.15,8.0193
1911.85,25.23,8.0192
1912.85,25.33,8.0192
1913.85,25.23,8.0192
1914.85,25.09,8.0192
1915.85,25.22,8.0194
1916.85,25.2,8.0192
1917.86,25.21,8.0192
1918.86,25.22,8.0192
1919.86,25.17,8.0192
1920.86,25.15,8.0194
1921.86,25.24,8.0192
1922.86,25.42,8.0193
1923.87,25.26,8.0192
1924.87,25.15,8.0192
1925.87,25.28,8.0194
1926.87,25.25,8.0194
1927.87,25.13,8.0194
1928.87,25.13,8.0194
1929.87,25.21,8.0194
1930.88,25.13,8.0194
1931.88,25.11,8.0194
1932.88,25.25,8.0194
1933.88,25.16,8.0194
1934.88,25.26,8.0194
1935.88,25.17,8.0195
1936.88,25.15,8.0195
1937.89,25.27,8.0194
1938.89,25.17,8.0194
1939.89,25.17,8.0194
1940.89,25.29,8.0195
1941.9,25.17,8.0194
1942.9,25.16,8.0194
1943.9,25.25,8.0194
1944.9,25.16,8.0194
1945.9,25.26,8.0194
1946.9,25.18,8.0194
1947.9,25.17,8.0194
1948.91,25.25,8.0194
1949.91,25.15,8.0194
1950.91,25.26,8.0195
1951.91,25.15,8.0193
1952.91,25.19,8.0193
1953.91,25.27,8.0193
1954.92,25.15,8.0193
1955.92,25.18,8.0194
1956.92,25.34,8.0193
1957.92,25.18,8.0193
1958.92,25.26,8.0194
1959.92,25.17,8.0195
1960.92,25.16,8.0194
1961.93,25.26,8.0194
1962.93,25.16,8.0194
1963.93,25.16,8.0194
1964.93,25.37,8.0194
1965.93,25.17,8.0195
1966.93,25.16,8.0194
1967.93,25.26,8.0194
1968.94,25.1,8.0194
1969.94,25.21,8.0194
1970.94,25.13,8.0195
1971.94,25.15,8.0194
1972.94,25.28,8.0194
1973.94,25.17,8.0194
1974.95,25.27,8.0194
1975.95,25.18,8.0195
1976.95,25.15,8.0194
1977.95,25.28,8.0194
1978.95,25.15,8.0193
1979.95,26.12,8.0194
1980.95,62.03,8.0199
1981.95,69.8,8.0232
1982.96,32.06,8.0233
1983.96,25.38,8.0234
1984.96,30.91,8.0234
1985.96,64.7,8.0265
1986.96,31.65,8.0265
1987.96,31.37,8.0266
1988.97,25.47,8.0266
1989.97,44.28,8.0413
1990.97,41.26,4.8241
1991.97,61.93,3.1142
1992.97,80.01,3.3624
1993.97,83.84,3.5025
1994.97,88.43,3.7803
1995.97,85.52,4.0181
1996.98,79.21,4.2451
1997.98,77.87,4.4582
1998.98,77.06,4.7214
1999.98,77.41,4.963
2000.98,77.3,5.2993
2001.98,77.42,5.6206
2002.98,75.88,5.9719
2003.99,49.51,6.4888
2004.99,28.4,7.007
2005.99,64.44,7.462
2006.99,65.89,8.0325
2007.99,37.78,8.1279
2008.99,33.69,8.1279
2009.99,26.77,8.1278
2011.0,29.3,8.1278
2012.0,41.46,2.9526
2013.0,70.38,3.1612
2014.0,80.44,3.2902
2015.0,83.6,3.432
2016.0,66.59,3.13
2017.0,82.45,3.2488
2018.01,85.77,3.4505
2019.01,67.26,3.1461
2020.01,80.66,3.3184
2021.01,70.5,3.5102
2022.01,85.43,3.6535
2023.01,83.73,3.7736
2024.01,85.88,3.9773
2025.02,84.09,4.1879
2026.02,79.82,4.3991
2027.02,44.14,4.6407
2028.02,57.8,4.9498
2029.02,54.27,3.0852
2030.02,89.56,3.2863
2031.02,81.22,3.5389
2032.03,77.71,3.7957
2033.03,73.56,2.9821
2034.03,75.78,3.1722
2035.03,76.95,3.3044
2036.03,89.03,3.5091
2037.03,67.59,3.1395
2038.03,84.26,3.2848
2039.03,72.31,3.0009
2040.04,75.92,3.1794
2041.04,85.79,3.3565
2042.04,76.53,2.9977
2043.04,71.4,3.1734
2044.04,85.37,3.3352
2045.04,76.61,2.9916
2046.04,84.13,3.2085
2047.05,91.9,3.5324
2048.05,68.2,3.0622
2049.05,73.17,3.2161
2050.05,88.67,3.4122
2051.05,74.48,3.7139
2052.05,65.33,3.0986
2053.05,79.69,3.2366
2054.05,89.92,3.4318
2055.05,67.62,3.1509
2056.06,81.97,3.2852
2057.06,84.51,2.9372
2058.06,74.66,3.1843
2059.06,90.29,3.2998
2060.06,72.37,3.0207
2061.06,87.3,3.2318
2062.06,87.84,3.3391
2063.07,68.55,3.0721
2064.07,74.37,3.2369
2065.07,88.8,2.9679
2066.07,70.76,3.1845
2067.07,77.35,3.0084
2068.07,78.3,3.222
2069.07,84.47,3.3191
2070.07,65.39,3.1581
2071.08,78.38,3.2892
2072.08,84.74,3.5268
2073.08,67.26,3.0794
2074.08,76.96,3.2396
2075.08,86.81,3.4709
2076.08,67.1,3.0175
2077.08,78.6,3.2004
2078.08,81.07,3.3464
2079.09,85.74,3.5603
2080.09,60.79,3.1158
2081.09,85.39,3.275
2082.09,87.05,3.4976
2083.09,50.7,3.0467
2084.09,79.43,3.2132
2085.09,87.22,3.4147
2086.09,68.98,3.0097
2087.1,74.77,3.1976
2088.1,81.44,3.3358
2089.1,84.56,3.5239
2090.1,62.2,3.1349
2091.1,79.15,3.2765
2092.1,86.94,3.4992
2093.11,71.65,3.1837
2094.11,85.18,3.3565
2095.11,80.36,3.6478
2096.11,83.04,3.9013
2097.11,62.98,3.1212
2098.11,82.43,3.4427
2099.12,72.89,3.7609
2100.12,92.5,3.9589
2101.12,85.23,4.2014
2102.12,74.81,4.3959
2103.12,76.26,4.7314
2104.12,67.53,4.8919
2105.12,47.76,5.0453
2106.12,77.34,5.2269
2107.13,74.0,5.4159
2108.13,71.83,3.2521
2109.13,78.81,3.7414
2110.13,91.39,3.9033
2111.13,85.27,4.0985
2112.13,81.78,4.3578
2113.13,70.43,4.567
2114.13,71.32,4.8628
2115.14,25.4,4.9365
2116.14,74.35,5.1672
2117.14,72.82,5.4036
2118.14,79.5,5.8281
2119.14,72.17,6.3927
2120.14,54.91,3.0943
2121.14,81.89,3.4801
2122.15,78.86,3.6873
2123.15,90.81,3.9554
2124.15,83.2,4.2143
2125.15,80.0,4.4759
2126.15,77.33,4.7493
2127.15,77.11,5.0175
2128.15,78.28,5.4281
2129.16,78.06,5.8398
2130.16,75.68,6.2674
2131.16,75.73,6.6394
2132.16,76.16,7.0271
2133.16,76.42,7.489
2134.16,76.63,7.8791
2135.16,79.94,8.236
2136.17,74.12,8.2363
2137.17,55.02,8.337
2138.17,41.13,8.3371
2139.17,36.23,8.3372
2140.17,35.3,8.3372
2141.17,29.44,8.3372
2142.17,31.32,8.3372
2143.18,38.61,8.3374
2144.18,31.3,8.3374
2145.18,31.43,8.3374
2146.18,35.71,8.3375
2147.18,43.06,8.6492
2148.18,32.46,8.6973
2149.19,30.07,8.6973
2150.19,39.55,8.6973
2151.19,33.04,8.6973
2152.19,29.78,8.6973
2153.19,36.51,8.6973
2154.19,38.99,8.6973
2155.19,25.32,8.6973
2156.2,32.82,8.6973
2157.2,27.12,8.6973
2158.2,72.55,8.6977
2159.2,38.51,8.6979
2160.2,45.62,8.6986
2161.2,79.38,8.6997
2162.2,70.31,9.1372
2163.21,68.73,9.1427
2164.21,46.31,3.0364
2165.21,86.19,3.4108
2166.21,79.33,3.7685
2167.21,92.62,3.9383
2168.21,82.41,4.1331
2169.21,78.39,4.3651
2170.22,68.01,4.5944
2171.22,70.41,4.8728
2172.22,25.41,4.9477
2173.22,76.96,5.1971
2174.22,69.94,5.4277
2175.22,56.15,5.854
2176.23,42.78,6.2506
2177.23,39.09,6.6533
2178.23,25.16,7.0876
2179.23,25.66,7.4979
2180.23,38.4,8.2124
2181.23,25.65,8.3369
2182.24,25.17,8.3369
2183.24,25.44,8.3369
2184.24,25.31,8.3369
2185.24,25.18,8.3369
2186.24,25.94,8.3369
2187.24,34.75,8.61
2188.24,25.18,8.61
2189.25,25.28,8.61
2190.25,25.17,8.61
2191.25,25.37,8.61
2192.25,26.44,8.61
2193.25,36.49,8.6105
2194.25,25.14,8.6105
2195.26,25.25,8.6105
2196.26,25.8,8.6105
2197.26,25.16,8.6105
2198.26,25.24,8.6105
2199.26,25.46,8.6105
2200.26,34.13,8.6111
2201.27,25.26,8.6111
2202.27,25.17,8.6111
2203.27,25.23,8.6111
2204.27,25.15,8.6111
2205.27,25.23,8.6111
2206.27,32.77,8.6111
2207.28,25.15,8.6111
2208.28,29.81,8.6111
2209.28,25.14,8.6111
2210.28,25.23,8.6111
2211.28,25.14,8.6111
2212.28,34.69,8.837
2213.29,25.25,8.8371
2214.29,25.15,8.8371
2215.29,25.24,8.8371
2216.29,25.16,8.8371
2217.29,25.14,8.8371
2218.29,25.25,8.8371
2219.3,25.14,8.9586
2220.3,25.24,9.4386
2221.3,43.77,9.7414
2222.3,25.17,9.7414
2223.3,25.24,9.7414
2224.3,25.13,9.7414
2225.31,25.23,9.7415
2226.31,25.14,9.7414
2227.31,25.27,9.7414
2228.31,25.16,9.7414
2229.31,25.42,9.7433
2230.31,25.23,9.7433
2231.32,25.14,9.7433
2232.32,25.27,9.7436
2233.32,25.14,9.7434
2234.32,25.14,9.7434
2235.32,25.24,9.7434
2236.32,25.15,9.7434
2237.33,25.46,9.744
2238.33,25.16,9.744
2239.33,25.33,9.744
2240.33,25.13,9.744
2241.33,25.15,9.744
2242.33,25.25,9.7439
2243.34,25.13,9.7439
2244.34,25.26,9.7439
2245.34,25.41,9.7455
2246.34,25.18,9.7456
2247.34,25.27,9.7455
2248.34,25.18,9.7455
2249.35,25.27,9.7455
2250.35,25.18,9.7454
2251.35,25.27,9.7454
2252.35,25.66,9.7465
2253.35,25.17,9.7463
2254.35,25.26,9.7463
2255.36,25.16,9.7462
2256.36,25.25,9.7462
2257.36,25.18,9.7462
2258.36,25.15,9.7462
2259.36,25.22,9.7462
2260.36,25.3,9.7473
2261.37,25.24,9.7473
2262.37,25.14,9.7473
2263.37,25.13,9.7472
2264.37,25.26,9.7472
2265.37,25.13,9.7472
2266.37,25.15,9.7473
2267.37,25.42,9.7479
2268.37,25.17,9.7479
2269.38,25.18,9.7479
2270.38,25.27,9.7479
2271.38,25.18,9.7479
2272.38,25.24,9.7479
2273.38,25.12,9.7479
2274.38,25.12,9.7479
2275.39,25.57,9.7485
2276.39,25.18,9.7485
2277.39,25.25,9.7485
2278.39,25.15,9.7485
2279.39,25.14,9.7484
2280.39,25.24,9.7484
2281.4,25.15,9.7484
2282.4,25.27,9.7484
2283.4,25.44,9.7488
2284.4,25.23,9.7488
2285.4,25.14,9.7488
2286.4,25.14,9.7489
2287.41,25.23,9.7489
2288.41,25.14,9.7489
2289.41,25.26,9.7489
2290.41,25.12,9.7489
2291.41,25.47,9.7494
2292.41,25.3,9.7495
2293.42,25.17,9.7494
2294.42,25.17,9.7494
2295.42,25.22,9.7494
2296.42,25.13,9.7494
2297.42,25.23,9.7494
2298.42,25.12,9.7494
2299.42,25.47,9.75
2300.43,25.24,9.75
2301.43,25.15,9.75
2302.43,25.17,9.75
2303.43,25.29,9.75
2304.43,25.17,9.7499
2305.43,25.18,9.75
2306.43,25.28,9.7499
2307.44,25.53,9.7509
2308.44,25.27,9.7508
2309.44,25.17,9.7508
2310.44,25.17,9.7508
2311.44,25.28,9.7508
2312.44,25.21,9.7509
2313.45,25.27,9.751
2314.45,25.34,9.7517
2315.45,25.17,9.7516
2316.45,25.29,9.7516
2317.45,25.22,9.7516
2318.45,25.27,9.7516
2319.46,25.15,9.7516
2320.46,25.14,9.7517
2321.46,25.26,9.7516
2322.46,25.36,9.7523
2323.46,25.28,9.7523
2324.46,25.18,9.7523
2325.46,25.17,9.7523
2326.47,25.29,9.7523
2327.47,25.16,9.7523
2328.47,25.26,9.7523
2329.47,25.15,9.7523
2330.47,25.49,9.7527
2331.47,25.26,9.7527
2332.48,25.18,9.7527
2333.48,25.14,9.7527
2334.48,25.27,9.7528
2335.48,25.18,9.7527
2336.48,25.29,9.7527
2337.48,25.18,9.7527
2338.49,25.62,9.7531
2339.49,25.14,9.7531
2340.49,25.14,9.7531
2341.49,25.26,9.7531
2342.49,25.18,9.7532
2343.49,25.25,9.7532
2344.49,25.17,9.7532
2345.5,25.14,9.7533
2346.5,25.46,9.7654
2347.5,25.17,9.7653
2348.5,25.16,9.7653
2349.5,25.3,9.7653
2350.5,25.16,9.7653
2351.5,25.16,9.7654
2352.51,25.7,9.7654
2353.51,25.13,9.7653
2354.51,25.47,9.7658
2355.51,25.14,9.7658
2356.51,25.13,9.7659
2357.51,25.25,9.7658
2358.52,25.15,9.7658
2359.52,25.28,9.7658
2360.52,66.35,9.7755
2361.52,68.57,9.7959
2362.52,30.95,9.7962
2363.52,25.37,9.7962
2364.52,25.23,9.7761
2365.53,25.23,9.776
2366.53,25.13,9.7883
2367.53,25.13,9.8032
2368.53,25.24,9.8187
2369.53,25.44,9.8311
2370.53,25.13,9.8311
2371.53,25.25,9.8311
2372.54,25.17,9.8311
2373.54,25.17,9.8311
2374.54,25.28,9.831
2375.54,25.15,9.831
2376.54,25.15,9.831
2377.54,25.33,9.831
2378.54,25.15,9.8312
2379.54,25.16,9.8312
2380.55,25.26,9.8312
2381.55,25.19,9.8311
2382.55,25.19,9.8311
2383.55,25.26,9.8311
2384.55,25.18,9.8312
2385.55,25.16,9.8312
2386.55,25.27,9.8311
2387.56,25.16,9.8311
2388.56,25.15,9.8311
2389.56,25.25,9.8311
2390.56,25.14,9.8311
2391.56,25.27,9.8311
2392.56,25.19,9.8312
2393.56,25.16,9.8312
2394.57,25.26,9.8311
2395.57,25.22,9.8311
2396.57,25.27,9.8312
2397.57,25.16,9.8312
2398.57,25.14,9.8312
2399.57,25.24,9.8312
2400.57,25.13,9.8312
2401.58,25.13,9.8312
2402.58,25.26,9.8312
2403.58,25.14,9.8312
2404.58,25.12,9.8312
2405.58,25.22,9.8312
2406.58,25.15,9.8312
2407.58,25.15,9.8312
2408.59,25.24,9.8312
2409.59,25.16,9.8312
2410.59,25.16,9.8312
2411.59,25.28,9.8312
2412.59,25.28,9.8312
2413.59,25.63,9.8312
2414.59,25.25,9.8312
2415.59,25.11,9.8312
2416.6,25.12,9.8313
2417.6,25.23,9.8313
2418.6,27.79,9.8313
2419.6,25.15,9.8313
2420.6,25.24,9.8313
2421.6,25.16,9.8313
2422.6,25.24,9.8315
2423.61,25.27,9.8315
2424.61,25.16,9.8315
2425.61,25.17,9.8315
2426.61,25.28,9.8315
2427.61,25.17,9.8315
2428.61,25.25,9.8315
2429.61,25.17,9.8315
2430.62,25.16,9.8315
2431.62,25.3,9.8316
2432.62,25.19,9.8316
2433.62,25.16,9.8316
2434.62,25.27,9.8316
2435.62,25.17,9.8316
2436.63,25.29,9.8316
2437.63,25.18,9.8316
2438.63,25.17,9.8316
2439.63,25.28,9.8316
2440.63,25.17,9.8316
2441.63,25.28,9.8316
2442.63,25.19,9.8316
2443.64,25.17,9.8316
2444.64,25.27,9.8316
2445.64,25.17,9.8316
2446.64,25.18,9.8314
2447.64,25.23,9.8314
2448.64,25.13,9.8314
2449.65,25.27,9.8314
2450.65,25.15,9.8314
2451.65,25.12,9.8317
2452.65,25.29,9.8317
2453.65,25.15,9.8317
2454.65,25.25,9.8317
2455.65,25.17,9.8316
2456.66,25.17,9.8316
2457.66,25.27,9.8316
2458.66,25.17,9.8317
2459.66,25.27,9.8316
2460.66,25.17,9.8316
2461.66,25.18,9.8316
2462.67,25.3,9.8316
2463.67,25.17,9.8316
2464.67,25.17,9.8316
2465.67,25.29,9.8316
2466.67,25.14,9.8317
2467.67,25.18,9.8318
2468.67,25.29,9.8317
2469.67,25.14,9.8317
2470.68,25.14,9.8317
2471.68,25.25,9.8317
2472.68,25.69,9.8318
2473.68,25.11,9.8316
2474.68,25.25,9.8316
2475.68,25.13,9.8317
2476.68,25.15,9.8317
2477.69,25.22,9.8317
2478.69,25.11,9.8317
2479.69,25.12,9.8317
2480.69,25.22,9.8317
2481.69,25.17,9.8317
2482.69,25.28,9.8317
2483.7,25.14,9.8317
2484.7,25.14,9.8317
2485.7,25.24,9.8317
2486.7,25.15,9.8318
2487.7,25.24,9.8318
2488.7,25.16,9.8319
2489.7,25.16,9.8319
2490.71,25.28,9.8318
2491.71,25.17,9.8318
2492.71,25.23,9.8318
2493.71,25.25,9.8318
2494.71,25.14,9.8318
2495.71,25.26,9.8319
2496.71,25.14,9.8319
2497.72,25.15,9.8319
2498.72,25.22,9.8319
2499.72,25.13,9.8318
2500.72,25.26,9.8318
2501.72,25.17,9.8318
2502.72,25.77,9.8321
2503.73,25.23,9.8321
2504.73,25.12,9.8319
2505.73,25.13,9.832
2506.73,25.25,9.8319
2507.73,25.14,9.832
2508.73,25.14,9.832
2509.73,25.27,9.832
2510.73,25.18,9.832
2511.74,25.17,9.832
2512.74,25.3,9.832
2513.74,25.15,9.832
2514.74,25.23,9.832
2515.74,25.15,9.832
2516.74,25.11,9.832
2517.75,25.23,9.832
2518.75,25.17,9.832
2519.75,25.27,9.832
2520.75,25.18,9.832
2521.75,25.16,9.8319
2522.75,25.26,9.8319
2523.76,25.14,9.8319
2524.76,25.13,9.8319
2525.76,25.25,9.832
2526.76,25.11,9.832
2527.76,25.24,9.832
2528.76,25.14,9.832
2529.76,25.13,9.8321
2530.77,25.26,9.8321
2531.77,25.12,9.8321
2532.77,25.24,9.8321
2533.77,25.17,9.8321
2534.77,25.12,9.8322
2535.77,25.23,9.8322
2536.77,25.16,9.8322
2537.78,25.16,9.8321
2538.78,25.24,9.8321
2539.78,25.12,9.8322
2540.78,25.23,9.8324
2541.78,25.17,9.8324
2542.78,25.26,9.8321
2543.79,25.27,9.8321
2544.79,25.14,9.8321
2545.79,25.11,9.8323
2546.79,25.39,9.8322
2547.79,25.15,9.8322
2548.79,25.24,9.8322
2549.79,25.12,9.8322
2550.8,25.13,9.8322
2551.8,25.24,9.8322
2552.8,27.26,9.8325
2553.8,25.13,9.8324
2554.8,25.25,9.8324
2555.8,25.15,9.8324
2556.8,25.14,9.8324
2557.81,25.3,9.8325
2558.81,25.13,9.8324
2559.81,25.25,9.8324
2560.81,25.16,9.8325
2561.81,25.16,9.8324
2562.81,25.51,9.8325
2563.82,25.17,9.8325
2564.82,25.17,9.8324
2565.82,25.28,9.8324
2566.82,25.13,9.8324
2567.82,25.25,9.8324
2568.82,25.15,9.8324
2569.82,25.15,9.8324
2570.83,25.25,9.8326
2571.83,25.14,9.8325
2572.83,25.18,9.8326
2573.83,25.25,9.8325
2574.83,25.16,9.8325
2575.83,25.23,9.8327
2576.83,25.16,9.8327
2577.84,25.17,9.8326
2578.84,25.27,9.8327
2579.84,25.17,9.8327
2580.84,25.18,9.8327
2581.84,25.2,9.8327
2582.84,25.15,9.8328
2583.85,25.21,9.8328
2584.85,25.15,9.8328
2585.85,25.15,9.8328
2586.85,25.21,9.8328
2587.85,25.13,9.8328
2588.85,25.27,9.8328
2589.86,25.18,9.8328
2590.86,25.18,9.8327
2591.86,25.27,9.8327
2592.86,25.19,9.8327
2593.86,25.26,9.8327
2594.86,25.12,9.8327
2595.86,25.14,9.8327
2596.87,25.23,9.8327
2597.87,25.17,9.8327
2598.87,25.26,9.8328
2599.87,25.17,9.8328
2600.87,25.18,9.8328
2601.87,25.27,9.8328
2602.88,25.18,9.8328
2603.88,25.14,9.8328
2604.88,25.26,9.8328
2605.88,25.18,9.8328
2606.88,25.26,9.8328
2607.88,25.18,9.8328
2608.88,25.17,9.8328
2609.89,25.27,9.8328
2610.89,25.18,9.8328
2611.89,25.27,9.8328
2612.89,25.19,9.8328
2613.89,25.17,9.8328
2614.89,25.27,9.8328
2615.9,25.18,9.8328
2616.9,25.27,9.8329
2617.9,25.18,9.8329
2618.9,25.14,9.8329
2619.9,25.22,9.8331
2620.9,25.12,9.8329
2621.91,25.21,9.8329
2622.91,25.17,9.833
2623.91,25.17,9.8329
2624.91,25.27,9.8329
2625.91,25.17,9.8329
2626.91,25.25,9.833
2627.91,25.17,9.8329
2628.92,25.16,9.8329
2629.92,25.26,9.8329
2630.92,25.17,9.833
2631.92,25.27,9.8329
2632.92,25.19,9.8329
2633.92,25.14,9.8329
2634.93,25.27,9.8329
2635.93,25.18,9.8329
2636.93,25.16,9.8329
2637.93,25.26,9.8329
2638.93,25.16,9.8329
2639.93,25.25,9.8329
2640.93,25.16,9.8331
2641.94,25.16,9.8331
2642.94,25.29,9.8331
2643.94,25.15,9.8331
2644.94,25.22,9.833
2645.94,25.18,9.8331
2646.94,25.16,9.8331
2647.94,25.18,9.8331
2648.95,25.27,9.8331
2649.95,25.16,9.8331
2650.95,25.28,9.8331
2651.95,25.16,9.8331
2652.95,25.18,9.8331
2653.95,25.26,9.8332
2654.96,25.15,9.8332
2655.96,25.27,9.8332
2656.96,25.15,9.8333
2657.96,25.16,9.8333
2658.96,25.26,9.8331
2659.96,25.16,9.8331
2660.97,25.28,9.8331
2661.97,25.16,9.8331
2662.97,25.19,9.8331
2663.97,25.25,9.8332
2664.97,25.15,9.8332
2665.97,25.44,9.8332
2666.98,25.16,9.8333
2667.98,25.14,9.8333
2668.98,25.24,9.8333
2669.98,25.15,9.8333
2670.98,25.29,9.8334
2671.98,25.18,9.8334
2672.98,25.19,9.8334
2673.99,25.2,9.8332
2674.99,25.11,9.8332
2675.99,25.22,9.8332
2676.99,25.16,9.8332
2677.99,25.19,9.8332
2678.99,25.27,9.8333
2679.99,25.16,9.8333
2681.0,25.16,9.8333
2682.0,25.26,9.8333
2683.0,25.18,9.8333
2684.0,25.26,9.8333
2685.0,25.11,9.8333
2686.0,25.16,9.8333
2687.01,25.24,9.8334
2688.01,25.15,9.8334
2689.01,25.17,9.8334
2690.01,25.25,9.8334
2691.01,25.14,9.8334
2692.01,25.22,9.8334
2693.02,25.19,9.8335
2694.02,25.12,9.8335
2695.02,25.22,9.8335
2696.02,25.15,9.8335
2697.02,25.26,9.8335
2698.02,25.16,9.8333
2699.02,25.18,9.8334
2700.03,25.84,9.8334
2701.03,25.17,9.8334
2702.03,25.13,9.8334
2703.03,25.3,9.8334
2704.03,25.12,9.8334
2705.03,25.11,9.8334
2706.03,25.27,9.8334
2707.04,25.11,9.8334
2708.04,25.22,9.8336
2709.04,25.11,9.8336
2710.04,25.11,9.8336
2711.04,25.24,9.8336
2712.04,25.16,9.8336
2713.04,25.2,9.8336
2714.05,25.23,9.8336
2715.05,25.11,9.8336
2716.05,25.25,9.8337
2717.05,25.12,9.8337
2718.05,25.16,9.8336
2719.05,25.27,9.8336
2720.06,25.18,9.8336
2721.06,25.29,9.8336
2722.06,25.17,9.8336
2723.06,25.2,9.8337
2724.06,25.27,9.8337
2725.06,25.17,9.8337
2726.07,25.29,9.8337
2727.07,25.17,9.8335
2728.07,25.18,9.8336
2729.07,25.27,9.8336
2730.07,25.11,9.8335
2731.07,25.18,9.8336
2732.07,25.27,9.8336
2733.08,25.2,9.8337
2734.08,25.27,9.8337
2735.08,25.12,9.8335
2736.08,25.18,9.8337
2737.08,25.3,9.8337
2738.08,25.17,9.8338
2739.08,25.11,9.8338
2740.09,25.22,9.8338
2741.09,25.13,9.8338
2742.09,25.12,9.8338
2743.09,25.31,9.8337
2744.09,25.17,9.8337
2745.09,25.12,9.8337
2746.09,25.25,9.8337
2747.1,25.18,9.8338
2748.1,25.25,9.8338
2749.1,25.12,9.8338
2750.1,25.12,9.8338
2751.1,25.23,9.8338
2752.1,25.17,9.8339
2753.1,25.2,9.8339
2754.11,25.3,9.8339
2755.11,25.17,9.8339
2756.11,25.17,9.8339
2757.11,25.28,9.8339
2758.11,25.11,9.8339
2759.11,25.12,9.8339
2760.11,25.26,9.8339
2761.11,25.18,9.8339
2762.12,25.16,9.8339
2763.12,25.3,9.8339
2764.12,25.17,9.8339
2765.12,25.16,9.8339
2766.12,25.25,9.8339
2767.12,25.18,9.8339
2768.12,25.17,9.8339
2769.13,25.25,9.8339
2770.13,25.12,9.834
2771.13,25.14,9.8338
2772.13,25.23,9.8339
2773.13,25.16,9.8339
2774.13,25.14,9.8339
2775.13,25.27,9.8339
2776.14,25.19,9.8339
2777.14,25.15,9.8338
2778.14,25.27,9.8338
2779.14,25.19,9.8339
2780.14,25.16,9.8339
2781.14,25.28,9.8339
2782.14,25.15,9.8339
2783.15,25.28,9.834
2784.15,25.16,9.834
2785.15,25.15,9.834
2786.15,25.3,9.834
2787.15,25.17,9.834
2788.15,25.13,9.8339
2789.15,25.26,9.8339
2790.16,25.17,9.8339
2791.16,25.18,9.8339
2792.16,25.25,9.8339
2793.16,25.16,9.834
2794.16,25.25,9.834
2795.16,25.15,9.8339
2796.16,25.16,9.834
2797.17,25.27,9.834
2798.17,25.16,9.8339
2799.17,25.14,9.8339
2800.17,25.25,9.8341
2801.17,25.17,9.8341
2802.17,25.27,9.8339
2803.17,25.19,9.8342
2804.18,25.16,9.8341
2805.18,25.25,9.8341
2806.18,25.15,9.8341
2807.18,25.27,9.8341
2808.18,25.16,9.834
2809.18,25.15,9.834
2810.19,25.25,9.8341
2811.19,25.13,9.8341
2812.19,25.11,9.8341
2813.19,25.28,9.8341
2814.19,25.17,9.8341
2815.19,25.19,9.8342
2816.19,25.28,9.8343
2817.2,25.15,9.8343
2818.2,25.23,9.8343
2819.2,25.12,9.8343
2820.2,25.12,9.8343
2821.2,25.23,9.8343
2822.2,25.14,9.8343
2823.21,25.22,9.8343
2824.21,25.14,9.8343
2825.21,25.12,9.8343
2826.21,25.23,9.8343
2827.21,25.13,9.8343
2828.21,25.12,9.8343
2829.21,25.22,9.8343
2830.22,25.12,9.8343
2831.22,25.22,9.8344
2832.22,25.14,9.8344
2833.22,25.12,9.8344
2834.22,25.21,9.8344
2835.22,25.11,9.8344
2836.23,25.22,9.8344
2837.23,25.13,9.8344
2838.23,25.14,9.8343
2839.23,25.21,9.8343
2840.23,25.12,9.8343
2841.23,25.25,9.8343
2842.24,25.19,9.8345
2843.24,25.16,9.8345
2844.24,25.24,9.8342
2845.24,25.12,9.8342
2846.24,25.26,9.8344
2847.24,25.17,9.8344
2848.24,25.16,9.8344
2849.25,25.27,9.8344
2850.25,25.17,9.8344
2851.25,25.28,9.8344
2852.25,25.18,9.8344
2853.25,25.15,9.8344
2854.25,25.26,9.8344
2855.26,25.17,9.8344
2856.26,25.27,9.8344
2857.26,25.19,9.8343
2858.26,25.16,9.8343
2859.26,25.25,9.8343
2860.26,25.12,9.8343
2861.26,25.14,9.8346
2862.27,25.27,9.8345
2863.27,25.15,9.8345
2864.27,25.15,9.8344
2865.27,25.25,9.8345
2866.27,25.17,9.8345
2867.27,25.16,9.8345
2868.27,25.26,9.8346
2869.28,25.15,9.8346
2870.28,25.25,9.8346
2871.28,25.16,9.8346
2872.28,25.18,9.8346
2873.28,25.28,9.8345
2874.28,25.19,9.8345
2875.28,25.17,9.8345
2876.29,25.28,9.8347
2877.29,25.17,9.8347
2878.29,25.25,9.8347
2879.29,25.17,9.8347
2880.29,25.16,9.8346
2881.29,25.28,9.8346
2882.3,25.2,9.8346
2883.3,25.25,9.8346
2884.3,25.16,9.8346
2885.3,25.12,9.8346
2886.3,25.24,9.8346
2887.3,25.13,9.8346
2888.3,25.13,9.8346
2889.31,25.24,9.8346
2890.31,25.15,9.8346
2891.31,25.26,9.8346
2892.31,25.17,9.8347
2893.31,25.16,9.8346
2894.31,25.27,9.8347
2895.31,25.16,9.8345
2896.32,25.16,9.8346
2897.32,25.26,9.8346
2898.32,25.16,9.8346
2899.32,25.26,9.8346
2900.32,25.16,9.8347
2901.32,25.15,9.8347
2902.33,25.26,9.8347
2903.33,25.15,9.8347
2904.33,25.14,9.8347
2905.33,25.27,9.8348
2906.33,25.15,9.8348
2907.33,25.23,9.8348
2908.34,25.13,9.8348
2909.34,25.14,9.8348
2910.34,25.25,9.8349
2911.34,25.16,9.8349
2912.34,25.28,9.8348
2913.34,25.15,9.8348
2914.34,25.15,9.8348
2915.35,25.22,9.8348
2916.35,25.14,9.8349
2917.35,25.23,9.8348
2918.35,25.16,9.8348
2919.35,25.16,9.8348
2920.35,25.22,9.8348
2921.36,25.16,9.8349
2922.36,25.14,9.8349
2923.36,25.27,9.8349
2924.36,25.17,9.8349
2925.36,25.27,9.8349
2926.36,25.18,9.8348
2927.36,25.17,9.8349
2928.37,25.25,9.835
2929.37,25.16,9.835
2930.37,25.25,9.8348
2931.37,25.17,9.8348
2932.37,25.18,9.8348
2933.37,25.25,9.8348
2934.38,25.12,9.8349
2935.38,25.25,9.8349
2936.38,25.17,9.835
2937.38,25.15,9.835
2938.38,25.25,9.835
2939.38,25.16,9.835
2940.38,25.15,9.835
2941.39,25.25,9.835
2942.39,25.18,9.835
2943.39,25.15,9.835
2944.39,25.26,9.835
2945.39,25.15,9.835
2946.39,25.25,9.8351
2947.39,25.19,9.8351
2948.4,25.18,9.835
2949.4,25.26,9.835
2950.4,25.15,9.8349
2951.4,25.25,9.8349
2952.4,25.18,9.8349
2953.4,25.17,9.8349
2954.41,25.26,9.8349
2955.41,25.17,9.8349
2956.41,25.28,9.8352
2957.41,25.15,9.8352
2958.41,25.16,9.8351
2959.41,25.27,9.8351
2960.42,25.17,9.8351
2961.42,25.28,9.8351
2962.42,25.15,9.835
2963.42,25.17,9.835
2964.42,25.27,9.835
2965.42,25.17,9.835
2966.42,25.16,9.835
2967.43,25.25,9.835
2968.43,25.17,9.835
2969.43,25.18,9.8351
2970.43,25.26,9.835
2971.43,25.18,9.8351
2972.43,25.31,9.8352
2973.43,25.17,9.8352
2974.44,25.14,9.8352
2975.44,25.25,9.8352
2976.44,25.16,9.8353
2977.44,25.16,9.8352
2978.44,25.22,9.8352
2979.44,25.12,9.8351
2980.44,25.15,9.8352
2981.45,25.27,9.8352
2982.45,25.19,9.8353
2983.45,25.27,9.8352
2984.45,25.17,9.8352
2985.45,25.17,9.8352
2986.45,25.3,9.8352
2987.46,25.16,9.8351
2988.46,25.67,9.8351
2989.46,28.67,9.8351
2990.46,25.15,9.8351
2991.46,25.27,9.8353
2992.46,25.19,9.8354
2993.46,25.18,9.8354
2994.47,25.27,9.8353
2995.47,25.17,9.8353
2996.47,25.28,9.8353
2997.47,25.19,9.8354
2998.47,25.18,9.8354
2999.47,25.27,9.8354
3000.48,25.18,9.8354
3001.48,25.18,9.8354
3002.48,25.31,9.8354
3003.48,25.18,9.8353
3004.48,25.27,9.8353
3005.48,25.18,9.8353
3006.48,25.17,9.8353
3007.49,25.3,9.8354
3008.49,25.17,9.8354
3009.49,25.18,9.8354
3010.49,25.27,9.8354
3011.49,25.17,9.8354
3012.49,25.2,9.8355
3013.49,25.29,9.8355
3014.49,25.16,9.8355
3015.5,25.18,9.8355
3016.5,25.26,9.8355
3017.5,25.14,9.8355
3018.5,25.17,9.8355
3019.5,25.27,9.8355
3020.5,25.17,9.8355
3021.51,25.27,9.8356
3022.51,25.16,9.8357
3023.51,25.15,9.8356
3024.51,25.25,9.8356
3025.51,25.16,9.8356
3026.51,25.17,9.8354
3027.51,25.25,9.8355
3028.52,25.16,9.8355
3029.52,25.26,9.8355
3030.52,25.16,9.8355
3031.52,25.18,9.8356
3032.52,25.3,9.8357
3033.52,25.16,9.8357
3034.53,25.27,9.8357
3035.53,25.17,9.8357
3036.53,25.18,9.8357
3037.53,25.25,9.8356
3038.53,25.15,9.8356
3039.53,25.23,9.8357
3040.53,25.15,9.8357
3041.54,25.16,9.8357
3042.54,25.31,9.8357
3043.54,25.18,9.8357
3044.54,25.24,9.8358
3045.54,25.15,9.8358
3046.54,25.18,9.8358
3047.55,25.27,9.8358
3048.55,25.16,9.8358
3049.55,25.26,9.8358
3050.55,25.18,9.8357
3051.55,25.19,9.8358
3052.55,25.17,9.8357
3053.55,25.28,9.8358
3054.55,25.16,9.8358
3055.56,25.14,9.8358
3056.56,25.28,9.8358
3057.56,25.15,9.8358
3058.56,25.15,9.8358
3059.57,25.29,9.8357
3060.57,25.17,9.8357
3061.57,25.18,9.8357
3062.57,25.3,9.8358
3063.57,25.17,9.8358
3064.57,25.17,9.8358
3065.57,25.27,9.8359
3066.58,25.99,9.8374
3067.58,25.3,9.8373
3068.58,25.17,9.8373
3069.58,25.17,9.8373
3070.58,25.27,9.8373
3071.58,25.17,9.8373
3072.59,25.3,9.8373
3073.59,25.14,9.8373
3074.59,25.15,9.8373
3075.59,25.27,9.8373
3076.59,25.18,9.8374
3077.59,25.17,9.8373
3078.59,25.27,9.8373
3079.6,25.17,9.8373
3080.6,25.27,9.8373
3081.6,25.18,9.8374
3082.6,25.19,9.8374
3083.6,25.27,9.8374
3084.6,25.17,9.8374
3085.61,25.27,9.8374
3086.61,25.15,9.8374
3087.61,25.11,9.8374
3088.61,25.27,9.8374
3089.61,25.16,9.8374
3090.61,25.25,9.8374
3091.61,25.18,9.8374
3092.62,25.18,9.8374
3093.62,25.25,9.8374
3094.62,25.14,9.8374
3095.62,25.15,9.8374
3096.62,25.27,9.8375
3097.62,25.14,9.8374
3098.62,25.15,9.8374
3099.63,25.27,9.8374
3100.63,25.16,9.8374
3101.63,25.18,9.8375
3102.63,25.29,9.8376
3103.63,25.17,9.8374
3104.63,25.27,9.8374
3105.63,25.16,9.8374
3106.64,25.18,9.8375
3107.64,25.27,9.8375
3108.64,25.17,9.8375
3109.64,25.17,9.8375
3110.64,25.26,9.8375
3111.64,25.17,9.8375
3112.65,25.29,9.8375
3113.65,25.17,9.8375
3114.65,25.17,9.8375
3115.65,25.25,9.8375
3116.65,25.12,9.8375
3117.65,25.12,9.8377
3118.65,25.27,9.8375
3119.66,25.15,9.8375
3120.66,25.17,9.8375
3121.66,25.28,9.8376
3122.66,25.15,9.8376
3123.66,25.25,9.8376
3124.66,25.15,9.8376
3125.66,25.16,9.8376
3126.67,25.28,9.8376
3127.67,25.17,9.8376
3128.67,25.27,9.8376
3129.67,25.16,9.8376
3130.67,25.15,9.8376
3131.67,25.27,9.8377
3132.68,25.16,9.8377
3133.68,25.23,9.8376
3134.68,25.09,9.8376
3135.68,25.21,9.8377
3136.68,25.16,9.8379
3137.68,25.13,9.8379
3138.69,25.26,9.8379
3139.69,25.11,9.8379
3140.69,25.26,9.8379
3141.69,25.16,9.8378
3142.69,25.2,9.8377
3143.69,25.24,9.8377
3144.69,25.16,9.8378
3145.7,25.15,9.8378
3146.7,25.26,9.8379
3147.7,25.19,9.8379
3148.7,25.16,9.8378
3149.7,25.21,9.8378
3150.7,25.15,9.8378
3151.71,25.23,9.8378
3152.71,25.19,9.8378
3153.71,25.25,9.838
3154.71,25.13,9.8379
3155.71,25.22,9.8379
3156.72,25.16,9.8379
3157.72,25.16,9.8379
3158.72,25.29,9.8379
3159.72,25.16,9.8378
3160.72,25.16,9.8378
3161.72,25.27,9.8379
3162.72,25.2,9.8379
3163.73,25.26,9.8379
3164.73,25.14,9.8379
3165.73,25.28,9.838
3166.73,25.16,9.838
3167.73,25.18,9.838
3168.73,25.28,9.838
3169.74,25.14,9.838
3170.74,25.27,9.8379
3171.74,25.11,9.8379
3172.74,25.17,9.8381
3173.74,25.26,9.8381
3174.74,25.11,9.8381
3175.74,25.14,9.8381
3176.75,25.27,9.8381
3177.75,25.17,9.8381
3178.75,25.26,9.8381
3179.75,25.15,9.8381
3180.75,25.28,9.8381
3181.75,25.15,9.8381
3182.76,25.18,9.8381
3183.76,25.27,9.8381
3184.76,25.16,9.8381
3185.76,25.26,9.8382
3186.76,25.16,9.8382
3187.76,25.18,9.8382
3188.77,25.24,9.8381
3189.77,25.13,9.8381
3190.77,25.18,9.8381
3191.77,25.28,9.8381
3192.77,25.5,9.8381
3193.77,25.24,9.8381
3194.78,25.14,9.8381
3195.78,25.17,9.8382
3196.78,25.24,9.8381
3197.78,25.17,9.8382
3198.78,25.26,9.8381
3199.78,25.15,9.8381
3200.78,25.12,9.8383
3201.79,25.21,9.8383
3202.79,25.31,9.8383
3203.79,25.25,9.8383
3204.79,25.16,9.8383
3205.79,25.18,9.8383
3206.79,25.19,9.8383
3207.79,25.26,9.8383
3208.8,25.17,9.8383
3209.8,25.26,9.8383
3210.8,25.15,9.8382
3211.8,25.27,9.8381
3212.8,25.2,9.8382
3213.8,25.16,9.8381
3214.81,25.26,9.8381
3215.81,25.2,9.8383
3216.81,25.27,9.8383
3217.81,25.17,9.8383
3218.81,25.16,9.8383
3219.81,25.26,9.8383
3220.82,25.18,9.8384
3221.82,25.26,9.8382
3222.82,25.2,9.8382
3223.82,25.15,9.8382
3224.82,25.25,9.8382
3225.82,25.16,9.8383
3226.82,25.18,9.8382
3227.83,25.29,9.8382
3228.83,25.2,9.8382
3229.83,25.26,9.8382
3230.83,25.21,9.8383
3231.83,25.28,9.8383
3232.83,25.18,9.8383
3233.84,25.2,9.8385
3234.84,25.27,9.8385
3235.84,25.21,9.8385
3236.84,25.29,9.8384
3237.84,25.2,9.8384
3238.85,25.2,9.8384
3239.85,25.3,9.8383
3240.85,25.22,9.8384
3241.85,25.3,9.8384
3242.85,25.22,9.8386
3243.85,25.3,9.8384
3244.86,25.19,9.8384
3245.86,25.32,9.8384
3246.86,25.2,9.8384
3247.86,25.22,9.8384
3248.86,25.3,9.8384
3249.86,25.19,9.8384
3250.87,25.33,9.8385
3251.87,25.21,9.8384
3252.87,25.23,9.8384
3253.87,25.34,9.8384
3254.87,25.19,9.8384
3255.87,25.18,9.8385
3256.87,25.28,9.8385
3257.88,25.12,9.8384
3258.88,25.3,9.8385
3259.88,25.18,9.8385
3260.88,25.25,9.8387
3261.88,25.2,9.8386
3262.88,25.21,9.8386
3263.89,25.33,9.8387
3264.89,25.17,9.8387
3265.89,25.29,9.8387
3266.89,25.15,9.8386
3267.89,25.29,9.8385
3268.9,25.2,9.8385
3269.9,25.2,9.8385
3270.9,25.25,9.8387
3271.9,25.13,9.8387
3272.9,25.26,9.8386
3273.9,25.14,9.8386
3274.91,25.21,9.8386
3275.91,25.13,9.8387
3276.91,25.11,9.8386
3277.91,25.37,9.8386
3278.91,25.15,9.8387
3279.91,25.13,9.8387
3280.91,25.25,9.8388
3281.92,25.14,9.8388
3282.92,25.26,9.8387
3283.92,25.16,9.8386
3284.92,25.11,9.8386
3285.92,25.23,9.8386
3286.92,25.13,9.8386
3287.92,25.18,9.8387
3288.93,25.23,9.8387
3289.93,25.24,9.8387
3290.93,25.16,9.8389
3291.93,25.12,9.8388
3292.93,25.25,9.8388
3293.94,25.13,9.8388
3294.94,25.23,9.8388
3295.94,25.14,9.8389
3296.94,25.13,9.8388
3297.94,25.26,9.8388
3298.94,25.14,9.8387
3299.95,25.18,9.8388
3300.95,25.18,9.8388
3301.95,25.16,9.8387
3302.95,25.28,9.8388
3303.95,25.16,9.8388
3304.95,25.21,9.8388
3305.96,25.12,9.8389
3306.96,25.25,9.8389
3307.96,25.16,9.8389
3308.96,25.17,9.8389
3309.96,25.27,9.8389
3310.96,25.16,9.839
3311.97,25.26,9.8389
3312.97,25.15,9.8389
3313.97,25.12,9.8389
3314.97,25.23,9.8389
3315.97,25.16,9.8389
3316.97,25.26,9.8389
3317.97,25.16,9.8389
3318.98,25.17,9.8389
3319.98,25.25,9.8389
3320.98,25.15,9.839
3321.98,25.16,9.8389
3322.98,25.25,9.8389
3323.98,25.16,9.8388
3324.99,25.16,9.8388
3325.99,25.12,9.8389
3326.99,25.23,9.8389
3327.99,25.17,9.839
3328.99,25.16,9.8391
3329.99,25.24,9.839
3331.0,25.16,9.839
3332.0,25.26,9.839
3333.0,25.18,9.839
3334.0,25.17,9.839
3335.0,25.25,9.839
3336.0,25.3,9.8391
3337.01,25.21,9.8391
3338.01,25.12,9.839
3339.01,25.13,9.8389
3340.01,25.27,9.8389
3341.01,25.17,9.839
3342.01,25.22,9.839
3343.02,25.13,9.839
3344.02,25.13,9.839
3345.02,25.24,9.839
3346.02,25.16,9.839
3347.02,25.25,9.839
3348.02,25.17,9.839
3349.02,25.17,9.839
3350.03,25.25,9.839
3351.03,25.17,9.839
3352.03,25.27,9.839
3353.03,25.19,9.8391
3354.03,25.17,9.8391
3355.03,25.25,9.8391
3356.04,25.17,9.8391
3357.04,25.28,9.8391
3358.04,25.14,9.8392
3359.04,25.15,9.8392
3360.04,25.21,9.8392
3361.04,25.16,9.8392
3362.05,25.25,9.8392
3363.05,25.18,9.8392
3364.05,26.09,9.5439
3365.05,76.09,3.2129
3366.05,77.5,3.5653
3367.05,69.44,3.7751
3368.06,87.23,3.9145
3369.06,76.2,4.0525
3370.06,82.05,4.2329
3371.06,58.24,4.388
3372.06,70.31,4.6304
3373.07,66.84,4.8809
3374.07,31.49,4.9893
3375.07,77.12,5.2397
3376.07,80.0,5.5198
3377.07,69.25,6.1063
3378.07,75.13,6.707
3379.07,71.61,7.3305
3380.08,76.62,7.9367
3381.08,79.91,8.2694
3382.08,58.26,3.2124
3383.08,80.2,3.7095
3384.08,83.93,3.8743
3385.09,84.26,3.9853
3386.09,76.97,4.1352
3387.09,77.2,4.3507
3388.09,68.74,4.5071
3389.09,77.82,4.7502
3390.09,69.58,4.9175
3391.09,48.95,5.0684
3392.1,77.83,5.3428
3393.1,73.68,4.5734
3394.1,65.66,3.2055
3395.1,79.06,3.4649
3396.1,69.32,3.762
3397.1,83.97,3.8892
3398.11,87.11,4.0241
3399.11,74.57,4.1955
3400.11,70.12,4.3713
3401.11,66.92,4.5177
3402.11,76.19,4.805
3403.11,45.66,4.9188
3404.12,55.54,5.1091
3405.12,78.12,5.3444
3406.12,74.1,5.6063
3407.12,66.32,3.237
3408.12,77.62,3.6536
3409.12,92.17,3.9529
3410.13,84.82,4.3668
3411.13,78.47,4.7859
3412.13,78.63,5.1687
3413.13,76.82,5.5426
3414.13,77.48,5.9409
3415.13,75.6,6.3644
3416.14,75.44,6.7393
3417.14,75.77,7.1521
3418.14,76.38,7.5977
3419.14,78.73,8.1218
3420.14,76.48,8.2375
3421.14,75.81,8.3388
3422.15,75.51,8.3352
3423.15,70.43,8.3371
3424.15,42.4,8.3374
3425.15,48.34,8.3378
3426.15,34.04,8.3378
3427.15,44.92,8.3333
3428.16,33.13,8.3333
3429.16,30.27,8.3333
3430.16,31.6,8.3333
3431.16,50.93,8.6926
3432.16,31.4,8.6926
3433.16,30.38,8.6926
3434.17,29.13,8.6926
3435.17,30.17,8.6926
3436.17,42.62,8.6926
3437.17,31.2,8.6926
3438.17,36.3,8.6926
3439.17,26.78,8.6926
3440.18,32.66,8.6926
3441.18,75.07,8.6938
3442.18,51.47,8.6938
3443.18,43.93,8.6939
3444.18,81.01,8.7026
3445.19,68.95,8.7043
3446.19,82.75,9.1202
3447.19,46.69,3.4509
3448.19,68.18,3.2227
3449.19,77.71,3.5337
3450.19,60.47,3.7774
3451.19,92.32,3.9515
3452.2,85.0,4.1639
3453.2,77.12,4.386
3454.2,71.25,4.6161
3455.2,76.48,4.8816
3456.2,39.34,4.9548
3457.2,76.99,5.1976
3458.21,76.06,5.4323
3459.21,80.5,5.8612
3460.21,73.43,6.3959
3461.21,68.32,6.9263
3462.21,64.49,7.4664
3463.21,80.58,8.1232
3464.21,65.29,8.1232
3465.22,42.29,8.2235
3466.22,25.28,8.2235
3467.22,57.41,3.07
3468.22,85.02,3.4752
3469.22,81.52,3.8297
3470.23,89.05,3.9887
3471.23,82.56,4.2117
3472.23,77.19,4.4213
3473.23,71.43,4.6989
3474.23,63.98,4.9204
3475.23,31.56,5.0257
3476.23,77.22,5.2665
3477.24,75.74,5.1919
3478.24,60.51,3.1931
3479.24,80.3,3.5094
3480.24,70.14,3.7758
3481.24,88.84,3.8992
3482.25,84.49,4.0422
3483.25,78.4,4.2292
3484.25,71.34,4.384
3485.25,60.8,4.5945
3486.25,66.26,4.8905
3487.25,25.27,4.9714
3488.26,76.92,5.2297
3489.26,73.99,5.1566
3490.26,63.52,3.2154
3491.26,77.29,3.5573
3492.26,75.64,3.8013
3493.26,87.83,3.9286
3494.26,75.62,4.0693
3495.27,80.67,4.2544
3496.27,64.68,4.4055
3497.27,54.54,4.5569
3498.27,76.92,4.8785
3499.27,28.17,4.961
3500.27,64.54,5.165
3501.28,76.18,5.3975
3502.28,54.5,3.0955
3503.28,85.24,3.4008
3504.28,73.76,3.7625
3505.28,81.88,3.8948
3506.28,86.65,4.0679
3507.28,80.63,4.2654
3508.28,71.67,4.4137
3509.29,63.69,4.5734
3510.29,77.98,4.8812
3511.29,35.29,4.9597
3512.29,61.63,5.1453
3513.29,76.83,5.3718
3514.29,78.65,5.7555
3515.3,48.73,6.3286
3516.3,29.39,6.9146
3517.3,25.88,7.4906
3518.3,39.74,8.2172
3519.3,44.73,8.2697
3520.31,41.51,8.27
3521.31,25.22,8.2701
3522.31,26.76,8.2701
3523.31,28.77,8.2701
3524.31,25.49,8.2701
3525.31,28.03,8.3146
3526.32,25.21,8.3705
3527.32,25.28,8.3705
3528.32,25.17,8.3705
3529.32,25.18,8.3705
3530.32,25.27,8.3705
3531.32,25.19,8.3706
3532.33,27.67,8.3706
3533.33,25.16,8.3706
3534.33,25.16,8.3706
3535.33,25.28,8.3706
3536.33,25.18,8.3706
3537.33,25.28,8.3706
3538.33,25.17,8.3706
3539.34,25.17,8.3706
3540.34,25.27,8.3707
3541.34,25.18,8.3706
3542.34,25.42,8.3707
3543.34,25.17,8.3706
3544.34,25.17,8.3706
3545.35,25.25,8.3706
3546.35,25.18,8.3706
3547.35,25.31,8.3706
3548.35,25.16,8.3706
3549.35,25.18,8.3706
3550.36,25.22,8.3706
3551.36,25.28,8.3707
3552.36,25.2,8.3709
3553.36,25.18,8.3709
3554.36,25.26,8.3709
3555.36,25.86,8.3709
3556.37,25.28,8.3708
3557.37,25.17,8.3708
3558.37,25.16,8.3708
3559.37,25.26,8.3708
3560.37,25.16,8.3708
3561.37,25.77,8.3709
3562.37,25.18,8.3709
3563.38,25.14,8.3708
3564.38,25.28,8.3707
3565.38,25.17,8.3707
3566.38,25.18,8.3708
3567.38,26.66,8.3891
3568.38,34.65,8.5967
3569.38,25.17,8.5967
3570.39,25.23,8.5968
3571.39,25.2,8.5966
3572.39,25.28,8.5966
3573.39,25.16,8.5966
3574.39,25.17,8.5966
3575.39,25.27,8.6108
3576.39,25.19,8.6255
3577.4,25.15,8.6381
3578.4,25.3,8.6449
3579.4,25.85,8.6449
3580.4,25.23,8.6449
3581.4,25.2,8.645
3582.4,25.18,8.645
3583.41,25.26,8.645
3584.41,25.17,8.645
3585.41,25.26,8.645
3586.41,25.18,8.645
3587.41,25.16,8.645
3588.41,25.25,8.645
3589.42,25.17,8.645
3590.42,25.26,8.645
3591.42,25.17,8.645
3592.42,25.28,8.645
3593.42,25.16,8.6449
3594.42,25.17,8.6449
3595.43,25.27,8.645
3596.43,25.19,8.645
3597.43,25.27,8.645
3598.43,25.17,8.645
3599.43,25.19,8.6451
3600.43,25.24,8.6451
3601.44,25.2,8.645
3602.44,25.19,8.645
3603.44,25.27,8.645
3604.44,25.18,8.6451
3605.44,25.19,8.6451
3606.44,25.18,8.6451
3607.45,25.33,8.6451
3608.45,25.17,8.6451
3609.45,25.17,8.6451
3610.45,25.27,8.6451
3611.45,25.18,8.6452
3612.45,25.31,8.6452
3613.45,25.17,8.6452
3614.46,25.23,8.6451
3615.46,25.23,8.6451
3616.46,25.17,8.6451
3617.46,25.27,8.6451
3618.46,25.16,8.6451
3619.47,25.27,8.6451
3620.47,25.15,8.6451
3621.47,25.18,8.645
3622.47,25.31,8.6451
3623.47,25.19,8.6451
3624.47,25.3,8.6451
3625.48,25.19,8.6452
3626.48,25.32,8.6452
3627.48,25.21,8.6452
3628.48,25.18,8.6452
3629.48,25.29,8.6451
3630.48,25.17,8.6451
3631.49,25.28,8.6451
3632.49,25.18,8.6451
3633.49,25.16,8.6451
3634.49,25.27,8.6451
3635.49,25.18,8.645
3636.49,25.27,8.6451
3637.49,25.18,8.6451
3638.5,25.16,8.6451
3639.5,25.26,8.6453
3640.5,25.16,8.6452
3641.5,25.16,8.6453
3642.5,25.27,8.6453
3643.5,25.17,8.6453
3644.51,25.27,8.6453
3645.51,25.17,8.6452
3646.51,25.17,8.6452
3647.51,25.27,8.6452
3648.51,25.16,8.6452
3649.51,25.27,8.6452
3650.51,25.17,8.6452
3651.52,25.13,8.6453
3652.52,25.28,8.6453
3653.52,25.14,8.6453
3654.52,25.13,8.6453
3655.52,25.25,8.6453
3656.52,25.18,8.6452
3657.53,25.25,8.6452
3658.53,25.13,8.6452
3659.53,25.17,8.6453
3660.53,25.2,8.6453
3661.53,25.13,8.6453
3662.53,25.42,8.6454
3663.54,25.16,8.6454
3664.54,25.24,8.6453
3665.54,25.15,8.6453
3666.54,25.16,8.6456
3667.54,25.27,8.6456
3668.54,25.17,8.6456
3669.54,25.12,8.6454
3670.55,25.2,8.6454
3671.55,25.13,8.6454
3672.55,25.24,8.6456
3673.55,25.12,8.6456
3674.55,25.22,8.6455
3675.56,25.11,8.6455
3676.56,25.16,8.6454
3677.56,25.27,8.6454
3678.56,25.14,8.6454
3679.56,25.24,8.6454
3680.56,25.15,8.6454
3681.56,25.12,8.6454
3682.57,25.25,8.6454
3683.57,25.17,8.6454
3684.57,25.27,8.6454
3685.57,25.15,8.6454
3686.57,25.27,8.6454
3687.57,25.15,8.6454
3688.58,25.17,8.6454
3689.58,25.29,8.6454
3690.58,25.15,8.6454
3691.58,25.28,8.6454
3692.58,25.18,8.6456
3693.58,25.14,8.6456
3694.59,25.27,8.6456
3695.59,25.2,8.6456
3696.59,25.18,8.6456
3697.59,25.26,8.6454
3698.59,25.12,8.6456
3699.6,25.12,8.6456
3700.6,25.24,8.6456
3701.6,25.17,8.6456
3702.6,25.24,8.6456
3703.6,25.12,8.6456
3704.6,25.12,8.6456
3705.61,25.22,8.6456
3706.61,25.13,8.6457
3707.61,25.25,8.6457
3708.61,25.16,8.6457
3709.61,25.17,8.6457
3710.61,25.26,8.6457
3711.62,25.17,8.6457
3712.62,25.28,8.6456
3713.62,25.15,8.6456
3714.62,25.17,8.6456
3715.62,25.27,8.6456
3716.62,31.32,8.6458
3717.63,25.27,8.6458
3718.63,25.17,8.6459
3719.63,25.17,8.6458
3720.63,25.26,8.6458
3721.63,25.16,8.6459
3722.63,25.16,8.6458
3723.63,25.25,8.6458
3724.63,25.13,8.6458
3725.64,25.21,8.6458
3726.64,25.17,8.6459
3727.64,25.18,8.6459
3728.64,25.26,8.6459
3729.64,25.17,8.6458
3730.65,25.24,8.6458
3731.65,25.18,8.6458
3732.65,25.16,8.646
3733.65,25.22,8.646
3734.65,25.13,8.6458
3735.65,25.24,8.6458
3736.66,25.18,8.6458
3737.66,25.27,8.646
3738.66,25.17,8.6458
3739.66,25.15,8.6458
3740.66,25.23,8.6458
3741.66,25.2,8.646
3742.67,25.19,8.646
3743.67,25.27,8.646
3744.67,25.17,8.646
3745.67,25.24,8.646
3746.67,25.18,8.646
3747.67,25.27,8.646
3748.68,25.16,8.646
3749.68,25.27,8.646
3750.68,25.17,8.646
3751.68,25.18,8.646
3752.68,25.31,8.646
3753.68,25.17,8.646
3754.68,25.18,8.6459
3755.69,25.25,8.6459
3756.69,25.18,8.6461
3757.69,25.32,8.6461
3758.69,25.17,8.646
3759.69,25.18,8.6461
3760.69,25.28,8.6461
3761.69,25.18,8.6461
3762.7,25.18,8.6461
3763.7,25.26,8.6461
3764.7,25.16,8.6461
3765.7,25.24,8.6461
3766.7,25.19,8.646
3767.7,25.19,8.6461
3768.71,25.27,8.6461
3769.71,25.18,8.6461
3770.71,25.24,8.6461
3771.71,25.18,8.6461
3772.71,25.3,8.6461
3773.72,25.18,8.6461
3774.72,25.19,8.6461
3775.72,25.23,8.6461
3776.72,25.18,8.6462
3777.72,25.26,8.6462
3778.72,25.18,8.6462
3779.72,25.16,8.6462
3780.73,25.26,8.6462
3781.73,26.17,8.6461
3782.73,25.17,8.6462
3783.73,25.24,8.6462
3784.73,25.12,8.6462
3785.73,25.12,8.6462
3786.73,25.24,8.6461
3787.73,25.13,8.6461
3788.74,25.15,8.6462
3789.74,25.23,8.6462
3790.74,25.13,8.6462
3791.74,25.27,8.6462
3792.74,25.18,8.6463
3793.75,25.27,8.6463
3794.75,25.12,8.6462
3795.75,25.11,8.6462
3796.75,25.21,8.6462
3797.75,25.13,8.6462
3798.75,25.24,8.6462
3799.75,25.16,8.6462
3800.76,25.21,8.6463
3801.76,25.12,8.6463
3802.76,25.18,8.6462
3803.76,25.26,8.6462
3804.76,25.16,8.6462
3805.77,25.27,8.6462
3806.77,25.11,8.6463
3807.77,25.12,8.6463
3808.77,25.28,8.6463
3809.77,25.17,8.6463
3810.77,25.37,8.6463
3811.78,25.16,8.6463
3812.78,25.18,8.6463
3813.78,25.27,8.6463
3814.78,25.16,8.6464
3815.78,25.27,8.6464
3816.78,25.16,8.6464
3817.78,25.19,8.6464
3818.79,25.28,8.6464
3819.79,25.16,8.6463
3820.79,25.16,8.6463
3821.79,25.25,8.6464
3822.79,25.18,8.6465
3823.79,25.16,8.6465
3824.79,25.26,8.6465
3825.8,25.17,8.6465
3826.8,25.26,8.6465
3827.8,25.14,8.6465
3828.8,25.11,8.6465
3829.8,25.23,8.6465
3830.8,25.17,8.6464
3831.81,25.26,8.6465
3832.81,25.15,8.6466
3833.81,25.16,8.6466
3834.81,25.26,8.6466
3835.81,25.17,8.6466
3836.81,25.24,8.6466
3837.81,25.16,8.6466
3838.82,25.17,8.6466
3839.82,25.28,8.6466
3840.82,25.71,8.6466
3841.82,25.17,8.6466
3842.82,25.76,8.6467
3843.82,25.14,8.6467
3844.83,25.26,8.6467
3845.83,25.13,8.6467
3846.83,25.25,8.6467
3847.83,25.12,8.6467
3848.83,25.17,8.6467
3849.83,25.26,8.6467
3850.84,25.13,8.6467
3851.84,25.26,8.6467
3852.84,25.19,8.6467
3853.84,25.16,8.6467
3854.84,25.24,8.6466
3855.84,25.12,8.6468
3856.85,25.21,8.6468
3857.85,25.11,8.6468
3858.85,25.11,8.6468
3859.85,25.22,8.6468
3860.85,25.12,8.6468
3861.85,25.14,8.6468
3862.85,25.29,8.6468
3863.85,25.15,8.6468
3864.86,25.14,8.6468
3865.86,25.27,8.6469
3866.86,25.16,8.6469
3867.86,25.27,8.6469
3868.86,25.15,8.6469
3869.86,25.14,8.6469
3870.87,25.29,8.6469
3871.87,25.16,8.6469
3872.87,25.19,8.6469
3873.87,25.28,8.6469
3874.87,25.19,8.647
3875.87,25.16,8.647
3876.87,25.26,8.647
3877.87,25.19,8.6468
3878.88,25.18,8.6468
3879.88,25.29,8.6468
3880.88,25.2,8.6469
3881.88,25.28,8.6469
3882.88,25.2,8.6469
3883.88,25.13,8.6469
3884.89,25.27,8.6469
3885.89,25.16,8.6469
3886.89,25.27,8.6469
3887.89,25.17,8.6469
3888.89,25.18,8.6469
3889.89,25.28,8.6469
3890.9,25.2,8.6469
3891.9,25.3,8.6469
3892.9,25.21,8.6469
3893.9,25.29,8.6469
3894.9,25.19,8.6469
3895.9,25.21,8.6469
3896.91,25.3,8.6469
3897.91,25.22,8.6471
3898.91,25.19,8.6469
3899.91,25.27,8.6469
3900.91,25.19,8.6469
3901.91,25.28,8.647
3902.92,25.2,8.6471
3903.92,25.27,8.647
3904.92,25.18,8.647
3905.92,25.19,8.647
3906.92,25.29,8.647
3907.92,25.22,8.647
3908.93,25.27,8.647
3909.93,25.15,8.6471
3910.93,25.16,8.6471
3911.93,25.26,8.647
3912.93,25.18,8.6471
3913.93,25.25,8.647
3914.94,25.13,8.647
3915.94,25.25,8.647
3916.94,25.13,8.647
3917.94,25.18,8.647
3918.94,25.28,8.647
3919.94,25.34,8.647
3920.94,25.19,8.6471
3921.95,25.3,8.6471
3922.95,25.22,8.6471
3923.95,25.2,8.6471
3924.95,25.31,8.6472
3925.95,25.19,8.6472
3926.95,25.3,8.6472
3927.95,25.19,8.6472
3928.96,25.2,8.6472
3929.96,25.31,8.6471
3930.96,25.2,8.6471
3931.96,25.27,8.6471
3932.96,25.21,8.6471
3933.96,25.18,8.6471
3934.97,25.32,8.6471
3935.97,25.2,8.6472
3936.97,25.2,8.6472
3937.97,25.31,8.6472
3938.97,25.18,8.6472
3939.97,25.3,8.6472
3940.97,25.18,8.6472
3941.98,25.18,8.6472
3942.98,25.31,8.6472
3943.98,25.18,8.6472
3944.98,25.21,8.6472
3945.98,25.29,8.6473
3946.98,25.19,8.6472
3947.99,25.29,8.6472
3948.99,25.18,8.6472
3949.99,25.24,8.6472
3950.99,25.2,8.6474
3951.99,25.19,8.6474
3952.99,25.3,8.6475
3954.0,25.17,8.6475
3955.0,25.28,8.6474
3956.0,25.16,8.6474
3957.0,25.16,8.6474
3958.0,25.29,8.6473
3959.0,25.16,8.6473
3960.0,25.17,8.6473
3961.01,25.29,8.6474
3962.01,25.16,8.6474
3963.01,25.18,8.6474
3964.01,25.28,8.6474
3965.01,25.16,8.6473
3966.01,25.17,8.6475
3967.01,25.26,8.6474
3968.01,25.16,8.6474
3969.02,25.16,8.6474
3970.02,25.26,8.6474
3971.02,25.17,8.6474
3972.02,25.16,8.6474
3973.02,25.27,8.6474
3974.02,25.14,8.6474
3975.03,25.25,8.6474
3976.03,25.23,8.6475
3977.03,25.16,8.6476
3978.03,25.17,8.6474
3979.03,25.27,8.6474
3980.03,25.16,8.6474
3981.04,25.24,8.6476
3982.04,25.17,8.6476
3983.04,25.19,8.6477
3984.04,25.27,8.6475
3985.04,25.17,8.6475
3986.05,25.24,8.6475
3987.05,25.16,8.6475
3988.05,25.17,8.6476
3989.05,25.26,8.6476
3990.05,25.16,8.6476
3991.05,25.24,8.6476
3992.06,25.16,8.6475
3993.06,25.28,8.6478
3994.06,25.16,8.6477
3995.06,25.15,8.6475
3996.06,25.29,8.6475
3997.06,25.14,8.6475
3998.06,25.17,8.6475
3999.07,25.28,8.6475
4000.07,25.16,8.6475
4001.07,25.16,8.6475
4002.07,25.27,8.6475
4003.07,25.18,8.6477
4004.07,25.22,8.6477
4005.07,25.16,8.6476
4006.08,25.2,8.6477
4007.08,25.15,8.6476
4008.08,25.16,8.6476
4009.08,25.28,8.6476
4010.08,25.16,8.6476
4011.09,25.24,8.6477
4012.09,25.18,8.6478
4013.09,25.2,8.6477
4014.09,25.27,8.6477
4015.09,25.14,8.6477
4016.09,25.23,8.6478
4017.1,25.16,8.6478
4018.1,25.26,8.6477
4019.1,25.16,8.6477
4020.1,25.16,8.6478
4021.1,25.28,8.6478
4022.1,25.17,8.6477
4023.11,25.28,8.6478
4024.11,25.15,8.6478
4025.11,25.16,8.6478
4026.11,25.27,8.648
4027.11,25.17,8.648
4028.11,25.28,8.6479
4029.11,25.16,8.6479
4030.12,25.15,8.6479
4031.12,25.25,8.6479
4032.12,25.16,8.6479
4033.12,25.29,8.648
4034.12,25.17,8.648
4035.13,25.27,8.648
4036.13,25.17,8.648
4037.13,25.17,8.6479
4038.13,25.28,8.6478
4039.13,25.16,8.6478
4040.13,25.19,8.6479
4041.14,25.22,8.6479
4042.14,25.27,8.6478
4043.14,25.19,8.648
4044.14,25.16,8.6478
4045.14,25.26,8.6478
4046.14,25.16,8.648
4047.15,25.26,8.648
4048.15,25.17,8.6479
4049.15,25.17,8.6479
4050.15,25.28,8.6479
4051.15,25.13,8.6479
4052.15,35.44,8.6483
4053.15,25.18,8.6482
4054.16,25.17,8.6482
4055.16,25.28,8.6482
4056.16,25.15,8.6482
4057.16,25.28,8.6483
4058.16,25.15,8.6483
4059.16,25.12,8.6483
4060.17,25.25,8.6483
4061.17,25.16,8.6483
4062.17,25.27,8.6483
4063.17,25.18,8.6483
4064.17,25.16,8.6483
4065.17,25.25,8.6483
4066.18,25.17,8.6483
4067.18,25.27,8.6483
4068.18,25.17,8.6483
4069.18,25.16,8.6483
4070.18,25.24,8.6483
4071.18,25.17,8.6484
4072.19,25.27,8.6485
4073.19,25.18,8.6485
4074.19,25.14,8.6485
4075.19,25.26,8.6484
4076.19,25.18,8.6484
4077.19,25.16,8.6484
4078.19,25.26,8.6484
4079.2,25.14,8.6484
4080.2,25.24,8.6484
4081.2,25.16,8.6484
4082.2,25.18,8.6485
4083.2,25.26,8.6484
4084.2,25.17,8.6484
4085.21,25.27,8.6484
4086.21,25.18,8.6485
4087.21,25.18,8.6484
4088.21,25.26,8.6484
4089.21,25.17,8.6484
4090.21,25.27,8.6484
4091.22,25.15,8.6485
4092.22,25.59,8.6486
4093.22,25.17,8.6487
4094.22,25.16,8.6487
4095.22,25.26,8.6487
4096.22,25.16,8.6486
4097.23,25.27,8.6486
4098.23,25.16,8.6486
4099.23,25.16,8.6485
4100.23,25.23,8.6486
4101.23,25.13,8.6486
4102.23,25.15,8.6488
4103.23,25.27,8.6487
4104.24,25.17,8.6487
4105.24,25.27,8.6487
4106.24,25.23,8.6488
4107.24,25.27,8.6486
4108.24,25.87,8.6487
4109.24,25.17,8.6487
4110.25,25.27,8.6486
4111.25,25.17,8.6487
4112.25,25.27,8.6488
4113.25,25.15,8.6488
4114.25,25.17,8.6486
4115.25,25.26,8.6485
4116.26,25.14,8.6486
4117.26,25.26,8.6487
4118.26,25.14,8.6487
4119.26,25.24,8.6487
4120.26,25.17,8.6487
4121.27,25.17,8.6488
4122.27,26.0,8.6489
4123.27,25.11,8.6489
4124.27,25.28,8.6487
4125.27,25.14,8.6487
4126.27,25.24,8.6488
4127.27,25.16,8.6487
4128.28,25.16,8.6487
4129.28,25.26,8.6487
4130.28,25.17,8.6488
4131.28,25.27,8.6488
4132.28,25.18,8.649
4133.28,25.15,8.6488
4134.29,25.24,8.6488
4135.29,25.18,8.6488
4136.29,25.84,8.6489
4137.29,25.17,8.649
4138.29,25.16,8.6489
4139.29,26.09,8.6488
4140.3,25.18,8.6489
4141.3,25.26,8.6488
4142.3,25.16,8.649
4143.3,25.14,8.6488
4144.3,25.25,8.6488
4145.3,25.16,8.6488
4146.31,25.24,8.649
4147.31,25.17,8.6489
4148.31,25.16,8.6489
4149.31,25.25,8.6489
4150.31,25.12,8.6489
4151.31,25.26,8.6489
4152.32,25.14,8.649
4153.32,25.16,8.6489
4154.32,25.28,8.649
4155.32,25.16,8.6489
4156.32,25.16,8.6489
4157.32,25.25,8.6489
4158.32,25.17,8.6489
4159.33,25.28,8.6491
4160.33,25.17,8.649
4161.33,25.25,8.649
4162.33,25.19,8.6492
4163.33,25.17,8.6492
4164.33,25.28,8.6489
4165.34,25.17,8.649
4166.34,25.25,8.6491
4167.34,25.16,8.6491
4168.34,25.14,8.649
4169.34,25.22,8.6491
4170.34,25.16,8.6491
4171.35,25.28,8.649
4172.35,25.16,8.6491
4173.35,25.11,8.6491
4174.35,25.21,8.6491
4175.35,25.1,8.649
4176.35,25.21,8.6491
4177.36,25.13,8.6491
4178.36,25.16,8.6491
4179.36,25.23,8.6491
4180.36,25.12,8.6491
4181.36,25.25,8.6491
4182.36,25.18,8.6492
4183.37,25.26,8.6492
4184.37,25.16,8.6492
4185.37,25.16,8.6492
4186.37,25.26,8.6491
4187.37,25.19,8.6492
4188.37,25.15,8.6491
4189.37,25.21,8.6491
4190.38,25.14,8.6491
4191.38,25.23,8.6492
4192.38,25.19,8.6493
4193.38,25.26,8.6492
4194.38,25.14,8.6492
4195.38,25.16,8.6493
4196.39,25.25,8.6492
4197.39,25.14,8.6492
4198.39,25.24,8.6492
4199.39,25.15,8.6492
4200.39,25.16,8.6492
4201.39,25.26,8.6492
4202.4,25.17,8.6493
4203.4,25.25,8.6493
4204.4,25.17,8.6492
4205.4,25.23,8.6492
4206.4,25.31,8.6492
4207.4,25.18,8.6492
4208.4,25.17,8.6492
4209.41,25.29,8.6492
4210.41,25.17,8.6494
4211.41,25.18,8.6494
4212.41,25.28,8.6493
4213.41,25.16,8.6493
4214.41,25.26,8.6493
4215.41,25.16,8.6493
4216.42,25.26,8.6494
4217.42,25.17,8.6494
4218.42,25.17,8.6493
4219.42,25.28,8.6493
4220.42,25.17,8.6494
4221.43,54.54,8.6494
4222.43,72.94,8.6515
4223.43,31.07,8.6515
4224.43,26.9,8.6515
4225.43,25.93,8.6515
4226.43,28.74,8.6515
4227.44,54.52,8.6516
4228.44,26.16,8.6516
4229.44,26.87,8.6516
4230.44,25.11,8.6516
4231.44,25.76,8.6516
4232.44,25.17,8.6518
4233.44,25.16,8.6518
4234.45,25.24,8.6517
4235.45,25.12,8.6516
4236.45,25.21,8.6516
4237.45,25.13,8.6516
4238.45,25.21,8.6516
4239.45,25.12,8.6516
4240.46,25.11,8.6516
4241.46,25.29,8.6517
4242.46,25.15,8.6517
4243.46,25.18,8.6517
4244.46,25.27,8.6517
4245.46,25.16,8.6517
4246.46,25.16,8.6518
4247.47,25.26,8.6517
4248.47,25.17,8.6517
4249.47,25.26,8.6518
4250.47,25.7,8.6517
4251.47,25.25,8.6517
4252.48,25.2,8.6517
4253.48,25.27,8.6517
4254.48,25.16,8.6517
4255.48,25.16,8.6517
4256.48,25.27,8.6518
4257.48,25.17,8.6518
4258.49,37.78,8.7174
4259.49,25.14,8.7174
4260.49,25.12,8.7174
4261.49,25.34,8.7174
4262.49,25.2,8.7174
4263.49,25.7,8.7174
4264.49,25.31,8.7174
4265.5,25.12,8.7174
4266.5,25.25,8.7174
4267.5,25.15,8.7174
4268.5,25.16,8.7174
4269.5,25.23,8.7174
4270.5,25.11,8.7174
4271.51,25.54,8.7176
4272.51,25.17,8.7175
4273.51,25.17,8.7175
4274.51,25.27,8.7175
4275.51,25.18,8.7177
4276.51,25.28,8.7177
4277.51,25.19,8.7177
4278.52,25.16,8.7174
4279.52,26.65,8.7176
4280.52,25.4,8.7176
4281.52,25.17,8.7176
4282.52,25.29,8.7176
4283.52,25.18,8.7176
4284.53,25.24,8.7176
4285.53,25.15,8.7176
4286.53,25.25,8.7177
4287.53,25.17,8.7177
4288.53,27.51,8.7177
4289.53,25.26,8.7177
4290.54,25.14,8.7177
4291.54,25.24,8.7177
4292.54,25.15,8.7176
4293.54,25.11,8.7176
4294.54,25.21,8.7176
4295.54,25.13,8.7176
4296.55,25.27,8.7176
4297.55,25.18,8.7177
4298.55,25.17,8.7176
4299.55,59.89,8.7219
4300.55,50.08,8.7229
4301.55,27.42,8.7229
4302.56,25.13,8.7229
4303.56,25.33,8.7163
4304.56,25.11,8.7163
4305.56,25.12,8.7163
4306.56,25.71,8.7163
4307.56,25.12,8.7163
4308.57,25.22,8.7163
4309.57,25.12,8.7163
4310.57,25.13,8.7163
4311.57,25.22,8.7164
4312.57,25.14,8.7164
4313.57,25.23,8.7164
4314.57,25.12,8.7164
4315.58,25.11,8.7164
4316.58,25.24,8.7164
4317.58,25.12,8.7163
4318.58,25.14,8.7164
4319.58,25.23,8.7164
4320.58,25.11,8.7164
4321.59,25.23,8.7164
4322.59,25.13,8.7164
4323.59,25.13,8.7165
4324.59,25.23,8.7165
4325.59,25.13,8.7165
4326.59,38.24,8.8117
4327.59,25.14,8.8117
4328.6,25.12,8.8117
4329.6,25.26,8.8117
4330.6,25.13,8.8116
4331.6,25.16,8.8116
4332.6,25.26,8.8117
4333.6,25.12,8.8117
4334.61,25.22,8.8116
4335.61,25.11,8.8116
4336.61,25.11,8.8116
4337.61,25.22,8.8116
4338.61,25.13,8.8116
4339.61,25.23,8.8116
4340.61,25.16,8.8116
4341.62,25.42,8.8116
4342.62,25.14,8.8116
4343.62,25.14,8.8116
4344.62,25.28,8.8116
4345.62,25.19,8.8116
4346.63,26.02,8.8118
4347.63,25.18,8.8117
4348.63,25.18,8.8117
4349.63,25.29,8.8117
4350.63,25.14,8.8118
4351.63,25.22,8.8117
4352.64,25.14,8.8117
4353.64,25.13,8.8117
4354.64,25.24,8.8118
4355.64,27.26,8.8118
4356.64,25.25,8.8118
4357.64,26.35,8.8119
4358.64,25.16,8.8117
4359.65,25.3,8.8117
4360.65,25.17,8.8117
4361.65,25.28,8.8118
4362.65,25.18,8.8118
4363.65,25.17,8.8119
4364.65,25.27,8.8119
4365.66,25.16,8.8119
4366.66,25.26,8.8119
4367.66,25.16,8.8119
4368.66,25.26,8.8119
4369.66,25.17,8.8119
4370.66,25.17,8.8119
4371.67,25.29,8.8119
4372.67,25.19,8.8118
4373.67,25.16,8.8118
4374.67,25.29,8.8118
4375.67,25.28,8.8118
4376.67,25.22,8.8118
4377.67,25.18,8.812
4378.68,25.18,8.8119
4379.68,25.28,8.8119
4380.68,25.18,8.8119
4381.68,25.27,8.812
4382.68,25.23,8.812
4383.68,25.14,8.812
4384.69,25.34,8.8119
4385.69,25.17,8.8119
4386.69,25.29,8.812
4387.69,25.16,8.812
4388.69,25.18,8.812
4389.69,25.13,8.8119
4390.69,25.23,8.812
4391.7,25.17,8.8121
4392.7,25.17,8.8122
4393.7,25.27,8.812
4394.7,25.18,8.812
4395.7,25.14,8.812
4396.71,25.22,8.812
4397.71,25.17,8.812
4398.71,25.27,8.812
4399.71,25.14,8.812
4400.71,25.23,8.812
4401.72,35.31,9.0728
4402.72,32.14,9.2524
4403.72,25.26,9.2522
4404.72,25.16,9.2522
4405.72,25.25,9.2522
4406.72,25.15,9.2522
4407.73,25.27,9.2522
4408.73,25.17,9.2522
4409.73,25.17,9.2522
4410.73,25.3,9.2522
4411.73,25.13,9.2523
4412.73,25.28,9.2524
4413.74,25.13,9.2524
4414.74,25.11,9.2525
4415.74,25.23,9.2525
4416.74,25.15,9.2524
4417.74,25.23,9.2524
4418.74,25.16,9.2524
4419.75,25.16,9.2524
4420.75,25.27,9.2524
4421.75,25.16,9.2524
4422.75,25.29,9.2524
4423.75,25.15,9.2525
4424.75,25.23,9.2523
4425.75,25.18,9.2523
4426.76,25.15,9.2524
4427.76,25.26,9.2524
4428.76,25.16,9.2524
4429.76,25.25,9.2524
4430.76,25.16,9.2524
4431.77,25.27,9.2524
4432.77,25.19,9.2524
4433.77,25.17,9.2524
4434.77,25.27,9.2524
4435.77,25.17,9.2524
4436.77,25.27,9.2524
4437.77,25.18,9.2525
4438.78,25.17,9.2524
4439.78,25.28,9.2525
4440.78,25.18,9.2525
4441.78,25.11,9.2526
4442.78,25.25,9.2526
4443.78,25.17,9.2526
4444.79,25.27,9.2526
4445.79,25.18,9.2526
4446.79,25.27,9.2526
4447.79,25.15,9.2525
4448.79,25.17,9.2525
4449.79,25.25,9.2525
4450.8,25.13,9.2787
4451.8,25.27,9.3831
4452.8,25.19,9.4853
4453.8,25.15,9.5788
4454.8,25.24,9.6687
4455.8,49.35,9.9605
4456.81,25.24,9.9605
4457.81,25.16,9.9605
4458.81,25.17,9.9605
4459.81,25.29,9.9605
4460.81,25.17,9.9605
4461.81,25.24,9.9604
4462.81,25.2,9.9604
4463.82,25.17,9.9604
4464.82,25.23,9.9604
4465.82,25.15,9.9605
4466.82,25.27,9.9604
4467.82,25.17,9.9604
4468.82,25.19,9.9603
4469.83,25.26,9.9603
4470.83,25.17,9.9603
4471.83,25.17,9.9604
4472.83,25.28,9.9604
4473.83,25.16,9.9605
4474.83,25.28,9.9605
4475.84,25.17,9.9605
4476.84,25.25,9.9605
4477.84,25.17,9.9605
4478.84,25.13,9.9605
4479.84,25.22,9.9605
4480.84,25.14,9.9605
4481.85,25.21,9.9605
4482.85,25.14,9.9604
4483.85,25.12,9.9604
4484.85,25.23,9.9604
4485.85,25.15,9.9604
4486.85,25.25,9.9604
4487.85,25.15,9.9605
4488.86,25.17,9.9605
4489.86,25.27,9.9605
4490.86,25.17,9.9605
4491.86,25.23,9.9605
4492.86,25.18,9.9605
4493.87,25.27,9.9605
4494.87,25.17,9.9605
4495.87,25.43,9.9606
4496.87,25.18,9.9606
4497.87,25.18,9.9606
4498.87,25.28,9.9605
4499.87,25.15,9.9605
4500.88,25.14,9.9606
4501.88,25.21,9.9606
4502.88,25.15,9.9606
4503.88,25.27,9.9606
4504.88,25.15,9.9606
4505.88,25.17,9.9607
4506.89,25.24,9.9606
4507.89,25.13,9.9606
4508.89,25.23,9.9607
4509.89,25.13,9.9607
4510.89,25.14,9.9607
4511.89,36.5,10.0307
4512.9,25.16,10.0307
4513.9,25.16,10.0307
4514.9,25.26,10.0307
4515.9,25.18,10.0307
4516.9,25.26,10.0307
4517.9,25.15,10.0306
4518.9,25.16,10.0306
4519.91,25.26,10.0306
4520.91,25.19,10.0308
4521.91,25.27,10.0309
4522.91,25.19,10.0309
4523.91,25.16,10.0309
4524.91,25.27,10.0309
4525.92,25.18,10.0309
4526.92,25.27,10.0309
4527.92,25.17,10.0308
4528.92,25.18,10.0308
4529.92,25.3,10.0308
4530.92,25.19,10.0308
4531.93,25.25,10.0309
4532.93,25.19,10.0309
4533.93,25.13,10.0309
4534.93,25.24,10.0308
4535.93,25.15,10.0309
4536.93,25.22,10.0308
4537.94,25.18,10.0308
4538.94,25.17,10.0309
4539.94,25.28,10.0308
4540.94,25.19,10.0308
4541.94,25.19,10.0309
4542.94,25.29,10.0309
4543.94,25.17,10.0309
4544.95,25.28,10.0309
4545.95,25.19,10.031
4546.95,25.27,10.031
4547.95,25.17,10.031
4548.95,25.15,10.031
4549.95,25.24,10.031
4550.96,25.15,10.031
4551.96,25.2,10.031
4552.96,25.18,10.031
4553.96,25.27,10.0311
4554.96,25.17,10.031
4555.96,25.18,10.031
4556.97,25.26,10.031
4557.97,25.17,10.031
4558.97,25.27,10.031
4559.97,25.16,10.031
4560.97,25.29,10.0312
4561.97,25.17,10.0311
4562.98,25.19,10.0311
4563.98,25.23,10.0311
4564.98,25.12,10.0311
4565.98,25.23,10.0311
4566.98,40.61,10.1817
4567.98,25.18,10.1817
4568.99,25.26,10.1818
4569.99,25.17,10.1817
4570.99,25.27,10.1818
4571.99,25.16,10.1818
4572.99,25.19,10.1816
4573.99,25.27,10.1816
4575.0,25.16,10.1817
4576.0,25.27,10.1817
4577.0,25.16,10.1817
4578.0,25.16,10.1817
4579.0,25.29,10.1817
4580.0,25.17,10.1817
4581.0,25.19,10.1817
4582.01,25.27,10.1818
4583.01,25.18,10.182
4584.01,25.27,10.182
4585.01,25.17,10.182
4586.01,25.19,10.182
4587.01,25.28,10.1819
4588.01,25.17,10.1819
4589.02,25.17,10.1819
4590.02,25.27,10.1819
4591.02,25.17,10.1819
4592.02,25.28,10.1818
4593.02,25.19,10.1818
4594.02,25.18,10.1818
4595.03,25.27,10.1818
4596.03,25.14,10.1819
4597.03,25.23,10.1819
4598.03,25.17,10.1819
4599.03,25.17,10.1819
4600.03,25.27,10.182
4601.04,25.17,10.182
4602.04,25.27,10.1819
4603.04,25.67,10.182
4604.04,25.17,10.1819
4605.04,25.26,10.182
4606.04,25.15,10.182
4607.05,32.32,10.1819
4608.05,25.16,10.1819
4609.05,25.16,10.1819
4610.05,25.27,10.1819
4611.05,25.17,10.182
4612.05,25.27,10.182
4613.05,25.19,10.182
4614.06,25.17,10.182
4615.06,25.26,10.1821
4616.06,25.17,10.1821
4617.06,25.22,10.182
4618.06,25.17,10.182
4619.06,25.16,10.182
4620.07,25.27,10.1821
4621.07,43.73,10.4694
4622.07,25.25,10.4695
4623.07,25.14,10.4694
4624.07,25.11,10.4694
4625.07,25.26,10.4694
4626.08,25.17,10.4694
4627.08,25.26,10.4695
4628.08,25.16,10.4694
4629.08,25.14,10.4694
4630.08,25.22,10.4694
4631.08,25.16,10.4694
4632.09,25.23,10.4694
4633.09,25.13,10.4694
4634.09,25.11,10.4695
4635.09,25.21,10.4694
4636.09,25.14,10.4694
4637.09,25.22,10.4694
4638.1,25.13,10.4694
4639.1,25.12,10.4694
4640.1,25.22,10.4694
4641.1,25.14,10.4694
4642.1,25.23,10.4695
4643.1,25.13,10.4695
4644.1,25.11,10.4695
4645.11,25.21,10.4695
4646.11,25.16,10.4695
4647.11,25.27,10.4695
4648.11,25.12,10.4695
4649.11,25.23,10.4696
4650.11,25.11,10.4696
4651.12,25.12,10.4695
4652.12,25.22,10.4695
4653.12,25.15,10.4695
4654.12,25.22,10.4695
4655.12,25.11,10.4695
4656.12,25.16,10.4696
4657.13,25.29,10.4695
4658.13,25.11,10.4695
4659.13,25.11,10.4695
4660.13,25.2,10.4695
4661.13,25.17,10.4695
4662.13,25.27,10.4696
4663.14,25.77,10.4697
4664.14,25.19,10.4697
4665.14,25.23,10.4696
4666.14,25.15,10.4696
4667.14,25.26,10.4696
4668.14,25.14,10.4696
4669.15,25.25,10.4696
4670.15,25.17,10.4696
4671.15,25.22,10.4696
4672.15,25.24,10.4696
4673.15,25.19,10.4698
4674.15,25.17,10.4697
4675.15,25.29,10.4696
4676.16,25.2,10.4698
4677.16,25.29,10.4697
4678.16,25.19,10.4697
4679.16,39.17,10.701
4680.16,25.31,10.701
4681.16,25.13,10.7012
4682.16,25.16,10.7011
4683.17,25.29,10.7011
4684.17,25.15,10.7011
4685.17,25.25,10.7011
4686.17,25.18,10.7012
4687.17,25.2,10.7012
4688.17,25.29,10.7012
4689.18,25.19,10.7011
4690.18,25.27,10.7011
4691.18,25.14,10.7011
4692.18,25.16,10.7011
4693.18,25.33,10.7011
4694.18,25.18,10.7011
4695.18,25.2,10.7013
4696.19,25.32,10.7012
4697.19,25.18,10.7012
4698.19,25.17,10.7012
4699.19,25.31,10.7012
4700.19,25.14,10.7012
4701.19,25.14,10.7013
4702.19,40.61,6.0591
4703.19,87.18,3.437
4704.2,77.8,3.775
4705.2,80.86,3.8889
4706.2,86.25,4.0218
4707.2,79.84,4.1693
4708.2,79.27,4.4048
4709.2,66.73,4.6301
4710.21,74.26,4.9006
4711.21,29.09,4.9738
4712.21,79.13,5.2245
4713.21,77.91,5.459
4714.21,78.76,5.8862
4715.21,74.52,6.4317
4716.22,60.74,6.9978
4717.22,74.35,7.5048
4718.22,66.79,7.9605
4719.22,52.98,3.1657
4720.22,82.19,3.4723
4721.22,60.91,3.7998
4722.22,76.33,3.9276
4723.23,84.86,4.1096
4724.23,81.57,4.3651
4725.23,75.09,4.5666
4726.23,75.83,4.8602
4727.23,46.92,4.9632
4728.23,49.6,5.1096
4729.24,77.34,5.3105
4730.24,78.3,5.5594
4731.24,64.14,3.1993
4732.24,72.27,3.3617
4733.24,75.58,3.8008
4734.24,86.2,3.9647
4735.25,82.38,4.1664
4736.25,71.36,4.3832
4737.25,68.8,4.7048
4738.25,76.15,4.9843
4739.25,60.92,5.1565
4740.25,78.46,5.3964
4741.26,75.32,5.736
4742.26,61.71,3.1497
4743.26,84.24,3.5026
4744.26,73.64,3.8881
4745.26,86.06,4.0192
4746.26,82.75,4.1858
4747.27,82.15,4.4458
4748.27,59.43,4.767
4749.27,76.15,5.0458
4750.27,50.69,5.2116
4751.27,75.75,5.4561
4752.27,81.78,5.7523
4753.27,52.31,6.3085
4754.28,59.5,3.2457
4755.28,81.65,3.7798
4756.28,86.19,3.991
4757.28,84.42,4.0995
4758.28,81.74,4.2543
4759.29,76.72,4.454
4760.29,61.0,4.6554
4761.29,77.43,4.8521
4762.29,78.65,5.0697
4763.29,36.97,5.1667
4764.29,78.97,5.4241
4765.29,81.43,5.7115
4766.3,53.73,3.1725
4767.3,85.17,3.6348
4768.3,81.73,3.9318
4769.3,90.47,4.1224
4770.3,81.69,4.3446
4771.31,80.45,4.6583
4772.31,71.45,4.9121
4773.31,77.7,5.1609
4774.31,77.26,5.3705
4775.31,63.06,3.1884
4776.31,89.31,3.433
4777.32,86.51,3.8048
4778.32,83.16,4.1446
4779.32,73.17,3.435
4780.32,79.79,3.8621
4781.32,91.79,4.0508
4782.32,77.41,4.3646
4783.33,79.47,4.6152
4784.33,64.09,3.1664
4785.33,83.1,3.589
4786.33,82.63,3.9062
4787.33,87.52,4.114
4788.33,79.76,4.4146
4789.33,77.81,4.5835
4790.34,77.89,4.7577
4791.34,56.12,3.2294
4792.34,80.49,3.6024
4793.34,79.94,3.7889
4794.34,85.05,4.0356
4795.34,87.56,4.4173
4796.35,83.93,4.5747
4797.35,71.88,3.2119
4798.35,85.24,3.7232
4799.35,91.01,3.9854
4800.35,86.76,4.3858
4801.35,84.45,4.5491
4802.35,70.22,3.2363
4803.36,83.8,3.7395
4804.36,89.07,3.9528
4805.36,83.95,4.248
4806.36,87.03,4.4395
4807.36,82.06,4.5881
4808.36,58.99,3.1966
4809.37,82.25,3.1508
4810.37,76.32,3.3897
4811.37,77.05,3.7231
4812.37,87.48,3.898
4813.37,87.84,4.3187
4814.37,87.9,4.5505
4815.37,66.04,3.2105
4816.38,88.5,3.478
4817.38,85.03,3.8366
4818.38,79.62,4.183
4819.38,84.92,4.4355
4820.38,52.73,3.1809
4821.39,82.05,3.4598
4822.39,86.89,3.5681
4823.39,81.51,3.7583
4824.39,83.37,3.9724
4825.39,70.59,4.2933
4826.39,57.01,3.2108
4827.39,74.14,3.1918
4828.4,80.05,3.1782
4829.4,82.03,3.3969
4830.4,86.87,3.525
4831.4,79.1,3.8985
4832.4,75.21,3.0981
4833.4,71.95,3.413
4834.41,80.54,3.1665
4835.41,79.4,3.4254
4836.41,83.51,3.1586
4837.41,76.31,3.3749
4838.41,80.99,3.5063
4839.41,74.29,3.2594
4840.41,86.92,3.4963
4841.42,86.99,3.749
4842.42,62.39,3.223
4843.42,86.23,3.4386
4844.42,74.01,3.1773
4845.42,75.12,3.3481
4846.42,53.18,1.1058
