Time_Sec,CPU_Percent_Total,Memory_GB
1.0,52.95,0.3373
2.0,63.48,0.545
3.0,60.44,0.7117
4.01,79.34,0.9417
5.01,62.03,1.0008
6.01,79.5,1.1449
7.01,80.44,1.2715
8.01,85.93,1.356
9.01,75.61,1.4794
10.01,75.4,1.5511
11.02,75.14,1.7251
12.02,74.52,1.8858
13.02,86.46,2.1457
14.02,86.62,2.2671
15.02,89.1,2.4587
16.02,82.97,2.7071
17.03,78.37,2.946
18.03,77.04,3.2032
19.03,77.22,3.4432
20.03,77.03,3.6883
21.03,76.04,3.999
22.03,76.38,4.31
23.04,76.05,4.6672
24.04,75.87,5.0778
25.04,75.23,5.4412
26.04,75.78,5.814
27.04,76.95,6.0658
28.04,57.4,1.9354
29.04,81.39,2.2124
30.05,91.31,2.3485
31.05,86.12,2.5916
32.05,79.78,2.8501
33.05,79.01,3.1737
34.05,77.41,3.503
35.05,78.03,3.8245
36.05,76.4,4.1573
37.05,76.56,4.4978
38.06,75.98,4.8521
39.06,75.97,5.2592
40.06,75.91,5.6044
41.06,76.19,5.9622
42.06,57.53,1.859
43.06,82.35,2.059
44.06,81.8,1.861
45.07,77.59,2.0964
46.07,88.64,2.2834
47.07,83.33,2.5905
48.07,79.08,2.8822
49.07,77.65,3.1888
50.07,80.36,3.4979
51.07,54.36,3.756
52.08,31.61,3.9998
53.08,26.68,4.1898
54.08,28.42,4.2379
55.08,26.71,4.2788
56.08,25.34,4.3209
57.08,25.4,4.3592
58.09,36.27,4.5004
59.09,32.92,4.7728
60.09,25.22,4.9233
61.09,25.21,4.9542
62.09,25.35,4.9891
63.09,25.42,5.0134
64.09,25.3,5.0467
65.1,25.49,5.0722
66.1,25.21,5.0986
67.1,26.28,5.123
68.1,25.97,5.1467
69.1,25.65,5.1692
70.1,25.29,5.1905
71.11,25.23,5.2096
72.11,25.3,5.2292
73.11,25.28,5.2503
74.11,25.2,5.2711
75.11,25.32,5.292
76.11,25.2,5.3149
77.11,25.19,5.3337
78.12,25.32,5.3543
79.12,25.24,5.38
80.12,25.3,5.4054
81.12,25.2,5.4218
82.12,31.56,5.4413
83.12,50.48,5.4619
84.13,50.1,5.4897
85.13,44.52,5.5202
86.13,25.13,5.5379
87.13,25.15,5.5585
88.13,25.24,5.5792
89.13,25.14,5.6041
90.13,25.24,5.6238
91.14,25.18,5.6403
92.14,25.17,5.6586
93.14,25.41,5.6762
94.14,25.16,5.6962
95.14,25.15,5.7159
96.14,25.24,5.7318
97.14,25.14,5.7456
98.15,25.16,5.7593
99.15,25.25,5.7938
100.15,25.14,5.7938
101.15,25.3,5.794
102.15,25.2,5.8081
103.15,25.33,5.8222
104.16,25.3,5.835
105.16,25.28,5.8511
106.16,25.31,5.8631
107.16,28.99,6.0878
108.16,33.17,6.3863
109.16,25.7,6.669
110.16,32.12,6.887
111.17,25.22,6.9142
112.17,25.27,6.9142
113.17,26.49,6.9142
114.17,25.26,6.9142
115.17,25.17,6.9142
116.17,25.58,6.9142
117.18,26.4,6.9142
118.18,25.2,6.9142
119.18,25.29,6.9142
120.18,25.26,6.9142
121.18,25.2,6.9516
122.18,25.32,6.9821
123.18,25.33,6.9855
124.19,25.2,6.991
125.19,25.3,6.991
126.19,25.19,6.9993
127.19,25.19,6.9993
128.19,25.31,7.0012
129.19,25.22,7.0054
130.19,25.29,7.008
131.2,25.17,7.0102
132.2,25.54,7.0137
133.2,25.29,7.0145
134.2,25.12,7.0145
135.2,25.21,7.0145
136.2,25.13,7.0145
137.21,25.13,7.0145
138.21,25.32,7.0145
139.21,25.26,7.0145
140.21,25.4,7.0145
141.21,25.2,7.0145
142.21,25.2,7.0145
143.22,25.46,7.0145
144.22,25.19,7.0145
145.22,25.3,7.0145
146.22,25.22,7.0145
147.22,25.23,7.0145
148.22,25.33,7.0145
149.22,25.14,7.0145
150.23,25.18,7.0145
151.23,25.29,7.0145
152.23,25.28,7.0145
153.23,25.25,7.0145
154.23,25.3,7.0145
155.23,25.24,7.0145
156.24,25.29,7.0145
157.24,25.22,7.0145
158.24,25.3,7.0145
159.24,25.23,7.0145
160.24,25.51,7.0145
161.24,25.22,7.0145
162.25,25.26,7.0145
163.25,25.27,7.0145
164.25,25.13,7.0145
165.25,25.18,7.0145
166.25,25.29,7.0145
167.25,25.22,7.0145
168.25,25.24,7.0145
169.26,25.18,7.0145
170.26,25.13,7.0145
171.26,25.33,7.0145
172.26,25.18,7.0145
173.26,25.3,7.0145
174.26,25.18,7.0145
175.27,25.18,7.0145
176.27,25.28,7.0145
177.27,25.28,7.0145
178.27,25.32,7.0145
179.27,25.2,7.0145
180.27,25.19,7.0145
181.28,25.25,7.0145
182.28,25.18,7.0145
183.28,25.35,7.0145
184.28,25.14,7.0145
185.28,25.25,7.0145
186.28,25.28,7.0145
187.29,25.21,7.0145
188.29,25.3,7.0145
189.29,25.21,7.0145
190.29,25.2,7.0145
191.29,25.32,7.0145
192.29,25.22,7.0145
193.29,25.24,7.0145
194.29,25.33,7.0145
195.3,29.53,7.0883
196.3,25.21,7.1364
197.3,25.32,7.1364
198.3,25.22,7.1364
199.3,25.32,7.1364
200.3,25.19,7.1364
201.31,25.2,7.1364
202.31,25.38,7.1364
203.31,25.28,7.1364
204.31,25.3,7.1364
205.31,25.2,7.1364
206.31,25.19,7.1364
207.32,25.4,7.1364
208.32,25.19,7.1364
209.32,25.3,7.1364
210.32,25.2,7.1364
211.32,25.2,7.1364
212.32,25.31,7.1364
213.32,25.25,7.1364
214.33,25.2,7.1364
215.33,25.3,7.1364
216.33,25.18,7.1364
217.33,25.22,7.1364
218.33,25.3,7.1364
219.33,25.23,7.1364
220.33,25.3,7.1364
221.34,25.19,7.1364
222.34,25.21,7.1364
223.34,25.35,7.1364
224.34,25.19,7.1364
225.34,25.19,7.1364
226.34,25.29,7.1364
227.35,25.2,7.1364
228.35,25.28,7.1364
229.35,25.18,7.1364
230.35,25.18,7.1364
231.35,25.3,7.1364
232.35,25.22,7.1364
233.35,25.28,7.1364
234.35,25.3,7.1364
235.36,25.19,7.1364
236.36,25.19,7.1364
237.36,25.32,7.1364
238.36,25.2,7.1364
239.36,25.19,7.1364
240.36,25.21,7.1364
241.36,25.28,7.1364
242.37,25.2,7.1364
243.37,25.33,7.1364
244.37,25.19,7.1364
245.37,25.18,7.1364
246.37,25.31,7.1364
247.37,25.2,7.1364
248.37,25.19,7.1364
249.37,25.32,7.1364
250.38,25.19,7.1364
251.38,25.18,7.1364
252.38,25.32,7.1364
253.38,25.25,7.1364
254.38,25.18,7.1364
255.38,25.4,7.1364
256.39,25.19,7.1364
257.39,25.3,7.1364
258.39,25.24,7.1364
259.39,25.34,7.1364
260.39,25.29,7.1366
261.39,25.19,7.1366
262.39,25.45,7.1366
263.4,25.24,7.1366
264.4,25.18,7.1366
265.4,25.28,7.1366
266.4,25.18,7.1366
267.4,25.22,7.1366
268.4,25.28,7.1366
269.41,25.24,7.1366
270.41,25.28,7.1366
271.41,25.18,7.1366
272.41,25.21,7.1366
273.41,25.36,7.1366
274.41,25.19,7.1366
275.42,25.28,7.1366
276.42,25.18,7.1366
277.42,25.2,7.1366
278.42,25.29,7.1366
279.42,25.32,7.1366
280.42,25.26,7.1366
281.42,25.16,7.1366
282.43,25.18,7.1366
283.43,25.41,7.1366
284.43,25.18,7.1366
285.43,25.28,7.1366
286.43,25.18,7.1366
287.43,25.21,7.1366
288.44,25.29,7.1366
289.44,25.19,7.1366
290.44,25.29,7.1366
291.44,25.19,7.1366
292.44,25.19,7.1366
293.44,25.32,7.1366
294.44,25.18,7.1366
295.45,25.18,7.1366
296.45,25.3,7.1366
297.45,25.39,7.1366
298.45,25.19,7.1366
299.45,25.4,7.1366
300.45,25.18,7.1366
301.45,25.29,7.1366
302.46,25.2,7.1366
303.46,25.22,7.1366
304.46,25.29,7.1366
305.46,25.19,7.1366
306.46,25.19,7.1366
307.46,25.29,7.1367
308.47,25.18,7.1367
309.47,25.3,7.1367
310.47,25.19,7.1367
311.47,25.18,7.1367
312.47,25.3,7.1367
313.47,25.26,7.1367
314.48,25.24,7.1367
315.48,25.17,7.1367
316.48,25.12,7.1367
317.48,25.25,7.1367
318.48,25.15,7.1367
319.48,25.18,7.1367
320.48,25.28,7.1367
321.49,25.19,7.1367
322.49,25.3,7.1367
323.49,25.23,7.1367
324.49,25.18,7.1367
325.49,25.29,7.1367
326.49,25.19,7.1367
327.5,25.31,7.1367
328.5,25.18,7.1367
329.5,25.2,7.1367
330.5,25.28,7.1367
331.5,25.19,7.1367
332.5,25.23,7.1367
333.5,25.26,7.1367
334.5,25.14,7.1367
335.51,25.72,7.1367
336.51,25.26,7.1367
337.51,25.34,7.1367
338.51,25.26,7.1367
339.51,25.2,7.1367
340.51,25.19,7.1367
341.52,25.29,7.1367
342.52,25.2,7.1367
343.52,25.34,7.1367
344.52,25.19,7.1367
345.52,25.19,7.1367
346.52,25.28,7.1367
347.53,25.15,7.1367
348.53,25.22,7.1367
349.53,25.12,7.1367
350.53,25.12,7.1367
351.53,25.22,7.1367
352.53,25.17,7.1367
353.54,25.28,7.1367
354.54,25.17,7.1367
355.54,25.18,7.1367
356.54,25.28,7.1367
357.54,25.16,7.1367
358.54,25.22,7.1367
359.54,25.12,7.1367
360.55,25.12,7.1367
361.55,25.22,7.1367
362.55,25.14,7.1367
363.55,25.28,7.1367
364.55,25.12,7.1367
365.55,25.13,7.1367
366.56,25.22,7.1367
367.56,25.18,7.1367
368.56,25.19,7.1367
369.56,25.33,7.1367
370.56,25.19,7.1367
371.56,25.26,7.1367
372.56,25.21,7.1368
373.57,25.2,7.1368
374.57,25.28,7.1368
375.57,25.14,7.1368
376.57,25.12,7.1368
377.57,25.26,7.1368
378.57,25.12,7.1368
379.58,25.22,7.1368
380.58,25.12,7.1368
381.58,25.16,7.1368
382.58,25.31,7.1368
383.58,25.17,7.1368
384.58,25.25,7.1368
385.58,25.12,7.1368
386.59,25.2,7.1368
387.59,25.24,7.1368
388.59,25.18,7.1368
389.59,25.28,7.1368
390.59,25.18,7.1368
391.59,25.19,7.1368
392.6,25.31,7.1368
393.6,25.3,7.1368
394.6,25.19,7.1368
395.6,25.29,7.1368
396.6,25.19,7.1368
397.6,25.3,7.1368
398.6,25.19,7.1368
399.61,25.2,7.1368
400.61,25.29,7.1368
401.61,25.19,7.1368
402.61,25.33,7.1369
403.61,25.13,7.1369
404.61,25.13,7.1369
405.61,25.27,7.1369
406.62,25.2,7.1369
407.62,25.51,7.1369
408.62,25.25,7.1369
409.62,25.16,7.1369
410.62,25.19,7.1369
411.62,25.3,7.1369
412.62,25.3,7.1369
413.63,25.19,7.1369
414.63,25.25,7.1369
415.63,25.12,7.1369
416.63,25.22,7.1369
417.63,25.14,7.1369
418.63,25.12,7.1369
419.64,25.22,7.1369
420.64,25.13,7.1369
421.64,25.23,7.1369
422.64,25.27,7.1369
423.64,25.19,7.1369
424.64,25.29,7.1369
425.65,25.19,7.1369
426.65,25.19,7.1369
427.65,25.31,7.1369
428.65,25.19,7.1369
429.65,25.34,7.1369
430.65,25.2,7.1369
431.65,25.28,7.1369
432.65,25.36,7.1369
433.66,25.19,7.1369
434.66,25.21,7.1369
435.66,25.16,7.1369
436.66,25.28,7.1369
437.66,25.17,7.1369
438.66,25.26,7.1369
439.66,25.18,7.1369
440.66,25.17,7.1369
441.67,25.16,7.1369
442.67,25.53,7.1369
443.67,25.12,7.1369
444.67,25.22,7.1369
445.67,25.12,7.1369
446.67,25.22,7.1369
447.68,25.3,7.1369
448.68,25.18,7.1369
449.68,25.24,7.1369
450.68,25.14,7.1369
451.68,25.18,7.1369
452.68,25.32,7.1369
453.69,25.13,7.1369
454.69,25.23,7.1369
455.69,25.13,7.1369
456.69,25.17,7.1369
457.69,25.31,7.1369
458.69,25.14,7.1369
459.69,25.25,7.1369
460.7,25.13,7.1369
461.7,25.13,7.1369
462.7,25.27,7.1369
463.7,25.12,7.1369
464.7,25.12,7.1369
465.7,25.22,7.1369
466.71,25.13,7.1369
467.71,25.28,7.1369
468.71,25.14,7.1369
469.71,25.59,7.1369
470.71,25.29,7.1369
471.71,25.18,7.1369
472.71,25.35,7.1369
473.72,25.18,7.1369
474.72,25.18,7.1369
475.72,25.28,7.1369
476.72,25.14,7.1368
477.72,25.14,7.1369
478.72,25.23,7.1369
479.73,25.17,7.1369
480.73,25.28,7.1369
481.73,25.16,7.1369
482.73,25.28,7.1371
483.73,25.28,7.1371
484.73,25.18,7.1371
485.74,25.29,7.1369
486.74,25.18,7.1369
487.74,25.2,7.1369
488.74,25.27,7.1369
489.74,25.15,7.1369
490.74,25.21,7.1369
491.74,25.28,7.1369
492.75,26.17,7.1371
493.75,25.28,7.1371
494.75,25.16,7.1371
495.75,25.18,7.1371
496.75,25.28,7.1369
497.75,25.21,7.137
498.75,25.19,7.137
499.75,25.31,7.137
500.76,25.19,7.137
501.76,25.19,7.137
502.76,25.44,7.1371
503.76,25.18,7.1371
504.76,25.29,7.1371
505.76,25.19,7.1371
506.77,25.18,7.1371
507.77,25.31,7.1371
508.77,25.19,7.1371
509.77,25.29,7.1371
510.77,25.13,7.1371
511.77,25.16,7.137
512.78,25.33,7.1371
513.78,25.19,7.1371
514.78,25.32,7.137
515.78,25.26,7.1369
516.78,25.18,7.1369
517.78,25.24,7.1369
518.78,26.53,7.1395
519.79,25.18,7.1395
520.79,25.27,7.1395
521.79,25.18,7.1384
522.79,25.33,7.1384
523.79,25.2,7.1384
524.79,25.19,7.1383
525.8,25.29,7.1383
526.8,25.17,7.1383
527.8,25.14,7.1383
528.8,25.23,7.1383
529.8,25.13,7.1383
530.8,25.29,7.1383
531.8,25.19,7.1383
532.81,25.49,7.1384
533.81,25.43,7.1384
534.81,25.2,7.1385
535.81,25.2,7.1383
536.81,25.19,7.1383
537.81,25.4,7.1383
538.81,26.24,7.1385
539.81,25.19,7.1384
540.82,25.29,7.1384
541.82,25.19,7.1384
542.82,25.33,7.1385
543.82,25.19,7.1384
544.82,25.19,7.1384
545.82,25.23,7.1383
546.83,25.13,7.1383
547.83,25.24,7.1384
548.83,25.13,7.1384
549.83,25.14,7.1383
550.83,25.39,7.1384
551.83,26.04,7.1386
552.83,25.3,7.1386
553.83,25.29,7.1384
554.84,25.18,7.1384
555.84,25.18,7.1384
556.84,25.3,7.1384
557.84,25.2,7.1384
558.84,25.16,7.1384
559.84,25.25,7.1384
560.84,25.18,7.1384
561.85,25.18,7.1384
562.85,25.35,7.1384
563.85,25.19,7.1384
564.85,25.29,7.1384
565.85,25.18,7.1384
566.85,25.18,7.1384
567.86,25.29,7.1386
568.86,25.13,7.1386
569.86,25.23,7.1384
570.86,25.13,7.1384
571.86,25.14,7.1386
572.86,25.31,7.1386
573.86,25.19,7.1386
574.87,25.17,7.1385
575.87,25.25,7.1385
576.87,25.16,7.1385
577.87,25.35,7.1385
578.87,25.19,7.1385
579.87,25.21,7.1385
580.88,25.29,7.1385
581.88,25.17,7.1385
582.88,25.31,7.1385
583.88,25.13,7.1385
584.88,25.13,7.1385
585.88,25.22,7.1385
586.89,25.16,7.1385
587.89,25.29,7.1385
588.89,25.17,7.1385
589.89,25.16,7.1385
590.89,25.27,7.1385
591.89,25.19,7.1385
592.89,25.33,7.1385
593.9,25.18,7.1385
594.9,25.17,7.1385
595.9,25.28,7.1385
596.9,25.17,7.1385
597.9,25.28,7.1385
598.9,25.16,7.1385
599.91,25.19,7.1385
600.91,25.28,7.1385
601.91,25.18,7.1385
602.91,25.25,7.1386
603.91,25.28,7.1385
604.91,25.18,7.1385
605.91,25.28,7.1385
606.92,25.18,7.1385
607.92,25.62,7.1386
608.92,25.3,7.1386
609.92,25.22,7.1386
610.92,25.24,7.1386
611.92,25.3,7.1386
612.92,25.28,7.1386
613.93,25.18,7.1385
614.93,25.29,7.1385
615.93,25.17,7.1385
616.93,25.18,7.1386
617.93,25.31,7.1385
618.93,25.18,7.1385
619.93,25.18,7.1385
620.93,25.34,7.1385
621.94,25.17,7.1385
622.94,25.3,7.1386
623.94,25.28,7.1386
624.94,25.16,7.1386
625.94,25.19,7.1386
626.94,25.27,7.1386
627.94,25.18,7.1386
628.95,25.18,7.1386
629.95,25.28,7.1385
630.95,25.18,7.1386
631.95,25.28,7.1386
632.95,25.3,7.1386
633.95,25.17,7.1386
634.96,25.27,7.1386
635.96,25.16,7.1384
636.96,25.18,7.1384
637.96,25.3,7.1384
638.96,25.17,7.1385
639.96,25.31,7.1385
640.96,26.27,7.1385
641.97,25.16,7.1385
642.97,25.51,7.1387
643.97,25.18,7.1387
644.97,25.17,7.1387
645.97,25.26,7.1387
646.97,25.16,7.1387
647.97,25.18,7.1387
648.97,25.22,7.1387
649.98,25.1,7.1387
650.98,25.1,7.1387
651.98,25.21,7.1386
652.98,25.21,7.1387
653.98,25.28,7.1387
654.98,25.18,7.1387
655.99,25.18,7.1386
656.99,25.23,7.1385
657.99,25.14,7.1385
658.99,25.13,7.1385
659.99,25.23,7.1385
660.99,25.13,7.1385
662.0,25.23,7.1385
663.0,25.21,7.1388
664.0,25.16,7.1386
665.0,25.27,7.1386
666.0,25.14,7.1386
667.0,25.16,7.1386
668.0,25.29,7.1385
669.0,25.19,7.1385
670.01,25.12,7.1385
671.01,25.22,7.1385
672.01,25.12,7.1385
673.01,25.28,7.1386
674.01,25.16,7.1386
675.01,25.13,7.1387
676.02,25.24,7.1387
677.02,25.16,7.1387
678.02,25.29,7.1387
679.02,25.16,7.1387
680.02,25.15,7.1385
681.02,25.24,7.1385
682.03,25.16,7.1385
683.03,25.31,7.1388
684.03,25.16,7.1388
685.03,25.16,7.1388
686.03,25.27,7.1388
687.03,25.17,7.1388
688.04,25.31,7.1388
689.04,25.16,7.1388
690.04,25.17,7.1387
691.04,25.26,7.1385
692.04,25.16,7.1385
693.04,25.32,7.1387
694.04,25.17,7.1387
695.05,25.16,7.1387
696.05,25.27,7.1387
697.05,25.16,7.1387
698.05,25.24,7.1387
699.05,25.16,7.1387
700.05,25.16,7.1387
701.05,25.29,7.1387
702.06,25.17,7.1386
703.06,25.22,7.1387
704.06,25.24,7.1386
705.06,25.12,7.1386
706.06,25.22,7.1386
707.06,25.12,7.1386
708.07,25.13,7.1386
709.07,25.22,7.1386
710.07,25.15,7.1386
711.07,25.23,7.1386
712.07,25.17,7.1387
713.07,25.21,7.1388
714.08,25.26,7.1387
715.08,25.16,7.1387
716.08,25.17,7.1387
717.08,25.29,7.1386
718.08,25.17,7.1386
719.08,25.17,7.1386
720.08,25.26,7.1386
721.09,25.16,7.1386
722.09,25.28,7.1386
723.09,25.24,7.1387
724.09,25.17,7.1386
725.09,25.27,7.1386
726.09,25.17,7.1386
727.09,25.28,7.1386
728.1,25.18,7.1387
729.1,25.16,7.1387
730.1,25.27,7.1387
731.1,25.16,7.1387
732.1,25.28,7.1387
733.1,25.28,7.1388
734.11,25.17,7.1387
735.11,25.28,7.1386
736.11,25.18,7.1386
737.11,25.17,7.1386
738.11,25.29,7.1386
739.11,25.17,7.1386
740.12,25.27,7.1386
741.12,25.17,7.1387
742.12,25.17,7.1387
743.12,25.32,7.1388
744.12,25.17,7.1388
745.12,25.22,7.1388
746.12,25.12,7.1388
747.13,25.11,7.1387
748.13,25.28,7.1387
749.13,25.15,7.1387
750.13,25.22,7.1387
751.13,25.12,7.1387
752.13,25.12,7.1387
753.14,25.31,7.1388
754.14,25.12,7.1387
755.14,25.12,7.1387
756.14,25.22,7.1387
757.14,25.12,7.1387
758.14,25.24,7.1387
759.14,25.14,7.1386
760.15,25.15,7.1386
761.15,25.26,7.1386
762.15,25.17,7.1386
763.15,25.32,7.1387
764.15,25.17,7.1387
765.15,25.18,7.1387
766.16,25.27,7.1387
767.16,25.18,7.1388
768.16,25.18,7.1388
769.16,25.27,7.1387
770.16,25.18,7.1387
771.16,25.27,7.1387
772.16,25.17,7.1387
773.17,25.18,7.1387
774.17,25.22,7.1387
775.17,25.13,7.1386
776.17,25.28,7.1386
777.17,25.17,7.1387
778.17,25.19,7.1387
779.18,25.28,7.1387
780.18,25.18,7.1387
781.18,25.17,7.1387
782.18,25.27,7.1387
783.18,25.23,7.1387
784.18,25.25,7.1387
785.18,25.15,7.1387
786.19,25.18,7.1387
787.19,25.17,7.1386
788.19,25.26,7.1387
789.19,25.15,7.1387
790.19,25.24,7.1387
791.19,25.13,7.1386
792.19,25.12,7.1387
793.2,25.28,7.1386
794.2,25.15,7.1386
795.2,25.28,7.1386
796.2,25.13,7.1386
797.2,25.14,7.1387
798.2,25.24,7.1387
799.2,25.13,7.1387
800.21,25.18,7.1387
801.21,25.22,7.1387
802.21,25.16,7.1386
803.21,25.26,7.1386
804.21,25.16,7.1387
805.21,25.11,7.1388
806.21,25.24,7.1388
807.22,25.12,7.1388
808.22,25.18,7.1386
809.22,25.27,7.1386
810.22,25.18,7.1386
811.22,25.18,7.1386
812.22,25.26,7.1386
813.23,25.19,7.1388
814.23,25.22,7.1386
815.23,25.12,7.1386
816.23,25.17,7.1386
817.23,25.28,7.1386
818.23,25.14,7.1386
819.24,25.41,7.1388
820.24,25.16,7.1386
821.24,25.17,7.1387
822.24,25.33,7.1387
823.24,25.2,7.1387
824.24,25.17,7.1387
825.24,25.27,7.1387
826.24,25.16,7.1387
827.25,25.16,7.1387
828.25,25.27,7.1387
829.25,25.18,7.1387
830.25,25.28,7.1387
831.25,25.17,7.1387
832.25,25.19,7.1387
833.26,25.29,7.1387
834.26,25.11,7.1387
835.26,25.12,7.1387
836.26,25.23,7.1387
837.26,25.16,7.1388
838.26,25.26,7.1388
839.26,25.17,7.1388
840.27,25.14,7.1388
841.27,25.22,7.1388
842.27,25.13,7.1388
843.27,25.29,7.1388
844.27,25.15,7.1388
845.27,25.16,7.1387
846.28,25.28,7.1387
847.28,25.24,7.1388
848.28,25.26,7.1388
849.28,25.25,7.1388
850.28,25.18,7.1388
851.28,25.24,7.1388
852.29,25.13,7.1388
853.29,25.3,7.1389
854.29,25.17,7.1389
855.29,25.17,7.1389
856.29,25.3,7.1389
857.29,25.18,7.1389
858.29,25.17,7.1389
859.3,25.27,7.1389
860.3,25.17,7.1389
861.3,25.22,7.1389
862.3,25.13,7.1389
863.3,25.36,7.1389
864.3,25.27,7.1389
865.31,25.18,7.1389
866.31,25.17,7.1389
867.31,25.28,7.1389
868.31,25.17,7.1387
869.31,25.26,7.1387
870.31,25.17,7.1387
871.31,25.14,7.1387
872.32,25.28,7.1388
873.32,25.2,7.1388
874.32,25.26,7.1388
875.32,25.17,7.1388
876.32,25.17,7.1388
877.32,25.28,7.1388
878.33,25.18,7.1388
879.33,25.27,7.1388
880.33,25.19,7.1388
881.33,25.17,7.1387
882.33,25.28,7.1387
883.33,25.2,7.1388
884.33,25.17,7.1388
885.34,25.27,7.1388
886.34,25.11,7.1388
887.34,25.23,7.1388
888.34,25.15,7.1388
889.34,25.17,7.1388
890.34,25.26,7.1388
891.35,25.16,7.1387
892.35,25.29,7.1387
893.35,25.23,7.1388
894.35,25.17,7.1388
895.35,25.29,7.1388
896.35,25.18,7.1388
897.35,25.19,7.1388
898.36,25.26,7.1388
899.36,25.16,7.1388
900.36,25.24,7.1388
901.36,25.16,7.1388
902.36,25.21,7.1388
903.36,25.33,7.1389
904.36,25.13,7.1389
905.37,25.19,7.1389
906.37,25.16,7.1389
907.37,25.23,7.1389
908.37,25.12,7.1389
909.37,25.27,7.1389
910.37,25.17,7.1389
911.37,25.17,7.1389
912.37,25.3,7.1389
913.38,25.2,7.1389
914.38,25.17,7.1388
915.38,25.29,7.1387
916.38,25.16,7.1387
917.38,25.14,7.1387
918.38,25.26,7.1387
919.39,25.17,7.1387
920.39,25.23,7.1387
921.39,25.15,7.1387
922.39,25.21,7.1388
923.39,25.2,7.1388
924.39,25.28,7.1388
925.39,25.17,7.1388
926.4,25.27,7.1388
927.4,25.18,7.1388
928.4,25.17,7.1388
929.4,25.26,7.1388
930.4,25.16,7.1388
931.4,25.24,7.1388
932.4,25.18,7.1388
933.41,25.23,7.1389
934.41,25.27,7.1389
935.41,25.17,7.1389
936.41,25.28,7.1389
937.41,25.18,7.1389
938.41,25.17,7.1388
939.42,25.28,7.1388
940.42,25.17,7.1388
941.42,25.27,7.1388
942.42,25.19,7.1388
943.42,25.24,7.1388
944.42,25.29,7.1388
945.42,25.18,7.1388
946.43,25.25,7.1388
947.43,25.29,7.1388
948.43,25.17,7.1388
949.43,25.28,7.1388
950.43,25.16,7.1388
951.43,25.17,7.1388
952.44,25.33,7.1388
953.44,25.2,7.1388
954.44,25.26,7.1388
955.44,25.19,7.1388
956.44,25.17,7.1388
957.44,25.28,7.1388
958.44,25.18,7.1388
959.45,25.18,7.1388
960.45,25.28,7.1388
961.45,25.18,7.1388
962.45,25.29,7.1388
963.45,25.2,7.1388
964.45,25.17,7.1388
965.45,25.3,7.1388
966.46,25.17,7.1388
967.46,25.24,7.1388
968.46,25.28,7.1388
969.46,25.18,7.1388
970.46,25.16,7.1388
971.46,25.25,7.1388
972.47,25.17,7.1388
973.47,25.29,7.139
974.47,25.17,7.1388
975.47,25.11,7.1388
976.47,25.21,7.1388
977.47,25.16,7.1388
978.47,25.17,7.1388
979.48,25.11,7.1388
980.48,25.12,7.1388
981.48,25.21,7.1388
982.48,25.12,7.1388
983.48,25.31,7.1388
984.48,25.12,7.1388
985.49,25.12,7.1388
986.49,25.21,7.1388
987.49,25.13,7.1388
988.49,25.23,7.1388
989.49,25.13,7.1388
990.49,25.13,7.1388
991.49,25.28,7.1388
992.5,25.18,7.1388
993.5,25.19,7.1389
994.5,25.26,7.1389
995.5,25.17,7.1389
996.5,25.27,7.1388
997.5,25.28,7.1389
998.51,25.18,7.1388
999.51,25.28,7.1388
1000.51,25.18,7.1388
1001.51,25.17,7.1388
1002.51,25.29,7.1388
1003.51,25.35,7.1389
1004.52,25.27,7.139
1005.52,25.18,7.139
1006.52,25.18,7.1389
1007.52,25.29,7.1389
1008.52,25.18,7.1388
1009.52,25.26,7.1388
1010.52,25.17,7.1388
1011.53,25.17,7.1389
1012.53,25.29,7.1389
1013.53,25.21,7.139
1014.53,25.27,7.1391
1015.53,25.16,7.1391
1016.53,25.17,7.1391
1017.53,25.28,7.1391
1018.54,25.13,7.1391
1019.54,25.17,7.1391
1020.54,25.26,7.1391
1021.54,25.12,7.1391
1022.54,25.13,7.1391
1023.54,25.59,7.1391
1024.55,25.12,7.1389
1025.55,25.9,7.1389
1026.55,25.16,7.139
1027.55,25.17,7.139
1028.55,25.23,7.139
1029.55,25.14,7.139
1030.55,25.23,7.139
1031.56,25.12,7.139
1032.56,25.14,7.1388
1033.56,25.34,7.139
1034.56,25.12,7.139
1035.56,25.23,7.139
1036.56,25.16,7.139
1037.57,25.18,7.139
1038.57,25.27,7.139
1039.57,25.17,7.139
1040.57,25.18,7.139
1041.57,25.29,7.139
1042.57,25.18,7.139
1043.57,25.2,7.139
1044.58,25.22,7.139
1045.58,25.11,7.139
1046.58,25.21,7.139
1047.58,25.13,7.139
1048.58,25.12,7.139
1049.58,25.22,7.139
1050.59,25.12,7.139
1051.59,25.22,7.139
1052.59,25.13,7.139
1053.59,25.31,7.139
1054.59,25.28,7.139
1055.59,25.17,7.1389
1056.6,25.27,7.1389
1057.6,25.18,7.1389
1058.6,25.13,7.1389
1059.6,25.32,7.1389
1060.6,25.14,7.139
1061.6,25.14,7.1389
1062.6,25.24,7.1389
1063.6,25.16,7.139
1064.61,25.13,7.139
1065.61,25.23,7.139
1066.61,25.13,7.139
1067.61,25.25,7.139
1068.61,25.13,7.139
1069.61,25.13,7.139
1070.62,25.23,7.139
1071.62,25.12,7.139
1072.62,25.3,7.139
1073.62,25.12,7.139
1074.62,25.12,7.139
1075.62,25.22,7.139
1076.63,25.12,7.139
1077.63,25.23,7.139
1078.63,25.12,7.139
1079.63,25.12,7.139
1080.63,25.22,7.139
1081.63,25.13,7.139
1082.64,25.39,7.1391
1083.64,25.13,7.1391
1084.64,25.14,7.1391
1085.64,25.24,7.1391
1086.64,25.14,7.1391
1087.64,25.25,7.1391
1088.64,25.13,7.1391
1089.65,25.19,7.1391
1090.65,25.28,7.1391
1091.65,25.17,7.1391
1092.65,25.7,7.1391
1093.65,25.13,7.1391
1094.65,25.12,7.1391
1095.65,25.24,7.139
1096.66,25.12,7.139
1097.66,25.13,7.139
1098.66,25.22,7.139
1099.66,25.14,7.139
1100.66,25.28,7.139
1101.66,25.16,7.139
1102.67,25.2,7.139
1103.67,25.24,7.139
1104.67,25.11,7.139
1105.67,25.24,7.139
1106.67,25.15,7.139
1107.67,25.2,7.139
1108.68,25.3,7.1391
1109.68,25.19,7.1391
1110.68,25.19,7.1391
1111.68,25.29,7.1391
1112.68,25.24,7.1391
1113.68,25.29,7.1391
1114.68,25.19,7.1391
1115.69,25.19,7.1391
1116.69,25.29,7.1391
1117.69,25.2,7.1391
1118.69,25.27,7.1391
1119.69,25.18,7.139
1120.69,25.18,7.1391
1121.69,25.28,7.1391
1122.7,25.2,7.1391
1123.7,25.13,7.1391
1124.7,25.23,7.1391
1125.7,25.12,7.1391
1126.7,25.22,7.1391
1127.7,25.13,7.1391
1128.71,25.13,7.139
1129.71,25.28,7.139
1130.71,25.17,7.139
1131.71,25.13,7.139
1132.71,25.35,7.1391
1133.71,25.15,7.1391
1134.71,25.18,7.1391
1135.71,25.28,7.1391
1136.72,25.14,7.1391
1137.72,25.19,7.1391
1138.72,25.28,7.1391
1139.72,25.17,7.1391
1140.72,25.17,7.1391
1141.72,25.27,7.1391
1142.73,25.31,7.1391
1143.73,25.23,7.1391
1144.73,25.11,7.1391
1145.73,25.13,7.1391
1146.73,25.26,7.1391
1147.73,25.17,7.1391
1148.74,25.25,7.1391
1149.74,25.18,7.1391
1150.74,25.17,7.1391
1151.74,25.26,7.1391
1152.74,25.2,7.1391
1153.74,25.27,7.1391
1154.74,25.17,7.1391
1155.75,25.16,7.1391
1156.75,25.29,7.1391
1157.75,25.19,7.1391
1158.75,25.17,7.1391
1159.75,25.27,7.1391
1160.75,25.17,7.1391
1161.75,25.17,7.1391
1162.76,25.34,7.1391
1163.76,25.17,7.1391
1164.76,25.27,7.1391
1165.76,25.17,7.1391
1166.76,25.19,7.1391
1167.76,25.29,7.1391
1168.76,25.16,7.1391
1169.77,25.17,7.1391
1170.77,25.26,7.1391
1171.77,25.17,7.1391
1172.77,25.41,7.1391
1173.77,25.16,7.1391
1174.77,25.16,7.1391
1175.78,25.25,7.1391
1176.78,25.17,7.1392
1177.78,25.17,7.1392
1178.78,25.26,7.1392
1179.78,25.16,7.1392
1180.78,25.26,7.1392
1181.78,25.17,7.1392
1182.79,25.23,7.1392
1183.79,25.27,7.1392
1184.79,25.17,7.1392
1185.79,25.27,7.1392
1186.79,25.16,7.1392
1187.79,25.15,7.1392
1188.8,25.22,7.1392
1189.8,25.12,7.139
1190.8,25.25,7.139
1191.8,25.14,7.139
1192.8,25.27,7.1392
1193.8,25.3,7.1392
1194.8,25.15,7.1391
1195.81,25.18,7.1391
1196.81,25.29,7.1391
1197.81,25.19,7.1391
1198.81,25.18,7.1393
1199.81,25.28,7.1393
1200.81,25.17,7.1393
1201.81,25.17,7.1393
1202.82,25.37,7.1393
1203.82,25.14,7.1393
1204.82,25.15,7.1393
1205.82,25.25,7.1393
1206.82,25.15,7.1393
1207.82,25.32,7.1393
1208.82,25.13,7.1393
1209.83,25.22,7.1393
1210.83,25.22,7.1393
1211.83,25.12,7.1393
1212.83,25.35,7.1393
1213.83,25.13,7.1393
1214.83,25.13,7.139
1215.84,25.22,7.139
1216.84,25.13,7.139
1217.84,25.25,7.1393
1218.84,25.12,7.1393
1219.84,25.13,7.1393
1220.84,25.22,7.1393
1221.85,25.12,7.1393
1222.85,25.28,7.1393
1223.85,25.28,7.1393
1224.85,25.18,7.1393
1225.85,25.24,7.1393
1226.85,25.14,7.1393
1227.85,25.15,7.1393
1228.86,25.22,7.1393
1229.86,25.12,7.1391
1230.86,25.22,7.1392
1231.86,25.11,7.1392
1232.86,25.16,7.1393
1233.86,25.25,7.1393
1234.87,25.12,7.1393
1235.87,25.24,7.1393
1236.87,25.16,7.1393
1237.87,25.14,7.1393
1238.87,25.21,7.1393
1239.87,25.17,7.1393
1240.87,25.26,7.1393
1241.88,25.13,7.1393
1242.88,25.22,7.1393
1243.88,25.27,7.1393
1244.88,80.24,2.0242
1245.88,82.28,2.2614
1246.88,93.33,2.4431
1247.89,84.76,2.7474
1248.89,79.98,3.0413
1249.89,77.92,3.2534
1250.89,76.63,3.4693
1251.89,68.89,1.8525
1252.89,75.07,2.0529
1253.89,90.72,2.2642
1254.9,81.79,2.611
1255.9,63.89,3.0339
1256.9,50.78,3.486
1257.9,27.63,3.9857
1258.9,25.19,4.4885
1259.9,25.59,4.998
1260.9,29.85,5.5091
1261.91,27.3,5.9902
1262.91,27.25,6.4357
1263.91,41.01,6.8129
1264.91,25.2,6.9047
1265.91,25.53,6.9534
1266.91,25.34,6.9534
1267.92,26.09,6.9468
1268.92,27.31,6.9468
1269.92,26.66,6.9468
1270.92,25.19,6.9468
1271.92,25.22,6.9468
1272.92,28.31,7.0503
1273.93,25.13,7.0503
1274.93,26.1,7.0503
1275.93,25.26,7.0503
1276.93,25.16,7.0503
1277.93,25.39,7.0503
1278.93,25.65,7.0503
1279.94,25.25,7.0503
1280.94,28.07,7.058
1281.94,25.73,7.058
1282.94,25.37,7.058
1283.94,25.19,7.058
1284.94,25.3,7.058
1285.95,25.19,7.058
1286.95,25.3,7.058
1287.95,26.34,7.0581
1288.95,27.71,7.0728
1289.95,25.37,7.0728
1290.95,26.03,7.0728
1291.96,25.34,7.0728
1292.96,25.25,7.0728
1293.96,25.19,7.0728
1294.96,25.29,7.0728
1295.96,25.15,7.0728
1296.96,27.97,7.0878
1297.97,25.21,7.0878
1298.97,25.38,7.0878
1299.97,25.72,7.0878
1300.97,25.2,7.0878
1301.97,25.27,7.0878
1302.97,25.21,7.0878
1303.97,25.24,7.0878
1304.98,34.88,7.1785
1305.98,25.16,7.1785
1306.98,25.29,7.1785
1307.98,25.21,7.1785
1308.98,25.29,7.1785
1309.98,25.19,7.1785
1310.99,25.23,7.1785
1311.99,26.6,7.1785
1312.99,25.24,7.2338
1313.99,25.36,7.7619
1314.99,25.19,8.2302
1315.99,30.35,8.6085
1317.0,25.23,8.6085
1318.0,25.22,8.6085
1319.0,25.29,8.6085
1320.0,25.19,8.6085
1321.0,25.3,8.6085
1322.0,25.53,8.6085
1323.01,25.23,8.6085
1324.01,25.33,8.6085
1325.01,25.18,8.6085
1326.01,25.29,8.6085
1327.01,27.18,8.6364
1328.01,25.2,8.6364
1329.02,25.42,8.6365
1330.02,25.55,8.6365
1331.02,25.35,8.6365
1332.02,25.19,8.6365
1333.02,25.34,8.6365
1334.02,25.19,8.6365
1335.03,25.19,8.6365
1336.03,25.29,8.6365
1337.03,25.81,8.6369
1338.03,27.33,8.6569
1339.03,25.23,8.6569
1340.03,25.19,8.6569
1341.04,25.27,8.6569
1342.04,25.13,8.6569
1343.04,25.27,8.6569
1344.04,25.13,8.6569
1345.04,25.23,8.6569
1346.04,25.13,8.6569
1347.05,27.57,8.6855
1348.05,25.33,8.6855
1349.05,25.24,8.6855
1350.05,25.52,8.6855
1351.05,25.23,8.6855
1352.05,25.14,8.6855
1353.05,25.31,8.6855
1354.06,25.17,8.6855
1355.06,25.14,8.6855
1356.06,25.39,8.6855
1357.06,27.66,8.7221
1358.06,25.31,8.7221
1359.06,25.21,8.7221
1360.07,25.15,8.7221
1361.07,25.28,8.7221
1362.07,25.34,8.7221
1363.07,25.76,8.7221
1364.07,25.23,8.7221
1365.07,25.29,8.7221
1366.08,25.19,8.7221
1367.08,26.81,8.7399
1368.08,25.28,8.7399
1369.08,25.25,8.7399
1370.08,25.21,8.7399
1371.08,25.29,8.7399
1372.08,25.18,8.7399
1373.09,25.24,8.7399
1374.09,25.91,8.7399
1375.09,25.18,8.7399
1376.09,25.3,8.7399
1377.09,25.18,8.7399
1378.09,26.92,8.7497
1379.1,25.29,8.7497
1380.1,25.21,8.7497
1381.1,25.19,8.7497
1382.1,25.29,8.7497
1383.1,25.23,8.7497
1384.1,25.29,8.7497
1385.1,25.19,8.7497
1386.11,25.19,8.7497
1387.11,25.28,8.7497
1388.11,26.98,8.7642
1389.11,25.3,8.7642
1390.11,25.19,8.7642
1391.11,25.2,8.7642
1392.12,25.29,8.7642
1393.12,25.37,8.7642
1394.12,25.29,8.7642
1395.12,25.19,8.7642
1396.12,25.29,8.7642
1397.12,25.19,8.7642
1398.13,26.6,8.7743
1399.13,25.29,8.7743
1400.13,25.19,8.7743
1401.13,25.3,8.7743
1402.13,25.19,8.7743
1403.13,25.23,8.7743
1404.14,26.02,8.7742
1405.14,25.19,8.7742
1406.14,25.29,8.7742
1407.14,25.19,8.7742
1408.14,27.08,8.7923
1409.14,25.3,8.7923
1410.15,25.2,8.7923
1411.15,25.31,8.7924
1412.15,25.55,8.7925
1413.15,25.19,8.7925
1414.15,25.24,8.7925
1415.15,25.13,8.7925
1416.16,25.23,8.7925
1417.16,25.26,8.7925
1418.16,27.57,8.8118
1419.16,25.31,8.8118
1420.16,25.2,8.8118
1421.16,25.31,8.8118
1422.16,25.19,8.8118
1423.17,25.23,8.8118
1424.17,25.29,8.8118
1425.17,25.14,8.8118
1426.17,25.23,8.8118
1427.17,25.13,8.8118
1428.17,27.36,8.8233
1429.17,25.29,8.8232
1430.18,25.18,8.8232
1431.18,25.19,8.8232
1432.18,25.29,8.8232
1433.18,25.23,8.8233
1434.18,25.24,8.8232
1435.18,25.14,8.8232
1436.19,25.19,8.8232
1437.19,25.29,8.8232
1438.19,27.22,8.8375
1439.19,25.29,8.8375
1440.19,25.18,8.8376
1441.19,25.29,8.8376
1442.2,25.19,8.8376
1443.2,25.24,8.8375
1444.2,25.28,8.8375
1445.2,25.19,8.8375
1446.2,25.29,8.8375
1447.2,25.19,8.8375
1448.21,26.52,8.8488
1449.21,25.29,8.8488
1450.21,25.17,8.8489
1451.21,25.27,8.8489
1452.21,25.3,8.849
1453.21,25.67,8.849
1454.22,25.28,8.849
1455.22,25.2,8.8489
1456.22,25.29,8.8489
1457.22,25.18,8.8489
1458.22,26.38,8.8641
1459.22,25.31,8.8641
1460.22,25.19,8.864
1461.23,25.16,8.864
1462.23,25.32,8.8641
1463.23,25.22,8.8642
1464.23,25.21,8.8642
1465.23,25.29,8.8642
1466.23,25.2,8.8642
1467.23,25.21,8.8642
1468.23,27.29,8.8734
1469.24,25.2,8.8735
1470.24,25.2,8.8735
1471.24,25.3,8.8735
1472.24,25.2,8.8735
1473.24,25.33,8.8735
1474.24,25.19,8.8733
1475.25,25.63,8.8733
1476.25,25.27,8.8733
1477.25,25.2,8.8735
1478.25,25.31,8.8735
1479.25,28.11,8.886
1480.25,25.2,8.886
1481.25,25.32,8.886
1482.26,25.21,8.886
1483.26,25.22,8.886
1484.26,25.3,8.886
1485.26,25.19,8.886
1486.26,25.29,8.886
1487.26,25.2,8.8861
1488.27,27.63,8.908
1489.27,25.23,8.908
1490.27,25.12,8.908
1491.27,25.29,8.9081
1492.27,25.19,8.9081
1493.27,25.21,8.9081
1494.28,25.29,8.9081
1495.28,25.19,8.9081
1496.28,25.29,8.9081
1497.28,25.2,8.9081
1498.28,26.87,8.917
1499.28,25.2,8.917
1500.29,25.19,8.917
1501.29,25.29,8.917
1502.29,25.2,8.917
1503.29,25.26,8.917
1504.29,25.29,8.917
1505.29,25.19,8.917
1506.3,25.3,8.917
1507.3,25.19,8.917
1508.3,25.14,8.917
1509.3,27.36,8.9273
1510.3,25.26,8.9273
1511.3,25.31,8.9273
1512.3,25.21,8.9273
1513.31,25.22,8.9274
1514.31,25.29,8.9274
1515.31,25.19,8.9273
1516.31,25.28,8.9273
1517.31,25.2,8.9274
1518.31,25.19,8.9273
1519.32,27.38,8.9455
1520.32,25.19,8.9455
1521.32,25.29,8.9455
1522.32,25.19,8.9455
1523.32,25.32,8.9455
1524.32,25.18,8.9455
1525.33,25.11,8.9455
1526.33,25.21,8.9455
1527.33,25.16,8.9455
1528.33,25.13,8.9455
1529.33,27.48,8.9581
1530.33,25.14,8.9581
1531.33,25.28,8.9581
1532.34,25.2,8.9581
1533.34,25.23,8.9582
1534.34,25.29,8.9582
1535.34,25.18,8.9582
1536.34,25.29,8.9582
1537.34,25.21,8.9582
1538.35,25.19,8.9582
1539.35,27.44,8.9843
1540.35,25.19,8.9843
1541.35,25.28,8.9843
1542.35,25.26,8.9843
1543.35,25.23,8.9843
1544.36,25.3,8.9843
1545.36,25.2,8.9843
1546.36,25.3,8.9843
1547.36,25.18,8.9843
1548.36,25.3,8.9843
1549.36,25.19,8.9843
1550.37,26.79,8.9977
1551.37,25.29,8.9977
1552.37,25.19,8.9977
1553.37,25.3,8.9977
1554.37,25.19,8.9977
1555.37,25.22,8.9976
1556.37,25.31,8.9976
1557.38,25.2,8.9977
1558.38,25.21,8.9977
1559.38,25.3,8.9977
1560.38,26.86,9.0272
1561.38,25.14,9.0272
1562.38,26.98,9.0272
1563.39,25.2,9.0272
1564.39,25.29,9.0272
1565.39,25.2,9.0272
1566.39,25.19,9.0272
1567.39,25.28,9.0272
1568.39,25.17,9.0271
1569.4,25.28,9.0271
1570.4,25.16,9.0271
1571.4,27.35,9.0385
1572.4,25.3,9.0385
1573.4,25.21,9.0386
1574.4,25.28,9.0386
1575.41,25.18,9.0386
1576.41,25.29,9.0386
1577.41,25.2,9.0386
1578.41,25.17,9.0386
1579.41,25.29,9.0386
1580.41,25.19,9.0386
1581.41,27.95,9.0533
1582.42,25.3,9.0534
1583.42,25.22,9.0533
1584.42,25.26,9.0533
1585.42,25.13,9.0533
1586.42,25.25,9.0533
1587.42,25.18,9.0534
1588.43,25.13,9.0533
1589.43,25.23,9.0533
1590.43,25.13,9.0533
1591.43,27.34,9.0702
1592.43,25.2,9.0702
1593.43,25.27,9.0701
1594.44,25.29,9.0701
1595.44,25.19,9.0701
1596.44,25.29,9.0701
1597.44,25.21,9.0702
1598.44,25.3,9.0701
1599.44,25.19,9.0702
1600.45,25.17,9.0702
1601.45,27.1,9.08
1602.45,25.18,9.08
1603.45,25.21,9.08
1604.45,25.29,9.08
1605.45,25.2,9.08
1606.46,25.29,9.0799
1607.46,25.32,9.0799
1608.46,25.19,9.0799
1609.46,25.3,9.0799
1610.46,25.2,9.0799
1611.46,27.12,9.0885
1612.46,25.19,9.0885
1613.47,25.22,9.0885
1614.47,25.3,9.0885
1615.47,25.19,9.0885
1616.47,25.19,9.0885
1617.47,25.69,9.0885
1618.47,25.19,9.0885
1619.47,25.32,9.0885
1620.48,25.22,9.0885
1621.48,25.2,9.0885
1622.48,27.3,9.0988
1623.48,25.22,9.0988
1624.48,25.19,9.0988
1625.48,25.29,9.0988
1626.49,25.12,9.0988
1627.49,25.3,9.0988
1628.49,25.19,9.0988
1629.49,25.2,9.0988
1630.49,25.28,9.0988
1631.49,25.16,9.0989
1632.5,27.8,9.1096
1633.5,25.22,9.1096
1634.5,25.29,9.1096
1635.5,25.2,9.1096
1636.5,25.3,9.1096
1637.5,25.21,9.1096
1638.51,25.19,9.1096
1639.51,25.29,9.1096
1640.51,25.19,9.1096
1641.51,25.29,9.1096
1642.51,27.9,9.1246
1643.51,25.23,9.1246
1644.52,25.29,9.1246
1645.52,25.2,9.1246
1646.52,25.3,9.1246
1647.52,25.21,9.1246
1648.52,25.18,9.1246
1649.52,25.28,9.1246
1650.53,25.12,9.1246
1651.53,25.26,9.1246
1652.53,28.26,9.1443
1653.53,25.32,9.1443
1654.53,25.18,9.1443
1655.53,25.19,9.1443
1656.53,25.32,9.1443
1657.54,25.19,9.1443
1658.54,25.2,9.1443
1659.54,25.3,9.1443
1660.54,25.19,9.1443
1661.54,25.3,9.1444
1662.54,27.58,9.1632
1663.55,25.18,9.1632
1664.55,25.29,9.1632
1665.55,25.19,9.1632
1666.55,25.29,9.1632
1667.55,25.2,9.1632
1668.55,25.19,9.1632
1669.56,25.29,9.1632
1670.56,25.19,9.1632
1671.56,25.29,9.1632
1672.56,25.21,9.1632
1673.56,27.04,9.1729
1674.56,25.29,9.1729
1675.57,25.19,9.1729
1676.57,25.29,9.1729
1677.57,25.21,9.1729
1678.57,25.19,9.1729
1679.57,25.28,9.1729
1680.57,25.21,9.1729
1681.58,25.29,9.1729
1682.58,25.2,9.1729
1683.58,25.53,9.1729
1684.58,26.65,9.181
1685.58,25.19,9.181
1686.58,25.24,9.181
1687.59,25.16,9.181
1688.59,25.29,9.181
1689.59,25.23,9.181
1690.59,25.19,9.181
1691.59,25.29,9.181
1692.59,25.2,9.181
1693.6,25.28,9.181
1694.6,26.71,9.1992
1695.6,25.29,9.1992
1696.6,25.19,9.1992
1697.6,25.14,9.1992
1698.6,25.24,9.1992
1699.61,25.14,9.1992
1700.61,25.24,9.1992
1701.61,25.14,9.1992
1702.61,25.23,9.1992
1703.61,25.43,9.1992
1704.61,28.2,9.2128
1705.61,25.9,9.2128
1706.62,25.19,9.2128
1707.62,25.21,9.2129
1708.62,25.29,9.2129
1709.62,25.19,9.2129
1710.62,25.29,9.2129
1711.62,25.12,9.2129
1712.63,25.26,9.2129
1713.63,25.23,9.2129
1714.63,28.47,9.2311
1715.63,25.23,9.2311
1716.63,25.13,9.2311
1717.63,25.14,9.2311
1718.64,25.24,9.2311
1719.64,25.15,9.2311
1720.64,52.52,9.2432
1721.64,32.55,1.8739
1722.64,73.0,2.0562
1723.64,77.44,2.2005
1724.65,85.54,2.4601
1725.65,63.08,1.9752
1726.65,90.08,2.1719
1727.65,70.93,2.0003
1728.65,87.07,2.194
1729.65,68.03,2.0381
1730.65,86.12,2.2217
1731.65,73.42,2.0633
1732.66,78.59,2.2312
1733.66,74.58,2.0651
1734.66,75.95,2.2766
1735.66,83.02,2.4359
1736.66,68.36,2.1175
1737.66,77.62,2.2884
1738.66,88.09,2.4918
1739.67,84.31,2.7287
1740.67,42.92,3.0306
1741.67,31.17,3.3479
1742.67,37.48,3.68
1743.67,25.56,4.015
1744.67,28.42,4.3501
1745.67,37.53,1.986
1746.67,72.08,2.236
1747.68,80.49,2.3348
1748.68,86.34,2.5725
1749.68,81.24,2.8171
1750.68,57.95,2.1377
1751.68,82.02,2.2969
1752.68,87.18,2.5195
1753.68,70.04,2.7715
1754.68,54.73,3.0849
1755.69,71.41,3.4397
1756.69,51.37,3.869
1757.69,63.71,2.1435
1758.69,83.92,2.3163
1759.69,84.93,2.5532
1760.69,69.78,2.8932
1761.7,39.6,2.0012
1762.7,73.57,2.2329
1763.7,93.51,2.4411
1764.7,73.28,2.2264
1765.7,82.01,2.3312
1766.7,69.4,2.0735
1767.7,78.66,2.2454
1768.7,89.04,2.4067
1769.71,66.97,2.1215
1770.71,85.7,2.3872
1771.71,90.35,2.505
1772.71,81.44,2.7468
1773.71,78.15,2.9883
1774.71,77.81,3.2476
1775.71,75.81,3.4918
1776.72,76.5,3.6927
1777.72,74.5,3.9789
1778.72,40.1,4.384
1779.72,54.58,4.8071
1780.72,64.32,5.2989
1781.72,53.96,5.8152
1782.73,28.27,6.3121
1783.73,25.62,6.7773
1784.73,34.64,7.1696
1785.73,25.38,7.1696
1786.73,25.22,7.1698
1787.73,25.52,7.2457
1788.74,25.55,7.27
1789.74,25.35,7.27
1790.74,25.21,7.27
1791.74,25.3,7.27
1792.74,25.29,7.27
1793.74,30.47,7.4161
1794.74,25.19,7.4161
1795.75,29.06,7.4161
1796.75,26.24,7.4161
1797.75,25.22,7.4161
1798.75,25.3,7.4161
1799.75,25.29,7.4161
1800.75,25.2,7.4161
1801.76,25.3,7.4161
1802.76,30.31,7.4162
1803.76,25.29,7.4162
1804.76,25.19,7.4162
1805.76,25.3,7.4162
1806.76,26.03,7.4162
1807.77,25.22,7.4162
1808.77,26.1,7.4162
1809.77,25.21,7.4162
1810.77,29.54,7.4171
1811.77,25.25,7.4171
1812.77,25.18,7.4171
1813.77,25.16,7.4171
1814.78,31.92,7.4172
1815.78,25.18,7.4172
1816.78,25.23,7.4172
1817.78,29.37,7.4172
1818.78,25.29,7.4172
1819.78,25.19,7.4172
1820.79,25.19,7.4172
1821.79,25.29,7.4172
1822.79,25.26,7.4172
1823.79,25.29,7.4172
1824.79,25.19,7.4172
1825.79,25.28,7.4172
1826.8,30.24,7.5153
1827.8,25.21,7.5153
1828.8,25.29,7.5153
1829.8,25.19,7.5153
1830.8,25.28,7.5154
1831.8,25.19,7.5154
1832.81,25.25,7.5154
1833.81,25.29,7.5154
1834.81,25.19,7.7596
1835.81,26.63,8.2427
1836.81,27.18,8.7852
1837.81,32.51,8.8636
1838.82,25.3,8.8636
1839.82,25.21,8.8636
1840.82,25.3,8.8636
1841.82,25.19,8.8636
1842.82,25.2,8.8636
1843.82,25.3,8.8636
1844.82,25.19,8.8636
1845.83,25.19,8.8636
1846.83,25.39,8.8641
1847.83,25.2,8.8641
1848.83,25.28,8.8641
1849.83,25.18,8.8641
1850.83,25.2,8.8641
1851.84,25.25,8.8641
1852.84,25.22,8.8641
1853.84,25.29,8.8641
1854.84,25.19,8.8641
1855.84,25.19,8.8641
1856.84,25.43,8.8641
1857.84,25.2,8.8641
1858.85,25.21,8.8641
1859.85,25.59,8.8641
1860.85,25.19,8.8641
1861.85,25.19,8.8641
1862.85,25.55,8.8641
1863.85,25.19,8.8641
1864.86,25.29,8.8641
1865.86,25.16,8.8641
1866.86,25.34,8.8645
1867.86,25.2,8.8645
1868.86,25.19,8.8645
1869.86,25.33,8.8645
1870.86,25.2,8.8645
1871.87,25.19,8.8645
1872.87,25.36,8.8645
1873.87,25.19,8.8645
1874.87,25.19,8.8645
1875.87,25.29,8.8645
1876.87,25.24,8.8646
1877.87,25.3,8.8646
1878.88,25.19,8.8646
1879.88,25.19,8.8646
1880.88,25.29,8.8646
1881.88,25.19,8.8646
1882.88,25.32,8.8646
1883.88,25.18,8.8646
1884.89,25.19,8.8646
1885.89,25.29,8.8646
1886.89,25.24,8.8647
1887.89,25.3,8.8647
1888.89,25.19,8.8647
1889.9,25.29,8.8647
1890.9,25.18,8.8647
1891.9,25.19,8.8647
1892.9,25.9,8.8647
1893.9,25.12,8.8647
1894.9,25.22,8.8647
1895.91,25.19,8.8648
1896.91,25.22,8.8648
1897.91,25.17,8.8648
1898.91,25.13,8.8648
1899.91,25.26,8.8648
1900.91,25.13,8.8648
1901.92,25.23,8.8648
1902.92,25.21,8.8648
1903.92,25.26,8.8648
1904.92,25.13,8.8648
1905.92,25.17,8.8649
1906.92,25.23,8.8649
1907.93,25.74,8.8649
1908.93,27.11,8.8649
1909.93,25.52,8.8648
1910.93,25.18,8.8648
1911.93,25.3,8.8648
1912.93,25.33,8.8649
1913.93,25.29,8.8649
1914.94,25.32,8.8649
1915.94,26.74,8.8649
1916.94,25.28,8.8649
1917.94,25.28,8.8651
1918.94,25.29,8.8651
1919.95,25.19,8.8651
1920.95,25.3,8.8651
1921.95,25.18,8.8651
1922.95,25.48,8.8651
1923.95,25.3,8.8651
1924.95,25.25,8.8652
1925.96,25.3,8.8652
1926.96,25.19,8.8652
1927.96,25.25,8.8652
1928.96,25.25,8.8652
1929.96,25.16,8.8652
1930.96,25.25,8.8652
1931.96,25.15,8.8652
1932.97,25.2,8.8652
1933.97,25.36,8.8652
1934.97,25.19,8.8652
1935.97,25.19,8.8652
1936.97,25.3,8.8652
1937.97,25.21,8.8652
1938.98,25.29,8.8652
1939.98,25.2,8.8652
1940.98,25.19,8.8652
1941.98,25.29,8.8653
1942.98,25.23,8.8653
1943.98,25.34,8.8655
1944.99,25.19,8.8655
1945.99,25.29,8.8655
1946.99,25.19,8.8655
1947.99,25.24,8.8655
1948.99,25.29,8.8655
1949.99,25.18,8.8655
1950.99,25.21,8.8655
1951.99,25.31,8.8655
1953.0,25.23,8.8655
1954.0,25.23,8.8655
1955.0,25.25,8.8655
1956.0,25.19,8.8655
1957.0,25.29,8.8655
1958.0,25.17,8.8655
1959.01,25.17,8.8655
1960.01,25.22,8.8655
1961.01,25.12,8.8655
1962.01,25.22,8.8655
1963.01,25.18,8.8655
1964.01,25.33,8.8657
1965.02,25.19,8.8657
1966.02,25.18,8.8657
1967.02,25.27,8.8657
1968.02,25.14,8.8657
1969.02,25.25,8.8657
1970.03,25.19,8.8657
1971.03,25.28,8.8657
1972.03,25.19,8.8657
1973.03,25.22,8.8657
1974.03,25.29,8.8657
1975.03,25.23,8.8658
1976.03,25.29,8.8658
1977.04,25.18,8.8658
1978.04,25.17,8.8658
1979.04,25.29,8.8658
1980.04,25.19,8.8658
1981.04,25.19,8.8658
1982.04,25.29,8.8658
1983.05,25.22,8.8658
1984.05,25.35,8.8658
1985.05,25.2,8.8658
1986.05,25.19,8.8658
1987.05,25.28,8.8658
1988.05,25.2,8.8658
1989.06,25.31,8.8658
1990.06,25.19,8.8658
1991.06,25.38,8.8658
1992.06,25.18,8.8658
1993.06,25.18,8.8658
1994.06,25.35,8.866
1995.07,25.13,8.866
1996.07,25.23,8.866
1997.07,25.14,8.866
1998.07,25.2,8.866
1999.07,25.3,8.866
2000.07,25.19,8.866
2001.08,25.29,8.866
2002.08,26.37,8.866
2003.08,25.27,8.866
2004.08,25.21,8.866
2005.08,25.19,8.866
2006.08,25.31,8.866
2007.08,25.19,8.866
2008.09,25.2,8.866
2009.09,25.29,8.866
2010.09,25.18,8.866
2011.09,25.29,8.866
2012.09,25.2,8.866
2013.09,25.33,8.866
2014.1,25.23,8.8891
2015.1,25.19,8.8891
2016.1,25.28,8.8891
2017.1,25.21,8.8891
2018.1,25.26,8.8891
2019.1,25.4,8.8891
2020.11,25.19,8.8892
2021.11,25.3,8.8892
2022.11,25.19,8.8892
2023.11,25.28,8.8892
2024.11,25.28,8.8892
2025.11,25.19,8.8892
2026.12,25.29,8.8892
2027.12,25.19,8.8892
2028.12,25.2,8.8892
2029.12,25.28,8.8892
2030.12,25.19,8.8892
2031.12,25.29,8.8892
2032.13,25.13,8.8892
2033.13,25.31,8.9113
2034.13,25.13,8.9113
2035.13,25.13,8.9113
2036.13,25.28,8.9113
2037.13,25.19,8.9113
2038.14,25.3,8.9113
2039.14,25.16,8.9113
2040.14,25.28,8.9113
2041.14,25.19,8.9113
2042.14,25.19,8.9113
2043.14,25.38,8.9113
2044.14,25.19,8.9113
2045.15,25.15,8.9113
2046.15,25.22,8.9113
2047.15,25.13,8.9113
2048.15,25.28,8.9113
2049.15,25.25,8.9113
2050.15,25.19,8.9113
2051.16,25.3,8.9113
2052.16,25.22,8.9313
2053.16,25.32,8.9313
2054.16,25.18,8.9313
2055.16,25.3,8.9313
2056.16,25.2,8.9313
2057.17,25.19,8.9314
2058.17,25.3,8.9314
2059.17,25.18,8.9314
2060.17,25.27,8.9314
2061.17,25.15,8.9314
2062.17,25.28,8.9316
2063.18,25.32,8.9316
2064.18,25.19,8.9316
2065.18,25.19,8.9316
2066.18,25.29,8.9316
2067.18,25.19,8.9316
2068.18,25.3,8.9316
2069.19,25.13,8.9316
2070.19,25.22,8.9316
2071.19,25.13,8.9316
2072.19,25.29,8.9501
2073.19,25.35,8.9501
2074.19,25.13,8.9501
2075.2,25.22,8.9501
2076.2,25.13,8.9501
2077.2,25.24,8.9501
2078.2,25.2,8.9501
2079.2,25.2,8.9501
2080.2,25.29,8.9501
2081.21,25.23,8.9502
2082.21,25.29,8.9502
2083.21,25.25,8.9502
2084.21,25.19,8.9502
2085.21,25.29,8.9502
2086.21,25.19,8.9502
2087.22,25.29,8.9502
2088.22,25.12,8.9502
2089.22,25.22,8.9502
2090.22,25.15,8.9502
2091.22,25.21,8.9669
2092.22,25.22,8.9669
2093.23,25.22,8.9669
2094.23,25.29,8.9669
2095.23,25.19,8.9669
2096.23,25.19,8.9669
2097.23,25.3,8.9669
2098.23,25.19,8.9669
2099.24,25.29,8.9669
2100.24,25.12,8.9669
2101.24,25.27,8.9669
2102.24,25.14,8.9669
2103.24,25.16,8.9669
2104.24,25.23,8.9669
2105.25,25.14,8.9669
2106.25,25.26,8.9669
2107.25,25.19,8.9669
2108.25,25.15,8.9669
2109.25,25.23,8.9669
2110.25,25.12,8.9669
2111.26,25.32,8.9716
2112.26,25.2,8.9716
2113.26,25.21,8.9716
2114.26,25.29,8.9716
2115.26,25.19,8.9716
2116.26,25.29,8.9716
2117.27,25.2,8.9716
2118.27,25.28,8.9716
2119.27,25.19,8.9716
2120.27,25.23,8.9716
2121.27,25.29,8.9716
2122.27,25.2,8.9716
2123.28,25.31,8.9716
2124.28,25.19,8.9716
2125.28,25.19,8.9716
2126.28,25.29,8.9716
2127.28,25.29,8.9716
2128.28,25.29,8.9716
2129.29,25.18,8.9716
2130.29,25.33,8.9717
2131.29,25.16,8.9717
2132.29,25.18,8.9717
2133.29,25.31,8.9717
2134.29,25.13,8.9717
2135.3,25.25,8.9717
2136.3,25.19,8.9717
2137.3,25.51,8.9717
2138.3,25.23,8.9717
2139.3,25.21,8.9717
2140.3,25.4,8.9717
2141.31,25.19,8.9719
2142.31,25.31,8.9719
2143.31,25.19,8.9718
2144.31,25.15,8.9718
2145.31,25.3,8.9718
2146.31,25.17,8.9718
2147.31,25.19,8.9718
2148.32,25.87,8.9718
2149.32,25.19,8.9718
2150.32,25.38,8.9718
2151.32,25.19,8.9718
2152.32,25.3,8.9718
2153.32,25.22,8.9718
2154.33,25.21,8.9718
2155.33,25.29,8.9718
2156.33,25.19,8.9718
2157.33,25.18,8.9718
2158.33,25.29,8.9718
2159.33,25.2,8.9718
2160.34,25.33,8.972
2161.34,25.19,8.972
2162.34,25.2,8.972
2163.34,25.32,8.972
2164.34,25.2,8.972
2165.34,25.29,8.972
2166.35,25.14,8.972
2167.35,25.64,8.972
2168.35,25.31,8.972
2169.35,25.26,8.972
2170.35,25.24,8.9721
2171.35,25.29,8.9721
2172.35,25.2,8.9721
2173.35,25.32,8.9721
2174.36,25.19,8.9721
2175.36,25.19,8.9721
2176.36,25.29,8.9721
2177.36,25.2,8.9721
2178.36,25.29,8.9721
2179.36,25.2,8.9721
2180.37,25.23,8.9721
2181.37,25.3,8.9721
2182.37,25.2,8.9721
2183.37,25.32,8.9721
2184.37,25.2,8.9721
2185.37,25.18,8.9721
2186.37,25.29,8.9721
2187.38,25.18,8.9721
2188.38,25.16,8.9721
2189.38,25.29,8.9721
2190.38,25.16,8.9721
2191.38,25.18,8.9721
2192.38,25.25,8.9721
2193.38,25.16,8.9721
2194.39,25.12,8.9721
2195.39,25.22,8.9721
2196.39,25.12,8.9721
2197.39,25.23,8.9721
2198.39,25.13,8.9721
2199.39,25.14,8.9721
2200.4,25.21,8.9721
2201.4,25.16,8.9721
2202.4,25.35,8.9721
2203.4,25.18,8.9721
2204.4,25.12,8.9721
2205.4,25.23,8.9721
2206.4,25.13,8.9721
2207.41,25.18,8.9721
2208.41,25.29,8.9721
2209.41,25.19,8.9721
2210.41,25.29,8.9721
2211.41,25.19,8.9721
2212.41,25.23,8.9721
2213.42,25.28,8.9721
2214.42,25.18,8.9721
2215.42,25.29,8.9721
2216.42,25.18,8.9721
2217.42,25.2,8.9721
2218.42,25.26,8.9721
2219.43,25.19,8.9721
2220.43,25.29,8.9721
2221.43,25.18,8.9721
2222.43,25.19,8.9721
2223.43,25.44,8.9722
2224.43,25.18,8.9722
2225.44,25.28,8.9722
2226.44,25.18,8.9722
2227.44,25.3,8.9722
2228.44,25.2,8.9722
2229.44,25.2,8.9722
2230.44,25.29,8.9722
2231.45,25.19,8.9722
2232.45,25.3,8.9722
2233.45,25.25,8.9722
2234.45,25.19,8.9722
2235.45,25.32,8.9722
2236.45,25.19,8.9722
2237.45,25.2,8.9722
2238.46,25.29,8.9722
2239.46,25.19,8.9722
2240.46,25.29,8.9722
2241.46,25.18,8.9722
2242.46,25.2,8.9722
2243.46,25.51,8.9722
2244.47,25.15,8.9722
2245.47,25.22,8.9722
2246.47,25.12,8.9722
2247.47,25.14,8.9722
2248.47,25.23,8.9722
2249.47,25.15,8.9722
2250.48,25.28,8.9722
2251.48,25.19,8.9722
2252.48,25.28,8.9722
2253.48,25.33,8.9722
2254.48,25.22,8.9722
2255.48,25.28,8.9722
2256.48,25.15,8.9722
2257.49,25.19,8.9722
2258.49,25.29,8.9722
2259.49,25.19,8.9722
2260.49,25.29,8.9722
2261.49,25.17,8.9722
2262.49,25.19,8.9722
2263.5,25.75,8.9722
2264.5,25.19,8.9722
2265.5,25.29,8.9722
2266.5,25.22,8.9722
2267.5,25.19,8.9722
2268.5,25.29,8.9722
2269.51,25.19,8.9722
2270.51,25.29,8.9722
2271.51,25.16,8.9722
2272.51,25.25,8.9722
2273.51,25.21,8.9722
2274.51,25.19,8.9722
2275.51,25.31,8.9722
2276.52,25.23,8.9722
2277.52,25.19,8.9722
2278.52,25.28,8.9722
2279.52,25.18,8.9722
2280.52,25.28,8.9722
2281.52,25.19,8.9722
2282.53,25.19,8.9722
2283.53,25.32,8.9722
2284.53,25.19,8.9722
2285.53,25.29,8.9722
2286.53,25.19,8.9722
2287.53,25.34,8.9722
2288.54,25.19,8.9723
2289.54,25.24,8.9723
2290.54,25.28,8.9723
2291.54,25.21,8.9723
2292.54,25.21,8.9723
2293.54,25.32,8.9723
2294.55,25.19,8.9723
2295.55,25.29,8.9723
2296.55,25.19,8.9723
2297.55,25.31,8.9723
2298.55,25.32,8.9723
2299.55,25.2,8.9723
2300.56,25.28,8.9723
2301.56,25.18,8.9723
2302.56,25.3,8.9722
2303.56,25.21,8.9722
2304.56,25.29,8.9722
2305.56,25.18,8.9723
2306.57,25.12,8.9722
2307.57,25.27,8.9722
2308.57,25.28,8.9723
2309.57,25.18,8.9723
2310.57,25.27,8.9723
2311.57,25.19,8.9723
2312.58,25.31,8.9723
2313.58,25.21,8.9723
2314.58,25.29,8.9723
2315.58,25.19,8.9723
2316.58,25.18,8.9723
2317.58,25.3,8.9723
2318.59,25.19,8.9723
2319.59,25.3,8.9725
2320.59,25.13,8.9725
2321.59,25.19,8.9725
2322.59,25.3,8.9725
2323.59,25.21,8.9725
2324.6,25.29,8.9725
2325.6,25.19,8.9725
2326.6,25.24,8.9725
2327.6,25.14,8.9725
2328.6,25.13,8.9725
2329.6,25.22,8.9725
2330.61,25.24,8.9725
2331.61,25.26,8.9725
2332.61,25.18,8.9725
2333.61,25.19,8.9725
2334.61,25.27,8.9725
2335.61,25.19,8.9725
2336.62,25.29,8.9725
2337.62,25.2,8.9725
2338.62,25.19,8.9725
2339.62,25.29,8.9725
2340.62,25.24,8.9725
2341.62,25.29,8.9725
2342.63,25.23,8.9725
2343.63,25.29,8.9725
2344.63,25.19,8.9725
2345.63,27.28,8.9725
2346.63,25.22,8.9725
2347.63,25.14,8.9725
2348.64,25.25,8.9725
2349.64,25.18,8.9725
2350.64,25.17,8.9725
2351.64,25.32,8.9726
2352.64,25.22,8.9726
2353.64,25.29,8.9726
2354.65,25.19,8.9726
2355.65,25.37,8.9726
2356.65,25.19,8.9726
2357.65,25.21,8.9726
2358.65,25.29,8.9726
2359.65,25.19,8.9726
2360.66,25.29,8.9726
2361.66,25.23,8.9727
2362.66,25.23,8.9727
2363.66,25.29,8.9727
2364.66,25.19,8.9727
2365.66,25.3,8.9728
2366.66,25.19,8.9728
2367.67,25.2,8.9728
2368.67,25.3,8.9728
2369.67,25.2,8.9728
2370.67,25.3,8.9728
2371.67,25.19,8.9728
2372.67,25.44,8.9728
2373.68,25.18,8.9728
2374.68,25.19,8.9728
2375.68,25.29,8.9728
2376.68,25.19,8.9728
2377.68,25.31,8.9728
2378.68,25.19,8.9728
2379.69,25.23,8.9728
2380.69,25.29,8.9728
2381.69,25.19,8.9728
2382.69,25.45,8.9729
2383.69,25.19,8.9729
2384.69,25.19,8.9729
2385.7,25.29,8.9729
2386.7,25.19,8.9729
2387.7,25.29,8.9729
2388.7,25.12,8.9729
2389.7,25.23,8.9729
2390.7,25.12,8.9729
2391.71,25.14,8.9729
2392.71,25.34,8.9729
2393.71,25.14,8.9729
2394.71,25.14,8.9729
2395.71,25.25,8.9729
2396.71,25.19,8.9729
2397.72,25.3,8.9729
2398.72,25.19,8.9729
2399.72,27.7,8.9729
2400.72,25.19,8.9729
2401.72,25.2,8.9729
2402.72,25.37,8.9729
2403.72,25.18,8.9729
2404.73,25.19,8.9729
2405.73,25.29,8.9729
2406.73,25.19,8.9729
2407.73,25.3,8.9729
2408.73,25.19,8.9729
2409.74,25.3,8.9729
2410.74,25.16,8.9729
2411.74,25.14,8.9729
2412.74,25.4,8.9731
2413.74,25.16,8.9731
2414.74,25.28,8.9731
2415.75,25.15,8.9731
2416.75,25.26,8.9731
2417.75,25.17,8.9731
2418.75,25.17,8.9731
2419.75,25.27,8.9731
2420.75,25.17,8.9731
2421.76,25.25,8.9731
2422.76,25.33,8.9738
2423.76,25.14,8.9738
2424.76,25.23,8.9738
2425.76,25.13,8.9738
2426.76,25.22,8.9738
2427.77,25.14,8.9738
2428.77,25.23,8.9738
2429.77,25.13,8.9738
2430.77,25.13,8.9738
2431.77,25.23,8.9738
2432.77,25.2,8.9738
2433.78,25.22,8.9738
2434.78,25.13,8.9738
2435.78,25.23,8.9738
2436.78,25.14,8.9738
2437.78,25.15,8.9738
2438.78,25.25,8.9738
2439.79,25.22,8.9738
2440.79,25.28,8.9738
2441.79,25.18,8.9738
2442.79,25.24,8.9755
2443.79,25.24,8.9755
2444.79,25.16,8.9755
2445.8,25.26,8.9755
2446.8,25.16,8.9755
2447.8,25.31,8.9755
2448.8,25.2,8.9755
2449.8,25.2,8.9755
2450.8,25.29,8.9755
2451.81,25.19,8.9755
2452.81,25.44,8.9757
2453.81,25.19,8.9757
2454.81,25.29,8.9757
2455.81,25.19,8.9757
2456.81,25.19,8.9757
2457.82,25.31,8.9757
2458.82,25.19,8.9757
2459.82,25.29,8.9757
2460.82,25.19,8.9757
2461.82,25.29,8.9766
2462.82,25.33,8.9766
2463.83,25.2,8.9766
2464.83,25.29,8.9766
2465.83,25.19,8.9767
2466.83,25.16,8.9767
2467.83,25.24,8.9767
2468.83,25.13,8.9767
2469.84,25.29,8.9767
2470.84,25.16,8.9767
2471.84,25.26,8.9766
2472.84,25.15,8.9766
2473.84,25.15,8.9766
2474.84,25.23,8.9766
2475.85,25.18,8.9766
2476.85,25.29,8.9767
2477.85,25.2,8.9767
2478.85,25.29,8.9767
2479.85,25.14,8.9767
2480.85,25.17,8.9776
2481.86,25.29,8.9776
2482.86,25.23,8.9776
2483.86,25.29,8.9776
2484.86,25.19,8.9776
2485.86,25.18,8.9776
2486.86,25.29,8.9776
2487.87,25.21,8.9776
2488.87,25.29,8.9776
2489.87,25.19,8.9776
2490.87,25.34,8.9776
2491.87,25.19,8.9777
2492.87,25.27,8.9777
2493.88,25.29,8.9777
2494.88,25.17,8.9776
2495.88,25.22,8.9776
2496.88,25.12,8.9777
2497.88,25.3,8.9777
2498.88,25.13,8.9777
2499.89,25.17,8.9777
2500.89,25.23,8.9777
2501.89,25.17,8.9782
2502.89,25.7,8.9783
2503.89,25.18,8.9783
2504.89,25.29,8.9783
2505.9,25.18,8.9783
2506.9,25.19,8.9783
2507.9,25.3,8.9783
2508.9,25.19,8.9783
2509.9,25.29,8.9783
2510.9,25.19,8.9783
2511.91,25.23,8.9784
2512.91,25.34,8.9784
2513.91,25.19,8.9784
2514.91,25.29,8.9784
2515.91,25.19,8.9784
2516.92,25.29,8.9784
2517.92,25.18,8.9784
2518.92,25.13,8.9784
2519.92,25.26,8.9784
2520.92,25.2,8.9784
2521.92,25.34,8.9794
2522.93,25.23,8.9794
2523.93,25.3,8.9794
2524.93,25.2,8.9794
2525.93,25.18,8.9794
2526.93,25.29,8.9794
2527.93,25.2,8.9794
2528.94,25.23,8.9794
2529.94,25.14,8.9794
2530.94,25.13,8.9794
2531.94,25.38,8.9794
2532.94,25.19,8.9794
2533.94,28.84,8.9794
2534.95,53.18,8.9794
2535.95,39.91,8.9794
2536.95,25.19,8.9793
2537.95,25.2,8.9793
2538.95,25.29,8.9793
2539.95,25.19,8.9793
2540.95,25.19,8.9793
2541.96,25.28,8.9793
2542.96,25.29,8.9793
2543.96,25.35,8.9793
2544.96,25.18,8.9794
2545.96,25.29,8.9794
2546.96,25.18,8.9794
2547.97,25.2,8.9794
2548.97,25.28,8.9794
2549.97,25.18,8.9794
2550.97,25.29,8.9794
2551.97,25.19,8.9794
2552.97,25.81,8.9794
2553.98,25.93,8.9794
2554.98,25.19,8.9793
2555.98,25.19,8.9793
2556.98,25.28,8.9793
2557.98,25.53,8.9794
2558.98,25.28,8.9795
2559.98,25.22,8.9795
2560.99,25.15,8.9795
2561.99,25.28,8.9795
2562.99,26.55,8.9795
2563.99,27.81,8.9795
2564.99,25.18,8.9795
2565.99,25.18,8.9795
2567.0,25.36,8.9795
2568.0,25.24,8.9795
2569.0,25.27,8.9795
2570.0,25.18,8.9795
2571.0,25.19,8.9795
2572.0,25.3,8.9794
2573.01,25.23,8.9795
2574.01,25.28,8.9795
2575.01,25.17,8.9795
2576.01,25.18,8.9794
2577.01,25.28,8.9794
2578.01,25.2,8.9794
2579.01,25.29,8.9794
2580.02,25.18,8.9794
2581.02,25.18,8.9794
2582.02,25.28,8.9794
2583.02,25.21,8.9795
2584.02,25.25,8.9794
2585.02,25.13,8.9794
2586.03,25.17,8.9794
2587.03,25.28,8.9795
2588.03,25.18,8.9795
2589.03,25.29,8.9795
2590.03,25.17,8.9795
2591.03,25.18,8.9795
2592.04,25.28,8.9795
2593.04,25.21,8.9795
2594.04,25.28,8.9795
2595.04,25.43,8.9794
2596.04,25.17,8.9794
2597.04,25.27,8.9794
2598.04,25.18,8.9794
2599.05,25.17,8.9794
2600.05,25.28,8.9794
2601.05,25.15,8.9794
2602.05,25.28,8.9794
2603.05,25.21,8.9795
2604.05,25.17,8.9795
2605.06,25.28,8.9795
2606.06,25.17,8.9795
2607.06,25.27,8.9795
2608.06,25.19,8.9795
2609.06,25.24,8.9795
2610.06,25.12,8.9795
2611.07,25.17,8.9795
2612.07,25.27,8.9795
2613.07,25.21,8.9795
2614.07,25.18,8.9795
2615.07,25.28,8.9795
2616.07,25.17,8.9795
2617.08,25.28,8.9795
2618.08,25.19,8.9795
2619.08,25.17,8.9795
2620.08,25.28,8.9795
2621.08,25.18,8.9795
2622.08,25.27,8.9795
2623.08,25.21,8.9795
2624.09,25.17,8.9795
2625.09,25.27,8.9795
2626.09,25.17,8.9795
2627.09,25.27,8.9795
2628.09,25.18,8.9795
2629.09,25.17,8.9795
2630.1,25.27,8.9795
2631.1,25.17,8.9795
2632.1,25.27,8.9795
2633.1,25.2,8.9795
2634.1,25.28,8.9795
2635.1,25.16,8.9795
2636.11,25.17,8.9795
2637.11,25.27,8.9795
2638.11,25.18,8.9795
2639.11,25.27,8.9795
2640.11,25.17,8.9795
2641.11,25.18,8.9795
2642.12,25.26,8.9795
2643.12,25.19,8.9795
2644.12,25.27,8.9795
2645.12,25.16,8.9795
2646.12,25.16,8.9795
2647.12,25.27,8.9795
2648.13,25.18,8.9795
2649.13,25.28,8.9795
2650.13,25.14,8.9795
2651.13,25.11,8.9795
2652.13,25.21,8.9795
2653.13,25.15,8.9795
2654.13,25.14,8.9795
2655.14,25.27,8.9795
2656.14,25.17,8.9795
2657.14,25.26,8.9795
2658.14,25.18,8.9795
2659.14,25.17,8.9795
2660.14,25.27,8.9795
2661.15,25.17,8.9795
2662.15,25.27,8.9795
2663.15,25.2,8.9795
2664.15,25.17,8.9795
2665.15,25.26,8.9795
2666.15,25.12,8.9795
2667.15,25.22,8.9795
2668.16,25.2,8.9795
2669.16,25.12,8.9795
2670.16,25.21,8.9795
2671.16,25.11,8.9795
2672.16,25.26,8.9794
2673.16,26.17,8.9795
2674.17,25.18,8.9795
2675.17,25.29,8.9795
2676.17,25.17,8.9795
2677.17,25.17,8.9795
2678.17,25.31,8.9795
2679.17,25.19,8.9795
2680.17,25.18,8.9797
2681.18,25.27,8.9797
2682.18,25.11,8.9797
2683.18,25.18,8.9797
2684.18,25.65,8.9816
2685.18,25.17,8.9816
2686.18,25.27,8.9816
2687.18,25.17,8.9816
2688.19,25.15,8.9816
2689.19,25.22,8.9816
2690.19,25.12,8.9816
2691.19,25.22,8.9816
2692.19,25.14,8.9816
2693.19,25.2,8.9816
2694.2,25.27,8.9816
2695.2,25.18,8.9816
2696.2,25.27,8.9816
2697.2,25.17,8.9816
2698.2,25.19,8.9816
2699.2,25.88,8.9816
2700.21,25.18,8.9816
2701.21,25.27,8.9817
2702.21,25.17,8.9817
2703.21,25.21,8.9817
2704.21,25.27,8.9817
2705.21,25.17,8.9817
2706.22,25.28,8.9817
2707.22,25.17,8.9817
2708.22,25.19,8.9817
2709.22,25.29,8.9817
2710.22,25.17,8.9817
2711.22,25.28,8.9817
2712.22,25.18,8.9817
2713.23,25.18,8.9817
2714.23,25.26,8.9817
2715.23,25.16,8.9817
2716.23,25.26,8.9817
2717.23,25.18,8.9817
2718.23,25.11,8.9817
2719.24,25.21,8.9817
2720.24,25.11,8.9817
2721.24,25.21,8.9817
2722.24,25.12,8.9817
2723.24,25.13,8.9817
2724.24,25.26,8.9817
2725.25,25.18,8.9817
2726.25,25.27,8.9815
2727.25,26.15,8.9817
2728.25,25.12,8.9815
2729.25,25.25,8.9817
2730.25,25.18,8.9817
2731.25,25.17,8.9817
2732.26,25.28,8.9817
2733.26,25.19,8.9817
2734.26,25.23,8.9817
2735.26,25.12,8.9817
2736.26,25.14,8.9815
2737.26,25.29,8.9817
2738.26,25.17,8.9815
2739.27,25.18,8.9817
2740.27,25.22,8.9817
2741.27,25.15,8.9817
2742.27,25.28,8.9817
2743.27,25.19,8.9816
2744.27,25.16,8.9816
2745.28,25.27,8.9816
2746.28,25.16,8.9816
2747.28,25.24,8.9816
2748.28,25.14,8.9816
2749.28,25.14,8.9816
2750.28,25.22,8.9816
2751.29,25.12,8.9816
2752.29,25.27,8.9816
2753.29,25.83,8.9816
2754.29,25.12,8.9816
2755.29,25.23,8.9816
2756.29,25.17,8.9816
2757.29,25.28,8.9816
2758.3,25.16,8.9816
2759.3,25.13,8.9816
2760.3,25.26,8.9816
2761.3,25.14,8.9816
2762.3,25.15,8.9816
2763.3,25.27,8.9816
2764.3,25.14,8.9817
2765.31,25.17,8.9817
2766.31,25.23,8.9817
2767.31,25.13,8.9817
2768.31,25.12,8.9817
2769.31,25.28,8.9817
2770.31,25.12,8.9817
2771.32,25.21,8.9817
2772.32,25.12,8.9817
2773.32,25.14,8.9817
2774.32,25.21,8.9817
2775.32,25.16,8.9817
2776.32,25.26,8.9817
2777.32,25.18,8.9817
2778.33,25.17,8.9817
2779.33,25.27,8.9817
2780.33,25.17,8.9817
2781.33,25.27,8.9817
2782.33,25.17,8.9817
2783.33,25.19,8.9817
2784.34,25.27,8.9817
2785.34,25.16,8.9817
2786.34,25.26,8.9817
2787.34,25.17,8.9817
2788.34,25.17,8.9817
2789.34,25.26,8.9817
2790.35,25.17,8.9817
2791.35,25.27,8.9817
2792.35,25.18,8.9817
2793.35,25.29,8.9817
2794.35,25.16,8.9817
2795.35,25.16,8.9817
2796.36,25.27,8.9817
2797.36,25.15,8.9817
2798.36,25.22,8.9817
2799.36,25.17,8.9816
2800.36,25.17,8.9816
2801.36,25.27,8.9816
2802.36,25.18,8.9816
2803.37,25.19,8.9817
2804.37,25.27,8.9817
2805.37,25.17,8.9817
2806.37,25.26,8.9817
2807.37,25.17,8.9816
2808.37,25.17,8.9817
2809.38,25.26,8.9817
2810.38,25.16,8.9817
2811.38,25.13,8.9817
2812.38,25.23,8.9817
2813.38,25.16,8.9817
2814.38,25.24,8.9817
2815.39,25.16,8.9817
2816.39,25.17,8.9817
2817.39,25.28,8.9817
2818.39,25.17,8.9817
2819.39,25.26,8.9817
2820.39,25.15,8.9817
2821.39,25.1,8.9817
2822.4,25.21,8.9817
2823.4,25.14,8.9817
2824.4,25.23,8.9817
2825.4,25.13,8.9817
2826.4,25.24,8.9817
2827.4,25.16,8.9817
2828.41,25.17,8.9817
2829.41,25.28,8.9817
2830.41,25.17,8.9817
2831.41,25.26,8.9817
2832.41,25.13,8.9817
2833.41,25.14,8.9817
2834.42,25.22,8.9817
2835.42,25.12,8.9817
2836.42,25.14,8.9816
2837.42,25.28,8.9817
2838.42,25.17,8.9817
2839.42,25.17,8.9817
2840.42,25.24,8.9817
2841.43,25.11,8.9817
2842.43,25.22,8.9816
2843.43,25.14,8.9817
2844.43,25.16,8.9817
2845.43,25.26,8.9817
2846.43,25.16,8.9817
2847.43,25.24,8.9817
2848.44,25.17,8.9817
2849.44,25.17,8.9817
2850.44,25.27,8.9817
2851.44,25.18,8.9817
2852.44,25.28,8.9817
2853.44,25.19,8.9817
2854.45,25.17,8.9817
2855.45,25.27,8.9817
2856.45,25.17,8.9817
2857.45,25.27,8.9817
2858.45,25.17,8.9817
2859.45,25.16,8.9817
2860.46,25.23,8.9817
2861.46,25.12,8.9817
2862.46,25.23,8.9817
2863.46,25.15,8.9817
2864.46,25.17,8.9816
2865.46,25.27,8.9816
2866.46,25.16,8.9816
2867.47,25.17,8.9816
2868.47,25.27,8.9817
2869.47,25.16,8.9817
2870.47,25.27,8.9817
2871.47,25.16,8.9817
2872.47,25.17,8.9817
2873.48,25.29,8.9817
2874.48,25.16,8.9817
2875.48,25.27,8.9817
2876.48,25.18,8.9817
2877.48,25.17,8.9817
2878.48,25.27,8.9817
2879.48,25.14,8.9817
2880.49,25.15,8.9817
2881.49,25.21,8.9817
2882.49,25.12,8.9817
2883.49,25.24,8.9817
2884.49,25.12,8.9817
2885.49,25.14,8.9817
2886.5,25.27,8.9817
2887.5,25.17,8.9817
2888.5,25.14,8.9817
2889.5,25.23,8.9817
2890.5,25.12,8.9817
2891.5,25.22,8.9817
2892.5,25.15,8.9817
2893.51,25.18,8.9817
2894.51,25.27,8.9817
2895.51,25.16,8.9817
2896.51,25.26,8.9817
2897.51,25.17,8.9817
2898.51,25.16,8.9817
2899.52,25.26,8.9817
2900.52,25.16,8.9817
2901.52,25.26,8.9817
2902.52,25.17,8.9817
2903.52,25.15,8.9817
2904.52,25.29,8.9817
2905.52,25.16,8.9817
2906.53,25.16,8.9817
2907.53,25.29,8.9817
2908.53,25.17,8.9817
2909.53,25.17,8.9817
2910.53,25.27,8.9817
2911.53,25.16,8.9817
2912.53,25.17,8.9817
2913.54,25.29,8.9817
2914.54,25.17,8.9817
2915.54,25.27,8.9817
2916.54,25.17,8.9817
2917.54,25.18,8.9817
2918.54,25.27,8.9816
2919.55,25.17,8.9816
2920.55,25.26,8.9816
2921.55,25.17,8.9816
2922.55,25.18,8.9816
2923.55,25.3,8.9817
2924.55,25.17,8.9817
2925.55,25.27,8.9817
2926.56,25.17,8.9817
2927.56,25.18,8.9817
2928.56,25.28,8.9817
2929.56,25.16,8.9816
2930.56,25.17,8.9817
2931.56,25.25,8.9817
2932.56,25.15,8.9817
2933.57,25.18,8.9817
2934.57,25.27,8.9817
2935.57,25.16,8.9817
2936.57,25.16,8.9817
2937.57,25.24,8.9817
2938.57,25.17,8.9817
2939.58,25.25,8.9817
2940.58,25.17,8.9817
2941.58,25.16,8.9817
2942.58,25.27,8.9817
2943.58,25.19,8.9817
2944.58,25.26,8.9817
2945.58,25.13,8.9817
2946.59,25.17,8.9817
2947.59,25.29,8.9817
2948.59,25.18,8.9817
2949.59,25.19,8.9817
2950.59,25.27,8.9817
2951.59,25.16,8.9817
2952.59,25.17,8.9818
2953.6,25.29,8.9818
2954.6,25.16,8.9817
2955.6,25.26,8.9817
2956.6,25.16,8.9817
2957.6,25.17,8.9817
2958.6,25.27,8.9817
2959.61,25.17,8.9817
2960.61,25.22,8.9817
2961.61,25.12,8.9817
2962.61,25.2,8.9817
2963.61,25.26,8.9817
2964.61,25.12,8.9817
2965.61,25.11,8.9817
2966.61,25.22,8.9817
2967.62,25.14,8.9817
2968.62,25.14,8.9816
2969.62,52.38,2.1187
2970.62,82.98,2.39
2971.62,91.45,2.5296
2972.63,90.07,2.8146
2973.63,82.52,3.0953
2974.63,77.92,3.3665
2975.63,76.55,3.6164
2976.63,77.71,3.8404
2977.63,59.19,4.2431
2978.63,35.17,4.6984
2979.64,45.33,5.183
2980.64,55.99,5.6748
2981.64,50.88,6.1805
2982.64,28.54,6.6779
2983.64,33.46,7.2312
2984.64,28.57,7.2823
2985.65,25.86,7.2823
2986.65,26.14,7.2823
2987.65,25.19,7.2823
2988.65,26.19,7.2823
2989.65,28.76,7.2825
2990.65,25.19,7.2825
2991.66,26.39,7.2825
2992.66,30.8,7.4322
2993.66,25.29,7.4322
2994.66,25.24,7.4322
2995.66,25.25,7.4322
2996.66,25.65,7.4322
2997.66,31.11,7.4322
2998.67,25.16,7.4322
2999.67,25.3,7.4322
3000.67,30.96,7.4323
3001.67,26.09,7.4323
3002.67,25.23,7.4323
3003.67,25.19,7.4323
3004.68,25.3,7.4323
3005.68,25.19,7.4323
3006.68,25.3,7.4323
3007.68,28.73,7.4323
3008.68,26.88,7.4326
3009.68,25.3,7.4326
3010.69,25.19,7.4326
3011.69,25.3,7.4328
3012.69,25.24,7.4328
3013.69,25.18,7.4328
3014.69,25.29,7.4328
3015.69,29.27,7.4328
3016.69,25.29,7.4328
3017.7,25.2,7.4328
3018.7,25.25,7.4328
3019.7,25.31,7.4328
3020.7,25.18,7.4328
3021.7,25.19,7.4328
3022.7,25.32,7.4328
3023.71,30.15,7.5333
3024.71,25.25,7.5333
3025.71,25.19,7.5333
3026.71,25.19,7.5333
3027.71,25.35,7.5333
3028.71,25.2,7.5333
3029.72,25.3,7.5332
3030.72,25.2,7.5332
3031.72,25.23,7.5332
3032.72,25.34,8.0392
3033.72,25.19,8.4785
3034.72,34.7,8.8743
3035.73,25.19,8.8743
3036.73,25.3,8.8743
3037.73,25.21,8.8743
3038.73,25.19,8.8743
3039.73,25.32,8.8743
3040.73,25.19,8.8743
3041.74,25.29,8.8743
3042.74,25.23,8.8743
3043.74,25.2,8.8743
3044.74,25.29,8.8743
3045.74,25.3,8.8745
3046.74,25.29,8.8745
3047.74,25.72,8.8745
3048.75,26.19,8.8745
3049.75,25.39,8.8745
3050.75,25.19,8.8745
3051.75,25.82,8.8745
3052.75,25.16,8.8745
3053.76,29.43,8.8745
3054.76,25.24,8.8745
3055.76,25.15,8.8745
3056.76,25.22,8.8745
3057.76,25.18,8.8745
3058.76,25.29,8.8745
3059.76,25.19,8.8745
3060.77,25.19,8.8745
3061.77,27.22,8.8745
3062.77,25.26,8.8745
3063.77,25.34,8.8747
3064.77,25.2,8.8747
3065.77,25.2,8.8747
3066.78,25.29,8.8747
3067.78,25.19,8.8747
3068.78,25.23,8.8747
3069.78,25.14,8.8747
3070.78,25.26,8.8747
3071.78,25.17,8.8747
3072.79,25.22,8.8747
3073.79,25.33,8.8749
3074.79,25.19,8.8749
3075.79,25.29,8.8749
3076.79,25.18,8.8749
3077.79,25.2,8.8749
3078.8,25.29,8.8749
3079.8,25.17,8.8749
3080.8,25.26,8.8749
3081.8,25.18,8.8749
3082.8,25.33,8.8749
3083.8,25.19,8.8749
3084.81,25.23,8.875
3085.81,25.29,8.875
3086.81,25.18,8.875
3087.81,25.3,8.875
3088.81,25.18,8.875
3089.81,25.29,8.875
3090.82,25.18,8.875
3091.82,25.19,8.875
3092.82,25.32,8.875
3093.82,25.19,8.875
3094.82,25.33,8.875
3095.82,25.19,8.875
3096.83,25.19,8.875
3097.83,25.3,8.875
3098.83,25.2,8.875
3099.83,25.36,8.875
3100.83,25.19,8.875
3101.83,25.19,8.875
3102.84,25.32,8.875
3103.84,25.19,8.875
3104.84,25.34,8.875
3105.84,25.16,8.875
3106.84,25.14,8.875
3107.84,25.33,8.875
3108.84,25.19,8.875
3109.85,25.19,8.875
3110.85,25.29,8.875
3111.85,25.19,8.875
3112.85,25.32,8.8751
3113.85,25.19,8.8751
3114.85,25.31,8.8752
3115.86,25.28,8.8752
3116.86,25.19,8.8752
3117.86,25.3,8.8752
3118.86,25.18,8.8752
3119.86,25.21,8.8752
3120.86,25.29,8.8752
3121.86,25.19,8.8752
3122.87,25.22,8.8752
3123.87,25.29,8.8752
3124.87,25.24,8.8755
3125.87,25.29,8.8755
3126.87,25.19,8.8755
3127.87,25.31,8.8755
3128.88,25.18,8.8755
3129.88,25.21,8.8755
3130.88,25.29,8.8755
3131.88,25.2,8.8755
3132.88,25.33,8.8755
3133.88,25.19,8.8755
3134.89,25.18,8.8755
3135.89,25.23,8.8755
3136.89,25.12,8.8755
3137.89,25.24,8.8755
3138.89,25.12,8.8755
3139.89,25.48,8.8755
3140.9,25.22,8.8755
3141.9,25.11,8.8755
3142.9,25.54,8.8755
3143.9,25.18,8.8755
3144.9,25.19,8.8755
3145.9,25.33,8.8755
3146.91,25.19,8.8755
3147.91,25.31,8.8755
3148.91,25.19,8.8755
3149.91,25.19,8.8755
3150.91,25.23,8.8755
3151.91,25.13,8.8755
3152.92,25.27,8.8755
3153.92,25.15,8.8755
3154.92,25.13,8.8755
3155.92,25.28,8.8755
3156.92,25.18,8.8755
3157.92,25.29,8.8755
3158.93,25.18,8.8755
3159.93,25.3,8.8755
3160.93,25.18,8.8755
3161.93,25.18,8.8755
3162.93,25.31,8.8755
3163.93,25.19,8.8755
3164.93,25.28,8.8755
3165.94,25.14,8.8755
3166.94,25.16,8.8756
3167.94,25.25,8.8757
3168.94,25.18,8.8757
3169.94,25.29,8.8757
3170.94,25.19,8.8757
3171.95,25.21,8.8757
3172.95,25.33,8.8757
3173.95,25.19,8.8757
3174.95,25.29,8.8757
3175.95,25.2,8.8757
3176.95,37.63,8.8758
3177.96,29.46,8.8758
3178.96,25.55,8.8758
3179.96,25.36,8.8758
3180.96,25.19,8.8758
3181.96,25.23,8.8758
3182.96,25.16,8.8758
3183.97,25.12,8.8758
3184.97,25.26,8.8758
3185.97,25.39,8.8758
3186.97,25.29,8.8758
3187.97,25.21,8.8758
3188.97,25.19,8.8758
3189.98,25.31,8.8758
3190.98,25.18,8.8758
3191.98,25.29,8.8758
3192.98,25.33,8.8758
3193.98,25.19,8.8758
3194.98,25.28,8.8758
3195.99,25.19,8.8758
3196.99,25.28,8.8758
3197.99,25.19,8.8758
3198.99,25.28,8.8758
3199.99,25.18,8.8758
3200.99,25.18,8.8758
3202.0,25.28,8.8758
3203.0,25.56,8.8758
3204.0,25.23,8.8758
3205.0,25.18,8.8758
3206.0,25.18,8.8758
3207.0,26.28,8.8758
3208.0,25.21,8.8758
3209.01,25.11,8.8758
3210.01,25.22,8.8758
3211.01,25.76,8.8758
3212.01,25.2,8.8758
3213.01,25.16,8.8758
3214.01,25.11,8.8758
3215.02,25.21,8.8758
3216.02,25.11,8.8758
3217.02,25.21,8.8758
3218.02,25.18,8.8758
3219.02,25.18,8.8758
3220.02,25.27,8.8758
3221.03,25.18,8.8758
3222.03,25.28,8.8758
3223.03,25.2,8.8758
3224.03,25.15,8.8758
3225.03,25.22,8.8758
3226.03,25.18,8.8758
3227.04,25.27,8.8758
3228.04,25.19,8.8758
3229.04,25.17,8.8758
3230.04,25.27,8.8758
3231.04,25.17,8.8758
3232.04,25.27,8.8758
3233.04,25.23,8.8758
3234.05,25.17,8.8758
3235.05,25.28,8.8758
3236.05,25.16,8.8758
3237.05,25.17,8.8758
3238.05,25.28,8.8758
3239.05,25.17,8.8758
3240.05,25.28,8.8758
3241.06,25.19,8.8758
3242.06,25.12,8.8758
3243.06,25.3,8.8758
3244.06,25.17,8.8758
3245.06,25.18,8.8758
3246.06,25.29,8.8758
3247.06,25.17,8.8758
3248.07,25.19,8.8758
3249.07,25.48,8.8758
3250.07,25.18,8.8758
3251.07,25.18,8.8758
3252.07,25.28,8.8758
3253.07,25.21,8.8758
3254.07,25.27,8.8758
3255.08,25.17,8.8758
3256.08,25.17,8.8758
3257.08,25.27,8.8758
3258.08,25.19,8.8758
3259.08,25.28,8.8758
3260.08,25.17,8.8758
3261.09,25.16,8.8758
3262.09,25.27,8.8758
3263.09,25.2,8.8758
3264.09,25.27,8.8758
3265.09,25.17,8.8758
3266.09,25.17,8.8758
3267.1,25.23,8.8758
3268.1,25.13,8.8758
3269.1,25.21,8.8758
3270.1,25.11,8.8758
3271.1,25.11,8.8758
3272.1,25.21,8.8758
3273.11,25.15,8.8758
3274.11,25.22,8.8758
3275.11,25.12,8.8758
3276.11,25.12,8.8758
3277.11,25.22,8.8758
3278.11,25.13,8.8758
3279.11,25.26,8.8758
3280.12,25.16,8.8758
3281.12,25.18,8.8758
3282.12,25.27,8.8758
3283.12,25.2,8.8758
3284.12,25.17,8.8758
3285.12,25.29,8.8758
3286.12,25.17,8.8758
3287.13,25.16,8.8758
3288.13,25.26,8.8758
3289.13,25.12,8.8758
3290.13,25.11,8.8758
3291.13,25.17,8.8758
3292.13,25.27,8.8758
3293.13,25.2,8.8758
3294.13,25.28,8.8758
3295.14,25.16,8.8758
3296.14,25.16,8.8758
3297.14,25.28,8.8758
3298.14,25.17,8.8758
3299.14,25.15,8.8758
3300.14,25.27,8.8758
3301.15,25.17,8.8758
3302.15,25.27,8.8758
3303.15,25.2,8.8758
3304.15,25.19,8.8758
3305.15,25.25,8.8758
3306.15,25.12,8.8758
3307.15,25.14,8.8758
3308.15,25.25,8.8758
3309.16,25.16,8.8758
3310.16,25.17,8.8758
3311.16,25.27,8.8758
3312.16,25.16,8.8758
3313.16,25.34,8.8759
3314.16,25.27,8.8759
3315.17,25.16,8.8759
3316.17,25.27,8.8759
3317.17,25.17,8.8759
3318.17,25.18,8.8759
3319.17,25.26,8.8759
3320.17,25.16,8.8759
3321.17,25.28,8.8759
3322.18,25.25,8.8759
3323.18,25.2,8.8759
3324.18,25.29,8.8759
3325.18,25.16,8.8759
3326.18,25.11,8.8759
3327.18,25.22,8.8759
3328.19,25.13,8.8759
3329.19,25.22,8.8759
3330.19,25.16,8.8759
3331.19,25.14,8.8759
3332.19,25.27,8.8759
3333.19,25.2,8.8759
3334.19,25.27,8.8759
3335.2,25.17,8.8759
3336.2,25.12,8.8759
3337.2,25.23,8.8759
3338.2,25.17,8.8759
3339.2,25.28,8.8759
3340.2,25.17,8.8759
3341.21,25.16,8.8759
3342.21,25.28,8.8759
3343.21,25.15,8.8759
3344.21,25.22,8.8759
3345.21,25.11,8.8759
3346.21,25.16,8.8759
3347.21,25.29,8.8759
3348.22,25.18,8.8759
3349.22,25.14,8.8759
3350.22,25.21,8.8759
3351.22,25.1,8.8759
3352.22,25.13,8.8759
3353.22,25.29,8.8759
3354.23,25.17,8.8759
3355.23,25.27,8.8759
3356.23,25.17,8.8759
3357.23,25.3,8.8759
3358.23,25.55,8.8759
3359.23,25.17,8.8759
3360.23,25.11,8.8759
3361.24,25.21,8.8761
3362.24,25.17,8.8761
3363.24,25.29,8.8761
3364.24,25.17,8.8761
3365.24,25.15,8.8761
3366.24,25.27,8.8761
3367.25,25.18,8.8761
3368.25,25.19,8.8761
3369.25,25.28,8.8761
3370.25,25.17,8.8761
3371.25,25.27,8.8761
3372.25,25.18,8.8761
3373.25,25.18,8.8761
3374.26,25.27,8.8761
3375.26,25.17,8.8761
3376.26,25.24,8.8761
3377.26,25.15,8.8761
3378.26,25.11,8.8761
3379.26,25.18,8.8761
3380.26,25.27,8.8761
3381.26,25.17,8.8761
3382.27,25.17,8.8761
3383.27,25.27,8.8761
3384.27,25.11,8.8761
3385.27,25.12,8.8761
3386.27,25.25,8.8761
3387.27,25.18,8.8761
3388.27,25.13,8.8761
3389.28,25.26,8.8761
3390.28,25.16,8.8761
3391.28,25.27,8.8761
3392.28,25.17,8.8761
3393.28,25.14,8.8761
3394.28,25.28,8.8761
3395.28,25.17,8.8761
3396.29,25.17,8.8761
3397.29,25.29,8.8761
3398.29,25.17,8.8761
3399.29,25.19,8.8761
3400.29,25.27,8.8761
3401.29,25.18,8.8761
3402.29,25.29,8.8761
3403.3,25.18,8.8761
3404.3,25.17,8.8761
3405.3,25.28,8.8761
3406.3,25.16,8.8761
3407.3,25.16,8.8761
3408.3,25.29,8.8761
3409.3,25.13,8.8761
3410.31,25.17,8.8761
3411.31,25.29,8.8761
3412.31,25.21,8.8761
3413.31,25.19,8.8761
3414.31,25.28,8.8761
3415.31,25.17,8.8761
3416.31,25.17,8.8761
3417.32,25.28,8.8761
3418.32,25.17,8.8761
3419.32,25.15,8.8761
3420.32,25.25,8.8761
3421.32,25.17,8.8761
3422.32,25.29,8.8761
3423.32,25.35,8.8761
3424.33,25.16,8.8761
3425.33,25.27,8.8761
3426.33,25.17,8.8761
3427.33,25.28,8.8761
3428.33,25.16,8.8761
3429.33,25.23,8.8761
3430.33,25.27,8.8761
3431.34,25.16,8.8761
3432.34,25.18,8.8761
3433.34,25.31,8.8761
3434.34,25.17,8.8761
3435.34,25.16,8.8761
3436.34,25.27,8.8761
3437.35,25.18,8.8761
3438.35,25.27,8.8761
3439.35,25.17,8.8761
3440.35,25.17,8.8761
3441.35,25.27,8.8761
3442.35,25.18,8.8761
3443.35,25.18,8.8761
3444.36,25.27,8.8761
3445.36,25.17,8.8761
3446.36,25.28,8.8761
3447.36,25.18,8.8761
3448.36,25.18,8.8761
3449.36,25.28,8.8761
3450.36,25.17,8.8761
3451.37,25.12,8.8761
3452.37,25.22,8.8761
3453.37,25.18,8.8761
3454.37,25.26,8.8761
3455.37,25.16,8.8761
3456.37,25.17,8.8761
3457.38,25.27,8.8761
3458.38,25.17,8.8761
3459.38,25.28,8.8761
3460.38,25.17,8.8761
3461.38,25.17,8.8761
3462.38,25.29,8.8761
3463.39,25.2,8.8761
3464.39,25.28,8.8761
3465.39,25.17,8.8761
3466.39,25.17,8.8761
3467.39,25.28,8.8761
3468.39,25.17,8.8761
3469.39,25.28,8.8761
3470.4,25.16,8.8761
3471.4,25.17,8.8761
3472.4,25.28,8.8761
3473.4,25.13,8.8761
3474.4,25.21,8.8761
3475.4,25.16,8.8761
3476.41,25.17,8.8761
3477.41,25.27,8.8761
3478.41,25.17,8.8761
3479.41,25.27,8.8761
3480.41,25.16,8.8761
3481.41,25.17,8.8761
3482.42,25.28,8.8761
3483.42,25.15,8.8761
3484.42,25.24,8.8761
3485.42,25.17,8.8761
3486.42,25.14,8.8761
3487.42,25.28,8.8761
3488.43,25.16,8.8761
3489.43,25.28,8.8761
3490.43,25.18,8.8761
3491.43,25.18,8.8761
3492.43,25.27,8.8761
3493.43,25.19,8.8761
3494.43,25.15,8.8761
3495.44,25.21,8.8761
3496.44,25.14,8.8761
3497.44,25.28,8.8761
3498.44,25.19,8.8761
3499.44,25.17,8.8761
3500.44,25.27,8.8761
3501.44,25.16,8.8761
3502.45,25.13,8.8761
3503.45,25.23,8.8761
3504.45,25.11,8.8761
3505.45,25.13,8.8761
3506.45,25.21,8.8761
3507.45,25.12,8.8761
3508.45,25.25,8.8761
3509.46,25.15,8.8761
3510.46,25.16,8.8761
3511.46,25.27,8.8761
3512.46,25.18,8.8761
3513.46,25.28,8.8761
3514.46,25.18,8.8761
3515.47,25.17,8.8761
3516.47,25.27,8.8761
3517.47,25.18,8.876
3518.47,25.27,8.876
3519.47,25.2,8.8761
3520.47,25.17,8.8761
3521.47,25.27,8.876
3522.48,25.17,8.876
3523.48,25.18,8.8761
3524.48,25.29,8.876
3525.48,25.16,8.876
3526.48,25.17,8.876
3527.48,25.27,8.8761
3528.49,25.17,8.8761
3529.49,25.28,8.8761
3530.49,25.25,8.876
3531.49,25.17,8.8761
3532.49,25.3,8.8761
3533.49,25.33,8.8761
3534.49,25.17,8.8761
3535.49,25.28,8.8761
3536.5,25.16,8.876
3537.5,25.17,8.876
3538.5,25.29,8.876
3539.5,25.17,8.876
3540.5,25.17,8.876
3541.5,25.29,8.876
3542.5,25.18,8.876
3543.51,25.19,8.876
3544.51,25.22,8.876
3545.51,25.12,8.876
3546.51,25.24,8.876
3547.51,25.18,8.876
3548.51,25.16,8.876
3549.52,25.3,8.876
3550.52,25.18,8.8761
3551.52,25.18,8.8761
3552.52,25.28,8.8761
3553.52,25.23,8.8761
3554.52,25.24,8.8761
3555.52,25.17,8.8761
3556.53,25.18,8.8761
3557.53,25.28,8.8761
3558.53,25.17,8.8761
3559.53,25.28,8.8761
3560.53,25.17,8.8761
3561.53,25.17,8.8761
3562.54,25.28,8.8761
3563.54,25.19,8.8761
3564.54,25.27,8.8761
3565.54,25.16,8.8761
3566.54,25.17,8.8761
3567.54,25.27,8.8761
3568.55,25.17,8.8761
3569.55,25.27,8.8761
3570.55,25.17,8.8761
3571.55,25.17,8.8761
3572.55,25.28,8.8761
3573.55,25.19,8.8761
3574.55,25.28,8.8761
3575.56,25.17,8.8761
3576.56,25.18,8.8761
3577.56,25.28,8.8761
3578.56,25.17,8.8761
3579.56,25.19,8.8761
3580.56,25.27,8.8761
3581.56,25.16,8.8761
3582.57,25.18,8.8761
3583.57,25.27,8.8761
3584.57,25.12,8.8761
3585.57,25.21,8.8761
3586.57,25.12,8.8761
3587.57,25.16,8.8761
3588.58,25.24,8.8761
3589.58,25.17,8.8761
3590.58,25.26,8.8761
3591.58,25.15,8.8761
3592.58,25.14,8.8761
3593.58,25.23,8.8761
3594.59,25.1,8.8761
3595.59,25.21,8.8761
3596.59,25.11,8.8761
3597.59,25.15,8.8761
3598.59,25.26,8.8761
3599.59,25.17,8.8761
3600.59,25.27,8.8761
3601.6,25.16,8.8761
3602.6,25.18,8.8761
3603.6,25.29,8.8761
3604.6,25.18,8.8761
3605.6,25.27,8.8761
3606.6,25.12,8.8761
3607.61,25.16,8.8761
3608.61,25.28,8.8761
3609.61,25.19,8.8761
3610.61,25.28,8.8761
3611.61,25.18,8.8761
3612.61,25.21,8.8761
3613.62,25.27,8.8761
3614.62,25.12,8.8761
3615.62,25.22,8.8761
3616.62,25.16,8.8761
3617.62,25.13,8.8761
3618.62,25.23,8.8761
3619.63,25.16,8.8761
3620.63,25.27,8.8761
3621.63,25.17,8.8761
3622.63,25.2,8.8761
3623.63,25.26,8.8761
3624.63,25.14,8.8761
3625.63,25.27,8.8761
3626.64,25.17,8.8761
3627.64,25.18,8.8761
3628.64,25.26,8.8761
3629.64,25.17,8.8761
3630.64,25.27,8.8761
3631.64,25.17,8.8761
3632.65,25.2,8.8761
3633.65,25.27,8.8761
3634.65,25.17,8.8761
3635.65,25.27,8.8761
3636.65,25.18,8.8761
3637.65,25.18,8.8761
3638.65,25.28,8.8761
3639.66,25.19,8.8761
3640.66,25.17,8.8761
3641.66,25.27,8.8761
3642.66,25.21,8.8761
3643.66,25.27,8.8761
3644.66,25.17,8.8761
3645.67,25.12,8.8761
3646.67,25.24,8.8761
3647.67,25.18,8.8761
3648.67,25.28,8.8761
3649.67,25.17,8.8761
3650.67,25.17,8.8761
3651.68,25.28,8.8761
3652.68,25.2,8.8761
3653.68,25.26,8.8761
3654.68,25.17,8.8761
3655.68,25.17,8.8761
3656.68,25.27,8.8761
3657.69,25.18,8.8761
3658.69,25.27,8.8761
3659.69,25.17,8.8761
3660.69,25.18,8.8761
3661.69,25.27,8.8761
3662.69,25.22,8.8762
3663.69,25.17,8.8762
3664.7,25.27,8.8762
3665.7,25.17,8.8762
3666.7,25.27,8.8762
3667.7,25.17,8.8762
3668.7,25.16,8.8762
3669.7,25.28,8.8762
3670.71,25.18,8.8762
3671.71,25.28,8.8762
3672.71,25.21,8.8762
3673.71,25.16,8.8762
3674.71,25.27,8.8762
3675.71,25.17,8.8762
3676.71,25.27,8.8762
3677.72,25.18,8.8762
3678.72,25.17,8.8762
3679.72,25.24,8.8762
3680.72,25.16,8.8762
3681.72,25.16,8.8762
3682.72,25.29,8.8762
3683.72,25.19,8.8762
3684.73,25.17,8.8762
3685.73,25.27,8.8762
3686.73,25.18,8.8762
3687.73,25.29,8.8762
3688.73,25.17,8.8762
3689.73,25.17,8.8762
3690.74,25.27,8.8762
3691.74,25.18,8.8762
3692.74,25.3,8.8762
3693.74,25.17,8.8762
3694.74,25.16,8.8762
3695.74,25.26,8.8762
3696.75,25.16,8.8762
3697.75,25.27,8.8762
3698.75,25.17,8.8762
3699.75,25.2,8.8762
3700.75,25.27,8.8762
3701.75,25.16,8.8762
3702.75,25.2,8.8762
3703.76,25.27,8.8762
3704.76,25.17,8.8762
3705.76,25.27,8.8762
3706.76,25.17,8.8762
3707.76,25.19,8.8762
3708.76,25.3,8.8762
3709.76,25.17,8.8762
3710.77,25.16,8.8762
3711.77,25.27,8.8762
3712.77,25.2,8.8762
3713.77,25.21,8.8762
3714.77,25.11,8.8762
3715.77,25.11,8.8762
3716.78,25.21,8.8762
3717.78,31.38,8.8763
3718.78,25.22,8.8763
3719.78,25.12,8.8763
3720.78,25.11,8.8763
3721.78,25.21,8.8763
3722.79,25.15,8.8763
3723.79,25.21,8.8763
3724.79,25.11,8.8763
3725.79,25.11,8.8763
3726.79,25.27,8.8763
3727.79,25.18,8.8763
3728.79,25.16,8.8763
3729.8,25.23,8.8763
3730.8,25.11,8.8763
3731.8,25.23,8.8763
3732.8,25.19,8.8763
3733.8,25.17,8.8763
3734.8,25.27,8.8763
3735.81,25.17,8.8763
3736.81,25.25,8.8763
3737.81,25.18,8.8763
3738.81,25.18,8.8763
3739.81,25.3,8.8763
3740.81,25.16,8.8763
3741.81,25.17,8.8763
3742.82,25.29,8.8763
3743.82,25.14,8.8763
3744.82,25.24,8.8763
3745.82,25.13,8.8763
3746.82,25.14,8.8763
3747.82,25.28,8.8763
3748.83,25.17,8.8763
3749.83,25.26,8.8763
3750.83,25.18,8.8763
3751.83,25.17,8.8763
3752.83,25.3,8.8763
3753.83,25.17,8.8763
3754.83,25.17,8.8763
3755.84,25.23,8.8763
3756.84,25.11,8.8763
3757.84,25.24,8.8763
3758.84,25.17,8.8763
3759.84,25.18,8.8763
3760.84,25.28,8.8763
3761.85,25.17,8.8763
3762.85,25.3,8.8763
3763.85,25.17,8.8763
3764.85,25.17,8.8763
3765.85,25.28,8.8763
3766.85,25.18,8.8763
3767.86,25.29,8.8763
3768.86,25.18,8.8763
3769.86,25.17,8.8763
3770.86,25.27,8.8763
3771.86,25.17,8.8763
3772.86,25.3,8.8763
3773.86,25.17,8.8763
3774.87,25.11,8.8763
3775.87,25.21,8.8763
3776.87,25.11,8.8763
3777.87,25.22,8.8762
3778.87,25.11,8.8762
3779.87,25.11,8.8762
3780.88,25.2,8.8762
3781.88,25.1,8.8762
3782.88,26.28,8.8763
3783.88,25.15,8.8763
3784.88,25.17,8.8763
3785.88,25.37,8.8763
3786.89,25.17,8.8763
3787.89,25.77,8.8763
3788.89,25.11,8.8763
3789.89,25.19,8.8763
3790.89,25.27,8.8763
3791.89,25.16,8.8763
3792.9,25.29,8.8763
3793.9,25.14,8.8763
3794.9,25.22,8.8763
3795.9,25.11,8.8763
3796.9,25.13,8.8763
3797.9,25.28,8.8763
3798.91,25.13,8.8763
3799.91,25.22,8.8763
3800.91,25.16,8.8763
3801.91,25.17,8.8763
3802.91,25.29,8.8763
3803.91,25.16,8.8763
3804.91,25.17,8.8763
3805.92,25.27,8.8763
3806.92,25.17,8.8763
3807.92,25.3,8.8763
3808.92,25.17,8.8763
3809.92,25.18,8.8763
3810.92,25.28,8.8763
3811.93,25.18,8.8763
3812.93,25.43,8.8763
3813.93,25.17,8.8763
3814.93,25.18,8.8763
3815.93,25.27,8.8763
3816.93,25.18,8.8763
3817.93,25.19,8.8763
3818.94,25.27,8.8763
3819.94,25.2,8.8763
3820.94,25.27,8.8763
3821.94,25.17,8.8763
3822.94,25.2,8.8763
3823.94,25.27,8.8763
3824.95,25.17,8.8763
3825.95,25.27,8.8763
3826.95,25.17,8.8763
3827.95,25.17,8.8763
3828.95,25.21,8.8763
3829.95,25.12,8.8763
3830.96,25.23,8.8763
3831.96,25.52,8.8777
3832.96,25.19,8.8777
3833.96,25.27,8.8777
3834.96,25.17,8.8777
3835.96,25.27,8.8777
3836.97,25.17,8.8777
3837.97,25.18,8.8777
3838.97,25.27,8.8777
3839.97,25.17,8.8777
3840.97,25.26,8.8777
3841.97,25.12,8.8777
3842.98,26.32,8.8778
3843.98,25.11,8.8778
3844.98,25.11,8.8778
3845.98,25.21,8.8778
3846.98,25.11,8.8778
3847.99,25.16,8.8778
3848.99,25.21,8.8778
3849.99,25.13,8.8778
3850.99,25.22,8.8779
3851.99,25.11,8.8779
3852.99,25.15,8.8779
3854.0,25.22,8.8779
3855.0,25.12,8.8779
3856.0,25.22,8.8779
3857.0,25.12,8.8779
3858.0,25.13,8.8779
3859.0,25.28,8.8779
3860.0,25.13,8.8779
3861.01,25.12,8.8779
3862.01,25.22,8.8779
3863.01,25.15,8.8779
3864.01,25.22,8.8779
3865.01,25.12,8.8779
3866.01,25.14,8.8779
3867.02,25.26,8.8779
3868.02,25.14,8.8779
3869.02,25.26,8.8779
3870.02,25.11,8.8779
3871.02,25.11,8.8779
3872.02,25.21,8.8779
3873.03,25.14,8.8779
3874.03,25.21,8.8779
3875.03,25.11,8.8779
3876.03,25.11,8.8779
3877.03,25.21,8.8779
3878.03,25.13,8.8779
3879.04,25.22,8.8779
3880.04,25.11,8.8779
3881.04,25.11,8.8779
3882.04,25.21,8.8779
3883.04,25.14,8.8779
3884.04,25.21,8.8779
3885.04,25.12,8.8779
3886.05,25.12,8.8779
3887.05,25.21,8.8779
3888.05,25.13,8.8779
3889.05,25.22,8.8779
3890.05,25.17,8.8779
3891.05,25.14,8.8779
3892.06,25.21,8.8779
3893.06,25.18,8.8779
3894.06,25.26,8.8779
3895.06,25.17,8.8779
3896.06,25.17,8.8779
3897.06,25.27,8.8779
3898.07,25.16,8.8779
3899.07,25.22,8.8779
3900.07,25.13,8.8779
3901.07,25.14,8.8779
3902.07,25.24,8.8779
3903.07,25.17,8.8779
3904.07,25.23,8.8779
3905.08,25.11,8.8779
3906.08,25.11,8.8779
3907.08,25.21,8.8779
3908.08,25.13,8.8778
3909.08,25.22,8.8779
3910.08,25.11,8.8779
3911.09,25.11,8.8779
3912.09,25.24,8.8779
3913.09,25.2,8.8779
3914.09,25.28,8.8779
3915.09,25.15,8.8779
3916.09,25.16,8.8779
3917.1,25.22,8.8779
3918.1,25.13,8.8779
3919.1,25.21,8.8779
3920.1,25.11,8.8779
3921.1,25.11,8.8779
3922.1,25.21,8.8779
3923.11,25.15,8.8779
3924.11,25.21,8.8779
3925.11,25.12,8.8779
3926.11,25.17,8.8779
3927.11,25.24,8.8779
3928.11,25.13,8.8779
3929.11,25.14,8.8779
3930.12,25.26,8.8779
3931.12,25.17,8.8779
3932.12,25.27,8.8779
3933.12,25.17,8.8779
3934.12,25.16,8.8779
3935.12,25.27,8.8779
3936.13,25.14,8.8779
3937.13,25.22,8.8779
3938.13,25.13,8.8779
3939.13,25.12,8.8779
3940.13,25.23,8.8779
3941.13,25.14,8.8779
3942.13,25.27,8.8779
3943.14,25.19,8.8779
3944.14,25.16,8.8779
3945.14,25.26,8.8779
3946.14,25.16,8.8779
3947.14,25.15,8.8779
3948.14,25.27,8.8779
3949.15,25.17,8.8779
3950.15,25.27,8.8779
3951.15,25.17,8.8779
3952.15,25.17,8.8779
3953.15,25.3,8.8779
3954.15,25.17,8.8779
3955.16,25.24,8.8779
3956.16,25.11,8.8779
3957.16,25.12,8.8779
3958.16,25.23,8.8779
3959.16,25.12,8.8779
3960.16,25.23,8.8779
3961.16,25.16,8.8779
3962.17,25.16,8.8779
3963.17,25.3,8.8779
3964.17,25.17,8.8779
3965.17,25.18,8.8779
3966.17,25.27,8.8779
3967.17,25.16,8.8779
3968.17,25.18,8.8779
3969.18,25.27,8.8779
3970.18,25.17,8.8779
3971.18,25.28,8.8779
3972.18,25.17,8.8779
3973.18,25.21,8.8779
3974.18,25.28,8.8779
3975.18,25.17,8.8779
3976.19,25.15,8.8779
3977.19,25.24,8.8779
3978.19,25.14,8.8779
3979.19,25.12,8.8779
3980.19,25.22,8.8779
3981.19,25.12,8.8779
3982.19,25.22,8.8779
3983.2,25.15,8.8779
3984.2,25.12,8.8779
3985.2,25.22,8.8779
3986.2,25.12,8.8779
3987.2,25.22,8.8779
3988.2,25.14,8.8779
3989.21,25.16,8.8779
3990.21,25.28,8.8779
3991.21,25.15,8.8779
3992.21,25.18,8.8779
3993.21,25.31,8.8779
3994.21,25.17,8.8779
3995.21,25.13,8.8779
3996.22,25.27,8.8779
3997.22,25.17,8.8779
3998.22,25.3,8.8779
3999.22,25.17,8.8779
4000.22,25.17,8.8779
4001.22,25.29,8.8779
4002.22,25.19,8.8779
4003.23,25.19,8.8779
4004.23,25.29,8.8779
4005.23,25.2,8.8779
4006.23,25.17,8.8779
4007.23,25.29,8.8779
4008.23,25.17,8.8779
4009.23,25.16,8.8779
4010.24,25.23,8.8779
4011.24,25.15,8.8779
4012.24,25.18,8.8779
4013.24,25.28,8.8779
4014.24,25.16,8.8779
4015.24,25.27,8.8779
4016.24,25.16,8.8779
4017.25,25.18,8.8779
4018.25,25.27,8.8779
4019.25,25.17,8.8779
4020.25,25.26,8.8779
4021.25,25.18,8.8779
4022.25,25.2,8.8779
4023.26,25.29,8.8779
4024.26,25.17,8.8779
4025.26,25.27,8.8779
4026.26,25.17,8.8779
4027.26,25.18,8.8779
4028.26,25.27,8.8779
4029.27,25.17,8.8779
4030.27,25.27,8.8779
4031.27,25.18,8.8779
4032.27,27.72,8.8779
4033.27,25.23,8.8779
4034.27,25.13,8.8779
4035.27,25.15,8.8779
4036.28,26.74,8.8779
4037.28,25.17,8.8779
4038.28,25.26,8.8779
4039.28,25.21,8.8779
4040.28,25.15,8.8779
4041.28,25.3,8.8779
4042.28,25.19,8.8779
4043.29,25.18,8.8779
4044.29,25.24,8.8779
4045.29,25.11,8.8779
4046.29,29.96,8.8779
4047.29,25.77,8.8779
4048.29,28.18,8.8779
4049.3,29.02,8.8779
4050.3,25.3,8.8779
4051.3,25.36,8.8779
4052.3,27.58,8.8779
4053.3,26.14,8.8779
4054.3,25.39,8.8779
4055.31,25.11,8.8779
4056.31,26.66,8.8779
4057.31,27.12,8.8779
4058.31,25.21,8.8779
4059.31,26.07,8.8779
4060.31,25.19,8.8779
4061.31,25.26,8.8779
4062.32,25.29,8.8779
4063.32,29.13,8.8779
4064.32,25.22,8.8779
4065.32,25.69,8.8779
4066.32,25.12,8.8779
4067.32,25.22,8.8779
4068.33,25.12,8.8779
4069.33,25.23,8.8779
4070.33,25.17,8.8779
4071.33,25.15,8.8779
4072.33,25.27,8.8779
4073.33,25.17,8.8779
4074.33,25.14,8.8779
4075.33,25.28,8.8779
4076.34,25.18,8.8779
4077.34,25.91,8.8779
4078.34,25.22,8.8779
4079.34,25.12,8.8779
4080.34,25.23,8.8779
4081.34,25.11,8.8779
4082.35,25.16,8.8779
4083.35,25.3,8.8779
4084.35,25.12,8.8779
4085.35,25.12,8.8779
4086.35,25.22,8.8779
4087.35,25.18,8.8779
4088.35,25.22,8.8779
4089.36,25.23,8.8779
4090.36,25.15,8.8779
4091.36,25.28,8.8779
4092.36,25.19,8.8779
4093.36,25.44,8.8779
4094.36,25.22,8.8779
4095.37,25.12,8.8779
4096.37,25.22,8.8779
4097.37,25.13,8.8779
4098.37,25.13,8.8779
4099.37,25.22,8.8779
4100.37,25.14,8.8779
4101.38,25.22,8.8779
4102.38,25.13,8.8779
4103.38,25.15,8.8779
4104.38,25.22,8.8779
4105.38,25.12,8.8779
4106.38,25.22,8.8779
4107.38,25.2,8.8779
4108.39,25.12,8.8779
4109.39,25.92,8.8779
4110.39,25.18,8.8779
4111.39,25.49,8.8779
4112.39,25.19,8.878
4113.39,25.2,8.878
4114.4,25.28,8.878
4115.4,25.16,8.878
4116.4,25.27,8.878
4117.4,25.18,8.878
4118.4,25.16,8.878
4119.4,25.28,8.878
4120.41,25.18,8.878
4121.41,25.28,8.878
4122.41,25.18,8.878
4123.41,25.85,8.878
4124.41,25.24,8.878
4125.41,25.13,8.878
4126.42,25.28,8.878
4127.42,25.19,8.878
4128.42,25.28,8.878
4129.42,25.18,8.878
4130.42,25.18,8.878
4131.42,25.28,8.878
4132.43,25.18,8.878
4133.43,25.7,8.878
4134.43,25.25,8.878
4135.43,25.12,8.878
4136.43,25.22,8.878
4137.43,25.8,8.878
4138.43,25.12,8.878
4139.44,25.28,8.878
4140.44,26.01,8.878
4141.44,25.28,8.878
4142.44,25.23,8.878
4143.44,25.14,8.878
4144.44,25.22,8.878
4145.45,25.14,8.878
4146.45,25.27,8.878
4147.45,25.17,8.878
4148.45,25.12,8.878
4149.45,25.29,8.878
4150.45,25.18,8.878
4151.46,25.25,8.878
4152.46,25.13,8.878
4153.46,25.17,8.878
4154.46,25.26,8.878
4155.46,25.12,8.878
4156.46,25.22,8.878
4157.46,25.13,8.878
4158.47,25.12,8.8782
4159.47,25.26,8.8782
4160.47,25.18,8.8782
4161.47,25.28,8.8781
4162.47,25.19,8.8781
4163.47,25.19,8.8781
4164.48,25.28,8.8781
4165.48,25.16,8.8781
4166.48,29.93,8.935
4167.48,25.18,8.935
4168.48,25.16,8.935
4169.48,42.99,4.1129
4170.48,85.1,2.4055
4171.49,90.52,2.5888
4172.49,86.61,2.8637
4173.49,79.41,3.1432
4174.49,77.2,3.4699
4175.49,76.56,3.7557
4176.49,76.55,4.1566
4177.49,77.27,4.5714
4178.49,77.73,4.9411
4179.5,76.96,5.379
4180.5,31.83,5.8287
4181.5,35.67,6.3186
4182.5,27.98,6.8085
4183.5,33.97,7.1407
4184.5,25.3,7.2357
4185.51,28.6,7.2357
4186.51,25.26,7.2357
4187.51,25.2,7.2357
4188.51,27.46,7.2359
4189.51,25.67,7.2359
4190.51,25.11,7.2359
4191.51,35.84,7.3548
4192.52,25.44,7.4053
4193.52,25.22,7.4053
4194.52,25.71,7.4053
4195.52,25.12,7.4053
4196.52,25.23,7.4053
4197.52,25.88,7.4053
4198.53,25.14,7.4053
4199.53,25.24,7.4053
4200.53,31.61,7.4053
4201.53,25.33,7.4053
4202.53,25.21,7.4053
4203.53,27.01,7.4055
4204.54,27.66,7.4056
4205.54,25.22,7.4056
4206.54,25.5,7.4056
4207.54,25.77,7.4056
4208.54,25.19,7.4056
4209.54,30.43,7.4062
4210.55,25.31,7.4062
4211.55,25.42,7.4062
4212.55,25.9,7.4062
4213.55,25.2,7.4062
4214.55,25.28,7.4062
4215.55,30.2,7.4062
4216.56,25.92,7.4062
4217.56,26.14,7.4062
4218.56,25.29,7.4062
4219.56,25.18,7.4062
4220.56,25.2,7.4062
4221.56,25.3,7.4062
4222.56,25.2,7.4062
4223.57,31.08,7.5271
4224.57,25.3,7.5271
4225.57,25.19,7.5271
4226.57,25.19,7.5271
4227.57,25.35,7.5271
4228.57,25.19,7.5271
4229.58,25.29,7.5271
4230.58,25.16,7.6049
4231.58,25.23,8.2294
4232.58,35.87,8.7904
4233.58,26.12,8.8003
4234.58,25.38,8.8003
4235.58,25.19,8.8003
4236.59,25.2,8.8003
4237.59,25.33,8.8003
4238.59,25.16,8.8003
4239.59,25.29,8.8003
4240.59,25.3,8.8003
4241.59,25.23,8.8003
4242.59,25.29,8.8004
4243.6,25.19,8.8004
4244.6,25.17,8.8004
4245.6,25.28,8.8004
4246.6,25.18,8.8004
4247.6,25.37,8.8004
4248.6,25.2,8.8004
4249.61,25.2,8.8004
4250.61,25.47,8.8005
4251.61,25.2,8.8006
4252.61,25.34,8.8006
4253.61,25.19,8.8006
4254.61,25.2,8.8006
4255.62,25.3,8.8006
4256.62,25.19,8.8006
4257.62,25.3,8.8006
4258.62,25.19,8.8006
4259.62,25.19,8.8006
4260.62,25.33,8.8006
4261.63,25.18,8.8006
4262.63,25.52,8.8006
4263.63,25.18,8.8006
4264.63,25.19,8.8006
4265.63,25.28,8.8006
4266.63,25.15,8.8006
4267.64,25.25,8.8006
4268.64,25.13,8.8006
4269.64,25.18,8.8006
4270.64,25.45,8.8006
4271.64,25.19,8.8006
4272.64,25.32,8.8006
4273.65,25.19,8.8006
4274.65,25.44,8.8006
4275.65,25.18,8.8006
4276.65,25.18,8.8006
4277.65,25.31,8.8006
4278.65,25.19,8.8006
4279.65,25.8,8.8006
4280.66,25.32,8.8006
4281.66,25.19,8.8006
4282.66,25.37,8.8006
4283.66,25.25,8.8006
4284.66,25.19,8.8006
4285.66,25.32,8.8006
4286.66,25.19,8.8006
4287.67,25.21,8.8006
4288.67,25.35,8.8006
4289.67,25.2,8.8006
4290.67,25.19,8.8006
4291.67,25.31,8.8006
4292.67,25.22,8.8006
4293.67,25.22,8.8006
4294.68,25.29,8.8006
4295.68,25.19,8.8006
4296.68,25.19,8.8006
4297.68,25.3,8.8006
4298.68,25.23,8.8008
4299.68,25.28,8.8008
4300.68,25.18,8.8008
4301.69,25.54,8.8008
4302.69,25.27,8.8008
4303.69,25.19,8.8008
4304.69,25.29,8.8008
4305.69,25.19,8.8008
4306.69,25.29,8.8008
4307.7,25.23,8.8008
4308.7,25.14,8.8008
4309.7,25.28,8.8008
4310.7,25.14,8.8006
4311.7,25.24,8.8006
4312.7,25.16,8.8008
4313.71,25.15,8.8008
4314.71,25.28,8.8008
4315.71,25.2,8.8008
4316.71,25.18,8.8008
4317.71,25.45,8.8009
4318.71,25.14,8.8009
4319.71,25.13,8.8009
4320.71,25.26,8.8009
4321.72,25.17,8.8009
4322.72,25.17,8.8009
4323.72,25.24,8.8009
4324.72,25.15,8.8009
4325.72,25.17,8.8009
4326.72,25.22,8.8009
4327.73,25.22,8.8009
4328.73,25.23,8.8009
4329.73,25.19,8.8009
4330.73,25.18,8.8009
4331.73,25.28,8.8009
4332.73,25.16,8.8009
4333.73,25.24,8.8009
4334.74,25.13,8.8009
4335.74,25.16,8.8009
4336.74,25.33,8.8009
4337.74,25.19,8.8009
4338.74,25.18,8.8009
4339.74,25.3,8.8009
4340.74,25.14,8.8009
4341.75,25.39,8.8009
4342.75,25.51,8.8009
4343.75,25.19,8.8009
4344.75,25.18,8.8009
4345.75,25.28,8.8009
4346.75,25.22,8.801
4347.76,25.28,8.801
4348.76,25.18,8.801
4349.76,25.28,8.801
4350.76,25.16,8.801
4351.76,25.2,8.801
4352.76,25.32,8.801
4353.76,25.18,8.801
4354.77,25.13,8.801
4355.77,25.27,8.801
4356.77,25.13,8.801
4357.77,25.25,8.801
4358.77,25.14,8.801
4359.77,25.24,8.8009
4360.78,25.14,8.8009
4361.78,25.17,8.8009
4362.78,25.34,8.8009
4363.78,25.19,8.8009
4364.78,25.18,8.8009
4365.78,25.32,8.8009
4366.78,25.14,8.8009
4367.79,25.15,8.8009
4368.79,25.25,8.8009
4369.79,25.14,8.8009
4370.79,25.14,8.8009
4371.79,25.26,8.8009
4372.79,25.17,8.8009
4373.79,25.14,8.8009
4374.79,25.3,8.8011
4375.8,25.17,8.8009
4376.8,25.14,8.8009
4377.8,25.25,8.8009
4378.8,25.14,8.8009
4379.8,25.28,8.8009
4380.8,25.19,8.8009
4381.81,25.17,8.8009
4382.81,25.31,8.8009
4383.81,25.15,8.8009
4384.81,25.29,8.802
4385.81,25.13,8.802
4386.81,25.13,8.8022
4387.82,25.25,8.8022
4388.82,25.13,8.8022
4389.82,25.26,8.8022
4390.82,25.13,8.8022
4391.82,25.14,8.8022
4392.82,25.31,8.8022
4393.83,26.16,8.802
4394.83,25.25,8.802
4395.83,25.16,8.8022
4396.83,25.16,8.8021
4397.83,25.24,8.8021
4398.83,25.12,8.8021
4399.84,25.22,8.8021
4400.84,25.14,8.8021
4401.84,25.15,8.8021
4402.84,25.33,8.8305
4403.84,25.13,8.8305
4404.84,25.24,8.8304
4405.84,25.14,8.8304
4406.85,25.15,8.8304
4407.85,25.34,8.8304
4408.85,25.19,8.8304
4409.85,25.19,8.8304
4410.85,25.29,8.8304
4411.85,25.19,8.8304
4412.85,25.27,8.8305
4413.86,25.26,8.8305
4414.86,25.17,8.8305
4415.86,25.3,8.8305
4416.86,25.19,8.8305
4417.86,25.22,8.8305
4418.86,25.3,8.8305
4419.87,25.21,8.8305
4420.87,25.29,8.8305
4421.87,25.18,8.8305
4422.87,25.25,8.8576
4423.87,25.29,8.8576
4424.87,25.19,8.8576
4425.87,25.29,8.8576
4426.88,25.19,8.8576
4427.88,25.2,8.8576
4428.88,25.29,8.8576
4429.88,25.19,8.8576
4430.88,25.29,8.8576
4431.88,25.18,8.8576
4432.89,25.21,8.8576
4433.89,25.22,8.8576
4434.89,25.12,8.8576
4435.89,25.22,8.8576
4436.89,25.13,8.8576
4437.89,25.24,8.8576
4438.9,25.13,8.8576
4439.9,25.16,8.8576
4440.9,25.28,8.8576
4441.9,25.16,8.8593
4442.9,25.37,8.8824
4443.9,25.19,8.8824
4444.91,25.19,8.8824
4445.91,25.3,8.8824
4446.91,25.19,8.8824
4447.91,25.3,8.8824
4448.91,25.18,8.8824
4449.91,25.17,8.8824
4450.92,25.28,8.8824
4451.92,25.2,8.8824
4452.92,25.31,8.8824
4453.92,25.19,8.8824
4454.92,25.19,8.8824
4455.92,25.29,8.8824
4456.93,25.19,8.8824
4457.93,25.3,8.8824
4458.93,25.19,8.8824
4459.93,25.19,8.8824
4460.93,25.29,8.8979
4461.93,25.22,8.9058
4462.93,25.33,8.9058
4463.94,25.18,8.9058
4464.94,25.19,8.9058
4465.94,25.28,8.9058
4466.94,25.18,8.9058
4467.94,25.3,8.9058
4468.94,25.19,8.9058
4469.95,25.19,8.9058
4470.95,25.43,8.9058
4471.95,25.19,8.9058
4472.95,25.32,8.9058
4473.95,25.19,8.9058
4474.95,25.18,8.9058
4475.96,25.3,8.9058
4476.96,25.19,8.9058
4477.96,25.2,8.9058
4478.96,30.36,8.9059
4479.96,25.18,8.9263
4480.96,25.23,8.9263
4481.96,25.13,8.9263
4482.97,25.32,8.9263
4483.97,25.3,8.9263
4484.97,25.2,8.9263
4485.97,25.22,8.9263
4486.97,25.3,8.9263
4487.97,25.21,8.9263
4488.97,25.2,8.9263
4489.97,25.43,8.9263
4490.98,25.15,8.9263
4491.98,25.56,8.9263
4492.98,25.75,8.9264
4493.98,25.18,8.9264
4494.98,25.17,8.9264
4495.98,25.29,8.9264
4496.98,25.18,8.9264
4497.99,25.14,8.9264
4498.99,25.24,8.9263
4499.99,25.22,8.9326
4500.99,25.27,8.9326
4501.99,25.13,8.9326
4502.99,25.16,8.9327
4504.0,25.25,8.9327
4505.0,25.18,8.9327
4506.0,25.27,8.9327
4507.0,25.18,8.9327
4508.0,25.29,8.9327
4509.0,25.19,8.9327
4510.01,25.22,8.9327
4511.01,25.23,8.9327
4512.01,25.15,8.9327
4513.01,25.29,8.9327
4514.01,25.19,8.9326
4515.01,25.18,8.9326
4516.02,25.29,8.9326
4517.02,25.2,8.9326
4518.02,25.21,8.9327
4519.02,25.29,8.9327
4520.02,25.22,8.9327
4521.02,25.27,8.9327
4522.03,25.16,8.9326
4523.03,25.26,8.9327
4524.03,25.12,8.9327
4525.03,25.13,8.9327
4526.03,25.22,8.9327
4527.03,25.14,8.9327
4528.04,25.31,8.9327
4529.04,25.19,8.9326
4530.04,25.22,8.9326
4531.04,25.29,8.9326
4532.04,25.19,8.9326
4533.04,25.32,8.9327
4534.05,25.19,8.9327
4535.05,25.29,8.9327
4536.05,25.18,8.9327
4537.05,25.19,8.9327
4538.05,25.3,8.9327
4539.05,25.19,8.9327
4540.06,25.31,8.9327
4541.06,25.18,8.9327
4542.06,25.18,8.9327
4543.06,25.32,8.9327
4544.06,25.18,8.9327
4545.06,25.29,8.9327
4546.06,25.18,8.9327
4547.07,25.2,8.9327
4548.07,25.3,8.9327
4549.07,25.17,8.9328
4550.07,25.33,8.9328
4551.07,25.28,8.9327
4552.07,25.19,8.9327
4553.07,25.33,8.9327
4554.08,25.19,8.9327
4555.08,25.18,8.9327
4556.08,25.31,8.9327
4557.08,25.19,8.9327
4558.08,25.2,8.9328
4559.08,27.09,8.9328
4560.08,33.33,8.933
4561.09,25.82,8.933
4562.09,25.28,8.933
4563.09,25.22,8.933
4564.09,25.2,8.933
4565.09,25.27,8.933
4566.09,25.17,8.933
4567.1,25.4,8.933
4568.1,25.17,8.933
4569.1,25.3,8.9329
4570.1,25.25,8.933
4571.1,25.15,8.9329
4572.1,25.28,8.933
4573.1,25.2,8.933
4574.11,25.12,8.933
4575.11,25.21,8.933
4576.11,25.11,8.933
4577.11,25.21,8.933
4578.11,25.15,8.933
4579.11,25.15,8.933
4580.12,25.27,8.933
4581.12,25.24,8.9335
4582.12,25.27,8.9335
4583.12,25.19,8.9335
4584.12,25.27,8.9335
4585.12,25.17,8.9335
4586.13,25.17,8.9335
4587.13,25.21,8.9335
4588.13,25.17,8.9335
4589.13,25.52,8.9335
4590.13,25.22,8.9335
4591.13,25.17,8.9335
4592.14,25.26,8.9335
4593.14,25.21,8.9335
4594.14,25.18,8.9335
4595.14,25.28,8.9335
4596.14,25.17,8.9335
4597.14,25.26,8.9335
4598.14,25.19,8.9335
4599.15,25.19,8.9335
4600.15,25.31,8.9335
4601.15,25.18,8.9335
4602.15,25.26,8.9335
4603.15,25.2,8.9335
4604.15,25.18,8.9335
4605.15,25.31,8.9335
4606.16,25.17,8.9335
4607.16,25.33,8.9335
4608.16,25.33,8.9335
4609.16,25.19,8.9335
4610.16,25.21,8.9335
4611.16,25.3,8.9335
4612.16,25.17,8.9335
4613.17,25.2,8.9335
4614.17,25.28,8.9335
4615.17,25.18,8.9335
4616.17,25.21,8.9335
4617.17,25.28,8.9335
4618.17,25.18,8.9335
4619.17,25.29,8.9337
4620.18,25.19,8.9337
4621.18,25.18,8.9337
4622.18,25.29,8.9337
4623.18,25.21,8.9336
4624.18,25.28,8.9336
4625.18,25.18,8.9336
4626.19,25.19,8.9336
4627.19,25.29,8.9336
4628.19,25.35,8.9338
4629.19,25.3,8.9338
4630.19,25.19,8.9338
4631.19,25.16,8.9338
4632.19,25.25,8.9338
4633.2,25.19,8.9338
4634.2,25.14,8.9338
4635.2,25.26,8.9338
4636.2,25.19,8.9338
4637.2,25.29,8.9338
4638.2,25.25,8.9338
4639.21,25.19,8.9338
4640.21,25.28,8.9338
4641.21,25.18,8.9338
4642.21,25.29,8.9338
4643.21,25.22,8.9338
4644.21,25.19,8.9338
4645.22,25.29,8.9338
4646.22,25.19,8.9336
4647.22,25.28,8.9336
4648.22,25.23,8.9338
4649.22,25.19,8.9338
4650.22,25.23,8.9338
4651.23,25.13,8.9338
4652.23,25.29,8.9338
4653.23,25.21,8.9338
4654.23,25.19,8.9338
4655.23,25.28,8.9338
4656.23,25.18,8.9338
4657.23,25.83,8.9338
4658.24,25.19,8.9338
4659.24,25.19,8.9338
4660.24,25.3,8.9338
4661.24,25.2,8.9338
4662.24,25.2,8.9338
4663.24,25.85,8.9338
4664.25,25.11,8.9338
4665.25,25.21,8.9338
4666.25,25.51,8.9338
4667.25,25.19,8.9338
4668.25,25.31,8.9338
4669.25,25.18,8.9338
4670.26,25.28,8.9338
4671.26,25.11,8.9338
4672.26,25.22,8.9338
4673.26,25.14,8.9338
4674.26,25.11,8.9338
4675.26,25.21,8.9338
4676.27,25.19,8.9338
4677.27,25.29,8.9338
4678.27,25.35,8.9338
4679.27,25.19,8.9338
4680.27,25.29,8.9338
4681.27,25.1,8.9338
4682.28,25.24,8.9338
4683.28,25.14,8.9338
4684.28,25.28,8.9338
4685.28,25.18,8.9338
4686.28,25.18,8.9338
4687.28,25.33,8.9338
4688.29,25.19,8.9338
4689.29,25.29,8.9337
4690.29,25.18,8.9338
4691.29,25.19,8.9338
4692.29,25.31,8.9337
4693.29,25.21,8.9337
4694.29,25.19,8.9337
4695.3,25.29,8.9338
4696.3,25.19,8.9338
4697.3,25.29,8.9338
4698.3,25.3,8.9338
4699.3,25.28,8.9337
4700.3,25.18,8.9337
4701.31,25.18,8.9337
4702.31,25.3,8.9339
4703.31,25.21,8.9339
4704.31,25.29,8.9339
4705.31,25.19,8.9339
4706.31,25.19,8.9338
4707.32,25.39,8.9339
4708.32,25.16,8.9338
4709.32,25.24,8.9338
4710.32,25.13,8.9338
4711.32,25.23,8.9338
4712.32,25.14,8.9339
4713.33,25.15,8.9339
4714.33,25.23,8.9339
4715.33,25.13,8.9339
4716.33,25.23,8.9339
4717.33,25.17,8.9339
4718.33,25.13,8.9339
4719.34,25.23,8.9338
4720.34,25.11,8.9338
4721.34,25.21,8.9338
4722.34,25.13,8.9339
4723.34,25.14,8.9338
4724.34,25.22,8.9338
4725.35,25.25,8.9338
4726.35,25.33,8.9339
4727.35,25.2,8.9338
4728.35,25.19,8.9338
4729.35,25.29,8.9338
4730.35,25.19,8.9338
4731.35,25.29,8.9338
4732.36,25.2,8.9339
4733.36,25.22,8.9339
4734.36,25.27,8.9339
4735.36,25.13,8.9339
4736.36,25.23,8.9339
4737.36,25.28,8.9339
4738.37,25.13,8.9339
4739.37,25.26,8.9339
4740.37,25.18,8.9339
4741.37,25.18,8.9339
4742.37,25.29,8.9339
4743.37,25.2,8.9339
4744.37,25.29,8.9339
4745.38,25.19,8.9339
4746.38,25.22,8.9339
4747.38,25.29,8.9339
4748.38,25.19,8.9339
4749.38,25.3,8.9339
4750.38,25.19,8.9339
4751.39,25.18,8.9339
4752.39,25.31,8.9339
4753.39,25.21,8.9339
4754.39,25.18,8.9339
4755.39,25.31,8.9339
4756.39,25.21,8.9339
4757.39,25.19,8.9339
4758.39,25.31,8.9339
4759.4,25.19,8.9339
4760.4,25.19,8.9339
4761.4,25.29,8.9339
4762.4,25.19,8.9339
4763.4,25.21,8.9339
4764.4,25.3,8.9339
4765.4,25.2,8.9339
4766.41,25.16,8.9339
4767.41,25.23,8.9339
4768.41,25.22,8.9339
4769.41,25.22,8.9339
4770.41,25.11,8.9339
4771.41,25.11,8.9339
4772.42,25.25,8.9339
4773.42,25.22,8.9339
4774.42,25.19,8.9339
4775.42,25.28,8.9339
4776.42,25.24,8.9339
4777.42,25.3,8.9339
4778.42,25.21,8.9339
4779.43,25.2,8.9339
4780.43,25.29,8.9339
4781.43,25.18,8.9339
4782.43,25.2,8.9339
4783.43,25.3,8.9339
4784.43,25.17,8.9339
4785.44,25.4,8.9341
4786.44,25.12,8.9341
4787.44,25.28,8.9341
4788.44,25.19,8.9341
4789.44,25.19,8.9341
4790.44,25.29,8.9341
4791.45,25.19,8.9341
4792.45,25.3,8.9341
4793.45,25.21,8.9341
4794.45,25.2,8.9342
4795.45,25.28,8.9342
4796.45,25.23,8.9357
4797.46,25.3,8.9357
4798.46,25.19,8.9357
4799.46,25.29,8.9357
4800.46,25.18,8.9357
4801.46,25.18,8.9357
4802.46,25.31,8.9357
4803.46,25.2,8.9357
4804.47,25.18,8.9357
4805.47,25.34,8.9357
4806.47,25.13,8.9357
4807.47,25.16,8.9357
4808.47,25.29,8.9357
4809.47,25.23,8.9357
4810.48,25.25,8.9357
4811.48,25.19,8.9357
4812.48,25.2,8.9357
4813.48,25.31,8.9356
4814.48,25.18,8.9356
4815.48,25.25,8.9367
4816.48,25.28,8.9367
4817.49,25.2,8.9367
4818.49,25.3,8.9367
4819.49,25.18,8.9367
4820.49,25.18,8.9367
4821.49,25.31,8.9367
4822.49,25.19,8.9367
4823.49,25.2,8.9367
4824.5,25.24,8.9367
4825.5,25.2,8.9367
4826.5,25.29,8.9367
4827.5,25.19,8.9367
4828.5,25.19,8.9367
4829.5,25.3,8.9367
4830.5,25.19,8.9367
4831.51,25.19,8.9366
4832.51,25.31,8.9366
4833.51,25.2,8.9366
4834.51,25.19,8.9366
4835.51,25.31,8.9387
4836.51,25.15,8.9387
4837.52,25.29,8.9387
4838.52,25.18,8.9387
4839.52,25.14,8.9387
4840.52,25.22,8.9387
4841.52,25.12,8.9387
4842.52,25.24,8.9387
4843.52,25.23,8.9387
4844.53,25.19,8.9387
4845.53,25.34,8.9387
4846.53,25.19,8.9386
4847.53,25.3,8.9386
4848.53,25.26,8.9386
4849.53,25.17,8.9386
4850.54,25.26,8.9387
4851.54,27.33,8.9387
4852.54,25.23,8.9387
4853.54,25.14,8.9387
4854.54,25.12,8.9387
4855.54,25.36,8.9397
4856.55,25.75,8.9397
4857.55,25.29,8.9397
4858.55,25.19,8.9397
4859.55,25.21,8.9397
4860.55,25.29,8.9397
4861.55,25.19,8.9397
4862.55,25.22,8.9397
4863.55,25.32,8.9397
4864.56,25.31,8.9397
4865.56,25.17,8.9397
4866.56,25.28,8.9397
4867.56,25.2,8.9397
4868.56,25.29,8.9397
4869.56,25.21,8.9397
4870.57,25.23,8.9397
4871.57,25.78,8.9397
4872.57,25.14,8.9397
4873.57,25.15,8.9397
4874.57,25.24,8.9397
4875.57,25.22,8.9406
4876.58,25.25,8.9406
4877.58,25.14,8.9406
4878.58,25.18,8.9406
4879.58,25.29,8.9406
4880.58,25.18,8.9406
4881.58,25.24,8.9406
4882.59,25.13,8.9406
4883.59,25.28,8.9406
4884.59,25.2,8.9408
4885.59,25.18,8.9406
4886.59,25.25,8.9406
4887.59,25.33,8.9406
4888.6,25.19,8.9406
4889.6,25.19,8.9406
4890.6,25.3,8.9406
4891.6,25.18,8.9406
4892.6,25.19,8.9406
4893.6,25.3,8.9406
4894.61,25.18,8.9406
4895.61,25.31,8.9411
4896.61,25.18,8.9411
4897.61,25.19,8.9411
4898.61,25.29,8.9411
4899.61,25.21,8.9412
4900.62,25.29,8.9412
4901.62,25.18,8.9411
4902.62,25.33,8.9411
4903.62,25.19,8.9411
4904.62,25.23,8.9414
4905.62,25.29,8.9413
4906.63,25.19,8.9413
4907.63,25.29,8.9414
4908.63,25.19,8.9413
4909.63,25.18,8.9413
4910.63,25.29,8.9413
4911.63,25.19,8.9413
4912.64,25.31,8.9414
4913.64,25.19,8.9413
4914.64,25.27,8.9421
4915.64,25.18,8.9422
4916.64,25.18,8.9422
4917.64,25.3,8.9422
4918.65,25.74,8.9422
4919.65,25.28,8.9422
4920.65,25.19,8.9422
4921.65,25.19,8.9422
4922.65,25.32,8.9422
4923.65,25.19,8.9421
4924.65,25.34,8.9421
4925.66,25.18,8.9421
4926.66,25.19,8.9422
4927.66,25.3,8.9422
4928.66,25.19,8.9422
4929.66,25.29,8.9423
4930.66,25.19,8.9423
4931.67,25.18,8.9422
4932.67,25.32,8.9423
4933.67,25.19,8.9422
4934.67,28.4,8.9431
4935.67,25.11,8.9432
4936.67,25.19,8.9433
4937.67,25.32,8.9432
4938.68,25.18,8.9432
4939.68,25.19,8.9432
4940.68,25.29,8.9432
4941.68,25.18,8.9432
4942.68,25.27,8.9433
4943.68,25.18,8.9433
4944.69,25.25,8.9438
4945.69,25.28,8.9438
4946.69,25.19,8.9438
4947.69,25.3,8.9439
4948.69,25.18,8.9439
4949.69,25.28,8.9438
4950.7,25.18,8.9438
4951.7,25.17,8.9438
4952.7,25.33,8.9439
4953.7,25.18,8.9438
4954.7,25.23,8.9439
4955.7,25.28,8.9439
4956.71,25.18,8.9439
4957.71,25.29,8.9439
4958.71,25.18,8.9439
4959.71,25.15,8.9439
4960.71,25.22,8.9439
4961.71,25.13,8.9439
4962.72,25.96,8.9439
4963.72,25.13,8.9438
4964.72,25.28,8.9439
4965.72,25.18,8.9439
4966.72,25.18,8.9438
4967.72,25.29,8.944
4968.73,25.17,8.944
4969.73,25.28,8.9438
4970.73,25.19,8.9438
4971.73,25.18,8.9438
4972.73,25.32,8.944
4973.73,25.22,8.944
4974.73,25.29,8.944
4975.74,25.18,8.944
4976.74,25.18,8.944
4977.74,25.32,8.944
4978.74,25.18,8.944
4979.74,25.19,8.944
4980.74,25.31,8.944
4981.74,25.18,8.944
4982.75,25.22,8.944
4983.75,25.33,8.9441
4984.75,25.19,8.9441
4985.75,25.29,8.9441
4986.75,25.19,8.9441
4987.75,25.2,8.9441
4988.76,25.3,8.9441
4989.76,25.19,8.9441
4990.76,25.29,8.9441
4991.76,25.15,8.9441
4992.76,25.26,8.9441
4993.76,25.17,8.9441
4994.77,25.18,8.9441
4995.77,25.27,8.9441
4996.77,25.16,8.9441
4997.77,25.26,8.9441
4998.77,25.14,8.9441
4999.77,25.11,8.9441
5000.78,25.22,8.9441
5001.78,25.12,8.9441
5002.78,25.3,8.9441
5003.78,25.13,8.9441
5004.78,25.22,8.9441
5005.78,25.12,8.9441
5006.79,25.14,8.9441
5007.79,25.3,8.944
5008.79,25.18,8.944
5009.79,25.3,8.9441
5010.79,25.19,8.9441
5011.79,25.18,8.9441
5012.8,25.44,8.945
5013.8,25.13,8.9449
5014.8,25.29,8.9449
5015.8,25.17,8.9449
5016.8,25.16,8.9449
5017.8,25.26,8.945
5018.8,25.17,8.9449
5019.81,25.15,8.9449
5020.81,25.23,8.9449
5021.81,25.12,8.9449
5022.81,25.32,8.9449
5023.81,25.18,8.9449
5024.81,25.18,8.9449
5025.82,25.29,8.9449
5026.82,25.18,8.9449
5027.82,25.31,8.9449
5028.82,25.18,8.9449
5029.82,25.28,8.9449
5030.82,25.19,8.9449
5031.83,25.19,8.9449
5032.83,25.36,8.945
5033.83,25.19,8.945
5034.83,25.3,8.945
5035.83,25.19,8.945
5036.83,25.18,8.945
5037.84,25.3,8.945
5038.84,25.47,8.9449
5039.84,25.29,8.9449
5040.84,25.18,8.9449
5041.84,25.22,8.9451
5042.84,25.31,8.9451
5043.85,25.13,8.9451
5044.85,25.22,8.9451
5045.85,25.14,8.9451
5046.85,25.29,8.945
5047.85,25.21,8.945
5048.85,25.19,8.945
5049.86,25.29,8.945
5050.86,25.18,8.945
5051.86,25.31,8.9451
5052.86,25.21,8.9451
5053.86,25.19,8.9451
5054.86,25.27,8.9451
5055.87,25.13,8.9451
5056.87,25.22,8.9451
5057.87,25.18,8.9451
5058.87,25.28,8.945
5059.87,25.17,8.945
5060.87,25.18,8.9451
5061.88,25.31,8.9451
5062.88,25.22,8.9451
5063.88,25.28,8.9451
5064.88,25.18,8.945
5065.88,25.27,8.945
5066.88,25.11,8.945
5067.89,25.19,8.9451
5068.89,25.29,8.945
5069.89,25.16,8.945
5070.89,25.27,8.945
5071.89,25.21,8.9451
5072.89,25.21,8.945
5073.9,25.27,8.945
5074.9,25.13,8.945
5075.9,25.25,8.945
5076.9,25.2,8.9451
5077.9,25.2,8.9451
5078.9,25.29,8.9451
5079.91,25.16,8.9451
5080.91,25.25,8.9451
5081.91,25.18,8.9451
5082.91,25.19,8.9451
5083.91,25.3,8.9451
5084.91,25.19,8.945
5085.92,25.29,8.945
5086.92,25.19,8.945
5087.92,25.2,8.945
5088.92,25.29,8.945
5089.92,25.13,8.945
5090.92,25.4,8.9456
5091.93,25.18,8.9456
5092.93,25.32,8.9456
5093.93,25.18,8.9456
5094.93,25.18,8.9456
5095.93,25.31,8.9456
5096.93,25.18,8.9456
5097.93,25.2,8.9456
5098.94,25.29,8.9456
5099.94,25.19,8.9456
5100.94,25.34,8.9456
5101.94,25.19,8.9456
5102.94,25.22,8.9456
5103.94,25.29,8.9456
5104.95,25.19,8.9456
5105.95,25.29,8.9456
5106.95,25.19,8.9456
5107.95,25.2,8.9456
5108.95,25.29,8.9456
5109.95,25.23,8.9461
5110.96,25.29,8.9461
5111.96,25.19,8.9461
5112.96,25.32,8.9461
5113.96,25.19,8.9461
5114.96,25.2,8.9461
5115.96,25.29,8.9461
5116.97,25.19,8.9461
5117.97,25.3,8.9461
5118.97,25.19,8.9461
5119.97,25.25,8.9461
5120.97,25.29,8.9461
5121.97,25.19,8.9461
5122.97,25.5,8.9461
5123.98,25.22,8.9461
5124.98,25.12,8.9461
5125.98,25.27,8.9461
5126.98,25.18,8.9461
5127.98,25.29,8.9461
5128.98,25.22,8.9461
5129.99,25.19,8.9461
5130.99,25.29,8.9461
5131.99,25.19,8.9461
5132.99,25.33,8.9461
5133.99,25.2,8.9461
5134.99,25.18,8.9461
5136.0,25.28,8.9461
5137.0,25.18,8.9461
5138.0,25.29,8.9461
5139.0,25.23,8.9461
5140.0,25.31,8.9461
5141.0,25.19,8.9461
5142.01,25.19,8.9461
5143.01,25.32,8.9461
5144.01,25.19,8.9461
5145.01,25.29,8.9461
5146.01,25.19,8.9461
5147.01,25.18,8.9461
5148.02,25.25,8.9461
5149.02,25.18,8.9461
5150.02,25.25,8.9461
5151.02,25.15,8.9461
5152.02,25.12,8.9461
5153.02,25.28,8.9462
5154.03,25.18,8.9462
5155.03,25.25,8.9461
5156.03,25.12,8.9461
5157.03,25.12,8.9461
5158.03,25.3,8.9461
5159.03,25.19,8.9462
5160.03,25.14,8.9461
5161.04,25.24,8.9461
5162.04,25.11,8.9461
5163.04,25.25,8.9462
5164.04,25.13,8.9462
5165.04,25.15,8.9461
5166.04,25.25,8.9461
5167.05,25.15,8.9461
5168.05,25.25,8.9462
5169.05,25.3,8.9462
5170.05,25.25,8.9462
5171.05,25.17,8.9461
5172.05,25.19,8.9462
5173.05,25.32,8.9462
5174.06,25.19,8.9462
5175.06,25.2,8.9461
5176.06,25.28,8.9461
5177.06,25.17,8.9461
5178.06,25.23,8.9461
5179.06,25.28,8.9461
5180.06,25.19,8.9462
5181.07,25.18,8.9462
5182.07,25.27,8.9462
5183.07,25.2,8.9462
5184.07,25.28,8.9462
5185.07,25.18,8.9463
5186.07,25.28,8.9463
5187.08,25.18,8.9462
5188.08,25.23,8.9463
5189.08,25.28,8.9463
5190.08,25.18,8.9463
5191.08,25.28,8.9462
5192.08,25.18,8.9463
5193.09,25.21,8.9463
5194.09,25.29,8.9463
5195.09,25.18,8.9462
5196.09,25.3,8.9462
5197.09,25.18,8.9462
5198.09,25.17,8.9463
5199.09,25.32,8.9463
5200.1,25.18,8.9463
5201.1,25.18,8.9463
5202.1,25.28,8.9463
5203.1,25.22,8.9463
5204.1,25.29,8.9463
5205.1,25.19,8.9463
5206.11,25.19,8.9463
5207.11,25.31,8.9463
5208.11,25.17,8.9463
5209.11,25.29,8.9463
5210.11,25.18,8.9463
5211.11,25.19,8.9463
5212.12,25.29,8.9463
5213.12,25.21,8.9462
5214.12,25.29,8.9462
5215.12,25.17,8.9462
5216.12,25.13,8.9462
5217.12,25.27,8.9463
5218.13,25.14,8.9462
5219.13,25.25,8.9462
5220.13,25.13,8.9462
5221.13,25.81,8.9462
5222.13,25.24,8.9462
5223.13,25.16,8.9463
5224.13,25.13,8.9463
5225.13,25.23,8.9462
5226.14,25.13,8.9462
5227.14,25.16,8.9463
5228.14,25.21,8.9463
5229.14,25.27,8.9465
5230.14,25.13,8.9465
5231.14,25.14,8.9465
5232.14,25.23,8.9465
5233.15,25.22,8.9465
5234.15,25.3,8.9465
5235.15,25.18,8.9465
5236.15,25.19,8.9465
5237.15,25.29,8.9465
5238.15,25.13,8.9465
5239.16,25.28,8.9465
5240.16,25.18,8.9465
5241.16,25.19,8.9465
5242.16,25.28,8.9465
5243.16,25.22,8.9465
5244.16,25.29,8.9465
5245.17,25.16,8.9465
5246.17,25.28,8.9465
5247.17,25.28,8.9465
5248.17,25.2,8.9465
5249.17,25.3,8.9465
5250.17,25.19,8.9465
5251.17,25.19,8.9465
5252.18,25.29,8.9465
5253.18,25.26,8.9465
5254.18,25.3,8.9465
5255.18,25.19,8.9465
5256.18,25.23,8.9465
5257.18,25.31,8.9465
5258.18,25.19,8.9465
5259.19,25.18,8.9465
5260.19,25.29,8.9465
5261.19,25.18,8.9464
5262.19,25.29,8.9464
5263.19,25.21,8.9465
5264.19,25.18,8.9465
5265.19,25.35,8.9465
5266.2,25.18,8.9465
5267.2,25.17,8.9464
5268.2,25.3,8.9464
5269.2,25.18,8.9463
5270.2,25.28,8.9463
5271.2,25.92,8.9463
5272.21,25.18,8.9463
5273.21,25.31,8.9465
5274.21,25.19,8.9465
5275.21,25.31,8.9465
5276.21,25.19,8.9465
5277.21,25.18,8.9465
5278.22,25.31,8.9465
5279.22,25.18,8.9465
5280.22,25.18,8.9465
5281.22,25.28,8.9465
5282.22,25.19,8.9465
5283.22,25.52,8.9465
5284.23,25.18,8.9465
5285.23,25.32,8.9465
5286.23,25.19,8.9465
5287.23,25.2,8.9465
5288.23,25.29,8.9465
5289.23,25.2,8.9465
5290.23,25.28,8.9465
5291.24,25.2,8.9465
5292.24,25.2,8.9465
5293.24,25.3,8.9465
5294.24,25.18,8.9465
5295.24,25.32,8.9465
5296.24,25.16,8.9465
5297.25,25.14,8.9465
5298.25,25.22,8.9465
5299.25,25.13,8.9465
5300.25,25.12,8.9464
5301.25,25.24,8.9464
5302.25,27.81,8.9465
5303.26,45.69,8.9465
5304.26,25.14,8.9465
5305.26,25.16,8.9465
5306.26,25.24,8.9465
5307.26,25.18,8.9465
5308.26,25.23,8.9465
5309.27,25.18,8.9465
5310.27,25.28,8.9465
5311.27,25.16,8.9465
5312.27,25.17,8.9465
5313.27,25.3,8.9465
5314.27,25.17,8.9465
5315.27,25.26,8.9465
5316.28,25.18,8.9465
5317.28,25.19,8.9465
5318.28,25.31,8.9465
5319.28,25.16,8.9465
5320.28,25.13,8.9465
5321.28,25.23,8.9465
5322.28,25.11,8.9465
5323.29,25.14,8.9465
5324.29,25.28,8.9465
5325.29,25.18,8.9465
5326.29,25.28,8.9465
5327.29,25.19,8.9465
5328.29,25.18,8.9465
5329.3,25.27,8.9465
5330.3,25.17,8.9464
5331.3,25.25,8.9465
5332.3,25.18,8.9465
5333.3,25.18,8.9465
5334.3,25.26,8.9465
5335.31,25.15,8.9465
5336.31,25.29,8.9465
5337.31,25.16,8.9465
5338.31,25.16,8.9465
5339.31,25.27,8.9465
5340.31,25.16,8.9465
5341.31,25.17,8.9465
5342.31,25.27,8.9465
5343.32,25.17,8.9465
5344.32,25.13,8.9465
5345.32,25.21,8.9465
5346.32,25.11,8.9465
5347.32,25.22,8.9465
5348.32,25.12,8.9465
5349.33,25.12,8.9465
5350.33,25.21,8.9465
5351.33,25.1,8.9465
5352.33,25.27,8.9465
5353.33,25.18,8.9465
5354.33,25.17,8.9465
5355.34,25.27,8.9465
5356.34,25.17,8.9465
5357.34,25.26,8.9465
5358.34,25.16,8.9465
5359.34,25.21,8.9465
5360.34,25.12,8.9465
5361.35,25.12,8.9465
5362.35,25.23,8.9465
5363.35,25.18,8.9465
5364.35,25.27,8.9465
5365.35,25.16,8.9465
5366.35,25.17,8.9465
5367.36,25.27,8.9465
5368.36,25.17,8.9465
5369.36,35.31,5.9828
5370.36,86.25,2.2858
5371.36,89.01,2.4225
5372.36,69.25,2.1558
5373.36,79.01,2.3312
5374.37,83.97,2.5989
5375.37,46.48,2.087
5376.37,76.83,2.2629
5377.37,76.92,2.0648
5378.37,78.56,2.2554
5379.37,75.83,2.0697
5380.37,75.43,2.244
5381.37,86.05,2.2008
5382.38,69.2,2.2238
5383.38,80.79,2.3441
5384.38,67.68,2.1085
5385.38,80.55,2.2656
5386.38,78.46,2.071
5387.38,75.51,2.2385
5388.38,68.61,2.0822
5389.39,81.27,2.311
5390.39,80.23,2.5129
5391.39,91.5,2.6805
5392.39,79.17,2.9106
5393.39,77.22,3.1433
5394.39,76.57,3.3789
5395.39,76.0,3.5825
5396.39,76.28,3.7666
5397.4,75.41,3.9395
5398.4,75.86,4.1363
5399.4,76.64,4.3215
5400.4,78.7,4.5599
5401.4,65.82,4.9035
5402.4,34.72,5.2757
5403.41,35.63,5.6575
5404.41,25.59,6.0549
5405.41,27.75,6.4443
5406.41,25.7,6.8327
5407.41,40.01,7.2296
5408.41,25.2,7.2296
5409.41,28.9,7.2296
5410.42,25.69,7.2296
5411.42,25.2,7.2296
5412.42,26.34,7.2298
5413.42,25.21,7.2298
5414.42,25.19,7.2298
5415.42,25.39,7.2298
5416.43,25.22,7.2299
5417.43,25.31,7.2299
5418.43,25.21,7.2299
5419.43,32.92,7.461
5420.43,25.27,7.461
5421.43,25.77,7.461
5422.44,25.29,7.461
5423.44,25.61,7.461
5424.44,25.29,7.461
5425.44,25.28,7.461
5426.44,26.0,7.461
5427.44,25.29,7.461
5428.44,29.37,7.461
5429.45,26.41,7.4611
5430.45,25.32,7.4611
5431.45,25.15,7.4611
5432.45,25.21,7.4611
5433.45,25.77,7.4611
5434.45,25.19,7.4611
5435.46,25.29,7.4611
5436.46,25.18,7.4611
5437.46,30.65,7.4611
5438.46,25.29,7.4611
5439.46,25.2,7.4611
5440.46,25.29,7.4611
5441.46,25.18,7.4611
5442.47,25.2,7.4611
5443.47,25.31,7.4611
5444.47,25.19,7.4611
5445.47,25.29,7.4611
5446.47,25.26,7.4611
5447.47,30.76,7.4611
5448.48,25.28,7.4611
5449.48,25.17,7.4611
5450.48,25.27,7.4611
5451.48,25.55,7.4611
5452.48,25.29,7.4611
5453.48,25.27,7.4611
5454.49,30.61,7.4611
5455.49,25.28,7.4611
5456.49,25.13,7.4611
5457.49,32.3,7.5922
5458.49,25.19,7.5922
5459.49,25.19,7.5922
5460.49,25.32,7.5922
5461.5,25.19,7.5922
5462.5,25.16,7.5922
5463.5,25.24,7.5922
5464.5,25.14,7.5922
5465.5,25.26,7.5922
5466.5,25.17,7.7348
5467.51,25.2,8.201
5468.51,25.24,8.5487
5469.51,37.43,8.833
5470.51,25.18,8.833
5471.51,25.27,8.833
5472.51,25.17,8.833
5473.51,25.3,8.833
5474.52,25.18,8.833
5475.52,25.18,8.833
5476.52,25.27,8.833
5477.52,25.22,8.833
5478.52,25.25,8.833
5479.52,25.17,8.833
5480.53,25.26,8.8333
5481.53,40.58,8.8333
5482.53,25.28,8.8333
5483.53,25.21,8.8333
5484.53,25.32,8.8333
5485.53,25.25,8.8333
5486.54,25.28,8.8333
5487.54,25.19,8.8333
5488.54,25.2,8.8333
5489.54,25.26,8.8333
5490.54,25.17,8.8333
5491.54,25.27,8.8333
5492.54,25.18,8.8333
5493.55,25.2,8.8334
5494.55,25.29,8.8334
5495.55,25.26,8.8334
5496.55,28.13,8.8334
5497.55,25.25,8.8334
5498.55,25.13,8.8334
5499.55,25.14,8.8334
5500.55,25.25,8.8334
5501.56,25.12,8.8334
5502.56,25.17,8.8334
5503.56,25.27,8.8334
5504.56,25.2,8.8334
5505.56,25.13,8.8334
5506.56,25.24,8.8334
5507.56,25.16,8.8334
5508.56,25.2,8.8334
5509.57,25.17,8.8334
5510.57,25.26,8.8334
5511.57,25.12,8.8334
5512.57,25.23,8.8334
5513.57,25.14,8.8334
5514.57,25.12,8.8334
5515.57,25.24,8.8334
5516.58,25.13,8.8334
5517.58,25.14,8.8334
5518.58,25.27,8.8334
5519.58,25.2,8.8334
5520.58,27.58,8.8334
5521.58,25.27,8.8334
5522.58,25.18,8.8334
5523.59,25.37,8.8334
5524.59,25.27,8.8334
5525.59,25.17,8.8334
5526.59,25.27,8.8334
5527.59,25.69,8.8334
5528.59,25.18,8.8334
5529.6,25.28,8.8334
5530.6,25.18,8.8334
5531.6,25.69,8.8334
5532.6,25.15,8.8334
5533.6,25.18,8.8334
5534.6,25.26,8.8334
5535.61,25.17,8.8334
5536.61,25.73,8.8334
5537.61,25.18,8.8334
5538.61,25.18,8.8334
5539.61,25.27,8.8334
5540.61,25.17,8.8334
5541.62,25.23,8.8334
5542.62,25.17,8.8334
5543.62,25.39,8.8334
5544.62,25.31,8.8334
5545.62,25.17,8.8334
5546.62,25.27,8.8334
5547.62,25.18,8.8334
5548.63,25.17,8.8334
5549.63,25.26,8.8334
5550.63,25.16,8.8334
5551.63,25.26,8.8334
5552.63,25.18,8.8334
5553.63,25.16,8.8334
5554.64,25.27,8.8334
5555.64,25.19,8.8334
5556.64,25.17,8.8334
5557.64,25.27,8.8334
5558.64,25.17,8.8334
5559.64,25.99,8.8334
5560.64,30.09,8.8334
5561.65,25.12,8.8334
5562.65,25.28,8.8334
5563.65,25.15,8.8334
5564.65,25.22,8.8334
5565.65,25.12,8.8334
5566.65,25.12,8.8334
5567.66,25.23,8.8334
5568.66,25.12,8.8334
5569.66,25.22,8.8334
5570.66,25.12,8.8334
5571.66,25.13,8.8334
5572.66,25.25,8.8334
5573.66,25.16,8.8334
5574.67,25.17,8.8334
5575.67,25.27,8.8334
5576.67,25.17,8.8334
5577.67,25.24,8.8333
5578.67,25.12,8.8333
5579.67,25.12,8.8333
5580.68,25.22,8.8333
5581.68,25.13,8.8333
5582.68,25.29,8.8334
5583.68,25.16,8.8334
5584.68,25.27,8.8334
5585.68,25.13,8.8334
5586.69,25.12,8.8334
5587.69,25.64,8.8336
5588.69,25.11,8.8336
5589.69,25.31,8.8336
5590.69,25.18,8.8336
5591.69,25.19,8.8336
5592.69,25.29,8.8336
5593.7,25.11,8.8336
5594.7,25.12,8.8336
5595.7,25.22,8.8336
5596.7,25.17,8.8336
5597.7,25.17,8.8336
5598.7,25.27,8.8335
5599.71,25.15,8.8335
5600.71,25.13,8.8337
5601.71,25.21,8.8337
5602.71,25.14,8.8337
5603.71,25.21,8.8337
5604.71,25.11,8.8337
5605.71,25.11,8.8337
5606.72,25.22,8.8337
5607.72,25.12,8.8337
5608.72,25.21,8.8337
5609.72,25.12,8.8337
5610.72,25.12,8.8337
5611.72,25.21,8.8337
5612.73,25.14,8.8337
5613.73,25.22,8.8337
5614.73,25.12,8.8337
5615.73,25.12,8.8337
5616.73,25.22,8.8337
5617.73,25.15,8.8337
5618.73,25.22,8.8337
5619.74,25.13,8.8336
5620.74,25.12,8.8336
5621.74,25.25,8.8336
5622.74,25.21,8.8336
5623.74,25.24,8.8336
5624.74,26.34,8.8336
5625.75,25.16,8.8336
5626.75,25.72,8.8336
5627.75,25.19,8.8337
5628.75,25.16,8.8337
5629.75,25.26,8.8337
5630.75,25.17,8.8337
5631.75,25.27,8.8337
5632.76,25.2,8.8337
5633.76,25.17,8.8337
5634.76,25.27,8.8337
5635.76,25.17,8.8337
5636.76,25.27,8.8337
5637.76,25.18,8.8337
5638.77,25.17,8.8337
5639.77,25.26,8.8337
5640.77,25.15,8.8336
5641.77,25.21,8.8336
5642.77,25.13,8.8337
5643.77,25.11,8.8337
5644.78,25.23,8.8337
5645.78,25.17,8.8337
5646.78,25.28,8.8337
5647.78,25.19,8.8337
5648.78,25.16,8.8337
5649.78,25.28,8.8337
5650.79,25.17,8.8337
5651.79,25.24,8.8337
5652.79,25.21,8.8337
5653.79,25.17,8.8336
5654.79,25.27,8.8336
5655.79,25.17,8.8336
5656.79,25.17,8.8336
5657.8,25.28,8.8336
5658.8,25.16,8.8336
5659.8,25.24,8.8336
5660.8,25.13,8.8336
5661.8,25.17,8.8336
5662.8,25.3,8.8337
5663.81,25.16,8.8337
5664.81,25.27,8.8337
5665.81,25.18,8.8337
5666.81,25.17,8.8337
5667.81,25.28,8.8337
5668.81,25.17,8.8337
5669.81,25.17,8.8337
5670.82,25.26,8.8337
5671.82,25.17,8.8337
5672.82,25.3,8.8337
5673.82,25.18,8.8337
5674.82,25.17,8.8337
5675.82,25.26,8.8337
5676.83,25.17,8.8337
5677.83,25.28,8.8337
5678.83,25.16,8.8337
5679.83,25.18,8.8337
5680.83,25.26,8.8337
5681.83,25.16,8.8337
5682.83,25.29,8.8337
5683.84,25.16,8.8337
5684.84,25.17,8.8337
5685.84,25.27,8.8337
5686.84,25.17,8.8337
5687.84,25.28,8.8337
5688.84,25.16,8.8337
5689.85,25.17,8.8337
5690.85,25.28,8.8337
5691.85,25.17,8.8337
5692.85,25.19,8.8337
5693.85,25.26,8.8337
5694.85,25.16,8.8337
5695.85,25.27,8.8337
5696.86,25.16,8.8337
5697.86,25.17,8.8337
5698.86,25.29,8.8337
5699.86,25.16,8.8337
5700.86,25.17,8.8337
5701.86,25.27,8.8337
5702.86,25.19,8.8337
5703.87,25.17,8.8337
5704.87,25.27,8.8337
5705.87,25.17,8.8337
5706.87,25.27,8.8337
5707.87,25.18,8.8337
5708.87,25.19,8.8337
5709.87,25.31,8.8337
5710.88,25.17,8.8337
5711.88,25.19,8.8337
5712.88,25.3,8.8337
5713.88,25.17,8.8337
5714.88,25.17,8.8337
5715.88,25.26,8.8337
5716.89,25.17,8.8337
5717.89,25.27,8.8337
5718.89,25.16,8.8337
5719.89,25.19,8.8337
5720.89,25.16,8.8337
5721.89,25.26,8.8337
5722.89,25.19,8.8337
5723.9,25.26,8.8337
5724.9,25.17,8.8337
5725.9,25.15,8.8337
5726.9,25.26,8.8337
5727.9,25.19,8.8337
5728.9,25.16,8.8337
5729.9,25.27,8.8337
5730.91,25.17,8.8337
5731.91,25.26,8.8337
5732.91,25.19,8.8337
5733.91,25.17,8.8337
5734.91,25.28,8.8337
5735.91,25.17,8.8337
5736.91,25.28,8.8337
5737.92,25.16,8.8337
5738.92,25.12,8.8337
5739.92,25.26,8.8337
5740.92,25.14,8.8337
5741.92,25.27,8.8337
5742.92,25.2,8.8337
5743.93,25.17,8.8337
5744.93,25.27,8.8337
5745.93,25.16,8.8337
5746.93,25.26,8.8337
5747.93,25.17,8.8336
5748.93,25.16,8.8336
5749.94,25.26,8.8336
5750.94,25.16,8.8336
5751.94,25.27,8.8336
5752.94,25.19,8.8338
5753.94,25.11,8.8338
5754.94,25.22,8.8338
5755.95,25.19,8.8338
5756.95,25.21,8.8338
5757.95,25.13,8.8338
5758.95,25.17,8.8338
5759.95,25.29,8.8338
5760.95,25.17,8.8338
5761.95,25.17,8.8338
5762.95,25.31,8.8338
5763.96,25.17,8.8338
5764.96,25.19,8.8338
5765.96,25.27,8.8338
5766.96,25.16,8.8338
5767.96,25.18,8.8338
5768.96,25.27,8.8338
5769.97,25.18,8.8338
5770.97,25.17,8.8338
5771.97,25.27,8.8338
5772.97,25.19,8.8338
5773.97,25.29,8.8338
5774.97,25.16,8.8338
5775.97,25.13,8.8338
5776.98,25.24,8.8338
5777.98,25.18,8.8338
5778.98,25.27,8.8338
5779.98,25.16,8.8338
5780.98,25.16,8.8338
5781.98,25.26,8.8338
5782.98,25.19,8.8338
5783.99,25.17,8.8338
5784.99,25.26,8.8338
5785.99,25.17,8.8338
5786.99,25.26,8.8338
5787.99,25.18,8.8338
5788.99,25.17,8.8338
5790.0,25.27,8.8338
5791.0,25.17,8.8337
5792.0,25.29,8.8338
5793.0,25.19,8.8338
5794.0,25.14,8.8338
5795.0,25.22,8.8338
5796.0,25.17,8.8338
5797.01,25.17,8.8338
5798.01,25.23,8.8338
5799.01,25.12,8.8338
5800.01,25.23,8.8338
5801.01,25.12,8.8338
5802.01,25.11,8.8338
5803.01,25.3,8.8338
5804.02,25.17,8.8338
5805.02,25.18,8.8338
5806.02,25.27,8.8338
5807.02,25.17,8.8338
5808.02,25.27,8.8338
5809.02,25.17,8.8338
5810.03,25.17,8.8338
5811.03,25.27,8.8338
5812.03,25.17,8.8338
5813.03,25.29,8.8338
5814.03,25.17,8.8338
5815.03,25.18,8.8338
5816.03,25.27,8.8338
5817.04,25.12,8.8338
5818.04,25.18,8.8338
5819.04,25.27,8.8338
5820.04,25.16,8.8338
5821.04,25.11,8.8338
5822.04,25.27,8.8338
5823.05,25.19,8.8338
5824.05,25.29,8.8338
5825.05,25.14,8.8338
5826.05,25.12,8.8338
5827.05,25.22,8.8338
5828.05,25.11,8.8338
5829.05,25.11,8.8338
5830.06,25.2,8.8338
5831.06,25.11,8.8338
5832.06,25.21,8.8337
5833.06,25.14,8.8337
5834.06,25.14,8.8337
5835.06,25.29,8.8337
5836.06,25.17,8.8337
5837.07,25.17,8.8337
5838.07,25.29,8.8337
5839.07,25.17,8.8337
5840.07,25.13,8.8337
5841.07,25.21,8.8337
5842.07,25.11,8.8337
5843.07,25.18,8.8337
5844.08,25.26,8.8337
5845.08,25.14,8.8337
5846.08,25.28,8.8337
5847.08,25.16,8.8337
5848.08,25.17,8.8337
5849.08,25.26,8.8337
5850.09,25.16,8.8337
5851.09,25.27,8.8337
5852.09,25.12,8.8337
5853.09,25.17,8.8337
5854.09,25.22,8.8337
5855.09,25.12,8.8337
5856.09,25.12,8.8337
5857.1,25.22,8.8337
5858.1,25.14,8.8337
5859.1,25.23,8.8337
5860.1,25.12,8.8337
5861.1,25.14,8.8337
5862.1,25.22,8.8337
5863.11,25.14,8.8337
5864.11,25.22,8.8337
5865.11,25.12,8.8337
5866.11,25.12,8.8337
5867.11,25.21,8.8337
5868.11,25.12,8.8337
5869.12,25.21,8.8337
5870.12,25.13,8.8337
5871.12,25.16,8.8337
5872.12,25.25,8.8337
5873.12,25.2,8.8338
5874.12,25.28,8.8338
5875.12,25.18,8.8338
5876.13,25.16,8.8338
5877.13,25.28,8.8338
5878.13,25.18,8.8338
5879.13,25.17,8.8338
5880.13,25.22,8.8338
5881.13,25.15,8.8338
5882.13,25.27,8.8338
5883.14,25.19,8.8338
5884.14,25.17,8.8338
5885.14,25.29,8.8338
5886.14,25.17,8.8338
5887.14,25.17,8.8338
5888.14,25.28,8.8338
5889.14,25.18,8.8338
5890.15,25.17,8.8338
5891.15,25.27,8.8338
5892.15,25.16,8.8338
5893.15,25.24,8.8338
5894.15,25.19,8.8338
5895.15,25.17,8.8338
5896.15,25.27,8.8338
5897.16,25.17,8.8338
5898.16,25.18,8.8338
5899.16,25.29,8.8338
5900.16,25.17,8.8338
5901.16,25.17,8.8338
5902.16,25.26,8.8338
5903.17,25.2,8.8338
5904.17,25.27,8.8338
5905.17,25.17,8.8338
5906.17,25.17,8.8338
5907.17,25.27,8.8338
5908.17,25.16,8.8338
5909.17,25.22,8.8338
5910.18,25.11,8.8338
5911.18,25.11,8.8338
5912.18,25.25,8.8338
5913.18,25.17,8.8338
5914.18,25.15,8.8338
5915.18,34.66,8.8339
5916.19,25.16,8.8339
5917.19,25.26,8.8339
5918.19,25.18,8.8339
5919.19,25.19,8.8339
5920.19,25.27,8.8339
5921.19,25.17,8.8339
5922.19,25.17,8.8339
5923.2,25.29,8.8339
5924.2,25.17,8.8339
5925.2,25.27,8.8339
5926.2,25.17,8.8339
5927.2,25.16,8.8339
5928.2,25.27,8.8339
5929.21,25.12,8.8339
5930.21,25.25,8.8339
5931.21,25.16,8.8339
5932.21,25.14,8.8339
5933.21,25.29,8.8339
5934.21,25.11,8.8339
5935.21,25.21,8.8339
5936.22,25.11,8.8339
5937.22,25.11,8.8339
5938.22,25.22,8.8339
5939.22,25.11,8.8339
5940.22,25.22,8.8339
5941.22,25.11,8.8339
5942.23,25.12,8.8339
5943.23,25.23,8.8339
5944.23,25.12,8.8339
5945.23,25.12,8.8339
5946.23,25.21,8.8339
5947.23,25.12,8.8339
5948.24,25.21,8.8339
5949.24,25.15,8.8339
5950.24,25.16,8.8339
5951.24,25.27,8.8339
5952.24,25.18,8.8339
5953.24,25.28,8.8339
5954.24,25.17,8.8339
5955.25,25.17,8.8339
5956.25,25.26,8.8339
5957.25,25.18,8.8339
5958.25,25.27,8.8339
5959.25,25.17,8.8339
5960.25,25.18,8.8339
5961.26,25.27,8.8339
5962.26,25.18,8.8339
5963.26,25.29,8.8339
5964.26,25.17,8.8339
5965.26,25.18,8.8339
5966.26,25.27,8.8339
5967.26,25.17,8.8339
5968.27,25.16,8.8339
5969.27,25.27,8.8339
5970.27,25.18,8.8339
5971.27,25.27,8.8339
5972.27,25.18,8.8339
5973.27,25.18,8.8339
5974.28,25.27,8.8339
5975.28,25.17,8.8338
5976.28,25.17,8.8338
5977.28,25.28,8.8338
5978.28,25.18,8.8338
5979.28,25.38,8.8338
5980.28,25.17,8.8338
5981.29,25.19,8.8339
5982.29,25.28,8.8339
5983.29,25.18,8.8339
5984.29,25.16,8.8339
5985.29,25.28,8.8339
5986.29,25.17,8.8339
5987.29,25.18,8.8339
5988.29,25.28,8.8339
5989.3,25.16,8.8339
5990.3,25.17,8.8339
5991.3,25.29,8.8339
5992.3,25.18,8.8339
5993.3,25.19,8.8339
5994.3,25.17,8.8339
5995.3,25.27,8.8339
5996.3,25.19,8.8339
5997.31,25.17,8.8339
5998.31,25.26,8.8338
5999.31,25.17,8.8338
6000.31,25.27,8.8338
6001.31,25.16,8.8338
6002.31,25.17,8.834
6003.32,25.29,8.8341
6004.32,25.17,8.8341
6005.32,25.17,8.8341
6006.32,25.27,8.8341
6007.32,25.18,8.834
6008.32,25.21,8.834
6009.32,25.13,8.8341
6010.33,25.13,8.8341
6011.33,25.26,8.8341
6012.33,25.19,8.8341
6013.33,25.19,8.8341
6014.33,25.27,8.8341
6015.33,25.15,8.8341
6016.34,25.26,8.8341
6017.34,25.18,8.8341
6018.34,25.17,8.8341
6019.34,25.27,8.8341
6020.34,25.17,8.8341
6021.34,25.26,8.8341
6022.34,25.18,8.8341
6023.35,25.18,8.8341
6024.35,25.27,8.8341
6025.35,25.18,8.8341
6026.35,25.26,8.8341
6027.35,25.19,8.8341
6028.35,25.17,8.8341
6029.36,25.26,8.8341
6030.36,25.17,8.8341
6031.36,25.16,8.8341
6032.36,25.27,8.8341
6033.36,25.18,8.8341
6034.36,25.27,8.834
6035.36,25.18,8.8341
6036.37,25.14,8.8341
6037.37,25.24,8.8341
6038.37,25.17,8.8341
6039.37,25.18,8.8341
6040.37,25.27,8.8341
6041.37,25.14,8.8341
6042.38,25.38,8.8341
6043.38,25.18,8.8341
6044.38,25.16,8.8341
6045.38,25.26,8.8341
6046.38,25.11,8.8341
6047.38,25.23,8.8341
6048.38,25.16,8.8341
6049.39,25.16,8.8341
6050.39,25.27,8.8341
6051.39,25.16,8.8341
6052.39,25.27,8.8341
6053.39,25.18,8.8341
6054.39,25.17,8.8341
6055.4,25.26,8.8341
6056.4,25.16,8.8341
6057.4,25.28,8.8341
6058.4,25.17,8.8341
6059.4,25.51,8.8358
6060.4,25.25,8.8358
6061.41,25.15,8.8358
6062.41,25.25,8.8358
6063.41,25.17,8.8358
6064.41,25.18,8.8358
6065.41,25.29,8.8358
6066.41,25.17,8.8358
6067.41,25.17,8.8358
6068.42,25.26,8.8358
6069.42,25.18,8.8358
6070.42,25.28,8.8358
6071.42,25.17,8.8358
6072.42,25.19,8.8358
6073.42,25.29,8.8358
6074.43,25.18,8.8358
6075.43,25.28,8.8358
6076.43,25.17,8.8358
6077.43,25.18,8.8358
6078.43,25.27,8.8358
6079.43,25.12,8.8358
6080.43,25.17,8.8358
6081.44,25.27,8.8358
6082.44,25.18,8.8358
6083.44,25.3,8.8358
6084.44,25.17,8.8358
6085.44,25.17,8.8358
6086.44,25.27,8.8358
6087.45,25.17,8.8358
6088.45,25.18,8.8358
6089.45,25.27,8.8358
6090.45,25.16,8.8358
6091.45,25.27,8.8358
6092.45,25.17,8.8358
6093.45,25.14,8.8358
6094.46,25.21,8.8358
6095.46,25.14,8.8358
6096.46,25.24,8.8358
6097.46,25.16,8.8358
6098.46,25.17,8.8358
6099.46,25.25,8.8358
6100.46,25.16,8.8358
6101.47,25.16,8.8358
6102.47,25.27,8.8358
6103.47,25.18,8.8358
6104.47,25.26,8.8358
6105.47,25.17,8.8358
6106.47,25.17,8.8358
6107.48,25.28,8.8358
6108.48,25.17,8.8358
6109.48,25.28,8.8358
6110.48,25.17,8.8358
6111.48,25.17,8.8358
6112.48,25.28,8.8359
6113.48,25.2,8.8359
6114.49,25.18,8.8359
6115.49,25.27,8.8359
6116.49,25.17,8.8359
6117.49,25.28,8.8359
6118.49,25.17,8.8359
6119.49,25.16,8.8359
6120.49,25.26,8.8359
6121.5,25.16,8.8359
6122.5,25.19,8.8359
6123.5,25.17,8.8359
6124.5,25.29,8.8359
6125.5,25.18,8.8359
6126.5,25.16,8.8359
6127.5,25.29,8.8359
6128.5,25.13,8.8359
6129.51,25.16,8.8359
6130.51,25.17,8.8359
6131.51,25.11,8.8359
6132.51,25.25,8.8359
6133.51,25.18,8.8359
6134.51,25.17,8.8359
6135.52,25.27,8.8359
6136.52,25.18,8.8359
6137.52,25.17,8.8359
6138.52,25.21,8.8359
6139.52,25.12,8.8359
6140.52,25.12,8.8359
6141.52,25.21,8.8359
6142.53,25.12,8.8359
6143.53,25.23,8.8359
6144.53,25.12,8.8359
6145.53,25.27,8.8359
6146.53,25.27,8.8359
6147.53,25.18,8.8359
6148.54,25.27,8.8359
6149.54,25.17,8.8359
6150.54,25.14,8.8359
6151.54,25.26,8.8359
6152.54,25.28,8.8359
6153.54,25.29,8.8359
6154.54,25.17,8.8359
6155.55,25.17,8.8359
6156.55,25.27,8.8359
6157.55,25.25,8.8359
6158.55,25.17,8.8359
6159.55,25.29,8.8359
6160.55,25.17,8.8359
6161.56,25.27,8.8359
6162.56,25.18,8.8359
6163.56,25.18,8.8359
6164.56,25.23,8.8359
6165.56,25.11,8.8359
6166.56,25.21,8.8359
6167.56,25.12,8.8359
6168.57,25.12,8.8359
6169.57,25.23,8.8359
6170.57,25.12,8.8359
6171.57,25.12,8.8359
6172.57,25.28,8.8359
6173.57,25.17,8.8359
6174.57,25.14,8.8359
6175.58,25.26,8.8359
6176.58,25.16,8.8359
6177.58,25.17,8.8359
6178.58,25.27,8.8359
6179.58,25.15,8.8359
6180.58,25.24,8.8359
6181.58,25.13,8.8359
6182.59,25.15,8.8359
6183.59,25.22,8.8359
6184.59,25.1,8.8359
6185.59,25.21,8.8359
6186.59,25.11,8.8359
6187.59,25.12,8.8359
6188.6,25.21,8.8359
6189.6,25.15,8.8359
6190.6,25.24,8.8359
6191.6,25.14,8.8359
6192.6,25.18,8.8359
6193.6,25.28,8.8359
6194.61,25.17,8.8359
6195.61,25.26,8.8359
6196.61,25.17,8.8359
6197.61,25.18,8.8359
6198.61,25.26,8.8359
6199.61,25.17,8.8359
6200.61,25.18,8.8359
6201.62,25.27,8.8359
6202.62,25.19,8.8359
6203.62,25.28,8.8359
6204.62,25.13,8.8359
6205.62,25.12,8.8359
6206.62,25.21,8.8359
6207.62,25.12,8.8359
6208.63,25.14,8.8359
6209.63,25.24,8.8359
6210.63,25.15,8.8359
6211.63,25.16,8.8359
6212.63,25.29,8.8359
6213.63,25.16,8.8359
6214.63,25.26,8.8359
6215.64,25.16,8.8359
6216.64,25.16,8.8359
6217.64,25.29,8.8359
6218.64,25.14,8.8359
6219.64,25.12,8.8359
6220.64,25.21,8.836
6221.64,25.11,8.836
6222.65,25.13,8.836
6223.65,25.24,8.836
6224.65,25.17,8.836
6225.65,25.27,8.836
6226.65,25.16,8.836
6227.65,25.17,8.836
6228.66,25.26,8.836
6229.66,25.16,8.836
6230.66,25.26,8.836
6231.66,25.12,8.836
6232.66,25.16,8.836
6233.66,25.27,8.836
6234.67,25.16,8.836
6235.67,25.26,8.836
6236.67,25.12,8.836
6237.67,25.14,8.836
6238.67,25.24,8.836
6239.67,25.17,8.836
6240.67,25.17,8.836
6241.68,25.27,8.836
6242.68,25.2,8.836
6243.68,25.12,8.836
6244.68,25.27,8.836
6245.68,25.16,8.836
6246.68,25.26,8.836
6247.68,25.16,8.836
6248.69,25.16,8.836
6249.69,25.28,8.836
6250.69,25.16,8.836
6251.69,25.26,8.836
6252.69,25.19,8.836
6253.69,25.17,8.836
6254.7,25.27,8.836
6255.7,25.18,8.836
6256.7,25.17,8.836
6257.7,25.28,8.836
6258.7,25.17,8.836
6259.7,25.27,8.836
6260.7,25.17,8.836
6261.71,25.17,8.836
6262.71,25.3,8.836
6263.71,25.18,8.836
6264.71,25.24,8.836
6265.71,25.11,8.836
6266.71,25.12,8.836
6267.72,25.22,8.836
6268.72,25.13,8.836
6269.72,25.27,8.836
6270.72,25.17,8.836
6271.72,25.17,8.836
6272.72,25.29,8.836
6273.73,25.14,8.836
6274.73,25.21,8.836
6275.73,25.12,8.836
6276.73,25.11,8.836
6277.73,25.22,8.836
6278.73,25.11,8.836
6279.73,25.23,8.836
6280.74,25.11,8.836
6281.74,25.12,8.836
6282.74,25.28,8.836
6283.74,25.17,8.836
6284.74,25.12,8.836
6285.74,25.25,8.836
6286.75,25.17,8.836
6287.75,25.28,8.836
6288.75,25.17,8.836
6289.75,25.17,8.836
6290.75,25.27,8.836
6291.75,25.17,8.836
6292.75,25.3,8.836
6293.76,25.17,8.836
6294.76,25.17,8.836
6295.76,25.25,8.836
6296.76,25.13,8.836
6297.76,25.21,8.836
6298.76,25.27,8.836
6299.76,25.17,8.836
6300.77,25.17,8.836
6301.77,25.27,8.836
6302.77,25.19,8.836
6303.77,25.27,8.836
6304.77,25.17,8.836
6305.77,25.16,8.836
6306.78,25.26,8.836
6307.78,25.18,8.836
6308.78,25.26,8.836
6309.78,25.2,8.836
6310.78,25.16,8.836
6311.78,25.26,8.836
6312.78,25.19,8.836
6313.79,25.17,8.836
6314.79,25.27,8.836
6315.79,25.16,8.836
6316.79,25.21,8.836
6317.79,25.12,8.836
6318.79,25.16,8.836
6319.8,25.28,8.836
6320.8,25.17,8.836
6321.8,25.27,8.836
6322.8,25.14,8.836
6323.8,25.11,8.836
6324.8,25.22,8.836
6325.81,25.13,8.836
6326.81,25.26,8.836
6327.81,25.17,8.836
6328.81,25.13,8.836
6329.81,25.22,8.836
6330.81,25.11,8.836
6331.81,25.22,8.836
6332.82,25.14,8.836
6333.82,25.12,8.836
6334.82,25.25,8.836
6335.82,25.17,8.836
6336.82,25.16,8.836
6337.82,25.28,8.836
6338.83,25.16,8.836
6339.83,25.28,8.836
6340.83,25.16,8.836
6341.83,25.16,8.836
6342.83,25.29,8.836
6343.83,25.17,8.836
6344.84,25.27,8.836
6345.84,25.16,8.836
6346.84,25.16,8.836
6347.84,25.28,8.836
6348.84,25.16,8.836
6349.84,25.27,8.836
6350.84,25.17,8.836
6351.85,25.17,8.836
6352.85,25.29,8.836
6353.85,25.16,8.836
6354.85,25.27,8.836
6355.85,25.17,8.836
6356.85,25.17,8.836
6357.86,25.28,8.836
6358.86,25.17,8.836
6359.86,25.26,8.836
6360.86,25.14,8.836
6361.86,25.14,8.836
6362.86,25.21,8.836
6363.86,25.27,8.836
6364.87,25.17,8.836
6365.87,25.27,8.836
6366.87,25.16,8.836
6367.87,25.17,8.836
6368.87,25.29,8.836
6369.87,25.17,8.836
6370.87,25.17,8.836
6371.87,25.28,8.836
6372.88,25.19,8.836
6373.88,25.17,8.836
6374.88,25.27,8.836
6375.88,25.17,8.836
6376.88,25.27,8.836
6377.88,25.17,8.836
6378.89,25.29,8.8359
6379.89,25.29,8.8359
6380.89,25.16,8.8359
6381.89,25.16,8.8359
6382.89,25.23,8.8359
6383.89,25.16,8.8359
6384.89,25.27,8.8359
6385.9,25.16,8.8359
6386.9,25.14,8.8359
6387.9,25.23,8.8359
6388.9,25.17,8.8359
6389.9,25.17,8.8359
6390.9,25.26,8.8359
6391.9,25.16,8.8359
6392.91,25.19,8.8359
6393.91,25.27,8.8359
6394.91,25.17,8.8359
6395.91,25.27,8.8359
6396.91,25.19,8.8359
6397.91,25.17,8.8359
6398.91,25.26,8.8359
6399.92,25.14,8.8359
6400.92,25.13,8.8359
6401.92,25.22,8.8359
6402.92,25.22,8.8359
6403.92,25.21,8.8359
6404.92,25.16,8.8359
6405.93,25.17,8.8359
6406.93,25.21,8.8359
6407.93,25.12,8.8359
6408.93,25.1,8.8359
6409.93,25.2,8.8359
6410.93,25.11,8.8359
6411.94,25.21,8.8359
6412.94,25.17,8.8359
6413.94,25.18,8.8359
6414.94,25.27,8.8359
6415.94,25.17,8.8359
6416.94,25.27,8.8359
6417.94,25.16,8.8359
6418.95,25.11,8.8359
6419.95,25.21,8.8359
6420.95,25.14,8.8359
6421.95,25.22,8.8359
6422.95,25.16,8.8359
6423.95,25.17,8.8359
6424.96,25.27,8.8359
6425.96,25.17,8.8359
6426.96,25.27,8.8359
6427.96,25.18,8.836
6428.96,25.19,8.836
6429.96,25.27,8.836
6430.96,25.16,8.836
6431.97,25.16,8.836
6432.97,25.31,8.836
6433.97,25.17,8.836
6434.97,25.16,8.836
6435.97,25.26,8.836
6436.97,25.16,8.836
6437.97,25.17,8.836
6438.98,25.26,8.836
6439.98,25.16,8.836
6440.98,25.27,8.836
6441.98,25.16,8.836
6442.98,25.19,8.836
6443.98,25.26,8.836
6444.99,25.16,8.836
6445.99,25.16,8.836
6446.99,25.26,8.836
6447.99,25.18,8.836
6448.99,25.26,8.836
6449.99,25.11,8.836
6450.99,25.13,8.836
6452.0,25.26,8.836
6453.0,25.16,8.836
6454.0,25.21,8.836
6455.0,25.12,8.836
6456.0,25.11,8.836
6457.0,25.23,8.836
6458.01,25.13,8.836
6459.01,25.22,8.836
6460.01,25.13,8.836
6461.01,25.11,8.836
6462.01,25.23,8.836
6463.01,25.14,8.836
6464.01,25.12,8.836
6465.01,25.28,8.836
6466.02,25.17,8.836
6467.02,25.17,8.836
6468.02,25.28,8.836
6469.02,25.14,8.836
6470.02,25.11,8.836
6471.02,25.22,8.836
6472.02,25.11,8.836
6473.03,25.14,8.836
6474.03,25.24,8.836
6475.03,25.12,8.836
6476.03,25.11,8.836
6477.03,25.28,8.836
6478.03,25.19,8.836
6479.03,25.18,8.836
6480.03,25.27,8.836
6481.04,25.16,8.836
6482.04,25.16,8.836
6483.04,25.29,8.836
6484.04,25.12,8.836
6485.04,25.22,8.836
6486.04,25.11,8.836
6487.05,25.12,8.836
6488.05,25.23,8.836
6489.05,25.13,8.836
6490.05,25.11,8.836
6491.05,25.21,8.836
6492.05,25.11,8.836
6493.06,25.25,8.836
6494.06,25.11,8.836
6495.06,25.11,8.836
6496.06,25.24,8.836
6497.06,25.12,8.836
6498.06,25.12,8.836
6499.06,25.23,8.836
6500.06,25.11,8.836
6501.07,25.12,8.836
6502.07,25.26,8.836
6503.07,25.19,8.836
6504.07,25.17,8.836
6505.07,25.27,8.836
6506.07,25.16,8.836
6507.08,25.26,8.836
6508.08,25.18,8.836
6509.08,25.16,8.836
6510.08,25.22,8.836
6511.08,25.12,8.836
6512.08,25.21,8.836
6513.08,25.14,8.836
6514.09,25.17,8.836
6515.09,25.27,8.836
6516.09,25.16,8.836
6517.09,25.27,8.836
6518.09,25.18,8.836
6519.09,25.18,8.836
6520.1,25.27,8.836
6521.1,25.16,8.836
6522.1,25.26,8.836
6523.1,25.19,8.836
6524.1,25.15,8.836
6525.1,25.24,8.836
6526.1,25.13,8.836
6527.11,25.16,8.836
6528.11,25.27,8.836
6529.11,25.16,8.836
6530.11,25.15,8.836
6531.11,25.21,8.836
6532.11,25.11,8.836
6533.11,25.24,8.836
6534.12,25.11,8.836
6535.12,25.12,8.836
6536.12,25.26,8.836
6537.12,25.18,8.836
6538.12,25.13,8.836
6539.12,25.23,8.836
6540.13,25.17,8.836
6541.13,25.26,8.836
6542.13,25.16,8.836
6543.13,25.19,8.836
6544.13,25.27,8.836
6545.13,25.17,8.836
6546.13,25.17,8.836
6547.14,25.29,8.836
6548.14,25.18,8.836
6549.14,25.18,8.836
6550.14,25.22,8.836
6551.14,25.11,8.836
6552.14,25.25,8.836
6553.14,25.19,8.836
6554.15,25.11,8.836
6555.15,25.21,8.836
6556.15,25.12,8.836
6557.15,25.22,8.836
6558.15,25.13,8.836
6559.15,25.11,8.836
6560.16,25.22,8.836
6561.16,25.17,8.836
6562.16,25.27,8.836
6563.16,25.19,8.836
6564.16,25.19,8.836
6565.16,25.27,8.836
6566.16,25.16,8.836
6567.17,25.16,8.836
6568.17,25.23,8.836
6569.17,25.12,8.836
6570.17,25.22,8.8361
6571.17,25.1,8.8361
6572.17,25.14,8.8361
6573.18,25.28,8.8361
6574.18,25.15,8.8361
6575.18,25.15,8.8361
6576.18,25.24,8.8361
6577.18,25.14,8.8361
6578.18,25.25,8.8361
6579.18,25.16,8.8361
6580.19,25.19,8.8361
6581.19,25.27,8.8361
6582.19,25.17,8.8361
6583.19,25.19,8.8361
6584.19,25.27,8.8361
6585.19,25.16,8.8361
6586.19,25.27,8.8361
6587.2,25.17,8.8361
6588.2,26.39,8.5323
6589.2,82.3,2.2938
6590.2,89.23,2.4424
6591.2,82.77,2.7006
6592.2,81.65,2.9468
6593.2,65.66,2.0742
6594.21,80.03,2.3867
6595.21,88.36,2.5955
6596.21,83.86,2.9536
6597.21,79.13,3.3247
6598.21,77.68,3.7008
6599.21,75.59,4.0545
6600.22,76.48,4.4062
6601.22,75.97,4.8087
6602.22,75.45,5.2165
6603.22,76.61,5.5884
6604.22,75.42,5.936
6605.22,76.11,6.2808
6606.22,75.43,6.7393
6607.23,79.95,7.1418
6608.23,68.47,7.2436
6609.23,30.27,7.2488
6610.23,61.52,7.3282
6611.23,67.93,7.3286
6612.23,51.65,7.3286
6613.23,35.04,7.3286
6614.24,36.22,7.3286
6615.24,25.33,7.3286
6616.24,25.27,7.3286
6617.24,26.81,7.3286
6618.24,26.8,7.3286
6619.24,29.73,7.3286
6620.24,34.97,7.5009
6621.25,28.61,7.517
6622.25,25.69,7.517
6623.25,25.74,7.517
6624.25,25.3,7.517
6625.25,25.27,7.517
6626.25,25.86,7.517
6627.26,25.2,7.517
6628.26,25.21,7.517
6629.26,25.32,7.517
6630.26,33.63,7.5229
6631.26,26.61,7.5374
6632.26,25.32,7.5374
6633.27,25.23,7.5374
6634.27,25.24,7.5374
6635.27,25.13,7.5374
6636.27,25.14,7.5374
6637.27,25.27,7.5374
6638.27,25.17,7.5374
6639.27,25.35,7.5374
6640.28,25.31,7.5374
6641.28,33.36,7.5389
6642.28,25.23,7.5389
6643.28,25.18,7.5389
6644.28,25.2,7.5389
6645.28,25.28,7.5389
6646.29,25.23,7.5389
6647.29,25.3,7.5389
6648.29,25.23,7.5389
6649.29,25.29,7.5388
6650.29,25.18,7.5388
6651.29,32.45,7.5389
6652.3,25.29,7.5389
6653.3,25.96,7.5389
6654.3,25.29,7.5389
6655.3,25.19,7.5389
6656.3,25.19,7.5389
6657.3,25.27,7.5389
6658.31,25.17,7.5389
6659.31,25.28,7.5389
6660.31,25.19,7.5389
6661.31,26.8,7.5621
6662.31,32.82,7.7075
6663.31,25.21,7.7075
6664.32,25.28,7.7075
6665.32,25.18,7.7075
6666.32,25.28,7.7075
6667.32,25.19,7.7075
6668.32,25.19,7.7075
6669.32,25.3,7.7075
6670.33,25.19,7.7075
6671.33,25.27,7.7075
6672.33,25.18,8.0588
6673.33,25.17,8.3736
6674.33,39.47,8.8176
6675.33,28.05,8.8489
6676.33,25.15,8.8489
6677.33,25.24,8.8489
6678.34,25.11,8.8489
6679.34,25.11,8.8489
6680.34,25.23,8.8489
6681.34,25.12,8.8489
6682.34,25.18,8.8489
6683.34,25.3,8.8489
6684.35,25.18,8.8489
6685.35,25.29,8.8489
6686.35,25.18,8.8489
6687.35,25.26,8.8495
6688.35,25.22,8.8495
6689.35,25.11,8.8495
6690.36,25.21,8.8495
6691.36,25.9,8.8495
6692.36,25.2,8.8495
6693.36,25.31,8.8495
6694.36,25.19,8.8495
6695.36,25.29,8.8495
6696.36,25.2,8.8495
6697.37,25.16,8.8495
6698.37,25.29,8.8495
6699.37,25.26,8.8495
6700.37,25.29,8.8495
6701.37,25.19,8.8495
6702.37,25.3,8.8495
6703.38,25.2,8.8495
6704.38,25.19,8.8495
6705.38,25.29,8.8495
6706.38,25.19,8.8495
6707.38,25.26,8.8495
6708.38,25.13,8.8495
6709.39,25.16,8.8495
6710.39,25.28,8.8495
6711.39,25.19,8.8495
6712.39,25.36,8.8499
6713.39,25.19,8.8499
6714.39,25.18,8.8499
6715.4,25.28,8.8499
6716.4,25.19,8.8499
6717.4,25.47,8.8499
6718.4,25.19,8.8499
6719.4,25.19,8.8499
6720.4,25.3,8.8499
6721.4,25.18,8.8499
6722.41,25.18,8.8499
6723.41,25.26,8.8499
6724.41,25.25,8.8499
6725.41,25.28,8.8499
6726.41,25.17,8.8499
6727.41,25.29,8.8499
6728.42,25.59,8.8499
6729.42,25.18,8.8499
6730.42,25.29,8.8499
6731.42,25.18,8.8499
6732.42,25.19,8.8499
6733.42,25.3,8.8499
6734.43,25.18,8.85
6735.43,25.29,8.85
6736.43,25.11,8.85
6737.43,25.35,8.8501
6738.43,25.26,8.8501
6739.43,25.18,8.8501
6740.43,25.18,8.8501
6741.44,25.28,8.8501
6742.44,25.19,8.8501
6743.44,25.3,8.8501
6744.44,25.2,8.8501
6745.44,25.18,8.8501
6746.44,25.28,8.8501
6747.45,25.2,8.8501
6748.45,25.29,8.8501
6749.45,25.21,8.8501
6750.45,25.18,8.8501
6751.45,25.27,8.8501
6752.45,25.19,8.8501
6753.45,25.3,8.8501
6754.46,25.18,8.8501
6755.46,25.18,8.8501
6756.46,25.31,8.8501
6757.46,25.19,8.8501
6758.46,25.19,8.8501
6759.46,25.32,8.8501
6760.47,25.18,8.8501
6761.47,25.33,8.8501
6762.47,25.19,8.8501
6763.47,25.2,8.8501
6764.47,25.31,8.8501
6765.47,25.18,8.8501
6766.47,25.18,8.8501
6767.48,25.29,8.8501
6768.48,25.19,8.8501
6769.48,25.29,8.8501
6770.48,25.18,8.8501
6771.48,25.19,8.8501
6772.48,25.29,8.8501
6773.49,25.28,8.8505
6774.49,25.28,8.8505
6775.49,25.18,8.8505
6776.49,25.19,8.8505
6777.49,25.3,8.8505
6778.49,25.2,8.8505
6779.5,25.28,8.8505
6780.5,25.17,8.8505
6781.5,25.22,8.8505
6782.5,25.13,8.8505
6783.5,25.15,8.8505
6784.5,25.22,8.8505
6785.51,25.13,8.8505
6786.51,25.29,8.8505
6787.51,25.17,8.8505
6788.51,25.29,8.8505
6789.51,25.21,8.8505
6790.51,25.18,8.8505
6791.52,25.26,8.8505
6792.52,25.16,8.8505
6793.52,25.27,8.8505
6794.52,25.15,8.8505
6795.52,25.16,8.8505
6796.52,25.22,8.8505
6797.53,25.13,8.8505
6798.53,25.28,8.8505
6799.53,25.12,8.8505
6800.53,25.22,8.8505
6801.53,25.13,8.8505
6802.53,25.13,8.8505
6803.54,25.24,8.8505
6804.54,25.13,8.8505
6805.54,25.23,8.8505
6806.54,25.18,8.8505
6807.54,25.14,8.8505
6808.54,25.23,8.8505
6809.55,25.13,8.8505
6810.55,25.39,8.8506
6811.55,25.14,8.8506
6812.55,25.25,8.8506
6813.55,25.17,8.8506
6814.55,25.15,8.8506
6815.56,25.24,8.8506
6816.56,25.13,8.8506
6817.56,25.24,8.8506
6818.56,25.17,8.8506
6819.56,25.23,8.8506
6820.56,25.22,8.8506
6821.57,25.12,8.8506
6822.57,25.3,8.8506
6823.57,25.3,8.8506
6824.57,25.12,8.8506
6825.57,25.24,8.8506
6826.57,25.12,8.8506
6827.57,25.26,8.8506
6828.58,25.28,8.8506
6829.58,25.13,8.8506
6830.58,25.22,8.8506
6831.58,25.14,8.8506
6832.58,25.14,8.8506
6833.58,25.26,8.8506
6834.58,25.13,8.8506
6835.59,25.19,8.8509
6836.59,25.24,8.8509
6837.59,25.13,8.8509
6838.59,25.13,8.8509
6839.59,25.28,8.8509
6840.59,25.19,8.8509
6841.6,25.29,8.8509
6842.6,25.21,8.8509
6843.6,25.2,8.8509
6844.6,25.29,8.8509
6845.6,25.15,8.8509
6846.6,25.29,8.8509
6847.6,25.24,8.8509
6848.61,25.18,8.8509
6849.61,25.3,8.8509
6850.61,25.19,8.8509
6851.61,25.29,8.8509
6852.61,25.22,8.8509
6853.61,25.18,8.8509
6854.62,25.29,8.8509
6855.62,25.19,8.8509
6856.62,25.29,8.8509
6857.62,25.2,8.8509
6858.62,25.19,8.8509
6859.62,25.29,8.8509
6860.63,25.23,8.8509
6861.63,25.29,8.8509
6862.63,25.23,8.8509
6863.63,25.29,8.8509
6864.63,25.18,8.8509
6865.63,25.19,8.8509
6866.63,25.31,8.8509
6867.64,25.2,8.8509
6868.64,25.19,8.8509
6869.64,25.32,8.8509
6870.64,25.19,8.8509
6871.64,25.19,8.8509
6872.64,25.34,8.8509
6873.64,25.24,8.8553
6874.65,25.2,8.8553
6875.65,25.3,8.8553
6876.65,25.19,8.8553
6877.65,28.52,8.8553
6878.65,26.96,8.8554
6879.65,25.19,8.8554
6880.65,25.18,8.8554
6881.65,25.31,8.8554
6882.66,25.22,8.8554
6883.66,25.21,8.8554
6884.66,25.29,8.8554
6885.66,25.32,8.8554
6886.66,25.21,8.8554
6887.66,25.3,8.8554
6888.67,25.19,8.8554
6889.67,25.3,8.8554
6890.67,25.19,8.8554
6891.67,25.2,8.8554
6892.67,25.32,8.8554
6893.67,25.19,8.8554
6894.67,25.29,8.8554
6895.68,25.18,8.8554
6896.68,25.2,8.8554
6897.68,25.45,8.8941
6898.68,25.19,8.8941
6899.68,25.3,8.8941
6900.68,25.16,8.8941
6901.69,25.19,8.8941
6902.69,25.33,8.8941
6903.69,25.18,8.8941
6904.69,25.19,8.8941
6905.69,25.28,8.8941
6906.69,25.18,8.8941
6907.69,25.31,8.8941
6908.7,25.19,8.8941
6909.7,25.2,8.8941
6910.7,25.36,8.8941
6911.7,25.19,8.8941
6912.7,25.32,8.8941
6913.7,25.19,8.8941
6914.71,25.19,8.8941
6915.71,25.29,8.8941
6916.71,25.15,8.8941
6917.71,25.28,8.8941
6918.71,25.18,8.8941
6919.71,25.19,8.8941
6920.72,25.29,8.8941
6921.72,25.18,8.8941
6922.72,25.37,8.9303
6923.72,25.11,8.9303
6924.72,25.12,8.9303
6925.72,25.23,8.9303
6926.73,25.13,8.9303
6927.73,25.25,8.9303
6928.73,25.13,8.9303
6929.73,25.13,8.9303
6930.73,25.23,8.9303
6931.73,25.14,8.9303
6932.73,25.16,8.9303
6933.74,25.24,8.9303
6934.74,25.14,8.9303
6935.74,25.36,8.9305
6936.74,25.19,8.9305
6937.74,25.2,8.9305
6938.74,25.32,8.9305
6939.74,25.2,8.9305
6940.75,25.19,8.9305
6941.75,25.28,8.9305
6942.75,25.2,8.9305
6943.75,25.24,8.9305
6944.75,25.2,8.9305
6945.75,25.18,8.9305
6946.75,25.3,8.9305
6947.76,25.22,8.9305
6948.76,25.25,8.9644
6949.76,25.29,8.9644
6950.76,25.19,8.9644
6951.76,25.21,8.9644
6952.76,25.34,8.9644
6953.77,25.14,8.9644
6954.77,25.23,8.9644
6955.77,25.13,8.9644
6956.77,25.13,8.9644
6957.77,25.26,8.9646
6958.77,25.14,8.9646
6959.78,25.23,8.9646
6960.78,25.13,8.9646
6961.78,25.28,8.9646
6962.78,25.27,8.9646
6963.78,25.19,8.9646
6964.78,25.31,8.9646
6965.78,25.19,8.9646
6966.79,25.2,8.9646
6967.79,25.31,8.9646
6968.79,25.19,8.9646
6969.79,25.21,8.9646
6970.79,25.29,8.9646
6971.79,25.19,8.9646
6972.79,25.32,8.9646
6973.8,25.34,8.9957
6974.8,25.19,8.9957
6975.8,25.31,8.9957
6976.8,25.19,8.9957
6977.8,25.2,8.9957
6978.8,25.29,8.9957
6979.81,25.19,8.9957
6980.81,25.3,8.9957
6981.81,25.19,8.9957
6982.81,25.22,8.9957
6983.81,25.31,8.9957
6984.81,25.19,8.9957
6985.81,25.19,8.9957
6986.82,25.33,8.9957
6987.82,25.16,8.9957
6988.82,25.27,8.9957
6989.82,25.16,8.9957
6990.82,25.16,8.9957
6991.82,25.32,8.9957
6992.82,25.21,8.9957
6993.83,25.17,8.9957
6994.83,25.25,8.9957
6995.83,25.13,8.9957
6996.83,25.19,8.9957
6997.83,25.3,8.9957
6998.83,25.19,8.998
6999.83,25.34,9.0232
7000.84,25.19,9.0232
7001.84,25.18,9.0232
7002.84,25.33,9.0232
7003.84,25.13,9.0232
7004.84,25.13,9.0232
7005.84,25.26,9.0232
7006.85,25.12,9.0232
7007.85,25.24,9.0232
7008.85,25.12,9.0232
7009.85,25.12,9.0232
7010.85,25.22,9.0232
7011.85,25.18,9.0232
7012.85,25.36,9.0232
7013.86,25.15,9.0232
7014.86,25.18,9.0232
7015.86,25.22,9.0232
7016.86,25.13,9.0232
7017.86,25.25,9.0232
7018.86,25.13,9.0232
7019.87,25.13,9.0232
7020.87,25.23,9.0232
7021.87,25.13,9.0232
7022.87,25.25,9.0232
7023.87,25.12,9.0232
7024.87,25.21,9.0299
7025.88,25.23,9.0299
7026.88,25.17,9.0299
7027.88,25.27,9.0299
7028.88,25.15,9.0299
7029.88,25.16,9.0299
7030.88,25.26,9.0299
7031.89,25.18,9.0299
7032.89,25.28,9.0299
7033.89,25.12,9.0299
7034.89,25.13,9.0299
7035.89,25.22,9.0299
7036.89,25.12,9.0299
7037.89,25.28,9.0299
7038.9,25.13,9.0299
7039.9,25.14,9.0299
7040.9,25.27,9.0299
7041.9,25.18,9.0299
7042.9,25.31,9.0299
7043.9,25.11,9.0299
7044.91,25.18,9.0299
7045.91,25.28,9.0299
7046.91,25.18,9.0299
7047.91,25.2,9.0299
7048.91,25.28,9.0299
7049.91,25.18,9.0299
7050.92,25.44,9.0299
7051.92,25.18,9.0299
7052.92,25.21,9.0299
7053.92,25.3,9.0299
7054.92,25.18,9.0299
7055.92,25.29,9.0299
7056.92,25.18,9.0299
7057.93,25.2,9.0299
7058.93,25.3,9.0299
7059.93,25.19,9.0299
7060.93,25.18,9.0299
7061.93,25.31,9.0299
7062.93,25.21,9.0299
7063.93,25.22,9.0299
7064.94,25.26,9.0299
7065.94,25.13,9.0299
7066.94,25.6,9.0299
7067.94,25.18,9.0299
7068.94,25.18,9.0299
7069.94,25.23,9.0299
7070.95,25.12,9.0299
7071.95,25.24,9.0299
7072.95,25.15,9.0299
7073.95,25.14,9.0299
7074.95,25.29,9.0299
7075.95,25.15,9.0299
7076.95,25.15,9.0299
7077.96,25.31,9.03
7078.96,25.15,9.03
7079.96,25.22,9.03
7080.96,25.12,9.03
7081.96,25.13,9.03
7082.96,25.27,9.03
7083.96,25.12,9.03
7084.97,25.15,9.03
7085.97,25.26,9.03
7086.97,25.13,9.03
7087.97,25.19,9.03
7088.97,25.28,9.03
7089.97,25.21,9.03
7090.97,25.23,9.03
7091.98,25.29,9.03
7092.98,25.21,9.03
7093.98,25.28,9.03
7094.98,25.17,9.03
7095.98,25.24,9.03
7096.98,25.17,9.03
7097.99,25.19,9.03
7098.99,25.37,9.03
7099.99,25.18,9.03
7100.99,25.73,9.03
7101.99,25.28,9.03
7102.99,25.15,9.03
7104.0,25.28,9.0301
7105.0,25.12,9.0301
7106.0,25.13,9.0301
7107.0,25.23,9.0301
7108.0,25.15,9.0301
7109.0,25.26,9.0301
7110.0,25.15,9.0301
7111.01,25.2,9.0301
7112.01,25.28,9.0301
7113.01,25.18,9.0301
7114.01,25.12,9.0301
7115.01,25.24,9.0301
7116.01,25.13,9.0301
7117.01,25.12,9.0301
7118.01,25.39,9.0303
7119.02,25.12,9.0303
7120.02,25.13,9.0303
7121.02,25.24,9.0303
7122.02,25.13,9.0303
7123.02,25.21,9.0303
7124.02,25.23,9.0303
7125.02,25.14,9.0303
7126.03,25.23,9.0304
7127.03,25.22,9.0304
7128.03,25.14,9.0304
7129.03,25.22,9.0304
7130.03,25.12,9.0304
7131.03,25.38,9.0304
7132.04,25.12,9.0304
7133.04,25.15,9.0304
7134.04,25.24,9.0304
7135.04,25.13,9.0304
7136.04,25.24,9.0304
7137.04,25.2,9.0304
7138.05,25.19,9.0304
7139.05,25.28,9.0304
7140.05,25.18,9.0304
7141.05,25.13,9.0304
7142.05,25.22,9.0304
7143.05,25.15,9.0304
7144.06,25.3,9.0304
7145.06,25.12,9.0304
7146.06,25.23,9.0304
7147.06,25.12,9.0304
7148.06,25.15,9.0304
7149.06,25.23,9.0304
7150.07,25.12,9.0304
7151.07,25.26,9.0304
7152.07,25.15,9.0304
7153.07,25.17,9.0304
7154.07,25.24,9.0304
7155.07,25.13,9.0304
7156.08,25.23,9.0304
7157.08,25.2,9.0304
7158.08,25.14,9.0304
7159.08,25.23,9.0304
7160.08,25.13,9.0304
7161.08,25.27,9.0304
7162.08,25.19,9.0304
7163.09,25.21,9.0304
7164.09,25.27,9.0304
7165.09,25.18,9.0304
7166.09,25.28,9.0304
7167.09,25.19,9.0304
7168.09,25.3,9.0304
7169.1,25.18,9.0304
7170.1,25.22,9.0304
7171.1,25.28,9.0304
7172.1,25.18,9.0304
7173.1,25.44,9.0304
7174.1,25.18,9.0304
7175.11,25.16,9.0304
7176.11,25.23,9.0304
7177.11,25.12,9.0304
7178.11,25.24,9.0304
7179.11,25.15,9.0304
7180.11,25.12,9.0304
7181.12,25.23,9.0304
7182.12,25.13,9.0304
7183.12,25.26,9.0304
7184.12,25.22,9.0304
7185.12,25.28,9.0304
7186.12,25.18,9.0304
7187.13,25.15,9.0304
7188.13,25.24,9.0304
7189.13,25.13,9.0304
7190.13,25.22,9.0304
7191.13,25.13,9.0304
7192.13,25.12,9.0304
7193.14,25.25,9.0304
7194.14,25.13,9.0304
7195.14,25.26,9.0304
7196.14,25.18,9.0304
7197.14,25.18,9.0304
7198.14,25.47,9.0304
7199.15,25.19,9.0304
7200.15,25.28,9.0304
7201.15,25.15,9.0304
7202.15,25.12,9.0304
7203.15,25.25,9.0304
7204.15,25.13,9.0304
7205.16,25.28,9.0304
7206.16,25.2,9.0304
7207.16,25.18,9.0304
7208.16,25.29,9.0304
7209.16,25.22,9.0304
7210.16,25.32,9.0304
7211.16,25.13,9.0304
7212.17,25.13,9.0304
7213.17,25.26,9.0304
7214.17,25.13,9.0304
7215.17,25.23,9.0304
7216.17,25.13,9.0304
7217.17,25.12,9.0304
7218.18,25.24,9.0304
7219.18,25.12,9.0304
7220.18,25.22,9.0304
7221.18,25.13,9.0304
7222.18,25.28,9.0304
7223.18,25.16,9.0304
7224.19,25.13,9.0304
7225.19,25.27,9.0304
7226.19,25.15,9.0304
7227.19,25.18,9.0304
7228.19,25.3,9.0304
7229.19,25.19,9.0304
7230.19,25.29,9.0304
7231.2,25.19,9.0304
7232.2,25.19,9.0304
7233.2,25.31,9.0304
7234.2,25.19,9.0304
7235.2,25.35,9.0304
7236.2,25.18,9.0304
7237.21,25.18,9.0304
7238.21,25.32,9.0304
7239.21,25.19,9.0304
7240.21,25.19,9.0304
7241.21,25.29,9.0304
7242.21,25.19,9.0304
7243.21,25.31,9.0304
7244.22,25.18,9.0304
7245.22,25.18,9.0304
7246.22,25.26,9.0304
7247.22,25.17,9.0304
7248.22,25.25,9.0304
7249.22,25.28,9.0304
7250.23,25.18,9.0305
7251.23,25.28,9.0305
7252.23,25.19,9.0305
7253.23,25.21,9.0305
7254.23,25.29,9.0305
7255.23,25.17,9.0305
7256.24,25.25,9.0305
7257.24,25.16,9.0305
7258.24,25.25,9.0305
7259.24,25.17,9.0306
7260.24,25.18,9.0306
7261.24,25.29,9.0306
7262.25,25.23,9.0306
7263.25,25.23,9.0306
7264.25,25.14,9.0306
7265.25,25.18,9.0306
7266.25,25.28,9.0306
7267.25,25.15,9.0306
7268.26,25.23,9.0306
7269.26,25.17,9.0306
7270.26,25.17,9.0306
7271.26,25.28,9.0306
7272.26,25.19,9.0306
7273.26,25.24,9.0306
7274.27,25.3,9.0306
7275.27,25.28,9.0306
7276.27,25.19,9.0306
7277.27,25.2,9.0306
7278.27,25.29,9.0306
7279.27,25.19,9.0306
7280.28,25.29,9.0306
7281.28,25.19,9.0306
7282.28,25.17,9.0306
7283.28,25.25,9.0306
7284.28,25.13,9.0306
7285.28,25.23,9.0306
7286.29,25.17,9.0306
7287.29,25.25,9.0306
7288.29,25.18,9.0306
7289.29,25.18,9.0306
7290.29,25.28,9.0306
7291.29,25.19,9.0306
7292.3,25.29,9.0306
7293.3,25.2,9.0306
7294.3,25.18,9.0306
7295.3,25.3,9.0306
7296.3,25.17,9.0306
7297.3,25.24,9.0306
7298.3,25.17,9.0306
7299.31,25.16,9.0306
7300.31,25.22,9.0306
7301.31,25.15,9.0306
7302.31,25.23,9.0306
7303.31,25.14,9.0306
7304.31,25.12,9.0306
7305.32,25.22,9.0306
7306.32,25.12,9.0306
7307.32,25.24,9.0306
7308.32,25.13,9.0306
7309.32,25.24,9.0306
7310.32,25.15,9.0306
7311.33,25.19,9.0307
7312.33,25.24,9.0307
7313.33,25.14,9.0307
7314.33,25.22,9.0307
7315.33,25.12,9.0307
7316.33,25.12,9.0307
7317.34,25.23,9.0307
7318.34,25.16,9.0307
7319.34,25.28,9.0307
7320.34,25.17,9.0307
7321.34,25.28,9.0307
7322.34,25.13,9.0307
7323.35,25.14,9.0307
7324.35,25.32,9.0307
7325.35,25.17,9.0307
7326.35,25.29,9.0307
7327.35,25.19,9.0307
7328.35,25.17,9.0307
7329.36,25.29,9.0308
7330.36,25.18,9.0308
7331.36,25.26,9.0308
7332.36,25.14,9.0308
7333.36,25.27,9.0308
7334.36,25.19,9.0308
7335.37,25.15,9.0308
7336.37,25.24,9.0308
7337.37,25.16,9.0308
7338.37,25.3,9.0308
7339.37,25.14,9.0308
7340.37,25.23,9.0308
7341.38,25.13,9.0308
7342.38,25.13,9.0308
7343.38,25.27,9.0308
7344.38,25.17,9.0308
7345.38,25.22,9.0308
7346.38,25.18,9.0308
7347.39,25.13,9.0308
7348.39,25.27,9.0308
7349.39,25.18,9.0308
7350.39,25.45,9.0309
7351.39,25.19,9.0309
7352.39,25.29,9.0309
7353.4,25.2,9.0309
7354.4,25.18,9.0309
7355.4,25.28,9.0309
7356.4,25.18,9.0309
7357.4,25.29,9.0309
7358.4,25.19,9.0309
7359.41,25.19,9.0309
7360.41,25.29,9.0309
7361.41,25.19,9.0309
7362.41,25.29,9.0309
7363.41,25.21,9.0309
7364.41,25.15,9.0309
7365.42,25.25,9.0309
7366.42,25.16,9.0309
7367.42,25.28,9.0309
7368.42,25.18,9.0309
7369.42,25.28,9.0309
7370.42,25.18,9.0309
7371.43,25.19,9.0309
7372.43,25.28,9.0309
7373.43,25.2,9.0309
7374.43,25.28,9.0309
7375.43,25.14,9.0309
7376.43,25.22,9.0311
7377.44,25.29,9.0311
7378.44,25.18,9.0311
7379.44,25.27,9.0311
7380.44,25.18,9.0311
7381.44,25.29,9.0311
7382.44,25.19,9.0311
7383.45,25.2,9.0311
7384.45,25.23,9.0311
7385.45,25.13,9.0311
7386.45,25.23,9.0311
7387.45,25.17,9.0311
7388.45,25.18,9.0311
7389.46,25.34,9.0311
7390.46,25.18,9.0311
7391.46,25.28,9.0311
7392.46,25.2,9.0311
7393.46,25.31,9.0311
7394.46,25.19,9.0311
7395.47,25.19,9.0311
7396.47,25.29,9.0311
7397.47,25.19,9.0311
7398.47,25.27,9.0311
7399.47,25.17,9.0311
7400.47,25.13,9.0311
7401.48,25.24,9.0311
7402.48,25.19,9.0311
7403.48,25.31,9.0311
7404.48,25.13,9.0311
7405.48,25.22,9.0311
7406.48,25.13,9.0311
7407.49,25.13,9.0311
7408.49,25.22,9.0311
7409.49,25.12,9.0311
7410.49,25.69,9.0311
7411.49,25.15,9.0311
7412.49,25.3,9.0312
7413.5,25.2,9.0312
7414.5,25.19,9.0312
7415.5,25.29,9.0312
7416.5,25.3,9.0312
7417.5,25.23,9.0312
7418.5,25.13,9.0312
7419.51,25.15,9.0313
7420.51,25.24,9.0313
7421.51,25.14,9.0313
7422.51,25.26,9.0313
7423.51,25.14,9.0313
7424.51,25.23,9.0313
7425.52,25.13,9.0313
7426.52,25.15,9.0313
7427.52,25.29,9.0313
7428.52,25.19,9.0313
7429.52,25.44,9.0313
7430.52,25.19,9.0313
7431.53,25.19,9.0313
7432.53,25.3,9.0313
7433.53,25.2,9.0313
7434.53,25.3,9.0313
7435.53,25.18,9.0313
7436.53,25.17,9.0313
7437.54,25.25,9.0313
7438.54,25.14,9.0313
7439.54,25.25,9.0313
7440.54,25.14,9.0313
7441.54,25.14,9.0313
7442.54,25.29,9.0313
7443.55,25.2,9.0313
7444.55,25.29,9.0313
7445.55,25.18,9.0313
7446.55,25.19,9.0313
7447.55,25.29,9.0313
7448.55,25.19,9.0313
7449.56,25.3,9.0313
7450.56,25.2,9.0313
7451.56,25.2,9.0313
7452.56,25.28,9.0313
7453.56,25.19,9.0313
7454.56,25.24,9.0313
7455.57,25.21,9.0314
7456.57,25.28,9.0314
7457.57,25.2,9.0314
7458.57,25.19,9.0314
7459.57,25.29,9.0314
7460.57,25.19,9.0314
7461.57,25.29,9.0314
7462.58,25.2,9.0314
7463.58,25.21,9.0314
7464.58,25.31,9.0314
7465.58,25.18,9.0314
7466.58,25.18,9.0314
7467.58,25.32,9.0314
7468.58,25.18,9.0326
7469.59,25.14,9.0326
7470.59,25.23,9.0326
7471.59,25.14,9.0326
7472.59,25.25,9.0326
7473.59,25.17,9.0326
7474.59,25.19,9.0326
7475.6,25.29,9.0326
7476.6,25.19,9.0326
7477.6,25.3,9.0326
7478.6,25.14,9.0326
7479.6,25.15,9.0326
7480.6,25.25,9.0326
7481.6,25.13,9.0326
7482.61,25.26,9.0328
7483.61,25.3,9.0328
7484.61,25.19,9.0328
7485.61,25.19,9.0328
7486.61,25.28,9.0328
7487.61,25.15,9.0328
7488.62,25.24,9.0328
7489.62,25.18,9.0328
7490.62,25.19,9.0328
7491.62,25.26,9.0328
7492.62,25.17,9.0328
7493.62,25.15,9.0328
7494.62,25.29,9.0328
7495.63,25.36,9.0345
7496.63,25.32,9.0345
7497.63,25.2,9.0345
7498.63,25.18,9.0345
7499.63,25.31,9.0345
7500.63,25.18,9.0345
7501.63,25.19,9.0346
7502.64,25.3,9.0346
7503.64,25.19,9.0346
7504.64,25.29,9.0346
7505.64,25.19,9.0346
7506.64,25.19,9.0346
7507.64,25.34,9.0346
7508.65,25.16,9.0346
7509.65,25.28,9.0346
7510.65,25.17,9.0346
7511.65,25.18,9.0346
7512.65,25.33,9.0346
7513.65,25.15,9.0346
7514.65,25.14,9.0346
7515.66,25.23,9.0346
7516.66,25.13,9.0346
7517.66,25.15,9.0346
7518.66,25.24,9.0346
7519.66,25.15,9.0346
7520.66,26.36,9.0346
7521.66,25.2,9.0356
7522.67,25.17,9.0356
7523.67,25.27,9.0356
7524.67,25.12,9.0356
7525.67,25.12,9.0356
7526.67,25.22,9.0356
7527.67,25.16,9.0356
7528.68,25.28,9.0356
7529.68,25.17,9.0356
7530.68,25.28,9.0356
7531.68,25.19,9.0356
7532.68,25.21,9.0356
7533.68,25.28,9.0356
7534.69,25.23,9.0357
7535.69,25.24,9.0357
7536.69,25.15,9.0357
7537.69,25.24,9.0357
7538.69,25.1,9.0357
7539.69,25.22,9.0357
7540.7,25.22,9.0357
7541.7,25.12,9.0358
7542.7,25.25,9.0358
7543.7,25.17,9.0358
7544.7,25.17,9.0358
7545.7,25.27,9.0358
7546.71,25.18,9.0358
7547.71,25.24,9.0358
7548.71,25.18,9.0367
7549.71,25.23,9.0367
7550.71,25.13,9.0367
7551.71,25.19,9.0367
7552.72,25.31,9.0367
7553.72,25.19,9.0367
7554.72,25.29,9.0367
7555.72,25.19,9.0367
7556.72,25.18,9.0367
7557.72,25.3,9.0367
7558.73,25.18,9.0367
7559.73,25.29,9.0367
7560.73,25.19,9.0367
7561.73,25.32,9.0367
7562.73,25.29,9.0367
7563.73,25.18,9.0367
7564.74,25.29,9.0367
7565.74,25.18,9.0367
7566.74,25.18,9.0367
7567.74,25.29,9.0367
7568.74,25.18,9.0367
7569.74,25.32,9.0367
7570.75,25.19,9.0367
7571.75,25.25,9.0367
7572.75,25.18,9.0367
7573.75,25.17,9.0367
7574.75,25.42,9.0376
7575.75,25.17,9.0376
7576.76,25.27,9.0376
7577.76,25.2,9.0376
7578.76,25.19,9.0376
7579.76,25.29,9.0376
7580.76,25.19,9.0376
7581.76,25.28,9.0376
7582.77,25.21,9.0376
7583.77,25.26,9.0376
7584.77,25.15,9.0376
7585.77,25.16,9.0376
7586.77,25.26,9.0376
7587.77,25.23,9.0376
7588.77,25.29,9.0376
7589.78,25.18,9.0376
7590.78,25.18,9.0377
7591.78,25.28,9.0377
7592.78,25.18,9.0377
7593.78,25.28,9.0376
7594.78,25.16,9.0376
7595.79,25.18,9.0376
7596.79,25.29,9.0376
7597.79,25.2,9.0376
7598.79,25.28,9.0376
7599.79,25.24,9.0376
7600.79,25.24,9.0387
7601.79,25.31,9.0387
7602.8,25.21,9.0387
7603.8,25.19,9.0386
7604.8,25.31,9.0386
7605.8,25.19,9.0386
7606.8,25.14,9.0386
7607.8,25.27,9.0386
7608.8,25.14,9.0386
7609.81,25.19,9.0386
7610.81,25.29,9.0386
7611.81,25.19,9.0386
7612.81,25.31,9.0387
7613.81,25.23,9.0387
7614.81,25.18,9.0387
7615.82,25.28,9.0386
7616.82,25.18,9.0386
7617.82,25.3,9.0386
7618.82,25.19,9.0386
7619.82,25.29,9.0386
7620.82,25.19,9.0387
7621.83,25.18,9.0387
7622.83,25.31,9.0388
7623.83,25.19,9.0388
7624.83,25.29,9.0388
7625.83,25.19,9.0388
7626.83,25.19,9.0388
7627.84,25.34,9.0392
7628.84,25.18,9.0392
7629.84,25.44,9.0392
7630.84,25.2,9.0392
7631.84,25.19,9.0392
7632.84,25.31,9.0392
7633.85,25.18,9.0392
7634.85,25.29,9.0392
7635.85,25.18,9.0392
7636.85,25.28,9.0392
7637.85,25.19,9.0392
7638.85,25.19,9.0392
7639.85,25.31,9.0392
7640.86,25.36,9.0393
7641.86,25.18,9.0393
7642.86,25.3,9.0393
7643.86,25.14,9.0393
7644.86,25.28,9.0393
7645.86,25.21,9.0392
7646.87,25.13,9.0392
7647.87,25.24,9.0392
7648.87,25.13,9.0391
7649.87,25.13,9.0391
7650.87,25.24,9.0391
7651.87,25.13,9.0392
7652.87,25.26,9.0393
7653.88,25.17,9.0397
7654.88,25.13,9.0397
7655.88,25.23,9.0397
7656.88,25.13,9.0397
7657.88,25.23,9.0397
7658.88,25.12,9.0397
7659.89,25.19,9.0397
7660.89,25.25,9.0397
7661.89,25.16,9.0397
7662.89,25.2,9.0398
7663.89,25.24,9.0398
7664.89,25.13,9.0398
7665.89,25.14,9.0398
7666.89,25.33,9.0399
7667.9,25.2,9.0399
7668.9,25.17,9.0399
7669.9,25.25,9.0399
7670.9,25.19,9.0399
7671.9,25.24,9.0399
7672.9,25.17,9.0399
7673.91,25.15,9.0399
7674.91,25.29,9.0399
7675.91,25.19,9.0399
7676.91,25.24,9.0399
7677.91,25.2,9.0399
7678.91,25.28,9.0399
7679.92,25.21,9.0402
7680.92,25.15,9.0402
7681.92,25.28,9.0402
7682.92,25.22,9.0404
7683.92,25.15,9.0402
7684.92,25.23,9.0402
7685.92,25.12,9.0402
7686.93,25.13,9.0402
7687.93,25.24,9.0404
7688.93,25.13,9.0402
7689.93,25.31,9.0402
7690.93,25.18,9.0404
7691.93,25.12,9.0404
7692.94,25.94,9.0404
7693.94,25.19,9.0404
7694.94,25.28,9.0404
7695.94,25.2,9.0403
7696.94,25.19,9.0401
7697.94,25.28,9.0401
7698.95,25.17,9.0401
7699.95,25.27,9.0401
7700.95,25.18,9.0401
7701.95,25.19,9.0401
7702.95,25.31,9.0403
7703.95,25.13,9.0403
7704.95,25.26,9.0401
7705.96,25.19,9.0401
7706.96,25.23,9.0403
7707.96,25.32,9.0403
7708.96,25.19,9.0403
7709.96,25.17,9.0404
7710.96,25.19,9.0404
7711.96,25.28,9.0404
7712.97,25.2,9.0403
7713.97,25.3,9.0402
7714.97,25.17,9.0402
7715.97,25.19,9.0402
7716.97,25.29,9.0402
7717.97,25.19,9.0403
7718.97,25.2,9.0404
7719.98,25.45,9.0405
7720.98,25.18,9.0406
7721.98,25.3,9.0406
7722.98,25.21,9.0406
7723.98,25.18,9.0406
7724.98,25.25,9.0406
7725.99,25.15,9.0406
7726.99,25.29,9.0406
7727.99,25.19,9.0405
7728.99,25.19,9.0405
7729.99,25.25,9.0404
7730.99,25.13,9.0404
7731.99,25.22,9.0405
7733.0,25.17,9.0406
7734.0,25.18,9.0412
7735.0,25.23,9.0412
7736.0,25.13,9.0412
7737.0,25.23,9.0412
7738.0,25.18,9.0412
7739.01,25.19,9.0412
7740.01,25.27,9.0414
7741.01,25.18,9.0414
7742.01,25.27,9.0414
7743.01,25.2,9.0414
7744.01,25.22,9.0414
7745.02,25.12,9.0414
7746.02,25.13,9.0414
7747.02,25.27,9.0415
7748.02,25.16,9.0415
7749.02,25.28,9.0415
7750.02,25.19,9.0414
7751.03,25.18,9.0414
7752.03,25.28,9.0414
7753.03,25.2,9.0415
7754.03,25.27,9.0415
7755.03,25.14,9.0413
7756.03,25.24,9.0413
7757.04,25.18,9.0414
7758.04,25.18,9.0415
7759.04,25.28,9.0414
7760.04,25.23,9.0415
7761.04,25.29,9.0414
7762.04,25.18,9.0414
7763.05,25.21,9.0414
7764.05,25.25,9.0414
7765.05,25.15,9.0414
7766.05,25.28,9.0414
7767.05,25.18,9.0414
7768.05,25.2,9.0414
7769.06,25.29,9.0414
7770.06,25.19,9.0414
7771.06,25.29,9.0414
7772.06,25.16,9.0414
7773.06,25.17,9.0414
7774.06,25.31,9.0415
7775.07,25.18,9.0414
7776.07,25.28,9.0414
7777.07,25.13,9.0413
7778.07,25.14,9.0413
7779.07,25.27,9.0414
7780.07,25.12,9.0414
7781.08,25.22,9.0414
7782.08,25.12,9.0414
7783.08,25.26,9.0414
7784.08,25.13,9.0414
7785.08,25.13,9.0413
7786.08,25.25,9.0414
7787.08,25.31,9.0416
7788.09,25.15,9.0415
7789.09,25.27,9.0415
7790.09,25.18,9.0415
7791.09,25.29,9.0416
7792.09,25.18,9.0416
7793.09,25.21,9.0417
7794.1,82.77,2.2466
7795.1,75.33,2.044
7796.1,74.75,2.2651
7797.1,74.83,2.087
7798.1,81.37,2.3303
7799.1,84.0,2.4572
7800.1,87.04,2.6945
7801.11,80.18,2.953
7802.11,77.86,3.2363
7803.11,66.96,3.5238
7804.11,27.72,3.6587
7805.11,35.78,3.7638
7806.11,26.9,3.8322
7807.11,26.1,3.8805
7808.11,25.84,3.9295
7809.12,25.26,3.9708
7810.12,28.92,4.0135
7811.12,27.34,4.053
7812.12,25.21,4.0908
7813.12,30.21,4.1244
7814.12,25.26,4.1531
7815.13,25.33,4.1854
7816.13,25.58,4.2115
7817.13,25.24,4.239
7818.13,25.2,4.2663
7819.13,26.58,4.2926
7820.13,25.17,4.3197
7821.13,25.16,4.3432
7822.13,25.27,4.3708
7823.14,25.22,4.3955
7824.14,25.86,4.4184
7825.14,25.22,4.4426
7826.14,25.12,4.4667
7827.14,25.29,4.4841
7828.14,25.36,4.5055
7829.15,25.16,4.5276
7830.15,25.24,4.5482
7831.15,26.85,4.5702
7832.15,25.35,4.619
7833.15,25.22,4.619
7834.15,25.19,4.6526
7835.16,25.24,4.6526
7836.16,25.14,4.6863
7837.16,25.24,4.6863
7838.16,25.15,4.7204
7839.16,25.16,4.7257
7840.16,25.23,4.747
7841.17,25.13,4.7687
7842.17,25.24,4.7929
7843.17,25.15,4.8139
7844.17,27.11,4.8327
7845.17,25.31,4.8523
7846.17,25.19,4.8711
7847.17,25.2,4.891
7848.18,25.29,4.9096
7849.18,28.63,4.9518
7850.18,25.16,4.9518
7851.18,25.26,4.9854
7852.18,25.15,4.9854
7853.18,25.24,5.0191
7854.18,25.16,5.019
7855.19,25.17,5.0532
7856.19,25.27,5.0532
7857.19,25.17,5.0636
7858.19,25.26,5.083
7859.19,25.13,5.1019
7860.19,25.16,5.1226
7861.2,25.27,5.1436
7862.2,25.17,5.1598
7863.2,25.27,5.1771
7864.2,25.13,5.1986
7865.2,25.14,5.2178
7866.2,25.22,5.2346
7867.21,25.12,5.2534
7868.21,25.35,5.2737
7869.21,25.13,5.292
7870.21,25.11,5.3079
7871.21,25.22,5.3259
7872.21,25.17,5.342
7873.22,25.31,5.358
7874.22,25.18,5.3728
7875.22,25.11,5.3883
7876.22,25.22,5.4061
7877.22,25.13,5.4202
7878.22,25.31,5.437
7879.22,25.18,5.4533
7880.23,25.18,5.4702
7881.23,26.05,5.4993
7882.23,25.12,5.4993
7883.23,25.25,5.4993
7884.23,25.16,5.5239
7885.23,25.18,5.5239
7886.24,25.28,5.5239
7887.24,25.2,5.5465
7888.24,25.28,5.5464
7889.24,25.18,5.5464
7890.24,25.17,5.5691
7891.24,25.28,5.5691
7892.24,25.19,5.5692
7893.25,25.2,5.5756
7894.25,25.28,5.589
7895.25,25.18,5.605
7896.25,25.26,5.6207
7897.25,25.18,5.6353
7898.25,25.17,5.6486
7899.26,25.28,5.6616
7900.26,25.17,5.6766
7901.26,25.27,5.6895
7902.26,25.18,5.7028
7903.26,25.53,5.718
7904.26,25.26,5.7324
7905.26,25.15,5.7473
7906.27,25.15,5.7593
7907.27,25.27,5.772
7908.27,25.2,5.7871
7909.27,25.18,5.7987
7910.27,25.29,5.8093
7911.27,25.17,5.822
7912.27,25.18,5.8359
7913.28,25.24,5.85
7914.28,25.56,5.8637
7915.28,25.3,5.8758
7916.28,25.27,5.8875
7917.28,25.18,5.9021
7918.28,25.24,5.914
7919.28,25.13,5.9263
7920.29,25.34,5.9371
7921.29,25.15,5.9488
7922.29,25.26,5.9619
7923.29,25.15,5.9744
7924.29,25.28,5.986
7925.29,25.15,5.9978
7926.29,25.12,6.0097
7927.3,25.23,6.0214
7928.3,25.16,6.0357
7929.3,25.2,6.0483
7930.3,30.68,6.0595
7931.3,25.15,6.0726
7932.3,25.17,6.0832
7933.3,25.31,6.0943
7934.3,25.17,6.1047
7935.31,25.13,6.1153
7936.31,25.22,6.1264
7937.31,25.14,6.1397
7938.31,25.13,6.15
7939.31,25.23,6.1602
7940.31,25.16,6.1706
7941.31,25.28,6.1818
7942.32,25.19,6.1944
7943.32,25.2,6.207
7944.32,25.31,6.2205
7945.32,25.19,6.2323
7946.32,25.18,6.2447
7947.32,25.28,6.2572
7948.32,25.15,6.2668
7949.33,25.13,6.2774
7950.33,25.46,6.2893
7951.33,25.13,6.3016
7952.33,25.28,6.3129
7953.33,25.19,6.3266
7954.33,25.2,6.3382
7955.34,25.28,6.3498
7956.34,25.18,6.363
7957.34,25.19,6.371
7958.34,25.27,6.3813
7959.34,25.2,6.3925
7960.34,25.27,6.4055
7961.34,25.18,6.4157
7962.35,25.19,6.4284
7963.35,25.29,6.44
7964.35,25.18,6.4521
7965.35,25.28,6.4641
7966.35,25.18,6.4735
7967.35,25.19,6.4827
7968.36,25.41,6.4936
7969.36,25.18,6.5032
7970.36,25.28,6.5124
7971.36,25.18,6.5247
7972.36,25.21,6.5363
7973.36,25.3,6.5506
7974.36,25.17,6.5617
7975.37,25.17,6.5725
7976.37,25.27,6.5839
7977.37,25.18,6.5953
7978.37,25.27,6.6044
7979.37,25.17,6.6148
7980.37,25.17,6.6258
7981.38,25.28,6.637
7982.38,25.21,6.6505
7983.38,25.2,6.6617
7984.38,25.28,6.6745
7985.38,25.17,6.6854
7986.38,25.27,6.6946
7987.38,25.2,6.7037
7988.39,25.17,6.7167
7989.39,25.28,6.7267
7990.39,25.17,6.7386
7991.39,25.28,6.7477
7992.39,25.18,6.7597
7993.39,26.2,6.7691
7994.4,25.24,6.7786
7995.4,25.18,6.7884
7996.4,25.28,6.7989
7997.4,25.19,6.8096
7998.4,25.12,6.8183
7999.4,25.23,6.8286
8000.4,25.36,6.8386
8001.4,25.14,6.8475
8002.41,25.13,6.8568
8003.41,25.23,6.8673
8004.41,25.12,6.877
8005.41,25.22,6.8885
8006.41,25.11,6.8945
8007.41,25.13,6.9035
8008.41,25.27,6.9112
8009.42,25.13,6.9183
8010.42,25.15,6.9468
8011.42,25.24,6.9468
8012.42,25.18,6.9468
8013.42,25.18,6.9468
8014.42,25.27,6.9468
8015.43,25.15,6.9468
8016.43,25.12,6.9472
8017.43,25.25,6.9744
8018.43,25.14,6.9744
8019.43,25.27,6.9744
8020.43,25.17,6.9744
8021.43,25.17,6.9744
8022.44,25.29,6.9744
8023.44,31.24,7.0641
8024.44,25.69,7.0641
8025.44,25.19,7.0641
8026.44,25.17,7.0641
8027.44,25.29,7.0641
8028.44,25.18,7.0641
8029.45,25.18,7.0641
8030.45,25.28,7.0641
8031.45,25.18,7.0641
8032.45,25.29,7.0641
8033.45,25.2,7.0641
8034.45,25.18,7.0641
8035.46,25.28,7.0641
8036.46,25.17,7.0641
8037.46,26.02,7.0641
8038.46,25.26,7.0641
8039.46,25.17,7.0641
8040.46,25.19,7.0641
8041.46,25.28,7.0641
8042.46,25.18,7.0641
8043.47,25.18,7.0641
8044.47,25.22,7.0641
8045.47,25.12,7.0641
8046.47,25.13,7.0641
8047.47,25.27,7.0642
8048.47,25.12,7.0642
8049.48,25.22,7.0642
8050.48,25.11,7.0642
8051.48,25.11,7.0642
8052.48,25.23,7.0642
8053.48,25.13,7.0642
8054.48,25.21,7.0642
8055.48,25.12,7.0642
8056.49,25.12,7.0642
8057.49,25.24,7.0668
8058.49,25.15,7.0751
8059.49,25.21,7.0834
8060.49,25.11,7.0911
8061.49,25.13,7.0961
8062.5,25.29,7.1027
8063.5,25.18,7.1086
8064.5,25.16,7.115
8065.5,25.26,7.1229
8066.5,25.17,7.1545
8067.5,25.28,7.1545
8068.5,25.17,7.1545
8069.51,25.17,7.1545
8070.51,25.29,7.1545
8071.51,25.17,7.1545
8072.51,25.18,7.1545
8073.51,25.38,7.1644
8074.51,25.17,7.1644
8075.51,25.28,7.1644
8076.52,25.17,7.1644
8077.52,25.18,7.1644
8078.52,25.28,7.1644
8079.52,25.18,7.1644
8080.52,25.25,7.1644
8081.52,25.17,7.1644
8082.53,25.2,7.1646
8083.53,25.19,7.1646
8084.53,25.27,7.1646
8085.53,25.19,7.1646
8086.53,25.16,7.1646
8087.53,25.28,7.1646
8088.53,25.17,7.1646
8089.53,25.27,7.1646
8090.54,25.18,7.1646
8091.54,25.17,7.1646
8092.54,25.29,7.1646
8093.54,25.19,7.1646
8094.54,25.17,7.1646
8095.54,25.28,7.1646
8096.55,25.18,7.1646
8097.55,25.31,7.1646
8098.55,25.17,7.1646
8099.55,25.17,7.1646
8100.55,25.27,7.1646
8101.55,25.17,7.1646
8102.56,25.28,7.1646
8103.56,25.21,7.1646
8104.56,25.18,7.1646
8105.56,25.27,7.1646
8106.56,25.17,7.1646
8107.56,25.18,7.1646
8108.56,25.28,7.1646
8109.56,25.18,7.1646
8110.57,25.17,7.1646
8111.57,25.27,7.1646
8112.57,25.18,7.1646
8113.57,25.28,7.1646
8114.57,25.18,7.1646
8115.57,25.17,7.1646
8116.58,25.27,7.1646
8117.58,25.18,7.1646
8118.58,25.17,7.1646
8119.58,25.26,7.1646
8120.58,25.14,7.1646
8121.58,25.22,7.1646
8122.58,25.16,7.1646
8123.59,25.14,7.1646
8124.59,25.25,7.1646
8125.59,25.12,7.1646
8126.59,25.12,7.1646
8127.59,25.23,7.1646
8128.59,25.11,7.1646
8129.59,25.11,7.1646
8130.6,25.22,7.1646
8131.6,25.16,7.1646
8132.6,25.26,7.1646
8133.6,25.17,7.1646
8134.6,25.17,7.1646
8135.6,25.27,7.1646
8136.61,25.33,7.1646
8137.61,26.26,7.1646
8138.61,25.27,7.1646
8139.61,25.18,7.1646
8140.61,25.27,7.1646
8141.61,25.17,7.1646
8142.61,26.17,7.1646
8143.61,25.27,7.1646
8144.62,25.17,7.1646
8145.62,25.17,7.1646
8146.62,25.28,7.1646
8147.62,25.19,7.1646
8148.62,25.18,7.1646
8149.62,25.28,7.1646
8150.63,25.17,7.1646
8151.63,25.26,7.1646
8152.63,25.19,7.1646
8153.63,25.18,7.1646
8154.63,25.26,7.1646
8155.63,25.16,7.1646
8156.63,25.16,7.1646
8157.64,25.26,7.1646
8158.64,25.12,7.1646
8159.64,25.21,7.1646
8160.64,25.14,7.1646
8161.64,25.15,7.1646
8162.64,25.28,7.1646
8163.65,25.18,7.1646
8164.65,25.27,7.1646
8165.65,25.18,7.1646
8166.65,25.17,7.1646
8167.65,25.27,7.1646
8168.65,25.16,7.1646
8169.65,25.16,7.1646
8170.66,25.28,7.1646
8171.66,25.16,7.1646
8172.66,25.2,7.1646
8173.66,25.3,7.1645
8174.66,25.18,7.1645
8175.66,25.17,7.1645
8176.66,25.18,7.1645
8177.66,25.26,7.1644
8178.67,25.17,7.1644
8179.67,25.27,7.1644
8180.67,25.16,7.1644
8181.67,25.15,7.1644
8182.67,25.25,7.1644
8183.67,25.12,7.1644
8184.68,25.22,7.1644
8185.68,25.12,7.1644
8186.68,25.12,7.1644
8187.68,25.23,7.1644
8188.68,25.16,7.1644
8189.68,25.25,7.1644
8190.68,25.15,7.1644
8191.69,25.17,7.1644
8192.69,25.29,7.1644
8193.69,25.16,7.1644
8194.69,25.26,7.1644
8195.69,25.15,7.1644
8196.69,25.16,7.1644
8197.69,25.3,7.1644
8198.7,25.17,7.1644
8199.7,25.17,7.1644
8200.7,25.26,7.1644
8201.7,25.17,7.1644
8202.7,25.29,7.1645
8203.7,25.16,7.1645
8204.71,25.16,7.1645
8205.71,25.27,7.1644
8206.71,25.15,7.1644
8207.71,25.18,7.1644
8208.71,25.26,7.1644
8209.71,25.16,7.1644
8210.71,25.16,7.1644
8211.72,25.26,7.1644
8212.72,25.19,7.1645
8213.72,25.28,7.1644
8214.72,25.17,7.1644
8215.72,25.18,7.1645
8216.72,25.26,7.1645
8217.72,25.17,7.1645
8218.73,25.17,7.1645
8219.73,25.27,7.1645
8220.73,25.17,7.1645
8221.73,25.26,7.1645
8222.73,25.18,7.1645
8223.73,25.18,7.1645
8224.73,25.26,7.1644
8225.74,25.16,7.1644
8226.74,25.16,7.1644
8227.74,25.36,7.1644
8228.74,25.17,7.1644
8229.74,25.18,7.1644
8230.74,25.27,7.1644
8231.75,25.17,7.1644
8232.75,25.38,7.1644
8233.75,25.17,7.1644
8234.75,25.17,7.1644
8235.75,25.26,7.1644
8236.75,25.17,7.1644
8237.75,25.28,7.1644
8238.76,25.17,7.1645
8239.76,25.32,7.1646
8240.76,25.27,7.1646
8241.76,25.15,7.1646
8242.76,25.18,7.1646
8243.76,25.22,7.1646
8244.76,25.11,7.1646
8245.77,25.11,7.1646
8246.77,25.23,7.1646
8247.77,25.12,7.1646
8248.77,25.12,7.1646
8249.77,25.25,7.1646
8250.77,25.14,7.1646
8251.77,25.17,7.1646
8252.77,25.21,7.1646
8253.78,25.27,7.1646
8254.78,25.17,7.1646
8255.78,25.22,7.1646
8256.78,25.12,7.1646
8257.78,25.13,7.1646
8258.78,25.22,7.1646
8259.79,25.13,7.1646
8260.79,25.23,7.1646
8261.79,25.14,7.1646
8262.79,25.14,7.1646
8263.79,25.22,7.1646
8264.79,25.15,7.1646
8265.79,25.27,7.1646
8266.8,25.16,7.1646
8267.8,25.18,7.1646
8268.8,25.27,7.1646
8269.8,25.17,7.1646
8270.8,25.15,7.1646
8271.8,25.22,7.1646
8272.81,25.14,7.1646
8273.81,25.22,7.1646
8274.81,25.12,7.1646
8275.81,25.12,7.1646
8276.81,25.22,7.1646
8277.81,25.13,7.1646
8278.81,25.12,7.1646
8279.81,25.22,7.1646
8280.82,25.12,7.1646
8281.82,25.12,7.1646
8282.82,25.25,7.1646
8283.82,25.12,7.1646
8284.82,25.12,7.1646
8285.82,25.22,7.1646
8286.82,25.13,7.1646
8287.83,25.15,7.1646
8288.83,25.27,7.1646
8289.83,25.18,7.1646
8290.83,25.27,7.1646
8291.83,25.16,7.1646
8292.83,25.18,7.1646
8293.83,25.25,7.1646
8294.84,25.13,7.1646
8295.84,25.13,7.1646
8296.84,25.22,7.1646
8297.84,25.13,7.1646
8298.84,25.12,7.1646
8299.84,25.23,7.1646
8300.84,25.12,7.1646
8301.85,25.12,7.1646
8302.85,25.25,7.1646
8303.85,25.15,7.1646
8304.85,25.17,7.1646
8305.85,25.28,7.1647
8306.85,25.17,7.1647
8307.85,25.18,7.1647
8308.86,25.27,7.1647
8309.86,25.17,7.1647
8310.86,25.28,7.1647
8311.86,25.15,7.1647
8312.86,25.16,7.1647
8313.86,25.26,7.1647
8314.86,25.11,7.1647
8315.87,25.11,7.1646
8316.87,25.23,7.1646
8317.87,25.19,7.1647
8318.87,25.17,7.1647
8319.87,25.28,7.1647
8320.87,25.16,7.1647
8321.87,25.17,7.1647
8322.88,25.28,7.1647
8323.88,25.14,7.1647
8324.88,25.25,7.1647
8325.88,25.11,7.1647
8326.88,25.14,7.1647
8327.88,25.29,7.1647
8328.88,25.16,7.1647
8329.89,25.17,7.1647
8330.89,25.3,7.1647
8331.89,25.18,7.1647
8332.89,25.19,7.1647
8333.89,25.28,7.1647
8334.89,25.17,7.1647
8335.89,25.15,7.1647
8336.89,25.29,7.1647
8337.9,25.18,7.1647
8338.9,25.16,7.1647
8339.9,25.29,7.1647
8340.9,25.17,7.1647
8341.9,25.17,7.1647
8342.9,25.29,7.1647
8343.91,25.12,7.1647
8344.91,25.22,7.1647
8345.91,25.12,7.1647
8346.91,25.11,7.1647
8347.91,25.22,7.1647
8348.91,25.11,7.1647
8349.91,25.14,7.1647
8350.92,25.26,7.1647
8351.92,25.17,7.1647
8352.92,25.29,7.1647
8353.92,25.13,7.1647
8354.92,25.17,7.1647
8355.92,25.27,7.1647
8356.93,25.17,7.1647
8357.93,25.29,7.1647
8358.93,25.17,7.1647
8359.93,25.17,7.1647
8360.93,25.28,7.1647
8361.93,25.16,7.1647
8362.93,25.18,7.1647
8363.94,25.26,7.1647
8364.94,25.16,7.1646
8365.94,25.27,7.1646
8366.94,25.13,7.1646
8367.94,25.13,7.1646
8368.94,25.22,7.1646
8369.95,25.55,7.1646
8370.95,25.22,7.1646
8371.95,25.11,7.1646
8372.95,25.14,7.1647
8373.95,25.23,7.1647
8374.95,25.12,7.1647
8375.95,25.11,7.1647
8376.96,25.22,7.1647
8377.96,25.13,7.1647
8378.96,25.24,7.1647
8379.96,25.13,7.1647
8380.96,25.12,7.1647
8381.96,25.23,7.1647
8382.97,25.15,7.1647
8383.97,25.23,7.1647
8384.97,25.12,7.1647
8385.97,25.12,7.1647
8386.97,25.24,7.1647
8387.97,25.18,7.1647
8388.97,25.13,7.1647
8389.98,25.22,7.1647
8390.98,25.13,7.1647
8391.98,25.27,7.1647
8392.98,25.18,7.1647
8393.98,25.17,7.1647
8394.98,25.28,7.1647
8395.98,25.17,7.1647
8396.99,25.15,7.1647
8397.99,25.22,7.1647
8398.99,25.11,7.1647
8399.99,25.22,7.1647
8400.99,25.13,7.1647
8401.99,25.13,7.1647
8403.0,25.26,7.1647
8404.0,25.14,7.1647
8405.0,25.28,7.1647
8406.0,25.19,7.1647
8407.0,25.19,7.1647
8408.0,25.33,7.1647
8409.0,25.2,7.1647
8410.01,25.2,7.1647
8411.01,25.26,7.1647
8412.01,25.13,7.1647
8413.01,25.26,7.1647
8414.01,25.16,7.1647
8415.01,25.22,7.1647
8416.02,25.28,7.1647
8417.02,25.36,7.1647
8418.02,25.17,7.1647
8419.02,25.28,7.1647
8420.02,25.18,7.1647
8421.02,25.29,7.1647
8422.03,25.19,7.1647
8423.03,25.32,7.1647
8424.03,25.19,7.1647
8425.03,25.19,7.1647
8426.03,25.28,7.1647
8427.03,25.18,7.1647
8428.03,25.32,7.1647
8429.04,25.2,7.1647
8430.04,25.2,7.1647
8431.04,25.32,7.1647
8432.04,25.18,7.1647
8433.04,25.18,7.1647
8434.04,25.24,7.1647
8435.04,25.13,7.1647
8436.05,25.14,7.1647
8437.05,25.26,7.1647
8438.05,25.15,7.1647
8439.05,25.14,7.1647
8440.05,25.27,7.1647
8441.05,25.17,7.1647
8442.05,25.17,7.1647
8443.06,25.3,7.1647
8444.06,25.17,7.1647
8445.06,25.27,7.1647
8446.06,25.17,7.1647
8447.06,25.29,7.1647
8448.06,25.19,7.1647
8449.07,25.18,7.1647
8450.07,25.27,7.1647
8451.07,25.17,7.1647
8452.07,25.25,7.1647
8453.07,25.83,7.1647
8454.07,25.13,7.1647
8455.08,25.27,7.1647
8456.08,25.17,7.1647
8457.08,25.27,7.1647
8458.08,25.17,7.1647
8459.08,25.17,7.1647
8460.08,25.28,7.1647
8461.09,25.16,7.1647
8462.09,25.27,7.1647
8463.09,25.21,7.1647
8464.09,25.18,7.1647
8465.09,25.26,7.1647
8466.09,25.17,7.1647
8467.1,25.27,7.1647
8468.1,25.19,7.1647
8469.1,25.18,7.1647
8470.1,25.21,7.1647
8471.1,25.11,7.1647
8472.1,25.21,7.1647
8473.11,25.15,7.1647
8474.11,25.27,7.1647
8475.11,25.17,7.1647
8476.11,27.29,7.1647
8477.11,25.27,7.1647
8478.11,25.14,7.1647
8479.11,25.23,7.1647
8480.12,25.13,7.1647
8481.12,25.13,7.1647
8482.12,25.27,7.1647
8483.12,25.21,7.1647
8484.12,25.28,7.1647
8485.12,25.18,7.1647
8486.13,25.18,7.1647
8487.13,25.28,7.1647
8488.13,25.19,7.1647
8489.13,25.28,7.1647
8490.13,25.18,7.1647
8491.13,25.18,7.1647
8492.14,25.27,7.1647
8493.14,25.21,7.1647
8494.14,25.27,7.1647
8495.14,25.18,7.1647
8496.14,25.28,7.1647
8497.14,25.18,7.1647
8498.15,25.19,7.1647
8499.15,30.88,4.8715
8500.15,58.49,2.1839
8501.15,78.63,2.4962
8502.15,86.92,2.6413
8503.15,86.95,2.8777
8504.15,83.01,3.1747
8505.16,80.98,3.4518
8506.16,78.17,3.7171
8507.16,75.63,3.9535
8508.16,76.78,4.1662
8509.16,75.59,4.5628
8510.16,75.81,4.8384
8511.16,76.1,5.1498
8512.17,75.2,5.3589
8513.17,73.45,5.5706
8514.17,53.58,5.8811
8515.17,30.97,6.0163
8516.17,38.77,6.1922
8517.17,66.3,6.6011
8518.17,38.21,7.0595
8519.18,39.79,7.2158
8520.18,29.08,7.2158
8521.18,40.61,7.2206
8522.18,25.11,7.2206
8523.18,25.17,7.2206
8524.18,25.27,7.2206
8525.19,25.26,7.3141
8526.19,25.29,7.3141
8527.19,25.19,7.3141
8528.19,25.31,7.3141
8529.19,33.11,7.5034
8530.19,25.2,7.5034
8531.2,25.29,7.5034
8532.2,25.17,7.5034
8533.2,25.31,7.5034
8534.2,25.17,7.5034
8535.2,25.14,7.5034
8536.2,25.22,7.5034
8537.21,25.12,7.5034
8538.21,31.6,7.504
8539.21,25.19,7.504
8540.21,25.61,7.504
8541.21,25.57,7.504
8542.21,25.16,7.504
8543.22,25.99,7.504
8544.22,25.17,7.504
8545.22,25.28,7.504
8546.22,25.18,7.504
8547.22,31.52,7.5046
8548.22,25.43,7.5046
8549.23,25.24,7.5046
8550.23,25.31,7.5046
8551.23,29.02,7.5046
8552.23,26.33,7.5047
8553.23,25.29,7.5047
8554.23,25.18,7.5047
8555.24,25.27,7.5047
8556.24,25.22,7.5047
8557.24,32.0,7.5046
8558.24,25.18,7.5046
8559.24,25.19,7.5046
8560.24,25.23,7.5046
8561.25,25.14,7.5046
8562.25,25.25,7.5046
8563.25,25.15,7.5046
8564.25,25.14,7.5046
8565.25,25.25,7.5046
8566.25,25.45,7.5046
8567.25,32.74,7.6463
8568.26,25.11,7.6463
8569.26,25.15,7.6463
8570.26,25.3,7.6463
8571.26,25.15,7.6463
8572.26,28.26,7.6463
8573.26,26.86,7.6463
8574.26,25.16,7.6463
8575.27,25.18,7.6463
8576.27,25.25,7.6463
8577.27,25.14,8.0923
8578.27,25.12,8.425
8579.27,39.11,8.8561
8580.27,25.22,8.8561
8581.27,25.31,8.8561
8582.28,25.22,8.8561
8583.28,25.24,8.8561
8584.28,25.3,8.8561
8585.28,25.2,8.8561
8586.28,25.2,8.8561
8587.28,25.31,8.8561
8588.29,25.19,8.8561
8589.29,25.3,8.8561
8590.29,25.19,8.8561
8591.29,25.41,8.8569
8592.29,25.18,8.8569
8593.29,25.19,8.8569
8594.3,25.24,8.8569
8595.3,25.12,8.8569
8596.3,25.27,8.8569
8597.3,25.19,8.8569
8598.3,25.18,8.8569
8599.3,25.31,8.8569
8600.31,25.22,8.8569
8601.31,25.31,8.8569
8602.31,25.23,8.8569
8603.31,25.5,8.8572
8604.31,25.21,8.8572
8605.31,25.21,8.8572
8606.32,25.24,8.8572
8607.32,25.16,8.8572
8608.32,25.29,8.8572
8609.32,25.19,8.8572
8610.32,25.19,8.8572
8611.32,25.3,8.8572
8612.33,25.2,8.8572
8613.33,25.31,8.8572
8614.33,25.18,8.8572
8615.33,25.33,8.8582
8616.33,25.31,8.8582
8617.33,25.2,8.8582
8618.33,25.17,8.8582
8619.34,25.24,8.8582
8620.34,25.13,8.8582
8621.34,25.13,8.8582
8622.34,25.24,8.8582
8623.34,25.19,8.8582
8624.34,25.29,8.8581
8625.35,25.19,8.8581
8626.35,25.41,8.8585
8627.35,25.2,8.8586
8628.35,25.19,8.8586
8629.35,25.29,8.8586
8630.35,25.19,8.8586
8631.36,25.29,8.8586
8632.36,25.21,8.8586
8633.36,25.21,8.8585
8634.36,25.29,8.8585
8635.36,25.19,8.8586
8636.36,25.29,8.8586
8637.36,25.41,8.8591
8638.37,25.18,8.8591
8639.37,25.29,8.8591
8640.37,25.19,8.8591
8641.37,25.29,8.8591
8642.37,25.21,8.8591
8643.37,25.19,8.8591
8644.38,25.26,8.859
8645.38,25.17,8.859
8646.38,25.29,8.859
8647.38,25.2,8.859
8648.38,25.37,8.8592
8649.38,25.2,8.8593
8650.39,25.17,8.8593
8651.39,25.26,8.8593
8652.39,25.21,8.8593
8653.39,25.3,8.8593
8654.39,25.18,8.8593
8655.39,25.19,8.8593
8656.4,25.29,8.8593
8657.4,25.21,8.8593
8658.4,25.29,8.8593
8659.4,25.27,8.8596
8660.4,25.17,8.8596
8661.4,25.27,8.8596
8662.41,25.2,8.8596
8663.41,25.3,8.8596
8664.41,25.19,8.8596
8665.41,25.28,8.8596
8666.41,25.13,8.8596
8667.41,25.2,8.8595
8668.42,25.29,8.8595
8669.42,25.21,8.8596
8670.42,25.33,8.8598
8671.42,25.28,8.8598
8672.42,25.19,8.8598
8673.42,25.29,8.8597
8674.42,25.18,8.8597
8675.43,25.18,8.8597
8676.43,25.3,8.8597
8677.43,25.15,8.8598
8678.43,25.2,8.8598
8679.43,25.29,8.8598
8680.43,25.12,8.8598
8681.43,25.31,8.8601
8682.44,25.29,8.8601
8683.44,25.19,8.8601
8684.44,25.24,8.8601
8685.44,25.21,8.86
8686.44,25.19,8.86
8687.44,25.28,8.86
8688.45,25.18,8.8601
8689.45,25.28,8.8601
8690.45,25.18,8.8602
8691.45,25.13,8.8602
8692.45,27.12,8.8603
8693.45,25.15,8.8603
8694.45,25.13,8.8603
8695.46,25.23,8.8603
8696.46,25.18,8.8603
8697.46,25.3,8.8603
8698.46,25.18,8.8604
8699.46,25.21,8.8604
8700.46,25.28,8.8604
8701.47,25.18,8.8604
8702.47,25.15,8.8604
8703.47,25.35,8.8609
8704.47,25.16,8.8608
8705.47,25.26,8.8608
8706.47,25.14,8.8609
8707.47,25.15,8.8609
8708.48,25.29,8.8609
8709.48,25.19,8.8609
8710.48,25.29,8.8609
8711.48,25.19,8.8609
8712.48,25.2,8.8609
8713.48,25.32,8.861
8714.48,25.27,8.8612
8715.49,25.14,8.8612
8716.49,25.24,8.8612
8717.49,25.15,8.8612
8718.49,25.24,8.8612
8719.49,25.18,8.8612
8720.49,25.19,8.8612
8721.5,25.29,8.8612
8722.5,25.3,8.8612
8723.5,25.28,8.8613
8724.5,25.49,8.8615
8725.5,25.19,8.8615
8726.5,25.28,8.8615
8727.51,25.2,8.8615
8728.51,25.28,8.8615
8729.51,25.19,8.8615
8730.51,25.19,8.8615
8731.51,25.29,8.8615
8732.51,25.2,8.8615
8733.52,25.3,8.8615
8734.52,25.15,8.8615
8735.52,25.42,8.8618
8736.52,25.13,8.8618
8737.52,25.18,8.8618
8738.52,25.22,8.8618
8739.52,25.14,8.8618
8740.53,25.13,8.8619
8741.53,25.23,8.8619
8742.53,25.15,8.8619
8743.53,25.25,8.8619
8744.53,25.14,8.8618
8745.53,25.13,8.8618
8746.54,25.43,8.8621
8747.54,25.2,8.8621
8748.54,25.27,8.862
8749.54,25.18,8.862
8750.54,25.18,8.8622
8751.54,25.28,8.8622
8752.55,25.2,8.8622
8753.55,25.3,8.862
8754.55,25.16,8.862
8755.55,25.25,8.862
8756.55,25.13,8.862
8757.55,25.17,8.8622
8758.56,25.46,8.8623
8759.56,25.19,8.8623
8760.56,25.19,8.8623
8761.56,25.29,8.8623
8762.56,25.2,8.8623
8763.56,25.29,8.8623
8764.57,25.14,8.8623
8765.57,25.24,8.8623
8766.57,25.13,8.8623
8767.57,25.15,8.8623
8768.57,25.23,8.8623
8769.57,25.27,8.8625
8770.58,25.23,8.8626
8771.58,25.13,8.8626
8772.58,25.38,8.8626
8773.58,25.25,8.8626
8774.58,25.14,8.8626
8775.58,25.25,8.8626
8776.58,25.13,8.8626
8777.59,25.15,8.8626
8778.59,25.26,8.8626
8779.59,25.14,8.8626
8780.59,25.24,8.8951
8781.59,25.31,8.8951
8782.59,25.23,8.8951
8783.59,25.21,8.8951
8784.59,25.29,8.895
8785.6,25.19,8.895
8786.6,25.2,8.895
8787.6,25.31,8.895
8788.6,25.19,8.895
8789.6,25.29,8.895
8790.6,25.19,8.8951
8791.61,25.18,8.8951
8792.61,25.4,8.8956
8793.61,25.18,8.8956
8794.61,25.27,8.8956
8795.61,25.18,8.8956
8796.61,25.17,8.8956
8797.62,25.28,8.8956
8798.62,25.15,8.8956
8799.62,25.23,8.8956
8800.62,25.13,8.8956
8801.62,25.14,8.8956
8802.62,25.29,8.8956
8803.62,25.39,8.9273
8804.63,25.12,8.9273
8805.63,25.22,8.9273
8806.63,25.13,8.9273
8807.63,25.27,8.9273
8808.63,25.13,8.9273
8809.63,25.24,8.9273
8810.64,25.13,8.9273
8811.64,25.14,8.9273
8812.64,25.3,8.9273
8813.64,25.19,8.9273
8814.64,25.41,8.9273
8815.64,25.19,8.9273
8816.65,25.19,8.9274
8817.65,25.32,8.9274
8818.65,25.19,8.9274
8819.65,25.29,8.9274
8820.65,25.19,8.9274
8821.65,25.19,8.9274
8822.66,25.32,8.9274
8823.66,25.19,8.9274
8824.66,25.29,8.9274
8825.66,25.18,8.9274
8826.66,25.43,8.9564
8827.66,25.19,8.9564
8828.67,25.13,8.9564
8829.67,25.24,8.9564
8830.67,25.15,8.9564
8831.67,25.25,8.9564
8832.67,25.18,8.9564
8833.67,25.15,8.9564
8834.68,25.25,8.9564
8835.68,25.13,8.9564
8836.68,25.23,8.9564
8837.68,25.37,8.9566
8838.68,25.21,8.9566
8839.68,25.13,8.9566
8840.69,25.13,8.9566
8841.69,25.23,8.9566
8842.69,25.17,8.9566
8843.69,25.24,8.9566
8844.69,25.14,8.9566
8845.69,25.14,8.9566
8846.7,25.24,8.9566
8847.7,25.15,8.9566
8848.7,25.23,8.9566
8849.7,25.27,8.9824
8850.7,25.23,8.9824
8851.7,25.15,8.9824
8852.71,25.17,8.9824
8853.71,25.23,8.9824
8854.71,25.14,8.9824
8855.71,25.24,8.9824
8856.71,25.17,8.9824
8857.71,25.19,8.9824
8858.72,25.24,8.9824
8859.72,25.15,8.9824
8860.72,25.24,8.9825
8861.72,25.29,8.9828
8862.72,25.27,8.9828
8863.72,25.13,8.9828
8864.73,25.14,8.9828
8865.73,25.24,8.9828
8866.73,25.14,8.9828
8867.73,25.25,8.9828
8868.73,25.14,8.9828
8869.73,25.19,8.9828
8870.74,25.29,8.9828
8871.74,25.2,8.9828
8872.74,25.57,9.006
8873.74,25.19,9.006
8874.74,25.19,9.006
8875.74,25.24,9.006
8876.75,25.13,9.006
8877.75,25.25,9.006
8878.75,25.14,9.006
8879.75,25.18,9.006
8880.75,25.29,9.006
8881.75,25.19,9.006
8882.75,25.28,9.006
8883.76,25.28,9.0061
8884.76,25.19,9.006
8885.76,25.29,9.006
8886.76,25.16,9.006
8887.76,25.25,9.0062
8888.76,25.18,9.0062
8889.77,25.19,9.0062
8890.77,25.27,9.0062
8891.77,25.21,9.0062
8892.77,25.22,9.0062
8893.77,25.29,9.0062
8894.77,25.2,9.0062
8895.78,25.42,9.0142
8896.78,25.17,9.0142
8897.78,25.18,9.0142
8898.78,25.28,9.0142
8899.78,25.19,9.0142
8900.78,25.28,9.0142
8901.79,25.18,9.0142
8902.79,25.32,9.0142
8903.79,25.19,9.0142
8904.79,25.19,9.0142
8905.79,25.29,9.0142
8906.79,25.35,9.0143
8907.8,25.3,9.0143
8908.8,25.19,9.0143
8909.8,25.19,9.0143
8910.8,25.28,9.0143
8911.8,25.19,9.0143
8912.8,25.31,9.0143
8913.81,25.13,9.0143
8914.81,25.23,9.0143
8915.81,25.13,9.0143
8916.81,25.13,9.0143
8917.81,25.28,9.0143
8918.81,25.31,9.0146
8919.82,25.24,9.0146
8920.82,25.13,9.0146
8921.82,25.13,9.0146
8922.82,25.28,9.0146
8923.82,25.2,9.0146
8924.82,25.25,9.0146
8925.82,25.13,9.0146
8926.83,25.13,9.0146
8927.83,25.24,9.0146
8928.83,25.15,9.0146
8929.83,25.43,9.0147
8930.83,25.16,9.0147
8931.83,25.13,9.0147
8932.84,25.26,9.0147
8933.84,25.19,9.0147
8934.84,25.24,9.0147
8935.84,25.13,9.0147
8936.84,25.12,9.0147
8937.84,25.23,9.0147
8938.85,25.12,9.0147
8939.85,25.22,9.0147
8940.85,25.11,9.0147
8941.85,25.34,9.0153
8942.85,25.2,9.0153
8943.85,25.18,9.0153
8944.86,25.28,9.0153
8945.86,25.18,9.0153
8946.86,25.28,9.0153
8947.86,25.19,9.0152
8948.86,25.29,9.0153
8949.86,25.2,9.0153
8950.87,25.19,9.0153
8951.87,25.29,9.0153
8952.87,25.54,9.0155
8953.87,25.28,9.0155
8954.87,25.19,9.0155
8955.87,25.18,9.0155
8956.88,25.28,9.0155
8957.88,25.21,9.0155
8958.88,25.3,9.0155
8959.88,25.2,9.0155
8960.88,25.3,9.0155
8961.88,25.19,9.0155
8962.89,25.37,9.0155
8963.89,25.44,9.0157
8964.89,25.14,9.0157
8965.89,25.36,9.0157
8966.89,25.14,9.0157
8967.89,25.15,9.0157
8968.9,25.24,9.0157
8969.9,25.14,9.0157
8970.9,25.25,9.0157
8971.9,25.14,9.0157
8972.9,25.18,9.0157
8973.9,25.29,9.0157
8974.91,25.4,9.0158
8975.91,25.29,9.0158
8976.91,25.19,9.0158
8977.91,25.21,9.0158
8978.91,25.27,9.0158
8979.91,25.2,9.0158
8980.91,25.19,9.0158
8981.92,25.29,9.0158
8982.92,25.22,9.0158
8983.92,25.26,9.0158
8984.92,25.17,9.0158
8985.92,25.27,9.0158
8986.92,25.37,9.0161
8987.93,25.2,9.0161
8988.93,25.28,9.0161
8989.93,25.17,9.0161
8990.93,25.18,9.0161
8991.93,25.28,9.0161
8992.93,25.21,9.0161
8993.93,25.29,9.0161
8994.94,25.18,9.0161
8995.94,25.2,9.0161
8996.94,25.27,9.0161
8997.94,25.19,9.0161
8998.94,25.36,9.0163
8999.94,25.26,9.0163
9000.95,25.18,9.0163
9001.95,25.27,9.0163
9002.95,25.4,9.0163
9003.95,25.16,9.0163
9004.95,25.23,9.0163
9005.95,25.13,9.0163
9006.95,25.25,9.0163
9007.96,25.19,9.0163
9008.96,25.16,9.0163
9009.96,25.32,9.0163
9010.96,25.35,9.0164
9011.96,25.18,9.0164
9012.96,25.29,9.0164
9013.97,25.15,9.0164
9014.97,25.24,9.0164
9015.97,25.14,9.0164
9016.97,25.14,9.0164
9017.97,25.25,9.0164
9018.97,25.14,9.0164
9019.98,25.24,9.0164
9020.98,25.14,9.0164
9021.98,25.41,9.0165
9022.98,25.19,9.0165
9023.98,25.19,9.0165
9024.98,25.3,9.0165
9025.99,25.19,9.0165
9026.99,25.28,9.0165
9027.99,25.21,9.0165
9028.99,25.19,9.0165
9029.99,25.3,9.0165
9030.99,25.18,9.0165
9032.0,25.28,9.0165
9033.0,25.21,9.0165
9034.0,25.58,9.0167
9035.0,25.16,9.0167
9036.0,25.18,9.0167
9037.0,25.3,9.0167
9038.0,25.2,9.0167
9039.01,25.19,9.0167
9040.01,25.3,9.0167
9041.01,25.19,9.0167
9042.01,25.29,9.0167
9043.01,25.21,9.0167
9044.01,25.18,9.0167
9045.02,25.28,9.0167
9046.02,25.38,9.0169
9047.02,25.28,9.0169
9048.02,25.2,9.0169
9049.02,25.29,9.0169
9050.02,25.19,9.0169
9051.03,25.19,9.0169
9052.03,25.29,9.0169
9053.03,25.2,9.0169
9054.03,25.29,9.0169
9055.03,25.18,9.0169
9056.03,25.16,9.0169
9057.04,25.43,9.0171
9058.04,25.15,9.0171
9059.04,25.29,9.0171
9060.04,25.14,9.0171
9061.04,25.12,9.0171
9062.04,25.25,9.0171
9063.05,25.21,9.0171
9064.05,25.24,9.0171
9065.05,25.13,9.0171
9066.05,25.13,9.0171
9067.05,25.22,9.0171
9068.05,25.13,9.0171
9069.06,25.44,9.0174
9070.06,25.26,9.0174
9071.06,25.29,9.0174
9072.06,25.19,9.0174
9073.06,25.21,9.0174
9074.06,25.31,9.0174
9075.07,25.2,9.0174
9076.07,25.3,9.0174
9077.07,25.2,9.0174
9078.07,25.2,9.0174
9079.07,25.3,9.0174
9080.07,25.2,9.0174
9081.08,25.42,9.0176
9082.08,25.19,9.0176
9083.08,25.22,9.0176
9084.08,25.29,9.0176
9085.08,25.18,9.0176
9086.08,25.28,9.0176
9087.09,25.18,9.0176
9088.09,25.29,9.0176
9089.09,25.19,9.0176
9090.09,25.18,9.0176
9091.09,25.31,9.0176
9092.09,25.18,9.0176
9093.09,25.38,9.018
9094.1,25.29,9.018
9095.1,25.19,9.018
9096.1,25.3,9.018
9097.1,25.19,9.018
9098.1,25.2,9.018
9099.1,25.33,9.018
9100.1,25.12,9.018
9101.11,25.12,9.018
9102.11,25.23,9.018
9103.11,25.21,9.018
9104.11,25.52,9.0181
9105.11,25.3,9.0181
9106.11,25.19,9.0181
9107.12,25.29,9.0181
9108.12,25.2,9.0181
9109.12,25.19,9.0181
9110.12,25.28,9.0179
9111.12,25.17,9.0179
9112.12,25.28,9.0179
9113.13,25.22,9.018
9114.13,25.29,9.018
9115.13,25.19,9.018
9116.13,25.33,9.0182
9117.13,25.29,9.0182
9118.13,25.2,9.0182
9119.14,25.3,9.0182
9120.14,25.19,9.0182
9121.14,25.16,9.0182
9122.14,25.28,9.0182
9123.14,25.21,9.0182
9124.14,25.29,9.0182
9125.15,25.13,9.0181
9126.15,25.29,9.0181
9127.15,25.36,9.0189
9128.15,25.3,9.0189
9129.15,25.2,9.0189
9130.15,25.18,9.0189
9131.16,25.29,9.0189
9132.16,25.18,9.0189
9133.16,25.32,9.0189
9134.16,25.19,9.0189
9135.16,25.21,9.0189
9136.16,25.29,9.0189
9137.17,25.19,9.0189
9138.17,25.3,9.0189
9139.17,25.38,9.0194
9140.17,25.16,9.0194
9141.17,25.24,9.0194
9142.17,25.15,9.0194
9143.17,25.2,9.0194
9144.17,25.25,9.0194
9145.18,25.13,9.0194
9146.18,25.15,9.0194
9147.18,25.23,9.0194
9148.18,25.13,9.0194
9149.18,25.13,9.0194
9150.18,25.25,9.0194
9151.18,25.35,9.0195
9152.19,25.14,9.0195
9153.19,25.3,9.0195
9154.19,25.17,9.0195
9155.19,25.13,9.0195
9156.19,25.24,9.0195
9157.19,25.17,9.0195
9158.19,25.29,9.0195
9159.2,25.19,9.0195
9160.2,25.18,9.0195
9161.2,25.28,9.0195
9162.2,25.17,9.0195
9163.2,25.54,9.02
9164.2,25.18,9.02
9165.21,25.19,9.02
9166.21,25.28,9.02
9167.21,25.18,9.02
9168.21,25.19,9.02
9169.21,25.29,9.02
9170.21,25.18,9.02
9171.21,25.29,9.02
9172.22,25.19,9.02
9173.22,26.21,9.02
9174.22,25.66,9.0201
9175.22,25.19,9.0201
9176.22,25.19,9.0201
9177.22,25.3,9.0201
9178.23,25.18,9.0201
9179.23,25.29,9.0201
9180.23,25.18,9.0201
9181.23,25.19,9.0201
9182.23,25.3,9.0201
9183.23,25.72,9.0201
9184.23,25.3,9.0201
9185.24,25.3,9.0205
9186.24,25.19,9.0205
9187.24,25.3,9.0205
9188.24,25.19,9.0205
9189.24,25.29,9.0205
9190.24,25.19,9.0206
9191.25,25.29,9.0206
9192.25,25.19,9.0206
9193.25,25.2,9.0206
9194.25,25.28,9.0206
9195.25,25.19,9.0206
9196.25,25.24,9.0206
9197.26,25.3,9.0207
9198.26,25.14,9.0207
9199.26,25.24,9.0207
9200.26,25.14,9.0207
9201.26,25.24,9.0207
9202.27,25.15,9.0207
9203.27,25.3,9.0207
9204.27,25.18,9.0207
9205.27,25.19,9.0207
9206.27,25.28,9.0207
9207.27,25.19,9.0207
9208.28,25.5,9.0211
9209.28,25.18,9.0211
9210.28,25.19,9.0211
9211.28,25.29,9.0211
9212.28,25.19,9.0211
9213.28,25.25,9.0211
9214.29,25.18,9.0211
9215.29,25.2,9.0211
9216.29,25.28,9.0211
9217.29,25.19,9.0211
9218.29,25.29,9.0211
9219.29,25.19,9.0211
9220.29,25.36,9.0213
9221.3,25.26,9.0213
9222.3,25.2,9.0213
9223.3,25.32,9.0213
9224.3,25.19,9.0213
9225.3,25.19,9.0213
9226.3,25.3,9.0213
9227.31,25.2,9.0213
9228.31,25.29,9.0213
9229.31,25.2,9.0213
9230.31,25.19,9.0213
9231.31,25.28,9.0213
9232.31,25.35,9.0217
9233.32,25.31,9.0217
9234.32,25.2,9.0217
9235.32,25.21,9.0217
9236.32,25.3,9.0217
9237.32,25.2,9.0217
9238.32,25.29,9.0217
9239.32,25.19,9.0217
9240.33,25.19,9.0217
9241.33,25.28,9.0217
9242.33,25.19,9.0217
9243.33,25.29,9.0217
9244.33,25.33,9.0223
9245.33,25.12,9.0223
9246.34,25.23,9.0223
9247.34,25.15,9.0223
9248.34,25.28,9.0223
9249.34,25.2,9.0223
9250.34,25.25,9.0223
9251.34,25.19,9.0223
9252.35,25.2,9.0223
9253.35,25.33,9.0223
9254.35,25.18,9.0223
9255.35,25.4,9.0225
9256.35,25.3,9.0225
9257.35,25.19,9.0225
9258.35,25.18,9.0225
9259.35,25.3,9.0225
9260.36,25.18,9.0225
9261.36,25.13,9.0225
9262.36,25.28,9.0225
9263.36,25.2,9.0225
9264.36,25.3,9.0225
9265.36,25.19,9.0225
9266.37,25.18,9.0225
9267.37,25.5,9.0247
9268.37,25.18,9.0247
9269.37,25.18,9.0247
9270.37,25.31,9.0247
9271.37,25.18,9.0247
9272.37,25.19,9.0247
9273.37,25.32,9.0247
9274.38,25.2,9.0247
9275.38,25.19,9.0247
9276.38,25.28,9.0247
9277.38,25.2,9.0247
9278.38,25.28,9.0247
9279.38,25.4,9.025
9280.39,25.18,9.025
9281.39,25.28,9.025
9282.39,25.19,9.025
9283.39,25.3,9.025
9284.39,25.18,9.025
9285.39,25.18,9.025
9286.4,25.28,9.025
9287.4,25.17,9.025
9288.4,25.24,9.025
9289.4,25.13,9.025
9290.4,25.33,9.0262
9291.4,25.29,9.0262
9292.41,25.2,9.0262
9293.41,25.31,9.0262
9294.41,25.19,9.0262
9295.41,25.19,9.0262
9296.41,25.29,9.0262
9297.41,25.2,9.0262
9298.41,25.3,9.0262
9299.42,25.16,9.0262
9300.42,25.14,9.0262
9301.42,25.24,9.0262
9302.42,25.3,9.0266
9303.42,25.3,9.0266
9304.42,25.19,9.0266
9305.43,25.19,9.0266
9306.43,25.28,9.0266
9307.43,25.2,9.0266
9308.43,25.29,9.0266
9309.43,25.2,9.0266
9310.43,25.2,9.0266
9311.44,25.29,9.0266
9312.44,25.2,9.0266
9313.44,25.31,9.0266
9314.44,25.38,9.0279
9315.44,25.3,9.0279
9316.44,25.19,9.0279
9317.45,25.2,9.0279
9318.45,25.29,9.0279
9319.45,25.18,9.0279
9320.45,25.3,9.0279
9321.45,25.19,9.0279
9322.45,25.2,9.0279
9323.46,25.31,9.0279
9324.46,25.19,9.0279
9325.46,25.67,9.028
9326.46,25.19,9.028
9327.46,25.2,9.028
9328.46,25.29,9.028
9329.47,25.2,9.028
9330.47,25.3,9.028
9331.47,25.19,9.028
9332.47,25.2,9.028
9333.47,25.31,9.028
9334.47,25.19,9.028
9335.47,25.31,9.028
9336.48,25.2,9.028
9337.48,25.34,9.0295
9338.48,25.29,9.0295
9339.48,25.2,9.0295
9340.48,25.29,9.0295
9341.48,25.19,9.0295
9342.49,25.2,9.0295
9343.49,25.31,9.0295
9344.49,25.15,9.0295
9345.49,25.15,9.0295
9346.49,25.26,9.0295
9347.49,25.2,9.0295
9348.49,25.52,9.0298
9349.5,25.19,9.0298
9350.5,25.19,9.0298
9351.5,25.29,9.0298
9352.5,25.2,9.0298
9353.5,25.31,9.0298
9354.5,25.2,9.0298
9355.51,25.19,9.0298
9356.51,25.24,9.0298
9357.51,25.14,9.0298
9358.51,25.3,9.0298
9359.51,25.19,9.0298
9360.51,25.39,9.0308
9361.52,25.29,9.0308
9362.52,25.2,9.0308
9363.52,25.31,9.0308
9364.52,25.19,9.0308
9365.52,25.2,9.0308
9366.52,25.29,9.0308
9367.53,25.2,9.0308
9368.53,25.29,9.0308
9369.53,25.2,9.0308
9370.53,25.19,9.0308
9371.53,25.48,9.0312
9372.53,25.18,9.0312
9373.54,25.25,9.0312
9374.54,25.18,9.0312
9375.54,25.28,9.0312
9376.54,25.18,9.0312
9377.54,25.19,9.0312
9378.54,25.28,9.0312
9379.55,25.19,9.0312
9380.55,25.23,9.0312
9381.55,25.18,9.0312
9382.55,25.18,9.0312
9383.55,25.3,9.0312
9384.55,25.41,9.0326
9385.55,25.15,9.0326
9386.56,25.23,9.0326
9387.56,25.12,9.0326
9388.56,25.22,9.0326
9389.56,25.12,9.0326
9390.56,25.16,9.0326
9391.56,25.3,9.0326
9392.56,25.2,9.0326
9393.57,25.2,9.0326
9394.57,25.29,9.0326
9395.57,25.49,9.0339
9396.57,25.28,9.0339
9397.57,25.19,9.0339
9398.57,25.18,9.0339
9399.58,25.29,9.0339
9400.58,25.18,9.0339
9401.58,25.25,9.0339
9402.58,25.15,9.0339
9403.58,25.16,9.0339
9404.58,25.28,9.0339
9405.58,25.19,9.0339
9406.59,25.59,9.034
9407.59,25.29,9.034
9408.59,25.18,9.034
9409.59,25.28,9.034
9410.59,25.18,9.034
9411.59,25.19,9.034
9412.6,25.29,9.034
9413.6,25.17,9.034
9414.6,25.28,9.034
9415.6,25.19,9.034
9416.6,25.29,9.034
9417.6,25.19,9.034
9418.61,25.4,9.0343
9419.61,25.29,9.0343
9420.61,25.18,9.0343
9421.61,25.3,9.0343
9422.61,25.22,9.0343
9423.61,25.19,9.0343
9424.61,25.31,9.0343
9425.62,25.19,9.0343
9426.62,25.19,9.0343
9427.62,25.32,9.0343
9428.62,25.18,9.0343
9429.62,25.44,9.0346
9430.62,25.3,9.0346
9431.63,25.19,9.0346
9432.63,25.32,9.0346
9433.63,25.19,9.0346
9434.63,25.19,9.0346
9435.63,25.3,9.0346
9436.63,25.2,9.0346
9437.64,25.3,9.0346
9438.64,25.19,9.0346
9439.64,25.3,9.0346
9440.64,25.19,9.0346
9441.64,25.33,9.0349
9442.64,25.32,9.0349
9443.65,25.19,9.0349
9444.65,25.29,9.0349
9445.65,25.19,9.0349
9446.65,25.29,9.0349
9447.65,25.2,9.0349
9448.65,25.19,9.0349
9449.66,25.29,9.0349
9450.66,25.19,9.0349
9451.66,25.29,9.0349
9452.66,25.22,9.0349
9453.66,25.36,9.0351
9454.66,25.29,9.0351
9455.67,25.15,9.0351
9456.67,25.26,9.0351
9457.67,25.2,9.0351
9458.67,25.19,9.0351
9459.67,25.3,9.0351
9460.67,25.13,9.0351
9461.68,25.22,9.0351
9462.68,25.2,9.0351
9463.68,25.19,9.0351
9464.68,25.3,9.0351
9465.68,25.29,9.0351
9466.68,25.27,9.0351
9467.69,25.2,9.0351
9468.69,25.3,9.0351
9469.69,25.2,9.0351
9470.69,25.2,9.0351
9471.69,25.25,9.0351
9472.69,25.19,9.0351
9473.69,25.3,9.0351
9474.7,25.19,9.0351
9475.7,25.19,9.0352
9476.7,25.69,9.0357
9477.7,25.2,9.0357
9478.7,25.29,9.0357
9479.7,25.19,9.0357
9480.71,25.19,9.0357
9481.71,25.29,9.0357
9482.71,25.21,9.0357
9483.71,25.23,9.0357
9484.71,25.17,9.0357
9485.71,25.18,9.0357
9486.72,25.29,9.0357
9487.72,25.2,9.0357
9488.72,25.5,9.0359
9489.72,25.19,9.0359
9490.72,25.29,9.0359
9491.72,25.19,9.0359
9492.73,25.21,9.0359
9493.73,25.28,9.0359
9494.73,25.15,9.0359
9495.73,25.24,9.0359
9496.73,25.14,9.0359
9497.73,25.15,9.0359
9498.74,25.23,9.0359
9499.74,25.39,9.0365
9500.74,25.25,9.0365
9501.74,25.14,9.0365
9502.74,25.19,9.0365
9503.74,25.22,9.0365
9504.74,25.12,9.0365
9505.75,25.12,9.0365
9506.75,25.25,9.0365
9507.75,25.14,9.0365
9508.75,25.14,9.0365
9509.75,25.3,9.0365
9510.75,25.17,9.0365
9511.75,25.18,9.0365
9512.75,25.54,9.0368
9513.76,25.17,9.0368
9514.76,25.17,9.0368
9515.76,25.29,9.0368
9516.76,25.2,9.0368
9517.76,25.2,9.0368
9518.76,25.28,9.0368
9519.76,25.2,9.0368
9520.77,25.19,9.0368
9521.77,25.28,9.0368
9522.77,25.21,9.0368
9523.77,25.51,9.037
9524.77,25.2,9.037
9525.77,25.2,9.037
9526.78,25.29,9.037
9527.78,25.2,9.037
9528.78,25.28,9.037
9529.78,25.18,9.037
9530.78,25.29,9.037
9531.78,25.18,9.037
9532.79,25.21,9.037
9533.79,25.28,9.037
9534.79,25.18,9.037
9535.79,25.46,9.0371
9536.79,25.18,9.0371
9537.79,25.3,9.0371
9538.8,25.19,9.0371
9539.8,25.19,9.0371
9540.8,25.29,9.0371
9541.8,25.18,9.0371
9542.8,25.31,9.0371
9543.8,25.19,9.0371
9544.81,25.19,9.0371
9545.81,25.29,9.0371
9546.81,25.2,9.0371
9547.81,25.68,9.0374
9548.81,25.21,9.0374
9549.81,25.2,9.0374
9550.82,25.28,9.0374
9551.82,25.19,9.0374
9552.82,25.31,9.0374
9553.82,25.19,9.0374
9554.82,25.29,9.0374
9555.82,25.18,9.0374
9556.83,25.21,9.0374
9557.83,25.3,9.0374
9558.83,25.18,9.0374
9559.83,25.3,9.0379
9560.83,25.29,9.0379
9561.83,25.19,9.0379
9562.83,25.33,9.038
9563.84,25.19,9.038
9564.84,25.2,9.038
9565.84,25.3,9.038
9566.84,25.17,9.038
9567.84,25.16,9.038
9568.84,25.23,9.038
9569.85,25.13,9.038
9570.85,25.5,9.0383
9571.85,25.19,9.0383
9572.85,25.22,9.0383
9573.85,25.29,9.0383
9574.85,25.18,9.0383
9575.86,25.25,9.0383
9576.86,25.15,9.0383
9577.86,25.27,9.0383
9578.86,25.16,9.0383
9579.86,25.21,9.0383
9580.86,25.31,9.0383
9581.86,25.17,9.0383
9582.87,25.42,9.0385
9583.87,25.27,9.0385
9584.87,25.18,9.0385
9585.87,25.27,9.0385
9586.87,25.18,9.0385
9587.87,25.19,9.0385
9588.88,25.28,9.0385
9589.88,25.18,9.0385
9590.88,25.28,9.0385
9591.88,25.18,9.0385
9592.88,25.31,9.0385
9593.88,25.4,9.0386
9594.89,25.18,9.0386
9595.89,25.3,9.0386
9596.89,25.18,9.0386
9597.89,25.2,9.0386
9598.89,25.28,9.0387
9599.89,25.12,9.0387
9600.9,25.23,9.0387
9601.9,25.14,9.0387
9602.9,25.18,9.0387
9603.9,25.29,9.0387
9604.9,25.2,9.0387
9605.9,25.53,9.0391
9606.9,25.19,9.0391
9607.91,25.2,9.0391
9608.91,25.24,9.0391
9609.91,25.16,9.0391
9610.91,25.29,9.0391
9611.91,25.21,9.0391
9612.91,25.33,9.0391
9613.92,25.2,9.0391
9614.92,25.2,9.0391
9615.92,25.3,9.0391
9616.92,25.19,9.0391
9617.92,25.52,9.0392
9618.92,25.18,9.0392
9619.93,25.19,9.0392
9620.93,25.28,9.0391
9621.93,25.18,9.0391
9622.93,25.31,9.0391
9623.93,25.19,9.0391
9624.93,25.29,9.0391
9625.94,25.19,9.0391
9626.94,25.19,9.0391
9627.94,25.29,9.0391
9628.94,25.19,9.0391
9629.94,25.71,9.0394
9630.94,25.22,9.0394
9631.95,25.2,9.0395
9632.95,25.33,9.0395
9633.95,25.21,9.0395
9634.95,25.31,9.0395
9635.95,25.21,9.0395
9636.95,25.2,9.0395
9637.96,25.31,9.0395
9638.96,25.21,9.0395
9639.96,25.14,9.0395
9640.96,25.23,9.0395
9641.96,25.14,9.0395
9642.96,25.44,9.0395
9643.96,25.13,9.0395
9644.97,25.13,9.0395
9645.97,25.27,9.0395
9646.97,25.2,9.0395
9647.97,25.31,9.0395
9648.97,25.18,9.0395
9649.97,25.18,9.0395
9650.98,25.3,9.0395
9651.98,25.19,9.0395
9652.98,25.31,9.0395
9653.98,25.19,9.0395
9654.98,25.52,9.0396
9655.98,25.19,9.0396
9656.99,25.2,9.0396
9657.99,25.3,9.0396
9658.99,25.2,9.0396
9659.99,25.2,9.0396
9660.99,25.3,9.0396
9661.99,25.2,9.0396
9663.0,25.32,9.0396
9664.0,25.16,9.0396
9665.0,25.26,9.0396
9666.0,25.15,9.0396
9667.0,25.31,9.0398
9668.0,25.32,9.0398
9669.0,25.21,9.0398
9670.01,25.2,9.0398
9671.01,25.28,9.0398
9672.01,25.18,9.0398
9673.01,25.2,9.0398
9674.01,25.28,9.0398
9675.01,25.18,9.0398
9676.02,25.27,9.0398
9677.02,25.17,9.0398
9678.02,25.49,9.04
9679.02,25.12,9.04
9680.02,25.16,9.04
9681.02,25.29,9.04
9682.03,25.18,9.04
9683.03,25.31,9.04
9684.03,25.18,9.04
9685.03,25.18,9.04
9686.03,25.28,9.04
9687.03,25.18,9.04
9688.04,25.3,9.04
9689.04,25.18,9.04
9690.04,25.48,9.0402
9691.04,25.17,9.0402
9692.04,25.16,9.0402
9693.04,25.3,9.0402
9694.04,25.15,9.0402
9695.05,25.13,9.0402
9696.05,25.25,9.0402
9697.05,25.13,9.0402
9698.05,25.27,9.0402
9699.05,25.18,9.0402
9700.05,63.44,2.1546
9701.05,80.98,2.4603
9702.06,87.13,2.5889
9703.06,86.92,2.8171
9704.06,82.53,3.1103
9705.06,78.41,3.39
9706.06,78.31,3.6466
9707.06,77.1,3.8769
9708.07,75.53,4.094
9709.07,76.73,4.3894
9710.07,76.17,4.5871
9711.07,75.68,4.8383
9712.07,76.34,5.1237
9713.07,75.26,5.3371
9714.07,75.78,5.5472
9715.08,76.31,5.8117
9716.08,68.59,5.9543
9717.08,49.26,6.1206
9718.08,59.22,6.3243
9719.08,51.76,6.7528
9720.08,78.65,7.2315
9721.09,58.38,7.2773
9722.09,78.59,7.2828
9723.09,68.4,7.2839
9724.09,36.3,7.2841
9725.09,44.33,7.2757
9726.09,25.22,7.2757
9727.1,26.64,7.2757
9728.1,29.88,6.0065
9729.1,51.13,2.1669
9730.1,89.82,2.3614
9731.1,71.73,2.0903
9732.1,76.86,2.2657
9733.1,88.56,2.4286
9734.11,64.13,2.0945
9735.11,80.64,2.3241
9736.11,76.47,2.5314
9737.11,84.9,2.6664
9738.11,85.71,2.8514
9739.11,86.3,3.113
9740.11,83.05,3.3561
9741.11,80.26,3.5933
9742.12,77.38,3.7599
9743.12,76.47,3.9102
9744.12,76.37,4.0277
9745.12,79.28,4.1928
9746.12,63.53,4.3771
9747.12,56.62,4.5817
9748.13,53.53,4.8109
9749.13,55.33,5.2028
9750.13,53.4,5.6506
9751.13,59.78,6.1246
9752.13,51.18,6.5627
9753.13,39.15,6.9921
9754.14,43.75,7.2764
9755.14,25.52,7.2764
9756.14,25.32,7.3766
9757.14,26.61,7.3766
9758.14,32.67,7.3766
9759.14,25.29,7.3766
9760.15,25.27,7.3765
9761.15,25.28,7.3765
9762.15,26.29,7.3765
9763.15,26.31,7.3765
9764.15,25.23,7.3765
9765.15,34.69,7.6022
9766.16,25.26,7.6022
9767.16,25.39,7.6022
9768.16,26.1,7.6022
9769.16,25.28,7.6022
9770.16,25.18,7.6022
9771.16,25.39,7.6022
9772.16,25.14,7.6022
9773.17,25.2,7.6022
9774.17,25.25,7.6022
9775.17,34.38,7.6024
9776.17,27.02,7.6024
9777.17,25.19,7.6024
9778.17,25.21,7.6024
9779.18,25.3,7.6024
9780.18,25.22,7.6024
9781.18,25.33,7.6024
9782.18,25.22,7.6024
9783.18,25.3,7.6024
9784.18,32.0,7.6034
9785.18,25.22,7.6034
9786.19,25.21,7.6034
9787.19,25.32,7.6034
9788.19,25.15,7.6034
9789.19,25.24,7.6034
9790.19,25.14,7.6034
9791.19,25.2,7.6034
9792.2,25.31,7.6034
9793.2,25.23,7.6034
9794.2,30.11,7.6039
9795.2,27.72,7.6039
9796.2,25.19,7.6039
9797.2,25.93,7.6039
9798.2,25.23,7.6039
9799.21,25.49,7.6039
9800.21,25.58,7.6039
9801.21,25.2,7.604
9802.21,25.31,7.604
9803.21,25.23,7.604
9804.21,25.31,7.604
9805.22,34.37,7.7808
9806.22,25.21,7.7808
9807.22,25.31,7.7808
9808.22,25.21,7.7808
9809.22,25.39,7.7808
9810.22,25.2,7.7808
9811.23,25.2,7.7808
9812.23,25.26,7.7808
9813.23,25.16,7.7808
9814.23,25.24,7.7808
9815.23,25.14,8.0128
9816.23,25.23,8.419
9817.24,26.52,8.6987
9818.24,40.33,8.8626
9819.24,25.31,8.8626
9820.24,25.19,8.8626
9821.24,25.21,8.8626
9822.24,25.29,8.8626
9823.25,25.2,8.8626
9824.25,25.32,8.8626
9825.25,25.18,8.8626
9826.25,25.18,8.8626
9827.25,25.32,8.8626
9828.25,25.21,8.8626
9829.25,25.21,8.8626
9830.26,25.31,8.8628
9831.26,25.17,8.8628
9832.26,25.39,8.8628
9833.26,25.72,8.8628
9834.26,25.2,8.8628
9835.26,25.3,8.8628
9836.27,25.21,8.8628
9837.27,25.33,8.8628
9838.27,25.2,8.8628
9839.27,25.19,8.8628
9840.27,26.14,8.8628
9841.27,25.25,8.863
9842.27,25.19,8.863
9843.27,25.32,8.863
9844.28,25.18,8.863
9845.28,25.17,8.863
9846.28,25.28,8.863
9847.28,25.19,8.863
9848.28,25.28,8.863
9849.28,25.19,8.863
9850.29,25.19,8.863
9851.29,25.28,8.863
9852.29,25.19,8.863
9853.29,25.35,8.8632
9854.29,25.18,8.8632
9855.29,25.24,8.8632
9856.3,25.13,8.8632
9857.3,25.15,8.8632
9858.3,25.26,8.8632
9859.3,25.14,8.8632
9860.3,25.26,8.8632
9861.3,25.18,8.8632
9862.31,25.19,8.8632
9863.31,25.3,8.8632
9864.31,25.18,8.8632
9865.31,25.33,8.8632
9866.31,25.18,8.8632
9867.31,25.29,8.8632
9868.32,25.17,8.8632
9869.32,25.18,8.8632
9870.32,25.28,8.8632
9871.32,25.17,8.8632
9872.32,25.27,8.8632
9873.32,25.16,8.8632
9874.33,25.23,8.8631
9875.33,25.26,8.8631
9876.33,25.38,8.8634
9877.33,25.29,8.8634
9878.33,25.17,8.8634
9879.33,25.29,8.8634
9880.34,25.18,8.8635
9881.34,25.17,8.8634
9882.34,25.29,8.8634
9883.34,25.19,8.8634
9884.34,25.29,8.8634
9885.34,25.17,8.8634
9886.35,25.15,8.8634
9887.35,25.29,8.8635
9888.35,25.16,8.8635
9889.35,25.21,8.8635
9890.35,25.15,8.8635
9891.35,25.18,8.8635
9892.36,25.3,8.8635
9893.36,25.19,8.8635
9894.36,25.28,8.8635
9895.36,25.18,8.8635
9896.36,25.29,8.8635
9897.36,25.19,8.8635
9898.37,25.18,8.8635
9899.37,25.33,8.8636
9900.37,25.18,8.8636
9901.37,25.28,8.8636
9902.37,25.14,8.8636
9903.37,25.19,8.8636
9904.38,25.28,8.8636
9905.38,25.19,8.8636
9906.38,25.27,8.8637
9907.38,25.19,8.8637
9908.38,25.18,8.8636
9909.38,25.3,8.8636
9910.39,25.24,8.8636
9911.39,25.29,8.8636
9912.39,25.19,8.8636
9913.39,25.19,8.8636
9914.39,25.28,8.8636
9915.39,25.2,8.8636
9916.4,25.29,8.8636
9917.4,25.2,8.8637
9918.4,25.28,8.8637
9919.4,25.19,8.8637
9920.4,25.19,8.8637
9921.4,25.34,8.8637
9922.41,25.19,8.8638
9923.41,25.31,8.8638
9924.41,25.2,8.8638
9925.41,25.18,8.8638
9926.41,25.29,8.8638
9927.41,25.21,8.8637
9928.41,25.3,8.8637
9929.42,25.19,8.8637
9930.42,25.19,8.8637
9931.42,25.27,8.8637
9932.42,25.17,8.8637
9933.42,25.39,8.8638
9934.42,25.18,8.8638
9935.43,25.18,8.8638
9936.43,25.3,8.8638
9937.43,25.18,8.8638
9938.43,25.19,8.8638
9939.43,25.32,8.8638
9940.43,25.17,8.8638
9941.43,25.18,8.8638
9942.44,25.29,8.8638
9943.44,25.2,8.8638
9944.44,25.29,8.8638
9945.44,25.22,8.8638
9946.44,25.19,8.8638
9947.44,25.3,8.8638
9948.45,25.17,8.8638
9949.45,25.28,8.8638
9950.45,25.18,8.8638
9951.45,25.18,8.8638
9952.45,25.29,8.8638
9953.45,25.19,8.8638
9954.46,25.28,8.8638
9955.46,25.16,8.8638
9956.46,25.47,8.8638
9957.46,25.16,8.8638
9958.46,25.16,8.8638
9959.46,25.27,8.8638
9960.47,25.18,8.8638
9961.47,25.22,8.8638
9962.47,25.13,8.8638
9963.47,25.14,8.8638
9964.47,25.22,8.8638
9965.47,25.14,8.8638
9966.47,25.12,8.8638
9967.47,25.33,8.8638
9968.48,25.17,8.8638
9969.48,25.13,8.8638
9970.48,25.75,8.8638
9971.48,25.18,8.8638
9972.48,25.29,8.8638
9973.48,25.2,8.8638
9974.49,25.19,8.8638
9975.49,25.28,8.8638
9976.49,25.19,8.8638
9977.49,25.3,8.8638
9978.49,25.18,8.8638
9979.49,25.33,8.8638
9980.5,25.18,8.8638
9981.5,25.18,8.8638
9982.5,25.31,8.8638
9983.5,25.19,8.8638
9984.5,25.13,8.8638
9985.5,25.24,8.8638
9986.5,25.14,8.8639
9987.51,25.14,8.8639
9988.51,25.27,8.8639
9989.51,25.19,8.8639
9990.51,25.31,8.8641
9991.51,25.28,8.8641
9992.51,25.19,8.8641
9993.52,25.3,8.8641
9994.52,25.18,8.8641
9995.52,25.29,8.8641
9996.52,25.18,8.8641
9997.52,25.19,8.8641
9998.52,25.28,8.8641
9999.53,25.19,8.8641
10000.53,25.28,8.8641
10001.53,25.18,8.8641
10002.53,25.19,8.8641
10003.53,25.34,8.8688
10004.53,25.17,8.8688
10005.54,25.28,8.8688
10006.54,25.18,8.8688
10007.54,25.28,8.8688
10008.54,25.17,8.8688
10009.54,25.16,8.8688
10010.54,25.22,8.8688
10011.55,25.12,8.8688
10012.55,25.23,8.8688
10013.55,25.14,8.8688
10014.55,25.17,8.8688
10015.55,25.28,8.8688
10016.55,25.13,8.8688
10017.56,25.24,8.8688
10018.56,25.13,8.8688
10019.56,25.13,8.8688
10020.56,25.23,8.8688
10021.56,25.13,8.8688
10022.56,25.27,8.8688
10023.56,25.14,8.8688
10024.57,25.13,8.8688
10025.57,25.25,8.8688
10026.57,25.25,8.9109
10027.57,25.19,8.9109
10028.57,25.29,8.9109
10029.57,25.19,8.9109
10030.57,25.18,8.9109
10031.58,25.28,8.9109
10032.58,25.18,8.9109
10033.58,25.3,8.9109
10034.58,25.19,8.9109
10035.58,25.18,8.9109
10036.58,25.25,8.9109
10037.59,25.19,8.9109
10038.59,25.46,8.9109
10039.59,25.18,8.9109
10040.59,25.24,8.9109
10041.59,25.16,8.9111
10042.59,25.19,8.9111
10043.59,25.31,8.9111
10044.6,25.13,8.9111
10045.6,25.13,8.9111
10046.6,25.25,8.9111
10047.6,25.18,8.9111
10048.6,25.12,8.9111
10049.6,25.25,8.9111
10050.6,25.22,8.9507
10051.61,25.18,8.9507
10052.61,25.25,8.9507
10053.61,25.19,8.9507
10054.61,25.18,8.9507
10055.61,25.24,8.9507
10056.61,25.12,8.9507
10057.62,25.22,8.9507
10058.62,25.12,8.9507
10059.62,25.23,8.9507
10060.62,25.14,8.9507
10061.62,25.16,8.9507
10062.62,25.24,8.9507
10063.63,25.11,8.9507
10064.63,25.26,8.9507
10065.63,25.13,8.9507
10066.63,25.13,8.9507
10067.63,25.24,8.9507
10068.63,25.13,8.9507
10069.64,25.23,8.9507
10070.64,25.16,8.9507
10071.64,25.37,8.9507
10072.64,25.21,8.9507
10073.64,25.23,8.9877
10074.64,25.22,8.9877
10075.65,25.12,8.9877
10076.65,25.22,8.9877
10077.65,25.13,8.9877
10078.65,25.23,8.9877
10079.65,25.12,8.9877
10080.65,25.14,8.9877
10081.66,25.27,8.9877
10082.66,25.19,8.9877
10083.66,25.28,8.9877
10084.66,25.13,8.9877
10085.66,25.19,8.9877
10086.66,25.28,8.9877
10087.67,25.19,8.9877
10088.67,25.27,8.9877
10089.67,25.19,8.9877
10090.67,25.29,8.9877
10091.67,25.18,8.9877
10092.67,25.15,8.9877
10093.68,25.22,8.9877
10094.68,25.12,8.9877
10095.68,25.22,8.9877
10096.68,25.12,8.9877
10097.68,25.21,9.0212
10098.68,25.28,9.0213
10099.69,25.18,9.0213
10100.69,25.27,9.0213
10101.69,25.14,9.0213
10102.69,25.24,9.0213
10103.69,25.12,9.0213
10104.69,25.13,9.0213
10105.7,25.22,9.0213
10106.7,25.14,9.0213
10107.7,25.29,9.0213
10108.7,25.18,9.0213
10109.7,25.49,9.0213
10110.7,25.18,9.0213
10111.71,25.19,9.0213
10112.71,25.3,9.0213
10113.71,25.17,9.0213
10114.71,25.26,9.0213
10115.71,25.11,9.0213
10116.71,25.17,9.0213
10117.72,25.29,9.0213
10118.72,25.19,9.0213
10119.72,25.23,9.0213
10120.72,25.21,9.0519
10121.72,25.28,9.0519
10122.72,25.2,9.0519
10123.73,25.17,9.0519
10124.73,25.24,9.0519
10125.73,25.12,9.0519
10126.73,25.22,9.0519
10127.73,25.13,9.0519
10128.73,25.12,9.0519
10129.74,25.25,9.0519
10130.74,25.12,9.0519
10131.74,25.22,9.0519
10132.74,25.21,9.0519
10133.74,25.23,9.0519
10134.74,25.15,9.0519
10135.75,25.18,9.0519
10136.75,25.28,9.0519
10137.75,25.19,9.0519
10138.75,26.15,9.0524
10139.75,25.19,9.0524
10140.75,25.18,9.0524
10141.76,25.29,9.0524
10142.76,25.21,9.0524
10143.76,25.29,9.0524
10144.76,25.22,9.0591
10145.76,25.18,9.0591
10146.76,25.3,9.0591
10147.76,25.19,9.0591
10148.77,25.18,9.0591
10149.77,25.29,9.0591
10150.77,25.19,9.0591
10151.77,25.21,9.0591
10152.77,25.34,9.0591
10153.77,25.18,9.0591
10154.77,25.18,9.0591
10155.78,25.28,9.0591
10156.78,25.23,9.0591
10157.78,25.28,9.0591
10158.78,25.18,9.0591
10159.78,25.29,9.0591
10160.78,25.2,9.0591
10161.79,25.18,9.0591
10162.79,25.31,9.0591
10163.79,25.17,9.0591
10164.79,25.18,9.0591
10165.79,25.28,9.0591
10166.79,25.18,9.0591
10167.8,25.29,9.0591
10168.8,25.24,9.0591
10169.8,25.28,9.0591
10170.8,25.17,9.0591
10171.8,25.18,9.0591
10172.8,25.3,9.0591
10173.81,25.18,9.0591
10174.81,25.28,9.0591
10175.81,25.18,9.0591
10176.81,25.18,9.0591
10177.81,25.28,9.0591
10178.81,25.18,9.0591
10179.82,25.28,9.0591
10180.82,25.18,9.0591
10181.82,25.42,9.0591
10182.82,25.2,9.0591
10183.82,25.17,9.0591
10184.82,25.28,9.0591
10185.83,25.18,9.0591
10186.83,25.29,9.0592
10187.83,25.19,9.0592
10188.83,25.19,9.0592
10189.83,25.29,9.0592
10190.83,25.18,9.0592
10191.84,25.29,9.0592
10192.84,25.38,9.0594
10193.84,25.28,9.0594
10194.84,25.18,9.0594
10195.84,25.18,9.0594
10196.84,25.3,9.0594
10197.84,25.19,9.0594
10198.85,25.19,9.0594
10199.85,25.28,9.0594
10200.85,25.18,9.0594
10201.85,25.28,9.0594
10202.85,25.2,9.0594
10203.85,25.23,9.0594
10204.86,25.21,9.0594
10205.86,25.13,9.0594
10206.86,25.23,9.0594
10207.86,25.18,9.0594
10208.86,25.3,9.0594
10209.86,25.19,9.0594
10210.87,25.18,9.0594
10211.87,25.28,9.0594
10212.87,25.2,9.0594
10213.87,25.28,9.0594
10214.87,25.17,9.0594
10215.87,25.18,9.0594
10216.88,25.28,9.0594
10217.88,25.32,9.0595
10218.88,25.17,9.0595
10219.88,25.28,9.0595
10220.88,25.18,9.0595
10221.88,25.28,9.0595
10222.89,25.21,9.0595
10223.89,25.29,9.0595
10224.89,25.19,9.0595
10225.89,25.19,9.0595
10226.89,25.27,9.0595
10227.89,25.19,9.0595
10228.9,25.28,9.0595
10229.9,25.23,9.0595
10230.9,25.18,9.0595
10231.9,25.28,9.0595
10232.9,25.21,9.0595
10233.9,25.28,9.0595
10234.91,25.18,9.0595
10235.91,25.28,9.0595
10236.91,25.18,9.0595
10237.91,25.19,9.0595
10238.91,25.28,9.0594
10239.91,25.19,9.0594
10240.92,25.27,9.0594
10241.92,25.25,9.0595
10242.92,25.31,9.0595
10243.92,25.14,9.0594
10244.92,25.12,9.0594
10245.92,25.28,9.0594
10246.93,25.18,9.0594
10247.93,25.29,9.0594
10248.93,25.18,9.0594
10249.93,25.18,9.0594
10250.93,25.28,9.0594
10251.93,25.19,9.0595
10252.94,25.31,9.0595
10253.94,25.21,9.0595
10254.94,25.16,9.0595
10255.94,25.59,9.0595
10256.94,25.15,9.0595
10257.94,25.3,9.0595
10258.95,25.19,9.0595
10259.95,25.38,9.0595
10260.95,25.18,9.0595
10261.95,25.18,9.0595
10262.95,25.31,9.0595
10263.95,25.2,9.0595
10264.95,25.29,9.0595
10265.96,25.35,9.0595
10266.96,25.13,9.0596
10267.96,25.25,9.0596
10268.96,25.15,9.0596
10269.96,25.25,9.0596
10270.96,25.18,9.0596
10271.97,25.19,9.0596
10272.97,25.31,9.0596
10273.97,25.17,9.0596
10274.97,25.28,9.0596
10275.97,25.18,9.0596
10276.97,25.25,9.0596
10277.98,25.35,9.0596
10278.98,25.19,9.0596
10279.98,25.29,9.0596
10280.98,25.14,9.0596
10281.98,25.24,9.0596
10282.98,25.16,9.0596
10283.99,25.14,9.0596
10284.99,25.35,9.0596
10285.99,25.16,9.0596
10286.99,25.19,9.0596
10287.99,25.3,9.0596
10288.99,25.18,9.0596
10289.99,25.35,9.0596
10291.0,25.18,9.0596
10292.0,25.19,9.0596
10293.0,25.31,9.0596
10294.0,25.19,9.0596
10295.0,25.24,9.0596
10296.0,25.14,9.0596
10297.01,25.87,9.0596
10298.01,25.28,9.0596
10299.01,25.2,9.0596
10300.01,25.3,9.0596
10301.01,25.19,9.0596
10302.01,25.19,9.0596
10303.02,25.36,9.0596
10304.02,25.18,9.0596
10305.02,25.25,9.0596
10306.02,25.17,9.0596
10307.02,25.29,9.0596
10308.02,25.2,9.0596
10309.03,25.19,9.0596
10310.03,25.29,9.0596
10311.03,25.19,9.0596
10312.03,25.29,9.0596
10313.03,25.22,9.0596
10314.03,25.19,9.0596
10315.04,25.35,9.0596
10316.04,25.18,9.0596
10317.04,25.29,9.0596
10318.04,25.19,9.0596
10319.04,25.28,9.0596
10320.04,25.17,9.0596
10321.05,25.19,9.0596
10322.05,25.31,9.0596
10323.05,25.21,9.0596
10324.05,25.19,9.0596
10325.05,25.3,9.0596
10326.05,25.17,9.0596
10327.05,25.19,9.0596
10328.06,25.24,9.0596
10329.06,25.14,9.0596
10330.06,25.27,9.0596
10331.06,25.19,9.0596
10332.06,25.17,9.0596
10333.06,25.31,9.0596
10334.07,25.18,9.0596
10335.07,25.28,9.0596
10336.07,25.18,9.0596
10337.07,25.18,9.0596
10338.07,25.28,9.0596
10339.07,25.37,9.0596
10340.08,25.29,9.0596
10341.08,25.19,9.0596
10342.08,25.16,9.0596
10343.08,25.49,9.0596
10344.08,25.19,9.0596
10345.08,25.19,9.0596
10346.08,25.28,9.0596
10347.09,25.19,9.0596
10348.09,25.3,9.0596
10349.09,25.19,9.0596
10350.09,25.29,9.0596
10351.09,25.23,9.0597
10352.09,25.19,9.0597
10353.1,25.32,9.0597
10354.1,25.18,9.0597
10355.1,25.24,9.0597
10356.1,25.17,9.0597
10357.1,25.19,9.0597
10358.1,25.27,9.0597
10359.11,25.17,9.0597
10360.11,25.29,9.0597
10361.11,25.19,9.0597
10362.11,25.19,9.0597
10363.11,25.38,9.0599
10364.11,25.19,9.0599
10365.12,25.28,9.0599
10366.12,25.2,9.0599
10367.12,25.19,9.0599
10368.12,25.29,9.0599
10369.12,25.14,9.0599
10370.12,25.24,9.0599
10371.12,25.14,9.0599
10372.13,25.14,9.0599
10373.13,25.27,9.0599
10374.13,25.16,9.0599
10375.13,25.33,9.06
10376.13,25.18,9.06
10377.13,25.18,9.06
10378.14,25.29,9.06
10379.14,25.21,9.0601
10380.14,25.29,9.0601
10381.14,25.18,9.0601
10382.14,25.2,9.0601
10383.14,25.34,9.0601
10384.14,25.19,9.0601
10385.15,25.19,9.0601
10386.15,25.29,9.0601
10387.15,25.14,9.0601
10388.15,25.31,9.0601
10389.15,25.15,9.0601
10390.15,25.14,9.0601
10391.15,25.26,9.0601
10392.16,25.14,9.0601
10393.16,25.17,9.06
10394.16,25.26,9.06
10395.16,25.14,9.06
10396.16,25.14,9.06
10397.16,25.26,9.06
10398.16,25.15,9.06
10399.17,25.14,9.06
10400.17,25.31,9.0602
10401.17,25.16,9.0602
10402.17,25.14,9.0602
10403.17,25.26,9.0602
10404.17,25.14,9.0602
10405.17,25.13,9.0602
10406.18,25.23,9.0602
10407.18,25.14,9.0602
10408.18,25.25,9.0602
10409.18,25.14,9.0602
10410.18,25.14,9.0602
10411.18,25.23,9.0602
10412.19,25.33,9.0602
10413.19,25.27,9.0602
10414.19,25.14,9.0602
10415.19,25.13,9.0602
10416.19,25.26,9.0602
10417.19,25.13,9.0602
10418.19,25.17,9.0602
10419.19,25.22,9.0602
10420.19,25.31,9.0602
10421.2,25.19,9.0602
10422.2,25.19,9.0602
10423.2,25.32,9.0602
10424.2,25.23,9.0602
10425.2,25.28,9.0602
10426.2,25.18,9.0602
10427.21,25.25,9.0602
10428.21,25.31,9.0602
10429.21,25.19,9.0602
10430.21,25.17,9.0602
10431.21,25.24,9.0602
10432.21,25.18,9.0602
10433.21,25.21,9.0602
10434.22,25.29,9.0602
10435.22,25.19,9.0602
10436.22,25.35,9.0602
10437.22,25.17,9.0602
10438.22,25.19,9.0602
10439.22,25.29,9.0602
10440.23,25.19,9.0602
10441.23,25.29,9.0602
10442.23,25.19,9.0602
10443.23,25.19,9.0602
10444.23,25.29,9.0602
10445.23,25.19,9.0602
10446.23,25.29,9.0602
10447.24,25.19,9.0602
10448.24,25.25,9.0605
10449.24,25.3,9.0605
10450.24,25.18,9.0605
10451.24,25.18,9.0605
10452.24,25.26,9.0605
10453.25,25.18,9.0605
10454.25,25.26,9.0605
10455.25,25.18,9.0605
10456.25,25.2,9.0605
10457.25,25.29,9.0605
10458.25,25.14,9.0605
10459.25,25.19,9.0605
10460.26,25.29,9.0605
10461.26,25.25,9.0605
10462.26,25.3,9.0605
10463.26,25.21,9.0605
10464.26,25.22,9.0604
10465.26,25.29,9.0605
10466.27,25.19,9.0605
10467.27,25.29,9.0605
10468.27,25.17,9.0605
10469.27,25.16,9.0605
10470.27,25.23,9.0605
10471.27,25.14,9.0605
10472.28,25.25,9.0605
10473.28,25.21,9.0606
10474.28,25.14,9.0606
10475.28,25.26,9.0606
10476.28,25.18,9.0606
10477.28,25.29,9.0606
10478.28,25.19,9.0606
10479.29,25.18,9.0606
10480.29,25.23,9.0606
10481.29,25.13,9.0606
10482.29,25.26,9.0606
10483.29,25.15,9.0606
10484.29,25.13,9.0606
10485.3,25.24,9.0606
10486.3,25.38,9.0625
10487.3,25.2,9.0625
10488.3,25.29,9.0625
10489.3,25.14,9.0625
10490.3,25.22,9.0625
10491.31,25.13,9.0625
10492.31,25.23,9.0625
10493.31,25.14,9.0625
10494.31,25.15,9.0625
10495.31,25.27,9.0625
10496.31,25.19,9.0625
10497.32,25.3,9.0625
10498.32,25.24,9.0626
10499.32,25.18,9.0626
10500.32,25.29,9.0626
10501.32,25.19,9.0626
10502.32,25.3,9.0626
10503.33,25.21,9.0626
10504.33,25.29,9.0626
10505.33,25.19,9.0626
10506.33,25.19,9.0626
10507.33,25.3,9.0626
10508.33,25.19,9.0626
10509.34,25.28,9.0626
10510.34,25.19,9.0653
10511.34,25.18,9.0653
10512.34,25.29,9.0653
10513.34,25.2,9.0653
10514.34,25.29,9.0653
10515.35,25.18,9.0653
10516.35,25.28,9.0653
10517.35,25.19,9.0653
10518.35,25.19,9.0653
10519.35,25.54,9.0653
10520.35,25.18,9.0653
10521.36,25.28,9.0653
10522.36,25.19,9.0653
10523.36,25.37,9.0654
10524.36,25.17,9.0654
10525.36,25.19,9.0654
10526.36,25.3,9.0654
10527.36,25.2,9.0654
10528.37,25.19,9.0654
10529.37,25.27,9.0654
10530.37,25.12,9.0654
10531.37,25.22,9.0654
10532.37,25.13,9.0654
10533.37,25.15,9.0654
10534.38,25.23,9.0654
10535.38,25.18,9.0676
10536.38,25.23,9.0676
10537.38,25.16,9.0676
10538.38,25.28,9.0676
10539.38,25.2,9.0676
10540.39,25.18,9.0676
10541.39,25.31,9.0676
10542.39,25.19,9.0676
10543.39,25.27,9.0676
10544.39,25.15,9.0676
10545.39,25.15,9.0676
10546.4,25.25,9.0676
10547.4,25.17,9.0676
10548.4,25.33,9.0677
10549.4,25.18,9.0677
10550.4,25.28,9.0677
10551.4,25.14,9.0677
10552.41,25.13,9.0677
10553.41,25.26,9.0677
10554.41,25.18,9.0677
10555.41,25.22,9.0677
10556.41,25.18,9.0677
10557.41,25.26,9.0677
10558.42,25.13,9.0677
10559.42,25.13,9.0677
10560.42,25.43,9.0697
10561.42,25.13,9.0697
10562.42,25.24,9.0697
10563.42,25.19,9.0697
10564.43,25.18,9.0697
10565.43,25.26,9.0697
10566.43,25.13,9.0697
10567.43,25.24,9.0697
10568.43,25.13,9.0697
10569.43,25.24,9.0696
10570.44,25.14,9.0696
10571.44,25.17,9.0696
10572.44,25.32,9.0697
10573.44,25.19,9.0697
10574.44,25.22,9.0697
10575.44,25.15,9.0697
10576.45,25.12,9.0697
10577.45,25.23,9.0697
10578.45,25.17,9.0697
10579.45,25.27,9.0697
10580.45,25.17,9.0697
10581.46,25.28,9.0697
10582.46,25.17,9.0697
10583.46,25.2,9.0697
10584.46,25.34,9.0718
10585.46,25.17,9.0718
10586.46,25.23,9.0717
10587.47,25.19,9.0718
10588.47,25.23,9.0717
10589.47,25.13,9.0717
10590.47,25.14,9.0717
10591.47,25.22,9.0717
10592.47,25.16,9.0718
10593.47,25.19,9.0718
10594.48,25.29,9.0718
10595.48,25.18,9.0718
10596.48,25.28,9.0718
10597.48,25.25,9.0719
10598.48,25.18,9.0719
10599.48,25.27,9.0719
10600.49,25.15,9.0719
10601.49,25.24,9.0719
10602.49,25.16,9.0719
10603.49,25.19,9.0719
10604.49,25.25,9.0719
10605.49,25.12,9.0719
10606.49,25.24,9.0719
10607.5,25.17,9.0719
10608.5,25.17,9.0719
10609.5,25.3,9.0718
10610.5,25.24,9.0734
10611.5,25.16,9.0733
10612.5,25.23,9.0734
10613.51,25.16,9.0733
10614.51,25.22,9.0733
10615.51,25.11,9.0733
10616.51,25.11,9.0733
10617.51,25.25,9.0733
10618.51,25.17,9.0733
10619.52,25.21,9.0733
10620.52,25.12,9.0733
10621.52,25.25,9.0733
10622.52,25.17,9.0734
10623.52,25.24,9.0735
10624.52,25.28,9.0735
10625.53,25.18,9.0735
10626.53,25.28,9.0735
10627.53,25.18,9.0735
10628.53,25.28,9.0735
10629.53,25.18,9.0735
10630.53,25.18,9.0735
10631.54,25.28,9.0735
10632.54,25.18,9.0735
10633.54,27.32,9.0735
10634.54,25.18,9.0735
10635.54,25.37,9.0742
10636.54,25.28,9.0742
10637.55,25.19,9.0742
10638.55,25.29,9.0742
10639.55,25.18,9.0742
10640.55,25.28,9.0742
10641.55,25.18,9.0742
10642.55,25.19,9.0742
10643.56,25.31,9.0742
10644.56,25.18,9.0742
10645.56,25.28,9.0742
10646.56,25.18,9.0742
10647.56,25.33,9.0744
10648.56,25.12,9.0744
10649.57,25.14,9.0744
10650.57,25.3,9.0744
10651.57,25.13,9.0744
10652.57,25.17,9.0744
10653.57,25.3,9.0744
10654.57,25.18,9.0744
10655.57,25.26,9.0744
10656.58,25.15,9.0744
10657.58,25.2,9.0744
10658.58,25.27,9.0744
10659.58,25.13,9.0744
10660.58,25.33,9.0753
10661.58,25.17,9.0753
10662.59,25.17,9.0753
10663.59,25.24,9.0753
10664.59,25.16,9.0753
10665.59,25.28,9.0753
10666.59,25.18,9.0753
10667.59,25.19,9.0753
10668.6,25.29,9.0753
10669.6,25.21,9.0753
10670.6,25.18,9.0753
10671.6,25.28,9.0753
10672.6,25.21,9.0753
10673.6,25.33,9.0753
10674.6,25.13,9.0753
10675.61,25.17,9.0753
10676.61,25.27,9.0753
10677.61,25.17,9.0753
10678.61,25.28,9.0753
10679.61,25.17,9.0753
10680.61,25.17,9.0753
10681.62,25.27,9.0753
10682.62,25.2,9.0753
10683.62,25.28,9.0753
10684.62,25.18,9.0753
10685.62,25.2,9.0761
10686.62,25.29,9.0761
10687.63,25.21,9.0761
10688.63,25.29,9.0761
10689.63,25.21,9.0761
10690.63,25.16,9.0761
10691.63,25.21,9.0761
10692.63,25.16,9.0761
10693.64,25.22,9.0761
10694.64,25.13,9.0761
10695.64,25.22,9.0761
10696.64,25.12,9.0761
10697.64,25.13,9.0761
10698.64,25.28,9.0763
10699.65,25.18,9.0763
10700.65,25.22,9.0763
10701.65,25.18,9.0763
10702.65,25.21,9.0763
10703.65,25.27,9.0763
10704.65,25.13,9.0763
10705.66,25.22,9.0763
10706.66,25.16,9.0763
10707.66,25.23,9.0763
10708.66,25.12,9.0763
10709.66,25.13,9.0763
10710.66,25.5,9.0772
10711.66,25.18,9.0772
10712.67,25.2,9.0772
10713.67,25.28,9.0772
10714.67,25.18,9.0772
10715.67,25.28,9.0772
10716.67,25.18,9.0772
10717.67,25.16,9.0772
10718.68,25.29,9.0772
10719.68,25.16,9.0772
10720.68,25.22,9.0772
10721.68,25.13,9.0772
10722.68,25.36,9.0772
10723.68,25.19,9.0772
10724.69,25.19,9.0772
10725.69,27.37,9.0772
10726.69,25.12,9.0772
10727.69,25.23,9.0772
10728.69,25.14,9.0772
10729.69,25.18,9.0772
10730.7,25.28,9.0772
10731.7,25.18,9.0772
10732.7,25.33,9.0772
10733.7,25.65,9.0772
10734.7,25.18,9.0772
10735.7,25.27,9.0772
10736.71,25.18,9.0772
10737.71,25.28,9.0772
10738.71,25.18,9.0772
10739.71,25.19,9.0772
10740.71,25.29,9.0772
10741.71,25.19,9.0772
10742.72,25.31,9.0772
10743.72,25.18,9.0772
10744.72,25.28,9.0772
10745.72,25.18,9.0772
10746.72,25.22,9.0776
10747.72,25.31,9.0776
10748.72,25.18,9.0776
10749.73,25.19,9.0776
10750.73,25.28,9.0776
10751.73,25.18,9.0776
10752.73,25.24,9.0776
10753.73,25.18,9.0776
10754.73,25.18,9.0776
10755.74,25.28,9.0776
10756.74,25.18,9.0776
10757.74,25.29,9.0776
10758.74,25.23,9.0783
10759.74,25.25,9.0783
10760.74,25.16,9.0783
10761.75,25.18,9.0783
10762.75,25.3,9.0783
10763.75,25.18,9.0783
10764.75,25.29,9.0783
10765.75,25.18,9.0783
10766.75,25.18,9.0783
10767.75,25.31,9.0783
10768.76,25.18,9.0783
10769.76,25.18,9.0783
10770.76,25.33,9.0783
10771.76,25.19,9.0783
10772.76,25.33,9.0785
10773.76,25.19,9.0783
10774.77,25.19,9.0783
10775.77,25.31,9.0783
10776.77,25.18,9.0783
10777.77,25.18,9.0783
10778.77,25.24,9.0783
10779.77,25.14,9.0785
10780.78,25.22,9.0785
10781.78,25.51,9.0785
10782.78,25.21,9.0785
10783.78,25.49,9.0785
10784.78,25.18,9.0785
10785.78,25.28,9.0785
10786.79,25.18,9.0785
10787.79,25.29,9.0785
10788.79,25.17,9.0785
10789.79,25.17,9.0785
10790.79,25.28,9.0785
10791.79,25.18,9.0785
10792.79,25.31,9.0785
10793.8,25.18,9.0785
10794.8,25.18,9.0785
10795.8,25.35,9.0785
10796.8,25.18,9.0785
10797.8,25.19,9.0785
10798.8,25.22,9.0785
10799.81,25.12,9.0785
10800.81,25.23,9.0785
10801.81,25.2,9.0785
10802.81,25.2,9.0785
10803.81,25.29,9.0785
10804.81,25.19,9.0784
10805.81,25.29,9.0784
10806.82,25.17,9.0784
10807.82,25.2,9.0788
10808.82,25.25,9.0788
10809.82,25.16,9.0788
10810.82,25.25,9.0788
10811.82,25.18,9.0788
10812.83,25.2,9.0788
10813.83,25.28,9.0788
10814.83,25.17,9.0788
10815.83,25.23,9.0788
10816.83,25.16,9.0788
10817.83,25.19,9.0788
10818.84,25.28,9.0788
10819.84,25.19,9.0788
10820.84,25.34,9.0788
10821.84,25.19,9.0788
10822.84,25.31,9.079
10823.84,25.18,9.079
10824.85,25.19,9.079
10825.85,25.23,9.079
10826.85,25.13,9.079
10827.85,25.24,9.079
10828.85,25.13,9.079
10829.85,25.13,9.079
10830.86,25.24,9.079
10831.86,25.19,9.079
10832.86,25.33,9.079
10833.86,25.23,9.0793
10834.86,25.18,9.0793
10835.86,25.29,9.0793
10836.87,25.12,9.0793
10837.87,25.26,9.0793
10838.87,25.19,9.0793
10839.87,25.19,9.0793
10840.87,25.22,9.0793
10841.87,25.15,9.0793
10842.88,25.28,9.0793
10843.88,25.18,9.0793
10844.88,25.18,9.0793
10845.88,25.27,9.0793
10846.88,25.24,9.0793
10847.88,25.29,9.0793
10848.89,25.18,9.0793
10849.89,25.29,9.0793
10850.89,25.17,9.0793
10851.89,25.18,9.0793
10852.89,25.57,9.0794
10853.89,25.19,9.0794
10854.89,25.3,9.0794
10855.9,25.19,9.0794
10856.9,25.19,9.0794
10857.9,25.3,9.0794
10858.9,25.37,9.0794
10859.9,25.29,9.0794
10860.9,25.18,9.0794
10861.91,25.19,9.0794
10862.91,25.3,9.0794
10863.91,25.12,9.0794
10864.91,25.22,9.0794
10865.91,25.12,9.0794
10866.91,25.24,9.0794
10867.92,25.19,9.0794
10868.92,25.19,9.0794
10869.92,25.29,9.0794
10870.92,25.25,9.0794
10871.92,25.28,9.0794
10872.92,25.21,9.0794
10873.93,25.18,9.0794
10874.93,25.28,9.0794
10875.93,25.18,9.0794
10876.93,25.28,9.0794
10877.93,25.19,9.0794
10878.93,25.17,9.0794
10879.94,25.27,9.0794
10880.94,25.18,9.0794
10881.94,25.27,9.0794
10882.94,25.42,9.0794
10883.94,25.19,9.0794
10884.94,25.28,9.0794
10885.95,25.18,9.0794
10886.95,25.28,9.0794
10887.95,25.19,9.0794
10888.95,25.18,9.0794
10889.95,25.28,9.0794
10890.95,25.18,9.0794
10891.96,25.24,9.0794
10892.96,25.17,9.0794
10893.96,25.18,9.0794
10894.96,25.28,9.0794
10895.96,25.2,9.0795
10896.96,25.28,9.0795
10897.97,25.19,9.0796
10898.97,25.29,9.0796
10899.97,25.19,9.0796
10900.97,25.18,9.0796
10901.97,25.29,9.0796
10902.97,25.21,9.0796
10903.97,25.29,9.0796
10904.98,25.34,9.0796
10905.98,25.15,9.0796
10906.98,25.25,9.0796
10907.98,25.26,9.0796
10908.98,25.12,9.0796
10909.98,25.61,9.0796
10910.99,25.17,9.0796
10911.99,25.27,9.0796
10912.99,25.2,9.0796
10913.99,25.18,9.0796
10914.99,25.27,9.0796
10915.99,25.17,9.0796
10917.0,25.27,9.0796
10918.0,25.19,9.0796
10919.0,25.18,9.0796
10920.0,25.28,9.0796
10921.0,25.23,9.0796
10922.0,25.28,9.0796
10923.0,25.2,9.0796
10924.01,25.18,9.0796
10925.01,25.27,9.0796
10926.01,25.18,9.0796
10927.01,25.28,9.0796
10928.01,25.19,9.0796
10929.01,25.28,9.0796
10930.02,25.19,9.0796
10931.02,25.2,9.0797
10932.02,25.28,9.0797
10933.02,25.4,9.0797
10934.02,30.24,7.4688
10935.02,86.8,2.2901
10936.02,77.86,2.4172
10937.03,80.01,2.7579
10938.03,83.39,3.06
10939.03,76.09,3.3095
10940.03,50.21,3.5577
10941.03,28.14,3.6253
10942.03,25.18,3.6366
10943.03,25.23,3.6535
10944.03,26.15,3.6689
10945.04,25.19,3.6823
10946.04,25.18,3.6967
10947.04,25.95,3.7236
10948.04,25.36,3.7394
10949.04,29.21,3.76
10950.04,25.36,3.7776
10951.04,25.18,3.7999
10952.05,25.21,3.8171
10953.05,25.8,3.8368
10954.05,25.19,3.8535
10955.05,25.3,3.8724
10956.05,25.88,3.8922
10957.05,25.32,3.9149
10958.06,25.3,3.936
10959.06,25.55,3.9506
10960.06,25.3,3.9595
10961.06,25.69,4.0829
10962.06,35.33,4.4106
10963.06,27.2,4.7283
10964.07,32.45,5.0193
10965.07,39.59,5.2353
10966.07,25.18,5.2488
10967.07,25.13,5.2627
10968.07,25.35,5.2777
10969.07,25.6,5.2819
10970.08,25.28,5.2979
10971.08,25.18,5.3115
10972.08,25.19,5.3366
10973.08,25.31,5.3522
10974.08,25.33,5.3729
10975.08,25.28,5.3876
10976.08,25.2,5.408
10977.09,25.29,5.4252
10978.09,25.2,5.439
10979.09,25.19,5.4555
10980.09,25.29,5.4766
10981.09,25.18,5.4947
10982.09,25.23,5.5135
10983.1,25.18,5.5362
10984.1,25.15,5.5499
10985.1,25.98,5.5634
10986.1,25.12,5.5723
10987.1,25.23,5.5823
10988.1,26.06,5.8079
10989.11,25.41,5.975
10990.11,25.28,5.986
10991.11,25.18,5.9974
10992.11,25.17,6.0172
10993.11,25.28,6.0389
10994.11,25.17,6.05
10995.11,25.3,6.0689
10996.12,25.18,6.0886
10997.12,25.18,6.1043
10998.12,25.31,6.1249
10999.12,25.18,6.1426
11000.12,25.18,6.16
11001.12,25.3,6.1773
11002.12,25.17,6.1941
11003.13,25.22,6.2123
11004.13,25.23,6.2286
11005.13,25.13,6.2468
11006.13,25.13,6.2665
11007.13,25.28,6.2882
11008.13,25.16,6.3019
11009.13,25.82,6.3081
11010.14,25.23,6.317
11011.14,25.14,6.3287
11012.14,25.4,6.3407
11013.14,26.0,6.4468
11014.14,25.18,6.4468
11015.14,25.28,6.4468
11016.15,25.18,6.4468
11017.15,25.28,6.4468
11018.15,25.19,6.4501
11019.15,25.19,6.4501
11020.15,25.28,6.4501
11021.15,25.18,6.4501
11022.16,25.28,6.4535
11023.16,25.21,6.4535
11024.16,25.18,6.4535
11025.16,25.29,6.4535
11026.16,25.19,6.4535
11027.16,25.29,6.455
11028.17,25.21,6.4567
11029.17,25.3,6.4583
11030.17,25.18,6.4599
11031.17,25.13,6.462
11032.17,25.23,6.4638
11033.17,25.15,6.4662
11034.17,25.24,6.4683
11035.18,25.32,6.471
11036.18,25.18,6.4734
11037.18,25.27,6.4734
11038.18,25.19,6.4734
11039.18,25.28,6.4734
11040.18,25.18,6.4735
11041.19,25.18,6.475
11042.19,25.27,6.4769
11043.19,25.19,6.479
11044.19,25.27,6.4811
11045.19,25.17,6.483
11046.19,25.17,6.485
11047.19,25.29,6.4873
11048.2,25.28,6.4898
11049.2,25.18,6.494
11050.2,25.29,6.494
11051.2,25.17,6.494
11052.2,25.17,6.494
11053.2,25.31,6.494
11054.2,25.18,6.4974
11055.21,25.18,6.4974
11056.21,25.3,6.4974
11057.21,25.19,6.4974
11058.21,25.2,6.4974
11059.21,25.32,6.4995
11060.21,25.2,6.5016
11061.21,25.17,6.5061
11062.21,25.28,6.5061
11063.22,25.21,6.5061
11064.22,25.18,6.5061
11065.22,25.28,6.5078
11066.22,25.17,6.5134
11067.22,25.19,6.5134
11068.22,25.29,6.5134
11069.23,25.18,6.5136
11070.23,25.18,6.5175
11071.23,25.25,6.5175
11072.23,25.16,6.5175
11073.23,25.69,6.5175
11074.23,26.38,6.5231
11075.23,25.17,6.5231
11076.24,25.26,6.5231
11077.24,25.18,6.5231
11078.24,25.26,6.5231
11079.24,25.18,6.5253
11080.24,25.18,6.5316
11081.24,25.28,6.5316
11082.25,25.19,6.5316
11083.25,25.28,6.5316
11084.25,25.17,6.5316
11085.25,25.18,6.5331
11086.25,25.28,6.535
11087.25,25.18,6.5413
11088.26,25.27,6.5413
11089.26,25.17,6.5413
11090.26,25.16,6.5413
11091.26,25.27,6.5413
11092.26,25.18,6.5471
11093.26,25.24,6.5471
11094.26,25.12,6.5471
11095.27,25.11,6.5471
11096.27,25.22,6.5471
11097.27,25.12,6.5548
11098.27,25.22,6.5548
11099.27,25.14,6.5548
11100.27,25.19,6.5548
11101.28,25.27,6.5548
11102.28,25.18,6.5606
11103.28,25.3,6.5606
11104.28,25.17,6.5606
11105.28,25.18,6.5606
11106.28,25.28,6.5606
11107.29,25.19,6.5629
11108.29,25.28,6.5692
11109.29,25.23,6.5692
11110.29,25.18,6.5692
11111.29,25.26,6.5692
11112.29,25.18,6.5692
11113.29,25.29,6.575
11114.3,25.19,6.575
11115.3,25.18,6.575
11116.3,25.3,6.575
11117.3,25.19,6.5807
11118.3,25.19,6.5807
11119.3,25.27,6.5807
11120.3,25.17,6.5807
11121.31,25.17,6.5807
11122.31,25.29,6.5829
11123.31,25.19,6.5829
11124.31,25.28,6.5861
11125.31,25.17,6.5861
11126.31,25.17,6.5861
11127.32,25.26,6.5861
11128.32,25.16,6.5861
11129.32,25.28,6.59
11130.32,25.17,6.59
11131.32,25.17,6.59
11132.32,25.28,6.59
11133.33,25.19,6.5956
11134.33,25.28,6.5956
11135.33,25.17,6.5956
11136.33,25.18,6.5956
11137.33,25.3,6.5956
11138.33,25.16,6.6013
11139.33,25.22,6.6013
11140.34,25.27,6.6013
11141.34,25.17,6.6013
11142.34,25.28,6.6013
11143.34,25.19,6.6071
11144.34,25.18,6.6071
11145.34,25.27,6.6071
11146.35,25.17,6.6071
11147.35,25.28,6.6073
11148.35,25.18,6.6084
11149.35,25.18,6.6084
11150.35,25.27,6.6097
11151.35,25.17,6.6097
11152.36,25.28,6.6097
11153.36,25.19,6.6158
11154.36,25.18,6.6158
11155.36,25.28,6.6158
11156.36,25.18,6.6158
11157.36,25.29,6.6158
11158.36,25.17,6.6218
11159.37,25.11,6.6218
11160.37,25.21,6.6218
11161.37,25.16,6.6218
11162.37,25.23,6.6274
11163.37,25.13,6.6274
11164.37,25.12,6.6274
11165.38,25.21,6.6274
11166.38,25.11,6.6274
11167.38,25.22,6.6332
11168.38,25.15,6.6332
11169.38,25.18,6.6332
11170.38,25.27,6.6332
11171.39,25.16,6.6332
11172.39,25.28,6.6395
11173.39,25.18,6.6395
11174.39,25.17,6.6395
11175.39,25.28,6.6395
11176.39,25.16,6.6395
11177.39,25.17,6.6451
11178.4,25.26,6.6451
11179.4,25.17,6.6451
11180.4,25.27,6.6451
11181.4,25.17,6.6512
11182.4,25.17,6.6512
11183.4,25.29,6.6512
11184.41,25.17,6.6512
11185.41,25.27,6.6512
11186.41,25.12,6.6525
11187.41,25.12,6.6595
11188.41,25.26,6.6595
11189.41,25.15,6.6595
11190.41,25.17,6.6595
11191.41,25.29,6.6595
11192.42,25.18,6.6619
11193.42,25.18,6.6627
11194.42,25.23,6.6686
11195.42,25.15,6.6686
11196.42,25.22,6.6686
11197.42,25.12,6.6686
11198.43,25.12,6.6744
11199.43,25.23,6.6744
11200.43,25.16,6.6744
11201.43,25.25,6.6744
11202.43,25.13,6.6744
11203.43,25.18,6.6766
11204.43,25.29,6.6766
11205.44,25.16,6.6787
11206.44,25.16,6.6847
11207.44,25.29,6.6847
11208.44,25.17,6.6847
11209.44,25.17,6.6847
11210.44,25.29,6.6854
11211.44,25.18,6.691
11212.45,25.18,6.691
11213.45,25.28,6.691
11214.45,25.17,6.691
11215.45,25.27,6.6914
11216.45,25.16,6.6936
11217.45,25.17,6.7001
11218.45,25.28,6.7001
11219.46,25.15,6.7001
11220.46,25.17,6.7001
11221.46,25.27,6.7001
11222.46,25.17,6.7037
11223.46,25.17,6.7037
11224.46,25.27,6.7037
11225.47,25.17,6.7037
11226.47,25.27,6.7046
11227.47,25.18,6.7104
11228.47,25.17,6.7104
11229.47,25.28,6.7104
11230.47,25.17,6.7104
11231.47,25.27,6.7163
11232.48,25.17,6.7163
11233.48,25.18,6.7163
11234.48,25.22,6.7163
11235.48,25.11,6.7163
11236.48,25.21,6.717
11237.48,25.13,6.7244
11238.49,25.13,6.7244
11239.49,25.26,6.7244
11240.49,25.11,6.7244
11241.49,25.24,6.7244
11242.49,25.18,6.73
11243.49,25.18,6.73
11244.5,25.28,6.73
11245.5,25.17,6.73
11246.5,25.27,6.73
11247.5,48.7,6.7407
11248.5,50.11,6.7423
11249.5,50.33,6.7939
11250.5,36.85,6.7972
11251.51,25.16,6.7974
11252.51,25.24,6.8037
11253.51,25.16,6.8037
11254.51,25.18,6.8037
11255.51,25.45,6.7685
11256.51,25.16,6.7688
11257.51,25.28,6.7747
11258.52,25.16,6.7747
11259.52,25.17,6.7747
11260.52,25.28,6.7747
11261.52,25.2,6.7804
11262.52,25.14,6.7804
11263.52,25.24,6.7804
11264.52,25.13,6.7804
11265.53,25.13,6.7804
11266.53,25.19,6.7827
11267.53,25.11,6.7835
11268.53,25.1,6.7894
11269.53,25.22,6.7894
11270.53,25.11,6.7894
11271.54,25.21,6.7894
11272.54,25.12,6.7951
11273.54,25.13,6.7951
11274.54,25.26,6.7951
11275.54,25.17,6.7951
11276.54,25.26,6.7951
11277.54,25.17,6.801
11278.55,25.16,6.801
11279.55,25.27,6.801
11280.55,25.16,6.801
11281.55,25.27,6.801
11282.55,25.17,6.8011
11283.55,25.18,6.8011
11284.55,25.28,6.8011
11285.56,25.16,6.8011
11286.56,25.16,6.8029
11287.56,25.9,6.8087
11288.56,25.26,6.8087
11289.56,25.17,6.8087
11290.56,25.27,6.8087
11291.56,25.69,6.8127
11292.57,26.55,6.8127
11293.57,25.27,6.8127
11294.57,25.14,6.8127
11295.57,25.27,6.8183
11296.57,25.17,6.8183
11297.57,25.12,6.8183
11298.57,25.23,6.8183
11299.58,25.11,6.8194
11300.58,25.11,6.8209
11301.58,25.21,6.8268
11302.58,25.12,6.8268
11303.58,25.23,6.8268
11304.58,25.11,6.8268
11305.59,25.11,6.8279
11306.59,25.21,6.8299
11307.59,25.12,6.8308
11308.59,25.21,6.8365
11309.59,25.11,6.8365
11310.59,25.11,6.8365
11311.6,25.21,6.8365
11312.6,25.12,6.8423
11313.6,25.23,6.8423
11314.6,25.11,6.8423
11315.6,25.12,6.8423
11316.6,25.22,6.8423
11317.61,25.13,6.8499
11318.61,25.22,6.8499
11319.61,25.17,6.8499
11320.61,25.17,6.8499
11321.61,25.26,6.8499
11322.61,25.2,6.8557
11323.61,25.16,6.8557
11324.62,25.27,6.8557
11325.62,25.16,6.8557
11326.62,25.26,6.8557
11327.62,25.17,6.8585
11328.62,25.16,6.8643
11329.62,25.26,6.8643
11330.63,25.17,6.8643
11331.63,25.27,6.8643
11332.63,25.2,6.87
11333.63,25.17,6.87
11334.63,25.26,6.87
11335.63,25.16,6.87
11336.63,25.27,6.87
11337.64,25.2,6.8758
11338.64,25.17,6.8758
11339.64,25.27,6.8758
11340.64,25.13,6.8758
11341.64,25.11,6.8761
11342.64,25.25,6.878
11343.65,25.16,6.8812
11344.65,25.27,6.8812
11345.65,25.15,6.8812
11346.65,25.12,6.8812
11347.65,25.22,6.8812
11348.65,25.12,6.8851
11349.65,25.23,6.8851
11350.66,25.11,6.8851
11351.66,25.13,6.8851
11352.66,25.26,6.8851
11353.66,25.18,6.8907
11354.66,25.12,6.8907
11355.66,25.26,6.8907
11356.66,25.18,6.8907
11357.66,25.19,6.8963
11358.67,25.17,6.8965
11359.67,25.27,6.8965
11360.67,25.16,6.8965
11361.67,25.26,6.8965
11362.67,25.17,6.9022
11363.67,25.18,6.9022
11364.68,25.27,6.9022
11365.68,25.17,6.9022
11366.68,25.17,6.9022
11367.68,25.27,6.9035
11368.68,25.17,6.9035
11369.68,25.27,6.9038
11370.68,25.15,6.9049
11371.69,25.16,6.9049
11372.69,25.28,6.9109
11373.69,25.17,6.9109
11374.69,25.27,6.9109
11375.69,25.17,6.9109
11376.69,25.16,6.9109
11377.7,25.27,6.917
11378.7,25.16,6.917
11379.7,25.24,6.917
11380.7,25.27,6.917
11381.7,25.16,6.917
11382.7,25.29,6.9226
11383.7,25.17,6.9226
11384.71,25.17,6.9226
11385.71,25.26,6.9226
11386.71,25.18,6.9283
11387.71,25.28,6.9283
11388.71,25.17,6.9283
11389.71,25.17,6.9283
11390.72,25.26,6.9283
11391.72,25.17,6.9347
11392.72,25.29,6.9348
11393.72,25.17,6.9348
11394.72,25.17,6.9348
11395.72,25.27,6.9348
11396.73,25.17,6.9404
11397.73,25.28,6.9404
11398.73,25.12,6.9404
11399.73,25.11,6.9404
11400.73,25.25,6.9404
11401.73,25.16,6.9465
11402.73,25.23,6.9465
11403.74,25.15,6.9465
11404.74,25.16,6.9465
11405.74,25.27,6.947
11406.74,25.17,6.9548
11407.74,25.18,6.9548
11408.74,25.27,6.9548
11409.74,25.2,6.9548
11410.75,25.12,6.9548
11411.75,25.21,6.9571
11412.75,25.13,6.9575
11413.75,25.21,6.9638
11414.75,25.15,6.9638
11415.75,25.16,6.9638
11416.76,25.26,6.9638
11417.76,25.17,6.9638
11418.76,25.27,6.9697
11419.76,25.17,6.9697
11420.76,25.17,6.9697
11421.76,25.23,6.9697
11422.77,25.19,6.9701
11423.77,25.27,6.9719
11424.77,25.15,6.9726
11425.77,25.16,6.9798
11426.77,25.26,6.9798
11427.77,25.18,6.9798
11428.77,25.17,6.9798
11429.78,25.26,6.9798
11430.78,25.16,6.9863
11431.78,25.26,6.9863
11432.78,25.18,6.9863
11433.78,25.16,6.9863
11434.78,25.26,6.9863
11435.79,25.16,6.9884
11436.79,25.26,6.9892
11437.79,25.17,6.9951
11438.79,25.16,6.9951
11439.79,25.27,6.9951
11440.79,25.17,6.9951
11441.79,25.28,6.9958
11442.8,31.61,7.0715
11443.8,25.17,7.0715
11444.8,25.26,7.0715
11445.8,25.16,7.0715
11446.8,25.27,7.0715
11447.8,25.17,7.0715
11448.81,25.17,7.0715
11449.81,25.27,7.0715
11450.81,25.16,7.0715
11451.81,25.15,7.0715
11452.81,25.28,7.0715
11453.81,25.17,7.0715
11454.82,25.27,7.0715
11455.82,25.17,7.0715
11456.82,25.16,7.0715
11457.82,25.27,7.0715
11458.82,25.17,7.0715
11459.82,25.31,7.0715
11460.82,25.12,7.0715
11461.83,25.17,7.0715
11462.83,25.29,7.0715
11463.83,25.17,7.0715
11464.83,25.16,7.0715
11465.83,25.27,7.0715
11466.83,25.18,7.0715
11467.84,25.21,7.0715
11468.84,25.12,7.0715
11469.84,25.28,7.0715
11470.84,25.25,7.0715
11471.84,25.13,7.0715
11472.84,25.16,7.0715
11473.84,26.39,7.0715
11474.84,25.12,7.0715
11475.85,25.15,7.0715
11476.85,25.25,7.0715
11477.85,25.12,7.0715
11478.85,25.21,7.0715
11479.85,25.14,7.0715
11480.85,25.11,7.0715
11481.86,25.21,7.0715
11482.86,25.13,7.0715
11483.86,25.12,7.0715
11484.86,25.21,7.0715
11485.86,25.11,7.0715
11486.86,25.21,7.0715
11487.86,25.12,7.0715
11488.87,25.11,7.0715
11489.87,25.21,7.0715
11490.87,25.13,7.0715
11491.87,25.26,7.0715
11492.87,25.18,7.0715
11493.87,25.16,7.0715
11494.88,25.26,7.0715
11495.88,25.17,7.0715
11496.88,25.26,7.0715
11497.88,25.17,7.0715
11498.88,25.13,7.0715
11499.88,25.22,7.0715
11500.89,25.11,7.0715
11501.89,25.21,7.0715
11502.89,25.13,7.0715
11503.89,25.15,7.0715
11504.89,25.26,7.0744
11505.89,25.2,7.0785
11506.89,25.25,7.0785
11507.9,25.17,7.0785
11508.9,25.16,7.082
11509.9,25.26,7.082
11510.9,25.11,7.082
11511.9,25.22,7.082
11512.9,25.13,7.0853
11513.91,25.14,7.0853
11514.91,25.26,7.0853
11515.91,25.28,7.0887
11516.91,25.22,7.09
11517.91,25.12,7.0929
11518.91,25.11,7.0978
11519.92,25.22,7.0978
11520.92,25.11,7.0978
11521.92,25.11,7.1021
11522.92,25.27,7.1021
11523.92,25.16,7.1042
11524.92,25.26,7.1069
11525.92,25.16,7.1104
11526.93,25.16,7.1104
11527.93,25.23,7.1127
11528.93,25.12,7.1186
11529.93,25.42,7.1186
11530.93,25.16,7.1188
11531.93,25.16,7.1214
11532.94,25.23,7.1214
11533.94,25.11,7.1236
11534.94,25.22,7.1236
11535.94,25.11,7.1236
11536.94,25.11,7.1236
11537.94,25.22,7.1236
11538.95,25.11,7.1236
11539.95,25.21,7.1236
11540.95,25.11,7.1236
11541.95,25.12,7.1236
11542.95,25.24,7.1236
11543.95,25.11,7.1236
11544.95,25.23,7.1236
11545.96,25.15,7.1236
11546.96,25.16,7.1236
11547.96,25.26,7.1236
11548.96,25.12,7.1236
11549.96,25.13,7.1236
11550.96,25.23,7.1236
11551.97,25.16,7.1236
11552.97,25.28,7.1236
11553.97,25.15,7.1236
11554.97,25.16,7.1236
11555.97,25.26,7.1236
11556.97,25.16,7.1236
11557.98,25.26,7.1236
11558.98,25.16,7.1236
11559.98,25.17,7.1236
11560.98,25.26,7.1236
11561.98,25.16,7.1236
11562.98,25.26,7.1236
11563.98,25.12,7.1236
11564.99,25.14,7.1236
11565.99,25.23,7.1236
11566.99,25.1,7.1236
11567.99,25.22,7.1236
11568.99,25.12,7.1236
11569.99,25.13,7.1236
11571.0,25.23,7.1236
11572.0,25.16,7.1236
11573.0,25.18,7.1236
11574.0,25.26,7.1236
11575.0,25.13,7.1236
11576.0,25.26,7.1236
11577.0,25.16,7.1236
11578.01,25.17,7.1236
11579.01,25.49,7.1236
11580.01,25.1,7.1236
11581.01,25.21,7.1236
11582.01,25.11,7.1236
11583.01,25.15,7.1236
11584.02,25.25,7.1236
11585.02,25.16,7.1236
11586.02,25.26,7.1236
11587.02,25.15,7.1236
11588.02,25.17,7.1236
11589.02,25.26,7.1236
11590.03,25.17,7.1236
11591.03,25.23,7.1236
11592.03,25.11,7.1236
11593.03,25.14,7.1236
11594.03,25.25,7.1236
11595.03,25.16,7.1236
11596.03,25.16,7.1237
11597.04,25.28,7.1237
11598.04,25.17,7.1237
11599.04,25.26,7.1237
11600.04,25.16,7.1237
11601.04,25.15,7.1237
11602.04,25.25,7.1237
11603.05,25.18,7.1237
11604.05,25.26,7.1237
11605.05,25.16,7.1237
11606.05,25.15,7.1237
11607.05,25.24,7.1237
11608.05,25.15,7.1237
11609.05,25.25,7.1237
11610.06,25.17,7.1237
11611.06,25.17,7.1237
11612.06,25.28,7.1237
11613.06,25.19,7.1237
11614.06,25.17,7.1237
11615.06,25.27,7.1237
11616.07,25.17,7.1237
11617.07,25.27,7.1237
11618.07,25.18,7.1237
11619.07,25.17,7.1237
11620.07,25.25,7.1237
11621.07,25.11,7.1237
11622.07,25.23,7.1237
11623.08,25.13,7.1237
11624.08,25.13,7.1237
11625.08,25.26,7.1237
11626.08,25.16,7.1237
11627.08,25.27,7.1237
11628.08,25.17,7.1237
11629.09,25.17,7.1237
11630.09,25.26,7.1237
11631.09,25.16,7.1237
11632.09,25.16,7.1237
11633.09,25.28,7.1237
11634.09,25.16,7.1237
11635.09,25.16,7.1237
11636.1,25.26,7.1237
11637.1,25.16,7.1237
11638.1,25.28,7.1237
11639.1,25.16,7.1237
11640.1,25.16,7.1237
11641.1,25.26,7.1237
11642.1,25.17,7.1237
11643.11,25.19,7.1237
11644.11,25.26,7.1237
11645.11,25.17,7.1237
11646.11,25.26,7.1237
11647.11,25.17,7.1237
11648.11,25.18,7.1237
11649.12,25.27,7.1237
11650.12,25.17,7.1237
11651.12,25.26,7.1237
11652.12,25.11,7.1237
11653.12,25.13,7.1237
11654.12,25.21,7.1237
11655.13,25.12,7.1237
11656.13,25.16,7.1237
11657.13,25.26,7.1237
11658.13,25.17,7.1237
11659.13,25.26,7.1237
11660.13,25.19,7.1237
11661.13,25.13,7.1237
11662.14,25.22,7.1237
11663.14,25.19,7.1237
11664.14,25.16,7.1237
11665.14,25.28,7.1237
11666.14,25.16,7.1237
11667.14,25.16,7.1237
11668.14,25.29,7.1237
11669.14,25.17,7.1237
11670.15,25.17,7.1237
11671.15,25.26,7.1237
11672.15,25.16,7.1237
11673.15,25.13,7.1237
11674.15,25.21,7.1237
11675.15,25.11,7.1237
11676.16,25.21,7.1237
11677.16,25.11,7.1237
11678.16,25.12,7.1237
11679.16,25.22,7.1237
11680.16,25.13,7.1237
11681.16,25.19,7.1237
11682.16,25.28,7.1237
11683.16,25.15,7.1237
11684.17,25.17,7.1237
11685.17,25.29,7.1237
11686.17,25.17,7.1237
11687.17,25.18,7.1237
11688.17,25.28,7.1237
11689.17,25.17,7.1237
11690.17,25.17,7.1237
11691.18,25.25,7.1237
11692.18,25.16,7.1237
11693.18,25.29,7.1237
11694.18,25.17,7.1237
11695.18,25.16,7.1237
11696.18,25.26,7.1237
11697.19,25.16,7.1237
11698.19,25.26,7.1237
11699.19,25.17,7.1237
11700.19,25.16,7.1237
11701.19,25.26,7.1237
11702.19,25.16,7.1237
11703.19,25.29,7.1237
11704.2,25.11,7.1237
11705.2,25.14,7.1237
11706.2,25.27,7.1237
11707.2,25.17,7.1237
11708.2,25.17,7.1237
11709.2,25.28,7.1237
11710.21,25.17,7.1237
11711.21,25.26,7.1237
11712.21,25.17,7.1237
11713.21,25.19,7.1237
11714.21,25.27,7.1237
11715.21,25.16,7.1237
11716.21,25.24,7.1237
11717.22,25.14,7.1237
11718.22,25.15,7.1237
11719.22,25.21,7.1237
11720.22,25.12,7.1237
11721.22,25.25,7.1237
11722.22,25.17,7.1237
11723.23,25.17,7.1237
11724.23,25.27,7.1237
11725.23,25.16,7.1237
11726.23,25.13,7.1237
11727.23,25.22,7.1237
11728.23,25.14,7.1237
11729.24,25.26,7.1237
11730.24,25.11,7.1237
11731.24,25.11,7.1237
11732.24,25.24,7.1237
11733.24,25.13,7.1238
11734.24,25.17,7.1239
11735.24,25.25,7.1239
11736.24,25.15,7.1239
11737.25,25.13,7.1239
11738.25,25.2,7.1239
11739.25,25.13,7.1239
11740.25,25.26,7.1239
11741.25,25.16,7.1239
11742.25,25.18,7.1239
11743.25,25.3,7.1239
11744.26,25.17,7.1239
11745.26,25.17,7.1239
11746.26,25.28,7.1239
11747.26,25.17,7.1239
11748.26,25.17,7.1239
11749.26,25.27,7.1239
11750.26,25.17,7.1239
11751.27,25.16,7.1239
11752.27,25.27,7.1239
11753.27,25.17,7.1239
11754.27,25.26,7.1239
11755.27,25.11,7.1239
11756.27,25.11,7.1239
11757.28,25.22,7.1239
11758.28,25.11,7.1239
11759.28,25.12,7.1239
11760.28,25.22,7.1239
11761.28,25.11,7.1239
11762.28,25.12,7.1239
11763.28,25.24,7.1239
11764.28,25.13,7.1239
11765.29,25.13,7.1239
11766.29,25.16,7.1239
11767.29,25.26,7.1239
11768.29,25.16,7.1239
11769.29,25.28,7.1239
11770.29,25.16,7.1239
11771.29,25.16,7.1239
11772.3,25.27,7.1239
11773.3,25.23,7.1337
11774.3,25.17,7.1337
11775.3,25.27,7.1337
11776.3,25.17,7.1337
11777.3,25.23,7.1337
11778.3,25.11,7.1337
11779.31,25.11,7.1337
11780.31,25.22,7.1392
11781.31,25.16,7.1392
11782.31,25.17,7.1392
11783.31,25.28,7.1404
11784.31,25.17,7.1461
11785.31,25.17,7.1461
11786.32,25.27,7.1461
11787.32,25.18,7.1495
11788.32,25.27,7.1521
11789.32,25.17,7.1586
11790.32,25.17,7.1586
11791.32,25.27,7.1586
11792.33,25.18,7.1638
11793.33,25.23,7.1638
11794.33,25.1,7.1638
11795.33,25.1,7.1638
11796.33,25.2,7.1663
11797.33,25.11,7.172
11798.33,25.13,7.172
11799.34,25.27,7.172
11800.34,25.16,7.178
11801.34,25.26,7.178
11802.34,25.16,7.178
11803.34,25.18,7.183
11804.34,25.26,7.183
11805.35,25.16,7.183
11806.35,25.19,7.1834
11807.35,25.25,7.188
11808.35,25.14,7.188
11809.35,25.15,7.188
11810.35,25.26,7.1919
11811.35,25.17,7.1919
11812.35,25.28,7.1919
11813.36,25.18,7.1953
11814.36,25.13,7.1986
11815.36,25.22,7.2044
11816.36,25.11,7.2044
11817.36,25.12,7.2044
11818.36,25.24,7.2085
11819.36,25.11,7.2085
11820.37,25.11,7.2085
11821.37,25.21,7.2138
11822.37,25.12,7.2138
11823.37,25.13,7.2138
11824.37,25.22,7.2189
11825.37,25.11,7.2189
11826.37,25.11,7.2189
11827.37,25.22,7.2192
11828.38,25.12,7.2222
11829.38,25.16,7.2241
11830.38,25.27,7.2241
11831.38,25.16,7.2241
11832.38,25.17,7.2241
11833.38,25.28,7.2241
11834.39,25.16,7.2241
11835.39,25.25,7.2241
11836.39,25.16,7.2241
11837.39,25.17,7.2241
11838.39,25.28,7.2241
11839.39,25.16,7.2241
11840.39,25.15,7.2241
11841.39,25.28,7.2241
11842.4,25.17,7.2241
11843.4,25.18,7.2241
11844.4,25.26,7.2241
11845.4,26.23,7.2241
11846.4,25.11,7.2241
11847.4,25.23,7.2241
11848.4,25.19,7.2241
11849.41,25.17,7.2241
11850.41,25.27,7.2241
11851.41,25.17,7.2241
11852.41,25.18,7.2241
11853.41,25.28,7.2241
11854.41,25.17,7.2241
11855.41,25.17,7.2241
11856.42,25.26,7.2241
11857.42,25.17,7.2241
11858.42,25.26,7.2241
11859.42,25.17,7.2241
11860.42,25.17,7.2241
11861.42,25.27,7.2241
11862.43,25.18,7.2241
11863.43,25.28,7.2241
11864.43,25.17,7.2241
11865.43,25.17,7.2241
11866.43,25.26,7.2241
11867.43,25.17,7.2241
11868.43,25.26,7.2241
11869.44,25.14,7.2241
11870.44,25.13,7.2241
11871.44,25.25,7.2241
11872.44,25.17,7.2241
11873.44,25.18,7.2241
11874.44,25.26,7.2241
11875.45,25.16,7.2241
11876.45,25.18,7.2241
11877.45,25.27,7.2241
11878.45,26.02,7.2241
11879.45,25.27,7.2241
11880.45,25.16,7.2241
11881.45,25.17,7.2241
11882.45,25.29,7.2241
11883.46,25.18,7.2241
11884.46,25.16,7.2241
11885.46,25.27,7.2241
11886.46,25.16,7.2241
11887.46,25.17,7.2241
11888.46,25.27,7.2241
11889.47,25.17,7.2241
11890.47,25.28,7.2241
11891.47,25.16,7.2241
11892.47,25.17,7.2241
11893.47,25.3,7.2241
11894.47,25.17,7.2241
11895.47,25.16,7.2241
11896.47,25.28,7.2241
11897.48,25.17,7.2241
11898.48,25.15,7.2241
11899.48,25.21,7.2241
11900.48,25.11,7.2241
11901.48,25.11,7.2241
11902.48,25.22,7.2241
11903.49,25.13,7.2241
11904.49,25.24,7.2241
11905.49,25.16,7.2241
11906.49,25.16,7.2241
11907.49,25.28,7.2241
11908.49,25.16,7.2241
11909.49,25.17,7.2241
11910.5,25.26,7.2241
11911.5,25.16,7.2241
11912.5,25.16,7.2241
11913.5,25.27,7.224
11914.5,25.16,7.224
11915.5,25.26,7.224
11916.5,25.16,7.224
11917.51,25.18,7.224
11918.51,25.26,7.224
11919.51,25.17,7.224
11920.51,25.26,7.224
11921.51,25.16,7.224
11922.51,25.17,7.224
11923.52,26.14,7.2241
11924.52,25.17,7.2241
11925.52,25.16,7.2241
11926.52,25.26,7.2241
11927.52,25.16,7.2241
11928.52,25.22,7.2241
11929.52,25.13,7.2241
11930.53,25.17,7.2241
11931.53,25.26,7.2241
11932.53,25.18,7.2241
11933.53,25.14,7.2241
11934.53,25.21,7.2241
11935.53,25.11,7.2241
11936.54,25.21,7.2241
11937.54,25.16,7.2241
11938.54,25.17,7.2241
11939.54,25.26,7.2241
11940.54,25.14,7.2241
11941.54,25.21,7.2241
11942.54,25.95,7.2241
11943.55,25.17,7.2241
11944.55,25.28,7.2241
11945.55,25.14,7.2241
11946.55,25.17,7.2241
11947.55,25.28,7.2241
11948.55,25.17,7.2241
11949.55,25.17,7.2241
11950.56,25.27,7.2241
11951.56,25.16,7.2241
11952.56,25.29,7.2241
11953.56,25.18,7.2241
11954.56,25.17,7.2241
11955.56,25.29,7.2241
11956.56,25.17,7.2241
11957.57,25.15,7.2241
11958.57,25.27,7.2241
11959.57,25.17,7.2241
11960.57,25.14,7.2241
11961.57,25.26,7.2241
11962.57,25.16,7.2241
11963.58,25.24,7.2241
11964.58,25.16,7.2241
11965.58,25.14,7.2241
11966.58,25.21,7.2241
11967.58,25.13,7.2241
11968.58,25.19,7.2241
11969.58,25.28,7.2241
11970.58,25.17,7.2241
11971.59,25.11,7.2241
11972.59,25.22,7.2241
11973.59,25.14,7.2241
11974.59,25.11,7.2241
11975.59,25.21,7.2241
11976.59,25.11,7.2241
11977.6,25.25,7.2241
11978.6,25.16,7.2241
11979.6,25.17,7.2241
11980.6,25.27,7.2241
11981.6,25.17,7.2241
11982.6,25.28,7.2241
11983.6,25.19,7.2241
11984.61,25.14,7.2241
11985.61,25.21,7.2241
11986.61,25.11,7.2241
11987.61,25.12,7.2241
11988.61,25.21,7.2241
11989.61,25.11,7.2241
11990.62,25.21,7.2241
11991.62,25.12,7.2241
11992.62,25.2,7.2241
11993.62,25.22,7.2241
11994.62,25.11,7.2241
11995.62,25.21,7.2241
11996.62,25.11,7.2241
11997.63,25.12,7.2241
11998.63,25.22,7.2241
11999.63,25.11,7.2241
12000.63,25.21,7.2241
12001.63,25.11,7.2241
12002.63,25.14,7.2241
12003.64,25.21,7.2241
12004.64,25.11,7.2241
12005.64,25.16,7.2241
12006.64,25.26,7.2241
12007.64,25.19,7.2241
12008.64,25.12,7.2241
12009.64,25.22,7.2241
12010.65,25.11,7.2241
12011.65,25.21,7.2241
12012.65,25.13,7.2241
12013.65,25.12,7.2243
12014.65,25.26,7.2242
12015.65,25.16,7.2242
12016.65,25.17,7.2242
12017.66,25.27,7.2242
12018.66,25.19,7.2242
12019.66,25.17,7.2242
12020.66,25.27,7.2242
12021.66,25.17,7.2242
12022.66,25.27,7.2242
12023.66,25.17,7.2242
12024.67,25.16,7.2242
12025.67,25.26,7.2242
12026.67,25.16,7.2242
12027.67,25.18,7.2242
12028.67,25.26,7.2242
12029.67,25.16,7.2242
12030.68,25.27,7.2242
12031.68,25.16,7.2242
12032.68,25.19,7.2242
12033.68,25.27,7.2242
12034.68,25.17,7.2242
12035.68,25.28,7.2242
12036.68,25.18,7.2242
12037.69,25.19,7.2242
12038.69,25.27,7.2242
12039.69,25.18,7.2242
12040.69,25.27,7.2242
12041.69,25.17,7.2242
12042.69,25.29,7.2242
12043.7,25.17,7.2242
12044.7,25.17,7.2242
12045.7,25.28,7.2242
12046.7,25.17,7.2242
12047.7,25.29,7.2242
12048.7,25.17,7.2242
12049.71,25.16,7.2243
12050.71,25.29,7.2243
12051.71,25.17,7.2243
12052.71,25.2,7.2243
12053.71,25.3,7.2243
12054.71,25.18,7.2243
12055.71,25.19,7.2243
12056.72,25.28,7.2243
12057.72,25.18,7.2243
12058.72,25.29,7.2243
12059.72,25.18,7.2243
12060.72,25.18,7.2243
12061.72,25.28,7.2243
12062.73,25.21,7.2243
12063.73,25.21,7.2243
12064.73,25.28,7.2243
12065.73,25.18,7.2243
12066.73,25.28,7.2243
12067.73,25.19,7.2243
12068.73,25.18,7.2243
12069.74,25.29,7.2243
12070.74,25.18,7.2243
12071.74,25.28,7.2243
12072.74,25.2,7.2243
12073.74,25.28,7.2243
12074.74,25.18,7.2243
12075.75,25.18,7.2243
12076.75,25.27,7.2243
12077.75,25.19,7.2243
12078.75,25.28,7.2243
12079.75,25.17,7.2243
12080.75,25.17,7.2243
12081.76,25.26,7.2243
12082.76,25.2,7.2243
12083.76,25.27,7.2243
12084.76,25.18,7.2243
12085.76,25.28,7.2243
12086.76,25.17,7.2243
12087.77,25.18,7.2243
12088.77,25.28,7.2243
12089.77,25.18,7.2243
12090.77,25.28,7.2243
12091.77,25.24,7.2243
12092.77,25.2,7.2243
12093.78,25.25,7.2243
12094.78,25.17,7.2243
12095.78,25.27,7.2243
12096.78,25.17,7.2243
12097.78,25.18,7.2243
12098.78,25.26,7.2243
12099.79,25.18,7.2243
12100.79,25.27,7.2243
12101.79,25.17,7.2243
12102.79,25.3,7.2243
12103.79,25.16,7.2243
12104.79,25.17,7.2243
12105.8,25.26,7.2243
12106.8,25.17,7.2243
12107.8,25.29,7.2243
12108.8,25.18,7.2243
12109.8,25.17,7.2242
12110.8,25.3,7.2243
12111.8,25.17,7.2243
12112.81,25.19,7.2243
12113.81,25.27,7.2243
12114.81,25.17,7.2243
12115.81,25.26,7.2243
12116.81,25.11,7.2243
12117.81,25.3,7.2243
12118.82,25.17,7.2243
12119.82,25.16,7.2243
12120.82,25.21,7.2243
12121.82,25.13,7.2243
12122.82,25.24,7.2243
12123.82,25.14,7.2243
12124.83,25.11,7.2243
12125.83,25.21,7.2243
12126.83,25.13,7.2243
12127.83,25.27,7.2243
12128.83,25.17,7.2243
12129.83,25.27,7.2243
12130.84,25.18,7.2243
12131.84,25.17,7.2243
12132.84,25.3,7.2243
12133.84,25.17,7.2243
12134.84,77.64,2.2461
12135.84,88.59,2.3793
12136.85,86.39,2.6611
12137.85,71.63,2.2624
12138.85,87.47,2.4975
12139.85,62.24,2.1451
12140.85,77.24,2.3106
12141.85,87.53,2.5239
12142.85,65.41,2.1037
12143.85,80.43,2.2771
12144.86,87.74,2.4524
12145.86,78.38,2.0368
12146.86,73.81,2.2617
12147.86,87.3,2.4038
12148.86,84.44,2.664
12149.86,51.75,2.0925
12150.86,77.58,2.2748
12151.87,90.85,2.4432
12152.87,81.45,2.702
12153.87,61.66,3.0932
12154.87,62.59,2.1017
12155.87,83.21,2.3012
12156.87,88.72,2.4547
12157.87,67.89,2.2644
12158.87,87.23,2.3971
12159.88,84.02,2.6249
12160.88,74.91,2.0838
12161.88,79.33,2.2976
12162.88,85.44,2.4072
12163.88,83.86,2.66
12164.88,63.74,2.1333
12165.88,82.91,2.3293
12166.89,88.77,2.5084
12167.89,79.4,2.5886
12168.89,68.03,2.2565
12169.89,74.95,2.3667
12170.89,85.25,2.6083
12171.89,72.85,2.8925
12172.89,30.63,3.2128
12173.89,41.44,3.5362
12174.9,64.95,3.9204
12175.9,43.73,4.3769
12176.9,29.15,4.8425
12177.9,27.22,5.3052
12178.9,36.47,5.7642
12179.9,25.58,6.2266
12180.91,25.62,6.6987
12181.91,29.96,7.1058
12182.91,25.29,7.1171
12183.91,25.32,7.1997
12184.91,25.77,7.1997
12185.91,25.32,7.1997
12186.91,25.3,7.1997
12187.92,25.21,7.1997
12188.92,25.22,7.1997
12189.92,25.3,7.1997
12190.92,31.46,7.2482
12191.92,25.73,7.2962
12192.92,25.19,7.2962
12193.93,25.19,7.2962
12194.93,25.31,7.2961
12195.93,25.19,7.2961
12196.93,25.29,7.2961
12197.93,25.2,7.2961
12198.93,25.29,7.2961
12199.94,27.92,7.2962
12200.94,25.17,7.2962
12201.94,25.28,7.2962
12202.94,25.23,7.2962
12203.94,25.29,7.2962
12204.94,25.16,7.2962
12205.95,25.18,7.2962
12206.95,25.27,7.2962
12207.95,25.19,7.2962
12208.95,27.59,7.2968
12209.95,25.14,7.2968
12210.95,25.18,7.2968
12211.95,25.32,7.2968
12212.96,25.21,7.2968
12213.96,25.18,7.2968
12214.96,25.31,7.2968
12215.96,25.19,7.2968
12216.96,25.18,7.2968
12217.96,27.67,7.2968
12218.96,25.17,7.2968
12219.97,25.16,7.297
12220.97,25.23,7.2969
12221.97,25.13,7.2969
12222.97,25.16,7.2969
12223.97,25.26,7.2969
12224.97,25.13,7.2969
12225.97,25.13,7.2969
12226.97,28.17,7.3462
12227.98,25.21,7.3462
12228.98,25.21,7.3462
12229.98,25.3,7.3462
12230.98,25.19,7.3462
12231.98,25.19,7.3462
12232.98,25.32,7.3462
12233.99,25.19,7.3462
12234.99,25.31,7.3462
12235.99,25.19,7.3462
12236.99,25.2,7.7911
12237.99,25.3,8.2137
12238.99,25.21,8.6786
12240.0,29.83,8.8528
12241.0,25.2,8.8528
12242.0,25.21,8.8528
12243.0,25.34,8.8528
12244.0,25.2,8.8528
12245.0,25.3,8.8528
12246.0,25.19,8.8528
12247.01,25.2,8.8528
12248.01,25.32,8.8528
12249.01,25.19,8.8528
12250.01,25.2,8.8528
12251.01,25.63,8.8547
12252.01,25.2,8.8547
12253.01,25.23,8.8547
12254.01,25.29,8.8547
12255.02,25.19,8.8547
12256.02,25.19,8.8547
12257.02,25.29,8.8547
12258.02,25.21,8.8547
12259.02,26.05,8.8547
12260.02,25.29,8.8547
12261.03,25.19,8.8547
12262.03,25.3,8.8547
12263.03,25.45,8.8553
12264.03,25.29,8.8553
12265.03,25.19,8.8553
12266.03,25.19,8.8553
12267.04,25.29,8.8553
12268.04,25.2,8.8553
12269.04,25.27,8.8553
12270.04,25.13,8.8553
12271.04,25.22,8.8553
12272.04,25.12,8.8553
12273.05,25.45,8.8571
12274.05,25.28,8.8571
12275.05,25.18,8.8571
12276.05,25.28,8.8571
12277.05,25.18,8.8571
12278.05,25.3,8.8571
12279.06,25.18,8.8571
12280.06,25.19,8.8571
12281.06,25.28,8.8571
12282.06,25.19,8.8571
12283.06,25.31,8.8571
12284.06,25.42,8.8582
12285.07,25.61,8.8582
12286.07,26.32,8.8582
12287.07,25.18,8.8582
12288.07,25.3,8.8582
12289.07,25.16,8.8582
12290.07,25.23,8.8582
12291.08,25.13,8.8582
12292.08,25.12,8.8582
12293.08,25.25,8.8582
12294.08,25.13,8.8582
12295.08,25.58,8.8589
12296.08,25.18,8.8589
12297.09,25.29,8.8589
12298.09,25.19,8.8589
12299.09,25.18,8.8589
12300.09,25.28,8.8589
12301.09,25.18,8.8589
12302.1,25.28,8.8589
12303.1,25.21,8.8589
12304.1,25.19,8.8589
12305.1,25.28,8.8589
12306.1,25.42,8.8594
12307.1,25.3,8.8593
12308.1,25.19,8.8593
12309.11,25.19,8.8593
12310.11,25.28,8.8593
12311.11,25.19,8.8593
12312.11,25.3,8.8593
12313.11,25.21,8.8593
12314.11,25.16,8.8593
12315.12,25.28,8.8593
12316.12,25.19,8.8593
12317.12,25.45,8.8605
12318.12,25.19,8.8605
12319.12,25.2,8.8606
12320.12,25.29,8.8606
12321.13,25.19,8.8606
12322.13,25.29,8.8606
12323.13,25.21,8.8606
12324.13,25.2,8.8606
12325.13,25.28,8.8606
12326.13,25.13,8.8606
12327.13,25.38,8.8613
12328.14,25.13,8.8613
12329.14,25.12,8.8613
12330.14,25.22,8.8613
12331.14,25.12,8.8613
12332.14,25.22,8.8613
12333.14,25.15,8.8613
12334.15,25.13,8.8613
12335.15,25.22,8.8613
12336.15,25.12,8.8613
12337.15,25.22,8.8613
12338.15,25.46,8.8622
12339.16,25.23,8.8622
12340.16,25.12,8.8622
12341.16,25.12,8.8622
12342.16,25.22,8.8622
12343.16,25.19,8.8622
12344.16,25.3,8.8622
12345.16,25.18,8.8622
12346.17,25.19,8.8622
12347.17,25.28,8.8622
12348.17,25.2,8.8622
12349.17,25.55,8.8625
12350.17,25.19,8.8625
12351.17,25.19,8.8625
12352.18,25.29,8.8625
12353.18,25.21,8.8625
12354.18,25.29,8.8625
12355.18,25.18,8.8625
12356.18,25.29,8.8625
12357.18,25.19,8.8625
12358.19,25.16,8.8625
12359.19,25.22,8.8625
12360.19,25.47,8.8631
12361.19,25.23,8.8631
12362.19,25.12,8.8631
12363.19,25.25,8.8631
12364.2,25.14,8.8631
12365.2,25.12,8.8631
12366.2,25.22,8.8631
12367.2,25.14,8.8631
12368.2,25.29,8.8632
12369.2,25.19,8.8632
12370.21,25.18,8.8632
12371.21,25.61,8.8636
12372.21,25.2,8.8636
12373.21,25.61,8.8636
12374.21,25.13,8.8636
12375.21,25.18,8.8636
12376.22,25.29,8.8636
12377.22,25.18,8.8636
12378.22,25.29,8.8636
12379.22,25.18,8.8636
12380.22,25.18,8.8636
12381.22,25.61,8.8643
12382.23,25.19,8.8643
12383.23,25.31,8.8643
12384.23,25.19,8.8643
12385.23,25.28,8.8643
12386.23,25.19,8.8643
12387.23,25.2,8.8643
12388.23,25.31,8.8643
12389.24,25.18,8.8643
12390.24,25.18,8.8643
12391.24,25.28,8.8643
12392.24,25.38,8.8648
12393.24,25.3,8.8648
12394.24,25.18,8.8648
12395.25,25.18,8.8648
12396.25,25.29,8.8648
12397.25,25.19,8.8648
12398.25,25.28,8.8648
12399.25,25.2,8.8648
12400.26,25.29,8.8648
12401.26,25.18,8.8648
12402.26,25.2,8.8648
12403.26,25.5,8.8661
12404.26,25.19,8.8661
12405.26,25.29,8.8661
12406.27,25.2,8.8661
12407.27,25.26,8.8661
12408.27,25.3,8.8661
12409.27,25.19,8.8661
12410.27,25.29,8.8661
12411.27,25.18,8.8661
12412.27,25.17,8.8661
12413.28,25.69,8.8668
12414.28,25.2,8.8668
12415.28,25.28,8.8668
12416.28,25.19,8.8668
12417.28,25.22,8.8668
12418.28,25.28,8.8668
12419.28,25.18,8.8668
12420.29,25.18,8.8668
12421.29,25.29,8.8668
12422.29,25.19,8.8669
12423.29,25.3,8.8669
12424.29,25.18,8.8669
12425.29,25.64,8.8671
12426.3,25.18,8.8671
12427.3,25.19,8.8671
12428.3,25.28,8.8671
12429.3,25.2,8.8671
12430.3,25.28,8.8671
12431.3,25.18,8.8671
12432.31,25.19,8.8671
12433.31,25.3,8.8671
12434.31,25.19,8.8671
12435.31,25.29,8.8671
12436.31,25.55,8.8788
12437.31,25.29,8.8788
12438.32,25.19,8.8788
12439.32,25.18,8.8788
12440.32,25.31,8.8788
12441.32,25.19,8.8788
12442.32,25.19,8.8788
12443.32,25.3,8.8788
12444.33,25.18,8.8788
12445.33,25.29,8.8788
12446.33,25.19,8.8788
12447.33,25.54,8.8793
12448.33,25.31,8.8793
12449.33,25.18,8.8793
12450.33,25.28,8.8793
12451.34,25.19,8.8793
12452.34,25.19,8.8793
12453.34,25.29,8.8793
12454.34,25.19,8.8793
12455.34,25.29,8.8793
12456.34,25.19,8.8793
12457.35,25.18,8.8793
12458.35,25.56,8.8904
12459.35,25.19,8.8904
12460.35,25.3,8.8904
12461.35,25.18,8.8904
12462.35,25.2,8.8904
12463.36,25.3,8.8904
12464.36,25.19,8.8904
12465.36,25.29,8.8904
12466.36,25.19,8.8904
12467.36,25.19,8.8904
12468.36,25.22,8.8904
12469.37,25.49,8.8907
12470.37,25.28,8.8907
12471.37,25.17,8.8907
12472.37,25.19,8.8907
12473.37,25.3,8.8907
12474.37,25.18,8.8907
12475.38,25.31,8.8907
12476.38,25.19,8.8907
12477.38,25.19,8.8907
12478.38,25.29,8.8907
12479.38,25.46,8.9007
12480.38,25.28,8.9007
12481.39,25.19,8.9007
12482.39,25.29,8.9007
12483.39,25.2,8.9007
12484.39,25.19,8.9007
12485.39,25.29,8.9007
12486.39,25.19,8.9007
12487.4,25.3,8.9007
12488.4,25.19,8.9007
12489.4,25.2,8.9007
12490.4,25.56,8.901
12491.4,25.19,8.901
12492.4,25.3,8.901
12493.41,25.21,8.901
12494.41,25.29,8.901
12495.41,25.19,8.901
12496.41,25.18,8.901
12497.41,25.27,8.901
12498.41,25.18,8.901
12499.41,25.3,8.901
12500.42,25.18,8.901
12501.42,25.43,8.9096
12502.42,25.3,8.9096
12503.42,25.2,8.9096
12504.42,25.28,8.9096
12505.42,25.18,8.9096
12506.43,25.19,8.9096
12507.43,25.31,8.9096
12508.43,25.19,8.9096
12509.43,25.25,8.9096
12510.43,25.12,8.9096
12511.43,25.18,8.9096
12512.44,25.65,8.9099
12513.44,25.2,8.9099
12514.44,25.28,8.9099
12515.44,25.19,8.9099
12516.44,25.29,8.9099
12517.44,25.2,8.9099
12518.45,25.19,8.9099
12519.45,25.3,8.9099
12520.45,25.19,8.9099
12521.45,25.29,8.9099
12522.45,25.19,8.9099
12523.45,25.48,8.9169
12524.46,25.26,8.9169
12525.46,25.15,8.9169
12526.46,25.21,8.9169
12527.46,25.13,8.9169
12528.46,25.23,8.9169
12529.46,25.2,8.9169
12530.47,25.19,8.9169
12531.47,25.2,8.9169
12532.47,25.31,8.9169
12533.47,25.19,8.9169
12534.47,25.69,8.9172
12535.47,25.17,8.9172
12536.47,25.18,8.9172
12537.48,25.29,8.9172
12538.48,25.18,8.9172
12539.48,25.27,8.9172
12540.48,25.18,8.9172
12541.48,25.18,8.9172
12542.48,25.29,8.9172
12543.49,25.2,8.9172
12544.49,25.28,8.9172
12545.49,25.58,8.9201
12546.49,25.26,8.9201
12547.49,25.19,8.9201
12548.49,25.19,8.9201
12549.5,25.29,8.9201
12550.5,25.19,8.9201
12551.5,25.29,8.9201
12552.5,25.19,8.9201
12553.5,25.2,8.9201
12554.5,25.29,8.9201
12555.51,25.18,8.9201
12556.51,25.66,8.9203
12557.51,25.2,8.9203
12558.51,25.28,8.9203
12559.51,25.19,8.9203
12560.51,25.19,8.9203
12561.52,25.28,8.9203
12562.52,25.19,8.9203
12563.52,25.3,8.9203
12564.52,25.18,8.9203
12565.52,25.29,8.9203
12566.52,25.18,8.9203
12567.53,25.47,8.9208
12568.53,25.28,8.9208
12569.53,25.18,8.9208
12570.53,25.28,8.9208
12571.53,25.18,8.9208
12572.53,25.19,8.9208
12573.54,25.3,8.9208
12574.54,25.18,8.9208
12575.54,25.28,8.9208
12576.54,25.18,8.9208
12577.54,25.29,8.9208
12578.54,25.58,8.9211
12579.55,25.19,8.9211
12580.55,25.29,8.9211
12581.55,25.17,8.9211
12582.55,25.23,8.9211
12583.55,25.15,8.9211
12584.55,25.24,8.9211
12585.56,25.18,8.9211
12586.56,25.19,8.9211
12587.56,25.3,8.9213
12588.56,25.19,8.9213
12589.56,25.63,8.9217
12590.56,25.19,8.9217
12591.57,25.18,8.9217
12592.57,25.3,8.9219
12593.57,25.2,8.9219
12594.57,25.28,8.9219
12595.57,25.18,8.9219
12596.57,25.28,8.9219
12597.58,25.21,8.9219
12598.58,25.18,8.9219
12599.58,25.29,8.9219
12600.58,25.51,8.9221
12601.58,25.18,8.9221
12602.58,25.3,8.9221
12603.59,25.2,8.9221
12604.59,25.28,8.9221
12605.59,25.18,8.9221
12606.59,25.23,8.9221
12607.59,25.14,8.9222
12608.59,25.15,8.9222
12609.6,25.28,8.9222
12610.6,25.18,8.9222
12611.6,25.56,8.9227
12612.6,25.2,8.9227
12613.6,25.3,8.9227
12614.6,25.19,8.9227
12615.61,25.19,8.9227
12616.61,25.29,8.9227
12617.61,25.2,8.9227
12618.61,25.29,8.9227
12619.61,25.19,8.9227
12620.61,25.19,8.9227
12621.62,25.53,8.9232
12622.62,25.22,8.9232
12623.62,25.28,8.9232
12624.62,25.16,8.9232
12625.62,25.23,8.9232
12626.62,25.18,8.9232
12627.63,25.2,8.9232
12628.63,25.3,8.9232
12629.63,25.18,8.9232
12630.63,25.19,8.9232
12631.63,25.26,8.9232
12632.63,25.62,8.9237
12633.64,25.28,8.9237
12634.64,25.19,8.9237
12635.64,25.18,8.9237
12636.64,25.28,8.9237
12637.64,25.2,8.9237
12638.64,25.29,8.9237
12639.65,25.2,8.9237
12640.65,25.29,8.9237
12641.65,25.19,8.9237
12642.65,25.22,8.9238
12643.65,25.29,8.9238
12644.65,25.46,8.9241
12645.65,25.3,8.9241
12646.66,25.19,8.9241
12647.66,25.16,8.9241
12648.66,25.25,8.9241
12649.66,25.18,8.9241
12650.66,25.19,8.9243
12651.66,25.29,8.9243
12652.67,25.24,8.9243
12653.67,25.26,8.9243
12654.67,25.18,8.9243
12655.67,25.51,8.9258
12656.67,25.27,8.9258
12657.67,25.18,8.926
12658.68,25.27,8.926
12659.68,25.17,8.926
12660.68,25.19,8.926
12661.68,25.29,8.926
12662.68,25.21,8.926
12663.68,25.31,8.926
12664.68,25.18,8.926
12665.69,25.19,8.926
12666.69,25.67,8.9263
12667.69,25.2,8.9264
12668.69,25.29,8.9264
12669.69,25.2,8.9264
12670.69,25.19,8.9264
12671.7,25.28,8.9264
12672.7,25.21,8.9264
12673.7,25.29,8.9264
12674.7,25.14,8.9264
12675.7,25.19,8.9264
12676.7,25.26,8.9264
12677.71,25.51,8.9269
12678.71,25.25,8.9269
12679.71,25.17,8.9269
12680.71,25.27,8.9268
12681.71,25.19,8.927
12682.71,25.15,8.927
12683.72,25.23,8.927
12684.72,25.12,8.927
12685.72,25.12,8.927
12686.72,25.22,8.927
12687.72,25.13,8.927
12688.72,25.27,8.927
12689.73,25.69,8.9273
12690.73,25.29,8.9273
12691.73,25.19,8.9273
12692.73,25.16,8.9274
12693.73,25.23,8.9274
12694.73,25.18,8.9274
12695.73,25.29,8.9274
12696.74,25.19,8.9274
12697.74,25.2,8.9274
12698.74,25.29,8.9274
12699.74,25.2,8.9274
12700.74,25.68,8.9278
12701.74,25.19,8.9278
12702.75,25.2,8.9278
12703.75,25.28,8.9278
12704.75,25.18,8.9278
12705.75,25.3,8.9278
12706.75,25.19,8.9278
12707.75,25.21,8.9278
12708.76,25.29,8.9278
12709.76,25.19,8.9278
12710.76,25.6,8.9283
12711.76,25.18,8.9283
12712.76,25.21,8.9284
12713.76,25.3,8.9284
12714.76,25.18,8.9284
12715.77,25.18,8.9284
12716.77,25.29,8.9284
12717.77,25.2,8.9284
12718.77,25.3,8.9284
12719.77,25.19,8.9284
12720.77,25.19,8.9284
12721.77,25.75,8.9289
12722.78,25.21,8.929
12723.78,25.19,8.929
12724.78,25.31,8.929
12725.78,25.2,8.929
12726.78,25.2,8.929
12727.78,25.3,8.929
12728.78,25.12,8.9289
12729.79,25.15,8.9289
12730.79,25.3,8.9289
12731.79,25.21,8.9289
12732.79,25.49,8.9293
12733.79,25.25,8.9293
12734.79,25.13,8.9293
12735.79,25.25,8.9293
12736.8,25.18,8.9293
12737.8,25.19,8.9293
12738.8,25.29,8.9293
12739.8,25.18,8.9293
12740.8,25.29,8.9293
12741.8,25.19,8.9293
12742.81,25.21,8.9294
12743.81,25.67,8.9298
12744.81,25.18,8.9298
12745.81,25.28,8.9298
12746.81,25.18,8.9298
12747.81,25.3,8.9298
12748.82,25.18,8.9298
12749.82,25.19,8.9298
12750.82,25.29,8.9298
12751.82,25.19,8.9298
12752.82,25.31,8.9299
12753.83,25.18,8.9299
12754.83,25.64,8.9304
12755.83,25.19,8.9304
12756.83,25.19,8.9304
12757.83,25.31,8.9305
12758.83,25.19,8.9305
12759.83,25.19,8.9305
12760.84,25.28,8.9305
12761.84,25.18,8.9305
12762.84,25.31,8.9305
12763.84,25.16,8.9305
12764.84,25.13,8.9305
12765.84,25.79,8.9307
12766.85,25.19,8.9307
12767.85,25.54,8.9309
12768.85,25.19,8.9309
12769.85,25.28,8.9309
12770.85,25.18,8.9309
12771.85,25.18,8.9309
12772.86,25.31,8.9309
12773.86,25.19,8.9309
12774.86,25.3,8.9309
12775.86,25.19,8.9309
12776.86,25.48,8.9317
12777.86,25.3,8.9317
12778.87,25.19,8.9317
12779.87,25.29,8.9317
12780.87,25.18,8.9317
12781.87,25.18,8.9317
12782.87,25.32,8.9317
12783.87,25.18,8.9317
12784.88,25.28,8.9317
12785.88,25.18,8.9317
12786.88,25.61,8.9321
12787.88,25.3,8.9321
12788.88,25.19,8.9321
12789.88,25.29,8.9321
12790.89,25.19,8.9321
12791.89,25.29,8.9321
12792.89,25.22,8.9321
12793.89,25.19,8.9322
12794.89,25.3,8.9321
12795.89,25.19,8.9321
12796.89,25.29,8.9321
12797.9,25.2,8.9322
12798.9,25.6,8.9332
12799.9,25.29,8.9332
12800.9,25.17,8.9332
12801.9,25.29,8.9332
12802.9,25.21,8.9332
12803.91,25.19,8.9332
12804.91,25.28,8.9332
12805.91,25.19,8.9332
12806.91,25.3,8.9332
12807.91,25.19,8.9333
12808.91,25.18,8.9333
12809.92,25.69,8.9335
12810.92,25.18,8.9335
12811.92,25.29,8.9335
12812.92,25.21,8.9337
12813.92,25.29,8.9337
12814.92,25.19,8.9337
12815.93,25.19,8.9337
12816.93,25.28,8.9337
12817.93,25.59,8.9337
12818.93,25.19,8.9337
12819.93,25.3,8.9337
12820.93,25.57,8.9344
12821.94,25.3,8.9344
12822.94,25.22,8.9344
12823.94,25.3,8.9344
12824.94,25.19,8.9344
12825.94,25.19,8.9344
12826.94,25.3,8.9344
12827.95,25.2,8.9344
12828.95,25.29,8.9344
12829.95,25.2,8.9344
12830.95,25.19,8.9344
12831.95,25.31,8.9344
12832.95,25.58,8.935
12833.95,25.19,8.935
12834.96,25.29,8.935
12835.96,25.21,8.935
12836.96,25.29,8.935
12837.96,25.2,8.935
12838.96,25.2,8.935
12839.96,25.29,8.935
12840.97,25.19,8.935
12841.97,25.28,8.935
12842.97,25.29,8.9351
12843.97,25.71,8.936
12844.97,25.31,8.936
12845.97,25.19,8.936
12846.97,25.19,8.936
12847.98,25.3,8.936
12848.98,25.18,8.936
12849.98,25.3,8.936
12850.98,25.19,8.936
12851.98,25.18,8.936
12852.98,25.33,8.936
12853.99,25.19,8.936
12854.99,25.29,8.936
12855.99,25.5,8.9363
12856.99,25.2,8.9363
12857.99,25.3,8.9363
12858.99,25.2,8.9363
12859.99,25.31,8.9363
12861.0,25.2,8.9363
12862.0,25.2,8.9363
12863.0,25.33,8.9363
12864.0,25.2,8.9363
12865.0,25.29,8.9363
12866.0,25.2,8.9363
12867.01,25.5,8.9372
12868.01,25.3,8.9372
12869.01,25.19,8.9372
12870.01,25.23,8.9372
12871.01,25.13,8.9372
12872.02,25.23,8.9372
12873.02,25.16,8.9373
12874.02,25.13,8.9373
12875.02,28.03,8.9373
12876.02,25.17,8.9373
12877.02,25.32,8.9373
12878.02,25.21,8.9373
12879.03,25.6,8.9375
12880.03,25.3,8.9375
12881.03,25.19,8.9375
12882.03,25.29,8.9375
12883.03,25.17,8.9377
12884.03,25.14,8.9377
12885.04,25.23,8.9377
12886.04,25.15,8.9377
12887.04,25.3,8.9377
12888.04,25.2,8.9377
12889.04,25.21,8.9377
12890.04,25.26,8.9377
12891.04,25.4,8.9406
12892.05,25.22,8.9406
12893.05,25.82,8.9406
12894.05,25.2,8.9406
12895.05,25.2,8.9406
12896.05,25.25,8.9406
12897.05,25.12,8.9406
12898.06,25.23,8.9406
12899.06,25.12,8.9406
12900.06,25.23,8.9406
12901.06,25.17,8.9406
12902.06,25.17,8.9406
12903.06,25.74,8.943
12904.07,25.2,8.943
12905.07,25.3,8.943
12906.07,25.13,8.943
12907.07,25.23,8.943
12908.07,25.14,8.943
12909.07,25.12,8.943
12910.08,56.05,8.9573
12911.08,49.24,8.9831
12912.08,26.09,9.0126
12913.08,25.65,9.0398
12914.08,26.19,6.101
12915.08,52.11,2.2799
12916.09,82.99,2.4687
12917.09,86.66,2.65
12918.09,77.86,2.8788
12919.09,78.12,3.1048
12920.09,56.98,2.255
12921.09,84.44,2.478
12922.09,85.66,2.6716
12923.09,78.27,2.8961
12924.1,76.58,3.1005
12925.1,59.96,2.269
12926.1,83.87,2.434
12927.1,88.5,2.7106
12928.1,60.46,2.264
12929.1,85.49,2.4415
12930.1,86.9,2.7349
12931.11,61.58,2.2798
12932.11,74.6,2.4362
12933.11,89.98,2.735
12934.11,61.43,2.3071
12935.11,77.29,2.4692
12936.11,85.75,2.7007
12937.11,66.85,2.3346
12938.11,84.33,2.5075
12939.12,80.85,2.5438
12940.12,67.3,2.3804
12941.12,77.64,2.5022
12942.12,80.83,2.7148
12943.12,58.17,2.3259
12944.12,80.12,2.4841
12945.12,79.27,2.7231
12946.13,65.43,2.3575
12947.13,82.89,2.4939
12948.13,84.76,2.7554
12949.13,79.21,3.0464
12950.13,62.43,2.2843
12951.13,85.03,2.5993
12952.13,76.43,2.9364
12953.13,74.57,3.0327
12954.14,86.23,3.2411
12955.14,81.85,3.4743
12956.14,78.79,3.771
12957.14,76.73,4.0462
12958.14,77.75,4.2876
12959.14,76.77,4.4941
12960.15,75.89,4.6792
12961.15,75.66,4.8448
12962.15,75.76,5.0285
12963.15,76.32,5.2172
12964.15,75.87,5.719
12965.15,59.8,6.5019
12966.15,39.33,7.2528
12967.15,100.24,8.3874
12968.16,99.89,9.1229
12969.16,29.56,9.3245
12970.16,25.92,9.317
12971.16,56.78,9.317
12972.16,76.31,9.3172
12973.16,77.22,9.3228
12974.17,76.57,9.3281
12975.17,75.51,9.3401
12976.17,75.56,9.3416
12977.17,75.83,9.3422
12978.17,77.78,9.3428
12979.17,73.82,9.3432
12980.18,52.12,9.3438
12981.18,44.71,9.3438
12982.18,34.96,9.3438
12983.18,34.93,9.3439
12984.18,44.94,9.3439
12985.18,31.03,9.3439
12986.18,26.81,9.3439
12987.19,28.85,9.344
12988.19,29.59,9.344
12989.19,43.02,9.5862
12990.19,100.22,10.4542
12991.19,99.89,11.1107
12992.19,99.9,11.7957
12993.19,60.69,12.1258
12994.2,26.2,12.1739
12995.2,26.1,12.1739
12996.2,30.74,12.1739
12997.2,26.51,12.1739
12998.2,25.46,12.1739
12999.21,29.1,12.1739
13000.21,31.57,12.1739
13001.21,27.43,12.1739
13002.21,26.5,12.1739
13003.21,25.6,12.1739
13004.21,25.31,12.1739
13005.21,44.99,12.1739
13006.22,26.72,12.1739
13007.22,26.74,12.1739
13008.22,26.49,12.1741
13009.22,29.51,12.1741
13010.22,26.62,12.1741
13011.22,25.25,12.1741
13012.23,28.0,12.1741
13013.23,25.28,12.1741
13014.23,25.14,12.1741
13015.23,25.94,12.1741
13016.23,25.39,12.1741
13017.23,28.34,12.1741
13018.24,34.31,12.1741
13019.24,26.08,12.1741
13020.24,25.53,12.1741
13021.24,40.46,12.1741
13022.24,36.34,12.1741
13023.24,25.34,12.1741
13024.24,26.05,12.1741
13025.25,29.25,12.1741
13026.25,25.54,12.1741
13027.25,27.88,12.1741
13028.25,27.76,12.1741
13029.25,25.39,12.1741
13030.25,28.83,12.1741
13031.25,28.77,12.1741
13032.26,25.23,12.1742
13033.26,25.46,12.1742
13034.26,27.19,12.1742
13035.26,25.2,12.1742
13036.26,25.29,12.1742
13037.27,25.48,12.1742
13038.27,25.31,12.1742
13039.27,26.3,12.1742
13040.27,25.21,12.1742
13041.27,25.31,12.1742
13042.27,25.29,12.1742
13043.28,25.84,12.1742
13044.28,25.36,12.1742
13045.28,25.34,12.1742
13046.28,28.24,12.1742
13047.28,25.41,12.1742
13048.28,25.27,12.1742
13049.29,30.78,12.1742
13050.29,25.25,12.1742
13051.29,25.51,12.1742
13052.29,25.22,12.1742
13053.29,26.21,12.1742
13054.29,25.2,12.1742
13055.29,25.31,12.1742
13056.3,25.23,12.1742
13057.3,25.21,12.1743
13058.3,25.31,12.1743
13059.3,25.26,12.1743
13060.3,25.31,12.1743
13061.31,25.22,12.1743
13062.31,27.1,12.1743
13063.31,25.87,12.1743
13064.31,25.68,12.1743
13065.31,25.43,12.1743
13066.31,31.26,12.1743
13067.32,25.32,12.1743
13068.32,25.21,12.1743
13069.32,26.2,12.1743
13070.32,25.37,12.1743
13071.32,25.85,12.1743
13072.32,25.26,12.1743
13073.33,25.89,12.1743
13074.33,25.31,12.1743
13075.33,26.26,12.1743
13076.33,25.14,12.1743
13077.33,25.27,12.1745
13078.33,25.22,12.1745
13079.34,26.74,12.1745
13080.34,28.02,12.1745
13081.34,99.97,12.2263
13082.34,99.83,12.2902
13083.34,34.08,12.2902
13084.34,25.25,12.2902
13085.34,25.31,12.2902
13086.35,25.33,12.2902
13087.35,25.33,12.2903
13088.35,25.22,12.2903
13089.35,25.49,12.2903
13090.35,25.31,12.2903
13091.35,25.21,12.2903
13092.36,25.32,12.2903
13093.36,26.41,12.2903
13094.36,27.96,12.2903
13095.36,25.21,12.2903
13096.36,25.59,12.2903
13097.36,25.5,12.2903
13098.37,25.21,12.2903
13099.37,25.32,12.2903
13100.37,25.22,12.2903
13101.37,25.21,12.2903
13102.37,25.32,12.2903
13103.37,26.41,12.2903
13104.38,25.44,12.2903
13105.38,47.88,12.2904
13106.38,32.37,2.5217
13107.38,67.58,2.3863
13108.38,77.91,2.688
13109.38,72.68,2.9502
13110.39,85.39,3.09
13111.39,84.69,3.3093
13112.39,80.3,3.5402
13113.39,77.43,3.7729
13114.39,76.9,4.0393
13115.39,77.99,4.3015
13116.39,75.54,4.5199
13117.39,75.93,4.7082
13118.4,75.17,4.8769
13119.4,76.81,5.0614
13120.4,76.57,5.2273
13121.4,69.55,5.7183
13122.4,40.47,6.4985
13123.4,33.25,7.2656
13124.41,99.89,8.3837
13125.41,99.89,9.1011
13126.41,34.55,9.2346
13127.41,25.23,9.2257
13128.41,50.26,9.2257
13129.41,75.97,9.2257
13130.41,69.61,9.2279
13131.41,61.01,9.228
13132.42,51.21,9.2594
13133.42,41.87,9.3282
13134.42,31.8,9.3282
13135.42,36.2,9.3282
13136.42,28.55,9.3282
13137.42,32.86,9.3285
13138.43,45.51,9.3285
13139.43,32.28,9.3285
13140.43,29.05,9.3285
13141.43,46.73,9.3285
13142.43,27.27,9.3285
13143.43,31.6,9.3285
13144.43,25.32,9.3285
13145.44,26.59,9.3285
13146.44,46.8,9.3285
13147.44,30.41,9.3286
13148.44,86.06,10.2511
13149.44,99.92,10.8876
13150.44,100.13,11.5345
13151.44,99.89,12.1064
13152.45,32.94,12.1389
13153.45,28.22,12.1545
13154.45,29.88,12.1545
13155.45,34.53,12.1545
13156.45,29.28,12.1545
13157.45,25.35,12.1545
13158.45,30.94,12.1545
13159.46,26.78,12.1545
13160.46,26.46,12.1545
13161.46,25.31,12.1545
13162.46,25.34,12.1547
13163.46,25.41,12.1547
13164.46,26.27,12.1547
13165.47,25.2,12.1547
13166.47,27.52,12.1547
13167.47,25.18,12.1547
13168.47,27.16,12.1547
13169.47,27.48,12.1547
13170.47,25.41,12.1547
13171.48,26.76,12.1547
13172.48,25.7,12.1547
13173.48,25.34,12.1547
13174.48,25.22,12.1547
13175.48,32.23,12.1547
13176.48,25.39,12.1547
13177.49,26.37,12.1547
13178.49,31.98,12.1549
13179.49,30.57,12.1549
13180.49,26.54,12.1549
13181.49,29.1,12.1549
13182.49,34.63,12.1549
13183.5,34.99,12.1549
13184.5,44.12,12.1549
13185.5,33.15,12.1549
13186.5,27.31,12.1549
13187.5,26.95,12.1549
13188.5,25.66,12.1549
13189.51,25.3,12.1549
13190.51,25.45,12.1549
13191.51,25.2,12.1549
13192.51,37.69,12.155
13193.51,25.53,12.155
13194.51,25.42,12.155
13195.52,25.59,12.155
13196.52,25.21,12.155
13197.52,25.33,12.155
13198.52,25.14,12.155
13199.52,25.25,12.155
13200.52,25.23,12.155
13201.53,25.38,12.155
13202.53,25.32,12.155
13203.53,25.23,12.155
13204.53,26.54,12.155
13205.53,25.29,12.155
13206.53,27.15,12.155
13207.54,25.37,12.155
13208.54,25.21,12.155
13209.54,25.9,12.155
13210.54,25.21,12.155
13211.54,25.19,12.155
13212.54,25.39,12.1551
13213.55,25.21,12.1551
13214.55,25.38,12.1551
13215.55,25.22,12.1551
13216.55,25.2,12.1551
13217.55,25.31,12.1551
13218.55,25.31,12.1551
13219.55,25.3,12.1551
13220.56,25.21,12.1551
13221.56,25.42,12.1551
13222.56,25.38,12.1551
13223.56,25.23,12.1551
13224.56,25.32,12.1551
13225.56,25.91,12.1551
13226.57,25.35,12.1551
13227.57,25.33,12.1551
13228.57,32.71,12.1551
13229.57,26.74,12.1551
13230.57,25.81,12.1551
13231.57,25.17,12.1551
13232.58,26.27,12.1553
13233.58,25.24,12.1553
13234.58,26.25,12.1553
13235.58,25.13,12.1553
13236.58,25.14,12.1553
13237.58,25.67,12.1553
13238.59,25.22,12.1553
13239.59,25.33,12.1553
13240.59,25.35,12.1553
13241.59,25.46,12.1553
13242.59,25.68,12.1553
13243.59,25.23,12.1553
13244.6,88.02,12.2451
13245.6,100.0,12.2708
13246.6,31.74,12.2708
13247.6,25.19,12.2708
13248.6,25.12,12.2708
13249.6,25.44,12.2707
13250.61,25.22,12.2707
13251.61,25.29,12.2706
13252.61,25.2,12.2707
13253.61,25.18,12.2707
13254.61,25.31,12.2707
13255.61,25.6,12.2707
13256.61,25.4,12.2707
13257.62,25.89,12.2707
13258.62,25.22,12.2707
13259.62,25.38,12.2707
13260.62,25.41,12.2707
13261.62,25.37,12.2707
13262.62,25.91,12.2708
13263.63,25.19,12.2708
13264.63,25.32,12.2708
13265.63,25.21,12.2708
13266.63,25.29,12.2708
13267.63,25.85,12.2708
13268.63,43.12,12.2711
13269.64,66.13,12.2713
13270.64,51.1,12.2714
13271.64,69.92,12.2764
13272.64,51.39,12.2969
13273.64,52.78,12.3372
13274.64,30.84,12.3327
13275.65,38.47,12.3328
13276.65,66.19,12.3333
13277.65,99.88,12.3303
13278.65,36.41,12.3323
13279.65,25.43,12.3323
13280.65,27.58,12.3323
13281.65,25.38,12.3323
13282.66,26.84,12.3323
13283.66,25.2,12.3323
13284.66,25.3,12.3323
13285.66,28.89,12.3323
13286.66,100.13,12.337
13287.66,77.17,12.337
13288.67,25.21,12.337
13289.67,25.32,12.337
13290.67,25.21,12.337
13291.67,25.55,12.337
13292.67,25.24,12.3372
13293.67,25.19,12.3372
13294.67,40.86,12.3372
13295.68,99.85,12.3446
13296.68,55.11,12.3447
13297.68,25.31,12.3447
13298.68,25.19,12.3447
13299.68,39.24,12.484
13300.68,99.89,13.0576
13301.69,59.03,13.0576
13302.69,25.4,13.0576
13303.69,25.27,13.0576
13304.69,29.3,13.072
13305.69,37.28,13.1833
13306.69,25.2,13.1833
13307.7,25.31,13.1833
13308.7,28.87,13.1835
13309.7,25.3,13.1835
13310.7,25.2,13.1835
13311.7,28.83,13.1836
13312.7,25.33,13.1836
13313.71,25.2,13.1836
13314.71,25.31,13.1836
13315.71,29.52,13.1836
13316.71,25.16,13.1836
13317.71,25.32,13.1836
13318.71,28.87,13.1836
13319.72,25.3,13.1836
13320.72,25.21,13.1836
13321.72,25.39,13.1836
13322.72,31.92,13.184
13323.72,25.12,13.184
13324.72,25.22,13.184
13325.73,28.85,13.184
13326.73,25.23,13.184
13327.73,25.14,13.184
13328.73,28.96,13.184
13329.73,25.21,13.184
13330.73,25.19,13.184
13331.74,28.88,13.1841
13332.74,25.24,13.1841
13333.74,25.31,13.1841
13334.74,25.21,13.184
13335.74,28.79,13.1842
13336.74,25.3,13.1842
13337.75,25.21,13.1843
13338.75,29.7,13.1843
13339.75,25.2,13.1843
13340.75,25.2,13.1843
13341.75,28.38,13.1843
13342.75,26.5,13.1843
13343.75,25.3,13.1843
13344.76,26.49,13.1843
13345.76,28.23,13.1843
13346.76,25.3,13.1843
13347.76,25.22,13.1843
13348.76,30.04,13.1843
13349.76,25.2,13.1843
13350.77,25.2,13.1843
13351.77,25.31,13.1843
13352.77,29.8,13.1844
13353.77,25.31,13.1844
13354.77,25.17,13.1845
13355.77,25.22,13.1845
13356.78,29.11,13.1845
13357.78,25.18,13.1846
13358.78,25.26,13.1846
13359.78,25.14,13.1846
13360.78,25.42,13.1846
13361.78,28.83,13.1846
13362.79,25.22,13.1846
13363.79,25.29,13.1846
13364.79,25.2,13.1846
13365.79,28.96,13.1846
13366.79,25.19,13.1846
13367.79,25.22,13.1846
13368.8,25.3,13.1846
13369.8,25.2,13.1846
13370.8,28.87,13.1846
13371.8,25.19,13.1846
13372.8,25.32,13.1848
13373.8,25.18,13.1848
13374.81,25.2,13.1848
13375.81,25.3,13.1848
13376.81,28.88,13.1848
13377.81,26.6,13.1848
13378.81,25.19,13.1848
13379.81,25.19,13.1848
13380.82,25.29,13.1848
13381.82,25.19,13.1848
13382.82,29.03,13.1849
13383.82,25.13,13.1849
13384.82,25.12,13.1849
13385.82,25.23,13.1849
13386.83,25.18,13.1849
13387.83,25.3,13.1849
13388.83,28.83,13.1849
13389.83,25.3,13.1849
13390.83,25.19,13.1849
13391.83,25.21,13.1849
13392.83,25.31,13.185
13393.84,25.19,13.185
13394.84,28.94,13.185
13395.84,25.29,13.185
13396.84,25.19,13.185
13397.84,25.2,13.185
13398.84,25.31,13.185
13399.84,25.19,13.185
13400.85,25.19,13.185
13401.85,29.55,13.1851
13402.85,25.21,13.1851
13403.85,25.19,13.1851
13404.85,25.29,13.1851
13405.85,25.19,13.1851
13406.85,25.3,13.1851
13407.86,25.2,13.1851
13408.86,30.45,13.1851
13409.86,25.28,13.1851
13410.86,25.19,13.1851
13411.86,25.29,13.1851
13412.86,25.21,13.1852
13413.87,25.26,13.1852
13414.87,25.31,13.1852
13415.87,25.21,13.1852
13416.87,30.67,13.1852
13417.87,25.28,13.1852
13418.87,25.19,13.1852
13419.87,25.19,13.1852
13420.88,25.28,13.1852
13421.88,25.2,13.1852
13422.88,25.33,13.1852
13423.88,25.18,13.1852
13424.88,29.28,13.1854
13425.88,25.27,13.1854
13426.89,25.12,13.1854
13427.89,25.24,13.1854
13428.89,25.19,13.1854
13429.89,25.26,13.1854
13430.89,28.04,13.1854
13431.89,25.17,13.1854
13432.9,29.1,13.1854
13433.9,25.18,13.1854
13434.9,25.28,13.1854
13435.9,25.19,13.1854
13436.9,25.78,13.1854
13437.9,27.01,13.1855
13438.91,25.19,13.1855
13439.91,25.3,13.1855
13440.91,28.79,13.1856
13441.91,25.19,13.1856
13442.91,25.31,13.1856
13443.91,25.17,13.1856
13444.91,25.3,13.1856
13445.92,25.19,13.1856
13446.92,25.21,13.1856
13447.92,25.21,13.1856
13448.92,25.28,13.1856
13449.92,28.93,13.1856
13450.92,25.27,13.1856
13451.93,25.18,13.1856
13452.93,25.32,13.1856
13453.93,25.2,13.1856
13454.93,25.19,13.1856
13455.93,25.29,13.1856
13456.93,25.19,13.1856
13457.94,28.89,13.1859
13458.94,25.13,13.1859
13459.94,25.24,13.1859
13460.94,25.13,13.1859
13461.94,25.14,13.1859
13462.94,25.27,13.1859
13463.95,25.13,13.1859
13464.95,25.23,13.1859
13465.95,25.13,13.1858
13466.95,29.5,13.1859
13467.95,25.3,13.1859
13468.95,25.19,13.1859
13469.96,25.29,13.1859
13470.96,25.19,13.1859
13471.96,25.29,13.186
13472.96,25.22,13.186
13473.96,25.18,13.186
13474.96,30.91,13.186
13475.97,25.15,13.186
13476.97,25.23,13.186
13477.97,25.15,13.1861
13478.97,25.24,13.1861
13479.97,25.14,13.1861
13480.97,25.13,13.1861
13481.98,25.23,13.1861
13482.98,30.52,13.1861
13483.98,25.27,13.1861
13484.98,25.13,13.1861
13485.98,25.13,13.1861
13486.98,25.23,13.1861
13487.99,25.86,13.1861
13488.99,25.23,13.1861
13489.99,25.13,13.1861
13490.99,25.23,13.1861
13491.99,29.17,13.1861
13492.99,25.22,13.1861
13494.0,25.29,13.1861
13495.0,25.18,13.1861
13496.0,25.26,13.1861
13497.0,25.16,13.1861
13498.0,25.27,13.1863
13499.0,25.17,13.1863
13500.01,25.19,13.1863
13501.01,28.97,13.1864
13502.01,25.18,13.1864
13503.01,25.26,13.1864
13504.01,25.13,13.1864
13505.01,25.13,13.1864
13506.02,25.23,13.1864
13507.02,25.13,13.1864
13508.02,25.24,13.1864
13509.02,25.13,13.1864
13510.02,28.92,13.1864
13511.02,25.18,13.1864
13512.03,25.18,13.1864
13513.03,25.31,13.1864
13514.03,25.19,13.1864
13515.03,25.31,13.1864
13516.03,25.18,13.1865
13517.03,25.19,13.1865
13518.04,25.27,13.1865
13519.04,25.17,13.1865
13520.04,29.02,13.1865
13521.04,25.14,13.1865
13522.04,25.17,13.1865
13523.04,25.32,13.1866
13524.05,25.19,13.1866
13525.05,25.29,13.1866
13526.05,25.17,13.1866
13527.05,25.14,13.1866
13528.05,25.24,13.1866
13529.05,28.79,13.1866
13530.05,25.29,13.1866
13531.06,25.18,13.1866
13532.06,25.18,13.1866
13533.06,25.3,13.1866
13534.06,25.19,13.1866
13535.06,25.27,13.1866
13536.06,25.15,13.1866
13537.07,25.17,13.1866
13538.07,30.82,13.1867
13539.07,25.16,13.1867
13540.07,25.3,13.1867
13541.07,25.17,13.1867
13542.07,25.2,13.1867
13543.07,25.33,13.1869
13544.08,25.19,13.1869
13545.08,25.18,13.1869
13546.08,25.29,13.1869
13547.08,31.09,13.1869
13548.08,25.21,13.1869
13549.08,25.14,13.1869
13550.09,25.16,13.1869
13551.09,25.25,13.1869
13552.09,25.19,13.1869
13553.09,25.32,13.1869
13554.09,25.19,13.1869
13555.09,25.2,13.1869
13556.09,25.32,13.1869
13557.1,29.2,13.1871
13558.1,25.21,13.1871
13559.1,25.29,13.1871
13560.1,25.19,13.1871
13561.1,25.29,13.1871
13562.1,25.18,13.1871
13563.11,25.21,13.1872
13564.11,25.31,13.1872
13565.11,25.19,13.1872
13566.11,25.2,13.1872
13567.11,28.86,13.1872
13568.11,25.2,13.1872
13569.11,25.19,13.1872
13570.12,25.28,13.1872
13571.12,25.18,13.1872
13572.12,25.28,13.1872
13573.12,25.21,13.1872
13574.12,25.18,13.1872
13575.12,25.28,13.1872
13576.13,25.18,13.1872
13577.13,28.98,13.1872
13578.13,25.19,13.1872
13579.13,25.28,13.1872
13580.13,25.19,13.1872
13581.13,25.19,13.1872
13582.14,25.28,13.1872
13583.14,25.21,13.1874
13584.14,25.29,13.1874
13585.14,25.13,13.1874
13586.14,25.12,13.1874
13587.14,28.79,13.1876
13588.15,25.2,13.1876
13589.15,25.3,13.1876
13590.15,25.2,13.1875
13591.15,25.3,13.1875
13592.15,25.19,13.1875
13593.15,25.22,13.1877
13594.16,25.27,13.1877
13595.16,25.19,13.1877
13596.16,25.28,13.1877
13597.16,28.89,13.1877
13598.16,25.22,13.1877
13599.16,25.32,13.1877
13600.16,25.2,13.1877
13601.17,25.19,13.1877
13602.17,25.31,13.1877
13603.17,25.22,13.1877
13604.17,25.19,13.1877
13605.17,25.28,13.1877
13606.17,25.13,13.1877
13607.18,25.22,13.1877
13608.18,31.41,13.1878
13609.18,25.24,13.1878
13610.18,25.16,13.1878
13611.18,25.18,13.1878
13612.18,25.3,13.1878
13613.18,25.21,13.1878
13614.19,25.2,13.1878
13615.19,25.32,13.1878
13616.19,25.2,13.1878
13617.19,25.21,13.1878
13618.19,30.74,13.1878
13619.19,25.2,13.1878
13620.19,25.19,13.1878
13621.19,25.28,13.1878
13622.2,25.14,13.1878
13623.2,25.22,13.1878
13624.2,25.3,13.1878
13625.2,25.13,13.1879
13626.2,25.13,13.1879
13627.2,25.24,13.1879
13628.21,29.01,13.188
13629.21,25.29,13.188
13630.21,25.19,13.188
13631.21,25.27,13.188
13632.21,25.16,13.188
13633.21,25.18,13.188
13634.22,25.26,13.188
13635.22,25.22,13.188
13636.22,25.3,13.188
13637.22,25.19,13.188
13638.22,28.87,13.1881
13639.22,25.22,13.1881
13640.23,25.12,13.1881
13641.23,25.22,13.1881
13642.23,25.13,13.1881
13643.23,25.16,13.1882
13644.23,25.26,13.1882
13645.23,25.13,13.1882
13646.23,25.24,13.1882
13647.24,25.19,13.1882
13648.24,25.16,13.1882
13649.24,28.88,13.1884
13650.24,25.16,13.1884
13651.24,25.27,13.1884
13652.24,25.15,13.1884
13653.25,25.2,13.1884
13654.25,25.29,13.1884
13655.25,25.19,13.1884
13656.25,25.28,13.1883
13657.25,25.2,13.1883
13658.25,25.18,13.1883
13659.26,29.02,13.1883
13660.26,25.19,13.1883
13661.26,25.3,13.1884
13662.26,25.2,13.1884
13663.26,25.19,13.1884
13664.26,25.28,13.1884
13665.27,25.19,13.1884
13666.27,25.3,13.1884
13667.27,25.2,13.1885
13668.27,25.18,13.1885
13669.27,29.95,13.1885
13670.27,25.17,13.1885
13671.28,25.27,13.1885
13672.28,25.19,13.1885
13673.28,25.18,13.1885
13674.28,25.27,13.1885
13675.28,25.17,13.1885
13676.28,25.27,13.1885
13677.29,25.18,13.1885
13678.29,25.26,13.1885
13679.29,29.01,13.1885
13680.29,27.56,13.1885
13681.29,25.27,13.1885
13682.29,25.2,13.1886
13683.29,25.21,13.1886
13684.3,25.3,13.1886
13685.3,25.2,13.1886
13686.3,25.3,13.1886
13687.3,25.19,13.1886
13688.3,25.11,13.1886
13689.3,25.23,13.1886
13690.31,29.68,13.1886
13691.31,25.28,13.1886
13692.31,25.21,13.1886
13693.31,25.29,13.1886
13694.31,25.17,13.1886
13695.31,25.18,13.1886
13696.32,25.28,13.1886
13697.32,25.15,13.1886
13698.32,25.25,13.1886
13699.32,25.17,13.1886
13700.32,28.9,13.1886
13701.32,25.29,13.1886
13702.33,25.2,13.1887
13703.33,25.41,13.1887
13704.33,25.19,13.1887
13705.33,25.19,13.1887
13706.33,25.29,13.1887
13707.33,25.2,13.1887
13708.33,25.2,13.1887
13709.34,25.29,13.1887
13710.34,25.16,13.1887
13711.34,28.9,13.1887
13712.34,25.2,13.1887
13713.34,25.32,13.1887
13714.34,25.2,13.1887
13715.35,25.2,13.1887
13716.35,25.32,13.1887
13717.35,25.2,13.1887
13718.35,25.2,13.1887
13719.35,25.29,13.1887
13720.35,25.19,13.1887
13721.35,29.03,13.1887
13722.36,25.2,13.1889
13723.36,25.18,13.1889
13724.36,25.29,13.1889
13725.36,25.19,13.1889
13726.36,25.2,13.1889
13727.36,25.31,13.1889
13728.36,25.19,13.1889
13729.37,25.19,13.1889
13730.37,25.29,13.1889
13731.37,25.18,13.1889
13732.37,29.01,13.1889
13733.37,25.2,13.1889
13734.37,25.18,13.1889
13735.38,25.29,13.1889
13736.38,25.18,13.1889
13737.38,25.32,13.1889
13738.38,25.18,13.1889
13739.38,25.19,13.1889
13740.38,25.29,13.1889
13741.39,25.19,13.1889
13742.39,31.25,13.1891
13743.39,27.91,13.1891
13744.39,25.26,13.1891
13745.39,25.17,13.1891
13746.39,25.17,13.1891
13747.39,25.3,13.1891
13748.4,25.13,13.1891
13749.4,25.13,13.1891
13750.4,25.25,13.1891
13751.4,30.14,13.1891
13752.4,25.84,13.1892
13753.4,25.3,13.1892
13754.41,25.19,13.1892
13755.41,25.28,13.1892
13756.41,25.18,13.1892
13757.41,25.25,13.1892
13758.41,25.12,13.1892
13759.41,25.12,13.1892
13760.41,25.25,13.1892
13761.42,25.15,13.1892
13762.42,28.95,13.1893
13763.42,25.26,13.1893
13764.42,25.13,13.1893
13765.42,25.17,13.1893
13766.42,25.28,13.1893
13767.43,25.14,13.1893
13768.43,25.26,13.1893
13769.43,25.15,13.1893
13770.43,25.25,13.1893
13771.43,25.13,13.1893
13772.43,28.86,13.1895
13773.44,25.28,13.1895
13774.44,25.18,13.1895
13775.44,25.29,13.1895
13776.44,25.2,13.1895
13777.44,25.21,13.1896
13778.44,25.29,13.1896
13779.45,25.18,13.1896
13780.45,25.27,13.1896
13781.45,25.18,13.1896
13782.45,25.29,13.1896
13783.45,28.93,13.1896
13784.45,25.19,13.1896
13785.46,25.28,13.1896
13786.46,25.19,13.1896
13787.46,25.3,13.1896
13788.46,25.18,13.1896
13789.46,25.19,13.1896
13790.46,25.29,13.1896
13791.47,25.18,13.1896
13792.47,25.31,13.1896
13793.47,25.2,13.1896
13794.47,28.9,13.1896
13795.47,25.3,13.1896
13796.47,25.12,13.1896
13797.47,25.18,13.1897
13798.47,25.19,13.1897
13799.48,25.12,13.1897
13800.48,25.13,13.1897
13801.48,25.23,13.1897
13802.48,25.15,13.1897
13803.48,25.29,13.1897
13804.48,29.83,13.1897
13805.49,25.19,13.1897
13806.49,25.29,13.1897
13807.49,25.19,13.1897
13808.49,25.28,13.1897
13809.49,25.22,13.1897
13810.49,25.21,13.1897
13811.49,25.18,13.1897
13812.5,25.3,13.1897
13813.5,27.81,13.1897
13814.5,28.62,13.1897
13815.5,25.16,13.1897
13816.5,25.13,13.1897
13817.5,25.29,13.1898
13818.5,25.21,13.1898
13819.51,25.18,13.1898
13820.51,25.29,13.1898
13821.51,25.18,13.1898
13822.51,25.28,13.1898
13823.51,25.2,13.1898
13824.51,30.05,13.19
13825.52,25.29,13.19
13826.52,25.18,13.19
13827.52,25.18,13.19
13828.52,25.26,13.19
13829.52,25.18,13.19
13830.52,25.28,13.19
13831.53,25.17,13.19
13832.53,25.24,13.19
13833.53,25.14,13.19
13834.53,28.82,13.1901
13835.53,25.31,13.1901
13836.53,25.17,13.1901
13837.53,25.19,13.1902
13838.54,25.28,13.1902
13839.54,25.18,13.1902
13840.54,25.29,13.1902
13841.54,25.18,13.1902
13842.54,25.19,13.1902
13843.54,25.28,13.1902
13844.55,25.17,13.1902
13845.55,28.96,13.1903
13846.55,25.18,13.1903
13847.55,25.28,13.1903
13848.55,25.17,13.1903
13849.55,25.18,13.1903
13850.56,25.29,13.1903
13851.56,25.19,13.1903
13852.56,25.28,13.1903
13853.56,25.17,13.1903
13854.56,25.19,13.1903
13855.56,25.29,13.1903
13856.57,28.79,13.1903
13857.57,25.31,13.1904
13858.57,25.19,13.1904
13859.57,25.2,13.1904
13860.57,25.31,13.1904
13861.57,25.19,13.1904
13862.57,25.2,13.1904
13863.57,25.32,13.1904
13864.58,25.19,13.1904
13865.58,25.19,13.1904
13866.58,28.94,13.1906
13867.58,25.14,13.1906
13868.58,25.23,13.1906
13869.58,25.12,13.1906
13870.59,25.12,13.1906
13871.59,25.21,13.1906
13872.59,25.12,13.1906
13873.59,25.29,13.1906
13874.59,25.12,13.1906
13875.59,25.13,13.1906
13876.6,25.27,13.1906
13877.6,31.1,13.1907
13878.6,25.28,13.1907
13879.6,25.18,13.1907
13880.6,25.28,13.1907
13881.6,25.19,13.1907
13882.61,25.17,13.1907
13883.61,25.24,13.1907
13884.61,25.13,13.1907
13885.61,25.15,13.1907
13886.61,25.28,13.1907
13887.61,30.89,13.1907
13888.62,25.29,13.1907
13889.62,25.18,13.1907
13890.62,25.29,13.1907
13891.62,25.15,13.1907
13892.62,25.18,13.1907
13893.62,25.26,13.1907
13894.63,25.15,13.1907
13895.63,25.23,13.1907
13896.63,25.12,13.1907
13897.63,29.15,13.1908
13898.63,25.18,13.1908
13899.63,25.2,13.1908
13900.64,25.29,13.1908
13901.64,25.19,13.1908
13902.64,25.32,13.1908
13903.64,25.19,13.1908
13904.64,25.19,13.1908
13905.64,25.28,13.1908
13906.65,25.18,13.1908
13907.65,28.95,13.1908
13908.65,25.19,13.1908
13909.65,25.27,13.1908
13910.65,25.19,13.1908
13911.65,25.18,13.1908
13912.66,25.32,13.1909
13913.66,25.18,13.1909
13914.66,25.29,13.1909
13915.66,25.19,13.1909
13916.66,25.29,13.1909
13917.66,25.19,13.1909
13918.67,26.48,13.1909
13919.67,27.67,13.1909
13920.67,25.19,13.1909
13921.67,25.28,13.1909
13922.67,25.21,13.1909
13923.67,25.18,13.1909
13924.68,25.29,13.1909
13925.68,25.19,13.1909
13926.68,25.28,13.1909
13927.68,25.2,13.1909
13928.68,25.29,13.1909
13929.68,28.77,13.1912
13930.69,25.18,13.1912
13931.69,25.28,13.1912
13932.69,25.21,13.1913
13933.69,25.28,13.1913
13934.69,25.14,13.1913
13935.69,25.13,13.1913
13936.7,25.22,13.1913
13937.7,25.14,13.1913
13938.7,25.23,13.1913
13939.7,25.15,13.1913
13940.7,30.28,13.1913
13941.7,25.18,13.1913
13942.71,25.21,13.1913
13943.71,25.31,13.1913
13944.71,25.19,13.1913
13945.71,25.19,13.1913
13946.71,25.22,13.1913
13947.71,25.14,13.1913
13948.72,25.28,13.1913
13949.72,25.17,13.1913
13950.72,31.56,13.1913
13951.72,25.17,13.1913
13952.72,25.21,13.1914
13953.72,25.3,13.1914
13954.72,25.18,13.1914
13955.73,25.18,13.1914
13956.73,25.28,13.1914
13957.73,25.19,13.1914
13958.73,25.28,13.1914
13959.73,25.16,13.1914
13960.73,29.31,13.1915
13961.74,25.24,13.1915
13962.74,25.2,13.1915
13963.74,25.27,13.1915
13964.74,25.18,13.1915
13965.74,25.28,13.1915
13966.74,25.2,13.1915
13967.75,25.18,13.1915
13968.75,25.29,13.1915
13969.75,25.19,13.1915
13970.75,25.29,13.1915
13971.75,28.86,13.1915
13972.75,25.21,13.1916
13973.76,25.28,13.1916
13974.76,25.18,13.1916
13975.76,25.29,13.1916
13976.76,25.2,13.1916
13977.76,25.21,13.1916
13978.76,25.29,13.1916
13979.77,25.19,13.1916
13980.77,25.29,13.1916
13981.77,28.83,13.1916
13982.77,25.22,13.1916
13983.77,25.29,13.1916
13984.77,25.19,13.1916
13985.78,25.29,13.1916
13986.78,25.16,13.1916
13987.78,25.13,13.1918
13988.78,25.23,13.1918
13989.78,25.14,13.1918
13990.78,25.27,13.1918
13991.79,25.18,13.1918
13992.79,25.31,13.1918
13993.79,28.78,13.1919
13994.79,25.19,13.1919
13995.79,25.29,13.1919
13996.79,25.18,13.1919
13997.8,25.29,13.1919
13998.8,25.19,13.1919
13999.8,25.29,13.1919
14000.8,25.19,13.1919
14001.8,25.18,13.1919
14002.8,25.32,13.1919
14003.81,25.19,13.1919
14004.81,29.28,13.1919
14005.81,25.18,13.1919
14006.81,25.18,13.1919
14007.81,25.29,13.192
14008.81,25.13,13.192
14009.82,25.23,13.192
14010.82,25.13,13.192
14011.82,25.22,13.192
14012.82,25.16,13.192
14013.82,25.12,13.192
14014.82,31.57,13.1921
14015.83,25.19,13.1921
14016.83,25.29,13.1921
14017.83,25.2,13.1921
14018.83,25.18,13.1921
14019.83,25.24,13.1921
14020.83,25.12,13.1921
14021.84,25.21,13.1921
14022.84,25.14,13.1921
14023.84,25.12,13.1921
14024.84,30.35,13.1921
14025.84,25.19,13.1921
14026.84,25.3,13.1921
14027.84,25.2,13.1922
14028.85,25.19,13.1922
14029.85,25.23,13.1922
14030.85,25.18,13.1922
14031.85,25.3,13.1922
14032.85,25.21,13.1922
14033.85,25.18,13.1922
14034.86,29.05,13.1922
14035.86,25.17,13.1922
14036.86,25.18,13.1922
14037.86,25.28,13.1922
14038.86,25.19,13.1922
14039.86,25.28,13.1922
14040.86,25.14,13.1922
14041.87,25.13,13.1922
14042.87,25.31,13.1922
14043.87,25.19,13.1922
14044.87,25.28,13.1922
14045.87,28.91,13.1924
14046.87,25.27,13.1924
14047.88,25.19,13.1924
14048.88,25.19,13.1924
14049.88,25.29,13.1924
14050.88,25.18,13.1924
14051.88,25.28,13.1924
14052.88,25.21,13.1924
14053.89,25.2,13.1925
14054.89,25.28,13.1925
14055.89,25.15,13.1925
14056.89,28.93,13.1925
14057.89,25.17,13.1925
14058.89,25.16,13.1925
14059.9,25.28,13.1925
14060.9,25.19,13.1925
14061.9,25.28,13.1925
14062.9,25.21,13.1926
14063.9,25.19,13.1926
14064.9,25.28,13.1926
14065.91,25.19,13.1926
14066.91,25.27,13.1926
14067.91,28.8,13.1927
14068.91,25.28,13.1927
14069.91,25.18,13.1927
14070.91,25.18,13.1927
14071.91,25.3,13.1927
14072.92,25.2,13.1927
14073.92,25.19,13.1927
14074.92,25.21,13.1927
14075.92,25.11,13.1927
14076.92,25.11,13.1927
14077.92,30.81,13.1929
14078.93,25.18,13.1929
14079.93,25.31,13.1929
14080.93,25.19,13.1929
14081.93,25.19,13.1929
14082.93,25.34,13.1928
14083.93,25.18,13.1928
14084.93,25.18,13.1928
14085.94,25.28,13.1928
14086.94,25.18,13.1928
14087.94,31.14,13.193
14088.94,25.19,13.193
14089.94,25.16,13.193
14090.94,25.29,13.193
14091.95,25.15,13.193
14092.95,25.29,13.193
14093.95,25.15,13.193
14094.95,25.25,13.193
14095.95,25.17,13.193
14096.95,25.16,13.193
14097.96,29.18,13.1931
14098.96,25.16,13.1931
14099.96,25.28,13.1931
14100.96,25.19,13.1931
14101.96,25.28,13.1931
14102.96,25.2,13.1932
14103.97,25.19,13.1932
14104.97,25.29,13.1932
14105.97,25.18,13.1932
14106.97,25.28,13.1932
14107.97,28.73,13.1932
14108.97,25.14,13.1932
14109.97,25.3,13.1932
14110.98,25.19,13.1932
14111.98,25.19,13.1932
14112.98,25.31,13.1932
14113.98,25.18,13.1932
14114.98,25.29,13.1932
14115.98,25.19,13.1932
14116.99,25.19,13.1932
14117.99,25.3,13.1932
14118.99,28.88,13.1932
14119.99,25.3,13.1932
14120.99,25.18,13.1932
14121.99,25.19,13.1932
14122.99,25.33,13.1933
14124.0,25.18,13.1933
14125.0,25.18,13.1933
14126.0,25.29,13.1933
14127.0,25.12,13.1933
14128.0,25.13,13.1935
14129.0,28.8,13.1935
14130.0,25.19,13.1935
14131.01,25.18,13.1935
14132.01,25.28,13.1935
14133.01,25.18,13.1935
14134.01,25.22,13.1935
14135.01,25.13,13.1935
14136.02,25.23,13.1935
14137.02,25.13,13.1935
14138.02,25.15,13.1935
14139.02,29.52,13.1935
14140.02,25.15,13.1935
14141.02,25.29,13.1935
14142.02,25.19,13.1935
14143.03,25.2,13.1935
14144.03,25.28,13.1935
14145.03,25.19,13.1936
14146.03,25.29,13.1936
14147.03,25.19,13.1936
14148.03,25.3,13.1936
14149.04,25.13,13.1936
14150.04,31.03,13.1936
14151.04,25.25,13.1936
14152.04,25.19,13.1936
14153.04,25.33,13.1936
14154.04,25.19,13.1936
14155.05,25.19,13.1936
14156.05,25.28,13.1936
14157.05,25.18,13.1936
14158.05,25.28,13.1937
14159.05,25.19,13.1937
14160.05,30.28,13.1937
14161.06,25.28,13.1937
14162.06,25.19,13.1937
14163.06,25.31,13.1937
14164.06,25.18,13.1937
14165.06,25.19,13.1936
14166.06,25.28,13.1936
14167.07,25.2,13.1936
14168.07,25.29,13.1936
14169.07,25.18,13.1936
14170.07,25.2,13.1936
14171.07,28.92,13.1936
14172.07,25.19,13.1936
14173.07,25.32,13.1938
14174.08,25.19,13.1938
14175.08,25.19,13.1938
14176.08,25.29,13.1938
14177.08,25.19,13.1938
14178.08,25.31,13.1938
14179.08,25.18,13.1938
14180.09,25.19,13.1938
14181.09,28.97,13.1938
14182.09,25.19,13.1938
14183.09,25.3,13.1939
14184.09,25.16,13.1939
14185.09,25.18,13.1939
14186.1,25.27,13.1939
14187.1,25.16,13.1939
14188.1,25.31,13.1941
14189.1,25.18,13.1941
14190.1,25.19,13.1941
14191.1,25.29,13.1941
14192.11,28.9,13.1941
14193.11,25.31,13.1941
14194.11,25.19,13.1941
14195.11,25.19,13.1941
14196.11,25.29,13.1941
14197.11,25.2,13.1941
14198.12,25.31,13.1941
14199.12,25.17,13.1941
14200.12,25.17,13.1941
14201.12,25.29,13.1941
14202.12,25.2,13.1941
14203.12,29.01,13.1942
14204.12,25.12,13.1942
14205.13,25.12,13.1942
14206.13,25.3,13.1942
14207.13,25.2,13.1942
14208.13,25.24,13.1942
14209.13,25.17,13.1942
14210.13,25.19,13.1942
14211.14,25.28,13.1942
14212.14,25.18,13.1942
14213.14,25.24,13.1942
14214.14,31.04,13.1942
14215.14,25.2,13.1942
14216.14,25.29,13.1942
14217.15,25.19,13.1942
14218.15,25.3,13.1942
14219.15,25.19,13.1942
14220.15,25.3,13.1942
14221.15,25.19,13.1942
14222.15,25.19,13.1942
14223.16,25.32,13.1943
14224.16,25.18,13.1943
14225.16,30.97,13.1943
14226.16,25.19,13.1943
14227.16,25.21,13.1944
14228.16,25.32,13.1944
14229.16,25.2,13.1944
14230.17,25.19,13.1944
14231.17,25.24,13.1944
14232.17,25.12,13.1944
14233.17,25.26,13.1944
14234.17,25.13,13.1944
14235.17,28.88,13.1944
14236.18,25.3,13.1944
14237.18,25.2,13.1944
14238.18,25.32,13.1944
14239.18,25.19,13.1944
14240.18,25.2,13.1944
14241.18,25.31,13.1944
14242.19,25.2,13.1944
14243.19,25.33,13.1946
14244.19,25.2,13.1946
14245.19,25.21,13.1946
14246.19,28.99,13.1945
14247.19,25.2,13.1945
14248.2,25.3,13.1945
14249.2,25.19,13.1945
14250.2,25.31,13.1945
14251.2,25.2,13.1945
14252.2,25.2,13.1945
14253.2,25.32,13.1945
14254.21,25.19,13.1945
14255.21,25.3,13.1945
14256.21,25.2,13.1945
14257.21,28.92,13.1947
14258.21,25.22,13.1947
14259.21,25.22,13.1947
14260.22,25.3,13.1947
14261.22,25.21,13.1947
14262.22,25.32,13.1947
14263.22,25.23,13.1948
14264.22,25.2,13.1948
14265.22,25.31,13.1948
14266.23,25.2,13.1948
14267.23,25.28,13.1948
14268.23,28.76,13.1948
14269.23,25.19,13.1948
14270.23,25.29,13.1948
14271.23,25.21,13.1948
14272.23,25.21,13.1948
14273.24,25.32,13.1948
14274.24,25.2,13.1948
14275.24,25.33,13.1948
14276.24,25.21,13.1948
14277.24,25.21,13.1948
14278.24,25.29,13.1948
14279.25,30.41,13.1948
14280.25,25.3,13.1948
14281.25,25.2,13.1948
14282.25,25.31,13.1948
14283.25,25.22,13.1948
14284.25,25.21,13.1948
14285.26,25.31,13.1948
14286.26,25.21,13.1948
14287.26,25.32,13.1948
14288.26,25.22,13.195
14289.26,27.03,13.195
14290.26,29.68,13.195
14291.26,25.2,13.195
14292.27,25.22,13.195
14293.27,26.26,13.195
14294.27,25.21,13.195
14295.27,25.32,13.195
14296.27,25.22,13.195
14297.27,25.22,13.195
14298.27,25.33,13.195
14299.28,25.14,13.195
14300.28,29.19,13.195
14301.28,25.31,13.195
14302.28,25.22,13.195
14303.28,25.34,13.195
14304.28,25.21,13.195
14305.29,25.21,13.195
14306.29,25.32,13.195
14307.29,74.11,3.2872
14308.29,82.37,2.674
14309.29,75.43,2.8761
14310.29,89.78,3.0386
14311.29,87.33,3.3776
14312.3,81.09,3.7463
14313.3,78.46,4.0671
14314.3,77.83,4.3999
14315.3,76.46,4.7316
14316.3,77.97,5.0831
14317.31,75.47,5.4419
14318.31,75.64,5.7683
14319.31,75.34,6.0908
14320.31,75.38,6.4601
14321.31,77.66,6.8291
14322.31,75.8,7.1458
14323.31,79.77,7.4472
14324.32,76.04,7.5033
14325.32,75.36,7.5518
14326.32,67.04,7.5526
14327.32,34.55,7.5446
14328.32,36.57,7.5446
14329.32,31.83,7.5446
14330.32,41.74,7.5446
14331.33,35.97,7.5446
14332.33,34.74,7.5446
14333.33,34.52,7.5446
14334.33,38.53,7.5446
14335.33,33.21,7.5446
14336.34,27.92,7.5446
14337.34,44.01,7.9013
14338.34,31.28,7.9013
14339.34,28.84,7.9013
14340.34,31.19,7.9013
14341.34,27.49,7.9013
14342.34,50.26,7.9013
14343.35,59.03,7.9029
14344.35,36.45,7.9029
14345.35,41.99,7.9029
14346.35,29.53,7.9029
14347.35,26.41,7.8948
14348.35,44.28,7.8949
14349.35,76.46,7.8981
14350.36,71.15,7.9002
14351.36,70.68,6.0366
14352.36,53.58,2.3245
14353.36,83.47,2.6154
14354.36,75.25,2.9498
14355.36,89.24,3.0736
14356.36,88.92,3.2899
14357.37,83.78,3.5642
14358.37,80.12,3.8822
14359.37,78.32,4.1779
14360.37,77.01,4.417
14361.37,76.22,4.6115
14362.37,75.91,4.7866
14363.37,75.63,4.9559
14364.38,74.22,5.1161
14365.38,77.13,5.278
14366.38,48.57,5.8813
14367.38,27.25,6.6541
14368.38,47.49,7.5992
14369.38,99.89,8.5672
14370.39,88.63,9.2264
14371.39,25.25,9.3475
14372.39,25.16,9.3418
14373.39,58.16,9.3418
14374.39,78.09,9.3442
14375.39,73.82,9.3468
14376.39,71.85,9.3468
14377.4,52.53,9.3469
14378.4,36.06,9.3469
14379.4,41.78,9.3469
14380.4,29.28,9.3469
14381.4,30.23,9.3469
14382.41,29.46,9.3469
14383.41,55.51,9.3469
14384.41,31.66,9.3469
14385.41,37.02,9.3469
14386.41,42.58,9.3469
14387.41,27.49,9.3469
14388.41,26.36,9.3469
14389.42,34.1,9.3469
14390.42,52.88,9.6693
14391.42,100.25,10.4987
14392.42,99.89,11.1575
14393.42,99.94,11.82
14394.42,59.74,12.1331
14395.42,29.73,12.1812
14396.43,27.02,12.1812
14397.43,31.62,12.1812
14398.43,32.12,12.1812
14399.43,25.62,12.1812
14400.43,30.11,12.1812
14401.43,25.39,12.1812
14402.44,26.79,12.1812
14403.44,25.7,12.1812
14404.44,25.44,12.1812
14405.44,25.69,12.1812
14406.44,26.66,12.1812
14407.44,26.49,12.1812
14408.45,28.05,12.1812
14409.45,35.26,12.1812
14410.45,25.24,12.1812
14411.45,36.73,12.1812
14412.45,36.43,12.1813
14413.45,25.25,12.1813
14414.46,25.32,12.1813
14415.46,25.24,12.1813
14416.46,25.53,12.1813
14417.46,30.62,12.1813
14418.46,28.55,12.1813
14419.46,26.0,12.1813
14420.47,37.99,12.1813
14421.47,36.92,12.1813
14422.47,33.06,12.1813
14423.47,28.66,12.1813
14424.47,29.52,12.1813
14425.47,25.67,12.1813
14426.48,25.33,12.1813
14427.48,25.65,12.1813
14428.48,25.33,12.1813
14429.48,25.28,12.1813
14430.48,26.8,12.1813
14431.48,25.33,12.1813
14432.49,26.3,12.1814
14433.49,25.92,12.1814
14434.49,25.22,12.1814
14435.49,25.32,12.1814
14436.49,25.22,12.1814
14437.49,25.44,12.1814
14438.5,26.02,12.1814
14439.5,25.22,12.1814
14440.5,25.25,12.1814
14441.5,25.68,12.1814
14442.5,25.25,12.1814
14443.5,25.51,12.1814
14444.51,25.97,12.1814
14445.51,25.31,12.1814
14446.51,25.78,12.1814
14447.51,25.26,12.1814
14448.51,25.28,12.1814
14449.51,25.13,12.1814
14450.52,25.24,12.1814
14451.52,25.14,12.1814
14452.52,25.25,12.1815
14453.52,25.16,12.1815
14454.52,25.31,12.1815
14455.52,25.23,12.1815
14456.53,25.23,12.1815
14457.53,25.33,12.1815
14458.53,25.34,12.1815
14459.53,25.32,12.1815
14460.53,26.93,12.1815
14461.53,25.31,12.1815
14462.54,32.4,12.1815
14463.54,39.47,12.1815
14464.54,25.31,12.1815
14465.54,25.25,12.1815
14466.54,27.53,12.1815
14467.54,25.8,12.1815
14468.55,25.19,12.1815
14469.55,26.18,12.1815
14470.55,25.15,12.1815
14471.55,25.41,12.1815
14472.55,25.23,12.1815
14473.55,25.23,12.1815
14474.56,25.4,12.1815
14475.56,25.72,12.1815
14476.56,68.37,12.1818
14477.56,99.9,12.2926
14478.56,57.74,12.2927
14479.56,25.52,12.2927
14480.56,25.3,12.2927
14481.57,25.21,12.2927
14482.57,25.32,12.2928
14483.57,25.21,12.2928
14484.57,25.49,12.2928
14485.57,25.26,12.2928
14486.57,25.12,12.2928
14487.58,25.23,12.2928
14488.58,25.13,12.2928
14489.58,25.32,12.2928
14490.58,25.31,12.2928
14491.58,26.26,12.2928
14492.58,25.21,12.2928
14493.59,25.87,12.2928
14494.59,25.29,12.2928
14495.59,25.28,12.2928
14496.59,25.33,12.2928
14497.59,25.22,12.2928
14498.59,38.25,12.2928
14499.6,76.55,12.2932
14500.6,68.54,12.2933
14501.6,75.35,12.3039
14502.6,74.05,12.3284
14503.6,53.66,12.3689
14504.6,42.86,12.3789
14505.6,25.64,12.3789
14506.61,66.38,12.3793
14507.61,99.87,12.3407
14508.61,45.74,12.3422
14509.61,33.62,12.3424
14510.61,29.17,12.3424
14511.61,25.18,12.3424
14512.61,25.49,12.31
14513.62,25.21,12.31
14514.62,25.22,12.31
14515.62,25.32,12.31
14516.62,73.46,12.31
14517.62,99.68,12.3122
14518.62,42.4,12.3125
14519.63,25.21,12.3125
14520.63,25.32,12.3125
14521.63,25.21,12.3125
14522.63,25.34,12.3125
14523.63,25.25,12.3125
14524.63,25.2,12.3125
14525.64,44.3,12.3125
14526.64,99.85,12.3125
14527.64,67.64,12.3127
14528.64,25.2,12.3127
14529.64,25.21,12.3127
14530.64,44.04,12.514
14531.64,99.8,13.041
14532.65,64.63,13.041
14533.65,25.32,13.041
14534.65,25.21,13.041
14535.65,39.63,13.1481
14536.65,25.3,13.1481
14537.65,25.22,13.1481
14538.65,26.4,13.1481
14539.66,27.91,13.1484
14540.66,25.19,13.1484
14541.66,25.32,13.1485
14542.66,28.82,13.1487
14543.66,25.35,13.1487
14544.66,25.17,13.1487
14545.67,25.2,13.1487
14546.67,29.07,13.1487
14547.67,25.23,13.1487
14548.67,25.3,13.1487
14549.67,25.2,13.1487
14550.67,28.98,13.1487
14551.68,25.29,13.1487
14552.68,25.23,13.1487
14553.68,25.32,13.1487
14554.68,28.95,13.1489
14555.68,25.21,13.1489
14556.68,25.34,13.1489
14557.68,25.18,13.1489
14558.69,28.89,13.1489
14559.69,25.24,13.1489
14560.69,25.13,13.1489
14561.69,25.17,13.149
14562.69,29.06,13.149
14563.69,25.19,13.149
14564.7,25.3,13.149
14565.7,26.69,13.149
14566.7,28.94,13.1491
14567.7,25.18,13.1491
14568.7,25.16,13.1491
14569.7,25.22,13.1491
14570.71,28.87,13.1492
14571.71,25.24,13.1492
14572.71,25.16,13.1492
14573.71,27.94,13.1492
14574.71,26.35,13.1492
14575.71,25.2,13.1492
14576.71,25.2,13.1492
14577.72,28.97,13.1495
14578.72,25.12,13.1495
14579.72,25.28,13.1495
14580.72,25.21,13.1495
14581.72,25.3,13.1495
14582.72,28.94,13.1496
14583.73,25.2,13.1496
14584.73,25.3,13.1496
14585.73,25.2,13.1496
14586.73,29.01,13.1496
14587.73,25.2,13.1496
14588.73,25.3,13.1496
14589.74,25.2,13.1496
14590.74,29.53,13.1496
14591.74,25.29,13.1496
14592.74,25.23,13.1497
14593.74,25.3,13.1497
14594.74,25.2,13.1497
14595.75,25.2,13.1497
14596.75,30.21,13.1497
14597.75,25.21,13.1497
14598.75,25.27,13.1497
14599.75,25.2,13.1497
14600.76,25.31,13.1497
14601.76,30.24,13.1498
14602.76,25.22,13.1498
14603.76,25.3,13.1498
14604.76,25.2,13.1498
14605.76,25.31,13.1498
14606.77,25.21,13.1498
14607.77,29.96,13.1499
14608.77,25.2,13.1499
14609.77,25.23,13.1499
14610.77,25.31,13.1499
14611.77,25.2,13.1499
14612.77,25.23,13.1501
14613.78,29.13,13.1501
14614.78,25.2,13.1501
14615.78,25.31,13.1501
14616.78,25.19,13.1501
14617.78,25.14,13.1501
14618.78,25.23,13.1501
14619.79,25.15,13.1501
14620.79,28.87,13.1501
14621.79,25.18,13.1501
14622.79,25.31,13.1501
14623.79,25.2,13.1501
14624.79,25.19,13.1501
14625.8,25.29,13.1501
14626.8,25.19,13.1501
14627.8,25.29,13.1501
14628.8,28.88,13.1501
14629.8,25.2,13.1501
14630.8,25.28,13.1501
14631.81,25.19,13.1501
14632.81,25.33,13.1502
14633.81,25.2,13.1502
14634.81,25.18,13.1502
14635.81,28.83,13.1502
14636.81,25.17,13.1502
14637.82,25.31,13.1502
14638.82,25.19,13.1502
14639.82,25.19,13.1502
14640.82,25.29,13.1502
14641.82,25.18,13.1502
14642.82,25.31,13.1502
14643.82,28.81,13.1502
14644.83,25.19,13.1502
14645.83,25.27,13.1502
14646.83,25.16,13.1502
14647.83,25.31,13.1502
14648.83,25.19,13.1502
14649.84,25.3,13.1502
14650.84,27.68,13.1502
14651.84,26.32,13.1503
14652.84,25.3,13.1504
14653.84,25.17,13.1504
14654.84,25.28,13.1504
14655.84,25.2,13.1504
14656.85,25.19,13.1504
14657.85,25.3,13.1504
14658.85,26.46,13.1504
14659.85,29.34,13.1505
14660.85,25.13,13.1505
14661.85,25.13,13.1505
14662.86,25.25,13.1505
14663.86,25.13,13.1505
14664.86,25.23,13.1505
14665.86,25.13,13.1505
14666.86,25.28,13.1505
14667.86,30.94,13.1507
14668.87,25.19,13.1507
14669.87,25.29,13.1507
14670.87,25.18,13.1507
14671.87,25.29,13.1507
14672.87,25.22,13.1508
14673.87,25.29,13.1508
14674.88,25.2,13.1508
14675.88,29.6,13.1509
14676.88,25.28,13.1509
14677.88,25.19,13.1509
14678.88,25.29,13.1509
14679.88,25.22,13.1509
14680.89,25.2,13.1509
14681.89,25.3,13.1509
14682.89,25.21,13.1509
14683.89,29.07,13.1509
14684.89,25.18,13.1509
14685.89,25.18,13.1509
14686.9,25.28,13.1509
14687.9,25.16,13.1509
14688.9,25.22,13.1509
14689.9,25.13,13.1509
14690.9,25.23,13.1509
14691.9,25.12,13.1509
14692.91,28.89,13.1512
14693.91,25.29,13.1512
14694.91,25.19,13.1512
14695.91,25.31,13.1512
14696.91,25.19,13.1512
14697.91,25.22,13.1512
14698.91,25.3,13.1512
14699.92,25.19,13.1512
14700.92,25.19,13.1512
14701.92,29.04,13.1513
14702.92,25.19,13.1513
14703.92,25.24,13.1513
14704.92,25.14,13.1513
14705.93,25.16,13.1513
14706.93,25.24,13.1513
14707.93,25.15,13.1513
14708.93,25.23,13.1513
14709.93,25.14,13.1513
14710.93,28.87,13.1514
14711.94,25.29,13.1514
14712.94,25.19,13.1515
14713.94,25.29,13.1515
14714.94,25.19,13.1515
14715.94,25.29,13.1515
14716.94,25.2,13.1515
14717.95,25.21,13.1515
14718.95,25.3,13.1515
14719.95,29.25,13.1516
14720.95,25.29,13.1516
14721.95,25.19,13.1516
14722.95,25.21,13.1516
14723.96,25.23,13.1516
14724.96,25.14,13.1516
14725.96,25.25,13.1516
14726.96,25.13,13.1516
14727.96,25.15,13.1517
14728.96,31.18,13.1519
14729.96,25.18,13.1519
14730.97,25.19,13.1519
14731.97,25.29,13.1519
14732.97,25.19,13.1519
14733.97,25.18,13.1519
14734.97,25.27,13.1519
14735.97,25.19,13.1519
14736.97,25.26,13.1519
14737.98,30.51,13.1519
14738.98,25.12,13.1519
14739.98,25.27,13.1519
14740.98,25.19,13.1519
14741.98,25.29,13.1519
14742.98,25.21,13.1519
14743.99,25.29,13.1519
14744.99,25.19,13.1519
14745.99,25.19,13.1519
14746.99,25.3,13.1519
14747.99,28.97,13.152
14748.99,25.23,13.152
14750.0,25.14,13.152
14751.0,25.12,13.152
14752.0,25.22,13.152
14753.0,25.15,13.152
14754.0,25.23,13.152
14755.0,25.16,13.152
14756.01,25.24,13.152
14757.01,28.87,13.1521
14758.01,25.2,13.1521
14759.01,25.28,13.1521
14760.01,25.18,13.1521
14761.01,25.29,13.1521
14762.02,25.19,13.1521
14763.02,25.23,13.1521
14764.02,25.26,13.1521
14765.02,25.18,13.1521
14766.02,25.17,13.1521
14767.02,28.94,13.1524
14768.02,25.2,13.1524
14769.03,25.14,13.1524
14770.03,25.24,13.1524
14771.03,25.13,13.1524
14772.03,25.25,13.1524
14773.03,25.16,13.1524
14774.03,25.13,13.1524
14775.04,25.23,13.1524
14776.04,25.13,13.1524
14777.04,25.23,13.1524
14778.04,28.81,13.1526
14779.04,25.29,13.1526
14780.04,25.19,13.1526
14781.05,25.21,13.1526
14782.05,25.29,13.1526
14783.05,25.22,13.1526
14784.05,25.19,13.1526
14785.05,25.29,13.1526
14786.05,25.19,13.1526
14787.05,25.29,13.1526
14788.06,29.23,13.1527
14789.06,25.2,13.1527
14790.06,25.29,13.1527
14791.06,25.19,13.1527
14792.06,25.18,13.1527
14793.06,25.31,13.1528
14794.07,25.18,13.1528
14795.07,25.28,13.1528
14796.07,25.12,13.1528
14797.07,25.12,13.1528
14798.07,31.54,13.1528
14799.07,25.18,13.1528
14800.08,25.29,13.1528
14801.08,25.18,13.1528
14802.08,25.28,13.1528
14803.08,25.2,13.1528
14804.08,25.18,13.1528
14805.08,25.29,13.1528
14806.09,25.18,13.1528
14807.09,25.28,13.1528
14808.09,30.36,13.1528
14809.09,25.19,13.1528
14810.09,25.29,13.1528
14811.09,25.19,13.1528
14812.1,25.24,13.1528
14813.1,25.14,13.153
14814.1,25.22,13.153
14815.1,25.15,13.153
14816.1,25.19,13.153
14817.1,29.04,13.1531
14818.11,25.2,13.1531
14819.11,25.29,13.1531
14820.11,25.2,13.1531
14821.11,25.29,13.1531
14822.11,25.19,13.1531
14823.11,25.21,13.1531
14824.12,25.29,13.1531
14825.12,25.19,13.1531
14826.12,25.29,13.1531
14827.12,28.82,13.1532
14828.12,25.3,13.1533
14829.12,25.19,13.1533
14830.13,25.19,13.1533
14831.13,25.29,13.1533
14832.13,25.19,13.1533
14833.13,25.31,13.1533
14834.13,25.19,13.1533
14835.13,25.19,13.1533
14836.14,25.29,13.1533
14837.14,25.19,13.1533
14838.14,28.94,13.1534
14839.14,25.17,13.1534
14840.14,25.18,13.1534
14841.14,25.26,13.1534
14842.15,25.18,13.1534
14843.15,25.31,13.1536
14844.15,25.19,13.1536
14845.15,25.27,13.1536
14846.15,25.13,13.1536
14847.15,25.16,13.1536
14848.15,25.3,13.1536
14849.16,28.92,13.1537
14850.16,25.19,13.1537
14851.16,25.29,13.1537
14852.16,25.19,13.1537
14853.16,25.32,13.1537
14854.16,25.19,13.1537
14855.17,25.19,13.1537
14856.17,25.29,13.1537
14857.17,25.18,13.1537
14858.17,25.29,13.1537
14859.17,29.94,13.1537
14860.18,25.29,13.1537
14861.18,25.2,13.1537
14862.18,25.19,13.1537
14863.18,25.31,13.1538
14864.18,25.19,13.1538
14865.18,25.29,13.1538
14866.18,25.19,13.1538
14867.19,25.18,13.1538
14868.19,25.3,13.1538
14869.19,25.18,13.1538
14870.19,31.67,13.1538
14871.19,25.18,13.1538
14872.19,25.19,13.1538
14873.2,25.32,13.1537
14874.2,25.18,13.1537
14875.2,25.29,13.1537
14876.2,25.18,13.1537
14877.2,25.29,13.1537
14878.2,25.19,13.1538
14879.21,25.18,13.1538
14880.21,29.76,13.1539
14881.21,25.18,13.1539
14882.21,25.28,13.1539
14883.21,25.2,13.1539
14884.21,25.28,13.1539
14885.22,25.18,13.1539
14886.22,25.19,13.1539
14887.22,25.28,13.1539
14888.22,25.2,13.1539
14889.22,25.29,13.1539
14890.22,25.19,13.1539
14891.23,28.9,13.1542
14892.23,25.3,13.1542
14893.23,25.2,13.1542
14894.23,25.29,13.1542
14895.23,25.19,13.1542
14896.23,25.19,13.1542
14897.24,25.3,13.1542
14898.24,25.19,13.1542
14899.24,25.25,13.1542
14900.24,25.19,13.1542
14901.24,28.91,13.1544
14902.24,25.29,13.1544
14903.25,25.2,13.1544
14904.25,25.29,13.1544
14905.25,25.19,13.1544
14906.25,25.29,13.1544
14907.25,25.2,13.1544
14908.25,25.17,13.1544
14909.26,25.25,13.1544
14910.26,25.18,13.1544
14911.26,25.28,13.1544
14912.26,25.2,13.1544
14913.26,28.85,13.1544
14914.26,25.28,13.1544
14915.27,25.18,13.1544
14916.27,25.29,13.1544
14917.27,25.19,13.1544
14918.27,25.18,13.1544
14919.27,25.3,13.1544
14920.27,25.19,13.1544
14921.27,25.21,13.1544
14922.28,25.29,13.1544
14923.28,25.2,13.1544
14924.28,28.94,13.1544
14925.28,25.19,13.1544
14926.28,25.19,13.1544
14927.28,25.3,13.1544
14928.28,25.17,13.1544
14929.29,25.21,13.1544
14930.29,25.29,13.1544
14931.29,25.18,13.1544
14932.29,25.19,13.1545
14933.29,29.42,13.1545
14934.29,27.08,13.1547
14935.29,25.29,13.1547
14936.3,25.19,13.1547
14937.3,25.22,13.1547
14938.3,25.31,13.1547
14939.3,25.18,13.1547
14940.3,25.19,13.1547
14941.3,25.31,13.1547
14942.3,25.21,13.1547
14943.31,30.75,13.1547
14944.31,25.29,13.1547
14945.31,25.19,13.1547
14946.31,25.19,13.1547
14947.31,25.31,13.1547
14948.31,25.2,13.1547
14949.32,25.31,13.1547
14950.32,25.2,13.1547
14951.32,25.19,13.1547
14952.32,25.29,13.1548
14953.32,25.19,13.1548
14954.32,29.22,13.155
14955.32,25.18,13.155
14956.33,25.14,13.155
14957.33,25.24,13.155
14958.33,25.15,13.1549
14959.33,25.28,13.1549
14960.33,25.19,13.1549
14961.33,25.21,13.1549
14962.34,25.3,13.1549
14963.34,25.21,13.1549
14964.34,25.29,13.1549
14965.34,28.86,13.1552
14966.34,25.2,13.1552
14967.34,25.28,13.1552
14968.35,25.13,13.1552
14969.35,25.27,13.1552
14970.35,25.19,13.1552
14971.35,25.18,13.1552
14972.35,25.3,13.1552
14973.35,25.22,13.1552
14974.36,25.29,13.1552
14975.36,25.19,13.1553
14976.36,28.9,13.1553
14977.36,25.3,13.1553
14978.36,25.19,13.1553
14979.36,25.29,13.1553
14980.37,25.19,13.1553
14981.37,25.29,13.1553
14982.37,25.2,13.1554
14983.37,25.2,13.1554
14984.37,25.29,13.1554
14985.37,25.2,13.1554
14986.37,25.28,13.1554
14987.38,28.93,13.1554
14988.38,25.2,13.1554
14989.38,25.29,13.1554
14990.38,25.2,13.1554
14991.38,25.22,13.1554
14992.38,25.25,13.1554
14993.39,25.15,13.1554
14994.39,25.26,13.1554
14995.39,25.2,13.1554
14996.39,25.2,13.1554
14997.39,29.94,13.1555
14998.39,25.19,13.1555
14999.39,25.31,13.1555
15000.4,25.19,13.1555
15001.4,25.19,13.1555
15002.4,25.24,13.1556
15003.4,25.17,13.1556
15004.4,25.28,13.1556
15005.41,25.19,13.1556
15006.41,25.19,13.1556
15007.41,25.29,13.1556
15008.41,31.52,13.1556
15009.41,25.29,13.1556
15010.41,25.19,13.1556
15011.41,25.29,13.1556
15012.42,25.2,13.1556
15013.42,25.21,13.1556
15014.42,25.3,13.1556
15015.42,25.19,13.1556
15016.42,25.19,13.1556
15017.42,25.31,13.1556
15018.42,25.19,13.1556
15019.43,29.68,13.1558
15020.43,25.21,13.1558
15021.43,25.13,13.1558
15022.43,25.24,13.1558
15023.43,25.15,13.1558
15024.43,25.13,13.1558
15025.44,25.23,13.1558
15026.44,25.13,13.1558
15027.44,25.28,13.1558
15028.44,25.19,13.1558
15029.44,25.29,13.1558
15030.44,28.93,13.1559
15031.45,25.18,13.1559
15032.45,25.29,13.1559
15033.45,25.21,13.1559
15034.45,25.28,13.1559
15035.45,25.19,13.1559
15036.45,25.19,13.1559
15037.46,25.3,13.1559
15038.46,25.19,13.1559
15039.46,25.29,13.1559
15040.46,25.19,13.1559
15041.46,25.19,13.1559
15042.46,28.91,13.156
15043.47,25.19,13.156
15044.47,25.22,13.156
15045.47,25.16,13.156
15046.47,25.28,13.156
15047.47,25.19,13.156
15048.47,25.18,13.156
15049.48,25.28,13.156
15050.48,25.19,13.156
15051.48,25.27,13.156
15052.48,28.71,13.1563
15053.48,25.82,13.1563
15054.48,25.3,13.1563
15055.49,25.19,13.1563
15056.49,25.29,13.1563
15057.49,25.2,13.1563
15058.49,25.2,13.1563
15059.49,25.29,13.1563
15060.49,25.2,13.1563
15061.5,25.3,13.1563
15062.5,26.9,13.1564
15063.5,27.44,13.1564
15064.5,25.29,13.1564
15065.5,25.19,13.1564
15066.5,25.29,13.1564
15067.51,25.2,13.1564
15068.51,25.29,13.1564
15069.51,25.2,13.1564
15070.51,25.2,13.1564
15071.51,25.29,13.1564
15072.51,25.19,13.1564
15073.52,25.31,13.1564
15074.52,31.54,13.1567
15075.52,25.28,13.1567
15076.52,25.15,13.1567
15077.52,25.19,13.1568
15078.52,25.28,13.1568
15079.53,25.2,13.1568
15080.53,25.3,13.1568
15081.53,25.19,13.1568
15082.53,25.24,13.1568
15083.53,25.15,13.1568
15084.53,25.13,13.1568
15085.53,30.5,13.1572
15086.54,25.19,13.1572
15087.54,25.19,13.1572
15088.54,25.27,13.1572
15089.54,25.19,13.1572
15090.54,25.3,13.1572
15091.55,25.2,13.1572
15092.55,25.31,13.1572
15093.55,25.21,13.1572
15094.55,25.19,13.1572
15095.55,25.3,13.1572
15096.55,28.8,13.1572
15097.56,25.31,13.1573
15098.56,25.22,13.1573
15099.56,25.19,13.1573
15100.56,25.25,13.1573
15101.56,25.13,13.1573
15102.56,25.24,13.1573
15103.56,25.15,13.1573
15104.57,25.14,13.1573
15105.57,25.25,13.1573
15106.57,25.19,13.1573
15107.57,28.95,13.1573
15108.57,25.16,13.1573
15109.57,25.13,13.1573
15110.58,25.27,13.1573
15111.58,25.19,13.1573
15112.58,25.3,13.1573
15113.58,25.2,13.1573
15114.58,25.19,13.1573
15115.58,25.29,13.1573
15116.59,25.18,13.1573
15117.59,25.29,13.1574
15118.59,28.85,13.1574
15119.59,25.28,13.1574
15120.59,25.19,13.1574
15121.59,25.2,13.1574
15122.6,25.29,13.1574
15123.6,25.19,13.1574
15124.6,25.28,13.1574
15125.6,25.19,13.1574
15126.6,25.28,13.1574
15127.6,25.18,13.1574
15128.61,25.18,13.1574
15129.61,25.3,13.1574
15130.61,28.86,13.1578
15131.61,25.27,13.1578
15132.61,25.21,13.1578
15133.61,25.21,13.1578
15134.61,25.28,13.1578
15135.62,25.19,13.1578
15136.62,25.19,13.1578
15137.62,25.3,13.1579
15138.62,25.19,13.1579
15139.62,25.28,13.1579
15140.62,25.19,13.1579
15141.63,31.42,13.1579
15142.63,25.31,13.1579
15143.63,25.19,13.1579
15144.63,25.31,13.1579
15145.63,25.19,13.1579
15146.63,25.22,13.1579
15147.63,25.3,13.1579
15148.64,25.19,13.1579
15149.64,25.19,13.1579
15150.64,25.29,13.1579
15151.64,25.19,13.1579
15152.64,30.74,13.1581
15153.64,25.14,13.1581
15154.65,25.23,13.1581
15155.65,25.17,13.1581
15156.65,25.15,13.1581
15157.65,25.29,13.1582
15158.65,25.19,13.1582
15159.65,25.15,13.1582
15160.66,25.23,13.1582
15161.66,25.13,13.1582
15162.66,25.25,13.1582
15163.66,28.87,13.1582
15164.66,25.29,13.1582
15165.66,25.19,13.1582
15166.67,25.19,13.1582
15167.67,25.32,13.1582
15168.67,25.2,13.1582
15169.67,25.19,13.1582
15170.67,25.32,13.1582
15171.67,25.2,13.1582
15172.67,25.22,13.1584
15173.68,25.31,13.1584
15174.68,25.19,13.1584
15175.68,28.79,13.1584
15176.68,25.3,13.1584
15177.68,25.21,13.1584
15178.68,25.29,13.1584
15179.69,25.2,13.1584
15180.69,25.3,13.1584
15181.69,25.17,13.1584
15182.69,25.21,13.1584
15183.69,25.29,13.1584
15184.69,25.19,13.1584
15185.7,25.3,13.1584
15186.7,28.79,13.1585
15187.7,25.2,13.1586
15188.7,25.29,13.1586
15189.7,25.2,13.1586
15190.7,25.3,13.1586
15191.7,25.19,13.1586
15192.71,25.32,13.1586
15193.71,25.29,13.1586
15194.71,25.18,13.1586
15195.71,25.29,13.1586
15196.71,25.21,13.1586
15197.71,28.86,13.1586
15198.71,25.31,13.1586
15199.72,25.18,13.1586
15200.72,25.19,13.1586
15201.72,25.23,13.1587
15202.72,25.16,13.1587
15203.72,25.27,13.1587
15204.72,25.15,13.1587
15205.73,25.16,13.1587
15206.73,25.22,13.1587
15207.73,25.13,13.1587
15208.73,31.24,13.1588
15209.73,25.18,13.1588
15210.73,25.18,13.1588
15211.74,25.29,13.1588
15212.74,25.21,13.1588
15213.74,25.29,13.1588
15214.74,25.18,13.1588
15215.74,25.29,13.1588
15216.74,25.21,13.1588
15217.75,25.2,13.1588
15218.75,25.28,13.1588
15219.75,30.86,13.1589
15220.75,25.18,13.1589
15221.75,25.28,13.1589
15222.75,25.21,13.1589
15223.76,25.27,13.1589
15224.76,25.17,13.1589
15225.76,25.17,13.1589
15226.76,25.27,13.1589
15227.76,25.17,13.1589
15228.76,25.23,13.1589
15229.77,28.95,13.1589
15230.77,25.2,13.1591
15231.77,25.29,13.1591
15232.77,25.21,13.1591
15233.77,25.29,13.1591
15234.77,25.13,13.1591
15235.78,25.22,13.1591
15236.78,25.13,13.1591
15237.78,25.14,13.1592
15238.78,25.25,13.1592
15239.78,25.19,13.1592
15240.78,28.97,13.1592
15241.78,25.18,13.1592
15242.79,25.19,13.1593
15243.79,25.22,13.1593
15244.79,25.15,13.1593
15245.79,25.28,13.1593
15246.79,25.18,13.1593
15247.79,25.18,13.1593
15248.8,25.28,13.1593
15249.8,25.19,13.1593
15250.8,25.34,13.1593
15251.8,25.18,13.1593
15252.8,28.94,13.1593
15253.8,25.28,13.1593
15254.81,25.19,13.1593
15255.81,25.29,13.1593
15256.81,25.18,13.1593
15257.81,25.19,13.1594
15258.81,25.29,13.1594
15259.81,25.19,13.1594
15260.82,25.29,13.1594
15261.82,25.19,13.1594
15262.82,25.19,13.1594
15263.82,29.04,13.1594
15264.82,25.19,13.1594
15265.82,25.28,13.1594
15266.83,25.18,13.1594
15267.83,25.3,13.1594
15268.83,25.18,13.1594
15269.83,25.19,13.1594
15270.83,25.31,13.1594
15271.83,25.18,13.1594
15272.83,25.21,13.1595
15273.83,25.31,13.1595
15274.84,30.1,13.1597
15275.84,25.19,13.1597
15276.84,25.28,13.1597
15277.84,25.2,13.1597
15278.84,25.29,13.1597
15279.84,25.19,13.1597
15280.85,25.19,13.1597
15281.85,25.31,13.1597
15282.85,25.21,13.1597
15283.85,25.18,13.1597
15284.85,31.56,13.1597
15285.85,25.18,13.1597
15286.86,25.28,13.1597
15287.86,25.2,13.1597
15288.86,25.29,13.1597
15289.86,25.19,13.1597
15290.86,25.2,13.1597
15291.86,25.3,13.1597
15292.86,25.22,13.1598
15293.87,25.18,13.1598
15294.87,29.51,13.1599
15295.87,25.18,13.1599
15296.87,25.19,13.1599
15297.87,25.31,13.1599
15298.87,25.18,13.1599
15299.87,25.18,13.1599
15300.88,25.29,13.1599
15301.88,25.19,13.1599
15302.88,25.33,13.1599
15303.88,25.19,13.1599
15304.88,25.2,13.1599
15305.88,28.93,13.1599
15306.88,25.18,13.1599
15307.89,25.3,13.16
15308.89,25.19,13.16
15309.89,25.2,13.16
15310.89,25.32,13.16
15311.89,25.19,13.16
15312.9,25.31,13.16
15313.9,25.15,13.16
15314.9,25.12,13.16
15315.9,25.22,13.16
15316.9,28.86,13.16
15317.9,25.28,13.16
15318.9,25.16,13.16
15319.91,25.16,13.16
15320.91,25.27,13.16
15321.91,25.17,13.16
15322.91,25.21,13.16
15323.91,25.28,13.16
15324.91,25.19,13.16
15325.92,25.29,13.16
15326.92,25.18,13.16
15327.92,25.29,13.1601
15328.92,28.79,13.1603
15329.92,25.18,13.1603
15330.92,25.3,13.1603
15331.92,25.19,13.1603
15332.93,25.21,13.1603
15333.93,25.3,13.1603
15334.93,25.19,13.1603
15335.93,25.29,13.1603
15336.93,25.18,13.1603
15337.93,25.2,13.1603
15338.94,25.28,13.1603
15339.94,29.58,13.1603
15340.94,25.28,13.1603
15341.94,25.17,13.1603
15342.94,25.2,13.1604
15343.94,25.28,13.1604
15344.95,25.19,13.1604
15345.95,25.29,13.1604
15346.95,25.18,13.1604
15347.95,25.3,13.1604
15348.95,25.19,13.1604
15349.95,25.19,13.1604
15350.96,28.9,13.1604
15351.96,27.78,13.1604
15352.96,25.31,13.1604
15353.96,25.18,13.1604
15354.96,25.21,13.1605
15355.96,25.29,13.1605
15356.97,25.19,13.1605
15357.97,25.29,13.1605
15358.97,25.18,13.1605
15359.97,25.18,13.1605
15360.97,25.28,13.1605
15361.97,25.18,13.1605
15362.98,30.14,13.1606
15363.98,25.15,13.1606
15364.98,25.23,13.1606
15365.98,25.13,13.1606
15366.98,25.18,13.1606
15367.98,25.32,13.1606
15368.98,25.18,13.1606
15369.99,25.61,13.1606
15370.99,25.3,13.1606
15371.99,25.19,13.1606
15372.99,25.31,13.1607
15373.99,28.91,13.1609
15374.99,25.29,13.1609
15376.0,25.19,13.1609
15377.0,25.18,13.1609
15378.0,25.29,13.1609
15379.0,25.19,13.1609
15380.0,25.3,13.1609
15381.0,25.18,13.1609
15382.01,25.18,13.1609
15383.01,25.31,13.1609
15384.01,25.18,13.1609
15385.01,28.88,13.1612
15386.01,25.18,13.1612
15387.01,25.3,13.1612
15388.02,25.2,13.1612
15389.02,25.2,13.1612
15390.02,25.3,13.1612
15391.02,25.19,13.1612
15392.02,25.3,13.1612
15393.02,25.22,13.1614
15394.03,25.19,13.1614
15395.03,25.24,13.1614
15396.03,25.11,13.1614
15397.03,28.98,13.1615
15398.03,25.19,13.1615
15399.04,25.26,13.1615
15400.04,25.2,13.1615
15401.04,25.18,13.1615
15402.04,25.28,13.1615
15403.04,25.21,13.1615
15404.04,25.28,13.1615
15405.05,25.12,13.1615
15406.05,25.23,13.1615
15407.05,25.18,13.1615
15408.05,29.23,13.1616
15409.05,25.29,13.1616
15410.05,25.19,13.1616
15411.06,25.29,13.1616
15412.06,25.19,13.1616
15413.06,25.31,13.1616
15414.06,25.18,13.1616
15415.06,25.2,13.1616
15416.06,25.28,13.1616
15417.07,25.14,13.1616
15418.07,25.25,13.1616
15419.07,31.46,13.1618
15420.07,25.19,13.1618
15421.07,25.28,13.1618
15422.07,25.19,13.1618
15423.08,25.31,13.1618
15424.08,25.15,13.1618
15425.08,25.26,13.1618
15426.08,25.17,13.1618
15427.08,25.17,13.1618
15428.08,25.29,13.1618
15429.09,30.48,13.1618
15430.09,25.29,13.162
15431.09,25.19,13.162
15432.09,25.19,13.162
15433.09,25.3,13.162
15434.09,25.18,13.162
15435.1,25.29,13.162
15436.1,25.19,13.162
15437.1,25.29,13.162
15438.1,25.17,13.162
15439.1,25.13,13.162
15440.1,28.97,13.162
15441.11,25.21,13.162
15442.11,25.31,13.162
15443.11,25.23,13.162
15444.11,25.29,13.162
15445.11,25.19,13.162
15446.11,25.19,13.162
15447.12,25.29,13.162
15448.12,25.2,13.1621
15449.12,25.3,13.1621
15450.12,25.2,13.1621
15451.12,25.2,13.1621
15452.12,29.02,13.1621
15453.13,25.23,13.1621
15454.13,25.3,13.1621
15455.13,25.2,13.1621
15456.13,25.3,13.1621
15457.13,25.2,13.1621
15458.13,25.2,13.1621
15459.14,25.29,13.1621
15460.14,25.2,13.1621
15461.14,25.28,13.1621
15462.14,25.2,13.1622
15463.14,25.22,13.1622
15464.14,29.01,13.1622
15465.14,25.19,13.1622
15466.15,25.19,13.1622
15467.15,25.25,13.1622
15468.15,25.14,13.1623
15469.15,25.29,13.1623
15470.15,25.2,13.1623
15471.15,25.2,13.1623
15472.16,25.29,13.1623
15473.16,25.21,13.1623
15474.16,25.29,13.1623
15475.16,28.79,13.1624
15476.16,25.22,13.1624
15477.16,25.31,13.1624
15478.16,25.2,13.1624
15479.17,25.21,13.1624
15480.17,25.28,13.1624
15481.17,25.19,13.1624
15482.17,25.19,13.1624
15483.17,25.26,13.1626
15484.17,25.15,13.1626
15485.18,25.27,13.1626
15486.18,31.52,13.1625
15487.18,25.3,13.1625
15488.18,25.21,13.1625
15489.18,25.21,13.1625
15490.18,25.28,13.1625
15491.19,25.14,13.1625
15492.19,25.25,13.1625
15493.19,25.19,13.1625
15494.19,25.26,13.1625
15495.19,25.2,13.1625
15496.19,25.21,13.1625
15497.19,25.34,13.1625
15498.2,30.78,13.1627
15499.2,25.21,13.1627
15500.2,25.28,13.1627
15501.2,25.13,13.1627
15502.2,25.22,13.1627
15503.2,25.15,13.1627
15504.21,25.13,13.1627
15505.21,25.23,13.1627
15506.21,25.12,13.1627
15507.21,25.23,13.1627
15508.21,28.81,13.1627
15509.22,25.3,13.1627
15510.22,25.2,13.1627
15511.22,25.19,13.1627
15512.22,25.3,13.1627
15513.22,25.23,13.1627
15514.22,25.3,13.1627
15515.23,25.21,13.1627
15516.23,25.31,13.1627
15517.23,25.2,13.1627
15518.23,25.2,13.1627
15519.23,29.04,13.1628
15520.23,25.21,13.1628
15521.23,25.33,13.1628
15522.24,25.22,13.1629
15523.24,25.22,13.1629
15524.24,25.31,13.1629
15525.24,25.18,13.1629
15526.24,25.23,13.1629
15527.25,25.14,13.1629
15528.25,25.25,13.1629
15529.25,25.21,13.1629
15530.25,25.21,13.1629
15531.25,28.95,13.1629
15532.25,25.22,13.1629
15533.25,25.23,13.163
15534.25,25.33,13.163
15535.26,25.21,13.163
15536.26,25.21,13.163
15537.26,25.3,13.163
15538.26,25.14,13.163
15539.26,25.25,13.163
15540.26,25.19,13.163
15541.27,25.2,13.163
15542.27,29.04,13.1632
15543.27,25.22,13.1632
15544.27,25.21,13.1632
15545.27,25.31,13.1632
15546.27,25.21,13.1632
15547.27,25.33,13.1632
15548.28,25.21,13.1632
15549.28,25.22,13.1632
15550.28,25.31,13.1632
15551.28,25.22,13.1632
15552.28,61.72,5.6136
15553.28,85.82,2.6043
15554.29,75.95,2.9421
15555.29,82.91,3.0672
15556.29,85.57,3.269
15557.29,80.89,3.4978
15558.29,77.96,3.7793
15559.29,76.5,4.0776
15560.29,77.58,4.3484
15561.3,76.81,4.5831
15562.3,75.53,4.783
15563.3,75.91,5.0092
15564.3,76.39,5.2054
15565.3,75.63,5.6001
15566.3,40.92,6.4039
15567.31,25.2,7.1339
15568.31,84.93,8.3357
15569.31,99.89,9.0869
15570.31,56.24,9.4441
15571.31,25.29,9.4441
15572.31,40.56,9.4441
15573.31,78.52,9.4444
15574.32,76.87,9.4447
15575.32,75.94,9.4449
15576.32,75.9,9.4453
15577.32,75.7,9.4454
15578.32,75.05,9.4455
15579.32,73.52,9.4472
15580.33,66.94,9.4473
15581.33,43.48,9.4473
15582.33,51.73,9.4473
15583.33,31.4,9.4473
15584.33,40.5,9.4475
15585.33,35.54,9.4475
15586.33,29.41,9.4475
15587.34,32.55,9.4475
15588.34,39.74,9.5959
15589.34,100.19,10.5428
15590.34,99.89,11.2022
15591.34,99.89,11.863
15592.34,77.19,12.1473
15593.34,28.17,12.1966
15594.35,29.36,12.1966
15595.35,36.33,12.1966
15596.35,27.26,12.1966
15597.35,27.83,12.1967
15598.35,28.7,12.1967
15599.35,27.65,12.1967
15600.36,32.26,12.1967
15601.36,38.25,12.1967
15602.36,34.96,12.1967
15603.36,42.6,12.1967
15604.36,27.33,12.1967
15605.36,25.37,12.1967
15606.36,26.56,12.1967
15607.37,25.23,12.1967
15608.37,25.4,12.1967
15609.37,26.34,12.1967
15610.37,25.3,12.1967
15611.37,25.2,12.1967
15612.37,25.21,12.1968
15613.38,25.51,12.1968
15614.38,35.87,12.1969
15615.38,30.6,12.1969
15616.38,27.76,12.1969
15617.38,26.08,12.1969
15618.38,38.58,12.1969
15619.39,28.62,12.1969
15620.39,25.31,12.1969
15621.39,29.49,12.1969
15622.39,25.32,12.197
15623.39,25.55,12.197
15624.39,25.45,12.197
15625.4,25.72,12.197
15626.4,26.14,12.197
15627.4,25.34,12.197
15628.4,25.21,12.197
15629.4,25.38,12.197
15630.4,28.52,12.197
15631.4,25.18,12.197
15632.41,25.31,12.197
15633.41,25.33,12.197
15634.41,25.21,12.197
15635.41,25.43,12.197
15636.41,25.32,12.197
15637.41,25.21,12.1971
15638.42,26.92,12.1971
15639.42,25.64,12.1971
15640.42,25.31,12.1971
15641.42,25.8,12.1971
15642.42,25.59,12.1971
15643.42,29.09,12.1971
15644.43,25.22,12.1971
15645.43,25.31,12.1971
15646.43,25.21,12.1971
15647.43,25.34,12.1971
15648.43,25.21,12.1971
15649.43,26.09,12.1971
15650.44,25.26,12.1971
15651.44,25.19,12.1971
15652.44,25.3,12.1971
15653.44,25.34,12.1971
15654.44,25.21,12.1971
15655.44,25.41,12.1971
15656.45,25.21,12.1971
15657.45,25.31,12.1971
15658.45,25.2,12.1973
15659.45,25.57,12.1973
15660.45,26.23,12.1973
15661.45,27.3,12.1973
15662.45,34.62,12.1973
15663.46,27.78,12.1973
15664.46,25.21,12.1973
15665.46,25.31,12.1973
15666.46,27.51,12.1973
15667.46,25.25,12.1973
15668.46,25.2,12.1973
15669.47,25.21,12.1973
15670.47,25.34,12.1973
15671.47,25.25,12.1973
15672.47,25.26,12.1973
15673.47,25.76,12.1973
15674.47,25.21,12.1973
15675.47,25.91,12.1973
15676.48,99.94,12.267
15677.48,85.01,12.3125
15678.48,25.8,12.3125
15679.48,25.21,12.3125
15680.48,26.5,12.3125
15681.48,25.36,12.3125
15682.49,25.23,12.3126
15683.49,25.43,12.3126
15684.49,25.31,12.3126
15685.49,25.31,12.3126
15686.49,25.24,12.3126
15687.49,25.21,12.3126
15688.5,25.31,12.3126
15689.5,25.21,12.3126
15690.5,26.02,12.3126
15691.5,31.29,12.3126
15692.5,25.32,12.3126
15693.5,26.5,12.3126
15694.51,25.48,12.3126
15695.51,25.31,12.3126
15696.51,25.21,12.3126
15697.51,25.32,12.3126
15698.51,25.22,12.3126
15699.51,25.23,12.3126
15700.52,25.31,12.3126
15701.52,25.21,12.3126
15702.52,29.78,12.3127
15703.52,75.97,12.3131
15704.52,56.61,12.3132
15705.52,72.97,12.3132
15706.53,75.06,12.3298
15707.53,72.42,12.3592
15708.53,64.19,12.3658
15709.53,76.68,12.3726
15710.53,100.16,12.3892
15711.53,65.95,12.3913
15712.53,25.56,12.347
15713.53,25.33,12.347
15714.54,25.23,12.347
15715.54,26.72,12.347
15716.54,25.45,12.347
15717.54,70.62,12.347
15718.54,100.01,12.3471
15719.54,32.37,12.3471
15720.55,25.16,12.3471
15721.55,25.29,12.3471
15722.55,25.21,12.3472
15723.55,25.22,12.3472
15724.55,46.28,12.3472
15725.55,99.94,12.3472
15726.55,57.52,12.3472
15727.56,25.21,12.3472
15728.56,25.24,12.3472
15729.56,99.13,13.0446
15730.56,76.4,13.0446
15731.56,25.31,13.0446
15732.56,25.21,13.0446
15733.57,42.7,13.1851
15734.57,45.66,13.1851
15735.57,44.54,13.1851
15736.57,29.33,13.1852
15737.57,25.22,13.1852
15738.57,29.15,13.1853
15739.58,25.3,13.1853
15740.58,25.19,13.1853
15741.58,29.13,13.1858
15742.58,25.17,13.1858
15743.58,25.22,13.1858
15744.58,28.92,13.1858
15745.59,25.19,13.1858
15746.59,25.28,13.186
15747.59,32.95,13.186
15748.59,25.31,13.186
15749.59,28.91,13.186
15750.59,25.2,13.186
15751.6,25.3,13.186
15752.6,28.82,13.1861
15753.6,25.25,13.1861
15754.6,27.3,13.1861
15755.6,28.96,13.1861
15756.6,25.19,13.1861
15757.61,25.33,13.1862
15758.61,29.06,13.1862
15759.61,25.21,13.1862
15760.61,25.19,13.1862
15761.61,29.04,13.1862
15762.61,25.17,13.1862
15763.61,25.71,13.1862
15764.62,28.47,13.1862
15765.62,25.18,13.1862
15766.62,28.89,13.1863
15767.62,25.21,13.1863
15768.62,25.21,13.1863
15769.62,25.31,13.1863
15770.63,28.93,13.1863
15771.63,25.34,13.1863
15772.63,25.24,13.1863
15773.63,28.9,13.1864
15774.63,25.33,13.1864
15775.63,25.21,13.1866
15776.63,25.2,13.1866
15777.64,28.98,13.1867
15778.64,25.2,13.1867
15779.64,25.33,13.1867
15780.64,25.21,13.1867
15781.64,28.92,13.1867
15782.64,25.26,13.1867
15783.65,25.13,13.1867
15784.65,25.23,13.1867
15785.65,25.13,13.1867
15786.65,28.82,13.1867
15787.65,25.25,13.1868
15788.65,25.13,13.1868
15789.65,25.25,13.1868
15790.66,25.14,13.1868
15791.66,28.76,13.1868
15792.66,25.27,13.1868
15793.66,25.14,13.1868
15794.66,25.26,13.1868
15795.67,25.17,13.1868
15796.67,30.28,13.1869
15797.67,25.17,13.1869
15798.67,28.5,13.1869
15799.67,25.3,13.1869
15800.67,25.18,13.1869
15801.67,29.94,13.1869
15802.68,25.33,13.187
15803.68,25.22,13.187
15804.68,25.34,13.187
15805.68,25.21,13.187
15806.68,30.25,13.1872
15807.68,25.33,13.1872
15808.69,25.18,13.1872
15809.69,25.23,13.1872
15810.69,25.15,13.1872
15811.69,25.16,13.1872
15812.69,29.81,13.1872
15813.69,25.17,13.1872
15814.69,25.19,13.1872
15815.69,25.25,13.1872
15816.7,25.17,13.1872
15817.7,25.17,13.1872
15818.7,29.02,13.1873
15819.7,25.21,13.1873
15820.7,25.2,13.1873
15821.7,25.3,13.1873
15822.71,25.24,13.1874
15823.71,25.31,13.1874
15824.71,28.92,13.1874
15825.71,25.49,13.1874
15826.71,25.73,13.1874
15827.71,25.2,13.1874
15828.72,25.27,13.1874
15829.72,25.19,13.1874
15830.72,28.75,13.1874
15831.72,25.59,13.1874
15832.72,25.21,13.1874
15833.72,25.3,13.1874
15834.72,25.14,13.1874
15835.73,25.14,13.1874
15836.73,25.24,13.1874
15837.73,25.83,13.1874
15838.73,28.45,13.1874
15839.73,25.21,13.1874
15840.73,25.21,13.1874
15841.74,25.3,13.1874
15842.74,25.23,13.1875
15843.74,25.31,13.1875
15844.74,28.85,13.1878
15845.74,25.2,13.1878
15846.74,25.31,13.1878
15847.75,25.22,13.1878
15848.75,25.3,13.1878
15849.75,25.22,13.1878
15850.75,25.3,13.1878
15851.75,28.92,13.1878
15852.75,25.19,13.1878
15853.76,25.26,13.1878
15854.76,25.18,13.1878
15855.76,25.29,13.1878
15856.76,25.22,13.1878
15857.76,25.21,13.1878
15858.76,29.75,13.1879
15859.76,25.18,13.1879
15860.77,25.16,13.1879
15861.77,25.24,13.1879
15862.77,25.17,13.188
15863.77,25.22,13.188
15864.77,30.2,13.188
15865.77,25.19,13.188
15866.77,25.17,13.188
15867.78,25.28,13.1881
15868.78,25.18,13.1881
15869.78,25.18,13.1881
15870.78,25.28,13.1881
15871.78,25.19,13.1881
15872.78,30.98,13.1881
15873.79,25.17,13.1881
15874.79,25.27,13.1881
15875.79,25.22,13.1881
15876.79,25.19,13.1881
15877.79,25.28,13.1881
15878.79,25.15,13.1881
15879.79,29.66,13.1881
15880.8,25.28,13.1881
15881.8,25.14,13.1881
15882.8,25.26,13.1882
15883.8,25.14,13.1882
15884.8,25.3,13.1882
15885.8,25.19,13.1882
15886.81,28.94,13.1884
15887.81,25.28,13.1884
15888.81,25.17,13.1884
15889.81,25.18,13.1884
15890.81,25.3,13.1884
15891.81,25.16,13.1884
15892.81,25.21,13.1884
15893.82,25.28,13.1884
15894.82,28.88,13.1884
15895.82,25.3,13.1884
15896.82,25.17,13.1884
15897.82,25.14,13.1884
15898.82,25.29,13.1884
15899.83,25.19,13.1884
15900.83,25.3,13.1884
15901.83,25.16,13.1884
15902.83,28.93,13.1885
15903.83,25.29,13.1885
15904.83,25.19,13.1885
15905.83,25.31,13.1885
15906.84,25.22,13.1885
15907.84,25.2,13.1885
15908.84,25.29,13.1885
15909.84,28.96,13.1886
15910.84,25.19,13.1886
15911.84,25.29,13.1886
15912.85,25.22,13.1886
15913.85,25.29,13.1886
15914.85,25.2,13.1886
15915.85,25.19,13.1886
15916.85,25.29,13.1886
15917.85,28.87,13.1887
15918.86,25.28,13.1887
15919.86,25.18,13.1887
15920.86,25.27,13.1887
15921.86,25.13,13.1887
15922.86,25.16,13.1887
15923.86,25.23,13.1887
15924.87,25.13,13.1887
15925.87,29.55,13.1887
15926.87,25.15,13.1887
15927.87,25.17,13.1887
15928.87,25.23,13.1887
15929.87,25.14,13.1887
15930.87,25.14,13.1887
15931.88,25.24,13.1887
15932.88,25.16,13.1888
15933.88,31.0,13.1888
15934.88,25.19,13.1888
15935.88,25.19,13.1888
15936.88,25.29,13.1888
15937.89,25.2,13.1888
15938.89,25.3,13.1888
15939.89,25.2,13.1888
15940.89,25.26,13.1888
15941.89,30.58,13.1888
15942.89,25.22,13.1888
15943.9,25.28,13.1888
15944.9,25.18,13.1888
15945.9,25.17,13.1888
15946.9,25.26,13.1888
15947.9,25.19,13.1888
15948.9,29.19,13.189
15949.91,25.18,13.189
15950.91,25.28,13.189
15951.91,25.18,13.189
15952.91,25.21,13.1891
15953.91,25.29,13.1891
15954.91,25.2,13.1891
15955.91,25.22,13.1891
15956.92,28.98,13.1892
15957.92,25.2,13.1892
15958.92,25.3,13.1892
15959.92,25.19,13.1892
15960.92,25.29,13.1892
15961.92,25.17,13.1892
15962.93,25.16,13.1892
15963.93,25.22,13.1892
15964.93,28.76,13.1892
15965.93,25.29,13.1892
15966.93,25.17,13.1893
15967.93,25.14,13.1894
15968.94,25.3,13.1894
15969.94,25.2,13.1894
15970.94,25.29,13.1894
15971.94,25.19,13.1894
15972.94,28.93,13.1894
15973.94,25.29,13.1894
15974.95,25.19,13.1894
15975.95,25.29,13.1894
15976.95,25.19,13.1894
15977.95,25.3,13.1894
15978.95,25.18,13.1894
15979.95,25.19,13.1894
15980.95,29.02,13.1894
15981.96,25.15,13.1894
15982.96,25.17,13.1895
15983.96,25.22,13.1895
15984.96,25.15,13.1895
15985.96,25.3,13.1895
15986.96,25.21,13.1895
15987.97,25.21,13.1895
15988.97,25.3,13.1895
15989.97,28.86,13.1896
15990.97,25.27,13.1896
15991.97,25.17,13.1896
15992.97,25.3,13.1896
15993.98,25.17,13.1896
15994.98,25.17,13.1896
15995.98,25.29,13.1896
15996.98,27.57,13.1896
15997.98,28.23,13.1896
15998.98,25.17,13.1896
15999.99,25.19,13.1896
16000.99,25.3,13.1896
16001.99,25.2,13.1896
16002.99,25.32,13.1897
16003.99,25.2,13.1897
16004.99,25.2,13.1897
16006.0,31.4,13.1899
16007.0,25.2,13.1899
16008.0,25.33,13.1899
16009.0,25.2,13.1899
16010.0,25.2,13.1899
16011.0,25.3,13.1899
16012.01,25.2,13.1899
16013.01,25.33,13.1899
16014.01,29.53,13.1899
16015.01,25.14,13.1899
16016.01,25.3,13.1899
16017.01,25.22,13.1899
16018.01,25.2,13.1899
16019.02,25.23,13.1899
16020.02,25.13,13.1899
16021.02,28.97,13.1899
16022.02,25.18,13.1899
16023.02,25.21,13.19
16024.02,25.29,13.19
16025.03,25.18,13.19
16026.03,25.28,13.19
16027.03,25.19,13.19
16028.03,25.14,13.19
16029.03,25.21,13.19
16030.03,28.91,13.19
16031.03,25.3,13.19
16032.04,25.17,13.19
16033.04,25.15,13.19
16034.04,25.27,13.19
16035.04,25.18,13.19
16036.04,25.21,13.19
16037.04,25.27,13.19
16038.05,28.76,13.1901
16039.05,25.23,13.1901
16040.05,25.13,13.1901
16041.05,25.12,13.1901
16042.05,25.25,13.1901
16043.05,25.21,13.1902
16044.06,25.28,13.1902
16045.06,25.19,13.1902
16046.06,25.13,13.1902
16047.06,28.95,13.1903
16048.06,25.21,13.1903
16049.06,25.21,13.1903
16050.06,28.78,13.1903
16051.06,25.15,13.1903
16052.07,25.13,13.1903
16053.07,25.26,13.1903
16054.07,25.13,13.1903
16055.07,25.23,13.1903
16056.07,28.84,13.1905
16057.07,25.19,13.1905
16058.08,25.3,13.1905
16059.08,25.19,13.1905
16060.08,25.29,13.1905
16061.08,25.16,13.1905
16062.08,25.17,13.1905
16063.08,25.31,13.1905
16064.09,26.12,13.1905
16065.09,29.66,13.1906
16066.09,25.19,13.1906
16067.09,25.19,13.1906
16068.09,25.29,13.1906
16069.09,25.19,13.1906
16070.09,25.29,13.1906
16071.1,25.18,13.1906
16072.1,25.2,13.1906
16073.1,30.94,13.1907
16074.1,25.14,13.1907
16075.1,25.24,13.1907
16076.1,25.13,13.1907
16077.11,25.14,13.1907
16078.11,25.25,13.1907
16079.11,25.14,13.1907
16080.11,25.24,13.1907
16081.11,29.79,13.1907
16082.12,25.29,13.1907
16083.12,25.2,13.1907
16084.12,25.27,13.1907
16085.12,25.29,13.1907
16086.12,25.18,13.1907
16087.12,25.23,13.1907
16088.12,25.21,13.1907
16089.13,28.9,13.1908
16090.13,25.3,13.1908
16091.13,25.18,13.1908
16092.13,25.28,13.1908
16093.13,25.21,13.191
16094.13,25.19,13.191
16095.14,25.29,13.191
16096.14,25.19,13.191
16097.14,28.89,13.191
16098.14,25.17,13.191
16099.14,25.19,13.191
16100.14,25.28,13.191
16101.15,25.19,13.191
16102.15,25.25,13.191
16103.15,25.19,13.191
16104.15,25.29,13.191
16105.15,28.91,13.191
16106.15,25.19,13.191
16107.16,25.29,13.191
16108.16,25.2,13.191
16109.16,25.3,13.191
16110.16,25.19,13.191
16111.16,25.35,13.191
16112.16,25.19,13.191
16113.17,25.21,13.1911
16114.17,28.96,13.1913
16115.17,25.12,13.1913
16116.17,25.22,13.1913
16117.17,25.18,13.1913
16118.17,25.19,13.1913
16119.18,25.3,13.1913
16120.18,25.19,13.1913
16121.18,25.29,13.1913
16122.18,28.9,13.1913
16123.18,25.32,13.1913
16124.18,25.19,13.1913
16125.19,25.19,13.1913
16126.19,25.29,13.1913
16127.19,25.19,13.1913
16128.19,25.3,13.1913
16129.19,25.16,13.1913
16130.19,30.04,13.1914
16131.19,25.3,13.1914
16132.2,25.19,13.1914
16133.2,25.22,13.1914
16134.2,25.31,13.1914
16135.2,25.19,13.1914
16136.2,25.2,13.1914
16137.2,25.29,13.1914
16138.2,30.87,13.1914
16139.21,25.18,13.1914
16140.21,25.28,13.1914
16141.21,25.19,13.1914
16142.21,25.22,13.1914
16143.21,25.32,13.1914
16144.21,25.19,13.1914
16145.22,25.29,13.1914
16146.22,25.19,13.1914
16147.22,30.17,13.1916
16148.22,25.18,13.1917
16149.22,25.2,13.1917
16150.22,25.29,13.1917
16151.23,25.2,13.1917
16152.23,25.3,13.1917
16153.23,25.2,13.1917
16154.23,25.19,13.1917
16155.23,29.07,13.1917
16156.23,25.19,13.1917
16157.24,25.3,13.1917
16158.24,25.19,13.1917
16159.24,25.29,13.1917
16160.24,25.19,13.1917
16161.24,25.19,13.1917
16162.24,25.24,13.1917
16163.25,28.79,13.1917
16164.25,25.3,13.1917
16165.25,25.19,13.1917
16166.25,25.21,13.1917
16167.25,25.31,13.1918
16168.25,25.19,13.1918
16169.25,25.19,13.1918
16170.26,25.29,13.1918
16171.26,25.19,13.1918
16172.26,28.88,13.1919
16173.26,25.19,13.1919
16174.26,25.13,13.1919
16175.26,25.2,13.1919
16176.26,25.12,13.1919
16177.27,25.13,13.1919
16178.27,25.27,13.1919
16179.27,25.19,13.1919
16180.27,25.28,13.1919
16181.27,28.79,13.1922
16182.27,25.3,13.1923
16183.28,25.19,13.1923
16184.28,25.19,13.1923
16185.28,25.28,13.1923
16186.28,25.2,13.1923
16187.28,25.3,13.1923
16188.28,25.19,13.1923
16189.29,25.2,13.1923
16190.29,28.89,13.1923
16191.29,25.19,13.1923
16192.29,25.2,13.1923
16193.29,25.31,13.1923
16194.29,25.19,13.1923
16195.29,25.3,13.1923
16196.3,25.19,13.1923
16197.3,30.17,13.1923
16198.3,25.24,13.1923
16199.3,25.13,13.1923
16200.3,25.26,13.1923
16201.3,25.15,13.1923
16202.31,25.14,13.1924
16203.31,25.28,13.1924
16204.31,25.16,13.1924
16205.31,30.49,13.1925
16206.31,25.29,13.1925
16207.31,25.2,13.1925
16208.32,25.29,13.1925
16209.32,25.19,13.1925
16210.32,25.19,13.1925
16211.32,25.28,13.1925
16212.32,25.2,13.1925
16213.32,30.54,13.1927
16214.33,25.19,13.1927
16215.33,25.29,13.1927
16216.33,25.19,13.1927
16217.33,25.2,13.1927
16218.33,25.31,13.1927
16219.33,25.19,13.1927
16220.33,25.2,13.1927
16221.33,29.03,13.1927
16222.34,25.19,13.1927
16223.34,25.2,13.1927
16224.34,25.29,13.1927
16225.34,25.18,13.1927
16226.34,25.29,13.1927
16227.34,25.2,13.1927
16228.35,25.19,13.1927
16229.35,25.29,13.1927
16230.35,28.81,13.1928
16231.35,25.21,13.1928
16232.35,25.13,13.1928
16233.35,25.24,13.1928
16234.36,25.12,13.1928
16235.36,25.11,13.1928
16236.36,25.21,13.1928
16237.36,25.13,13.1929
16238.36,25.25,13.1929
16239.36,28.87,13.1931
16240.37,25.18,13.1931
16241.37,25.29,13.1931
16242.37,25.19,13.1931
16243.37,25.2,13.1931
16244.37,25.29,13.1931
16245.37,25.19,13.1931
16246.38,25.29,13.1931
16247.38,28.96,13.1931
16248.38,25.21,13.1931
16249.38,25.29,13.1931
16250.38,25.2,13.1931
16251.38,25.19,13.1931
16252.38,25.29,13.1931
16253.38,25.2,13.1931
16254.39,25.19,13.1931
16255.39,25.28,13.1931
16256.39,28.85,13.1933
16257.39,25.29,13.1933
16258.39,25.18,13.1933
16259.4,25.29,13.1933
16260.4,25.2,13.1933
16261.4,25.19,13.1933
16262.4,25.3,13.1933
16263.4,25.2,13.1933
16264.4,25.29,13.1933
16265.41,30.16,13.1934
16266.41,25.28,13.1934
16267.41,25.19,13.1934
16268.41,25.18,13.1934
16269.41,25.29,13.1933
16270.41,25.19,13.1933
16271.42,25.29,13.1933
16272.42,25.2,13.1934
16273.42,30.78,13.1936
16274.42,25.3,13.1936
16275.42,25.17,13.1936
16276.42,25.17,13.1936
16277.42,25.29,13.1936
16278.43,25.19,13.1936
16279.43,25.3,13.1936
16280.43,25.19,13.1936
16281.43,25.18,13.1936
16282.43,30.24,13.1936
16283.43,25.21,13.1936
16284.44,25.29,13.1936
16285.44,25.19,13.1936
16286.44,25.2,13.1936
16287.44,25.3,13.1936
16288.44,25.19,13.1936
16289.44,25.29,13.1936
16290.45,28.88,13.1938
16291.45,25.23,13.1938
16292.45,25.14,13.1939
16293.45,25.18,13.1939
16294.45,25.29,13.1939
16295.45,25.19,13.1939
16296.45,25.19,13.1939
16297.46,25.3,13.1939
16298.46,25.18,13.1939
16299.46,28.91,13.1939
16300.46,25.12,13.1939
16301.46,25.22,13.1939
16302.46,25.14,13.1939
16303.47,25.14,13.1939
16304.47,25.23,13.1939
16305.47,25.13,13.1939
16306.47,25.23,13.1939
16307.47,25.19,13.1939
16308.47,28.94,13.1939
16309.48,25.19,13.194
16310.48,25.19,13.194
16311.48,25.29,13.194
16312.48,25.21,13.194
16313.48,25.24,13.194
16314.48,25.13,13.194
16315.49,25.13,13.194
16316.49,28.91,13.194
16317.49,25.2,13.194
16318.49,25.27,13.194
16319.49,25.18,13.194
16320.49,25.28,13.194
16321.5,25.18,13.194
16322.5,25.19,13.194
16323.5,25.31,13.194
16324.5,25.19,13.194
16325.5,25.19,13.194
16326.5,28.9,13.1941
16327.51,25.2,13.1941
16328.51,25.29,13.1941
16329.51,25.19,13.1941
16330.51,25.28,13.1941
16331.51,25.18,13.1941
16332.51,25.2,13.1941
16333.52,25.3,13.1941
16334.52,25.19,13.1941
16335.52,30.82,13.1942
16336.52,25.18,13.1942
16337.52,25.23,13.1942
16338.52,25.25,13.1942
16339.53,25.17,13.1942
16340.53,25.26,13.1942
16341.53,25.17,13.1942
16342.53,25.26,13.1943
16343.53,25.2,13.1943
16344.53,30.86,13.1943
16345.54,25.28,13.1943
16346.54,25.2,13.1943
16347.54,25.19,13.1943
16348.54,25.28,13.1943
16349.54,25.19,13.1943
16350.54,25.28,13.1943
16351.54,25.18,13.1943
16352.55,29.64,13.1945
16353.55,25.31,13.1945
16354.55,25.19,13.1945
16355.55,25.19,13.1945
16356.55,25.28,13.1945
16357.55,25.2,13.1945
16358.55,25.3,13.1945
16359.56,25.2,13.1945
16360.56,25.57,13.1945
16361.56,28.59,13.1945
16362.56,25.2,13.1946
16363.56,25.2,13.1946
16364.56,25.29,13.1946
16365.57,25.19,13.1946
16366.57,25.31,13.1946
16367.57,25.2,13.1946
16368.57,25.19,13.1946
16369.57,25.29,13.1946
16370.57,28.9,13.1946
16371.57,25.19,13.1946
16372.58,25.3,13.1946
16373.58,25.21,13.1946
16374.58,25.29,13.1946
16375.58,25.19,13.1946
16376.58,25.29,13.1946
16377.58,25.16,13.1946
16378.59,25.19,13.1947
16379.59,28.86,13.1945
16380.59,25.11,13.1945
16381.59,25.24,13.1945
16382.59,25.18,13.1947
16383.59,25.13,13.1947
16384.6,25.22,13.1947
16385.6,25.12,13.1947
16386.6,25.29,13.1947
16387.6,25.2,13.1947
16388.6,25.18,13.1947
16389.6,29.03,13.1948
16390.61,25.18,13.1948
16391.61,25.28,13.1948
16392.61,25.21,13.1948
16393.61,25.29,13.1948
16394.61,25.2,13.1948
16395.61,25.22,13.1948
16396.61,25.29,13.1948
16397.62,25.2,13.1948
16398.62,29.59,13.195
16399.62,25.29,13.195
16400.62,25.18,13.195
16401.62,25.3,13.195
16402.62,25.22,13.195
16403.63,25.19,13.195
16404.63,25.31,13.195
16405.63,25.19,13.195
16406.63,25.18,13.195
16407.63,31.27,13.195
16408.63,25.19,13.195
16409.63,25.19,13.195
16410.64,25.29,13.195
16411.64,25.13,13.195
16412.64,25.29,13.195
16413.64,25.15,13.195
16414.64,25.15,13.195
16415.64,30.44,13.195
16416.64,25.18,13.195
16417.65,25.19,13.1951
16418.65,25.29,13.1951
16419.65,25.15,13.1951
16420.65,25.26,13.1951
16421.65,25.19,13.1951
16422.65,25.22,13.1951
16423.66,25.29,13.1951
16424.66,29.09,13.1953
16425.66,25.3,13.1953
16426.66,25.19,13.1953
16427.66,25.29,13.1953
16428.66,25.18,13.1953
16429.67,25.19,13.1953
16430.67,25.29,13.1953
16431.67,25.19,13.1953
16432.67,25.32,13.1953
16433.67,28.79,13.1955
16434.67,25.19,13.1955
16435.68,25.29,13.1955
16436.68,25.19,13.1955
16437.68,25.28,13.1955
16438.68,25.12,13.1955
16439.68,25.23,13.1955
16440.68,25.13,13.1955
16441.69,25.12,13.1955
16442.69,28.92,13.1955
16443.69,25.18,13.1955
16444.69,25.28,13.1955
16445.69,25.19,13.1955
16446.69,25.28,13.1955
16447.7,25.19,13.1955
16448.7,25.19,13.1955
16449.7,25.29,13.1955
16450.7,25.19,13.1955
16451.7,26.85,13.1955
16452.7,27.39,13.1957
16453.71,25.18,13.1957
16454.71,25.25,13.1957
16455.71,25.15,13.1957
16456.71,25.23,13.1957
16457.71,25.14,13.1957
16458.71,25.14,13.1957
16459.72,25.29,13.1957
16460.72,25.19,13.1957
16461.72,28.96,13.1957
16462.72,25.21,13.1957
16463.72,25.18,13.1957
16464.72,25.28,13.1957
16465.73,25.18,13.1957
16466.73,25.3,13.1957
16467.73,25.19,13.1957
16468.73,25.19,13.1957
16469.73,30.51,13.1957
16470.73,25.19,13.1957
16471.74,25.29,13.1957
16472.74,25.21,13.1959
16473.74,25.29,13.1959
16474.74,25.2,13.1959
16475.74,25.19,13.1959
16476.74,25.29,13.1959
16477.74,25.19,13.1959
16478.75,31.17,13.1959
16479.75,25.3,13.1959
16480.75,25.19,13.1959
16481.75,25.29,13.1959
16482.75,25.21,13.1959
16483.75,25.3,13.1959
16484.76,25.19,13.1959
16485.76,25.19,13.1959
16486.76,25.3,13.1959
16487.76,29.54,13.1961
16488.76,25.19,13.1961
16489.76,25.29,13.1961
16490.77,25.19,13.1961
16491.77,25.29,13.1961
16492.77,25.21,13.1961
16493.77,25.29,13.1961
16494.77,25.19,13.1961
16495.77,25.13,13.1961
16496.78,28.92,13.1961
16497.78,25.19,13.1961
16498.78,25.29,13.1961
16499.78,25.19,13.1961
16500.78,25.18,13.196
16501.78,25.28,13.196
16502.79,25.21,13.1961
16503.79,25.28,13.1961
16504.79,25.19,13.1961
16505.79,25.93,13.1961
16506.79,28.3,13.1962
16507.79,25.2,13.1964
16508.8,25.3,13.1964
16509.8,25.21,13.1964
16510.8,25.29,13.1964
16511.8,25.19,13.1964
16512.8,25.22,13.1964
16513.8,25.27,13.1964
16514.81,25.14,13.1964
16515.81,28.9,13.1964
16516.81,25.17,13.1964
16517.81,25.27,13.1964
16518.81,25.17,13.1964
16519.81,25.11,13.1964
16520.82,25.22,13.1964
16521.82,25.11,13.1964
16522.82,25.23,13.1964
16523.82,25.13,13.1964
16524.82,44.66,13.1964
16525.82,63.39,13.1998
16526.83,39.62,13.1998
16527.83,26.88,13.1998
16528.83,25.59,13.1998
16529.83,26.29,13.1998
16530.83,25.27,13.1998
16531.83,25.19,13.1998
16532.83,25.22,13.1998
16533.84,25.29,13.1998
16534.84,25.2,13.1998
16535.84,30.59,13.2161
16536.84,25.55,13.2161
16537.84,25.21,13.2163
16538.84,25.28,13.2163
16539.85,25.22,13.2163
16540.85,25.3,13.2163
16541.85,25.2,13.2163
16542.85,25.2,13.2163
16543.85,25.29,13.2163
16544.85,32.71,13.2328
16545.85,25.63,13.2328
16546.86,25.33,13.2328
16547.86,25.21,13.2328
16548.86,25.38,13.2328
16549.86,25.21,13.2328
16550.86,25.24,13.2328
16551.86,25.3,13.2328
16552.87,25.22,13.2329
16553.87,30.84,13.2379
16554.87,25.21,13.2379
16555.87,25.19,13.2379
16556.87,25.23,13.2379
16557.87,25.14,13.2379
16558.88,25.72,13.2379
16559.88,25.2,13.2379
16560.88,25.21,13.2379
16561.88,25.3,13.2379
16562.88,30.32,13.2536
16563.88,25.3,13.2536
16564.88,25.21,13.2536
16565.89,25.2,13.2536
16566.89,25.35,13.2536
16567.89,25.21,13.2536
16568.89,28.56,13.2536
16569.89,25.22,13.2536
16570.89,25.2,13.2536
16571.9,25.33,13.2536
16572.9,25.22,13.2536
16573.9,29.7,13.2683
16574.9,25.19,13.2683
16575.9,25.3,13.2683
16576.9,25.21,13.2683
16577.91,25.31,13.2684
16578.91,25.3,13.2684
16579.91,25.21,13.2684
16580.91,25.31,13.2684
16581.91,25.21,13.2684
16582.91,25.24,13.2684
16583.92,25.32,13.2684
16584.92,29.93,13.2727
16585.92,25.32,13.2727
16586.92,25.19,13.2727
16587.92,25.22,13.2727
16588.92,25.31,13.2727
16589.93,25.21,13.2727
16590.93,25.32,13.2727
16591.93,25.2,13.2727
16592.93,25.22,13.2728
16593.93,25.33,13.2728
16594.93,25.2,13.2728
16595.93,29.51,13.2778
16596.94,25.29,13.2778
16597.94,25.22,13.2778
16598.94,25.31,13.2778
16599.94,25.22,13.2778
16600.94,25.21,13.2778
16601.94,25.31,13.2778
16602.95,25.22,13.2779
16603.95,25.29,13.2779
16604.95,30.07,13.2821
16605.95,42.97,13.2886
16606.95,43.04,7.7798
16607.95,45.39,2.3286
16608.95,84.51,2.6417
16609.96,75.93,2.9876
16610.96,90.01,3.1362
16611.96,87.01,3.4349
16612.96,79.9,3.7743
16613.96,77.32,4.0872
16614.96,78.7,4.3561
16615.96,76.09,4.5881
16616.97,76.01,4.7899
16617.97,75.76,5.01
16618.97,75.8,5.2034
16619.97,75.49,5.637
16620.97,41.01,6.4425
16621.97,26.03,7.171
16622.97,87.87,8.3711
16623.97,100.18,9.1349
16624.98,52.15,9.4172
16625.98,25.13,9.4172
16626.98,49.04,9.4172
16627.98,76.41,9.4192
16628.98,76.16,9.4214
16629.98,77.48,9.4216
16630.98,75.83,9.4223
16631.99,76.32,9.4225
16632.99,76.56,9.4229
16633.99,75.49,9.4234
16634.99,76.23,9.4244
16635.99,75.59,9.4247
16636.99,69.7,9.4253
16637.99,59.93,9.4258
16639.0,39.84,9.4258
16640.0,40.51,9.4258
16641.0,64.77,9.6281
16642.0,100.19,10.5709
16643.0,99.9,11.2576
16644.0,99.9,11.9356
16645.0,63.26,12.1041
16646.01,27.79,12.2043
16647.01,36.77,12.2043
16648.01,33.66,12.2043
16649.01,30.86,12.2043
16650.01,28.86,12.2043
16651.01,27.16,12.2043
16652.02,33.29,12.2043
16653.02,25.29,12.2044
16654.02,32.54,12.2044
16655.02,27.27,12.2044
16656.02,27.61,12.2044
16657.02,35.64,12.2044
16658.02,25.45,12.2044
16659.03,28.25,12.2044
16660.03,25.3,12.2044
16661.03,26.53,12.2044
16662.03,28.23,12.2044
16663.03,31.22,12.2044
16664.03,37.54,12.2044
16665.03,31.18,12.2044
16666.04,27.59,12.2044
16667.04,46.65,12.2044
16668.04,40.46,12.2044
16669.04,27.23,12.2044
16670.04,25.63,12.2044
16671.04,28.61,12.2044
16672.05,26.1,12.2044
16673.05,25.86,12.2045
16674.05,25.16,12.2045
16675.05,25.3,12.2045
16676.05,28.36,12.2045
16677.05,28.69,12.2045
16678.05,25.32,12.2045
16679.06,25.53,12.2045
16680.06,25.2,12.2045
16681.06,32.15,12.2045
16682.06,25.15,12.2045
16683.06,25.54,12.2045
16684.06,25.26,12.2045
16685.07,27.89,12.2045
16686.07,25.21,12.2045
16687.07,26.27,12.2045
16688.07,29.96,12.2045
16689.07,25.43,12.2045
16690.07,26.98,12.2045
16691.08,25.32,12.2045
16692.08,25.2,12.2045
16693.08,25.26,12.2047
16694.08,25.13,12.2047
16695.08,25.32,12.2047
16696.08,25.17,12.2047
16697.09,25.44,12.2047
16698.09,25.28,12.2047
16699.09,25.3,12.2047
16700.09,25.31,12.2047
16701.09,25.43,12.2047
16702.09,25.21,12.2047
16703.1,25.34,12.2047
16704.1,25.66,12.2047
16705.1,26.12,12.2047
16706.1,25.25,12.2047
16707.1,34.69,12.2047
16708.1,33.81,12.2047
16709.11,25.2,12.2047
16710.11,25.29,12.2047
16711.11,26.04,12.2048
16712.11,25.31,12.2048
16713.11,25.18,12.2048
16714.11,25.11,12.2048
16715.12,25.24,12.2048
16716.12,25.24,12.2048
16717.12,25.29,12.2048
16718.12,25.21,12.2049
16719.12,84.53,12.2131
16720.12,100.0,12.3188
16721.12,53.01,12.3188
16722.13,26.24,12.3188
16723.13,25.73,12.3188
16724.13,25.13,12.3188
16725.13,25.24,12.3188
16726.13,26.37,12.3188
16727.13,25.2,12.3188
16728.14,25.43,12.3188
16729.14,25.15,12.3188
16730.14,26.08,12.3188
16731.14,25.23,12.3188
16732.14,25.21,12.3188
16733.14,25.33,12.3189
16734.15,25.15,12.3189
16735.15,25.26,12.3189
16736.15,25.29,12.3189
16737.15,25.37,12.3189
16738.15,25.32,12.3189
16739.15,25.22,12.3189
16740.16,25.31,12.3189
16741.16,25.21,12.3189
16742.16,25.21,12.3189
16743.16,25.33,12.3189
16744.16,25.21,12.3189
16745.16,25.49,12.3189
16746.17,65.06,12.3191
16747.17,58.83,12.3193
16748.17,30.98,12.3194
16749.17,38.24,12.3194
16750.17,31.45,12.3194
16751.17,25.27,12.3194
16752.17,25.31,12.3194
16753.18,28.22,12.3194
16754.18,50.69,12.3194
16755.18,25.51,12.3194
16756.18,25.2,12.3194
16757.18,25.33,12.3194
16758.18,25.22,12.3195
16759.19,25.21,12.3195
16760.19,25.36,12.3195
16761.19,25.21,12.3195
16762.19,27.2,12.3195
16763.19,26.02,12.3195
16764.19,25.21,12.3195
16765.2,25.31,12.3195
16766.2,25.21,12.3195
16767.2,25.31,12.3195
16768.2,25.22,12.3195
16769.2,25.17,12.3195
16770.2,25.25,12.3195
16771.21,25.2,12.3195
16772.21,25.31,12.3195
16773.21,25.67,12.3195
16774.21,25.22,12.3195
16775.21,25.31,12.3195
16776.21,25.21,12.3195
16777.22,25.3,12.3195
16778.22,25.22,12.3197
16779.22,25.32,12.3197
16780.22,25.21,12.3197
16781.22,25.21,12.3197
16782.22,25.32,12.3197
16783.23,25.22,12.3197
16784.23,25.31,12.3197
16785.23,25.23,12.3197
16786.23,25.31,12.3197
16787.23,25.35,12.3197
16788.23,25.2,12.3197
16789.24,25.3,12.3197
16790.24,25.2,12.3197
16791.24,25.31,12.3197
16792.24,25.22,12.3197
16793.24,25.22,12.3197
16794.24,25.33,12.3197
16795.24,25.21,12.3197
16796.25,25.17,12.3197
16797.25,25.29,12.3197
16798.25,25.2,12.3197
16799.25,25.3,12.3197
16800.25,25.2,12.3197
16801.25,25.2,12.3197
16802.26,25.31,12.3198
16803.26,25.22,12.3198
16804.26,25.28,12.3198
16805.26,25.12,12.3198
16806.26,25.27,12.3198
16807.26,25.21,12.3198
16808.27,25.2,12.3198
16809.27,25.32,12.3198
16810.27,25.2,12.3198
16811.27,25.31,12.3198
16812.27,25.22,12.3198
16813.27,25.22,12.3198
16814.28,25.31,12.3198
16815.28,25.16,12.3198
16816.28,25.22,12.3198
16817.28,25.14,12.3198
16818.28,25.26,12.3198
16819.28,25.13,12.3198
16820.29,25.11,12.3198
16821.29,25.3,12.3198
16822.29,25.21,12.3199
16823.29,25.28,12.3199
16824.29,25.13,12.3199
16825.29,25.14,12.3199
16826.3,25.29,12.3199
16827.3,25.23,12.3199
16828.3,25.2,12.3199
16829.3,25.3,12.3199
16830.3,25.21,12.3199
16831.3,25.31,12.3199
16832.31,25.22,12.3199
16833.31,25.32,12.3199
16834.31,25.2,12.3199
16835.31,25.2,12.3199
16836.31,25.32,12.3199
16837.31,25.21,12.3199
16838.31,25.2,12.3199
16839.31,25.34,12.3199
16840.32,25.21,12.3199
16841.32,25.19,12.3199
16842.32,25.32,12.3199
16843.32,25.21,12.3199
16844.32,25.12,12.3199
16845.32,25.24,12.3199
16846.33,25.13,12.3199
16847.33,25.24,12.32
16848.33,25.12,12.32
16849.33,25.27,12.32
16850.33,25.2,12.32
16851.33,25.21,12.32
16852.34,25.32,12.32
16853.34,25.16,12.32
16854.34,25.23,12.32
16855.34,25.12,12.32
16856.34,25.12,12.32
16857.34,25.24,12.32
16858.35,25.13,12.32
16859.35,25.25,12.32
16860.35,25.12,12.32
16861.35,26.99,12.32
16862.35,25.14,12.32
16863.35,25.14,12.32
16864.36,25.23,12.32
16865.36,25.13,12.32
16866.36,25.23,12.32
16867.36,25.14,12.3202
16868.36,25.13,12.3202
16869.36,25.24,12.3202
16870.37,25.13,12.3202
16871.37,25.23,12.3202
16872.37,25.14,12.3202
16873.37,25.24,12.3202
16874.37,25.17,12.3202
16875.37,25.19,12.3202
16876.38,25.29,12.3202
16877.38,25.2,12.3202
16878.38,25.28,12.3202
16879.38,25.18,12.3201
16880.38,25.16,12.3202
16881.38,25.27,12.3202
16882.39,25.17,12.3203
16883.39,25.27,12.3202
16884.39,25.14,12.3202
16885.39,25.14,12.3202
16886.39,25.27,12.3202
16887.39,25.18,12.3202
16888.4,25.27,12.3202
16889.4,25.17,12.3203
16890.4,25.27,12.3203
16891.4,25.16,12.3203
16892.4,25.14,12.3203
16893.4,25.25,12.3203
16894.4,25.19,12.3204
16895.41,25.16,12.3204
16896.41,25.27,12.3204
16897.41,25.19,12.3204
16898.41,25.27,12.3204
16899.41,25.17,12.3204
16900.41,25.12,12.3204
16901.42,25.26,12.3204
16902.42,25.11,12.3204
16903.42,25.12,12.3204
16904.42,25.22,12.3204
16905.42,25.11,12.3204
16906.42,25.21,12.3204
16907.42,25.12,12.3205
16908.43,25.15,12.3205
16909.43,25.27,12.3205
16910.43,25.17,12.3205
16911.43,25.23,12.3205
16912.43,25.13,12.3205
16913.43,25.23,12.3205
16914.44,25.12,12.3205
16915.44,25.11,12.3205
16916.44,25.23,12.3205
16917.44,25.16,12.3205
16918.44,25.12,12.3205
16919.44,25.27,12.3205
16920.45,25.17,12.3205
16921.45,25.28,12.3205
16922.45,25.18,12.3205
16923.45,25.19,12.3205
16924.45,25.28,12.3205
16925.45,25.13,12.3205
16926.45,25.13,12.3205
16927.46,25.23,12.3207
16928.46,25.12,12.3207
16929.46,25.22,12.3207
16930.46,25.11,12.3207
16931.46,25.13,12.3207
16932.46,25.24,12.3207
16933.46,25.13,12.3207
16934.47,25.13,12.3207
16935.47,25.25,12.3207
16936.47,25.18,12.3207
16937.47,25.17,12.3207
16938.47,25.27,12.3207
16939.47,25.17,12.3207
16940.48,25.27,12.3207
16941.48,25.17,12.3207
16942.48,25.18,12.3207
16943.48,25.28,12.3207
16944.48,25.17,12.3207
16945.48,25.26,12.3207
16946.49,25.17,12.3207
16947.49,25.27,12.3207
16948.49,25.17,12.3208
16949.49,25.18,12.3208
16950.49,25.27,12.3208
16951.49,25.17,12.3208
16952.49,25.28,12.3208
16953.5,25.44,12.3208
16954.5,25.18,12.3208
16955.5,25.27,12.3208
16956.5,25.17,12.3208
16957.5,25.28,12.3208
16958.5,25.17,12.3208
16959.51,25.17,12.3208
16960.51,25.27,12.3208
16961.51,25.17,12.3208
16962.51,25.23,12.3208
16963.51,25.13,12.3208
16964.51,25.12,12.3208
16965.52,25.21,12.3208
16966.52,25.11,12.3208
16967.52,25.12,12.3208
16968.52,25.26,12.3208
16969.52,25.17,12.3208
16970.52,25.27,12.3208
16971.52,25.17,12.3208
16972.53,25.16,12.3209
16973.53,25.28,12.3209
16974.53,25.17,12.3209
16975.53,25.18,12.3209
16976.53,25.27,12.3209
16977.53,25.18,12.3209
16978.54,25.28,12.3209
16979.54,25.16,12.3209
16980.54,25.27,12.3209
16981.54,25.16,12.3209
16982.54,25.14,12.3209
16983.54,25.22,12.3209
16984.55,25.13,12.3209
16985.55,25.21,12.3209
16986.55,25.16,12.3209
16987.55,25.18,12.3209
16988.55,25.28,12.3209
16989.55,25.17,12.3209
16990.55,25.17,12.3209
16991.56,25.26,12.3209
16992.56,25.15,12.321
16993.56,25.28,12.321
16994.56,25.11,12.321
16995.56,25.11,12.321
16996.56,25.22,12.321
16997.56,25.12,12.321
16998.57,25.14,12.321
16999.57,25.3,12.321
17000.57,25.17,12.321
17001.57,25.17,12.321
17002.57,25.31,12.321
17003.57,25.2,12.321
17004.57,25.18,12.321
17005.57,25.27,12.321
17006.58,25.17,12.321
17007.58,25.17,12.321
17008.58,25.27,12.321
17009.58,25.17,12.321
17010.58,25.27,12.321
17011.58,25.17,12.321
17012.59,25.18,12.321
17013.59,25.24,12.321
17014.59,25.17,12.321
17015.59,25.28,12.321
17016.59,25.17,12.321
17017.59,25.19,12.3211
17018.59,25.28,12.3211
17019.6,25.17,12.3211
17020.6,25.17,12.3211
17021.6,25.25,12.3211
17022.6,25.12,12.3211
17023.6,25.23,12.3211
17024.6,25.13,12.3211
17025.61,25.15,12.3211
17026.61,25.29,12.3211
17027.61,25.17,12.3211
17028.61,25.16,12.3211
17029.61,25.27,12.3211
17030.61,25.14,12.3211
17031.61,25.22,12.3211
17032.62,25.14,12.3211
17033.62,25.15,12.3211
17034.62,25.29,12.3211
17035.62,25.17,12.3211
17036.62,25.17,12.3211
17037.62,25.3,12.3213
17038.62,25.17,12.3213
17039.63,25.17,12.3213
17040.63,25.29,12.3213
17041.63,25.17,12.3213
17042.63,25.21,12.3213
17043.63,25.28,12.3213
17044.63,94.1,12.3321
17045.63,99.81,12.3486
17046.63,32.6,12.3498
17047.64,25.18,12.3498
17048.64,25.62,12.3498
17049.64,25.27,12.3498
17050.64,25.15,12.3498
17051.64,25.21,12.3498
17052.64,25.16,12.3498
17053.65,25.14,12.3498
17054.65,25.27,12.3498
17055.65,25.19,12.3498
17056.65,25.17,12.3498
17057.65,25.28,12.3498
17058.65,25.19,12.3498
17059.65,25.18,12.3498
17060.66,25.27,12.3498
17061.66,25.17,12.3498
17062.66,25.3,12.3498
17063.66,25.17,12.3498
17064.66,25.18,12.3498
17065.66,25.26,12.3498
17066.66,25.16,12.3498
17067.67,25.16,12.3499
17068.67,25.26,12.3499
17069.67,25.17,12.3499
17070.67,25.26,12.3499
17071.67,25.17,12.3499
17072.67,25.19,12.3499
17073.68,25.27,12.3499
17074.68,25.17,12.3499
17075.68,25.26,12.3499
17076.68,25.17,12.3499
17077.68,25.17,12.3499
17078.68,25.27,12.3499
17079.69,25.19,12.3499
17080.69,25.26,12.3499
17081.69,25.16,12.3499
17082.69,25.2,12.3499
17083.69,25.27,12.3499
17084.69,25.17,12.3499
17085.69,25.26,12.3499
17086.7,25.16,12.3499
17087.7,25.19,12.3501
17088.7,25.27,12.3501
17089.7,25.16,12.3501
17090.7,25.12,12.3501
17091.7,25.21,12.3501
17092.7,25.14,12.3501
17093.71,25.12,12.3501
17094.71,25.26,12.3501
17095.71,25.17,12.3501
17096.71,25.17,12.3501
17097.71,25.27,12.3501
17098.71,25.16,12.3501
17099.71,25.27,12.3501
17100.72,25.16,12.3501
17101.72,25.17,12.3501
17102.72,25.3,12.3501
17103.72,25.17,12.3501
17104.72,25.13,12.3501
17105.72,25.22,12.3501
17106.73,25.15,12.3501
17107.73,25.27,12.3502
17108.73,25.18,12.3502
17109.73,25.17,12.3502
17110.73,25.43,12.3502
17111.73,25.17,12.3502
17112.73,25.19,12.3502
17113.73,25.28,12.3502
17114.74,25.17,12.3502
17115.74,25.16,12.3502
17116.74,25.19,12.3502
17117.74,25.14,12.3502
17118.74,25.23,12.3502
17119.74,25.16,12.3502
17120.75,25.16,12.3502
17121.75,25.21,12.3502
17122.75,25.13,12.3502
17123.75,25.2,12.3502
17124.75,25.1,12.3502
17125.75,25.1,12.3502
17126.76,25.2,12.3502
17127.76,25.11,12.3503
17128.76,25.12,12.3503
17129.76,25.27,12.3503
17130.76,25.18,12.3503
17131.76,25.3,12.3503
17132.76,25.2,12.3503
17133.77,25.17,12.3503
17134.77,25.19,12.3503
17135.77,25.27,12.3503
17136.77,25.16,12.3503
17137.77,25.29,12.3503
17138.77,25.18,12.3503
17139.77,25.18,12.3503
17140.78,25.27,12.3503
17141.78,25.17,12.3503
17142.78,25.2,12.3503
17143.78,25.21,12.3503
17144.78,25.11,12.3503
17145.78,25.22,12.3503
17146.78,25.11,12.3503
17147.79,25.12,12.3503
17148.79,25.21,12.3503
17149.79,25.11,12.3503
17150.79,25.21,12.3503
17151.79,25.12,12.3503
17152.79,25.2,12.3504
17153.79,25.29,12.3504
17154.8,25.16,12.3504
17155.8,25.17,12.3504
17156.8,25.26,12.3504
17157.8,25.12,12.3504
17158.8,25.21,12.3504
17159.8,25.11,12.3504
17160.81,25.13,12.3504
17161.81,25.27,12.3504
17162.81,25.16,12.3504
17163.81,25.22,12.3504
17164.81,25.14,12.3504
17165.81,25.12,12.3504
17166.82,25.22,12.3504
17167.82,25.13,12.3504
17168.82,25.23,12.3504
17169.82,25.17,12.3504
17170.82,25.16,12.3504
17171.82,25.26,12.3504
17172.83,25.19,12.3504
17173.83,25.27,12.3504
17174.83,25.16,12.3504
17175.83,25.17,12.3504
17176.83,25.27,12.3504
17177.83,25.18,12.3504
17178.83,25.18,12.3504
17179.84,25.27,12.3504
17180.84,25.17,12.3504
17181.84,25.26,12.3504
17182.84,25.13,12.3504
17183.84,25.11,12.3504
17184.84,25.21,12.3504
17185.85,25.11,12.3504
17186.85,25.21,12.3504
17187.85,25.13,12.3504
17188.85,25.17,12.3504
17189.85,25.27,12.3504
17190.85,25.17,12.3504
17191.86,25.23,12.3504
17192.86,25.15,12.3504
17193.86,25.17,12.3504
17194.86,25.27,12.3504
17195.86,25.12,12.3504
17196.86,25.21,12.3504
17197.86,25.12,12.3505
17198.87,25.11,12.3505
17199.87,25.22,12.3505
17200.87,25.11,12.3505
17201.87,25.23,12.3505
17202.87,25.17,12.3505
17203.87,25.17,12.3506
17204.88,25.27,12.3506
17205.88,25.11,12.3506
17206.88,25.25,12.3506
17207.88,25.18,12.3506
17208.88,25.14,12.3506
17209.88,25.26,12.3506
17210.88,25.16,12.3506
17211.89,25.16,12.3506
17212.89,25.3,12.3506
17213.89,25.17,12.3506
17214.89,25.15,12.3506
17215.89,25.21,12.3506
17216.89,25.15,12.3506
17217.89,25.27,12.3506
17218.9,25.11,12.3506
17219.9,25.11,12.3506
17220.9,25.21,12.3506
17221.9,25.13,12.3506
17222.9,25.19,12.3506
17223.9,25.27,12.3506
17224.91,25.17,12.3507
17225.91,25.26,12.3507
17226.91,25.18,12.3507
17227.91,25.18,12.3507
17228.91,25.29,12.3507
17229.91,25.16,12.3507
17230.91,25.17,12.3507
17231.92,25.27,12.3507
17232.92,25.19,12.3507
17233.92,25.27,12.3507
17234.92,25.17,12.3507
17235.92,25.16,12.3507
17236.92,25.26,12.3507
17237.93,25.17,12.3507
17238.93,25.27,12.3507
17239.93,25.17,12.3507
17240.93,25.16,12.3507
17241.93,25.26,12.3507
17242.93,25.19,12.3507
17243.93,25.26,12.3507
17244.94,25.16,12.3507
17245.94,25.16,12.3507
17246.94,25.26,12.3507
17247.94,25.17,12.3508
17248.94,25.27,12.3508
17249.94,25.18,12.3508
17250.95,25.17,12.3508
17251.95,25.23,12.3508
17252.95,25.18,12.3508
17253.95,25.16,12.3508
17254.95,25.26,12.3508
17255.95,25.17,12.3508
17256.95,25.26,12.3508
17257.96,25.12,12.3508
17258.96,25.11,12.3508
17259.96,25.26,12.3508
17260.96,25.17,12.3508
17261.96,25.27,12.3508
17262.96,25.18,12.3508
17263.97,25.16,12.3508
17264.97,25.26,12.3508
17265.97,25.16,12.3508
17266.97,25.27,12.3508
17267.97,25.17,12.3509
17268.97,25.13,12.3509
17269.98,25.25,12.3509
17270.98,25.12,12.3509
17271.98,25.16,12.3509
17272.98,25.28,12.3509
17273.98,25.1,12.3509
17274.98,25.22,12.3509
17275.98,25.17,12.3509
17276.99,25.16,12.3511
17277.99,25.24,12.3511
17278.99,25.14,12.3511
17279.99,25.26,12.3511
17280.99,25.16,12.3511
17281.99,25.17,12.3511
17282.99,25.31,12.3511
17284.0,25.14,12.3511
17285.0,25.13,12.3511
17286.0,25.29,12.3511
17287.0,25.15,12.3511
17288.0,25.18,12.3512
17289.0,25.26,12.3512
17290.0,25.17,12.3512
17291.01,25.16,12.3512
17292.01,25.25,12.3512
17293.01,25.18,12.3512
17294.01,25.22,12.3512
17295.01,25.11,12.3512
17296.01,25.11,12.3512
17297.02,25.35,12.3512
17298.02,25.18,12.3512
17299.02,25.27,12.3512
17300.02,25.17,12.3512
17301.02,25.16,12.3512
17302.02,25.26,12.3512
17303.02,25.21,12.3512
17304.03,25.16,12.3512
17305.03,25.26,12.3512
17306.03,25.17,12.3512
17307.03,25.26,12.3512
17308.03,25.17,12.3512
17309.03,25.16,12.3512
17310.04,25.26,12.3512
17311.04,25.17,12.3512
17312.04,25.16,12.3512
17313.04,25.28,12.3513
17314.04,25.17,12.3513
17315.04,25.26,12.3513
17316.04,25.17,12.3513
17317.05,25.17,12.3513
17318.05,25.27,12.3513
17319.05,25.17,12.3513
17320.05,25.62,12.3513
17321.05,25.11,12.3513
17322.05,25.11,12.3513
17323.06,25.27,12.3513
17324.06,25.16,12.3513
17325.06,25.26,12.3513
17326.06,25.18,12.3513
17327.06,25.17,12.3513
17328.06,25.27,12.3513
17329.06,25.15,12.3513
17330.07,25.13,12.3513
17331.07,25.21,12.3513
17332.07,25.11,12.3513
17333.07,25.23,12.3514
17334.07,25.11,12.3514
17335.07,25.12,12.3514
17336.08,25.24,12.3514
17337.08,25.16,12.3514
17338.08,25.27,12.3514
17339.08,25.15,12.3514
17340.08,25.16,12.3514
17341.08,25.24,12.3514
17342.09,25.16,12.3514
17343.09,25.27,12.3514
17344.09,25.16,12.3514
17345.09,25.15,12.3514
17346.09,25.24,12.3514
17347.09,25.16,12.3514
17348.09,25.25,12.3514
17349.1,25.13,12.3514
17350.1,25.17,12.3514
17351.1,25.26,12.3514
17352.1,25.11,12.3514
17353.1,25.14,12.3515
17354.1,25.23,12.3515
17355.11,25.16,12.3515
17356.11,25.28,12.3515
17357.11,25.16,12.3515
17358.11,25.16,12.3515
17359.11,25.24,12.3515
17360.11,25.12,12.3515
17361.11,25.16,12.3515
17362.12,25.27,12.3515
17363.12,25.17,12.3515
17364.12,25.16,12.3515
17365.12,25.23,12.3515
17366.12,25.11,12.3515
17367.12,25.11,12.3515
17368.12,25.24,12.3515
17369.13,25.14,12.3515
17370.13,25.21,12.3515
17371.13,25.11,12.3515
17372.13,25.11,12.3515
17373.13,25.23,12.3517
17374.13,25.11,12.3517
17375.14,25.21,12.3517
17376.14,25.11,12.3517
17377.14,25.12,12.3517
17378.14,25.22,12.3517
17379.14,25.11,12.3517
17380.14,25.22,12.3517
17381.14,25.12,12.3517
17382.15,25.12,12.3517
17383.15,25.27,12.3517
17384.15,25.17,12.3517
17385.15,25.24,12.3517
17386.15,25.15,12.3517
17387.15,25.15,12.3517
17388.15,25.3,12.3517
17389.16,25.17,12.3517
17390.16,25.17,12.3517
17391.16,25.26,12.3517
17392.16,25.17,12.3517
17393.16,25.21,12.3518
17394.16,25.28,12.3518
17395.16,25.16,12.3518
17396.17,25.13,12.3518
17397.17,25.25,12.3518
17398.17,25.14,12.3518
17399.17,25.14,12.3518
17400.17,25.21,12.3518
17401.17,25.11,12.3518
17402.17,25.11,12.3518
17403.18,25.24,12.3518
17404.18,25.12,12.3518
17405.18,25.11,12.3518
17406.18,25.21,12.3518
17407.18,25.1,12.3518
17408.18,25.21,12.3518
17409.18,25.17,12.3518
17410.19,25.13,12.3518
17411.19,25.22,12.3518
17412.19,25.16,12.3518
17413.19,25.27,12.3519
17414.19,25.12,12.3519
17415.19,25.15,12.3519
17416.2,25.26,12.3519
17417.2,25.16,12.3519
17418.2,25.27,12.3519
17419.2,25.17,12.3519
17420.2,25.17,12.3519
17421.2,25.24,12.3519
17422.21,25.15,12.3519
17423.21,25.14,12.3519
17424.21,25.22,12.3519
17425.21,25.14,12.3519
17426.21,25.24,12.3519
17427.21,25.11,12.3519
17428.21,25.13,12.3519
17429.22,25.21,12.3519
17430.22,25.13,12.3519
17431.22,25.27,12.3519
17432.22,25.15,12.3519
17433.22,25.14,12.352
17434.22,25.24,12.352
17435.22,25.12,12.352
17436.23,25.14,12.352
17437.23,25.24,12.352
17438.23,25.12,12.352
17439.23,25.13,12.352
17440.23,25.22,12.352
17441.23,25.12,12.352
17442.23,25.14,12.352
17443.24,25.28,12.352
17444.24,25.12,12.352
17445.24,25.22,12.352
17446.24,25.12,12.352
17447.24,25.13,12.352
17448.24,25.2,12.352
17449.25,25.11,12.352
17450.25,25.2,12.352
17451.25,25.16,12.352
17452.25,25.16,12.3521
17453.25,25.22,12.3521
17454.25,25.13,12.3521
17455.25,25.2,12.3521
17456.26,25.11,12.3521
17457.26,25.12,12.3521
17458.26,25.21,12.3521
17459.26,25.11,12.3521
17460.26,25.21,12.3521
17461.26,25.11,12.3521
17462.27,25.12,12.3521
17463.27,25.23,12.3521
17464.27,25.12,12.3521
17465.27,25.24,12.3521
17466.27,25.16,12.3521
17467.27,25.18,12.3521
17468.28,25.25,12.3521
17469.28,25.27,12.3521
17470.28,25.26,12.3521
17471.28,25.16,12.3521
17472.28,25.17,12.3523
17473.28,25.27,12.3523
17474.28,25.16,12.3523
17475.29,25.16,12.3523
17476.29,25.26,12.3523
17477.29,25.17,12.3523
17478.29,25.26,12.3523
17479.29,25.16,12.3523
17480.29,25.16,12.3523
17481.3,25.26,12.3523
17482.3,25.17,12.3523
17483.3,25.27,12.3523
17484.3,25.16,12.3523
17485.3,25.15,12.3523
17486.3,25.25,12.3523
17487.31,25.17,12.3523
17488.31,25.23,12.3523
17489.31,25.12,12.3523
17490.31,25.12,12.3523
17491.31,25.24,12.3523
17492.31,25.17,12.3524
17493.32,25.23,12.3524
17494.32,25.14,12.3524
17495.32,25.16,12.3524
17496.32,25.36,12.3524
17497.32,25.17,12.3524
17498.32,25.26,12.3524
17499.32,25.18,12.3524
17500.33,25.11,12.3524
17501.33,25.22,12.3524
17502.33,25.12,12.3524
17503.33,25.24,12.3524
17504.33,25.12,12.3524
17505.33,25.12,12.3524
17506.34,25.22,12.3524
17507.34,25.14,12.3524
17508.34,25.22,12.3524
17509.34,25.15,12.3524
17510.34,25.16,12.3524
17511.34,25.26,12.3524
17512.35,25.17,12.3525
17513.35,25.28,12.3525
17514.35,25.16,12.3525
17515.35,25.12,12.3525
17516.35,25.21,12.3525
17517.35,25.16,12.3525
17518.35,25.26,12.3525
17519.36,25.16,12.3525
17520.36,25.16,12.3525
17521.36,25.26,12.3525
17522.36,25.17,12.3525
17523.36,25.28,12.3525
17524.36,25.16,12.3525
17525.37,25.16,12.3525
17526.37,25.26,12.3525
17527.37,25.18,12.3525
17528.37,25.17,12.3525
17529.37,25.27,12.3525
17530.37,25.15,12.3525
17531.38,25.26,12.3525
17532.38,25.18,12.3525
17533.38,25.17,12.3525
17534.38,25.27,12.3526
17535.38,25.17,12.3526
17536.38,25.28,12.3526
17537.38,25.18,12.3526
17538.39,25.18,12.3526
17539.39,25.28,12.3526
17540.39,25.17,12.3526
17541.39,25.27,12.3526
17542.39,25.18,12.3526
17543.39,25.18,12.3526
17544.4,25.26,12.3526
17545.4,25.16,12.3526
17546.4,25.27,12.3526
17547.4,25.18,12.3526
17548.4,25.17,12.3526
17549.4,25.29,12.3526
17550.4,25.17,12.3526
17551.41,25.17,12.3526
17552.41,25.28,12.3526
17553.41,25.18,12.3527
17554.41,25.27,12.3527
17555.41,25.17,12.3527
17556.41,25.17,12.3527
17557.41,25.29,12.3527
17558.42,25.17,12.3527
17559.42,25.18,12.3527
17560.42,25.29,12.3527
17561.42,25.17,12.3527
17562.42,25.18,12.3527
17563.42,25.23,12.3527
17564.43,25.11,12.3527
17565.43,25.21,12.3527
17566.43,25.11,12.3527
17567.43,25.13,12.3529
17568.43,25.21,12.3529
17569.43,25.15,12.3529
17570.43,25.16,12.3529
17571.44,25.27,12.3529
17572.44,25.18,12.3529
17573.44,25.23,12.3529
17574.44,25.14,12.3529
17575.44,25.16,12.3529
17576.44,25.23,12.3529
17577.45,25.12,12.3529
17578.45,25.21,12.3529
17579.45,25.12,12.3529
17580.45,25.15,12.3529
17581.45,25.27,12.3529
17582.45,25.18,12.353
17583.46,25.29,12.353
17584.46,25.18,12.353
17585.46,25.17,12.353
17586.46,25.27,12.353
17587.46,25.19,12.353
17588.46,25.17,12.353
17589.46,25.27,12.353
17590.46,25.2,12.353
17591.47,25.17,12.353
17592.47,25.28,12.353
17593.47,25.19,12.3531
17594.47,25.27,12.3531
17595.47,25.17,12.3531
17596.47,25.17,12.3531
17597.48,25.27,12.3531
17598.48,25.16,12.3531
17599.48,25.27,12.3531
17600.48,25.16,12.3531
17601.48,25.17,12.3531
17602.48,25.28,12.3531
17603.49,25.18,12.3531
17604.49,25.27,12.3531
17605.49,25.17,12.3531
17606.49,25.11,12.3531
17607.49,25.23,12.3532
17608.49,25.11,12.3532
17609.49,25.14,12.3532
17610.49,25.29,12.3532
17611.5,25.17,12.3532
17612.5,25.18,12.3532
17613.5,25.21,12.3532
17614.5,25.27,12.3532
17615.5,25.15,12.3532
17616.5,25.26,12.3532
17617.5,25.15,12.3532
17618.51,25.14,12.3532
17619.51,25.29,12.3532
17620.51,25.17,12.3532
17621.51,53.67,12.3533
17622.51,100.1,12.3608
17623.51,63.53,12.3616
17624.51,25.17,12.3616
17625.52,25.27,12.3616
17626.52,25.16,12.3616
17627.52,25.16,12.3616
17628.52,25.26,12.3616
17629.52,25.17,12.3616
17630.52,25.25,12.3616
17631.52,25.15,12.3616
17632.53,25.17,12.3616
17633.53,25.3,12.3617
17634.53,25.17,12.3617
17635.53,25.27,12.3617
17636.53,25.17,12.3617
17637.53,25.11,12.3617
17638.54,25.22,12.3617
17639.54,25.13,12.3617
17640.54,25.27,12.3617
17641.54,25.17,12.3617
17642.54,25.17,12.3617
17643.54,25.28,12.3618
17644.55,25.17,12.3618
17645.55,25.22,12.3618
17646.55,25.16,12.3618
17647.55,25.13,12.3618
17648.55,25.24,12.3618
17649.55,25.15,12.3618
17650.55,25.24,12.3618
17651.56,25.13,12.3618
17652.56,25.12,12.3618
17653.56,25.28,12.3618
17654.56,25.17,12.3618
17655.56,25.26,12.3618
17656.56,25.12,12.3618
17657.57,25.12,12.362
17658.57,25.21,12.362
17659.57,25.12,12.362
17660.57,25.22,12.362
17661.57,25.12,12.362
17662.57,25.12,12.362
17663.58,25.24,12.362
17664.58,25.14,12.362
17665.58,25.26,12.362
17666.58,25.17,12.362
17667.58,25.18,12.362
17668.58,25.24,12.362
17669.59,25.12,12.362
17670.59,25.22,12.362
17671.59,25.14,12.362
17672.59,25.17,12.362
17673.59,25.28,12.3621
17674.59,25.17,12.3621
17675.59,25.27,12.3621
17676.6,25.17,12.3621
17677.6,25.17,12.3621
17678.6,25.27,12.3621
17679.6,25.18,12.3621
17680.6,25.16,12.3621
17681.6,25.27,12.3621
17682.61,25.18,12.3621
17683.61,25.28,12.3622
17684.61,25.17,12.3622
17685.61,25.12,12.3622
17686.61,25.23,12.3622
17687.61,25.12,12.3622
17688.62,25.21,12.3622
17689.62,25.16,12.3622
17690.62,25.17,12.3622
17691.62,25.28,12.3622
17692.62,25.19,12.3622
17693.62,25.27,12.3622
17694.62,25.18,12.3622
17695.63,25.13,12.3622
17696.63,25.22,12.3622
17697.63,25.13,12.3623
17698.63,25.23,12.3623
17699.63,25.17,12.3623
17700.63,25.18,12.3623
17701.64,25.27,12.3623
17702.64,25.2,12.3623
17703.64,25.25,12.3623
17704.64,25.16,12.3623
17705.64,25.12,12.3623
17706.64,25.22,12.3623
17707.64,25.12,12.3623
17708.65,25.12,12.3623
17709.65,25.23,12.3623
17710.65,25.13,12.3623
17711.65,25.22,12.3623
17712.65,25.16,12.3624
17713.65,25.13,12.3624
17714.66,25.27,12.3624
17715.66,25.18,12.3624
17716.66,25.28,12.3625
17717.66,25.19,12.3625
17718.66,25.18,12.3625
17719.66,25.28,12.3625
17720.67,25.17,12.3625
17721.67,25.27,12.3625
17722.67,25.2,12.3626
17723.67,25.17,12.3626
17724.67,25.27,12.3626
17725.67,25.18,12.3626
17726.68,25.28,12.3626
17727.68,25.19,12.3626
17728.68,25.19,12.3626
17729.68,25.29,12.3626
17730.68,25.18,12.3626
17731.68,25.3,12.3626
17732.68,25.2,12.3626
17733.69,25.18,12.3626
17734.69,25.28,12.3626
17735.69,25.18,12.3626
17736.69,25.26,12.3626
17737.69,25.16,12.3628
17738.69,25.2,12.3628
17739.7,25.3,12.3628
17740.7,25.18,12.3628
17741.7,25.18,12.3628
17742.7,25.28,12.3628
17743.7,25.17,12.3628
17744.7,25.28,12.3628
17745.7,25.17,12.3628
17746.71,25.19,12.3628
17747.71,25.29,12.3628
17748.71,25.17,12.3628
17749.71,25.28,12.3628
17750.71,25.15,12.3628
17751.71,25.16,12.3628
17752.71,25.32,12.3629
17753.72,25.17,12.3629
17754.72,25.18,12.3629
17755.72,25.3,12.3629
17756.72,25.18,12.3629
17757.72,25.2,12.3629
17758.72,25.29,12.3629
17759.73,25.19,12.3629
17760.73,25.3,12.3629
17761.73,25.2,12.3629
17762.73,25.22,12.363
17763.73,25.29,12.363
17764.73,25.2,12.363
17765.74,25.3,12.363
17766.74,25.2,12.3629
17767.74,25.3,12.363
17768.74,25.17,12.363
17769.74,25.21,12.363
17770.74,25.31,12.363
17771.75,25.19,12.363
17772.75,25.3,12.363
17773.75,25.17,12.363
17774.75,25.17,12.3631
17775.75,25.29,12.3631
17776.75,25.19,12.3631
17777.76,25.3,12.3631
17778.76,25.2,12.3631
17779.76,25.3,12.3631
17780.76,25.21,12.3631
17781.76,25.21,12.3632
17782.76,25.33,12.3632
17783.77,25.2,12.3632
17784.77,25.14,12.3632
17785.77,25.24,12.3632
17786.77,25.17,12.3632
17787.77,25.32,12.3632
17788.77,25.19,12.3632
17789.77,25.3,12.3632
17790.78,25.21,12.3632
17791.78,25.2,12.3632
17792.78,25.49,12.3633
17793.78,25.21,12.3633
17794.78,25.2,12.3633
17795.78,25.29,12.3633
17796.78,25.21,12.3633
17797.79,25.22,12.3632
17798.79,25.3,12.3632
17799.79,25.21,12.3632
17800.79,25.29,12.3632
17801.79,25.19,12.3632
17802.79,25.31,12.3634
17803.8,25.2,12.3634
17804.8,25.21,12.3634
17805.8,25.3,12.3634
17806.8,25.2,12.3634
17807.8,47.02,7.1122
17808.8,86.67,2.6469
17809.81,77.76,3.0196
17810.81,92.24,3.214
17811.81,85.44,3.5111
17812.81,78.64,3.8346
17813.81,77.08,4.1421
17814.81,77.44,4.3517
17815.82,75.93,4.5378
17816.82,75.43,4.7012
17817.82,75.24,4.8566
17818.82,75.85,5.0606
17819.82,75.05,5.2846
17820.82,48.33,5.894
17821.82,26.44,6.6403
17822.83,40.99,7.5335
17823.83,100.19,8.5732
17824.83,91.15,9.2334
17825.83,25.13,9.2334
17826.83,25.23,9.3336
17827.83,59.37,9.3337
17828.83,76.43,9.3339
17829.84,74.36,9.3342
17830.84,56.91,9.3347
17831.84,40.58,9.3347
17832.84,33.34,9.3349
17833.84,29.98,9.3349
17834.84,34.32,9.3349
17835.85,58.44,9.3349
17836.85,33.29,9.3349
17837.85,25.84,9.3349
17838.85,26.65,9.3349
17839.85,51.64,9.6562
17840.85,99.95,10.5751
17841.85,99.88,11.2437
17842.86,100.18,11.9357
17843.86,68.75,12.1279
17844.86,29.41,12.2109
17845.86,35.08,12.2109
17846.86,38.66,12.2109
17847.86,30.89,12.2109
17848.86,27.69,12.2109
17849.87,25.96,12.2109
17850.87,27.22,12.2109
17851.87,26.06,12.2109
17852.87,27.14,12.2112
17853.87,31.21,12.2112
17854.87,26.01,12.2112
17855.88,25.24,12.2112
17856.88,25.22,12.2112
17857.88,25.35,12.2112
17858.88,25.33,12.2112
17859.88,32.14,12.2112
17860.88,31.18,12.2112
17861.88,25.24,12.2112
17862.89,47.66,12.2112
17863.89,44.55,12.2112
17864.89,42.58,12.2112
17865.89,28.06,12.2112
17866.89,25.53,12.2112
17867.89,25.77,12.2112
17868.9,25.37,12.2111
17869.9,28.7,12.2111
17870.9,25.71,12.2111
17871.9,25.78,12.2111
17872.9,25.23,12.2112
17873.9,25.3,12.2112
17874.91,25.2,12.2112
17875.91,25.4,12.2112
17876.91,27.06,12.2112
17877.91,25.15,12.2112
17878.91,25.23,12.2112
17879.91,25.14,12.2112
17880.92,26.47,12.2112
17881.92,25.25,12.2112
17882.92,25.93,12.2112
17883.92,25.77,12.2112
17884.92,25.2,12.2112
17885.92,25.33,12.2112
17886.92,25.2,12.2112
17887.93,25.18,12.2112
17888.93,26.05,12.2112
17889.93,25.19,12.2112
17890.93,25.28,12.2112
17891.93,25.24,12.2112
17892.93,25.62,12.2115
17893.94,25.8,12.2115
17894.94,25.19,12.2115
17895.94,25.63,12.2115
17896.94,25.84,12.2115
17897.94,25.16,12.2115
17898.94,25.35,12.2115
17899.94,32.92,12.2115
17900.95,25.22,12.2115
17901.95,25.33,12.2115
17902.95,31.88,12.2115
17903.95,27.65,12.2115
17904.95,26.19,12.2115
17905.95,25.17,12.2115
17906.96,25.34,12.2115
17907.96,59.1,12.2118
17908.96,99.88,12.284
17909.96,70.31,12.3189
17910.96,25.23,12.3189
17911.96,25.81,12.3189
17912.96,25.36,12.319
17913.96,25.19,12.3189
17914.97,25.29,12.3188
17915.97,25.36,12.3188
17916.97,25.19,12.3188
17917.97,25.33,12.3189
17918.97,25.33,12.3189
17919.97,25.22,12.3192
17920.97,25.23,12.3189
17921.98,25.3,12.3189
17922.98,26.03,12.3191
17923.98,28.92,12.319
17924.98,25.3,12.319
17925.98,25.2,12.319
17926.98,25.39,12.319
17927.99,25.22,12.319
17928.99,25.4,12.319
17929.99,25.15,12.319
17930.99,25.14,12.319
17931.99,25.24,12.319
17932.99,25.17,12.3191
17934.0,34.85,12.3191
17935.0,76.39,12.3197
17936.0,64.33,12.3198
17937.0,46.07,12.3201
17938.0,33.73,12.3201
17939.0,45.95,12.3202
17940.0,41.98,12.3202
17941.01,25.32,12.3202
17942.01,25.2,12.3202
17943.01,25.25,12.3204
17944.01,25.31,12.3204
17945.01,25.22,12.3204
17946.01,25.23,12.3204
17947.02,25.31,12.3204
17948.02,25.22,12.3204
17949.02,25.29,12.3204
17950.02,25.21,12.3204
17951.02,25.3,12.3204
17952.02,25.21,12.3204
17953.03,25.24,12.3204
17954.03,25.31,12.3204
17955.03,25.21,12.3204
17956.03,25.32,12.3204
17957.03,25.21,12.3204
17958.03,25.32,12.3204
17959.04,25.21,12.3204
17960.04,25.22,12.3204
17961.04,25.31,12.3204
17962.04,25.22,12.3205
17963.04,25.45,12.3205
17964.04,25.21,12.3205
17965.05,26.22,12.3206
17966.05,72.02,12.3211
17967.05,99.77,12.345
17968.05,58.54,12.3496
17969.05,25.32,12.3496
17970.05,25.26,12.3496
17971.06,25.31,12.3496
17972.06,25.54,12.3497
17973.06,25.33,12.3497
17974.06,25.21,12.3497
17975.06,25.23,12.3497
17976.06,25.59,12.3497
17977.06,25.21,12.3497
17978.07,25.63,12.3498
17979.07,25.31,12.3498
17980.07,25.21,12.3498
17981.07,25.31,12.3498
17982.07,25.23,12.3498
17983.07,25.24,12.3498
17984.08,25.32,12.3498
17985.08,25.21,12.3498
17986.08,25.31,12.3498
17987.08,25.19,12.3498
17988.08,25.19,12.3499
17989.08,25.27,12.3499
17990.09,25.2,12.3499
17991.09,25.3,12.3499
17992.09,25.2,12.3499
17993.09,25.23,12.35
17994.09,93.91,12.35
17995.09,79.37,12.3513
17996.09,25.2,12.3513
17997.1,25.32,12.3513
17998.1,25.18,12.3513
17999.1,25.23,12.3512
18000.1,25.21,12.3512
18001.1,25.22,12.3512
18002.1,25.31,12.3512
18003.11,25.24,12.3513
18004.11,25.23,12.3513
18005.11,25.31,12.3513
18006.11,25.22,12.3513
18007.11,25.32,12.3513
18008.11,25.21,12.3513
18009.11,25.21,12.3513
18010.12,25.34,12.3513
18011.12,25.22,12.3513
18012.12,25.21,12.3513
18013.12,25.38,12.3515
18014.12,25.4,12.3515
18015.12,25.93,12.3515
18016.12,25.24,12.3515
18017.13,25.22,12.3515
18018.13,25.32,12.3515
18019.13,26.55,12.3515
18020.13,25.32,12.3515
18021.13,25.21,12.3515
18022.13,25.14,12.3515
18023.14,25.31,12.3516
18024.14,25.14,12.3516
18025.14,25.31,12.3516
18026.14,25.21,12.3516
18027.14,25.21,12.3516
18028.14,25.33,12.3516
18029.15,25.22,12.3516
18030.15,25.32,12.3516
18031.15,25.21,12.3516
18032.15,25.21,12.3516
18033.15,25.36,12.3517
18034.15,25.22,12.3517
18035.15,25.21,12.3517
18036.16,25.33,12.3517
18037.16,25.21,12.3517
18038.16,25.22,12.3517
18039.16,25.32,12.3517
18040.16,25.13,12.3517
18041.16,25.24,12.3517
18042.16,25.21,12.3517
18043.17,25.18,12.3517
18044.17,25.24,12.3517
18045.17,25.14,12.3517
18046.17,25.31,12.3517
18047.17,61.17,12.3517
18048.17,100.02,12.3534
18049.18,68.43,12.3534
18050.18,25.2,12.3534
18051.18,25.3,12.3534
18052.18,25.21,12.3534
18053.18,25.19,12.3535
18054.18,25.31,12.3535
18055.19,25.21,12.3535
18056.19,25.33,12.3535
18057.19,25.22,12.3535
18058.19,25.23,12.3535
18059.19,25.35,12.3535
18060.19,25.2,12.3535
18061.19,25.21,12.3535
18062.19,25.35,12.3535
18063.2,25.24,12.3537
18064.2,25.22,12.3537
18065.2,25.35,12.3537
18066.2,25.22,12.3537
18067.2,25.22,12.3537
18068.2,25.35,12.3537
18069.2,25.2,12.3537
18070.21,25.22,12.3537
18071.21,25.34,12.3537
18072.21,25.21,12.3537
18073.21,25.23,12.3538
18074.21,25.34,12.3538
18075.21,25.21,12.3538
18076.21,25.21,12.3538
18077.21,25.33,12.3538
18078.22,25.22,12.3538
18079.22,30.83,12.4126
18080.22,100.23,13.0776
18081.22,76.64,13.0776
18082.22,25.17,13.0776
18083.22,25.32,13.0777
18084.22,25.19,13.0777
18085.23,25.19,13.0777
18086.23,25.28,13.0777
18087.23,25.19,13.0779
18088.23,25.27,13.0778
18089.23,25.13,13.0778
18090.23,25.23,13.0778
18091.24,25.18,13.0778
18092.24,25.18,13.0778
18093.24,25.32,13.0779
18094.24,25.14,13.0779
18095.24,25.12,13.0779
18096.24,25.3,13.0779
18097.24,25.14,13.0779
18098.25,25.12,13.0779
18099.25,25.23,13.0779
18100.25,25.15,13.0779
18101.25,25.17,13.0779
18102.25,25.26,13.0779
18103.25,25.14,13.0779
18104.25,25.25,13.0779
18105.26,25.13,13.0779
18106.26,25.12,13.0779
18107.26,25.25,13.078
18108.26,25.12,13.0781
18109.26,25.13,13.078
18110.26,25.21,13.078
18111.27,25.11,13.078
18112.27,25.13,13.078
18113.27,25.23,13.078
18114.27,25.12,13.078
18115.27,30.61,13.0781
18116.27,38.83,13.187
18117.27,25.19,13.187
18118.28,25.29,13.187
18119.28,25.19,13.187
18120.28,25.27,13.187
18121.28,25.17,13.187
18122.28,25.18,13.1871
18123.28,25.31,13.1871
18124.28,25.18,13.1871
18125.29,25.17,13.1871
18126.29,25.27,13.1871
18127.29,25.18,13.1871
18128.29,25.28,13.1871
18129.29,25.18,13.1871
18130.29,25.17,13.1872
18131.3,25.25,13.1872
18132.3,25.16,13.1872
18133.3,25.29,13.1873
18134.3,25.17,13.1873
18135.3,25.17,13.1873
18136.3,25.26,13.1873
18137.31,25.14,13.1873
18138.31,25.26,13.1873
18139.31,25.2,13.1873
18140.31,25.17,13.1873
18141.31,25.27,13.1873
18142.31,25.18,13.1875
18143.31,25.18,13.1875
18144.32,25.26,13.1875
18145.32,25.17,13.1875
18146.32,25.28,13.1875
18147.32,25.18,13.1875
18148.32,25.17,13.1875
18149.32,25.27,13.1875
18150.33,25.17,13.1875
18151.33,25.28,13.1875
18152.33,25.19,13.1875
18153.33,25.19,13.1875
18154.33,25.27,13.1875
18155.33,25.16,13.1875
18156.34,25.27,13.1875
18157.34,25.17,13.1875
18158.34,25.25,13.1875
18159.34,25.11,13.1875
18160.34,25.15,13.1875
18161.34,25.23,13.1875
18162.35,25.13,13.1876
18163.35,25.23,13.1877
18164.35,25.12,13.1877
18165.35,25.11,13.1877
18166.35,25.22,13.1877
18167.35,25.13,13.1877
18168.35,25.22,13.1877
18169.36,25.11,13.1877
18170.36,25.11,13.1876
18171.36,25.2,13.1876
18172.36,25.11,13.1876
18173.36,25.23,13.1876
18174.36,25.12,13.1877
18175.37,25.11,13.1877
18176.37,25.25,13.1877
18177.37,25.18,13.1877
18178.37,25.27,13.1877
18179.37,25.17,13.1877
18180.37,25.17,13.1877
18181.38,25.27,13.1877
18182.38,25.19,13.1877
18183.38,25.27,13.1877
18184.38,25.17,13.1877
18185.38,25.19,13.1877
18186.38,25.27,13.1877
18187.39,25.18,13.1878
18188.39,25.27,13.1878
18189.39,25.18,13.1878
18190.39,25.17,13.1878
18191.39,25.28,13.1878
18192.39,25.18,13.1878
18193.4,25.29,13.188
18194.4,25.17,13.188
18195.4,25.17,13.188
18196.4,25.27,13.188
18197.4,25.19,13.188
18198.4,25.28,13.188
18199.41,25.17,13.188
18200.41,25.28,13.188
18201.41,25.18,13.188
18202.41,25.19,13.188
18203.41,25.29,13.188
18204.41,25.18,13.188
18205.41,25.27,13.188
18206.42,25.17,13.188
18207.42,25.16,13.1881
18208.42,25.21,13.1881
18209.42,25.14,13.1881
18210.42,34.19,13.1897
18211.42,25.16,13.1896
18212.43,25.18,13.1896
18213.43,25.29,13.1896
18214.43,25.18,13.1896
18215.43,25.27,13.1896
18216.43,25.17,13.1896
18217.43,25.18,13.1896
18218.44,25.27,13.1897
18219.44,25.18,13.1897
18220.44,25.27,13.1897
18221.44,25.17,13.1897
18222.44,25.18,13.1897
18223.44,25.29,13.1897
18224.45,25.17,13.1897
18225.45,25.26,13.1897
18226.45,25.19,13.1897
18227.45,25.18,13.1898
18228.45,25.27,13.1898
18229.45,25.17,13.1898
18230.45,25.16,13.1898
18231.46,25.28,13.1898
18232.46,25.18,13.1898
18233.46,25.28,13.19
18234.46,25.16,13.19
18235.46,25.17,13.19
18236.46,25.26,13.19
18237.47,25.18,13.19
18238.47,25.27,13.19
18239.47,25.17,13.19
18240.47,25.16,13.19
18241.47,25.27,13.19
18242.47,25.18,13.19
18243.47,25.28,13.19
18244.48,25.18,13.19
18245.48,25.17,13.19
18246.48,25.26,13.19
18247.48,25.18,13.1901
18248.48,25.28,13.1901
18249.48,25.16,13.1901
18250.49,25.17,13.1901
18251.49,25.27,13.1901
18252.49,25.18,13.1901
18253.49,25.29,13.1901
18254.49,25.17,13.1901
18255.49,25.17,13.1901
18256.5,25.27,13.1901
18257.5,25.17,13.1901
18258.5,25.25,13.1901
18259.5,25.11,13.1901
18260.5,25.1,13.1901
18261.5,34.19,13.192
18262.5,25.17,13.192
18263.51,25.18,13.192
18264.51,25.27,13.192
18265.51,25.17,13.192
18266.51,25.27,13.192
18267.51,25.2,13.1921
18268.51,25.17,13.1921
18269.52,25.28,13.1921
18270.52,25.17,13.1921
18271.52,25.16,13.1921
18272.52,25.26,13.1921
18273.52,25.12,13.1922
18274.52,25.24,13.1922
18275.52,25.11,13.1922
18276.53,25.17,13.1922
18277.53,25.28,13.1922
18278.53,25.17,13.1922
18279.53,25.28,13.1922
18280.53,25.17,13.1922
18281.53,25.17,13.1922
18282.54,25.28,13.1922
18283.54,25.19,13.1922
18284.54,25.23,13.1922
18285.54,25.11,13.1922
18286.54,25.13,13.1922
18287.54,25.22,13.1923
18288.55,25.17,13.1923
18289.55,25.27,13.1923
18290.55,25.17,13.1923
18291.55,25.17,13.1923
18292.55,25.29,13.1923
18293.55,25.18,13.1923
18294.55,25.17,13.1923
18295.56,25.26,13.1923
18296.56,25.16,13.1923
18297.56,25.28,13.1923
18298.56,25.16,13.1924
18299.56,25.19,13.1924
18300.56,25.28,13.1924
18301.56,25.16,13.1924
18302.57,25.17,13.1924
18303.57,25.28,13.1924
18304.57,25.17,13.1924
18305.57,25.26,13.1924
18306.57,25.16,13.1924
18307.57,25.18,13.1924
18308.58,25.26,13.1924
18309.58,25.17,13.1924
18310.58,25.22,13.1924
18311.58,25.11,13.1924
18312.58,25.13,13.1926
18313.58,25.23,13.1926
18314.58,25.12,13.1926
18315.59,25.12,13.1926
18316.59,25.22,13.1926
18317.59,25.12,13.1926
18318.59,25.22,13.1926
18319.59,25.15,13.1926
18320.59,25.19,13.1926
18321.59,25.29,13.1926
18322.6,25.18,13.1926
18323.6,25.18,13.1926
18324.6,25.27,13.1926
18325.6,25.16,13.1926
18326.6,25.26,13.1926
18327.6,25.18,13.1926
18328.61,25.16,13.1926
18329.61,25.26,13.1926
18330.61,25.16,13.1927
18331.61,25.16,13.1927
18332.61,25.3,13.1928
18333.61,25.17,13.1928
18334.62,25.28,13.1928
18335.62,25.19,13.1928
18336.62,25.18,13.1928
18337.62,25.29,13.1928
18338.62,25.17,13.1927
18339.62,25.18,13.1928
18340.62,25.28,13.1928
18341.63,25.17,13.1928
18342.63,25.29,13.193
18343.63,25.17,13.193
18344.63,25.17,13.193
18345.63,25.27,13.193
18346.63,25.17,13.193
18347.64,25.28,13.193
18348.64,25.17,13.193
18349.64,25.17,13.193
18350.64,25.26,13.193
18351.64,25.16,13.193
18352.64,25.34,13.1931
18353.64,25.17,13.1931
18354.65,25.17,13.1931
18355.65,25.27,13.1931
18356.65,25.16,13.1931
18357.65,25.29,13.1931
18358.65,25.17,13.1931
18359.65,25.17,13.1931
18360.65,25.29,13.1931
18361.66,25.17,13.1931
18362.66,25.22,13.1931
18363.66,25.28,13.1931
18364.66,25.18,13.1932
18365.66,25.19,13.1932
18366.66,25.27,13.1932
18367.66,25.17,13.1932
18368.67,25.15,13.1932
18369.67,25.26,13.1932
18370.67,25.15,13.1932
18371.67,25.27,13.1932
18372.67,25.21,13.1933
18373.67,25.17,13.1933
18374.68,25.27,13.1933
18375.68,25.13,13.1933
18376.68,25.1,13.1933
18377.68,25.26,13.1933
18378.68,25.15,13.1933
18379.68,25.21,13.1933
18380.68,25.13,13.1932
18381.69,25.18,13.1932
18382.69,25.29,13.1932
18383.69,25.16,13.1932
18384.69,25.16,13.1932
18385.69,25.26,13.1932
18386.69,25.17,13.1932
18387.69,25.28,13.1932
18388.7,25.16,13.1932
18389.7,25.18,13.1932
18390.7,25.27,13.1932
18391.7,25.17,13.1932
18392.7,25.2,13.1933
18393.7,25.27,13.1933
18394.71,25.17,13.1933
18395.71,25.22,13.1933
18396.71,25.13,13.1933
18397.71,25.14,13.1934
18398.71,25.24,13.1934
18399.71,25.17,13.1934
18400.71,25.16,13.1934
18401.72,25.27,13.1934
18402.72,25.2,13.1934
18403.72,25.27,13.1934
18404.72,25.17,13.1934
18405.72,25.16,13.1934
18406.72,25.27,13.1934
18407.73,25.18,13.1934
18408.73,25.27,13.1934
18409.73,25.17,13.1934
18410.73,25.16,13.1934
18411.73,25.26,13.1934
18412.73,25.19,13.1934
18413.73,25.26,13.1934
18414.74,25.16,13.1934
18415.74,25.14,13.1934
18416.74,25.23,13.1934
18417.74,25.17,13.1936
18418.74,25.26,13.1936
18419.74,25.18,13.1936
18420.75,25.16,13.1936
18421.75,25.26,13.1936
18422.75,25.19,13.1937
18423.75,25.17,13.1937
18424.75,25.26,13.1937
18425.75,25.17,13.1937
18426.75,25.27,13.1937
18427.76,25.17,13.1937
18428.76,25.17,13.1937
18429.76,25.27,13.1937
18430.76,25.17,13.1937
18431.76,25.27,13.1937
18432.76,25.19,13.1937
18433.77,25.16,13.1937
18434.77,25.27,13.1937
18435.77,25.17,13.1937
18436.77,25.27,13.1937
18437.77,25.18,13.1938
18438.77,25.17,13.1938
18439.78,25.26,13.1938
18440.78,25.16,13.1938
18441.78,25.27,13.1938
18442.78,25.18,13.1938
18443.78,25.14,13.1938
18444.78,25.24,13.1938
18445.79,25.14,13.1938
18446.79,25.2,13.1938
18447.79,25.12,13.1938
18448.79,25.15,13.1938
18449.79,25.23,13.1938
18450.79,25.11,13.1938
18451.79,25.13,13.1938
18452.79,25.15,13.1939
18453.8,25.26,13.1939
18454.8,25.19,13.1939
18455.8,25.15,13.1939
18456.8,25.24,13.1939
18457.8,25.17,13.1939
18458.8,25.26,13.1939
18459.8,25.18,13.1941
18460.81,25.16,13.1941
18461.81,25.27,13.1941
18462.81,25.19,13.1942
18463.81,25.26,13.1942
18464.81,25.19,13.1942
18465.81,25.16,13.1942
18466.82,25.27,13.1941
18467.82,25.18,13.1941
18468.82,25.16,13.1941
18469.82,25.27,13.1941
18470.82,25.15,13.1941
18471.82,25.26,13.1941
18472.82,25.19,13.1941
18473.83,25.16,13.1941
18474.83,25.26,13.1941
18475.83,25.16,13.1941
18476.83,25.26,13.1941
18477.83,25.19,13.1941
18478.83,25.12,13.1941
18479.84,25.22,13.1941
18480.84,25.16,13.1941
18481.84,25.16,13.1941
18482.84,25.3,13.1943
18483.84,25.16,13.1943
18484.84,25.17,13.1943
18485.84,25.26,13.1943
18486.85,25.17,13.1943
18487.85,25.28,13.1943
18488.85,25.17,13.1943
18489.85,25.18,13.1943
18490.85,25.29,13.1943
18491.85,25.17,13.1943
18492.85,25.19,13.1943
18493.86,25.27,13.1943
18494.86,25.17,13.1943
18495.86,25.26,13.1943
18496.86,25.16,13.1943
18497.86,25.19,13.1943
18498.86,25.18,13.1943
18499.86,25.26,13.1943
18500.87,25.17,13.1943
18501.87,25.28,13.1943
18502.87,25.19,13.1943
18503.87,25.17,13.1943
18504.87,25.28,13.1943
18505.87,25.16,13.1943
18506.87,25.17,13.1943
18507.87,25.29,13.1944
18508.88,25.16,13.1944
18509.88,25.17,13.1945
18510.88,25.26,13.1945
18511.88,25.11,13.1945
18512.88,25.14,13.1945
18513.88,25.26,13.1945
18514.88,25.19,13.1945
18515.89,25.16,13.1945
18516.89,25.27,13.1945
18517.89,25.18,13.1945
18518.89,25.16,13.1945
18519.89,25.27,13.1945
18520.89,25.17,13.1945
18521.9,25.27,13.1945
18522.9,25.21,13.1945
18523.9,25.17,13.1945
18524.9,25.27,13.1945
18525.9,25.19,13.1945
18526.9,25.17,13.1945
18527.9,25.28,13.1946
18528.9,25.17,13.1946
18529.91,25.17,13.1946
18530.91,25.26,13.1946
18531.91,25.17,13.1946
18532.91,25.19,13.1948
18533.91,25.27,13.1948
18534.91,25.16,13.1948
18535.92,25.26,13.1948
18536.92,25.16,13.1948
18537.92,25.17,13.1948
18538.92,25.26,13.1948
18539.92,25.16,13.1948
18540.92,25.26,13.1948
18541.92,25.17,13.1948
18542.93,25.19,13.1948
18543.93,25.27,13.1948
18544.93,25.17,13.1948
18545.93,25.27,13.1948
18546.93,25.17,13.1948
18547.93,25.17,13.1949
18548.94,25.27,13.1949
18549.94,25.33,13.1949
18550.94,25.26,13.1949
18551.94,25.17,13.1948
18552.94,25.2,13.1949
18553.94,25.27,13.1949
18554.95,25.17,13.1949
18555.95,25.26,13.1949
18556.95,25.16,13.1949
18557.95,25.18,13.1949
18558.95,25.28,13.1949
18559.95,25.17,13.1949
18560.95,25.27,13.1949
18561.96,25.16,13.1949
18562.96,25.19,13.1949
18563.96,25.27,13.1949
18564.96,25.17,13.1949
18565.96,25.18,13.1949
18566.96,25.28,13.1949
18567.96,25.17,13.195
18568.97,25.17,13.195
18569.97,25.27,13.195
18570.97,25.17,13.195
18571.97,25.27,13.195
18572.97,25.19,13.195
18573.97,25.17,13.195
18574.98,25.27,13.195
18575.98,25.16,13.195
18576.98,25.16,13.195
18577.98,25.27,13.195
18578.98,25.17,13.195
18579.98,25.28,13.1952
18580.98,25.18,13.1952
18581.99,25.17,13.1952
18582.99,25.29,13.1953
18583.99,25.17,13.1953
18584.99,25.27,13.1953
18585.99,25.17,13.1953
18586.99,25.17,13.1953
18588.0,25.28,13.1954
18589.0,25.18,13.1954
18590.0,25.28,13.1954
18591.0,25.17,13.1954
18592.0,25.17,13.1954
18593.0,25.29,13.1954
18594.01,25.17,13.1954
18595.01,25.27,13.1954
18596.01,25.17,13.1954
18597.01,25.17,13.1954
18598.01,25.27,13.1954
18599.01,25.16,13.1954
18600.01,25.16,13.1954
18601.02,25.27,13.1954
18602.02,25.16,13.1954
18603.02,25.27,13.1954
18604.02,25.17,13.1954
18605.02,25.15,13.1954
18606.02,25.26,13.1954
18607.03,25.17,13.1954
18608.03,25.27,13.1954
18609.03,25.16,13.1954
18610.03,25.18,13.1954
18611.03,25.27,13.1954
18612.03,25.17,13.1954
18613.03,25.29,13.1956
18614.04,25.17,13.1956
18615.04,25.16,13.1956
18616.04,25.29,13.1956
18617.04,25.17,13.1956
18618.04,25.18,13.1956
18619.04,25.29,13.1956
18620.04,25.17,13.1956
18621.05,25.16,13.1956
18622.05,25.23,13.1956
18623.05,25.15,13.1956
18624.05,25.17,13.1956
18625.05,25.28,13.1956
18626.05,25.19,13.1956
18627.05,25.17,13.1956
18628.05,25.28,13.1956
18629.06,25.17,13.1956
18630.06,25.17,13.1956
18631.06,25.29,13.1956
18632.06,25.16,13.1956
18633.06,25.19,13.1957
18634.06,25.19,13.1957
18635.06,25.27,13.1957
18636.07,25.18,13.1957
18637.07,25.27,13.1958
18638.07,25.18,13.1958
18639.07,25.18,13.1958
18640.07,25.28,13.1958
18641.07,25.17,13.1958
18642.07,25.28,13.1958
18643.08,25.18,13.1958
18644.08,25.16,13.1957
18645.08,25.25,13.1957
18646.08,25.14,13.1957
18647.08,25.14,13.1957
18648.08,25.24,13.1957
18649.08,25.18,13.1958
18650.09,25.13,13.1958
18651.09,25.23,13.1958
18652.09,25.12,13.1958
18653.09,25.14,13.1959
18654.09,25.22,13.196
18655.09,25.11,13.196
18656.09,25.22,13.196
18657.1,25.12,13.196
18658.1,25.18,13.196
18659.1,25.27,13.196
18660.1,25.17,13.196
18661.1,25.25,13.196
18662.1,25.16,13.196
18663.11,25.31,13.196
18664.11,25.22,13.196
18665.11,25.12,13.196
18666.11,25.23,13.196
18667.11,25.13,13.196
18668.11,25.18,13.196
18669.12,25.22,13.196
18670.12,25.12,13.196
18671.12,25.22,13.196
18672.12,25.11,13.196
18673.12,25.42,13.196
18674.12,25.21,13.1961
18675.13,25.11,13.1961
18676.13,25.21,13.1961
18677.13,25.11,13.1961
18678.13,25.12,13.1962
18679.13,25.22,13.1962
18680.13,25.11,13.1962
18681.13,25.15,13.1962
18682.14,25.2,13.1962
18683.14,25.13,13.1962
18684.14,25.21,13.1962
18685.14,25.12,13.1962
18686.14,25.15,13.1962
18687.14,25.28,13.1962
18688.15,25.18,13.1962
18689.15,25.27,13.1962
18690.15,25.16,13.1962
18691.15,25.16,13.1962
18692.15,25.26,13.1962
18693.15,25.19,13.1962
18694.15,25.17,13.1962
18695.16,25.26,13.1962
18696.16,25.16,13.1962
18697.16,25.27,13.1962
18698.16,25.19,13.1963
18699.16,25.14,13.1964
18700.16,25.21,13.1964
18701.17,25.12,13.1964
18702.17,25.13,13.1964
18703.17,25.26,13.1965
18704.17,25.17,13.1965
18705.17,25.27,13.1965
18706.17,25.17,13.1965
18707.17,25.16,13.1965
18708.18,25.28,13.1965
18709.18,25.17,13.1965
18710.18,25.27,13.1965
18711.18,25.17,13.1965
18712.18,25.17,13.1965
18713.18,25.29,13.1965
18714.19,25.17,13.1965
18715.19,25.23,13.1965
18716.19,25.11,13.1965
18717.19,25.12,13.1965
18718.19,25.22,13.1965
18719.19,25.12,13.1965
18720.2,25.21,13.1965
18721.2,25.18,13.1967
18722.2,25.16,13.1967
18723.2,25.29,13.1967
18724.2,25.16,13.1967
18725.2,25.15,13.1967
18726.2,25.26,13.1967
18727.21,25.17,13.1967
18728.21,25.28,13.1967
18729.21,25.18,13.1967
18730.21,25.16,13.1967
18731.21,25.27,13.1967
18732.21,25.17,13.1967
18733.22,25.29,13.1968
18734.22,25.17,13.1967
18735.22,25.11,13.1967
18736.22,25.24,13.1967
18737.22,25.17,13.1967
18738.22,25.22,13.1967
18739.22,25.11,13.1967
18740.23,25.15,13.1967
18741.23,25.29,13.1967
18742.23,25.18,13.1968
18743.23,25.18,13.1968
18744.23,25.29,13.1968
18745.23,25.16,13.1968
18746.23,25.13,13.1968
18747.24,25.23,13.1968
18748.24,25.11,13.1968
18749.24,25.24,13.1968
18750.24,25.15,13.1968
18751.24,25.13,13.1968
18752.24,25.22,13.1968
18753.25,25.13,13.1968
18754.25,25.26,13.1969
18755.25,25.16,13.1969
18756.25,25.17,13.1969
18757.25,25.28,13.197
18758.25,25.16,13.197
18759.25,25.24,13.197
18760.26,25.1,13.197
18761.26,25.11,13.197
18762.26,25.24,13.197
18763.26,25.13,13.197
18764.26,25.12,13.197
18765.26,25.22,13.197
18766.26,25.17,13.197
18767.27,25.18,13.197
18768.27,25.28,13.197
18769.27,25.17,13.197
18770.27,25.16,13.197
18771.27,25.26,13.197
18772.27,25.18,13.197
18773.28,25.28,13.197
18774.28,25.16,13.197
18775.28,25.17,13.197
18776.28,25.26,13.197
18777.28,25.18,13.197
18778.28,25.27,13.197
18779.28,25.17,13.197
18780.29,25.17,13.197
18781.29,26.41,13.197
18782.29,25.18,13.1971
18783.29,25.28,13.1972
18784.29,25.17,13.1972
18785.29,25.17,13.1972
18786.3,25.26,13.1972
18787.3,25.18,13.1972
18788.3,25.27,13.1972
18789.3,25.17,13.1972
18790.3,25.17,13.1972
18791.3,25.26,13.1972
18792.31,25.18,13.1972
18793.31,25.28,13.1972
18794.31,25.17,13.1972
18795.31,25.16,13.1972
18796.31,25.23,13.1972
18797.31,25.17,13.1973
18798.32,25.21,13.1973
18799.32,25.11,13.1972
18800.32,25.11,13.1972
18801.32,25.22,13.1972
18802.32,25.12,13.1974
18803.32,25.17,13.1973
18804.32,25.26,13.1973
18805.32,25.15,13.1973
18806.33,25.17,13.1973
18807.33,25.28,13.1974
18808.33,25.17,13.1974
18809.33,25.27,13.1974
18810.33,25.16,13.1974
18811.33,25.16,13.1974
18812.34,25.28,13.1974
18813.34,25.18,13.1975
18814.34,25.27,13.1975
18815.34,25.16,13.1975
18816.34,25.17,13.1975
18817.34,25.27,13.1975
18818.34,25.17,13.1975
18819.35,25.12,13.1975
18820.35,25.21,13.1975
18821.35,25.17,13.1975
18822.35,25.28,13.1976
18823.35,25.17,13.1976
18824.35,25.17,13.1976
18825.36,25.26,13.1976
18826.36,25.12,13.1976
18827.36,25.23,13.1976
18828.36,25.12,13.1976
18829.36,25.14,13.1975
18830.36,25.22,13.1975
18831.36,25.14,13.1975
18832.37,25.17,13.1975
18833.37,25.25,13.1976
18834.37,25.11,13.1976
18835.37,25.21,13.1976
18836.37,25.11,13.1976
18837.37,25.12,13.1976
18838.37,25.22,13.1976
18839.38,25.12,13.1976
18840.38,25.12,13.1976
18841.38,25.27,13.1976
18842.38,25.18,13.1977
18843.38,25.15,13.1977
18844.38,25.21,13.1977
18845.39,25.11,13.1977
18846.39,25.21,13.1977
18847.39,25.13,13.1977
18848.39,25.16,13.1977
18849.39,25.28,13.1977
18850.39,25.16,13.1977
18851.39,25.27,13.1977
18852.4,25.18,13.1977
18853.4,25.19,13.1977
18854.4,25.25,13.1977
18855.4,25.13,13.1977
18856.4,25.16,13.1977
18857.4,25.28,13.1977
18858.4,25.18,13.1979
18859.41,25.17,13.1979
18860.41,25.27,13.1979
18861.41,25.17,13.1979
18862.41,25.28,13.1979
18863.41,25.18,13.1979
18864.41,25.17,13.1979
18865.42,25.27,13.1979
18866.42,25.17,13.1979
18867.42,25.27,13.198
18868.42,25.16,13.198
18869.42,25.17,13.198
18870.42,25.21,13.198
18871.43,25.1,13.198
18872.43,25.26,13.198
18873.43,25.18,13.198
18874.43,25.17,13.198
18875.43,25.27,13.198
18876.43,25.17,13.198
18877.43,25.28,13.198
18878.44,25.17,13.198
18879.44,25.17,13.198
18880.44,25.29,13.198
18881.44,25.17,13.198
18882.44,25.18,13.198
18883.44,25.3,13.198
18884.44,25.15,13.198
18885.45,25.12,13.198
18886.45,25.27,13.198
18887.45,25.17,13.1981
18888.45,25.17,13.1981
18889.45,25.27,13.1981
18890.45,25.16,13.1981
18891.46,25.27,13.1981
18892.46,25.18,13.1981
18893.46,25.18,13.1981
18894.46,25.26,13.1981
18895.46,25.16,13.1981
18896.46,25.27,13.1981
18897.46,25.18,13.1981
18898.47,25.17,13.1983
18899.47,25.27,13.1983
18900.47,25.17,13.1983
18901.47,25.28,13.1983
18902.47,25.19,13.1982
18903.47,25.17,13.1983
18904.48,25.26,13.1983
18905.48,25.16,13.1983
18906.48,25.26,13.1983
18907.48,25.17,13.1984
18908.48,25.17,13.1984
18909.48,25.29,13.1984
18910.49,25.18,13.1984
18911.49,25.28,13.1984
18912.49,25.13,13.1984
18913.49,25.13,13.1984
18914.49,25.25,13.1984
18915.49,25.18,13.1984
18916.5,25.28,13.1984
18917.5,25.19,13.1985
18918.5,25.18,13.1984
18919.5,25.29,13.1984
18920.5,25.19,13.1984
18921.5,25.28,13.1984
18922.5,25.19,13.1986
18923.51,25.31,13.1986
18924.51,25.15,13.1986
18925.51,25.13,13.1986
18926.51,25.26,13.1986
18927.51,25.15,13.1986
18928.52,25.23,13.1986
18929.52,25.13,13.1986
18930.52,25.15,13.1986
18931.52,25.28,13.1986
18932.52,25.19,13.1986
18933.52,25.3,13.1987
18934.52,25.18,13.1987
18935.53,25.18,13.1987
18936.53,25.29,13.1987
18937.53,25.19,13.1987
18938.53,25.28,13.1987
18939.53,25.15,13.1987
18940.53,25.22,13.1987
18941.54,25.12,13.1987
18942.54,25.13,13.1988
18943.54,25.25,13.1988
18944.54,25.18,13.1988
18945.54,25.18,13.1987
18946.54,25.28,13.1987
18947.55,25.19,13.1987
18948.55,25.27,13.1987
18949.55,25.18,13.1989
18950.55,25.17,13.1989
18951.55,25.28,13.1989
18952.55,25.19,13.1989
18953.56,25.29,13.1989
18954.56,25.19,13.1989
18955.56,25.28,13.1989
18956.56,25.18,13.1989
18957.56,25.2,13.1989
18958.56,25.29,13.1989
18959.57,25.2,13.1989
18960.57,25.29,13.1989
18961.57,25.21,13.1989
18962.57,25.19,13.199
18963.57,25.3,13.199
18964.57,25.2,13.199
18965.58,25.29,13.199
18966.58,25.19,13.199
18967.58,25.3,13.199
18968.58,25.19,13.199
18969.58,25.2,13.199
18970.58,25.29,13.199
18971.59,25.15,13.199
18972.59,25.24,13.199
18973.59,25.15,13.199
18974.59,25.13,13.199
18975.59,25.3,13.199
18976.59,25.18,13.199
18977.6,25.24,13.199
18978.6,25.13,13.199
18979.6,25.23,13.199
18980.6,25.13,13.199
18981.6,25.19,13.199
18982.6,25.28,13.199
18983.61,25.14,13.1991
18984.61,25.24,13.1991
18985.61,25.17,13.1991
18986.61,25.23,13.1991
18987.61,25.14,13.1992
18988.61,25.13,13.1992
18989.62,25.27,13.1992
18990.62,25.19,13.1992
18991.62,25.31,13.1992
18992.62,25.22,13.1992
18993.62,25.19,13.1992
18994.62,25.3,13.1992
18995.63,25.2,13.1992
18996.63,25.29,13.1992
18997.63,25.21,13.1992
18998.63,25.29,13.1992
18999.63,25.2,13.1992
19000.63,25.2,13.1992
19001.64,25.29,13.1992
19002.64,25.21,13.1992
19003.64,25.3,13.1992
19004.64,25.2,13.1992
19005.64,25.21,13.1992
19006.64,25.3,13.1992
19007.65,36.63,9.7597
19008.65,89.18,2.578
19009.65,81.1,2.9262
19010.65,92.94,3.1761
19011.65,85.72,3.5301
19012.65,79.23,3.8916
19013.65,78.15,4.2136
19014.65,77.85,4.5715
19015.66,77.89,4.9372
19016.66,76.38,5.3041
19017.66,76.56,5.6518
19018.66,75.6,5.9836
19019.66,76.38,6.317
19020.66,76.29,6.7367
19021.67,76.94,7.0639
19022.67,81.33,7.491
19023.67,78.05,7.4918
19024.67,66.85,7.5925
19025.67,53.94,7.5927
19026.67,37.13,7.5927
19027.67,41.03,7.5927
19028.68,30.66,7.5927
19029.68,31.91,7.5927
19030.68,34.96,7.5927
19031.68,28.52,7.5928
19032.68,30.43,7.5928
19033.68,30.45,7.5928
19034.69,36.68,7.5928
19035.69,37.13,7.6611
19036.69,40.06,7.9489
19037.69,29.47,7.9489
19038.69,38.19,7.9489
19039.69,45.28,7.9489
19040.69,28.96,7.9489
19041.7,38.3,7.9489
19042.7,28.9,7.9489
19043.7,32.18,7.9489
19044.7,30.53,7.9489
19045.7,27.22,7.9489
19046.7,28.63,7.9489
19047.71,29.08,7.9489
19048.71,76.59,7.9536
19049.71,66.35,7.9561
19050.71,44.71,2.4717
19051.71,67.68,2.4591
19052.71,80.53,2.7609
19053.71,63.28,3.0156
19054.72,89.0,3.1745
19055.72,84.51,3.4591
19056.72,79.8,3.7784
19057.72,77.17,4.0993
19058.72,77.76,4.3663
19059.72,76.5,4.5997
19060.73,75.33,4.8045
19061.73,75.97,5.0247
19062.73,76.31,5.2142
19063.73,69.63,5.5916
19064.73,25.45,6.4234
19065.73,25.85,7.1934
19066.73,99.33,8.3825
19067.74,99.89,9.1291
19068.74,34.37,9.2418
19069.74,25.29,9.3379
19070.74,47.58,9.3379
19071.74,78.13,9.3442
19072.74,76.42,9.3479
19073.75,77.41,9.3483
19074.75,72.77,9.3487
19075.75,72.16,9.3489
19076.75,46.36,9.3423
19077.75,33.06,9.3423
19078.75,35.39,9.3423
19079.75,38.96,9.3441
19080.76,31.15,9.3441
19081.76,31.65,9.3441
19082.76,41.76,9.3441
19083.76,26.21,9.3441
19084.76,27.13,9.3441
19085.76,26.25,9.3441
19086.76,82.0,9.9733
19087.77,99.88,10.7129
19088.77,100.26,11.3808
19089.77,99.89,12.0852
19090.77,36.42,12.1292
19091.77,26.3,12.2187
19092.77,28.67,12.2187
19093.77,32.72,12.2187
19094.78,26.46,12.2187
19095.78,25.52,12.2187
19096.78,27.93,12.2188
19097.78,33.76,12.2188
19098.78,37.25,12.2188
19099.78,25.4,12.2188
19100.79,26.21,12.2188
19101.79,26.98,12.2188
19102.79,25.44,12.2191
19103.79,28.75,12.2191
19104.79,26.86,12.2191
19105.8,26.68,12.2191
19106.8,25.25,12.2191
19107.8,25.43,12.2191
19108.8,25.29,12.2191
19109.8,25.37,12.2191
19110.8,26.5,12.2191
19111.81,32.48,12.2191
19112.81,32.4,12.2191
19113.81,25.52,12.2191
19114.81,33.96,12.2191
19115.81,36.12,12.2191
19116.81,25.21,12.2191
19117.81,25.34,12.2191
19118.82,25.2,12.2191
19119.82,25.74,12.2191
19120.82,25.41,12.2191
19121.82,25.83,12.2191
19122.82,25.3,12.2192
19123.82,32.03,12.2192
19124.83,30.65,12.2192
19125.83,25.94,12.2192
19126.83,28.67,12.2192
19127.83,25.26,12.2192
19128.83,25.27,12.2192
19129.83,25.2,12.2192
19130.84,25.31,12.2192
19131.84,25.53,12.2192
19132.84,25.35,12.2193
19133.84,25.33,12.2193
19134.84,25.31,12.2193
19135.84,25.55,12.2193
19136.84,27.67,12.2193
19137.85,25.35,12.2193
19138.85,25.82,12.2193
19139.85,25.19,12.2193
19140.85,25.32,12.2193
19141.85,25.21,12.2193
19142.85,25.34,12.2193
19143.86,25.21,12.2193
19144.86,26.09,12.2193
19145.86,25.79,12.2193
19146.86,25.21,12.2193
19147.86,25.43,12.2194
19148.87,25.2,12.2194
19149.87,25.32,12.2194
19150.87,25.24,12.2194
19151.87,25.22,12.2194
19152.87,25.35,12.2194
19153.87,25.53,12.2194
19154.87,26.03,12.2194
19155.88,25.22,12.2194
19156.88,25.22,12.2194
19157.88,32.75,12.2194
19158.88,25.21,12.2194
19159.88,25.88,12.2194
19160.88,26.2,12.2194
19161.89,25.21,12.2194
19162.89,26.25,12.2196
19163.89,25.21,12.2196
19164.89,25.36,12.2196
19165.89,26.32,12.2196
19166.89,25.19,12.2196
19167.9,25.43,12.2197
19168.9,29.57,12.2197
19169.9,100.22,12.2201
19170.9,89.54,12.3295
19171.9,25.8,12.3295
19172.9,25.36,12.3295
19173.9,25.26,12.3295
19174.91,25.27,12.3295
19175.91,25.31,12.3295
19176.91,25.33,12.3295
19177.91,25.33,12.3296
19178.91,25.21,12.3296
19179.91,25.25,12.3296
19180.92,25.3,12.3296
19181.92,25.21,12.3296
19182.92,29.54,12.3296
19183.92,25.24,12.3296
19184.92,25.52,12.3296
19185.92,25.56,12.3296
19186.93,25.4,12.3296
19187.93,25.32,12.3296
19188.93,25.21,12.3296
19189.93,25.32,12.3296
19190.93,25.21,12.3296
19191.93,25.4,12.3296
19192.94,25.24,12.3298
19193.94,63.3,12.3298
19194.94,65.5,12.3302
19195.94,65.74,12.3363
19196.94,64.68,12.3652
19197.94,35.35,12.361
19198.95,25.24,12.361
19199.95,25.4,12.361
19200.95,25.53,12.361
19201.95,41.63,12.3529
19202.95,99.91,12.3786
19203.95,67.78,12.382
19204.95,27.35,12.382
19205.96,25.11,12.382
19206.96,25.25,12.3671
19207.96,25.33,12.3671
19208.96,25.21,12.3671
19209.96,25.33,12.3671
19210.96,25.22,12.3671
19211.97,25.23,12.3671
19212.97,44.99,12.3672
19213.97,99.96,12.3735
19214.97,71.78,12.3735
19215.97,25.23,12.3736
19216.97,25.21,12.3736
19217.98,25.32,12.3736
19218.98,25.21,12.3736
19219.98,25.31,12.3736
19220.98,25.2,12.3736
19221.98,25.21,12.3736
19222.98,26.2,12.3737
19223.99,54.02,12.3737
19224.99,100.15,12.38
19225.99,45.98,12.38
19226.99,27.84,12.38
19227.99,25.31,12.38
19228.99,26.09,12.3876
19229.99,100.19,13.0513
19231.0,85.44,13.0931
19232.0,25.21,13.0931
19233.0,25.34,13.0932
19234.0,25.21,13.0932
19235.0,39.68,13.2035
19236.0,25.25,13.2035
19237.01,25.2,13.2035
19238.01,25.31,13.2035
19239.01,29.53,13.2159
19240.01,25.33,13.2159
19241.01,25.2,13.2159
19242.01,25.2,13.2159
19243.02,29.04,13.2232
19244.02,25.21,13.2232
19245.02,25.31,13.2232
19246.02,25.21,13.2232
19247.02,29.24,13.2287
19248.02,25.32,13.2287
19249.03,25.21,13.2287
19250.03,25.33,13.2287
19251.03,29.0,13.2303
19252.03,25.11,13.2303
19253.03,25.35,13.2305
19254.03,25.21,13.2305
19255.03,25.4,13.2305
19256.04,28.85,13.2341
19257.04,25.21,13.2341
19258.04,25.24,13.2341
19259.04,29.17,13.2364
19260.04,25.26,13.2364
19261.05,25.21,13.2364
19262.05,25.3,13.2364
19263.05,25.16,13.2364
19264.05,29.01,13.2395
19265.05,25.25,13.2395
19266.05,25.29,13.2396
19267.05,29.08,13.242
19268.06,25.21,13.242
19269.06,25.22,13.242
19270.06,25.31,13.242
19271.06,25.21,13.242
19272.06,29.15,13.2446
19273.06,25.34,13.2447
19274.06,25.2,13.2447
19275.07,25.22,13.2447
19276.07,29.25,13.2468
19277.07,25.18,13.2468
19278.07,25.21,13.2468
19279.07,25.29,13.2468
19280.07,29.06,13.2495
19281.07,25.22,13.2495
19282.08,25.3,13.2495
19283.08,29.51,13.2531
19284.08,25.31,13.2531
19285.08,25.2,13.2531
19286.08,25.31,13.2531
19287.08,25.2,13.2531
19288.09,30.73,13.2579
19289.09,25.3,13.2579
19290.09,25.23,13.2579
19291.09,25.18,13.2579
19292.09,25.3,13.2579
19293.09,30.38,13.2606
19294.1,25.3,13.2606
19295.1,25.2,13.2606
19296.1,25.3,13.2606
19297.1,25.21,13.2606
19298.1,25.22,13.2607
19299.1,30.68,13.2642
19300.11,25.16,13.2642
19301.11,25.3,13.2642
19302.11,25.2,13.2642
19303.11,25.24,13.2642
19304.11,25.3,13.2642
19305.11,29.82,13.2669
19306.12,25.31,13.2669
19307.12,25.18,13.2669
19308.12,25.31,13.2669
19309.12,25.2,13.2669
19310.12,25.2,13.2669
19311.12,29.43,13.2708
19312.13,25.2,13.2708
19313.13,25.33,13.271
19314.13,25.19,13.271
19315.13,25.3,13.271
19316.13,25.2,13.271
19317.13,29.32,13.2755
19318.14,26.22,13.2755
19319.14,25.2,13.2755
19320.14,25.29,13.2755
19321.14,25.2,13.2755
19322.14,25.3,13.2755
19323.14,25.23,13.2757
19324.15,28.91,13.2809
19325.15,25.29,13.2809
19326.15,25.13,13.2809
19327.15,25.22,13.2809
19328.15,25.16,13.2809
19329.15,25.2,13.2809
19330.16,25.32,13.2809
19331.16,25.19,13.2809
19332.16,29.54,13.285
19333.16,25.21,13.2851
19334.16,25.27,13.2851
19335.16,25.15,13.2851
19336.17,25.19,13.2851
19337.17,25.29,13.2851
19338.17,25.19,13.2851
19339.17,25.26,13.2851
19340.17,28.8,13.2898
19341.17,25.28,13.2898
19342.18,25.18,13.2898
19343.18,25.22,13.2898
19344.18,25.29,13.2898
19345.18,25.18,13.2898
19346.18,25.28,13.2898
19347.18,31.36,13.2977
19348.19,25.2,13.2977
19349.19,25.29,13.2977
19350.19,25.18,13.2977
19351.19,25.28,13.2977
19352.19,25.18,13.2977
19353.2,25.31,13.2979
19354.2,25.18,13.2979
19355.2,31.71,13.3033
19356.2,25.28,13.3033
19357.2,25.19,13.3033
19358.2,25.31,13.3033
19359.21,25.2,13.3033
19360.21,25.28,13.3033
19361.21,25.19,13.3033
19362.21,25.19,13.3033
19363.21,30.77,13.3097
19364.21,25.14,13.3097
19365.21,25.12,13.3097
19366.22,25.22,13.3097
19367.22,25.11,13.3097
19368.22,25.23,13.3097
19369.22,25.11,13.3097
19370.22,25.21,13.3097
19371.22,25.1,13.3097
19372.23,29.13,13.3143
19373.23,25.27,13.3143
19374.23,25.16,13.3143
19375.23,25.28,13.3143
19376.23,25.18,13.3143
19377.23,25.19,13.3143
19378.24,25.29,13.3143
19379.24,25.18,13.3143
19380.24,25.27,13.3143
19381.24,29.15,13.3208
19382.24,25.3,13.3208
19383.24,25.2,13.3208
19384.25,25.18,13.3208
19385.25,25.29,13.3208
19386.25,25.19,13.3208
19387.25,25.3,13.3208
19388.25,25.19,13.3208
19389.25,25.2,13.3208
19390.26,25.29,13.3206
19391.26,29.37,13.3245
19392.26,25.3,13.3246
19393.26,25.15,13.3246
19394.26,25.21,13.3246
19395.26,25.11,13.3246
19396.27,25.11,13.3246
19397.27,25.22,13.3246
19398.27,25.12,13.3246
19399.27,25.21,13.3246
19400.27,29.46,13.3291
19401.27,25.28,13.3291
19402.28,25.19,13.3291
19403.28,25.21,13.3292
19404.28,25.29,13.3292
19405.28,25.18,13.3292
19406.28,25.28,13.3292
19407.28,25.19,13.3292
19408.29,25.16,13.3292
19409.29,31.37,13.3366
19410.29,25.18,13.3366
19411.29,25.25,13.3366
19412.29,25.14,13.3366
19413.3,25.26,13.3366
19414.3,25.15,13.3366
19415.3,25.17,13.3366
19416.3,25.28,13.3366
19417.3,25.14,13.3366
19418.3,25.23,13.3366
19419.31,32.15,13.3428
19420.31,25.28,13.3428
19421.31,25.19,13.3428
19422.31,25.19,13.3428
19423.31,25.31,13.3428
19424.31,25.19,13.3428
19425.32,25.29,13.3428
19426.32,25.19,13.3428
19427.32,25.3,13.3428
19428.32,30.35,13.3498
19429.32,25.19,13.3498
19430.32,25.29,13.3498
19431.32,25.19,13.3498
19432.33,25.19,13.3498
19433.33,25.31,13.3498
19434.33,25.18,13.3498
19435.33,25.29,13.3498
19436.33,25.19,13.3498
19437.33,25.42,13.3499
19438.34,29.77,13.3572
19439.34,25.19,13.3572
19440.34,25.29,13.3572
19441.34,25.19,13.3572
19442.34,25.3,13.3572
19443.34,25.2,13.3572
19444.35,25.19,13.3572
19445.35,25.28,13.3572
19446.35,25.19,13.3572
19447.35,25.29,13.3572
19448.35,29.69,13.3635
19449.35,25.3,13.3635
19450.36,25.18,13.3635
19451.36,25.21,13.3635
19452.36,25.3,13.3635
19453.36,25.2,13.3636
19454.36,25.21,13.3636
19455.36,25.29,13.3636
19456.36,25.18,13.3636
19457.37,25.2,13.3636
19458.37,29.45,13.3704
19459.37,25.18,13.3704
19460.37,25.19,13.3704
19461.37,25.28,13.3704
19462.37,25.2,13.3704
19463.37,25.31,13.3705
19464.38,25.18,13.3705
19465.38,25.18,13.3705
19466.38,25.29,13.3705
19467.38,25.2,13.3705
19468.38,29.42,13.3788
19469.38,25.18,13.3788
19470.39,25.18,13.3788
19471.39,25.3,13.3788
19472.39,25.2,13.3788
19473.39,25.32,13.3788
19474.39,25.19,13.3788
19475.39,25.19,13.3788
19476.4,25.28,13.3788
19477.4,25.19,13.3788
19478.4,32.55,13.3872
19479.4,25.19,13.3872
19480.4,25.19,13.3872
19481.4,25.28,13.3872
19482.41,25.15,13.3872
19483.41,25.29,13.3873
19484.41,25.18,13.3873
19485.41,25.28,13.3873
19486.41,25.18,13.3873
19487.41,25.2,13.3873
19488.42,27.33,13.3873
19489.42,29.55,13.3948
19490.42,25.29,13.3948
19491.42,25.18,13.3948
19492.42,25.2,13.3948
19493.42,25.31,13.395
19494.43,25.19,13.395
19495.43,25.29,13.395
19496.43,25.19,13.395
19497.43,25.3,13.395
19498.43,25.17,13.395
19499.43,29.18,13.4018
19500.44,25.28,13.4018
19501.44,25.2,13.4018
19502.44,25.19,13.4018
19503.44,25.3,13.4018
19504.44,25.19,13.4018
19505.44,25.3,13.4018
19506.44,25.18,13.4018
19507.45,25.2,13.4018
19508.45,25.31,13.4018
19509.45,29.76,13.4087
19510.45,25.21,13.4087
19511.45,25.28,13.4087
19512.45,25.16,13.4087
19513.45,25.17,13.4089
19514.46,25.25,13.4089
19515.46,25.19,13.4089
19516.46,25.29,13.4089
19517.46,25.21,13.4089
19518.46,25.2,13.4089
19519.46,25.28,13.4089
19520.47,29.84,13.4159
19521.47,25.29,13.4159
19522.47,25.2,13.4159
19523.47,25.21,13.4159
19524.47,25.31,13.4159
19525.47,25.18,13.4159
19526.47,25.18,13.4159
19527.47,25.32,13.4159
19528.48,25.19,13.4159
19529.48,25.21,13.4159
19530.48,25.24,13.4159
19531.48,29.75,13.4254
19532.48,25.2,13.4254
19533.48,25.33,13.4254
19534.48,25.19,13.4254
19535.49,25.19,13.4254
19536.49,25.29,13.4254
19537.49,25.21,13.4254
19538.49,25.28,13.4254
19539.49,25.18,13.4254
19540.49,25.26,13.4254
19541.5,25.22,13.4254
19542.5,31.37,13.4335
19543.5,25.27,13.4335
19544.5,25.17,13.4335
19545.5,25.19,13.4335
19546.5,25.29,13.4335
19547.51,25.2,13.4335
19548.51,25.29,13.4335
19549.51,25.18,13.4335
19550.51,25.19,13.4335
19551.51,25.28,13.4335
19552.51,32.58,13.4415
19553.52,25.3,13.4415
19554.52,25.18,13.4415
19555.52,25.29,13.4415
19556.52,25.19,13.4415
19557.52,25.2,13.4416
19558.52,25.29,13.4416
19559.53,25.19,13.4416
19560.53,25.29,13.4416
19561.53,25.19,13.4416
19562.53,25.3,13.4416
19563.53,25.21,13.4416
19564.53,29.43,13.4483
19565.54,25.28,13.4483
19566.54,25.18,13.4483
19567.54,25.14,13.4483
19568.54,25.21,13.4483
19569.54,25.55,13.4483
19570.54,25.28,13.4483
19571.55,25.13,13.4483
19572.55,25.25,13.4483
19573.55,25.15,13.4483
19574.55,29.04,13.4527
19575.55,25.79,13.4528
19576.55,25.21,13.4528
19577.55,25.2,13.4529
19578.56,25.29,13.4529
19579.56,25.19,13.4529
19580.56,25.29,13.4529
19581.56,25.19,13.4529
19582.56,25.31,13.4529
19583.56,25.21,13.4529
19584.57,25.19,13.4529
19585.57,25.3,13.4529
19586.57,29.56,13.459
19587.57,25.24,13.459
19588.57,25.13,13.459
19589.57,25.29,13.459
19590.58,25.19,13.459
19591.58,25.19,13.459
19592.58,25.28,13.459
19593.58,25.23,13.4591
19594.58,25.17,13.4591
19595.58,25.24,13.4591
19596.58,25.14,13.4591
19597.59,25.15,13.4592
19598.59,28.95,13.4709
19599.59,25.21,13.4709
19600.59,25.3,13.4709
19601.59,25.2,13.4709
19602.59,25.31,13.4709
19603.6,25.2,13.4709
19604.6,25.25,13.4709
19605.6,25.28,13.4709
19606.6,25.18,13.4709
19607.6,25.29,13.4709
19608.6,25.18,13.4709
19609.61,31.11,13.4776
19610.61,25.28,13.4776
19611.61,25.19,13.4776
19612.61,25.33,13.4777
19613.61,25.2,13.4777
19614.61,25.19,13.4777
19615.61,25.32,13.4777
19616.62,25.19,13.4777
19617.62,25.21,13.4777
19618.62,25.32,13.4777
19619.62,25.19,13.4777
19620.62,32.8,13.4883
19621.62,25.27,13.4883
19622.63,25.22,13.4884
19623.63,25.29,13.4884
19624.63,25.19,13.4884
19625.63,25.15,13.4884
19626.63,25.23,13.4884
19627.63,25.14,13.4884
19628.64,25.23,13.4884
19629.64,25.14,13.4884
19630.64,25.25,13.4884
19631.64,30.36,13.4969
19632.64,25.22,13.4969
19633.64,25.28,13.4969
19634.65,25.18,13.4969
19635.65,25.29,13.4969
19636.65,25.18,13.4969
19637.65,25.19,13.4969
19638.65,25.28,13.4969
19639.65,25.19,13.4969
19640.65,25.29,13.4969
19641.66,25.18,13.4969
19642.66,28.97,13.5043
19643.66,25.29,13.5043
19644.66,25.19,13.5043
19645.66,25.24,13.5043
19646.66,25.12,13.5043
19647.67,25.14,13.5043
19648.67,25.23,13.5043
19649.67,25.13,13.5043
19650.67,25.23,13.5043
19651.67,25.13,13.5043
19652.67,25.26,13.5043
19653.68,25.14,13.5043
19654.68,29.49,13.5097
19655.68,25.3,13.5097
19656.68,25.19,13.5097
19657.68,25.3,13.5097
19658.68,25.19,13.5097
19659.69,25.2,13.5097
19660.69,25.28,13.5097
19661.69,25.19,13.5097
19662.69,25.32,13.51
19663.69,25.19,13.51
19664.7,25.29,13.51
19665.7,25.19,13.51
19666.7,29.72,13.5152
19667.7,25.3,13.5152
19668.7,25.19,13.5152
19669.7,25.29,13.5152
19670.71,25.19,13.5152
19671.71,25.28,13.5152
19672.71,25.15,13.5153
19673.71,25.13,13.5154
19674.71,25.23,13.5154
19675.71,25.13,13.5154
19676.72,25.24,13.5154
19677.72,31.08,13.5241
19678.72,25.29,13.5241
19679.72,25.19,13.5241
19680.72,25.19,13.5242
19681.72,25.29,13.5242
19682.73,25.22,13.5242
19683.73,25.28,13.5242
19684.73,25.73,13.5242
19685.73,25.18,13.5242
19686.73,25.28,13.5242
19687.73,25.19,13.5242
19688.74,32.65,13.5314
19689.74,25.19,13.5314
19690.74,25.19,13.5314
19691.74,25.28,13.5314
19692.74,25.21,13.5314
19693.74,25.26,13.5314
19694.75,25.12,13.5314
19695.75,25.28,13.5314
19696.75,25.18,13.5314
19697.75,25.19,13.5314
19698.75,30.07,13.5379
19699.75,25.19,13.5379
19700.75,25.19,13.5379
19701.76,25.29,13.5379
19702.76,25.21,13.5379
19703.76,25.29,13.5379
19704.76,25.19,13.5379
19705.76,25.19,13.5379
19706.76,25.29,13.5379
19707.77,25.2,13.5379
19708.77,25.29,13.5379
19709.77,26.25,13.538
19710.77,28.41,13.5487
19711.77,25.19,13.5487
19712.77,25.22,13.5487
19713.78,25.28,13.5487
19714.78,25.18,13.5487
19715.78,25.29,13.5487
19716.78,25.18,13.5487
19717.78,25.19,13.5488
19718.78,25.28,13.5488
19719.79,25.21,13.5488
19720.79,25.27,13.549
19721.79,30.01,13.5578
19722.79,25.2,13.558
19723.79,25.28,13.558
19724.79,25.18,13.558
19725.79,25.3,13.558
19726.8,25.18,13.558
19727.8,25.2,13.558
19728.8,25.29,13.558
19729.8,25.19,13.558
19730.8,25.29,13.558
19731.8,25.16,13.558
19732.81,25.14,13.558
19733.81,30.01,13.5674
19734.81,25.17,13.5674
19735.81,25.29,13.5674
19736.81,25.18,13.5674
19737.81,25.2,13.5674
19738.82,25.28,13.5674
19739.82,25.19,13.5674
19740.82,25.29,13.5674
19741.82,25.19,13.5674
19742.82,25.22,13.5676
19743.82,25.29,13.5676
19744.83,25.74,13.5676
19745.83,31.56,13.5776
19746.83,25.19,13.5776
19747.83,25.19,13.5776
19748.83,25.28,13.5776
19749.83,25.19,13.5776
19750.84,25.28,13.5776
19751.84,25.19,13.5776
19752.84,25.21,13.5776
19753.84,25.28,13.5776
19754.84,25.19,13.5776
19755.84,25.29,13.5776
19756.84,32.38,13.5876
19757.85,25.22,13.5876
19758.85,25.31,13.5876
19759.85,25.19,13.5876
19760.85,25.19,13.5876
19761.85,25.27,13.5876
19762.85,25.18,13.5877
19763.86,25.26,13.5877
19764.86,25.13,13.5877
19765.86,25.13,13.5877
19766.86,25.23,13.5877
19767.86,29.71,13.5941
19768.86,25.3,13.5941
19769.86,25.19,13.5941
19770.87,25.18,13.5941
19771.87,25.26,13.5941
19772.87,25.17,13.5941
19773.87,25.22,13.5941
19774.87,25.11,13.5941
19775.87,25.13,13.5941
19776.88,25.22,13.5941
19777.88,25.14,13.5943
19778.88,25.12,13.5943
19779.88,29.26,13.6061
19780.88,25.19,13.6061
19781.88,25.28,13.6061
19782.89,25.21,13.6061
19783.89,25.28,13.6061
19784.89,25.19,13.6061
19785.89,25.19,13.6061
19786.89,25.3,13.6061
19787.89,25.2,13.6061
19788.89,25.19,13.6061
19789.9,25.22,13.6061
19790.9,25.13,13.6061
19791.9,29.08,13.6122
19792.9,25.21,13.6123
19793.9,25.28,13.6123
19794.9,25.18,13.6123
19795.91,25.19,13.6123
19796.91,25.3,13.6123
19797.91,25.19,13.6123
19798.91,25.18,13.6123
19799.91,25.29,13.6123
19800.91,25.19,13.6123
19801.92,25.28,13.6123
19802.92,25.21,13.6125
19803.92,29.96,13.6199
19804.92,25.19,13.6199
19805.92,25.18,13.6199
19806.92,25.28,13.6199
19807.93,25.2,13.6199
19808.93,25.29,13.6199
19809.93,25.19,13.6199
19810.93,25.19,13.6199
19811.93,25.28,13.6199
19812.93,25.21,13.6199
19813.94,25.28,13.6199
19814.94,32.43,13.6269
19815.94,25.21,13.6269
19816.94,25.18,13.6269
19817.94,25.19,13.6269
19818.94,25.28,13.6269
19819.94,25.19,13.6269
19820.95,25.19,13.6269
19821.95,25.29,13.6269
19822.95,25.22,13.6269
19823.95,25.29,13.6269
19824.95,25.2,13.627
19825.95,25.19,13.627
19826.96,32.09,13.6339
19827.96,25.2,13.6341
19828.96,25.29,13.6341
19829.96,25.19,13.6341
19830.96,25.21,13.6341
19831.96,25.31,13.6341
19832.96,25.21,13.6341
19833.97,25.19,13.6341
19834.97,25.29,13.6341
19835.97,25.19,13.6341
19836.97,25.29,13.6341
19837.97,30.13,13.6426
19838.97,25.18,13.6426
19839.98,25.3,13.6426
19840.98,25.19,13.6426
19841.98,25.29,13.6426
19842.98,25.21,13.6426
19843.98,25.19,13.6426
19844.98,25.29,13.6426
19845.99,25.19,13.6426
19846.99,25.29,13.6426
19847.99,25.2,13.6426
19848.99,25.17,13.6426
19849.99,30.02,13.6505
19850.99,25.19,13.6505
19851.99,25.19,13.6507
19853.0,25.31,13.6508
19854.0,25.19,13.6508
19855.0,25.29,13.6508
19856.0,25.18,13.6508
19857.0,25.17,13.6508
19858.0,25.29,13.6508
19859.01,25.19,13.6508
19860.01,25.29,13.6508
19861.01,25.19,13.6508
19862.01,29.98,13.6581
19863.01,25.68,13.6581
19864.01,25.18,13.6581
19865.02,25.28,13.6583
19866.02,25.19,13.6583
19867.02,25.18,13.6583
19868.02,25.3,13.6583
19869.02,25.19,13.6583
19870.02,25.29,13.6583
19871.03,25.19,13.6583
19872.03,25.29,13.6583
19873.03,25.22,13.6584
19874.03,30.7,13.6666
19875.03,25.25,13.6666
19876.03,25.12,13.6666
19877.03,25.22,13.6666
19878.04,25.13,13.6666
19879.04,25.12,13.6666
19880.04,25.24,13.6666
19881.04,25.12,13.6666
19882.04,25.12,13.6666
19883.04,25.27,13.6669
19884.04,25.13,13.6669
19885.05,25.13,13.6669
19886.05,33.13,13.6755
19887.05,25.18,13.6755
19888.05,25.21,13.6756
19889.05,25.29,13.6756
19890.05,25.18,13.6756
19891.05,25.23,13.6756
19892.06,25.12,13.6756
19893.06,25.15,13.6756
19894.06,25.22,13.6756
19895.06,25.14,13.6756
19896.06,25.13,13.6756
19897.06,31.19,13.6832
19898.07,25.2,13.6832
19899.07,25.29,13.6832
19900.07,25.2,13.6832
19901.07,25.19,13.6832
19902.07,25.29,13.6832
19903.07,25.21,13.6832
19904.08,25.23,13.6832
19905.08,25.13,13.6832
19906.08,25.23,13.6832
19907.08,25.13,13.6832
19908.08,29.84,13.6911
19909.08,25.29,13.6911
19910.09,25.19,13.6911
19911.09,25.29,13.6911
19912.09,25.18,13.6911
19913.09,25.31,13.6913
19914.09,25.18,13.6913
19915.09,25.18,13.6913
19916.1,25.29,13.6913
19917.1,25.19,13.6913
19918.1,25.3,13.6914
19919.1,25.18,13.6914
19920.1,29.77,13.6992
19921.1,25.29,13.6992
19922.11,25.18,13.6992
19923.11,25.31,13.6992
19924.11,25.18,13.6992
19925.11,25.18,13.6992
19926.11,25.28,13.6991
19927.11,25.21,13.6992
19928.11,25.3,13.6993
19929.12,25.19,13.6993
19930.12,25.2,13.6993
19931.12,25.39,13.6993
19932.12,29.42,13.7038
19933.12,25.16,13.7039
19934.12,25.23,13.7039
19935.12,25.12,13.7039
19936.13,25.19,13.7039
19937.13,25.29,13.7039
19938.13,25.2,13.704
19939.13,25.26,13.704
19940.13,25.18,13.704
19941.13,25.26,13.704
19942.14,25.12,13.704
19943.14,30.92,13.7092
19944.14,25.28,13.7092
19945.14,25.18,13.7092
19946.14,25.28,13.7092
19947.14,25.18,13.7092
19948.15,25.2,13.7092
19949.15,25.28,13.7092
19950.15,25.18,13.7092
19951.15,25.28,13.7092
19952.15,25.18,13.7092
19953.15,25.22,13.7092
19954.16,25.24,13.7092
19955.16,32.49,13.7145
19956.16,25.29,13.7145
19957.16,25.18,13.7145
19958.16,25.22,13.7145
19959.16,25.31,13.7145
19960.16,25.19,13.7145
19961.17,25.2,13.7145
19962.17,25.29,13.7145
19963.17,25.22,13.7145
19964.17,25.29,13.7145
19965.17,30.55,13.7216
19966.17,25.19,13.7216
19967.18,25.29,13.7216
19968.18,25.21,13.7216
19969.18,25.26,13.7216
19970.18,25.13,13.7216
19971.18,25.23,13.7216
19972.18,25.13,13.7216
19973.19,25.21,13.7217
19974.19,25.28,13.7217
19975.19,28.94,13.7261
19976.19,25.3,13.7261
19977.19,25.18,13.7261
19978.19,25.2,13.7261
19979.2,25.28,13.7261
19980.2,25.18,13.7261
19981.2,25.28,13.7261
19982.2,25.18,13.7261
19983.2,25.31,13.7261
19984.2,25.18,13.7261
19985.21,25.18,13.7261
19986.21,29.63,13.7295
19987.21,25.19,13.7295
19988.21,25.3,13.7295
19989.21,25.2,13.7295
19990.21,25.19,13.7295
19991.22,25.28,13.7295
19992.22,25.19,13.7295
19993.22,25.31,13.7298
19994.22,25.2,13.7298
19995.22,25.19,13.7298
19996.22,29.54,13.7333
19997.23,25.2,13.7333
19998.23,25.29,13.7333
19999.23,25.19,13.7333
20000.23,25.2,13.7333
20001.23,25.3,13.7333
20002.23,25.2,13.7333
20003.23,25.21,13.7333
20004.24,25.28,13.7333
20005.24,25.19,13.7333
20006.24,25.29,13.7334
20007.24,25.2,13.7334
20008.24,29.93,13.7377
20009.24,25.32,13.7377
20010.25,25.19,13.7377
20011.25,25.29,13.7377
20012.25,25.21,13.7377
20013.25,25.23,13.7377
20014.25,25.28,13.7377
20015.25,25.19,13.7377
20016.25,25.14,13.7377
20017.26,25.29,13.7378
20018.26,25.13,13.7378
20019.26,25.25,13.7378
20020.26,32.73,13.7442
20021.26,25.21,13.7442
20022.26,25.14,13.7442
20023.27,25.14,13.7442
20024.27,25.27,13.7443
20025.27,25.17,13.7443
20026.27,25.23,13.7443
20027.27,25.17,13.7443
20028.27,25.19,13.7443
20029.28,25.26,13.7443
20030.28,25.15,13.7443
20031.28,31.23,13.7493
20032.28,25.2,13.7495
20033.28,25.2,13.7496
20034.28,25.29,13.7496
20035.29,25.19,13.7496
20036.29,25.29,13.7496
20037.29,25.19,13.7497
20038.29,25.18,13.7497
20039.29,25.3,13.7497
20040.29,25.18,13.7497
20041.29,25.19,13.7497
20042.3,29.78,13.7546
20043.3,25.2,13.7546
20044.3,25.28,13.7546
20045.3,25.19,13.7546
20046.3,25.3,13.7546
20047.3,25.2,13.7546
20048.31,25.19,13.7546
20049.31,25.29,13.7546
20050.31,25.19,13.7546
20051.31,25.29,13.7546
20052.31,25.19,13.7546
20053.31,29.65,13.7617
20054.32,25.29,13.7617
20055.32,25.19,13.7617
20056.32,25.29,13.7617
20057.32,25.2,13.7618
20058.32,25.2,13.7618
20059.32,25.29,13.7618
20060.32,25.18,13.7618
20061.33,25.2,13.7618
20062.33,25.29,13.7618
20063.33,26.16,13.7618
20064.33,29.45,13.7659
20065.33,25.28,13.7659
20066.33,25.16,13.7659
20067.34,25.26,13.7659
20068.34,25.12,13.7659
20069.34,25.22,13.7659
20070.34,25.13,13.7659
20071.34,25.18,13.7659
20072.34,25.25,13.7659
20073.35,25.14,13.7659
20074.35,29.64,13.7693
20075.35,25.19,13.7693
20076.35,25.19,13.7693
20077.35,25.29,13.7693
20078.35,25.19,13.7693
20079.35,25.26,13.7693
20080.36,25.13,13.7693
20081.36,25.13,13.7693
20082.36,25.26,13.7693
20083.36,25.15,13.7693
20084.36,31.76,13.7727
20085.36,25.23,13.7727
20086.37,25.13,13.7727
20087.37,25.17,13.7727
20088.37,25.29,13.7727
20089.37,25.18,13.7727
20090.37,25.28,13.7727
20091.37,25.18,13.7727
20092.37,25.41,13.7729
20093.38,25.19,13.773
20094.38,25.18,13.773
20095.38,31.38,13.7773
20096.38,25.19,13.7773
20097.38,25.29,13.7773
20098.38,25.18,13.7773
20099.39,25.21,13.7773
20100.39,25.29,13.7773
20101.39,25.18,13.7773
20102.39,25.2,13.7773
20103.39,25.3,13.7773
20104.39,25.19,13.7773
20105.39,25.28,13.7773
20106.4,25.18,13.7773
20107.4,30.04,13.7839
20108.4,25.28,13.7839
20109.4,25.19,13.7839
20110.4,25.29,13.7839
20111.4,25.18,13.7839
20112.41,25.2,13.7839
20113.41,25.3,13.784
20114.41,25.19,13.784
20115.41,25.18,13.784
20116.41,25.27,13.784
20117.41,25.17,13.784
20118.41,25.13,13.784
20119.42,29.98,13.7927
20120.42,25.19,13.7927
20121.42,25.28,13.7927
20122.42,25.2,13.7927
20123.42,25.42,13.7927
20124.42,25.18,13.7927
20125.43,25.18,13.7927
20126.43,25.3,13.7927
20127.43,25.19,13.7927
20128.43,25.18,13.7927
20129.43,25.28,13.7927
20130.43,25.19,13.7927
20131.43,29.24,13.8005
20132.44,25.2,13.8005
20133.44,25.22,13.8005
20134.44,25.29,13.8005
20135.44,25.15,13.8005
20136.44,25.22,13.8005
20137.44,25.2,13.8005
20138.45,25.17,13.8005
20139.45,25.23,13.8005
20140.45,25.13,13.8005
20141.45,25.22,13.8006
20142.45,25.14,13.8008
20143.45,31.09,13.8125
20144.46,25.28,13.8125
20145.46,25.19,13.8125
20146.46,25.29,13.8125
20147.46,25.2,13.8125
20148.46,25.29,13.8125
20149.46,25.19,13.8125
20150.47,25.12,13.8125
20151.47,25.23,13.8125
20152.47,25.13,13.8125
20153.47,25.31,13.8125
20154.47,25.11,13.8125
20155.47,32.46,13.8175
20156.48,25.28,13.8175
20157.48,25.21,13.8175
20158.48,25.3,13.8175
20159.48,25.19,13.8175
20160.48,25.19,13.8175
20161.48,25.3,13.8175
20162.49,25.21,13.8176
20163.49,25.32,13.8176
20164.49,25.19,13.8176
20165.49,25.19,13.8176
20166.49,30.73,13.8229
20167.49,25.2,13.8229
20168.49,25.29,13.8229
20169.5,25.2,13.8229
20170.5,25.2,13.8229
20171.5,25.29,13.8229
20172.5,25.21,13.8229
20173.5,25.3,13.8229
20174.5,25.12,13.8229
20175.51,25.19,13.8229
20176.51,25.3,13.8229
20177.51,25.14,13.8229
20178.51,29.82,13.8296
20179.51,25.2,13.8296
20180.51,25.2,13.8296
20181.52,25.3,13.8296
20182.52,25.21,13.8296
20183.52,25.31,13.8296
20184.52,25.19,13.8296
20185.52,25.29,13.8296
20186.52,25.19,13.8296
20187.53,25.2,13.8296
20188.53,25.29,13.8296
20189.53,25.19,13.8296
20190.53,29.86,13.835
20191.53,25.15,13.835
20192.53,25.14,13.835
20193.54,25.25,13.835
20194.54,25.13,13.835
20195.54,25.23,13.835
20196.54,25.13,13.835
20197.54,25.14,13.8351
20198.54,25.22,13.8351
20199.55,25.15,13.8351
20200.55,25.23,13.8351
20201.55,25.12,13.8351
20202.55,29.64,13.8406
20203.55,25.17,13.8406
20204.55,25.16,13.8406
20205.55,25.28,13.8406
20206.56,25.12,13.8406
20207.56,25.13,13.8406
20208.56,25.24,13.8406
20209.56,25.14,13.8406
20210.56,25.17,13.8406
20211.56,25.28,13.8406
20212.56,25.21,13.8406
20213.57,25.23,13.8406
20214.57,32.65,13.8456
20215.57,25.22,13.8456
20216.57,25.2,13.8456
20217.57,25.33,13.8456
20218.57,25.2,13.8456
20219.57,25.2,13.8456
20220.58,25.3,13.8456
20221.58,25.21,13.8456
20222.58,25.29,13.8457
20223.58,25.16,13.8457
20224.58,25.31,13.8457
20225.58,31.55,13.8528
20226.59,25.21,13.8528
20227.59,25.32,13.8528
20228.59,25.21,13.8528
20229.59,25.34,13.8528
20230.59,25.23,13.8528
20231.59,25.21,13.8528
20232.59,25.33,13.8528
20233.6,25.22,13.853
20234.6,25.2,13.853
20235.6,25.28,13.853
20236.6,29.81,13.8567
20237.6,25.31,13.8567
20238.61,25.2,13.8567
20239.61,25.31,13.8567
20240.61,25.2,13.8567
20241.61,25.21,13.8567
20242.61,25.35,13.8569
20243.61,25.21,13.8569
20244.61,25.2,13.8569
20245.62,25.31,13.8569
20246.62,27.59,13.8569
20247.62,26.79,13.861
20248.62,25.21,13.861
20249.62,25.21,13.861
20250.62,25.31,13.861
20251.63,79.56,2.5196
20252.63,82.85,2.9353
20253.63,87.09,3.1618
20254.63,90.36,3.4492
20255.63,82.86,3.7803
20256.63,78.9,4.1019
20257.63,78.43,4.4058
20258.63,76.28,4.6537
20259.64,77.11,4.8544
20260.64,76.96,5.057
20261.64,76.86,5.2453
20262.64,75.8,5.5253
20263.64,39.9,6.4364
20264.64,25.69,7.235
20265.64,94.4,8.4427
20266.65,99.9,9.18
20267.65,37.81,9.3994
20268.65,25.82,9.4024
20269.65,62.03,9.4059
20270.65,77.92,9.4089
20271.65,76.3,9.4119
20272.65,76.92,9.4165
20273.66,69.28,9.4165
20274.66,62.86,9.4168
20275.66,32.28,9.4168
20276.66,38.99,9.4168
20277.66,52.15,9.4169
20278.66,35.84,9.4169
20279.67,32.06,9.4169
20280.67,36.15,9.4169
20281.67,30.39,9.4122
20282.67,67.98,10.1325
20283.67,99.89,10.8873
20284.67,99.89,11.5747
20285.67,100.13,12.2002
20286.68,40.85,12.2444
20287.68,30.07,12.2985
20288.68,30.94,12.2985
20289.68,32.45,12.2985
20290.68,38.67,12.2985
20291.68,44.8,12.2985
20292.69,25.36,12.2985
20293.69,30.49,12.2985
20294.69,26.14,12.2985
20295.69,26.65,12.2985
20296.69,29.41,12.2985
20297.69,32.93,12.2986
20298.69,33.72,12.2986
20299.7,25.29,12.2986
20300.7,32.96,12.2986
20301.7,25.66,12.2986
20302.7,32.65,12.299
20303.7,30.38,12.299
20304.7,26.97,12.299
20305.71,32.29,12.2992
20306.71,54.91,12.2993
20307.71,25.24,12.2993
20308.71,27.94,12.2993
20309.71,25.2,12.2993
20310.71,25.81,12.2993
20311.72,26.71,12.2993
20312.72,25.91,12.2993
20313.72,25.33,12.2993
20314.72,31.43,12.2993
20315.72,25.37,12.2993
20316.72,26.85,12.2993
20317.73,25.24,12.2993
20318.73,25.34,12.2993
20319.73,25.22,12.2993
20320.73,25.33,12.2993
20321.73,25.4,12.2993
20322.73,26.21,12.2995
20323.74,28.43,12.2995
20324.74,26.38,12.2995
20325.74,25.31,12.2995
20326.74,26.26,12.2995
20327.74,25.73,12.2995
20328.74,25.32,12.2995
20329.75,25.2,12.2995
20330.75,25.24,12.2995
20331.75,25.14,12.2995
20332.75,25.28,12.2995
20333.75,25.17,12.2995
20334.75,25.13,12.2995
20335.76,25.76,12.2995
20336.76,25.21,12.2995
20337.76,25.29,12.2995
20338.76,25.28,12.2995
20339.76,25.23,12.2995
20340.76,25.32,12.2995
20341.76,25.2,12.2995
20342.77,25.22,12.2996
20343.77,25.32,12.2996
20344.77,25.24,12.2996
20345.77,25.82,12.2996
20346.77,26.03,12.2996
20347.77,34.21,12.2996
20348.78,25.19,12.2996
20349.78,25.32,12.2996
20350.78,25.37,12.2996
20351.78,26.74,12.2996
20352.78,25.25,12.2997
20353.78,25.59,12.2997
20354.79,25.19,12.2997
20355.79,25.34,12.2997
20356.79,25.26,12.2997
20357.79,90.79,12.3045
20358.79,99.73,12.4086
20359.79,42.35,12.4086
20360.8,25.44,12.4086
20361.8,25.7,12.4086
20362.8,25.4,12.4086
20363.8,25.29,12.4086
20364.8,25.18,12.4086
20365.8,25.47,12.4086
20366.81,25.21,12.4086
20367.81,25.43,12.4086
20368.81,25.19,12.4086
20369.81,25.41,12.4086
20370.81,25.34,12.4086
20371.81,25.23,12.4086
20372.81,25.33,12.4086
20373.82,25.22,12.4086
20374.82,25.24,12.4086
20375.82,25.6,12.4086
20376.82,26.12,12.4086
20377.82,25.4,12.4086
20378.82,26.13,12.4086
20379.83,25.87,12.4086
20380.83,25.29,12.4086
20381.83,25.15,12.4086
20382.83,25.33,12.4089
20383.83,25.22,12.4089
20384.83,25.41,12.4089
20385.84,51.09,12.4089
20386.84,54.83,12.4094
20387.84,47.48,12.4094
20388.84,69.03,12.421
20389.84,52.25,12.425
20390.84,52.37,12.4544
20391.85,30.88,12.4295
20392.85,26.22,12.4295
20393.85,49.62,12.4302
20394.85,99.92,12.4496
20395.85,46.61,12.4518
20396.85,25.25,12.4518
20397.85,25.33,12.4518
20398.86,25.18,12.4518
20399.86,25.14,12.4518
20400.86,52.87,12.4518
20401.86,27.11,12.4518
20402.86,25.33,12.4518
20403.86,35.56,12.4518
20404.87,26.03,12.4518
20405.87,25.32,12.4518
20406.87,25.26,12.4518
20407.87,25.43,12.4518
20408.87,25.31,12.4518
20409.87,25.22,12.4518
20410.87,25.41,12.4518
20411.88,34.39,12.4518
20412.88,27.99,12.4518
20413.88,36.65,12.4518
20414.88,25.88,12.4518
20415.88,25.16,12.4519
20416.88,25.82,12.4519
20417.88,25.23,12.4519
20418.89,31.53,6.0562
20419.89,51.17,2.4452
20420.89,83.07,2.7896
20421.89,76.58,3.1114
20422.89,92.74,3.3164
20423.89,84.78,3.6004
20424.89,79.66,3.8865
20425.89,76.88,4.1623
20426.9,77.47,4.4135
20427.9,75.52,4.5862
20428.9,76.09,4.7512
20429.9,75.8,4.8774
20430.9,69.68,4.9881
20431.9,76.68,5.1263
20432.9,55.19,5.2291
20433.91,50.6,5.3598
20434.91,40.88,5.6606
20435.91,25.45,6.5126
20436.91,26.15,7.2747
20437.91,99.89,8.4461
20438.91,99.91,9.157
20439.91,41.51,9.3082
20440.92,25.21,9.3082
20441.92,38.16,9.3094
20442.92,69.78,9.3547
20443.92,75.74,9.4136
20444.92,57.15,9.4122
20445.92,35.1,9.4122
20446.93,44.35,9.4122
20447.93,47.56,9.4122
20448.93,27.81,9.4122
20449.93,42.37,9.4122
20450.93,34.0,9.4106
20451.93,29.65,9.4107
20452.94,33.04,9.4114
20453.94,48.97,9.4179
20454.94,43.95,9.411
20455.94,42.4,9.4136
20456.94,39.28,9.4136
20457.94,25.5,9.4136
20458.94,30.15,9.4136
20459.95,32.16,9.4136
20460.95,31.02,9.4136
20461.95,50.26,9.4137
20462.95,27.25,9.4137
20463.95,25.33,9.4137
20464.95,25.5,9.4137
20465.96,29.51,9.4137
20466.96,68.84,9.9682
20467.96,100.19,10.7307
20468.96,99.89,11.4002
20469.96,99.97,12.0912
20470.96,36.16,12.1914
20471.96,26.58,12.1959
20472.97,26.17,12.2917
20473.97,31.23,12.2964
20474.97,25.8,12.2903
20475.97,25.32,12.2902
20476.97,34.35,12.2914
20477.97,25.61,12.2916
20478.98,26.39,12.2916
20479.98,25.17,12.2916
20480.98,25.37,12.2916
20481.98,26.74,12.2916
20482.98,25.33,12.2916
20483.99,25.6,12.2916
20484.99,25.41,12.2916
20485.99,25.9,12.2916
20486.99,25.23,12.2916
20487.99,25.28,12.2916
20488.99,25.18,12.2916
20490.0,26.02,12.2916
20491.0,25.14,12.2916
20492.0,26.46,12.2916
20493.0,25.92,12.2916
20494.0,25.21,12.2916
20495.0,25.76,12.2916
20496.01,25.62,12.2916
20497.01,27.95,12.2916
20498.01,27.95,12.2917
20499.01,26.47,12.2917
20500.01,25.48,12.2917
20501.01,25.29,12.2917
20502.02,25.31,12.2917
20503.02,25.43,12.2917
20504.02,25.21,12.2917
20505.02,25.31,12.2917
20506.02,25.14,12.2917
20507.02,25.59,12.2917
20508.02,25.37,12.2917
20509.03,31.2,12.2919
20510.03,26.23,12.2919
20511.03,29.49,12.2919
20512.03,26.53,12.2919
20513.03,25.16,12.292
20514.03,28.04,12.2919
20515.04,46.04,12.293
20516.04,25.3,12.2931
20517.04,25.27,12.2931
20518.04,25.14,12.2931
20519.04,25.19,12.2931
20520.04,29.12,12.2931
20521.05,26.72,12.2931
20522.05,25.3,12.2931
20523.05,25.37,12.2931
20524.05,27.56,12.2931
20525.05,25.33,12.2931
20526.05,25.31,12.2931
20527.05,25.34,12.2931
20528.06,25.21,12.2931
20529.06,30.75,12.2931
20530.06,25.65,12.2931
20531.06,25.45,12.2931
20532.06,25.61,12.2931
20533.06,25.4,12.2932
20534.06,25.22,12.2932
20535.07,25.25,12.2932
20536.07,25.32,12.2932
20537.07,25.22,12.2932
20538.07,25.33,12.2932
20539.07,25.21,12.2932
20540.07,25.3,12.2932
20541.07,25.9,12.2932
20542.08,29.83,12.2932
20543.08,25.3,12.2932
20544.08,25.95,12.2932
20545.08,25.14,12.2932
20546.08,25.23,12.2932
20547.08,25.2,12.2932
20548.09,25.25,12.2932
20549.09,25.3,12.2932
20550.09,25.23,12.2933
20551.09,27.75,12.2933
20552.09,25.15,12.2933
20553.09,25.33,12.2936
20554.1,25.2,12.2936
20555.1,25.21,12.2936
20556.1,25.31,12.2936
20557.1,25.2,12.2936
20558.1,25.32,12.2936
20559.1,25.2,12.2936
20560.11,25.14,12.2936
20561.11,25.27,12.2936
20562.11,25.22,12.2936
20563.11,25.34,12.2936
20564.11,25.14,12.2936
20565.11,25.25,12.2936
20566.12,25.31,12.2936
20567.12,25.18,12.2936
20568.12,25.89,12.2936
20569.12,25.4,12.2936
20570.12,25.2,12.2936
20571.12,25.26,12.2936
20572.13,25.15,12.2936
20573.13,25.27,12.2937
20574.13,25.19,12.2937
20575.13,26.14,12.2937
20576.13,25.31,12.2937
20577.13,25.37,12.2937
20578.13,25.23,12.2938
20579.14,33.26,12.2938
20580.14,25.21,12.2938
20581.14,25.3,12.2938
20582.14,25.2,12.2938
20583.14,25.87,12.2938
20584.14,25.14,12.2938
20585.15,25.2,12.2938
20586.15,25.3,12.2938
20587.15,25.79,12.2938
20588.15,25.26,12.2938
20589.15,25.13,12.2938
20590.15,25.33,12.2938
20591.16,25.21,12.2938
20592.16,25.21,12.2938
20593.16,25.39,12.2938
20594.16,25.17,12.2938
20595.16,84.78,12.3011
20596.16,99.2,12.4147
20597.17,25.21,12.4147
20598.17,25.32,12.4147
20599.17,25.67,12.4147
20600.17,25.68,12.4147
20601.17,25.31,12.4147
20602.17,25.21,12.4147
20603.18,25.34,12.4147
20604.18,25.22,12.4147
20605.18,25.32,12.4147
20606.18,25.22,12.4147
20607.18,25.32,12.4147
20608.18,25.32,12.4147
20609.19,25.21,12.4147
20610.19,25.31,12.4147
20611.19,25.2,12.4147
20612.19,25.26,12.4147
20613.19,25.35,12.4148
20614.19,25.53,12.4148
20615.19,25.22,12.4148
20616.19,25.33,12.4148
20617.2,25.21,12.4148
20618.2,25.22,12.4148
20619.2,25.32,12.4148
20620.2,25.21,12.4148
20621.2,25.31,12.4149
20622.2,25.31,12.4149
20623.21,25.23,12.4149
20624.21,25.3,12.4149
20625.21,25.27,12.4149
20626.21,25.41,12.4149
20627.21,25.19,12.4149
20628.21,25.29,12.4149
20629.22,25.19,12.4149
20630.22,25.21,12.4149
20631.22,25.31,12.4149
20632.22,25.21,12.4149
20633.22,25.33,12.415
20634.22,25.24,12.415
20635.23,34.01,12.415
20636.23,76.99,12.4197
20637.23,43.9,12.4197
20638.23,67.33,12.4208
20639.23,63.31,12.4281
20640.23,62.39,12.4702
20641.24,71.78,12.4777
20642.24,45.27,2.3849
20643.24,82.51,2.6899
20644.24,77.39,3.1086
20645.24,87.02,3.2696
20646.24,85.49,3.5444
20647.24,81.09,3.8706
20648.25,77.97,4.1806
20649.25,77.95,4.4541
20650.25,76.13,4.6777
20651.25,75.67,4.8666
20652.25,75.95,5.0193
20653.25,76.53,5.203
20654.25,71.19,5.389
20655.26,43.76,5.9785
20656.26,25.7,6.7091
20657.26,36.47,7.4936
20658.26,99.89,8.5767
20659.26,98.76,9.3066
20660.26,27.88,9.3251
20661.26,25.21,9.3251
20662.27,59.35,9.3252
20663.27,72.91,9.3262
20664.27,48.24,9.3262
20665.27,66.03,9.4222
20666.27,69.2,9.4274
20667.27,37.82,9.4275
20668.28,37.1,9.4355
20669.28,36.67,9.4367
20670.28,31.92,9.4367
20671.28,41.45,9.4374
20672.28,33.01,9.4269
20673.28,33.68,9.427
20674.29,39.23,9.427
20675.29,31.43,9.427
20676.29,34.89,9.427
20677.29,31.27,9.427
20678.29,25.58,9.427
20679.29,25.82,9.427
20680.29,35.71,9.427
20681.3,56.91,9.7612
20682.3,99.88,10.6264
20683.3,100.19,11.2726
20684.3,99.89,11.9449
20685.3,53.81,12.2032
20686.3,26.05,12.2806
20687.3,31.58,12.3013
20688.31,27.18,12.3013
20689.31,29.47,12.3013
20690.31,31.48,12.3013
20691.31,26.55,12.3013
20692.31,30.88,12.3017
20693.31,30.86,12.3017
20694.32,25.23,12.3017
20695.32,26.14,12.3017
20696.32,26.28,12.3017
20697.32,25.27,12.3017
20698.32,25.2,12.3017
20699.32,26.48,12.3017
20700.33,25.57,12.3017
20701.33,25.3,12.3017
20702.33,25.71,12.3018
20703.33,27.03,12.3018
20704.33,47.07,12.304
20705.33,25.22,12.304
20706.34,25.64,12.304
20707.34,25.22,12.3041
20708.34,25.39,12.3041
20709.34,25.2,12.3041
20710.34,25.21,12.3041
20711.34,25.44,12.3041
20712.34,25.32,12.3041
20713.35,30.85,12.3042
20714.35,31.89,12.3042
20715.35,25.87,12.3042
20716.35,37.33,12.3042
20717.35,28.39,12.3042
20718.35,30.36,12.3042
20719.35,25.31,12.3042
20720.36,25.14,12.3042
20721.36,25.14,12.3042
20722.36,26.32,12.3042
20723.36,27.12,12.3042
20724.36,25.45,12.3042
20725.36,25.27,12.3042
20726.37,25.24,12.3042
20727.37,29.61,12.3042
20728.37,25.3,12.3042
20729.37,25.79,12.3042
20730.37,25.44,12.3042
20731.37,25.97,12.3042
20732.37,25.35,12.3044
20733.38,25.15,12.3044
20734.38,25.14,12.3044
20735.38,25.49,12.3044
20736.38,25.63,12.3044
20737.38,25.32,12.3044
20738.38,25.33,12.3044
20739.39,25.22,12.3044
20740.39,25.42,12.3044
20741.39,25.2,12.3044
20742.39,27.35,12.3044
20743.39,25.24,12.3045
20744.39,25.76,12.3045
20745.39,25.34,12.3045
20746.4,25.22,12.3045
20747.4,25.23,12.3045
20748.4,25.36,12.3045
20749.4,25.22,12.3045
20750.4,25.2,12.3045
20751.4,25.3,12.3045
20752.41,25.23,12.3046
20753.41,25.36,12.3046
20754.41,25.2,12.3046
20755.41,25.2,12.3046
20756.41,25.35,12.3046
20757.41,25.26,12.3046
20758.41,25.32,12.3046
20759.42,25.24,12.3046
20760.42,26.62,12.3046
20761.42,25.77,12.3046
20762.42,25.26,12.3046
20763.42,25.33,12.3046
20764.42,35.16,12.3046
20765.43,25.22,12.3046
20766.43,25.61,12.3046
20767.43,27.66,12.3046
20768.43,25.22,12.3046
20769.43,26.31,12.3046
20770.43,25.13,12.3046
20771.44,25.33,12.3046
20772.44,26.11,12.3046
20773.44,25.15,12.3047
20774.44,25.24,12.3047
20775.44,51.0,12.3048
20776.44,100.15,12.3952
20777.44,82.4,12.4111
20778.45,25.42,12.4111
20779.45,25.45,12.4111
20780.45,25.21,12.4111
20781.45,25.22,12.4111
20782.45,25.32,12.4111
20783.45,25.2,12.4111
20784.45,25.39,12.4111
20785.46,25.18,12.4111
20786.46,25.18,12.4111
20787.46,25.37,12.4111
20788.46,25.88,12.4111
20789.46,25.32,12.4111
20790.46,25.24,12.4111
20791.47,25.22,12.4111
20792.47,25.33,12.4113
20793.47,25.35,12.4113
20794.47,25.5,12.4113
20795.47,25.21,12.4113
20796.47,25.22,12.4113
20797.47,25.34,12.4113
20798.48,25.22,12.4113
20799.48,25.23,12.4113
20800.48,25.35,12.4113
20801.48,25.21,12.4113
20802.48,25.32,12.4113
20803.48,40.13,12.4114
20804.49,57.48,8.3423
20805.49,41.88,2.443
20806.49,85.64,2.8357
20807.49,78.83,3.133
20808.49,87.0,3.2886
20809.49,81.71,3.5419
20810.49,78.44,3.8613
20811.5,77.46,4.1612
20812.5,77.55,4.4291
20813.5,76.83,4.6483
20814.5,75.96,4.8355
20815.5,75.21,5.0173
20816.5,75.72,5.2213
20817.51,76.0,5.4027
20818.51,67.8,5.8389
20819.51,34.01,6.5724
20820.51,25.38,7.2444
20821.51,93.83,8.4176
20822.51,99.89,9.1496
20823.52,43.46,9.3326
20824.52,26.42,9.4329
20825.52,43.11,9.4334
20826.52,79.15,9.434
20827.52,76.36,9.4359
20828.52,75.84,9.4359
20829.52,76.17,9.4376
20830.53,75.22,9.4377
20831.53,76.08,9.4377
20832.53,75.71,9.4378
20833.53,73.76,9.4378
20834.53,60.33,9.4385
20835.53,40.82,9.4385
20836.54,56.12,9.4385
20837.54,44.51,9.4387
20838.54,34.18,9.4387
20839.54,27.0,9.4387
20840.54,27.56,9.4387
20841.54,26.1,9.4387
20842.55,25.53,9.4387
20843.55,26.46,9.4387
20844.55,66.11,10.0836
20845.55,99.84,10.804
20846.55,100.23,11.453
20847.55,99.89,12.1443
20848.55,53.84,12.2217
20849.56,26.69,12.2705
20850.56,25.59,12.3199
20851.56,25.43,12.3199
20852.56,29.39,12.3199
20853.56,30.52,12.3199
20854.56,25.82,12.3199
20855.57,25.29,12.3199
20856.57,38.65,12.3199
20857.57,28.91,12.32
20858.57,25.82,12.32
20859.57,26.19,12.32
20860.57,26.79,12.32
20861.57,27.85,12.32
20862.58,44.57,12.32
20863.58,27.33,12.32
20864.58,25.43,12.32
20865.58,28.87,12.32
20866.58,29.91,12.32
20867.58,25.44,12.32
20868.58,25.21,12.32
20869.59,25.36,12.32
20870.59,26.3,12.32
20871.59,25.2,12.32
20872.59,26.05,12.3201
20873.59,25.35,12.3201
20874.59,25.46,12.3201
20875.6,33.07,12.3201
20876.6,29.43,12.3201
20877.6,25.47,12.3201
20878.6,28.39,12.3201
20879.6,47.18,12.3201
20880.6,28.6,12.3201
20881.61,25.79,12.3201
20882.61,29.94,12.3201
20883.61,25.42,12.3202
20884.61,27.29,12.3202
20885.61,28.36,12.3202
20886.61,25.48,12.3202
20887.62,26.05,12.3202
20888.62,25.21,12.3202
20889.62,25.33,12.3202
20890.62,25.94,12.3202
20891.62,27.14,12.3202
20892.62,25.45,12.3202
20893.63,25.2,12.3202
20894.63,25.31,12.3202
20895.63,25.21,12.3203
20896.63,25.29,12.3203
20897.63,25.51,12.3203
20898.63,25.21,12.3203
20899.64,26.19,12.3203
20900.64,26.64,12.3203
20901.64,25.36,12.3203
20902.64,25.85,12.3203
20903.64,27.35,12.3203
20904.64,27.89,12.3203
20905.65,25.39,12.3203
20906.65,25.31,12.3203
20907.65,30.63,12.3205
20908.65,25.28,12.3205
20909.65,25.6,12.3205
20910.65,31.4,12.3205
20911.65,38.73,12.3205
20912.66,25.23,12.3205
20913.66,25.2,12.3205
20914.66,25.3,12.3205
20915.66,25.13,12.3205
20916.66,25.28,12.3205
20917.66,25.2,12.3205
20918.67,25.22,12.3205
20919.67,25.32,12.3205
20920.67,25.55,12.3205
20921.67,26.0,12.3205
20922.67,26.18,12.3206
20923.67,26.37,12.3206
20924.67,31.83,12.3206
20925.68,25.22,12.3206
20926.68,25.63,12.3206
20927.68,26.77,12.3206
20928.68,25.17,12.3206
20929.68,25.19,12.3206
20930.68,25.31,12.3206
20931.68,25.21,12.3206
20932.69,25.32,12.3207
20933.69,25.31,12.3207
20934.69,25.21,12.3207
20935.69,61.73,12.3208
20936.69,100.16,12.4387
20937.69,82.38,12.4409
20938.69,25.26,12.4409
20939.7,25.77,12.4409
20940.7,25.22,12.4409
20941.7,25.2,12.4409
20942.7,26.77,12.441
20943.7,25.2,12.441
20944.7,25.47,12.441
20945.7,25.21,12.441
20946.71,25.21,12.441
20947.71,25.41,12.441
20948.71,25.21,12.441
20949.71,25.21,12.441
20950.71,25.62,12.441
20951.71,29.46,12.441
20952.72,25.33,12.4411
20953.72,25.32,12.4411
20954.72,25.65,12.4411
20955.72,25.13,12.4411
20956.72,25.22,12.4411
20957.72,25.32,12.4411
20958.73,25.21,12.4411
20959.73,25.68,12.4411
20960.73,25.2,12.4411
20961.73,25.28,12.4411
20962.73,25.27,12.4411
20963.73,64.76,12.436
20964.74,57.74,12.4363
20965.74,45.91,12.4363
20966.74,60.42,12.4416
20967.74,50.73,12.4444
20968.74,52.61,12.4587
20969.74,35.14,12.4588
20970.74,42.11,12.4428
20971.75,100.05,12.4618
20972.75,94.3,12.4637
20973.75,27.0,12.4637
20974.75,39.31,12.4637
20975.75,33.92,12.4637
20976.75,25.22,12.4637
20977.75,25.54,12.4637
20978.76,25.26,12.4637
20979.76,25.86,12.4637
20980.76,72.72,12.4688
20981.76,99.71,12.4692
20982.76,25.24,12.4692
20983.76,25.3,12.4692
20984.76,26.04,12.4692
20985.77,25.27,12.4692
20986.77,29.55,12.4693
20987.77,25.21,12.4693
20988.77,38.87,12.4693
20989.77,99.94,12.4761
20990.77,50.05,12.4761
20991.77,25.32,12.4761
20992.78,25.23,12.4763
20993.78,76.51,12.9953
20994.78,99.99,13.1722
20995.78,25.91,13.1722
20996.78,25.21,13.1722
20997.78,25.46,13.1722
20998.79,42.87,13.3167
20999.79,25.55,13.3167
21000.79,25.31,13.3167
21001.79,25.21,13.3167
21002.79,29.12,13.3171
21003.79,25.2,13.3171
21004.79,25.2,13.3171
21005.8,29.06,13.3172
21006.8,25.2,13.3172
21007.8,25.32,13.3172
21008.8,28.87,13.3172
21009.8,25.21,13.3172
21010.8,25.22,13.3172
21011.81,25.13,13.3172
21012.81,29.59,13.3174
21013.81,25.12,13.3174
21014.81,25.12,13.3174
21015.81,28.87,13.3174
21016.81,25.13,13.3174
21017.82,25.24,13.3174
21018.82,25.14,13.3174
21019.82,28.96,13.3177
21020.82,25.13,13.3177
21021.82,25.13,13.3177
21022.82,25.27,13.3177
21023.83,28.91,13.3179
21024.83,25.31,13.3179
21025.83,25.2,13.3179
21026.83,28.76,13.3179
21027.83,25.32,13.3179
21028.83,25.21,13.3179
21029.84,25.3,13.3179
21030.84,28.95,13.3179
21031.84,25.31,13.3179
21032.84,25.23,13.3179
21033.84,25.18,13.3179
21034.84,28.87,13.318
21035.85,25.15,13.318
21036.85,25.26,13.318
21037.85,25.18,13.318
21038.85,28.75,13.3182
21039.85,25.3,13.3182
21040.85,25.22,13.3182
21041.85,27.46,13.3182
21042.86,27.44,13.3182
21043.86,25.21,13.3182
21044.86,25.29,13.3182
21045.86,25.19,13.3182
21046.86,29.81,13.3184
21047.86,25.31,13.3184
21048.87,25.2,13.3184
21049.87,25.3,13.3184
21050.87,25.2,13.3184
21051.87,30.26,13.3184
21052.87,25.3,13.3184
21053.87,25.13,13.3184
21054.88,25.23,13.3184
21055.88,25.13,13.3184
21056.88,29.97,13.3184
21057.88,25.24,13.3185
21058.88,25.13,13.3185
21059.88,25.22,13.3185
21060.89,25.13,13.3185
21061.89,29.24,13.3186
21062.89,25.18,13.3186
21063.89,25.19,13.3186
21064.89,25.3,13.3186
21065.89,25.19,13.3186
21066.89,26.15,13.3186
21067.9,28.02,13.3186
21068.9,25.19,13.3188
21069.9,25.3,13.3188
21070.9,25.19,13.3188
21071.9,25.19,13.3188
21072.9,28.97,13.3188
21073.91,25.19,13.3188
21074.91,25.3,13.3188
21075.91,25.19,13.3188
21076.91,25.18,13.3188
21077.91,25.29,13.3188
21078.91,25.19,13.3188
21079.92,28.85,13.3189
21080.92,25.19,13.3189
21081.92,25.19,13.3189
21082.92,25.3,13.319
21083.92,25.16,13.319
21084.92,25.26,13.319
21085.92,25.55,13.319
21086.93,28.83,13.319
21087.93,25.3,13.319
21088.93,25.19,13.319
21089.93,25.21,13.319
21090.93,25.29,13.319
21091.93,25.19,13.319
21092.93,25.33,13.3191
21093.94,28.83,13.3192
21094.94,25.19,13.3192
21095.94,25.29,13.3192
21096.94,25.19,13.3192
21097.94,25.27,13.3192
21098.94,25.13,13.3192
21099.95,25.19,13.3192
21100.95,29.27,13.3194
21101.95,25.18,13.3194
21102.95,25.32,13.3195
21103.95,25.18,13.3195
21104.95,25.19,13.3195
21105.96,25.29,13.3195
21106.96,25.19,13.3195
21107.96,25.2,13.3195
21108.96,30.52,13.3195
21109.96,25.18,13.3195
21110.96,25.29,13.3195
21111.96,25.19,13.3195
21112.97,25.21,13.3195
21113.97,25.29,13.3195
21114.97,25.18,13.3195
21115.97,30.95,13.3196
21116.97,25.19,13.3196
21117.97,25.21,13.3197
21118.97,25.29,13.3197
21119.98,25.19,13.3197
21120.98,25.18,13.3197
21121.98,25.28,13.3197
21122.98,25.21,13.3197
21123.98,29.57,13.3199
21124.98,25.18,13.3199
21125.99,25.15,13.3199
21126.99,25.21,13.3199
21127.99,25.13,13.3199
21128.99,25.28,13.3199
21129.99,25.19,13.3199
21130.99,25.18,13.3199
21132.0,28.82,13.3199
21133.0,25.15,13.32
21134.0,25.22,13.32
21135.0,25.14,13.32
21136.0,25.18,13.32
21137.0,25.29,13.32
21138.01,25.2,13.32
21139.01,25.28,13.32
21140.01,28.81,13.3201
21141.01,25.15,13.3201
21142.01,25.22,13.3201
21143.01,25.15,13.3202
21144.02,25.22,13.3202
21145.02,25.12,13.3201
21146.02,25.12,13.3201
21147.02,25.23,13.3201
21148.02,25.14,13.3201
21149.02,28.88,13.3202
21150.02,25.18,13.3202
21151.03,25.18,13.3202
21152.03,25.28,13.3202
21153.03,25.21,13.3204
21154.03,25.18,13.3204
21155.03,25.28,13.3204
21156.03,25.19,13.3204
21157.04,25.28,13.3204
21158.04,25.19,13.3204
21159.04,28.97,13.3204
21160.04,25.19,13.3204
21161.04,25.18,13.3204
21162.04,25.3,13.3204
21163.04,25.21,13.3204
21164.05,25.18,13.3204
21165.05,25.29,13.3204
21166.05,25.18,13.3204
21167.05,29.57,13.3205
21168.05,25.19,13.3206
21169.05,25.18,13.3206
21170.06,25.3,13.3206
21171.06,25.19,13.3206
21172.06,25.24,13.3206
21173.06,25.15,13.3206
21174.06,25.16,13.3206
21175.06,25.29,13.3206
21176.07,31.11,13.3206
21177.07,25.28,13.3206
21178.07,25.19,13.3206
21179.07,25.16,13.3206
21180.07,25.27,13.3206
21181.07,25.14,13.3206
21182.07,25.15,13.3206
21183.08,25.27,13.3207
21184.08,25.11,13.3207
21185.08,25.54,13.3207
21186.08,30.0,13.3208
21187.08,25.19,13.3208
21188.08,25.29,13.3208
21189.09,25.18,13.3208
21190.09,25.3,13.3208
21191.09,25.18,13.3208
21192.09,25.18,13.3208
21193.09,25.31,13.321
21194.09,25.18,13.321
21195.1,29.0,13.3212
21196.1,25.18,13.3212
21197.1,25.18,13.3212
21198.1,25.29,13.3212
21199.1,25.18,13.3212
21200.1,25.31,13.3212
21201.1,25.18,13.3212
21202.11,25.19,13.3212
21203.11,25.32,13.3213
21204.11,28.77,13.3213
21205.11,25.29,13.3213
21206.11,25.19,13.3213
21207.11,25.18,13.3213
21208.12,25.3,13.3213
21209.12,25.19,13.3213
21210.12,25.29,13.3213
21211.12,25.19,13.3213
21212.12,25.19,13.3213
21213.12,25.31,13.3213
21214.13,28.74,13.3215
21215.13,25.22,13.3215
21216.13,25.16,13.3215
21217.13,25.18,13.3215
21218.13,25.29,13.3215
21219.13,25.18,13.3215
21220.13,25.3,13.3215
21221.14,25.18,13.3215
21222.14,25.19,13.3215
21223.14,25.31,13.3216
21224.14,28.76,13.3217
21225.14,25.29,13.3217
21226.14,25.17,13.3217
21227.15,25.19,13.3217
21228.15,25.3,13.3217
21229.15,25.18,13.3217
21230.15,25.29,13.3217
21231.15,25.18,13.3217
21232.15,25.2,13.3217
21233.15,25.3,13.3217
21234.16,29.69,13.3218
21235.16,25.19,13.3218
21236.16,25.28,13.3218
21237.16,25.13,13.3218
21238.16,25.29,13.3219
21239.16,25.19,13.3219
21240.17,25.18,13.3219
21241.17,25.27,13.3219
21242.17,25.12,13.3219
21243.17,25.25,13.3219
21244.17,31.25,13.3221
21245.17,25.19,13.3221
21246.18,25.29,13.3221
21247.18,25.18,13.3221
21248.18,25.3,13.3221
21249.18,25.19,13.3221
21250.18,25.19,13.3221
21251.18,25.28,13.3221
21252.19,25.19,13.3221
21253.19,30.16,13.3222
21254.19,25.14,13.3222
21255.19,25.11,13.3222
21256.19,25.21,13.3222
21257.19,25.12,13.3222
21258.19,25.22,13.3222
21259.2,25.18,13.3222
21260.2,25.19,13.3222
21261.2,25.28,13.3222
21262.2,25.15,13.3222
21263.2,28.94,13.3223
21264.2,25.17,13.3223
21265.21,25.17,13.3223
21266.21,25.28,13.3223
21267.21,25.19,13.3223
21268.21,25.29,13.3223
21269.21,25.18,13.3223
21270.21,25.19,13.3223
21271.22,25.29,13.3223
21272.22,25.19,13.3223
21273.22,28.98,13.3224
21274.22,25.18,13.3224
21275.22,25.19,13.3224
21276.22,25.22,13.3224
21277.23,25.14,13.3225
21278.23,25.22,13.3225
21279.23,25.13,13.3225
21280.23,25.23,13.3225
21281.23,25.17,13.3225
21282.23,25.19,13.3225
21283.23,28.96,13.3225
21284.24,25.27,13.3225
21285.24,25.14,13.3225
21286.24,25.22,13.3225
21287.24,25.14,13.3227
21288.24,25.22,13.3227
21289.24,25.17,13.3227
21290.25,25.19,13.3227
21291.25,25.29,13.3227
21292.25,25.18,13.3227
21293.25,28.68,13.3227
21294.25,25.42,13.3228
21295.25,25.18,13.3228
21296.25,25.3,13.3228
21297.26,25.19,13.3228
21298.26,25.2,13.3228
21299.26,25.27,13.3228
21300.26,25.2,13.3228
21301.26,25.29,13.3228
21302.26,25.19,13.3229
21303.27,30.44,13.323
21304.27,25.28,13.323
21305.27,25.18,13.323
21306.27,25.28,13.323
21307.27,25.19,13.323
21308.27,25.19,13.323
21309.28,25.29,13.323
21310.28,25.19,13.323
21311.28,25.29,13.323
21312.28,25.2,13.3232
21313.28,31.33,13.3233
21314.28,25.31,13.3233
21315.28,25.18,13.3233
21316.29,25.19,13.3233
21317.29,25.33,13.3233
21318.29,25.14,13.3233
21319.29,25.17,13.3234
21320.29,25.28,13.3234
21321.29,25.18,13.3234
21322.29,25.2,13.3235
21323.3,29.63,13.3236
21324.3,25.11,13.3236
21325.3,25.21,13.3236
21326.3,25.11,13.3236
21327.3,25.22,13.3236
21328.3,25.12,13.3236
21329.31,25.12,13.3236
21330.31,25.27,13.3236
21331.31,25.17,13.3236
21332.31,25.29,13.3236
21333.31,25.2,13.3238
21334.31,28.96,13.3238
21335.32,25.12,13.3238
21336.32,25.14,13.3238
21337.32,25.24,13.3238
21338.32,25.19,13.3238
21339.32,25.29,13.3238
21340.32,25.18,13.3238
21341.33,25.18,13.3238
21342.33,25.29,13.3238
21343.33,25.2,13.3238
21344.33,25.28,13.3238
21345.33,28.91,13.3239
21346.33,25.18,13.3239
21347.34,25.31,13.3239
21348.34,25.18,13.3239
21349.34,25.28,13.3239
21350.34,25.18,13.3239
21351.34,25.18,13.3239
21352.34,25.3,13.3239
21353.35,25.21,13.3239
21354.35,25.29,13.3239
21355.35,25.18,13.3239
21356.35,28.77,13.3241
21357.35,25.3,13.3241
21358.35,25.19,13.3241
21359.36,25.28,13.3241
21360.36,25.18,13.3241
21361.36,25.18,13.3241
21362.36,25.3,13.3241
21363.36,25.22,13.3241
21364.36,25.22,13.3241
21365.36,25.29,13.3241
21366.37,29.16,13.3241
21367.37,25.29,13.3242
21368.37,25.18,13.3242
21369.37,25.21,13.3242
21370.37,25.29,13.3242
21371.37,25.18,13.3242
21372.37,25.2,13.3242
21373.38,25.3,13.3242
21374.38,25.19,13.3242
21375.38,31.32,13.3244
21376.38,25.18,13.3244
21377.38,25.2,13.3244
21378.38,25.29,13.3244
21379.39,25.19,13.3244
21380.39,25.29,13.3244
21381.39,25.18,13.3244
21382.39,25.15,13.3244
21383.39,25.23,13.3244
21384.39,25.13,13.3244
21385.4,25.23,13.3244
21386.4,30.65,13.3245
21387.4,25.31,13.3246
21388.4,25.19,13.3246
21389.4,25.18,13.3246
21390.4,25.22,13.3246
21391.41,25.12,13.3246
21392.41,25.24,13.3248
21393.41,25.16,13.3248
21394.41,25.12,13.3248
21395.41,25.27,13.3248
21396.41,28.92,13.3249
21397.42,25.27,13.3249
21398.42,25.18,13.3249
21399.42,25.18,13.3249
21400.42,25.28,13.3249
21401.42,25.18,13.3249
21402.42,25.26,13.325
21403.42,25.13,13.325
21404.43,25.13,13.325
21405.43,25.23,13.325
21406.43,25.13,13.325
21407.43,28.91,13.325
21408.43,25.18,13.325
21409.43,25.28,13.325
21410.44,25.18,13.325
21411.44,25.17,13.325
21412.44,25.27,13.3251
21413.44,25.13,13.3251
21414.44,25.21,13.3251
21415.44,25.13,13.3251
21416.45,25.13,13.3251
21417.45,25.25,13.3251
21418.45,28.82,13.3252
21419.45,25.29,13.3252
21420.45,25.19,13.3252
21421.45,25.19,13.3252
21422.46,25.3,13.3252
21423.46,25.19,13.3254
21424.46,25.26,13.3254
21425.46,25.16,13.3254
21426.46,25.18,13.3254
21427.46,25.28,13.3254
21428.46,25.2,13.3254
21429.47,28.86,13.3254
21430.47,25.3,13.3254
21431.47,25.19,13.3254
21432.47,25.2,13.3254
21433.47,25.3,13.3255
21434.47,25.18,13.3255
21435.48,25.29,13.3255
21436.48,25.19,13.3255
21437.48,25.21,13.3255
21438.48,25.29,13.3255
21439.48,30.67,13.3256
21440.48,25.31,13.3256
21441.48,25.2,13.3256
21442.49,25.21,13.3256
21443.49,25.34,13.3256
21444.49,25.21,13.3256
21445.49,25.18,13.3256
21446.49,25.28,13.3256
21447.49,25.19,13.3257
21448.49,25.24,13.3257
21449.5,25.14,13.3257
21450.5,31.09,13.3257
21451.5,25.27,13.3257
21452.5,25.2,13.3257
21453.5,25.31,13.3257
21454.5,25.19,13.3257
21455.51,25.19,13.3257
21456.51,25.29,13.3257
21457.51,25.2,13.3259
21458.51,25.23,13.3259
21459.51,25.17,13.3259
21460.51,29.2,13.3262
21461.52,25.28,13.3262
21462.52,25.2,13.3262
21463.52,25.3,13.3262
21464.52,25.19,13.3262
21465.52,25.18,13.3262
21466.52,25.29,13.3262
21467.53,25.2,13.3262
21468.53,25.29,13.3262
21469.53,25.19,13.3262
21470.53,26.09,13.3262
21471.53,27.95,13.3263
21472.53,25.2,13.3263
21473.54,25.31,13.3263
21474.54,25.2,13.3263
21475.54,25.3,13.3263
21476.54,25.2,13.3263
21477.54,25.21,13.3263
21478.54,25.28,13.3263
21479.55,29.78,13.3263
21480.55,25.27,13.3263
21481.55,25.19,13.3263
21482.55,28.93,13.3265
21483.55,25.31,13.3265
21484.55,25.19,13.3265
21485.56,25.3,13.3265
21486.56,25.2,13.3265
21487.56,25.21,13.3265
21488.56,25.3,13.3265
21489.56,25.16,13.3265
21490.56,25.24,13.3265
21491.57,25.13,13.3265
21492.57,25.27,13.3267
21493.57,28.93,13.3268
21494.57,25.19,13.3268
21495.57,25.29,13.3268
21496.57,25.12,13.3268
21497.57,25.28,13.3268
21498.58,25.18,13.3268
21499.58,25.16,13.3268
21500.58,25.26,13.3268
21501.58,25.14,13.3268
21502.58,25.13,13.3268
21503.58,29.89,13.3268
21504.59,25.18,13.3268
21505.59,25.28,13.3268
21506.59,25.19,13.3268
21507.59,25.19,13.3268
21508.59,25.29,13.3268
21509.59,25.2,13.3268
21510.6,25.29,13.3268
21511.6,25.2,13.3268
21512.6,25.21,13.3268
21513.6,25.31,13.3269
21514.6,31.47,13.3272
21515.6,25.3,13.3272
21516.6,25.21,13.3272
21517.61,25.21,13.3272
21518.61,25.3,13.3272
21519.61,25.19,13.3272
21520.61,25.29,13.3272
21521.61,25.2,13.3272
21522.61,25.23,13.3272
21523.61,25.32,13.3272
21524.62,29.82,13.3272
21525.62,25.16,13.3272
21526.62,25.25,13.3272
21527.62,25.15,13.3272
21528.62,25.13,13.3272
21529.62,25.25,13.3272
21530.62,25.13,13.3272
21531.63,25.13,13.3272
21532.63,25.27,13.3273
21533.63,25.13,13.3273
21534.63,25.24,13.3273
21535.63,28.82,13.3276
21536.63,25.16,13.3276
21537.64,25.27,13.3276
21538.64,25.16,13.3276
21539.64,25.28,13.3276
21540.64,25.18,13.3276
21541.64,25.18,13.3276
21542.64,25.32,13.3277
21543.65,25.15,13.3277
21544.65,25.23,13.3277
21545.65,25.13,13.3277
21546.65,28.83,13.3277
21547.65,25.19,13.3278
21548.65,25.18,13.3278
21549.66,25.25,13.3278
21550.66,25.13,13.3278
21551.66,25.23,13.3278
21552.66,25.2,13.3278
21553.66,25.21,13.3278
21554.66,25.3,13.3278
21555.66,25.19,13.3278
21556.67,25.19,13.3278
21557.67,28.92,13.3279
21558.67,25.18,13.3279
21559.67,25.29,13.3279
21560.67,25.19,13.3279
21561.67,25.19,13.3279
21562.68,25.32,13.3279
21563.68,25.18,13.3279
21564.68,25.29,13.3279
21565.68,25.2,13.3279
21566.68,25.19,13.3279
21567.68,25.3,13.3279
21568.69,25.2,13.3279
21569.69,29.53,13.3279
21570.69,25.2,13.3279
21571.69,25.2,13.3279
21572.69,25.32,13.3282
21573.69,25.19,13.3282
21574.69,25.3,13.3282
21575.7,25.21,13.3282
21576.7,25.19,13.3282
21577.7,25.3,13.3282
21578.7,25.18,13.3282
21579.7,31.23,13.3282
21580.7,25.3,13.3282
21581.7,25.18,13.3282
21582.71,25.21,13.3282
21583.71,25.28,13.3282
21584.71,25.19,13.3282
21585.71,25.29,13.3282
21586.71,25.19,13.3282
21587.71,25.29,13.3283
21588.72,25.19,13.3283
21589.72,30.47,13.3284
21590.72,25.28,13.3284
21591.72,25.18,13.3284
21592.72,25.31,13.3285
21593.72,25.18,13.3285
21594.73,25.28,13.3285
21595.73,25.19,13.3285
21596.73,25.19,13.3285
21597.73,25.3,13.3285
21598.73,25.18,13.3285
21599.73,25.28,13.3285
21600.74,28.86,13.3287
21601.74,25.18,13.3287
21602.74,25.31,13.3288
21603.74,25.18,13.3288
21604.74,25.28,13.3288
21605.74,25.15,13.3288
21606.75,25.12,13.3288
21607.75,25.23,13.3288
21608.75,25.11,13.3288
21609.75,25.26,13.3288
21610.75,27.77,13.3288
21611.75,26.25,13.3288
21612.76,25.3,13.3288
21613.76,25.18,13.3288
21614.76,25.3,13.3288
21615.76,25.18,13.3288
21616.76,25.19,13.3288
21617.76,25.29,13.3288
21618.77,25.18,13.3288
21619.77,25.2,13.3288
21620.77,25.28,13.3288
21621.77,25.19,13.3288
21622.77,28.92,13.3291
21623.77,25.18,13.3291
21624.77,25.28,13.3291
21625.78,25.18,13.3291
21626.78,25.15,13.3291
21627.78,25.26,13.3291
21628.78,25.15,13.3291
21629.78,25.26,13.3291
21630.79,25.16,13.3291
21631.79,25.29,13.3291
21632.79,25.21,13.3291
21633.79,28.84,13.3293
21634.79,25.21,13.3293
21635.79,25.11,13.3293
21636.79,25.23,13.3293
21637.8,25.19,13.3293
21638.8,25.18,13.3293
21639.8,25.26,13.3293
21640.8,25.17,13.3293
21641.8,25.14,13.3293
21642.8,25.24,13.3294
21643.81,25.11,13.3294
21644.81,31.2,13.3295
21645.81,25.17,13.3295
21646.81,25.18,13.3295
21647.81,25.29,13.3295
21648.81,25.19,13.3295
21649.82,25.28,13.3295
21650.82,25.19,13.3295
21651.82,25.19,13.3295
21652.82,25.31,13.3295
21653.82,25.18,13.3295
21654.82,25.29,13.3295
21655.83,30.99,13.3296
21656.83,25.29,13.3296
21657.83,25.2,13.3296
21658.83,25.19,13.3296
21659.83,25.29,13.3296
21660.83,25.19,13.3296
21661.84,25.28,13.3296
21662.84,25.21,13.3297
21663.84,25.18,13.3297
21664.84,25.29,13.3297
21665.84,28.76,13.3297
21666.84,25.27,13.3297
21667.85,25.18,13.3297
21668.85,25.17,13.3297
21669.85,25.23,13.3297
21670.85,25.15,13.3297
21671.85,25.29,13.3297
21672.85,25.16,13.3299
21673.85,25.29,13.3299
21674.86,25.19,13.3299
21675.86,25.19,13.3299
21676.86,28.87,13.3299
21677.86,25.21,13.33
21678.86,25.3,13.33
21679.86,25.19,13.33
21680.87,25.14,13.33
21681.87,25.24,13.33
21682.87,25.2,13.33
21683.87,25.28,13.33
21684.87,25.16,13.33
21685.87,25.16,13.33
21686.87,25.29,13.33
21687.88,25.2,13.33
21688.88,28.76,13.3301
21689.88,25.28,13.3301
21690.88,25.19,13.3301
21691.88,25.28,13.3301
21692.88,25.23,13.3301
21693.89,25.19,13.3301
21694.89,25.3,13.3301
21695.89,25.19,13.3301
21696.89,25.19,13.3301
21697.89,25.3,13.3302
21698.89,25.18,13.3302
21699.89,28.84,13.3302
21700.9,25.17,13.3302
21701.9,25.17,13.3302
21702.9,25.31,13.3302
21703.9,25.19,13.3302
21704.9,25.29,13.3302
21705.9,25.18,13.3302
21706.91,25.18,13.3302
21707.91,25.29,13.3304
21708.91,25.18,13.3304
21709.91,25.28,13.3304
21710.91,30.79,13.331
21711.92,25.28,13.331
21712.92,25.21,13.331
21713.92,25.19,13.331
21714.92,25.31,13.331
21715.92,25.18,13.331
21716.92,25.13,13.331
21717.92,25.3,13.331
21718.93,25.18,13.331
21719.93,25.29,13.331
21720.93,31.23,13.3311
21721.93,25.29,13.3311
21722.93,25.21,13.3312
21723.93,25.17,13.3312
21724.94,25.26,13.3313
21725.94,25.14,13.3313
21726.94,25.24,13.3313
21727.94,25.15,13.3313
21728.94,25.14,13.3313
21729.94,25.26,13.3313
21730.94,25.13,13.3313
21731.95,29.07,13.3313
21732.95,25.82,13.3314
21733.95,25.18,13.3314
21734.95,25.29,13.3314
21735.95,25.13,13.3314
21736.95,25.12,13.3314
21737.96,25.24,13.3314
21738.96,25.16,13.3314
21739.96,25.27,13.3314
21740.96,25.17,13.3314
21741.96,25.3,13.3314
21742.96,28.82,13.3316
21743.97,25.19,13.3316
21744.97,25.29,13.3316
21745.97,25.14,13.3316
21746.97,25.28,13.3316
21747.97,25.19,13.3316
21748.97,25.18,13.3316
21749.98,25.28,13.3316
21750.98,25.19,13.3316
21751.98,25.29,13.3316
21752.98,25.25,13.3317
21753.98,28.86,13.3317
21754.98,25.29,13.3317
21755.99,25.19,13.3317
21756.99,25.29,13.3317
21757.99,25.2,13.3317
21758.99,25.19,13.3317
21759.99,25.3,13.3317
21760.99,25.19,13.3317
21761.99,25.3,13.3317
21763.0,25.21,13.3317
21764.0,25.18,13.3317
21765.0,25.32,13.3317
21766.0,28.77,13.3317
21767.0,25.18,13.3317
21768.0,25.23,13.3318
21769.0,25.13,13.3318
21770.01,25.13,13.3318
21771.01,25.25,13.3318
21772.01,25.13,13.3318
21773.01,25.16,13.3318
21774.01,25.26,13.3318
21775.01,25.15,13.3318
21776.01,30.35,13.3322
21777.02,25.27,13.3322
21778.02,25.2,13.3322
21779.02,25.29,13.3322
21780.02,25.2,13.3322
21781.02,25.19,13.3322
21782.02,25.29,13.3322
21783.02,25.24,13.3323
21784.03,25.19,13.3323
21785.03,25.29,13.3323
21786.03,25.18,13.3323
21787.03,31.55,13.3323
21788.03,25.19,13.3323
21789.03,25.18,13.3323
21790.04,25.29,13.3323
21791.04,25.18,13.3323
21792.04,25.27,13.3323
21793.04,25.21,13.3323
21794.04,25.28,13.3323
21795.04,25.19,13.3323
21796.05,25.19,13.3323
21797.05,29.23,13.3323
21798.05,25.17,13.3323
21799.05,25.29,13.3323
21800.05,25.2,13.3323
21801.05,25.2,13.3323
21802.06,25.29,13.3323
21803.06,25.22,13.3324
21804.06,25.28,13.3324
21805.06,25.19,13.3324
21806.06,25.28,13.3324
21807.06,25.19,13.3324
21808.07,28.85,13.3325
21809.07,25.29,13.3327
21810.07,25.19,13.3327
21811.07,25.31,13.3327
21812.07,25.14,13.3327
21813.07,25.16,13.3328
21814.08,25.23,13.3328
21815.08,25.13,13.3328
21816.08,25.23,13.3328
21817.08,25.19,13.3328
21818.08,25.19,13.3328
21819.08,28.99,13.3328
21820.09,25.2,13.3328
21821.09,25.29,13.3328
21822.09,25.19,13.3328
21823.09,25.21,13.3329
21824.09,25.3,13.3329
21825.09,25.19,13.3329
21826.09,25.29,13.3329
21827.1,25.18,13.3329
21828.1,25.17,13.3329
21829.1,25.29,13.3329
21830.1,28.84,13.333
21831.1,25.29,13.333
21832.1,25.18,13.333
21833.11,25.22,13.333
21834.11,25.28,13.333
21835.11,25.19,13.333
21836.11,25.29,13.333
21837.11,25.18,13.333
21838.11,25.19,13.3331
21839.12,25.29,13.3331
21840.12,25.18,13.3331
21841.12,29.87,13.3331
21842.12,25.19,13.3331
21843.12,25.21,13.3331
21844.12,25.25,13.3331
21845.13,25.15,13.3331
21846.13,25.28,13.3331
21847.13,25.19,13.3331
21848.13,25.28,13.3331
21849.13,25.19,13.3331
21850.13,25.2,13.3331
21851.14,25.27,13.3331
21852.14,31.51,13.3333
21853.14,25.29,13.3334
21854.14,25.16,13.3334
21855.14,25.17,13.3334
21856.14,25.28,13.3334
21857.15,25.17,13.3334
21858.15,25.25,13.3334
21859.15,25.13,13.3334
21860.15,25.24,13.3334
21861.15,25.13,13.3334
21862.15,25.14,13.3334
21863.16,29.96,13.3335
21864.16,25.18,13.3335
21865.16,25.18,13.3335
21866.16,25.29,13.3335
21867.16,25.19,13.3336
21868.16,25.3,13.3336
21869.16,25.19,13.3336
21870.17,25.17,13.3336
21871.17,25.28,13.3336
21872.17,25.18,13.3336
21873.17,28.95,13.3339
21874.17,25.19,13.3339
21875.17,25.2,13.3339
21876.17,25.32,13.3339
21877.18,25.19,13.3339
21878.18,25.19,13.3339
21879.18,25.28,13.3339
21880.18,25.18,13.3339
21881.18,25.29,13.3339
21882.18,25.19,13.3339
21883.19,25.16,13.3339
21884.19,29.01,13.334
21885.19,25.17,13.334
21886.19,25.28,13.334
21887.19,25.18,13.334
21888.19,25.2,13.334
21889.19,25.31,13.334
21890.2,25.19,13.334
21891.2,25.2,13.334
21892.2,25.32,13.334
21893.2,25.22,13.334
21894.2,25.19,13.334
21895.2,29.0,13.3341
21896.21,25.16,13.3341
21897.21,25.28,13.3341
21898.21,25.2,13.3341
21899.21,25.19,13.3341
21900.21,25.3,13.3341
21901.21,25.21,13.3341
21902.22,25.31,13.3341
21903.22,25.24,13.3341
21904.22,25.32,13.3341
21905.22,25.21,13.3341
21906.22,25.21,13.3341
21907.22,29.68,13.3344
21908.23,25.22,13.3344
21909.23,25.32,13.3344
21910.23,25.22,13.3344
21911.23,25.21,13.3344
21912.23,25.28,13.3344
21913.23,25.21,13.3344
21914.24,25.3,13.3344
21915.24,25.16,13.3344
21916.24,25.23,13.3344
21917.24,25.19,13.3345
21918.24,31.42,13.3345
21919.24,25.29,13.3345
21920.25,25.19,13.3345
21921.25,25.23,13.3345
21922.25,25.15,13.3345
21923.25,25.25,13.3345
21924.25,25.13,13.3345
21925.25,25.13,13.3345
21926.26,25.23,13.3345
21927.26,25.15,13.3346
21928.26,30.28,13.3346
21929.26,25.18,13.3346
21930.26,25.19,13.3346
21931.26,25.36,13.3346
21932.26,25.15,13.3346
21933.27,25.15,13.3346
21934.27,25.24,13.3346
21935.27,25.2,13.3346
21936.27,25.29,13.3346
21937.27,25.21,13.3346
21938.27,25.18,13.3346
21939.28,28.99,13.3347
21940.28,25.21,13.3348
21941.28,25.3,13.3348
21942.28,25.21,13.3348
21943.28,25.23,13.3348
21944.28,25.31,13.3348
21945.28,25.19,13.3348
21946.29,25.21,13.3348
21947.29,25.28,13.3348
21948.29,25.17,13.3348
21949.29,25.17,13.3348
21950.29,28.93,13.335
21951.29,25.19,13.335
21952.29,25.22,13.3351
21953.3,25.26,13.3351
21954.3,25.14,13.3351
21955.3,25.23,13.3351
21956.3,25.12,13.3351
21957.3,25.21,13.3351
21958.3,25.31,13.3351
21959.31,25.21,13.3351
21960.31,25.3,13.3351
21961.31,25.21,13.3351
21962.31,28.93,13.3352
21963.31,25.32,13.3353
21964.31,25.2,13.3353
21965.32,25.3,13.3353
21966.32,25.13,13.3353
21967.32,25.23,13.3353
21968.32,25.12,13.3353
21969.32,25.13,13.3353
21970.32,25.22,13.3353
21971.33,25.12,13.3353
21972.33,25.23,13.3353
21973.33,25.15,13.3353
21974.33,29.41,13.3354
21975.33,25.29,13.3354
21976.33,25.2,13.3354
21977.34,25.32,13.3356
21978.34,25.2,13.3356
21979.34,25.2,13.3356
21980.34,25.3,13.3356
21981.34,25.2,13.3356
21982.34,25.31,13.3356
21983.35,25.22,13.3356
21984.35,27.03,13.3356
21985.35,29.79,13.3356
21986.35,25.13,13.3356
21987.35,25.24,13.3357
21988.35,25.13,13.3357
21989.36,25.23,13.3357
21990.36,25.13,13.3357
21991.36,25.2,13.3357
21992.36,25.32,13.3357
21993.36,25.21,13.3357
21994.36,25.23,13.3357
21995.37,30.18,13.3357
21996.37,25.3,13.3357
21997.37,25.2,13.3358
21998.37,25.21,13.3358
21999.37,25.31,13.3358
22000.37,25.2,13.3358
22001.38,25.3,13.3358
22002.38,25.33,13.3358
22003.38,25.22,13.3358
22004.38,28.87,13.3359
22005.38,39.93,9.0718
22006.38,90.49,2.6603
22007.38,78.02,2.9975
22008.39,69.79,3.1534
22009.39,90.38,3.4265
22010.39,83.89,3.7647
22011.39,77.21,4.0212
22012.39,78.0,4.319
22013.39,77.47,4.5602
22014.39,75.64,4.7818
22015.39,76.28,4.9887
22016.4,75.6,5.1991
22017.4,76.02,5.4105
22018.4,75.64,6.0633
22019.4,66.37,6.7954
22020.4,42.8,7.6649
22021.4,99.89,8.6692
22022.41,90.62,9.3382
22023.41,26.15,9.4824
22024.41,25.22,9.4824
22025.41,66.22,9.4839
22026.41,77.45,9.4844
22027.41,75.73,9.4861
22028.41,76.2,9.4874
22029.41,75.81,9.4878
22030.42,75.39,9.4882
22031.42,70.26,9.4891
22032.42,66.78,9.484
22033.42,46.28,9.4846
22034.42,46.12,9.4875
22035.42,43.86,9.4875
22036.42,43.03,9.4875
22037.43,30.48,9.4876
22038.43,25.93,9.4876
22039.43,43.25,9.4876
22040.43,55.54,9.9152
22041.43,100.19,10.6977
22042.43,99.89,11.3467
22043.43,100.2,12.0253
22044.44,53.01,12.2748
22045.44,28.89,12.323
22046.44,32.68,12.3244
22047.44,31.35,12.3244
22048.44,28.38,12.3244
22049.44,40.27,12.3244
22050.45,37.54,12.325
22051.45,28.96,12.325
22052.45,43.12,12.325
22053.45,34.01,12.3266
22054.45,45.74,12.3266
22055.45,29.48,12.3223
22056.46,25.37,12.3223
22057.46,27.98,12.3223
22058.46,29.64,12.3223
22059.46,26.51,12.3223
22060.46,28.36,12.3223
22061.46,25.18,12.3223
22062.47,25.21,12.3223
22063.47,25.33,12.3224
22064.47,25.36,12.3224
22065.47,33.78,12.3224
22066.47,30.87,12.3223
22067.47,27.08,12.3225
22068.47,28.96,12.3225
22069.47,38.54,12.3244
22070.48,25.3,12.3244
22071.48,32.28,12.3244
22072.48,30.9,12.3244
22073.48,25.29,12.3244
22074.48,27.48,12.3244
22075.48,28.01,12.3244
22076.49,26.18,12.3244
22077.49,25.34,12.3244
22078.49,37.45,12.3244
22079.49,25.32,12.3244
22080.49,27.41,12.3244
22081.49,25.85,12.3244
22082.5,33.63,12.3244
22083.5,25.18,12.3244
22084.5,25.23,12.3244
22085.5,25.28,12.3244
22086.5,25.41,12.3244
22087.5,25.21,12.3245
22088.51,25.3,12.3245
22089.51,25.4,12.3245
22090.51,25.84,12.3245
22091.51,26.43,12.3245
22092.51,27.71,12.3245
22093.51,25.89,12.3245
22094.52,25.31,12.3245
22095.52,25.21,12.3245
22096.52,25.31,12.3245
22097.52,25.22,12.3245
22098.52,27.21,12.3245
22099.52,26.14,12.3247
22100.53,25.23,12.3247
22101.53,25.32,12.3247
22102.53,25.31,12.3247
22103.53,25.33,12.3247
22104.53,25.21,12.3247
22105.53,25.23,12.3247
22106.53,25.35,12.3247
22107.54,25.23,12.3248
22108.54,25.88,12.3248
22109.54,25.85,12.3248
22110.54,25.41,12.3248
22111.54,34.38,12.3251
22112.55,25.12,12.3251
22113.55,25.31,12.3251
22114.55,25.82,12.3251
22115.55,26.11,12.3251
22116.55,25.35,12.3251
22117.55,25.21,12.3251
22118.56,25.42,12.3251
22119.56,25.22,12.3251
22120.56,25.35,12.3251
22121.56,26.16,12.3251
22122.56,25.62,12.3251
22123.56,25.31,12.3253
22124.57,35.16,12.3253
22125.57,100.21,12.3561
22126.57,99.49,12.4366
22127.57,34.31,12.4366
22128.57,25.31,12.4366
22129.57,25.31,12.4366
22130.57,25.21,12.4366
22131.58,25.41,12.4366
22132.58,25.22,12.4367
22133.58,25.33,12.4367
22134.58,25.28,12.4367
22135.58,25.21,12.4367
22136.58,25.31,12.4367
22137.59,25.21,12.4367
22138.59,30.19,12.4367
22139.59,25.19,12.4367
22140.59,25.39,12.4367
22141.59,26.43,12.4367
22142.59,25.21,12.4367
22143.6,25.32,12.4367
22144.6,25.89,12.4369
22145.6,25.3,12.4369
22146.6,25.2,12.4369
22147.6,25.21,12.4369
22148.6,25.42,12.4369
22149.61,25.37,12.4369
22150.61,75.2,12.4372
22151.61,71.31,12.4372
22152.61,31.24,12.4372
22153.61,27.0,12.4372
22154.61,27.06,12.4372
22155.62,25.69,12.4372
22156.62,25.65,12.4373
22157.62,40.81,12.4379
22158.62,100.2,12.4575
22159.62,68.05,12.4605
22160.62,25.21,12.4605
22161.62,25.32,12.4605
22162.63,25.23,12.4605
22163.63,25.3,12.4605
22164.63,25.21,12.4605
22165.63,25.2,12.4605
22166.63,25.32,12.4605
22167.63,64.74,12.4606
22168.63,99.77,12.4608
22169.64,34.55,12.4608
22170.64,25.21,12.4608
22171.64,25.21,12.4608
22172.64,26.3,12.461
22173.64,25.2,12.461
22174.64,25.31,12.461
22175.65,25.2,12.461
22176.65,27.15,12.461
22177.65,100.09,12.461
22178.65,76.7,12.461
22179.65,25.58,12.461
22180.65,25.2,12.461
22181.65,25.2,12.461
22182.66,75.23,12.9406
22183.66,99.84,13.1659
22184.66,31.68,13.1659
22185.66,25.2,13.1659
22186.66,25.2,13.1659
22187.66,43.67,13.2914
22188.66,25.2,13.2914
22189.67,25.19,13.2914
22190.67,25.3,13.2914
22191.67,29.11,13.2916
22192.67,25.34,13.2916
22193.67,25.21,13.2916
22194.67,25.21,13.2916
22195.67,29.12,13.2918
22196.68,25.2,13.2917
22197.68,25.21,13.2917
22198.68,29.11,13.292
22199.68,25.2,13.292
22200.68,25.21,13.292
22201.68,25.31,13.292
22202.68,28.87,13.292
22203.69,25.19,13.292
22204.69,25.31,13.292
22205.69,25.2,13.292
22206.69,29.3,13.2921
22207.69,25.57,13.2922
22208.69,25.2,13.2922
22209.7,25.31,13.2922
22210.7,29.49,13.2922
22211.7,25.3,13.2922
22212.7,25.23,13.2922
22213.7,25.2,13.2922
22214.7,29.13,13.2922
22215.71,25.2,13.2922
22216.71,25.3,13.2922
22217.71,28.9,13.2924
22218.71,25.19,13.2924
22219.71,25.3,13.2924
22220.71,25.21,13.2924
22221.71,27.83,13.2924
22222.72,26.31,13.2924
22223.72,25.2,13.2924
22224.72,25.3,13.2924
22225.72,29.9,13.2924
22226.72,25.3,13.2924
22227.72,25.2,13.2925
22228.73,25.2,13.2925
22229.73,28.95,13.2926
22230.73,25.2,13.2926
22231.73,25.31,13.2926
22232.73,25.22,13.2926
22233.73,28.86,13.2926
22234.74,25.3,13.2926
22235.74,25.2,13.2926
22236.74,25.31,13.2926
22237.74,28.95,13.2926
22238.74,25.21,13.2926
22239.74,25.66,13.2926
22240.74,25.19,13.2926
22241.75,25.2,13.2926
22242.75,29.02,13.2927
22243.75,25.2,13.2927
22244.75,25.3,13.2927
22245.75,25.2,13.2927
22246.75,25.3,13.2927
22247.76,29.59,13.2928
22248.76,25.19,13.2928
22249.76,25.3,13.2928
22250.76,25.21,13.2928
22251.76,25.29,13.2928
22252.76,30.17,13.293
22253.77,25.2,13.293
22254.77,25.31,13.293
22255.77,25.2,13.293
22256.77,25.31,13.293
22257.77,25.2,13.293
22258.77,30.14,13.2931
22259.78,25.21,13.2931
22260.78,25.18,13.2931
22261.78,25.3,13.2931
22262.78,25.23,13.2932
22263.78,25.3,13.2932
22264.78,30.01,13.2932
22265.79,25.2,13.2932
22266.79,25.3,13.2932
22267.79,25.21,13.2932
22268.79,25.3,13.2932
22269.79,25.21,13.2932
22270.79,25.19,13.2932
22271.8,29.15,13.2932
22272.8,25.22,13.2932
22273.8,25.3,13.2932
22274.8,25.2,13.2932
22275.8,25.2,13.2932
22276.8,25.3,13.2932
22277.81,28.9,13.2935
22278.81,25.25,13.2935
22279.81,25.15,13.2935
22280.81,25.2,13.2935
22281.81,25.24,13.2935
22282.81,25.16,13.2935
22283.81,25.21,13.2935
22284.82,25.29,13.2935
22285.82,28.79,13.2935
22286.82,25.24,13.2935
22287.82,25.13,13.2935
22288.82,25.17,13.2935
22289.82,25.3,13.2935
22290.82,25.18,13.2935
22291.83,25.5,13.2935
22292.83,28.88,13.2937
22293.83,25.11,13.2937
22294.83,25.21,13.2937
22295.83,25.11,13.2937
22296.83,25.12,13.2937
22297.84,25.23,13.2937
22298.84,25.13,13.2937
22299.84,25.24,13.2937
22300.84,28.83,13.2938
22301.84,25.16,13.2938
22302.84,25.3,13.2938
22303.85,25.18,13.2938
22304.85,25.28,13.2938
22305.85,25.18,13.2938
22306.85,25.19,13.2938
22307.85,25.29,13.2938
22308.85,29.16,13.2938
22309.85,25.19,13.2938
22310.86,25.25,13.2939
22311.86,25.19,13.2939
22312.86,25.31,13.294
22313.86,25.19,13.294
22314.86,25.19,13.294
22315.86,25.3,13.294
22316.87,30.69,13.294
22317.87,25.23,13.294
22318.87,25.17,13.294
22319.87,25.17,13.294
22320.87,25.27,13.294
22321.87,25.16,13.294
22322.87,25.24,13.294
22323.88,25.11,13.294
22324.88,25.11,13.294
22325.88,31.2,13.294
22326.88,25.18,13.294
22327.88,25.17,13.2942
22328.88,25.23,13.2942
22329.89,25.13,13.2942
22330.89,25.22,13.2942
22331.89,25.13,13.2942
22332.89,25.15,13.2942
22333.89,29.26,13.2943
22334.89,25.18,13.2943
22335.9,25.28,13.2943
22336.9,25.19,13.2943
22337.9,25.2,13.2944
22338.9,25.29,13.2944
22339.9,25.18,13.2944
22340.9,25.29,13.2944
22341.9,25.19,13.2944
22342.91,28.91,13.2946
22343.91,25.29,13.2946
22344.91,25.17,13.2946
22345.91,25.21,13.2946
22346.91,25.29,13.2946
22347.91,25.19,13.2946
22348.91,25.18,13.2946
22349.92,25.27,13.2946
22350.92,25.14,13.2946
22351.92,25.14,13.2946
22352.92,29.02,13.2948
22353.92,25.15,13.2948
22354.92,25.28,13.2948
22355.92,25.18,13.2948
22356.93,25.12,13.2948
22357.93,25.27,13.2948
22358.93,25.13,13.2949
22359.93,25.13,13.2949
22360.93,25.23,13.2949
22361.93,27.63,13.2949
22362.93,26.56,13.2949
22363.94,25.17,13.2949
22364.94,25.18,13.2949
22365.94,25.29,13.2949
22366.94,25.18,13.2949
22367.94,25.19,13.2949
22368.94,25.29,13.2949
22369.95,25.18,13.2949
22370.95,25.31,13.2949
22371.95,28.86,13.2949
22372.95,25.21,13.295
22373.95,25.22,13.295
22374.95,25.11,13.295
22375.95,25.25,13.295
22376.96,25.12,13.295
22377.96,25.12,13.295
22378.96,26.82,13.295
22379.96,25.15,13.295
22380.96,25.23,13.295
22381.96,30.73,13.295
22382.97,25.2,13.2951
22383.97,25.28,13.2951
22384.97,25.18,13.2951
22385.97,25.28,13.2951
22386.97,25.17,13.2951
22387.97,25.26,13.2951
22388.98,25.15,13.2951
22389.98,25.16,13.2951
22390.98,31.44,13.2952
22391.98,25.19,13.2952
22392.98,25.3,13.2954
22393.98,25.18,13.2955
22394.99,25.18,13.2955
22395.99,25.28,13.2955
22396.99,25.19,13.2955
22397.99,25.3,13.2955
22398.99,25.18,13.2955
22399.99,29.2,13.2955
22401.0,25.26,13.2955
22402.0,25.14,13.2955
22403.0,25.28,13.2956
22404.0,25.17,13.2956
22405.0,25.78,13.2956
22406.0,25.28,13.2956
22407.01,25.19,13.2956
22408.01,25.29,13.2956
22409.01,28.92,13.2956
22410.01,25.17,13.2956
22411.01,25.25,13.2956
22412.01,25.12,13.2956
22413.01,25.16,13.2956
22414.02,25.28,13.2956
22415.02,25.18,13.2956
22416.02,25.28,13.2956
22417.02,25.13,13.2956
22418.02,25.14,13.2957
22419.02,28.97,13.296
22420.02,25.2,13.296
22421.03,25.19,13.296
22422.03,25.29,13.296
22423.03,25.21,13.296
22424.03,25.29,13.296
22425.03,25.19,13.296
22426.03,25.19,13.296
22427.04,25.29,13.296
22428.04,25.2,13.2961
22429.04,25.28,13.2961
22430.04,28.77,13.2962
22431.04,25.27,13.2962
22432.04,25.18,13.2962
22433.05,25.21,13.2962
22434.05,25.28,13.2962
22435.05,25.19,13.2962
22436.05,25.29,13.2962
22437.05,25.18,13.2962
22438.05,25.19,13.2962
22439.06,25.28,13.2962
22440.06,26.18,13.2962
22441.06,28.04,13.2962
22442.06,25.19,13.2962
22443.06,25.31,13.2963
22444.06,25.12,13.2963
22445.07,25.13,13.2963
22446.07,25.22,13.2963
22447.07,25.12,13.2963
22448.07,25.23,13.2963
22449.07,25.12,13.2963
22450.07,25.13,13.2963
22451.08,31.67,13.2963
22452.08,25.18,13.2963
22453.08,25.31,13.2965
22454.08,25.18,13.2965
22455.08,25.19,13.2965
22456.08,25.42,13.2965
22457.09,25.2,13.2966
22458.09,25.31,13.2966
22459.09,25.19,13.2966
22460.09,25.19,13.2966
22461.09,30.88,13.2967
22462.09,25.17,13.2967
22463.1,25.31,13.2967
22464.1,25.18,13.2967
22465.1,25.19,13.2967
22466.1,25.29,13.2967
22467.1,25.19,13.2967
22468.1,25.29,13.2968
22469.11,25.19,13.2968
22470.11,25.29,13.2968
22471.11,25.21,13.2968
22472.11,29.03,13.2968
22473.11,25.31,13.2968
22474.11,25.18,13.2968
22475.11,25.18,13.2968
22476.12,25.28,13.2968
22477.12,25.18,13.2968
22478.12,25.23,13.2969
22479.12,25.12,13.2969
22480.12,25.23,13.2969
22481.12,25.12,13.2969
22482.13,28.89,13.2971
22483.13,25.31,13.2971
22484.13,25.19,13.2971
22485.13,25.29,13.2971
22486.13,25.19,13.2971
22487.13,25.19,13.2971
22488.14,25.29,13.2971
22489.14,25.18,13.2971
22490.14,25.28,13.2971
22491.14,25.18,13.2971
22492.14,25.29,13.2971
22493.14,28.48,13.2972
22494.15,25.54,13.2972
22495.15,25.28,13.2972
22496.15,25.19,13.2972
22497.15,25.19,13.2972
22498.15,25.29,13.2972
22499.15,25.2,13.2972
22500.16,25.28,13.2972
22501.16,25.2,13.2972
22502.16,25.19,13.2972
22503.16,28.89,13.2974
22504.16,25.12,13.2974
22505.16,25.22,13.2974
22506.16,25.12,13.2974
22507.17,25.13,13.2974
22508.17,25.23,13.2974
22509.17,25.13,13.2974
22510.17,25.23,13.2974
22511.17,25.13,13.2974
22512.17,29.51,13.2975
22513.18,25.31,13.2977
22514.18,25.19,13.2977
22515.18,25.29,13.2977
22516.18,25.19,13.2977
22517.18,25.19,13.2977
22518.18,25.29,13.2977
22519.19,25.19,13.2977
22520.19,25.29,13.2977
22521.19,30.9,13.2978
22522.19,25.18,13.2978
22523.19,26.87,13.2978
22524.19,25.17,13.2978
22525.19,25.21,13.2978
22526.2,25.28,13.2978
22527.2,25.13,13.2978
22528.2,25.22,13.2979
22529.2,25.17,13.2979
22530.2,30.8,13.2979
22531.2,25.18,13.2979
22532.21,25.16,13.2979
22533.21,25.25,13.2979
22534.21,25.13,13.2979
22535.21,25.22,13.2979
22536.21,25.13,13.2979
22537.21,25.23,13.2979
22538.22,28.98,13.298
22539.22,25.18,13.298
22540.22,25.28,13.298
22541.22,25.18,13.298
22542.22,25.31,13.298
22543.22,25.2,13.298
22544.23,25.19,13.298
22545.23,25.29,13.298
22546.23,25.16,13.298
22547.23,29.04,13.2981
22548.23,25.17,13.2981
22549.23,25.18,13.2981
22550.24,25.28,13.2981
22551.24,25.18,13.2981
22552.24,25.3,13.2981
22553.24,25.2,13.2981
22554.24,25.18,13.2981
22555.24,25.29,13.2981
22556.25,28.91,13.2984
22557.25,25.31,13.2985
22558.25,25.18,13.2985
22559.25,25.18,13.2985
22560.25,25.29,13.2985
22561.25,25.18,13.2985
22562.26,25.3,13.2985
22563.26,25.2,13.2985
22564.26,25.19,13.2985
22565.26,28.89,13.2987
22566.26,25.18,13.2987
22567.26,25.29,13.2987
22568.26,25.18,13.2987
22569.27,25.19,13.2987
22570.27,25.28,13.2987
22571.27,25.18,13.2987
22572.27,25.31,13.2987
22573.27,25.2,13.2987
22574.27,28.86,13.299
22575.28,25.27,13.299
22576.28,25.18,13.299
22577.28,25.29,13.299
22578.28,25.19,13.299
22579.28,25.18,13.299
22580.28,25.29,13.299
22581.29,25.19,13.299
22582.29,25.3,13.299
22583.29,30.19,13.2994
22584.29,25.18,13.2994
22585.29,25.28,13.2994
22586.29,25.18,13.2994
22587.3,25.3,13.2995
22588.3,25.19,13.2995
22589.3,25.19,13.2995
22590.3,25.29,13.2995
22591.3,25.19,13.2995
22592.3,25.3,13.2995
22593.3,30.94,13.2997
22594.31,25.19,13.2997
22595.31,25.29,13.2997
22596.31,25.19,13.2997
22597.31,25.3,13.2997
22598.31,25.19,13.2997
22599.31,26.48,13.2997
22600.32,25.18,13.2997
22601.32,25.19,13.2997
22602.32,30.33,13.2998
22603.32,25.12,13.2998
22604.32,25.11,13.2998
22605.32,25.22,13.2998
22606.33,25.14,13.2998
22607.33,25.27,13.2998
22608.33,25.18,13.2998
22609.33,25.18,13.2998
22610.33,25.25,13.2998
22611.33,25.18,13.2998
22612.33,28.9,13.3002
22613.34,25.29,13.3002
22614.34,25.12,13.3002
22615.34,25.21,13.3002
22616.34,25.11,13.3002
22617.34,25.23,13.3002
22618.34,25.13,13.3002
22619.35,25.16,13.3002
22620.35,25.29,13.3002
22621.35,25.19,13.3002
22622.35,29.08,13.3003
22623.35,25.19,13.3003
22624.35,25.18,13.3003
22625.35,25.3,13.3003
22626.36,25.18,13.3003
22627.36,25.18,13.3003
22628.36,25.28,13.3003
22629.36,25.2,13.3003
22630.36,25.3,13.3003
22631.36,25.19,13.3003
22632.37,28.88,13.3004
22633.37,25.33,13.3004
22634.37,25.19,13.3004
22635.37,25.19,13.3004
22636.37,25.29,13.3004
22637.37,25.2,13.3004
22638.38,25.28,13.3004
22639.38,25.19,13.3004
22640.38,25.29,13.3004
22641.38,25.18,13.3004
22642.38,28.99,13.3004
22643.38,25.29,13.3004
22644.39,25.17,13.3004
22645.39,25.28,13.3004
22646.39,25.17,13.3004
22647.39,25.18,13.3006
22648.39,25.28,13.3006
22649.39,25.18,13.3006
22650.39,25.28,13.3006
22651.4,25.19,13.3006
22652.4,29.8,13.3006
22653.4,25.3,13.3007
22654.4,25.19,13.3007
22655.4,25.29,13.3007
22656.4,25.18,13.3007
22657.41,25.19,13.3007
22658.41,25.3,13.3007
22659.41,25.18,13.3007
22660.41,25.18,13.3007
22661.41,31.38,13.3008
22662.41,25.18,13.3008
22663.41,25.17,13.3007
22664.42,25.25,13.3007
22665.42,25.18,13.3007
22666.42,25.28,13.3007
22667.42,25.18,13.3009
22668.42,25.18,13.3009
22669.42,25.3,13.3009
22670.42,30.06,13.301
22671.43,25.12,13.301
22672.43,25.23,13.301
22673.43,25.14,13.301
22674.43,25.22,13.301
22675.43,25.12,13.301
22676.43,25.12,13.301
22677.44,25.23,13.301
22678.44,25.12,13.301
22679.44,25.22,13.301
22680.44,28.94,13.301
22681.44,25.17,13.301
22682.44,25.3,13.3011
22683.44,25.2,13.3012
22684.45,25.18,13.3012
22685.45,25.28,13.3012
22686.45,25.18,13.3012
22687.45,25.28,13.3012
22688.45,25.18,13.3012
22689.45,29.0,13.3013
22690.46,25.28,13.3013
22691.46,25.16,13.3013
22692.46,25.27,13.3013
22693.46,25.17,13.3013
22694.46,25.16,13.3013
22695.46,25.22,13.3013
22696.47,25.12,13.3013
22697.47,25.22,13.3013
22698.47,25.18,13.3013
22699.47,28.79,13.3015
22700.47,25.27,13.3015
22701.47,25.17,13.3015
22702.48,25.27,13.3016
22703.48,25.2,13.3016
22704.48,25.28,13.3016
22705.48,25.18,13.3016
22706.48,25.18,13.3017
22707.48,25.28,13.3017
22708.49,25.17,13.3017
22709.49,29.03,13.3017
22710.49,25.2,13.3017
22711.49,25.18,13.3017
22712.49,25.29,13.3017
22713.49,25.2,13.3017
22714.49,25.19,13.3017
22715.5,25.29,13.3017
22716.5,25.19,13.3017
22717.5,25.31,13.3017
22718.5,25.19,13.3017
22719.5,29.67,13.3017
22720.5,25.31,13.3017
22721.5,25.19,13.3017
22722.51,25.2,13.3018
22723.51,25.32,13.3019
22724.51,25.18,13.3019
22725.51,25.15,13.3019
22726.51,25.22,13.302
22727.51,25.13,13.302
22728.51,31.17,13.3021
22729.52,25.29,13.3021
22730.52,25.19,13.3021
22731.52,25.25,13.3021
22732.52,25.14,13.3021
22733.52,25.17,13.3021
22734.52,25.22,13.3021
22735.53,25.18,13.3021
22736.53,25.29,13.3021
22737.53,25.2,13.3021
22738.53,30.51,13.3021
22739.53,25.19,13.3021
22740.53,25.19,13.3021
22741.54,25.29,13.3021
22742.54,25.17,13.3022
22743.54,25.3,13.3022
22744.54,25.13,13.3023
22745.54,25.27,13.3023
22746.54,25.18,13.3023
22747.55,25.2,13.3023
22748.55,29.11,13.3023
22749.55,25.19,13.3023
22750.55,25.18,13.3023
22751.55,25.25,13.3023
22752.55,25.14,13.3023
22753.55,25.24,13.3023
22754.56,25.13,13.3023
22755.56,25.12,13.3023
22756.56,25.31,13.3023
22757.56,29.02,13.3024
22758.56,25.19,13.3024
22759.56,25.3,13.3024
22760.56,25.19,13.3024
22761.57,25.18,13.3024
22762.57,25.3,13.3025
22763.57,25.2,13.3025
22764.57,25.29,13.3025
22765.57,25.2,13.3025
22766.57,25.18,13.3025
22767.57,25.3,13.3025
22768.58,28.89,13.3027
22769.58,25.19,13.3027
22770.58,25.29,13.3027
22771.58,25.19,13.3027
22772.58,25.29,13.3027
22773.58,25.22,13.3028
22774.59,25.19,13.3028
22775.59,25.26,13.3028
22776.59,25.16,13.3028
22777.59,25.17,13.3028
22778.59,29.03,13.3029
22779.59,25.13,13.3029
22780.6,25.22,13.3029
22781.6,25.13,13.3029
22782.6,25.29,13.3029
22783.6,25.19,13.303
22784.6,25.12,13.303
22785.6,25.24,13.303
22786.61,25.16,13.303
22787.61,25.24,13.303
22788.61,29.63,13.303
22789.61,25.18,13.303
22790.61,25.31,13.303
22791.61,25.18,13.303
22792.61,25.17,13.3031
22793.62,25.24,13.3031
22794.62,25.16,13.3031
22795.62,25.29,13.3031
22796.62,25.18,13.3031
22797.62,25.19,13.3032
22798.62,25.29,13.3032
22799.63,31.58,13.3032
22800.63,25.28,13.3033
22801.63,25.19,13.3033
22802.63,25.22,13.3033
22803.63,25.29,13.3033
22804.63,25.21,13.3033
22805.63,25.29,13.3033
22806.64,25.19,13.3033
22807.64,25.12,13.3033
22808.64,25.21,13.3034
22809.64,25.18,13.3034
22810.64,30.23,13.3035
22811.64,25.19,13.3035
22812.65,25.16,13.3035
22813.65,25.23,13.3035
22814.65,25.12,13.3035
22815.65,25.21,13.3035
22816.65,25.12,13.3035
22817.65,25.24,13.3035
22818.66,25.12,13.3035
22819.66,28.6,13.3035
22820.66,25.54,13.3037
22821.66,25.19,13.3037
22822.66,25.31,13.3039
22823.66,25.18,13.3039
22824.67,25.12,13.3039
22825.67,25.24,13.3039
22826.67,25.13,13.3039
22827.67,25.28,13.3039
22828.67,25.18,13.3039
22829.67,25.29,13.3039
22830.68,28.98,13.304
22831.68,25.18,13.304
22832.68,25.31,13.3041
22833.68,25.18,13.3041
22834.68,25.28,13.3041
22835.68,25.18,13.3041
22836.69,25.19,13.3041
22837.69,25.3,13.3041
22838.69,25.18,13.3041
22839.69,25.29,13.3041
22840.69,25.19,13.3041
22841.69,28.83,13.3041
22842.7,25.31,13.3042
22843.7,25.18,13.3042
22844.7,25.23,13.3042
22845.7,25.12,13.3042
22846.7,25.22,13.3042
22847.7,25.13,13.3042
22848.71,25.12,13.3042
22849.71,25.24,13.3042
22850.71,25.18,13.3042
22851.71,25.25,13.3042
22852.71,28.86,13.3045
22853.71,25.19,13.3045
22854.72,25.29,13.3045
22855.72,25.19,13.3045
22856.72,25.29,13.3045
22857.72,25.2,13.3046
22858.72,25.19,13.3046
22859.72,25.3,13.3046
22860.72,25.19,13.3046
22861.73,25.18,13.3046
22862.73,30.87,13.3046
22863.73,25.19,13.3046
22864.73,25.22,13.3046
22865.73,25.16,13.3046
22866.73,25.18,13.3046
22867.74,25.29,13.3047
22868.74,25.19,13.3047
22869.74,25.3,13.3047
22870.74,25.17,13.3047
22871.74,25.29,13.3047
22872.74,31.28,13.3048
22873.75,25.2,13.3048
22874.75,25.28,13.3048
22875.75,25.18,13.3048
22876.75,25.19,13.3048
22877.75,25.29,13.3048
22878.75,25.16,13.3048
22879.76,25.22,13.3048
22880.76,25.12,13.3048
22881.76,25.22,13.3048
22882.76,25.16,13.305
22883.76,29.15,13.305
22884.76,25.29,13.305
22885.76,25.18,13.305
22886.77,25.19,13.305
22887.77,25.29,13.305
22888.77,25.15,13.305
22889.77,25.23,13.305
22890.77,25.13,13.305
22891.77,25.2,13.305
22892.77,25.32,13.3051
22893.78,28.84,13.3052
22894.78,25.12,13.3052
22895.78,25.21,13.3052
22896.78,25.11,13.3052
22897.78,25.22,13.3052
22898.79,25.15,13.3052
22899.79,25.29,13.3052
22900.79,25.11,13.3052
22901.79,25.14,13.3052
22902.79,25.3,13.3052
22903.79,25.13,13.3052
22904.79,29.02,13.3053
22905.8,25.18,13.3053
22906.8,25.18,13.3053
22907.8,25.3,13.3053
22908.8,25.19,13.3053
22909.8,25.3,13.3053
22910.8,25.19,13.3053
22911.81,25.19,13.3053
22912.81,25.31,13.3053
22913.81,25.18,13.3053
22914.81,25.29,13.3053
22915.81,28.94,13.3054
22916.81,25.19,13.3054
22917.82,25.29,13.3056
22918.82,25.18,13.3056
22919.82,25.28,13.3056
22920.82,25.19,13.3056
22921.82,25.19,13.3056
22922.82,25.31,13.3056
22923.83,25.19,13.3056
22924.83,25.3,13.3056
22925.83,25.17,13.3056
22926.83,29.57,13.3056
22927.83,25.29,13.3057
22928.83,25.19,13.3057
22929.83,25.29,13.3057
22930.84,25.16,13.3057
22931.84,25.2,13.3057
22932.84,25.32,13.3057
22933.84,25.18,13.3057
22934.84,25.18,13.3057
22935.84,25.26,13.3057
22936.85,31.55,13.3057
22937.85,25.3,13.3058
22938.85,25.18,13.3058
22939.85,25.18,13.3058
22940.85,25.3,13.3058
22941.85,25.19,13.3058
22942.85,25.32,13.3058
22943.86,25.19,13.3058
22944.86,25.19,13.3058
22945.86,25.29,13.3058
22946.86,30.06,13.306
22947.86,25.29,13.306
22948.87,25.19,13.306
22949.87,25.29,13.306
22950.87,25.19,13.306
22951.87,25.19,13.306
22952.87,25.33,13.306
22953.87,25.18,13.306
22954.87,25.18,13.306
22955.88,25.22,13.306
22956.88,25.12,13.306
22957.88,28.9,13.306
22958.88,25.18,13.306
22959.88,25.3,13.306
22960.88,25.18,13.306
22961.89,25.19,13.306
22962.89,25.3,13.3063
22963.89,25.18,13.3063
22964.89,25.28,13.3063
22965.89,25.18,13.3063
22966.89,25.18,13.3063
22967.9,25.29,13.3063
22968.9,28.9,13.3064
22969.9,25.22,13.3064
22970.9,25.12,13.3064
22971.9,25.22,13.3064
22972.9,25.15,13.3064
22973.91,25.12,13.3064
22974.91,25.22,13.3064
22975.91,25.12,13.3064
22976.91,25.23,13.3065
22977.91,25.13,13.3065
22978.91,25.14,13.3065
22979.92,28.96,13.3065
22980.92,25.15,13.3065
22981.92,25.22,13.3065
22982.92,25.12,13.3067
22983.92,25.11,13.3067
22984.92,25.21,13.3067
22985.93,25.11,13.3067
22986.93,25.21,13.3067
22987.93,25.15,13.3067
22988.93,25.18,13.3067
22989.93,25.29,13.3067
22990.93,28.89,13.3067
22991.94,25.28,13.3067
22992.94,25.21,13.3068
22993.94,25.19,13.3068
22994.94,25.28,13.3068
22995.94,25.19,13.3068
22996.94,25.3,13.3068
22997.94,25.18,13.3068
22998.95,25.14,13.3068
22999.95,25.21,13.3068
23000.95,30.87,13.307
23001.95,25.27,13.307
23002.95,25.2,13.307
23003.95,25.18,13.307
23004.96,25.28,13.307
23005.96,25.18,13.307
23006.96,25.28,13.307
23007.96,25.18,13.307
23008.96,25.28,13.307
23009.96,25.18,13.307
23010.97,25.14,13.307
23011.97,31.42,13.307
23012.97,25.21,13.3071
23013.97,25.17,13.3071
23014.97,25.3,13.3071
23015.97,25.2,13.3071
23016.97,25.29,13.3071
23017.98,25.19,13.3071
23018.98,25.19,13.3071
23019.98,25.32,13.3071
23020.98,25.18,13.3071
23021.98,29.09,13.3071
23022.98,25.3,13.3073
23023.98,25.21,13.3073
23024.99,25.2,13.3073
23025.99,25.29,13.3073
23026.99,25.17,13.3074
23027.99,25.26,13.3074
23028.99,25.13,13.3074
23029.99,25.12,13.3074
23030.99,25.25,13.3074
23032.0,28.78,13.3075
23033.0,25.2,13.3075
23034.0,25.28,13.3075
23035.0,25.19,13.3075
23036.0,25.18,13.3075
23037.0,25.29,13.3075
23038.01,25.19,13.3075
23039.01,25.28,13.3075
23040.01,25.21,13.3075
23041.01,25.18,13.3075
23042.01,25.28,13.3075
23043.01,29.02,13.3077
23044.01,25.2,13.3077
23045.01,25.29,13.3077
23046.02,25.18,13.3077
23047.02,25.18,13.3077
23048.02,25.29,13.3077
23049.02,25.18,13.3077
23050.02,25.29,13.3077
23051.02,25.18,13.3077
23052.03,25.18,13.3077
23053.03,25.3,13.3077
23054.03,28.86,13.3079
23055.03,25.3,13.3079
23056.03,25.19,13.3079
23057.03,25.19,13.3079
23058.04,25.3,13.308
23059.04,25.18,13.308
23060.04,25.3,13.308
23061.04,25.19,13.308
23062.04,25.18,13.308
23063.04,25.31,13.3081
23064.05,25.17,13.3081
23065.05,29.72,13.3081
23066.05,25.11,13.3081
23067.05,25.12,13.3081
23068.05,25.24,13.3081
23069.05,25.19,13.3081
23070.06,25.24,13.3081
23071.06,25.13,13.3081
23072.06,25.23,13.3081
23073.06,25.18,13.3081
23074.06,25.19,13.3081
23075.06,31.67,13.3082
23076.07,25.18,13.3082
23077.07,25.28,13.3082
23078.07,25.19,13.3082
23079.07,25.18,13.3082
23080.07,25.29,13.3082
23081.07,25.19,13.3082
23082.08,25.28,13.3082
23083.08,25.21,13.3083
23084.08,25.18,13.3083
23085.08,25.23,13.3083
23086.08,30.13,13.3083
23087.08,25.29,13.3083
23088.08,25.2,13.3083
23089.09,25.19,13.3083
23090.09,25.3,13.3083
23091.09,25.19,13.3083
23092.09,25.3,13.3083
23093.09,25.21,13.3083
23094.09,25.17,13.3083
23095.09,25.29,13.3083
23096.1,28.94,13.3083
23097.1,25.19,13.3083
23098.1,25.31,13.3085
23099.1,25.19,13.3085
23100.1,25.3,13.3085
23101.1,25.2,13.3085
23102.11,25.2,13.3085
23103.11,25.3,13.3085
23104.11,25.2,13.3085
23105.11,25.3,13.3086
23106.11,25.2,13.3086
23107.11,26.96,13.3086
23108.12,27.35,13.3088
23109.12,25.22,13.3088
23110.12,25.33,13.3088
23111.12,25.22,13.3088
23112.12,25.19,13.3088
23113.12,25.33,13.309
23114.13,25.21,13.309
23115.13,25.31,13.309
23116.13,25.2,13.309
23117.13,25.21,13.309
23118.13,25.32,13.309
23119.13,28.94,13.3093
23120.14,25.31,13.3093
23121.14,25.21,13.3093
23122.14,25.31,13.3093
23123.14,25.23,13.3093
23124.14,25.2,13.3093
23125.14,25.32,13.3093
23126.15,25.21,13.3093
23127.15,25.3,13.3093
23128.15,25.22,13.3093
23129.15,25.21,13.3093
23130.15,29.05,13.3094
23131.15,25.12,13.3094
23132.15,25.28,13.3094
23133.16,25.23,13.3096
23134.16,25.2,13.3096
23135.16,25.29,13.3096
23136.16,25.18,13.3096
23137.16,25.23,13.3096
23138.16,25.14,13.3097
23139.17,25.13,13.3097
23140.17,25.32,13.3097
23141.17,31.54,13.3097
23142.17,25.32,13.3097
23143.17,25.22,13.3097
23144.17,25.2,13.3097
23145.17,25.32,13.3097
23146.18,25.17,13.3097
23147.18,25.13,13.3097
23148.18,25.24,13.3097
23149.18,25.13,13.3097
23150.18,25.23,13.3097
23151.19,30.63,13.3097
23152.19,25.31,13.3097
23153.19,25.24,13.3098
23154.19,25.21,13.3098
23155.19,25.3,13.3098
23156.19,25.2,13.3098
23157.19,25.3,13.3098
23158.2,25.21,13.3098
23159.2,25.2,13.3098
23160.2,25.3,13.3098
23161.2,25.2,13.3098
23162.2,29.23,13.31
23163.2,25.24,13.3102
23164.21,25.2,13.3102
23165.21,25.3,13.3102
23166.21,25.2,13.3102
23167.21,25.28,13.3102
23168.21,25.22,13.3103
23169.21,25.24,13.3103
23170.21,25.31,13.3103
23171.22,25.21,13.3103
23172.22,25.23,13.3103
23173.22,29.15,13.3103
23174.22,25.2,13.3103
23175.22,25.18,13.3103
23176.22,25.28,13.3103
23177.23,25.19,13.3103
23178.23,25.29,13.3103
23179.23,25.21,13.3103
23180.23,25.31,13.3103
23181.23,25.2,13.3103
23182.23,25.17,13.3103
23183.23,26.19,13.3103
23184.24,27.9,13.3103
23185.24,25.12,13.3103
23186.24,25.22,13.3103
23187.24,25.19,13.3103
23188.24,25.28,13.3103
23189.25,25.2,13.3104
23190.25,25.3,13.3104
23191.25,25.2,13.3104
23192.25,25.21,13.3105
23193.25,25.33,13.3105
23194.25,28.95,13.3105
23195.26,25.31,13.3105
23196.26,25.22,13.3105
23197.26,25.23,13.3105
23198.26,25.3,13.3105
23199.26,25.2,13.3105
23200.26,25.3,13.3105
23201.27,25.14,13.3105
23202.27,25.25,13.3105
23203.27,25.15,13.3105
23204.27,27.96,13.3105
23205.27,37.43,10.6976
23206.27,87.8,2.6413
23207.27,76.99,3.1051
23208.27,88.11,3.2689
23209.28,87.21,3.5653
23210.28,78.6,3.8774
23211.28,77.42,4.2215
23212.28,79.12,4.5039
23213.28,76.58,4.7438
23214.28,75.96,4.9498
23215.28,75.81,5.1719
23216.29,75.8,5.367
23217.29,73.34,5.7983
23218.29,50.2,6.6123
23219.29,43.62,7.3405
23220.29,99.81,8.5198
23221.29,99.89,9.2667
23222.3,35.01,9.4244
23223.3,25.13,9.4244
23224.3,61.79,9.4248
23225.3,77.98,9.4252
23226.3,75.62,9.4979
23227.3,76.88,9.5259
23228.3,75.75,9.5263
23229.3,76.11,9.5267
23230.31,70.07,9.5269
23231.31,41.76,9.5269
23232.31,35.36,9.5269
23233.31,39.41,9.527
23234.31,31.28,9.527
23235.31,35.84,9.527
23236.32,54.81,9.527
23237.32,25.58,9.527
23238.32,27.55,9.5272
23239.32,27.75,9.5272
23240.32,86.7,10.4582
23241.32,100.21,11.143
23242.32,99.89,11.8219
23243.33,95.9,12.3098
23244.33,26.99,12.3579
23245.33,26.01,12.3579
23246.33,27.38,12.3579
23247.33,33.46,12.3579
23248.33,26.4,12.3579
23249.33,25.58,12.3579
23250.34,38.96,12.3579
23251.34,40.45,12.3579
23252.34,27.51,12.3579
23253.34,26.33,12.3579
23254.34,25.44,12.3579
23255.34,39.06,12.3579
23256.35,26.23,12.3579
23257.35,28.65,12.3579
23258.35,29.32,12.3579
23259.35,29.57,12.3579
23260.35,26.6,12.3579
23261.35,25.31,12.3579
23262.36,25.27,12.358
23263.36,25.2,12.3582
23264.36,26.04,12.3582
23265.36,25.46,12.3582
23266.36,31.01,12.358
23267.37,32.38,12.3581
23268.37,29.42,12.3581
23269.37,25.61,12.3581
23270.37,34.33,12.3581
23271.37,25.37,12.3581
23272.37,29.2,12.3581
23273.38,27.88,12.3581
23274.38,28.75,12.3581
23275.38,26.37,12.3581
23276.38,25.67,12.3581
23277.38,28.6,12.3581
23278.38,25.54,12.3581
23279.38,25.76,12.3581
23280.39,27.15,12.3581
23281.39,26.84,12.3581
23282.39,29.71,12.3581
23283.39,29.61,12.3581
23284.39,25.17,12.3581
23285.39,25.24,12.3581
23286.4,25.31,12.3581
23287.4,25.22,12.3582
23288.4,25.87,12.3582
23289.4,25.25,12.3582
23290.4,26.36,12.3582
23291.4,27.2,12.3582
23292.41,25.74,12.3582
23293.41,25.97,12.3583
23294.41,27.09,12.3583
23295.41,25.6,12.3583
23296.41,25.22,12.3583
23297.41,25.22,12.3583
23298.42,25.26,12.3583
23299.42,25.14,12.3583
23300.42,25.24,12.3583
23301.42,25.15,12.3583
23302.42,26.06,12.3583
23303.42,25.23,12.3583
23304.43,25.2,12.3583
23305.43,25.41,12.3583
23306.43,25.2,12.3583
23307.43,25.31,12.3585
23308.43,25.21,12.3585
23309.43,25.23,12.3585
23310.44,25.31,12.3585
23311.44,25.53,12.3585
23312.44,25.87,12.3585
23313.44,25.24,12.3585
23314.44,26.94,12.3585
23315.44,33.27,12.3585
23316.44,25.17,12.3585
23317.45,25.18,12.3585
23318.45,25.8,12.3585
23319.45,26.07,12.3585
23320.45,25.32,12.3585
23321.45,26.12,12.3585
23322.45,25.21,12.3586
23323.46,25.41,12.3586
23324.46,25.34,12.3586
23325.46,25.33,12.3586
23326.46,25.29,12.3586
23327.46,25.34,12.3586
23328.46,26.0,12.3586
23329.47,25.22,12.3586
23330.47,89.54,12.3662
23331.47,99.83,12.4739
23332.47,32.24,12.4739
23333.47,25.32,12.4739
23334.47,25.33,12.4739
23335.47,25.21,12.4739
23336.48,25.36,12.4739
23337.48,25.14,12.474
23338.48,25.28,12.474
23339.48,25.26,12.474
23340.48,26.04,12.474
23341.48,25.22,12.474
23342.49,25.23,12.474
23343.49,25.34,12.474
23344.49,25.23,12.474
23345.49,25.33,12.474
23346.49,26.01,12.474
23347.49,25.38,12.474
23348.5,25.24,12.474
23349.5,25.15,12.474
23350.5,25.24,12.474
23351.5,25.14,12.474
23352.5,25.26,12.474
23353.5,25.18,12.474
23354.51,25.2,12.474
23355.51,64.31,12.4741
23356.51,61.87,12.4746
23357.51,43.52,12.4746
23358.51,25.35,12.4746
23359.51,27.11,12.4746
23360.51,25.26,12.4746
23361.51,26.61,12.4747
23362.52,31.01,12.4749
23363.52,99.88,12.4956
23364.52,91.91,12.4974
23365.52,25.26,12.4974
23366.52,25.22,12.4974
23367.52,25.28,12.4974
23368.53,25.14,12.4974
23369.53,25.24,12.4974
23370.53,25.15,12.4974
23371.53,25.15,12.4974
23372.53,37.8,12.4974
23373.53,99.93,12.5061
23374.53,74.7,12.5062
23375.54,25.18,12.5062
23376.54,25.17,12.5062
23377.54,25.29,12.5062
23378.54,25.18,12.5062
23379.54,25.33,12.5062
23380.54,25.22,12.5062
23381.55,25.2,12.5062
23382.55,56.32,12.5062
23383.55,99.84,12.5067
23384.55,30.44,12.5067
23385.55,25.2,12.5067
23386.55,25.18,12.5067
23387.55,54.21,12.7635
23388.56,99.84,13.1915
23389.56,42.15,13.1915
23390.56,25.3,13.1915
23391.56,25.15,13.1915
23392.56,43.54,13.3384
23393.56,25.21,13.3384
23394.57,25.21,13.3384
23395.57,25.32,13.3384
23396.57,28.92,13.3385
23397.57,25.22,13.3386
23398.57,25.94,13.3386
23399.57,25.26,13.3386
23400.57,28.97,13.3388
23401.58,25.21,13.3388
23402.58,25.22,13.3388
23403.58,25.33,13.3388
23404.58,28.92,13.3389
23405.58,25.24,13.3389
23406.58,25.13,13.3389
23407.59,28.91,13.3391
23408.59,25.23,13.3391
23409.59,25.14,13.3391
23410.59,25.23,13.3391
23411.59,28.83,13.3391
23412.59,25.18,13.3391
23413.6,25.26,13.3391
23414.6,28.99,13.3391
23415.6,25.24,13.3391
23416.6,25.13,13.3391
23417.6,25.24,13.3391
23418.6,28.88,13.3391
23419.61,25.15,13.3391
23420.61,25.31,13.3391
23421.61,25.21,13.3391
23422.61,29.0,13.3394
23423.61,25.14,13.3394
23424.61,25.2,13.3394
23425.62,29.06,13.3395
23426.62,25.2,13.3395
23427.62,25.31,13.3395
23428.62,28.89,13.3395
23429.62,25.31,13.3395
23430.62,25.33,13.3395
23431.62,25.18,13.3395
23432.63,28.81,13.3396
23433.63,25.27,13.3396
23434.63,25.17,13.3396
23435.63,28.93,13.3396
23436.63,25.19,13.3396
23437.63,25.2,13.3396
23438.63,25.77,13.3396
23439.64,29.85,13.3397
23440.64,25.17,13.3397
23441.64,25.29,13.3397
23442.64,25.2,13.3397
23443.64,30.1,13.3398
23444.64,25.18,13.3398
23445.65,25.19,13.3398
23446.65,25.29,13.3398
23447.65,25.19,13.34
23448.65,30.42,13.34
23449.65,25.13,13.34
23450.65,25.87,13.34
23451.66,25.3,13.34
23452.66,25.22,13.34
23453.66,30.11,13.34
23454.66,25.19,13.34
23455.66,25.15,13.34
23456.66,25.23,13.34
23457.67,25.15,13.34
23458.67,29.77,13.34
23459.67,29.35,13.3401
23460.67,25.13,13.3401
23461.67,25.26,13.3401
23462.67,25.21,13.3403
23463.67,25.29,13.3403
23464.68,25.18,13.3403
23465.68,28.92,13.3403
23466.68,25.29,13.3403
23467.68,25.19,13.3403
23468.68,25.28,13.3403
23469.68,25.19,13.3403
23470.69,25.18,13.3403
23471.69,29.06,13.3403
23472.69,25.21,13.3403
23473.69,25.19,13.3403
23474.69,25.3,13.3403
23475.69,25.2,13.3403
23476.69,25.2,13.3403
23477.7,25.31,13.3403
23478.7,26.03,13.3403
23479.7,28.0,13.3405
23480.71,25.17,13.3405
23481.71,25.24,13.3405
23482.71,25.18,13.3406
23483.71,25.27,13.3406
23484.71,25.14,13.3406
23485.71,25.13,13.3406
23486.72,25.23,13.3406
23487.72,28.9,13.3407
23488.72,25.29,13.3407
23489.72,25.37,13.3407
23490.72,29.07,13.3407
23491.72,25.27,13.3407
23492.73,25.21,13.3407
23493.73,25.28,13.3407
23494.73,28.8,13.3407
23495.73,25.28,13.3407
23496.73,25.19,13.3407
23497.73,25.14,13.3407
23498.74,25.23,13.3407
23499.74,25.14,13.3407
23500.74,25.23,13.3407
23501.74,25.13,13.3407
23502.74,29.42,13.3409
23503.74,25.29,13.3409
23504.75,25.19,13.3411
23505.75,25.3,13.3411
23506.75,25.19,13.3411
23507.75,25.19,13.3411
23508.75,25.28,13.3411
23509.75,31.02,13.3411
23510.75,25.29,13.3411
23511.76,25.19,13.3411
23512.76,25.21,13.3411
23513.76,25.27,13.3411
23514.76,25.12,13.3411
23515.76,25.26,13.3411
23516.76,25.19,13.3411
23517.77,30.69,13.3411
23518.77,25.29,13.3411
23519.77,25.19,13.3411
23520.77,25.3,13.3411
23521.77,25.18,13.3411
23522.77,25.22,13.3412
23523.78,25.28,13.3412
23524.78,25.18,13.3413
23525.78,29.29,13.3414
23526.78,25.18,13.3414
23527.78,25.28,13.3414
23528.78,25.12,13.3414
23529.79,25.16,13.3414
23530.79,25.28,13.3414
23531.79,25.18,13.3414
23532.79,25.26,13.3414
23533.79,28.79,13.3414
23534.79,25.19,13.3414
23535.8,25.27,13.3414
23536.8,25.14,13.3414
23537.8,25.29,13.3414
23538.8,25.18,13.3414
23539.8,25.19,13.3414
23540.8,25.29,13.3414
23541.81,25.19,13.3414
23542.81,28.96,13.3418
23543.81,25.17,13.3418
23544.81,25.17,13.3418
23545.81,25.26,13.3418
23546.81,25.18,13.3418
23547.82,25.29,13.3418
23548.82,25.19,13.3418
23549.82,25.19,13.3418
23550.82,25.29,13.3418
23551.82,25.15,13.3418
23552.82,28.85,13.3418
23553.82,25.19,13.3418
23554.83,25.19,13.3418
23555.83,25.3,13.3418
23556.83,25.19,13.3418
23557.83,25.25,13.3419
23558.83,25.13,13.3419
23559.83,25.14,13.3419
23560.83,25.26,13.3419
23561.84,28.85,13.3419
23562.84,25.22,13.3419
23563.84,25.31,13.3419
23564.84,25.19,13.3419
23565.84,25.17,13.3419
23566.84,25.31,13.3419
23567.84,25.16,13.3419
23568.85,25.17,13.3419
23569.85,25.31,13.3419
23570.85,29.92,13.342
23571.85,25.16,13.342
23572.85,25.29,13.3421
23573.85,25.16,13.3421
23574.85,25.18,13.3421
23575.85,25.3,13.3421
23576.86,25.19,13.3421
23577.86,25.19,13.3422
23578.86,25.3,13.3422
23579.86,31.01,13.3422
23580.86,25.17,13.3422
23581.86,25.27,13.3422
23582.86,25.2,13.3422
23583.87,25.17,13.3422
23584.87,25.27,13.3422
23585.87,25.17,13.3422
23586.87,25.24,13.3422
23587.87,25.17,13.3422
23588.87,25.29,13.3422
23589.88,30.52,13.3422
23590.88,25.2,13.3422
23591.88,25.29,13.3422
23592.88,25.21,13.3422
23593.88,25.18,13.3422
23594.88,25.28,13.3422
23595.89,25.18,13.3422
23596.89,25.28,13.3422
23597.89,25.2,13.3422
23598.89,28.76,13.3422
23599.89,25.29,13.3422
23600.89,25.18,13.3422
23601.9,25.27,13.3424
23602.9,25.2,13.3425
23603.9,25.18,13.3425
23604.9,25.27,13.3425
23605.9,25.12,13.3425
23606.9,25.22,13.3425
23607.9,28.89,13.3425
23608.91,25.17,13.3424
23609.91,25.27,13.3424
23610.91,25.17,13.3424
23611.91,25.28,13.3424
23612.91,25.21,13.3425
23613.91,25.25,13.3424
23614.92,25.18,13.3424
23615.92,25.15,13.3425
23616.92,25.24,13.3425
23617.92,25.15,13.3426
23618.92,29.07,13.3427
23619.92,25.21,13.3428
23620.93,25.18,13.3428
23621.93,25.22,13.3427
23622.93,25.15,13.3427
23623.93,25.13,13.3428
23624.93,25.28,13.3428
23625.93,25.18,13.3428
23626.93,25.19,13.3428
23627.94,25.29,13.3428
23628.94,25.6,13.3428
23629.94,28.51,13.343
23630.94,25.18,13.343
23631.94,25.19,13.343
23632.94,25.31,13.3431
23633.95,25.18,13.3431
23634.95,25.28,13.3431
23635.95,25.19,13.3431
23636.95,25.28,13.3431
23637.95,25.18,13.3432
23638.95,30.09,13.3433
23639.96,25.28,13.3433
23640.96,25.13,13.3433
23641.96,25.27,13.3433
23642.96,25.21,13.3433
23643.96,25.2,13.3432
23644.96,25.3,13.3432
23645.96,25.15,13.3432
23646.97,25.16,13.3432
23647.97,25.29,13.3432
23648.97,31.65,13.3434
23649.97,25.28,13.3434
23650.97,25.19,13.3434
23651.97,25.18,13.3434
23652.98,25.31,13.3434
23653.98,25.18,13.3434
23654.98,25.28,13.3433
23655.98,25.19,13.3433
23656.98,25.19,13.3433
23657.98,25.29,13.3433
23658.99,29.44,13.3434
23659.99,25.28,13.3434
23660.99,25.19,13.3434
23661.99,25.19,13.3434
23662.99,25.28,13.3435
23663.99,25.12,13.3435
23664.99,25.22,13.3435
23666.0,25.15,13.3436
23667.0,25.18,13.3436
23668.0,25.29,13.3436
23669.0,28.91,13.3437
23670.0,25.27,13.3437
23671.0,25.19,13.3437
23672.01,25.19,13.3437
23673.01,25.31,13.3437
23674.01,25.19,13.3437
23675.01,25.29,13.3437
23676.01,25.19,13.3437
23677.01,25.19,13.3437
23678.02,25.3,13.3437
23679.02,25.13,13.3437
23680.02,28.93,13.3437
23681.02,25.19,13.3437
23682.02,25.18,13.3437
23683.02,25.32,13.3438
23684.03,25.19,13.3438
23685.03,25.29,13.3438
23686.03,25.2,13.3438
23687.03,25.29,13.3438
23688.03,25.2,13.3438
23689.03,25.19,13.3438
23690.04,25.29,13.3438
23691.04,28.93,13.344
23692.04,25.29,13.344
23693.04,25.22,13.3441
23694.04,25.19,13.3441
23695.04,25.29,13.3441
23696.05,25.2,13.3441
23697.05,25.29,13.3441
23698.05,25.2,13.3441
23699.05,25.19,13.3441
23700.05,25.29,13.3441
23701.05,28.92,13.3441
23702.06,25.28,13.3441
23703.06,25.21,13.3442
23704.06,25.18,13.3442
23705.06,25.28,13.3442
23706.06,25.2,13.3442
23707.06,25.3,13.3442
23708.06,25.19,13.3442
23709.07,25.18,13.3442
23710.07,25.31,13.3442
23711.07,31.64,13.3442
23712.07,25.16,13.3442
23713.07,25.3,13.3443
23714.07,25.18,13.3443
23715.07,25.29,13.3443
23716.08,25.18,13.3443
23717.08,25.18,13.3443
23718.08,25.3,13.3443
23719.08,25.18,13.3443
23720.08,25.18,13.3443
23721.08,25.28,13.3443
23722.08,30.91,13.3444
23723.09,25.2,13.3444
23724.09,25.29,13.3444
23725.09,25.19,13.3444
23726.09,25.3,13.3444
23727.09,25.18,13.3444
23728.09,25.19,13.3446
23729.09,25.3,13.3446
23730.1,25.18,13.3446
23731.1,25.19,13.3446
23732.1,25.29,13.3446
23733.1,28.87,13.3446
23734.1,25.28,13.3446
23735.1,25.19,13.3446
23736.11,25.19,13.3446
23737.11,25.29,13.3446
23738.11,25.19,13.3446
23739.11,25.27,13.3447
23740.11,25.19,13.3447
23741.11,25.19,13.3447
23742.12,25.22,13.3447
23743.12,25.18,13.3448
23744.12,28.97,13.3448
23745.12,25.18,13.3448
23746.12,25.18,13.3448
23747.12,25.28,13.3448
23748.13,25.19,13.3448
23749.13,25.26,13.3448
23750.13,25.12,13.3448
23751.13,25.14,13.3448
23752.13,25.28,13.3448
23753.13,25.2,13.3449
23754.13,25.3,13.3449
23755.14,28.87,13.3449
23756.14,25.18,13.3449
23757.14,25.28,13.3449
23758.14,25.19,13.3449
23759.14,25.28,13.3449
23760.14,25.18,13.3449
23761.15,25.18,13.3449
23762.15,25.28,13.3449
23763.15,25.22,13.3449
23764.15,25.26,13.3449
23765.15,25.11,13.3449
23766.15,28.82,13.345
23767.16,25.29,13.3451
23768.16,25.19,13.3451
23769.16,25.18,13.3451
23770.16,25.29,13.3451
23771.16,25.19,13.3451
23772.16,25.22,13.3451
23773.17,25.15,13.3451
23774.17,25.23,13.3451
23775.17,25.12,13.3451
23776.17,25.13,13.3451
23777.17,31.25,13.3453
23778.17,25.19,13.3454
23779.17,25.28,13.3454
23780.18,25.18,13.3454
23781.18,25.18,13.3453
23782.18,25.27,13.3453
23783.18,25.2,13.3454
23784.18,25.28,13.3454
23785.18,25.18,13.3454
23786.19,25.18,13.3454
23787.19,25.28,13.3454
23788.19,31.26,13.3454
23789.19,25.28,13.3454
23790.19,25.18,13.3454
23791.19,25.19,13.3454
23792.2,25.25,13.3454
23793.2,25.19,13.3455
23794.2,25.29,13.3455
23795.2,25.17,13.3455
23796.2,25.19,13.3455
23797.2,25.28,13.3455
23798.21,29.08,13.3456
23799.21,25.29,13.3456
23800.21,25.18,13.3456
23801.21,25.19,13.3456
23802.21,25.29,13.3456
23803.21,25.21,13.3456
23804.22,25.28,13.3456
23805.22,25.18,13.3456
23806.22,25.3,13.3456
23807.22,25.18,13.3456
23808.22,25.18,13.3456
23809.22,28.97,13.3456
23810.22,25.17,13.3456
23811.23,25.13,13.3456
23812.23,25.25,13.3456
23813.23,25.13,13.3456
23814.23,25.17,13.3456
23815.23,25.28,13.3456
23816.23,25.18,13.3456
23817.23,25.29,13.3458
23818.24,25.18,13.3458
23819.24,25.18,13.3458
23820.24,29.01,13.3459
23821.24,25.19,13.3459
23822.24,25.3,13.3459
23823.24,25.2,13.3459
23824.25,25.19,13.3459
23825.25,25.28,13.3459
23826.25,25.19,13.3459
23827.25,25.3,13.3459
23828.25,25.19,13.3459
23829.25,25.19,13.3459
23830.26,25.28,13.3459
23831.26,28.88,13.3459
23832.26,25.3,13.3459
23833.26,25.2,13.3459
23834.26,25.19,13.3459
23835.26,25.24,13.3459
23836.26,25.13,13.3459
23837.27,25.14,13.346
23838.27,25.22,13.346
23839.27,25.12,13.346
23840.27,25.22,13.346
23841.27,25.13,13.346
23842.27,30.41,13.346
23843.28,25.29,13.346
23844.28,25.19,13.346
23845.28,25.28,13.346
23846.28,25.19,13.346
23847.28,25.19,13.346
23848.28,25.28,13.3461
23849.29,25.18,13.3461
23850.29,25.3,13.3461
23851.29,25.19,13.3461
23852.29,25.19,13.3461
23853.29,31.81,13.3462
23854.29,25.18,13.3462
23855.29,25.28,13.3462
23856.3,25.18,13.3462
23857.3,25.19,13.3464
23858.3,25.28,13.3464
23859.3,25.19,13.3464
23860.3,25.29,13.3464
23861.3,25.18,13.3464
23862.31,25.19,13.3464
23863.31,29.37,13.3465
23864.31,25.11,13.3465
23865.31,25.21,13.3465
23866.31,25.13,13.3465
23867.31,25.13,13.3465
23868.32,25.22,13.3465
23869.32,25.12,13.3465
23870.32,25.24,13.3465
23871.32,25.2,13.3465
23872.32,25.3,13.3465
23873.32,25.19,13.3466
23874.33,28.8,13.3467
23875.33,25.28,13.3467
23876.33,25.19,13.3467
23877.33,25.29,13.3467
23878.33,25.17,13.3467
23879.33,25.18,13.3467
23880.34,25.28,13.3467
23881.34,25.19,13.3467
23882.34,25.28,13.3468
23883.34,25.2,13.3468
23884.34,25.18,13.3468
23885.34,28.95,13.3468
23886.35,25.19,13.3468
23887.35,25.3,13.3468
23888.35,25.18,13.3468
23889.35,25.19,13.3468
23890.35,25.3,13.3468
23891.35,25.13,13.3468
23892.35,25.13,13.3468
23893.35,25.25,13.3468
23894.36,25.15,13.3468
23895.36,25.18,13.3468
23896.36,25.27,13.3468
23897.36,28.81,13.347
23898.36,25.19,13.3468
23899.36,25.28,13.3468
23900.37,25.19,13.3468
23901.37,25.29,13.347
23902.37,25.21,13.347
23903.37,25.2,13.3471
23904.37,25.29,13.3471
23905.37,25.18,13.3471
23906.37,25.19,13.3471
23907.38,30.32,13.3471
23908.38,25.17,13.3471
23909.38,25.17,13.3471
23910.38,25.27,13.3471
23911.38,25.18,13.3471
23912.38,25.29,13.3471
23913.39,25.19,13.3471
23914.39,25.28,13.3471
23915.39,25.19,13.3471
23916.39,25.19,13.3471
23917.39,25.27,13.3472
23918.39,25.17,13.3472
23919.39,31.8,13.3472
23920.4,25.18,13.3472
23921.4,25.18,13.3472
23922.4,25.29,13.3472
23923.4,25.2,13.3472
23924.4,25.28,13.3472
23925.41,25.17,13.3472
23926.41,25.28,13.3472
23927.41,25.19,13.3472
23928.41,25.18,13.3472
23929.41,25.28,13.3472
23930.41,29.61,13.3473
23931.41,25.29,13.3473
23932.42,25.3,13.3473
23933.42,25.21,13.3473
23934.42,25.29,13.3473
23935.42,25.19,13.3473
23936.42,25.29,13.3473
23937.42,25.2,13.3475
23938.43,25.19,13.3475
23939.43,25.29,13.3475
23940.43,28.85,13.3476
23941.43,25.3,13.3476
23942.43,25.19,13.3476
23943.43,25.2,13.3476
23944.44,25.28,13.3476
23945.44,25.18,13.3476
23946.44,25.29,13.3476
23947.44,25.21,13.3476
23948.44,25.19,13.3476
23949.44,25.31,13.3476
23950.44,25.18,13.3476
23951.45,28.86,13.3476
23952.45,25.28,13.3477
23953.45,25.18,13.3477
23954.45,25.29,13.3477
23955.45,25.18,13.3477
23956.45,25.18,13.3477
23957.46,25.29,13.3478
23958.46,25.12,13.3478
23959.46,25.22,13.3478
23960.46,25.19,13.3477
23961.46,25.2,13.3478
23962.46,25.29,13.3478
23963.47,28.87,13.3479
23964.47,25.28,13.3479
23965.47,25.17,13.3479
23966.47,25.18,13.3479
23967.47,25.29,13.3479
23968.47,25.14,13.3479
23969.47,25.26,13.3479
23970.48,25.18,13.3479
23971.48,25.17,13.3479
23972.48,25.24,13.3479
23973.48,25.16,13.3479
23974.48,29.95,13.3481
23975.48,25.17,13.348
23976.49,25.2,13.348
23977.49,25.29,13.348
23978.49,25.18,13.348
23979.49,25.13,13.3482
23980.49,25.21,13.3482
23981.49,25.11,13.3482
23982.5,25.22,13.3482
23983.5,25.12,13.3482
23984.5,25.21,13.3482
23985.5,31.65,13.3482
23986.5,25.19,13.3482
23987.5,25.3,13.3482
23988.51,25.18,13.3482
23989.51,25.27,13.3482
23990.51,25.12,13.3482
23991.51,25.23,13.3482
23992.51,25.18,13.3483
23993.51,25.2,13.3484
23994.51,25.3,13.3484
23995.52,25.18,13.3484
23996.52,29.85,13.3484
23997.52,25.26,13.3484
23998.52,25.18,13.3484
23999.52,25.29,13.3484
24000.52,25.18,13.3484
24001.53,25.18,13.3484
24002.53,25.29,13.3484
24003.53,25.2,13.3484
24004.53,25.28,13.3484
24005.53,25.18,13.3484
24006.53,25.18,13.3484
24007.54,28.86,13.3484
24008.54,25.18,13.3484
24009.54,25.29,13.3484
24010.54,25.19,13.3484
24011.54,25.19,13.3485
24012.54,25.27,13.3486
24013.55,25.14,13.3486
24014.55,25.24,13.3486
24015.55,25.18,13.3486
24016.55,25.18,13.3485
24017.55,25.29,13.3487
24018.55,25.27,13.3487
24019.56,28.86,13.3487
24020.56,25.18,13.3487
24021.56,25.18,13.3487
24022.56,25.29,13.3487
24023.56,25.17,13.3488
24024.56,25.25,13.3487
24025.56,25.15,13.3488
24026.57,25.15,13.3488
24027.57,25.28,13.3488
24028.57,25.18,13.3488
24029.57,25.27,13.3488
24030.57,28.79,13.3488
24031.57,25.18,13.3488
24032.58,25.29,13.3488
24033.58,25.19,13.3489
24034.58,25.28,13.3489
24035.58,25.19,13.3489
24036.58,25.18,13.3489
24037.58,25.29,13.3489
24038.59,25.18,13.3489
24039.59,25.28,13.3489
24040.59,25.13,13.3489
24041.59,29.85,13.3489
24042.59,25.2,13.3489
24043.59,25.19,13.3491
24044.59,25.3,13.3491
24045.6,25.18,13.3491
24046.6,25.19,13.3491
24047.6,25.32,13.3491
24048.6,25.19,13.3491
24049.6,25.18,13.3491
24050.6,25.28,13.3491
24051.61,25.18,13.3491
24052.61,31.8,13.3491
24053.61,25.19,13.3491
24054.61,25.18,13.3491
24055.61,25.28,13.3491
24056.61,25.18,13.3491
24057.62,25.29,13.3491
24058.62,25.18,13.3491
24059.62,25.2,13.3491
24060.62,25.29,13.3491
24061.62,25.18,13.3491
24062.62,25.21,13.3492
24063.62,25.22,13.3493
24064.63,29.82,13.3494
24065.63,25.27,13.3494
24066.63,25.17,13.3494
24067.63,25.18,13.3494
24068.63,25.28,13.3494
24069.63,25.18,13.3494
24070.63,25.28,13.3494
24071.64,25.18,13.3494
24072.64,25.21,13.3495
24073.64,25.28,13.3494
24074.64,25.18,13.3494
24075.64,28.92,13.3494
24076.64,25.28,13.3494
24077.65,25.2,13.3495
24078.65,25.29,13.3495
24079.65,25.18,13.3495
24080.65,25.19,13.3495
24081.65,25.29,13.3495
24082.65,25.21,13.3495
24083.66,25.28,13.3495
24084.66,25.17,13.3495
24085.66,25.29,13.3495
24086.66,28.83,13.3497
24087.66,25.19,13.3497
24088.66,25.31,13.3497
24089.66,25.18,13.3497
24090.67,25.19,13.3497
24091.67,25.28,13.3497
24092.67,25.22,13.3496
24093.67,25.29,13.3496
24094.67,25.18,13.3496
24095.67,25.18,13.3496
24096.68,25.28,13.3496
24097.68,25.18,13.3498
24098.68,25.3,13.3498
24099.68,28.88,13.3498
24100.68,25.19,13.3498
24101.68,25.23,13.3498
24102.69,25.16,13.3498
24103.69,25.22,13.3498
24104.69,25.13,13.3498
24105.69,25.13,13.3497
24106.69,25.27,13.3497
24107.69,25.16,13.3499
24108.7,25.23,13.3498
24109.7,25.17,13.3498
24110.7,30.24,13.3499
24111.7,25.16,13.3499
24112.7,25.18,13.3499
24113.7,25.25,13.35
24114.7,25.14,13.35
24115.71,25.13,13.35
24116.71,25.22,13.35
24117.71,25.14,13.35
24118.71,25.3,13.35
24119.71,25.19,13.35
24120.71,25.19,13.35
24121.72,31.78,13.35
24122.72,25.2,13.35
24123.72,25.29,13.3501
24124.72,25.18,13.3501
24125.72,25.19,13.3501
24126.72,25.32,13.3501
24127.72,25.2,13.3501
24128.73,25.19,13.3501
24129.73,25.3,13.3501
24130.73,25.19,13.3501
24131.73,25.31,13.3501
24132.73,29.53,13.3502
24133.73,25.19,13.3502
24134.73,25.26,13.3502
24135.74,25.19,13.3501
24136.74,25.18,13.3501
24137.74,25.29,13.3503
24138.74,25.2,13.3503
24139.74,25.19,13.3503
24140.74,25.29,13.3503
24141.75,25.18,13.3502
24142.75,25.3,13.3503
24143.75,28.82,13.3506
24144.75,25.19,13.3506
24145.75,25.31,13.3505
24146.75,25.19,13.3506
24147.75,25.18,13.3505
24148.76,25.21,13.3505
24149.76,25.12,13.3507
24150.76,25.23,13.3507
24151.76,25.19,13.3507
24152.76,25.19,13.3507
24153.76,25.23,13.3506
24154.77,28.82,13.3509
24155.77,25.29,13.3509
24156.77,25.19,13.3509
24157.77,25.2,13.3509
24158.77,25.29,13.3509
24159.77,25.2,13.3509
24160.78,25.28,13.3509
24161.78,25.18,13.3509
24162.78,25.3,13.3509
24163.78,25.19,13.3509
24164.78,25.19,13.3509
24165.78,25.24,13.3509
24166.79,28.87,13.3509
24167.79,25.28,13.351
24168.79,25.19,13.351
24169.79,25.19,13.351
24170.79,25.26,13.351
24171.79,25.14,13.351
24172.8,25.3,13.351
24173.8,25.19,13.351
24174.8,25.28,13.351
24175.8,25.19,13.351
24176.8,25.18,13.351
24177.8,25.29,13.351
24178.81,30.22,13.3511
24179.81,25.29,13.3511
24180.81,25.19,13.3511
24181.81,25.18,13.3511
24182.81,25.27,13.3511
24183.81,25.13,13.3511
24184.82,25.23,13.3511
24185.82,25.14,13.351
24186.82,25.13,13.351
24187.82,25.24,13.351
24188.82,31.59,13.351
24189.82,25.24,13.351
24190.83,25.13,13.351
24191.83,25.23,13.351
24192.83,25.16,13.3512
24193.83,25.13,13.3512
24194.83,25.24,13.3512
24195.83,25.19,13.3512
24196.83,25.27,13.3512
24197.84,25.19,13.3512
24198.84,25.19,13.3512
24199.84,29.64,13.3512
24200.84,25.18,13.3512
24201.84,25.19,13.3512
24202.84,25.26,13.3513
24203.84,25.13,13.3513
24204.85,25.23,13.3513
24205.85,25.18,13.3513
24206.85,25.18,13.3513
24207.85,25.3,13.3513
24208.85,25.22,13.3513
24209.85,25.18,13.3513
24210.86,29.01,13.3514
24211.86,25.16,13.3514
24212.86,26.66,13.3515
24213.86,25.1,13.3515
24214.86,25.13,13.3515
24215.86,25.23,13.3515
24216.86,25.12,13.3515
24217.87,25.14,13.3515
24218.87,25.24,13.3515
24219.87,25.15,13.3515
24220.87,25.13,13.3515
24221.87,28.91,13.3515
24222.87,25.21,13.3515
24223.87,25.19,13.3515
24224.88,25.26,13.3515
24225.88,25.13,13.3515
24226.88,25.26,13.3515
24227.88,25.19,13.3517
24228.88,25.18,13.3516
24229.88,25.28,13.3516
24230.89,25.19,13.3516
24231.89,25.28,13.3516
24232.89,25.22,13.3516
24233.89,28.91,13.3517
24234.89,25.29,13.3517
24235.89,25.19,13.3517
24236.9,25.28,13.3518
24237.9,25.2,13.3519
24238.9,25.28,13.3519
24239.9,25.18,13.3519
24240.9,25.18,13.3519
24241.9,25.23,13.3519
24242.91,25.16,13.3519
24243.91,25.23,13.3519
24244.91,25.13,13.3519
24245.91,30.23,13.3519
24246.91,25.19,13.3518
24247.91,25.21,13.3519
24248.92,25.29,13.3519
24249.92,25.19,13.3519
24250.92,25.24,13.3519
24251.92,25.19,13.3519
24252.92,25.21,13.3519
24253.92,25.28,13.3519
24254.93,25.18,13.3519
24255.93,25.3,13.3521
24256.93,32.02,13.3522
24257.93,25.19,13.3522
24258.93,25.28,13.3522
24259.93,25.19,13.3522
24260.94,25.29,13.3522
24261.94,25.18,13.3522
24262.94,25.22,13.3523
24263.94,25.28,13.3523
24264.94,25.19,13.3523
24265.94,25.29,13.3523
24266.94,25.19,13.3523
24267.95,29.2,13.3523
24268.95,25.29,13.3523
24269.95,25.18,13.3523
24270.95,25.29,13.3523
24271.95,25.18,13.3523
24272.95,25.26,13.3524
24273.96,25.14,13.3524
24274.96,25.13,13.3524
24275.96,25.26,13.3524
24276.96,25.13,13.3524
24277.96,28.99,13.3524
24278.96,25.1,13.3524
24279.97,25.17,13.3524
24280.97,25.26,13.3523
24281.97,25.12,13.3525
24282.97,25.15,13.3525
24283.97,25.22,13.3525
24284.97,25.13,13.3525
24285.98,25.25,13.3525
24286.98,25.18,13.3525
24287.98,25.28,13.3524
24288.98,25.2,13.3525
24289.98,28.86,13.3525
24290.98,25.28,13.3525
24291.98,25.15,13.3525
24292.99,25.21,13.3525
24293.99,25.28,13.3525
24294.99,25.15,13.3525
24295.99,25.22,13.3525
24296.99,25.16,13.3525
24297.99,25.19,13.3525
24299.0,25.24,13.3525
24300.0,25.19,13.3525
24301.0,25.3,13.3525
24302.0,28.78,13.3525
24303.0,25.2,13.3527
24304.0,25.29,13.3527
24305.01,25.2,13.3527
24306.01,25.22,13.3527
24307.01,25.32,13.3527
24308.01,25.22,13.3527
24309.01,25.2,13.3526
24310.01,25.32,13.3526
24311.01,25.21,13.3526
24312.02,25.29,13.3526
24313.02,30.26,13.3529
24314.02,25.17,13.3529
24315.02,25.28,13.3528
24316.02,25.2,13.3528
24317.02,25.3,13.3528
24318.03,25.21,13.3529
24319.03,25.3,13.3529
24320.03,25.2,13.3529
24321.03,25.21,13.3529
24322.03,25.31,13.3529
24323.03,25.24,13.3529
24324.04,32.17,13.3529
24325.04,25.21,13.3529
24326.04,25.21,13.3529
24327.04,25.31,13.3529
24328.04,25.22,13.353
24329.04,25.3,13.353
24330.05,25.2,13.353
24331.05,25.31,13.353
24332.05,25.2,13.353
24333.05,25.23,13.353
24334.05,25.29,13.353
24335.05,29.31,13.3531
24336.06,25.29,13.3531
24337.06,25.19,13.3531
24338.06,25.21,13.3531
24339.06,25.3,13.3531
24340.06,25.21,13.3531
24341.06,25.31,13.3531
24342.06,25.2,13.3531
24343.07,25.24,13.3531
24344.07,25.3,13.3531
24345.07,25.2,13.3531
24346.07,29.02,13.3532
24347.07,25.2,13.3532
24348.07,25.32,13.3534
24349.08,25.2,13.3534
24350.08,25.2,13.3534
24351.08,25.31,13.3534
24352.08,25.2,13.3534
24353.08,25.32,13.3534
24354.09,25.21,13.3534
24355.09,25.31,13.3534
24356.09,25.21,13.3534
24357.09,25.21,13.3534
24358.09,28.99,13.3535
24359.09,25.21,13.3535
24360.1,25.31,13.3535
24361.1,25.22,13.3535
24362.1,25.2,13.3536
24363.1,25.33,13.3536
24364.1,25.2,13.3536
24365.1,25.3,13.3536
24366.1,25.2,13.3536
24367.11,25.2,13.3536
24368.11,25.31,13.3536
24369.11,28.97,13.3537
24370.11,25.3,13.3537
24371.11,25.2,13.3537
24372.11,25.2,13.3537
24373.12,25.34,13.3538
24374.12,25.2,13.3538
24375.12,25.31,13.3538
24376.12,25.2,13.3538
24377.12,25.2,13.3538
24378.12,25.33,13.3538
24379.12,25.2,13.3538
24380.13,25.2,13.3538
24381.13,30.52,13.3538
24382.13,25.19,13.3538
24383.13,25.32,13.354
24384.13,25.19,13.354
24385.13,25.3,13.354
24386.14,25.21,13.354
24387.14,25.2,13.354
24388.14,25.32,13.354
24389.14,25.2,13.354
24390.14,25.29,13.354
24391.14,25.2,13.354
24392.15,31.71,13.354
24393.15,25.32,13.3541
24394.15,25.19,13.3541
24395.15,25.31,13.3541
24396.15,25.21,13.3541
24397.15,25.29,13.3541
24398.16,25.16,13.3541
24399.16,25.13,13.3541
24400.16,25.23,13.3541
24401.16,25.13,13.3541
24402.16,25.24,13.3541
24403.16,29.13,13.3541
24404.17,25.2,13.3541
24405.17,29.33,11.4262
24406.17,86.23,2.6335
24407.17,76.38,2.9814
24408.17,73.51,3.1865
24409.17,89.36,3.4112
24410.17,80.52,3.7645
24411.18,78.83,4.0119
24412.18,76.99,4.2909
24413.18,76.53,4.5968
24414.18,77.81,4.8406
24415.18,76.65,5.0599
24416.18,76.14,5.2719
24417.18,76.76,5.4796
24418.19,76.45,5.7291
24419.19,59.14,6.1616
24420.19,25.78,6.9183
24421.19,55.54,7.9879
24422.19,100.18,8.8423
24423.19,46.66,9.0506
24424.19,25.18,9.0506
24425.2,25.3,9.0506
24426.2,68.03,9.051
24427.2,73.1,9.0518
24428.2,63.56,9.1521
24429.2,30.56,9.1521
24430.2,41.25,9.1521
24431.2,31.38,9.1521
24432.21,42.14,9.1521
24433.21,46.44,9.1521
24434.21,58.3,9.1521
24435.21,53.24,9.1521
24436.21,29.66,9.1521
24437.21,25.92,9.1521
24438.22,28.93,9.1522
24439.22,98.33,10.1632
24440.22,99.84,10.8332
24441.22,100.22,11.5012
24442.22,99.86,12.205
24443.22,48.62,12.3064
24444.22,27.43,12.3568
24445.23,29.17,12.3568
24446.23,32.46,12.3568
24447.23,40.22,12.3569
24448.23,26.39,12.3569
24449.23,26.27,12.3569
24450.23,29.8,12.3569
24451.24,25.83,12.3569
24452.24,28.15,12.3569
24453.24,28.86,12.3569
24454.24,25.31,12.3569
24455.24,25.2,12.3569
24456.24,25.31,12.3569
24457.25,25.22,12.3569
24458.25,25.36,12.3569
24459.25,26.62,12.3569
24460.25,30.17,12.3567
24461.25,31.85,12.3567
24462.25,25.27,12.3568
24463.26,25.78,12.3569
24464.26,25.29,12.3569
24465.26,36.07,12.3569
24466.26,25.5,12.3568
24467.26,25.26,12.3568
24468.26,27.81,12.3568
24469.26,41.48,12.3568
24470.27,25.21,12.3568
24471.27,25.41,12.3568
24472.27,25.51,12.3568
24473.27,28.74,12.3568
24474.27,25.18,12.3568
24475.27,25.2,12.3568
24476.28,25.34,12.3568
24477.28,25.47,12.357
24478.28,25.5,12.3569
24479.28,25.23,12.3569
24480.28,26.38,12.3569
24481.28,25.97,12.3569
24482.29,25.22,12.3569
24483.29,25.33,12.3569
24484.29,25.76,12.3569
24485.29,25.84,12.3569
24486.29,25.21,12.3569
24487.29,25.38,12.3569
24488.3,25.28,12.3569
24489.3,25.17,12.3569
24490.3,25.28,12.3569
24491.3,32.1,12.3569
24492.3,25.17,12.3571
24493.3,25.37,12.3572
24494.31,25.12,12.3572
24495.31,25.22,12.3572
24496.31,25.17,12.3572
24497.31,26.65,12.3572
24498.31,25.24,12.3572
24499.31,25.17,12.3572
24500.31,26.85,12.3572
24501.32,25.25,12.3572
24502.32,25.27,12.3572
24503.32,28.34,12.3573
24504.32,25.2,12.3573
24505.32,25.31,12.3573
24506.32,25.21,12.3573
24507.33,25.19,12.3573
24508.33,25.27,12.3573
24509.33,25.18,12.3573
24510.33,25.3,12.3573
24511.33,25.22,12.3573
24512.33,26.17,12.3573
24513.34,25.23,12.3573
24514.34,25.21,12.3573
24515.34,25.36,12.3573
24516.34,25.25,12.3573
24517.34,25.41,12.3574
24518.34,25.28,12.3574
24519.35,25.13,12.3574
24520.35,25.23,12.3574
24521.35,25.16,12.3574
24522.35,70.79,12.3629
24523.35,99.89,12.4018
24524.35,38.57,12.4714
24525.35,25.31,12.4714
24526.36,25.2,12.4714
24527.36,25.22,12.4714
24528.36,25.33,12.4714
24529.36,25.26,12.4714
24530.36,25.32,12.4714
24531.37,25.18,12.4714
24532.37,25.32,12.4714
24533.37,25.25,12.4715
24534.37,25.22,12.4715
24535.37,25.31,12.4715
24536.37,25.65,12.4715
24537.37,25.14,12.4715
24538.38,25.47,12.4715
24539.38,25.18,12.4715
24540.38,25.39,12.4715
24541.38,25.21,12.4715
24542.38,25.32,12.4715
24543.38,25.28,12.4715
24544.39,70.84,12.4718
24545.39,68.7,12.4719
24546.39,39.66,12.4719
24547.39,54.63,12.4719
24548.39,41.04,12.4719
24549.39,26.96,12.4719
24550.4,25.22,12.4719
24551.4,25.14,12.4719
24552.4,91.55,12.4795
24553.4,84.25,12.4795
24554.4,25.45,12.4795
24555.4,25.32,12.4795
24556.4,25.32,12.4795
24557.41,25.22,12.4795
24558.41,25.33,12.4795
24559.41,25.21,12.4795
24560.41,25.21,12.4795
24561.41,33.98,12.4795
24562.41,99.97,12.4856
24563.41,62.87,12.4856
24564.42,25.31,12.4856
24565.42,25.2,12.4856
24566.42,25.31,12.4856
24567.42,25.22,12.4857
24568.42,25.21,12.4857
24569.42,25.29,12.4857
24570.43,25.18,12.4857
24571.43,42.36,12.4857
24572.43,99.94,12.4857
24573.43,60.25,12.4858
24574.43,25.33,12.4858
24575.43,25.21,12.4858
24576.43,25.21,12.4858
24577.43,90.03,13.1507
24578.44,83.33,13.1508
24579.44,25.21,13.1508
24580.44,25.3,13.1508
24581.44,25.22,13.1508
24582.44,42.07,13.2862
24583.44,25.33,13.2862
24584.44,25.18,13.2862
24585.45,25.19,13.2862
24586.45,29.28,13.2865
24587.45,25.2,13.2865
24588.45,25.94,13.2865
24589.45,25.21,13.2865
24590.45,29.32,13.2865
24591.46,25.24,13.2865
24592.46,25.17,13.2866
24593.46,25.23,13.2867
24594.46,28.99,13.2867
24595.46,25.2,13.2867
24596.46,25.31,13.2867
24597.47,25.22,13.2868
24598.47,28.88,13.2868
24599.47,25.2,13.2868
24600.47,25.2,13.2868
24601.47,29.03,13.2868
24602.47,25.21,13.2868
24603.47,25.32,13.2868
24604.48,25.21,13.2868
24605.48,25.2,13.2868
24606.48,29.02,13.2868
24607.48,25.16,13.2868
24608.48,25.23,13.2868
24609.48,25.14,13.2868
24610.49,28.91,13.2868
24611.49,25.89,13.2868
24612.49,25.13,13.287
24613.49,28.91,13.2871
24614.49,25.13,13.2871
24615.49,25.23,13.2871
24616.5,25.13,13.2871
24617.5,28.91,13.2871
24618.5,25.29,13.2871
24619.5,25.2,13.2871
24620.5,25.22,13.2871
24621.5,28.83,13.2871
24622.51,25.14,13.2871
24623.51,25.29,13.2872
24624.51,25.18,13.2872
24625.51,28.84,13.2872
24626.51,25.25,13.2872
24627.51,25.18,13.2872
24628.51,25.21,13.2872
24629.51,29.09,13.2873
24630.52,25.21,13.2873
24631.52,25.21,13.2873
24632.52,25.34,13.2875
24633.52,28.98,13.2875
24634.52,25.12,13.2875
24635.52,25.22,13.2875
24636.53,25.12,13.2875
24637.53,25.26,13.2875
24638.53,28.91,13.2875
24639.53,25.13,13.2875
24640.53,25.22,13.2875
24641.53,25.18,13.2875
24642.53,25.32,13.2875
24643.54,25.22,13.2875
24644.54,29.83,13.2876
24645.54,25.29,13.2876
24646.54,25.12,13.2876
24647.54,25.24,13.2876
24648.54,25.14,13.2876
24649.55,30.18,13.2876
24650.55,25.32,13.2876
24651.55,25.18,13.2876
24652.55,25.15,13.2877
24653.55,25.31,13.2878
24654.55,25.19,13.2878
24655.55,30.04,13.2879
24656.56,25.29,13.2879
24657.56,25.2,13.2879
24658.56,25.19,13.2879
24659.56,25.29,13.2879
24660.56,25.2,13.2879
24661.56,29.79,13.2879
24662.57,25.2,13.2879
24663.57,25.3,13.2879
24664.57,25.14,13.2879
24665.57,25.11,13.2879
24666.57,25.22,13.2879
24667.57,25.14,13.2881
24668.57,29.03,13.2881
24669.58,25.2,13.2881
24670.58,25.18,13.2881
24671.58,25.3,13.2881
24672.58,25.19,13.2881
24673.58,25.15,13.2881
24674.58,25.23,13.2881
24675.59,28.87,13.2881
24676.59,25.3,13.2881
24677.59,25.2,13.2882
24678.59,25.21,13.2882
24679.59,25.29,13.2882
24680.59,25.18,13.2882
24681.59,25.19,13.2882
24682.6,26.95,13.2882
24683.6,27.26,13.2883
24684.6,25.29,13.2883
24685.6,25.18,13.2883
24686.6,25.12,13.2883
24687.6,25.29,13.2884
24688.61,25.18,13.2884
24689.61,25.26,13.2884
24690.61,25.17,13.2884
24691.61,28.92,13.2884
24692.61,25.33,13.2884
24693.61,25.12,13.2884
24694.61,25.18,13.2884
24695.62,25.29,13.2884
24696.62,25.2,13.2884
24697.62,25.19,13.2884
24698.62,28.89,13.2884
24699.62,25.19,13.2884
24700.62,25.28,13.2884
24701.62,25.19,13.2884
24702.63,25.21,13.2887
24703.63,25.28,13.2887
24704.63,25.18,13.2887
24705.63,25.28,13.2887
24706.63,29.75,13.2888
24707.63,25.16,13.2888
24708.64,25.29,13.2888
24709.64,25.17,13.2888
24710.64,25.29,13.2887
24711.64,25.18,13.2887
24712.64,25.17,13.2889
24713.64,25.28,13.2889
24714.64,30.92,13.2889
24715.65,25.18,13.2889
24716.65,25.27,13.2889
24717.65,25.14,13.2889
24718.65,25.22,13.2889
24719.65,25.12,13.2889
24720.65,25.22,13.2889
24721.66,25.12,13.2889
24722.66,30.33,13.2889
24723.66,25.29,13.2889
24724.66,25.18,13.2889
24725.66,25.28,13.2889
24726.66,25.21,13.2889
24727.67,25.2,13.289
24728.67,25.29,13.289
24729.67,25.19,13.289
24730.67,29.1,13.2891
24731.67,25.19,13.2891
24732.67,25.22,13.2892
24733.68,25.26,13.2892
24734.68,25.13,13.2892
24735.68,25.23,13.2892
24736.68,25.13,13.2892
24737.68,25.14,13.2892
24738.68,28.89,13.2893
24739.69,25.14,13.2893
24740.69,25.23,13.2893
24741.69,25.1,13.2893
24742.69,25.77,13.2893
24743.69,25.23,13.2893
24744.69,25.15,13.2893
24745.69,25.11,13.2893
24746.7,25.23,13.2893
24747.7,25.18,13.2893
24748.7,28.85,13.2896
24749.7,25.18,13.2896
24750.7,25.18,13.2896
24751.7,25.28,13.2896
24752.71,25.21,13.2896
24753.71,25.26,13.2896
24754.71,25.12,13.2896
24755.71,25.23,13.2896
24756.71,25.12,13.2896
24757.71,28.79,13.2897
24758.71,25.3,13.2897
24759.72,25.19,13.2897
24760.72,25.18,13.2897
24761.72,25.28,13.2897
24762.72,25.21,13.2898
24763.72,25.2,13.2898
24764.72,25.28,13.2898
24765.73,25.18,13.2898
24766.73,25.3,13.2898
24767.73,29.42,13.2898
24768.73,25.18,13.2898
24769.73,25.29,13.2898
24770.73,25.19,13.2898
24771.74,25.28,13.2898
24772.74,29.91,13.2899
24773.74,25.19,13.2899
24774.74,25.33,13.2899
24775.74,25.18,13.2899
24776.74,30.93,13.2901
24777.75,25.19,13.2901
24778.75,25.29,13.2901
24779.75,25.18,13.2901
24780.75,25.2,13.2901
24781.75,25.28,13.2901
24782.75,25.21,13.29
24783.75,25.18,13.2901
24784.76,29.87,13.2901
24785.76,26.0,13.2901
24786.76,25.28,13.2901
24787.76,25.2,13.2901
24788.76,25.2,13.2901
24789.76,25.29,13.2901
24790.76,25.2,13.2901
24791.77,25.19,13.2901
24792.77,25.32,13.2904
24793.77,25.19,13.2904
24794.77,29.18,13.2905
24795.77,25.18,13.2905
24796.77,25.18,13.2905
24797.77,25.32,13.2905
24798.78,25.19,13.2905
24799.78,25.19,13.2905
24800.78,25.29,13.2905
24801.78,25.19,13.2905
24802.78,25.23,13.2905
24803.78,25.29,13.2905
24804.79,28.79,13.2906
24805.79,25.3,13.2906
24806.79,25.19,13.2906
24807.79,25.19,13.2906
24808.79,25.31,13.2906
24809.79,25.19,13.2906
24810.79,25.18,13.2906
24811.8,25.29,13.2906
24812.8,25.21,13.2907
24813.8,25.28,13.2907
24814.8,28.83,13.2907
24815.8,25.18,13.2907
24816.8,25.28,13.2907
24817.81,25.2,13.2908
24818.81,25.34,13.2908
24819.81,25.19,13.2908
24820.81,25.28,13.2908
24821.81,25.18,13.2908
24822.81,25.21,13.291
24823.82,25.26,13.291
24824.82,25.17,13.291
24825.82,28.95,13.291
24826.82,25.18,13.291
24827.82,25.29,13.291
24828.82,25.18,13.291
24829.83,25.18,13.291
24830.83,25.28,13.291
24831.83,25.18,13.291
24832.83,25.31,13.2911
24833.83,25.19,13.2911
24834.83,25.18,13.2911
24835.84,29.93,13.2911
24836.84,25.18,13.2911
24837.84,25.28,13.2912
24838.84,25.17,13.2912
24839.84,25.29,13.2912
24840.84,25.19,13.2912
24841.85,25.19,13.2912
24842.85,25.31,13.2912
24843.85,25.19,13.2912
24844.85,25.29,13.2912
24845.85,31.21,13.2912
24846.85,25.18,13.2912
24847.86,25.27,13.2912
24848.86,25.15,13.2912
24849.86,25.29,13.2912
24850.86,25.18,13.2912
24851.86,25.25,13.2912
24852.86,25.17,13.2913
24853.87,25.11,13.2913
24854.87,25.22,13.2914
24855.87,30.06,13.2914
24856.87,25.25,13.2914
24857.87,25.16,13.2914
24858.87,25.26,13.2914
24859.88,25.17,13.2914
24860.88,25.18,13.2914
24861.88,25.28,13.2914
24862.88,25.21,13.2914
24863.88,25.29,13.2914
24864.88,25.18,13.2914
24865.89,28.82,13.2916
24866.89,25.28,13.2916
24867.89,25.2,13.2916
24868.89,25.28,13.2916
24869.89,25.18,13.2916
24870.89,25.19,13.2916
24871.9,25.28,13.2916
24872.9,25.21,13.2916
24873.9,25.28,13.2916
24874.9,25.19,13.2916
24875.9,28.9,13.2917
24876.9,25.28,13.2916
24877.91,25.2,13.2916
24878.91,25.29,13.2916
24879.91,25.19,13.2916
24880.91,25.29,13.2917
24881.91,25.18,13.2917
24882.91,25.21,13.2919
24883.91,25.3,13.2919
24884.92,25.19,13.2919
24885.92,25.19,13.2919
24886.92,29.0,13.292
24887.92,25.2,13.292
24888.92,25.29,13.292
24889.92,25.19,13.292
24890.93,25.18,13.292
24891.93,25.28,13.292
24892.93,25.22,13.292
24893.93,25.29,13.292
24894.93,25.19,13.292
24895.93,25.18,13.292
24896.94,27.44,13.292
24897.94,26.72,13.292
24898.94,25.28,13.292
24899.94,25.19,13.292
24900.94,25.19,13.292
24901.94,25.29,13.292
24902.95,25.21,13.2922
24903.95,25.29,13.2922
24904.95,25.19,13.2922
24905.95,25.19,13.2922
24906.95,25.29,13.2922
24907.95,30.76,13.2922
24908.95,25.28,13.2922
24909.96,25.19,13.2922
24910.96,25.18,13.2922
24911.96,25.28,13.2922
24912.96,25.21,13.2922
24913.96,25.29,13.2922
24914.96,25.18,13.2922
24915.97,25.18,13.2922
24916.97,25.29,13.2922
24917.97,31.11,13.2923
24918.97,25.28,13.2923
24919.97,25.18,13.2923
24920.97,25.18,13.2923
24921.98,25.28,13.2923
24922.98,25.21,13.2925
24923.98,25.3,13.2925
24924.98,25.2,13.2926
24925.98,25.18,13.2926
24926.98,25.28,13.2926
24927.98,25.2,13.2926
24928.99,29.15,13.2929
24929.99,25.31,13.2929
24930.99,25.18,13.2929
24931.99,25.18,13.2929
24932.99,25.33,13.2929
24933.99,25.18,13.2929
24934.99,25.18,13.2929
24936.0,25.29,13.2929
24937.0,25.19,13.2929
24938.0,25.19,13.2929
24939.0,28.91,13.293
24940.0,25.12,13.293
24941.0,25.22,13.293
24942.0,25.15,13.293
24943.01,25.17,13.293
24944.01,25.22,13.293
24945.01,25.17,13.293
24946.01,25.12,13.2931
24947.01,25.24,13.2931
24948.01,25.13,13.2931
24949.01,25.18,13.2931
24950.01,28.9,13.2933
24951.02,25.18,13.2933
24952.02,25.19,13.2933
24953.02,25.32,13.2933
24954.02,25.16,13.2933
24955.02,25.27,13.2933
24956.02,25.18,13.2933
24957.03,25.19,13.2933
24958.03,25.3,13.2933
24959.03,25.19,13.2933
24960.03,25.29,13.2933
24961.03,28.96,13.2934
24962.03,25.19,13.2934
24963.04,25.3,13.2934
24964.04,25.18,13.2934
24965.04,25.29,13.2935
24966.04,25.18,13.2935
24967.04,25.19,13.2933
24968.04,25.28,13.2935
24969.04,25.12,13.2935
24970.05,25.13,13.2935
24971.05,25.22,13.2935
24972.05,29.4,13.2935
24973.05,25.33,13.2936
24974.05,25.18,13.2936
24975.05,25.18,13.2936
24976.06,25.28,13.2936
24977.06,25.18,13.2936
24978.06,25.3,13.2936
24979.06,25.19,13.2936
24980.06,25.18,13.2936
24981.06,25.28,13.2936
24982.07,31.23,13.2937
24983.07,25.32,13.2937
24984.07,25.19,13.2937
24985.07,25.19,13.2937
24986.07,25.29,13.2937
24987.07,25.19,13.2937
24988.08,25.3,13.2937
24989.08,25.18,13.2937
24990.08,25.27,13.2937
24991.08,25.17,13.2937
24992.08,30.48,13.2937
24993.08,25.3,13.2938
24994.09,25.16,13.2938
24995.09,25.21,13.2938
24996.09,25.28,13.2938
24997.09,25.17,13.2938
24998.09,25.3,13.2938
24999.09,25.19,13.2938
25000.09,25.2,13.2938
25001.1,25.28,13.2938
25002.1,28.86,13.294
25003.1,25.31,13.2941
25004.1,25.12,13.2941
25005.1,25.28,13.2941
25006.1,25.18,13.2941
25007.11,25.18,13.2941
25008.11,25.29,13.2941
25009.11,25.18,13.2941
25010.11,25.28,13.2941
25011.11,25.18,13.2941
25012.11,25.13,13.2941
25013.12,29.04,13.2942
25014.12,25.18,13.2942
25015.12,25.28,13.2942
25016.12,25.2,13.2942
25017.12,25.18,13.2942
25018.12,25.3,13.2942
25019.13,25.19,13.2942
25020.13,25.29,13.2942
25021.13,25.18,13.2942
25022.13,25.19,13.2942
25023.13,25.43,13.2942
25024.13,28.9,13.2944
25025.14,25.29,13.2944
25026.14,25.19,13.2944
25027.14,25.17,13.2944
25028.14,25.29,13.2944
25029.14,25.18,13.2944
25030.14,25.29,13.2944
25031.15,25.18,13.2944
25032.15,25.28,13.2944
25033.15,30.33,13.2946
25034.15,25.19,13.2946
25035.15,28.97,13.2946
25036.15,25.18,13.2946
25037.16,25.28,13.2946
25038.16,25.2,13.2947
25039.16,25.16,13.2947
25040.16,25.28,13.2947
25041.16,25.18,13.2947
25042.16,25.28,13.2947
25043.16,25.23,13.2947
25044.17,25.18,13.2947
25045.17,25.28,13.2947
25046.17,30.76,13.2947
25047.17,25.28,13.2948
25048.17,25.19,13.2948
25049.17,25.28,13.2948
25050.18,25.14,13.2948
25051.18,25.12,13.2948
25052.18,25.22,13.2948
25053.18,25.15,13.2948
25054.18,25.22,13.2949
25055.18,25.13,13.2949
25056.19,31.03,13.2952
25057.19,25.28,13.2952
25058.19,25.19,13.2952
25059.19,25.29,13.2952
25060.19,25.2,13.2952
25061.19,25.19,13.2952
25062.2,25.26,13.2952
25063.2,25.21,13.2952
25064.2,25.28,13.2952
25065.2,25.19,13.2952
25066.2,25.19,13.2952
25067.2,29.26,13.2952
25068.21,25.2,13.2952
25069.21,25.29,13.2952
25070.21,25.19,13.2952
25071.21,25.18,13.2952
25072.21,25.3,13.2952
25073.21,25.21,13.2953
25074.21,25.28,13.2953
25075.22,25.18,13.2953
25076.22,25.18,13.2953
25077.22,29.0,13.2954
25078.22,25.2,13.2954
25079.22,25.28,13.2954
25080.22,25.18,13.2954
25081.23,25.18,13.2954
25082.23,25.29,13.2954
25083.23,25.21,13.2955
25084.23,25.28,13.2955
25085.23,25.19,13.2955
25086.23,25.29,13.2955
25087.24,25.19,13.2955
25088.24,28.87,13.2955
25089.24,25.29,13.2955
25090.24,25.18,13.2955
25091.24,25.28,13.2955
25092.24,25.19,13.2957
25093.25,25.21,13.2957
25094.25,25.3,13.2957
25095.25,25.19,13.2957
25096.25,25.18,13.2957
25097.25,25.29,13.2957
25098.25,25.19,13.2957
25099.25,25.62,13.2957
25100.26,28.57,13.296
25101.26,25.18,13.296
25102.26,25.3,13.296
25103.26,25.2,13.296
25104.26,25.28,13.296
25105.26,25.19,13.296
25106.27,25.19,13.296
25107.27,25.29,13.296
25108.27,25.19,13.296
25109.27,25.29,13.296
25110.27,29.9,13.2961
25111.27,25.12,13.2961
25112.28,25.29,13.2963
25113.28,25.2,13.2963
25114.28,25.29,13.2963
25115.28,25.18,13.2963
25116.28,25.18,13.2963
25117.28,25.29,13.2963
25118.29,25.18,13.2963
25119.29,25.29,13.2963
25120.29,25.18,13.2963
25121.29,31.28,13.2964
25122.29,25.19,13.2964
25123.29,25.2,13.2964
25124.29,25.31,13.2964
25125.3,25.19,13.2964
25126.3,25.18,13.2964
25127.3,25.3,13.2965
25128.3,25.19,13.2965
25129.3,25.27,13.2965
25130.3,25.19,13.2965
25131.31,25.28,13.2965
25132.31,30.19,13.2965
25133.31,25.2,13.2966
25134.31,25.27,13.2966
25135.31,25.12,13.2966
25136.31,25.11,13.2966
25137.32,25.27,13.2966
25138.32,25.17,13.2966
25139.32,25.24,13.2966
25140.32,25.12,13.2966
25141.32,25.14,13.2966
25142.32,28.83,13.2969
25143.32,25.2,13.2969
25144.33,25.18,13.2969
25145.33,25.27,13.2969
25146.33,25.18,13.2969
25147.33,25.31,13.2969
25148.33,25.19,13.2969
25149.33,25.19,13.2969
25150.34,25.28,13.2969
25151.34,25.18,13.2969
25152.34,25.29,13.2969
25153.34,28.82,13.2969
25154.34,25.18,13.2969
25155.34,25.3,13.2969
25156.34,25.18,13.2969
25157.35,25.19,13.2969
25158.35,25.28,13.2969
25159.35,25.18,13.2969
25160.35,25.21,13.297
25161.35,25.28,13.297
25162.35,25.2,13.297
25163.35,25.32,13.2971
25164.36,25.18,13.2971
25165.36,28.87,13.2972
25166.36,25.29,13.2972
25167.36,25.19,13.2972
25168.36,25.3,13.2972
25169.36,25.2,13.2972
25170.37,25.18,13.2972
25171.37,25.28,13.2972
25172.37,25.2,13.2972
25173.37,25.3,13.2972
25174.37,25.17,13.2972
25175.37,25.18,13.2972
25176.38,28.93,13.2973
25177.38,25.19,13.2973
25178.38,25.3,13.2973
25179.38,25.19,13.2973
25180.38,25.18,13.2973
25181.38,25.27,13.2973
25182.39,25.19,13.2975
25183.39,25.3,13.2976
25184.39,25.19,13.2976
25185.39,25.18,13.2976
25186.39,31.47,13.2976
25187.39,25.19,13.2976
25188.4,25.29,13.2976
25189.4,25.19,13.2976
25190.4,25.28,13.2976
25191.4,25.19,13.2976
25192.4,25.2,13.2976
25193.4,25.3,13.2976
25194.41,25.19,13.2976
25195.41,25.21,13.2976
25196.41,25.29,13.2976
25197.41,30.64,13.2976
25198.41,25.28,13.2976
25199.41,25.19,13.2976
25200.41,25.28,13.2976
25201.42,25.19,13.2976
25202.42,25.19,13.2977
25203.42,25.3,13.2977
25204.42,25.21,13.2977
25205.42,25.29,13.2977
25206.42,25.18,13.2977
25207.43,26.47,13.2977
25208.43,27.89,13.298
25209.43,25.19,13.298
25210.43,25.18,13.298
25211.43,25.28,13.298
25212.43,25.19,13.298
25213.44,25.29,13.298
25214.44,25.19,13.298
25215.44,25.18,13.298
25216.44,25.29,13.298
25217.44,25.2,13.298
25218.44,28.92,13.298
25219.44,25.19,13.298
25220.45,25.12,13.298
25221.45,25.22,13.298
25222.45,25.14,13.2981
25223.45,25.15,13.2981
25224.45,25.23,13.2981
25225.45,25.13,13.2981
25226.46,25.22,13.2981
25227.46,25.13,13.2981
25228.46,25.13,13.2981
25229.46,28.97,13.2983
25230.46,25.17,13.2983
25231.46,25.3,13.2983
25232.46,25.19,13.2983
25233.47,25.2,13.2983
25234.47,25.28,13.2983
25235.47,25.18,13.2983
25236.47,25.29,13.2983
25237.47,25.19,13.2983
25238.47,25.19,13.2983
25239.48,25.29,13.2983
25240.48,25.18,13.2983
25241.48,29.03,13.2983
25242.48,25.2,13.2984
25243.48,25.21,13.2984
25244.48,25.31,13.2984
25245.48,25.19,13.2984
25246.49,25.18,13.2984
25247.49,25.32,13.2984
25248.49,25.19,13.2984
25249.49,25.21,13.2984
25250.49,25.29,13.2984
25251.49,25.2,13.2984
25252.49,30.47,13.2987
25253.5,25.3,13.2988
25254.5,25.18,13.2988
25255.5,25.29,13.2988
25256.5,25.19,13.2988
25257.5,25.19,13.2988
25258.5,25.28,13.2988
25259.51,25.19,13.2988
25260.51,25.28,13.2988
25261.51,25.19,13.2988
25262.51,31.59,13.2988
25263.51,25.21,13.2988
25264.51,25.19,13.2988
25265.52,25.29,13.2988
25266.52,25.19,13.2988
25267.52,25.29,13.2989
25268.52,25.19,13.2989
25269.52,25.2,13.2989
25270.52,25.28,13.2989
25271.53,25.18,13.2989
25272.53,25.31,13.2989
25273.53,29.23,13.2989
25274.53,25.19,13.2989
25275.53,25.29,13.2989
25276.53,25.19,13.2989
25277.54,25.3,13.2989
25278.54,25.2,13.2989
25279.54,25.3,13.2989
25280.54,25.19,13.2989
25281.54,25.19,13.2989
25282.54,25.3,13.299
25283.55,25.21,13.299
25284.55,28.99,13.2992
25285.55,25.19,13.2992
25286.55,25.18,13.2992
25287.55,25.3,13.2993
25288.55,25.2,13.2993
25289.56,25.29,13.2993
25290.56,25.19,13.2993
25291.56,25.29,13.2993
25292.56,25.18,13.2993
25293.56,25.17,13.2993
25294.56,25.23,13.2993
25295.57,28.89,13.2993
25296.57,25.29,13.2993
25297.57,25.21,13.2993
25298.57,25.2,13.2993
25299.57,25.28,13.2993
25300.57,25.12,13.2993
25301.58,25.21,13.2993
25302.58,25.12,13.2994
25303.58,25.14,13.2995
25304.58,25.23,13.2995
25305.58,25.13,13.2995
25306.58,25.23,13.2995
25307.59,28.89,13.2995
25308.59,25.28,13.2995
25309.59,25.18,13.2995
25310.59,25.17,13.2995
25311.59,25.26,13.2995
25312.59,25.14,13.2995
25313.6,25.25,13.2995
25314.6,25.13,13.2995
25315.6,25.23,13.2995
25316.6,25.12,13.2995
25317.6,25.14,13.2995
25318.6,25.92,13.2995
25319.6,29.33,13.2996
25320.61,25.19,13.2996
25321.61,25.29,13.2996
25322.61,25.22,13.2996
25323.61,25.21,13.2996
25324.61,25.28,13.2996
25325.61,25.19,13.2996
25326.62,25.29,13.2996
25327.62,25.2,13.2998
25328.62,25.29,13.2998
25329.62,31.53,13.2999
25330.62,25.2,13.2999
25331.62,25.29,13.2999
25332.63,25.19,13.2999
25333.63,25.24,13.2999
25334.63,25.13,13.2999
25335.63,25.14,13.2999
25336.63,25.28,13.2999
25337.63,25.31,13.2999
25338.64,25.3,13.2999
25339.64,25.19,13.2999
25340.64,29.59,13.3
25341.64,25.29,13.3
25342.64,25.22,13.3
25343.64,25.3,13.3
25344.65,25.19,13.3
25345.65,25.28,13.3
25346.65,25.18,13.3
25347.65,25.19,13.3
25348.65,25.28,13.3
25349.65,25.17,13.3
25350.65,25.27,13.3
25351.66,28.73,13.3
25352.66,25.62,13.3001
25353.66,25.3,13.3002
25354.66,25.16,13.3002
25355.66,25.2,13.3001
25356.66,25.29,13.3001
25357.66,25.2,13.3003
25358.67,25.19,13.3003
25359.67,25.3,13.3003
25360.67,25.19,13.3003
25361.67,25.3,13.3004
25362.67,28.77,13.3009
25363.67,25.28,13.3009
25364.68,25.18,13.3009
25365.68,25.18,13.3009
25366.68,25.3,13.3009
25367.68,25.21,13.3009
25368.68,25.2,13.3009
25369.68,25.29,13.3009
25370.69,25.19,13.3009
25371.69,25.29,13.3009
25372.69,25.21,13.3009
25373.69,28.87,13.301
25374.69,25.28,13.301
25375.69,25.18,13.301
25376.69,25.29,13.301
25377.7,25.2,13.3011
25378.7,25.19,13.3011
25379.7,25.26,13.3011
25380.7,25.18,13.3011
25381.7,25.26,13.3011
25382.7,25.21,13.3011
25383.71,25.19,13.3011
25384.71,29.36,13.3012
25385.71,25.18,13.3012
25386.71,25.21,13.3012
25387.71,25.28,13.3012
25388.71,25.14,13.3012
25389.72,25.24,13.3012
25390.72,25.13,13.3012
25391.72,25.23,13.3012
25392.72,25.19,13.3012
25393.72,25.18,13.3012
25394.72,25.28,13.3012
25395.72,31.55,13.3014
25396.73,25.28,13.3014
25397.73,25.2,13.3014
25398.73,25.18,13.3014
25399.73,25.28,13.3014
25400.73,25.18,13.3014
25401.74,25.29,13.3014
25402.74,25.21,13.3015
25403.74,25.19,13.3015
25404.74,25.28,13.3015
25405.74,25.19,13.3015
25406.74,30.5,13.3016
25407.74,25.19,13.3016
25408.75,25.19,13.3016
25409.75,25.29,13.3016
25410.75,25.18,13.3016
25411.75,25.28,13.3016
25412.75,25.17,13.3017
25413.75,25.23,13.3017
25414.76,25.14,13.3017
25415.76,25.12,13.3017
25416.76,25.22,13.3017
25417.76,28.81,13.3017
25418.76,25.26,13.3017
25419.76,25.14,13.3018
25420.77,25.18,13.3018
25421.77,25.28,13.3018
25422.77,25.21,13.3018
25423.77,25.29,13.3018
25424.77,25.19,13.3018
25425.77,25.28,13.3018
25426.78,25.18,13.3018
25427.78,25.19,13.3018
25428.78,28.95,13.3019
25429.78,25.19,13.3019
25430.78,25.29,13.3019
25431.78,25.19,13.3019
25432.79,25.22,13.3019
25433.79,25.29,13.3019
25434.79,25.18,13.3019
25435.79,25.29,13.3019
25436.79,25.18,13.3019
25437.79,25.29,13.3019
25438.8,25.18,13.3019
25439.8,28.88,13.302
25440.8,25.27,13.302
25441.8,25.17,13.302
25442.8,25.3,13.3023
25443.8,25.2,13.3023
25444.81,25.18,13.3023
25445.81,25.24,13.3023
25446.81,25.18,13.3023
25447.81,25.2,13.3023
25448.81,25.29,13.3023
25449.81,25.19,13.3023
25450.82,25.25,13.3023
25451.82,28.86,13.3023
25452.82,25.3,13.3023
25453.82,25.19,13.3023
25454.82,25.19,13.3023
25455.82,25.25,13.3023
25456.83,25.15,13.3023
25457.83,25.26,13.3023
25458.83,25.15,13.3023
25459.83,25.18,13.3023
25460.83,25.28,13.3023
25461.83,25.18,13.3023
25462.84,31.6,13.3025
25463.84,25.17,13.3027
25464.84,25.18,13.3027
25465.84,25.28,13.3027
25466.84,25.18,13.3027
25467.84,25.29,13.3027
25468.85,25.19,13.3027
25469.85,25.29,13.3027
25470.85,25.18,13.3027
25471.85,25.18,13.3027
25472.85,25.31,13.3027
25473.85,30.75,13.3028
25474.85,25.29,13.3028
25475.86,25.19,13.3028
25476.86,25.18,13.3028
25477.86,25.27,13.3028
25478.86,25.17,13.3028
25479.86,25.3,13.3028
25480.86,25.19,13.3028
25481.87,25.19,13.3028
25482.87,25.3,13.3029
25483.87,28.86,13.3029
25484.87,25.29,13.3029
25485.87,25.18,13.3029
25486.87,25.19,13.3029
25487.88,25.28,13.3029
25488.88,25.18,13.3029
25489.88,25.19,13.3029
25490.88,25.27,13.3029
25491.88,25.12,13.3029
25492.88,25.25,13.303
25493.89,25.12,13.303
25494.89,28.93,13.303
25495.89,25.18,13.303
25496.89,25.18,13.303
25497.89,25.29,13.3031
25498.89,25.18,13.3031
25499.89,25.3,13.3031
25500.9,25.2,13.3031
25501.9,25.22,13.3031
25502.9,25.33,13.3031
25503.9,25.19,13.3031
25504.9,25.13,13.3031
25505.9,25.27,13.3031
25506.91,28.86,13.3033
25507.91,25.29,13.3033
25508.91,25.21,13.3033
25509.91,25.21,13.3033
25510.91,25.31,13.3033
25511.91,25.21,13.3033
25512.92,25.26,13.3034
25513.92,25.12,13.3034
25514.92,25.22,13.3034
25515.92,25.12,13.3034
25516.92,25.13,13.3034
25517.92,29.0,13.3035
25518.93,25.2,13.3035
25519.93,25.31,13.3035
25520.93,25.2,13.3035
25521.93,25.19,13.3035
25522.93,25.32,13.3035
25523.93,25.2,13.3035
25524.94,25.31,13.3035
25525.94,25.2,13.3035
25526.94,25.31,13.3035
25527.94,25.18,13.3035
25528.94,30.84,13.3035
25529.94,25.31,13.3035
25530.94,25.2,13.3035
25531.95,25.19,13.3035
25532.95,25.49,13.3035
25533.95,25.2,13.3035
25534.95,25.29,13.3035
25535.95,25.19,13.3035
25536.95,25.2,13.3035
25537.96,25.32,13.3036
25538.96,25.2,13.3036
25539.96,31.29,13.3038
25540.96,25.2,13.3038
25541.96,25.2,13.3038
25542.96,25.34,13.3039
25543.97,25.21,13.3039
25544.97,25.29,13.3039
25545.97,25.21,13.3039
25546.97,25.31,13.3039
25547.97,25.21,13.3039
25548.97,25.21,13.3039
25549.97,25.32,13.3039
25550.98,29.16,13.3039
25551.98,25.12,13.3039
25552.98,25.29,13.304
25553.98,25.11,13.304
25554.98,25.16,13.304
25555.98,25.31,13.304
25556.98,25.21,13.304
25557.99,25.2,13.304
25558.99,25.29,13.304
25559.99,25.2,13.304
25560.99,25.2,13.304
25561.99,26.48,13.304
25562.99,27.86,13.3042
25563.99,25.2,13.3042
25565.0,25.23,13.3042
25566.0,25.13,13.3042
25567.0,25.3,13.3042
25568.0,25.21,13.3042
25569.0,25.2,13.3042
25570.0,25.3,13.3042
25571.01,25.2,13.3042
25572.01,25.31,13.3042
25573.01,25.23,13.3044
25574.01,28.9,13.3044
25575.01,25.3,13.3044
25576.01,25.2,13.3044
25577.02,25.3,13.3044
25578.02,25.23,13.3044
25579.02,25.21,13.3044
25580.02,25.31,13.3044
25581.02,25.2,13.3044
25582.02,25.3,13.3044
25583.03,25.23,13.3044
25584.03,25.3,13.3044
25585.03,28.92,13.3045
25586.03,25.2,13.3045
25587.03,25.3,13.3045
25588.03,25.22,13.3045
25589.04,25.31,13.3045
25590.04,25.2,13.3045
25591.04,25.31,13.3045
25592.04,25.2,13.3045
25593.04,25.24,13.3047
25594.04,25.31,13.3047
25595.05,25.21,13.3047
25596.05,30.65,13.3047
25597.05,25.2,13.3047
25598.05,25.32,13.3047
25599.05,25.2,13.3047
25600.05,25.21,13.3047
25601.05,25.32,13.3047
25602.06,25.2,13.3047
25603.06,37.36,13.3047
25604.06,31.59,13.3048
25605.06,25.68,13.3051
25606.06,82.97,2.5728
25607.06,82.65,2.9101
25608.07,74.95,3.1618
25609.07,85.51,3.3418
25610.07,79.74,3.7034
25611.07,78.54,4.0043
25612.07,76.76,4.3103
25613.07,77.43,4.597
25614.07,79.2,4.8247
25615.08,76.27,5.0503
25616.08,75.78,5.2357
25617.08,77.35,5.4471
25618.08,75.92,5.6859
25619.08,76.89,5.9595
25620.08,29.79,6.7834
25621.09,44.53,7.7277
25622.09,100.19,8.722
25623.09,56.03,9.0804
25624.09,25.13,9.1807
25625.09,25.3,9.1807
25626.09,70.6,9.181
25627.09,77.02,9.1828
25628.1,75.79,9.1924
25629.1,76.52,9.1931
25630.1,77.17,9.1935
25631.1,75.24,9.1938
25632.1,70.3,9.1946
25633.1,35.71,9.1946
25634.11,42.92,9.1946
25635.11,48.23,9.1946
25636.11,30.17,9.1903
25637.11,36.24,9.1903
25638.11,51.36,9.1903
25639.11,29.67,9.1903
25640.12,56.03,9.5898
25641.12,99.86,10.4764
25642.12,99.89,11.1382
25643.12,100.2,11.8227
25644.12,91.03,12.3089
25645.12,25.49,12.3569
25646.12,28.02,12.3569
25647.13,27.95,12.3569
25648.13,26.19,12.3569
25649.13,25.56,12.3569
25650.13,25.36,12.3569
25651.13,25.4,12.3569
25652.13,43.46,12.3569
25653.14,27.79,12.3571
25654.14,33.05,12.3571
25655.14,28.2,12.3571
25656.14,34.76,12.3571
25657.14,25.88,12.3572
25658.14,25.51,12.3572
25659.15,27.23,12.3572
25660.15,25.31,12.3572
25661.15,25.21,12.3572
25662.15,25.31,12.3572
25663.15,25.97,12.3572
25664.15,26.63,12.3572
25665.16,25.36,12.3572
25666.16,25.41,12.3571
25667.16,25.42,12.3571
25668.16,32.43,12.3571
25669.16,30.65,12.3571
25670.16,25.93,12.3571
25671.16,25.13,12.3571
25672.17,25.82,12.3571
25673.17,49.94,12.3571
25674.17,29.33,12.359
25675.17,30.21,12.359
25676.17,25.2,12.359
25677.17,25.67,12.359
25678.18,25.29,12.3591
25679.18,25.19,12.3591
25680.18,29.32,12.3591
25681.18,25.22,12.3591
25682.18,25.54,12.3591
25683.18,26.05,12.3591
25684.18,25.25,12.3591
25685.19,25.55,12.3591
25686.19,26.24,12.3591
25687.19,28.12,12.3591
25688.19,25.31,12.3591
25689.19,25.25,12.3591
25690.19,25.19,12.3591
25691.2,25.3,12.3591
25692.2,25.14,12.3591
25693.2,27.02,12.3592
25694.2,25.21,12.3592
25695.2,25.31,12.3592
25696.2,25.21,12.3592
25697.21,25.21,12.3592
25698.21,25.93,12.3593
25699.21,25.21,12.3593
25700.21,25.42,12.3593
25701.21,25.23,12.3593
25702.21,25.21,12.3593
25703.22,25.3,12.3593
25704.22,25.99,12.3593
25705.22,25.91,12.3593
25706.22,25.22,12.3593
25707.22,25.23,12.3593
25708.22,26.97,12.3593
25709.23,28.91,12.3593
25710.23,29.49,12.3593
25711.23,27.11,12.3593
25712.23,25.47,12.3593
25713.23,25.24,12.3593
25714.23,25.14,12.3593
25715.24,25.71,12.3593
25716.24,25.53,12.3593
25717.24,25.32,12.3594
25718.24,25.2,12.3594
25719.24,25.22,12.3594
25720.24,25.91,12.3594
25721.25,25.16,12.3594
25722.25,25.32,12.3594
25723.25,25.22,12.3594
25724.25,25.21,12.3594
25725.25,25.39,12.3594
25726.25,25.31,12.3594
25727.26,25.28,12.3594
25728.26,25.14,12.3594
25729.26,25.48,12.3594
25730.26,25.35,12.3594
25731.26,25.21,12.3596
25732.26,25.31,12.3596
25733.27,25.15,12.3596
25734.27,53.37,12.3598
25735.27,99.86,12.4664
25736.27,82.15,12.474
25737.27,25.33,12.474
25738.27,25.94,12.474
25739.27,25.27,12.474
25740.27,25.3,12.474
25741.28,25.17,12.474
25742.28,25.21,12.4742
25743.28,25.32,12.4742
25744.28,25.22,12.4742
25745.28,25.32,12.4742
25746.28,25.67,12.4742
25747.29,25.22,12.4742
25748.29,25.35,12.4742
25749.29,25.21,12.4742
25750.29,25.4,12.4742
25751.29,25.21,12.4742
25752.29,25.21,12.4742
25753.3,27.29,12.4742
25754.3,52.55,12.4744
25755.3,76.51,12.4745
25756.3,68.03,12.4843
25757.3,58.54,12.501
25758.3,55.73,12.4997
25759.3,45.77,12.5018
25760.31,28.09,12.5018
25761.31,25.34,12.4873
25762.31,63.75,12.4879
25763.31,100.02,12.4973
25764.31,48.78,12.498
25765.31,25.52,12.498
25766.32,25.81,12.498
25767.32,25.18,12.4981
25768.32,25.16,12.4981
25769.32,25.21,12.4981
25770.32,25.14,12.4981
25771.32,25.31,12.4981
25772.32,58.88,12.4982
25773.33,99.97,12.4985
25774.33,45.68,12.4985
25775.33,25.2,12.4985
25776.33,25.3,12.4985
25777.33,25.21,12.4985
25778.33,25.2,12.4985
25779.34,29.34,12.4985
25780.34,25.18,12.4985
25781.34,25.25,12.4985
25782.34,51.68,12.4985
25783.34,99.97,12.4989
25784.34,56.43,12.4989
25785.35,25.22,12.4989
25786.35,25.32,12.4989
25787.35,25.23,12.4989
25788.35,92.28,13.2015
25789.35,51.63,13.2015
25790.35,25.22,13.2015
25791.35,25.33,13.2015
25792.36,25.21,13.2015
25793.36,40.6,13.3359
25794.36,25.32,13.3359
25795.36,25.21,13.3359
25796.36,25.74,13.3359
25797.36,28.52,13.3362
25798.37,25.21,13.3362
25799.37,25.25,13.3362
25800.37,28.84,13.3363
25801.37,25.18,13.3363
25802.37,25.3,13.3363
25803.37,25.2,13.3363
25804.37,28.94,13.3363
25805.38,25.23,13.3363
25806.38,25.16,13.3363
25807.38,25.27,13.3364
25808.38,25.14,13.3364
25809.38,28.9,13.3364
25810.38,25.24,13.3364
25811.39,25.14,13.3365
25812.39,25.26,13.3365
25813.39,28.89,13.3367
25814.39,25.14,13.3367
25815.39,25.25,13.3367
25816.39,28.98,13.3368
25817.39,25.17,13.3368
25818.39,25.3,13.3368
25819.4,25.21,13.3368
25820.4,28.83,13.3368
25821.4,25.24,13.3368
25822.4,25.16,13.3368
25823.4,25.26,13.3368
25824.4,28.04,13.3368
25825.41,25.95,13.3368
25826.41,25.27,13.3368
25827.41,25.14,13.3369
25828.41,28.89,13.3369
25829.41,25.14,13.3369
25830.41,25.13,13.3369
25831.42,25.25,13.3369
25832.42,28.87,13.3369
25833.42,25.33,13.3369
25834.42,25.21,13.3369
25835.42,25.31,13.3369
25836.42,28.82,13.337
25837.43,25.21,13.337
25838.43,25.29,13.337
25839.43,25.8,13.3371
25840.43,28.41,13.3371
25841.43,25.19,13.3371
25842.43,25.13,13.3371
25843.44,25.23,13.3371
25844.44,28.06,13.3371
25845.44,25.97,13.3371
25846.44,25.13,13.3371
25847.44,25.14,13.3373
25848.44,25.23,13.3373
25849.44,29.73,13.3373
25850.45,25.13,13.3373
25851.45,25.25,13.3373
25852.45,25.14,13.3373
25853.45,25.23,13.3374
25854.45,25.12,13.3374
25855.45,30.38,13.3374
25856.46,25.24,13.3374
25857.46,25.15,13.3374
25858.46,25.23,13.3374
25859.46,25.14,13.3374
25860.46,29.86,13.3374
25861.46,25.13,13.3374
25862.47,25.14,13.3374
25863.47,25.24,13.3374
25864.47,25.14,13.3374
25865.47,25.28,13.3374
25866.47,29.74,13.3374
25867.47,25.16,13.3375
25868.48,25.28,13.3375
25869.48,25.14,13.3375
25870.48,25.13,13.3376
25871.48,25.23,13.3376
25872.48,28.93,13.3376
25873.48,25.3,13.3377
25874.48,25.17,13.3377
25875.49,25.14,13.3377
25876.49,25.28,13.3377
25877.49,25.18,13.3377
25878.49,25.29,13.3377
25879.49,28.95,13.3379
25880.49,25.18,13.3379
25881.5,25.29,13.3379
25882.5,25.2,13.338
25883.5,25.18,13.338
25884.5,25.27,13.338
25885.5,28.78,13.338
25886.5,25.29,13.338
25887.51,25.21,13.338
25888.51,25.3,13.338
25889.51,25.2,13.338
25890.51,25.19,13.338
25891.51,25.29,13.338
25892.51,25.19,13.338
25893.52,28.97,13.3382
25894.52,25.21,13.3382
25895.52,25.18,13.3382
25896.52,25.27,13.3382
25897.52,25.18,13.3382
25898.52,25.18,13.3382
25899.52,25.29,13.3382
25900.53,25.18,13.3382
25901.53,28.96,13.3382
25902.53,25.17,13.3382
25903.53,25.25,13.3384
25904.53,25.14,13.3384
25905.53,25.15,13.3384
25906.54,25.27,13.3384
25907.54,25.19,13.3384
25908.54,25.28,13.3384
25909.54,29.15,13.3384
25910.54,25.19,13.3384
25911.54,25.3,13.3384
25912.55,25.2,13.3384
25913.55,25.29,13.3384
25914.55,25.19,13.3384
25915.55,25.29,13.3384
25916.55,25.19,13.3384
25917.55,25.76,13.3385
25918.56,30.26,13.3385
25919.56,25.19,13.3385
25920.56,25.29,13.3385
25921.56,25.19,13.3385
25922.56,25.19,13.3385
25923.56,25.29,13.3385
25924.57,25.19,13.3385
25925.57,25.28,13.3385
25926.57,30.76,13.3386
25927.57,25.26,13.3386
25928.57,25.15,13.3386
25929.57,25.18,13.3386
25930.58,25.22,13.3386
25931.58,25.13,13.3386
25932.58,25.19,13.3387
25933.58,25.3,13.3387
25934.58,29.16,13.3387
25935.58,25.26,13.3387
25936.59,25.19,13.3387
25937.59,25.3,13.3387
25938.59,25.19,13.3387
25939.59,25.21,13.3387
25940.59,25.27,13.3387
25941.59,25.18,13.3387
25942.59,28.98,13.3388
25943.6,25.17,13.339
25944.6,25.17,13.339
25945.6,25.27,13.339
25946.6,25.18,13.339
25947.6,25.29,13.339
25948.6,25.18,13.339
25949.61,25.18,13.339
25950.61,25.28,13.339
25951.61,28.88,13.3391
25952.61,25.3,13.3391
25953.61,25.17,13.3392
25954.61,25.19,13.3392
25955.62,25.29,13.3392
25956.62,25.19,13.3392
25957.62,25.3,13.3392
25958.62,25.16,13.3392
25959.62,25.15,13.3392
25960.62,25.28,13.3392
25961.63,28.72,13.3393
25962.63,25.3,13.3393
25963.63,25.18,13.3393
25964.63,25.19,13.3393
25965.63,25.31,13.3393
25966.63,25.19,13.3393
25967.63,25.21,13.3393
25968.64,25.29,13.3393
25969.64,25.19,13.3393
25970.64,25.29,13.3393
25971.64,28.85,13.3393
25972.64,25.32,13.3394
25973.64,25.19,13.3394
25974.65,25.2,13.3394
25975.65,25.29,13.3394
25976.65,25.19,13.3394
25977.65,25.29,13.3396
25978.65,25.19,13.3396
25979.65,25.3,13.3396
25980.66,30.39,13.3397
25981.66,25.17,13.3397
25982.66,25.3,13.3397
25983.66,25.19,13.3397
25984.66,25.19,13.3397
25985.66,25.28,13.3397
25986.67,25.19,13.3397
25987.67,25.3,13.3397
25988.67,25.35,13.3397
25989.67,25.2,13.3397
25990.67,31.24,13.3398
25991.67,25.19,13.3398
25992.67,25.34,13.3399
25993.68,25.19,13.3399
25994.68,25.19,13.3399
25995.68,25.25,13.3399
25996.68,25.18,13.3399
25997.68,25.29,13.3399
25998.68,25.18,13.3399
25999.69,29.66,13.34
26000.69,25.29,13.34
26001.69,25.18,13.34
26002.69,25.31,13.34
26003.69,25.18,13.34
26004.69,25.18,13.34
26005.69,25.25,13.34
26006.7,25.12,13.34
26007.7,25.13,13.34
26008.7,25.24,13.34
26009.7,28.83,13.34
26010.7,25.18,13.34
26011.7,25.28,13.34
26012.71,25.21,13.34
26013.71,25.29,13.34
26014.71,25.19,13.34
26015.71,25.19,13.34
26016.71,25.22,13.34
26017.71,25.13,13.3402
26018.72,25.22,13.3402
26019.72,28.87,13.3404
26020.72,25.15,13.3404
26021.72,25.23,13.3404
26022.72,25.16,13.3405
26023.72,25.23,13.3405
26024.73,25.14,13.3405
26025.73,25.27,13.3405
26026.73,25.18,13.3405
26027.73,25.16,13.3405
26028.73,25.25,13.3405
26029.73,28.91,13.3407
26030.73,25.29,13.3407
26031.74,25.18,13.3407
26032.74,25.21,13.3407
26033.74,25.28,13.3407
26034.74,25.19,13.3407
26035.74,25.28,13.3407
26036.74,25.19,13.3407
26037.75,25.19,13.3407
26038.75,25.3,13.3408
26039.75,28.08,13.3408
26040.75,26.02,13.3409
26041.75,25.28,13.3409
26042.75,25.21,13.3409
26043.75,25.29,13.3409
26044.76,25.19,13.3409
26045.76,25.19,13.3409
26046.76,25.3,13.3409
26047.76,25.19,13.3409
26048.76,25.19,13.3409
26049.76,30.78,13.3409
26050.76,25.19,13.3409
26051.77,25.19,13.3409
26052.77,25.34,13.3409
26053.77,25.19,13.3409
26054.77,25.19,13.3409
26055.77,25.28,13.3409
26056.77,25.19,13.3409
26057.77,25.29,13.341
26058.78,25.19,13.341
26059.78,25.16,13.341
26060.78,31.17,13.341
26061.78,25.17,13.341
26062.78,25.29,13.3411
26063.78,25.18,13.3411
26064.79,25.17,13.3411
26065.79,25.26,13.3411
26066.79,25.18,13.3411
26067.79,25.3,13.3411
26068.79,25.19,13.3411
26069.79,25.19,13.3411
26070.8,29.29,13.3413
26071.8,25.18,13.3413
26072.8,25.31,13.3413
26073.8,25.18,13.3413
26074.8,25.19,13.3413
26075.8,25.28,13.3413
26076.81,25.18,13.3413
26077.81,25.3,13.3414
26078.81,25.19,13.3414
26079.81,25.19,13.3414
26080.81,28.98,13.3414
26081.81,25.18,13.3414
26082.82,25.31,13.3415
26083.82,25.19,13.3415
26084.82,25.18,13.3415
26085.82,25.29,13.3415
26086.82,25.19,13.3415
26087.82,25.3,13.3415
26088.83,25.19,13.3415
26089.83,25.29,13.3415
26090.83,25.91,13.3415
26091.83,28.06,13.3416
26092.83,25.34,13.3417
26093.83,25.18,13.3417
26094.83,25.29,13.3417
26095.84,25.18,13.3417
26096.84,25.18,13.3417
26097.84,25.32,13.3417
26098.84,25.19,13.3417
26099.84,25.19,13.3417
26100.84,25.3,13.3417
26101.84,28.41,13.3417
26102.85,25.91,13.3419
26103.85,25.28,13.3419
26104.85,25.2,13.3419
26105.85,25.18,13.3419
26106.85,25.28,13.3419
26107.85,25.2,13.3419
26108.85,25.29,13.3419
26109.86,25.19,13.3419
26110.86,25.19,13.3419
26111.86,25.28,13.3419
26112.86,29.26,13.342
26113.86,25.29,13.342
26114.86,25.18,13.342
26115.87,25.18,13.342
26116.87,25.31,13.342
26117.87,25.19,13.3421
26118.87,25.21,13.3421
26119.87,25.29,13.3421
26120.87,25.12,13.3421
26121.87,25.11,13.3421
26122.88,31.54,13.3421
26123.88,25.18,13.3421
26124.88,25.28,13.3421
26125.88,25.18,13.3421
26126.88,25.18,13.3421
26127.88,25.29,13.3421
26128.89,25.19,13.3421
26129.89,25.29,13.3421
26130.89,25.18,13.3421
26131.89,25.18,13.3421
26132.89,25.31,13.3422
26133.89,30.35,13.3424
26134.9,25.29,13.3424
26135.9,25.18,13.3424
26136.9,25.18,13.3424
26137.9,25.29,13.3425
26138.9,25.19,13.3425
26139.9,25.3,13.3425
26140.91,25.18,13.3425
26141.91,25.25,13.3425
26142.91,25.22,13.3425
26143.91,28.87,13.3427
26144.91,25.21,13.3427
26145.91,25.14,13.3427
26146.92,25.28,13.3427
26147.92,25.19,13.3427
26148.92,25.28,13.3427
26149.92,25.17,13.3427
26150.92,25.11,13.3427
26151.92,25.23,13.3427
26152.92,25.2,13.3428
26153.93,25.13,13.3428
26154.93,29.0,13.343
26155.93,25.1,13.343
26156.93,25.14,13.343
26157.93,25.29,13.343
26158.93,25.19,13.343
26159.93,25.26,13.343
26160.94,25.12,13.343
26161.94,25.12,13.343
26162.94,25.28,13.343
26163.94,25.16,13.343
26164.94,25.24,13.343
26165.95,25.13,13.343
26166.95,28.89,13.3431
26167.95,25.18,13.3431
26168.95,25.19,13.3431
26169.95,25.3,13.3431
26170.95,25.19,13.3431
26171.96,25.27,13.3431
26172.96,25.2,13.3434
26173.96,25.19,13.3434
26174.96,25.26,13.3434
26175.96,25.13,13.3434
26176.96,26.75,13.3434
26177.96,27.3,13.3434
26178.97,25.17,13.3434
26179.97,25.29,13.3434
26180.97,25.19,13.3434
26181.97,25.29,13.3434
26182.97,25.2,13.3434
26183.97,25.14,13.3434
26184.98,25.21,13.3434
26185.98,25.12,13.3434
26186.98,25.26,13.3434
26187.98,30.74,13.3435
26188.98,25.19,13.3435
26189.98,25.28,13.3435
26190.99,25.18,13.3435
26191.99,25.28,13.3435
26192.99,25.2,13.3436
26193.99,25.26,13.3436
26194.99,25.14,13.3436
26195.99,25.18,13.3436
26197.0,25.28,13.3436
26198.0,25.19,13.3436
26199.0,31.24,13.3437
26200.0,25.19,13.3437
26201.0,25.19,13.3437
26202.0,25.29,13.3437
26203.01,25.21,13.3437
26204.01,25.28,13.3437
26205.01,25.18,13.3437
26206.01,25.18,13.3437
26207.01,25.28,13.3437
26208.01,25.19,13.3438
26209.02,25.28,13.3438
26210.02,29.15,13.3438
26211.02,25.18,13.3438
26212.02,25.22,13.3438
26213.02,25.17,13.3438
26214.02,25.28,13.3438
26215.03,25.18,13.3438
26216.03,25.28,13.3438
26217.03,25.2,13.344
26218.03,25.19,13.344
26219.03,25.29,13.344
26220.03,28.9,13.3441
26221.03,25.13,13.3441
26222.04,25.29,13.3441
26223.04,25.21,13.3441
26224.04,25.28,13.3441
26225.04,25.17,13.344
26226.04,25.28,13.344
26227.04,25.2,13.3441
26228.05,25.15,13.3441
26229.05,25.23,13.3441
26230.05,25.14,13.3441
26231.05,27.86,13.3441
26232.05,26.32,13.3443
26233.05,25.23,13.3443
26234.05,25.19,13.3443
26235.05,25.2,13.3443
26236.06,25.28,13.3444
26237.06,25.18,13.3444
26238.06,25.31,13.3444
26239.06,25.2,13.3444
26240.06,25.27,13.3444
26241.06,25.19,13.3444
26242.07,25.2,13.3444
26243.07,26.73,13.3444
26244.07,27.44,13.3444
26245.07,25.16,13.3444
26246.07,25.23,13.3444
26247.07,25.19,13.3444
26248.08,25.29,13.3444
26249.08,25.2,13.3444
26250.08,25.19,13.3444
26251.08,25.29,13.3444
26252.08,25.15,13.3444
26253.08,25.26,13.3445
26254.08,29.95,13.3446
26255.09,25.18,13.3446
26256.09,25.25,13.3446
26257.09,25.17,13.3446
26258.09,25.29,13.3446
26259.09,25.18,13.3446
26260.09,25.29,13.3446
26261.1,25.18,13.3446
26262.1,25.18,13.3446
26263.1,25.3,13.3447
26264.1,25.18,13.3447
26265.1,25.28,13.3447
26266.1,31.46,13.3447
26267.11,25.18,13.3447
26268.11,25.3,13.3447
26269.11,25.19,13.3447
26270.11,25.29,13.3447
26271.11,25.18,13.3447
26272.11,25.18,13.3447
26273.12,25.31,13.3449
26274.12,25.19,13.3449
26275.12,25.28,13.3449
26276.12,29.57,13.345
26277.12,25.28,13.345
26278.12,25.2,13.345
26279.13,25.18,13.345
26280.13,25.28,13.345
26281.13,25.17,13.345
26282.13,25.27,13.345
26283.13,25.2,13.3451
26284.13,25.18,13.3451
26285.14,25.28,13.3451
26286.14,25.18,13.3451
26287.14,29.01,13.3452
26288.14,25.2,13.3452
26289.14,25.29,13.3452
26290.14,25.19,13.3452
26291.15,25.18,13.3452
26292.15,25.29,13.3452
26293.15,25.23,13.3452
26294.15,25.19,13.3452
26295.15,25.29,13.3452
26296.15,25.19,13.3452
26297.16,25.28,13.3452
26298.16,28.95,13.3453
26299.16,25.18,13.3453
26300.16,25.28,13.3453
26301.16,25.18,13.3453
26302.16,25.28,13.3453
26303.17,25.22,13.3453
26304.17,25.29,13.3453
26305.17,25.18,13.3453
26306.17,25.18,13.3453
26307.17,25.29,13.3453
26308.17,25.2,13.3453
26309.17,25.28,13.3453
26310.18,28.95,13.3455
26311.18,25.18,13.3455
26312.18,25.29,13.3455
26313.18,25.21,13.3456
26314.18,25.29,13.3456
26315.18,25.19,13.3456
26316.19,25.19,13.3456
26317.19,25.29,13.3456
26318.19,25.19,13.3456
26319.19,25.27,13.3456
26320.19,25.18,13.3456
26321.19,29.4,13.3459
26322.2,25.28,13.3459
26323.2,25.2,13.3461
26324.2,25.28,13.3461
26325.2,25.19,13.3461
26326.2,25.19,13.3461
26327.2,25.28,13.3461
26328.21,25.2,13.3461
26329.21,25.29,13.3461
26330.21,25.19,13.3461
26331.21,25.29,13.3461
26332.21,31.52,13.3461
26333.21,25.39,13.3462
26334.21,25.29,13.3462
26335.22,25.18,13.3462
26336.22,25.19,13.3462
26337.22,25.29,13.3462
26338.22,25.2,13.3462
26339.22,25.29,13.3462
26340.22,25.19,13.3462
26341.23,25.19,13.3462
26342.23,25.3,13.3462
26343.23,30.25,13.3462
26344.23,25.28,13.3462
26345.23,25.18,13.3462
26346.23,25.18,13.3462
26347.24,25.29,13.3463
26348.24,25.18,13.3463
26349.24,25.3,13.3463
26350.24,25.18,13.3463
26351.24,25.18,13.3463
26352.24,25.3,13.3463
26353.25,25.2,13.3463
26354.25,29.02,13.3464
26355.25,25.18,13.3464
26356.25,25.18,13.3464
26357.25,25.27,13.3466
26358.25,25.15,13.3466
26359.26,25.23,13.3466
26360.26,25.16,13.3466
26361.26,25.18,13.3466
26362.26,25.3,13.3466
26363.26,25.21,13.3466
26364.26,25.29,13.3466
26365.27,28.89,13.3467
26366.27,25.3,13.3467
26367.27,25.2,13.3467
26368.27,25.19,13.3467
26369.27,25.29,13.3467
26370.27,25.19,13.3467
26371.28,25.29,13.3467
26372.28,25.2,13.3468
26373.28,25.2,13.3468
26374.28,25.29,13.3468
26375.28,25.2,13.3468
26376.28,25.3,13.3468
26377.28,28.92,13.3468
26378.29,25.18,13.3468
26379.29,25.31,13.3468
26380.29,25.19,13.3468
26381.29,25.19,13.3468
26382.29,25.3,13.3469
26383.29,25.2,13.3469
26384.29,25.31,13.3469
26385.3,25.19,13.3469
26386.3,25.19,13.3469
26387.3,25.3,13.3469
26388.3,25.18,13.3469
26389.3,29.52,13.3469
26390.3,25.18,13.3469
26391.31,25.19,13.3469
26392.31,25.3,13.3469
26393.31,25.2,13.347
26394.31,25.29,13.347
26395.31,25.19,13.347
26396.31,25.29,13.347
26397.32,25.2,13.347
26398.32,25.19,13.347
26399.32,31.16,13.3472
26400.32,25.17,13.3472
26401.32,25.23,13.3472
26402.32,25.14,13.3472
26403.33,25.15,13.3473
26404.33,25.23,13.3473
26405.33,25.13,13.3473
26406.33,25.23,13.3473
26407.33,25.14,13.3473
26408.33,25.12,13.3473
26409.34,25.23,13.3473
26410.34,30.44,13.3473
26411.34,25.25,13.3473
26412.34,25.2,13.3473
26413.34,25.3,13.3473
26414.34,25.18,13.3473
26415.35,25.18,13.3473
26416.35,25.29,13.3473
26417.35,25.16,13.3474
26418.35,25.29,13.3474
26419.35,25.13,13.3474
26420.35,25.12,13.3474
26421.35,29.01,13.3477
26422.36,25.18,13.3477
26423.36,25.19,13.3477
26424.36,25.28,13.3477
26425.36,25.17,13.3477
26426.36,25.17,13.3476
26427.36,25.29,13.3478
26428.37,25.18,13.3478
26429.37,25.29,13.3478
26430.37,25.19,13.3478
26431.37,25.19,13.3478
26432.37,29.07,13.3479
26433.37,25.2,13.3479
26434.37,25.3,13.3479
26435.38,25.18,13.3479
26436.38,25.18,13.3479
26437.38,25.29,13.3479
26438.38,25.18,13.3479
26439.38,25.29,13.3479
26440.38,25.19,13.3479
26441.39,25.19,13.3479
26442.39,25.32,13.348
26443.39,25.2,13.348
26444.39,28.95,13.348
26445.39,25.29,13.348
26446.39,25.19,13.348
26447.39,25.29,13.348
26448.4,25.18,13.348
26449.4,25.18,13.348
26450.4,25.28,13.348
26451.4,25.19,13.348
26452.4,25.27,13.348
26453.4,25.2,13.3481
26454.41,25.19,13.3481
26455.41,28.97,13.3483
26456.41,25.19,13.3483
26457.41,25.31,13.3483
26458.41,25.18,13.3483
26459.41,25.17,13.3483
26460.42,25.28,13.3483
26461.42,25.18,13.3483
26462.42,25.3,13.3483
26463.42,25.2,13.3484
26464.42,25.16,13.3484
26465.42,25.24,13.3484
26466.43,31.35,13.3484
26467.43,25.3,13.3484
26468.43,25.19,13.3484
26469.43,25.2,13.3484
26470.43,25.3,13.3484
26471.43,25.19,13.3484
26472.44,25.3,13.3484
26473.44,25.21,13.3485
26474.44,25.19,13.3485
26475.44,25.29,13.3485
26476.44,25.18,13.3485
26477.44,30.78,13.3485
26478.44,25.29,13.3485
26479.45,25.19,13.3485
26480.45,25.22,13.3485
26481.45,25.29,13.3485
26482.45,25.2,13.3485
26483.45,25.32,13.3485
26484.45,25.19,13.3485
26485.45,25.16,13.3485
26486.46,25.28,13.3485
26487.46,25.19,13.3486
26488.46,29.02,13.3486
26489.46,25.13,13.3486
26490.46,25.18,13.3486
26491.46,25.26,13.3486
26492.47,25.16,13.3486
26493.47,25.24,13.3487
26494.47,25.13,13.3487
26495.47,25.12,13.3487
26496.47,25.24,13.3487
26497.47,25.18,13.3487
26498.47,25.28,13.3487
26499.48,28.98,13.3489
26500.48,25.18,13.3489
26501.48,25.29,13.3489
26502.48,25.2,13.3489
26503.48,25.28,13.349
26504.49,25.19,13.349
26505.49,25.29,13.349
26506.49,25.19,13.349
26507.49,25.2,13.349
26508.49,25.29,13.349
26509.49,25.19,13.349
26510.49,25.3,13.349
26511.5,28.95,13.3491
26512.5,25.2,13.3491
26513.5,25.29,13.3491
26514.5,25.18,13.3491
26515.5,25.23,13.3491
26516.5,25.12,13.3491
26517.51,25.14,13.3491
26518.51,25.22,13.3491
26519.51,25.12,13.3491
26520.51,25.22,13.3491
26521.51,25.12,13.3491
26522.51,25.13,13.3492
26523.52,28.92,13.3492
26524.52,25.17,13.3492
26525.52,25.27,13.3492
26526.52,25.18,13.3492
26527.52,25.19,13.3492
26528.52,25.24,13.3492
26529.53,25.14,13.3492
26530.53,25.26,13.3492
26531.53,25.15,13.3492
26532.53,25.3,13.3492
26533.53,25.16,13.3494
26534.53,31.24,13.3496
26535.54,25.28,13.3496
26536.54,25.18,13.3496
26537.54,25.28,13.3496
26538.54,25.19,13.3496
26539.54,25.19,13.3496
26540.54,25.29,13.3496
26541.55,25.19,13.3496
26542.55,25.3,13.3496
26543.55,25.2,13.3497
26544.55,25.19,13.3497
26545.55,31.07,13.3497
26546.55,25.18,13.3497
26547.55,25.19,13.3497
26548.55,25.3,13.3497
26549.56,25.18,13.3497
26550.56,25.15,13.3497
26551.56,25.25,13.3497
26552.56,25.13,13.3497
26553.56,25.24,13.3497
26554.56,25.13,13.3497
26555.57,25.13,13.3497
26556.57,29.08,13.3498
26557.57,25.2,13.3498
26558.57,25.31,13.3498
26559.57,25.2,13.3498
26560.57,25.19,13.3498
26561.58,25.29,13.3498
26562.58,25.21,13.3498
26563.58,25.31,13.3498
26564.58,25.17,13.3498
26565.58,25.15,13.3498
26566.58,25.29,13.3498
26567.59,28.92,13.3501
26568.59,25.23,13.3501
26569.59,25.13,13.3501
26570.59,25.13,13.3501
26571.59,25.22,13.3501
26572.59,25.13,13.3501
26573.6,25.24,13.3501
26574.6,25.19,13.3501
26575.6,25.3,13.3501
26576.6,25.19,13.3501
26577.6,25.2,13.3501
26578.6,25.29,13.3501
26579.61,28.86,13.3501
26580.61,25.3,13.3501
26581.61,25.19,13.3501
26582.61,25.23,13.3502
26583.61,25.28,13.3502
26584.61,25.13,13.3502
26585.61,25.14,13.3502
26586.62,25.23,13.3502
26587.62,25.14,13.3502
26588.62,25.23,13.3502
26589.62,25.15,13.3502
26590.62,25.17,13.3502
26591.62,28.93,13.3507
26592.63,25.35,13.3508
26593.63,25.3,13.3508
26594.63,25.19,13.3508
26595.63,25.19,13.3508
26596.63,25.31,13.3508
26597.63,25.2,13.3508
26598.63,25.19,13.3508
26599.63,25.31,13.3508
26600.64,25.2,13.3508
26601.64,25.2,13.3508
26602.64,31.28,13.3509
26603.64,25.18,13.3509
26604.64,25.19,13.3509
26605.64,25.27,13.3509
26606.64,25.18,13.3509
26607.65,25.19,13.3511
26608.65,25.27,13.3511
26609.65,25.18,13.3511
26610.65,25.28,13.3511
26611.65,25.18,13.3511
26612.66,25.31,13.3511
26613.66,31.05,13.3511
26614.66,25.18,13.3511
26615.66,25.29,13.3511
26616.66,25.2,13.3511
26617.66,25.3,13.3512
26618.67,25.19,13.3512
26619.67,25.31,13.3512
26620.67,25.19,13.3512
26621.67,25.2,13.3512
26622.67,25.32,13.3512
26623.67,25.19,13.3512
26624.67,29.17,13.3514
26625.68,25.19,13.3514
26626.68,25.19,13.3514
26627.68,25.3,13.3515
26628.68,25.19,13.3515
26629.68,25.28,13.3515
26630.69,25.14,13.3515
26631.69,25.23,13.3515
26632.69,25.21,13.3515
26633.69,25.12,13.3515
26634.69,25.23,13.3515
26635.69,28.84,13.3517
26636.7,25.25,13.3517
26637.7,25.18,13.3518
26638.7,25.18,13.3518
26639.7,25.29,13.3518
26640.7,25.19,13.3518
26641.7,25.23,13.3518
26642.71,25.16,13.3518
26643.71,25.27,13.3518
26644.71,25.19,13.3518
26645.71,25.19,13.3518
26646.71,25.28,13.3518
26647.71,28.82,13.3518
26648.71,25.26,13.3518
26649.72,25.15,13.3518
26650.72,25.14,13.3518
26651.72,25.23,13.3518
26652.72,25.16,13.3519
26653.72,25.26,13.3519
26654.72,25.19,13.3519
26655.73,25.18,13.3519
26656.73,25.28,13.3519
26657.73,25.19,13.3519
26658.73,28.99,13.3519
26659.73,25.16,13.3519
26660.73,25.18,13.3519
26661.73,25.31,13.3519
26662.74,25.21,13.352
26663.74,25.19,13.352
26664.74,25.29,13.352
26665.74,25.18,13.352
26666.74,25.29,13.352
26667.74,25.17,13.352
26668.75,25.15,13.352
26669.75,25.23,13.352
26670.75,30.68,13.3523
26671.75,25.19,13.3523
26672.75,25.32,13.3524
26673.75,25.19,13.3524
26674.75,25.19,13.3524
26675.76,25.29,13.3524
26676.76,25.18,13.3524
26677.76,25.3,13.3524
26678.76,25.19,13.3524
26679.76,25.21,13.3524
26680.76,25.29,13.3524
26681.77,31.31,13.3524
26682.77,25.3,13.3525
26683.77,25.19,13.3525
26684.77,25.18,13.3525
26685.77,25.28,13.3525
26686.77,25.18,13.3525
26687.78,25.3,13.3525
26688.78,25.18,13.3525
26689.78,25.12,13.3525
26690.78,25.27,13.3525
26691.78,25.19,13.3525
26692.78,29.35,13.3526
26693.79,25.11,13.3526
26694.79,25.23,13.3526
26695.79,25.13,13.3526
26696.79,25.13,13.3526
26697.79,25.24,13.3526
26698.79,25.13,13.3526
26699.79,25.23,13.3526
26700.8,25.13,13.3526
26701.8,25.18,13.3526
26702.8,25.31,13.3526
26703.8,28.85,13.3526
26704.8,25.28,13.3526
26705.8,25.19,13.3526
26706.81,25.18,13.3526
26707.81,25.29,13.3526
26708.81,25.21,13.3526
26709.81,25.29,13.3526
26710.81,25.19,13.3526
26711.81,25.2,13.3526
26712.82,25.31,13.3528
26713.82,25.2,13.3528
26714.82,25.29,13.3528
26715.82,25.16,13.3528
26716.82,28.92,13.353
26717.82,25.3,13.353
26718.83,25.21,13.353
26719.83,25.22,13.353
26720.83,25.24,13.353
26721.83,25.17,13.353
26722.83,25.37,13.353
26723.83,25.22,13.353
26724.83,25.21,13.353
26725.83,25.34,13.353
26726.84,25.21,13.353
26727.84,25.22,13.353
26728.84,28.96,13.353
26729.84,25.21,13.353
26730.84,25.31,13.353
26731.84,25.21,13.353
26732.85,25.23,13.3532
26733.85,25.29,13.3532
26734.85,25.2,13.3532
26735.85,25.3,13.3532
26736.85,25.19,13.3532
26737.85,25.3,13.3532
26738.86,25.2,13.3532
26739.86,30.79,13.3534
26740.86,25.3,13.3534
26741.86,25.2,13.3534
26742.86,25.33,13.3534
26743.86,25.2,13.3534
26744.87,25.2,13.3534
26745.87,25.27,13.3534
26746.87,25.14,13.3534
26747.87,25.25,13.3535
26748.87,25.14,13.3535
26749.87,25.14,13.3535
26750.88,31.26,13.3536
26751.88,25.2,13.3536
26752.88,25.34,13.3536
26753.88,25.22,13.3536
26754.88,25.22,13.3536
26755.88,25.32,13.3536
26756.89,25.22,13.3536
26757.89,25.33,13.3536
26758.89,25.23,13.3536
26759.89,25.22,13.3536
26760.89,25.32,13.3536
26761.89,29.29,13.3536
26762.89,25.39,13.3537
26763.9,25.21,13.3537
26764.9,25.14,13.3537
26765.9,25.3,13.3537
26766.9,25.21,13.3537
26767.9,25.19,13.3538
26768.9,25.28,13.3538
26769.91,25.19,13.3538
26770.91,25.24,13.3538
26771.91,25.2,13.3539
26772.91,25.17,13.3539
26773.91,29.23,13.3539
26774.91,25.21,13.3539
26775.92,25.31,13.354
26776.92,25.2,13.354
26777.92,25.21,13.354
26778.92,25.3,13.354
26779.92,25.22,13.354
26780.92,25.31,13.354
26781.93,25.22,13.354
26782.93,25.35,13.354
26783.93,25.22,13.354
26784.93,27.39,13.354
26785.93,26.88,13.3541
26786.93,25.22,13.3541
26787.93,25.22,13.3542
26788.94,25.3,13.3542
26789.94,25.2,13.3542
26790.94,25.3,13.3542
26791.94,25.2,13.3542
26792.94,25.34,13.3542
26793.94,25.21,13.3542
26794.95,25.21,13.3542
26795.95,25.31,13.3542
26796.95,28.88,13.3542
26797.95,25.32,13.3542
26798.95,25.21,13.3542
26799.95,25.21,13.3542
26800.96,25.31,13.3542
26801.96,25.2,13.3542
26802.96,25.46,13.3543
26803.96,25.2,13.3543
26804.96,25.19,13.3543
26805.96,75.76,3.5733
26806.97,79.72,2.8587
26807.97,63.71,3.162
26808.97,79.88,3.2827
26809.97,81.27,3.5667
26810.97,79.78,3.8672
26811.97,76.12,4.2175
26812.97,76.22,4.5292
26813.98,76.75,4.7688
26814.98,76.88,5.0156
26815.98,77.01,5.2072
26816.98,75.51,5.431
26817.98,77.47,5.6676
26818.98,78.14,5.9008
26819.98,40.63,6.7092
26820.99,38.15,7.5822
26821.99,100.23,8.6734
26822.99,61.59,9.1018
26823.99,25.18,9.1018
26824.99,25.3,9.1018
26825.99,41.94,9.1034
26826.99,77.59,9.1099
26827.99,76.67,9.1119
26829.0,77.24,9.1124
26830.0,73.13,9.1125
26831.0,63.23,9.2128
26832.0,47.52,9.2128
26833.0,37.73,9.2129
26834.0,32.22,9.2129
26835.01,52.84,9.2129
26836.01,32.74,9.2129
26837.01,32.28,9.2129
26838.01,27.07,9.213
26839.01,35.4,9.213
26840.01,47.65,9.6423
26841.01,100.2,10.4463
26842.02,99.89,11.109
26843.02,99.89,11.8047
26844.02,93.25,12.3193
26845.02,25.34,12.3633
26846.02,27.52,12.3673
26847.02,31.46,12.3673
26848.03,25.61,12.3674
26849.03,25.47,12.3674
26850.03,25.24,12.3674
26851.03,26.6,12.3674
26852.03,29.61,12.3674
26853.03,26.49,12.3675
26854.04,25.67,12.3675
26855.04,29.56,12.3675
26856.04,29.2,12.3675
26857.04,25.17,12.3675
26858.04,25.14,12.3675
26859.04,25.39,12.3675
26860.05,30.74,12.368
26861.05,25.86,12.368
26862.05,25.81,12.368
26863.05,27.82,12.368
26864.05,28.75,12.368
26865.05,25.66,12.368
26866.06,25.31,12.368
26867.06,25.31,12.368
26868.06,34.18,12.3681
26869.06,25.19,12.3681
26870.06,25.22,12.3681
26871.06,25.34,12.3681
26872.07,38.26,12.3681
26873.07,35.03,12.3682
26874.07,49.7,12.3689
26875.07,25.32,12.3689
26876.07,25.56,12.3689
26877.07,25.66,12.3689
26878.08,26.26,12.3689
26879.08,25.83,12.3689
26880.08,25.24,12.3689
26881.08,25.18,12.3689
26882.08,25.53,12.3689
26883.08,26.74,12.3689
26884.09,25.6,12.3689
26885.09,25.92,12.3689
26886.09,26.47,12.3689
26887.09,25.18,12.3691
26888.09,25.81,12.3691
26889.09,25.24,12.3691
26890.09,25.33,12.3691
26891.1,25.52,12.3691
26892.1,26.96,12.3691
26893.1,25.28,12.3691
26894.1,25.12,12.3691
26895.1,25.22,12.3691
26896.11,25.12,12.3691
26897.11,25.56,12.3691
26898.11,25.19,12.3691
26899.11,25.9,12.3691
26900.11,25.29,12.3691
26901.11,25.25,12.3691
26902.12,25.31,12.3691
26903.12,25.31,12.3692
26904.12,25.34,12.3692
26905.12,25.31,12.3692
26906.12,25.21,12.3692
26907.12,26.41,12.3692
26908.12,25.2,12.3692
26909.13,33.11,12.3692
26910.13,27.88,12.3692
26911.13,25.21,12.3692
26912.13,25.31,12.3692
26913.13,25.23,12.3692
26914.13,25.2,12.3692
26915.14,25.31,12.3692
26916.14,25.19,12.3692
26917.14,25.32,12.3692
26918.14,25.21,12.3693
26919.14,25.76,12.3693
26920.14,25.29,12.3693
26921.14,25.13,12.3693
26922.15,25.12,12.3693
26923.15,25.31,12.3693
26924.15,25.24,12.3693
26925.15,25.33,12.3693
26926.15,25.43,12.3693
26927.15,25.2,12.3693
26928.15,25.22,12.3693
26929.15,25.34,12.3693
26930.16,25.21,12.3693
26931.16,25.2,12.3693
26932.16,25.3,12.3693
26933.16,25.23,12.3694
26934.16,52.85,12.3776
26935.16,99.89,12.4391
26936.16,66.65,12.4783
26937.17,25.32,12.4783
26938.17,25.25,12.4784
26939.17,25.21,12.4784
26940.17,25.52,12.4784
26941.17,25.21,12.4784
26942.17,25.21,12.4784
26943.18,25.33,12.4784
26944.18,25.2,12.4784
26945.18,25.79,12.4784
26946.18,25.21,12.4784
26947.18,25.21,12.4784
26948.18,25.32,12.4784
26949.19,25.3,12.4784
26950.19,25.31,12.4784
26951.19,27.27,12.4784
26952.19,29.85,12.4785
26953.19,60.98,12.479
26954.19,53.79,12.4817
26955.19,28.27,12.4818
26956.2,28.84,12.4818
26957.2,61.69,12.5013
26958.2,25.31,12.5013
26959.2,25.19,12.5013
26960.2,25.31,12.5013
26961.2,44.03,12.4992
26962.2,99.98,12.513
26963.21,50.07,12.5137
26964.21,25.75,12.5137
26965.21,25.25,12.5137
26966.21,25.24,12.5137
26967.21,25.19,12.5137
26968.21,25.22,12.5137
26969.21,25.33,12.5137
26970.22,25.21,12.5137
26971.22,89.29,12.5201
26972.22,91.86,12.5202
26973.22,25.22,12.5202
26974.22,25.21,12.5202
26975.22,25.31,12.5202
26976.23,25.19,12.5202
26977.23,25.32,12.5203
26978.23,29.62,12.5203
26979.23,25.26,12.5203
26980.23,37.41,12.5203
26981.23,99.95,12.5114
26982.23,52.65,12.5115
26983.23,25.26,12.5115
26984.24,25.2,12.5115
26985.24,36.64,12.6331
26986.24,100.25,13.2143
26987.24,67.2,13.2143
26988.24,25.2,13.2143
26989.24,25.31,13.2143
26990.24,25.22,13.2143
26991.25,41.02,13.3472
26992.25,25.31,13.3473
26993.25,25.22,13.3473
26994.25,29.24,13.3476
26995.25,25.14,13.3477
26996.25,25.14,13.3477
26997.26,25.25,13.3477
26998.26,25.89,13.3477
26999.26,28.17,13.3478
27000.26,25.13,13.3478
27001.26,25.16,13.3478
27002.26,29.02,13.3478
27003.27,25.22,13.3479
27004.27,25.32,13.3479
27005.27,25.21,13.3479
27006.27,28.88,13.3479
27007.27,25.32,13.3479
27008.27,25.21,13.3479
27009.27,26.79,13.3479
27010.28,27.44,13.3479
27011.28,25.21,13.3479
27012.28,25.34,13.3479
27013.28,29.02,13.3482
27014.28,25.18,13.3482
27015.28,25.24,13.3482
27016.29,25.14,13.3482
27017.29,28.92,13.3482
27018.29,25.14,13.3482
27019.29,34.82,13.3487
27020.29,28.84,13.3487
27021.29,25.13,13.3487
27022.3,25.24,13.3487
27023.3,25.14,13.3488
27024.3,28.97,13.3488
27025.3,25.22,13.3488
27026.3,25.32,13.3488
27027.3,28.79,13.3488
27028.31,25.19,13.3488
27029.31,25.26,13.3488
27030.31,25.13,13.3488
27031.31,28.76,13.3488
27032.31,25.3,13.3488
27033.31,25.21,13.3489
27034.32,25.23,13.3489
27035.32,28.73,13.3489
27036.32,25.13,13.3489
27037.32,25.24,13.3489
27038.32,25.12,13.3489
27039.32,25.25,13.3489
27040.33,28.89,13.349
27041.33,25.27,13.349
27042.33,25.2,13.349
27043.33,25.2,13.349
27044.33,28.93,13.349
27045.33,25.17,13.349
27046.33,25.16,13.3492
27047.34,25.24,13.3492
27048.34,25.19,13.3492
27049.34,29.98,13.3492
27050.34,25.2,13.3492
27051.34,25.29,13.3492
27052.34,25.21,13.3492
27053.35,25.22,13.3492
27054.35,30.0,13.3492
27055.35,25.2,13.3492
27056.35,25.3,13.3492
27057.35,25.2,13.3493
27058.35,25.29,13.3493
27059.36,25.19,13.3493
27060.36,30.21,13.3493
27061.36,25.27,13.3493
27062.36,25.19,13.3494
27063.36,25.31,13.3494
27064.36,25.19,13.3494
27065.37,25.2,13.3494
27066.37,30.14,13.3495
27067.37,25.2,13.3495
27068.37,25.29,13.3495
27069.37,25.19,13.3495
27070.37,25.18,13.3495
27071.38,25.28,13.3495
27072.38,29.22,13.3496
27073.38,25.3,13.3496
27074.38,25.2,13.3496
27075.38,25.29,13.3496
27076.38,25.18,13.3496
27077.39,25.19,13.3496
27078.39,28.97,13.3496
27079.39,25.18,13.3496
27080.39,25.28,13.3496
27081.39,25.18,13.3496
27082.39,25.19,13.3498
27083.4,25.3,13.3499
27084.4,25.19,13.3499
27085.4,28.95,13.35
27086.4,25.11,13.35
27087.4,25.14,13.35
27088.4,25.28,13.35
27089.41,25.18,13.35
27090.41,25.29,13.35
27091.41,25.19,13.35
27092.41,25.2,13.35
27093.41,28.98,13.3501
27094.41,25.19,13.3501
27095.42,25.28,13.3501
27096.42,25.18,13.3501
27097.42,25.19,13.3501
27098.42,25.28,13.3501
27099.42,25.19,13.3501
27100.42,25.28,13.3501
27101.43,28.86,13.3501
27102.43,25.3,13.3501
27103.43,25.22,13.3502
27104.43,25.19,13.3502
27105.43,25.28,13.3502
27106.43,25.15,13.3502
27107.43,25.17,13.3502
27108.44,28.98,13.3502
27109.44,25.2,13.3502
27110.44,25.29,13.3502
27111.44,25.19,13.3502
27112.44,25.3,13.3502
27113.44,25.21,13.3504
27114.45,25.19,13.3504
27115.45,25.31,13.3504
27116.45,30.46,13.3503
27117.45,25.19,13.3503
27118.45,25.28,13.3504
27119.45,25.19,13.3504
27120.46,25.3,13.3504
27121.46,25.19,13.3504
27122.46,25.2,13.3504
27123.46,30.73,13.3507
27124.46,25.19,13.3507
27125.46,25.28,13.3507
27126.46,25.18,13.3507
27127.47,25.19,13.3507
27128.47,25.28,13.3507
27129.47,25.19,13.3507
27130.47,25.28,13.3507
27131.47,25.18,13.3507
27132.48,30.17,13.3508
27133.48,25.19,13.3508
27134.48,25.13,13.3508
27135.48,25.23,13.3508
27136.48,25.12,13.3508
27137.48,25.23,13.3509
27138.49,25.13,13.3509
27139.49,25.23,13.3509
27140.49,28.77,13.3509
27141.49,25.12,13.3509
27142.49,25.23,13.3509
27143.49,25.14,13.3509
27144.49,25.23,13.3509
27145.5,25.12,13.3509
27146.5,25.12,13.3509
27147.5,25.23,13.3509
27148.5,25.12,13.3509
27149.5,28.86,13.351
27150.5,25.12,13.351
27151.51,25.12,13.351
27152.51,25.24,13.3512
27153.51,25.15,13.3512
27154.51,25.23,13.3512
27155.51,25.13,13.3512
27156.51,25.15,13.3512
27157.52,27.41,13.3512
27158.52,26.58,13.3513
27159.52,25.23,13.3513
27160.52,25.11,13.3513
27161.52,25.15,13.3513
27162.52,25.19,13.3513
27163.53,25.13,13.3513
27164.53,25.27,13.3513
27165.53,25.18,13.3513
27166.53,25.19,13.3513
27167.53,28.87,13.3514
27168.53,25.17,13.3514
27169.53,25.29,13.3514
27170.54,25.18,13.3514
27171.54,25.19,13.3514
27172.54,25.29,13.3514
27173.54,25.2,13.3514
27174.54,25.29,13.3514
27175.54,25.13,13.3514
27176.55,28.8,13.3515
27177.55,25.22,13.3515
27178.55,25.24,13.3515
27179.55,25.24,13.3515
27180.55,25.15,13.3515
27181.55,25.15,13.3515
27182.56,25.26,13.3515
27183.56,25.2,13.3515
27184.56,25.29,13.3515
27185.56,31.12,13.3518
27186.56,25.2,13.3518
27187.56,25.29,13.3518
27188.57,25.14,13.3518
27189.57,25.28,13.3518
27190.57,25.12,13.3518
27191.57,25.13,13.3518
27192.57,25.23,13.3518
27193.57,25.14,13.3518
27194.57,30.83,13.3519
27195.58,25.17,13.3519
27196.58,25.18,13.3519
27197.58,25.29,13.352
27198.58,25.19,13.352
27199.58,25.28,13.352
27200.58,25.19,13.352
27201.59,25.14,13.352
27202.59,25.29,13.352
27203.59,29.26,13.3521
27204.59,25.28,13.3521
27205.59,25.18,13.3521
27206.6,25.24,13.3521
27207.6,25.13,13.3521
27208.6,25.23,13.3521
27209.6,25.23,13.3521
27210.6,25.12,13.3521
27211.6,25.22,13.3521
27212.61,28.82,13.3523
27213.61,25.29,13.3523
27214.61,25.18,13.3523
27215.61,25.17,13.3522
27216.61,25.29,13.3522
27217.61,25.2,13.3522
27218.62,25.29,13.3522
27219.62,25.2,13.3523
27220.62,25.18,13.3523
27221.62,25.29,13.3523
27222.62,28.87,13.3525
27223.62,25.27,13.3525
27224.62,25.18,13.3525
27225.63,25.17,13.3525
27226.63,25.28,13.3525
27227.63,25.19,13.3525
27228.63,25.28,13.3525
27229.63,25.19,13.3526
27230.63,25.18,13.3526
27231.64,25.28,13.3526
27232.64,25.21,13.3527
27233.64,29.07,13.3528
27234.64,25.16,13.3528
27235.64,25.12,13.3528
27236.64,25.22,13.3528
27237.65,25.14,13.3528
27238.65,25.24,13.3528
27239.65,25.18,13.3528
27240.65,25.29,13.3528
27241.65,25.18,13.3528
27242.65,26.04,13.353
27243.65,28.24,13.353
27244.66,25.19,13.353
27245.66,25.19,13.353
27246.66,25.28,13.353
27247.66,25.18,13.353
27248.66,25.3,13.353
27249.66,25.19,13.353
27250.67,25.18,13.353
27251.67,25.29,13.353
27252.67,31.12,13.353
27253.67,25.28,13.353
27254.67,25.19,13.353
27255.67,25.25,13.353
27256.68,25.16,13.353
27257.68,25.17,13.3531
27258.68,25.26,13.3531
27259.68,25.19,13.3531
27260.68,25.29,13.3531
27261.68,25.16,13.3531
27262.69,30.92,13.3531
27263.69,25.28,13.3531
27264.69,25.19,13.3531
27265.69,25.29,13.3531
27266.69,25.19,13.3531
27267.69,25.2,13.3531
27268.7,25.29,13.3531
27269.7,25.19,13.3531
27270.7,25.22,13.3531
27271.7,25.12,13.3531
27272.7,29.17,13.3533
27273.7,25.16,13.3533
27274.71,25.18,13.3533
27275.71,25.23,13.3533
27276.71,25.18,13.3533
27277.71,25.29,13.3533
27278.71,25.18,13.3533
27279.71,25.15,13.3533
27280.72,25.22,13.3533
27281.72,25.12,13.3533
27282.72,28.9,13.3536
27283.72,25.19,13.3536
27284.72,25.17,13.3536
27285.72,25.27,13.3536
27286.73,25.18,13.3536
27287.73,25.28,13.3536
27288.73,25.19,13.3536
27289.73,25.18,13.3536
27290.73,25.28,13.3536
27291.73,25.2,13.3536
27292.74,25.31,13.3537
27293.74,28.96,13.3538
27294.74,25.18,13.3538
27295.74,25.29,13.3538
27296.74,25.19,13.3538
27297.74,25.29,13.3538
27298.74,25.18,13.3538
27299.75,25.18,13.3538
27300.75,25.28,13.3538
27301.75,25.18,13.3538
27302.75,25.31,13.3539
27303.75,25.18,13.3539
27304.75,25.29,13.3539
27305.76,28.94,13.3539
27306.76,25.19,13.3539
27307.76,25.3,13.3539
27308.76,25.18,13.3539
27309.76,25.29,13.3539
27310.76,25.17,13.3539
27311.77,25.18,13.3539
27312.77,25.3,13.3539
27313.77,25.19,13.3539
27314.77,25.29,13.3539
27315.77,29.48,13.354
27316.77,25.18,13.354
27317.78,25.29,13.3542
27318.78,25.17,13.3542
27319.78,25.25,13.3542
27320.78,25.16,13.3542
27321.78,25.13,13.3542
27322.78,25.26,13.3542
27323.79,25.12,13.3542
27324.79,25.22,13.3542
27325.79,31.14,13.3542
27326.79,25.28,13.3542
27327.79,25.19,13.3542
27328.79,25.19,13.3542
27329.8,25.28,13.3542
27330.8,25.18,13.3542
27331.8,25.29,13.3542
27332.8,25.21,13.3543
27333.8,25.19,13.3543
27334.8,25.28,13.3543
27335.81,30.55,13.3545
27336.81,25.29,13.3545
27337.81,25.2,13.3545
27338.81,25.18,13.3545
27339.81,25.31,13.3545
27340.81,25.18,13.3545
27341.81,25.18,13.3545
27342.82,25.31,13.3547
27343.82,25.18,13.3547
27344.82,25.28,13.3547
27345.82,28.94,13.3547
27346.82,25.15,13.3547
27347.82,25.23,13.3547
27348.82,25.13,13.3547
27349.83,25.11,13.3547
27350.83,25.21,13.3547
27351.83,25.12,13.3547
27352.83,25.14,13.3548
27353.83,25.25,13.3548
27354.83,25.17,13.3548
27355.83,28.81,13.3549
27356.83,25.29,13.3549
27357.84,25.2,13.3549
27358.84,25.19,13.3549
27359.84,25.31,13.3549
27360.84,25.18,13.3549
27361.84,25.18,13.3549
27362.84,25.31,13.3549
27363.85,25.19,13.3549
27364.85,25.29,13.3549
27365.85,25.18,13.3549
27366.85,28.88,13.355
27367.85,25.3,13.3553
27368.85,25.18,13.3553
27369.85,25.19,13.3553
27370.86,25.28,13.3553
27371.86,25.17,13.3553
27372.86,25.4,13.3553
27373.86,25.17,13.3553
27374.86,25.27,13.3553
27375.86,25.18,13.3553
27376.87,25.18,13.3553
27377.87,29.0,13.3554
27378.87,25.19,13.3554
27379.87,25.19,13.3554
27380.87,25.28,13.3554
27381.87,25.18,13.3554
27382.87,25.31,13.3554
27383.88,25.18,13.3554
27384.88,25.2,13.3554
27385.88,25.2,13.3554
27386.88,25.28,13.3554
27387.88,30.45,13.3554
27388.88,25.3,13.3554
27389.88,25.19,13.3554
27390.89,25.17,13.3554
27391.89,25.28,13.3554
27392.89,25.21,13.3555
27393.89,25.28,13.3555
27394.89,25.18,13.3555
27395.89,25.29,13.3555
27396.9,25.18,13.3555
27397.9,31.23,13.3555
27398.9,25.31,13.3555
27399.9,25.19,13.3555
27400.9,25.18,13.3555
27401.9,25.28,13.3555
27402.91,25.21,13.3556
27403.91,25.28,13.3556
27404.91,25.18,13.3556
27405.91,25.28,13.3556
27406.91,25.19,13.3556
27407.91,25.19,13.3556
27408.92,29.54,13.3559
27409.92,25.18,13.3559
27410.92,25.28,13.3559
27411.92,25.18,13.3559
27412.92,25.22,13.356
27413.92,25.28,13.356
27414.92,25.18,13.356
27415.93,25.18,13.356
27416.93,25.28,13.356
27417.93,25.14,13.356
27418.93,29.0,13.356
27419.93,25.15,13.356
27420.94,25.26,13.356
27421.94,25.18,13.356
27422.94,25.21,13.3561
27423.94,25.3,13.3561
27424.94,25.18,13.3561
27425.94,25.28,13.3561
27426.94,25.18,13.3561
27427.95,25.19,13.3561
27428.95,25.28,13.3561
27429.95,28.89,13.3561
27430.95,25.27,13.3561
27431.95,25.18,13.3561
27432.95,25.31,13.3562
27433.96,25.21,13.3562
27434.96,25.19,13.3562
27435.96,25.29,13.3562
27436.96,25.19,13.3562
27437.96,25.21,13.3562
27438.96,25.29,13.3562
27439.97,25.19,13.3562
27440.97,29.08,13.3562
27441.97,25.18,13.3562
27442.97,25.21,13.3563
27443.97,25.29,13.3563
27444.97,25.19,13.3563
27445.97,25.3,13.3563
27446.98,25.19,13.3563
27447.98,25.2,13.3563
27448.98,25.29,13.3563
27449.98,25.19,13.3563
27450.98,25.29,13.3563
27451.98,29.15,13.3565
27452.99,25.2,13.3565
27453.99,25.27,13.3565
27454.99,25.19,13.3566
27455.99,25.29,13.3566
27456.99,25.18,13.3566
27457.99,25.29,13.3566
27459.0,25.18,13.3566
27460.0,25.19,13.3566
27461.0,25.28,13.3566
27462.0,25.19,13.3566
27463.0,31.65,13.3567
27464.01,25.18,13.3567
27465.01,25.29,13.3567
27466.01,25.18,13.3567
27467.01,25.18,13.3567
27468.01,25.3,13.3567
27469.01,25.19,13.3567
27470.02,25.29,13.3567
27471.02,25.19,13.3567
27472.02,25.29,13.3567
27473.02,25.2,13.3567
27474.02,30.54,13.3568
27475.02,25.29,13.3568
27476.03,25.18,13.3568
27477.03,25.29,13.3568
27478.03,25.2,13.3569
27479.03,25.18,13.3569
27480.03,25.27,13.3569
27481.03,25.19,13.3569
27482.04,25.28,13.3569
27483.04,25.21,13.3569
27484.04,28.91,13.3569
27485.04,25.28,13.3569
27486.04,25.18,13.3569
27487.04,25.28,13.3569
27488.05,25.19,13.3569
27489.05,25.29,13.3569
27490.05,25.19,13.3569
27491.05,25.17,13.3571
27492.05,25.29,13.3571
27493.05,25.17,13.3571
27494.05,25.12,13.3571
27495.06,28.95,13.3571
27496.06,25.19,13.3571
27497.06,25.29,13.3571
27498.06,25.2,13.3571
27499.06,25.29,13.3571
27500.06,25.19,13.3571
27501.07,25.19,13.3571
27502.07,25.29,13.3571
27503.07,25.22,13.3572
27504.07,25.29,13.3572
27505.07,25.19,13.3572
27506.07,28.85,13.3576
27507.08,25.28,13.3576
27508.08,25.2,13.3576
27509.08,25.28,13.3576
27510.08,25.19,13.3576
27511.08,25.28,13.3576
27512.08,25.19,13.3576
27513.09,25.27,13.3577
27514.09,25.28,13.3577
27515.09,25.18,13.3577
27516.09,25.24,13.3577
27517.09,28.8,13.3578
27518.09,25.18,13.3579
27519.1,25.27,13.3579
27520.1,25.19,13.3579
27521.1,25.28,13.3579
27522.1,25.19,13.3579
27523.1,27.87,13.358
27524.1,25.23,13.358
27525.11,25.11,13.358
27526.11,25.24,13.358
27527.11,30.68,13.358
27528.11,25.2,13.358
27529.11,25.24,13.358
27530.11,25.13,13.358
27531.12,25.23,13.358
27532.12,25.16,13.3582
27533.12,25.33,13.3582
27534.12,25.18,13.3581
27535.12,25.19,13.3581
27536.12,25.29,13.3581
27537.13,25.19,13.3581
27538.13,31.43,13.3584
27539.13,25.19,13.3584
27540.13,25.19,13.3584
27541.13,25.29,13.3584
27542.13,25.19,13.3584
27543.13,25.33,13.3585
27544.14,25.18,13.3585
27545.14,25.19,13.3585
27546.14,25.28,13.3585
27547.14,25.18,13.3585
27548.14,25.24,13.3585
27549.14,29.08,13.3585
27550.15,25.19,13.3585
27551.15,25.28,13.3585
27552.15,25.18,13.3585
27553.15,25.31,13.3586
27554.15,25.16,13.3586
27555.15,25.19,13.3586
27556.16,25.27,13.3586
27557.16,25.19,13.3586
27558.16,25.31,13.3586
27559.16,28.94,13.3586
27560.16,25.19,13.3586
27561.16,25.28,13.3586
27562.16,25.19,13.3586
27563.17,25.2,13.3587
27564.17,25.28,13.3587
27565.17,25.19,13.3587
27566.17,25.29,13.3587
27567.17,25.19,13.3587
27568.18,25.3,13.3587
27569.18,25.18,13.3587
27570.18,28.76,13.3588
27571.18,25.28,13.3588
27572.18,25.18,13.3588
27573.18,25.31,13.3588
27574.19,25.18,13.3588
27575.19,25.28,13.3588
27576.19,25.18,13.3588
27577.19,25.18,13.3588
27578.19,25.29,13.359
27579.19,25.17,13.359
27580.19,25.3,13.359
27581.2,28.8,13.3591
27582.2,25.18,13.3591
27583.2,25.31,13.3591
27584.2,25.18,13.3591
27585.2,25.28,13.3591
27586.2,25.18,13.3591
27587.21,25.29,13.3591
27588.21,25.19,13.3591
27589.21,25.18,13.3591
27590.21,25.28,13.3591
27591.21,25.18,13.3591
27592.21,29.88,13.3592
27593.22,25.21,13.3593
27594.22,25.17,13.3593
27595.22,25.27,13.3593
27596.22,25.15,13.3593
27597.22,25.27,13.3592
27598.22,25.11,13.3592
27599.23,25.12,13.3592
27600.23,25.27,13.3592
27601.23,25.18,13.3593
27602.23,25.3,13.3595
27603.23,31.59,13.3595
27604.23,25.18,13.3595
27605.23,25.31,13.3595
27606.24,25.18,13.3595
27607.24,25.2,13.3595
27608.24,25.28,13.3595
27609.24,25.19,13.3595
27610.24,25.29,13.3595
27611.24,25.18,13.3595
27612.25,25.29,13.3596
27613.25,29.96,13.3597
27614.25,25.18,13.3597
27615.25,25.28,13.3597
27616.25,25.18,13.3597
27617.26,25.29,13.3597
27618.26,25.18,13.3597
27619.26,25.18,13.3597
27620.26,25.28,13.3597
27621.26,25.18,13.3597
27622.26,25.29,13.3597
27623.27,28.93,13.3598
27624.27,25.29,13.3598
27625.27,25.19,13.3598
27626.27,25.18,13.3598
27627.27,25.29,13.3598
27628.27,25.18,13.3598
27629.28,25.29,13.3598
27630.28,25.18,13.3598
27631.28,25.18,13.3598
27632.28,25.29,13.3598
27633.28,25.2,13.3598
27634.28,29.03,13.3598
27635.29,25.19,13.3598
27636.29,25.28,13.3598
27637.29,25.19,13.3599
27638.29,25.19,13.3599
27639.29,25.29,13.3599
27640.29,25.18,13.3599
27641.29,25.29,13.3599
27642.3,25.2,13.3599
27643.3,25.22,13.3599
27644.3,25.3,13.3599
27645.3,28.85,13.3601
27646.3,25.18,13.3601
27647.3,25.29,13.3601
27648.31,25.18,13.3601
27649.31,25.29,13.3601
27650.31,25.19,13.3601
27651.31,25.18,13.3601
27652.31,25.3,13.3602
27653.31,25.2,13.3602
27654.31,25.3,13.3602
27655.32,25.18,13.3602
27656.32,28.03,13.3602
27657.32,26.05,13.3602
27658.32,25.2,13.3602
27659.32,25.19,13.3603
27660.32,25.22,13.3603
27661.33,25.17,13.3603
27662.33,25.3,13.3603
27663.33,25.2,13.3604
27664.33,25.2,13.3604
27665.33,25.29,13.3604
27666.33,25.19,13.3604
27667.33,31.23,13.3605
27668.34,25.16,13.3605
27669.34,25.14,13.3605
27670.34,25.25,13.3605
27671.34,25.18,13.3605
27672.34,25.29,13.3605
27673.34,25.2,13.3605
27674.35,25.16,13.3605
27675.35,25.26,13.3605
27676.35,25.18,13.3605
27677.35,25.29,13.3607
27678.35,31.1,13.3607
27679.35,25.16,13.3607
27680.36,25.23,13.3607
27681.36,25.13,13.3608
27682.36,25.24,13.3608
27683.36,25.14,13.3608
27684.36,25.13,13.3608
27685.36,25.23,13.3608
27686.37,25.13,13.3608
27687.37,25.24,13.3609
27688.37,25.13,13.3609
27689.37,29.09,13.3609
27690.37,25.19,13.3609
27691.37,25.19,13.3609
27692.38,25.3,13.3609
27693.38,25.19,13.3609
27694.38,25.27,13.3609
27695.38,25.18,13.3609
27696.38,25.19,13.3609
27697.38,25.29,13.3609
27698.38,25.2,13.361
27699.39,25.19,13.361
27700.39,29.0,13.361
27701.39,25.18,13.361
27702.39,25.29,13.361
27703.39,25.2,13.361
27704.39,25.28,13.361
27705.4,25.18,13.361
27706.4,25.18,13.361
27707.4,25.29,13.361
27708.4,25.19,13.361
27709.4,25.28,13.361
27710.4,25.18,13.361
27711.41,28.81,13.3611
27712.41,25.3,13.3613
27713.41,25.2,13.3613
27714.41,25.29,13.3613
27715.41,25.18,13.3613
27716.41,25.17,13.3613
27717.42,25.28,13.3613
27718.42,25.18,13.3613
27719.42,25.29,13.3613
27720.42,25.19,13.3613
27721.42,25.18,13.3613
27722.42,29.0,13.3613
27723.43,25.2,13.3614
27724.43,25.29,13.3614
27725.43,25.18,13.3614
27726.43,25.17,13.3614
27727.43,25.29,13.3615
27728.43,25.18,13.3615
27729.44,25.29,13.3615
27730.44,25.13,13.3615
27731.44,25.12,13.3615
27732.44,25.28,13.3615
27733.44,30.44,13.3616
27734.44,25.29,13.3616
27735.44,25.18,13.3616
27736.45,25.18,13.3616
27737.45,25.29,13.3617
27738.45,25.19,13.3617
27739.45,25.27,13.3617
27740.45,25.19,13.3617
27741.45,25.2,13.3617
27742.46,25.29,13.3617
27743.46,31.57,13.3617
27744.46,25.28,13.3617
27745.46,25.18,13.3617
27746.46,25.18,13.3617
27747.46,25.29,13.3618
27748.47,25.19,13.3618
27749.47,25.29,13.3618
27750.47,25.2,13.3618
27751.47,25.19,13.3618
27752.47,25.3,13.3618
27753.47,25.2,13.3618
27754.47,29.14,13.3618
27755.48,25.28,13.3618
27756.48,25.19,13.3618
27757.48,25.29,13.3618
27758.48,25.19,13.3618
27759.48,25.19,13.3618
27760.48,25.28,13.3618
27761.48,25.16,13.3618
27762.49,25.19,13.362
27763.49,25.29,13.362
27764.49,28.84,13.3624
27765.49,25.27,13.3624
27766.49,25.13,13.3624
27767.49,25.2,13.3624
27768.5,25.3,13.3624
27769.5,25.17,13.3624
27770.5,25.27,13.3624
27771.5,25.19,13.3624
27772.5,25.18,13.3625
27773.5,25.26,13.3625
27774.51,25.11,13.3625
27775.51,25.22,13.3624
27776.51,28.98,13.3628
27777.51,25.15,13.3626
27778.51,25.23,13.3626
27779.51,25.17,13.3626
27780.51,25.27,13.3626
27781.52,25.17,13.3626
27782.52,25.18,13.3626
27783.52,25.29,13.3628
27784.52,25.13,13.3628
27785.52,25.23,13.3628
27786.52,25.13,13.3628
27787.53,28.87,13.363
27788.53,25.29,13.363
27789.53,25.19,13.3629
27790.53,25.28,13.3629
27791.53,25.16,13.3629
27792.53,25.14,13.363
27793.54,25.24,13.363
27794.54,25.14,13.363
27795.54,25.27,13.363
27796.54,25.18,13.363
27797.54,29.5,13.363
27798.54,25.29,13.363
27799.55,25.18,13.363
27800.55,25.28,13.363
27801.55,25.17,13.363
27802.55,25.18,13.3632
27803.55,25.29,13.3632
27804.55,25.17,13.3632
27805.56,25.29,13.3632
27806.56,25.19,13.3632
27807.56,25.2,13.3632
27808.56,31.6,13.3632
27809.56,25.19,13.3632
27810.56,25.29,13.3632
27811.56,25.2,13.3632
27812.57,25.21,13.3633
27813.57,25.3,13.3633
27814.57,25.2,13.3633
27815.57,25.29,13.3633
27816.57,25.19,13.3633
27817.57,25.2,13.3633
27818.58,28.77,13.3633
27819.58,26.63,13.3633
27820.58,25.29,13.3633
27821.58,25.19,13.3633
27822.58,25.2,13.3634
27823.58,25.31,13.3634
27824.59,25.18,13.3634
27825.59,25.27,13.3634
27826.59,25.18,13.3634
27827.59,25.2,13.3634
27828.59,28.92,13.3636
27829.59,25.18,13.3636
27830.59,25.28,13.3636
27831.6,25.16,13.3636
27832.6,25.18,13.3636
27833.6,25.29,13.3638
27834.6,25.19,13.3638
27835.6,25.28,13.3638
27836.6,25.18,13.3638
27837.61,25.19,13.3638
27838.61,25.29,13.3638
27839.61,28.81,13.3638
27840.61,25.28,13.3638
27841.61,25.19,13.3638
27842.61,25.24,13.3638
27843.61,25.26,13.3638
27844.62,25.17,13.3638
27845.62,25.16,13.3638
27846.62,25.28,13.3638
27847.62,25.22,13.3639
27848.62,25.19,13.3639
27849.62,25.3,13.3639
27850.63,28.87,13.364
27851.63,25.2,13.364
27852.63,25.3,13.364
27853.63,25.21,13.364
27854.63,25.16,13.3641
27855.63,25.29,13.3641
27856.63,25.2,13.3642
27857.64,25.3,13.3642
27858.64,25.19,13.3642
27859.64,25.3,13.3642
27860.64,25.19,13.3642
27861.64,25.19,13.3642
27862.64,28.95,13.3643
27863.65,25.16,13.3643
27864.65,25.26,13.3643
27865.65,25.16,13.3643
27866.65,25.15,13.3643
27867.65,25.3,13.3643
27868.65,25.2,13.3643
27869.66,25.29,13.3643
27870.66,25.19,13.3643
27871.66,25.27,13.3643
27872.66,30.71,13.3643
27873.66,25.18,13.3643
27874.66,25.27,13.3643
27875.67,25.17,13.3643
27876.67,25.28,13.3643
27877.67,25.15,13.3644
27878.67,25.13,13.3644
27879.67,25.24,13.3644
27880.67,25.13,13.3644
27881.68,25.23,13.3644
27882.68,25.18,13.3644
27883.68,31.28,13.3645
27884.68,25.3,13.3645
27885.68,25.2,13.3645
27886.68,25.32,13.3645
27887.68,25.18,13.3645
27888.69,25.17,13.3645
27889.69,25.3,13.3645
27890.69,25.19,13.3645
27891.69,25.18,13.3645
27892.69,25.34,13.3645
27893.69,25.19,13.3645
27894.69,29.19,13.3645
27895.7,25.28,13.3645
27896.7,25.19,13.3647
27897.7,25.2,13.3647
27898.7,25.3,13.3647
27899.7,25.21,13.3647
27900.7,25.31,13.3647
27901.71,25.2,13.3647
27902.71,25.33,13.3647
27903.71,25.21,13.3647
27904.71,28.9,13.3649
27905.71,25.29,13.3649
27906.71,25.2,13.3649
27907.71,25.34,13.3649
27908.72,25.22,13.3649
27909.72,25.23,13.3649
27910.72,25.34,13.3649
27911.72,25.22,13.3649
27912.72,25.24,13.3649
27913.72,25.32,13.3649
27914.73,25.21,13.3649
27915.73,25.31,13.3649
27916.73,25.21,13.3649
27917.73,28.81,13.365
27918.73,25.24,13.365
27919.73,25.15,13.365
27920.74,25.25,13.365
27921.74,25.19,13.365
27922.74,25.32,13.3651
27923.74,25.14,13.3651
27924.74,25.14,13.3651
27925.74,25.24,13.3651
27926.75,25.14,13.3651
27927.75,25.25,13.3651
27928.75,28.81,13.3652
27929.75,25.23,13.3652
27930.75,25.31,13.3652
27931.75,25.22,13.3652
27932.75,25.24,13.3654
27933.76,25.31,13.3654
27934.76,25.21,13.3654
27935.76,25.3,13.3654
27936.76,25.21,13.3654
27937.76,25.32,13.3654
27938.76,25.21,13.3654
27939.77,30.44,13.3654
27940.77,25.3,13.3654
27941.77,25.19,13.3654
27942.77,25.33,13.3655
27943.77,25.22,13.3655
27944.77,25.21,13.3655
27945.78,25.3,13.3655
27946.78,25.18,13.3655
27947.78,25.29,13.3655
27948.78,25.19,13.3655
27949.78,25.17,13.3655
27950.78,31.69,13.3656
27951.79,25.2,13.3656
27952.79,25.33,13.3656
27953.79,25.2,13.3656
27954.79,25.2,13.3656
27955.79,25.3,13.3656
27956.79,25.2,13.3656
27957.8,25.3,13.3657
27958.8,25.2,13.3657
27959.8,25.21,13.3657
27960.8,29.4,13.3659
27961.8,25.2,13.3659
27962.8,25.33,13.3659
27963.81,25.21,13.3659
27964.81,25.3,13.3659
27965.81,25.2,13.3659
27966.81,25.21,13.3659
27967.81,25.32,13.3659
27968.81,25.21,13.3659
27969.81,25.32,13.3659
27970.82,25.21,13.3659
27971.82,28.98,13.3659
27972.82,25.32,13.366
27973.82,25.21,13.366
27974.82,25.32,13.366
27975.82,25.2,13.366
27976.83,25.14,13.366
27977.83,25.25,13.366
27978.83,25.14,13.366
27979.83,25.25,13.366
27980.83,25.14,13.3659
27981.83,25.14,13.3659
27982.83,25.32,13.3661
27983.84,28.92,13.3662
27984.84,25.2,13.3662
27985.84,25.29,13.3662
27986.84,25.14,13.3662
27987.84,25.28,13.3662
27988.84,25.2,13.3662
27989.85,25.2,13.3662
27990.85,25.32,13.3662
27991.85,25.21,13.3662
27992.85,25.34,13.3663
27993.85,25.21,13.3663
27994.85,28.85,13.3665
27995.86,25.3,13.3665
27996.86,25.2,13.3665
27997.86,25.31,13.3665
27998.86,25.21,13.3665
27999.86,25.22,13.3665
28000.86,25.3,13.3665
28001.87,25.17,13.3665
28002.87,25.27,13.3665
28003.87,25.16,13.3665
28004.87,25.2,13.3665
28005.87,74.48,5.8914
28006.87,83.57,2.8271
28007.87,68.26,3.1622
28008.87,75.93,3.2744
28009.88,84.51,3.4961
28010.88,77.19,3.8194
28011.88,76.39,4.0826
28012.88,76.44,4.3401
28013.88,76.86,4.6244
28014.88,77.18,4.9042
28015.89,77.13,5.1727
28016.89,75.58,5.4338
28017.89,75.29,5.6329
28018.89,75.14,5.8107
28019.89,77.06,5.9481
28020.89,74.8,6.0974
28021.89,54.2,6.2408
28022.89,32.79,6.3855
28023.9,42.71,6.487
28024.9,32.74,6.584
28025.9,27.41,6.7482
28026.9,28.01,6.8633
28027.9,37.59,6.9657
28028.9,29.31,7.0484
28029.91,30.16,7.138
28030.91,38.67,7.2193
28031.91,28.75,7.2964
28032.91,31.01,7.4342
28033.91,45.74,7.6512
28034.91,43.52,7.7514
28035.92,25.31,7.8515
28036.92,25.17,7.8515
28037.92,25.27,7.8515
28038.92,25.15,7.8515
28039.92,25.3,7.8515
28040.92,29.58,7.8515
28041.93,27.35,7.8515
28042.93,26.52,7.8516
28043.93,34.45,7.8516
28044.93,34.57,7.8516
28045.93,26.06,7.8516
28046.93,46.11,8.1227
28047.93,26.54,8.1227
28048.94,27.59,8.1227
28049.94,28.14,8.1227
28050.94,27.29,8.1227
28051.94,25.2,8.1227
28052.94,25.77,8.1227
28053.94,26.16,8.1227
28054.95,28.54,8.1227
28055.95,25.41,8.1227
28056.95,25.3,8.1227
28057.95,25.58,8.1228
28058.95,29.25,8.1228
28059.95,26.34,8.1228
28060.96,25.22,8.1228
28061.96,25.18,8.1228
28062.96,25.68,8.1228
28063.96,25.2,8.1228
28064.96,29.52,8.1228
28065.96,31.98,8.1228
28066.97,30.14,8.1227
28067.97,36.3,8.1227
28068.97,28.81,8.1227
28069.97,26.51,8.1227
28070.97,30.05,8.1227
28071.97,25.43,8.1227
28072.98,25.4,8.1228
28073.98,25.32,8.1228
28074.98,25.39,8.1228
28075.98,25.27,8.1228
28076.98,26.23,8.1228
28077.98,25.4,8.1228
28078.99,25.17,8.1228
28079.99,28.94,8.1228
28080.99,28.29,8.1228
28081.99,26.74,8.1228
28082.99,25.33,8.1228
28083.99,25.21,8.1228
28084.99,26.13,8.1228
28086.0,25.22,8.1228
28087.0,25.21,8.1228
28088.0,25.98,8.123
28089.0,26.24,8.123
28090.0,25.23,8.123
28091.0,25.35,8.123
28092.0,25.13,8.123
28093.01,25.17,8.123
28094.01,26.09,8.123
28095.01,25.2,8.123
28096.01,25.31,8.123
28097.01,25.23,8.123
28098.02,25.36,8.123
28099.02,25.17,8.123
28100.02,25.13,8.123
28101.02,25.24,8.123
28102.02,25.23,8.123
28103.02,25.56,8.123
28104.03,28.25,8.123
28105.03,25.3,8.123
28106.03,25.27,8.123
28107.03,25.97,8.123
28108.03,26.21,8.1231
28109.03,25.29,8.1231
28110.03,25.33,8.1231
28111.04,25.22,8.1231
28112.04,25.71,8.1231
28113.04,25.43,8.1231
28114.04,25.17,8.1231
28115.04,25.25,8.1231
28116.05,25.15,8.1231
28117.05,25.42,8.1231
28118.05,30.22,8.1231
28119.05,26.08,8.1231
28120.05,25.34,8.1231
28121.05,25.22,8.1231
28122.05,25.33,8.1231
28123.06,25.25,8.1231
28124.06,25.23,8.1231
28125.06,25.32,8.1231
28126.06,25.29,8.1231
28127.06,25.89,8.1231
28128.06,50.05,8.2225
28129.07,25.15,8.2225
28130.07,25.32,8.2225
28131.07,25.27,8.2225
28132.07,62.5,8.2229
28133.07,35.17,2.4887
28134.07,78.7,2.6745
28135.07,86.74,2.8282
28136.08,82.59,3.0739
28137.08,80.98,3.3492
28138.08,79.71,3.5991
28139.08,54.56,2.5785
28140.08,80.81,3.0416
28141.08,85.14,3.2155
28142.09,89.35,3.4384
28143.09,78.19,3.7581
28144.09,80.12,4.0004
28145.09,75.9,4.358
28146.09,76.74,4.6801
28147.09,75.7,4.891
28148.09,75.63,5.1084
28149.1,76.38,5.4109
28150.1,75.54,5.6392
28151.1,74.79,5.8213
28152.1,53.59,6.0258
28153.1,55.15,6.1752
28154.1,38.23,6.3293
28155.11,31.98,6.4603
28156.11,36.12,6.571
28157.11,30.7,6.659
28158.11,30.2,6.749
28159.11,26.78,6.8353
28160.11,34.35,6.9253
28161.12,27.68,7.0049
28162.12,43.12,7.1303
28163.12,33.01,7.2503
28164.12,36.24,7.4864
28165.12,46.63,7.6425
28166.12,34.8,7.6425
28167.13,26.36,7.7427
28168.13,25.28,7.7427
28169.13,25.21,7.7427
28170.13,25.16,7.7427
28171.13,25.48,7.7427
28172.13,30.11,7.7427
28173.13,27.78,7.7427
28174.14,28.2,7.7427
28175.14,35.41,7.7427
28176.14,53.51,7.9879
28177.14,35.77,8.0315
28178.14,32.16,8.1067
28179.14,28.36,8.1004
28180.15,30.6,8.1056
28181.15,25.39,8.1056
28182.15,25.4,8.1056
28183.15,30.79,8.1056
28184.15,25.29,8.1056
28185.15,29.33,8.1056
28186.16,25.34,8.1056
28187.16,25.25,8.1056
28188.16,25.61,8.1057
28189.16,25.33,8.1057
28190.16,27.3,8.1057
28191.16,25.41,8.1057
28192.17,25.78,8.1057
28193.17,25.47,8.1057
28194.17,25.39,8.1057
28195.17,25.39,8.1057
28196.17,25.3,8.1057
28197.17,25.21,8.1057
28198.18,25.87,8.1057
28199.18,31.13,8.1068
28200.18,25.94,8.1068
28201.18,26.01,8.1068
28202.18,26.69,8.1068
28203.18,25.34,8.1068
28204.19,25.19,8.1068
28205.19,25.77,8.1068
28206.19,26.89,8.1068
28207.19,25.14,8.1068
28208.19,25.24,8.1069
28209.19,25.2,8.1069
28210.19,25.26,8.1069
28211.2,25.17,8.1069
28212.2,25.17,8.1069
28213.2,26.04,8.1069
28214.2,25.13,8.1069
28215.2,25.34,8.1069
28216.2,25.23,8.1069
28217.21,25.13,8.1069
28218.21,25.24,8.1069
28219.21,25.14,8.1069
28220.21,25.19,8.1069
28221.21,32.82,8.1069
28222.21,26.07,8.1069
28223.21,25.32,8.1069
28224.22,25.2,8.1069
28225.22,25.21,8.1069
28226.22,26.48,8.1069
28227.22,25.77,8.1069
28228.22,57.38,8.1071
28229.22,41.04,2.4764
28230.23,80.38,2.7169
28231.23,76.87,3.0464
28232.23,79.11,3.2228
28233.23,89.66,3.4856
28234.23,79.56,3.8665
28235.23,78.96,4.197
28236.23,76.33,4.5614
28237.24,76.27,4.8077
28238.24,76.01,5.0525
28239.24,76.73,5.3563
28240.24,75.37,5.5806
28241.24,74.39,5.7786
28242.24,56.23,5.9799
28243.25,47.06,6.163
28244.25,35.34,6.3518
28245.25,30.74,6.5071
28246.25,32.67,6.6184
28247.25,25.99,6.7169
28248.25,26.05,6.8289
28249.26,28.51,6.9225
28250.26,30.14,7.0182
28251.26,46.0,7.1538
28252.26,30.09,7.2871
28253.26,46.69,7.6436
28254.26,32.92,7.6436
28255.26,41.69,7.7095
28256.27,26.28,7.7438
28257.27,25.26,7.7438
28258.27,25.14,7.7438
28259.27,25.34,7.7438
28260.27,25.26,7.7438
28261.27,28.41,7.7438
28262.28,34.1,7.7438
28263.28,33.44,7.7438
28264.28,48.8,7.8497
28265.28,34.65,8.081
28266.28,31.26,8.1047
28267.28,37.6,8.1049
28268.29,26.74,8.1049
28269.29,25.55,8.1049
28270.29,26.15,8.1049
28271.29,31.27,8.1049
28272.29,30.23,8.1049
28273.29,25.23,8.1049
28274.29,25.31,8.1049
28275.3,25.73,8.1049
28276.3,25.2,8.1049
28277.3,25.61,8.1051
28278.3,25.21,8.1051
28279.3,25.31,8.1051
28280.3,25.49,8.1051
28281.31,25.4,8.1051
28282.31,26.11,8.1051
28283.31,25.37,8.1051
28284.31,34.26,8.1051
28285.31,25.35,8.1051
28286.31,25.34,8.1051
28287.31,25.97,8.1051
28288.32,27.71,8.1051
28289.32,25.15,8.1051
28290.32,25.33,8.1051
28291.32,25.96,8.1051
28292.32,25.73,8.1051
28293.32,25.27,8.1051
28294.33,25.17,8.1051
28295.33,25.29,8.1051
28296.33,25.19,8.1051
28297.33,25.19,8.1052
28298.33,25.32,8.1052
28299.33,25.15,8.1052
28300.34,25.24,8.1052
28301.34,25.14,8.1052
28302.34,25.25,8.1052
28303.34,25.25,8.1052
28304.34,32.73,8.1053
28305.34,25.89,8.1053
28306.34,25.47,8.1053
28307.35,25.29,8.1053
28308.35,25.28,8.1053
28309.35,27.07,8.1053
28310.35,29.05,8.1052
28311.35,65.02,5.9374
28312.35,58.47,2.5994
28313.35,82.24,3.0322
28314.36,89.2,3.2474
28315.36,85.22,3.5219
28316.36,86.05,3.7679
28317.36,83.1,4.0137
28318.36,81.0,4.2088
28319.36,56.98,2.4727
28320.36,77.1,2.6938
28321.37,88.66,2.8445
28322.37,87.47,3.0865
28323.37,79.71,3.3362
28324.37,76.78,3.5761
28325.37,80.37,3.8289
28326.37,68.04,2.6699
28327.37,89.5,2.9027
28328.37,88.56,3.1331
28329.38,78.93,3.3689
28330.38,79.85,3.5865
28331.38,76.93,3.7836
28332.38,75.95,3.9886
28333.38,80.59,4.3366
28334.38,57.73,2.5055
28335.39,73.38,2.4861
28336.39,79.53,2.3972
28337.39,81.12,2.7084
28338.39,87.68,2.931
28339.39,82.98,3.2531
28340.39,61.48,2.4835
28341.39,83.38,2.7265
28342.4,83.43,2.8248
28343.4,80.88,3.0449
28344.4,44.46,2.5077
28345.4,83.85,2.7448
28346.4,88.53,2.8705
28347.4,80.36,3.1237
28348.4,49.33,2.5135
28349.41,86.73,2.7586
28350.41,90.37,3.0629
28351.41,64.77,2.5333
28352.41,75.87,2.7097
28353.41,86.23,2.9022
28354.41,80.26,3.118
28355.41,61.35,2.5649
28356.41,82.28,2.7613
28357.42,85.4,2.4188
28358.42,71.84,2.6429
28359.42,79.93,2.7739
28360.42,30.26,0.3266
