Time_Sec,CPU_Percent_Total,Memory_GB
1.0,53.65,0.3388
2.0,63.9,0.5516
3.0,58.47,0.7178
4.01,75.89,0.9333
5.01,68.53,0.9985
6.01,79.65,1.1527
7.01,84.18,1.2775
8.01,85.22,1.3653
9.01,76.7,1.4847
10.01,72.49,1.5542
11.02,54.02,1.6804
12.02,81.41,1.7876
13.02,74.59,1.9653
14.02,82.82,2.2614
15.02,82.84,2.351
16.02,86.42,2.5535
17.03,81.11,2.7706
18.03,78.64,3.0232
19.03,77.44,3.3087
20.03,76.49,3.6117
21.03,75.99,3.9576
22.03,75.85,4.2867
23.03,76.13,4.6469
24.04,75.9,5.0542
25.04,75.39,5.4612
26.04,76.28,5.8599
27.04,74.62,5.3482
28.04,64.14,2.024
29.04,85.0,2.2982
30.04,90.95,2.5703
31.05,83.58,2.8679
32.05,81.19,3.1545
33.05,78.76,3.4075
34.05,76.92,3.6788
35.05,76.47,4.0271
36.05,76.17,4.3275
37.06,76.85,4.6452
38.06,76.56,5.0018
39.06,76.31,5.3852
40.06,76.09,5.7189
41.06,75.93,6.0547
42.06,56.06,1.9038
43.06,79.84,2.0902
44.07,81.3,1.8626
45.07,76.7,2.1219
46.07,85.81,2.2601
47.07,85.75,2.5674
48.07,79.78,2.8823
49.07,77.66,3.1926
50.07,81.09,3.5047
51.08,72.0,3.7289
52.08,32.53,3.9786
53.08,28.41,4.1808
54.08,25.33,4.2539
55.08,29.32,4.2947
56.08,26.37,4.3397
57.09,25.64,4.3795
58.09,27.9,4.4795
59.09,37.76,4.7002
60.09,25.65,4.939
61.09,25.23,4.9796
62.09,25.32,5.0054
63.1,26.37,5.0341
64.1,26.11,5.0637
65.1,25.25,5.0933
66.1,25.16,5.1201
67.1,25.23,5.1478
68.1,26.36,5.172
69.11,29.3,5.2028
70.11,25.29,5.224
71.11,25.25,5.236
72.11,25.29,5.2576
73.11,25.32,5.2752
74.11,25.21,5.299
75.11,25.28,5.3186
76.12,25.19,5.3409
77.12,25.21,5.3624
78.12,25.44,5.3799
79.12,25.19,5.4024
80.12,25.3,5.4286
81.12,25.19,5.4489
82.13,25.21,5.47
83.13,45.97,5.492
84.13,50.09,5.5205
85.13,50.29,5.5472
86.13,30.31,5.5677
87.13,25.43,5.5865
88.14,25.32,5.6076
89.14,25.24,5.6306
90.14,25.31,5.6531
91.14,25.22,5.6704
92.14,25.2,5.6886
93.14,25.48,5.7051
94.14,25.2,5.7255
95.15,25.27,5.7467
96.15,25.26,5.763
97.15,25.14,5.7764
98.15,25.29,5.7907
99.15,25.21,5.8286
100.15,25.19,5.8286
101.15,25.35,5.8286
102.16,25.18,5.8399
103.16,25.64,5.8543
104.16,25.23,5.867
105.16,25.13,5.8822
106.16,25.23,5.8961
107.16,27.39,6.0751
108.17,34.58,6.3791
109.17,26.15,6.6483
110.17,31.49,6.9004
111.17,25.31,6.9525
112.17,25.21,6.9525
113.17,25.69,6.9525
114.17,26.11,6.9525
115.18,25.2,6.9525
116.18,25.2,6.9525
117.18,26.54,6.9525
118.18,25.19,6.9525
119.18,25.2,6.9525
120.18,25.32,6.9525
121.18,25.26,6.9619
122.19,25.21,7.0151
123.19,25.39,7.0195
124.19,25.18,7.0259
125.19,25.21,7.0259
126.19,25.28,7.0286
127.19,25.23,7.0342
128.19,25.31,7.0342
129.2,25.22,7.0371
130.2,25.19,7.0404
131.2,25.3,7.0433
132.2,25.62,7.0475
133.2,25.32,7.0528
134.2,25.12,7.0528
135.21,25.16,7.0528
136.21,25.29,7.0528
137.21,25.21,7.0528
138.21,25.36,7.0528
139.21,25.24,7.0528
140.21,25.66,7.0528
141.22,25.42,7.0528
142.22,25.23,7.0528
143.22,26.34,7.0528
144.22,25.2,7.0528
145.22,25.2,7.0528
146.22,25.3,7.0528
147.22,25.17,7.0528
148.23,25.23,7.0528
149.23,25.13,7.0528
150.23,25.16,7.0528
151.23,25.29,7.0528
152.23,25.25,7.0528
153.23,25.33,7.0528
154.24,25.19,7.0528
155.24,25.23,7.0528
156.24,25.29,7.0528
157.24,25.22,7.0528
158.24,25.29,7.0528
159.24,25.23,7.0528
160.25,25.2,7.0528
161.25,25.3,7.0528
162.25,25.35,7.0528
163.25,25.24,7.0528
164.25,25.29,7.0528
165.25,25.19,7.0528
166.25,25.3,7.0528
167.26,25.22,7.0528
168.26,25.26,7.0528
169.26,25.18,7.0528
170.26,25.13,7.0528
171.26,25.35,7.0528
172.26,25.23,7.0528
173.27,25.39,7.0528
174.27,25.19,7.0528
175.27,25.14,7.0528
176.27,25.29,7.0528
177.27,25.41,7.0528
178.27,25.35,7.0528
179.28,25.19,7.0528
180.28,25.19,7.0528
181.28,25.25,7.0528
182.28,25.44,7.0528
183.28,25.69,7.0528
184.28,25.2,7.0528
185.29,25.26,7.0528
186.29,25.26,7.0528
187.29,25.16,7.0528
188.29,25.13,7.0528
189.29,25.25,7.0528
190.29,25.14,7.0528
191.29,25.24,7.0528
192.3,25.16,7.0528
193.3,25.28,7.0528
194.3,25.33,7.0528
195.3,25.14,7.0528
196.3,29.63,7.1746
197.3,25.17,7.1746
198.31,25.18,7.1746
199.31,25.29,7.1746
200.31,25.17,7.1746
201.31,25.18,7.1746
202.31,25.42,7.1746
203.31,25.25,7.1746
204.31,25.18,7.1746
205.31,25.23,7.1746
206.32,25.14,7.1746
207.32,25.3,7.1746
208.32,25.25,7.1746
209.32,25.13,7.1746
210.32,25.24,7.1746
211.32,25.14,7.1746
212.32,25.16,7.1746
213.33,25.32,7.1746
214.33,25.14,7.1746
215.33,25.14,7.1746
216.33,25.25,7.1746
217.33,25.18,7.1746
218.33,25.15,7.1746
219.33,25.27,7.1747
220.34,25.19,7.1747
221.34,25.12,7.1747
222.34,25.4,7.1747
223.34,25.22,7.1747
224.34,25.29,7.1747
225.34,25.19,7.1747
226.35,25.19,7.1747
227.35,25.31,7.1747
228.35,25.19,7.1747
229.35,25.29,7.1747
230.35,25.19,7.1747
231.35,25.19,7.1747
232.36,25.3,7.1747
233.36,25.28,7.1747
234.36,25.29,7.1747
235.36,25.19,7.1749
236.36,25.19,7.1749
237.36,25.33,7.1749
238.36,25.2,7.1749
239.37,25.23,7.1749
240.37,25.16,7.1749
241.37,25.19,7.1749
242.37,25.32,7.1749
243.37,25.23,7.1749
244.37,25.29,7.1749
245.38,25.19,7.1749
246.38,25.19,7.1749
247.38,25.29,7.1749
248.38,25.19,7.1749
249.38,25.3,7.1749
250.38,25.19,7.1747
251.39,25.19,7.1747
252.39,25.29,7.1747
253.39,25.21,7.1747
254.39,25.19,7.1747
255.39,25.41,7.1747
256.39,25.19,7.1747
257.39,25.29,7.1747
258.4,25.21,7.1747
259.4,25.34,7.1747
260.4,25.29,7.1747
261.4,25.16,7.1747
262.4,25.27,7.1747
263.4,25.21,7.1749
264.41,25.17,7.1749
265.41,25.28,7.1749
266.41,25.18,7.1749
267.41,25.32,7.1749
268.41,25.18,7.1749
269.41,25.24,7.1749
270.42,25.29,7.1749
271.42,25.18,7.1749
272.42,25.34,7.1749
273.42,25.26,7.1749
274.42,25.18,7.1749
275.42,25.25,7.1749
276.42,25.13,7.1749
277.42,25.14,7.1749
278.43,25.29,7.1749
279.43,25.15,7.1749
280.43,25.13,7.1749
281.43,25.23,7.1749
282.43,25.16,7.1749
283.43,25.22,7.1749
284.43,25.28,7.1749
285.44,25.18,7.1749
286.44,25.19,7.1749
287.44,25.29,7.1749
288.44,25.17,7.1749
289.44,25.29,7.1749
290.44,25.17,7.1749
291.45,25.16,7.1749
292.45,25.34,7.1749
293.45,25.22,7.1749
294.45,25.29,7.1749
295.45,25.19,7.1749
296.45,25.19,7.1749
297.45,25.49,7.1749
298.46,25.16,7.1749
299.46,25.29,7.1749
300.46,25.28,7.1749
301.46,25.17,7.1749
302.46,25.27,7.1749
303.46,26.06,7.1749
304.47,25.18,7.1749
305.47,25.27,7.1749
306.47,25.19,7.1749
307.47,25.3,7.1749
308.47,25.19,7.1749
309.47,25.24,7.1749
310.47,25.29,7.1749
311.48,25.21,7.1749
312.48,25.2,7.1749
313.48,25.33,7.1749
314.48,25.18,7.1749
315.48,25.19,7.1749
316.48,25.29,7.1749
317.49,25.2,7.1749
318.49,25.29,7.1749
319.49,25.19,7.1749
320.49,25.19,7.1749
321.49,25.29,7.1749
322.49,25.2,7.1749
323.49,25.33,7.1749
324.5,25.19,7.1749
325.5,25.19,7.1749
326.5,25.28,7.1749
327.5,25.2,7.1749
328.5,25.29,7.1749
329.5,25.18,7.1749
330.51,25.19,7.1749
331.51,25.28,7.1749
332.51,25.2,7.1749
333.51,25.35,7.1749
334.51,25.18,7.1749
335.51,25.74,7.175
336.51,25.29,7.175
337.52,25.2,7.175
338.52,25.19,7.175
339.52,25.3,7.175
340.52,25.19,7.175
341.52,25.28,7.175
342.52,25.25,7.175
343.53,25.22,7.175
344.53,25.28,7.175
345.53,25.17,7.175
346.53,25.29,7.175
347.53,25.19,7.175
348.53,25.18,7.175
349.53,25.3,7.175
350.54,25.18,7.175
351.54,25.18,7.175
352.54,25.25,7.175
353.54,25.21,7.175
354.54,25.29,7.175
355.54,25.17,7.175
356.55,25.18,7.175
357.55,25.25,7.175
358.55,25.12,7.175
359.55,25.12,7.175
360.55,25.22,7.175
361.55,25.12,7.175
362.55,25.24,7.175
363.56,25.32,7.175
364.56,25.19,7.175
365.56,25.31,7.175
366.56,25.19,7.175
367.56,25.24,7.175
368.56,25.3,7.175
369.56,25.2,7.175
370.57,25.29,7.175
371.57,25.19,7.175
372.57,25.2,7.175
373.57,25.36,7.175
374.57,25.18,7.175
375.57,25.2,7.175
376.57,25.18,7.175
377.58,25.3,7.175
378.58,25.18,7.175
379.58,25.27,7.175
380.58,25.19,7.175
381.58,25.18,7.175
382.58,25.47,7.175
383.58,25.2,7.175
384.59,25.19,7.175
385.59,25.29,7.175
386.59,25.29,7.175
387.59,25.2,7.175
388.59,25.29,7.175
389.59,25.18,7.175
390.59,25.3,7.175
391.6,25.18,7.175
392.6,25.23,7.175
393.6,25.29,7.175
394.6,25.18,7.175
395.6,25.18,7.175
396.6,25.29,7.175
397.6,25.19,7.175
398.61,25.17,7.175
399.61,25.3,7.175
400.61,25.18,7.175
401.61,25.18,7.175
402.61,25.35,7.175
403.61,25.18,7.175
404.61,25.18,7.175
405.61,25.3,7.175
406.62,25.27,7.175
407.62,25.51,7.175
408.62,25.3,7.175
409.62,25.19,7.1751
410.62,25.19,7.1749
411.62,25.28,7.175
412.62,25.3,7.1751
413.63,25.12,7.1751
414.63,25.22,7.1751
415.63,25.15,7.1751
416.63,25.28,7.1751
417.63,25.19,7.1751
418.63,25.19,7.1751
419.63,25.33,7.1751
420.64,25.13,7.1751
421.64,25.21,7.1751
422.64,25.59,7.1751
423.64,25.11,7.1751
424.64,25.22,7.1751
425.64,25.15,7.1751
426.65,25.23,7.1751
427.65,25.18,7.1751
428.65,25.17,7.1751
429.65,25.3,7.1751
430.65,25.19,7.1751
431.65,25.19,7.1751
432.66,25.34,7.1751
433.66,25.18,7.1751
434.66,25.3,7.1751
435.66,25.19,7.1751
436.66,25.18,7.1751
437.66,25.29,7.175
438.66,25.18,7.175
439.67,25.28,7.175
440.67,25.22,7.175
441.67,25.18,7.175
442.67,25.35,7.1751
443.67,25.18,7.1751
444.67,25.19,7.1751
445.67,25.3,7.1751
446.68,25.18,7.1751
447.68,25.18,7.1751
448.68,25.22,7.1751
449.68,25.15,7.1751
450.68,25.29,7.1751
451.68,25.16,7.1751
452.69,25.57,7.1751
453.69,25.22,7.1751
454.69,25.12,7.1751
455.69,25.11,7.1751
456.69,25.21,7.1752
457.69,25.17,7.1752
458.69,25.27,7.1752
459.7,25.19,7.1752
460.7,25.19,7.1752
461.7,25.3,7.1752
462.7,25.88,7.1752
463.7,25.21,7.1752
464.7,25.17,7.1752
465.71,25.18,7.1752
466.71,25.28,7.1752
467.71,25.25,7.1752
468.71,25.28,7.1752
469.71,25.17,7.1752
470.71,25.19,7.1752
471.71,25.28,7.1752
472.72,25.75,7.1752
473.72,25.28,7.1752
474.72,25.18,7.1752
475.72,25.18,7.1752
476.72,25.28,7.1752
477.72,25.19,7.1752
478.73,25.28,7.1752
479.73,25.18,7.1752
480.73,25.18,7.1752
481.73,25.28,7.1752
482.73,25.28,7.1752
483.73,25.28,7.1752
484.74,25.17,7.1752
485.74,25.18,7.1752
486.74,25.29,7.1752
487.74,25.2,7.1752
488.74,25.18,7.1751
489.74,25.3,7.1751
490.75,25.17,7.1751
491.75,25.28,7.1751
492.75,25.24,7.1753
493.75,25.18,7.1753
494.75,25.29,7.1753
495.75,25.18,7.1753
496.75,25.29,7.1753
497.76,25.27,7.1753
498.76,25.19,7.1753
499.76,25.29,7.1753
500.76,25.19,7.1753
501.76,25.29,7.1753
502.76,25.33,7.1753
503.77,25.18,7.1753
504.77,25.27,7.1753
505.77,25.12,7.1753
506.77,25.12,7.1753
507.77,25.25,7.1753
508.77,25.12,7.1753
509.77,25.22,7.1753
510.78,25.12,7.1753
511.78,25.11,7.1753
512.78,25.32,7.1753
513.78,25.31,7.1753
514.78,25.29,7.1753
515.78,25.15,7.1753
516.79,25.12,7.1753
517.79,25.27,7.1753
518.79,26.51,7.1776
519.79,25.42,7.1776
520.79,25.17,7.1776
521.79,25.18,7.1763
522.79,25.32,7.1763
523.8,25.17,7.1763
524.8,25.28,7.1763
525.8,25.17,7.1763
526.8,25.17,7.1763
527.8,25.29,7.1763
528.8,25.17,7.1763
529.81,25.18,7.1763
530.81,25.28,7.1763
531.81,25.17,7.1763
532.81,25.57,7.1764
533.81,25.3,7.1764
534.81,25.19,7.1764
535.82,25.29,7.1764
536.82,25.18,7.1764
537.82,25.4,7.1764
538.82,26.35,7.1764
539.82,25.17,7.1764
540.82,25.27,7.1764
541.82,25.17,7.1764
542.83,25.35,7.1764
543.83,25.17,7.1764
544.83,25.18,7.1764
545.83,25.28,7.1764
546.83,25.18,7.1764
547.83,25.2,7.1764
548.84,25.28,7.1764
549.84,25.22,7.1764
550.84,25.29,7.1764
551.84,25.54,7.1764
552.84,25.18,7.1764
553.84,25.22,7.1764
554.84,25.14,7.1764
555.85,25.28,7.1764
556.85,25.19,7.1764
557.85,25.19,7.1764
558.85,25.38,7.1764
559.85,25.18,7.1764
560.85,25.22,7.1764
561.86,25.12,7.1764
562.86,25.19,7.1764
563.86,25.23,7.1764
564.86,25.16,7.1764
565.86,25.28,7.1764
566.86,25.17,7.1764
567.87,25.21,7.1764
568.87,25.28,7.1764
569.87,25.18,7.1764
570.87,25.27,7.1764
571.87,25.18,7.1764
572.87,25.24,7.1764
573.88,25.28,7.1764
574.88,25.18,7.1764
575.88,25.28,7.1764
576.88,25.18,7.1764
577.88,25.21,7.1765
578.88,25.28,7.1765
579.88,25.19,7.1765
580.89,25.18,7.1765
581.89,25.27,7.1765
582.89,25.31,7.1765
583.89,25.19,7.1765
584.89,25.3,7.1765
585.89,25.19,7.1765
586.89,25.19,7.1765
587.89,25.28,7.1765
588.9,25.18,7.1765
589.9,25.28,7.1765
590.9,25.18,7.1765
591.9,25.18,7.1765
592.9,25.3,7.1765
593.9,25.13,7.1765
594.91,25.13,7.1765
595.91,25.26,7.1765
596.91,25.16,7.1765
597.91,25.3,7.1765
598.91,25.18,7.1765
599.91,25.17,7.1765
600.91,25.28,7.1765
601.92,25.18,7.1765
602.92,25.25,7.1765
603.92,25.27,7.1765
604.92,25.18,7.1765
605.92,25.19,7.1765
606.92,25.3,7.1765
607.92,25.22,7.1765
608.93,25.17,7.1765
609.93,25.29,7.1765
610.93,25.24,7.1765
611.93,25.28,7.1765
612.93,25.28,7.1765
613.93,25.18,7.1765
614.93,25.28,7.1765
615.94,25.18,7.1765
616.94,25.18,7.1765
617.94,25.29,7.1765
618.94,25.18,7.1765
619.94,25.28,7.1765
620.94,25.22,7.1765
621.95,25.12,7.1765
622.95,25.4,7.1765
623.95,25.11,7.1765
624.95,25.26,7.1765
625.95,25.11,7.1765
626.95,25.11,7.1765
627.96,25.27,7.1765
628.96,25.15,7.1765
629.96,25.21,7.1765
630.96,25.12,7.1765
631.96,25.11,7.1765
632.96,25.36,7.1765
633.96,25.16,7.1765
634.97,25.27,7.1765
635.97,25.17,7.1765
636.97,25.17,7.1765
637.97,25.3,7.1765
638.97,25.19,7.1765
639.97,25.27,7.1765
640.98,26.32,7.1768
641.98,25.14,7.1768
642.98,25.56,7.1768
643.98,25.12,7.1768
644.98,25.24,7.1768
645.98,25.17,7.1768
646.99,25.17,7.1768
647.99,25.34,7.1768
648.99,25.17,7.1768
649.99,25.17,7.1768
650.99,25.28,7.1768
651.99,25.16,7.1768
652.99,25.23,7.1768
653.99,25.81,7.1768
655.0,25.16,7.1768
656.0,25.19,7.1768
657.0,25.16,7.1768
658.0,25.27,7.1768
659.0,25.16,7.1768
660.0,25.27,7.1768
661.0,25.17,7.1768
662.01,25.26,7.1768
663.01,25.24,7.1768
664.01,25.17,7.1768
665.01,25.27,7.1768
666.01,25.17,7.1768
667.01,25.27,7.1768
668.02,25.14,7.1768
669.02,25.14,7.1768
670.02,25.23,7.1768
671.02,25.14,7.1768
672.02,25.27,7.1768
673.02,25.22,7.1768
674.03,25.17,7.1768
675.03,25.23,7.1768
676.03,25.11,7.1768
677.03,25.21,7.1768
678.03,25.13,7.1768
679.03,25.14,7.1768
680.03,25.27,7.1768
681.04,25.17,7.1768
682.04,25.16,7.1768
683.04,25.26,7.1768
684.04,25.13,7.1768
685.04,25.22,7.1768
686.04,25.12,7.1768
687.05,25.12,7.1768
688.05,25.27,7.1768
689.05,25.16,7.1768
690.05,25.17,7.1768
691.05,25.28,7.1768
692.05,25.11,7.1768
693.05,25.27,7.1768
694.06,25.12,7.1768
695.06,25.12,7.1768
696.06,25.25,7.1768
697.06,25.16,7.1768
698.06,25.29,7.1768
699.06,25.19,7.1768
700.07,25.17,7.1768
701.07,25.29,7.1768
702.07,25.17,7.1768
703.07,25.21,7.1769
704.07,25.28,7.1769
705.07,25.17,7.1769
706.07,25.17,7.1769
707.07,25.28,7.1768
708.08,25.18,7.1769
709.08,25.19,7.1769
710.08,25.28,7.1769
711.08,25.16,7.1769
712.08,25.17,7.1769
713.08,25.32,7.1769
714.08,25.17,7.1769
715.09,25.18,7.1769
716.09,25.27,7.1769
717.09,25.18,7.1769
718.09,25.32,7.1769
719.09,25.14,7.1769
720.09,25.14,7.1769
721.1,25.25,7.1769
722.1,25.17,7.1769
723.1,25.32,7.1769
724.1,25.14,7.1769
725.1,25.11,7.1769
726.1,25.21,7.1769
727.1,25.15,7.1769
728.11,25.29,7.1769
729.11,25.19,7.1769
730.11,25.17,7.1769
731.11,25.28,7.1769
732.11,25.17,7.1769
733.11,25.31,7.1769
734.12,25.09,7.1769
735.12,25.09,7.1769
736.12,25.19,7.1769
737.12,25.1,7.1769
738.12,25.13,7.1769
739.12,25.21,7.1769
740.13,25.11,7.1769
741.13,25.22,7.1769
742.13,25.13,7.1769
743.13,25.21,7.1769
744.13,25.24,7.1769
745.13,25.12,7.1769
746.13,25.24,7.1769
747.14,25.17,7.1769
748.14,25.13,7.1769
749.14,25.22,7.1769
750.14,25.12,7.1769
751.14,25.22,7.1769
752.14,25.12,7.1769
753.15,25.21,7.1769
754.15,25.25,7.1769
755.15,25.16,7.1769
756.15,25.27,7.1769
757.15,25.16,7.1769
758.15,25.13,7.1769
759.16,25.23,7.1769
760.16,25.11,7.1769
761.16,25.21,7.1769
762.16,25.11,7.1769
763.16,25.16,7.1769
764.16,25.28,7.1769
765.16,25.17,7.1769
766.17,25.17,7.1769
767.17,25.3,7.1769
768.17,25.16,7.1769
769.17,25.16,7.1769
770.17,25.26,7.1768
771.17,25.17,7.1768
772.17,25.28,7.1769
773.18,25.2,7.1769
774.18,25.17,7.1769
775.18,25.29,7.1769
776.18,25.17,7.1769
777.18,25.19,7.1769
778.18,25.27,7.1769
779.18,25.18,7.1769
780.19,25.17,7.1769
781.19,25.28,7.1769
782.19,25.18,7.1769
783.19,25.42,7.1769
784.19,25.14,7.1769
785.19,25.11,7.1769
786.19,25.21,7.1769
787.2,25.12,7.1769
788.2,25.21,7.1769
789.2,25.13,7.1769
790.2,25.15,7.1769
791.2,25.23,7.1769
792.2,25.12,7.1769
793.21,25.31,7.1769
794.21,25.17,7.1769
795.21,25.17,7.1769
796.21,25.27,7.1768
797.21,25.19,7.1768
798.21,25.17,7.1768
799.22,25.28,7.1768
800.22,25.17,7.1768
801.22,25.27,7.1768
802.22,25.18,7.1768
803.22,25.34,7.1768
804.22,25.28,7.1768
805.22,25.17,7.1768
806.23,25.27,7.1768
807.23,25.18,7.1768
808.23,25.2,7.1768
809.23,25.27,7.1768
810.23,25.17,7.1768
811.23,25.26,7.1768
812.24,25.18,7.1768
813.24,25.21,7.1768
814.24,25.27,7.1768
815.24,25.17,7.1768
816.24,25.17,7.1768
817.24,25.31,7.1768
818.24,25.16,7.1768
819.25,25.29,7.1768
820.25,25.17,7.1768
821.25,25.14,7.1768
822.25,25.27,7.1768
823.25,25.18,7.1768
824.25,25.16,7.1768
825.25,25.27,7.1768
826.26,25.17,7.1768
827.26,25.18,7.1768
828.26,25.26,7.1768
829.26,25.24,7.1768
830.26,25.27,7.1768
831.26,25.17,7.1768
832.27,25.18,7.1768
833.27,25.31,7.1768
834.27,25.16,7.1768
835.27,25.17,7.1767
836.27,25.26,7.1767
837.27,25.18,7.1767
838.27,25.27,7.1767
839.28,25.16,7.1767
840.28,25.11,7.1767
841.28,25.21,7.1767
842.28,25.13,7.1767
843.28,25.28,7.1767
844.28,25.26,7.1767
845.28,25.17,7.1767
846.29,25.27,7.1767
847.29,25.18,7.1767
848.29,25.19,7.1767
849.29,25.27,7.1767
850.29,25.11,7.1767
851.29,25.12,7.1767
852.29,25.22,7.1767
853.3,25.17,7.1767
854.3,25.28,7.1767
855.3,25.11,7.1767
856.3,25.15,7.1767
857.3,25.3,7.1767
858.3,25.17,7.1767
859.31,25.17,7.1767
860.31,25.29,7.1767
861.31,25.17,7.1767
862.31,25.18,7.1767
863.31,25.35,7.1767
864.31,25.15,7.1767
865.31,25.27,7.1767
866.32,25.17,7.1767
867.32,25.19,7.1767
868.32,25.28,7.1769
869.32,25.19,7.1769
870.32,25.17,7.1769
871.32,25.28,7.1769
872.32,25.13,7.1769
873.33,25.15,7.1769
874.33,25.22,7.1769
875.33,25.12,7.1769
876.33,25.26,7.1769
877.33,25.18,7.1769
878.33,25.16,7.1769
879.33,25.31,7.1769
880.34,25.17,7.1769
881.34,25.18,7.1769
882.34,25.28,7.1769
883.34,25.27,7.1769
884.34,25.17,7.1769
885.34,25.27,7.1769
886.34,25.16,7.1767
887.35,25.3,7.1767
888.35,25.16,7.1767
889.35,25.2,7.1767
890.35,25.29,7.1767
891.35,25.16,7.1767
892.35,25.18,7.1767
893.35,25.32,7.1767
894.36,25.17,7.1767
895.36,25.17,7.1767
896.36,25.29,7.1767
897.36,25.18,7.1767
898.36,25.17,7.1767
899.36,25.27,7.1767
900.36,25.17,7.1767
901.37,25.27,7.1767
902.37,25.18,7.1767
903.37,25.23,7.1767
904.37,25.27,7.1767
905.37,25.17,7.1767
906.37,25.22,7.1769
907.37,25.29,7.1769
908.38,25.17,7.1769
909.38,25.19,7.1769
910.38,25.27,7.1769
911.38,25.17,7.1769
912.38,25.18,7.1769
913.38,25.3,7.1769
914.38,25.17,7.1769
915.39,25.28,7.1769
916.39,25.17,7.1769
917.39,25.2,7.1769
918.39,25.19,7.1769
919.39,25.23,7.1769
920.39,25.11,7.1769
921.39,25.11,7.1769
922.39,25.24,7.1769
923.4,25.14,7.1769
924.4,25.16,7.1769
925.4,25.27,7.1769
926.4,25.16,7.1769
927.4,25.18,7.1769
928.4,25.27,7.1769
929.4,25.17,7.1769
930.41,25.28,7.1769
931.41,25.18,7.1769
932.41,25.18,7.1769
933.41,25.33,7.1769
934.41,25.17,7.1769
935.41,25.23,7.1769
936.42,25.11,7.1769
937.42,25.12,7.1769
938.42,25.23,7.177
939.42,25.23,7.177
940.42,25.08,7.177
941.42,25.21,7.177
942.42,25.15,7.177
943.43,25.35,7.177
944.43,25.15,7.177
945.43,25.12,7.177
946.43,25.21,7.177
947.43,25.13,7.177
948.43,25.27,7.177
949.44,25.1,7.1769
950.44,25.13,7.1769
951.44,25.27,7.1769
952.44,25.13,7.177
953.44,25.28,7.177
954.44,25.16,7.177
955.45,25.16,7.177
956.45,25.26,7.177
957.45,25.15,7.177
958.45,25.1,7.177
959.45,25.24,7.177
960.45,25.14,7.177
961.45,25.26,7.177
962.46,25.16,7.177
963.46,25.19,7.177
964.46,25.26,7.177
965.46,25.11,7.177
966.46,25.25,7.177
967.46,25.2,7.177
968.47,25.12,7.1769
969.47,25.27,7.1769
970.47,25.17,7.1769
971.47,25.27,7.1769
972.47,25.18,7.1769
973.47,25.26,7.1769
974.47,25.29,7.1769
975.48,25.16,7.1769
976.48,25.23,7.1769
977.48,25.14,7.1769
978.48,25.16,7.1769
979.48,25.27,7.1769
980.48,25.17,7.1769
981.49,25.27,7.1769
982.49,25.18,7.1769
983.49,25.19,7.1769
984.49,25.27,7.1769
985.49,25.17,7.1769
986.49,25.16,7.1769
987.49,25.29,7.1769
988.5,25.16,7.1769
989.5,25.26,7.1769
990.5,25.17,7.1769
991.5,25.17,7.1768
992.5,25.28,7.1768
993.5,25.29,7.177
994.51,25.27,7.1769
995.51,25.19,7.1769
996.51,25.17,7.1769
997.51,25.28,7.1769
998.51,25.17,7.1769
999.51,25.18,7.1769
1000.51,25.26,7.1769
1001.52,25.13,7.1769
1002.52,25.15,7.1769
1003.52,25.31,7.177
1004.52,25.14,7.1769
1005.52,25.29,7.1769
1006.52,25.17,7.1769
1007.53,25.18,7.1769
1008.53,25.27,7.1769
1009.53,25.15,7.1769
1010.53,25.27,7.1769
1011.53,25.16,7.1769
1012.53,25.19,7.1769
1013.53,25.27,7.1769
1014.54,25.15,7.1769
1015.54,25.17,7.177
1016.54,25.26,7.177
1017.54,25.18,7.177
1018.54,25.28,7.177
1019.54,25.16,7.1769
1020.55,25.17,7.1769
1021.55,25.29,7.1769
1022.55,25.13,7.1769
1023.55,25.57,7.1769
1024.55,25.25,7.1769
1025.55,25.79,7.1769
1026.55,25.28,7.1769
1027.56,25.17,7.1771
1028.56,25.11,7.1771
1029.56,25.24,7.1771
1030.56,25.16,7.1769
1031.56,25.17,7.1769
1032.56,25.28,7.1769
1033.56,25.38,7.1769
1034.57,25.24,7.1769
1035.57,25.15,7.1769
1036.57,25.15,7.1769
1037.57,25.28,7.1769
1038.57,25.19,7.1769
1039.57,25.17,7.1769
1040.57,25.27,7.1769
1041.58,25.17,7.1769
1042.58,25.32,7.1771
1043.58,25.16,7.1771
1044.58,25.16,7.1771
1045.58,25.26,7.1771
1046.58,25.17,7.1769
1047.59,25.19,7.1771
1048.59,25.27,7.1771
1049.59,25.13,7.1771
1050.59,25.23,7.1771
1051.59,25.1,7.1771
1052.59,25.18,7.1771
1053.6,25.27,7.1769
1054.6,25.18,7.1769
1055.6,25.27,7.1769
1056.6,25.16,7.1769
1057.6,25.17,7.1769
1058.6,25.26,7.1769
1059.6,25.33,7.1771
1060.61,25.26,7.1771
1061.61,25.16,7.1771
1062.61,25.57,7.1771
1063.61,25.25,7.177
1064.61,25.16,7.177
1065.61,25.27,7.177
1066.62,25.16,7.177
1067.62,25.18,7.1771
1068.62,25.27,7.1771
1069.62,25.17,7.1771
1070.62,25.27,7.1771
1071.62,25.17,7.1771
1072.63,25.28,7.1771
1073.63,25.27,7.1771
1074.63,25.17,7.1771
1075.63,25.27,7.1771
1076.63,25.16,7.1771
1077.63,25.18,7.1771
1078.63,25.27,7.177
1079.64,25.16,7.177
1080.64,25.13,7.177
1081.64,25.23,7.1771
1082.64,25.2,7.1771
1083.64,25.14,7.1771
1084.64,25.26,7.1771
1085.64,25.16,7.1771
1086.65,25.27,7.177
1087.65,25.18,7.177
1088.65,25.17,7.177
1089.65,25.32,7.177
1090.65,25.16,7.177
1091.65,25.16,7.1771
1092.65,25.31,7.1771
1093.66,25.13,7.1771
1094.66,25.14,7.1771
1095.66,25.24,7.1771
1096.66,25.12,7.1771
1097.66,25.23,7.1771
1098.66,25.11,7.1771
1099.67,25.11,7.1771
1100.67,25.22,7.1771
1101.67,25.11,7.1771
1102.67,25.27,7.1771
1103.67,25.11,7.1771
1104.67,25.11,7.1771
1105.68,25.22,7.1771
1106.68,25.11,7.1771
1107.68,25.23,7.1771
1108.68,25.11,7.1771
1109.68,25.12,7.177
1110.68,25.23,7.177
1111.68,25.17,7.177
1112.69,25.33,7.1771
1113.69,25.18,7.1771
1114.69,25.18,7.1771
1115.69,25.27,7.1771
1116.69,25.17,7.1771
1117.69,25.28,7.1771
1118.7,25.17,7.1771
1119.7,25.18,7.1771
1120.7,25.27,7.1771
1121.7,25.17,7.1771
1122.7,25.31,7.1771
1123.7,25.17,7.1771
1124.71,25.17,7.1771
1125.71,25.27,7.1771
1126.71,25.17,7.1771
1127.71,25.28,7.1771
1128.71,25.16,7.1771
1129.71,25.16,7.1771
1130.71,25.24,7.1771
1131.72,25.11,7.1771
1132.72,25.31,7.1771
1133.72,25.12,7.1771
1134.72,25.14,7.1771
1135.72,25.27,7.1771
1136.72,25.17,7.1771
1137.73,25.28,7.1771
1138.73,25.15,7.1771
1139.73,25.19,7.1771
1140.73,25.16,7.1771
1141.73,25.26,7.1771
1142.73,25.32,7.1771
1143.73,25.26,7.1771
1144.74,25.17,7.1771
1145.74,25.17,7.1771
1146.74,25.26,7.1771
1147.74,25.18,7.1771
1148.74,25.28,7.1771
1149.74,25.23,7.1771
1150.75,25.17,7.1771
1151.75,25.27,7.1771
1152.75,25.22,7.1771
1153.75,25.27,7.1771
1154.75,25.17,7.1771
1155.75,25.18,7.1771
1156.75,25.26,7.1771
1157.76,25.18,7.1771
1158.76,25.17,7.1771
1159.76,25.27,7.1771
1160.76,25.17,7.1771
1161.76,25.26,7.1771
1162.76,25.22,7.1771
1163.77,25.17,7.1771
1164.77,25.26,7.1771
1165.77,25.17,7.1771
1166.77,25.26,7.1771
1167.77,25.18,7.1771
1168.77,25.17,7.1771
1169.77,25.24,7.1771
1170.78,25.14,7.1771
1171.78,25.24,7.1771
1172.78,25.32,7.1771
1173.78,25.17,7.1771
1174.78,25.27,7.1771
1175.78,25.17,7.1771
1176.79,25.17,7.1771
1177.79,25.27,7.177
1178.79,25.16,7.177
1179.79,25.28,7.177
1180.79,25.16,7.177
1181.79,25.17,7.177
1182.8,25.31,7.177
1183.8,25.15,7.177
1184.8,25.27,7.177
1185.8,25.17,7.177
1186.8,25.17,7.177
1187.8,25.31,7.177
1188.8,25.17,7.1771
1189.81,25.17,7.1771
1190.81,25.25,7.1771
1191.81,25.13,7.1771
1192.81,25.38,7.1771
1193.81,25.18,7.1771
1194.81,25.17,7.1771
1195.81,25.27,7.1771
1196.82,25.17,7.1771
1197.82,25.19,7.1771
1198.82,25.26,7.1771
1199.82,25.17,7.1771
1200.82,25.27,7.1771
1201.82,25.16,7.1771
1202.83,25.24,7.1771
1203.83,25.26,7.1771
1204.83,25.12,7.1771
1205.83,25.11,7.1771
1206.83,25.21,7.1771
1207.83,25.19,7.1771
1208.83,25.22,7.1771
1209.84,25.24,7.1771
1210.84,25.14,7.1771
1211.84,25.24,7.1771
1212.84,25.27,7.1771
1213.84,25.24,7.1771
1214.84,25.11,7.1771
1215.85,25.15,7.1771
1216.85,25.27,7.1771
1217.85,25.19,7.1771
1218.85,25.27,7.1771
1219.85,25.17,7.1771
1220.85,25.12,7.1771
1221.85,25.21,7.1771
1222.86,25.3,7.1771
1223.86,25.17,7.1771
1224.86,25.27,7.1771
1225.86,25.17,7.1771
1226.86,25.24,7.1771
1227.86,25.17,7.1771
1228.87,25.17,7.1771
1229.87,25.26,7.1771
1230.87,25.17,7.1771
1231.87,25.27,7.1771
1232.87,25.15,7.1771
1233.87,25.14,7.1771
1234.88,25.24,7.1771
1235.88,25.16,7.1771
1236.88,25.26,7.1771
1237.88,25.15,7.1771
1238.88,25.14,7.1771
1239.88,25.25,7.1771
1240.88,25.15,7.1771
1241.89,25.28,7.1771
1242.89,25.26,7.1771
1243.89,25.19,7.1771
1244.89,76.5,2.0215
1245.89,80.49,2.2735
1246.89,89.52,2.4091
1247.89,82.45,2.6598
1248.9,78.88,2.984
1249.9,78.31,3.262
1250.9,77.24,3.525
1251.9,61.83,1.9152
1252.9,83.47,2.1056
1253.9,90.1,2.3409
1254.9,78.4,2.6836
1255.91,76.02,3.0657
1256.91,64.28,3.5084
1257.91,69.69,3.9761
1258.91,54.12,4.4722
1259.91,33.84,4.9862
1260.91,29.8,5.5076
1261.91,29.7,6.0224
1262.92,25.43,6.5252
1263.92,29.5,6.8944
1264.92,25.7,6.9946
1265.92,25.33,6.9946
1266.92,25.78,6.9946
1267.92,27.52,6.9946
1268.92,26.16,6.9946
1269.93,25.23,6.9946
1270.93,25.22,6.9946
1271.93,28.03,7.098
1272.93,25.47,7.0979
1273.93,32.3,7.0982
1274.93,25.34,7.0982
1275.94,25.19,7.0982
1276.94,25.27,7.0982
1277.94,25.81,7.0982
1278.94,41.14,7.0983
1279.94,43.01,7.0984
1280.95,29.71,7.1062
1281.95,25.73,7.1062
1282.95,25.39,7.1062
1283.95,25.27,7.1062
1284.95,25.19,7.1062
1285.95,26.13,7.1062
1286.96,25.27,7.1062
1287.96,25.44,7.1062
1288.96,28.85,7.1209
1289.96,25.2,7.121
1290.96,25.2,7.121
1291.96,25.29,7.121
1292.97,25.27,7.121
1293.97,25.26,7.121
1294.97,25.14,7.121
1295.97,25.24,7.121
1296.97,27.9,7.136
1297.97,25.21,7.136
1298.98,25.49,7.136
1299.98,25.19,7.136
1300.98,25.29,7.136
1301.98,25.19,7.136
1302.98,25.23,7.136
1303.98,25.29,7.136
1304.99,25.63,7.1359
1305.99,29.05,7.2274
1306.99,25.12,7.2274
1307.99,25.13,7.2274
1308.99,25.25,7.2274
1309.99,25.13,7.2274
1310.99,25.13,7.2274
1311.99,25.28,7.2274
1313.0,25.18,7.2274
1314.0,25.27,7.3498
1315.0,25.25,7.8502
1316.0,25.12,8.2919
1317.0,29.93,8.6558
1318.0,25.2,8.6558
1319.0,25.22,8.6558
1320.01,25.27,8.6558
1321.01,25.18,8.6558
1322.01,25.19,8.6558
1323.01,25.66,8.6558
1324.01,25.19,8.6558
1325.01,25.33,8.6558
1326.02,25.12,8.6558
1327.02,25.12,8.6558
1328.02,25.24,8.6558
1329.02,27.78,8.6838
1330.02,25.48,8.6838
1331.02,25.15,8.6838
1332.03,25.21,8.6838
1333.03,25.32,8.6838
1334.03,25.18,8.6838
1335.03,25.29,8.6838
1336.03,25.17,8.6838
1337.03,25.2,8.6838
1338.04,25.29,8.6838
1339.04,27.33,8.7048
1340.04,25.29,8.7048
1341.04,25.22,8.7048
1342.04,25.21,8.7048
1343.04,25.84,8.7048
1344.04,25.18,8.7048
1345.05,25.18,8.7048
1346.05,25.29,8.7048
1347.05,25.19,8.7048
1348.05,25.32,8.7048
1349.05,25.19,8.7048
1350.05,27.73,8.733
1351.06,25.29,8.733
1352.06,25.53,8.733
1353.06,25.34,8.733
1354.06,25.16,8.733
1355.06,25.16,8.733
1356.06,25.26,8.7331
1357.06,25.18,8.7331
1358.07,25.31,8.7331
1359.07,25.36,8.7331
1360.07,25.18,8.7331
1361.07,27.59,8.7696
1362.07,25.2,8.7696
1363.07,25.34,8.7696
1364.08,25.2,8.7696
1365.08,25.41,8.7696
1366.08,25.13,8.7696
1367.08,25.13,8.7696
1368.08,25.29,8.7696
1369.08,25.14,8.7696
1370.09,25.29,8.7696
1371.09,25.17,8.7696
1372.09,27.11,8.7876
1373.09,25.39,8.7876
1374.09,25.19,8.7876
1375.09,25.29,8.7876
1376.1,25.19,8.7876
1377.1,25.29,8.7876
1378.1,25.85,8.7876
1379.1,25.18,8.7876
1380.1,25.33,8.7876
1381.1,25.19,8.7876
1382.11,25.19,8.7876
1383.11,26.7,8.7971
1384.11,25.19,8.7971
1385.11,25.29,8.7971
1386.11,25.2,8.7971
1387.11,25.2,8.7971
1388.12,25.3,8.7971
1389.12,25.29,8.7971
1390.12,25.3,8.7971
1391.12,25.19,8.7971
1392.12,25.19,8.7971
1393.12,27.31,8.8125
1394.12,25.18,8.8125
1395.13,25.14,8.8125
1396.13,25.26,8.8125
1397.13,25.13,8.8125
1398.13,25.15,8.8125
1399.13,25.3,8.8125
1400.13,25.2,8.8125
1401.13,25.19,8.8125
1402.13,25.27,8.8125
1403.14,25.21,8.8126
1404.14,26.39,8.8231
1405.14,25.28,8.8231
1406.14,25.21,8.8231
1407.14,25.37,8.8231
1408.14,25.28,8.8231
1409.14,25.19,8.8231
1410.15,25.29,8.8231
1411.15,25.19,8.8231
1412.15,25.18,8.8231
1413.15,25.44,8.8231
1414.15,27.16,8.8409
1415.15,25.2,8.8409
1416.16,25.29,8.8409
1417.16,25.19,8.8409
1418.16,25.7,8.8409
1419.16,25.26,8.8409
1420.16,25.3,8.8409
1421.16,25.19,8.8409
1422.17,25.2,8.8409
1423.17,25.42,8.8409
1424.17,25.23,8.8409
1425.17,27.71,8.8603
1426.17,25.19,8.8603
1427.17,25.2,8.8603
1428.18,25.29,8.8603
1429.18,25.2,8.8603
1430.18,25.3,8.8603
1431.18,25.2,8.8603
1432.18,25.31,8.8603
1433.18,25.22,8.8603
1434.19,25.19,8.8603
1435.19,25.22,8.8603
1436.19,27.32,8.8715
1437.19,25.31,8.8715
1438.19,25.18,8.8715
1439.19,25.13,8.8715
1440.2,25.22,8.8715
1441.2,25.13,8.8715
1442.2,25.3,8.8715
1443.2,25.22,8.8715
1444.2,25.3,8.8715
1445.2,25.19,8.8715
1446.21,25.19,8.8715
1447.21,27.44,8.8857
1448.21,25.16,8.8857
1449.21,25.31,8.8857
1450.21,25.14,8.8857
1451.21,25.14,8.8857
1452.22,25.25,8.8857
1453.22,25.17,8.8857
1454.22,25.25,8.8857
1455.22,25.14,8.8857
1456.22,25.24,8.8857
1457.22,26.51,8.8975
1458.23,25.2,8.8975
1459.23,25.32,8.8975
1460.23,25.19,8.8975
1461.23,25.28,8.8975
1462.23,25.76,8.8975
1463.23,25.16,8.8975
1464.23,25.25,8.8975
1465.24,25.18,8.8975
1466.24,25.21,8.8975
1467.24,25.3,8.8975
1468.24,26.8,8.9128
1469.24,25.2,8.9128
1470.24,25.3,8.9128
1471.24,25.19,8.9128
1472.25,25.2,8.9128
1473.25,25.32,8.9128
1474.25,25.19,8.9128
1475.25,25.3,8.9128
1476.25,25.19,8.9128
1477.25,25.2,8.9128
1478.26,25.29,8.9128
1479.26,27.22,8.923
1480.26,25.29,8.923
1481.26,25.19,8.923
1482.26,25.31,8.923
1483.26,25.21,8.923
1484.27,25.19,8.923
1485.27,25.29,8.923
1486.27,25.19,8.923
1487.27,25.29,8.923
1488.27,25.14,8.923
1489.27,27.57,8.9355
1490.27,25.28,8.9355
1491.28,25.19,8.9355
1492.28,25.3,8.9355
1493.28,25.22,8.9355
1494.28,25.19,8.9355
1495.28,25.28,8.9355
1496.28,25.17,8.9355
1497.29,25.31,8.9355
1498.29,25.2,8.9355
1499.29,25.3,8.9355
1500.29,27.68,8.956
1501.29,25.19,8.956
1502.29,25.31,8.956
1503.3,25.27,8.956
1504.3,25.3,8.956
1505.3,25.19,8.956
1506.3,25.19,8.956
1507.3,25.3,8.956
1508.31,25.19,8.956
1509.31,25.31,8.956
1510.31,25.19,8.956
1511.31,25.29,8.956
1512.31,26.69,8.9653
1513.31,25.22,8.9653
1514.32,25.3,8.9653
1515.32,25.23,8.9653
1516.32,25.29,8.9653
1517.32,25.2,8.9653
1518.32,25.29,8.9653
1519.32,25.19,8.9653
1520.33,25.19,8.9653
1521.33,25.29,8.9653
1522.33,25.21,8.9653
1523.33,27.23,8.9758
1524.33,25.2,8.9758
1525.33,25.19,8.9758
1526.34,25.29,8.9758
1527.34,25.2,8.9758
1528.34,25.31,8.9758
1529.34,25.2,8.9758
1530.34,25.2,8.9758
1531.34,25.31,8.9758
1532.34,25.2,8.9758
1533.35,25.22,8.9758
1534.35,27.36,8.9937
1535.35,25.19,8.9937
1536.35,25.29,8.9937
1537.35,25.2,8.9937
1538.35,25.29,8.9937
1539.36,25.18,8.9937
1540.36,25.19,8.9937
1541.36,25.29,8.9937
1542.36,25.2,8.9937
1543.36,25.32,8.9937
1544.36,27.6,9.0059
1545.37,25.19,9.0059
1546.37,25.29,9.0059
1547.37,25.2,9.0059
1548.37,25.29,9.0059
1549.37,25.19,9.0059
1550.37,25.29,9.0059
1551.38,25.21,9.0059
1552.38,25.2,9.0059
1553.38,25.36,9.0059
1554.38,25.19,9.0059
1555.38,27.29,9.0332
1556.38,25.38,9.0332
1557.39,25.19,9.0332
1558.39,25.29,9.0332
1559.39,25.19,9.0332
1560.39,25.29,9.0332
1561.39,25.19,9.0332
1562.39,25.2,9.0332
1563.4,25.33,9.0332
1564.4,25.21,9.0332
1565.4,26.84,9.048
1566.4,25.19,9.048
1567.4,25.2,9.048
1568.4,25.3,9.048
1569.4,25.21,9.048
1570.41,25.21,9.0481
1571.41,25.24,9.0481
1572.41,25.19,9.0481
1573.41,25.34,9.0481
1574.41,25.19,9.0481
1575.41,25.19,9.0481
1576.42,26.9,9.076
1577.42,25.17,9.076
1578.42,25.23,9.076
1579.42,25.15,9.076
1580.42,25.07,9.076
1581.42,25.21,9.076
1582.43,25.12,9.076
1583.43,25.24,9.076
1584.43,25.12,9.076
1585.43,25.23,9.076
1586.43,25.13,9.076
1587.43,25.14,9.076
1588.44,27.27,9.0858
1589.44,25.18,9.0858
1590.44,25.28,9.0858
1591.44,25.18,9.0858
1592.44,25.3,9.0858
1593.44,25.21,9.0858
1594.45,25.19,9.0858
1595.45,25.3,9.0858
1596.45,25.19,9.0858
1597.45,25.21,9.0858
1598.45,25.29,9.0858
1599.45,27.57,9.1044
1600.45,25.19,9.1044
1601.45,25.29,9.1044
1602.46,25.2,9.1044
1603.46,25.33,9.1044
1604.46,25.19,9.1044
1605.46,25.19,9.1044
1606.46,25.26,9.1044
1607.46,25.33,9.1044
1608.47,25.21,9.1044
1609.47,25.28,9.1044
1610.47,27.41,9.1196
1611.47,25.3,9.1196
1612.47,25.2,9.1196
1613.47,25.22,9.1196
1614.48,25.3,9.1196
1615.48,25.2,9.1196
1616.48,25.3,9.1196
1617.48,25.21,9.1196
1618.48,25.19,9.1196
1619.48,25.3,9.1196
1620.49,25.2,9.1196
1621.49,27.31,9.1292
1622.49,25.65,9.1292
1623.49,25.26,9.1292
1624.49,25.13,9.1292
1625.49,25.14,9.1292
1626.5,25.29,9.1292
1627.5,25.15,9.1292
1628.5,25.23,9.1292
1629.5,25.18,9.1292
1630.5,25.23,9.1292
1631.5,25.18,9.1292
1632.51,27.24,9.1384
1633.51,25.32,9.1384
1634.51,25.19,9.1384
1635.51,25.29,9.1384
1636.51,25.19,9.1384
1637.51,25.2,9.1384
1638.51,25.29,9.1384
1639.52,25.19,9.1384
1640.52,25.28,9.1384
1641.52,25.19,9.1384
1642.52,26.98,9.1483
1643.52,25.31,9.1483
1644.52,25.19,9.1483
1645.53,25.28,9.1483
1646.53,25.19,9.1483
1647.53,25.3,9.1483
1648.53,25.19,9.1483
1649.53,25.15,9.1483
1650.54,25.23,9.1483
1651.54,25.13,9.1483
1652.54,25.29,9.1483
1653.54,27.47,9.1607
1654.54,25.22,9.1607
1655.54,25.29,9.1607
1656.54,25.19,9.1607
1657.55,25.15,9.1607
1658.55,25.26,9.1607
1659.55,25.21,9.1607
1660.55,25.24,9.1607
1661.55,25.18,9.1607
1662.55,25.37,9.1607
1663.56,25.22,9.1607
1664.56,28.01,9.174
1665.56,25.28,9.174
1666.56,25.19,9.174
1667.56,25.3,9.174
1668.56,25.18,9.174
1669.57,25.19,9.174
1670.57,25.27,9.174
1671.57,25.19,9.174
1672.57,25.31,9.174
1673.57,25.19,9.174
1674.57,25.17,9.174
1675.58,27.73,9.1951
1676.58,25.16,9.1951
1677.58,25.31,9.1951
1678.58,25.19,9.1951
1679.58,25.3,9.1951
1680.58,25.15,9.1951
1681.59,25.15,9.1951
1682.59,25.52,9.1951
1683.59,25.13,9.1951
1684.59,25.23,9.1951
1685.59,25.14,9.1951
1686.59,27.49,9.2132
1687.6,25.3,9.2132
1688.6,25.24,9.2132
1689.6,25.2,9.2132
1690.6,25.16,9.2132
1691.6,25.23,9.2132
1692.6,25.17,9.2132
1693.61,25.23,9.2132
1694.61,25.13,9.2132
1695.61,25.12,9.2132
1696.61,25.22,9.2132
1697.61,27.28,9.2225
1698.61,25.28,9.2225
1699.62,25.14,9.2225
1700.62,25.28,9.2225
1701.62,25.18,9.2225
1702.62,25.4,9.2226
1703.62,25.29,9.2226
1704.62,25.19,9.2226
1705.63,25.29,9.2226
1706.63,25.19,9.2226
1707.63,25.19,9.2226
1708.63,26.79,9.2321
1709.63,25.14,9.2321
1710.63,25.31,9.2321
1711.64,25.18,9.2321
1712.64,25.32,9.2321
1713.64,25.31,9.2321
1714.64,25.18,9.2321
1715.64,25.21,9.2321
1716.64,25.29,9.2321
1717.64,25.21,9.2321
1718.65,25.19,9.2321
1719.65,27.29,9.2497
1720.65,25.19,9.2497
1721.65,25.29,9.2497
1722.65,25.23,9.2497
1723.65,25.18,9.2497
1724.66,25.29,9.2497
1725.66,25.18,9.2497
1726.66,25.29,9.2497
1727.66,25.21,9.2497
1728.66,25.7,9.2497
1729.66,25.2,9.2497
1730.67,28.63,9.2633
1731.67,25.3,9.2633
1732.67,25.24,9.2633
1733.67,25.3,9.2633
1734.67,25.21,9.2633
1735.67,25.31,9.2633
1736.68,25.2,9.2633
1737.68,25.22,9.2633
1738.68,25.31,9.2633
1739.68,25.21,9.2633
1740.68,25.31,9.2633
1741.68,25.18,9.2633
1742.69,28.25,9.2838
1743.69,25.29,9.2838
1744.69,25.19,9.2838
1745.69,25.31,9.2838
1746.69,34.78,9.2862
1747.69,51.97,7.5282
1748.7,54.05,2.0094
1749.7,77.32,2.1536
1750.7,85.31,2.4028
1751.7,69.74,1.8634
1752.7,71.52,2.1183
1753.7,86.08,2.2368
1754.7,64.55,2.0406
1755.7,81.53,2.2014
1756.71,79.12,2.1829
1757.71,67.12,2.1835
1758.71,83.25,2.3047
1759.71,66.25,2.1341
1760.71,79.79,2.289
1761.71,73.6,2.1103
1762.71,79.82,2.3106
1763.72,87.02,2.4611
1764.72,65.66,2.1472
1765.72,79.58,2.3127
1766.72,89.87,2.5154
1767.72,82.54,2.8186
1768.72,42.82,3.2238
1769.72,40.1,3.6376
1770.73,27.86,4.0686
1771.73,31.11,4.4976
1772.73,41.86,2.1313
1773.73,76.93,2.3047
1774.73,89.35,2.4884
1775.73,82.18,2.7425
1776.73,51.82,2.1294
1777.73,82.2,2.2987
1778.74,92.03,2.4758
1779.74,81.34,2.7102
1780.74,45.32,3.0681
1781.74,66.22,3.478
1782.74,75.38,3.9643
1783.74,57.96,2.1555
1784.74,85.44,2.3554
1785.74,85.11,2.6547
1786.75,64.85,3.0311
1787.75,37.1,2.1113
1788.75,77.08,2.2768
1789.75,89.44,2.453
1790.75,69.81,2.1961
1791.75,82.31,2.332
1792.76,77.31,2.0923
1793.76,75.56,2.2746
1794.76,84.9,2.4079
1795.76,70.95,2.1502
1796.76,87.85,2.4482
1797.76,92.65,2.6305
1798.76,79.09,2.8669
1799.77,78.2,3.086
1800.77,77.34,3.3068
1801.77,75.93,3.539
1802.77,76.73,3.7815
1803.77,76.78,4.1725
1804.77,67.1,4.6208
1805.77,50.55,5.1032
1806.78,47.32,5.6032
1807.78,29.67,6.1576
1808.78,27.26,6.6489
1809.78,33.04,7.2112
1810.78,26.22,7.3012
1811.78,25.2,7.3012
1812.79,25.23,7.3012
1813.79,26.02,7.3012
1814.79,25.2,7.3012
1815.79,25.6,7.3012
1816.79,25.45,7.3012
1817.79,25.21,7.3012
1818.79,25.61,7.3012
1819.8,30.18,7.3994
1820.8,31.06,7.3994
1821.8,26.13,7.3994
1822.8,25.21,7.3994
1823.8,25.27,7.3994
1824.8,25.26,7.3994
1825.81,25.2,7.3994
1826.81,25.32,7.3994
1827.81,30.2,7.3995
1828.81,25.18,7.3995
1829.81,25.28,7.3995
1830.81,25.2,7.3995
1831.81,26.1,7.3995
1832.82,25.23,7.3995
1833.82,25.21,7.3995
1834.82,26.59,7.3995
1835.82,29.38,7.4001
1836.82,25.25,7.4001
1837.82,25.21,7.4001
1838.83,25.65,7.4001
1839.83,25.14,7.4001
1840.83,25.17,7.4001
1841.83,25.28,7.4001
1842.83,29.35,7.4004
1843.83,25.25,7.4004
1844.84,25.46,7.4004
1845.84,25.12,7.4004
1846.84,25.21,7.4004
1847.84,25.15,7.4004
1848.84,25.31,7.4004
1849.84,25.16,7.4004
1850.85,25.15,7.4004
1851.85,30.24,7.4984
1852.85,25.29,7.4984
1853.85,25.29,7.4984
1854.85,25.19,7.4984
1855.85,25.2,7.4984
1856.86,25.28,7.4984
1857.86,25.2,7.4984
1858.86,25.19,7.4984
1859.86,25.29,7.8149
1860.86,25.18,8.2711
1861.86,34.46,8.8464
1862.86,25.45,8.8466
1863.86,25.2,8.8466
1864.87,25.19,8.8466
1865.87,25.27,8.8466
1866.87,25.12,8.8466
1867.87,25.26,8.8466
1868.87,25.14,8.8466
1869.87,25.23,8.8466
1870.87,25.35,8.8466
1871.88,25.14,8.8466
1872.88,25.34,8.8469
1873.88,25.31,8.8469
1874.88,25.2,8.8469
1875.88,25.2,8.8469
1876.88,25.3,8.8469
1877.88,25.2,8.8469
1878.89,25.28,8.8469
1879.89,25.2,8.8469
1880.89,25.2,8.8469
1881.89,25.29,8.8469
1882.89,25.37,8.8472
1883.89,25.28,8.8472
1884.9,25.19,8.8472
1885.9,25.29,8.8472
1886.9,25.19,8.8472
1887.9,25.21,8.8472
1888.9,25.3,8.8472
1889.9,25.19,8.8472
1890.91,25.29,8.8472
1891.91,25.27,8.8474
1892.91,25.51,8.8474
1893.91,25.19,8.8474
1894.91,25.19,8.8474
1895.92,25.29,8.8474
1896.92,25.19,8.8474
1897.92,25.33,8.8474
1898.92,25.2,8.8474
1899.92,25.23,8.8474
1900.92,25.29,8.8474
1901.92,25.24,8.8474
1902.93,25.4,8.8475
1903.93,25.2,8.8475
1904.93,25.2,8.8475
1905.93,25.3,8.8475
1906.93,25.18,8.8475
1907.93,25.3,8.8475
1908.94,25.19,8.8475
1909.94,25.19,8.8475
1910.94,25.29,8.8475
1911.94,25.25,8.8476
1912.94,25.44,8.8476
1913.94,25.19,8.8476
1914.95,25.29,8.8476
1915.95,25.2,8.8476
1916.95,25.19,8.8476
1917.95,25.38,8.8478
1918.95,25.19,8.8478
1919.95,25.3,8.8478
1920.96,25.2,8.8478
1921.96,25.25,8.8479
1922.96,25.54,8.8479
1923.96,25.2,8.8479
1924.96,25.31,8.8479
1925.96,25.18,8.8479
1926.97,25.18,8.8479
1927.97,25.42,8.8479
1928.97,25.22,8.8479
1929.97,25.3,8.8479
1930.97,25.19,8.8479
1931.97,25.35,8.8479
1932.98,25.23,8.8479
1933.98,25.17,8.8479
1934.98,25.29,8.8479
1935.98,25.48,8.8479
1936.98,31.22,8.8479
1937.98,25.2,8.8479
1938.99,25.2,8.8479
1939.99,25.3,8.8479
1940.99,25.32,8.8479
1941.99,25.3,8.8479
1942.99,25.23,8.8479
1943.99,25.29,8.8479
1945.0,25.19,8.8479
1946.0,25.21,8.8479
1947.0,25.29,8.8479
1948.0,25.17,8.8479
1949.0,25.2,8.8479
1950.0,25.29,8.8479
1951.01,25.23,8.8484
1952.01,25.22,8.8484
1953.01,25.16,8.8484
1954.01,25.23,8.8484
1955.01,25.14,8.8484
1956.01,25.15,8.8484
1957.02,25.28,8.8484
1958.02,25.56,8.8484
1959.02,25.3,8.8484
1960.02,25.19,8.8484
1961.02,25.24,8.8484
1962.02,25.24,8.8484
1963.03,25.17,8.8484
1964.03,25.22,8.8484
1965.03,25.12,8.8484
1966.03,25.28,8.8484
1967.03,25.19,8.8484
1968.03,25.2,8.8484
1969.04,25.25,8.8484
1970.04,25.12,8.8484
1971.04,25.27,8.8485
1972.04,25.18,8.8485
1973.04,25.19,8.8485
1974.04,25.22,8.8485
1975.05,25.12,8.8485
1976.05,25.26,8.8485
1977.05,25.24,8.8485
1978.05,25.18,8.8485
1979.05,25.27,8.8485
1980.05,25.18,8.8485
1981.05,25.33,8.8485
1982.06,25.19,8.8485
1983.06,25.23,8.8485
1984.06,25.28,8.8485
1985.06,25.19,8.8485
1986.06,25.29,8.8485
1987.06,25.19,8.8485
1988.07,25.2,8.8485
1989.07,25.39,8.8485
1990.07,25.18,8.8485
1991.07,25.29,8.8485
1992.07,25.23,8.8487
1993.07,25.32,8.8487
1994.08,25.19,8.8487
1995.08,25.19,8.8487
1996.08,25.28,8.8487
1997.08,25.19,8.8487
1998.08,25.3,8.8487
1999.08,25.19,8.8487
2000.09,25.19,8.8487
2001.09,25.29,8.8487
2002.09,25.19,8.8487
2003.09,25.37,8.8487
2004.09,25.19,8.8487
2005.09,25.29,8.8487
2006.1,25.2,8.8487
2007.1,25.19,8.8487
2008.1,25.3,8.8487
2009.1,25.19,8.8487
2010.1,25.26,8.8487
2011.1,25.19,8.8487
2012.11,25.3,8.8487
2013.11,25.35,8.8489
2014.11,25.19,8.8489
2015.11,25.31,8.8489
2016.11,25.19,8.8489
2017.11,25.19,8.8489
2018.12,25.3,8.8489
2019.12,25.31,8.8489
2020.12,25.23,8.8489
2021.12,25.16,8.8489
2022.12,25.24,8.8489
2023.12,25.45,8.8491
2024.13,25.18,8.8491
2025.13,25.29,8.8491
2026.13,25.19,8.8491
2027.13,25.19,8.8491
2028.13,25.3,8.8491
2029.13,25.19,8.8491
2030.13,25.29,8.8491
2031.14,25.18,8.8491
2032.14,25.12,8.8491
2033.14,25.35,8.8491
2034.14,26.28,8.8491
2035.14,25.23,8.8491
2036.14,25.13,8.8491
2037.15,25.22,8.8491
2038.15,25.16,8.8491
2039.15,25.22,8.8491
2040.15,25.29,8.8491
2041.15,25.19,8.8491
2042.15,25.19,8.8491
2043.16,25.32,8.8491
2044.16,25.22,8.8721
2045.16,25.29,8.8721
2046.16,25.18,8.8721
2047.16,25.19,8.8721
2048.16,25.29,8.8721
2049.16,25.2,8.8721
2050.17,25.3,8.8721
2051.17,25.19,8.8721
2052.17,25.22,8.8721
2053.17,25.34,8.8721
2054.17,25.24,8.8722
2055.17,25.19,8.8722
2056.18,25.29,8.8722
2057.18,25.2,8.8722
2058.18,25.29,8.8722
2059.18,25.19,8.8722
2060.18,25.19,8.8722
2061.18,25.3,8.8722
2062.19,25.2,8.8722
2063.19,25.42,8.8722
2064.19,25.22,8.8722
2065.19,25.23,8.8943
2066.19,25.29,8.8943
2067.19,25.21,8.8943
2068.19,25.24,8.8943
2069.2,25.16,8.8943
2070.2,25.19,8.8943
2071.2,25.29,8.8943
2072.2,25.2,8.8943
2073.2,25.36,8.8943
2074.2,25.19,8.8943
2075.21,25.28,8.8943
2076.21,25.16,8.8943
2077.21,25.14,8.8943
2078.21,25.29,8.8943
2079.21,25.22,8.8943
2080.21,25.13,8.8943
2081.21,25.24,8.8943
2082.22,25.25,8.8943
2083.22,25.34,8.8943
2084.22,25.19,8.8943
2085.22,25.19,8.8943
2086.22,25.32,8.9142
2087.22,25.2,8.9142
2088.23,25.29,8.9142
2089.23,25.13,8.9142
2090.23,25.18,8.9142
2091.23,25.29,8.9143
2092.23,25.2,8.9143
2093.23,25.36,8.9143
2094.24,25.19,8.9143
2095.24,25.29,8.9143
2096.24,25.31,8.9143
2097.24,25.2,8.9143
2098.24,25.29,8.9143
2099.24,25.2,8.9143
2100.25,25.32,8.9143
2101.25,25.19,8.9143
2102.25,25.21,8.9143
2103.25,25.32,8.9143
2104.25,25.2,8.9143
2105.25,25.3,8.9143
2106.26,25.23,8.9331
2107.26,25.2,8.9331
2108.26,25.29,8.9331
2109.26,25.21,8.9331
2110.26,25.29,8.9331
2111.26,25.16,8.9331
2112.27,25.3,8.9331
2113.27,25.22,8.9331
2114.27,25.19,8.9331
2115.27,25.31,8.9331
2116.27,25.22,8.9331
2117.27,25.18,8.9331
2118.28,25.26,8.9331
2119.28,25.15,8.9331
2120.28,25.25,8.9331
2121.28,25.17,8.9331
2122.28,25.3,8.9331
2123.28,25.22,8.9331
2124.29,25.19,8.9331
2125.29,25.29,8.9331
2126.29,25.23,8.9497
2127.29,25.3,8.9497
2128.29,25.19,8.9497
2129.29,25.3,8.9497
2130.3,25.19,8.9497
2131.3,25.19,8.9497
2132.3,25.3,8.9497
2133.3,25.17,8.9497
2134.3,25.29,8.9497
2135.3,25.18,8.9497
2136.31,25.21,8.9498
2137.31,25.37,8.9498
2138.31,25.12,8.9498
2139.31,25.23,8.9498
2140.31,25.18,8.9498
2141.31,25.13,8.9498
2142.32,25.24,8.9498
2143.32,25.15,8.9498
2144.32,25.31,8.9498
2145.32,25.17,8.9498
2146.32,25.13,8.9498
2147.32,25.28,8.9546
2148.32,25.13,8.9546
2149.33,25.24,8.9546
2150.33,25.18,8.9546
2151.33,25.3,8.9546
2152.33,25.2,8.9546
2153.33,25.23,8.9546
2154.33,25.29,8.9546
2155.34,25.2,8.9546
2156.34,25.2,8.9546
2157.34,25.35,8.9546
2158.34,25.21,8.9546
2159.34,25.3,8.9546
2160.34,25.2,8.9546
2161.35,25.19,8.9546
2162.35,25.73,8.9546
2163.35,25.25,8.9546
2164.35,25.3,8.9546
2165.35,25.19,8.9546
2166.35,25.19,8.9546
2167.36,25.3,8.9546
2168.36,25.29,8.9546
2169.36,25.42,8.9546
2170.36,25.19,8.9546
2171.36,25.29,8.9546
2172.36,25.2,8.9546
2173.37,25.21,8.9546
2174.37,25.29,8.9546
2175.37,25.22,8.9546
2176.37,25.19,8.9546
2177.37,25.3,8.9546
2178.37,25.27,8.9547
2179.37,25.26,8.9547
2180.38,25.16,8.9547
2181.38,25.24,8.9547
2182.38,25.14,8.9547
2183.38,25.17,8.9548
2184.38,25.23,8.9548
2185.38,25.19,8.9548
2186.39,25.28,8.9547
2187.39,25.2,8.9547
2188.39,25.23,8.9548
2189.39,25.29,8.9548
2190.39,25.19,8.9548
2191.39,25.29,8.9548
2192.4,25.2,8.9548
2193.4,25.31,8.9548
2194.4,25.19,8.9548
2195.4,25.19,8.9548
2196.4,25.29,8.9548
2197.4,25.2,8.9548
2198.41,25.29,8.9548
2199.41,25.24,8.9548
2200.41,25.29,8.9548
2201.41,25.19,8.9548
2202.41,25.2,8.9548
2203.41,25.32,8.9548
2204.42,25.19,8.9548
2205.42,25.29,8.9548
2206.42,25.19,8.9548
2207.42,25.19,8.9548
2208.42,25.29,8.9548
2209.42,25.19,8.9548
2210.43,25.32,8.9548
2211.43,25.19,8.9548
2212.43,25.3,8.9548
2213.43,25.22,8.9548
2214.43,25.19,8.9548
2215.43,25.29,8.9548
2216.44,25.19,8.9548
2217.44,25.3,8.9548
2218.44,25.15,8.9548
2219.44,25.18,8.9548
2220.44,25.25,8.9548
2221.44,25.17,8.9548
2222.45,25.15,8.9549
2223.45,25.31,8.9549
2224.45,25.13,8.9549
2225.45,25.15,8.9549
2226.45,25.23,8.9549
2227.45,25.13,8.9549
2228.45,25.12,8.9549
2229.46,25.26,8.9549
2230.46,25.19,8.9549
2231.46,25.33,8.9549
2232.46,25.2,8.9549
2233.46,25.19,8.9549
2234.46,25.27,8.9549
2235.47,25.19,8.9549
2236.47,25.29,8.9549
2237.47,25.19,8.9549
2238.47,25.21,8.9549
2239.47,25.29,8.9549
2240.47,25.2,8.9549
2241.47,25.29,8.9549
2242.48,25.25,8.9549
2243.48,25.36,8.9549
2244.48,25.29,8.9549
2245.48,25.21,8.9549
2246.48,25.19,8.9549
2247.48,25.3,8.9549
2248.48,25.2,8.9549
2249.49,25.3,8.9549
2250.49,25.19,8.9549
2251.49,25.19,8.9549
2252.49,25.41,8.9549
2253.49,25.2,8.955
2254.49,25.26,8.955
2255.5,25.17,8.955
2256.5,25.17,8.955
2257.5,25.32,8.955
2258.5,25.18,8.955
2259.5,25.2,8.955
2260.5,25.32,8.955
2261.5,25.19,8.955
2262.51,25.24,8.955
2263.51,25.77,8.955
2264.51,25.16,8.955
2265.51,25.14,8.955
2266.51,25.3,8.955
2267.51,25.2,8.955
2268.51,25.2,8.955
2269.51,25.24,8.955
2270.52,25.13,8.955
2271.52,25.17,8.955
2272.52,25.34,8.955
2273.52,25.24,8.955
2274.52,25.29,8.955
2275.52,25.19,8.955
2276.53,25.29,8.955
2277.53,25.2,8.955
2278.53,25.18,8.955
2279.53,25.28,8.955
2280.53,25.18,8.955
2281.53,25.3,8.955
2282.54,25.18,8.955
2283.54,25.24,8.955
2284.54,25.28,8.955
2285.54,25.19,8.9552
2286.54,25.29,8.9552
2287.54,25.19,8.9552
2288.55,25.18,8.9552
2289.55,25.27,8.9552
2290.55,25.13,8.9552
2291.55,25.28,8.9552
2292.55,25.18,8.9552
2293.55,25.26,8.9552
2294.55,25.3,8.9552
2295.56,25.19,8.9552
2296.56,25.19,8.9552
2297.56,25.3,8.9552
2298.56,25.19,8.9552
2299.56,25.3,8.9552
2300.56,25.19,8.9552
2301.57,25.19,8.9552
2302.57,25.33,8.9552
2303.57,25.25,8.9552
2304.57,25.2,8.9552
2305.57,25.36,8.9552
2306.57,25.19,8.9552
2307.57,25.25,8.9553
2308.57,25.27,8.9553
2309.58,25.12,8.9553
2310.58,25.13,8.9553
2311.58,25.23,8.9553
2312.58,25.21,8.9553
2313.58,25.29,8.9553
2314.58,25.23,8.9553
2315.59,25.19,8.9553
2316.59,25.29,8.9553
2317.59,25.2,8.9553
2318.59,25.29,8.9553
2319.59,25.21,8.9553
2320.59,25.19,8.9553
2321.6,25.28,8.9553
2322.6,25.26,8.9554
2323.6,25.29,8.9554
2324.6,25.32,8.9554
2325.6,25.2,8.9554
2326.6,25.29,8.9554
2327.6,25.21,8.9554
2328.61,25.29,8.9554
2329.61,25.19,8.9554
2330.61,25.3,8.9554
2331.61,25.18,8.9554
2332.61,25.2,8.9554
2333.61,25.3,8.9554
2334.62,25.18,8.9554
2335.62,25.28,8.9554
2336.62,25.28,8.9554
2337.62,25.2,8.9554
2338.62,25.29,8.9554
2339.62,25.18,8.9554
2340.63,25.19,8.9554
2341.63,25.29,8.9554
2342.63,25.23,8.9555
2343.63,25.29,8.9555
2344.63,25.19,8.9555
2345.63,25.29,8.9555
2346.64,25.23,8.9556
2347.64,25.19,8.9556
2348.64,25.29,8.9556
2349.64,25.21,8.9556
2350.64,25.29,8.9556
2351.64,25.21,8.9556
2352.65,25.22,8.9556
2353.65,25.29,8.9556
2354.65,25.19,8.9556
2355.65,25.29,8.9556
2356.65,25.23,8.9556
2357.65,25.19,8.9556
2358.66,25.29,8.9556
2359.66,25.18,8.9556
2360.66,25.27,8.9556
2361.66,25.18,8.9556
2362.66,25.21,8.9558
2363.66,25.29,8.9558
2364.66,25.18,8.9558
2365.67,25.28,8.9558
2366.67,25.18,8.9558
2367.67,25.2,8.9559
2368.67,25.2,8.9559
2369.67,25.18,8.9559
2370.67,25.27,8.9559
2371.68,25.19,8.9559
2372.68,25.32,8.9559
2373.68,25.19,8.9559
2374.68,25.19,8.9559
2375.68,25.37,8.9559
2376.68,25.19,8.9559
2377.69,25.32,8.9559
2378.69,25.23,8.9559
2379.69,25.22,8.9559
2380.69,25.3,8.9559
2381.69,25.2,8.9559
2382.69,25.33,8.956
2383.7,25.2,8.956
2384.7,25.3,8.956
2385.7,25.19,8.956
2386.7,25.18,8.956
2387.7,25.32,8.956
2388.7,25.19,8.956
2389.71,25.23,8.9561
2390.71,25.29,8.9561
2391.71,25.17,8.9561
2392.71,25.46,8.9561
2393.71,25.19,8.9561
2394.71,25.19,8.9561
2395.72,25.29,8.9561
2396.72,25.18,8.9561
2397.72,25.3,8.9562
2398.72,25.19,8.9562
2399.72,29.63,8.961
2400.72,27.66,8.9626
2401.73,25.18,8.9626
2402.73,25.31,8.9627
2403.73,25.12,8.9627
2404.73,25.17,8.9627
2405.73,25.23,8.9627
2406.73,25.13,8.9627
2407.73,25.24,8.9627
2408.74,25.12,8.9627
2409.74,25.25,8.9627
2410.74,25.25,8.9627
2411.74,25.19,8.9627
2412.74,25.58,8.9627
2413.74,25.18,8.9627
2414.75,25.2,8.9627
2415.75,25.29,8.9627
2416.75,25.19,8.9627
2417.75,25.32,8.9627
2418.75,25.19,8.9627
2419.75,25.19,8.9627
2420.76,25.3,8.9627
2421.76,25.24,8.9627
2422.76,25.41,8.9628
2423.76,25.18,8.9628
2424.76,25.29,8.9628
2425.76,25.21,8.9628
2426.76,25.19,8.9628
2427.77,25.3,8.9628
2428.77,25.2,8.9628
2429.77,25.19,8.9628
2430.77,25.29,8.9628
2431.77,25.24,8.963
2432.77,25.22,8.963
2433.78,25.29,8.963
2434.78,25.19,8.963
2435.78,25.28,8.963
2436.78,25.2,8.963
2437.78,25.2,8.963
2438.78,25.29,8.963
2439.78,25.22,8.963
2440.79,25.19,8.963
2441.79,25.33,8.963
2442.79,25.22,8.9631
2443.79,25.28,8.9631
2444.79,25.19,8.9631
2445.79,25.3,8.9631
2446.8,25.19,8.9631
2447.8,25.2,8.9631
2448.8,25.32,8.9631
2449.8,25.2,8.9631
2450.8,25.19,8.9631
2451.8,25.32,8.9631
2452.8,25.26,8.9632
2453.81,25.19,8.9632
2454.81,25.32,8.9632
2455.81,25.2,8.9632
2456.81,25.19,8.9632
2457.81,25.3,8.9633
2458.81,25.19,8.9633
2459.81,25.29,8.9633
2460.82,25.19,8.9633
2461.82,25.18,8.9633
2462.82,25.37,8.9642
2463.82,25.18,8.9642
2464.82,25.3,8.9642
2465.82,25.18,8.9642
2466.83,25.18,8.9642
2467.83,25.3,8.9642
2468.83,25.19,8.9642
2469.83,25.34,8.9642
2470.83,25.19,8.9642
2471.83,25.19,8.9642
2472.84,25.32,8.9642
2473.84,25.24,8.9644
2474.84,25.29,8.9644
2475.84,25.19,8.9644
2476.84,25.19,8.9644
2477.84,25.3,8.9644
2478.85,25.19,8.9644
2479.85,25.26,8.9644
2480.85,25.13,8.9644
2481.85,25.22,8.9644
2482.85,25.2,8.9644
2483.85,25.24,8.9659
2484.86,25.23,8.9659
2485.86,25.13,8.9659
2486.86,25.22,8.9659
2487.86,25.14,8.966
2488.86,25.12,8.966
2489.86,25.23,8.966
2490.86,25.16,8.966
2491.87,25.3,8.966
2492.87,25.22,8.966
2493.87,25.18,8.9661
2494.87,25.24,8.9661
2495.87,25.16,8.9661
2496.87,25.26,8.9661
2497.88,25.2,8.9661
2498.88,25.19,8.9661
2499.88,25.32,8.9661
2500.88,25.2,8.9661
2501.88,25.3,8.9661
2502.88,25.75,8.9664
2503.89,25.23,8.9672
2504.89,25.28,8.9672
2505.89,25.18,8.9672
2506.89,25.18,8.9672
2507.89,25.29,8.9672
2508.89,25.18,8.9672
2509.89,25.31,8.9672
2510.9,25.19,8.9672
2511.9,25.19,8.9672
2512.9,25.34,8.9672
2513.9,25.17,8.9673
2514.9,25.34,8.9673
2515.9,25.19,8.9673
2516.91,25.17,8.9673
2517.91,25.3,8.9673
2518.91,25.18,8.9673
2519.91,25.29,8.9673
2520.91,25.19,8.9673
2521.91,25.19,8.9673
2522.92,25.32,8.9675
2523.92,25.19,8.9675
2524.92,25.29,8.9675
2525.92,25.24,8.9684
2526.92,25.29,8.9684
2527.92,25.19,8.9684
2528.93,25.19,8.9684
2529.93,25.3,8.9684
2530.93,25.2,8.9684
2531.93,25.3,8.9684
2532.93,25.22,8.9684
2533.93,25.19,8.9684
2534.93,25.29,8.9684
2535.94,25.2,8.9684
2536.94,25.25,8.9684
2537.94,25.17,8.9684
2538.94,25.16,8.9684
2539.94,25.26,8.9684
2540.94,25.19,8.9684
2541.95,25.29,8.9684
2542.95,25.24,8.9687
2543.95,25.19,8.9687
2544.95,25.29,8.9687
2545.95,25.22,8.9693
2546.95,25.28,8.9693
2547.96,25.17,8.9693
2548.96,25.13,8.9693
2549.96,25.25,8.9693
2550.96,25.19,8.9693
2551.96,25.28,8.9693
2552.96,25.52,8.9693
2553.97,25.14,8.9693
2554.97,25.22,8.9693
2555.97,25.16,8.9693
2556.97,25.4,8.9693
2557.97,25.19,8.9693
2558.97,25.16,8.9693
2559.98,25.27,8.9693
2560.98,25.19,8.9693
2561.98,25.29,8.9693
2562.98,25.49,8.9694
2563.98,25.13,8.9694
2564.98,25.28,8.9694
2565.98,25.18,8.9694
2566.99,25.26,8.9694
2567.99,25.24,8.9703
2568.99,25.13,8.9703
2569.99,25.24,8.9703
2570.99,25.15,8.9703
2571.99,25.13,8.9703
2572.99,25.27,8.9703
2574.0,25.13,8.9703
2575.0,25.13,8.9703
2576.0,25.23,8.9703
2577.0,25.12,8.9703
2578.0,25.27,8.9703
2579.0,25.12,8.9703
2580.01,25.13,8.9703
2581.01,25.25,8.9703
2582.01,25.15,8.9703
2583.01,25.28,8.9704
2584.01,25.13,8.9704
2585.01,25.24,8.9704
2586.02,25.13,8.9704
2587.02,25.12,8.9704
2588.02,25.24,8.9704
2589.02,25.18,8.9708
2590.02,25.23,8.9708
2591.02,25.13,8.9708
2592.03,39.7,8.9737
2593.03,33.79,8.9737
2594.03,25.35,8.9737
2595.03,26.96,8.9737
2596.03,26.17,8.9737
2597.03,25.18,8.9737
2598.03,25.3,8.9738
2599.04,25.18,8.9738
2600.04,25.27,8.9738
2601.04,25.17,8.9738
2602.04,25.21,8.9738
2603.04,25.25,8.9738
2604.04,25.12,8.9738
2605.05,25.21,8.9738
2606.05,25.2,8.9738
2607.05,25.65,8.9738
2608.05,25.3,8.9738
2609.05,25.16,8.9738
2610.05,25.17,8.9738
2611.05,25.21,8.9738
2612.06,25.77,8.9738
2613.06,25.29,8.9738
2614.06,25.16,8.9738
2615.06,25.17,8.9738
2616.06,25.28,8.9738
2617.06,25.51,8.9738
2618.07,25.29,8.9739
2619.07,25.23,8.9739
2620.07,25.17,8.9739
2621.07,25.28,8.9739
2622.07,25.31,8.9739
2623.07,26.3,8.9739
2624.08,25.2,8.9739
2625.08,27.65,8.9739
2626.08,25.26,8.9739
2627.08,25.25,8.9739
2628.08,25.18,8.9739
2629.08,25.27,8.9739
2630.08,25.43,8.9739
2631.09,25.27,8.9739
2632.09,25.17,8.9739
2633.09,25.19,8.9739
2634.09,25.24,8.9739
2635.09,25.18,8.9739
2636.09,25.27,8.9739
2637.1,25.17,8.9739
2638.1,25.17,8.9741
2639.1,25.27,8.9741
2640.1,25.17,8.9741
2641.1,25.27,8.9741
2642.1,25.17,8.9741
2643.1,25.2,8.9741
2644.11,25.28,8.9741
2645.11,25.23,8.9741
2646.11,25.17,8.9741
2647.11,25.27,8.9741
2648.11,25.17,8.9741
2649.11,25.28,8.9741
2650.12,25.16,8.9741
2651.12,25.17,8.9741
2652.12,25.27,8.9741
2653.12,25.2,8.9741
2654.12,25.17,8.9741
2655.12,25.27,8.9741
2656.12,25.17,8.9741
2657.13,25.27,8.9741
2658.13,25.17,8.9742
2659.13,25.17,8.9742
2660.13,25.27,8.9742
2661.13,25.18,8.9742
2662.13,25.28,8.9742
2663.14,25.19,8.9742
2664.14,25.17,8.9742
2665.14,25.27,8.9742
2666.14,25.17,8.9742
2667.14,25.26,8.9742
2668.14,25.17,8.9742
2669.15,25.17,8.9742
2670.15,25.27,8.9742
2671.15,25.17,8.9742
2672.15,25.26,8.9742
2673.15,25.19,8.9742
2674.15,25.17,8.9742
2675.15,25.28,8.9742
2676.16,25.16,8.9742
2677.16,25.15,8.9742
2678.16,25.29,8.9743
2679.16,25.17,8.9743
2680.16,25.16,8.9743
2681.16,25.27,8.9743
2682.16,25.15,8.9743
2683.17,25.28,8.9743
2684.17,25.16,8.9743
2685.17,25.16,8.9743
2686.17,25.25,8.9743
2687.17,25.18,8.9743
2688.17,25.16,8.9743
2689.18,25.26,8.9743
2690.18,25.17,8.9743
2691.18,25.28,8.9743
2692.18,25.17,8.9743
2693.18,25.18,8.9743
2694.18,25.26,8.9743
2695.18,25.16,8.9743
2696.19,25.18,8.9743
2697.19,25.3,8.9743
2698.19,25.18,8.9743
2699.19,25.74,8.9744
2700.19,25.27,8.9744
2701.19,25.16,8.9744
2702.19,25.13,8.9745
2703.2,25.23,8.9745
2704.2,25.11,8.9745
2705.2,25.21,8.9745
2706.2,25.13,8.9745
2707.2,25.12,8.9745
2708.2,25.26,8.9745
2709.2,25.17,8.9745
2710.21,25.17,8.9745
2711.21,25.29,8.9745
2712.21,25.17,8.9745
2713.21,25.17,8.9745
2714.21,25.26,8.9745
2715.21,25.16,8.9745
2716.21,25.27,8.9745
2717.22,25.17,8.9745
2718.22,25.18,8.9745
2719.22,25.27,8.9745
2720.22,25.17,8.9745
2721.22,25.17,8.9745
2722.22,25.3,8.9747
2723.22,25.18,8.9747
2724.23,25.16,8.9747
2725.23,25.28,8.9747
2726.23,25.17,8.9747
2727.23,25.17,8.9747
2728.23,25.68,8.976
2729.23,25.15,8.976
2730.23,25.16,8.976
2731.23,25.27,8.976
2732.24,25.16,8.9761
2733.24,25.17,8.9761
2734.24,25.27,8.9761
2735.24,25.17,8.9761
2736.24,25.19,8.9761
2737.24,25.26,8.9761
2738.24,25.16,8.9761
2739.25,25.17,8.9761
2740.25,25.26,8.9761
2741.25,25.16,8.9761
2742.25,25.26,8.9761
2743.25,25.17,8.9761
2744.25,25.16,8.9761
2745.25,25.22,8.9761
2746.26,25.16,8.9761
2747.26,25.16,8.9761
2748.26,25.26,8.9761
2749.26,25.17,8.9761
2750.26,25.27,8.9761
2751.26,25.17,8.9761
2752.27,25.18,8.9763
2753.27,25.25,8.9763
2754.27,25.12,8.9763
2755.27,25.22,8.9763
2756.27,25.12,8.9763
2757.27,25.13,8.9763
2758.28,25.22,8.9763
2759.28,25.11,8.9763
2760.28,25.22,8.9763
2761.28,25.12,8.9763
2762.28,25.12,8.9763
2763.28,25.23,8.9763
2764.28,25.11,8.9763
2765.29,25.21,8.9763
2766.29,25.11,8.9763
2767.29,25.12,8.9763
2768.29,25.28,8.9763
2769.29,25.17,8.9763
2770.29,25.12,8.9763
2771.29,25.25,8.9763
2772.3,25.18,8.9764
2773.3,25.29,8.9764
2774.3,25.16,8.9764
2775.3,25.17,8.9764
2776.3,25.27,8.9764
2777.3,25.17,8.9764
2778.31,25.17,8.9764
2779.31,25.25,8.9764
2780.31,25.18,8.9764
2781.31,25.27,8.9764
2782.31,25.17,8.9764
2783.31,25.19,8.9764
2784.31,25.29,8.9764
2785.32,25.17,8.9764
2786.32,25.28,8.9764
2787.32,25.18,8.9764
2788.32,25.17,8.9764
2789.32,25.27,8.9764
2790.32,25.17,8.9764
2791.33,25.28,8.9764
2792.33,25.16,8.9765
2793.33,25.18,8.9765
2794.33,25.27,8.9765
2795.33,25.17,8.9765
2796.33,25.27,8.9765
2797.34,25.17,8.9765
2798.34,25.17,8.9765
2799.34,26.56,8.9765
2800.34,27.1,8.9765
2801.34,25.16,8.9765
2802.34,25.27,8.9765
2803.35,25.19,8.9765
2804.35,25.26,8.9765
2805.35,25.17,8.9765
2806.35,25.17,8.9765
2807.35,25.28,8.9765
2808.35,25.17,8.9765
2809.35,25.27,8.9765
2810.36,25.17,8.9765
2811.36,25.17,8.9765
2812.36,25.27,8.9766
2813.36,25.18,8.9766
2814.36,25.27,8.9766
2815.36,25.19,8.9766
2816.37,25.17,8.9766
2817.37,25.28,8.9766
2818.37,25.17,8.9766
2819.37,25.22,8.9766
2820.37,25.16,8.9766
2821.37,25.16,8.9766
2822.38,25.25,8.9766
2823.38,25.18,8.9766
2824.38,25.25,8.9766
2825.38,25.16,8.9766
2826.38,25.18,8.9766
2827.38,25.28,8.9766
2828.38,25.17,8.9766
2829.39,25.21,8.9766
2830.39,25.26,8.9766
2831.39,25.16,8.9766
2832.39,25.29,8.9767
2833.39,25.19,8.9767
2834.39,25.24,8.9767
2835.4,25.11,8.9767
2836.4,25.11,8.9767
2837.4,25.24,8.9767
2838.4,25.14,8.9767
2839.4,25.17,8.9767
2840.4,25.27,8.9767
2841.4,25.19,8.9767
2842.41,25.17,8.9767
2843.41,25.29,8.9767
2844.41,25.16,8.9767
2845.41,25.23,8.9767
2846.41,25.13,8.9767
2847.41,25.14,8.9767
2848.42,25.23,8.9767
2849.42,25.15,8.9767
2850.42,25.27,8.9767
2851.42,25.18,8.9767
2852.42,25.18,8.9767
2853.42,25.29,8.9767
2854.42,25.17,8.9767
2855.43,25.26,8.9767
2856.43,25.17,8.9767
2857.43,25.18,8.9769
2858.43,25.27,8.9769
2859.43,25.18,8.9769
2860.43,25.26,8.9769
2861.44,25.17,8.9769
2862.44,25.18,8.9769
2863.44,25.29,8.9769
2864.44,25.17,8.9769
2865.44,25.27,8.9769
2866.44,25.17,8.9769
2867.45,25.18,8.9769
2868.45,25.27,8.9769
2869.45,25.17,8.9769
2870.45,25.38,8.9769
2871.45,25.21,8.9769
2872.45,25.15,8.9769
2873.45,25.29,8.9769
2874.46,25.11,8.9769
2875.46,25.22,8.9769
2876.46,25.11,8.9769
2877.46,25.13,8.977
2878.46,25.21,8.977
2879.46,25.17,8.977
2880.47,25.28,8.977
2881.47,25.16,8.977
2882.47,25.17,8.977
2883.47,25.3,8.977
2884.47,25.16,8.977
2885.47,25.16,8.977
2886.47,25.22,8.977
2887.48,25.13,8.977
2888.48,25.22,8.977
2889.48,25.15,8.977
2890.48,25.17,8.977
2891.48,25.27,8.977
2892.48,25.18,8.977
2893.49,25.29,8.977
2894.49,25.17,8.977
2895.49,25.15,8.977
2896.49,25.21,8.977
2897.49,25.12,8.977
2898.49,25.11,8.977
2899.5,25.21,8.977
2900.5,25.12,8.977
2901.5,25.23,8.977
2902.5,25.12,8.9771
2903.5,25.19,8.9771
2904.5,25.27,8.9771
2905.5,25.17,8.9771
2906.51,25.17,8.9771
2907.51,25.22,8.9771
2908.51,25.15,8.9771
2909.51,25.22,8.9771
2910.51,25.17,8.9771
2911.51,25.17,8.9771
2912.52,25.25,8.9771
2913.52,25.16,8.9771
2914.52,25.28,8.9771
2915.52,25.16,8.9771
2916.52,25.18,8.9771
2917.52,25.29,8.9771
2918.52,25.17,8.9771
2919.53,25.18,8.9771
2920.53,25.27,8.9771
2921.53,25.16,8.9771
2922.53,25.23,8.9772
2923.53,25.16,8.9772
2924.53,25.16,8.9772
2925.53,25.27,8.9772
2926.54,25.16,8.9772
2927.54,25.17,8.9772
2928.54,25.27,8.9772
2929.54,25.16,8.9772
2930.54,25.26,8.9772
2931.54,25.16,8.9772
2932.55,25.17,8.9772
2933.55,25.28,8.9772
2934.55,25.17,8.9772
2935.55,25.28,8.9772
2936.55,25.17,8.9772
2937.55,25.17,8.9772
2938.55,25.26,8.9772
2939.56,25.17,8.9772
2940.56,25.28,8.9772
2941.56,25.17,8.9772
2942.56,25.16,8.9774
2943.56,25.23,8.9774
2944.56,25.12,8.9774
2945.57,25.12,8.9774
2946.57,25.21,8.9774
2947.57,25.12,8.9774
2948.57,25.21,8.9774
2949.57,25.12,8.9774
2950.57,25.11,8.9774
2951.58,25.21,8.9774
2952.58,25.13,8.9774
2953.58,25.26,8.9774
2954.58,25.17,8.9774
2955.58,25.17,8.9774
2956.58,25.26,8.9774
2957.58,25.17,8.9774
2958.59,25.26,8.9774
2959.59,25.12,8.9774
2960.59,25.12,8.9774
2961.59,25.21,8.9774
2962.59,25.14,8.9774
2963.59,25.26,8.9774
2964.6,25.17,8.9774
2965.6,25.17,8.9774
2966.6,25.24,8.9774
2967.6,25.13,8.9775
2968.6,25.26,8.9775
2969.6,25.16,8.9775
2970.61,25.12,8.9775
2971.61,25.22,8.9775
2972.61,25.2,8.9775
2973.61,25.14,8.9775
2974.61,25.23,8.9775
2975.61,25.14,8.9775
2976.61,25.23,8.9775
2977.62,25.14,8.9775
2978.62,25.18,8.9775
2979.62,25.32,8.9775
2980.62,25.2,8.9775
2981.62,25.28,8.9775
2982.62,25.21,8.9775
2983.63,25.29,8.9775
2984.63,25.19,8.9775
2985.63,25.17,8.9775
2986.63,25.28,8.9775
2987.63,25.17,8.9776
2988.63,25.77,8.9776
2989.64,28.72,8.9776
2990.64,25.17,8.9776
2991.64,25.33,8.9776
2992.64,25.24,8.9777
2993.64,25.19,8.9777
2994.64,25.32,8.9777
2995.64,40.29,4.3394
2996.65,88.18,2.4376
2997.65,94.52,2.5947
2998.65,82.26,2.8362
2999.65,77.08,3.0539
3000.65,77.78,3.2695
3001.65,76.0,3.5318
3002.65,76.91,3.7997
3003.66,80.81,4.1556
3004.66,59.27,4.5995
3005.66,66.45,5.0524
3006.66,42.9,5.5374
3007.66,26.0,6.0447
3008.66,26.16,6.5705
3009.67,34.17,7.1249
3010.67,30.62,7.1714
3011.67,34.34,7.2798
3012.67,25.41,7.2798
3013.67,25.22,7.2798
3014.67,25.23,7.2798
3015.68,25.33,7.2694
3016.68,25.45,7.2694
3017.68,25.68,7.2694
3018.68,25.67,7.2694
3019.68,31.8,7.418
3020.68,25.29,7.418
3021.68,25.17,7.418
3022.69,25.35,7.418
3023.69,25.17,7.418
3024.69,27.13,7.418
3025.69,25.28,7.418
3026.69,25.17,7.418
3027.69,31.36,7.4183
3028.7,25.99,7.4183
3029.7,25.19,7.4183
3030.7,25.28,7.4183
3031.7,25.18,7.4183
3032.7,25.31,7.4183
3033.7,25.19,7.4183
3034.71,30.88,7.4188
3035.71,25.28,7.4188
3036.71,25.18,7.4187
3037.71,25.28,7.4188
3038.71,25.18,7.4188
3039.71,25.29,7.4188
3040.72,25.19,7.4188
3041.72,25.25,7.4188
3042.72,29.37,7.4189
3043.72,25.15,7.4189
3044.72,25.25,7.4189
3045.72,25.47,7.419
3046.73,25.28,7.419
3047.73,25.19,7.419
3048.73,25.18,7.419
3049.73,25.29,7.419
3050.73,30.16,7.5194
3051.73,25.28,7.5194
3052.74,25.21,7.5194
3053.74,25.22,7.5194
3054.74,25.22,7.5194
3055.74,25.21,7.5194
3056.74,25.3,7.5194
3057.74,25.2,7.5194
3058.75,25.19,7.5256
3059.75,25.33,8.0406
3060.75,25.19,8.4798
3061.75,34.61,8.86
3062.75,25.67,8.86
3063.75,25.18,8.86
3064.75,25.29,8.86
3065.76,25.19,8.86
3066.76,25.18,8.86
3067.76,25.29,8.86
3068.76,25.18,8.86
3069.76,25.29,8.86
3070.76,25.19,8.86
3071.77,25.28,8.86
3072.77,25.27,8.8603
3073.77,25.18,8.8603
3074.77,25.26,8.8603
3075.77,25.13,8.8603
3076.77,26.78,8.8603
3077.78,27.68,8.8603
3078.78,25.21,8.8603
3079.78,25.35,8.8603
3080.78,25.18,8.8603
3081.78,25.17,8.8603
3082.78,25.43,8.8604
3083.78,25.18,8.8604
3084.79,25.23,8.8604
3085.79,25.2,8.8604
3086.79,25.14,8.8604
3087.79,25.24,8.8604
3088.79,25.13,8.8604
3089.79,25.23,8.8604
3090.8,25.14,8.8604
3091.8,25.13,8.8604
3092.8,25.33,8.8607
3093.8,25.18,8.8607
3094.8,25.27,8.8607
3095.8,25.19,8.8607
3096.81,25.13,8.8607
3097.81,25.24,8.8607
3098.81,25.12,8.8607
3099.81,25.24,8.8607
3100.81,25.19,8.8607
3101.81,25.21,8.8607
3102.82,25.31,8.8607
3103.82,25.23,8.8608
3104.82,25.28,8.8608
3105.82,25.2,8.8608
3106.82,25.29,8.8608
3107.82,25.2,8.8608
3108.83,25.19,8.8608
3109.83,25.29,8.8608
3110.83,25.19,8.8608
3111.83,25.29,8.8608
3112.83,25.23,8.8608
3113.83,25.29,8.8608
3114.84,25.22,8.8609
3115.84,25.18,8.8609
3116.84,25.29,8.8609
3117.84,25.19,8.861
3118.84,25.29,8.861
3119.84,25.18,8.861
3120.85,25.19,8.861
3121.85,25.32,8.861
3122.85,25.21,8.8611
3123.85,25.18,8.8611
3124.85,25.28,8.8611
3125.85,25.2,8.8611
3126.85,25.28,8.8611
3127.86,25.19,8.8611
3128.86,25.15,8.8611
3129.86,25.23,8.8611
3130.86,25.12,8.8611
3131.86,25.22,8.8611
3132.86,25.3,8.8611
3133.87,25.28,8.8611
3134.87,25.18,8.8611
3135.87,25.19,8.8611
3136.87,25.41,8.8612
3137.87,25.18,8.8613
3138.87,25.23,8.8613
3139.88,25.13,8.8613
3140.88,25.24,8.8613
3141.88,25.13,8.8613
3142.88,25.23,8.8613
3143.88,25.24,8.8613
3144.88,25.13,8.8613
3145.89,25.23,8.8613
3146.89,25.18,8.8613
3147.89,25.24,8.8613
3148.89,25.28,8.8613
3149.89,25.18,8.8613
3150.89,25.29,8.8613
3151.9,25.19,8.8613
3152.9,25.23,8.8614
3153.9,25.27,8.8614
3154.9,25.12,8.8614
3155.9,25.23,8.8614
3156.9,25.12,8.8614
3157.91,25.3,8.8614
3158.91,25.17,8.8614
3159.91,25.39,8.8614
3160.91,25.25,8.8614
3161.91,25.14,8.8614
3162.91,25.32,8.8614
3163.92,25.13,8.8614
3164.92,25.12,8.8614
3165.92,25.22,8.8614
3166.92,25.12,8.8614
3167.92,25.24,8.8614
3168.92,25.15,8.8614
3169.93,25.15,8.8617
3170.93,25.38,8.8617
3171.93,25.12,8.8617
3172.93,25.31,8.8617
3173.93,25.19,8.8617
3174.93,25.2,8.8617
3175.93,25.29,8.8617
3176.94,25.18,8.8617
3177.94,25.29,8.8617
3178.94,25.15,8.8617
3179.94,25.11,8.8617
3180.94,25.26,8.8618
3181.94,25.12,8.8618
3182.95,25.25,8.8618
3183.95,25.19,8.8618
3184.95,25.18,8.8618
3185.95,25.28,8.8618
3186.95,25.17,8.8618
3187.95,25.14,8.8618
3188.96,25.22,8.8618
3189.96,25.14,8.8618
3190.96,25.23,8.8618
3191.96,25.18,8.8618
3192.96,25.5,8.8619
3193.96,25.22,8.8619
3194.97,25.15,8.8619
3195.97,25.29,8.8619
3196.97,25.19,8.8619
3197.97,25.3,8.8619
3198.97,25.19,8.8619
3199.97,25.18,8.8619
3200.97,25.27,8.8619
3201.98,25.19,8.8619
3202.98,25.52,8.8619
3203.98,25.25,8.8619
3204.98,25.18,8.8619
3205.98,25.29,8.8619
3206.98,25.18,8.8619
3207.99,25.19,8.862
3208.99,25.28,8.862
3209.99,25.18,8.862
3210.99,25.29,8.862
3211.99,25.18,8.862
3212.99,25.33,8.862
3214.0,25.3,8.862
3215.0,25.18,8.862
3216.0,25.28,8.862
3217.0,30.23,8.8622
3218.0,27.42,8.8622
3219.0,32.22,8.8622
3220.01,25.29,8.8622
3221.01,25.23,8.8622
3222.01,25.12,8.8622
3223.01,25.25,8.8623
3224.01,25.12,8.8623
3225.01,25.12,8.8623
3226.01,25.22,8.8623
3227.02,25.13,8.8623
3228.02,25.24,8.8623
3229.02,25.12,8.8623
3230.02,25.12,8.8623
3231.02,25.23,8.8623
3232.02,25.12,8.8623
3233.03,25.25,8.8623
3234.03,25.12,8.8623
3235.03,25.12,8.8623
3236.03,25.22,8.8623
3237.03,25.12,8.8623
3238.03,25.23,8.8622
3239.04,25.12,8.8622
3240.04,25.12,8.8622
3241.04,25.26,8.8622
3242.04,25.17,8.8622
3243.04,25.98,8.8625
3244.04,25.28,8.8625
3245.04,25.17,8.8625
3246.05,25.18,8.8625
3247.05,25.27,8.8625
3248.05,25.15,8.8625
3249.05,25.25,8.8625
3250.05,25.17,8.8625
3251.05,25.18,8.8625
3252.05,25.3,8.8625
3253.06,25.22,8.8625
3254.06,25.12,8.8625
3255.06,25.24,8.8625
3256.06,25.15,8.8625
3257.06,25.24,8.8625
3258.06,25.14,8.8625
3259.07,25.12,8.8625
3260.07,25.22,8.8625
3261.07,25.13,8.8625
3262.07,25.12,8.8625
3263.07,25.26,8.8625
3264.07,25.12,8.8625
3265.07,25.22,8.8626
3266.08,25.13,8.8626
3267.08,25.12,8.8626
3268.08,25.24,8.8626
3269.08,25.12,8.8626
3270.08,25.22,8.8626
3271.08,25.12,8.8626
3272.09,25.12,8.8626
3273.09,25.25,8.8626
3274.09,25.13,8.8626
3275.09,25.23,8.8626
3276.09,25.12,8.8626
3277.09,25.12,8.8626
3278.09,25.25,8.8626
3279.1,25.14,8.8626
3280.1,25.17,8.8626
3281.1,25.29,8.8626
3282.1,25.17,8.8626
3283.1,25.2,8.8627
3284.1,25.28,8.8627
3285.1,25.17,8.8627
3286.1,25.19,8.8627
3287.11,25.16,8.8627
3288.11,25.69,8.8627
3289.11,25.12,8.8627
3290.11,25.23,8.8627
3291.11,25.12,8.8627
3292.11,25.12,8.8627
3293.11,25.27,8.8627
3294.12,25.15,8.8627
3295.12,25.17,8.8627
3296.12,25.27,8.8627
3297.12,25.17,8.8627
3298.12,25.28,8.8627
3299.12,25.17,8.8627
3300.13,25.13,8.8627
3301.13,25.23,8.8627
3302.13,25.13,8.8627
3303.13,25.25,8.8628
3304.13,25.14,8.8628
3305.13,25.13,8.8628
3306.14,25.23,8.8628
3307.14,25.25,8.8628
3308.14,25.25,8.8628
3309.14,25.16,8.8628
3310.14,25.16,8.8628
3311.14,25.27,8.8628
3312.14,25.17,8.8628
3313.15,25.29,8.8628
3314.15,25.12,8.8628
3315.15,25.15,8.8628
3316.15,25.27,8.8628
3317.15,25.17,8.8628
3318.15,25.28,8.8628
3319.16,25.17,8.8628
3320.16,25.17,8.8628
3321.16,25.27,8.8628
3322.16,25.17,8.8628
3323.16,25.26,8.8629
3324.16,25.12,8.8629
3325.17,25.12,8.8629
3326.17,25.22,8.8629
3327.17,25.17,8.8629
3328.17,25.26,8.8629
3329.17,25.17,8.8629
3330.17,25.17,8.8629
3331.18,25.25,8.8629
3332.18,25.14,8.8629
3333.18,25.23,8.8629
3334.18,25.12,8.8629
3335.18,25.12,8.8629
3336.18,25.23,8.8629
3337.18,25.15,8.8629
3338.19,25.27,8.8629
3339.19,25.2,8.8629
3340.19,25.17,8.8629
3341.19,25.27,8.8629
3342.19,25.19,8.8631
3343.19,25.19,8.8631
3344.2,25.27,8.8631
3345.2,25.17,8.863
3346.2,25.27,8.863
3347.2,25.18,8.863
3348.2,25.17,8.863
3349.2,25.27,8.863
3350.2,25.17,8.863
3351.21,25.28,8.863
3352.21,25.21,8.8631
3353.21,25.18,8.8631
3354.21,25.28,8.8631
3355.21,25.2,8.8631
3356.21,25.18,8.8631
3357.21,25.29,8.8631
3358.22,25.11,8.8631
3359.22,25.13,8.8631
3360.22,25.25,8.8631
3361.22,25.13,8.8631
3362.22,25.14,8.8631
3363.22,25.28,8.8631
3364.22,25.18,8.8631
3365.23,25.17,8.8631
3366.23,25.27,8.8631
3367.23,25.18,8.8631
3368.23,25.22,8.8631
3369.23,25.13,8.8631
3370.23,25.15,8.8631
3371.24,25.22,8.8631
3372.24,25.13,8.8632
3373.24,25.23,8.8632
3374.24,25.16,8.8633
3375.24,25.17,8.8633
3376.24,25.29,8.8633
3377.24,25.17,8.8633
3378.25,25.11,8.8633
3379.25,25.24,8.8633
3380.25,25.11,8.8633
3381.25,25.22,8.8633
3382.25,25.13,8.8633
3383.25,25.16,8.8633
3384.25,25.28,8.8633
3385.26,25.24,8.8633
3386.26,25.19,8.8633
3387.26,25.29,8.8633
3388.26,25.17,8.8633
3389.26,25.12,8.8633
3390.26,25.24,8.8633
3391.26,25.13,8.8633
3392.27,25.13,8.8634
3393.27,25.26,8.8634
3394.27,25.22,8.8634
3395.27,25.14,8.8633
3396.27,25.28,8.8633
3397.27,25.35,8.8634
3398.27,25.18,8.8634
3399.27,25.29,8.8634
3400.28,25.17,8.8634
3401.28,25.27,8.8634
3402.28,25.17,8.8634
3403.28,25.18,8.8634
3404.28,25.26,8.8634
3405.28,25.19,8.8634
3406.28,25.2,8.8634
3407.29,25.29,8.8634
3408.29,25.18,8.8634
3409.29,25.47,8.8643
3410.29,25.26,8.8643
3411.29,25.17,8.8643
3412.29,25.18,8.8643
3413.3,25.28,8.8644
3414.3,25.16,8.8644
3415.3,25.27,8.8644
3416.3,25.17,8.8644
3417.3,25.19,8.8644
3418.3,25.28,8.8644
3419.31,25.18,8.8644
3420.31,25.28,8.8644
3421.31,25.17,8.8644
3422.31,25.19,8.8645
3423.31,25.54,8.8645
3424.31,25.17,8.8645
3425.31,25.2,8.8645
3426.32,25.27,8.8645
3427.32,25.2,8.8645
3428.32,25.27,8.8645
3429.32,25.18,8.8645
3430.32,25.17,8.8645
3431.32,25.29,8.8645
3432.32,25.18,8.8645
3433.33,25.2,8.8645
3434.33,25.21,8.8645
3435.33,25.13,8.8645
3436.33,25.22,8.8645
3437.33,25.12,8.8645
3438.33,25.14,8.8645
3439.33,25.27,8.8645
3440.34,25.16,8.8645
3441.34,25.27,8.8645
3442.34,25.18,8.8645
3443.34,25.18,8.8647
3444.34,25.27,8.8647
3445.34,25.18,8.8647
3446.35,25.18,8.8647
3447.35,25.29,8.8647
3448.35,25.18,8.8647
3449.35,25.27,8.8647
3450.35,25.18,8.8647
3451.35,25.16,8.8647
3452.36,25.27,8.8647
3453.36,25.18,8.8647
3454.36,25.27,8.8647
3455.36,25.17,8.8647
3456.36,25.17,8.8647
3457.36,25.27,8.8647
3458.36,25.17,8.8647
3459.37,25.26,8.8647
3460.37,25.14,8.8647
3461.37,25.17,8.8647
3462.37,25.28,8.8647
3463.37,25.19,8.8647
3464.37,25.27,8.8647
3465.38,25.17,8.8647
3466.38,25.17,8.8647
3467.38,25.28,8.8648
3468.38,25.17,8.8648
3469.38,25.17,8.8649
3470.38,25.28,8.8649
3471.38,25.17,8.8649
3472.39,25.28,8.8649
3473.39,25.2,8.8649
3474.39,25.18,8.8649
3475.39,25.28,8.8649
3476.39,25.18,8.8649
3477.39,25.29,8.8649
3478.4,25.18,8.8649
3479.4,25.18,8.8649
3480.4,25.28,8.8649
3481.4,25.18,8.8649
3482.4,25.29,8.8649
3483.4,25.19,8.8649
3484.41,25.17,8.8649
3485.41,25.26,8.8649
3486.41,25.15,8.8649
3487.41,25.17,8.865
3488.41,25.27,8.865
3489.41,25.18,8.865
3490.41,25.27,8.865
3491.42,25.17,8.865
3492.42,25.2,8.865
3493.42,25.3,8.865
3494.42,25.17,8.865
3495.42,25.18,8.865
3496.42,25.29,8.865
3497.42,25.18,8.865
3498.43,25.17,8.865
3499.43,25.21,8.865
3500.43,25.14,8.865
3501.43,25.17,8.865
3502.43,25.23,8.865
3503.43,25.13,8.865
3504.43,25.25,8.865
3505.44,25.13,8.865
3506.44,25.09,8.865
3507.44,25.2,8.865
3508.44,25.1,8.865
3509.44,25.2,8.865
3510.44,25.16,8.865
3511.45,25.17,8.865
3512.45,25.28,8.8651
3513.45,25.19,8.8651
3514.45,25.27,8.8651
3515.45,25.2,8.8651
3516.45,25.13,8.8651
3517.46,25.28,8.8651
3518.46,25.17,8.8651
3519.46,25.36,8.8651
3520.46,25.18,8.8651
3521.46,25.18,8.8651
3522.46,25.29,8.8651
3523.46,25.18,8.8651
3524.47,25.11,8.8651
3525.47,25.21,8.8651
3526.47,25.12,8.8651
3527.47,25.28,8.8651
3528.47,25.17,8.8652
3529.47,25.18,8.8652
3530.47,25.27,8.8652
3531.48,25.17,8.8652
3532.48,25.23,8.8652
3533.48,25.13,8.8652
3534.48,25.26,8.8652
3535.48,25.24,8.8652
3536.48,25.17,8.8652
3537.49,25.18,8.8652
3538.49,25.27,8.8652
3539.49,25.13,8.8652
3540.49,25.28,8.8652
3541.49,25.15,8.8652
3542.49,25.15,8.8652
3543.49,25.26,8.8652
3544.5,25.13,8.8652
3545.5,25.26,8.8652
3546.5,25.17,8.8652
3547.5,25.18,8.8652
3548.5,25.27,8.8652
3549.5,25.18,8.8652
3550.51,25.27,8.8652
3551.51,25.17,8.8652
3552.51,25.15,8.8654
3553.51,25.23,8.8654
3554.51,25.11,8.8654
3555.51,25.11,8.8654
3556.51,25.21,8.8654
3557.52,25.12,8.8654
3558.52,25.21,8.8654
3559.52,25.11,8.8654
3560.52,25.12,8.8654
3561.52,25.21,8.8654
3562.52,25.13,8.8654
3563.53,25.26,8.8654
3564.53,25.16,8.8654
3565.53,25.17,8.8654
3566.53,25.25,8.8654
3567.53,25.17,8.8654
3568.53,25.21,8.8654
3569.54,25.11,8.8654
3570.54,25.11,8.8654
3571.54,25.26,8.8654
3572.54,25.18,8.8655
3573.54,25.29,8.8655
3574.54,25.16,8.8655
3575.55,25.17,8.8655
3576.55,25.27,8.8655
3577.55,25.17,8.8655
3578.55,25.17,8.8655
3579.55,25.27,8.8655
3580.55,25.18,8.8655
3581.55,25.27,8.8655
3582.56,25.18,8.8655
3583.56,25.29,8.8655
3584.56,25.17,8.8655
3585.56,25.17,8.8655
3586.56,25.27,8.8655
3587.56,25.18,8.8655
3588.57,25.28,8.8655
3589.57,25.17,8.8655
3590.57,25.17,8.8655
3591.57,25.27,8.8655
3592.57,25.18,8.8655
3593.57,25.18,8.8655
3594.58,25.26,8.8655
3595.58,25.13,8.8655
3596.58,25.21,8.8655
3597.58,25.12,8.8656
3598.58,25.12,8.8656
3599.58,25.22,8.8656
3600.58,25.17,8.8656
3601.59,25.25,8.8656
3602.59,25.14,8.8656
3603.59,25.11,8.8656
3604.59,25.21,8.8656
3605.59,25.12,8.8656
3606.59,25.21,8.8656
3607.6,25.13,8.8656
3608.6,25.12,8.8656
3609.6,25.28,8.8656
3610.6,25.19,8.8656
3611.6,25.17,8.8656
3612.6,25.3,8.8656
3613.6,25.17,8.8656
3614.61,25.27,8.8656
3615.61,25.17,8.8656
3616.61,25.17,8.8656
3617.61,25.28,8.8657
3618.61,25.17,8.8657
3619.61,25.26,8.8657
3620.62,25.17,8.8657
3621.62,25.16,8.8657
3622.62,25.32,8.8657
3623.62,25.17,8.8657
3624.62,25.18,8.8657
3625.62,25.26,8.8657
3626.62,25.11,8.8656
3627.63,25.13,8.8658
3628.63,25.21,8.8658
3629.63,25.1,8.8658
3630.63,25.21,8.8658
3631.63,25.17,8.8658
3632.63,25.15,8.8658
3633.63,25.21,8.8658
3634.64,25.11,8.8658
3635.64,25.21,8.8658
3636.64,25.11,8.8658
3637.64,25.12,8.8658
3638.64,25.23,8.8658
3639.64,25.17,8.8658
3640.65,25.22,8.8658
3641.65,25.11,8.8658
3642.65,25.14,8.8658
3643.65,25.22,8.8658
3644.65,25.17,8.8658
3645.65,25.17,8.8658
3646.65,25.27,8.8658
3647.66,25.18,8.8659
3648.66,25.27,8.8659
3649.66,25.17,8.8659
3650.66,25.19,8.8659
3651.66,25.26,8.8659
3652.66,25.19,8.8659
3653.67,25.11,8.8659
3654.67,25.22,8.8659
3655.67,25.11,8.8659
3656.67,25.21,8.8659
3657.67,25.12,8.8659
3658.67,25.11,8.8659
3659.67,25.21,8.8659
3660.68,25.12,8.8659
3661.68,25.22,8.8659
3662.68,25.14,8.8659
3663.68,25.12,8.8659
3664.68,25.22,8.8659
3665.68,25.16,8.8659
3666.69,25.17,8.8659
3667.69,25.28,8.866
3668.69,25.17,8.866
3669.69,25.28,8.866
3670.69,25.13,8.866
3671.69,25.12,8.866
3672.7,25.25,8.866
3673.7,25.17,8.866
3674.7,25.27,8.866
3675.7,25.17,8.866
3676.7,25.17,8.866
3677.7,25.28,8.866
3678.7,25.17,8.866
3679.71,25.27,8.866
3680.71,25.16,8.866
3681.71,25.17,8.866
3682.71,25.29,8.866
3683.71,25.16,8.866
3684.71,25.26,8.866
3685.72,25.16,8.866
3686.72,25.16,8.866
3687.72,25.27,8.866
3688.72,25.16,8.866
3689.72,25.17,8.866
3690.72,25.27,8.866
3691.72,25.17,8.866
3692.73,25.24,8.866
3693.73,25.16,8.866
3694.73,25.17,8.866
3695.73,25.27,8.866
3696.73,25.17,8.866
3697.73,25.27,8.8661
3698.74,25.17,8.8661
3699.74,25.18,8.8661
3700.74,25.23,8.8661
3701.74,25.14,8.8661
3702.74,25.3,8.8661
3703.74,25.17,8.8661
3704.75,25.17,8.8661
3705.75,25.27,8.8661
3706.75,25.17,8.8661
3707.75,25.18,8.8661
3708.75,25.26,8.8661
3709.75,25.12,8.8661
3710.75,25.27,8.8661
3711.76,25.16,8.8661
3712.76,25.2,8.8661
3713.76,25.27,8.8661
3714.76,25.17,8.8661
3715.76,25.28,8.8661
3716.76,25.17,8.8661
3717.77,32.29,8.8664
3718.77,25.21,8.8664
3719.77,25.13,8.8664
3720.77,25.27,8.8664
3721.77,25.17,8.8664
3722.77,25.21,8.8664
3723.77,25.79,8.8664
3724.78,25.13,8.8664
3725.78,25.26,8.8664
3726.78,25.17,8.8664
3727.78,25.18,8.8664
3728.78,25.28,8.8664
3729.78,25.18,8.8664
3730.79,25.17,8.8664
3731.79,25.25,8.8664
3732.79,25.15,8.8664
3733.79,25.27,8.8664
3734.79,25.17,8.8664
3735.79,25.17,8.8664
3736.79,25.28,8.8664
3737.8,25.18,8.8664
3738.8,25.17,8.8664
3739.8,25.29,8.8664
3740.8,25.17,8.8664
3741.8,25.17,8.8664
3742.8,25.29,8.8664
3743.8,25.17,8.8664
3744.81,25.17,8.8664
3745.81,25.27,8.8664
3746.81,25.16,8.8664
3747.81,25.27,8.8665
3748.81,25.16,8.8665
3749.81,25.16,8.8665
3750.81,25.29,8.8665
3751.82,25.17,8.8665
3752.82,25.19,8.8665
3753.82,25.29,8.8665
3754.82,25.17,8.8665
3755.82,25.17,8.8665
3756.82,25.23,8.8665
3757.82,25.13,8.8665
3758.83,25.12,8.8665
3759.83,25.34,8.8665
3760.83,25.12,8.8665
3761.83,25.11,8.8665
3762.83,25.26,8.8665
3763.83,25.14,8.8665
3764.83,25.12,8.8665
3765.83,25.23,8.8665
3766.84,25.12,8.8665
3767.84,25.13,8.8667
3768.84,25.22,8.8667
3769.84,25.14,8.8667
3770.84,25.18,8.8667
3771.84,25.24,8.8667
3772.84,25.76,8.8667
3773.85,25.17,8.8667
3774.85,25.26,8.8667
3775.85,25.17,8.8667
3776.85,25.27,8.8667
3777.85,25.19,8.8667
3778.85,25.18,8.8667
3779.85,25.26,8.8667
3780.86,25.17,8.8667
3781.86,25.17,8.8667
3782.86,26.35,8.8667
3783.86,25.17,8.8668
3784.86,25.17,8.8668
3785.86,25.29,8.8668
3786.86,25.17,8.8668
3787.87,25.18,8.8668
3788.87,25.27,8.8668
3789.87,25.25,8.8668
3790.87,25.27,8.8668
3791.87,25.16,8.8668
3792.87,25.15,8.8668
3793.87,25.23,8.8668
3794.88,25.11,8.8668
3795.88,25.13,8.8668
3796.88,25.27,8.8668
3797.88,25.18,8.8669
3798.88,25.16,8.8669
3799.88,25.26,8.8669
3800.88,25.16,8.8669
3801.89,25.26,8.8669
3802.89,25.34,8.8669
3803.89,25.11,8.8669
3804.89,25.2,8.8669
3805.89,25.12,8.8669
3806.89,25.27,8.8669
3807.9,25.18,8.8669
3808.9,25.17,8.8669
3809.9,25.29,8.8669
3810.9,25.17,8.8669
3811.9,25.18,8.8669
3812.9,25.45,8.8669
3813.9,25.16,8.8669
3814.91,25.17,8.8669
3815.91,25.26,8.8669
3816.91,25.14,8.8669
3817.91,25.23,8.8671
3818.91,25.12,8.8671
3819.91,25.12,8.8671
3820.92,25.26,8.8671
3821.92,25.17,8.8671
3822.92,25.3,8.8671
3823.92,25.19,8.8671
3824.92,25.17,8.8671
3825.92,25.24,8.867
3826.92,25.11,8.867
3827.93,25.23,8.8671
3828.93,25.14,8.8671
3829.93,25.14,8.8671
3830.93,25.21,8.8671
3831.93,25.11,8.8671
3832.93,25.24,8.8671
3833.94,25.11,8.8671
3834.94,25.11,8.8671
3835.94,25.24,8.8671
3836.94,25.15,8.8671
3837.94,25.28,8.8671
3838.94,25.17,8.8671
3839.95,25.17,8.8671
3840.95,25.28,8.8671
3841.95,25.16,8.8671
3842.95,25.78,8.8672
3843.95,25.16,8.8672
3844.95,25.14,8.8672
3845.95,25.21,8.8672
3846.96,25.11,8.8672
3847.96,25.12,8.8673
3848.96,25.21,8.8673
3849.96,25.12,8.8673
3850.96,25.22,8.8673
3851.96,25.12,8.8673
3852.97,25.15,8.8673
3853.97,25.22,8.8673
3854.97,25.11,8.8673
3855.97,25.21,8.8673
3856.97,25.17,8.8673
3857.97,25.18,8.8673
3858.98,25.27,8.8673
3859.98,25.17,8.8673
3860.98,25.28,8.8673
3861.98,25.17,8.8673
3862.98,25.21,8.8673
3863.98,25.27,8.8673
3864.98,25.15,8.8673
3865.99,25.16,8.8673
3866.99,25.27,8.8673
3867.99,25.18,8.8674
3868.99,25.19,8.8674
3869.99,25.22,8.8674
3870.99,25.12,8.8674
3871.99,25.12,8.8674
3873.0,25.25,8.8674
3874.0,25.12,8.8674
3875.0,25.21,8.8674
3876.0,25.12,8.8674
3877.0,25.11,8.8674
3878.0,25.23,8.8675
3879.0,25.13,8.8675
3880.01,25.21,8.8675
3881.01,25.12,8.8675
3882.01,25.11,8.8675
3883.01,25.25,8.8675
3884.01,25.19,8.8675
3885.01,25.17,8.8675
3886.02,25.27,8.8675
3887.02,25.17,8.8675
3888.02,25.29,8.8675
3889.02,25.12,8.8675
3890.02,25.17,8.8675
3891.02,25.27,8.8675
3892.02,25.17,8.8675
3893.03,25.29,8.8675
3894.03,25.16,8.8675
3895.03,25.16,8.8675
3896.03,25.27,8.8675
3897.03,25.18,8.8675
3898.03,25.18,8.8676
3899.04,25.27,8.8676
3900.04,25.17,8.8676
3901.04,25.26,8.8676
3902.04,25.12,8.8676
3903.04,25.15,8.8676
3904.04,25.22,8.8676
3905.04,25.11,8.8676
3906.05,25.14,8.8676
3907.05,25.22,8.8676
3908.05,25.13,8.8676
3909.05,25.23,8.8676
3910.05,25.15,8.8676
3911.05,25.12,8.8676
3912.06,25.25,8.8676
3913.06,25.14,8.8676
3914.06,25.21,8.8676
3915.06,25.11,8.8676
3916.06,25.11,8.8676
3917.06,25.21,8.8676
3918.06,25.12,8.8677
3919.07,25.21,8.8677
3920.07,25.14,8.8677
3921.07,25.17,8.8677
3922.07,25.27,8.8677
3923.07,26.84,8.8677
3924.07,26.18,8.8677
3925.08,25.16,8.8677
3926.08,25.85,8.8677
3927.08,25.27,8.8676
3928.08,25.17,8.8678
3929.08,25.27,8.8678
3930.08,25.22,8.8678
3931.09,25.17,8.8678
3932.09,25.29,8.8678
3933.09,25.2,8.8678
3934.09,25.16,8.8678
3935.09,26.51,8.8678
3936.09,28.25,8.8678
3937.09,26.73,8.8678
3938.1,27.33,8.8679
3939.1,29.62,8.8679
3940.1,25.28,8.8679
3941.1,32.0,8.8679
3942.1,25.86,8.8679
3943.1,25.77,8.8679
3944.11,25.76,8.8679
3945.11,25.27,8.8679
3946.11,27.23,8.8679
3947.11,26.18,8.8679
3948.11,25.98,8.8679
3949.11,25.28,8.8679
3950.12,25.26,8.8679
3951.12,25.25,8.8679
3952.12,26.68,8.8679
3953.12,25.58,8.8679
3954.12,26.62,8.8679
3955.12,25.35,8.8679
3956.12,25.18,8.8679
3957.13,25.27,8.8679
3958.13,25.19,8.868
3959.13,25.17,8.868
3960.13,25.27,8.868
3961.13,25.17,8.868
3962.13,25.26,8.868
3963.14,25.22,8.868
3964.14,25.22,8.868
3965.14,25.28,8.868
3966.14,25.18,8.868
3967.14,25.2,8.868
3968.14,25.29,8.868
3969.14,25.18,8.868
3970.15,25.17,8.868
3971.15,25.28,8.868
3972.15,25.17,8.868
3973.15,25.3,8.868
3974.15,25.16,8.868
3975.15,25.16,8.868
3976.15,25.26,8.868
3977.16,25.17,8.868
3978.16,25.39,8.8681
3979.16,25.1,8.8681
3980.16,25.1,8.8681
3981.16,25.21,8.8681
3982.16,25.11,8.8681
3983.17,25.2,8.8681
3984.17,25.27,8.8681
3985.17,25.17,8.8681
3986.17,25.25,8.8681
3987.17,25.17,8.8682
3988.17,25.63,8.8682
3989.18,25.67,8.8682
3990.18,25.16,8.8682
3991.18,25.26,8.8682
3992.18,25.18,8.8682
3993.18,25.18,8.8682
3994.18,25.21,8.8682
3995.18,25.11,8.8682
3996.19,25.25,8.8682
3997.19,25.17,8.8682
3998.19,25.17,8.8682
3999.19,25.27,8.8682
4000.19,25.17,8.8682
4001.19,25.36,8.8682
4002.2,25.28,8.8682
4003.2,25.19,8.8683
4004.2,25.3,8.8683
4005.2,25.17,8.8683
4006.2,25.13,8.8683
4007.2,25.22,8.8683
4008.2,25.15,8.8683
4009.21,27.94,8.8975
4010.21,25.12,8.8976
4011.21,25.17,8.8976
4012.21,25.29,8.8976
4013.21,25.18,8.8976
4014.21,25.27,8.8976
4015.22,25.17,8.8976
4016.22,25.16,8.8976
4017.22,25.27,8.8977
4018.22,25.14,8.8977
4019.22,25.24,8.8977
4020.22,25.12,8.8977
4021.23,25.12,8.8977
4022.23,25.26,8.8977
4023.23,25.18,8.8977
4024.23,25.26,8.8977
4025.23,25.11,8.8977
4026.23,25.11,8.8977
4027.23,25.23,8.8977
4028.24,25.12,8.8977
4029.24,25.23,8.8977
4030.24,25.14,8.8977
4031.24,25.17,8.8977
4032.24,25.3,8.8977
4033.24,25.18,8.8977
4034.25,25.16,8.8977
4035.25,25.27,8.8977
4036.25,25.17,8.8977
4037.25,25.28,8.8978
4038.25,25.17,8.8978
4039.25,25.17,8.8978
4040.25,25.27,8.8978
4041.26,25.17,8.8978
4042.26,25.28,8.8978
4043.26,25.65,8.8978
4044.26,25.15,8.8978
4045.26,25.26,8.8978
4046.26,25.18,8.8978
4047.27,25.28,8.8978
4048.27,25.17,8.8978
4049.27,25.17,8.8978
4050.27,25.28,8.8978
4051.27,25.17,8.8978
4052.27,25.13,8.8978
4053.27,25.26,8.8978
4054.28,25.12,8.8978
4055.28,25.22,8.8978
4056.28,25.12,8.8978
4057.28,25.13,8.8979
4058.28,25.22,8.8979
4059.28,25.13,8.8979
4060.29,25.22,8.8979
4061.29,25.11,8.8979
4062.29,25.12,8.8979
4063.29,27.83,8.898
4064.29,25.11,8.898
4065.29,25.23,8.898
4066.3,25.17,8.898
4067.3,25.18,8.8981
4068.3,25.27,8.8981
4069.3,25.15,8.8981
4070.3,25.24,8.8981
4071.3,25.15,8.8981
4072.3,25.16,8.8981
4073.31,25.28,8.8981
4074.31,25.16,8.8981
4075.31,25.17,8.8981
4076.31,30.8,8.8981
4077.31,25.49,8.8981
4078.31,25.21,8.8981
4079.32,25.11,8.8981
4080.32,25.11,8.8981
4081.32,25.24,8.8981
4082.32,25.18,8.8981
4083.32,25.28,8.8981
4084.32,25.11,8.8981
4085.32,25.16,8.8981
4086.33,25.19,8.8981
4087.33,25.28,8.8982
4088.33,25.17,8.8982
4089.33,25.28,8.8982
4090.33,25.17,8.8982
4091.33,25.14,8.8982
4092.33,25.28,8.8982
4093.34,25.35,8.8982
4094.34,25.17,8.8982
4095.34,25.55,8.8982
4096.34,25.19,8.8982
4097.34,25.28,8.8982
4098.34,25.14,8.8982
4099.35,25.17,8.8982
4100.35,25.27,8.8982
4101.35,25.17,8.8982
4102.35,25.28,8.8982
4103.35,25.18,8.8982
4104.35,25.14,8.8982
4105.36,25.21,8.8983
4106.36,25.11,8.8983
4107.36,25.28,8.8984
4108.36,25.15,8.8984
4109.36,25.92,8.8984
4110.36,25.13,8.8984
4111.37,25.11,8.8984
4112.37,25.22,8.8984
4113.37,25.14,8.8984
4114.37,25.22,8.8984
4115.37,25.12,8.8984
4116.37,25.12,8.8984
4117.37,25.23,8.8984
4118.38,25.13,8.8984
4119.38,25.27,8.8984
4120.38,25.17,8.8984
4121.38,25.14,8.8984
4122.38,25.26,8.8984
4123.38,25.83,8.8984
4124.39,25.21,8.8984
4125.39,25.12,8.8984
4126.39,25.14,8.8984
4127.39,25.23,8.8984
4128.39,25.12,8.8984
4129.39,25.21,8.8984
4130.4,25.12,8.8984
4131.4,25.12,8.8984
4132.4,25.23,8.8986
4133.4,31.03,8.9268
4134.4,25.27,8.9268
4135.4,25.18,8.9268
4136.41,25.17,8.9267
4137.41,25.9,8.9268
4138.41,25.18,8.9268
4139.41,25.37,8.9268
4140.41,25.89,8.9268
4141.41,25.44,8.9268
4142.42,25.18,8.9268
4143.42,25.21,8.9268
4144.42,25.27,8.9268
4145.42,25.17,8.9268
4146.42,25.18,8.9268
4147.42,25.29,8.9268
4148.42,25.17,8.9268
4149.43,25.16,8.9268
4150.43,25.22,8.9268
4151.43,25.17,8.9268
4152.43,25.26,8.9268
4153.43,25.15,8.9268
4154.43,25.16,8.9268
4155.44,25.27,8.9268
4156.44,25.17,8.9268
4157.44,25.27,8.9269
4158.44,25.19,8.9269
4159.44,25.16,8.9269
4160.44,25.27,8.9269
4161.44,25.19,8.9269
4162.44,25.19,8.9269
4163.45,25.29,8.9269
4164.45,25.17,8.9269
4165.45,25.16,8.9269
4166.45,25.27,8.9269
4167.45,25.22,8.9269
4168.45,25.24,8.9269
4169.46,25.17,8.9269
4170.46,25.18,8.9269
4171.46,25.27,8.9269
4172.46,25.17,8.9269
4173.46,25.29,8.9269
4174.46,25.18,8.9269
4175.47,25.2,8.9269
4176.47,25.29,8.9269
4177.47,25.19,8.927
4178.47,25.29,8.9272
4179.47,25.2,8.9272
4180.47,25.24,8.9272
4181.48,25.13,8.9272
4182.48,25.13,8.9272
4183.48,25.24,8.9272
4184.48,25.12,8.9272
4185.48,25.22,8.9272
4186.48,25.12,8.9272
4187.49,25.13,8.9272
4188.49,25.22,8.9272
4189.49,25.13,8.9272
4190.49,25.23,8.9272
4191.49,25.12,8.9272
4192.49,25.24,8.9272
4193.5,25.29,8.9272
4194.5,25.12,8.9272
4195.5,31.48,6.6279
4196.5,85.09,2.3376
4197.5,79.93,2.504
4198.5,89.43,2.7153
4199.5,81.81,2.9988
4200.51,78.62,3.2751
4201.51,76.03,3.5817
4202.51,77.58,3.9514
4203.51,77.44,4.3707
4204.51,77.38,4.753
4205.51,76.76,5.1406
4206.51,78.81,5.5809
4207.52,75.25,6.0135
4208.52,76.03,6.4826
4209.52,75.0,6.9571
4210.52,45.91,7.1781
4211.52,30.49,7.2598
4212.52,27.35,7.2599
4213.52,25.2,7.2599
4214.53,26.13,7.2599
4215.53,26.58,7.2599
4216.53,25.18,7.2599
4217.53,26.51,7.2599
4218.53,31.27,7.4793
4219.53,25.24,7.4793
4220.54,25.2,7.4793
4221.54,26.4,7.4793
4222.54,25.26,7.4793
4223.54,29.84,7.4793
4224.54,25.2,7.4793
4225.54,25.29,7.4793
4226.55,25.25,7.4793
4227.55,31.84,7.4797
4228.55,25.16,7.4797
4229.55,26.08,7.4797
4230.55,25.19,7.4797
4231.55,26.01,7.4797
4232.55,25.34,7.4797
4233.56,25.27,7.4798
4234.56,25.44,7.4798
4235.56,30.2,7.4799
4236.56,25.37,7.4799
4237.56,25.48,7.4799
4238.56,25.19,7.4799
4239.57,25.2,7.4799
4240.57,25.31,7.4799
4241.57,30.05,7.4799
4242.57,25.22,7.4799
4243.57,26.47,7.4799
4244.57,25.24,7.4799
4245.57,25.19,7.4799
4246.57,25.19,7.4799
4247.58,25.29,7.4799
4248.58,31.21,7.601
4249.58,25.29,7.601
4250.58,25.19,7.601
4251.58,25.29,7.601
4252.58,25.21,7.601
4253.59,25.19,7.601
4254.59,25.29,7.601
4255.59,25.2,7.6185
4256.59,25.31,8.2427
4257.59,31.28,8.8155
4258.59,30.73,8.8742
4259.6,25.29,8.8742
4260.6,25.22,8.8742
4261.6,25.2,8.8742
4262.6,25.55,8.8742
4263.6,30.97,8.8742
4264.6,25.99,8.8742
4265.6,25.18,8.8742
4266.61,25.32,8.8746
4267.61,25.19,8.8746
4268.61,25.18,8.8746
4269.61,25.3,8.8746
4270.61,25.19,8.8746
4271.61,25.3,8.8746
4272.62,25.21,8.8745
4273.62,25.15,8.8745
4274.62,25.25,8.8745
4275.62,25.34,8.8746
4276.62,25.16,8.8746
4277.62,25.28,8.8747
4278.62,25.16,8.8747
4279.63,25.26,8.8747
4280.63,25.16,8.8747
4281.63,25.18,8.8747
4282.63,25.26,8.8747
4283.63,25.19,8.8747
4284.63,25.37,8.8747
4285.64,25.18,8.8747
4286.64,25.28,8.8747
4287.64,25.19,8.8747
4288.64,25.19,8.8747
4289.64,25.29,8.8747
4290.64,25.19,8.8747
4291.65,25.21,8.8747
4292.65,25.32,8.8747
4293.65,25.23,8.8747
4294.65,25.14,8.8747
4295.65,25.26,8.8747
4296.66,25.19,8.8747
4297.66,25.27,8.8748
4298.66,25.16,8.8748
4299.66,25.59,8.8748
4300.66,25.33,8.8748
4301.66,25.13,8.8748
4302.67,25.29,8.8748
4303.67,25.18,8.8748
4304.67,25.2,8.8748
4305.67,25.3,8.8748
4306.67,25.2,8.8748
4307.67,25.32,8.8748
4308.68,25.25,8.8748
4309.68,25.19,8.8748
4310.68,25.29,8.8748
4311.68,25.18,8.8748
4312.68,25.35,8.8748
4313.68,25.14,8.8748
4314.69,25.15,8.8748
4315.69,25.26,8.8748
4316.69,25.13,8.8748
4317.69,25.15,8.875
4318.69,25.26,8.875
4319.69,25.19,8.875
4320.69,25.19,8.875
4321.69,25.28,8.875
4322.7,25.15,8.875
4323.7,25.22,8.875
4324.7,25.16,8.875
4325.7,25.14,8.875
4326.7,25.29,8.875
4327.7,25.21,8.875
4328.71,25.29,8.875
4329.71,25.19,8.875
4330.71,25.23,8.875
4331.71,25.31,8.875
4332.71,25.22,8.8751
4333.71,25.14,8.8751
4334.71,25.26,8.8751
4335.72,25.21,8.8751
4336.72,25.19,8.8751
4337.72,25.3,8.8751
4338.72,25.21,8.8751
4339.72,25.19,8.8751
4340.72,25.41,8.8751
4341.73,25.15,8.8751
4342.73,25.38,8.8751
4343.73,25.19,8.8751
4344.73,25.29,8.8751
4345.73,25.19,8.8751
4346.73,25.19,8.8751
4347.73,25.3,8.8751
4348.74,25.19,8.8751
4349.74,25.17,8.8752
4350.74,25.27,8.8753
4351.74,25.16,8.8753
4352.74,25.29,8.8753
4353.74,25.2,8.8753
4354.75,25.19,8.8753
4355.75,25.26,8.8753
4356.75,25.15,8.8753
4357.75,25.24,8.8753
4358.75,25.26,8.8753
4359.75,25.14,8.8753
4360.75,25.13,8.8753
4361.75,25.22,8.8753
4362.76,25.21,8.8753
4363.76,25.29,8.8753
4364.76,25.18,8.8753
4365.76,25.14,8.8753
4366.76,25.26,8.8754
4367.76,25.2,8.8756
4368.77,25.29,8.8756
4369.77,25.19,8.8756
4370.77,25.16,8.8756
4371.77,25.28,8.8756
4372.77,25.21,8.8756
4373.77,25.29,8.8756
4374.78,25.19,8.8756
4375.78,25.23,8.8756
4376.78,25.29,8.8756
4377.78,25.2,8.8756
4378.78,25.22,8.8756
4379.78,25.12,8.8756
4380.79,25.24,8.8756
4381.79,25.13,8.8756
4382.79,25.21,8.8756
4383.79,25.29,8.8756
4384.79,25.18,8.8756
4385.79,25.33,8.8756
4386.8,25.19,8.8756
4387.8,25.2,8.8757
4388.8,25.29,8.8757
4389.8,25.2,8.8757
4390.8,25.19,8.8757
4391.8,25.28,8.8757
4392.81,25.22,8.8757
4393.81,25.29,8.8757
4394.81,25.18,8.8757
4395.81,25.16,8.8757
4396.81,25.28,8.8757
4397.81,25.2,8.8757
4398.81,25.29,8.8757
4399.82,25.19,8.8758
4400.82,25.19,8.8758
4401.82,25.28,8.8758
4402.82,25.21,8.8758
4403.82,25.33,8.8767
4404.82,25.24,8.8767
4405.83,25.3,8.8768
4406.83,25.21,8.8768
4407.83,25.14,8.8768
4408.83,25.28,8.8768
4409.83,25.19,8.8768
4410.83,25.19,8.8768
4411.84,25.3,8.8768
4412.84,25.27,8.8768
4413.84,25.29,8.8768
4414.84,25.19,8.8768
4415.84,25.19,8.8768
4416.84,25.64,8.8768
4417.84,25.26,8.8768
4418.85,25.29,8.8768
4419.85,25.27,8.8768
4420.85,25.19,8.8768
4421.85,25.42,8.9052
4422.85,25.16,8.9053
4423.85,25.22,8.9053
4424.86,25.13,8.9053
4425.86,25.18,8.9053
4426.86,25.29,8.9053
4427.86,25.19,8.9053
4428.86,25.18,8.9053
4429.86,25.28,8.9053
4430.86,25.23,8.9053
4431.87,25.28,8.9053
4432.87,25.21,8.9053
4433.87,25.18,8.9053
4434.87,25.28,8.9053
4435.87,25.18,8.9053
4436.87,25.28,8.9053
4437.88,25.19,8.9053
4438.88,25.18,8.9053
4439.88,25.33,8.9322
4440.88,25.18,8.9322
4441.88,25.27,8.9322
4442.88,25.22,8.9323
4443.89,25.17,8.9323
4444.89,25.27,8.9323
4445.89,25.19,8.9323
4446.89,25.29,8.9323
4447.89,25.19,8.9323
4448.89,25.15,8.9323
4449.89,25.29,8.9323
4450.9,25.19,8.9323
4451.9,25.28,8.9323
4452.9,25.23,8.9323
4453.9,25.18,8.9323
4454.9,25.28,8.9323
4455.9,25.2,8.9323
4456.91,25.17,8.9323
4457.91,25.29,8.9323
4458.91,25.23,8.9577
4459.91,25.28,8.9577
4460.91,25.19,8.9577
4461.91,25.17,8.9577
4462.91,25.3,8.9578
4463.92,25.18,8.9578
4464.92,25.25,8.9578
4465.92,25.12,8.9578
4466.92,25.18,8.9578
4467.92,25.34,8.9578
4468.92,25.19,8.9578
4469.93,25.29,8.9578
4470.93,25.19,8.9578
4471.93,25.19,8.9578
4472.93,25.52,8.9578
4473.93,25.18,8.9578
4474.93,25.28,8.9578
4475.94,25.19,8.9578
4476.94,25.18,8.9578
4477.94,25.33,8.9809
4478.94,25.18,8.9809
4479.94,25.3,8.9809
4480.94,25.18,8.9809
4481.95,25.19,8.9809
4482.95,25.48,8.9809
4483.95,25.18,8.9809
4484.95,25.21,8.9809
4485.95,25.29,8.9809
4486.95,25.17,8.9809
4487.95,25.25,8.9809
4488.95,25.27,8.9809
4489.96,25.18,8.9809
4490.96,25.28,8.9809
4491.96,25.18,8.9809
4492.96,25.24,8.981
4493.96,25.29,8.981
4494.96,25.19,8.981
4495.96,25.21,8.981
4496.97,25.29,8.981
4497.97,25.35,9.0014
4498.97,25.19,9.0014
4499.97,25.29,9.0014
4500.97,25.19,9.0014
4501.97,25.29,9.0014
4502.98,25.22,9.0014
4503.98,25.19,9.0014
4504.98,25.3,9.0014
4505.98,25.18,9.0014
4506.98,25.18,9.0014
4507.98,25.35,9.0014
4508.98,25.16,9.0014
4509.99,25.12,9.0014
4510.99,25.23,9.0014
4511.99,25.12,9.0014
4512.99,25.3,9.0015
4513.99,25.18,9.0015
4514.99,25.18,9.0015
4516.0,25.29,9.0015
4517.0,25.23,9.0079
4518.0,25.3,9.0079
4519.0,25.19,9.0079
4520.0,25.18,9.0079
4521.0,25.29,9.0079
4522.0,25.18,9.0079
4523.01,25.42,9.0079
4524.01,25.18,9.0079
4525.01,25.19,9.0079
4526.01,25.28,9.0079
4527.01,25.21,9.0079
4528.01,25.29,9.0079
4529.02,25.18,9.0079
4530.02,25.28,9.0079
4531.02,25.18,9.0079
4532.02,25.18,9.0079
4533.02,25.32,9.008
4534.02,25.18,9.008
4535.03,25.29,9.008
4536.03,25.17,9.008
4537.03,25.23,9.008
4538.03,25.32,9.008
4539.03,25.19,9.008
4540.03,25.18,9.008
4541.03,25.3,9.008
4542.04,25.18,9.008
4543.04,25.21,9.008
4544.04,25.31,9.008
4545.04,25.19,9.008
4546.04,25.19,9.008
4547.04,25.3,9.008
4548.04,25.14,9.008
4549.05,25.13,9.008
4550.05,25.24,9.008
4551.05,25.13,9.008
4552.05,25.13,9.008
4553.05,25.27,9.0081
4554.05,25.13,9.0081
4555.05,25.13,9.0082
4556.06,25.24,9.0082
4557.06,25.23,9.0082
4558.06,25.31,9.0082
4559.06,25.19,9.0082
4560.06,25.19,9.0082
4561.06,25.31,9.0082
4562.06,25.18,9.0082
4563.07,55.2,9.0084
4564.07,42.56,9.0084
4565.07,26.06,9.0084
4566.07,25.29,9.0084
4567.07,25.36,9.0084
4568.07,25.18,9.0084
4569.07,25.25,9.0084
4570.08,25.11,9.0084
4571.08,25.42,9.0084
4572.08,25.21,9.0084
4573.08,25.16,9.0085
4574.08,25.27,9.0085
4575.08,25.17,9.0085
4576.09,25.18,9.0085
4577.09,25.45,9.0091
4578.09,25.18,9.0091
4579.09,25.27,9.0091
4580.09,25.17,9.0091
4581.09,25.27,9.0091
4582.1,25.18,9.0091
4583.1,25.22,9.0091
4584.1,25.29,9.0091
4585.1,28.91,9.0091
4586.1,26.35,9.0091
4587.1,25.18,9.0091
4588.11,25.14,9.0092
4589.11,25.27,9.0092
4590.11,25.96,9.0092
4591.11,28.37,9.0092
4592.11,25.18,9.0092
4593.11,25.21,9.0092
4594.11,25.29,9.0092
4595.12,25.24,9.0092
4596.12,25.3,9.0092
4597.12,25.19,9.0092
4598.12,25.2,9.0092
4599.12,25.3,9.0092
4600.12,25.19,9.0092
4601.13,25.29,9.0092
4602.13,25.19,9.0092
4603.13,25.21,9.0093
4604.13,25.31,9.0093
4605.13,25.22,9.0093
4606.13,25.19,9.0093
4607.13,25.28,9.0093
4608.14,25.35,9.0093
4609.14,25.29,9.0093
4610.14,25.18,9.0093
4611.14,25.19,9.0093
4612.14,25.28,9.0093
4613.14,25.21,9.0093
4614.15,25.32,9.0093
4615.15,25.19,9.0093
4616.15,25.19,9.0093
4617.15,25.29,9.0093
4618.15,25.2,9.0093
4619.15,25.29,9.0093
4620.16,25.18,9.0093
4621.16,25.28,9.0093
4622.16,25.19,9.0093
4623.16,25.26,9.0094
4624.16,25.29,9.0094
4625.16,25.19,9.0094
4626.17,25.29,9.0094
4627.17,25.22,9.0094
4628.17,25.19,9.0094
4629.17,25.31,9.0094
4630.17,25.19,9.0094
4631.17,25.19,9.0094
4632.18,25.3,9.0094
4633.18,25.25,9.0094
4634.18,25.27,9.0094
4635.18,25.17,9.0094
4636.18,25.18,9.0094
4637.18,25.3,9.0094
4638.18,25.19,9.0094
4639.19,25.28,9.0094
4640.19,25.18,9.0094
4641.19,25.19,9.0094
4642.19,25.29,9.0094
4643.19,25.2,9.0094
4644.19,25.33,9.0094
4645.2,25.18,9.0094
4646.2,25.29,9.0094
4647.2,25.19,9.0095
4648.2,25.19,9.0095
4649.2,25.29,9.0095
4650.2,25.19,9.0095
4651.21,25.29,9.0095
4652.21,25.15,9.0095
4653.21,25.15,9.0095
4654.21,25.39,9.0095
4655.21,25.13,9.0095
4656.21,25.24,9.0095
4657.22,29.28,9.0095
4658.22,25.18,9.0095
4659.22,25.29,9.0095
4660.22,25.18,9.0095
4661.22,25.3,9.0095
4662.22,25.2,9.0095
4663.23,25.2,9.0095
4664.23,25.3,9.0095
4665.23,25.19,9.0095
4666.23,25.23,9.0095
4667.23,25.18,9.0097
4668.23,25.18,9.0097
4669.24,25.26,9.0097
4670.24,25.15,9.0097
4671.24,25.23,9.0097
4672.24,25.15,9.0097
4673.24,25.19,9.0098
4674.24,25.22,9.0098
4675.25,25.13,9.0098
4676.25,25.24,9.0098
4677.25,25.18,9.0098
4678.25,25.34,9.0098
4679.25,25.19,9.0098
4680.25,25.15,9.0098
4681.25,25.23,9.0098
4682.26,25.13,9.0098
4683.26,25.28,9.0098
4684.26,25.22,9.0098
4685.26,25.18,9.0098
4686.26,25.28,9.0098
4687.26,25.19,9.0099
4688.27,25.3,9.0099
4689.27,25.2,9.0099
4690.27,25.19,9.0099
4691.27,25.29,9.0099
4692.27,25.19,9.0099
4693.27,25.31,9.0099
4694.28,25.23,9.0099
4695.28,25.19,9.0099
4696.28,25.29,9.0099
4697.28,25.19,9.0099
4698.28,25.28,9.0099
4699.28,25.18,9.0099
4700.29,25.18,9.0099
4701.29,25.28,9.0099
4702.29,25.2,9.0099
4703.29,25.31,9.0099
4704.29,25.23,9.0099
4705.29,25.18,9.0099
4706.29,25.31,9.0099
4707.3,25.19,9.01
4708.3,25.13,9.01
4709.3,25.22,9.01
4710.3,25.13,9.01
4711.3,25.28,9.01
4712.3,25.14,9.01
4713.31,25.14,9.01
4714.31,25.31,9.01
4715.31,25.18,9.01
4716.31,25.28,9.01
4717.31,25.2,9.01
4718.31,25.18,9.01
4719.32,25.3,9.01
4720.32,25.18,9.01
4721.32,25.28,9.01
4722.32,25.2,9.01
4723.32,25.2,9.01
4724.32,25.35,9.01
4725.33,25.77,9.01
4726.33,25.22,9.01
4727.33,25.2,9.0102
4728.33,25.18,9.0102
4729.33,25.29,9.0102
4730.33,25.19,9.0102
4731.33,25.29,9.0102
4732.34,25.2,9.0102
4733.34,25.2,9.0102
4734.34,25.41,9.0102
4735.34,25.19,9.0102
4736.34,25.29,9.0102
4737.34,25.2,9.0102
4738.35,25.18,9.0102
4739.35,25.28,9.0102
4740.35,25.19,9.0102
4741.35,25.12,9.0102
4742.35,25.22,9.0102
4743.35,25.16,9.0102
4744.35,25.32,9.0103
4745.36,25.18,9.0103
4746.36,25.29,9.0103
4747.36,25.2,9.0104
4748.36,25.19,9.0104
4749.36,25.3,9.0104
4750.36,25.19,9.0104
4751.37,25.29,9.0104
4752.37,25.19,9.0104
4753.37,25.2,9.0104
4754.37,25.32,9.0104
4755.37,25.19,9.0104
4756.37,25.28,9.0104
4757.38,25.2,9.0104
4758.38,25.19,9.0104
4759.38,25.29,9.0104
4760.38,25.19,9.0104
4761.38,25.26,9.0104
4762.38,25.16,9.0104
4763.39,25.31,9.0106
4764.39,25.14,9.0106
4765.39,25.12,9.0106
4766.39,25.23,9.0106
4767.39,25.23,9.0106
4768.39,25.29,9.0106
4769.4,25.18,9.0106
4770.4,25.13,9.0106
4771.4,25.25,9.0106
4772.4,25.19,9.0106
4773.4,25.2,9.0106
4774.4,25.32,9.0106
4775.4,25.18,9.0106
4776.41,25.32,9.0106
4777.41,25.18,9.0106
4778.41,25.18,9.0106
4779.41,25.28,9.0106
4780.41,25.21,9.0106
4781.41,25.18,9.0106
4782.41,25.27,9.0106
4783.42,25.13,9.0106
4784.42,25.31,9.0108
4785.42,25.17,9.0108
4786.42,25.13,9.0108
4787.42,25.24,9.0109
4788.42,25.12,9.0109
4789.43,25.23,9.0109
4790.43,25.13,9.0109
4791.43,25.13,9.0109
4792.43,25.24,9.0109
4793.43,25.15,9.0109
4794.43,25.27,9.0109
4795.44,25.16,9.0109
4796.44,25.19,9.0109
4797.44,25.14,9.0109
4798.44,25.14,9.0109
4799.44,25.29,9.0109
4800.44,25.16,9.0109
4801.45,25.23,9.0109
4802.45,25.17,9.0109
4803.45,25.2,9.0109
4804.45,25.41,9.0109
4805.45,25.18,9.0109
4806.45,25.23,9.0109
4807.46,25.14,9.011
4808.46,25.12,9.011
4809.46,25.23,9.011
4810.46,25.13,9.011
4811.46,25.25,9.011
4812.46,25.18,9.011
4813.47,25.3,9.011
4814.47,25.31,9.0125
4815.47,25.18,9.0125
4816.47,25.22,9.0125
4817.47,25.14,9.0125
4818.47,25.22,9.0125
4819.48,25.18,9.0125
4820.48,25.19,9.0125
4821.48,25.28,9.0125
4822.48,25.2,9.0125
4823.48,25.29,9.0125
4824.48,25.22,9.0125
4825.49,25.14,9.0125
4826.49,25.22,9.0125
4827.49,25.13,9.0126
4828.49,25.22,9.0126
4829.49,25.15,9.0126
4830.49,25.29,9.0126
4831.5,25.19,9.0126
4832.5,25.2,9.0126
4833.5,25.26,9.0126
4834.5,25.22,9.0136
4835.5,25.18,9.0136
4836.5,25.29,9.0136
4837.51,25.2,9.0136
4838.51,25.29,9.0136
4839.51,25.19,9.0136
4840.51,25.29,9.0136
4841.51,25.19,9.0136
4842.51,25.2,9.0136
4843.52,25.3,9.0136
4844.52,25.23,9.0136
4845.52,25.29,9.0136
4846.52,25.18,9.0136
4847.52,25.2,9.0136
4848.52,25.28,9.0137
4849.53,27.51,9.0137
4850.53,25.28,9.0137
4851.53,25.19,9.0137
4852.53,25.3,9.0137
4853.53,25.2,9.0137
4854.53,25.25,9.0156
4855.53,25.36,9.0156
4856.54,25.19,9.0156
4857.54,25.19,9.0156
4858.54,25.28,9.0156
4859.54,25.52,9.0156
4860.54,25.28,9.0156
4861.54,25.19,9.0156
4862.55,25.2,9.0156
4863.55,25.3,9.0156
4864.55,25.33,9.0156
4865.55,25.33,9.0156
4866.55,25.19,9.0156
4867.55,25.21,9.0156
4868.55,25.3,9.0156
4869.56,25.2,9.0156
4870.56,25.2,9.0156
4871.56,25.3,9.0158
4872.56,25.2,9.0158
4873.56,25.83,9.0158
4874.56,25.35,9.0158
4875.56,25.21,9.0168
4876.57,25.29,9.0168
4877.57,25.2,9.0168
4878.57,25.18,9.0168
4879.57,25.29,9.0168
4880.57,25.19,9.0168
4881.57,25.29,9.0168
4882.58,25.22,9.0168
4883.58,25.29,9.0168
4884.58,25.19,9.0168
4885.58,25.32,9.0168
4886.58,25.25,9.0168
4887.58,25.13,9.0169
4888.59,25.21,9.0169
4889.59,25.11,9.0169
4890.59,25.11,9.0169
4891.59,25.21,9.017
4892.59,25.15,9.017
4893.59,25.21,9.017
4894.6,25.17,9.017
4895.6,25.33,9.018
4896.6,25.19,9.018
4897.6,25.2,9.018
4898.6,25.28,9.018
4899.6,25.2,9.018
4900.61,26.22,9.018
4901.61,25.12,9.018
4902.61,25.15,9.018
4903.61,25.23,9.018
4904.61,25.12,9.018
4905.61,25.28,9.0181
4906.62,25.19,9.0181
4907.62,25.3,9.0182
4908.62,25.18,9.0182
4909.62,25.16,9.0182
4910.62,25.29,9.0182
4911.62,25.2,9.0182
4912.63,25.21,9.0182
4913.63,25.23,9.0182
4914.63,25.13,9.0182
4915.63,25.28,9.0186
4916.63,25.19,9.0186
4917.63,25.2,9.0186
4918.64,25.29,9.0186
4919.64,25.19,9.0186
4920.64,25.29,9.0186
4921.64,25.15,9.0186
4922.64,25.14,9.0186
4923.64,25.27,9.0186
4924.65,25.17,9.0186
4925.65,25.29,9.0186
4926.65,25.19,9.0186
4927.65,25.23,9.0187
4928.65,25.13,9.0187
4929.65,25.23,9.0187
4930.66,25.39,9.0187
4931.66,25.13,9.0187
4932.66,28.97,9.0186
4933.66,25.19,9.0186
4934.66,25.3,9.0186
4935.66,25.19,9.0186
4936.67,25.24,9.0201
4937.67,25.31,9.0201
4938.67,25.18,9.0201
4939.67,25.18,9.0201
4940.67,25.25,9.0201
4941.67,25.18,9.0201
4942.67,25.22,9.0202
4943.67,25.3,9.0202
4944.68,25.19,9.0202
4945.68,25.19,9.0202
4946.68,25.3,9.0202
4947.68,25.22,9.021
4948.68,25.12,9.021
4949.68,25.25,9.021
4950.68,25.2,9.021
4951.69,25.18,9.021
4952.69,25.31,9.021
4953.69,25.16,9.021
4954.69,25.22,9.021
4955.69,25.13,9.021
4956.69,25.12,9.021
4957.7,25.36,9.021
4958.7,25.12,9.021
4959.7,25.27,9.021
4960.7,25.53,9.021
4961.7,25.18,9.021
4962.7,25.26,9.0211
4963.7,25.13,9.0211
4964.71,25.26,9.0211
4965.71,25.19,9.0211
4966.71,25.31,9.0211
4967.71,25.29,9.0211
4968.71,25.17,9.0211
4969.71,25.22,9.0211
4970.72,25.12,9.0211
4971.72,25.11,9.0211
4972.72,25.25,9.0211
4973.72,25.13,9.0211
4974.72,25.22,9.0211
4975.72,25.13,9.0211
4976.73,25.28,9.0211
4977.73,25.2,9.0211
4978.73,25.19,9.0211
4979.73,25.29,9.0211
4980.73,25.13,9.0211
4981.73,25.13,9.0211
4982.73,25.26,9.0212
4983.74,25.16,9.0212
4984.74,25.28,9.0212
4985.74,25.25,9.0214
4986.74,25.19,9.0214
4987.74,25.29,9.0214
4988.74,25.18,9.0214
4989.75,25.19,9.0214
4990.75,25.31,9.0214
4991.75,25.18,9.0214
4992.75,25.21,9.0214
4993.75,25.3,9.0214
4994.75,25.23,9.0216
4995.75,25.19,9.0216
4996.75,25.3,9.0216
4997.76,25.2,9.0216
4998.76,25.18,9.0216
4999.76,25.29,9.0216
5000.76,25.19,9.0216
5001.76,25.19,9.0216
5002.76,25.32,9.0217
5003.77,25.11,9.0217
5004.77,25.29,9.0219
5005.77,25.17,9.0219
5006.77,25.28,9.0219
5007.77,25.19,9.0219
5008.77,25.18,9.0219
5009.77,25.28,9.0219
5010.78,25.19,9.0219
5011.78,25.29,9.0219
5012.78,25.21,9.0219
5013.78,25.19,9.0219
5014.78,25.31,9.0219
5015.78,25.18,9.0219
5016.79,25.28,9.0219
5017.79,25.2,9.0219
5018.79,25.18,9.0219
5019.79,25.3,9.0219
5020.79,25.21,9.0219
5021.79,25.18,9.0219
5022.8,25.31,9.022
5023.8,25.18,9.022
5024.8,25.33,9.022
5025.8,25.19,9.022
5026.8,25.18,9.022
5027.8,25.29,9.022
5028.8,25.19,9.022
5029.81,25.28,9.022
5030.81,25.19,9.022
5031.81,25.14,9.022
5032.81,25.3,9.022
5033.81,25.57,9.022
5034.81,25.36,9.0228
5035.82,25.18,9.0228
5036.82,25.18,9.0228
5037.82,25.3,9.0228
5038.82,25.18,9.0228
5039.82,25.29,9.0228
5040.82,25.19,9.0228
5041.82,25.2,9.0228
5042.83,25.31,9.023
5043.83,25.32,9.023
5044.83,25.18,9.023
5045.83,25.28,9.023
5046.83,25.18,9.023
5047.83,25.3,9.023
5048.84,25.19,9.023
5049.84,25.29,9.023
5050.84,25.18,9.023
5051.84,25.2,9.023
5052.84,25.23,9.023
5053.84,25.32,9.023
5054.85,25.18,9.023
5055.85,25.3,9.023
5056.85,25.19,9.023
5057.85,25.19,9.023
5058.85,25.31,9.023
5059.85,25.18,9.023
5060.85,25.19,9.023
5061.85,25.31,9.0231
5062.86,25.21,9.0231
5063.86,25.22,9.0231
5064.86,25.29,9.0231
5065.86,25.18,9.0231
5066.86,25.28,9.0231
5067.86,25.14,9.0231
5068.87,25.13,9.0231
5069.87,25.25,9.0231
5070.87,25.16,9.0231
5071.87,25.22,9.0231
5072.87,25.15,9.0231
5073.87,25.26,9.0231
5074.88,25.12,9.0231
5075.88,25.13,9.0231
5076.88,25.22,9.0231
5077.88,25.15,9.0232
5078.88,25.23,9.0232
5079.88,25.18,9.0232
5080.89,25.17,9.0232
5081.89,25.28,9.0232
5082.89,25.21,9.0232
5083.89,25.24,9.0232
5084.89,25.29,9.0232
5085.89,25.19,9.0232
5086.89,25.3,9.0232
5087.9,25.16,9.0232
5088.9,25.15,9.0232
5089.9,25.23,9.0232
5090.9,25.13,9.0232
5091.9,25.13,9.0232
5092.9,25.29,9.0232
5093.9,25.12,9.0232
5094.91,25.23,9.0232
5095.91,25.13,9.0232
5096.91,25.24,9.0232
5097.91,25.19,9.0233
5098.91,25.2,9.0233
5099.91,25.29,9.0233
5100.92,25.19,9.0233
5101.92,25.28,9.0233
5102.92,25.47,9.0233
5103.92,25.19,9.0233
5104.92,25.29,9.0233
5105.92,25.18,9.0233
5106.93,25.28,9.0233
5107.93,25.16,9.0233
5108.93,25.16,9.0233
5109.93,25.3,9.0233
5110.93,25.19,9.0233
5111.93,25.29,9.0233
5112.94,25.34,9.0238
5113.94,25.29,9.0239
5114.94,25.19,9.0239
5115.94,25.18,9.0239
5116.94,25.28,9.0239
5117.94,25.2,9.0239
5118.95,25.28,9.0239
5119.95,25.18,9.0239
5120.95,25.29,9.0239
5121.95,25.18,9.0239
5122.95,25.64,9.024
5123.95,25.23,9.024
5124.96,25.15,9.024
5125.96,25.28,9.024
5126.96,25.19,9.024
5127.96,25.2,9.0242
5128.96,25.29,9.0242
5129.96,25.19,9.0242
5130.97,25.28,9.0242
5131.97,25.22,9.0246
5132.97,25.62,9.0246
5133.97,25.22,9.0246
5134.97,25.13,9.0246
5135.97,25.23,9.0246
5136.98,25.13,9.0246
5137.98,25.14,9.0246
5138.98,25.24,9.0246
5139.98,25.15,9.0246
5140.98,25.24,9.0246
5141.98,25.22,9.0246
5142.98,25.24,9.0246
5143.99,25.28,9.0246
5144.99,25.18,9.0246
5145.99,25.18,9.0246
5146.99,25.28,9.0246
5147.99,25.2,9.0246
5148.99,25.29,9.0246
5150.0,25.18,9.0246
5151.0,25.21,9.0248
5152.0,25.32,9.0248
5153.0,25.21,9.0248
5154.0,25.19,9.0248
5155.0,25.28,9.0248
5156.0,25.19,9.0248
5157.01,25.31,9.0248
5158.01,25.19,9.0248
5159.01,25.19,9.0248
5160.01,25.29,9.0248
5161.01,25.18,9.0248
5162.01,25.3,9.0248
5163.02,25.14,9.0248
5164.02,25.09,9.0248
5165.02,25.22,9.0248
5166.02,25.12,9.0248
5167.02,25.11,9.0248
5168.02,25.28,9.0248
5169.02,25.18,9.0248
5170.03,25.28,9.0248
5171.03,25.18,9.0248
5172.03,25.22,9.0249
5173.03,25.25,9.0249
5174.03,25.17,9.0249
5175.03,25.28,9.0249
5176.04,25.19,9.0249
5177.04,25.16,9.0249
5178.04,25.25,9.0249
5179.04,25.14,9.0249
5180.04,25.28,9.0249
5181.04,25.19,9.0249
5182.05,25.23,9.0249
5183.05,25.32,9.0249
5184.05,25.18,9.0249
5185.05,25.28,9.0249
5186.05,25.19,9.0249
5187.05,25.19,9.0249
5188.06,25.3,9.0249
5189.06,25.18,9.0249
5190.06,25.27,9.0249
5191.06,25.16,9.0249
5192.06,25.23,9.0249
5193.06,25.3,9.025
5194.07,25.19,9.025
5195.07,25.29,9.025
5196.07,25.19,9.025
5197.07,25.29,9.025
5198.07,25.2,9.025
5199.07,25.15,9.025
5200.07,25.22,9.025
5201.08,25.12,9.025
5202.08,25.41,9.025
5203.08,26.32,9.0251
5204.08,25.19,9.0251
5205.08,25.28,9.0251
5206.08,25.19,9.0251
5207.09,25.28,9.0251
5208.09,25.19,9.0251
5209.09,25.19,9.0251
5210.09,25.29,9.0251
5211.09,25.23,9.0251
5212.09,25.28,9.0251
5213.1,25.22,9.0252
5214.1,25.19,9.0252
5215.1,25.29,9.0252
5216.1,25.18,9.0252
5217.1,25.29,9.0252
5218.1,25.2,9.0252
5219.11,25.19,9.0252
5220.11,25.28,9.0252
5221.11,25.23,9.0252
5222.11,25.28,9.0252
5223.11,25.22,9.0252
5224.11,25.18,9.0252
5225.12,25.29,9.0252
5226.12,25.18,9.0252
5227.12,25.29,9.0252
5228.12,25.2,9.0252
5229.12,25.29,9.0252
5230.12,25.19,9.0252
5231.13,25.22,9.0252
5232.13,25.26,9.0252
5233.13,25.2,9.0254
5234.13,25.28,9.0254
5235.13,25.15,9.0254
5236.13,25.13,9.0254
5237.13,25.25,9.0254
5238.14,25.93,9.0254
5239.14,25.28,9.0254
5240.14,25.19,9.0254
5241.14,25.23,9.0254
5242.14,25.29,9.0254
5243.14,25.22,9.0254
5244.15,25.29,9.0254
5245.15,25.19,9.0254
5246.15,25.19,9.0254
5247.15,25.28,9.0254
5248.15,25.2,9.0254
5249.15,25.29,9.0254
5250.16,25.19,9.0254
5251.16,25.34,9.0254
5252.16,25.17,9.0254
5253.16,25.22,9.0255
5254.16,25.29,9.0255
5255.16,25.19,9.0255
5256.17,25.29,9.0255
5257.17,25.2,9.0255
5258.17,25.18,9.0255
5259.17,25.29,9.0255
5260.17,25.18,9.0255
5261.17,25.33,9.0255
5262.18,25.2,9.0255
5263.18,25.21,9.0256
5264.18,25.28,9.0256
5265.18,25.19,9.0256
5266.18,25.29,9.0256
5267.18,25.2,9.0256
5268.19,25.19,9.0256
5269.19,25.29,9.0256
5270.19,25.19,9.0256
5271.19,25.44,9.0256
5272.19,25.21,9.0257
5273.19,25.31,9.0257
5274.2,25.19,9.0257
5275.2,25.2,9.0257
5276.2,25.29,9.0257
5277.2,25.2,9.0257
5278.2,25.29,9.0257
5279.2,25.18,9.0257
5280.21,25.19,9.0257
5281.21,25.33,9.0257
5282.21,25.19,9.0257
5283.21,26.03,9.0257
5284.21,25.28,9.0257
5285.21,25.18,9.0257
5286.21,25.29,9.0257
5287.22,25.19,9.0257
5288.22,25.19,9.0257
5289.22,25.3,9.0257
5290.22,25.23,9.0257
5291.22,25.29,9.0257
5292.22,25.77,9.0258
5293.23,25.31,9.0258
5294.23,43.91,9.0258
5295.23,25.17,9.0258
5296.23,25.28,9.0258
5297.23,25.19,9.0258
5298.23,25.37,9.0258
5299.24,25.18,9.0258
5300.24,25.19,9.0258
5301.24,25.28,9.0258
5302.24,25.19,9.0258
5303.24,25.2,9.0258
5304.24,25.28,9.0258
5305.24,25.19,9.0258
5306.25,25.3,9.0258
5307.25,25.19,9.0258
5308.25,25.18,9.0258
5309.25,25.3,9.0258
5310.25,25.17,9.0258
5311.25,25.18,9.0258
5312.25,25.27,9.026
5313.26,25.19,9.026
5314.26,25.17,9.026
5315.26,25.28,9.026
5316.26,25.18,9.026
5317.26,25.29,9.026
5318.26,25.18,9.026
5319.27,25.2,9.026
5320.27,25.28,9.026
5321.27,25.18,9.026
5322.27,25.3,9.026
5323.27,25.2,9.026
5324.27,25.17,9.026
5325.27,25.28,9.026
5326.28,25.19,9.026
5327.28,25.29,9.026
5328.28,25.2,9.026
5329.28,25.13,9.026
5330.28,25.25,9.026
5331.28,25.18,9.026
5332.29,25.19,9.0261
5333.29,25.3,9.0261
5334.29,25.18,9.0261
5335.29,25.29,9.0261
5336.29,25.17,9.0261
5337.29,25.18,9.0261
5338.29,25.28,9.0261
5339.3,25.17,9.0261
5340.3,25.28,9.0261
5341.3,25.18,9.0261
5342.3,25.16,9.0261
5343.3,25.24,9.0261
5344.31,25.12,9.0261
5345.31,25.28,9.0261
5346.31,25.18,9.0261
5347.31,25.18,9.0261
5348.31,25.28,9.0261
5349.31,25.18,9.0261
5350.31,25.26,9.0261
5351.32,25.12,9.0261
5352.32,25.14,9.0262
5353.32,25.29,9.0262
5354.32,25.18,9.0262
5355.32,25.28,9.0262
5356.32,25.18,9.0262
5357.33,25.19,9.0262
5358.33,25.28,9.0262
5359.33,25.17,9.0262
5360.33,25.28,9.0262
5361.33,25.18,9.0262
5362.33,25.29,9.0262
5363.34,25.19,9.0262
5364.34,25.17,9.0262
5365.34,25.25,9.0262
5366.34,25.18,9.0262
5367.34,25.29,9.0262
5368.34,25.17,9.0262
5369.35,25.17,9.0262
5370.35,25.28,9.0262
5371.35,25.18,9.0262
5372.35,25.28,9.0263
5373.35,25.2,9.0263
5374.35,25.18,9.0263
5375.36,25.37,9.0263
5376.36,25.18,9.0263
5377.36,25.3,9.0263
5378.36,25.19,9.0263
5379.36,25.3,9.0263
5380.36,25.19,9.0263
5381.37,25.2,9.0263
5382.37,25.3,9.0263
5383.37,25.22,9.0263
5384.37,25.29,9.0263
5385.37,25.21,9.0263
5386.37,25.19,9.0263
5387.38,25.3,9.0263
5388.38,25.19,9.0263
5389.38,25.3,9.0263
5390.38,25.21,9.0263
5391.38,25.22,9.0263
5392.38,25.32,9.0265
5393.38,25.22,9.0265
5394.39,25.28,9.0265
5395.39,27.23,8.3926
5396.39,83.96,2.3128
5397.39,89.05,2.436
5398.39,70.31,2.1729
5399.39,88.98,2.3961
5400.4,89.66,2.6621
5401.4,58.2,2.1523
5402.4,83.82,2.3354
5403.4,72.69,2.1559
5404.4,84.58,2.3445
5405.4,68.6,2.1456
5406.4,78.31,2.3045
5407.4,75.29,2.1265
5408.41,70.84,2.2904
5409.41,86.48,2.4621
5410.41,71.83,2.2927
5411.41,86.41,2.459
5412.41,69.84,2.2874
5413.41,77.32,2.1215
5414.41,80.28,2.3998
5415.42,86.45,2.6109
5416.42,87.34,2.8053
5417.42,79.46,3.0415
5418.42,77.75,3.2851
5419.42,76.39,3.5292
5420.42,76.14,3.7671
5421.42,76.3,4.0312
5422.43,75.93,4.2563
5423.43,78.11,4.4977
5424.43,59.86,4.8913
5425.43,29.78,5.294
5426.43,32.82,5.7049
5427.43,25.42,6.1367
5428.43,26.22,6.565
5429.44,25.33,6.9828
5430.44,38.36,7.2301
5431.44,25.3,7.2301
5432.44,29.02,7.2303
5433.44,25.89,7.2303
5434.44,25.3,7.3305
5435.44,26.0,7.3305
5436.45,25.18,7.3305
5437.45,25.24,7.3305
5438.45,25.16,7.3305
5439.45,25.38,7.3305
5440.45,25.23,7.3305
5441.45,31.75,7.5101
5442.45,25.6,7.5102
5443.46,25.83,7.5102
5444.46,25.41,7.5102
5445.46,25.17,7.5102
5446.46,25.73,7.5102
5447.46,25.29,7.5102
5448.46,25.77,7.5102
5449.47,27.5,7.5103
5450.47,29.71,7.5105
5451.47,25.34,7.5105
5452.47,25.35,7.5105
5453.47,25.21,7.5105
5454.47,25.29,7.5105
5455.48,25.18,7.5105
5456.48,25.2,7.5105
5457.48,25.28,7.5105
5458.48,25.13,7.5105
5459.48,30.61,7.5106
5460.48,25.33,7.5106
5461.49,25.19,7.5106
5462.49,25.3,7.5106
5463.49,25.21,7.5106
5464.49,25.3,7.5106
5465.49,25.24,7.5106
5466.49,25.29,7.5106
5467.5,25.19,7.5107
5468.5,30.3,7.5107
5469.5,25.28,7.5107
5470.5,25.18,7.5107
5471.5,25.21,7.5107
5472.5,25.16,7.5107
5473.51,25.6,7.5107
5474.51,25.29,7.5107
5475.51,25.23,7.5107
5476.51,25.26,7.5107
5477.51,30.17,7.5107
5478.51,31.7,7.6418
5479.52,25.18,7.6418
5480.52,25.19,7.6418
5481.52,25.25,7.6418
5482.52,25.17,7.6418
5483.52,25.3,7.6418
5484.52,25.14,7.6418
5485.53,25.13,7.6418
5486.53,25.24,7.6418
5487.53,25.14,7.9102
5488.53,25.3,8.3331
5489.53,25.19,8.7384
5490.53,37.45,8.8815
5491.53,25.3,8.8815
5492.54,25.21,8.8815
5493.54,25.2,8.8815
5494.54,25.29,8.8815
5495.54,25.18,8.8815
5496.54,25.28,8.8815
5497.54,25.2,8.8815
5498.55,25.28,8.8815
5499.55,25.19,8.8815
5500.55,25.19,8.8815
5501.55,25.39,8.8819
5502.55,25.18,8.8819
5503.55,25.2,8.8819
5504.55,25.28,8.8819
5505.56,33.07,8.8819
5506.56,25.38,8.8819
5507.56,25.2,8.8819
5508.56,25.21,8.8819
5509.56,25.33,8.8821
5510.56,25.16,8.8821
5511.57,25.26,8.8821
5512.57,25.17,8.8821
5513.57,25.18,8.8821
5514.57,25.27,8.8821
5515.57,25.17,8.8821
5516.57,25.26,8.8821
5517.58,25.18,8.8821
5518.58,25.17,8.8821
5519.58,25.38,8.8821
5520.58,27.77,8.8822
5521.58,25.14,8.8822
5522.58,25.52,8.8822
5523.58,25.19,8.8822
5524.59,25.15,8.8822
5525.59,25.27,8.8822
5526.59,25.22,8.8822
5527.59,25.18,8.8822
5528.59,25.22,8.8822
5529.59,25.18,8.8823
5530.59,25.28,8.8823
5531.6,25.13,8.8823
5532.6,25.18,8.8823
5533.6,25.26,8.8823
5534.6,25.17,8.8823
5535.6,25.15,8.8823
5536.6,25.27,8.8823
5537.6,25.16,8.8823
5538.61,25.22,8.8823
5539.61,25.11,8.8823
5540.61,25.13,8.8823
5541.61,25.23,8.8823
5542.61,25.19,8.8823
5543.61,25.14,8.8823
5544.61,27.18,8.8823
5545.62,25.1,8.8823
5546.62,25.11,8.8823
5547.62,25.48,8.8823
5548.62,25.12,8.8823
5549.62,25.15,8.8823
5550.62,25.22,8.8823
5551.62,25.13,8.8823
5552.63,25.26,8.8824
5553.63,25.14,8.8824
5554.63,25.12,8.8824
5555.63,25.13,8.8824
5556.63,25.27,8.8824
5557.63,25.16,8.8824
5558.63,25.21,8.8824
5559.64,25.12,8.8824
5560.64,25.71,8.8824
5561.64,25.11,8.8824
5562.64,25.17,8.8824
5563.64,25.55,8.8824
5564.64,25.12,8.8824
5565.65,25.13,8.8824
5566.65,25.23,8.8824
5567.65,25.14,8.8825
5568.65,25.16,8.8825
5569.65,25.22,8.8825
5570.65,25.16,8.8825
5571.65,25.28,8.8825
5572.66,25.2,8.8825
5573.66,25.18,8.8825
5574.66,25.27,8.8825
5575.66,25.18,8.8825
5576.66,25.28,8.8825
5577.66,25.18,8.8825
5578.67,25.18,8.8825
5579.67,25.28,8.8825
5580.67,25.12,8.8825
5581.67,25.22,8.8825
5582.67,25.15,8.8825
5583.67,25.12,8.8825
5584.68,25.24,8.8825
5585.68,25.18,8.8825
5586.68,25.28,8.8825
5587.68,25.14,8.8827
5588.68,25.12,8.8827
5589.68,25.23,8.8827
5590.68,25.12,8.8827
5591.69,25.22,8.8827
5592.69,25.15,8.8827
5593.69,25.13,8.8827
5594.69,25.23,8.8827
5595.69,25.14,8.8827
5596.69,25.26,8.8827
5597.7,25.14,8.8827
5598.7,25.14,8.8827
5599.7,25.26,8.8827
5600.7,25.16,8.8827
5601.7,25.16,8.8827
5602.7,25.3,8.8827
5603.7,25.17,8.8827
5604.71,25.27,8.8827
5605.71,25.14,8.8827
5606.71,25.15,8.8827
5607.71,25.25,8.8828
5608.71,25.11,8.8828
5609.71,25.22,8.8828
5610.72,25.12,8.8828
5611.72,25.12,8.8828
5612.72,25.25,8.8828
5613.72,25.12,8.8828
5614.72,25.22,8.8828
5615.72,25.12,8.8828
5616.73,25.12,8.8828
5617.73,25.24,8.8828
5618.73,25.18,8.8828
5619.73,25.29,8.8828
5620.73,25.18,8.8828
5621.73,25.18,8.8828
5622.73,25.38,8.8828
5623.74,25.16,8.8828
5624.74,25.17,8.8828
5625.74,25.27,8.8828
5626.74,25.18,8.8828
5627.74,25.29,8.8829
5628.74,25.18,8.8829
5629.75,25.17,8.8829
5630.75,25.27,8.8829
5631.75,25.16,8.8829
5632.75,25.19,8.8829
5633.75,25.28,8.8829
5634.75,25.17,8.8829
5635.75,25.17,8.8829
5636.75,25.29,8.8829
5637.76,25.18,8.8829
5638.76,25.18,8.8829
5639.76,25.27,8.8829
5640.76,26.42,8.8829
5641.76,25.28,8.8829
5642.76,25.19,8.8829
5643.77,25.16,8.8829
5644.77,25.28,8.8829
5645.77,25.16,8.8829
5646.77,25.17,8.8829
5647.77,25.3,8.8829
5648.77,25.17,8.8829
5649.77,25.18,8.8829
5650.77,25.3,8.8829
5651.78,25.18,8.8829
5652.78,25.67,8.8829
5653.78,25.29,8.8829
5654.78,25.16,8.8829
5655.78,25.17,8.8829
5656.78,25.27,8.8829
5657.78,25.19,8.8829
5658.79,25.28,8.8829
5659.79,25.17,8.8829
5660.79,25.17,8.8829
5661.79,25.27,8.8829
5662.79,25.2,8.8829
5663.79,25.17,8.8829
5664.8,25.28,8.8829
5665.8,25.18,8.8829
5666.8,25.27,8.8829
5667.8,25.19,8.8829
5668.8,25.17,8.8829
5669.8,25.27,8.8829
5670.8,25.18,8.8829
5671.81,25.27,8.8829
5672.81,25.2,8.8829
5673.81,25.17,8.8829
5674.81,25.27,8.8829
5675.81,25.17,8.8829
5676.81,25.28,8.8829
5677.82,25.18,8.8829
5678.82,25.16,8.8829
5679.82,25.35,8.8829
5680.82,25.17,8.8829
5681.82,25.27,8.8829
5682.82,25.2,8.8829
5683.83,25.17,8.8829
5684.83,25.24,8.8829
5685.83,25.12,8.8829
5686.83,25.17,8.8829
5687.83,25.28,8.8829
5688.83,25.16,8.8829
5689.83,25.16,8.883
5690.83,25.27,8.883
5691.84,25.17,8.883
5692.84,25.3,8.883
5693.84,25.16,8.883
5694.84,25.16,8.883
5695.84,25.21,8.883
5696.84,25.15,8.883
5697.85,25.17,8.883
5698.85,25.26,8.883
5699.85,25.17,8.883
5700.85,25.27,8.883
5701.85,25.17,8.883
5702.85,25.19,8.883
5703.86,25.26,8.883
5704.86,25.17,8.883
5705.86,25.27,8.883
5706.86,25.12,8.883
5707.86,25.17,8.883
5708.86,25.26,8.883
5709.86,25.24,8.883
5710.87,25.17,8.883
5711.87,25.29,8.883
5712.87,25.22,8.883
5713.87,25.17,8.883
5714.87,25.28,8.883
5715.87,25.17,8.883
5716.87,25.17,8.883
5717.88,25.23,8.883
5718.88,25.11,8.883
5719.88,25.22,8.883
5720.88,25.12,8.883
5721.88,25.12,8.883
5722.88,25.27,8.883
5723.88,25.11,8.883
5724.89,25.11,8.883
5725.89,25.26,8.883
5726.89,25.17,8.883
5727.89,25.18,8.883
5728.89,25.29,8.883
5729.89,25.17,8.883
5730.89,25.16,8.883
5731.89,25.28,8.883
5732.9,25.2,8.883
5733.9,25.16,8.883
5734.9,25.22,8.883
5735.9,25.13,8.883
5736.9,25.11,8.883
5737.9,25.23,8.883
5738.9,25.17,8.883
5739.91,25.18,8.883
5740.91,25.27,8.883
5741.91,25.13,8.883
5742.91,25.24,8.883
5743.91,25.11,8.883
5744.91,25.12,8.883
5745.91,25.22,8.883
5746.92,25.16,8.883
5747.92,25.18,8.883
5748.92,25.27,8.883
5749.92,25.18,8.883
5750.92,25.27,8.883
5751.92,25.17,8.883
5752.93,25.2,8.883
5753.93,25.27,8.883
5754.93,25.13,8.883
5755.93,25.11,8.883
5756.93,25.22,8.883
5757.93,25.16,8.883
5758.93,25.26,8.883
5759.94,25.17,8.883
5760.94,25.16,8.883
5761.94,25.26,8.883
5762.94,25.17,8.883
5763.94,25.22,8.883
5764.94,25.12,8.883
5765.95,25.12,8.883
5766.95,25.22,8.883
5767.95,25.13,8.883
5768.95,25.11,8.883
5769.95,25.23,8.883
5770.95,25.12,8.883
5771.95,25.22,8.883
5772.96,25.17,8.883
5773.96,25.11,8.883
5774.96,25.3,8.883
5775.96,25.11,8.883
5776.96,25.21,8.883
5777.96,25.12,8.883
5778.97,25.12,8.883
5779.97,25.27,8.883
5780.97,25.17,8.883
5781.97,25.27,8.883
5782.97,25.2,8.8831
5783.97,25.17,8.8831
5784.97,25.27,8.8831
5785.98,25.17,8.8831
5786.98,25.17,8.883
5787.98,25.3,8.8831
5788.98,25.17,8.8831
5789.98,25.16,8.8831
5790.98,25.26,8.8831
5791.98,25.16,8.8831
5792.99,25.29,8.8831
5793.99,25.17,8.8831
5794.99,25.17,8.8831
5795.99,25.27,8.8831
5796.99,25.17,8.8831
5797.99,25.28,8.8831
5799.0,25.18,8.8831
5800.0,25.17,8.8831
5801.0,25.23,8.8831
5802.0,25.16,8.8831
5803.0,25.23,8.8831
5804.0,25.13,8.8831
5805.01,25.17,8.8831
5806.01,25.23,8.8831
5807.01,25.11,8.8831
5808.01,25.27,8.8831
5809.01,25.12,8.8831
5810.01,25.13,8.8831
5811.01,25.22,8.8831
5812.02,25.12,8.8831
5813.02,25.24,8.8831
5814.02,25.13,8.8831
5815.02,25.12,8.8831
5816.02,25.24,8.8831
5817.02,25.13,8.8831
5818.03,25.18,8.8831
5819.03,25.29,8.8831
5820.03,25.17,8.8831
5821.03,25.17,8.8831
5822.03,25.27,8.8831
5823.03,25.19,8.8831
5824.03,25.18,8.8831
5825.04,25.27,8.8831
5826.04,25.17,8.8831
5827.04,25.18,8.8831
5828.04,25.27,8.8831
5829.04,25.18,8.8831
5830.04,25.28,8.8831
5831.04,25.14,8.8831
5832.05,25.12,8.8831
5833.05,25.26,8.8831
5834.05,25.17,8.8831
5835.05,25.27,8.8831
5836.05,25.16,8.8831
5837.05,25.17,8.8831
5838.05,25.27,8.8831
5839.06,25.17,8.8831
5840.06,25.16,8.8831
5841.06,25.26,8.8831
5842.06,25.12,8.8831
5843.06,25.24,8.8831
5844.06,25.12,8.8831
5845.07,25.12,8.8831
5846.07,25.22,8.8831
5847.07,25.11,8.8831
5848.07,25.22,8.8831
5849.07,25.11,8.8831
5850.07,25.12,8.8831
5851.08,25.23,8.8831
5852.08,25.13,8.8831
5853.08,25.25,8.8831
5854.08,25.17,8.8831
5855.08,25.17,8.8831
5856.08,25.27,8.8831
5857.08,25.17,8.8831
5858.09,25.28,8.8831
5859.09,25.19,8.8831
5860.09,25.17,8.8831
5861.09,25.27,8.8831
5862.09,25.16,8.8831
5863.09,25.19,8.8831
5864.09,25.27,8.8831
5865.1,25.17,8.8831
5866.1,25.26,8.8831
5867.1,25.19,8.8831
5868.1,25.17,8.8831
5869.1,25.27,8.8831
5870.1,25.17,8.8831
5871.11,25.59,8.8854
5872.11,25.27,8.8854
5873.11,25.2,8.8854
5874.11,25.17,8.8854
5875.11,25.27,8.8854
5876.11,25.17,8.8854
5877.11,25.27,8.8854
5878.12,25.18,8.8854
5879.12,25.16,8.8854
5880.12,25.26,8.8854
5881.12,25.17,8.8854
5882.12,25.27,8.8854
5883.12,25.19,8.8854
5884.13,25.17,8.8854
5885.13,25.26,8.8854
5886.13,25.17,8.8854
5887.13,25.27,8.8854
5888.13,25.18,8.8854
5889.13,25.18,8.8854
5890.13,25.27,8.8854
5891.14,25.17,8.8854
5892.14,25.27,8.8854
5893.14,25.2,8.8854
5894.14,25.18,8.8854
5895.14,25.28,8.8854
5896.14,25.18,8.8854
5897.15,25.28,8.8854
5898.15,25.17,8.8854
5899.15,25.17,8.8854
5900.15,25.27,8.8854
5901.15,25.17,8.8854
5902.15,25.17,8.8854
5903.16,25.28,8.8854
5904.16,25.17,8.8854
5905.16,25.26,8.8854
5906.16,25.16,8.8854
5907.16,25.15,8.8854
5908.16,25.28,8.8854
5909.16,25.17,8.8854
5910.17,25.27,8.8854
5911.17,25.17,8.8854
5912.17,25.18,8.8854
5913.17,25.28,8.8854
5914.17,25.15,8.8854
5915.17,25.17,8.8854
5916.18,25.26,8.8854
5917.18,25.14,8.8854
5918.18,25.21,8.8854
5919.18,25.12,8.8854
5920.18,25.11,8.8854
5921.18,25.21,8.8854
5922.18,25.12,8.8854
5923.19,25.23,8.8854
5924.19,25.12,8.8854
5925.19,25.13,8.8854
5926.19,25.27,8.8854
5927.19,25.18,8.8854
5928.19,25.27,8.8854
5929.2,25.17,8.8854
5930.2,25.17,8.8854
5931.2,25.26,8.8854
5932.2,25.18,8.8855
5933.2,25.28,8.8855
5934.2,25.17,8.8855
5935.21,25.16,8.8855
5936.21,25.27,8.8855
5937.21,25.16,8.8855
5938.21,25.21,8.8855
5939.21,25.16,8.8855
5940.21,25.17,8.8855
5941.21,25.24,8.8855
5942.22,25.14,8.8855
5943.22,25.12,8.8855
5944.22,25.21,8.8855
5945.22,25.11,8.8855
5946.22,25.21,8.8855
5947.22,25.12,8.8855
5948.23,25.11,8.8855
5949.23,25.28,8.8855
5950.23,25.17,8.8855
5951.23,25.27,8.8855
5952.23,25.18,8.8855
5953.23,25.18,8.8855
5954.23,25.27,8.8855
5955.24,25.12,8.8855
5956.24,25.21,8.8855
5957.24,25.12,8.8855
5958.24,25.11,8.8855
5959.24,25.22,8.8855
5960.24,25.11,8.8855
5961.25,25.22,8.8855
5962.25,25.12,8.8855
5963.25,25.13,8.8855
5964.25,25.22,8.8855
5965.25,25.12,8.8855
5966.25,25.12,8.8855
5967.26,25.23,8.8855
5968.26,25.14,8.8855
5969.26,25.23,8.8855
5970.26,25.11,8.8855
5971.26,25.11,8.8855
5972.26,25.22,8.8855
5973.26,25.13,8.8855
5974.27,25.21,8.8855
5975.27,25.12,8.8855
5976.27,25.14,8.8855
5977.27,25.26,8.8855
5978.27,25.17,8.8855
5979.27,25.26,8.8855
5980.28,25.11,8.8855
5981.28,25.13,8.8855
5982.28,25.27,8.8855
5983.28,25.15,8.8855
5984.28,25.27,8.8855
5985.28,25.17,8.8855
5986.29,25.17,8.8855
5987.29,25.23,8.8855
5988.29,25.11,8.8855
5989.29,25.21,8.8855
5990.29,25.11,8.8855
5991.29,25.11,8.8855
5992.29,25.22,8.8855
5993.3,25.13,8.8855
5994.3,25.23,8.8855
5995.3,25.13,8.8855
5996.3,25.12,8.8855
5997.3,25.25,8.8855
5998.3,25.14,8.8855
5999.31,25.24,8.8855
6000.31,25.14,8.8855
6001.31,25.15,8.8855
6002.31,25.28,8.8855
6003.31,25.13,8.8855
6004.31,25.21,8.8855
6005.32,25.11,8.8855
6006.32,25.16,8.8855
6007.32,25.28,8.8855
6008.32,25.17,8.8855
6009.32,25.24,8.8855
6010.32,25.11,8.8855
6011.33,25.12,8.8855
6012.33,25.22,8.8855
6013.33,25.12,8.8855
6014.33,25.11,8.8855
6015.33,25.22,8.8855
6016.33,25.12,8.8855
6017.33,25.23,8.8855
6018.34,25.16,8.8855
6019.34,25.12,8.8855
6020.34,25.22,8.8855
6021.34,25.12,8.8855
6022.34,25.24,8.8855
6023.34,25.13,8.8855
6024.35,25.12,8.8855
6025.35,25.21,8.8855
6026.35,25.11,8.8855
6027.35,25.22,8.8855
6028.35,25.11,8.8855
6029.35,25.15,8.8855
6030.36,25.27,8.8855
6031.36,25.16,8.8855
6032.36,25.27,8.8855
6033.36,25.18,8.8855
6034.36,25.16,8.8855
6035.36,25.27,8.8855
6036.36,25.16,8.8855
6037.37,25.28,8.8855
6038.37,25.15,8.8855
6039.37,25.17,8.8855
6040.37,25.23,8.8855
6041.37,25.13,8.8855
6042.37,25.37,8.8855
6043.38,25.18,8.8855
6044.38,25.17,8.8855
6045.38,25.27,8.8855
6046.38,25.17,8.8855
6047.38,25.29,8.8855
6048.38,25.17,8.8855
6049.39,25.18,8.8855
6050.39,25.28,8.8855
6051.39,25.15,8.8855
6052.39,25.14,8.8855
6053.39,25.24,8.8855
6054.39,25.13,8.8855
6055.39,25.24,8.8855
6056.4,25.14,8.8855
6057.4,25.18,8.8855
6058.4,25.28,8.8855
6059.4,25.18,8.8855
6060.4,25.28,8.8855
6061.4,25.18,8.8855
6062.41,25.18,8.8855
6063.41,25.31,8.8855
6064.41,25.12,8.8855
6065.41,25.13,8.8855
6066.41,25.27,8.8855
6067.41,25.2,8.8855
6068.41,25.16,8.8855
6069.41,25.2,8.8855
6070.42,25.28,8.8855
6071.42,25.17,8.8855
6072.42,25.29,8.8855
6073.42,25.19,8.8855
6074.42,25.17,8.8855
6075.42,25.28,8.8855
6076.42,25.17,8.8855
6077.43,25.29,8.8855
6078.43,25.17,8.8855
6079.43,25.12,8.8855
6080.43,25.22,8.8855
6081.43,25.12,8.8855
6082.43,25.23,8.8855
6083.44,25.17,8.8855
6084.44,25.1,8.8855
6085.44,25.27,8.8855
6086.44,25.18,8.8855
6087.44,25.29,8.8855
6088.44,25.18,8.8855
6089.45,25.18,8.8855
6090.45,25.28,8.8855
6091.45,25.17,8.8855
6092.45,25.29,8.8855
6093.45,25.18,8.8855
6094.45,25.18,8.8855
6095.45,25.28,8.8855
6096.46,25.18,8.8855
6097.46,25.19,8.8855
6098.46,25.27,8.8855
6099.46,25.19,8.8855
6100.46,25.24,8.8855
6101.46,25.14,8.8855
6102.47,25.15,8.8855
6103.47,25.26,8.8855
6104.47,25.15,8.8855
6105.47,25.26,8.8855
6106.47,25.18,8.8855
6107.47,25.19,8.8855
6108.48,25.27,8.8855
6109.48,25.18,8.8855
6110.48,25.28,8.8855
6111.48,25.17,8.8855
6112.48,25.2,8.8855
6113.48,25.29,8.8855
6114.48,25.17,8.8855
6115.49,25.12,8.8855
6116.49,25.22,8.8855
6117.49,25.13,8.8855
6118.49,25.22,8.8855
6119.49,25.12,8.8855
6120.49,25.15,8.8855
6121.49,25.27,8.8855
6122.5,25.18,8.8855
6123.5,25.19,8.8855
6124.5,25.27,8.8855
6125.5,25.17,8.8855
6126.5,25.28,8.8855
6127.5,25.18,8.8855
6128.51,25.17,8.8855
6129.51,25.3,8.8855
6130.51,25.17,8.8855
6131.51,25.17,8.8855
6132.51,25.23,8.8855
6133.51,25.13,8.8855
6134.51,25.16,8.8855
6135.51,25.27,8.8855
6136.52,25.16,8.8855
6137.52,25.18,8.8855
6138.52,25.26,8.8855
6139.52,25.16,8.8855
6140.52,25.24,8.8855
6141.52,25.16,8.8855
6142.53,25.18,8.8855
6143.53,25.28,8.8855
6144.53,25.19,8.8855
6145.53,25.26,8.8855
6146.53,25.29,8.8855
6147.53,25.19,8.8855
6148.53,25.17,8.8855
6149.53,25.27,8.8855
6150.54,25.17,8.8855
6151.54,25.27,8.8855
6152.54,25.18,8.8855
6153.54,25.19,8.8855
6154.54,25.27,8.8855
6155.54,25.17,8.8855
6156.55,25.17,8.8855
6157.55,25.28,8.8855
6158.55,25.17,8.8855
6159.55,25.28,8.8855
6160.55,25.18,8.8855
6161.55,25.16,8.8855
6162.56,25.28,8.8855
6163.56,25.18,8.8855
6164.56,25.27,8.8855
6165.56,25.17,8.8855
6166.56,25.17,8.8855
6167.56,25.27,8.8855
6168.56,25.17,8.8855
6169.57,25.27,8.8855
6170.57,25.17,8.8855
6171.57,25.17,8.8855
6172.57,25.28,8.8855
6173.57,25.2,8.8855
6174.57,25.17,8.8855
6175.58,25.27,8.8855
6176.58,25.17,8.8855
6177.58,25.28,8.8855
6178.58,25.18,8.8855
6179.58,25.17,8.8855
6180.58,25.27,8.8855
6181.58,25.17,8.8855
6182.59,25.19,8.8855
6183.59,25.27,8.8855
6184.59,25.18,8.8855
6185.59,25.27,8.8857
6186.59,25.17,8.8857
6187.59,25.18,8.8857
6188.6,25.27,8.8857
6189.6,25.18,8.8857
6190.6,25.28,8.8857
6191.6,25.17,8.8857
6192.6,25.16,8.8857
6193.6,25.26,8.8857
6194.6,25.17,8.8857
6195.61,25.27,8.8857
6196.61,25.17,8.8857
6197.61,25.18,8.8857
6198.61,25.27,8.8857
6199.61,25.16,8.8857
6200.61,25.27,8.8857
6201.62,25.17,8.8857
6202.62,25.19,8.8857
6203.62,25.24,8.8857
6204.62,25.12,8.8857
6205.62,25.22,8.8857
6206.62,25.11,8.8857
6207.63,25.13,8.8857
6208.63,25.26,8.8857
6209.63,25.14,8.8857
6210.63,25.17,8.8857
6211.63,25.26,8.8857
6212.63,25.17,8.8857
6213.63,25.24,8.8857
6214.64,25.14,8.8857
6215.64,25.14,8.8857
6216.64,25.24,8.8857
6217.64,25.17,8.8857
6218.64,25.26,8.8857
6219.64,25.16,8.8857
6220.65,25.16,8.8857
6221.65,25.26,8.8857
6222.65,25.19,8.8857
6223.65,25.26,8.8857
6224.65,25.17,8.8857
6225.65,25.17,8.8857
6226.65,25.26,8.8857
6227.66,25.17,8.8857
6228.66,25.13,8.8857
6229.66,25.22,8.8857
6230.66,25.11,8.8857
6231.66,25.22,8.8857
6232.66,25.14,8.8857
6233.67,25.12,8.8857
6234.67,25.27,8.8857
6235.67,25.12,8.8858
6236.67,25.22,8.8858
6237.67,25.13,8.8858
6238.67,25.15,8.8858
6239.68,25.26,8.8858
6240.68,25.18,8.8858
6241.68,25.17,8.8858
6242.68,25.29,8.8858
6243.68,25.17,8.8858
6244.68,25.27,8.8858
6245.68,25.16,8.8858
6246.69,25.16,8.8858
6247.69,25.27,8.8858
6248.69,25.17,8.8858
6249.69,25.28,8.8858
6250.69,25.16,8.8858
6251.69,25.17,8.8858
6252.69,25.31,8.8858
6253.7,25.15,8.8858
6254.7,25.12,8.8858
6255.7,25.22,8.8858
6256.7,25.13,8.8858
6257.7,25.13,8.8858
6258.7,25.24,8.8858
6259.7,25.14,8.8858
6260.71,25.25,8.8858
6261.71,25.18,8.8858
6262.71,25.2,8.8858
6263.71,25.27,8.8858
6264.71,25.17,8.8858
6265.71,25.28,8.8858
6266.72,25.17,8.8858
6267.72,25.18,8.8858
6268.72,25.29,8.8858
6269.72,25.17,8.8858
6270.72,25.17,8.8858
6271.72,25.29,8.8858
6272.72,25.2,8.8858
6273.73,25.18,8.8858
6274.73,25.29,8.8858
6275.73,25.16,8.8858
6276.73,25.16,8.8858
6277.73,25.29,8.8858
6278.73,25.16,8.8858
6279.73,25.18,8.8858
6280.73,25.28,8.8858
6281.74,25.18,8.8858
6282.74,25.2,8.8858
6283.74,25.27,8.8858
6284.74,25.15,8.8858
6285.74,25.12,8.8858
6286.74,25.21,8.8858
6287.74,25.12,8.8858
6288.75,25.21,8.8858
6289.75,25.11,8.8858
6290.75,25.11,8.8858
6291.75,25.21,8.8858
6292.75,25.14,8.8858
6293.75,25.21,8.8858
6294.76,25.12,8.8858
6295.76,25.13,8.8858
6296.76,25.23,8.8858
6297.76,25.13,8.8858
6298.76,25.12,8.8858
6299.76,25.22,8.8858
6300.76,25.12,8.8858
6301.77,25.14,8.8858
6302.77,25.31,8.8858
6303.77,25.17,8.8858
6304.77,25.16,8.8858
6305.77,25.28,8.8858
6306.77,25.12,8.8858
6307.77,25.13,8.8858
6308.77,25.22,8.8858
6309.78,25.14,8.8858
6310.78,25.26,8.8858
6311.78,25.25,8.8858
6312.78,25.2,8.8858
6313.78,25.17,8.8858
6314.78,25.29,8.8858
6315.78,25.17,8.8858
6316.79,25.17,8.8858
6317.79,25.3,8.8858
6318.79,25.17,8.8858
6319.79,25.17,8.8858
6320.79,25.28,8.8858
6321.79,25.18,8.8858
6322.79,25.3,8.8858
6323.8,25.17,8.8858
6324.8,25.18,8.8858
6325.8,25.28,8.8858
6326.8,25.18,8.8858
6327.8,25.18,8.8858
6328.8,25.26,8.8858
6329.8,25.17,8.8858
6330.81,25.27,8.8858
6331.81,25.16,8.8858
6332.81,25.2,8.8858
6333.81,25.27,8.8858
6334.81,25.17,8.8858
6335.81,25.28,8.8858
6336.82,25.17,8.8858
6337.82,25.19,8.8858
6338.82,25.27,8.8858
6339.82,25.17,8.8858
6340.82,25.17,8.8858
6341.82,25.29,8.8858
6342.82,25.21,8.8858
6343.82,25.16,8.8858
6344.83,25.16,8.8858
6345.83,25.27,8.8858
6346.83,25.16,8.8858
6347.83,25.28,8.8858
6348.83,25.17,8.8858
6349.83,25.18,8.8858
6350.83,25.28,8.8858
6351.84,25.16,8.8858
6352.84,25.25,8.8858
6353.84,25.13,8.8858
6354.84,25.17,8.8858
6355.84,25.19,8.8858
6356.84,25.27,8.8858
6357.84,25.18,8.8858
6358.85,25.27,8.8858
6359.85,25.17,8.8858
6360.85,25.17,8.8858
6361.85,25.26,8.8858
6362.85,25.18,8.8858
6363.85,25.26,8.8858
6364.86,25.16,8.8858
6365.86,25.16,8.8858
6366.86,25.28,8.8858
6367.86,25.17,8.8858
6368.86,25.17,8.8858
6369.86,25.28,8.8858
6370.86,25.17,8.8858
6371.87,25.16,8.8858
6372.87,25.29,8.8858
6373.87,25.17,8.8858
6374.87,25.27,8.8858
6375.87,25.17,8.8858
6376.87,25.16,8.8858
6377.87,25.27,8.8858
6378.88,25.17,8.8858
6379.88,25.26,8.8858
6380.88,25.17,8.8858
6381.88,25.18,8.8858
6382.88,25.28,8.8858
6383.88,25.11,8.8858
6384.89,25.13,8.8858
6385.89,25.27,8.8858
6386.89,25.16,8.8858
6387.89,25.27,8.8858
6388.89,25.16,8.8858
6389.89,25.17,8.8858
6390.89,25.22,8.8858
6391.9,25.11,8.8858
6392.9,25.14,8.8858
6393.9,25.24,8.8858
6394.9,25.11,8.8858
6395.9,25.22,8.8858
6396.9,25.12,8.8858
6397.91,25.13,8.8858
6398.91,25.22,8.8858
6399.91,25.13,8.8858
6400.91,25.22,8.8858
6401.91,25.11,8.8858
6402.91,25.25,8.8858
6403.92,25.21,8.8858
6404.92,25.12,8.8858
6405.92,25.22,8.8858
6406.92,25.12,8.8858
6407.92,25.14,8.8858
6408.92,25.24,8.8858
6409.92,25.16,8.8858
6410.93,25.18,8.8858
6411.93,25.27,8.8858
6412.93,25.2,8.8858
6413.93,25.2,8.8858
6414.93,25.27,8.8858
6415.93,25.17,8.8858
6416.93,25.26,8.8858
6417.94,25.12,8.8858
6418.94,25.11,8.8858
6419.94,25.22,8.8858
6420.94,25.12,8.8858
6421.94,25.21,8.8858
6422.94,25.14,8.8858
6423.94,25.11,8.8858
6424.95,25.22,8.8858
6425.95,25.11,8.8858
6426.95,25.11,8.8858
6427.95,25.22,8.8858
6428.95,25.16,8.8858
6429.95,25.15,8.8858
6430.95,25.25,8.8858
6431.96,25.16,8.8858
6432.96,25.18,8.8859
6433.96,25.28,8.8859
6434.96,25.16,8.8859
6435.96,25.16,8.8859
6436.96,25.28,8.8859
6437.96,25.17,8.8859
6438.97,25.16,8.8859
6439.97,25.28,8.8859
6440.97,25.12,8.8859
6441.97,25.17,8.8859
6442.97,25.25,8.8859
6443.97,25.13,8.8859
6444.97,25.11,8.8859
6445.97,25.21,8.8859
6446.98,25.11,8.8859
6447.98,25.12,8.8859
6448.98,25.21,8.8859
6449.98,25.11,8.8859
6450.98,25.21,8.8859
6451.98,25.11,8.8859
6452.99,25.13,8.8859
6453.99,25.21,8.8859
6454.99,25.11,8.8859
6455.99,25.21,8.8859
6456.99,25.14,8.8859
6457.99,25.14,8.8859
6459.0,25.25,8.8859
6460.0,25.18,8.8859
6461.0,25.26,8.8859
6462.0,25.14,8.8859
6463.0,25.19,8.8859
6464.0,25.26,8.8859
6465.0,25.14,8.8859
6466.01,25.21,8.8859
6467.01,25.11,8.8859
6468.01,25.12,8.8859
6469.01,25.21,8.8859
6470.01,25.11,8.8859
6471.01,25.21,8.8859
6472.02,25.11,8.8859
6473.02,25.14,8.8859
6474.02,25.21,8.8859
6475.02,25.11,8.8859
6476.02,25.25,8.8859
6477.02,25.1,8.8859
6478.03,25.14,8.8859
6479.03,25.23,8.8859
6480.03,25.11,8.8859
6481.03,25.11,8.8859
6482.03,25.21,8.8859
6483.03,25.15,8.8859
6484.03,25.26,8.8859
6485.04,25.17,8.8859
6486.04,25.17,8.8859
6487.04,25.27,8.8859
6488.04,25.18,8.8859
6489.04,25.3,8.8859
6490.04,25.17,8.8859
6491.05,25.16,8.8859
6492.05,25.26,8.8859
6493.05,25.19,8.8859
6494.05,25.16,8.8859
6495.05,25.22,8.8859
6496.05,25.16,8.8859
6497.05,25.26,8.8859
6498.06,25.18,8.8859
6499.06,25.17,8.8859
6500.06,25.29,8.8859
6501.06,25.17,8.8859
6502.06,25.16,8.8859
6503.06,25.29,8.8859
6504.06,25.17,8.8859
6505.07,25.27,8.8859
6506.07,25.17,8.8859
6507.07,25.17,8.8859
6508.07,25.27,8.8859
6509.07,25.17,8.8859
6510.07,25.27,8.8859
6511.08,25.17,8.8859
6512.08,25.16,8.8859
6513.08,25.29,8.8859
6514.08,25.17,8.8859
6515.08,25.16,8.8859
6516.08,25.26,8.8859
6517.08,25.17,8.8859
6518.09,25.23,8.8859
6519.09,25.12,8.8859
6520.09,25.11,8.8859
6521.09,25.21,8.8859
6522.09,25.11,8.8859
6523.09,25.24,8.8859
6524.1,25.11,8.8859
6525.1,25.1,8.8859
6526.1,25.21,8.8859
6527.1,25.11,8.8859
6528.1,25.22,8.8859
6529.1,25.11,8.8859
6530.11,25.11,8.8859
6531.11,25.27,8.8859
6532.11,25.14,8.8859
6533.11,25.14,8.8859
6534.11,25.21,8.8859
6535.11,25.11,8.8859
6536.11,25.21,8.8859
6537.12,25.11,8.8859
6538.12,25.12,8.8859
6539.12,25.21,8.8859
6540.12,25.11,8.8859
6541.12,25.22,8.8859
6542.12,25.11,8.8859
6543.13,25.91,8.8859
6544.13,25.22,8.8859
6545.13,25.15,8.8859
6546.13,25.27,8.8859
6547.13,25.16,8.8859
6548.13,25.18,8.8859
6549.13,25.27,8.8859
6550.14,25.17,8.8859
6551.14,25.17,8.8859
6552.14,25.26,8.8859
6553.14,25.21,8.8859
6554.14,25.26,8.8859
6555.14,25.17,8.8859
6556.14,25.18,8.8859
6557.15,25.27,8.8859
6558.15,25.18,8.8859
6559.15,25.19,8.8859
6560.15,25.17,8.8859
6561.15,25.27,8.8859
6562.15,25.17,8.8859
6563.15,25.46,8.8859
6564.16,25.16,8.8859
6565.16,25.13,8.8859
6566.16,25.23,8.8859
6567.16,25.14,8.8859
6568.16,25.26,8.8859
6569.16,25.16,8.8859
6570.17,25.17,8.8859
6571.17,25.27,8.8859
6572.17,25.18,8.8859
6573.17,25.23,8.8859
6574.17,25.11,8.8859
6575.17,25.11,8.8859
6576.17,25.21,8.8859
6577.18,25.15,8.8859
6578.18,25.26,8.8859
6579.18,25.2,8.8859
6580.18,25.11,8.8859
6581.18,25.26,8.8859
6582.18,25.17,8.8859
6583.19,25.19,8.8859
6584.19,25.26,8.8859
6585.19,25.16,8.8859
6586.19,25.24,8.8859
6587.19,25.12,8.8859
6588.19,25.17,8.8859
6589.19,25.27,8.8859
6590.2,25.16,8.8859
6591.2,25.16,8.8859
6592.2,25.26,8.8859
6593.2,25.21,8.8859
6594.2,25.19,8.8859
6595.2,25.29,8.8859
6596.2,25.19,8.8859
6597.21,25.29,8.8859
6598.21,25.19,8.8859
6599.21,25.19,8.8859
6600.21,25.28,8.8859
6601.21,25.19,8.8859
6602.21,25.31,8.8859
6603.22,25.21,8.8859
6604.22,25.16,8.8859
6605.22,25.23,8.8859
6606.22,25.13,8.8859
6607.22,25.15,8.8859
6608.22,25.33,8.8859
6609.22,25.23,8.8859
6610.23,25.21,8.8859
6611.23,25.34,8.8859
6612.23,25.22,8.8859
6613.23,25.19,8.8859
6614.23,75.41,2.275
6615.23,85.25,2.4439
6616.23,88.51,2.6636
6617.23,80.68,2.9311
6618.24,79.54,3.2205
6619.24,67.53,2.3089
6620.24,76.59,2.5187
6621.24,86.82,2.7432
6622.24,79.79,3.0277
6623.24,77.21,3.3115
6624.25,76.24,3.6016
6625.25,76.03,3.8945
6626.25,75.51,4.2693
6627.25,75.58,4.6354
6628.25,76.43,5.0623
6629.25,75.61,5.4362
6630.25,77.37,5.7979
6631.26,75.69,6.1568
6632.26,75.46,6.5058
6633.26,76.09,6.9856
6634.26,75.83,7.21
6635.26,45.1,7.2807
6636.26,73.73,7.2885
6637.26,66.79,7.289
6638.27,38.74,7.289
6639.27,32.89,7.2843
6640.27,26.59,7.2843
6641.27,25.34,7.2843
6642.27,27.98,7.2843
6643.27,28.88,7.2843
6644.28,38.56,7.4928
6645.28,25.13,7.5565
6646.28,25.3,7.5565
6647.28,25.27,7.5566
6648.28,25.86,7.5566
6649.28,25.21,7.5566
6650.28,25.35,7.5566
6651.28,25.72,7.5566
6652.29,25.19,7.5566
6653.29,25.3,7.5566
6654.29,34.46,7.5767
6655.29,25.27,7.5767
6656.29,25.17,7.5767
6657.29,25.17,7.5767
6658.3,25.27,7.5767
6659.3,25.18,7.5767
6660.3,25.27,7.5767
6661.3,25.18,7.5767
6662.3,25.29,7.5767
6663.3,25.14,7.5767
6664.31,32.64,7.5783
6665.31,25.58,7.5783
6666.31,25.17,7.5783
6667.31,25.31,7.5784
6668.31,25.18,7.5784
6669.31,25.23,7.5784
6670.31,25.27,7.5784
6671.32,25.22,7.5784
6672.32,25.21,7.5784
6673.32,32.8,7.5787
6674.32,25.2,7.5786
6675.32,25.29,7.5786
6676.32,25.18,7.5786
6677.33,25.17,7.5786
6678.33,25.26,7.5786
6679.33,25.16,7.5786
6680.33,25.22,7.5786
6681.33,25.13,7.5786
6682.33,34.24,7.7474
6683.34,25.3,7.7474
6684.34,25.2,7.7474
6685.34,25.28,7.7474
6686.34,25.17,7.7474
6687.34,25.25,7.7474
6688.34,25.16,7.7474
6689.35,25.19,7.7474
6690.35,25.29,7.7474
6691.35,25.23,7.7474
6692.35,25.3,7.9092
6693.35,25.16,8.3619
6694.35,25.13,8.6584
6695.35,42.41,8.8904
6696.36,25.2,8.8904
6697.36,25.3,8.8904
6698.36,25.19,8.8904
6699.36,25.22,8.8904
6700.36,25.31,8.8904
6701.36,25.18,8.8904
6702.37,25.2,8.8904
6703.37,25.3,8.8904
6704.37,25.19,8.8904
6705.37,25.3,8.8904
6706.37,25.4,8.8909
6707.37,25.29,8.8909
6708.38,25.28,8.8909
6709.38,25.18,8.8909
6710.38,25.3,8.891
6711.38,25.19,8.891
6712.38,25.2,8.891
6713.38,25.9,8.891
6714.38,25.18,8.891
6715.39,25.28,8.891
6716.39,25.19,8.891
6717.39,25.19,8.891
6718.39,25.35,8.891
6719.39,25.18,8.891
6720.39,25.28,8.891
6721.4,25.18,8.891
6722.4,25.29,8.891
6723.4,25.23,8.891
6724.4,25.19,8.891
6725.4,25.29,8.891
6726.4,25.19,8.891
6727.41,25.19,8.891
6728.41,25.28,8.891
6729.41,25.19,8.891
6730.41,25.33,8.8911
6731.41,25.18,8.8911
6732.41,25.29,8.8911
6733.42,25.2,8.8911
6734.42,25.2,8.8911
6735.42,25.27,8.8911
6736.42,25.17,8.8911
6737.42,25.19,8.8911
6738.42,25.28,8.8911
6739.43,25.29,8.8911
6740.43,25.28,8.8911
6741.43,25.23,8.8911
6742.43,25.3,8.8911
6743.43,25.2,8.8911
6744.43,25.19,8.8911
6745.44,25.28,8.8911
6746.44,25.18,8.8911
6747.44,25.27,8.8911
6748.44,25.53,8.8911
6749.44,25.17,8.8911
6750.44,25.31,8.8911
6751.44,25.14,8.8911
6752.45,25.31,8.8911
6753.45,25.22,8.8911
6754.45,25.29,8.8911
6755.45,25.18,8.8911
6756.45,25.19,8.8911
6757.45,25.25,8.8911
6758.46,25.14,8.8911
6759.46,25.25,8.8911
6760.46,25.13,8.8911
6761.46,25.13,8.8911
6762.46,25.24,8.8911
6763.47,25.15,8.8911
6764.47,25.42,8.8911
6765.47,25.16,8.8912
6766.47,25.13,8.8912
6767.47,25.29,8.8912
6768.47,25.18,8.8912
6769.47,25.16,8.8912
6770.48,25.23,8.8912
6771.48,25.13,8.8912
6772.48,25.24,8.8912
6773.48,25.16,8.8912
6774.48,25.24,8.8912
6775.48,25.13,8.8912
6776.49,25.18,8.8913
6777.49,25.25,8.8913
6778.49,25.15,8.8913
6779.49,25.28,8.8913
6780.49,25.17,8.8913
6781.49,25.13,8.8913
6782.49,25.29,8.8913
6783.5,25.17,8.8913
6784.5,25.14,8.8913
6785.5,25.25,8.8913
6786.5,25.13,8.8913
6787.5,25.2,8.8916
6788.5,25.31,8.8916
6789.5,25.23,8.8916
6790.51,25.18,8.8916
6791.51,25.31,8.8916
6792.51,25.2,8.8916
6793.51,25.21,8.8916
6794.51,25.32,8.8916
6795.51,25.19,8.8916
6796.51,25.19,8.8916
6797.51,25.32,8.8916
6798.52,25.21,8.8916
6799.52,25.19,8.8916
6800.52,25.22,8.8918
6801.52,25.29,8.8918
6802.52,25.21,8.8918
6803.52,25.33,8.8918
6804.52,25.19,8.8918
6805.53,25.19,8.8918
6806.53,25.27,8.8918
6807.53,25.19,8.8918
6808.53,25.29,8.8918
6809.53,25.18,8.8918
6810.53,25.18,8.8918
6811.54,25.34,8.8918
6812.54,25.19,8.8918
6813.54,25.3,8.8918
6814.54,25.19,8.8918
6815.54,25.18,8.8918
6816.54,25.28,8.8918
6817.55,25.19,8.8918
6818.55,25.28,8.8918
6819.55,25.19,8.8918
6820.55,25.28,8.8918
6821.55,25.18,8.8918
6822.55,25.2,8.8918
6823.55,25.37,8.8918
6824.56,25.19,8.8918
6825.56,25.19,8.8918
6826.56,25.3,8.8918
6827.56,25.2,8.8918
6828.56,25.29,8.8918
6829.56,25.19,8.8918
6830.57,25.19,8.8918
6831.57,25.29,8.8918
6832.57,25.2,8.8918
6833.57,25.31,8.8918
6834.57,25.2,8.8918
6835.57,25.37,8.8918
6836.58,25.18,8.8918
6837.58,25.2,8.8918
6838.58,25.31,8.8918
6839.58,25.19,8.8918
6840.58,25.19,8.8918
6841.58,25.31,8.8918
6842.58,25.21,8.8918
6843.59,25.19,8.8918
6844.59,25.28,8.8918
6845.59,25.18,8.8918
6846.59,25.45,8.892
6847.59,25.19,8.892
6848.59,25.19,8.892
6849.6,25.29,8.892
6850.6,25.18,8.892
6851.6,25.28,8.892
6852.6,25.2,8.892
6853.6,25.18,8.892
6854.6,25.27,8.892
6855.61,25.14,8.892
6856.61,25.28,8.892
6857.61,25.19,8.892
6858.61,25.32,8.8921
6859.61,25.19,8.8921
6860.61,25.18,8.8921
6861.61,25.31,8.8921
6862.62,25.21,8.8921
6863.62,25.18,8.8921
6864.62,25.31,8.8921
6865.62,25.18,8.8921
6866.62,25.18,8.8921
6867.62,25.31,8.8921
6868.62,25.15,8.8921
6869.63,25.18,8.8921
6870.63,25.32,8.8921
6871.63,25.18,8.8921
6872.63,25.35,8.8921
6873.63,25.12,8.8921
6874.63,25.12,8.8921
6875.64,25.27,8.8921
6876.64,25.12,8.8921
6877.64,25.22,8.8921
6878.64,25.14,8.8921
6879.64,25.12,8.8921
6880.64,25.22,8.8921
6881.65,25.21,8.8956
6882.65,25.29,8.8956
6883.65,25.13,8.8956
6884.65,25.25,8.8956
6885.65,25.12,8.8956
6886.65,25.12,8.8956
6887.66,25.24,8.8956
6888.66,25.13,8.8956
6889.66,25.23,8.8956
6890.66,25.12,8.8956
6891.66,25.12,8.8956
6892.66,25.27,8.8956
6893.67,25.23,8.8957
6894.67,25.29,8.8957
6895.67,28.9,8.8957
6896.67,26.22,8.8957
6897.67,25.2,8.8957
6898.67,25.19,8.8957
6899.67,25.31,8.8957
6900.68,25.19,8.8957
6901.68,25.18,8.8957
6902.68,25.31,8.8957
6903.68,25.18,8.8957
6904.68,25.28,8.8957
6905.68,25.24,8.9343
6906.69,25.28,8.9343
6907.69,25.16,8.9343
6908.69,25.18,8.9343
6909.69,25.29,8.9343
6910.69,25.12,8.9343
6911.69,25.22,8.9343
6912.7,25.15,8.9343
6913.7,25.13,8.9343
6914.7,25.22,8.9343
6915.7,25.13,8.9343
6916.7,25.22,8.9343
6917.7,25.32,8.9343
6918.71,25.28,8.9343
6919.71,25.18,8.9343
6920.71,25.18,8.9343
6921.71,25.28,8.9343
6922.71,25.18,8.9343
6923.71,25.22,8.9343
6924.72,25.13,8.9343
6925.72,25.13,8.9343
6926.72,25.22,8.9343
6927.72,25.16,8.9343
6928.72,25.28,8.9343
6929.72,25.23,8.9706
6930.73,25.29,8.9706
6931.73,25.18,8.9706
6932.73,25.2,8.9706
6933.73,25.29,8.9706
6934.73,25.19,8.9706
6935.73,25.29,8.9706
6936.74,25.19,8.9706
6937.74,25.3,8.9706
6938.74,25.19,8.9706
6939.74,25.22,8.9706
6940.74,25.33,8.9706
6941.74,25.18,8.9706
6942.75,25.21,8.9706
6943.75,25.28,8.9706
6944.75,25.19,8.9706
6945.75,25.28,8.9706
6946.75,25.18,8.9706
6947.75,25.2,8.9706
6948.76,25.29,8.9706
6949.76,25.19,8.9706
6950.76,25.27,8.9706
6951.76,25.18,8.9706
6952.76,25.31,8.9706
6953.76,25.23,9.0046
6954.76,25.2,9.0047
6955.77,25.19,9.0047
6956.77,25.28,9.0047
6957.77,25.19,9.0047
6958.77,25.28,9.0047
6959.77,25.18,9.0047
6960.77,25.23,9.0047
6961.78,25.12,9.0047
6962.78,25.16,9.0047
6963.78,25.22,9.0047
6964.78,25.13,9.0047
6965.78,25.28,9.0049
6966.78,25.13,9.0049
6967.79,25.19,9.0049
6968.79,25.28,9.0049
6969.79,25.21,9.0049
6970.79,25.27,9.0049
6971.79,25.14,9.0049
6972.79,25.14,9.0049
6973.79,25.23,9.0049
6974.8,25.13,9.0049
6975.8,25.13,9.0049
6976.8,25.23,9.0049
6977.8,25.22,9.0359
6978.8,25.29,9.0359
6979.8,25.19,9.0359
6980.81,25.29,9.0359
6981.81,25.18,9.0359
6982.81,25.21,9.0359
6983.81,25.28,9.0359
6984.81,25.18,9.0359
6985.81,25.34,9.0359
6986.82,25.12,9.0359
6987.82,25.14,9.0359
6988.82,25.28,9.0359
6989.82,25.32,9.0359
6990.82,25.28,9.0359
6991.82,25.13,9.0359
6992.83,25.25,9.0359
6993.83,25.18,9.0359
6994.83,25.18,9.0359
6995.83,25.28,9.0359
6996.83,25.14,9.0359
6997.83,25.29,9.0359
6998.84,25.18,9.0359
6999.84,25.14,9.0359
7000.84,25.23,9.0359
7001.84,25.3,9.0635
7002.84,25.26,9.0635
7003.84,25.11,9.0635
7004.85,25.13,9.0635
7005.85,25.28,9.0635
7006.85,25.18,9.0635
7007.85,25.27,9.0635
7008.85,25.19,9.0635
7009.85,25.28,9.0635
7010.86,25.13,9.0635
7011.86,25.14,9.0635
7012.86,25.3,9.0635
7013.86,25.23,9.0635
7014.86,25.28,9.0635
7015.86,25.18,9.0635
7016.87,25.18,9.0635
7017.87,25.29,9.0635
7018.87,25.18,9.0635
7019.87,25.3,9.0635
7020.87,25.14,9.0635
7021.87,25.16,9.0635
7022.88,25.31,9.0635
7023.88,25.2,9.0635
7024.88,25.29,9.0635
7025.88,25.23,9.0707
7026.88,25.18,9.0707
7027.88,25.29,9.0707
7028.88,25.19,9.0707
7029.89,25.33,9.0707
7030.89,25.19,9.0707
7031.89,25.19,9.0707
7032.89,25.31,9.0707
7033.89,25.19,9.0707
7034.89,25.29,9.0707
7035.9,25.18,9.0707
7036.9,25.18,9.0707
7037.9,25.3,9.0707
7038.9,25.22,9.0707
7039.9,25.26,9.0707
7040.9,25.13,9.0707
7041.9,25.14,9.0707
7042.91,25.32,9.0707
7043.91,25.18,9.0707
7044.91,25.18,9.0707
7045.91,25.28,9.0707
7046.91,25.18,9.0707
7047.91,25.22,9.0707
7048.92,25.11,9.0707
7049.92,25.27,9.0707
7050.92,25.18,9.0707
7051.92,25.24,9.0707
7052.92,25.31,9.0707
7053.92,25.2,9.0707
7054.93,25.28,9.0707
7055.93,25.17,9.0707
7056.93,25.19,9.0707
7057.93,25.3,9.0707
7058.93,25.18,9.0707
7059.93,25.29,9.0707
7060.94,25.18,9.0707
7061.94,25.18,9.0707
7062.94,25.3,9.0707
7063.94,25.23,9.0707
7064.94,25.3,9.0707
7065.94,25.18,9.0707
7066.95,25.18,9.0707
7067.95,25.29,9.0707
7068.95,25.18,9.0707
7069.95,25.29,9.0707
7070.95,25.18,9.0707
7071.95,25.19,9.0707
7072.95,25.32,9.0707
7073.96,25.18,9.0707
7074.96,25.18,9.0707
7075.96,25.48,9.0707
7076.96,25.17,9.0707
7077.96,25.19,9.0707
7078.96,25.28,9.0707
7079.96,25.19,9.0707
7080.97,25.28,9.0707
7081.97,25.18,9.0707
7082.97,25.21,9.0707
7083.97,25.29,9.0707
7084.97,25.18,9.0707
7085.97,25.28,9.0707
7086.98,25.18,9.0707
7087.98,25.34,9.0707
7088.98,25.17,9.0707
7089.98,25.19,9.0707
7090.98,25.68,9.0707
7091.98,25.15,9.0707
7092.99,25.3,9.0707
7093.99,25.19,9.0707
7094.99,25.19,9.0707
7095.99,25.27,9.0707
7096.99,25.12,9.0707
7097.99,25.23,9.0707
7099.0,25.12,9.0707
7100.0,25.27,9.0707
7101.0,25.23,9.0707
7102.0,25.12,9.0707
7103.0,25.25,9.0707
7104.0,25.12,9.0707
7105.01,25.22,9.0707
7106.01,25.12,9.0707
7107.01,25.22,9.0707
7108.01,25.13,9.0707
7109.01,25.13,9.0707
7110.02,25.24,9.0707
7111.02,25.15,9.0707
7112.02,25.38,9.0707
7113.02,25.25,9.071
7114.02,25.75,9.0711
7115.02,25.29,9.0711
7116.02,25.13,9.0711
7117.03,25.12,9.0711
7118.03,25.24,9.0711
7119.03,25.29,9.0711
7120.03,25.26,9.0711
7121.03,25.17,9.0711
7122.03,25.18,9.0711
7123.03,25.31,9.0711
7124.04,25.19,9.0711
7125.04,25.28,9.0711
7126.04,25.21,9.0711
7127.04,25.14,9.0711
7128.04,25.24,9.0711
7129.04,25.48,9.0711
7130.05,25.18,9.0711
7131.05,25.25,9.0711
7132.05,25.14,9.0711
7133.05,25.15,9.0711
7134.05,25.23,9.0711
7135.05,25.12,9.0711
7136.05,25.12,9.0711
7137.06,25.22,9.0711
7138.06,25.13,9.0711
7139.06,25.32,9.0711
7140.06,25.12,9.0711
7141.06,25.13,9.0711
7142.06,25.27,9.0711
7143.06,25.21,9.0711
7144.07,25.29,9.0711
7145.07,25.18,9.0711
7146.07,25.19,9.0711
7147.07,25.29,9.0711
7148.07,25.19,9.0711
7149.07,25.3,9.0711
7150.08,25.19,9.0711
7151.08,25.36,9.0711
7152.08,25.25,9.0711
7153.08,25.15,9.0711
7154.08,25.28,9.0711
7155.08,25.18,9.0711
7156.09,25.29,9.0711
7157.09,25.18,9.0711
7158.09,25.19,9.0711
7159.09,25.29,9.0711
7160.09,25.19,9.0711
7161.09,25.28,9.0711
7162.1,25.19,9.0711
7163.1,25.25,9.0711
7164.1,25.28,9.0711
7165.1,25.2,9.0711
7166.1,25.27,9.0711
7167.1,25.19,9.0711
7168.11,25.19,9.0711
7169.11,25.29,9.0711
7170.11,25.18,9.0711
7171.11,25.29,9.0711
7172.11,25.18,9.0711
7173.11,25.32,9.0711
7174.12,25.29,9.0711
7175.12,25.19,9.0711
7176.12,25.25,9.0711
7177.12,25.22,9.0711
7178.12,25.13,9.0711
7179.12,25.24,9.0711
7180.12,25.15,9.0711
7181.13,25.18,9.0711
7182.13,25.28,9.0711
7183.13,25.21,9.0711
7184.13,25.29,9.0711
7185.13,25.18,9.0711
7186.13,25.28,9.0711
7187.14,25.18,9.0711
7188.14,25.2,9.0711
7189.14,25.35,9.0711
7190.14,25.19,9.0711
7191.14,25.28,9.0711
7192.14,25.18,9.0711
7193.15,25.21,9.0711
7194.15,25.28,9.0711
7195.15,25.18,9.0711
7196.15,25.28,9.0711
7197.15,25.18,9.0711
7198.15,25.16,9.0711
7199.16,25.22,9.0711
7200.16,25.16,9.0711
7201.16,25.34,9.0711
7202.16,25.18,9.0711
7203.16,25.21,9.0711
7204.16,25.31,9.0711
7205.16,25.18,9.0711
7206.17,25.18,9.0711
7207.17,25.28,9.0711
7208.17,25.15,9.0711
7209.17,25.19,9.0711
7210.17,25.25,9.0711
7211.17,25.12,9.0711
7212.17,25.19,9.0711
7213.17,25.34,9.0711
7214.18,25.19,9.0711
7215.18,25.28,9.0711
7216.18,25.19,9.0711
7217.18,25.19,9.0711
7218.18,25.3,9.0711
7219.18,25.18,9.0711
7220.19,25.15,9.0711
7221.19,25.3,9.0711
7222.19,25.2,9.0711
7223.19,25.2,9.0711
7224.19,25.3,9.0711
7225.19,25.34,9.0711
7226.19,25.27,9.0711
7227.2,25.13,9.0711
7228.2,25.12,9.0711
7229.2,25.28,9.0711
7230.2,25.2,9.0711
7231.2,25.18,9.0711
7232.2,25.29,9.0713
7233.2,25.2,9.0713
7234.21,25.18,9.0713
7235.21,25.27,9.0713
7236.21,25.25,9.0713
7237.21,25.2,9.0713
7238.21,25.17,9.0713
7239.21,25.24,9.0713
7240.21,25.12,9.0713
7241.21,25.22,9.0713
7242.22,25.15,9.0713
7243.22,25.29,9.0713
7244.22,25.19,9.0713
7245.22,25.18,9.0713
7246.22,25.28,9.0713
7247.22,25.19,9.0713
7248.23,25.28,9.0713
7249.23,25.12,9.0713
7250.23,25.11,9.0713
7251.23,25.22,9.0713
7252.23,25.13,9.0713
7253.23,25.24,9.0713
7254.24,25.15,9.0713
7255.24,25.28,9.0713
7256.24,25.18,9.0713
7257.24,25.17,9.0713
7258.24,25.28,9.0713
7259.24,25.18,9.0713
7260.25,25.34,9.0714
7261.25,25.18,9.0714
7262.25,25.3,9.0714
7263.25,25.2,9.0714
7264.25,25.19,9.0714
7265.25,25.28,9.0714
7266.26,25.18,9.0714
7267.26,25.29,9.0714
7268.26,25.18,9.0714
7269.26,25.2,9.0714
7270.26,25.28,9.0714
7271.26,25.18,9.0714
7272.27,25.35,9.0714
7273.27,25.2,9.0714
7274.27,25.19,9.0714
7275.27,25.29,9.0714
7276.27,25.18,9.0714
7277.27,25.29,9.0714
7278.28,25.19,9.0714
7279.28,25.18,9.0714
7280.28,25.28,9.0714
7281.28,25.18,9.0714
7282.28,25.29,9.0714
7283.28,25.2,9.0714
7284.29,25.34,9.0714
7285.29,25.18,9.0714
7286.29,25.17,9.0714
7287.29,25.29,9.0714
7288.29,25.19,9.0714
7289.29,25.28,9.0714
7290.3,25.18,9.0714
7291.3,25.18,9.0714
7292.3,25.29,9.0714
7293.3,25.21,9.0714
7294.3,25.29,9.0714
7295.3,25.37,9.0714
7296.31,25.28,9.0714
7297.31,25.19,9.0714
7298.31,25.18,9.0714
7299.31,25.3,9.0714
7300.31,25.18,9.0714
7301.31,25.28,9.0714
7302.32,25.2,9.0714
7303.32,25.2,9.0714
7304.32,25.28,9.0714
7305.32,25.18,9.0714
7306.32,25.28,9.0714
7307.32,25.24,9.0714
7308.33,25.28,9.0714
7309.33,25.18,9.0714
7310.33,25.18,9.0714
7311.33,25.3,9.0714
7312.33,25.19,9.0714
7313.33,25.2,9.0714
7314.34,25.29,9.0714
7315.34,25.18,9.0714
7316.34,25.28,9.0714
7317.34,25.19,9.0714
7318.34,25.34,9.0714
7319.34,25.18,9.0714
7320.35,25.18,9.0714
7321.35,25.27,9.0714
7322.35,25.18,9.0714
7323.35,25.29,9.0714
7324.35,25.18,9.0714
7325.35,25.19,9.0714
7326.36,25.28,9.0714
7327.36,25.18,9.0714
7328.36,25.24,9.0714
7329.36,25.19,9.0714
7330.36,25.24,9.0715
7331.36,25.28,9.0715
7332.36,25.19,9.0715
7333.37,25.3,9.0715
7334.37,25.19,9.0715
7335.37,25.18,9.0715
7336.37,25.28,9.0715
7337.37,25.2,9.0715
7338.37,25.28,9.0715
7339.38,25.18,9.0715
7340.38,25.29,9.0715
7341.38,25.18,9.0715
7342.38,25.19,9.0715
7343.38,25.34,9.0716
7344.38,25.18,9.0716
7345.39,25.28,9.0716
7346.39,25.18,9.0716
7347.39,25.19,9.0716
7348.39,25.29,9.0716
7349.39,25.16,9.0716
7350.39,25.25,9.0716
7351.4,25.15,9.0716
7352.4,25.27,9.0716
7353.4,25.19,9.0716
7354.4,25.18,9.0716
7355.4,25.26,9.0716
7356.4,25.18,9.0716
7357.41,25.24,9.0716
7358.41,25.12,9.0716
7359.41,25.18,9.0716
7360.41,25.3,9.0716
7361.41,25.17,9.0716
7362.41,25.21,9.0716
7363.41,25.31,9.0716
7364.42,25.19,9.0716
7365.42,25.19,9.0716
7366.42,25.29,9.0716
7367.42,25.2,9.0716
7368.42,25.44,9.0716
7369.42,25.19,9.0716
7370.43,25.19,9.0717
7371.43,25.28,9.0717
7372.43,25.19,9.0717
7373.43,25.3,9.0717
7374.43,25.18,9.0717
7375.43,25.18,9.0717
7376.44,25.28,9.0717
7377.44,25.17,9.0717
7378.44,25.25,9.0717
7379.44,25.16,9.0717
7380.44,25.32,9.0719
7381.44,25.28,9.0719
7382.44,25.19,9.0719
7383.45,25.22,9.0719
7384.45,25.27,9.0719
7385.45,25.18,9.0719
7386.45,25.28,9.0719
7387.45,25.17,9.0719
7388.45,25.28,9.0719
7389.46,25.2,9.0719
7390.46,25.17,9.0719
7391.46,25.29,9.0719
7392.46,25.25,9.0719
7393.46,25.31,9.0719
7394.46,25.19,9.0719
7395.47,25.29,9.0719
7396.47,25.19,9.0719
7397.47,25.19,9.0719
7398.47,25.29,9.0719
7399.47,25.19,9.0719
7400.47,25.28,9.0719
7401.48,25.16,9.0719
7402.48,25.13,9.0719
7403.48,25.24,9.0719
7404.48,25.17,9.0719
7405.48,25.23,9.0719
7406.48,25.18,9.0719
7407.49,25.28,9.0719
7408.49,25.19,9.0719
7409.49,25.19,9.0719
7410.49,25.29,9.0719
7411.49,25.19,9.0719
7412.49,25.3,9.0718
7413.5,25.21,9.072
7414.5,25.19,9.072
7415.5,25.28,9.072
7416.5,25.18,9.072
7417.5,25.34,9.0721
7418.5,25.18,9.0721
7419.51,25.29,9.0721
7420.51,25.18,9.0721
7421.51,25.18,9.0721
7422.51,25.3,9.0721
7423.51,25.19,9.0721
7424.51,25.24,9.0721
7425.52,25.19,9.0721
7426.52,25.17,9.0721
7427.52,25.29,9.0721
7428.52,25.18,9.0721
7429.52,25.27,9.0721
7430.52,25.18,9.0721
7431.53,25.14,9.0721
7432.53,25.25,9.0721
7433.53,25.19,9.0722
7434.53,25.19,9.0722
7435.53,25.28,9.0722
7436.53,25.18,9.0722
7437.53,25.29,9.0722
7438.54,25.14,9.0722
7439.54,25.18,9.0722
7440.54,25.25,9.0722
7441.54,25.17,9.0722
7442.54,25.29,9.0722
7443.54,25.34,9.0729
7444.55,25.19,9.0729
7445.55,25.27,9.0729
7446.55,25.19,9.0729
7447.55,25.26,9.0729
7448.55,25.13,9.0729
7449.55,25.15,9.0729
7450.56,25.24,9.0729
7451.56,25.18,9.0729
7452.56,25.25,9.0729
7453.56,25.15,9.0729
7454.56,25.23,9.0729
7455.56,25.28,9.0729
7456.57,25.12,9.0729
7457.57,25.25,9.0729
7458.57,25.19,9.0729
7459.57,25.29,9.0729
7460.57,25.17,9.0729
7461.57,25.21,9.0729
7462.58,25.14,9.0731
7463.58,25.16,9.0731
7464.58,25.29,9.0732
7465.58,25.18,9.0732
7466.58,25.28,9.0732
7467.58,25.24,9.0751
7468.59,25.18,9.0751
7469.59,25.28,9.0751
7470.59,25.18,9.0751
7471.59,25.28,9.0751
7472.59,25.22,9.0753
7473.59,25.29,9.0753
7474.6,25.18,9.0753
7475.6,25.18,9.0753
7476.6,25.28,9.0753
7477.6,25.2,9.0753
7478.6,25.28,9.0753
7479.6,25.33,9.0753
7480.61,25.17,9.0753
7481.61,25.28,9.0753
7482.61,25.19,9.0753
7483.61,25.29,9.0753
7484.61,25.19,9.0753
7485.61,25.29,9.0753
7486.62,25.18,9.0753
7487.62,25.19,9.0753
7488.62,25.29,9.0753
7489.62,25.19,9.0753
7490.62,25.29,9.0753
7491.62,25.18,9.0753
7492.63,25.26,9.0761
7493.63,25.28,9.0761
7494.63,25.19,9.0761
7495.63,25.28,9.0761
7496.63,25.18,9.0761
7497.63,25.29,9.0761
7498.64,25.18,9.0761
7499.64,25.19,9.0761
7500.64,25.28,9.0761
7501.64,25.19,9.0761
7502.64,25.31,9.0762
7503.64,25.18,9.0762
7504.65,25.23,9.0762
7505.65,25.28,9.0762
7506.65,25.18,9.0762
7507.65,25.29,9.0762
7508.65,25.14,9.0762
7509.65,25.16,9.0762
7510.66,25.28,9.0762
7511.66,25.2,9.0762
7512.66,25.31,9.0762
7513.66,25.19,9.0762
7514.66,25.19,9.0762
7515.66,25.28,9.0762
7516.66,25.18,9.0762
7517.67,25.44,9.0771
7518.67,25.18,9.0771
7519.67,25.19,9.0771
7520.67,25.28,9.0771
7521.67,26.33,9.0771
7522.67,25.31,9.0771
7523.68,25.18,9.0771
7524.68,25.18,9.0771
7525.68,25.28,9.0771
7526.68,25.19,9.0771
7527.68,25.3,9.0771
7528.68,25.19,9.0771
7529.69,25.35,9.0773
7530.69,25.29,9.0773
7531.69,25.19,9.0773
7532.69,25.32,9.0773
7533.69,25.18,9.0773
7534.69,25.28,9.0773
7535.7,25.18,9.0773
7536.7,25.18,9.0773
7537.7,25.29,9.0775
7538.7,25.18,9.0775
7539.7,25.3,9.0775
7540.7,25.19,9.0775
7541.71,25.23,9.0784
7542.71,25.3,9.0784
7543.71,25.18,9.0784
7544.71,25.28,9.0784
7545.71,25.18,9.0784
7546.71,25.28,9.0784
7547.72,25.19,9.0784
7548.72,25.2,9.0784
7549.72,25.29,9.0784
7550.72,25.18,9.0784
7551.72,25.18,9.0784
7552.72,25.31,9.0786
7553.72,25.18,9.0786
7554.73,25.33,9.0786
7555.73,25.18,9.0786
7556.73,25.18,9.0786
7557.73,25.22,9.0786
7558.73,25.18,9.0786
7559.73,25.28,9.0786
7560.74,25.17,9.0786
7561.74,25.12,9.0786
7562.74,25.28,9.0786
7563.74,25.19,9.0786
7564.74,25.18,9.0786
7565.74,25.29,9.0786
7566.74,25.2,9.0795
7567.75,25.12,9.0795
7568.75,25.3,9.0795
7569.75,25.31,9.0795
7570.75,25.29,9.0795
7571.75,25.19,9.0795
7572.75,25.21,9.0797
7573.75,25.29,9.0797
7574.76,25.19,9.0797
7575.76,25.28,9.0797
7576.76,25.19,9.0797
7577.76,25.19,9.0797
7578.76,25.28,9.0797
7579.76,25.24,9.0797
7580.77,25.27,9.0797
7581.77,25.18,9.0797
7582.77,25.2,9.0797
7583.77,25.28,9.0797
7584.77,25.18,9.0797
7585.77,25.28,9.0797
7586.78,25.17,9.0797
7587.78,25.29,9.0797
7588.78,25.18,9.0797
7589.78,25.2,9.0797
7590.78,25.26,9.0797
7591.78,25.3,9.0802
7592.79,25.2,9.0802
7593.79,25.28,9.0802
7594.79,25.21,9.0802
7595.79,25.29,9.0802
7596.79,25.18,9.0802
7597.79,25.2,9.0802
7598.8,25.29,9.0802
7599.8,25.21,9.0802
7600.8,25.29,9.0802
7601.8,25.19,9.0802
7602.8,25.21,9.0803
7603.8,25.44,9.0803
7604.8,25.19,9.0803
7605.81,25.28,9.0803
7606.81,25.19,9.0803
7607.81,25.19,9.0803
7608.81,25.28,9.0803
7609.81,25.18,9.0803
7610.81,25.29,9.0803
7611.82,25.18,9.0803
7612.82,25.31,9.0803
7613.82,25.18,9.0803
7614.82,25.18,9.0803
7615.82,25.32,9.0808
7616.82,25.19,9.0808
7617.83,25.29,9.0808
7618.83,25.18,9.0808
7619.83,25.18,9.0808
7620.83,25.28,9.0808
7621.83,25.19,9.0808
7622.83,25.31,9.0808
7623.84,25.18,9.0808
7624.84,25.19,9.0808
7625.84,25.28,9.0808
7626.84,25.18,9.0808
7627.84,25.29,9.0808
7628.84,25.22,9.0811
7629.85,25.33,9.0811
7630.85,25.18,9.0811
7631.85,25.19,9.0811
7632.85,25.33,9.0811
7633.85,25.18,9.0811
7634.85,25.19,9.0811
7635.86,25.22,9.0811
7636.86,25.12,9.0811
7637.86,25.24,9.0811
7638.86,25.11,9.0811
7639.86,25.12,9.0811
7640.86,25.23,9.0811
7641.87,25.23,9.0814
7642.87,25.31,9.0814
7643.87,25.19,9.0814
7644.87,25.28,9.0816
7645.87,25.19,9.0815
7646.87,25.18,9.0815
7647.88,25.28,9.0815
7648.88,25.18,9.0815
7649.88,25.29,9.0815
7650.88,25.19,9.0815
7651.88,25.18,9.0815
7652.88,25.31,9.0815
7653.89,25.18,9.0815
7654.89,25.34,9.0817
7655.89,25.18,9.0817
7656.89,25.28,9.0817
7657.89,25.16,9.0817
7658.89,25.15,9.0817
7659.89,25.32,9.0817
7660.9,25.18,9.0817
7661.9,25.18,9.0817
7662.9,25.31,9.0817
7663.9,25.18,9.0817
7664.9,25.28,9.0817
7665.9,25.18,9.0817
7666.91,25.32,9.0821
7667.91,25.29,9.0821
7668.91,25.18,9.0821
7669.91,25.28,9.0821
7670.91,25.18,9.0821
7671.91,25.28,9.0821
7672.92,25.2,9.0821
7673.92,25.17,9.0821
7674.92,25.28,9.0821
7675.92,25.18,9.0821
7676.92,25.28,9.0821
7677.92,25.2,9.0821
7678.93,25.34,9.0823
7679.93,25.29,9.0823
7680.93,25.19,9.0823
7681.93,25.29,9.0823
7682.93,25.22,9.0824
7683.93,25.18,9.0824
7684.94,25.29,9.0824
7685.94,25.19,9.0824
7686.94,25.29,9.0824
7687.94,25.2,9.0824
7688.94,25.29,9.0824
7689.94,25.2,9.0824
7690.95,25.18,9.0824
7691.95,25.36,9.0828
7692.95,25.79,9.0828
7693.95,25.22,9.0828
7694.95,25.18,9.0828
7695.95,25.16,9.0828
7696.96,25.23,9.0828
7697.96,25.13,9.0828
7698.96,25.22,9.0828
7699.96,25.12,9.0828
7700.96,25.12,9.0828
7701.96,25.22,9.0828
7702.97,25.15,9.0829
7703.97,25.27,9.0829
7704.97,25.13,9.0829
7705.97,25.23,9.0829
7706.97,25.15,9.0829
7707.97,25.2,9.0829
7708.98,25.29,9.0829
7709.98,25.18,9.0829
7710.98,25.28,9.0829
7711.98,25.19,9.0829
7712.98,25.21,9.083
7713.98,25.29,9.083
7714.98,25.18,9.083
7715.99,25.22,9.083
7716.99,25.16,9.083
7717.99,25.14,9.083
7718.99,25.29,9.083
7719.99,25.19,9.083
7720.99,25.28,9.083
7722.0,25.18,9.083
7723.0,25.21,9.083
7724.0,25.29,9.083
7725.0,25.19,9.083
7726.0,25.29,9.083
7727.0,25.19,9.083
7728.01,25.19,9.083
7729.01,25.34,9.0831
7730.01,25.19,9.0831
7731.01,25.28,9.0831
7732.01,25.19,9.0831
7733.01,25.31,9.0831
7734.02,25.19,9.0832
7735.02,25.18,9.0832
7736.02,25.28,9.0832
7737.02,25.18,9.0832
7738.02,25.29,9.0832
7739.02,25.18,9.0832
7740.03,25.18,9.0832
7741.03,25.28,9.0832
7742.03,25.27,9.0832
7743.03,25.31,9.0832
7744.03,25.17,9.0832
7745.03,25.29,9.0832
7746.04,25.18,9.0832
7747.04,25.16,9.0832
7748.04,25.25,9.0832
7749.04,25.17,9.0832
7750.04,25.28,9.0832
7751.04,25.18,9.0832
7752.05,25.18,9.0832
7753.05,25.31,9.0832
7754.05,25.35,9.0832
7755.05,25.29,9.0832
7756.05,25.18,9.0832
7757.05,25.18,9.0832
7758.06,25.24,9.0832
7759.06,25.13,9.0832
7760.06,25.28,9.0832
7761.06,25.18,9.0832
7762.06,25.19,9.0832
7763.06,25.31,9.0832
7764.07,25.19,9.0832
7765.07,25.3,9.0832
7766.07,25.18,9.0832
7767.07,25.22,9.0834
7768.07,25.29,9.0834
7769.07,25.18,9.0834
7770.07,25.19,9.0834
7771.08,25.29,9.0834
7772.08,25.18,9.0834
7773.08,25.32,9.0834
7774.08,25.2,9.0834
7775.08,25.18,9.0834
7776.08,25.28,9.0834
7777.08,25.18,9.0834
7778.09,25.29,9.0834
7779.09,25.24,9.0834
7780.09,25.19,9.0834
7781.09,25.28,9.0834
7782.09,25.18,9.0834
7783.09,25.3,9.0835
7784.1,25.18,9.0835
7785.1,25.28,9.0835
7786.1,25.19,9.0835
7787.1,25.18,9.0835
7788.1,25.23,9.0835
7789.1,25.16,9.0835
7790.11,25.18,9.0835
7791.11,25.3,9.0835
7792.11,25.23,9.0837
7793.11,25.21,9.0837
7794.11,25.28,9.0837
7795.11,25.18,9.0837
7796.11,25.28,9.0837
7797.12,25.19,9.0837
7798.12,25.15,9.0837
7799.12,25.29,9.0837
7800.12,25.19,9.0837
7801.12,25.31,9.0837
7802.12,25.2,9.0837
7803.13,25.23,9.0838
7804.13,25.39,9.0841
7805.13,25.22,9.0841
7806.13,25.19,9.0841
7807.13,25.28,9.0841
7808.13,25.2,9.0841
7809.13,25.2,9.0841
7810.13,25.31,9.0841
7811.14,25.19,9.0841
7812.14,25.2,9.0841
7813.14,25.32,9.0841
7814.14,25.2,9.0841
7815.14,25.19,9.0841
7816.14,25.3,9.0841
7817.14,25.34,9.0844
7818.15,25.28,9.0844
7819.15,62.35,2.2135
7820.15,73.78,2.3622
7821.15,76.52,2.2933
7822.15,87.96,2.4829
7823.15,68.2,2.2949
7824.15,74.21,2.4516
7825.16,89.14,2.652
7826.16,79.59,2.9117
7827.16,77.88,3.1468
7828.16,79.79,3.3888
7829.16,69.81,3.6286
7830.16,28.8,3.7289
7831.16,27.96,3.8171
7832.17,31.07,3.8756
7833.17,26.07,3.9193
7834.17,25.63,3.9636
7835.17,25.47,4.0018
7836.17,26.54,4.0392
7837.17,33.34,4.075
7838.17,25.37,4.1116
7839.18,25.35,4.1445
7840.18,33.95,4.1758
7841.18,26.58,4.2011
7842.18,25.25,4.2301
7843.18,25.43,4.2476
7844.18,25.28,4.2729
7845.18,25.18,4.2985
7846.19,25.35,4.3213
7847.19,25.16,4.3473
7848.19,25.49,4.3696
7849.19,25.22,4.3961
7850.19,26.11,4.418
7851.19,26.03,4.4392
7852.19,25.18,4.4607
7853.2,25.17,4.4843
7854.2,25.17,4.5001
7855.2,25.25,4.5178
7856.2,25.17,4.5402
7857.2,25.27,4.558
7858.2,25.28,4.5785
7859.21,25.74,4.5983
7860.21,25.25,4.6367
7861.21,25.11,4.6367
7862.21,25.22,4.6696
7863.21,25.14,4.6696
7864.21,25.19,4.7023
7865.21,25.25,4.7023
7866.22,25.12,4.7356
7867.22,25.17,4.7356
7868.22,25.27,4.7469
7869.22,25.25,4.7666
7870.22,25.11,4.7852
7871.22,25.21,4.8064
7872.22,25.12,4.8251
7873.23,27.77,4.8403
7874.23,25.14,4.8595
7875.23,25.12,4.8761
7876.23,25.95,4.8939
7877.23,25.12,4.9109
7878.23,28.74,4.9293
7879.24,25.16,4.9616
7880.24,25.12,4.9616
7881.24,25.23,4.9943
7882.24,25.16,4.9943
7883.24,25.18,5.027
7884.24,25.25,5.027
7885.24,25.13,5.0604
7886.25,25.17,5.0604
7887.25,25.25,5.0667
7888.25,25.14,5.0834
7889.25,25.17,5.1014
7890.25,25.13,5.118
7891.25,25.21,5.139
7892.25,25.13,5.1555
7893.25,25.16,5.1689
7894.26,25.26,5.1879
7895.26,25.16,5.2071
7896.26,25.27,5.2255
7897.26,25.18,5.2403
7898.26,25.16,5.2575
7899.26,25.27,5.2766
7900.27,25.17,5.2918
7901.27,25.27,5.3066
7902.27,25.18,5.3216
7903.27,25.29,5.3382
7904.27,25.17,5.3517
7905.27,25.15,5.3653
7906.27,25.23,5.3801
7907.28,25.15,5.394
7908.28,25.11,5.4083
7909.28,25.22,5.4228
7910.28,25.13,5.4356
7911.28,25.25,5.4493
7912.28,25.15,5.4658
7913.29,25.99,5.4973
7914.29,25.24,5.4973
7915.29,25.16,5.4973
7916.29,25.27,5.4976
7917.29,25.17,5.5213
7918.29,25.16,5.5213
7919.29,25.29,5.5213
7920.3,25.17,5.5433
7921.3,25.17,5.5433
7922.3,25.28,5.5433
7923.3,25.19,5.5655
7924.3,25.28,5.5655
7925.3,25.17,5.5655
7926.31,25.17,5.5694
7927.31,25.28,5.5806
7928.31,25.18,5.5949
7929.31,25.18,5.6088
7930.31,25.27,5.6221
7931.31,25.18,5.6356
7932.31,25.3,5.647
7933.32,25.2,5.6595
7934.32,25.19,5.6722
7935.32,25.28,5.6834
7936.32,25.17,5.6957
7937.32,25.28,5.7097
7938.32,25.16,5.7234
7939.33,25.17,5.7363
7940.33,25.33,5.7482
7941.33,25.17,5.7593
7942.33,25.19,5.7718
7943.33,25.29,5.7839
7944.33,25.18,5.7941
7945.33,25.17,5.8043
7946.34,25.21,5.8162
7947.34,25.17,5.8297
7948.34,25.27,5.842
7949.34,25.14,5.8547
7950.34,25.11,5.8654
7951.34,25.27,5.876
7952.35,25.18,5.8871
7953.35,25.29,5.8994
7954.35,25.19,5.9091
7955.35,25.61,5.9203
7956.35,25.41,5.9299
7957.35,25.14,5.94
7958.35,25.27,5.9507
7959.36,25.18,5.9636
7960.36,25.27,5.9734
7961.36,25.17,5.9852
7962.36,25.18,5.9949
7963.36,25.28,6.0046
7964.36,25.17,6.0182
7965.37,25.27,6.0309
7966.37,25.17,6.0401
7967.37,25.18,6.051
7968.37,25.25,6.0618
7969.37,25.11,6.0717
7970.37,25.26,6.0818
7971.37,25.27,6.091
7972.38,25.16,6.1002
7973.38,25.29,6.1096
7974.38,25.17,6.1202
7975.38,25.17,6.1308
7976.38,25.23,6.1403
7977.38,25.12,6.149
7978.39,25.14,6.16
7979.39,25.23,6.1705
7980.39,25.14,6.1822
7981.39,25.11,6.1927
7982.39,25.22,6.2053
7983.39,25.13,6.2161
7984.39,25.14,6.2278
7985.39,25.23,6.2394
7986.4,25.21,6.249
7987.4,25.16,6.2584
7988.4,25.27,6.2689
7989.4,25.19,6.2802
7990.4,25.17,6.2916
7991.4,25.27,6.304
7992.4,25.16,6.3166
7993.41,25.23,6.3265
7994.41,25.15,6.3377
7995.41,25.17,6.3492
7996.41,25.26,6.3577
7997.41,25.12,6.3679
7998.41,25.21,6.3788
7999.42,25.11,6.3904
8000.42,25.11,6.4012
8001.42,25.21,6.4142
8002.42,25.14,6.424
8003.42,25.29,6.4349
8004.42,25.17,6.4466
8005.43,26.01,6.4545
8006.43,25.26,6.4642
8007.43,25.18,6.4742
8008.43,25.17,6.4832
8009.43,25.27,6.4925
8010.43,25.17,6.5037
8011.43,25.27,6.5143
8012.44,25.17,6.527
8013.44,25.19,6.5377
8014.44,25.27,6.5468
8015.44,25.18,6.5582
8016.44,25.27,6.5706
8017.44,25.15,6.5781
8018.45,25.12,6.587
8019.45,25.27,6.5967
8020.45,25.17,6.606
8021.45,25.26,6.6174
8022.45,25.17,6.6291
8023.45,25.18,6.6413
8024.45,25.27,6.6537
8025.46,25.17,6.6612
8026.46,25.27,6.6703
8027.46,25.17,6.6783
8028.46,25.16,6.6895
8029.46,25.26,6.6989
8030.46,25.17,6.7117
8031.47,25.26,6.7187
8032.47,25.18,6.7291
8033.47,25.18,6.7382
8034.47,26.24,6.7468
8035.47,25.16,6.7541
8036.47,25.16,6.7625
8037.47,25.27,6.7713
8038.48,25.17,6.7802
8039.48,25.27,6.7886
8040.48,25.18,6.7995
8041.48,25.2,6.8067
8042.48,25.64,6.8148
8043.48,25.19,6.8229
8044.49,25.27,6.8315
8045.49,25.17,6.8405
8046.49,25.17,6.8493
8047.49,25.28,6.8582
8048.49,25.17,6.8657
8049.49,25.27,6.8723
8050.5,25.16,6.8821
8051.5,25.17,6.8878
8052.5,25.29,6.8923
8053.5,25.17,6.9183
8054.5,25.16,6.9183
8055.5,25.28,6.9183
8056.5,25.16,6.9183
8057.51,25.16,6.9183
8058.51,25.24,6.9183
8059.51,25.16,6.9183
8060.51,25.16,6.9453
8061.51,25.26,6.9453
8062.51,25.17,6.9453
8063.51,25.29,6.9453
8064.52,25.15,6.9453
8065.52,25.12,6.9453
8066.52,25.21,6.9453
8067.52,25.12,6.97
8068.52,25.11,6.97
8069.52,25.2,6.97
8070.52,25.15,6.97
8071.53,25.26,6.97
8072.53,25.18,6.97
8073.53,25.18,6.97
8074.53,25.27,6.9949
8075.53,25.17,6.9949
8076.53,25.27,6.9949
8077.54,25.13,6.9949
8078.54,25.11,6.9949
8079.54,25.22,6.9949
8080.54,25.11,6.9949
8081.54,25.15,6.9984
8082.54,25.27,7.0062
8083.54,25.19,7.0136
8084.55,26.1,7.0207
8085.55,31.73,7.1121
8086.55,25.17,7.1121
8087.55,25.27,7.1121
8088.55,25.16,7.1121
8089.55,25.16,7.1121
8090.56,25.26,7.1121
8091.56,25.13,7.1121
8092.56,25.22,7.1121
8093.56,25.13,7.1121
8094.56,25.11,7.1121
8095.56,25.24,7.1121
8096.56,25.11,7.1121
8097.57,25.17,7.1121
8098.57,25.29,7.1121
8099.57,25.17,7.1121
8100.57,25.17,7.1121
8101.57,25.28,7.1121
8102.57,25.18,7.1121
8103.57,25.19,7.1122
8104.57,25.19,7.1122
8105.57,25.29,7.1122
8106.58,25.17,7.1122
8107.58,25.18,7.1122
8108.58,25.27,7.1122
8109.58,25.17,7.1122
8110.58,25.26,7.1122
8111.58,25.13,7.1122
8112.59,25.18,7.1122
8113.59,25.26,7.1122
8114.59,25.11,7.1122
8115.59,25.23,7.1122
8116.59,25.17,7.1122
8117.59,25.17,7.1122
8118.59,25.26,7.1189
8119.6,25.1,7.1189
8120.6,25.15,7.1189
8121.6,25.27,7.1189
8122.6,25.16,7.1189
8123.6,25.11,7.1189
8124.6,25.22,7.1189
8125.6,25.12,7.1223
8126.61,25.21,7.1495
8127.61,25.13,7.1495
8128.61,25.12,7.1495
8129.61,25.21,7.1495
8130.61,25.15,7.1495
8131.61,25.19,7.1495
8132.61,25.29,7.1497
8133.62,25.12,7.1776
8134.62,25.12,7.1776
8135.62,25.21,7.1776
8136.62,25.1,7.1776
8137.62,25.25,7.1776
8138.62,25.13,7.1776
8139.63,25.17,7.1776
8140.63,25.27,7.2058
8141.63,25.14,7.2058
8142.63,25.23,7.2058
8143.63,25.1,7.2058
8144.63,25.1,7.2058
8145.64,25.21,7.2058
8146.64,25.1,7.2058
8147.64,25.23,7.2058
8148.64,25.17,7.212
8149.64,25.19,7.2125
8150.64,25.25,7.2125
8151.64,25.12,7.2125
8152.64,25.19,7.2125
8153.65,25.21,7.2125
8154.65,25.11,7.2125
8155.65,25.14,7.2125
8156.65,25.27,7.2125
8157.65,25.18,7.2125
8158.65,25.24,7.2125
8159.66,25.11,7.2125
8160.66,25.11,7.2125
8161.66,25.24,7.2125
8162.66,25.19,7.2127
8163.66,25.27,7.2127
8164.66,25.17,7.2127
8165.67,25.18,7.2127
8166.67,25.27,7.2127
8167.67,25.17,7.2127
8168.67,25.16,7.2127
8169.67,25.27,7.2127
8170.67,25.16,7.2127
8171.67,25.26,7.2127
8172.68,25.15,7.2127
8173.68,25.12,7.2127
8174.68,25.24,7.2127
8175.68,25.17,7.2127
8176.68,25.26,7.2127
8177.68,25.16,7.2127
8178.69,25.14,7.2127
8179.69,25.24,7.2127
8180.69,25.14,7.2127
8181.69,25.26,7.2127
8182.69,25.19,7.2127
8183.69,25.16,7.2127
8184.69,25.27,7.2127
8185.7,25.16,7.2127
8186.7,25.16,7.2127
8187.7,25.28,7.2127
8188.7,25.16,7.2127
8189.7,25.26,7.2127
8190.7,25.17,7.2127
8191.71,25.16,7.2127
8192.71,25.29,7.2128
8193.71,25.16,7.2128
8194.71,25.26,7.2128
8195.71,26.28,7.2128
8196.71,25.16,7.2128
8197.71,25.26,7.2128
8198.72,25.16,7.2128
8199.72,26.34,7.2128
8200.72,25.27,7.2128
8201.72,26.03,7.2128
8202.72,25.29,7.2128
8203.72,25.18,7.2128
8204.72,25.17,7.2128
8205.73,25.27,7.2128
8206.73,25.17,7.2128
8207.73,25.6,7.2128
8208.73,25.26,7.2128
8209.73,25.16,7.2128
8210.73,25.25,7.2128
8211.74,25.1,7.2128
8212.74,25.13,7.2128
8213.74,25.22,7.2128
8214.74,25.13,7.2128
8215.74,25.24,7.2128
8216.74,25.16,7.2128
8217.75,25.15,7.2128
8218.75,25.23,7.2128
8219.75,25.14,7.2128
8220.75,25.15,7.2128
8221.75,25.27,7.2128
8222.75,25.19,7.2128
8223.75,25.27,7.2128
8224.76,25.17,7.2128
8225.76,25.15,7.2128
8226.76,25.22,7.2128
8227.76,25.17,7.2129
8228.76,25.27,7.2129
8229.76,25.17,7.2129
8230.77,25.17,7.2129
8231.77,25.27,7.2129
8232.77,25.18,7.2129
8233.77,25.26,7.2129
8234.77,25.16,7.2129
8235.77,25.17,7.2129
8236.77,25.27,7.2129
8237.78,25.18,7.2129
8238.78,25.16,7.2129
8239.78,25.21,7.2129
8240.78,25.11,7.2129
8241.78,25.21,7.2129
8242.78,25.14,7.2129
8243.79,25.11,7.2129
8244.79,25.23,7.2129
8245.79,25.16,7.2129
8246.79,25.25,7.2129
8247.79,25.17,7.2129
8248.79,25.16,7.2129
8249.79,25.26,7.2129
8250.8,25.17,7.2129
8251.8,25.17,7.2129
8252.8,25.29,7.2129
8253.8,25.16,7.2129
8254.8,25.26,7.2129
8255.8,25.17,7.2129
8256.81,25.17,7.2129
8257.81,25.27,7.213
8258.81,25.18,7.213
8259.81,25.17,7.213
8260.81,25.26,7.213
8261.81,25.18,7.213
8262.81,25.19,7.213
8263.82,25.26,7.213
8264.82,25.17,7.213
8265.82,25.26,7.213
8266.82,25.18,7.213
8267.82,25.17,7.213
8268.82,25.26,7.213
8269.82,25.16,7.213
8270.83,25.16,7.213
8271.83,25.26,7.213
8272.83,25.19,7.213
8273.83,25.27,7.213
8274.83,25.16,7.213
8275.83,25.17,7.213
8276.83,25.21,7.213
8277.84,25.17,7.213
8278.84,25.26,7.213
8279.84,25.17,7.213
8280.84,25.16,7.213
8281.84,25.22,7.213
8282.84,25.14,7.213
8283.85,25.16,7.213
8284.85,25.27,7.213
8285.85,25.17,7.213
8286.85,25.26,7.213
8287.85,25.18,7.213
8288.85,25.17,7.213
8289.86,25.25,7.213
8290.86,25.17,7.213
8291.86,25.27,7.2131
8292.86,25.18,7.2133
8293.86,25.18,7.2133
8294.86,25.2,7.2133
8295.86,25.27,7.2133
8296.87,25.14,7.2133
8297.87,25.26,7.2133
8298.87,25.17,7.2133
8299.87,25.28,7.2133
8300.87,25.21,7.2133
8301.87,25.16,7.2133
8302.87,25.29,7.2133
8303.88,25.16,7.2133
8304.88,25.16,7.2133
8305.88,25.27,7.2133
8306.88,25.29,7.2133
8307.88,25.27,7.2133
8308.88,25.17,7.2133
8309.89,25.16,7.2133
8310.89,25.27,7.2133
8311.89,25.17,7.2133
8312.89,25.25,7.2133
8313.89,25.16,7.2133
8314.89,25.16,7.2133
8315.89,25.26,7.2133
8316.9,25.17,7.2133
8317.9,25.28,7.2133
8318.9,25.16,7.2133
8319.9,25.17,7.2133
8320.9,25.26,7.2133
8321.9,25.16,7.2133
8322.91,25.28,7.2134
8323.91,25.17,7.2134
8324.91,25.17,7.2134
8325.91,25.26,7.2134
8326.91,25.17,7.2134
8327.91,25.18,7.2134
8328.91,25.27,7.2134
8329.92,25.17,7.2134
8330.92,25.27,7.2134
8331.92,25.17,7.2134
8332.92,25.19,7.2134
8333.92,25.27,7.2134
8334.92,25.17,7.2134
8335.93,25.17,7.2134
8336.93,25.27,7.2134
8337.93,25.17,7.2134
8338.93,25.27,7.2134
8339.93,25.17,7.2134
8340.93,25.16,7.2134
8341.94,25.24,7.2134
8342.94,25.15,7.2134
8343.94,25.22,7.2134
8344.94,25.13,7.2134
8345.94,25.17,7.2134
8346.94,25.29,7.2134
8347.94,25.19,7.2134
8348.94,25.17,7.2134
8349.95,25.28,7.2134
8350.95,25.17,7.2134
8351.95,25.17,7.2134
8352.95,25.29,7.2135
8353.95,25.11,7.2135
8354.95,25.13,7.2135
8355.96,25.27,7.2135
8356.96,25.17,7.2135
8357.96,25.28,7.2135
8358.96,25.16,7.2135
8359.96,25.16,7.2135
8360.96,25.27,7.2135
8361.96,25.17,7.2135
8362.97,25.18,7.2135
8363.97,25.26,7.2135
8364.97,25.15,7.2135
8365.97,25.23,7.2135
8366.97,25.13,7.2135
8367.97,25.14,7.2135
8368.98,25.24,7.2135
8369.98,25.16,7.2135
8370.98,25.26,7.2135
8371.98,25.18,7.2135
8372.98,25.19,7.2135
8373.98,25.27,7.2135
8374.98,25.18,7.2135
8375.99,25.28,7.2135
8376.99,25.18,7.2135
8377.99,25.16,7.2135
8378.99,25.21,7.2135
8379.99,25.17,7.2135
8380.99,25.27,7.2135
8382.0,25.19,7.2135
8383.0,25.21,7.2136
8384.0,25.3,7.2136
8385.0,25.18,7.2136
8386.0,25.28,7.2136
8387.0,25.19,7.2136
8388.01,25.19,7.2136
8389.01,25.29,7.2136
8390.01,25.18,7.2136
8391.01,25.28,7.2136
8392.01,25.19,7.2136
8393.01,25.2,7.2136
8394.01,25.26,7.2136
8395.02,25.16,7.2136
8396.02,25.17,7.2136
8397.02,25.26,7.2136
8398.02,25.33,7.2136
8399.02,25.26,7.2136
8400.02,25.18,7.2136
8401.03,25.17,7.2136
8402.03,25.27,7.2136
8403.03,25.2,7.2136
8404.03,25.27,7.2136
8405.03,25.17,7.2136
8406.03,25.17,7.2136
8407.03,25.27,7.2136
8408.04,25.14,7.2136
8409.04,25.23,7.2136
8410.04,25.17,7.2136
8411.04,25.18,7.2136
8412.04,25.27,7.2136
8413.04,25.2,7.2137
8414.05,25.17,7.2137
8415.05,25.27,7.2137
8416.05,25.17,7.2137
8417.05,25.27,7.2137
8418.05,25.18,7.2137
8419.05,25.18,7.2137
8420.06,25.26,7.2137
8421.06,25.17,7.2137
8422.06,25.28,7.2137
8423.06,25.2,7.2137
8424.06,25.17,7.2137
8425.06,25.27,7.2137
8426.06,25.13,7.2137
8427.07,25.2,7.2137
8428.07,25.15,7.2137
8429.07,25.17,7.2137
8430.07,25.27,7.2137
8431.07,25.17,7.2137
8432.07,25.26,7.2137
8433.08,25.2,7.2137
8434.08,25.17,7.2137
8435.08,25.26,7.2137
8436.08,25.17,7.2137
8437.08,25.27,7.2137
8438.08,25.18,7.2137
8439.09,25.17,7.2137
8440.09,25.22,7.2137
8441.09,25.13,7.2137
8442.09,25.22,7.2137
8443.09,25.84,7.2139
8444.09,25.16,7.2139
8445.09,25.3,7.2139
8446.1,25.17,7.2139
8447.1,25.15,7.2139
8448.1,25.27,7.2139
8449.1,25.62,7.2139
8450.1,25.27,7.2139
8451.1,25.17,7.2139
8452.11,25.17,7.2139
8453.11,25.3,7.2139
8454.11,25.17,7.2139
8455.11,25.27,7.2139
8456.11,25.17,7.2139
8457.11,25.25,7.2139
8458.12,25.17,7.2139
8459.12,25.17,7.2139
8460.12,25.26,7.2139
8461.12,25.15,7.2139
8462.12,25.2,7.2139
8463.12,25.13,7.2139
8464.12,25.1,7.2139
8465.13,25.21,7.2139
8466.13,25.12,7.2139
8467.13,25.12,7.2139
8468.13,25.22,7.2139
8469.13,25.13,7.2139
8470.13,25.22,7.2139
8471.14,25.12,7.2139
8472.14,25.12,7.2139
8473.14,25.24,7.214
8474.14,25.12,7.214
8475.14,25.21,7.214
8476.14,25.11,7.214
8477.15,25.21,7.214
8478.15,25.12,7.214
8479.15,25.11,7.214
8480.15,25.23,7.214
8481.15,25.17,7.214
8482.15,25.27,7.214
8483.16,25.19,7.214
8484.16,25.17,7.214
8485.16,25.25,7.214
8486.16,25.11,7.214
8487.16,25.26,7.2138
8488.16,25.17,7.2138
8489.17,25.16,7.2139
8490.17,25.27,7.214
8491.17,25.16,7.214
8492.17,25.28,7.214
8493.17,25.18,7.214
8494.17,25.18,7.214
8495.18,25.28,7.214
8496.18,25.18,7.214
8497.18,25.29,7.214
8498.18,25.17,7.214
8499.18,25.18,7.214
8500.18,25.27,7.214
8501.19,25.39,7.214
8502.19,25.28,7.214
8503.19,25.16,7.214
8504.19,25.21,7.214
8505.19,25.11,7.214
8506.19,25.12,7.214
8507.19,25.23,7.214
8508.2,25.12,7.214
8509.2,25.22,7.214
8510.2,25.12,7.214
8511.2,25.12,7.214
8512.2,25.24,7.214
8513.2,25.18,7.2141
8514.21,25.27,7.2141
8515.21,25.17,7.2141
8516.21,25.12,7.2141
8517.21,25.22,7.2141
8518.21,25.12,7.2141
8519.21,25.27,7.2141
8520.22,25.17,7.2141
8521.22,25.24,7.2141
8522.22,25.18,7.2141
8523.22,25.19,7.2141
8524.22,25.3,7.2141
8525.22,25.18,7.2141
8526.23,25.18,7.2141
8527.23,25.28,7.2141
8528.23,25.16,7.2141
8529.23,25.24,7.2141
8530.23,25.12,7.2141
8531.23,25.13,7.2141
8532.24,25.24,7.2141
8533.24,25.15,7.2141
8534.24,25.23,7.2141
8535.24,25.13,7.2141
8536.24,25.23,7.2141
8537.24,25.2,7.2141
8538.24,25.21,7.2141
8539.25,25.27,7.2141
8540.25,25.18,7.2141
8541.25,25.13,7.2141
8542.25,25.3,7.2141
8543.25,25.19,7.2143
8544.25,25.16,7.2143
8545.26,25.27,7.2143
8546.26,25.18,7.2143
8547.26,25.25,7.2143
8548.26,25.25,7.2143
8549.26,25.27,7.2143
8550.26,25.17,7.2143
8551.27,25.17,7.2143
8552.27,25.55,7.2143
8553.27,25.19,7.2143
8554.27,25.17,7.2143
8555.27,25.27,7.2143
8556.27,25.14,7.2143
8557.27,25.23,7.2143
8558.28,25.11,7.2143
8559.28,25.12,7.2143
8560.28,25.21,7.2143
8561.28,25.12,7.2143
8562.28,25.23,7.2143
8563.28,25.17,7.2143
8564.29,25.17,7.2143
8565.29,25.27,7.2143
8566.29,25.18,7.2143
8567.29,25.29,7.2143
8568.29,25.18,7.2143
8569.29,25.28,7.2143
8570.3,25.15,7.2143
8571.3,25.18,7.2143
8572.3,25.27,7.2143
8573.3,25.19,7.2144
8574.3,25.25,7.2144
8575.3,25.16,7.2144
8576.31,25.14,7.2144
8577.31,25.27,7.2144
8578.31,25.19,7.2144
8579.31,25.2,7.2144
8580.31,25.31,7.2144
8581.31,25.2,7.2144
8582.31,25.2,7.2144
8583.31,25.33,7.2144
8584.32,25.2,7.2144
8585.32,25.2,7.2144
8586.32,25.32,7.2144
8587.32,25.21,7.2144
8588.32,25.2,7.2144
8589.32,25.33,7.2144
8590.32,25.2,7.2144
8591.33,25.41,7.2144
8592.33,39.91,2.1687
8593.33,84.95,2.4259
8594.33,81.28,2.5838
8595.33,88.73,2.7729
8596.33,85.69,3.04
8597.33,80.75,3.3214
8598.33,79.16,3.5716
8599.34,77.18,3.8182
8600.34,75.92,4.0837
8601.34,76.26,4.3923
8602.34,75.89,4.6594
8603.34,75.63,4.8679
8604.34,75.69,5.0896
8605.34,75.56,5.2634
8606.35,75.56,5.4152
8607.35,75.96,5.5584
8608.35,75.27,5.7158
8609.35,78.11,5.9381
8610.35,45.03,6.0271
8611.35,33.47,6.1243
8612.35,35.65,6.2293
8613.36,60.85,6.5122
8614.36,35.36,6.9464
8615.36,75.09,7.2216
8616.36,71.24,7.2624
8617.36,44.04,7.2632
8618.36,25.27,7.2632
8619.36,26.54,7.2632
8620.37,25.25,7.2632
8621.37,25.18,7.3634
8622.37,25.38,7.3183
8623.37,25.3,7.3184
8624.37,26.09,7.33
8625.37,32.23,7.5602
8626.38,25.42,7.5603
8627.38,25.28,7.5603
8628.38,25.28,7.5603
8629.38,25.18,7.5603
8630.38,25.18,7.5603
8631.38,25.28,7.5603
8632.38,25.2,7.5603
8633.39,31.64,7.5605
8634.39,25.2,7.5606
8635.39,25.19,7.5606
8636.39,25.28,7.5606
8637.39,25.2,7.5606
8638.39,25.29,7.5606
8639.4,25.18,7.5606
8640.4,27.94,7.5606
8641.4,25.27,7.5606
8642.4,25.18,7.5606
8643.4,31.2,7.5609
8644.4,25.65,7.5609
8645.41,25.31,7.5609
8646.41,25.27,7.5609
8647.41,25.2,7.561
8648.41,25.28,7.561
8649.41,25.18,7.561
8650.41,25.29,7.561
8651.42,25.18,7.561
8652.42,31.39,7.5611
8653.42,26.19,7.5611
8654.42,28.35,7.5611
8655.42,25.55,7.5611
8656.42,25.21,7.5611
8657.43,25.15,7.5611
8658.43,25.75,7.5611
8659.43,25.13,7.5611
8660.43,25.22,7.5611
8661.43,25.12,7.5611
8662.43,33.12,7.7027
8663.44,25.3,7.7027
8664.44,25.18,7.7027
8665.44,25.28,7.7027
8666.44,25.12,7.7027
8667.44,25.24,7.7027
8668.44,25.11,7.7027
8669.45,25.15,7.7027
8670.45,25.28,7.7027
8671.45,25.12,7.9562
8672.45,25.23,8.3835
8673.45,26.29,8.7797
8674.45,37.97,8.9122
8675.46,25.24,8.9122
8676.46,25.23,8.9122
8677.46,25.3,8.9122
8678.46,25.16,8.9122
8679.46,25.13,8.9122
8680.46,25.23,8.9122
8681.46,25.14,8.9122
8682.47,25.27,8.9122
8683.47,25.17,8.9122
8684.47,25.25,8.9122
8685.47,25.32,8.9131
8686.47,25.18,8.9131
8687.47,25.25,8.9131
8688.48,25.12,8.9131
8689.48,25.23,8.9131
8690.48,25.18,8.9131
8691.48,25.19,8.9131
8692.48,25.3,8.9131
8693.48,25.2,8.9131
8694.49,25.28,8.9131
8695.49,25.18,8.9131
8696.49,25.43,8.9135
8697.49,25.19,8.9135
8698.49,25.18,8.9135
8699.49,25.25,8.9135
8700.5,25.12,8.9135
8701.5,25.27,8.9135
8702.5,25.19,8.9135
8703.5,25.2,8.9136
8704.5,25.28,8.9136
8705.5,25.16,8.9136
8706.51,25.23,8.9136
8707.51,25.27,8.9143
8708.51,25.21,8.9143
8709.51,25.13,8.9143
8710.51,25.13,8.9143
8711.51,25.27,8.9143
8712.52,25.15,8.9143
8713.52,25.2,8.9143
8714.52,25.28,8.9143
8715.52,25.17,8.9143
8716.52,25.23,8.9143
8717.52,25.14,8.9143
8718.53,25.12,8.9143
8719.53,25.39,8.9148
8720.53,25.15,8.9148
8721.53,25.23,8.9148
8722.53,25.14,8.9148
8723.53,25.24,8.9149
8724.54,25.12,8.9149
8725.54,25.13,8.9149
8726.54,25.23,8.9149
8727.54,25.14,8.9149
8728.54,25.22,8.9149
8729.54,25.12,8.9149
8730.55,25.25,8.9153
8731.55,25.22,8.9153
8732.55,25.14,8.9153
8733.55,25.24,8.9154
8734.55,25.12,8.9154
8735.55,25.22,8.9154
8736.56,25.12,8.9154
8737.56,25.13,8.9154
8738.56,25.22,8.9154
8739.56,25.13,8.9154
8740.56,25.22,8.9154
8741.56,25.3,8.9158
8742.57,25.13,8.9158
8743.57,25.23,8.9158
8744.57,25.12,8.9158
8745.57,25.22,8.9158
8746.57,25.13,8.9158
8747.57,25.24,8.9158
8748.58,25.13,8.9158
8749.58,25.12,8.9158
8750.58,25.22,8.9158
8751.58,25.16,8.9158
8752.58,25.48,8.9161
8753.58,25.13,8.9161
8754.59,25.14,8.9161
8755.59,25.28,8.9161
8756.59,25.17,8.9161
8757.59,25.23,8.9161
8758.59,25.12,8.9161
8759.59,25.12,8.9161
8760.6,25.25,8.9161
8761.6,25.14,8.9161
8762.6,25.5,8.9161
8763.6,25.25,8.9161
8764.6,25.22,8.9161
8765.6,25.11,8.9161
8766.61,25.16,8.9161
8767.61,25.29,8.9161
8768.61,25.18,8.9161
8769.61,25.29,8.9161
8770.61,25.16,8.9161
8771.61,25.12,8.9161
8772.62,25.25,8.9161
8773.62,25.13,8.9161
8774.62,25.27,8.9161
8775.62,25.33,8.9167
8776.62,25.29,8.9167
8777.62,25.19,8.9167
8778.63,25.18,8.9167
8779.63,25.29,8.9167
8780.63,25.18,8.9167
8781.63,25.29,8.9167
8782.63,25.2,8.9167
8783.63,25.18,8.9167
8784.64,25.36,8.9167
8785.64,25.18,8.9167
8786.64,25.44,8.9167
8787.64,25.19,8.9167
8788.64,25.28,8.9167
8789.64,25.14,8.9167
8790.65,25.16,8.9167
8791.65,25.28,8.9167
8792.65,25.19,8.9167
8793.65,25.18,8.9167
8794.65,25.28,8.9167
8795.65,25.18,8.9167
8796.65,25.29,8.9167
8797.66,25.29,8.9173
8798.66,25.18,8.9173
8799.66,25.29,8.9173
8800.66,25.18,8.9173
8801.66,25.28,8.9173
8802.66,25.27,8.9173
8803.67,25.28,8.9173
8804.67,25.19,8.9173
8805.67,25.19,8.9173
8806.67,25.29,8.9173
8807.67,25.19,8.9173
8808.67,25.42,8.9177
8809.68,25.2,8.9178
8810.68,25.18,8.9178
8811.68,25.28,8.9178
8812.68,25.21,8.9178
8813.68,25.28,8.9178
8814.68,25.17,8.9178
8815.69,25.19,8.9178
8816.69,25.29,8.9178
8817.69,25.19,8.9178
8818.69,25.25,8.9178
8819.69,25.46,8.9181
8820.69,25.18,8.9181
8821.7,25.28,8.9181
8822.7,25.21,8.9182
8823.7,25.29,8.9182
8824.7,25.18,8.9182
8825.7,25.18,8.9182
8826.7,25.23,8.9182
8827.7,25.13,8.9182
8828.71,25.26,8.9182
8829.71,25.2,8.9182
8830.71,25.37,8.9184
8831.71,25.29,8.9184
8832.71,25.21,8.9184
8833.71,25.3,8.9184
8834.72,25.18,8.9184
8835.72,25.18,8.9184
8836.72,25.28,8.9184
8837.72,25.19,8.9184
8838.72,25.28,8.9184
8839.72,25.18,8.9184
8840.73,25.18,8.9184
8841.73,25.42,8.9187
8842.73,25.21,8.9188
8843.73,25.28,8.9188
8844.73,25.19,8.9188
8845.73,25.28,8.9188
8846.73,25.2,8.9188
8847.74,25.19,8.9188
8848.74,25.28,8.9188
8849.74,25.19,8.9188
8850.74,25.12,8.9188
8851.74,25.28,8.9188
8852.74,25.21,8.9188
8853.75,25.45,8.9189
8854.75,25.21,8.9189
8855.75,25.19,8.9189
8856.75,25.29,8.9189
8857.75,25.2,8.9189
8858.75,25.28,8.9189
8859.76,25.2,8.9189
8860.76,25.18,8.9189
8861.76,25.25,8.9189
8862.76,25.18,8.919
8863.76,25.26,8.919
8864.76,25.14,8.919
8865.77,25.28,8.9193
8866.77,25.25,8.9193
8867.77,25.14,8.9193
8868.77,25.18,8.9193
8869.77,25.28,8.9193
8870.77,25.16,8.9193
8871.77,25.29,8.9193
8872.78,25.21,8.9193
8873.78,25.18,8.9193
8874.78,25.28,8.9193
8875.78,25.18,8.9193
8876.78,25.36,8.9516
8877.78,25.21,8.9516
8878.79,25.18,8.9516
8879.79,25.29,8.9516
8880.79,25.19,8.9516
8881.79,25.29,8.9516
8882.79,25.23,8.9517
8883.79,25.18,8.9517
8884.79,25.28,8.9517
8885.8,25.18,8.9517
8886.8,25.19,8.9517
8887.8,25.25,8.9517
8888.8,25.42,8.9519
8889.8,25.29,8.9519
8890.8,25.19,8.9519
8891.81,25.13,8.9519
8892.81,25.25,8.9519
8893.81,25.14,8.9519
8894.81,25.28,8.9519
8895.81,25.18,8.9519
8896.81,25.18,8.9519
8897.82,25.29,8.9519
8898.82,25.15,8.9519
8899.82,25.31,8.9842
8900.82,25.17,8.9842
8901.82,25.28,8.9842
8902.82,25.24,8.9842
8903.83,25.16,8.9842
8904.83,25.29,8.9842
8905.83,25.19,8.9842
8906.83,25.29,8.9842
8907.83,25.2,8.9842
8908.83,25.19,8.9842
8909.84,25.29,8.9842
8910.84,25.31,8.9842
8911.84,25.29,8.9842
8912.84,25.22,8.9843
8913.84,25.29,8.9843
8914.84,25.18,8.9843
8915.85,25.18,8.9843
8916.85,25.29,8.9843
8917.85,25.19,8.9843
8918.85,25.28,8.9843
8919.85,25.19,8.9843
8920.85,25.18,8.9843
8921.86,25.28,8.9843
8922.86,25.36,9.0135
8923.86,25.29,9.0135
8924.86,25.18,9.0135
8925.86,25.18,9.0135
8926.86,25.28,9.0135
8927.86,25.19,9.0135
8928.87,25.23,9.0135
8929.87,25.12,9.0135
8930.87,25.24,9.0135
8931.87,25.15,9.0135
8932.87,25.18,9.0135
8933.87,25.3,9.0135
8934.88,25.27,9.0136
8935.88,25.19,9.0136
8936.88,25.3,9.0136
8937.88,25.19,9.0136
8938.88,25.15,9.0136
8939.88,25.28,9.0136
8940.88,25.18,9.0136
8941.89,25.29,9.0136
8942.89,25.21,9.0136
8943.89,25.18,9.0136
8944.89,25.29,9.0137
8945.89,25.18,9.0137
8946.89,25.43,9.0396
8947.9,25.19,9.0396
8948.9,25.28,9.0396
8949.9,25.19,9.0396
8950.9,25.17,9.0396
8951.9,25.29,9.0396
8952.9,25.21,9.0396
8953.91,25.28,9.0396
8954.91,25.18,9.0396
8955.91,25.18,9.0396
8956.91,25.28,9.0396
8957.91,25.19,9.0396
8958.91,25.36,9.0399
8959.92,25.17,9.0399
8960.92,25.18,9.0399
8961.92,25.29,9.0399
8962.92,25.36,9.04
8963.92,25.28,9.04
8964.92,25.18,9.04
8965.93,25.28,9.04
8966.93,25.18,9.04
8967.93,25.2,9.04
8968.93,25.31,9.04
8969.93,25.45,9.0632
8970.93,25.18,9.0632
8971.94,25.29,9.0632
8972.94,25.21,9.0632
8973.94,25.29,9.0632
8974.94,25.18,9.0632
8975.94,25.21,9.0632
8976.94,25.21,9.0632
8977.94,25.27,9.0632
8978.94,25.17,9.0632
8979.95,25.19,9.0632
8980.95,25.44,9.0633
8981.95,25.18,9.0633
8982.95,25.27,9.0633
8983.95,25.18,9.0633
8984.95,25.19,9.0633
8985.96,25.28,9.0633
8986.96,25.19,9.0633
8987.96,25.31,9.0633
8988.96,25.18,9.0633
8989.96,25.18,9.0633
8990.96,25.3,9.0633
8991.96,25.18,9.0633
8992.97,25.27,9.0713
8993.97,25.23,9.0713
8994.97,25.18,9.0713
8995.97,25.28,9.0713
8996.97,25.16,9.0713
8997.97,25.13,9.0713
8998.97,25.22,9.0713
8999.98,25.12,9.0713
9000.98,25.22,9.0713
9001.98,25.12,9.0713
9002.98,25.15,9.0713
9003.98,25.22,9.0713
9004.98,25.29,9.0717
9005.99,25.25,9.0717
9006.99,25.18,9.0717
9007.99,25.16,9.0717
9008.99,25.25,9.0717
9009.99,25.19,9.0717
9010.99,25.19,9.0717
9011.99,25.31,9.0717
9013.0,25.21,9.0717
9014.0,25.18,9.0717
9015.0,25.3,9.0717
9016.0,25.18,9.0717
9017.0,25.3,9.0718
9018.0,25.24,9.0718
9019.0,25.13,9.0718
9020.01,25.13,9.0718
9021.01,25.29,9.0718
9022.01,25.19,9.0718
9023.01,25.24,9.072
9024.01,25.12,9.072
9025.01,25.16,9.072
9026.02,25.28,9.072
9027.02,25.18,9.072
9028.02,25.39,9.0721
9029.02,25.18,9.0721
9030.02,25.28,9.0721
9031.02,25.19,9.0721
9032.03,25.18,9.0721
9033.03,25.31,9.0721
9034.03,25.18,9.0721
9035.03,25.28,9.0721
9036.03,25.18,9.0721
9037.03,25.16,9.0721
9038.04,25.28,9.0721
9039.04,25.19,9.0721
9040.04,25.42,9.0722
9041.04,25.17,9.0722
9042.04,25.28,9.0722
9043.04,25.21,9.0723
9044.05,25.18,9.0723
9045.05,25.28,9.0723
9046.05,25.18,9.0723
9047.05,25.29,9.0723
9048.05,25.18,9.0723
9049.05,25.13,9.0723
9050.06,25.27,9.0723
9051.06,25.41,9.0728
9052.06,25.29,9.0729
9053.06,25.21,9.0729
9054.06,25.19,9.0729
9055.06,25.27,9.0729
9056.06,25.17,9.0729
9057.07,25.16,9.0729
9058.07,25.24,9.0729
9059.07,25.14,9.0729
9060.07,25.25,9.0729
9061.07,25.18,9.0729
9062.07,25.18,9.0729
9063.07,25.41,9.073
9064.08,25.12,9.073
9065.08,25.28,9.073
9066.08,25.18,9.073
9067.08,25.18,9.073
9068.08,25.41,9.073
9069.08,25.13,9.073
9070.09,25.13,9.073
9071.09,25.22,9.073
9072.09,25.12,9.073
9073.09,25.24,9.073
9074.09,25.14,9.073
9075.09,25.32,9.0733
9076.09,25.23,9.0733
9077.1,25.17,9.0733
9078.1,25.29,9.0733
9079.1,25.18,9.0733
9080.1,25.18,9.0733
9081.1,25.28,9.0733
9082.1,25.18,9.0733
9083.11,25.31,9.0734
9084.11,25.19,9.0734
9085.11,25.18,9.0734
9086.11,25.47,9.0737
9087.11,25.18,9.0737
9088.11,25.3,9.0737
9089.12,25.19,9.0737
9090.12,25.19,9.0737
9091.12,25.29,9.0737
9092.12,25.19,9.0737
9093.12,25.32,9.0737
9094.12,25.18,9.0737
9095.13,25.29,9.0737
9096.13,25.19,9.0737
9097.13,25.19,9.0737
9098.13,25.29,9.0737
9099.13,25.38,9.0738
9100.13,25.28,9.0738
9101.14,25.18,9.0738
9102.14,25.19,9.0738
9103.14,25.31,9.0739
9104.14,25.18,9.0739
9105.14,25.3,9.0739
9106.14,25.18,9.0739
9107.15,25.18,9.0739
9108.15,25.3,9.0739
9109.15,25.18,9.0739
9110.15,25.46,9.0739
9111.15,25.18,9.0739
9112.15,25.19,9.0739
9113.15,25.34,9.0739
9114.16,25.14,9.0739
9115.16,25.12,9.0739
9116.16,25.22,9.0739
9117.16,25.12,9.0739
9118.16,25.24,9.0739
9119.16,25.18,9.0739
9120.17,25.18,9.0739
9121.17,25.28,9.0739
9122.17,25.47,9.0741
9123.17,25.3,9.0743
9124.17,25.16,9.0743
9125.17,25.22,9.0743
9126.18,25.12,9.0743
9127.18,25.13,9.0743
9128.18,25.22,9.0743
9129.18,25.13,9.0743
9130.18,25.22,9.0743
9131.18,25.12,9.0743
9132.19,25.18,9.0743
9133.19,25.49,9.0743
9134.19,25.18,9.0743
9135.19,25.29,9.0743
9136.19,25.14,9.0743
9137.19,25.25,9.0743
9138.2,25.19,9.0743
9139.2,25.18,9.0743
9140.2,25.28,9.0743
9141.2,25.17,9.0743
9142.2,25.27,9.0743
9143.2,25.16,9.0744
9144.21,25.24,9.0744
9145.21,25.33,9.0746
9146.21,25.13,9.0746
9147.21,25.23,9.0746
9148.21,25.12,9.0746
9149.21,25.11,9.0746
9150.22,25.21,9.0746
9151.22,25.19,9.0746
9152.22,25.3,9.0746
9153.22,25.2,9.0746
9154.22,25.29,9.0746
9155.22,25.18,9.0746
9156.23,25.18,9.0746
9157.23,25.4,9.075
9158.23,25.18,9.075
9159.23,25.3,9.075
9160.23,25.18,9.075
9161.23,25.18,9.075
9162.24,25.29,9.075
9163.24,25.25,9.075
9164.24,25.28,9.075
9165.24,25.19,9.075
9166.24,25.28,9.075
9167.24,25.2,9.075
9168.25,25.12,9.075
9169.25,25.42,9.0751
9170.25,25.12,9.0751
9171.25,25.22,9.0751
9172.25,25.14,9.0751
9173.25,26.49,9.0751
9174.25,25.31,9.0751
9175.26,25.18,9.0751
9176.26,25.18,9.0751
9177.26,25.29,9.0751
9178.26,25.18,9.0751
9179.26,25.29,9.0751
9180.26,25.19,9.0751
9181.27,25.42,9.0753
9182.27,25.2,9.0753
9183.27,25.92,9.0753
9184.27,25.28,9.0753
9185.27,25.19,9.0753
9186.27,25.28,9.0753
9187.28,25.2,9.0753
9188.28,25.19,9.0753
9189.28,25.29,9.0753
9190.28,25.18,9.0753
9191.28,25.29,9.0753
9192.28,25.19,9.0753
9193.29,25.65,9.0757
9194.29,25.18,9.0757
9195.29,25.18,9.0757
9196.29,25.3,9.0757
9197.29,25.19,9.0757
9198.29,25.19,9.0757
9199.3,25.28,9.0757
9200.3,25.18,9.0757
9201.3,25.2,9.0757
9202.3,25.29,9.0757
9203.3,25.2,9.0757
9204.3,25.47,9.0757
9205.3,25.18,9.0757
9206.31,25.18,9.0757
9207.31,25.29,9.0757
9208.31,25.19,9.0757
9209.31,25.29,9.0757
9210.31,25.19,9.0757
9211.31,25.18,9.0757
9212.32,25.3,9.0757
9213.32,25.2,9.0758
9214.32,25.28,9.0758
9215.32,25.19,9.0758
9216.32,25.42,9.0761
9217.32,25.19,9.0761
9218.33,25.18,9.0761
9219.33,25.29,9.0761
9220.33,25.19,9.0761
9221.33,25.28,9.0761
9222.33,25.19,9.0761
9223.33,25.2,9.0761
9224.34,25.28,9.0761
9225.34,25.18,9.0761
9226.34,25.29,9.0761
9227.34,25.19,9.0761
9228.34,25.34,9.0762
9229.34,25.28,9.0762
9230.34,25.18,9.0762
9231.35,25.28,9.0762
9232.35,25.19,9.0762
9233.35,25.19,9.0763
9234.35,25.27,9.0763
9235.35,25.18,9.0763
9236.35,25.28,9.0763
9237.36,25.19,9.0763
9238.36,25.29,9.0763
9239.36,25.37,9.0772
9240.36,25.17,9.0772
9241.36,25.28,9.0772
9242.36,25.2,9.0772
9243.37,25.3,9.0772
9244.37,25.14,9.0772
9245.37,25.29,9.0772
9246.37,25.18,9.0772
9247.37,25.19,9.0772
9248.37,25.27,9.0772
9249.38,25.16,9.0772
9250.38,25.24,9.0772
9251.38,25.38,9.0775
9252.38,25.15,9.0775
9253.38,25.31,9.0775
9254.38,25.19,9.0775
9255.39,25.28,9.0775
9256.39,25.18,9.0775
9257.39,25.3,9.0775
9258.39,25.16,9.0775
9259.39,25.16,9.0775
9260.39,25.24,9.0775
9261.4,25.13,9.0775
9262.4,25.24,9.0775
9263.4,25.35,9.078
9264.4,25.13,9.078
9265.4,25.25,9.078
9266.41,25.18,9.078
9267.41,25.31,9.078
9268.41,25.18,9.078
9269.41,25.18,9.078
9270.41,25.28,9.078
9271.41,25.18,9.078
9272.41,25.25,9.078
9273.42,25.19,9.078
9274.42,25.27,9.078
9275.42,25.54,9.0782
9276.42,25.16,9.0782
9277.42,25.25,9.0782
9278.42,25.12,9.0782
9279.43,25.23,9.0782
9280.43,25.12,9.0782
9281.43,25.12,9.0782
9282.43,25.23,9.0782
9283.43,25.15,9.0782
9284.43,25.22,9.0782
9285.44,25.12,9.0782
9286.44,25.46,9.0786
9287.44,25.16,9.0786
9288.44,25.18,9.0786
9289.44,25.31,9.0786
9290.44,25.18,9.0786
9291.45,25.19,9.0786
9292.45,25.3,9.0786
9293.45,25.21,9.0787
9294.45,25.29,9.0787
9295.45,25.18,9.0787
9296.45,25.18,9.0787
9297.46,25.27,9.0787
9298.46,25.37,9.0788
9299.46,25.25,9.0788
9300.46,25.15,9.0788
9301.46,25.18,9.0788
9302.46,25.29,9.0788
9303.47,25.21,9.079
9304.47,25.29,9.079
9305.47,25.18,9.079
9306.47,25.29,9.079
9307.47,25.19,9.079
9308.47,25.19,9.079
9309.48,25.29,9.079
9310.48,25.39,9.0792
9311.48,25.29,9.0792
9312.48,25.19,9.0792
9313.48,25.2,9.0793
9314.48,25.29,9.0793
9315.48,25.18,9.0793
9316.49,25.29,9.0793
9317.49,25.19,9.0793
9318.49,25.19,9.0793
9319.49,25.28,9.0793
9320.49,25.18,9.0793
9321.49,25.28,9.0793
9322.5,25.39,9.0794
9323.5,25.3,9.0796
9324.5,25.18,9.0796
9325.5,25.17,9.0796
9326.5,25.26,9.0796
9327.5,25.14,9.0796
9328.51,25.28,9.0796
9329.51,25.19,9.0796
9330.51,25.18,9.0796
9331.51,25.29,9.0796
9332.51,25.19,9.0796
9333.51,25.3,9.0796
9334.52,25.39,9.0799
9335.52,25.18,9.0799
9336.52,25.29,9.0799
9337.52,25.2,9.0799
9338.52,25.29,9.0799
9339.52,25.19,9.0799
9340.53,25.28,9.0799
9341.53,25.18,9.0799
9342.53,25.2,9.0799
9343.53,25.3,9.08
9344.53,25.18,9.08
9345.53,25.28,9.0801
9346.54,25.56,9.0805
9347.54,25.22,9.0805
9348.54,25.29,9.0805
9349.54,25.18,9.0805
9350.54,25.29,9.0805
9351.54,25.18,9.0805
9352.55,25.19,9.0805
9353.55,25.3,9.0807
9354.55,25.18,9.0807
9355.55,25.28,9.0807
9356.55,25.18,9.0807
9357.55,25.37,9.081
9358.56,25.28,9.081
9359.56,25.18,9.081
9360.56,25.28,9.081
9361.56,25.18,9.081
9362.56,25.3,9.081
9363.56,25.2,9.0812
9364.57,25.18,9.0812
9365.57,25.26,9.0812
9366.57,25.16,9.0812
9367.57,25.26,9.0812
9368.57,25.16,9.0812
9369.57,25.4,9.0829
9370.58,25.28,9.0829
9371.58,25.19,9.0829
9372.58,25.33,9.083
9373.58,25.18,9.083
9374.58,25.18,9.083
9375.58,25.28,9.083
9376.58,25.18,9.083
9377.59,25.29,9.083
9378.59,25.17,9.083
9379.59,25.18,9.083
9380.59,25.28,9.083
9381.59,25.33,9.0834
9382.59,25.34,9.0834
9383.6,25.19,9.0834
9384.6,25.19,9.0834
9385.6,25.28,9.0834
9386.6,25.18,9.0832
9387.6,25.29,9.0834
9388.6,25.18,9.0834
9389.61,25.18,9.0834
9390.61,25.28,9.0834
9391.61,25.18,9.0834
9392.61,25.44,9.0835
9393.61,25.3,9.0847
9394.61,25.18,9.0847
9395.62,25.28,9.0847
9396.62,25.18,9.0847
9397.62,25.26,9.0847
9398.62,25.14,9.0847
9399.62,25.12,9.0847
9400.62,25.22,9.0847
9401.63,25.13,9.0847
9402.63,25.29,9.0847
9403.63,25.19,9.0847
9404.63,25.29,9.0847
9405.63,25.38,9.0851
9406.63,25.19,9.0851
9407.64,25.3,9.0852
9408.64,25.19,9.0852
9409.64,25.28,9.0852
9410.64,25.19,9.0852
9411.64,25.19,9.0852
9412.64,25.31,9.0852
9413.64,25.16,9.0852
9414.65,25.24,9.0852
9415.65,25.13,9.0852
9416.65,25.16,9.0852
9417.65,25.67,9.0864
9418.65,25.18,9.0864
9419.65,25.29,9.0864
9420.66,25.18,9.0864
9421.66,25.28,9.0864
9422.66,25.21,9.0865
9423.66,25.18,9.0865
9424.66,25.28,9.0865
9425.66,25.18,9.0865
9426.67,25.29,9.0865
9427.67,25.19,9.0865
9428.67,25.18,9.0865
9429.67,25.38,9.0868
9430.67,25.16,9.0868
9431.67,25.29,9.0868
9432.68,25.19,9.0869
9433.68,25.18,9.0869
9434.68,25.28,9.0869
9435.68,25.18,9.0869
9436.68,25.28,9.0869
9437.68,25.19,9.0869
9438.69,25.18,9.0869
9439.69,25.21,9.0869
9440.69,25.26,9.0881
9441.69,25.21,9.0881
9442.69,25.15,9.0881
9443.69,25.22,9.0881
9444.7,25.12,9.0881
9445.7,25.12,9.0881
9446.7,25.22,9.0881
9447.7,25.13,9.0881
9448.7,25.29,9.0881
9449.7,25.19,9.0881
9450.71,25.18,9.0881
9451.71,25.28,9.0881
9452.71,25.43,9.0884
9453.71,25.31,9.0885
9454.71,25.19,9.0885
9455.71,25.18,9.0885
9456.72,25.28,9.0885
9457.72,25.2,9.0885
9458.72,25.28,9.0885
9459.72,25.16,9.0885
9460.72,25.23,9.0885
9461.72,25.18,9.0885
9462.73,25.2,9.0885
9463.73,25.28,9.0885
9464.73,25.4,9.0895
9465.73,25.28,9.0894
9466.73,25.18,9.0894
9467.73,25.19,9.0894
9468.74,25.29,9.0894
9469.74,25.19,9.0894
9470.74,25.29,9.0894
9471.74,25.18,9.0894
9472.74,25.52,9.0894
9473.74,25.17,9.0894
9474.75,25.17,9.0894
9475.75,25.28,9.0894
9476.75,25.37,9.0899
9477.75,25.3,9.0899
9478.75,25.18,9.0899
9479.75,25.13,9.0899
9480.76,25.22,9.0899
9481.76,25.13,9.0899
9482.76,25.25,9.0899
9483.76,25.16,9.0899
9484.76,25.28,9.0899
9485.76,25.18,9.0899
9486.77,25.18,9.0899
9487.77,25.45,9.0906
9488.77,25.18,9.0906
9489.77,25.19,9.0906
9490.77,25.28,9.0906
9491.77,25.18,9.0906
9492.77,25.3,9.0907
9493.78,25.18,9.0907
9494.78,25.18,9.0907
9495.78,25.27,9.0907
9496.78,25.13,9.0907
9497.78,25.24,9.0907
9498.78,25.13,9.0907
9499.79,25.44,9.0921
9500.79,25.24,9.0921
9501.79,25.16,9.0921
9502.79,25.27,9.0922
9503.79,25.16,9.0922
9504.79,25.14,9.0922
9505.79,25.3,9.0922
9506.8,25.19,9.0922
9507.8,25.15,9.0922
9508.8,25.27,9.0922
9509.8,25.14,9.0922
9510.8,25.35,9.0932
9511.8,25.29,9.0932
9512.8,25.21,9.0932
9513.81,25.28,9.0932
9514.81,25.19,9.0932
9515.81,25.18,9.0932
9516.81,25.28,9.0932
9517.81,25.2,9.0932
9518.81,25.28,9.0932
9519.82,25.19,9.0932
9520.82,25.29,9.0932
9521.82,25.18,9.0932
9522.82,25.43,9.0934
9523.82,25.31,9.0934
9524.82,25.18,9.0934
9525.83,25.18,9.0934
9526.83,25.31,9.0934
9527.83,25.2,9.0934
9528.83,25.18,9.0934
9529.83,25.28,9.0934
9530.83,25.18,9.0934
9531.83,25.29,9.0934
9532.84,25.21,9.0935
9533.84,25.18,9.0935
9534.84,25.49,9.0945
9535.84,25.18,9.0945
9536.84,25.24,9.0945
9537.84,25.15,9.0945
9538.84,25.12,9.0945
9539.85,25.24,9.0945
9540.85,25.17,9.0945
9541.85,25.19,9.0945
9542.85,25.31,9.0945
9543.85,25.18,9.0945
9544.85,25.28,9.0945
9545.86,25.18,9.0945
9546.86,25.4,9.0948
9547.86,25.29,9.0948
9548.86,25.18,9.0948
9549.86,25.29,9.0948
9550.86,25.18,9.0948
9551.87,25.19,9.0948
9552.87,25.31,9.0948
9553.87,25.14,9.0948
9554.87,25.22,9.0948
9555.87,25.12,9.0948
9556.87,25.12,9.0948
9557.87,25.29,9.0947
9558.88,25.33,9.0949
9559.88,25.19,9.0949
9560.88,25.28,9.0949
9561.88,25.18,9.0949
9562.88,25.31,9.095
9563.88,25.19,9.095
9564.89,25.18,9.095
9565.89,25.31,9.095
9566.89,25.17,9.095
9567.89,25.19,9.095
9568.89,25.31,9.095
9569.89,25.55,9.0953
9570.89,25.18,9.0953
9571.89,25.31,9.0953
9572.9,25.22,9.0953
9573.9,25.18,9.0953
9574.9,25.28,9.0953
9575.9,25.19,9.0953
9576.9,25.19,9.0953
9577.9,25.31,9.0953
9578.91,25.2,9.0953
9579.91,25.3,9.0953
9580.91,25.19,9.0953
9581.91,25.45,9.0956
9582.91,25.19,9.0956
9583.91,25.19,9.0956
9584.92,25.28,9.0956
9585.92,25.2,9.0956
9586.92,25.31,9.0956
9587.92,25.21,9.0956
9588.92,25.21,9.0956
9589.92,25.3,9.0956
9590.92,25.19,9.0956
9591.93,25.29,9.0956
9592.93,25.2,9.0958
9593.93,25.39,9.0959
9594.93,25.27,9.0959
9595.93,25.17,9.0959
9596.93,25.27,9.0959
9597.94,25.15,9.0959
9598.94,25.21,9.0959
9599.94,25.11,9.0959
9600.94,25.11,9.0959
9601.94,25.22,9.0959
9602.95,25.15,9.0959
9603.95,25.23,9.0959
9604.95,25.12,9.0959
9605.95,25.44,9.0963
9606.95,25.12,9.0963
9607.95,25.13,9.0963
9608.96,25.23,9.0963
9609.96,25.14,9.0963
9610.96,25.26,9.0963
9611.96,25.2,9.0963
9612.96,25.22,9.0963
9613.96,25.3,9.0963
9614.96,25.14,9.0964
9615.97,25.29,9.0964
9616.97,25.2,9.0964
9617.97,25.38,9.0966
9618.97,25.21,9.0966
9619.97,25.12,9.0966
9620.97,25.26,9.0966
9621.98,25.19,9.0966
9622.98,25.32,9.0966
9623.98,25.18,9.0966
9624.98,25.13,9.0966
9625.98,25.22,9.0966
9626.98,25.15,9.0966
9627.99,25.29,9.0966
9628.99,25.15,9.0966
9629.99,25.12,9.0966
9630.99,25.41,9.0966
9631.99,25.14,9.0966
9632.99,25.31,9.0967
9634.0,25.19,9.0967
9635.0,25.28,9.0967
9636.0,25.18,9.0967
9637.0,25.19,9.0967
9638.0,25.28,9.0967
9639.0,25.15,9.0967
9640.01,25.29,9.0967
9641.01,25.18,9.0967
9642.01,25.14,9.0967
9643.01,25.68,9.097
9644.01,25.18,9.097
9645.01,25.27,9.097
9646.02,25.12,9.097
9647.02,25.23,9.097
9648.02,25.19,9.097
9649.02,25.19,9.097
9650.02,25.28,9.097
9651.02,25.18,9.097
9652.03,25.29,9.097
9653.03,25.21,9.0971
9654.03,25.41,9.0976
9655.03,25.29,9.0976
9656.03,25.18,9.0976
9657.03,25.29,9.0976
9658.04,25.2,9.0976
9659.04,25.19,9.0976
9660.04,25.28,9.0976
9661.04,25.19,9.0976
9662.04,25.29,9.0976
9663.04,25.21,9.0977
9664.05,25.19,9.0977
9665.05,25.29,9.0977
9666.05,25.18,9.0977
9667.05,25.5,9.0979
9668.05,25.19,9.0979
9669.05,25.2,9.0979
9670.06,25.28,9.0979
9671.06,25.18,9.0979
9672.06,25.28,9.0979
9673.06,25.21,9.0979
9674.06,25.19,9.0979
9675.06,25.28,9.0979
9676.07,25.18,9.0979
9677.07,25.28,9.0979
9678.07,25.19,9.0979
9679.07,25.47,9.0983
9680.07,25.18,9.0983
9681.07,25.18,9.0983
9682.08,25.28,9.0983
9683.08,25.18,9.0983
9684.08,25.24,9.0983
9685.08,25.17,9.0983
9686.08,25.18,9.0983
9687.08,25.29,9.0983
9688.09,25.2,9.0983
9689.09,25.28,9.0983
9690.09,25.18,9.0983
9691.09,25.47,9.0984
9692.09,25.12,9.0984
9693.09,25.15,9.0984
9694.1,25.23,9.0984
9695.1,25.12,9.0984
9696.1,25.22,9.0984
9697.1,25.12,9.0984
9698.1,25.24,9.0984
9699.1,25.13,9.0984
9700.11,25.12,9.0984
9701.11,25.22,9.0984
9702.11,25.15,9.0984
9703.11,25.3,9.0984
9704.11,25.36,9.0987
9705.11,25.18,9.0987
9706.12,25.22,9.0987
9707.12,25.17,9.0987
9708.12,25.29,9.0987
9709.12,25.17,9.0987
9710.12,25.12,9.0987
9711.12,25.22,9.0987
9712.12,25.18,9.0987
9713.13,25.28,9.0987
9714.13,25.18,9.0987
9715.13,25.18,9.0987
9716.13,25.49,9.0989
9717.13,25.18,9.0989
9718.13,25.27,9.0989
9719.14,25.16,9.0989
9720.14,25.12,9.0989
9721.14,25.3,9.0989
9722.14,25.14,9.0989
9723.14,25.18,9.099
9724.14,25.23,9.099
9725.14,25.13,9.0989
9726.15,25.13,9.0989
9727.15,25.23,9.0989
9728.15,25.6,9.0992
9729.15,25.31,9.0992
9730.15,25.19,9.0992
9731.15,25.2,9.0992
9732.16,25.31,9.0992
9733.16,25.23,9.0992
9734.16,25.3,9.0992
9735.16,25.2,9.0992
9736.16,25.19,9.0992
9737.16,25.3,9.0992
9738.16,25.22,9.0992
9739.17,25.51,9.0994
9740.17,25.19,9.0994
9741.17,25.19,9.0994
9742.17,25.3,9.0994
9743.17,25.21,9.0994
9744.17,25.3,9.0994
9745.18,25.18,9.0994
9746.18,25.18,9.0994
9747.18,25.32,9.0994
9748.18,25.18,9.0994
9749.18,25.19,9.0994
9750.18,25.31,9.0994
9751.18,25.41,9.0997
9752.19,25.2,9.0997
9753.19,25.37,9.0998
9754.19,25.19,9.0998
9755.19,25.19,9.0998
9756.19,25.32,9.0998
9757.19,25.15,9.0998
9758.19,25.13,9.0998
9759.2,25.24,9.0998
9760.2,25.13,9.0998
9761.2,25.23,9.0998
9762.2,25.2,9.0998
9763.2,25.41,9.0999
9764.2,25.31,9.0999
9765.21,25.21,9.0999
9766.21,25.29,9.0999
9767.21,25.19,9.0999
9768.21,25.29,9.0999
9769.21,25.19,9.0999
9770.21,25.18,9.0999
9771.22,25.29,9.0999
9772.22,25.2,9.0999
9773.22,25.24,9.1
9774.22,25.29,9.1
9775.22,25.19,9.1
9776.22,25.46,9.1002
9777.22,25.2,9.1002
9778.23,25.29,9.1002
9779.23,25.21,9.1002
9780.23,25.17,9.1002
9781.23,25.29,9.1002
9782.23,25.22,9.1002
9783.23,25.22,9.1002
9784.24,25.29,9.1002
9785.24,25.2,9.1002
9786.24,25.3,9.1002
9787.24,25.22,9.1002
9788.24,25.48,9.1003
9789.24,25.21,9.1003
9790.25,25.2,9.1003
9791.25,25.31,9.1003
9792.25,39.61,3.4232
9793.25,83.34,2.4324
9794.25,83.65,2.6117
9795.25,89.33,2.8006
9796.25,86.46,3.0735
9797.26,81.55,3.3469
9798.26,78.08,3.5797
9799.26,78.84,3.8716
9800.26,75.34,4.1184
9801.26,76.51,4.4416
9802.26,75.45,4.6535
9803.27,75.71,4.8507
9804.27,75.58,5.0645
9805.27,76.36,5.2268
9806.27,76.11,5.3663
9807.27,75.39,5.4824
9808.27,74.6,5.5905
9809.27,60.74,5.7496
9810.28,54.98,5.9344
9811.28,32.19,6.0073
9812.28,27.75,6.0649
9813.28,41.16,6.1668
9814.28,34.28,6.2546
9815.28,58.61,6.3897
9816.29,56.46,6.7426
9817.29,70.56,7.1963
9818.29,72.56,7.4105
9819.29,43.37,7.4107
9820.29,43.08,7.4107
9821.29,33.07,7.4107
9822.29,27.45,7.3948
9823.3,38.91,7.3949
9824.3,25.43,7.3949
9825.3,25.41,7.3949
9826.3,26.41,7.3949
9827.3,39.04,2.1778
9828.3,85.25,2.3467
9829.3,88.77,2.5479
9830.31,64.06,2.1867
9831.31,80.23,2.3477
9832.31,89.21,2.5527
9833.31,59.95,2.1926
9834.31,84.8,2.4412
9835.31,76.65,2.6519
9836.31,85.62,2.7773
9837.32,89.2,2.9777
9838.32,83.41,3.1966
9839.32,82.42,3.4339
9840.32,77.46,3.6671
9841.32,76.7,3.8657
9842.32,76.19,4.0314
9843.32,77.89,4.1982
9844.33,77.43,4.3498
9845.33,75.89,4.5059
9846.33,75.8,4.6951
9847.33,79.69,4.934
9848.33,50.72,5.3488
9849.33,50.39,5.6475
9850.33,51.21,5.8754
9851.34,55.47,6.0572
9852.34,45.54,6.4283
9853.34,25.58,6.8108
9854.34,42.11,7.2899
9855.34,27.26,7.3175
9856.34,25.26,7.4178
9857.34,32.85,7.4178
9858.35,25.84,7.4178
9859.35,25.18,7.4178
9860.35,25.19,7.4178
9861.35,25.27,7.4178
9862.35,25.39,7.4178
9863.35,26.28,7.4178
9864.36,25.26,7.4178
9865.36,34.18,7.644
9866.36,25.27,7.644
9867.36,25.51,7.644
9868.36,25.98,7.644
9869.36,25.25,7.644
9870.36,25.25,7.644
9871.37,25.31,7.644
9872.37,25.27,7.644
9873.37,25.21,7.6441
9874.37,32.28,7.6446
9875.37,25.12,7.6446
9876.37,29.13,7.6446
9877.37,25.3,7.6446
9878.38,25.2,7.6446
9879.38,25.3,7.6446
9880.38,25.2,7.6446
9881.38,25.19,7.6446
9882.38,25.3,7.6446
9883.38,25.21,7.6446
9884.39,32.14,7.6451
9885.39,25.19,7.6451
9886.39,25.19,7.6451
9887.39,25.31,7.6451
9888.39,25.29,7.6451
9889.39,25.29,7.6451
9890.4,25.19,7.6451
9891.4,25.19,7.6451
9892.4,25.3,7.6451
9893.4,25.22,7.6451
9894.4,25.27,7.6451
9895.4,32.39,7.6457
9896.41,25.3,7.6457
9897.41,25.21,7.6457
9898.41,25.17,7.6457
9899.41,25.78,7.6457
9900.41,25.22,7.6457
9901.41,25.19,7.6457
9902.41,25.32,7.6457
9903.42,25.24,7.6457
9904.42,25.19,7.6457
9905.42,34.57,7.8225
9906.42,25.16,7.8225
9907.42,25.14,7.8225
9908.42,25.33,7.8225
9909.42,25.2,7.8225
9910.43,25.19,7.8225
9911.43,25.28,7.8225
9912.43,25.19,7.8225
9913.43,25.3,7.8227
9914.43,25.13,7.8227
9915.43,25.87,8.1016
9916.43,25.22,8.4608
9917.44,36.0,8.8417
9918.44,30.75,8.9045
9919.44,25.18,8.9045
9920.44,25.18,8.9044
9921.44,25.31,8.9044
9922.44,25.2,8.9044
9923.45,25.2,8.9045
9924.45,25.31,8.9046
9925.45,25.19,8.9046
9926.45,25.19,8.9046
9927.45,25.36,8.9046
9928.45,25.18,8.9046
9929.45,25.26,8.9048
9930.45,25.48,8.9048
9931.46,25.12,8.9048
9932.46,25.29,8.9048
9933.46,25.2,8.9048
9934.46,25.2,8.9048
9935.46,25.3,8.9048
9936.46,25.18,8.9048
9937.47,25.19,8.9048
9938.47,26.1,8.9048
9939.47,25.19,8.9048
9940.47,25.19,8.9048
9941.47,25.28,8.9049
9942.47,25.13,8.9049
9943.47,25.26,8.9049
9944.48,25.18,8.9049
9945.48,25.18,8.9049
9946.48,25.28,8.9049
9947.48,25.13,8.9049
9948.48,25.24,8.9049
9949.48,25.2,8.9049
9950.48,25.17,8.9049
9951.49,25.24,8.9049
9952.49,25.19,8.9049
9953.49,25.37,8.9051
9954.49,25.18,8.9051
9955.49,25.18,8.9051
9956.49,25.27,8.9051
9957.5,25.19,8.9051
9958.5,25.28,8.9051
9959.5,25.17,8.9051
9960.5,25.18,8.9051
9961.5,25.27,8.9051
9962.5,25.19,8.9051
9963.51,25.28,8.9051
9964.51,25.17,8.9051
9965.51,25.22,8.9053
9966.51,25.22,8.9053
9967.51,25.18,8.9053
9968.51,25.29,8.9053
9969.52,25.19,8.9053
9970.52,25.22,8.9053
9971.52,25.13,8.9052
9972.52,25.2,8.9052
9973.52,25.3,8.9053
9974.52,25.32,8.9053
9975.53,25.22,8.9053
9976.53,25.33,8.9055
9977.53,25.15,8.9055
9978.53,25.29,8.9055
9979.53,25.15,8.9055
9980.53,25.24,8.9055
9981.54,25.17,8.9055
9982.54,25.21,8.9055
9983.54,25.32,8.9055
9984.54,25.18,8.9055
9985.54,25.21,8.9055
9986.54,25.28,8.9055
9987.54,25.25,8.9055
9988.55,25.18,8.9055
9989.55,25.27,8.9055
9990.55,25.18,8.9055
9991.55,25.28,8.9055
9992.55,25.19,8.9055
9993.55,25.2,8.9055
9994.56,25.27,8.9055
9995.56,25.11,8.9055
9996.56,25.21,8.9055
9997.56,25.16,8.9055
9998.56,25.24,8.9058
9999.56,25.28,8.9058
10000.56,25.18,8.9058
10001.57,25.28,8.9058
10002.57,25.19,8.9058
10003.57,25.3,8.9058
10004.57,25.18,8.9058
10005.57,25.19,8.9058
10006.57,25.29,8.9058
10007.58,25.2,8.9058
10008.58,25.19,8.9058
10009.58,25.27,8.9058
10010.58,25.24,8.9058
10011.58,25.29,8.9058
10012.58,25.2,8.9058
10013.59,25.19,8.9058
10014.59,25.3,8.9058
10015.59,25.18,8.9058
10016.59,25.18,8.9058
10017.59,25.31,8.9057
10018.59,25.18,8.9057
10019.59,25.18,8.9057
10020.6,25.28,8.9057
10021.6,25.18,8.9057
10022.6,25.38,8.9059
10023.6,25.19,8.9059
10024.6,25.18,8.9059
10025.6,25.28,8.9059
10026.6,25.18,8.9059
10027.61,25.29,8.9059
10028.61,25.15,8.9059
10029.61,25.15,8.9059
10030.61,25.24,8.9059
10031.61,25.2,8.9059
10032.61,25.3,8.9059
10033.62,25.23,8.9059
10034.62,25.11,8.9059
10035.62,25.21,8.9059
10036.62,25.1,8.9059
10037.62,25.26,8.9059
10038.62,25.14,8.9059
10039.63,25.18,8.9059
10040.63,25.29,8.9059
10041.63,25.13,8.9059
10042.63,25.18,8.9061
10043.63,25.26,8.906
10044.63,25.13,8.906
10045.63,25.13,8.906
10046.63,25.51,8.906
10047.64,25.13,8.906
10048.64,25.23,8.906
10049.64,25.13,8.906
10050.64,25.13,8.906
10051.64,25.3,8.906
10052.64,25.17,8.906
10053.65,25.13,8.906
10054.65,25.22,8.906
10055.65,25.12,8.906
10056.65,25.22,8.906
10057.65,25.32,8.906
10058.65,25.22,8.906
10059.66,25.16,8.906
10060.66,25.18,8.906
10061.66,25.23,8.906
10062.66,25.13,8.9062
10063.66,25.2,8.9062
10064.66,25.1,8.9062
10065.67,25.12,8.9061
10066.67,25.22,8.9061
10067.67,25.67,8.9061
10068.67,25.28,8.9064
10069.67,25.13,8.9064
10070.67,25.18,8.9064
10071.68,25.76,8.9064
10072.68,25.19,8.9064
10073.68,25.24,8.9064
10074.68,25.12,8.9064
10075.68,25.12,8.9064
10076.68,25.24,8.9064
10077.68,25.15,8.9064
10078.68,25.12,8.9064
10079.69,25.23,8.9064
10080.69,25.18,8.9064
10081.69,25.15,8.9064
10082.69,25.25,8.9064
10083.69,25.12,8.9064
10084.69,25.12,8.9064
10085.7,25.22,8.9064
10086.7,25.13,8.9064
10087.7,25.3,8.9064
10088.7,25.17,8.9064
10089.7,25.19,8.9064
10090.7,25.28,8.9064
10091.71,25.18,8.9064
10092.71,25.37,8.9066
10093.71,25.18,8.9066
10094.71,25.28,8.9066
10095.71,25.18,8.9066
10096.71,25.18,8.9066
10097.72,25.27,8.9066
10098.72,25.15,8.9066
10099.72,25.26,8.9066
10100.72,25.16,8.9066
10101.72,25.19,8.9066
10102.72,25.31,8.9068
10103.72,25.19,8.9068
10104.73,25.34,8.9116
10105.73,25.12,8.9116
10106.73,25.23,8.9116
10107.73,25.14,8.9116
10108.73,25.13,8.9116
10109.73,25.23,8.9116
10110.74,25.15,8.9116
10111.74,25.18,8.9116
10112.74,25.31,8.9116
10113.74,25.18,8.9116
10114.74,25.28,8.9116
10115.74,25.18,8.9116
10116.75,25.19,8.9116
10117.75,25.24,8.9116
10118.75,25.15,8.9116
10119.75,25.18,8.9116
10120.75,25.28,8.9116
10121.75,25.18,8.9116
10122.75,25.31,8.9116
10123.76,25.18,8.9116
10124.76,25.18,8.9116
10125.76,25.28,8.9116
10126.76,25.18,8.9116
10127.76,25.29,8.9116
10128.76,25.39,8.9538
10129.77,25.18,8.9538
10130.77,25.28,8.9538
10131.77,25.18,8.9538
10132.77,25.33,8.9538
10133.77,25.17,8.9538
10134.77,25.17,8.9538
10135.77,25.3,8.9538
10136.78,25.19,8.9538
10137.78,25.19,8.9538
10138.78,26.14,8.9538
10139.78,25.18,8.9538
10140.78,25.19,8.9538
10141.78,25.37,8.9537
10142.78,25.21,8.9538
10143.79,25.19,8.9538
10144.79,25.3,8.9538
10145.79,25.18,8.9538
10146.79,25.17,8.9538
10147.79,25.25,8.9538
10148.79,25.12,8.9538
10149.79,25.12,8.9538
10150.8,25.21,8.9538
10151.8,25.11,8.9538
10152.8,25.34,8.9935
10153.8,25.18,8.9935
10154.8,25.18,8.9935
10155.8,25.3,8.9935
10156.8,25.18,8.9935
10157.81,25.19,8.9935
10158.81,25.28,8.9935
10159.81,25.18,8.9935
10160.81,25.19,8.9935
10161.81,25.28,8.9935
10162.81,25.21,8.9936
10163.81,25.29,8.9936
10164.82,25.34,8.9936
10165.82,25.76,8.9936
10166.82,25.28,8.9936
10167.82,25.13,8.9936
10168.82,25.28,8.9936
10169.82,25.11,8.9936
10170.83,25.11,8.9936
10171.83,25.22,8.9936
10172.83,25.14,8.9936
10173.83,25.22,8.9936
10174.83,25.14,8.9936
10175.83,25.28,8.9936
10176.84,25.25,9.0307
10177.84,25.19,9.0307
10178.84,25.28,9.0307
10179.84,25.19,9.0307
10180.84,25.28,9.0307
10181.84,25.17,9.0307
10182.85,25.21,9.0307
10183.85,25.25,9.0307
10184.85,25.12,9.0307
10185.85,25.22,9.0307
10186.85,25.13,9.0307
10187.85,25.14,9.0307
10188.86,25.29,9.0307
10189.86,25.12,9.0307
10190.86,25.25,9.0307
10191.86,25.18,9.0307
10192.86,25.26,9.0308
10193.86,25.15,9.0308
10194.87,25.18,9.0308
10195.87,25.28,9.0308
10196.87,25.18,9.0308
10197.87,25.29,9.0308
10198.87,25.18,9.0308
10199.87,25.18,9.0308
10200.88,25.4,9.0641
10201.88,25.18,9.0641
10202.88,25.3,9.0641
10203.88,25.18,9.0641
10204.88,25.28,9.0641
10205.88,25.18,9.0641
10206.89,25.18,9.0641
10207.89,25.29,9.0641
10208.89,25.17,9.0641
10209.89,25.29,9.0641
10210.89,25.18,9.0641
10211.89,25.17,9.0641
10212.9,25.53,9.0642
10213.9,25.18,9.0642
10214.9,25.28,9.0642
10215.9,25.18,9.0642
10216.9,25.28,9.0642
10217.9,25.19,9.0642
10218.91,25.19,9.0642
10219.91,25.28,9.0642
10220.91,25.18,9.0642
10221.91,25.28,9.0642
10222.91,25.2,9.0642
10223.91,25.19,9.0642
10224.92,25.33,9.0945
10225.92,25.18,9.0945
10226.92,25.28,9.0945
10227.92,25.19,9.0945
10228.92,25.27,9.0945
10229.92,25.17,9.0945
10230.93,25.18,9.0945
10231.93,25.28,9.0945
10232.93,25.16,9.0945
10233.93,25.23,9.0945
10234.93,25.12,9.0945
10235.93,25.12,9.0945
10236.94,25.28,9.0945
10237.94,25.17,9.0945
10238.94,25.23,9.0945
10239.94,25.13,9.0945
10240.94,25.22,9.0945
10241.94,25.12,9.0945
10242.95,25.15,9.0946
10243.95,25.23,9.0946
10244.95,25.13,9.0946
10245.95,25.23,9.0946
10246.95,25.12,9.0946
10247.95,25.24,9.0946
10248.95,25.24,9.1017
10249.96,25.17,9.1017
10250.96,25.27,9.1017
10251.96,25.17,9.1017
10252.96,25.21,9.1017
10253.96,25.28,9.1017
10254.96,25.13,9.1017
10255.97,25.23,9.1017
10256.97,25.15,9.1017
10257.97,25.17,9.1017
10258.97,25.26,9.1017
10259.97,25.16,9.1017
10260.97,25.32,9.1017
10261.98,25.18,9.1017
10262.98,25.26,9.1017
10263.98,25.13,9.1017
10264.98,25.12,9.1017
10265.98,25.22,9.1017
10266.98,25.12,9.1016
10267.99,25.23,9.1016
10268.99,25.15,9.1016
10269.99,25.19,9.1016
10270.99,25.25,9.1016
10271.99,25.13,9.1016
10272.99,25.31,9.1018
10274.0,25.13,9.1018
10275.0,25.23,9.1019
10276.0,25.13,9.1019
10277.0,25.13,9.1019
10278.0,25.24,9.1019
10279.0,25.18,9.1019
10280.01,25.28,9.1019
10281.01,25.18,9.1019
10282.01,25.29,9.1019
10283.01,25.2,9.1019
10284.01,25.19,9.1019
10285.01,25.28,9.1019
10286.02,25.37,9.1019
10287.02,25.27,9.1018
10288.02,25.17,9.1018
10289.02,25.19,9.1018
10290.02,25.22,9.1018
10291.02,25.12,9.1018
10292.03,25.22,9.1018
10293.03,25.2,9.1018
10294.03,25.28,9.1018
10295.03,25.17,9.1018
10296.03,25.17,9.1018
10297.03,25.28,9.1018
10298.04,25.24,9.1019
10299.04,25.3,9.1019
10300.04,25.17,9.1019
10301.04,25.18,9.1019
10302.04,25.27,9.1019
10303.05,25.16,9.1019
10304.05,25.22,9.1019
10305.05,25.17,9.1019
10306.05,25.28,9.1019
10307.05,25.17,9.1019
10308.05,25.17,9.1019
10309.06,25.28,9.1019
10310.06,25.23,9.1019
10311.06,25.28,9.1019
10312.06,25.18,9.1019
10313.06,25.21,9.1021
10314.06,25.28,9.1021
10315.07,25.18,9.1021
10316.07,25.27,9.1021
10317.07,25.18,9.102
10318.07,25.29,9.102
10319.07,25.19,9.102
10320.07,25.18,9.1021
10321.08,25.28,9.1021
10322.08,25.24,9.1021
10323.08,25.31,9.1021
10324.08,25.18,9.1021
10325.08,25.16,9.1021
10326.08,25.25,9.1021
10327.09,25.12,9.1021
10328.09,25.21,9.1021
10329.09,25.15,9.1021
10330.09,25.28,9.1021
10331.09,25.13,9.1021
10332.09,25.14,9.1021
10333.09,25.32,9.1021
10334.1,25.17,9.1021
10335.1,25.28,9.1021
10336.1,25.12,9.1021
10337.1,25.12,9.1021
10338.1,25.23,9.1021
10339.1,25.14,9.1021
10340.11,25.22,9.1021
10341.11,25.12,9.1021
10342.11,25.17,9.1021
10343.11,25.33,9.1023
10344.11,25.18,9.1023
10345.11,25.17,9.1023
10346.12,25.27,9.1023
10347.12,25.2,9.1023
10348.12,25.28,9.1023
10349.12,25.18,9.1023
10350.12,25.18,9.1023
10351.12,25.23,9.1023
10352.12,25.13,9.1023
10353.13,25.26,9.1023
10354.13,25.14,9.1023
10355.13,25.29,9.1023
10356.13,25.45,9.1023
10357.13,25.18,9.1023
10358.13,25.29,9.1023
10359.14,25.41,9.1023
10360.14,25.28,9.1023
10361.14,25.19,9.1023
10362.14,25.19,9.1023
10363.14,25.31,9.1023
10364.14,25.18,9.1023
10365.15,25.18,9.1023
10366.15,25.28,9.1023
10367.15,25.18,9.1022
10368.15,25.3,9.1022
10369.15,25.19,9.1022
10370.15,25.18,9.1022
10371.16,25.35,9.1025
10372.16,25.18,9.1025
10373.16,25.33,9.1025
10374.16,25.19,9.1025
10375.16,25.18,9.1025
10376.16,25.28,9.1025
10377.16,25.18,9.1025
10378.17,25.29,9.1025
10379.17,25.18,9.1025
10380.17,25.18,9.1025
10381.17,25.41,9.1025
10382.17,25.18,9.1025
10383.17,25.3,9.1025
10384.18,25.24,9.1025
10385.18,25.18,9.1025
10386.18,25.29,9.1025
10387.18,25.19,9.1025
10388.18,25.22,9.1025
10389.18,25.13,9.1025
10390.19,25.12,9.1025
10391.19,25.23,9.1025
10392.19,25.76,9.1025
10393.19,25.28,9.1025
10394.19,25.18,9.1025
10395.19,25.28,9.1025
10396.2,25.25,9.1025
10397.2,25.15,9.1025
10398.2,25.22,9.1025
10399.2,25.13,9.1025
10400.2,25.22,9.1025
10401.2,25.16,9.1025
10402.21,25.19,9.1025
10403.21,25.29,9.1027
10404.21,25.18,9.1027
10405.21,25.28,9.1027
10406.21,25.18,9.1027
10407.21,25.29,9.1027
10408.22,25.18,9.1027
10409.22,25.22,9.1027
10410.22,25.27,9.1027
10411.22,25.17,9.1027
10412.22,25.29,9.1027
10413.22,25.19,9.1027
10414.23,25.18,9.1027
10415.23,25.28,9.1027
10416.23,25.2,9.1027
10417.23,25.19,9.1027
10418.23,25.28,9.1027
10419.23,25.19,9.1027
10420.23,25.28,9.1027
10421.24,25.23,9.1027
10422.24,25.29,9.1027
10423.24,25.16,9.1027
10424.24,25.2,9.1027
10425.24,25.28,9.1027
10426.24,25.18,9.1027
10427.25,25.19,9.1027
10428.25,25.28,9.1027
10429.25,25.18,9.1027
10430.25,25.29,9.1027
10431.25,25.19,9.1027
10432.25,25.19,9.1027
10433.26,25.31,9.1028
10434.26,25.27,9.1028
10435.26,25.28,9.1028
10436.26,25.18,9.1028
10437.26,25.29,9.1028
10438.26,25.18,9.1028
10439.27,25.18,9.1028
10440.27,25.28,9.1028
10441.27,25.18,9.1028
10442.27,25.29,9.1028
10443.27,25.2,9.1028
10444.27,25.18,9.1028
10445.28,25.26,9.1028
10446.28,25.32,9.1028
10447.28,25.25,9.1028
10448.28,25.15,9.1028
10449.28,25.26,9.1028
10450.28,25.13,9.1028
10451.29,25.18,9.1028
10452.29,25.28,9.1028
10453.29,25.14,9.1029
10454.29,25.25,9.1029
10455.29,25.14,9.1029
10456.29,25.18,9.1029
10457.3,25.26,9.1029
10458.3,25.17,9.103
10459.3,25.23,9.103
10460.3,25.12,9.103
10461.3,25.12,9.103
10462.3,25.25,9.103
10463.3,25.2,9.103
10464.31,25.18,9.103
10465.31,25.28,9.103
10466.31,25.18,9.103
10467.31,25.26,9.103
10468.31,25.12,9.103
10469.31,25.2,9.103
10470.31,25.28,9.103
10471.32,25.25,9.103
10472.32,25.19,9.103
10473.32,25.29,9.103
10474.32,25.17,9.103
10475.32,25.29,9.103
10476.32,25.17,9.103
10477.33,25.18,9.103
10478.33,25.28,9.103
10479.33,25.19,9.103
10480.33,25.29,9.103
10481.33,25.18,9.103
10482.33,25.2,9.103
10483.34,25.31,9.1031
10484.34,25.25,9.1031
10485.34,25.28,9.1031
10486.34,25.19,9.1031
10487.34,25.29,9.1031
10488.34,25.19,9.1032
10489.35,25.19,9.1032
10490.35,25.28,9.1032
10491.35,25.18,9.1032
10492.35,25.29,9.1032
10493.35,25.2,9.1032
10494.35,25.18,9.1032
10495.36,25.29,9.1032
10496.36,25.17,9.1032
10497.36,25.33,9.1033
10498.36,25.27,9.1033
10499.36,25.18,9.1033
10500.36,25.28,9.1033
10501.36,25.18,9.1033
10502.37,25.29,9.1033
10503.37,25.2,9.1033
10504.37,25.18,9.1033
10505.37,25.28,9.1033
10506.37,25.2,9.1034
10507.37,25.19,9.1034
10508.38,25.27,9.1034
10509.38,25.4,9.1036
10510.38,25.27,9.1036
10511.38,25.18,9.1036
10512.38,25.2,9.1035
10513.38,25.3,9.1035
10514.39,25.19,9.1035
10515.39,25.29,9.1035
10516.39,25.19,9.1035
10517.39,25.3,9.1035
10518.39,25.18,9.1035
10519.39,25.19,9.1035
10520.4,25.28,9.1035
10521.4,25.18,9.1035
10522.4,25.36,9.1035
10523.4,25.2,9.1035
10524.4,25.16,9.1036
10525.4,25.31,9.1036
10526.4,25.18,9.1036
10527.41,25.19,9.1036
10528.41,25.28,9.1036
10529.41,25.18,9.1036
10530.41,25.29,9.1036
10531.41,25.18,9.1036
10532.41,25.19,9.1036
10533.41,25.31,9.1037
10534.42,25.24,9.1037
10535.42,25.19,9.1037
10536.42,25.27,9.1037
10537.42,25.16,9.1037
10538.42,25.24,9.1037
10539.42,25.13,9.1037
10540.43,25.12,9.1037
10541.43,25.23,9.1037
10542.43,25.19,9.1037
10543.43,25.2,9.1037
10544.43,25.28,9.1037
10545.43,25.18,9.1037
10546.43,25.33,9.1039
10547.44,25.19,9.1039
10548.44,25.24,9.1039
10549.44,25.13,9.1039
10550.44,25.13,9.1039
10551.44,25.23,9.1039
10552.44,25.19,9.1039
10553.45,25.3,9.1039
10554.45,25.18,9.1039
10555.45,25.19,9.1039
10556.45,25.28,9.1039
10557.45,25.19,9.1039
10558.45,25.28,9.1039
10559.46,25.19,9.1039
10560.46,25.22,9.1039
10561.46,25.18,9.1039
10562.46,25.19,9.1039
10563.46,25.3,9.104
10564.46,25.19,9.104
10565.47,25.28,9.104
10566.47,25.19,9.104
10567.47,25.21,9.104
10568.47,25.19,9.104
10569.47,25.34,9.104
10570.47,25.18,9.104
10571.47,25.34,9.1041
10572.48,25.21,9.1041
10573.48,25.24,9.1041
10574.48,25.13,9.1041
10575.48,25.12,9.1041
10576.48,25.22,9.1041
10577.48,25.14,9.1041
10578.49,25.23,9.1041
10579.49,25.13,9.1041
10580.49,25.12,9.1041
10581.49,25.23,9.1041
10582.49,25.14,9.1041
10583.49,25.24,9.1041
10584.5,25.35,9.1042
10585.5,25.24,9.1042
10586.5,25.12,9.1042
10587.5,25.14,9.1042
10588.5,25.22,9.1042
10589.5,25.12,9.1042
10590.51,25.22,9.1042
10591.51,25.12,9.1042
10592.51,25.14,9.1042
10593.51,25.27,9.1043
10594.51,25.12,9.1043
10595.51,25.22,9.1043
10596.52,25.19,9.106
10597.52,25.24,9.106
10598.52,25.13,9.106
10599.52,25.14,9.106
10600.52,25.22,9.106
10601.52,25.16,9.106
10602.53,25.29,9.106
10603.53,25.2,9.106
10604.53,25.19,9.106
10605.53,25.28,9.106
10606.53,25.17,9.106
10607.53,25.29,9.106
10608.54,25.24,9.1061
10609.54,25.28,9.1061
10610.54,25.18,9.1061
10611.54,25.18,9.1061
10612.54,25.28,9.1061
10613.54,25.2,9.1061
10614.55,25.53,9.1061
10615.55,25.18,9.1061
10616.55,25.18,9.1061
10617.55,25.25,9.1061
10618.55,25.18,9.1061
10619.55,25.28,9.1061
10620.56,25.14,9.1061
10621.56,25.28,9.1089
10622.56,25.13,9.1089
10623.56,25.17,9.1091
10624.56,25.24,9.1091
10625.56,25.12,9.1091
10626.57,25.13,9.1091
10627.57,25.23,9.1091
10628.57,25.14,9.1091
10629.57,25.24,9.1091
10630.57,25.15,9.1092
10631.57,25.28,9.1092
10632.58,25.21,9.1092
10633.58,25.23,9.1093
10634.58,25.28,9.1093
10635.58,25.18,9.1093
10636.58,25.28,9.1093
10637.58,25.19,9.1093
10638.59,25.18,9.1093
10639.59,25.27,9.1093
10640.59,25.18,9.1093
10641.59,25.3,9.1093
10642.59,25.21,9.1093
10643.59,25.18,9.1093
10644.59,25.31,9.1093
10645.6,25.18,9.1093
10646.6,25.24,9.1112
10647.6,25.32,9.1112
10648.6,25.17,9.1112
10649.6,25.14,9.1112
10650.6,25.25,9.1112
10651.6,25.15,9.1112
10652.61,25.29,9.1114
10653.61,25.18,9.1114
10654.61,25.18,9.1114
10655.61,25.22,9.1114
10656.61,25.12,9.1114
10657.61,25.23,9.1114
10658.62,25.13,9.1114
10659.62,25.44,9.1114
10660.62,25.16,9.1114
10661.62,25.17,9.1114
10662.62,25.29,9.1114
10663.62,25.18,9.1114
10664.63,25.28,9.1114
10665.63,25.18,9.1114
10666.63,25.12,9.1114
10667.63,25.24,9.1114
10668.63,25.13,9.1114
10669.63,25.23,9.1114
10670.64,25.12,9.1114
10671.64,25.12,9.1114
10672.64,25.31,9.1133
10673.64,25.16,9.1133
10674.64,25.25,9.1133
10675.64,25.15,9.1133
10676.65,25.15,9.1133
10677.65,25.3,9.1133
10678.65,25.33,9.1133
10679.65,25.18,9.1133
10680.65,25.29,9.1133
10681.65,25.17,9.1133
10682.65,25.2,9.1133
10683.65,25.31,9.1133
10684.66,25.24,9.1135
10685.66,25.18,9.1135
10686.66,25.28,9.1135
10687.66,25.18,9.1135
10688.66,25.18,9.1135
10689.66,25.28,9.1135
10690.66,25.17,9.1135
10691.67,25.29,9.1135
10692.67,25.2,9.1138
10693.67,25.18,9.1138
10694.67,25.3,9.1138
10695.67,25.17,9.1138
10696.67,25.17,9.1138
10697.67,25.36,9.1156
10698.68,25.18,9.1156
10699.68,25.17,9.1156
10700.68,25.3,9.1156
10701.68,25.17,9.1156
10702.68,25.21,9.1156
10703.68,25.28,9.1156
10704.68,25.12,9.1156
10705.69,25.17,9.1156
10706.69,25.28,9.1156
10707.69,25.21,9.1156
10708.69,25.18,9.1156
10709.69,25.27,9.1156
10710.69,25.24,9.1156
10711.69,25.27,9.1156
10712.7,25.21,9.1157
10713.7,25.18,9.1157
10714.7,25.28,9.1157
10715.7,25.19,9.1157
10716.7,25.28,9.1157
10717.7,25.19,9.1157
10718.71,25.29,9.1157
10719.71,25.19,9.1157
10720.71,25.17,9.1157
10721.71,25.27,9.1157
10722.71,25.17,9.1157
10723.71,25.3,9.1171
10724.72,25.15,9.1171
10725.72,25.18,9.1171
10726.72,25.28,9.1171
10727.72,25.2,9.1171
10728.72,25.3,9.1171
10729.72,25.36,9.1171
10730.73,25.18,9.1171
10731.73,25.28,9.1171
10732.73,25.21,9.1171
10733.73,25.3,9.1171
10734.73,25.18,9.1171
10735.73,25.39,9.1172
10736.73,25.31,9.1172
10737.74,25.19,9.1172
10738.74,25.18,9.1172
10739.74,25.31,9.1172
10740.74,25.17,9.1172
10741.74,25.2,9.1172
10742.74,25.3,9.1173
10743.74,25.19,9.1173
10744.75,25.19,9.1173
10745.75,25.22,9.1173
10746.75,25.12,9.1173
10747.75,25.34,9.1188
10748.75,25.18,9.1188
10749.75,25.29,9.1188
10750.76,25.18,9.1188
10751.76,25.19,9.1188
10752.76,25.63,9.1189
10753.76,25.19,9.1189
10754.76,25.18,9.1189
10755.76,25.29,9.1189
10756.76,25.19,9.1189
10757.77,26.12,9.1189
10758.77,25.18,9.1189
10759.77,25.25,9.1189
10760.77,26.67,9.1189
10761.77,25.18,9.1189
10762.77,25.31,9.119
10763.78,25.18,9.119
10764.78,25.18,9.119
10765.78,25.28,9.119
10766.78,25.18,9.119
10767.78,25.29,9.119
10768.78,25.19,9.119
10769.79,25.28,9.119
10770.79,25.18,9.119
10771.79,25.18,9.119
10772.79,25.37,9.1194
10773.79,25.18,9.1194
10774.79,25.29,9.1194
10775.8,25.18,9.1194
10776.8,25.18,9.1194
10777.8,25.29,9.1194
10778.8,25.18,9.1194
10779.8,25.3,9.1194
10780.8,25.18,9.1194
10781.81,25.27,9.1194
10782.81,25.2,9.1194
10783.81,25.2,9.1194
10784.81,25.29,9.1196
10785.81,25.11,9.1196
10786.81,25.12,9.1196
10787.82,25.23,9.1196
10788.82,25.12,9.1196
10789.82,25.21,9.1196
10790.82,25.12,9.1196
10791.82,25.22,9.1196
10792.82,25.15,9.1197
10793.83,25.13,9.1197
10794.83,25.23,9.1197
10795.83,25.15,9.1197
10796.83,25.22,9.1197
10797.83,25.18,9.1206
10798.83,25.11,9.1206
10799.84,25.2,9.1206
10800.84,25.11,9.1206
10801.84,25.23,9.1206
10802.84,25.17,9.1206
10803.84,25.18,9.1206
10804.84,25.29,9.1207
10805.85,25.19,9.1207
10806.85,25.31,9.1207
10807.85,25.2,9.1207
10808.85,25.19,9.1207
10809.85,25.32,9.1207
10810.85,25.19,9.1207
10811.85,25.38,9.1207
10812.86,25.31,9.1208
10813.86,25.18,9.1208
10814.86,25.29,9.1208
10815.86,25.18,9.1208
10816.86,25.18,9.1208
10817.86,25.29,9.1208
10818.86,25.18,9.1208
10819.87,25.28,9.1208
10820.87,27.26,9.1208
10821.87,25.1,9.1208
10822.87,25.27,9.1208
10823.87,25.23,9.1216
10824.87,25.2,9.1216
10825.88,25.28,9.1216
10826.88,25.18,9.1216
10827.88,25.29,9.1216
10828.88,25.6,9.1216
10829.88,25.28,9.1216
10830.88,25.17,9.1216
10831.89,25.18,9.1216
10832.89,25.31,9.1216
10833.89,25.18,9.1216
10834.89,25.28,9.1216
10835.89,25.18,9.1216
10836.89,25.24,9.1216
10837.9,25.29,9.1216
10838.9,25.19,9.1216
10839.9,25.29,9.1216
10840.9,25.18,9.1216
10841.9,25.28,9.1216
10842.9,25.2,9.1218
10843.91,25.18,9.1218
10844.91,25.28,9.1218
10845.91,25.18,9.1218
10846.91,25.28,9.1218
10847.91,25.18,9.1218
10848.91,25.17,9.1218
10849.92,25.28,9.1218
10850.92,25.22,9.1218
10851.92,25.29,9.1218
10852.92,25.21,9.1218
10853.92,25.18,9.1218
10854.92,25.28,9.1218
10855.92,25.17,9.1218
10856.93,25.27,9.1217
10857.93,25.2,9.1217
10858.93,25.19,9.1218
10859.93,25.28,9.1218
10860.93,25.18,9.1218
10861.93,25.22,9.1218
10862.94,25.23,9.1219
10863.94,25.15,9.1219
10864.94,25.22,9.1219
10865.94,25.12,9.1219
10866.94,25.27,9.1219
10867.94,25.21,9.1221
10868.95,25.18,9.1221
10869.95,25.29,9.1221
10870.95,25.19,9.1221
10871.95,25.23,9.1221
10872.95,25.19,9.1221
10873.95,25.16,9.1221
10874.95,25.26,9.1221
10875.96,25.16,9.1221
10876.96,25.21,9.1229
10877.96,25.31,9.1229
10878.96,25.18,9.1229
10879.96,25.58,9.1229
10880.96,25.17,9.1229
10881.97,25.18,9.1229
10882.97,25.31,9.1229
10883.97,25.19,9.1229
10884.97,25.29,9.1229
10885.97,25.18,9.1229
10886.97,25.18,9.1229
10887.98,25.29,9.1229
10888.98,25.13,9.1229
10889.98,25.43,9.1229
10890.98,25.13,9.1229
10891.98,25.26,9.1229
10892.98,25.23,9.123
10893.98,25.19,9.123
10894.99,25.28,9.123
10895.99,25.18,9.123
10896.99,25.18,9.123
10897.99,25.29,9.123
10898.99,25.18,9.123
10899.99,25.29,9.123
10901.0,25.18,9.123
10902.0,25.18,9.123
10903.0,25.36,9.123
10904.0,25.18,9.123
10905.0,25.29,9.123
10906.0,25.18,9.1229
10907.01,25.17,9.1229
10908.01,25.27,9.1229
10909.01,25.14,9.1229
10910.01,25.27,9.1229
10911.01,25.18,9.1229
10912.01,25.18,9.1229
10913.02,25.31,9.1229
10914.02,25.18,9.1229
10915.02,25.28,9.1229
10916.02,25.23,9.123
10917.02,25.28,9.123
10918.02,25.19,9.123
10919.03,25.18,9.123
10920.03,25.28,9.123
10921.03,25.13,9.1232
10922.03,25.27,9.1232
10923.03,25.2,9.1232
10924.03,25.18,9.1232
10925.03,25.28,9.1232
10926.04,25.15,9.1232
10927.04,25.28,9.1232
10928.04,25.16,9.1232
10929.04,25.26,9.1235
10930.04,25.35,9.1235
10931.04,25.12,9.1235
10932.05,25.13,9.1235
10933.05,25.3,9.1235
10934.05,25.18,9.1235
10935.05,25.28,9.1235
10936.05,25.18,9.1235
10937.05,25.18,9.1235
10938.06,25.29,9.1235
10939.06,25.18,9.1235
10940.06,25.28,9.1235
10941.06,25.14,9.1235
10942.06,25.24,9.1238
10943.06,25.31,9.1238
10944.06,25.18,9.1238
10945.07,25.25,9.1238
10946.07,25.18,9.1238
10947.07,25.18,9.1238
10948.07,25.29,9.1238
10949.07,25.19,9.1238
10950.07,25.28,9.1238
10951.08,25.18,9.1238
10952.08,25.18,9.1238
10953.08,25.31,9.1238
10954.08,25.2,9.1238
10955.08,25.3,9.1238
10956.08,25.32,9.1241
10957.09,25.19,9.1243
10958.09,25.3,9.1243
10959.09,25.29,9.1243
10960.09,25.29,9.1243
10961.09,25.16,9.1243
10962.09,25.13,9.1243
10963.09,25.3,9.1243
10964.1,25.18,9.1243
10965.1,25.29,9.1243
10966.1,25.18,9.1243
10967.1,25.18,9.1243
10968.1,25.29,9.1243
10969.1,25.35,9.1243
10970.11,25.26,9.1243
10971.11,25.11,9.1243
10972.11,25.12,9.1243
10973.11,25.25,9.1243
10974.11,25.13,9.1243
10975.11,25.12,9.1243
10976.12,25.21,9.1243
10977.12,25.11,9.1243
10978.12,25.26,9.1243
10979.12,25.18,9.1243
10980.12,25.19,9.1243
10981.12,25.25,9.1243
10982.12,25.19,9.1243
10983.13,25.19,9.1244
10984.13,25.27,9.1244
10985.13,25.2,9.1244
10986.13,25.19,9.1244
10987.13,25.29,9.1244
10988.13,25.2,9.1244
10989.13,25.28,9.1244
10990.14,25.18,9.1244
10991.14,25.26,9.1244
10992.14,25.18,9.1244
10993.14,25.2,9.1244
10994.14,25.28,9.1244
10995.14,25.23,9.1245
10996.15,25.27,9.1245
10997.15,25.17,9.1245
10998.15,25.18,9.1245
10999.15,25.28,9.1245
11000.15,25.18,9.1245
11001.15,25.27,9.1245
11002.16,25.11,9.1245
11003.16,25.16,9.1246
11004.16,25.28,9.1246
11005.16,25.15,9.1246
11006.16,25.22,9.1246
11007.16,25.14,9.1246
11008.17,25.2,9.1246
11009.17,25.49,9.1246
11010.17,25.18,9.1246
11011.17,25.28,9.1246
11012.17,25.14,9.1246
11013.17,25.25,9.1246
11014.18,25.51,9.1246
11015.18,25.13,9.1246
11016.18,25.23,9.1246
11017.18,25.14,9.1246
11018.18,25.23,9.1246
11019.18,25.14,9.1246
11020.19,25.13,9.1246
11021.19,25.25,9.1246
11022.19,25.23,9.1246
11023.19,25.29,9.1246
11024.19,25.19,9.1246
11025.19,25.19,9.1246
11026.2,25.28,9.1246
11027.2,25.21,9.1246
11028.2,25.29,9.1246
11029.2,25.19,9.1246
11030.2,25.18,9.1246
11031.2,25.28,9.1246
11032.2,25.18,9.1246
11033.21,45.77,3.2395
11034.21,84.11,2.3696
11035.21,87.21,2.589
11036.21,81.36,2.9231
11037.21,82.12,3.2168
11038.21,70.64,3.4483
11039.22,34.74,3.6563
11040.22,28.36,3.7137
11041.22,31.6,3.7254
11042.22,25.17,3.737
11043.22,25.19,3.7578
11044.22,25.3,3.7807
11045.22,25.16,3.7923
11046.23,25.16,3.8091
11047.23,25.36,3.8336
11048.23,25.2,3.8403
11049.23,25.57,3.8613
11050.23,25.14,3.8797
11051.23,25.24,3.8982
11052.23,25.24,3.9161
11053.24,25.15,3.9302
11054.24,25.24,3.9477
11055.24,25.23,3.967
11056.24,25.13,3.9841
11057.24,26.07,4.0045
11058.24,25.18,4.0232
11059.25,25.12,4.0405
11060.25,25.8,4.0598
11061.25,25.14,4.0648
11062.25,25.27,4.0763
11063.25,25.92,4.329
11064.25,39.44,4.6858
11065.25,25.38,5.0127
11066.26,43.9,5.2846
11067.26,63.44,5.4178
11068.26,65.5,5.4542
11069.26,43.81,5.483
11070.26,25.19,5.4986
11071.26,25.8,5.5213
11072.26,25.12,5.5352
11073.27,25.32,5.5062
11074.27,25.23,5.5276
11075.27,25.11,5.547
11076.27,25.28,5.5595
11077.27,26.05,5.5831
11078.27,25.16,5.5866
11079.27,25.19,5.6049
11080.27,25.27,5.6228
11081.28,25.16,5.6366
11082.28,25.15,5.6517
11083.28,25.25,5.6738
11084.28,25.13,5.6858
11085.28,25.11,5.7063
11086.28,25.74,5.7249
11087.28,25.11,5.7442
11088.29,25.9,5.7625
11089.29,25.25,5.7717
11090.29,25.17,5.7767
11091.29,25.19,5.7872
11092.29,26.86,5.9765
11093.29,25.81,6.1918
11094.29,25.12,6.2071
11095.29,25.22,6.2188
11096.3,25.12,6.2297
11097.3,25.12,6.2508
11098.3,25.22,6.2682
11099.3,25.12,6.2797
11100.3,25.22,6.2966
11101.3,25.11,6.3171
11102.31,25.14,6.3337
11103.31,25.23,6.3501
11104.31,25.12,6.3706
11105.31,25.23,6.3876
11106.31,25.16,6.4003
11107.31,25.19,6.4189
11108.31,25.3,6.4357
11109.32,25.18,6.4468
11110.32,25.18,6.4689
11111.32,25.28,6.4828
11112.32,25.44,6.5037
11113.32,25.17,6.5208
11114.32,25.27,6.5393
11115.32,25.53,6.5545
11116.33,25.26,6.5639
11117.33,25.45,6.5702
11118.33,25.16,6.5824
11119.33,25.61,6.6601
11120.33,25.15,6.6993
11121.33,25.16,6.6993
11122.33,25.3,6.6993
11123.34,25.17,6.6993
11124.34,25.2,6.6993
11125.34,25.26,6.6993
11126.34,25.17,6.7028
11127.34,25.18,6.7028
11128.34,25.26,6.7028
11129.34,25.17,6.7029
11130.35,25.27,6.7029
11131.35,25.16,6.7066
11132.35,25.18,6.7066
11133.35,25.28,6.7066
11134.35,25.17,6.7066
11135.35,25.27,6.7065
11136.36,25.16,6.7066
11137.36,25.18,6.7082
11138.36,25.29,6.7088
11139.36,25.18,6.7106
11140.36,25.15,6.7121
11141.36,25.26,6.7139
11142.36,25.18,6.7157
11143.37,25.29,6.7173
11144.37,25.17,6.7193
11145.37,25.17,6.7214
11146.37,25.27,6.7232
11147.37,25.34,6.7271
11148.37,25.27,6.7271
11149.38,25.17,6.7271
11150.38,25.17,6.7271
11151.38,25.27,6.7271
11152.38,25.18,6.7271
11153.38,25.29,6.7284
11154.38,25.17,6.7293
11155.39,25.17,6.7316
11156.39,25.29,6.733
11157.39,25.17,6.7349
11158.39,25.16,6.7364
11159.39,25.27,6.7378
11160.39,25.17,6.7399
11161.39,25.27,6.7419
11162.4,25.18,6.7439
11163.4,25.18,6.7485
11164.4,25.29,6.7485
11165.4,25.16,6.7485
11166.4,25.17,6.7485
11167.4,25.29,6.7485
11168.4,25.16,6.7485
11169.41,25.17,6.7521
11170.41,25.22,6.7521
11171.41,25.11,6.7521
11172.41,25.22,6.7521
11173.41,25.13,6.7522
11174.41,25.14,6.7526
11175.41,25.23,6.7543
11176.42,25.13,6.7565
11177.42,25.27,6.7574
11178.42,25.18,6.7613
11179.42,25.15,6.7613
11180.42,25.21,6.7613
11181.42,25.11,6.7613
11182.43,25.12,6.7629
11183.43,25.27,6.7688
11184.43,25.17,6.7687
11185.43,25.21,6.7687
11186.43,25.11,6.7688
11187.43,25.17,6.7688
11188.44,25.27,6.7731
11189.44,25.17,6.7731
11190.44,25.28,6.7731
11191.44,25.16,6.7731
11192.44,25.18,6.7731
11193.44,25.28,6.7789
11194.44,25.16,6.779
11195.45,25.27,6.779
11196.45,25.17,6.779
11197.45,25.19,6.779
11198.45,25.28,6.7803
11199.45,25.22,6.7817
11200.45,25.13,6.7879
11201.45,25.27,6.7879
11202.46,25.18,6.7879
11203.46,25.28,6.7881
11204.46,25.17,6.7881
11205.46,25.17,6.7892
11206.46,25.28,6.7914
11207.46,25.18,6.7917
11208.46,25.18,6.7983
11209.47,25.26,6.7983
11210.47,25.16,6.7983
11211.47,25.15,6.7983
11212.47,25.28,6.7983
11213.47,25.18,6.7983
11214.47,25.27,6.8042
11215.48,25.16,6.8042
11216.48,25.16,6.8042
11217.48,25.23,6.8042
11218.48,25.14,6.8042
11219.48,25.22,6.8042
11220.48,25.11,6.8058
11221.49,25.11,6.8122
11222.49,25.25,6.8122
11223.49,25.19,6.8122
11224.49,25.28,6.8122
11225.49,25.16,6.8122
11226.49,25.16,6.8182
11227.49,25.27,6.8182
11228.5,25.16,6.8182
11229.5,25.28,6.8181
11230.5,25.17,6.8181
11231.5,25.17,6.8181
11232.5,25.28,6.8197
11233.5,25.19,6.8273
11234.51,25.28,6.8273
11235.51,25.16,6.8273
11236.51,25.17,6.8273
11237.51,25.28,6.8273
11238.51,25.17,6.8273
11239.51,25.27,6.8332
11240.52,25.16,6.8332
11241.52,25.17,6.8332
11242.52,25.28,6.8332
11243.52,25.18,6.8332
11244.52,25.27,6.8334
11245.52,25.16,6.8393
11246.53,25.17,6.8393
11247.53,25.28,6.8393
11248.53,25.17,6.8393
11249.53,25.28,6.8393
11250.53,25.17,6.8417
11251.53,25.16,6.8417
11252.53,25.28,6.8448
11253.54,25.19,6.8448
11254.54,25.17,6.8448
11255.54,25.28,6.8448
11256.54,25.19,6.8448
11257.54,25.28,6.8448
11258.54,25.17,6.849
11259.55,25.18,6.849
11260.55,25.27,6.849
11261.55,25.1,6.849
11262.55,25.29,6.849
11263.55,25.19,6.8491
11264.55,25.17,6.8551
11265.55,25.28,6.8551
11266.56,25.11,6.8551
11267.56,25.25,6.8551
11268.56,25.17,6.8551
11269.56,25.17,6.861
11270.56,25.27,6.861
11271.56,25.16,6.861
11272.57,25.25,6.861
11273.57,25.15,6.861
11274.57,25.17,6.861
11275.57,25.28,6.8669
11276.57,25.16,6.8669
11277.57,25.12,6.8669
11278.58,25.21,6.8669
11279.58,25.11,6.8669
11280.58,25.21,6.8684
11281.58,25.11,6.8684
11282.58,25.14,6.8685
11283.58,25.21,6.8685
11284.58,25.11,6.87
11285.59,25.21,6.87
11286.59,25.11,6.87
11287.59,25.12,6.8763
11288.59,25.21,6.8763
11289.59,25.13,6.8763
11290.59,25.21,6.8763
11291.6,25.11,6.8763
11292.6,25.57,6.8767
11293.6,25.27,6.8827
11294.6,25.17,6.8827
11295.6,25.19,6.8827
11296.6,25.27,6.8827
11297.61,25.18,6.8827
11298.61,25.27,6.8887
11299.61,25.17,6.8887
11300.61,25.17,6.8887
11301.61,25.27,6.8887
11302.61,25.2,6.8887
11303.61,25.28,6.8887
11304.62,25.16,6.8945
11305.62,25.18,6.8945
11306.62,25.26,6.8945
11307.62,25.17,6.8945
11308.62,25.16,6.8945
11309.62,25.26,6.895
11310.62,25.16,6.9012
11311.63,25.26,6.9012
11312.63,25.19,6.9014
11313.63,25.16,6.9014
11314.63,25.26,6.9014
11315.63,25.16,6.9073
11316.63,25.26,6.9073
11317.64,25.18,6.9073
11318.64,25.16,6.9073
11319.64,25.52,6.9073
11320.64,25.17,6.9073
11321.64,25.28,6.9137
11322.64,25.2,6.9137
11323.65,25.18,6.9136
11324.65,25.27,6.9136
11325.65,25.17,6.9136
11326.65,25.22,6.9136
11327.65,25.13,6.9158
11328.65,25.12,6.9221
11329.65,25.22,6.9221
11330.66,25.12,6.9221
11331.66,25.24,6.9221
11332.66,25.16,6.9221
11333.66,25.13,6.9226
11334.66,25.21,6.9246
11335.66,25.11,6.9316
11336.67,25.11,6.9316
11337.67,25.28,6.9316
11338.67,25.17,6.9316
11339.67,25.23,6.9316
11340.67,25.18,6.9316
11341.67,25.12,6.9377
11342.67,25.24,6.9379
11343.68,25.11,6.9379
11344.68,25.11,6.9379
11345.68,25.21,6.9379
11346.68,25.11,6.9379
11347.68,25.22,6.9402
11348.68,25.12,6.9402
11349.69,25.21,6.9414
11350.69,25.26,6.9485
11351.69,25.17,6.9485
11352.69,25.29,6.9485
11353.69,25.17,6.9485
11354.69,25.18,6.9485
11355.7,25.28,6.9485
11356.7,25.18,6.9552
11357.7,25.29,6.9552
11358.7,25.17,6.9552
11359.7,25.18,6.9552
11360.7,25.27,6.9552
11361.7,25.17,6.9552
11362.71,25.29,6.9574
11363.71,25.17,6.9583
11364.71,25.16,6.9645
11365.71,25.27,6.9645
11366.71,25.15,6.9645
11367.71,25.21,6.9645
11368.72,25.1,6.9645
11369.72,25.11,6.965
11370.72,25.2,6.9684
11371.72,25.1,6.9684
11372.72,25.23,6.9685
11373.72,25.11,6.9685
11374.73,25.13,6.9685
11375.73,25.25,6.9755
11376.73,25.16,6.9755
11377.73,25.28,6.9755
11378.73,25.17,6.9755
11379.73,25.19,6.9755
11380.74,25.28,6.9755
11381.74,25.18,6.9816
11382.74,25.29,6.9816
11383.74,25.17,6.9816
11384.74,25.17,6.9816
11385.74,25.22,6.9816
11386.74,25.11,6.9818
11387.75,25.22,6.9838
11388.75,25.11,6.9899
11389.75,25.12,6.9899
11390.75,25.23,6.9899
11391.75,25.17,6.9899
11392.75,25.29,6.9899
11393.76,25.17,6.9959
11394.76,25.16,6.9959
11395.76,25.27,6.9959
11396.76,25.16,6.9959
11397.76,25.27,6.9959
11398.76,25.17,6.9959
11399.77,25.18,6.9968
11400.77,25.28,7.0006
11401.77,25.17,7.0006
11402.77,25.27,7.0007
11403.77,25.16,7.0007
11404.77,25.17,7.0007
11405.77,25.27,7.0075
11406.78,25.17,7.0075
11407.78,25.27,7.0075
11408.78,25.16,7.0075
11409.78,25.26,7.0075
11410.78,25.26,7.0075
11411.78,25.16,7.0139
11412.79,25.2,7.0139
11413.79,25.27,7.0139
11414.79,25.17,7.0139
11415.79,25.27,7.0139
11416.79,25.17,7.0139
11417.79,25.17,7.0198
11418.8,25.27,7.0198
11419.8,25.17,7.0198
11420.8,25.27,7.0198
11421.8,25.17,7.0198
11422.8,25.19,7.0222
11423.8,25.27,7.0227
11424.8,25.17,7.0293
11425.81,25.27,7.0293
11426.81,25.17,7.0293
11427.81,25.18,7.0293
11428.81,25.23,7.0293
11429.81,25.11,7.0293
11430.81,25.22,7.0353
11431.82,25.12,7.0353
11432.82,25.15,7.0354
11433.82,25.22,7.0354
11434.82,25.14,7.0354
11435.82,25.23,7.0415
11436.82,25.15,7.0415
11437.82,25.13,7.0415
11438.83,25.25,7.0415
11439.83,25.18,7.0415
11440.83,25.17,7.0415
11441.83,25.25,7.0416
11442.83,25.14,7.0416
11443.83,25.11,7.0416
11444.84,25.21,7.0416
11445.84,25.11,7.0416
11446.84,25.22,7.0416
11447.84,25.13,7.0496
11448.84,25.17,7.0496
11449.84,25.27,7.0496
11450.84,25.17,7.0496
11451.85,25.22,7.0496
11452.85,25.14,7.0496
11453.85,25.16,7.0538
11454.85,25.27,7.0538
11455.85,25.16,7.0538
11456.85,25.27,7.0538
11457.86,25.17,7.0597
11458.86,25.12,7.0597
11459.86,25.21,7.0597
11460.86,25.11,7.0597
11461.86,25.23,7.0597
11462.86,25.19,7.0597
11463.87,25.16,7.061
11464.87,25.27,7.0625
11465.87,31.59,7.1422
11466.87,25.27,7.1422
11467.87,25.18,7.1422
11468.87,25.15,7.1422
11469.87,25.36,7.1422
11470.88,25.16,7.1422
11471.88,25.16,7.1422
11472.88,25.31,7.1422
11473.88,25.18,7.1422
11474.88,25.17,7.1422
11475.88,25.29,7.1422
11476.88,25.16,7.1422
11477.89,25.17,7.1422
11478.89,25.28,7.1422
11479.89,25.16,7.1422
11480.89,25.16,7.1422
11481.89,25.26,7.1422
11482.89,25.18,7.1423
11483.89,25.27,7.1423
11484.9,25.17,7.1423
11485.9,25.16,7.1423
11486.9,25.26,7.1423
11487.9,25.17,7.1423
11488.9,25.18,7.1423
11489.9,25.27,7.1423
11490.9,25.14,7.1423
11491.91,25.22,7.1423
11492.91,25.17,7.1423
11493.91,25.16,7.1423
11494.91,25.26,7.1423
11495.91,25.17,7.1423
11496.91,25.17,7.1423
11497.92,25.28,7.1423
11498.92,25.17,7.1423
11499.92,25.32,7.1423
11500.92,25.16,7.1423
11501.92,25.17,7.1423
11502.92,25.29,7.1423
11503.92,25.17,7.1423
11504.93,25.28,7.1423
11505.93,25.16,7.1423
11506.93,25.16,7.1423
11507.93,25.29,7.1423
11508.93,25.17,7.1423
11509.93,25.19,7.1423
11510.93,25.16,7.1423
11511.94,25.27,7.1423
11512.94,25.19,7.1424
11513.94,25.26,7.1424
11514.94,40.99,7.1438
11515.94,50.12,7.1774
11516.94,31.89,7.1807
11517.95,25.17,7.1807
11518.95,25.27,7.1807
11519.95,25.16,7.1807
11520.95,25.11,7.1807
11521.95,25.23,7.1807
11522.95,25.18,7.1807
11523.95,25.26,7.1807
11524.96,25.16,7.1807
11525.96,25.16,7.1807
11526.96,25.26,7.1807
11527.96,25.17,7.1807
11528.96,25.25,7.1807
11529.96,25.29,7.1807
11530.97,25.16,7.1807
11531.97,25.25,7.1807
11532.97,25.13,7.1807
11533.97,25.11,7.1807
11534.97,25.21,7.1837
11535.97,25.11,7.1837
11536.97,25.21,7.1837
11537.98,25.12,7.1837
11538.98,25.12,7.1897
11539.98,25.21,7.1897
11540.98,25.12,7.1897
11541.98,25.14,7.1897
11542.98,25.27,7.1931
11543.98,25.14,7.1965
11544.98,25.15,7.1965
11545.99,25.27,7.1965
11546.99,25.16,7.2023
11547.99,25.17,7.2023
11548.99,25.26,7.2023
11549.99,25.15,7.2023
11550.99,25.21,7.2026
11552.0,25.1,7.2086
11553.0,25.12,7.2087
11554.0,25.26,7.2087
11555.0,25.17,7.209
11556.0,25.16,7.2174
11557.0,25.26,7.2174
11558.0,25.17,7.2174
11559.01,25.26,7.2174
11560.01,25.17,7.2197
11561.01,25.16,7.2202
11562.01,25.24,7.2268
11563.01,25.15,7.2268
11564.01,25.14,7.2268
11565.01,25.22,7.2268
11566.02,25.11,7.233
11567.02,25.11,7.233
11568.02,25.24,7.233
11569.02,25.11,7.233
11570.02,25.11,7.233
11571.02,25.22,7.233
11572.02,25.1,7.233
11573.03,25.13,7.2332
11574.03,25.21,7.2332
11575.03,25.11,7.2332
11576.03,25.16,7.2332
11577.03,25.26,7.2332
11578.03,25.17,7.2332
11579.03,25.28,7.2332
11580.04,25.16,7.2332
11581.04,25.16,7.2332
11582.04,25.22,7.2332
11583.04,25.13,7.2332
11584.04,25.11,7.2332
11585.04,25.22,7.2332
11586.04,25.17,7.2332
11587.05,25.17,7.2332
11588.05,25.28,7.2332
11589.05,25.18,7.2332
11590.05,25.18,7.2332
11591.05,25.27,7.2332
11592.05,25.17,7.2332
11593.05,25.19,7.2332
11594.06,25.26,7.2332
11595.06,25.17,7.2332
11596.06,25.27,7.2332
11597.06,25.18,7.2332
11598.06,25.18,7.2332
11599.06,25.28,7.2332
11600.06,25.17,7.2332
11601.07,25.17,7.2332
11602.07,25.27,7.2332
11603.07,25.19,7.2333
11604.07,25.17,7.2333
11605.07,25.27,7.2333
11606.07,25.15,7.2333
11607.07,25.22,7.2333
11608.08,25.2,7.2333
11609.08,25.15,7.2333
11610.08,25.28,7.2333
11611.08,25.16,7.2333
11612.08,25.16,7.2333
11613.08,25.31,7.2333
11614.08,25.16,7.2333
11615.09,25.16,7.2333
11616.09,25.28,7.2333
11617.09,25.17,7.2333
11618.09,25.17,7.2332
11619.09,25.29,7.2333
11620.09,25.18,7.2333
11621.09,25.18,7.2333
11622.09,25.17,7.2333
11623.09,25.29,7.2333
11624.1,25.16,7.2333
11625.1,26.49,7.2333
11626.1,25.16,7.2333
11627.1,25.17,7.2333
11628.1,25.28,7.2333
11629.1,25.17,7.2333
11630.11,25.16,7.2333
11631.11,25.27,7.2333
11632.11,25.16,7.2333
11633.11,25.3,7.2334
11634.11,25.17,7.2334
11635.11,25.17,7.2334
11636.11,25.21,7.2334
11637.12,25.11,7.2334
11638.12,25.12,7.2334
11639.12,25.21,7.2334
11640.12,25.11,7.2334
11641.12,25.21,7.2334
11642.12,25.11,7.2334
11643.13,25.23,7.2334
11644.13,25.21,7.2334
11645.13,25.16,7.2334
11646.13,25.22,7.2334
11647.13,25.11,7.2334
11648.13,25.15,7.2334
11649.13,25.25,7.2334
11650.14,25.11,7.2334
11651.14,25.11,7.2334
11652.14,25.21,7.2334
11653.14,25.13,7.2334
11654.14,25.24,7.2334
11655.14,25.17,7.2334
11656.15,25.16,7.2334
11657.15,25.26,7.2334
11658.15,25.19,7.2334
11659.15,25.14,7.2334
11660.15,25.22,7.2334
11661.15,25.17,7.2334
11662.15,25.17,7.2334
11663.15,26.15,7.2334
11664.16,25.11,7.2334
11665.16,25.11,7.2334
11666.16,25.21,7.2334
11667.16,25.11,7.2333
11668.16,25.23,7.2333
11669.16,25.12,7.2333
11670.17,25.13,7.2334
11671.17,25.21,7.2334
11672.17,25.15,7.2336
11673.17,25.17,7.2336
11674.17,25.23,7.2336
11675.17,25.1,7.2336
11676.17,25.21,7.2336
11677.18,25.11,7.2336
11678.18,25.11,7.2336
11679.18,25.21,7.2336
11680.18,25.15,7.2336
11681.18,25.13,7.2336
11682.18,25.22,7.2336
11683.18,25.12,7.2336
11684.19,25.21,7.2336
11685.19,25.1,7.2336
11686.19,25.11,7.2336
11687.19,25.24,7.2336
11688.19,25.15,7.2336
11689.19,25.15,7.2336
11690.19,25.26,7.2336
11691.2,25.16,7.2336
11692.2,25.18,7.2336
11693.2,25.27,7.2336
11694.2,25.1,7.2336
11695.2,25.1,7.2336
11696.2,25.21,7.2336
11697.2,25.12,7.2336
11698.21,25.21,7.2336
11699.21,25.11,7.2336
11700.21,25.11,7.2336
11701.21,25.21,7.2336
11702.21,25.12,7.2336
11703.21,25.24,7.2337
11704.22,25.14,7.2337
11705.22,25.16,7.2337
11706.22,25.24,7.2337
11707.22,25.12,7.2337
11708.22,25.13,7.2337
11709.22,25.27,7.2337
11710.22,25.16,7.2337
11711.23,25.17,7.2337
11712.23,25.27,7.2337
11713.23,25.16,7.2337
11714.23,25.21,7.2336
11715.23,25.18,7.2336
11716.23,25.13,7.2336
11717.23,25.22,7.2336
11718.24,25.14,7.2336
11719.24,25.11,7.2336
11720.24,25.27,7.2336
11721.24,25.16,7.2337
11722.24,25.17,7.2337
11723.24,25.25,7.2337
11724.24,25.15,7.2337
11725.25,25.26,7.2337
11726.25,25.17,7.2337
11727.25,25.12,7.2337
11728.25,25.21,7.2337
11729.25,25.11,7.2337
11730.25,25.11,7.2337
11731.26,25.22,7.2337
11732.26,25.14,7.2337
11733.26,25.2,7.2338
11734.26,25.28,7.2338
11735.26,25.11,7.2338
11736.26,25.11,7.2338
11737.26,25.23,7.2338
11738.26,25.11,7.2338
11739.26,25.11,7.2338
11740.27,25.21,7.2338
11741.27,25.11,7.2338
11742.27,25.12,7.2338
11743.27,25.23,7.2338
11744.27,25.11,7.2338
11745.27,25.1,7.2338
11746.27,25.21,7.2338
11747.27,25.13,7.2338
11748.28,25.11,7.2338
11749.28,25.11,7.2338
11750.28,25.21,7.2338
11751.28,25.11,7.2338
11752.28,25.22,7.2338
11753.28,25.13,7.2338
11754.29,25.14,7.2338
11755.29,25.21,7.2338
11756.29,25.11,7.2338
11757.29,25.22,7.2338
11758.29,25.11,7.2338
11759.29,25.12,7.2338
11760.29,25.24,7.2338
11761.3,25.17,7.2338
11762.3,25.27,7.2338
11763.3,25.18,7.234
11764.3,25.17,7.234
11765.3,25.28,7.234
11766.3,25.17,7.234
11767.31,25.18,7.234
11768.31,25.27,7.234
11769.31,25.17,7.234
11770.31,25.16,7.234
11771.31,25.24,7.234
11772.31,25.16,7.234
11773.31,25.27,7.234
11774.32,25.13,7.2339
11775.32,25.13,7.2339
11776.32,25.23,7.2339
11777.32,25.14,7.2339
11778.32,25.21,7.2339
11779.32,25.12,7.2339
11780.32,25.17,7.234
11781.33,25.28,7.234
11782.33,25.18,7.234
11783.33,25.18,7.234
11784.33,25.25,7.234
11785.33,25.11,7.234
11786.33,25.13,7.234
11787.33,25.22,7.234
11788.34,25.11,7.234
11789.34,25.11,7.234
11790.34,25.21,7.234
11791.34,25.11,7.234
11792.34,25.12,7.234
11793.34,25.23,7.2341
11794.34,25.13,7.2341
11795.35,25.95,7.2341
11796.35,25.15,7.2341
11797.35,25.11,7.2341
11798.35,25.21,7.2341
11799.35,25.12,7.2341
11800.35,25.21,7.2341
11801.36,25.11,7.2341
11802.36,25.13,7.2341
11803.36,25.27,7.2341
11804.36,25.15,7.2341
11805.36,25.11,7.2341
11806.36,25.2,7.2341
11807.36,25.12,7.2341
11808.37,25.26,7.2341
11809.37,25.17,7.2341
11810.37,25.17,7.2341
11811.37,25.28,7.2341
11812.37,25.17,7.2341
11813.37,25.18,7.2341
11814.37,25.29,7.2341
11815.38,25.17,7.2341
11816.38,25.17,7.2341
11817.38,25.29,7.2341
11818.38,25.17,7.2341
11819.38,25.16,7.2341
11820.38,25.28,7.2341
11821.38,25.16,7.2341
11822.39,25.17,7.2341
11823.39,25.23,7.2342
11824.39,25.12,7.2342
11825.39,25.12,7.2342
11826.39,25.21,7.2342
11827.39,25.12,7.2342
11828.39,25.23,7.2342
11829.4,25.12,7.2342
11830.4,25.12,7.2342
11831.4,25.22,7.2342
11832.4,25.15,7.2342
11833.4,25.13,7.2342
11834.4,25.21,7.2342
11835.4,25.12,7.2341
11836.41,25.27,7.2341
11837.41,25.17,7.2341
11838.41,25.17,7.2343
11839.41,25.27,7.2343
11840.41,25.18,7.2343
11841.41,25.17,7.2343
11842.42,25.28,7.2343
11843.42,25.17,7.2343
11844.42,25.22,7.2343
11845.42,25.12,7.2343
11846.42,25.12,7.2343
11847.42,25.27,7.2343
11848.42,25.16,7.2346
11849.43,25.14,7.2346
11850.43,25.23,7.2346
11851.43,25.1,7.2346
11852.43,25.11,7.2399
11853.43,25.26,7.2399
11854.43,25.16,7.2399
11855.43,25.18,7.2399
11856.43,25.29,7.2452
11857.44,25.18,7.2452
11858.44,25.16,7.2452
11859.44,25.23,7.2452
11860.44,25.13,7.2506
11861.44,25.12,7.2506
11862.44,25.22,7.2506
11863.44,25.13,7.2507
11864.45,25.12,7.2523
11865.45,25.3,7.2523
11866.45,25.17,7.2526
11867.45,25.18,7.2538
11868.45,25.29,7.2538
11869.45,25.17,7.2599
11870.45,25.17,7.2599
11871.45,25.26,7.2599
11872.46,25.17,7.2599
11873.46,26.04,7.2662
11874.46,25.27,7.2662
11875.46,25.17,7.2662
11876.46,25.28,7.2662
11877.46,25.18,7.2716
11878.47,25.16,7.2716
11879.47,25.24,7.2716
11880.47,25.15,7.2716
11881.47,25.12,7.2769
11882.47,25.23,7.2769
11883.47,25.17,7.2769
11884.47,25.27,7.2769
11885.48,25.18,7.2777
11886.48,25.17,7.282
11887.48,25.29,7.282
11888.48,25.17,7.282
11889.48,25.18,7.2872
11890.48,25.27,7.2872
11891.48,25.17,7.2872
11892.49,25.2,7.2872
11893.49,25.3,7.2926
11894.49,25.16,7.2927
11895.49,25.18,7.2927
11896.49,25.29,7.2927
11897.49,25.17,7.2983
11898.49,25.17,7.2983
11899.49,25.27,7.2983
11900.5,25.17,7.2983
11901.5,25.18,7.3006
11902.5,25.28,7.3034
11903.5,25.18,7.3081
11904.5,25.26,7.3081
11905.5,25.16,7.3081
11906.51,25.16,7.3134
11907.51,25.28,7.3134
11908.51,25.16,7.3134
11909.51,25.25,7.3134
11910.51,25.16,7.3147
11911.51,25.15,7.3169
11912.51,25.21,7.3191
11913.52,25.12,7.3219
11914.52,25.11,7.3276
11915.52,25.21,7.3276
11916.52,25.12,7.3276
11917.52,25.22,7.3276
11918.52,25.11,7.3331
11919.53,25.11,7.3331
11920.53,25.21,7.3331
11921.53,25.11,7.3331
11922.53,25.22,7.3347
11923.53,25.13,7.3348
11924.53,25.11,7.3348
11925.53,25.22,7.3348
11926.54,25.18,7.3348
11927.54,25.16,7.3348
11928.54,25.26,7.3348
11929.54,25.16,7.3348
11930.54,25.25,7.3348
11931.54,25.16,7.3348
11932.55,25.17,7.3348
11933.55,25.28,7.3348
11934.55,25.17,7.3348
11935.55,25.26,7.3348
11936.55,25.17,7.3348
11937.55,25.14,7.3348
11938.55,25.27,7.3348
11939.56,25.16,7.3348
11940.56,25.17,7.3348
11941.56,25.27,7.3348
11942.56,25.17,7.3348
11943.56,25.28,7.3348
11944.56,25.17,7.3348
11945.57,25.12,7.3348
11946.57,25.24,7.3348
11947.57,25.15,7.3348
11948.57,25.25,7.3348
11949.57,25.16,7.3348
11950.57,25.16,7.3348
11951.57,25.26,7.3348
11952.58,25.19,7.3348
11953.58,25.12,7.3348
11954.58,25.28,7.3349
11955.58,25.16,7.3349
11956.58,25.23,7.3349
11957.58,25.16,7.3349
11958.59,25.16,7.3349
11959.59,25.28,7.3349
11960.59,25.16,7.3349
11961.59,25.16,7.3349
11962.59,25.29,7.3349
11963.59,25.11,7.3349
11964.59,25.1,7.3349
11965.59,25.26,7.3349
11966.6,25.11,7.3349
11967.6,25.11,7.3349
11968.6,25.21,7.3349
11969.6,25.1,7.3349
11970.6,25.2,7.3349
11971.6,25.15,7.3349
11972.61,25.16,7.3349
11973.61,25.22,7.3349
11974.61,25.11,7.3349
11975.61,25.21,7.3349
11976.61,25.11,7.3349
11977.61,25.11,7.3349
11978.61,25.23,7.3349
11979.62,25.18,7.3349
11980.62,25.17,7.3349
11981.62,25.27,7.3349
11982.62,25.28,7.335
11983.62,25.28,7.3349
11984.62,25.11,7.3349
11985.63,25.1,7.3349
11986.63,25.21,7.3349
11987.63,25.16,7.3349
11988.63,25.17,7.3349
11989.63,25.27,7.3349
11990.63,25.17,7.335
11991.63,25.27,7.335
11992.64,25.19,7.335
11993.64,25.17,7.335
11994.64,25.26,7.335
11995.64,25.17,7.335
11996.64,25.27,7.335
11997.64,25.18,7.335
11998.65,25.17,7.335
11999.65,25.27,7.3352
12000.65,25.16,7.3352
12001.65,25.17,7.3352
12002.65,25.29,7.3352
12003.65,25.16,7.3352
12004.65,25.22,7.3352
12005.66,25.15,7.3352
12006.66,25.17,7.3352
12007.66,25.28,7.3352
12008.66,25.17,7.3352
12009.66,25.28,7.3352
12010.66,25.17,7.3352
12011.67,25.17,7.3352
12012.67,25.29,7.3352
12013.67,25.17,7.3352
12014.67,25.28,7.3353
12015.67,25.17,7.3353
12016.67,25.18,7.3353
12017.67,25.26,7.3353
12018.68,25.14,7.3353
12019.68,25.15,7.3353
12020.68,25.27,7.3353
12021.68,25.14,7.3351
12022.68,25.14,7.3353
12023.68,25.21,7.3353
12024.68,25.11,7.3353
12025.69,25.21,7.3353
12026.69,25.11,7.3353
12027.69,25.13,7.3353
12028.69,25.26,7.3353
12029.69,25.17,7.3352
12030.69,25.26,7.3352
12031.7,25.11,7.3352
12032.7,25.15,7.3353
12033.7,25.21,7.3353
12034.7,25.12,7.3353
12035.7,25.22,7.3353
12036.7,25.12,7.3353
12037.71,25.18,7.3353
12038.71,25.27,7.3353
12039.71,25.17,7.3353
12040.71,25.27,7.3353
12041.71,25.16,7.3353
12042.71,25.19,7.3353
12043.72,25.21,7.3353
12044.72,25.11,7.3353
12045.72,25.21,7.3353
12046.72,25.17,7.3353
12047.72,25.18,7.3353
12048.72,25.27,7.3353
12049.72,25.17,7.3353
12050.73,25.27,7.3353
12051.73,25.17,7.3353
12052.73,25.19,7.3354
12053.73,25.27,7.3354
12054.73,25.17,7.3354
12055.73,25.27,7.3354
12056.74,25.16,7.3354
12057.74,25.18,7.3354
12058.74,25.27,7.3354
12059.74,25.18,7.3354
12060.74,25.27,7.3354
12061.74,25.13,7.3354
12062.75,25.14,7.3354
12063.75,25.22,7.3354
12064.75,25.12,7.3354
12065.75,25.22,7.3354
12066.75,25.12,7.3354
12067.75,25.16,7.3354
12068.76,25.27,7.3354
12069.76,25.17,7.3354
12070.76,25.28,7.3354
12071.76,25.17,7.3354
12072.76,25.19,7.3354
12073.76,25.29,7.3354
12074.76,25.17,7.3354
12075.77,25.17,7.3354
12076.77,25.3,7.3354
12077.77,25.18,7.3354
12078.77,25.17,7.3354
12079.77,26.48,7.3354
12080.77,25.16,7.3354
12081.77,25.17,7.3354
12082.77,25.31,7.3356
12083.78,25.17,7.3356
12084.78,25.17,7.3356
12085.78,25.28,7.3356
12086.78,25.16,7.3355
12087.78,25.18,7.3355
12088.78,25.27,7.3355
12089.78,25.17,7.3355
12090.79,25.15,7.3355
12091.79,25.33,7.3355
12092.79,25.19,7.3357
12093.79,25.27,7.3357
12094.79,25.14,7.3357
12095.79,25.23,7.3357
12096.8,25.16,7.3357
12097.8,25.18,7.3357
12098.8,25.27,7.3357
12099.8,25.18,7.3357
12100.8,25.27,7.3357
12101.8,25.17,7.3357
12102.81,25.2,7.3357
12103.81,25.26,7.3357
12104.81,25.17,7.3357
12105.81,25.27,7.3357
12106.81,25.17,7.3357
12107.81,25.19,7.3357
12108.81,25.27,7.3357
12109.82,25.17,7.3357
12110.82,25.17,7.3357
12111.82,25.26,7.3356
12112.82,25.19,7.3357
12113.82,25.27,7.3357
12114.82,25.16,7.3357
12115.83,25.17,7.3357
12116.83,25.26,7.3357
12117.83,25.18,7.3357
12118.83,25.27,7.3357
12119.83,25.17,7.3357
12120.83,25.18,7.3357
12121.83,25.28,7.3357
12122.84,25.19,7.3357
12123.84,25.16,7.3357
12124.84,25.26,7.3357
12125.84,25.17,7.3357
12126.84,25.27,7.3357
12127.84,25.18,7.3357
12128.85,25.17,7.3357
12129.85,25.3,7.3357
12130.85,25.17,7.3357
12131.85,25.17,7.3357
12132.85,25.32,7.3358
12133.85,25.17,7.3358
12134.85,25.17,7.3358
12135.85,25.25,7.3358
12136.86,25.16,7.3358
12137.86,25.24,7.3358
12138.86,25.12,7.3358
12139.86,25.18,7.3358
12140.86,25.27,7.3358
12141.86,25.17,7.3358
12142.87,25.2,7.3358
12143.87,25.27,7.3358
12144.87,25.17,7.3358
12145.87,25.25,7.3358
12146.87,25.12,7.3358
12147.87,25.13,7.3358
12148.87,25.23,7.3358
12149.88,25.12,7.3358
12150.88,25.13,7.3358
12151.88,25.22,7.3358
12152.88,25.14,7.3358
12153.88,25.12,7.3358
12154.88,25.22,7.3358
12155.88,25.15,7.3358
12156.89,25.26,7.3358
12157.89,25.18,7.3358
12158.89,25.18,7.3358
12159.89,25.28,7.3358
12160.89,25.14,7.3358
12161.89,25.25,7.3358
12162.9,25.17,7.3358
12163.9,25.25,7.3358
12164.9,25.16,7.3358
12165.9,25.16,7.3358
12166.9,25.25,7.3358
12167.9,25.13,7.3358
12168.91,25.17,7.3358
12169.91,25.29,7.3358
12170.91,25.17,7.3358
12171.91,25.18,7.3358
12172.91,25.27,7.336
12173.91,25.11,7.336
12174.91,25.11,7.336
12175.91,25.27,7.336
12176.92,25.18,7.336
12177.92,25.29,7.336
12178.92,25.18,7.336
12179.92,25.18,7.336
12180.92,25.28,7.336
12181.92,25.17,7.336
12182.93,25.29,7.336
12183.93,25.17,7.336
12184.93,25.17,7.336
12185.93,25.27,7.336
12186.93,25.18,7.336
12187.93,25.28,7.336
12188.94,25.18,7.336
12189.94,25.28,7.336
12190.94,25.17,7.336
12191.94,25.17,7.336
12192.94,25.29,7.336
12193.94,25.18,7.336
12194.95,25.28,7.336
12195.95,25.17,7.336
12196.95,25.17,7.336
12197.95,25.31,7.336
12198.95,25.15,7.336
12199.95,25.11,7.336
12200.95,25.21,7.336
12201.96,25.12,7.336
12202.96,25.24,7.336
12203.96,25.12,7.336
12204.96,25.14,7.336
12205.96,25.25,7.336
12206.96,25.13,7.336
12207.97,25.17,7.336
12208.97,25.28,7.336
12209.97,25.18,7.336
12210.97,25.29,7.336
12211.97,25.18,7.336
12212.97,25.21,7.3361
12213.97,25.28,7.3361
12214.98,25.18,7.3361
12215.98,25.28,7.3361
12216.98,25.18,7.3361
12217.98,25.21,7.3361
12218.98,25.28,7.3361
12219.98,25.19,7.3361
12220.99,25.18,7.3361
12221.99,25.26,7.3361
12222.99,25.21,7.3361
12223.99,25.29,7.3361
12224.99,25.18,7.3361
12225.99,25.19,7.3361
12226.99,25.29,7.3361
12228.0,25.2,7.3361
12229.0,25.3,7.3361
12230.0,25.19,7.3361
12231.0,25.2,7.3361
12232.0,25.3,7.3361
12233.0,33.73,4.6872
12234.01,80.19,2.3513
12235.01,84.6,2.5027
12236.01,81.52,2.3667
12237.01,68.53,2.3236
12238.01,83.05,2.4492
12239.01,85.42,2.6588
12240.01,67.81,2.3182
12241.02,80.78,2.4351
12242.02,87.4,2.6603
12243.02,62.5,2.2099
12244.02,80.12,2.3809
12245.02,90.16,2.5884
12246.02,69.41,2.1742
12247.02,78.39,2.3449
12248.03,87.13,2.5072
12249.03,83.17,2.7768
12250.03,57.01,2.1835
12251.03,76.73,2.3588
12252.03,88.64,2.5442
12253.03,74.59,2.808
12254.03,39.32,3.1834
12255.04,43.91,2.1903
12256.04,85.87,2.3871
12257.04,89.58,2.6129
12258.04,67.0,2.2709
12259.04,82.56,2.438
12260.04,87.36,2.648
12261.04,81.01,2.8525
12262.05,65.78,2.3023
12263.05,80.06,2.4333
12264.05,85.44,2.6606
12265.05,64.44,2.1806
12266.05,84.28,2.3946
12267.05,86.63,2.5268
12268.05,81.03,2.7732
12269.05,67.31,2.2461
12270.06,76.66,2.4099
12271.06,87.54,2.67
12272.06,59.97,3.073
12273.06,35.62,3.5224
12274.06,65.04,3.9966
12275.06,39.48,4.4631
12276.07,30.83,4.9492
12277.07,42.97,5.4183
12278.07,34.16,5.884
12279.07,28.78,6.3325
12280.07,25.14,6.8059
12281.07,29.71,7.1541
12282.08,25.28,7.1541
12283.08,25.25,7.2543
12284.08,25.28,7.2543
12285.08,25.83,7.2543
12286.08,25.28,7.2543
12287.08,25.2,7.2543
12288.09,25.25,7.2543
12289.09,25.31,7.2543
12290.09,28.79,7.2543
12291.09,27.96,7.3507
12292.09,26.01,7.3507
12293.09,25.19,7.3507
12294.1,25.24,7.3507
12295.1,25.12,7.3507
12296.1,25.22,7.3507
12297.1,25.13,7.3506
12298.1,25.23,7.3507
12299.1,25.12,7.3507
12300.11,26.09,7.3507
12301.12,27.03,7.3508
12302.12,25.19,7.3508
12303.12,25.34,7.3508
12304.12,25.18,7.3508
12305.12,25.19,7.3508
12306.12,25.29,7.3508
12307.13,25.2,7.3508
12308.13,25.32,7.3508
12309.13,27.49,7.3513
12310.13,25.26,7.3513
12311.13,25.13,7.3513
12312.13,25.12,7.3513
12313.14,25.25,7.3515
12314.14,25.12,7.3515
12315.14,25.23,7.3515
12316.14,25.12,7.3515
12317.14,25.13,7.3515
12318.14,27.59,7.3515
12319.14,25.18,7.3515
12320.15,25.3,7.3515
12321.15,25.18,7.3515
12322.15,25.19,7.3515
12323.15,25.34,7.3515
12324.15,25.19,7.3515
12325.15,25.19,7.3515
12326.15,25.31,7.3515
12327.16,27.94,7.4009
12328.16,25.18,7.4009
12329.16,25.27,7.4009
12330.16,25.15,7.4009
12331.16,25.28,7.4009
12332.16,25.18,7.4009
12333.16,25.22,7.401
12334.17,25.29,7.401
12335.17,25.19,7.401
12336.17,25.19,7.401
12337.17,25.32,7.7941
12338.17,25.18,8.2388
12339.17,25.14,8.718
12340.18,29.8,8.9073
12341.18,25.18,8.9073
12342.18,25.61,8.9073
12343.18,25.52,8.9073
12344.18,25.21,8.9073
12345.18,25.24,8.9073
12346.18,25.17,8.9073
12347.19,25.33,8.9073
12348.19,25.18,8.9073
12349.19,25.18,8.9073
12350.19,25.3,8.9073
12351.19,25.49,8.9095
12352.19,25.19,8.9095
12353.19,25.34,8.9096
12354.2,25.19,8.9096
12355.2,25.18,8.9096
12356.2,25.3,8.9096
12357.2,26.04,8.9096
12358.2,25.18,8.9096
12359.2,25.31,8.9096
12360.2,25.19,8.9096
12361.21,25.19,8.9096
12362.21,25.32,8.9096
12363.21,25.44,8.9102
12364.21,25.2,8.9102
12365.21,25.22,8.9102
12366.21,25.12,8.9102
12367.21,25.24,8.9102
12368.22,25.17,8.9102
12369.22,25.3,8.9102
12370.22,25.18,8.9102
12371.22,25.18,8.9102
12372.22,25.29,8.9102
12373.22,25.2,8.9102
12374.23,25.54,8.912
12375.23,25.18,8.912
12376.23,25.28,8.912
12377.23,25.19,8.912
12378.23,25.17,8.912
12379.23,25.28,8.912
12380.24,25.18,8.912
12381.24,25.28,8.912
12382.24,25.19,8.912
12383.24,25.38,8.912
12384.24,26.34,8.912
12385.25,25.18,8.912
12386.25,25.52,8.9132
12387.25,25.18,8.9132
12388.25,25.26,8.9132
12389.25,25.2,8.9132
12390.25,25.16,8.9132
12391.25,25.25,8.9132
12392.26,25.14,8.9132
12393.26,25.24,8.9132
12394.26,25.13,8.9132
12395.26,25.12,8.9132
12396.26,25.23,8.9132
12397.27,25.17,8.9132
12398.27,25.55,8.914
12399.27,25.2,8.914
12400.27,25.19,8.914
12401.27,25.3,8.914
12402.27,25.2,8.914
12403.27,25.2,8.914
12404.28,25.28,8.914
12405.28,25.19,8.914
12406.28,25.29,8.914
12407.28,25.2,8.914
12408.28,25.19,8.9139
12409.28,25.67,8.9144
12410.29,25.19,8.9144
12411.29,25.29,8.9144
12412.29,25.21,8.9144
12413.29,25.31,8.9145
12414.29,25.2,8.9145
12415.29,25.2,8.9145
12416.29,25.31,8.9145
12417.3,25.19,8.9145
12418.3,25.18,8.9145
12419.3,25.28,8.9145
12420.3,25.32,8.9155
12421.3,25.27,8.9155
12422.3,25.2,8.9155
12423.31,25.31,8.9155
12424.31,25.2,8.9155
12425.31,25.19,8.9155
12426.31,25.29,8.9155
12427.31,25.2,8.9155
12428.31,25.23,8.9155
12429.32,25.18,8.9155
12430.32,25.17,8.9155
12431.32,25.47,8.9164
12432.32,25.17,8.9164
12433.32,25.24,8.9164
12434.32,25.12,8.9164
12435.33,25.21,8.9164
12436.33,25.17,8.9164
12437.33,25.19,8.9164
12438.33,25.25,8.9164
12439.33,25.18,8.9164
12440.33,25.28,8.9164
12441.34,25.18,8.9164
12442.34,25.2,8.9164
12443.34,25.63,8.9173
12444.34,25.19,8.9173
12445.34,25.29,8.9173
12446.34,25.18,8.9173
12447.35,25.29,8.9173
12448.35,25.13,8.9173
12449.35,25.13,8.9173
12450.35,25.22,8.9173
12451.35,25.16,8.9173
12452.35,25.3,8.9173
12453.36,25.2,8.9173
12454.36,25.45,8.9177
12455.36,25.28,8.9177
12456.36,25.16,8.9177
12457.36,25.27,8.9177
12458.36,25.2,8.9177
12459.37,25.19,8.9177
12460.37,25.29,8.9177
12461.37,25.19,8.9177
12462.37,25.3,8.9177
12463.37,25.21,8.9177
12464.37,25.13,8.9177
12465.38,25.23,8.9177
12466.38,25.46,8.9186
12467.38,25.24,8.9186
12468.38,25.13,8.9186
12469.38,25.17,8.9184
12470.38,25.29,8.9186
12471.39,25.19,8.9186
12472.39,25.31,8.9186
12473.39,25.19,8.9186
12474.39,25.18,8.9186
12475.39,25.3,8.9186
12476.39,25.18,8.9186
12477.39,25.83,8.9192
12478.39,25.3,8.9192
12479.4,25.18,8.9192
12480.4,25.18,8.9192
12481.4,25.32,8.9192
12482.4,25.2,8.9192
12483.4,25.18,8.9192
12484.4,25.3,8.9192
12485.4,25.17,8.9192
12486.41,25.19,8.9192
12487.41,25.3,8.9192
12488.41,25.41,8.9206
12489.41,25.24,8.9206
12490.41,25.15,8.9206
12491.41,25.21,8.9206
12492.41,25.3,8.9206
12493.42,25.18,8.9206
12494.42,25.13,8.9206
12495.42,25.23,8.9206
12496.42,25.13,8.9206
12497.42,25.26,8.9206
12498.42,25.19,8.9206
12499.43,25.37,8.9216
12500.43,25.29,8.9216
12501.43,25.19,8.9216
12502.43,25.3,8.9216
12503.43,25.22,8.9216
12504.43,25.19,8.9216
12505.44,25.28,8.9216
12506.44,25.19,8.9216
12507.44,25.31,8.9216
12508.44,25.19,8.9216
12509.44,25.18,8.9216
12510.44,25.31,8.9216
12511.44,25.46,8.9224
12512.45,25.2,8.9224
12513.45,25.32,8.9226
12514.45,25.19,8.9226
12515.45,25.18,8.9226
12516.45,25.3,8.9226
12517.45,25.16,8.9226
12518.45,25.18,8.9226
12519.46,25.3,8.9226
12520.46,25.18,8.9226
12521.46,25.29,8.9226
12522.46,25.45,8.923
12523.46,25.3,8.923
12524.46,25.19,8.923
12525.47,25.19,8.923
12526.47,25.28,8.923
12527.47,25.19,8.923
12528.47,25.28,8.923
12529.47,25.17,8.923
12530.47,25.29,8.923
12531.48,25.18,8.923
12532.48,25.19,8.923
12533.48,25.33,8.923
12534.48,25.44,8.9234
12535.48,25.18,8.9234
12536.48,25.24,8.9234
12537.48,25.19,8.9234
12538.49,25.3,8.9234
12539.49,25.18,8.9234
12540.49,25.18,8.9234
12541.49,25.28,8.9234
12542.49,25.19,8.9234
12543.49,25.3,8.9235
12544.5,25.18,8.9235
12545.5,25.52,8.9346
12546.5,25.17,8.9346
12547.5,25.18,8.9346
12548.5,25.28,8.9346
12549.5,25.15,8.9346
12550.51,25.24,8.9346
12551.51,25.16,8.9346
12552.51,25.2,8.9346
12553.51,25.3,8.9348
12554.51,25.18,8.9348
12555.51,25.29,8.9348
12556.52,25.19,8.9348
12557.52,25.44,8.9351
12558.52,25.28,8.9351
12559.52,25.19,8.9351
12560.52,25.31,8.9351
12561.52,25.19,8.9351
12562.53,25.31,8.9351
12563.53,25.22,8.9352
12564.53,25.32,8.9352
12565.53,25.28,8.9352
12566.53,25.19,8.9352
12567.53,25.29,8.9352
12568.54,25.41,8.9468
12569.54,25.18,8.9468
12570.54,25.28,8.9468
12571.54,25.18,8.9468
12572.54,25.26,8.9468
12573.54,25.13,8.9469
12574.55,25.28,8.9469
12575.55,25.18,8.9469
12576.55,25.18,8.9469
12577.55,25.27,8.9469
12578.55,25.13,8.9469
12579.55,25.25,8.9469
12580.56,25.44,8.9473
12581.56,25.18,8.9473
12582.56,25.29,8.9473
12583.56,25.2,8.9473
12584.56,25.29,8.9473
12585.56,25.13,8.9473
12586.57,25.24,8.9473
12587.57,25.14,8.9473
12588.57,25.13,8.9473
12589.57,25.28,8.9473
12590.57,25.19,8.9473
12591.57,25.56,8.9572
12592.58,25.2,8.9572
12593.58,25.18,8.9572
12594.58,25.29,8.9572
12595.58,25.16,8.9572
12596.58,25.13,8.9572
12597.58,25.25,8.9572
12598.58,25.15,8.9572
12599.59,25.28,8.9572
12600.59,25.16,8.9572
12601.59,25.18,8.9572
12602.59,25.34,8.9572
12603.59,25.38,8.9577
12604.59,25.18,8.9577
12605.6,25.29,8.9577
12606.6,25.18,8.9577
12607.6,25.3,8.9577
12608.6,25.19,8.9577
12609.6,25.19,8.9577
12610.6,25.28,8.9577
12611.6,25.18,8.9577
12612.61,25.32,8.9577
12613.61,25.18,8.9577
12614.61,25.18,8.9577
12615.61,25.59,8.9662
12616.61,25.19,8.9662
12617.61,25.3,8.9662
12618.62,25.18,8.9662
12619.62,25.18,8.9662
12620.62,25.28,8.9662
12621.62,25.19,8.9662
12622.62,25.32,8.9662
12623.62,25.2,8.9663
12624.63,25.29,8.9663
12625.63,25.18,8.9663
12626.63,25.55,8.9664
12627.63,25.3,8.9664
12628.63,25.19,8.9664
12629.63,25.29,8.9664
12630.64,25.19,8.9664
12631.64,25.18,8.9664
12632.64,25.31,8.9666
12633.64,25.2,8.9666
12634.64,25.29,8.9666
12635.64,25.19,8.9666
12636.65,25.18,8.9666
12637.65,25.29,8.9666
12638.65,25.63,8.9728
12639.65,25.29,8.9728
12640.65,25.18,8.9728
12641.65,25.29,8.9728
12642.66,25.21,8.9728
12643.66,25.18,8.9728
12644.66,25.29,8.9728
12645.66,25.18,8.9728
12646.66,25.24,8.9728
12647.66,25.2,8.9728
12648.67,25.18,8.9728
12649.67,25.56,8.9732
12650.67,25.14,8.9732
12651.67,25.25,8.9732
12652.67,25.22,8.9732
12653.67,25.3,8.9732
12654.68,25.19,8.9732
12655.68,25.2,8.9732
12656.68,25.28,8.9732
12657.68,25.2,8.9732
12658.68,25.19,8.9732
12659.68,25.28,8.9732
12660.68,25.59,8.9758
12661.69,25.29,8.9758
12662.69,25.21,8.976
12663.69,25.18,8.976
12664.69,25.28,8.976
12665.69,25.19,8.976
12666.69,25.29,8.976
12667.7,25.2,8.976
12668.7,25.18,8.976
12669.7,25.29,8.976
12670.7,25.13,8.976
12671.7,25.3,8.976
12672.7,25.59,8.9763
12673.71,25.18,8.9763
12674.71,25.28,8.9764
12675.71,25.19,8.9764
12676.71,25.28,8.9764
12677.71,25.16,8.9764
12678.71,25.15,8.9764
12679.72,25.25,8.9764
12680.72,25.15,8.9764
12681.72,25.28,8.9764
12682.72,25.21,8.9764
12683.72,25.56,8.9769
12684.72,25.18,8.9769
12685.73,25.19,8.9769
12686.73,25.29,8.9769
12687.73,25.19,8.9769
12688.73,25.25,8.9769
12689.73,25.13,8.9769
12690.73,25.17,8.9769
12691.74,25.29,8.9769
12692.74,25.23,8.9769
12693.74,25.29,8.9769
12694.74,25.18,8.9769
12695.74,25.55,8.9773
12696.74,25.29,8.9773
12697.74,25.2,8.9773
12698.75,25.16,8.9773
12699.75,25.26,8.9773
12700.75,25.12,8.9773
12701.75,25.12,8.9773
12702.75,25.27,8.9773
12703.75,25.12,8.9773
12704.75,25.13,8.9773
12705.76,25.29,8.9773
12706.76,25.54,8.9779
12707.76,25.22,8.9779
12708.76,25.3,8.9779
12709.76,25.18,8.9778
12710.76,25.29,8.9778
12711.76,25.19,8.9779
12712.77,25.22,8.9779
12713.77,25.29,8.9779
12714.77,25.19,8.9779
12715.77,25.29,8.9779
12716.77,25.19,8.9779
12717.77,25.2,8.9779
12718.78,25.76,8.9784
12719.78,25.18,8.9784
12720.78,25.29,8.9784
12721.78,25.19,8.9784
12722.78,25.31,8.9784
12723.78,25.19,8.9784
12724.79,25.19,8.9784
12725.79,25.29,8.9784
12726.79,25.19,8.9784
12727.79,25.3,8.9784
12728.79,25.2,8.9784
12729.79,25.47,8.9787
12730.79,25.29,8.9787
12731.8,25.19,8.9787
12732.8,25.32,8.9787
12733.8,25.2,8.9787
12734.8,25.19,8.9787
12735.8,25.29,8.9787
12736.81,25.19,8.9787
12737.81,25.3,8.9787
12738.81,25.19,8.9787
12739.81,25.29,8.9787
12740.81,25.47,8.9792
12741.81,25.18,8.9792
12742.82,25.31,8.9793
12743.82,25.19,8.9793
12744.82,25.28,8.9793
12745.82,25.17,8.9793
12746.82,25.23,8.9794
12747.82,25.13,8.9794
12748.83,25.13,8.9794
12749.83,25.24,8.9794
12750.83,25.18,8.9794
12751.83,25.28,8.9794
12752.83,25.5,8.9799
12753.83,25.16,8.9799
12754.84,25.22,8.9799
12755.84,25.12,8.9799
12756.84,25.22,8.9799
12757.84,25.12,8.9799
12758.84,25.23,8.9799
12759.84,25.13,8.9799
12760.85,25.12,8.9799
12761.85,25.22,8.9799
12762.85,25.16,8.9799
12763.85,25.24,8.9799
12764.85,25.49,8.9816
12765.85,25.19,8.9816
12766.86,25.28,8.9816
12767.86,25.41,8.9816
12768.86,25.29,8.9816
12769.86,25.18,8.9816
12770.86,25.29,8.9816
12771.86,25.19,8.9816
12772.87,25.21,8.9817
12773.87,25.29,8.9817
12774.87,25.19,8.9817
12775.87,25.64,8.9819
12776.87,25.18,8.9819
12777.87,25.2,8.9819
12778.87,25.31,8.9819
12779.88,25.18,8.9819
12780.88,25.19,8.9819
12781.88,25.29,8.9819
12782.88,25.22,8.9821
12783.88,25.25,8.9821
12784.88,25.14,8.9821
12785.89,25.17,8.9821
12786.89,25.31,8.9821
12787.89,25.67,8.9824
12788.89,25.19,8.9824
12789.89,25.29,8.9824
12790.89,25.19,8.9824
12791.89,25.3,8.9824
12792.9,25.21,8.9824
12793.9,25.19,8.9824
12794.9,25.29,8.9824
12795.9,25.22,8.9824
12796.9,25.19,8.9824
12797.9,25.29,8.9824
12798.91,25.56,8.9829
12799.91,25.3,8.9829
12800.91,25.19,8.9829
12801.91,25.19,8.9829
12802.91,25.32,8.9829
12803.91,25.19,8.9829
12804.91,25.29,8.9829
12805.92,25.19,8.9829
12806.92,25.19,8.9829
12807.92,25.3,8.9829
12808.92,25.2,8.9829
12809.92,25.29,8.9829
12810.92,25.62,8.9834
12811.93,25.26,8.9834
12812.93,25.21,8.9835
12813.93,25.2,8.9835
12814.93,25.29,8.9835
12815.93,25.19,8.9835
12816.93,25.31,8.9835
12817.94,25.21,8.9835
12818.94,25.2,8.9835
12819.94,25.33,8.9835
12820.94,25.19,8.9835
12821.94,25.2,8.9835
12822.94,25.73,8.984
12823.94,25.19,8.984
12824.95,25.29,8.984
12825.95,25.19,8.984
12826.95,25.2,8.984
12827.95,25.33,8.984
12828.95,25.2,8.984
12829.95,25.19,8.984
12830.95,25.32,8.984
12831.96,25.19,8.984
12832.96,25.33,8.984
12833.96,25.2,8.984
12834.96,25.56,8.9844
12835.96,25.29,8.9844
12836.96,25.19,8.9844
12837.97,25.3,8.9844
12838.97,25.21,8.9844
12839.97,25.19,8.9844
12840.97,25.29,8.9844
12841.97,25.19,8.9844
12842.97,25.32,8.9844
12843.98,25.13,8.9844
12844.98,25.14,8.9844
12845.98,25.22,8.9844
12846.98,25.49,8.9848
12847.98,25.31,8.9848
12848.98,25.2,8.9848
12849.99,25.21,8.9848
12850.99,25.3,8.9848
12851.99,25.19,8.9848
12852.99,25.32,8.985
12853.99,25.2,8.985
12854.99,25.29,8.985
12856.0,25.19,8.985
12857.0,25.19,8.985
12858.0,25.32,8.985
12859.0,25.67,8.9853
12860.0,25.29,8.9853
12861.0,25.21,8.9853
12862.0,25.19,8.9853
12863.01,25.81,8.9855
12864.01,25.19,8.9855
12865.01,25.29,8.9855
12866.01,25.19,8.9855
12867.01,25.2,8.9853
12868.02,25.31,8.9853
12869.02,25.2,8.9853
12870.02,25.66,8.9857
12871.02,25.19,8.9857
12872.02,25.2,8.9857
12873.02,25.33,8.9857
12874.02,25.21,8.9857
12875.03,25.3,8.9857
12876.03,25.21,8.9857
12877.03,25.2,8.9857
12878.03,25.32,8.9857
12879.03,25.2,8.9857
12880.03,25.3,8.9857
12881.04,25.21,8.9858
12882.04,25.72,8.9863
12883.04,25.23,8.9863
12884.04,25.24,8.9863
12885.04,25.31,8.9863
12886.04,25.2,8.9863
12887.05,25.2,8.9863
12888.05,25.31,8.9863
12889.05,25.2,8.9863
12890.05,25.3,8.9863
12891.05,25.2,8.9863
12892.05,25.28,8.9863
12893.06,25.63,8.9867
12894.06,25.2,8.9868
12895.06,25.29,8.9868
12896.06,25.19,8.9868
12897.06,25.3,8.9868
12898.06,25.21,8.9868
12899.07,25.3,8.9868
12900.07,25.2,8.9868
12901.07,25.2,8.9868
12902.07,25.3,8.9868
12903.07,25.23,8.9869
12904.07,25.3,8.9869
12905.08,25.65,8.9878
12906.08,25.21,8.9878
12907.08,25.19,8.9878
12908.08,25.31,8.9878
12909.08,25.21,8.9878
12910.09,25.3,8.9878
12911.09,25.21,8.9878
12912.09,25.2,8.9878
12913.09,25.32,8.9878
12914.09,25.2,8.9878
12915.09,25.3,8.9878
12916.1,25.2,8.9878
12917.1,25.59,8.9881
12918.1,25.31,8.9881
12919.1,25.18,8.9881
12920.1,25.27,8.9881
12921.1,25.18,8.9881
12922.11,25.3,8.9881
12923.11,25.23,8.9881
12924.11,25.2,8.9881
12925.11,25.3,8.9881
12926.11,25.2,8.9881
12927.11,25.3,8.9881
12928.12,25.19,8.9881
12929.12,25.63,8.989
12930.12,25.17,8.989
12931.12,25.13,8.989
12932.12,25.23,8.989
12933.12,25.16,8.989
12934.13,25.25,8.989
12935.13,25.13,8.989
12936.13,25.23,8.989
12937.13,25.12,8.989
12938.13,25.18,8.989
12939.14,25.31,8.9891
12940.14,25.68,8.9894
12941.14,25.3,8.9894
12942.14,25.2,8.9894
12943.14,25.23,8.9895
12944.14,25.3,8.9895
12945.15,25.2,8.9895
12946.15,25.3,8.9895
12947.15,25.21,8.9895
12948.15,25.31,8.9895
12949.15,25.19,8.9895
12950.15,25.19,8.9895
12951.16,25.29,8.9895
12952.16,25.56,8.9903
12953.16,25.24,8.9903
12954.16,25.3,8.9903
12955.16,25.2,8.9903
12956.16,25.31,8.9903
12957.16,25.2,8.9903
12958.17,25.32,8.9903
12959.17,25.21,8.9903
12960.17,25.21,8.9903
12961.17,25.31,8.9903
12962.17,25.21,8.9903
12963.17,25.32,8.9905
12964.18,25.62,8.9908
12965.18,25.21,8.9908
12966.18,25.3,8.9908
12967.18,25.21,8.9908
12968.18,25.31,8.9908
12969.18,25.2,8.9908
12970.19,25.28,8.9908
12971.19,25.16,8.9908
12972.19,25.17,8.9908
12973.19,25.29,8.9909
12974.19,25.2,8.9909
12975.19,25.3,8.9909
12976.2,25.2,8.9909
12977.2,26.29,8.9918
12978.2,25.61,8.9918
12979.2,25.18,8.9918
12980.2,25.2,8.9918
12981.2,25.3,8.9918
12982.2,25.2,8.9918
12983.21,25.32,8.9918
12984.21,25.2,8.9918
12985.21,25.19,8.9918
12986.21,25.3,8.9918
12987.21,25.21,8.9918
12988.21,25.32,8.9918
12989.22,25.58,8.9924
12990.22,28.07,8.9924
12991.22,25.31,8.9924
12992.22,25.22,8.9924
12993.22,25.32,8.9924
12994.22,25.21,8.9924
12995.23,25.3,8.9924
12996.23,25.19,8.9924
12997.23,25.22,8.9924
12998.23,25.3,8.9924
12999.23,25.2,8.9924
13000.23,25.3,8.9924
13001.24,25.65,8.9952
13002.24,25.22,8.9952
13003.24,25.33,8.9953
13004.24,25.21,8.9953
13005.24,25.31,8.9953
13006.24,25.22,8.9953
13007.25,25.23,8.9953
13008.25,25.32,8.9953
13009.25,25.21,8.9953
13010.25,25.31,8.9953
13011.25,25.21,8.9953
13012.25,25.31,8.9953
13013.26,25.22,8.9953
13014.26,25.61,8.9977
13015.26,25.3,8.9977
13016.26,25.2,8.9977
13017.26,25.31,8.9977
13018.26,25.2,8.9977
13019.27,25.29,8.9977
13020.27,25.2,8.9977
13021.27,25.21,8.9977
13022.27,25.32,8.9977
13023.27,25.22,8.9977
13024.27,25.31,8.9977
13025.28,25.21,8.9977
13026.28,56.7,9.0112
13027.28,48.75,9.0341
13028.28,25.42,9.0614
13029.28,25.91,9.0893
13030.28,26.22,8.9228
13031.29,39.67,2.3257
13032.29,86.46,2.5384
13033.29,88.84,2.6887
13034.29,80.37,2.9132
13035.29,77.63,3.1562
13036.29,61.05,2.3094
13037.3,79.87,2.5143
13038.3,87.36,2.6405
13039.3,80.56,2.9346
13040.3,77.79,3.1895
13041.3,50.92,2.3348
13042.3,85.4,2.5408
13043.3,88.66,2.8272
13044.3,58.99,2.3854
13045.31,74.5,2.5343
13046.31,86.05,2.7737
13047.31,63.39,2.3317
13048.31,82.26,2.5034
13049.31,90.28,2.7012
13050.31,70.73,2.2998
13051.31,77.23,2.4934
13052.32,84.89,2.6354
13053.32,73.06,2.5528
13054.32,68.11,2.4585
13055.32,77.07,2.5723
13056.32,84.58,2.7952
13057.32,64.69,2.4333
13058.32,78.63,2.5588
13059.32,87.62,2.7892
13060.33,66.13,2.4288
13061.33,74.25,2.5489
13062.33,85.45,2.7846
13063.33,65.93,2.4461
13064.33,79.99,2.5853
13065.33,85.93,2.9284
13066.33,73.01,2.2233
13067.34,69.21,2.4746
13068.34,80.51,2.7918
13069.34,73.9,3.0302
13070.34,88.7,3.1706
13071.34,81.18,3.3887
13072.34,78.51,3.6131
13073.34,77.29,3.8377
13074.35,77.0,4.0488
13075.35,77.76,4.277
13076.35,75.63,4.4854
13077.35,75.63,4.6774
13078.35,75.28,4.8373
13079.35,75.22,5.0163
13080.36,75.83,5.1547
13081.36,75.11,5.3148
13082.36,47.57,5.8925
13083.36,25.24,6.5949
13084.36,31.87,7.327
13085.36,99.93,8.454
13086.36,100.14,9.189
13087.36,29.81,9.3464
13088.37,25.33,9.3464
13089.37,40.85,9.3467
13090.37,77.82,9.3468
13091.37,77.12,9.3478
13092.37,73.86,9.3484
13093.37,54.75,9.349
13094.38,35.26,9.3491
13095.38,44.0,9.3491
13096.38,42.99,9.3491
13097.38,25.65,9.3491
13098.38,37.34,9.3491
13099.38,34.31,9.3491
13100.39,33.73,9.3491
13101.39,31.18,9.3491
13102.39,25.25,9.3491
13103.39,36.57,9.3492
13104.39,26.99,9.3492
13105.39,26.06,9.3492
13106.4,25.31,9.3492
13107.4,31.72,9.3492
13108.4,86.04,10.0905
13109.4,99.89,10.7462
13110.4,99.89,11.3969
13111.4,100.21,12.0807
13112.4,51.2,12.126
13113.41,27.15,12.2225
13114.41,30.39,12.2225
13115.41,37.22,12.2225
13116.41,25.31,12.2225
13117.41,27.5,12.2227
13118.41,26.29,12.2227
13119.41,26.38,12.2227
13120.42,25.37,12.2227
13121.42,26.1,12.2227
13122.42,26.75,12.2227
13123.42,25.74,12.2228
13124.42,26.79,12.2228
13125.42,31.55,12.2228
13126.42,25.81,12.2228
13127.43,32.35,12.2228
13128.43,25.21,12.2228
13129.43,25.21,12.2228
13130.43,25.42,12.2228
13131.43,30.32,12.2228
13132.43,28.5,12.2228
13133.44,25.85,12.2228
13134.44,38.36,12.2228
13135.44,50.93,12.2228
13136.44,25.11,12.2228
13137.44,25.34,12.2228
13138.44,25.19,12.2228
13139.45,25.65,12.2228
13140.45,26.33,12.2228
13141.45,25.4,12.2228
13142.45,25.95,12.2228
13143.45,37.65,12.2228
13144.45,25.63,12.2228
13145.46,25.86,12.2228
13146.46,26.08,12.2228
13147.46,25.32,12.2228
13148.46,25.21,12.2228
13149.46,25.3,12.2228
13150.46,25.88,12.2228
13151.47,25.32,12.2228
13152.47,25.92,12.2228
13153.47,25.15,12.2228
13154.47,27.78,12.2228
13155.47,25.18,12.2228
13156.47,25.31,12.2228
13157.48,25.77,12.2228
13158.48,25.65,12.2228
13159.48,25.31,12.2228
13160.48,25.22,12.2228
13161.48,25.34,12.2228
13162.48,25.23,12.2228
13163.49,25.67,12.2229
13164.49,25.33,12.2229
13165.49,25.35,12.2229
13166.49,25.31,12.2229
13167.49,25.22,12.2229
13168.49,25.21,12.2229
13169.5,25.3,12.2229
13170.5,25.24,12.2229
13171.5,27.37,12.2229
13172.5,25.22,12.2229
13173.5,25.81,12.2229
13174.5,46.35,12.228
13175.5,25.21,12.228
13176.51,26.21,12.228
13177.51,25.86,12.228
13178.51,25.22,12.228
13179.51,26.75,12.228
13180.51,25.21,12.228
13181.51,25.4,12.228
13182.52,25.23,12.228
13183.52,25.36,12.228
13184.52,25.74,12.228
13185.52,90.94,12.2686
13186.52,99.98,12.3401
13187.52,37.58,12.3401
13188.53,25.21,12.3401
13189.53,25.31,12.3401
13190.53,25.21,12.3401
13191.53,25.3,12.3401
13192.53,25.32,12.3401
13193.53,25.23,12.3401
13194.54,25.31,12.3401
13195.54,25.23,12.3401
13196.54,26.08,12.3401
13197.54,25.2,12.3401
13198.54,25.3,12.3401
13199.54,25.2,12.3401
13200.55,25.2,12.3401
13201.55,25.25,12.3401
13202.55,25.28,12.3401
13203.55,25.45,12.3401
13204.55,25.13,12.3401
13205.55,25.23,12.3401
13206.56,25.13,12.3401
13207.56,25.19,12.3401
13208.56,25.32,12.3401
13209.56,25.32,12.3401
13210.56,25.36,12.3401
13211.56,65.67,11.0238
13212.57,32.96,2.3248
13213.57,86.05,2.6012
13214.57,76.35,2.9852
13215.57,88.36,3.1512
13216.57,86.98,3.3796
13217.57,82.36,3.6857
13218.57,79.28,3.9815
13219.58,78.71,4.285
13220.58,76.42,4.5181
13221.58,75.72,4.7279
13222.58,76.27,4.8992
13223.58,76.65,5.0729
13224.58,75.4,5.217
13225.58,52.16,5.435
13226.59,27.67,6.1817
13227.59,25.2,6.816
13228.59,49.82,7.6868
13229.59,100.19,8.6061
13230.59,91.83,9.2512
13231.59,25.13,9.2532
13232.59,25.26,9.3535
13233.6,39.01,9.3535
13234.6,77.9,9.3535
13235.6,75.9,9.3536
13236.6,54.84,9.3538
13237.6,44.0,9.3538
13238.6,29.02,9.3538
13239.61,40.69,9.354
13240.61,38.22,9.3541
13241.61,26.93,9.3541
13242.61,33.23,9.3545
13243.61,38.34,9.3545
13244.61,46.7,9.3546
13245.61,39.5,9.3546
13246.62,33.95,9.3546
13247.62,31.83,9.3547
13248.62,36.52,9.3547
13249.62,27.39,9.3547
13250.62,25.48,9.3547
13251.62,26.57,9.3549
13252.63,34.15,9.4344
13253.63,99.88,10.4469
13254.63,99.89,11.0519
13255.63,100.21,11.7123
13256.63,91.47,12.1349
13257.63,27.0,12.1378
13258.63,25.45,12.2332
13259.64,26.62,12.2332
13260.64,31.8,12.2332
13261.64,32.37,12.2332
13262.64,26.51,12.2332
13263.64,25.59,12.2332
13264.64,27.02,12.2332
13265.65,25.3,12.2333
13266.65,26.28,12.2333
13267.65,26.15,12.2333
13268.65,25.53,12.2333
13269.65,25.26,12.2333
13270.65,26.17,12.2333
13271.66,25.17,12.2333
13272.66,26.68,12.2334
13273.66,25.7,12.2334
13274.66,27.93,12.2334
13275.66,27.43,12.2334
13276.66,25.31,12.2334
13277.66,28.55,12.2334
13278.67,27.99,12.2334
13279.67,25.14,12.2334
13280.67,25.21,12.2334
13281.67,25.31,12.2334
13282.67,25.66,12.2334
13283.67,39.92,12.2334
13284.68,32.78,12.2334
13285.68,25.87,12.2334
13286.68,30.38,12.2334
13287.68,35.13,12.2334
13288.68,33.07,12.2335
13289.68,25.26,12.2335
13290.69,27.98,12.2335
13291.69,25.22,12.2335
13292.69,25.43,12.2335
13293.69,26.37,12.2335
13294.69,25.34,12.2335
13295.69,25.36,12.2335
13296.7,25.39,12.2335
13297.7,28.18,12.2335
13298.7,25.4,12.2335
13299.7,25.88,12.2335
13300.7,25.32,12.2335
13301.7,25.17,12.2335
13302.71,25.35,12.2335
13303.71,25.22,12.2335
13304.71,25.32,12.2335
13305.71,25.48,12.2335
13306.71,25.22,12.2335
13307.71,25.85,12.2335
13308.72,25.3,12.2335
13309.72,25.34,12.2335
13310.72,25.78,12.2335
13311.72,25.18,12.2335
13312.72,25.94,12.2336
13313.72,25.21,12.2336
13314.73,25.22,12.2336
13315.73,25.31,12.2336
13316.73,25.2,12.2336
13317.73,25.24,12.2336
13318.73,25.13,12.2336
13319.73,25.24,12.2336
13320.74,25.13,12.2336
13321.74,25.23,12.2336
13322.74,25.26,12.2336
13323.74,25.22,12.2336
13324.74,25.33,12.2336
13325.74,25.31,12.2336
13326.75,25.22,12.2336
13327.75,25.63,12.2336
13328.75,25.76,12.2336
13329.75,25.31,12.2336
13330.75,25.22,12.2336
13331.75,34.66,12.2336
13332.76,25.18,12.2336
13333.76,25.19,12.2336
13334.76,26.7,12.2336
13335.76,25.15,12.2336
13336.76,25.3,12.2336
13337.76,26.13,12.2336
13338.77,25.2,12.2336
13339.77,25.39,12.2336
13340.77,25.2,12.2336
13341.77,35.12,12.2336
13342.77,99.88,12.2941
13343.77,99.7,12.3514
13344.77,25.7,12.3514
13345.78,25.41,12.3514
13346.78,25.64,12.3514
13347.78,25.33,12.3514
13348.78,25.21,12.3514
13349.78,25.31,12.3514
13350.78,25.31,12.3514
13351.79,25.26,12.3514
13352.79,25.28,12.3514
13353.79,25.44,12.3515
13354.79,25.31,12.3515
13355.79,25.23,12.3515
13356.79,25.21,12.3515
13357.8,25.32,12.3515
13358.8,25.21,12.3515
13359.8,25.4,12.3515
13360.8,25.2,12.3515
13361.8,25.22,12.3515
13362.8,26.22,12.3515
13363.8,25.2,12.3515
13364.81,25.3,12.3515
13365.81,25.2,12.3515
13366.81,25.31,12.3515
13367.81,38.16,12.3517
13368.81,70.64,12.352
13369.81,49.23,12.352
13370.82,67.98,12.3581
13371.82,50.48,12.3594
13372.82,51.15,12.4139
13373.82,25.98,12.4139
13374.82,25.17,12.4139
13375.82,77.41,12.419
13376.82,100.02,12.4394
13377.83,38.88,12.4093
13378.83,25.17,12.4093
13379.83,26.38,12.4093
13380.83,25.3,12.4093
13381.83,26.77,12.4093
13382.83,25.29,12.4
13383.84,25.46,12.4
13384.84,31.52,12.4
13385.84,100.16,12.4063
13386.84,76.3,12.4065
13387.84,25.2,12.4065
13388.84,25.27,12.4065
13389.84,25.14,12.4065
13390.85,25.23,12.4065
13391.85,25.14,12.4065
13392.85,25.19,12.4065
13393.85,29.09,12.4065
13394.85,99.86,12.4065
13395.85,79.39,12.4068
13396.85,25.27,12.4068
13397.86,25.19,12.4068
13398.86,32.06,12.4819
13399.86,100.14,13.1126
13400.86,47.74,13.1126
13401.86,25.24,13.1126
13402.86,25.25,13.1127
13403.87,41.74,13.2485
13404.87,25.3,13.2485
13405.87,25.2,13.2485
13406.87,25.29,13.2485
13407.87,28.92,13.2488
13408.87,25.2,13.2488
13409.88,25.28,13.2488
13410.88,28.78,13.249
13411.88,25.29,13.249
13412.88,25.2,13.249
13413.88,25.18,13.249
13414.88,28.97,13.249
13415.88,25.83,13.249
13416.89,25.3,13.249
13417.89,28.78,13.249
13418.89,25.2,13.249
13419.89,25.35,13.249
13420.89,28.82,13.2491
13421.89,29.13,13.2491
13422.89,25.3,13.2491
13423.9,25.17,13.2491
13424.9,28.76,13.2492
13425.9,25.18,13.2492
13426.9,25.19,13.2492
13427.9,28.85,13.2492
13428.9,25.19,13.2492
13429.91,25.28,13.2492
13430.91,28.84,13.2493
13431.91,25.19,13.2493
13432.91,25.31,13.2493
13433.91,25.18,13.2493
13434.91,28.85,13.2493
13435.92,25.19,13.2493
13436.92,25.21,13.2493
13437.92,28.94,13.2493
13438.92,25.19,13.2493
13439.92,25.29,13.2493
13440.92,26.25,13.2493
13441.92,27.8,13.2493
13442.93,25.28,13.2493
13443.93,25.12,13.2493
13444.93,28.81,13.2493
13445.93,25.22,13.2493
13446.93,25.13,13.2493
13447.93,25.27,13.2493
13448.94,29.04,13.2495
13449.94,25.34,13.2495
13450.94,25.19,13.2495
13451.94,25.18,13.2495
13452.94,29.9,13.2496
13453.94,25.19,13.2496
13454.95,25.31,13.2496
13455.95,25.2,13.2496
13456.95,25.61,13.2496
13457.95,29.86,13.2496
13458.95,25.18,13.2496
13459.95,25.17,13.2496
13460.95,25.28,13.2496
13461.96,26.12,13.2496
13462.96,28.97,13.2496
13463.96,25.2,13.2496
13464.96,25.11,13.2496
13465.96,25.26,13.2496
13466.96,27.22,13.2496
13467.97,27.3,13.2496
13468.97,25.27,13.2496
13469.97,25.18,13.2496
13470.97,25.28,13.2496
13471.97,28.92,13.2497
13472.97,25.17,13.2497
13473.98,25.26,13.2497
13474.98,25.16,13.2497
13475.98,25.27,13.2497
13476.98,25.17,13.2497
13477.98,28.75,13.2497
13478.98,25.29,13.2497
13479.98,25.21,13.2497
13480.99,25.29,13.2497
13481.99,25.2,13.2497
13482.99,25.22,13.2497
13483.99,28.95,13.2498
13484.99,25.19,13.2498
13485.99,25.29,13.2498
13487.0,25.18,13.2498
13488.0,25.93,13.2498
13489.0,25.18,13.2498
13490.0,25.19,13.2498
13491.0,28.93,13.2498
13492.0,25.18,13.2498
13493.01,25.22,13.2499
13494.01,25.32,13.2499
13495.01,25.18,13.2499
13496.01,25.33,13.2499
13497.01,25.29,13.2499
13498.01,28.86,13.2501
13499.01,25.23,13.2501
13500.02,25.12,13.2501
13501.02,25.13,13.2501
13502.02,25.25,13.2501
13503.02,25.24,13.2501
13504.02,25.19,13.2501
13505.02,28.89,13.2501
13506.02,25.15,13.2501
13507.03,25.2,13.2501
13508.03,25.24,13.2501
13509.03,25.12,13.2501
13510.03,25.29,13.2501
13511.03,25.16,13.2501
13512.03,29.05,13.2501
13513.04,25.13,13.2502
13514.04,25.17,13.2502
13515.04,26.09,13.2502
13516.04,25.15,13.2502
13517.04,25.27,13.2502
13518.04,25.19,13.2502
13519.05,25.18,13.2502
13520.05,30.82,13.2503
13521.05,25.18,13.2503
13522.05,25.29,13.2503
13523.05,25.15,13.2503
13524.05,25.18,13.2503
13525.06,25.24,13.2503
13526.06,25.17,13.2503
13527.06,25.28,13.2503
13528.06,30.67,13.2503
13529.06,29.41,13.2503
13530.06,36.52,13.2503
13531.06,25.12,13.2503
13532.07,25.29,13.2503
13533.07,25.85,13.2503
13534.07,25.18,13.2503
13535.07,27.06,13.2503
13536.07,27.3,13.2504
13537.07,25.28,13.2504
13538.08,25.22,13.2504
13539.08,25.19,13.2504
13540.08,25.28,13.2504
13541.08,25.18,13.2504
13542.08,25.29,13.2504
13543.08,26.62,13.2505
13544.09,27.45,13.2505
13545.09,25.3,13.2505
13546.09,25.18,13.2505
13547.09,25.17,13.2505
13548.09,25.29,13.2505
13549.09,25.18,13.2505
13550.09,25.27,13.2505
13551.1,25.14,13.2505
13552.1,28.84,13.2507
13553.1,25.29,13.2507
13554.1,25.16,13.2507
13555.1,25.22,13.2507
13556.1,25.11,13.2507
13557.11,25.12,13.2507
13558.11,25.27,13.2507
13559.11,25.2,13.2507
13560.11,25.31,13.2507
13561.11,28.81,13.2508
13562.11,25.2,13.2508
13563.11,25.35,13.2509
13564.12,25.19,13.2509
13565.12,25.18,13.2509
13566.12,25.28,13.2509
13567.12,25.18,13.2509
13568.12,25.31,13.251
13569.12,25.18,13.251
13570.13,28.79,13.251
13571.13,25.29,13.251
13572.13,25.2,13.251
13573.13,25.32,13.251
13574.13,25.17,13.251
13575.13,25.18,13.251
13576.14,25.28,13.251
13577.14,25.15,13.251
13578.14,25.29,13.251
13579.14,30.01,13.251
13580.14,25.19,13.251
13581.14,25.22,13.251
13582.14,25.13,13.251
13583.15,25.31,13.251
13584.15,25.19,13.251
13585.15,25.18,13.251
13586.15,25.28,13.251
13587.15,25.19,13.251
13588.15,31.08,13.251
13589.16,25.18,13.251
13590.16,25.18,13.251
13591.16,25.29,13.251
13592.16,25.14,13.251
13593.16,25.25,13.2512
13594.16,25.12,13.2512
13595.17,25.23,13.2512
13596.17,25.13,13.2512
13597.17,29.69,13.2513
13598.17,25.3,13.2513
13599.17,25.2,13.2513
13600.17,25.29,13.2513
13601.18,25.2,13.2513
13602.18,25.31,13.2513
13603.18,25.21,13.2513
13604.18,25.19,13.2513
13605.18,25.29,13.2513
13606.18,28.83,13.2513
13607.19,25.25,13.2513
13608.19,25.12,13.2513
13609.19,25.12,13.2513
13610.19,25.25,13.2513
13611.19,25.19,13.2513
13612.19,25.19,13.2513
13613.2,25.25,13.2513
13614.2,25.15,13.2513
13615.2,25.3,13.2513
13616.2,28.87,13.2513
13617.2,25.3,13.2513
13618.2,25.19,13.2513
13619.21,25.18,13.2513
13620.21,25.28,13.2513
13621.21,25.17,13.2513
13622.21,25.3,13.2513
13623.21,25.2,13.2514
13624.21,25.19,13.2514
13625.22,25.29,13.2514
13626.22,28.86,13.2514
13627.22,25.28,13.2514
13628.22,25.16,13.2514
13629.22,25.26,13.2514
13630.22,25.18,13.2514
13631.23,25.19,13.2514
13632.23,25.29,13.2514
13633.23,25.19,13.2514
13634.23,25.28,13.2514
13635.23,25.19,13.2514
13636.23,28.85,13.2514
13637.23,25.3,13.2514
13638.24,25.19,13.2514
13639.24,25.29,13.2514
13640.24,25.18,13.2514
13641.24,25.18,13.2514
13642.24,25.3,13.2514
13643.24,25.21,13.2514
13644.25,25.19,13.2514
13645.25,25.28,13.2514
13646.25,30.33,13.2515
13647.25,25.24,13.2515
13648.25,25.13,13.2515
13649.25,25.22,13.2515
13650.26,25.12,13.2515
13651.26,25.12,13.2516
13652.26,25.23,13.2516
13653.26,25.13,13.2516
13654.26,25.22,13.2516
13655.26,30.94,13.2516
13656.27,25.29,13.2516
13657.27,25.2,13.2516
13658.27,25.19,13.2516
13659.27,25.3,13.2516
13660.27,25.19,13.2516
13661.27,25.28,13.2516
13662.28,25.2,13.2516
13663.28,25.2,13.2516
13664.28,25.27,13.2516
13665.28,29.45,13.2519
13666.28,25.28,13.2519
13667.28,25.19,13.2519
13668.29,25.19,13.2519
13669.29,25.29,13.2519
13670.29,25.19,13.2519
13671.29,25.29,13.2519
13672.29,25.2,13.2519
13673.29,25.2,13.252
13674.29,28.95,13.252
13675.3,25.19,13.252
13676.3,25.17,13.252
13677.3,25.3,13.252
13678.3,25.19,13.252
13679.3,25.23,13.252
13680.3,25.13,13.252
13681.31,25.24,13.252
13682.31,25.16,13.252
13683.31,25.15,13.252
13684.31,28.86,13.2521
13685.31,25.16,13.2521
13686.31,25.22,13.2521
13687.32,25.19,13.2521
13688.32,25.18,13.2521
13689.32,25.24,13.2521
13690.32,25.12,13.2521
13691.32,25.22,13.2521
13692.32,25.14,13.2521
13693.33,25.26,13.2521
13694.33,25.12,13.2521
13695.33,28.71,13.2522
13696.33,25.29,13.2522
13697.33,25.2,13.2524
13698.33,25.29,13.2524
13699.34,25.19,13.2524
13700.34,25.29,13.2524
13701.34,25.18,13.2524
13702.34,25.2,13.2524
13703.34,25.37,13.2525
13704.34,25.18,13.2525
13705.35,28.86,13.2525
13706.35,25.18,13.2525
13707.35,25.19,13.2525
13708.35,25.29,13.2525
13709.35,25.18,13.2525
13710.35,25.31,13.2525
13711.36,25.18,13.2525
13712.36,25.19,13.2525
13713.36,25.34,13.2525
13714.36,25.18,13.2525
13715.36,30.61,13.2525
13716.36,25.28,13.2525
13717.36,25.19,13.2525
13718.37,25.3,13.2525
13719.37,25.19,13.2525
13720.37,25.17,13.2525
13721.37,25.28,13.2525
13722.37,25.19,13.2525
13723.37,25.31,13.2525
13724.38,25.19,13.2525
13725.38,30.96,13.2525
13726.38,25.28,13.2525
13727.38,25.2,13.2525
13728.38,25.31,13.2525
13729.38,25.19,13.2525
13730.39,25.19,13.2525
13731.39,25.29,13.2525
13732.39,25.2,13.2525
13733.39,25.3,13.2526
13734.39,25.19,13.2526
13735.39,29.16,13.2527
13736.4,25.29,13.2527
13737.4,25.22,13.2527
13738.4,25.29,13.2527
13739.4,25.18,13.2527
13740.4,25.18,13.2527
13741.4,25.29,13.2527
13742.4,25.19,13.2527
13743.41,27.98,13.2529
13744.41,25.18,13.2529
13745.41,28.85,13.2529
13746.41,25.29,13.2529
13747.41,25.19,13.2529
13748.41,25.28,13.2529
13749.42,25.19,13.2529
13750.42,25.18,13.2529
13751.42,25.29,13.2529
13752.42,25.13,13.2529
13753.42,25.24,13.2529
13754.42,25.12,13.2529
13755.43,25.22,13.2529
13756.43,28.8,13.253
13757.43,25.18,13.253
13758.43,25.27,13.253
13759.43,25.18,13.253
13760.43,25.29,13.253
13761.44,25.19,13.253
13762.44,25.19,13.253
13763.44,25.3,13.2531
13764.44,25.2,13.2531
13765.44,25.29,13.2531
13766.44,25.19,13.2531
13767.45,28.79,13.2531
13768.45,25.28,13.2531
13769.45,25.19,13.2531
13770.45,25.29,13.2531
13771.45,25.23,13.2531
13772.45,25.26,13.2531
13773.46,25.21,13.2531
13774.46,25.19,13.2531
13775.46,25.31,13.2531
13776.46,25.19,13.2531
13777.46,25.19,13.2531
13778.46,29.93,13.2531
13779.46,25.19,13.2531
13780.47,25.28,13.2531
13781.47,25.18,13.2531
13782.47,25.19,13.2531
13783.47,25.28,13.2531
13784.47,25.18,13.2531
13785.47,25.28,13.2531
13786.48,25.18,13.2531
13787.48,25.29,13.2531
13788.48,31.03,13.2531
13789.48,25.18,13.2531
13790.48,25.28,13.2531
13791.48,25.19,13.2531
13792.49,25.3,13.2531
13793.49,25.2,13.2532
13794.49,25.18,13.2532
13795.49,25.28,13.2532
13796.49,25.19,13.2532
13797.49,25.3,13.2532
13798.5,29.96,13.2533
13799.5,25.17,13.2533
13800.5,25.27,13.2533
13801.5,25.18,13.2533
13802.5,25.29,13.2533
13803.5,25.2,13.2533
13804.51,25.22,13.2533
13805.51,25.15,13.2533
13806.51,25.18,13.2533
13807.51,25.29,13.2533
13808.51,25.19,13.2533
13809.51,28.81,13.2533
13810.52,25.2,13.2533
13811.52,25.2,13.2533
13812.52,25.3,13.2533
13813.52,25.21,13.2533
13814.52,25.29,13.2533
13815.52,25.2,13.2533
13816.53,25.3,13.2533
13817.53,25.2,13.2533
13818.53,25.2,13.2533
13819.53,25.29,13.2533
13820.53,28.82,13.2535
13821.53,25.29,13.2535
13822.54,25.19,13.2535
13823.54,25.21,13.2536
13824.54,25.3,13.2536
13825.54,25.18,13.2536
13826.54,25.19,13.2536
13827.54,25.29,13.2536
13828.54,25.18,13.2536
13829.55,25.29,13.2536
13830.55,25.18,13.2536
13831.55,28.73,13.2536
13832.55,25.32,13.2536
13833.55,25.22,13.2536
13834.55,25.2,13.2536
13835.55,25.2,13.2536
13836.55,25.29,13.2536
13837.56,25.17,13.2536
13838.56,25.17,13.2536
13839.56,25.31,13.2536
13840.56,25.17,13.2536
13841.56,28.8,13.2536
13842.56,25.23,13.2536
13843.56,25.21,13.2536
13844.57,25.28,13.2536
13845.57,25.18,13.2536
13846.57,25.19,13.2536
13847.57,25.3,13.2536
13848.57,25.19,13.2536
13849.57,25.29,13.2537
13850.58,25.18,13.2537
13851.58,25.15,13.2537
13852.58,31.43,13.2538
13853.58,25.19,13.2538
13854.58,25.28,13.2538
13855.58,25.18,13.2538
13856.59,25.19,13.2538
13857.59,25.29,13.2538
13858.59,25.19,13.2538
13859.59,25.29,13.2538
13860.59,25.18,13.2538
13861.59,25.28,13.2538
13862.6,30.5,13.2538
13863.6,25.2,13.2538
13864.6,25.28,13.2538
13865.6,25.18,13.2538
13866.6,25.18,13.2538
13867.6,25.28,13.2538
13868.6,25.19,13.2538
13869.61,25.29,13.2538
13870.61,25.19,13.2538
13871.61,25.3,13.2538
13872.61,25.21,13.2539
13873.61,28.98,13.2539
13874.61,25.29,13.2539
13875.62,25.18,13.2539
13876.62,25.29,13.2539
13877.62,25.19,13.2539
13878.62,25.16,13.2539
13879.62,25.27,13.2539
13880.63,25.12,13.2539
13881.63,25.22,13.2539
13882.63,25.15,13.2539
13883.63,25.23,13.2539
13884.63,28.81,13.2539
13885.63,25.15,13.2539
13886.63,25.24,13.2539
13887.64,25.15,13.2539
13888.64,25.25,13.2539
13889.64,25.2,13.254
13890.64,25.18,13.254
13891.64,25.25,13.254
13892.64,25.2,13.2541
13893.65,25.13,13.2541
13894.65,25.22,13.2541
13895.65,28.82,13.2541
13896.65,25.29,13.2541
13897.65,25.19,13.2541
13898.65,25.28,13.2541
13899.66,25.19,13.2541
13900.66,25.18,13.2541
13901.66,25.28,13.2541
13902.66,25.21,13.2543
13903.66,25.28,13.2543
13904.66,25.18,13.2543
13905.67,25.28,13.2543
13906.67,28.8,13.2543
13907.67,25.19,13.2543
13908.67,25.29,13.2543
13909.67,25.18,13.2543
13910.67,25.28,13.2543
13911.68,25.18,13.2543
13912.68,25.21,13.2543
13913.68,25.27,13.2543
13914.68,25.12,13.2543
13915.68,25.21,13.2543
13916.68,25.14,13.2543
13917.69,30.79,13.2543
13918.69,25.19,13.2543
13919.69,25.18,13.2543
13920.69,25.28,13.2543
13921.69,25.19,13.2543
13922.69,25.31,13.2543
13923.7,25.19,13.2543
13924.7,25.18,13.2543
13925.7,25.28,13.2543
13926.7,25.18,13.2543
13927.7,31.21,13.2543
13928.7,25.18,13.2543
13929.71,25.3,13.2543
13930.71,25.18,13.2543
13931.71,25.18,13.2543
13932.71,25.3,13.2544
13933.71,25.18,13.2544
13934.71,25.28,13.2544
13935.72,25.18,13.2544
13936.72,25.28,13.2544
13937.72,29.1,13.2545
13938.72,25.19,13.2545
13939.72,25.28,13.2545
13940.72,25.2,13.2545
13941.73,25.19,13.2545
13942.73,25.31,13.2545
13943.73,25.18,13.2545
13944.73,25.28,13.2545
13945.73,25.19,13.2545
13946.73,25.28,13.2545
13947.74,25.19,13.2545
13948.74,28.7,13.2546
13949.74,25.28,13.2546
13950.74,25.18,13.2546
13951.74,25.28,13.2546
13952.74,25.16,13.2546
13953.75,25.23,13.2546
13954.75,25.15,13.2546
13955.75,25.21,13.2546
13956.75,25.29,13.2546
13957.75,25.19,13.2546
13958.75,25.18,13.2546
13959.76,25.29,13.2546
13960.76,28.81,13.2546
13961.76,25.29,13.2546
13962.76,25.21,13.2548
13963.76,25.18,13.2548
13964.76,25.3,13.2548
13965.76,25.18,13.2548
13966.77,25.26,13.2548
13967.77,25.16,13.2548
13968.77,25.16,13.2548
13969.77,25.28,13.2548
13970.77,28.83,13.2548
13971.77,25.29,13.2548
13972.78,25.23,13.2548
13973.78,25.19,13.2548
13974.78,25.29,13.2548
13975.78,25.2,13.2548
13976.78,25.3,13.2548
13977.78,25.2,13.2548
13978.79,25.3,13.2548
13979.79,25.19,13.2548
13980.79,25.19,13.2548
13981.79,29.95,13.2548
13982.79,25.21,13.2548
13983.79,25.28,13.2548
13984.8,25.18,13.2548
13985.8,25.18,13.2548
13986.8,25.29,13.2548
13987.8,25.2,13.2548
13988.8,25.29,13.2548
13989.8,25.2,13.2548
13990.81,25.28,13.2548
13991.81,25.2,13.2548
13992.81,31.61,13.2549
13993.81,25.28,13.2549
13994.81,25.18,13.2549
13995.81,25.18,13.2549
13996.82,25.29,13.2549
13997.82,25.19,13.2549
13998.82,25.25,13.2549
13999.82,25.16,13.2549
14000.82,25.18,13.2549
14001.82,25.29,13.2549
14002.82,29.39,13.255
14003.83,25.3,13.255
14004.83,25.19,13.255
14005.83,25.19,13.255
14006.83,25.32,13.255
14007.83,25.2,13.255
14008.83,25.28,13.255
14009.84,25.18,13.255
14010.84,25.19,13.255
14011.84,25.29,13.255
14012.84,28.83,13.2552
14013.84,25.29,13.2552
14014.84,25.18,13.2552
14015.85,25.18,13.2552
14016.85,25.28,13.2552
14017.85,25.21,13.2552
14018.85,25.3,13.2552
14019.85,25.2,13.2552
14020.85,25.17,13.2552
14021.86,25.23,13.2552
14022.86,25.17,13.2552
14023.86,28.95,13.2552
14024.86,25.17,13.2552
14025.86,25.13,13.2552
14026.86,25.23,13.2552
14027.86,25.09,13.2552
14028.87,25.13,13.2552
14029.87,25.28,13.2552
14030.87,25.12,13.2552
14031.87,25.18,13.2552
14032.87,25.33,13.2552
14033.87,25.19,13.2552
14034.87,28.74,13.2552
14035.87,25.27,13.2552
14036.88,25.13,13.2552
14037.88,25.15,13.2552
14038.88,25.26,13.2552
14039.88,25.14,13.2552
14040.88,25.18,13.2552
14041.88,25.29,13.2552
14042.88,25.21,13.2554
14043.89,25.27,13.2554
14044.89,25.18,13.2554
14045.89,25.19,13.2554
14046.89,29.55,13.2554
14047.89,25.19,13.2554
14048.89,25.19,13.2554
14049.9,25.3,13.2554
14050.9,25.19,13.2554
14051.9,25.29,13.2554
14052.9,25.21,13.2554
14053.9,25.29,13.2554
14054.9,25.22,13.2554
14055.9,25.18,13.2554
14056.91,31.04,13.2554
14057.91,25.28,13.2554
14058.91,25.18,13.2554
14059.91,25.3,13.2554
14060.91,25.19,13.2554
14061.91,25.19,13.2554
14062.92,25.31,13.2555
14063.92,25.19,13.2555
14064.92,25.29,13.2555
14065.92,25.19,13.2555
14066.92,25.19,13.2555
14067.92,30.51,13.2555
14068.93,25.19,13.2555
14069.93,25.29,13.2555
14070.93,25.12,13.2555
14071.93,25.23,13.2555
14072.93,25.16,13.2556
14073.93,25.19,13.2556
14074.93,25.3,13.2556
14075.94,25.18,13.2556
14076.94,25.18,13.2556
14077.94,25.29,13.2556
14078.94,28.65,13.2557
14079.94,25.25,13.2557
14080.94,25.12,13.2557
14081.95,25.15,13.2557
14082.95,25.33,13.2557
14083.95,25.18,13.2557
14084.95,25.18,13.2557
14085.95,25.3,13.2557
14086.95,25.19,13.2557
14087.95,25.19,13.2557
14088.95,25.29,13.2557
14089.95,28.79,13.2557
14090.96,25.18,13.2557
14091.96,25.3,13.2557
14092.96,25.21,13.2557
14093.96,25.2,13.2557
14094.96,25.31,13.2557
14095.96,25.19,13.2557
14096.97,25.19,13.2557
14097.97,25.3,13.2557
14098.97,25.19,13.2557
14099.97,25.29,13.2557
14100.97,28.86,13.2557
14101.97,25.19,13.2557
14102.98,25.31,13.2558
14103.98,25.19,13.2558
14104.98,25.29,13.2558
14105.98,25.19,13.2558
14106.98,25.3,13.2558
14107.98,25.19,13.2558
14108.99,25.18,13.2558
14109.99,25.28,13.2558
14110.99,25.17,13.2558
14111.99,28.98,13.256
14112.99,25.21,13.256
14113.99,25.19,13.256
14115.0,25.29,13.256
14116.0,25.19,13.256
14117.0,25.29,13.256
14118.0,25.2,13.256
14119.0,25.18,13.256
14120.0,25.28,13.256
14121.01,25.18,13.256
14122.01,25.29,13.256
14123.01,31.29,13.2561
14124.01,25.3,13.2562
14125.01,25.18,13.2562
14126.01,25.18,13.2562
14127.02,25.29,13.2562
14128.02,25.19,13.2562
14129.02,25.28,13.2562
14130.02,25.19,13.2562
14131.02,25.19,13.2562
14132.02,25.29,13.2562
14133.03,30.6,13.2562
14134.03,25.28,13.2562
14135.03,25.18,13.2562
14136.03,25.29,13.2562
14137.03,25.2,13.2562
14138.03,25.21,13.2562
14139.04,25.3,13.2562
14140.04,25.2,13.2562
14141.04,25.28,13.2562
14142.04,25.18,13.2562
14143.04,25.19,13.2562
14144.04,28.86,13.2562
14145.05,25.18,13.2562
14146.05,25.31,13.2562
14147.05,25.14,13.2562
14148.05,25.15,13.2562
14149.05,25.24,13.2562
14150.05,25.14,13.2562
14151.05,25.24,13.2562
14152.06,25.16,13.2562
14153.06,25.33,13.2563
14154.06,25.19,13.2563
14155.06,28.87,13.2563
14156.06,25.28,13.2563
14157.06,25.14,13.2563
14158.07,25.25,13.2563
14159.07,25.14,13.2563
14160.07,25.17,13.2563
14161.07,25.3,13.2563
14162.07,25.2,13.2563
14163.07,25.31,13.2563
14164.08,25.2,13.2563
14165.08,25.29,13.2563
14166.08,28.87,13.2563
14167.08,25.13,13.2563
14168.08,25.21,13.2563
14169.08,25.15,13.2563
14170.09,25.26,13.2563
14171.09,25.14,13.2563
14172.09,25.18,13.2563
14173.09,25.32,13.2563
14174.09,25.21,13.2563
14175.09,25.31,13.2563
14176.1,25.2,13.2563
14177.1,28.88,13.2564
14178.1,25.3,13.2564
14179.1,25.19,13.2564
14180.1,25.28,13.2564
14181.1,25.18,13.2564
14182.11,25.29,13.2564
14183.11,25.22,13.2566
14184.11,25.19,13.2566
14185.11,25.29,13.2566
14186.11,25.17,13.2567
14187.11,30.85,13.2567
14188.12,25.2,13.2567
14189.12,25.2,13.2567
14190.12,25.3,13.2567
14191.12,25.19,13.2567
14192.12,25.23,13.2567
14193.12,25.16,13.2567
14194.13,25.26,13.2567
14195.13,25.19,13.2567
14196.13,25.2,13.2567
14197.13,25.3,13.2567
14198.13,31.13,13.2569
14199.13,25.31,13.2569
14200.14,25.13,13.2569
14201.14,25.24,13.2569
14202.14,25.14,13.2569
14203.14,25.18,13.2569
14204.14,25.31,13.2569
14205.14,25.21,13.2569
14206.15,25.21,13.2569
14207.15,25.3,13.2569
14208.15,29.09,13.2569
14209.15,25.23,13.2569
14210.15,25.2,13.2569
14211.15,25.21,13.2569
14212.16,25.3,13.2569
14213.16,25.22,13.257
14214.16,25.31,13.257
14215.16,25.18,13.257
14216.16,25.19,13.257
14217.16,25.29,13.257
14218.16,25.2,13.257
14219.17,28.91,13.257
14220.17,25.18,13.257
14221.17,25.2,13.257
14222.17,25.32,13.257
14223.17,25.22,13.257
14224.17,25.3,13.257
14225.18,25.2,13.257
14226.18,25.3,13.257
14227.18,25.22,13.257
14228.18,25.22,13.257
14229.18,25.32,13.257
14230.18,25.2,13.257
14231.19,28.8,13.257
14232.19,25.31,13.257
14233.19,25.22,13.257
14234.19,25.31,13.257
14235.19,25.2,13.257
14236.19,25.17,13.257
14237.2,25.31,13.257
14238.2,25.2,13.257
14239.2,25.29,13.257
14240.2,25.18,13.257
14241.2,25.31,13.257
14242.2,28.75,13.2572
14243.21,25.23,13.2573
14244.21,25.3,13.2573
14245.21,25.2,13.2573
14246.21,25.3,13.2573
14247.21,25.2,13.2573
14248.21,25.2,13.2573
14249.22,25.29,13.2573
14250.22,25.2,13.2573
14251.22,25.3,13.2573
14252.22,25.22,13.2573
14253.22,30.49,13.2573
14254.22,25.2,13.2573
14255.23,25.19,13.2573
14256.23,25.31,13.2573
14257.23,25.2,13.2573
14258.23,25.31,13.2573
14259.23,25.21,13.2573
14260.23,25.2,13.2573
14261.24,25.29,13.2573
14262.24,25.18,13.2573
14263.24,31.06,13.2573
14264.24,25.17,13.2573
14265.24,25.28,13.2573
14266.24,25.2,13.2573
14267.25,25.21,13.2573
14268.25,25.28,13.2573
14269.25,25.2,13.2573
14270.25,25.3,13.2573
14271.25,25.2,13.2573
14272.25,25.31,13.2573
14273.26,25.22,13.2574
14274.26,29.48,13.2574
14275.26,25.32,13.2574
14276.26,25.19,13.2574
14277.26,25.2,13.2574
14278.26,25.3,13.2574
14279.26,25.19,13.2574
14280.27,25.29,13.2574
14281.27,25.2,13.2574
14282.27,25.31,13.2574
14283.27,25.23,13.2574
14284.27,28.79,13.2574
14285.27,25.29,13.2574
14286.28,25.19,13.2574
14287.28,25.31,13.2574
14288.28,25.21,13.2574
14289.28,25.2,13.2574
14290.28,25.3,13.2574
14291.28,25.2,13.2574
14292.29,25.31,13.2574
14293.29,25.22,13.2575
14294.29,25.3,13.2575
14295.29,28.85,13.2577
14296.29,25.18,13.2577
14297.3,25.3,13.2577
14298.3,25.18,13.2577
14299.3,25.28,13.2577
14300.3,25.18,13.2577
14301.3,25.29,13.2577
14302.3,25.2,13.2577
14303.31,25.2,13.2577
14304.31,25.28,13.2577
14305.31,25.18,13.2577
14306.31,28.93,13.2577
14307.31,25.19,13.2577
14308.31,25.17,13.2577
14309.32,25.28,13.2577
14310.32,25.18,13.2577
14311.32,25.28,13.2577
14312.32,25.19,13.2577
14313.32,25.29,13.2577
14314.32,25.18,13.2577
14315.33,25.18,13.2577
14316.33,25.28,13.2577
14317.33,29.44,13.2578
14318.33,25.3,13.2578
14319.33,25.19,13.2578
14320.33,25.19,13.2578
14321.34,25.27,13.2578
14322.34,25.14,13.2578
14323.34,25.26,13.2578
14324.34,25.15,13.2578
14325.34,25.28,13.2578
14326.34,25.18,13.2578
14327.35,31.26,13.2579
14328.35,25.27,13.2579
14329.35,25.15,13.2579
14330.35,25.25,13.2579
14331.35,25.15,13.2579
14332.35,25.17,13.2579
14333.36,25.25,13.2579
14334.36,25.12,13.2579
14335.36,25.23,13.2579
14336.36,25.13,13.2579
14337.36,25.24,13.2579
14338.36,29.91,13.2579
14339.37,25.18,13.2579
14340.37,25.25,13.2579
14341.37,25.14,13.2579
14342.37,25.2,13.2579
14343.37,25.32,13.258
14344.37,25.2,13.258
14345.37,25.3,13.258
14346.38,25.2,13.258
14347.38,25.21,13.258
14348.38,25.3,13.258
14349.38,28.89,13.258
14350.38,25.3,13.258
14351.38,25.19,13.258
14352.39,25.3,13.258
14353.39,25.21,13.258
14354.39,25.2,13.258
14355.39,25.3,13.258
14356.39,25.19,13.258
14357.39,25.3,13.258
14358.4,25.2,13.258
14359.4,25.3,13.258
14360.4,28.74,13.258
14361.4,25.19,13.258
14362.4,25.3,13.258
14363.4,25.19,13.258
14364.41,25.3,13.258
14365.41,25.17,13.258
14366.41,25.17,13.258
14367.41,25.24,13.258
14368.41,25.11,13.258
14369.41,25.13,13.258
14370.41,25.25,13.258
14371.42,28.86,13.258
14372.42,25.21,13.258
14373.42,25.31,13.2581
14374.42,25.2,13.2581
14375.42,25.3,13.2581
14376.42,25.19,13.2581
14377.43,25.2,13.2581
14378.43,25.29,13.2581
14379.43,25.21,13.2581
14380.43,25.3,13.2581
14381.43,25.2,13.2581
14382.43,29.2,13.2583
14383.44,25.26,13.2583
14384.44,25.17,13.2583
14385.44,25.3,13.2583
14386.44,25.21,13.2583
14387.44,25.3,13.2583
14388.44,25.2,13.2583
14389.44,25.22,13.2583
14390.45,25.28,13.2583
14391.45,25.18,13.2583
14392.45,25.2,13.2583
14393.45,31.44,13.2584
14394.45,25.2,13.2584
14395.45,25.32,13.2584
14396.46,25.2,13.2584
14397.46,25.21,13.2584
14398.46,25.3,13.2584
14399.46,25.21,13.2584
14400.46,25.31,13.2584
14401.46,25.21,13.2584
14402.47,25.32,13.2584
14403.47,25.87,13.2585
14404.47,30.28,13.2585
14405.47,25.3,13.2585
14406.47,25.2,13.2585
14407.47,25.29,13.2585
14408.48,25.2,13.2585
14409.48,25.22,13.2585
14410.48,25.31,13.2585
14411.48,25.21,13.2585
14412.48,38.22,9.4312
14413.48,86.27,2.6052
14414.49,80.23,2.9356
14415.49,93.77,3.172
14416.49,86.23,3.5312
14417.49,80.17,3.8893
14418.49,78.36,4.196
14419.49,78.12,4.5249
14420.49,77.41,4.8533
14421.5,77.19,5.1932
14422.5,75.51,5.54
14423.5,76.24,5.8464
14424.5,75.93,6.1542
14425.5,76.03,6.4902
14426.5,76.94,6.8368
14427.5,77.73,7.0538
14428.51,79.65,7.4625
14429.51,76.57,7.5137
14430.51,68.77,7.5141
14431.51,57.42,7.6144
14432.51,48.68,7.6144
14433.51,46.75,7.6144
14434.52,27.84,7.6144
14435.52,35.31,7.6144
14436.52,32.9,7.6144
14437.52,31.96,7.6144
14438.52,31.06,7.6144
14439.52,31.84,7.6144
14440.52,27.2,7.6144
14441.53,38.7,7.6144
14442.53,26.25,7.6144
14443.53,28.76,7.6144
14444.53,34.61,7.6144
14445.53,45.14,7.9721
14446.53,36.7,7.9721
14447.54,42.52,7.9721
14448.54,45.45,7.9721
14449.54,26.73,7.9721
14450.54,32.78,7.9721
14451.54,55.67,7.9721
14452.54,34.34,7.9731
14453.54,35.5,7.9732
14454.55,25.35,7.9732
14455.55,25.3,7.9732
14456.55,25.89,7.9731
14457.55,25.35,7.9732
14458.55,27.49,7.9732
14459.55,73.86,7.9734
14460.56,67.37,7.9751
14461.56,76.69,7.976
14462.56,51.54,2.3094
14463.56,73.61,2.5055
14464.56,77.25,2.8045
14465.56,79.74,3.0707
14466.56,91.71,3.275
14467.57,84.86,3.5645
14468.57,78.59,3.8459
14469.57,76.57,4.1151
14470.57,78.0,4.358
14471.57,76.0,4.5193
14472.57,75.44,4.6686
14473.58,76.39,4.7915
14474.58,71.25,4.8815
14475.58,69.45,5.0076
14476.58,73.93,5.1166
14477.58,56.09,5.2078
14478.58,60.78,5.333
14479.58,48.52,5.7807
14480.58,25.96,6.5271
14481.59,25.25,7.2088
14482.59,97.85,8.3303
14483.59,99.96,9.0221
14484.59,50.63,9.2649
14485.59,25.2,9.2649
14486.59,26.47,9.2649
14487.6,62.01,9.2649
14488.6,70.61,9.2649
14489.6,42.18,9.265
14490.6,39.01,9.3256
14491.6,33.67,9.3653
14492.6,33.73,9.3653
14493.61,62.65,9.3653
14494.61,33.83,9.3654
14495.61,30.71,9.3656
14496.61,28.55,9.3656
14497.61,33.55,9.3656
14498.61,28.98,9.3656
14499.62,27.62,9.3657
14500.62,42.06,9.3657
14501.62,27.12,9.3658
14502.62,33.09,9.3659
14503.62,35.27,9.3659
14504.62,37.47,9.3659
14505.63,38.83,9.3659
14506.63,27.74,9.3659
14507.63,27.05,9.3661
14508.63,36.93,9.3661
14509.63,32.51,9.3661
14510.63,25.6,9.3661
14511.64,25.27,9.3661
14512.64,25.2,9.3662
14513.64,25.23,9.3662
14514.64,26.12,9.3662
14515.64,34.64,9.4828
14516.64,100.1,10.3878
14517.64,99.92,11.0343
14518.65,99.89,11.7344
14519.65,69.47,12.1427
14520.65,26.55,12.1427
14521.65,25.33,12.1863
14522.65,25.37,12.2428
14523.65,27.15,12.2428
14524.65,25.22,12.2428
14525.66,26.29,12.2428
14526.66,31.37,12.2428
14527.66,25.23,12.2428
14528.66,26.69,12.2428
14529.66,25.22,12.2428
14530.66,30.61,12.2428
14531.67,25.47,12.2428
14532.67,25.33,12.2429
14533.67,25.22,12.2429
14534.67,26.06,12.2429
14535.67,25.21,12.2429
14536.67,26.19,12.2429
14537.68,25.22,12.2429
14538.68,25.35,12.2429
14539.68,29.57,12.2429
14540.68,26.17,12.2429
14541.68,25.32,12.2429
14542.69,25.24,12.2429
14543.69,25.31,12.2429
14544.69,25.2,12.2429
14545.69,26.86,12.2429
14546.69,25.95,12.2429
14547.69,27.74,12.2429
14548.7,25.3,12.2429
14549.7,30.25,12.2429
14550.7,25.31,12.2429
14551.7,33.36,12.2429
14552.7,25.28,12.2429
14553.7,25.28,12.2429
14554.7,25.18,12.2429
14555.71,25.28,12.2429
14556.71,25.16,12.2429
14557.71,25.33,12.2429
14558.71,25.42,12.2429
14559.71,25.32,12.2429
14560.71,30.34,12.243
14561.72,29.59,12.243
14562.72,25.31,12.243
14563.72,25.66,12.243
14564.72,25.2,12.243
14565.72,30.28,12.243
14566.72,44.45,12.243
14567.73,30.14,12.2432
14568.73,27.86,12.2432
14569.73,25.34,12.2432
14570.73,25.31,12.2432
14571.73,25.18,12.2432
14572.73,25.19,12.2432
14573.74,25.3,12.2432
14574.74,25.5,12.2432
14575.74,26.13,12.2432
14576.74,25.3,12.2432
14577.74,25.37,12.2432
14578.74,25.35,12.2432
14579.74,25.14,12.2432
14580.75,25.22,12.2432
14581.75,30.88,12.2432
14582.75,25.53,12.2432
14583.75,25.32,12.2432
14584.75,25.6,12.2432
14585.75,25.39,12.2432
14586.76,26.06,12.2432
14587.76,25.22,12.2432
14588.76,25.32,12.2432
14589.76,25.22,12.2432
14590.76,25.31,12.2432
14591.76,25.21,12.2432
14592.77,25.23,12.2433
14593.77,25.62,12.2433
14594.77,26.21,12.2433
14595.77,25.29,12.2433
14596.77,25.19,12.2433
14597.77,26.05,12.2433
14598.78,25.31,12.2433
14599.78,25.2,12.2433
14600.78,25.33,12.2433
14601.78,25.2,12.2434
14602.78,25.76,12.2434
14603.78,26.0,12.2434
14604.78,25.21,12.2434
14605.79,25.74,12.2434
14606.79,25.34,12.2434
14607.79,25.19,12.2434
14608.79,25.21,12.2434
14609.79,25.28,12.2434
14610.79,25.18,12.2434
14611.79,25.28,12.2434
14612.8,25.21,12.2434
14613.8,25.21,12.2434
14614.8,25.31,12.2434
14615.8,25.21,12.2434
14616.8,25.31,12.2434
14617.8,25.23,12.2434
14618.81,25.45,12.2434
14619.81,25.23,12.2434
14620.81,25.22,12.2434
14621.81,25.32,12.2434
14622.81,25.24,12.2434
14623.81,25.33,12.2434
14624.82,25.24,12.2434
14625.82,25.2,12.2434
14626.82,25.3,12.2434
14627.82,25.45,12.2434
14628.82,26.33,12.2434
14629.82,25.34,12.2434
14630.83,26.03,12.2435
14631.83,25.2,12.2435
14632.83,33.24,12.2435
14633.83,31.94,12.2435
14634.83,25.22,12.2435
14635.83,25.21,12.2435
14636.84,25.28,12.2435
14637.84,25.15,12.2435
14638.84,25.26,12.2435
14639.84,25.72,12.2435
14640.84,25.28,12.2435
14641.84,26.07,12.2435
14642.85,25.2,12.2435
14643.85,25.3,12.2435
14644.85,25.21,12.2435
14645.85,25.31,12.2435
14646.85,25.2,12.2435
14647.85,25.29,12.2435
14648.86,25.26,12.2435
14649.86,25.15,12.2435
14650.86,86.68,12.2906
14651.86,99.88,12.3578
14652.86,31.29,12.3578
14653.86,25.73,12.3578
14654.87,25.21,12.3578
14655.87,25.3,12.3578
14656.87,25.2,12.3578
14657.87,25.23,12.3578
14658.87,25.33,12.3578
14659.87,25.2,12.3578
14660.87,25.36,12.3578
14661.88,25.3,12.3578
14662.88,25.23,12.3578
14663.88,25.3,12.3578
14664.88,25.22,12.3578
14665.88,25.3,12.3578
14666.88,25.2,12.3578
14667.89,25.22,12.3578
14668.89,25.33,12.3578
14669.89,25.37,12.3578
14670.89,25.21,12.3578
14671.89,25.3,12.3578
14672.89,25.25,12.3579
14673.89,25.28,12.3579
14674.89,25.26,12.3579
14675.9,25.14,12.3579
14676.9,25.31,12.3579
14677.9,25.37,12.3579
14678.9,25.19,12.3579
14679.9,25.33,12.3579
14680.9,25.19,12.3579
14681.91,25.2,12.3579
14682.91,25.32,12.3579
14683.91,25.19,12.3579
14684.91,25.37,12.3579
14685.91,58.78,12.3579
14686.91,73.39,12.3584
14687.91,73.49,12.3653
14688.92,41.15,12.3668
14689.92,25.87,12.3668
14690.92,27.43,12.3668
14691.92,25.5,12.3668
14692.92,53.06,12.3713
14693.92,99.92,12.3896
14694.92,52.27,12.3926
14695.93,30.83,12.3926
14696.93,54.59,12.3926
14697.93,35.63,12.3926
14698.93,25.58,12.3926
14699.93,25.18,12.3926
14700.93,29.3,12.3926
14701.94,25.13,12.3926
14702.94,45.07,12.3926
14703.94,100.13,12.3932
14704.94,51.27,12.3932
14705.94,25.27,12.3932
14706.94,25.29,12.3932
14707.94,25.2,12.3932
14708.95,25.28,12.3932
14709.95,25.18,12.3932
14710.95,25.2,12.3932
14711.95,25.32,12.3932
14712.95,82.36,12.3998
14713.95,76.32,12.4
14714.95,25.25,12.4
14715.96,25.13,12.4
14716.96,43.89,12.5812
14717.96,100.17,13.0972
14718.96,51.98,13.0972
14719.96,25.18,13.0972
14720.96,25.29,13.0972
14721.96,42.16,13.2374
14722.97,25.32,13.2375
14723.97,25.19,13.2375
14724.97,28.92,13.2379
14725.97,25.25,13.2379
14726.97,25.13,13.2379
14727.97,25.17,13.2379
14728.97,28.91,13.2379
14729.98,25.2,13.2379
14730.98,25.2,13.2379
14731.98,29.2,13.2379
14732.98,25.22,13.2379
14733.98,25.2,13.2379
14734.98,25.29,13.2379
14735.98,29.89,13.2379
14736.99,25.13,13.2379
14737.99,25.24,13.2379
14738.99,25.13,13.2379
14739.99,30.05,13.238
14740.99,25.12,13.238
14741.99,25.12,13.238
14743.0,25.25,13.238
14744.0,29.88,13.2381
14745.0,25.22,13.2381
14746.0,25.12,13.2381
14747.0,28.1,13.2381
14748.0,26.44,13.2381
14749.01,25.13,13.2381
14750.01,25.21,13.2381
14751.01,25.17,13.2381
14752.01,29.52,13.2382
14753.01,25.15,13.2383
14754.01,25.12,13.2383
14755.02,29.16,13.2385
14756.02,25.19,13.2385
14757.02,25.3,13.2385
14758.02,25.17,13.2385
14759.02,28.82,13.2386
14760.02,25.23,13.2386
14761.03,25.13,13.2386
14762.03,25.23,13.2386
14763.03,28.89,13.2386
14764.03,25.28,13.2386
14765.03,25.18,13.2386
14766.03,25.19,13.2386
14767.04,29.05,13.2387
14768.04,25.19,13.2387
14769.04,25.28,13.2387
14770.04,25.18,13.2387
14771.04,25.24,13.2387
14772.04,28.84,13.2387
14773.05,25.21,13.2388
14774.05,25.28,13.2388
14775.05,25.16,13.2388
14776.05,29.0,13.2388
14777.05,25.13,13.2388
14778.05,25.26,13.2388
14779.06,25.18,13.2388
14780.06,25.19,13.2388
14781.06,29.0,13.2388
14782.06,25.19,13.2388
14783.06,25.22,13.2388
14784.06,25.29,13.2388
14785.06,25.19,13.2388
14786.07,25.29,13.2388
14787.07,28.8,13.2388
14788.07,25.19,13.2388
14789.07,25.28,13.2388
14790.07,25.18,13.2388
14791.07,25.25,13.2388
14792.08,28.84,13.239
14793.08,25.31,13.239
14794.08,25.19,13.239
14795.08,25.19,13.239
14796.08,25.3,13.239
14797.08,25.19,13.239
14798.09,25.29,13.239
14799.09,30.09,13.2391
14800.09,25.29,13.2391
14801.09,25.18,13.2391
14802.09,25.19,13.2391
14803.09,25.32,13.2391
14804.1,25.19,13.2391
14805.1,30.62,13.2391
14806.1,25.19,13.2391
14807.1,25.18,13.2391
14808.1,25.28,13.2391
14809.11,25.13,13.2391
14810.11,25.23,13.2391
14811.11,25.13,13.2391
14812.11,30.38,13.2391
14813.11,25.23,13.2392
14814.11,25.19,13.2392
14815.11,25.29,13.2392
14816.12,25.19,13.2392
14817.12,25.29,13.2392
14818.12,25.2,13.2393
14819.12,29.03,13.2393
14820.12,25.29,13.2393
14821.12,25.18,13.2393
14822.13,25.26,13.2393
14823.13,25.19,13.2393
14824.13,25.17,13.2393
14825.13,25.28,13.2393
14826.13,28.9,13.2394
14827.13,25.29,13.2394
14828.14,25.2,13.2394
14829.14,25.3,13.2394
14830.14,25.2,13.2394
14831.14,25.2,13.2394
14832.14,25.29,13.2394
14833.14,28.84,13.2394
14834.15,25.29,13.2394
14835.15,25.19,13.2394
14836.15,25.2,13.2394
14837.15,25.29,13.2394
14838.15,25.2,13.2394
14839.15,25.29,13.2394
14840.16,25.17,13.2394
14841.16,28.96,13.2396
14842.16,25.19,13.2396
14843.16,25.22,13.2396
14844.16,25.29,13.2396
14845.16,25.19,13.2396
14846.17,25.29,13.2396
14847.17,25.2,13.2396
14848.17,25.19,13.2396
14849.17,25.29,13.2396
14850.17,28.91,13.2397
14851.17,25.28,13.2397
14852.18,25.2,13.2397
14853.18,25.31,13.2397
14854.18,25.19,13.2397
14855.18,25.19,13.2397
14856.18,25.29,13.2397
14857.18,25.2,13.2397
14858.19,25.29,13.2397
14859.19,29.91,13.2399
14860.19,25.19,13.2399
14861.19,25.29,13.2399
14862.19,25.2,13.2399
14863.19,25.33,13.24
14864.2,25.18,13.24
14865.2,25.18,13.24
14866.2,25.28,13.24
14867.2,30.8,13.24
14868.2,25.25,13.24
14869.2,25.12,13.24
14870.21,25.21,13.24
14871.21,25.12,13.24
14872.21,25.13,13.24
14873.21,25.31,13.24
14874.21,25.16,13.24
14875.21,25.18,13.24
14876.22,30.33,13.24
14877.22,25.15,13.24
14878.22,25.17,13.24
14879.22,25.28,13.24
14880.22,25.18,13.24
14881.22,25.27,13.24
14882.22,25.13,13.24
14883.23,25.29,13.24
14884.23,28.89,13.2402
14885.23,25.18,13.2402
14886.23,25.24,13.2402
14887.23,25.17,13.2402
14888.23,25.29,13.2402
14889.24,25.2,13.2402
14890.24,25.29,13.2402
14891.24,25.18,13.2402
14892.24,28.93,13.2403
14893.24,25.3,13.2404
14894.24,25.19,13.2404
14895.25,25.29,13.2404
14896.25,25.13,13.2404
14897.25,25.19,13.2404
14898.25,25.27,13.2404
14899.25,25.18,13.2404
14900.25,25.28,13.2404
14901.26,28.95,13.2404
14902.26,25.19,13.2404
14903.26,25.24,13.2404
14904.26,25.11,13.2404
14905.26,25.22,13.2404
14906.26,25.13,13.2404
14907.27,25.24,13.2405
14908.27,25.19,13.2405
14909.27,25.19,13.2405
14910.27,29.08,13.2407
14911.27,25.2,13.2407
14912.27,25.3,13.2407
14913.28,25.15,13.2407
14914.28,25.13,13.2407
14915.28,25.23,13.2407
14916.28,25.13,13.2407
14917.28,25.24,13.2407
14918.28,25.13,13.2407
14919.29,25.26,13.2407
14920.29,28.91,13.2407
14921.29,25.19,13.2407
14922.29,25.29,13.2407
14923.29,25.23,13.2409
14924.29,25.26,13.2409
14925.3,25.13,13.2409
14926.3,25.13,13.2409
14927.3,25.24,13.2409
14928.3,25.14,13.2409
14929.3,30.89,13.241
14930.3,25.18,13.241
14931.31,25.19,13.241
14932.31,25.3,13.241
14933.31,25.18,13.241
14934.31,25.23,13.241
14935.31,25.13,13.241
14936.31,25.23,13.241
14937.32,25.14,13.241
14938.32,30.92,13.241
14939.32,25.23,13.241
14940.32,25.13,13.241
14941.32,25.23,13.241
14942.32,25.14,13.241
14943.33,25.25,13.2411
14944.33,25.13,13.2411
14945.33,25.13,13.2411
14946.33,25.23,13.2411
14947.33,29.53,13.2412
14948.33,25.29,13.2412
14949.34,25.2,13.2412
14950.34,25.19,13.2412
14951.34,25.28,13.2412
14952.34,25.2,13.2412
14953.34,25.3,13.2412
14954.34,25.21,13.2412
14955.34,25.18,13.2412
14956.35,25.28,13.2412
14957.35,29.03,13.2412
14958.35,25.19,13.2412
14959.35,25.26,13.2412
14960.35,25.11,13.2412
14961.35,25.23,13.2412
14962.36,25.15,13.2412
14963.36,25.25,13.2412
14964.36,25.13,13.2412
14965.36,25.13,13.2412
14966.36,25.23,13.2412
14967.37,28.98,13.2413
14968.37,25.22,13.2413
14969.37,25.13,13.2413
14970.37,25.23,13.2413
14971.37,25.13,13.2413
14972.37,25.14,13.2413
14973.37,25.29,13.2415
14974.38,25.18,13.2415
14975.38,25.2,13.2415
14976.38,25.3,13.2415
14977.38,25.2,13.2415
14978.38,25.29,13.2415
14979.38,28.86,13.2417
14980.39,25.17,13.2417
14981.39,25.32,13.2417
14982.39,25.22,13.2417
14983.39,25.32,13.2417
14984.39,25.2,13.2417
14985.39,25.2,13.2417
14986.4,25.3,13.2417
14987.4,25.21,13.2417
14988.4,25.29,13.2417
14989.4,27.34,13.2417
14990.4,27.2,13.2417
14991.4,25.3,13.2417
14992.4,25.2,13.2417
14993.41,25.3,13.2417
14994.41,25.2,13.2417
14995.41,25.2,13.2417
14996.41,25.3,13.2417
14997.41,25.21,13.2418
14998.41,25.3,13.2418
14999.42,25.2,13.2418
15000.42,31.23,13.2418
15001.42,25.3,13.2418
15002.42,25.2,13.2418
15003.42,25.33,13.2418
15004.42,25.19,13.2418
15005.43,25.17,13.2418
15006.43,25.31,13.2418
15007.43,25.21,13.2418
15008.43,25.2,13.2418
15009.43,30.69,13.2419
15010.43,25.22,13.2419
15011.43,25.2,13.2419
15012.44,25.29,13.2419
15013.44,25.21,13.2419
15014.44,25.29,13.2419
15015.44,25.2,13.2419
15016.44,25.3,13.2419
15017.44,25.2,13.2419
15018.45,25.18,13.2419
15019.45,29.26,13.2421
15020.45,25.19,13.2421
15021.45,25.29,13.2421
15022.45,25.19,13.2421
15023.45,25.21,13.2421
15024.46,25.29,13.2421
15025.46,25.18,13.2421
15026.46,25.29,13.2421
15027.46,25.18,13.2421
15028.46,25.19,13.2421
15029.46,29.02,13.2423
15030.46,25.18,13.2423
15031.47,25.29,13.2423
15032.47,25.19,13.2423
15033.47,25.17,13.2423
15034.47,25.22,13.2423
15035.47,25.12,13.2423
15036.47,25.27,13.2423
15037.48,25.19,13.2423
15038.48,25.28,13.2423
15039.48,25.19,13.2423
15040.48,25.19,13.2423
15041.48,29.06,13.2424
15042.48,25.2,13.2424
15043.49,25.3,13.2424
15044.49,25.18,13.2424
15045.49,25.29,13.2424
15046.49,25.19,13.2424
15047.49,25.19,13.2424
15048.49,25.27,13.2424
15049.5,25.16,13.2424
15050.5,25.17,13.2424
15051.5,28.99,13.2425
15052.5,25.19,13.2425
15053.5,25.29,13.2425
15054.5,25.13,13.2425
15055.51,25.25,13.2425
15056.51,25.19,13.2425
15057.51,25.19,13.2425
15058.51,25.28,13.2425
15059.51,25.18,13.2425
15060.51,25.28,13.2425
15061.52,30.56,13.2427
15062.52,25.26,13.2427
15063.52,25.16,13.2427
15064.52,25.11,13.2427
15065.52,25.27,13.2427
15066.52,25.13,13.2427
15067.53,25.23,13.2427
15068.53,25.12,13.2427
15069.53,25.13,13.2427
15070.53,25.23,13.2427
15071.53,31.2,13.2428
15072.53,25.29,13.2428
15073.54,25.2,13.2428
15074.54,25.19,13.2428
15075.54,25.29,13.2428
15076.54,25.2,13.2428
15077.54,25.3,13.2428
15078.54,25.12,13.2428
15079.55,25.12,13.2428
15080.55,25.22,13.2428
15081.55,25.12,13.2428
15082.55,29.56,13.2429
15083.55,25.19,13.243
15084.55,25.28,13.243
15085.56,25.18,13.243
15086.56,25.19,13.243
15087.56,25.29,13.243
15088.56,25.18,13.243
15089.56,25.28,13.243
15090.56,25.19,13.243
15091.57,25.19,13.243
15092.57,28.89,13.2433
15093.57,25.18,13.2433
15094.57,25.28,13.2433
15095.57,25.19,13.2433
15096.57,25.29,13.2433
15097.58,25.2,13.2433
15098.58,25.19,13.2433
15099.58,25.32,13.2433
15100.58,25.19,13.2433
15101.58,25.19,13.2433
15102.58,25.31,13.2433
15103.58,25.19,13.2433
15104.59,29.0,13.2434
15105.59,25.19,13.2434
15106.59,25.18,13.2434
15107.59,25.3,13.2434
15108.59,25.18,13.2434
15109.59,25.29,13.2434
15110.6,25.18,13.2434
15111.6,25.18,13.2434
15112.6,25.31,13.2435
15113.6,25.18,13.2435
15114.6,25.28,13.2435
15115.6,28.87,13.2435
15116.61,25.29,13.2435
15117.61,25.19,13.2435
15118.61,25.18,13.2435
15119.61,25.26,13.2435
15120.61,25.11,13.2435
15121.61,25.22,13.2435
15122.62,25.17,13.2435
15123.62,25.13,13.2435
15124.62,25.24,13.2435
15125.62,25.19,13.2435
15126.62,30.21,13.2435
15127.62,25.19,13.2435
15128.63,25.18,13.2435
15129.63,25.28,13.2435
15130.63,25.18,13.2435
15131.63,25.24,13.2435
15132.63,25.15,13.2435
15133.63,25.23,13.2435
15134.64,25.14,13.2435
15135.64,25.16,13.2435
15136.64,31.33,13.2436
15137.64,25.14,13.2436
15138.64,25.24,13.2436
15139.64,25.18,13.2436
15140.65,25.18,13.2436
15141.65,25.28,13.2436
15142.65,25.21,13.2436
15143.65,25.28,13.2436
15144.65,25.15,13.2436
15145.65,25.25,13.2436
15146.66,29.77,13.2439
15147.66,25.2,13.2439
15148.66,25.28,13.2439
15149.66,25.18,13.2439
15150.66,25.28,13.2439
15151.66,25.18,13.2439
15152.67,25.3,13.2439
15153.67,25.18,13.2439
15154.67,25.18,13.2439
15155.67,25.28,13.2439
15156.67,25.19,13.2439
15157.67,28.92,13.244
15158.68,25.18,13.244
15159.68,25.18,13.244
15160.68,25.29,13.244
15161.68,25.18,13.244
15162.68,25.31,13.2441
15163.68,25.15,13.2441
15164.69,25.22,13.2441
15165.69,25.12,13.2441
15166.69,25.12,13.2441
15167.69,25.23,13.2441
15168.69,28.82,13.2443
15169.69,25.28,13.2443
15170.7,25.19,13.2443
15171.7,25.29,13.2443
15172.7,25.16,13.2443
15173.7,25.17,13.2443
15174.7,25.28,13.2443
15175.7,25.17,13.2443
15176.71,25.29,13.2443
15177.71,25.2,13.2443
15178.71,25.19,13.2443
15179.71,29.02,13.2443
15180.71,25.18,13.2443
15181.71,25.28,13.2443
15182.72,25.22,13.2443
15183.72,25.18,13.2443
15184.72,25.29,13.2443
15185.72,25.18,13.2443
15186.72,25.29,13.2443
15187.72,25.19,13.2443
15188.73,25.18,13.2443
15189.73,25.29,13.2444
15190.73,29.62,13.2444
15191.73,25.29,13.2444
15192.73,25.21,13.2444
15193.73,25.28,13.2444
15194.74,25.18,13.2444
15195.74,25.19,13.2444
15196.74,25.31,13.2444
15197.74,25.19,13.2444
15198.74,25.18,13.2444
15199.74,25.28,13.2444
15200.74,31.57,13.2444
15201.75,25.26,13.2444
15202.75,25.15,13.2445
15203.75,25.17,13.2445
15204.75,25.23,13.2445
15205.75,25.19,13.2445
15206.75,25.29,13.2445
15207.76,25.19,13.2445
15208.76,25.12,13.2445
15209.76,25.22,13.2445
15210.76,25.13,13.2445
15211.76,30.11,13.2446
15212.76,25.21,13.2447
15213.77,25.19,13.2447
15214.77,25.29,13.2447
15215.77,25.19,13.2447
15216.77,25.3,13.2447
15217.77,25.2,13.2447
15218.77,25.19,13.2447
15219.78,25.27,13.2447
15220.78,25.17,13.2447
15221.78,25.26,13.2447
15222.78,28.95,13.2447
15223.78,25.19,13.2447
15224.78,25.29,13.2447
15225.79,25.19,13.2447
15226.79,25.29,13.2447
15227.79,25.13,13.2447
15228.79,25.25,13.2447
15229.79,25.18,13.2447
15230.79,25.18,13.2447
15231.8,25.29,13.2447
15232.8,25.21,13.2447
15233.8,29.11,13.2447
15234.8,25.18,13.2447
15235.8,25.18,13.2447
15236.8,25.29,13.2447
15237.8,25.2,13.2447
15238.81,25.29,13.2447
15239.81,25.19,13.2447
15240.81,25.19,13.2447
15241.81,25.29,13.2447
15242.81,25.21,13.2449
15243.81,25.29,13.2449
15244.82,25.18,13.2449
15245.82,28.96,13.2449
15246.82,25.18,13.2449
15247.82,25.19,13.2449
15248.82,25.29,13.2449
15249.82,25.22,13.2449
15250.83,25.19,13.2449
15251.83,25.33,13.2449
15252.83,25.21,13.2449
15253.83,25.28,13.2449
15254.83,25.19,13.2449
15255.83,25.19,13.2449
15256.84,29.72,13.245
15257.84,25.19,13.245
15258.84,25.3,13.245
15259.84,25.18,13.245
15260.84,25.19,13.245
15261.84,25.31,13.245
15262.84,25.21,13.2451
15263.85,25.18,13.2451
15264.85,25.28,13.2451
15265.85,25.18,13.2451
15266.85,31.69,13.2453
15267.85,25.19,13.2453
15268.85,25.19,13.2453
15269.86,25.29,13.2453
15270.86,25.19,13.2453
15271.86,25.28,13.2453
15272.86,25.21,13.2453
15273.86,25.29,13.2453
15274.86,25.19,13.2453
15275.87,25.19,13.2453
15276.87,25.29,13.2453
15277.87,30.16,13.2455
15278.87,25.28,13.2455
15279.87,25.19,13.2455
15280.87,25.19,13.2455
15281.88,25.29,13.2455
15282.88,25.22,13.2456
15283.88,25.28,13.2456
15284.88,25.19,13.2456
15285.88,25.19,13.2456
15286.88,25.29,13.2456
15287.89,25.2,13.2456
15288.89,28.95,13.2459
15289.89,25.18,13.2459
15290.89,25.18,13.2459
15291.89,25.25,13.2459
15292.89,25.15,13.2459
15293.89,25.28,13.2459
15294.9,25.13,13.2459
15295.9,25.12,13.2459
15296.9,25.24,13.2459
15297.9,25.13,13.2459
15298.9,25.11,13.2459
15299.9,29.03,13.2459
15300.9,25.18,13.2459
15301.91,25.18,13.2459
15302.91,25.3,13.2459
15303.91,25.15,13.2459
15304.91,25.13,13.2459
15305.91,25.23,13.2459
15306.91,25.13,13.2459
15307.91,25.23,13.2459
15308.92,25.12,13.2459
15309.92,25.28,13.2459
15310.92,28.88,13.2459
15311.92,25.21,13.2459
15312.92,25.33,13.2461
15313.92,25.19,13.2461
15314.93,25.29,13.2461
15315.93,25.19,13.2461
15316.93,26.32,13.2461
15317.93,25.24,13.2461
15318.93,25.13,13.2461
15319.93,25.16,13.2461
15320.93,25.29,13.2461
15321.94,29.58,13.2462
15322.94,25.2,13.2462
15323.94,25.29,13.2462
15324.94,25.19,13.2462
15325.94,25.19,13.2462
15326.94,25.29,13.2462
15327.95,25.2,13.2462
15328.95,25.28,13.2462
15329.95,25.18,13.2462
15330.95,25.22,13.2462
15331.95,25.13,13.2462
15332.95,31.53,13.2463
15333.96,25.28,13.2463
15334.96,25.18,13.2463
15335.96,25.29,13.2463
15336.96,25.19,13.2463
15337.96,25.29,13.2463
15338.96,25.18,13.2463
15339.96,25.21,13.2463
15340.97,25.28,13.2463
15341.97,25.17,13.2463
15342.97,25.19,13.2464
15343.97,25.27,13.2464
15344.97,30.14,13.2466
15345.97,25.27,13.2467
15346.98,25.18,13.2467
15347.98,25.18,13.2467
15348.98,25.29,13.2467
15349.98,25.17,13.2467
15350.98,25.17,13.2467
15351.98,25.27,13.2467
15352.99,25.2,13.2467
15353.99,25.3,13.2467
15354.99,25.15,13.2467
15355.99,28.84,13.2467
15356.99,25.29,13.2467
15357.99,25.19,13.2467
15358.99,25.28,13.2468
15360.0,25.18,13.2468
15361.0,25.19,13.2468
15362.0,25.28,13.2468
15363.0,25.2,13.2468
15364.0,25.29,13.2468
15365.0,25.17,13.2468
15366.01,25.17,13.2468
15367.01,25.29,13.2468
15368.01,28.95,13.2469
15369.01,25.29,13.2469
15370.01,25.48,13.2469
15371.01,25.28,13.2469
15372.02,25.19,13.2469
15373.02,25.19,13.2469
15374.02,25.27,13.2469
15375.02,25.14,13.2469
15376.02,25.23,13.2469
15377.02,25.13,13.2469
15378.03,25.24,13.2469
15379.03,25.13,13.2469
15380.03,28.95,13.2469
15381.03,25.3,13.2469
15382.03,25.2,13.2469
15383.03,25.23,13.247
15384.04,25.3,13.247
15385.04,25.21,13.247
15386.04,25.3,13.247
15387.04,25.2,13.247
15388.04,25.31,13.247
15389.04,25.21,13.247
15390.05,25.21,13.247
15391.05,30.39,13.2472
15392.05,25.15,13.2472
15393.05,25.25,13.2472
15394.05,25.14,13.2472
15395.05,25.29,13.2472
15396.06,25.17,13.2472
15397.06,25.2,13.2472
15398.06,25.24,13.2472
15399.06,25.17,13.2472
15400.06,25.31,13.2472
15401.06,25.22,13.2472
15402.06,31.92,13.2472
15403.07,25.32,13.2473
15404.07,25.2,13.2473
15405.07,25.31,13.2473
15406.07,25.2,13.2473
15407.07,25.21,13.2473
15408.08,25.31,13.2473
15409.08,25.2,13.2473
15410.08,25.3,13.2473
15411.08,25.2,13.2473
15412.08,25.19,13.2473
15413.08,25.32,13.2473
15414.09,29.17,13.2474
15415.09,25.3,13.2474
15416.09,25.2,13.2474
15417.09,25.3,13.2474
15418.09,25.21,13.2474
15419.09,25.2,13.2474
15420.09,25.26,13.2474
15421.1,25.19,13.2474
15422.1,25.2,13.2474
15423.1,25.32,13.2474
15424.1,25.2,13.2474
15425.1,28.92,13.2475
15426.1,25.14,13.2475
15427.11,25.26,13.2475
15428.11,25.2,13.2475
15429.11,25.21,13.2475
15430.11,25.3,13.2475
15431.11,25.2,13.2475
15432.11,25.31,13.2475
15433.12,25.22,13.2476
15434.12,25.19,13.2476
15435.12,25.3,13.2476
15436.12,29.01,13.2476
15437.12,25.3,13.2476
15438.12,25.21,13.2476
15439.13,25.3,13.2476
15440.13,25.2,13.2476
15441.13,25.2,13.2476
15442.13,25.31,13.2476
15443.13,25.23,13.2476
15444.13,25.3,13.2476
15445.14,25.19,13.2476
15446.14,25.2,13.2476
15447.14,25.31,13.2476
15448.14,28.98,13.2476
15449.14,25.22,13.2476
15450.14,25.31,13.2476
15451.15,25.21,13.2476
15452.15,25.31,13.2476
15453.15,25.23,13.2476
15454.15,25.3,13.2476
15455.15,25.2,13.2476
15456.15,25.2,13.2476
15457.16,25.3,13.2476
15458.16,25.2,13.2476
15459.16,31.04,13.2476
15460.16,25.2,13.2476
15461.16,25.3,13.2476
15462.16,25.21,13.2476
15463.17,25.22,13.2478
15464.17,25.3,13.2478
15465.17,25.2,13.2478
15466.17,25.31,13.2478
15467.17,25.21,13.2478
15468.17,25.19,13.2478
15469.18,25.29,13.2478
15470.18,28.42,13.2478
15471.18,28.16,13.2478
15472.18,25.13,13.2478
15473.18,25.15,13.2478
15474.18,25.22,13.2478
15475.19,25.12,13.2478
15476.19,25.22,13.2478
15477.19,25.14,13.2478
15478.19,25.22,13.2478
15479.19,25.12,13.2478
15480.19,25.17,13.2478
15481.2,29.17,13.2478
15482.2,25.2,13.2478
15483.2,25.29,13.2479
15484.2,25.19,13.2479
15485.2,25.2,13.248
15486.2,25.3,13.248
15487.2,25.21,13.248
15488.21,25.29,13.248
15489.21,25.19,13.248
15490.21,25.19,13.248
15491.21,25.3,13.248
15492.21,25.2,13.248
15493.21,28.95,13.2481
15494.22,25.11,13.2481
15495.22,25.26,13.2481
15496.22,25.13,13.2481
15497.22,25.19,13.2481
15498.22,25.24,13.2481
15499.22,25.19,13.2481
15500.23,25.27,13.2481
15501.23,25.11,13.2481
15502.23,25.18,13.2481
15503.23,25.28,13.2481
15504.23,25.12,13.2481
15505.23,28.99,13.2481
15506.24,25.12,13.2481
15507.24,25.25,13.2481
15508.24,25.12,13.2481
15509.24,25.12,13.2481
15510.24,25.26,13.2481
15511.24,25.19,13.2481
15512.25,25.38,13.2481
15513.25,25.2,13.2482
15514.25,25.19,13.2482
15515.25,25.29,13.2482
15516.25,28.8,13.2482
15517.25,25.3,13.2482
15518.26,25.19,13.2482
15519.26,25.29,13.2482
15520.26,25.18,13.2482
15521.26,25.19,13.2482
15522.26,25.29,13.2482
15523.26,25.2,13.2482
15524.27,25.3,13.2482
15525.27,25.18,13.2482
15526.27,25.19,13.2482
15527.27,31.36,13.2484
15528.27,25.19,13.2484
15529.27,25.28,13.2484
15530.28,25.18,13.2484
15531.28,25.18,13.2484
15532.28,25.3,13.2484
15533.28,25.19,13.2484
15534.28,25.28,13.2484
15535.28,25.2,13.2484
15536.29,25.18,13.2485
15537.29,25.3,13.2485
15538.29,31.18,13.2485
15539.29,25.29,13.2485
15540.29,25.18,13.2485
15541.29,25.18,13.2485
15542.3,25.3,13.2485
15543.3,25.19,13.2486
15544.3,25.28,13.2486
15545.3,25.18,13.2486
15546.3,25.18,13.2486
15547.3,25.31,13.2486
15548.31,25.19,13.2486
15549.31,28.94,13.2487
15550.31,25.19,13.2487
15551.31,25.19,13.2487
15552.31,25.3,13.2487
15553.31,25.2,13.2487
15554.31,25.29,13.2487
15555.32,25.18,13.2487
15556.32,25.19,13.2487
15557.32,25.29,13.2487
15558.32,25.19,13.2487
15559.32,25.27,13.2487
15560.32,25.12,13.2487
15561.33,28.84,13.2487
15562.33,25.29,13.2487
15563.33,25.19,13.2487
15564.33,25.27,13.2487
15565.33,25.17,13.2487
15566.33,25.27,13.2487
15567.34,25.19,13.2487
15568.34,25.19,13.2487
15569.34,25.28,13.2487
15570.34,25.19,13.2487
15571.34,25.29,13.2487
15572.34,25.16,13.2487
15573.35,25.14,13.2488
15574.35,29.03,13.2488
15575.35,25.18,13.2488
15576.35,25.18,13.2488
15577.35,25.29,13.2488
15578.35,25.17,13.2488
15579.35,25.3,13.2488
15580.36,25.19,13.2488
15581.36,25.2,13.2488
15582.36,25.31,13.2488
15583.36,25.22,13.2488
15584.36,25.29,13.2488
15585.36,25.2,13.2488
15586.37,29.52,13.249
15587.37,25.31,13.249
15588.37,25.2,13.249
15589.37,25.3,13.249
15590.37,25.2,13.249
15591.37,25.3,13.249
15592.38,25.21,13.249
15593.38,25.22,13.249
15594.38,25.32,13.249
15595.38,25.19,13.249
15596.38,25.2,13.249
15597.38,25.34,13.249
15598.38,31.97,13.2495
15599.39,25.19,13.2495
15600.39,25.29,13.2495
15601.39,25.16,13.2495
15602.39,25.25,13.2495
15603.39,25.14,13.2496
15604.39,25.13,13.2496
15605.39,25.24,13.2496
15606.4,25.13,13.2496
15607.4,25.14,13.2496
15608.4,25.25,13.2496
15609.4,29.8,13.2497
15610.4,25.19,13.2497
15611.4,25.31,13.2497
15612.4,25.19,13.2497
15613.4,25.22,13.2497
15614.41,25.3,13.2497
15615.41,25.2,13.2497
15616.41,25.21,13.2497
15617.41,25.32,13.2497
15618.41,25.2,13.2497
15619.41,25.2,13.2497
15620.42,25.3,13.2497
15621.42,29.02,13.2497
15622.42,25.3,13.2497
15623.42,25.22,13.2498
15624.42,25.3,13.2498
15625.42,25.2,13.2498
15626.43,25.2,13.2498
15627.43,25.31,13.2498
15628.43,25.19,13.2498
15629.43,25.3,13.2498
15630.43,25.2,13.2498
15631.43,25.2,13.2498
15632.44,25.31,13.2499
15633.44,28.89,13.25
15634.44,25.26,13.25
15635.44,25.16,13.25
15636.44,25.27,13.25
15637.44,25.21,13.25
15638.45,25.2,13.25
15639.45,25.23,13.25
15640.45,25.14,13.25
15641.45,25.24,13.25
15642.45,25.15,13.25
15643.45,25.14,13.25
15644.46,29.03,13.2501
15645.46,25.2,13.2501
15646.46,25.3,13.2501
15647.46,25.21,13.2501
15648.46,25.3,13.2501
15649.46,25.19,13.2501
15650.47,25.2,13.2501
15651.47,25.34,13.2501
15652.47,25.18,13.2503
15653.47,25.31,13.2503
15654.47,25.2,13.2503
15655.47,25.3,13.2503
15656.48,30.5,13.2503
15657.48,25.22,13.2503
15658.48,25.3,13.2503
15659.48,25.21,13.2503
15660.48,25.3,13.2503
15661.48,25.2,13.2503
15662.49,26.68,12.5871
15663.49,79.52,2.4792
15664.49,79.17,2.7919
15665.49,72.81,3.0432
15666.49,88.88,3.184
15667.49,85.16,3.4123
15668.49,81.57,3.677
15669.5,77.8,3.988
15670.5,76.46,4.2523
15671.5,77.35,4.4729
15672.5,75.9,4.6647
15673.5,75.8,4.8434
15674.5,75.62,5.0415
15675.5,76.2,5.201
15676.51,76.0,5.376
15677.51,75.74,6.0872
15678.51,38.26,6.7701
15679.51,45.6,7.6473
15680.51,100.2,8.5944
15681.51,96.0,9.2732
15682.51,26.06,9.2753
15683.51,25.32,9.2754
15684.52,46.6,9.2756
15685.52,77.9,9.276
15686.52,76.5,9.2765
15687.52,76.15,9.2766
15688.52,76.08,9.3783
15689.52,75.12,9.3786
15690.53,76.66,9.379
15691.53,76.6,9.3797
15692.53,48.29,9.3797
15693.53,45.97,9.3797
15694.53,31.23,9.3797
15695.53,36.68,9.3797
15696.53,33.33,9.3797
15697.53,27.17,9.3797
15698.54,44.62,9.3797
15699.54,39.45,9.3798
15700.54,26.08,9.3798
15701.54,28.37,9.3798
15702.54,25.71,9.3799
15703.54,44.94,9.6718
15704.54,99.91,10.551
15705.54,99.89,11.1985
15706.55,99.92,11.8788
15707.55,76.14,12.1606
15708.55,26.79,12.1753
15709.55,27.02,12.2587
15710.55,26.25,12.2587
15711.55,26.46,12.2587
15712.55,33.02,12.2587
15713.56,27.77,12.2587
15714.56,29.92,12.2587
15715.56,29.89,12.2587
15716.56,36.53,12.2587
15717.56,28.26,12.2587
15718.56,26.8,12.2587
15719.57,25.37,12.2587
15720.57,25.48,12.2587
15721.57,37.53,12.2587
15722.57,26.68,12.2587
15723.57,26.39,12.2587
15724.57,25.39,12.2587
15725.58,27.17,12.2587
15726.58,26.66,12.2587
15727.58,25.31,12.2587
15728.58,31.37,12.2587
15729.58,26.1,12.2587
15730.58,26.23,12.2587
15731.58,25.21,12.2587
15732.59,25.37,12.2588
15733.59,26.53,12.2588
15734.59,32.41,12.2588
15735.59,29.47,12.2588
15736.59,25.72,12.2588
15737.59,34.36,12.2588
15738.6,26.39,12.2588
15739.6,28.61,12.2588
15740.6,26.14,12.2588
15741.6,25.21,12.2588
15742.6,25.34,12.2588
15743.6,25.78,12.2588
15744.61,25.48,12.2588
15745.61,25.8,12.2588
15746.61,25.37,12.2588
15747.61,34.86,12.2588
15748.61,28.59,12.2588
15749.61,29.6,12.2588
15750.62,25.47,12.2588
15751.62,28.77,12.2588
15752.62,28.63,12.2588
15753.62,25.21,12.2588
15754.62,25.22,12.2588
15755.62,25.52,12.2588
15756.62,25.22,12.2588
15757.63,25.36,12.2588
15758.63,25.29,12.2588
15759.63,25.8,12.2588
15760.63,27.92,12.2588
15761.63,25.21,12.2588
15762.63,25.34,12.2589
15763.64,25.21,12.2589
15764.64,25.19,12.2589
15765.64,25.29,12.2589
15766.64,25.22,12.2589
15767.64,25.33,12.2589
15768.64,25.93,12.2589
15769.65,25.2,12.2589
15770.65,25.34,12.2589
15771.65,25.2,12.2589
15772.65,25.28,12.2589
15773.65,25.3,12.2589
15774.65,25.2,12.2589
15775.65,25.3,12.2589
15776.66,25.39,12.2589
15777.66,25.22,12.2589
15778.66,26.15,12.2589
15779.66,25.21,12.2589
15780.66,25.89,12.2589
15781.66,25.21,12.2589
15782.67,32.12,12.2589
15783.67,25.79,12.2589
15784.67,26.07,12.2589
15785.67,25.33,12.2589
15786.67,25.21,12.2589
15787.67,25.22,12.2589
15788.67,25.34,12.2589
15789.68,25.28,12.2589
15790.68,25.28,12.2589
15791.68,25.39,12.2589
15792.68,71.81,12.2643
15793.68,99.94,12.3687
15794.68,59.14,12.3687
15795.68,25.36,12.3687
15796.69,25.66,12.3687
15797.69,25.31,12.3687
15798.69,25.2,12.3687
15799.69,25.37,12.3687
15800.69,25.19,12.3687
15801.69,25.32,12.3687
15802.7,25.32,12.3687
15803.7,26.07,12.3687
15804.7,25.33,12.3687
15805.7,25.4,12.3687
15806.7,25.2,12.3687
15807.7,25.36,12.3687
15808.7,25.21,12.3687
15809.71,25.31,12.3687
15810.71,25.27,12.3687
15811.71,25.5,12.3687
15812.71,25.33,12.3687
15813.71,25.88,12.3687
15814.71,25.32,12.3687
15815.72,25.2,12.3687
15816.72,25.23,12.3687
15817.72,25.42,12.3687
15818.72,25.31,12.3687
15819.72,63.88,12.3689
15820.72,66.1,12.3691
15821.72,67.37,12.3691
15822.73,62.55,12.3703
15823.73,50.12,12.3847
15824.73,70.84,12.4182
15825.73,58.15,12.4186
15826.73,99.73,12.4188
15827.73,56.45,12.4379
15828.73,25.43,12.4245
15829.74,25.3,12.4245
15830.74,25.22,12.4245
15831.74,25.3,12.4245
15832.74,25.44,12.4245
15833.74,52.93,12.4193
15834.74,100.07,12.4193
15835.74,48.53,12.4193
15836.75,25.93,12.4193
15837.75,25.25,12.4193
15838.75,25.24,12.4096
15839.75,25.29,12.4096
15840.75,25.13,12.4096
15841.75,70.99,12.4096
15842.76,99.73,12.4097
15843.76,33.0,12.4098
15844.76,25.34,12.4098
15845.76,39.37,12.561
15846.76,100.05,13.1027
15847.76,62.12,13.1027
15848.76,25.18,13.1027
15849.77,25.2,13.1027
15850.77,44.52,13.2467
15851.77,25.18,13.2467
15852.77,25.32,13.2467
15853.77,29.13,13.2468
15854.77,25.16,13.2468
15855.78,25.29,13.2468
15856.78,29.06,13.247
15857.78,25.31,13.247
15858.78,28.65,13.247
15859.78,29.05,13.2473
15860.78,25.14,13.2473
15861.79,25.13,13.2473
15862.79,28.98,13.2475
15863.79,25.19,13.2475
15864.79,25.19,13.2475
15865.79,29.13,13.2476
15866.79,25.19,13.2476
15867.79,25.3,13.2476
15868.8,28.92,13.2476
15869.8,25.28,13.2476
15870.8,25.35,13.2476
15871.8,28.95,13.2476
15872.8,25.31,13.2477
15873.8,25.19,13.2477
15874.81,28.96,13.2477
15875.81,25.16,13.2477
15876.81,25.29,13.2477
15877.81,29.57,13.2478
15878.81,25.12,13.2478
15879.82,29.01,13.2478
15880.82,25.12,13.2478
15881.82,25.21,13.2478
15882.82,25.2,13.2478
15883.82,28.81,13.2478
15884.82,25.27,13.2478
15885.83,25.16,13.2478
15886.83,29.01,13.2478
15887.83,25.19,13.2478
15888.83,25.29,13.2478
15889.83,28.78,13.2478
15890.83,25.18,13.2478
15891.84,25.23,13.2478
15892.84,25.76,13.2478
15893.84,28.94,13.2479
15894.84,25.15,13.2479
15895.84,25.2,13.2479
15896.84,25.28,13.2479
15897.84,28.83,13.2481
15898.85,25.18,13.2481
15899.85,25.29,13.2481
15900.85,25.19,13.2481
15901.85,29.09,13.2481
15902.85,25.22,13.2482
15903.85,25.19,13.2482
15904.86,25.22,13.2482
15905.86,29.54,13.2482
15906.86,25.22,13.2482
15907.86,25.14,13.2482
15908.86,25.13,13.2482
15909.86,25.23,13.2482
15910.87,29.86,13.2482
15911.87,25.29,13.2482
15912.87,25.22,13.2482
15913.87,25.28,13.2482
15914.87,25.14,13.2482
15915.87,30.25,13.2483
15916.88,25.29,13.2483
15917.88,25.21,13.2483
15918.88,25.27,13.2483
15919.88,25.12,13.2483
15920.88,30.18,13.2483
15921.88,25.62,13.2483
15922.89,25.21,13.2484
15923.89,25.31,13.2484
15924.89,25.18,13.2484
15925.89,25.19,13.2483
15926.89,29.4,13.2484
15927.89,25.19,13.2484
15928.89,25.18,13.2484
15929.9,25.28,13.2484
15930.9,25.18,13.2484
15931.9,25.25,13.2484
15932.9,28.89,13.2485
15933.9,25.19,13.2485
15934.9,25.29,13.2485
15935.9,25.19,13.2485
15936.91,25.29,13.2485
15937.91,25.2,13.2485
15938.91,29.09,13.2485
15939.91,25.19,13.2485
15940.91,25.19,13.2485
15941.91,25.29,13.2485
15942.92,25.22,13.2485
15943.92,25.29,13.2485
15944.92,28.83,13.2485
15945.92,25.16,13.2485
15946.92,25.27,13.2485
15947.93,25.21,13.2485
15948.93,25.93,13.2485
15949.93,25.16,13.2485
15950.93,25.28,13.2485
15951.93,28.89,13.2488
15952.93,25.19,13.2488
15953.94,25.25,13.2488
15954.94,25.12,13.2488
15955.94,25.22,13.2488
15956.94,25.12,13.2488
15957.94,25.24,13.2488
15958.94,28.71,13.2489
15959.95,25.19,13.2489
15960.95,25.27,13.2489
15961.95,25.19,13.2489
15962.95,25.31,13.2489
15963.95,25.19,13.2489
15964.95,25.18,13.2489
15965.96,28.92,13.2489
15966.96,25.16,13.2489
15967.96,25.31,13.2489
15968.96,25.19,13.2489
15969.96,25.19,13.2489
15970.96,25.28,13.2489
15971.97,25.18,13.2489
15972.97,30.41,13.2491
15973.97,25.19,13.2491
15974.97,25.29,13.2491
15975.97,25.18,13.2491
15976.97,25.19,13.2491
15977.98,25.29,13.2491
15978.98,25.19,13.2491
15979.98,31.02,13.2491
15980.98,25.18,13.2491
15981.98,25.18,13.2491
15982.98,25.31,13.2491
15983.98,25.14,13.2491
15984.99,25.22,13.2491
15985.99,25.13,13.2491
15986.99,30.0,13.2491
15987.99,25.19,13.2491
15988.99,25.19,13.2491
15990.0,25.28,13.2491
15991.0,25.12,13.2491
15992.0,25.23,13.2491
15993.0,25.15,13.2493
15994.0,25.12,13.2493
15995.0,29.08,13.2494
15996.0,25.12,13.2494
15997.01,25.22,13.2494
15998.01,25.14,13.2494
15999.01,25.23,13.2494
16000.01,25.12,13.2494
16001.01,25.12,13.2494
16002.01,28.93,13.2494
16003.02,25.15,13.2494
16004.02,25.25,13.2494
16005.02,25.16,13.2494
16006.02,25.18,13.2494
16007.02,25.28,13.2494
16008.02,25.2,13.2494
16009.03,25.28,13.2494
16010.03,28.81,13.2495
16011.03,25.19,13.2495
16012.03,25.28,13.2495
16013.03,25.22,13.2496
16014.03,25.28,13.2496
16015.04,25.18,13.2496
16016.04,25.18,13.2496
16017.04,25.29,13.2496
16018.04,28.9,13.2496
16019.04,25.29,13.2496
16020.04,25.19,13.2496
16021.04,25.2,13.2496
16022.05,25.27,13.2496
16023.05,25.2,13.2496
16024.05,25.19,13.2496
16025.05,25.28,13.2496
16026.05,28.96,13.2496
16027.05,25.28,13.2496
16028.06,25.19,13.2496
16029.06,25.28,13.2496
16030.06,25.12,13.2496
16031.06,25.12,13.2496
16032.06,25.25,13.2496
16033.06,25.15,13.2496
16034.07,29.24,13.2498
16035.07,25.27,13.2498
16036.07,25.12,13.2498
16037.07,25.22,13.2498
16038.07,25.13,13.2498
16039.07,25.12,13.2498
16040.08,25.22,13.2498
16041.08,25.12,13.2498
16042.08,30.7,13.2498
16043.08,25.21,13.2499
16044.08,25.15,13.2499
16045.08,25.24,13.2499
16046.08,25.17,13.2499
16047.09,25.28,13.2499
16048.09,25.19,13.2499
16049.09,25.18,13.2499
16050.09,30.91,13.25
16051.09,25.18,13.25
16052.09,25.21,13.25
16053.09,25.31,13.25
16054.1,25.19,13.25
16055.1,25.21,13.25
16056.1,25.29,13.25
16057.1,25.18,13.25
16058.1,29.6,13.25
16059.1,25.31,13.25
16060.1,25.18,13.25
16061.11,25.19,13.25
16062.11,25.28,13.25
16063.11,25.21,13.25
16064.11,25.3,13.25
16065.11,28.94,13.25
16066.11,25.12,13.25
16067.12,25.21,13.25
16068.12,25.12,13.25
16069.12,25.22,13.25
16070.12,25.11,13.25
16071.12,25.11,13.25
16072.12,25.24,13.25
16073.13,25.22,13.2501
16074.13,29.03,13.2501
16075.13,25.18,13.2501
16076.13,25.28,13.2501
16077.13,25.15,13.2501
16078.13,25.2,13.2501
16079.14,25.29,13.2501
16080.14,25.19,13.2501
16081.14,25.29,13.2501
16082.14,28.91,13.2502
16083.14,25.32,13.2502
16084.14,25.17,13.2502
16085.15,25.18,13.2502
16086.15,25.29,13.2502
16087.15,25.19,13.2502
16088.15,25.22,13.2504
16089.15,25.29,13.2504
16090.15,25.18,13.2504
16091.15,28.94,13.2504
16092.16,25.19,13.2504
16093.16,25.32,13.2504
16094.16,25.18,13.2504
16095.16,25.17,13.2504
16096.16,25.27,13.2504
16097.16,25.17,13.2504
16098.17,25.28,13.2504
16099.17,28.76,13.2505
16100.17,25.19,13.2505
16101.17,25.27,13.2505
16102.17,25.2,13.2505
16103.17,25.25,13.2506
16104.18,25.15,13.2506
16105.18,25.28,13.2506
16106.18,25.16,13.2506
16107.18,30.49,13.2506
16108.18,25.28,13.2506
16109.18,25.19,13.2506
16110.19,25.28,13.2506
16111.19,25.17,13.2506
16112.19,25.19,13.2506
16113.19,25.3,13.2506
16114.19,25.19,13.2506
16115.19,25.28,13.2506
16116.2,30.83,13.2506
16117.2,25.2,13.2506
16118.2,25.27,13.2506
16119.2,25.2,13.2506
16120.2,25.29,13.2506
16121.2,25.19,13.2506
16122.21,25.2,13.2506
16123.21,25.33,13.2506
16124.21,25.19,13.2506
16125.21,29.84,13.2506
16126.21,25.29,13.2506
16127.21,25.22,13.2506
16128.21,25.3,13.2506
16129.22,25.19,13.2506
16130.22,25.19,13.2506
16131.22,25.27,13.2506
16132.22,25.14,13.2507
16133.22,25.29,13.2508
16134.22,28.97,13.251
16135.23,25.18,13.251
16136.23,25.28,13.251
16137.23,25.2,13.251
16138.23,25.29,13.251
16139.23,25.19,13.251
16140.23,25.13,13.251
16141.24,25.22,13.251
16142.24,27.21,13.251
16143.24,27.0,13.251
16144.24,25.18,13.251
16145.24,25.18,13.251
16146.24,25.28,13.251
16147.24,25.2,13.251
16148.25,25.3,13.251
16149.25,25.19,13.251
16150.25,25.18,13.251
16151.25,29.1,13.2511
16152.25,25.2,13.2511
16153.25,25.3,13.2511
16154.26,25.18,13.2511
16155.26,25.13,13.2511
16156.26,25.23,13.2511
16157.26,25.16,13.2511
16158.26,25.29,13.2511
16159.26,25.18,13.2511
16160.27,28.89,13.2511
16161.27,25.18,13.2511
16162.27,25.2,13.2511
16163.27,25.31,13.2512
16164.27,25.19,13.2512
16165.27,25.3,13.2512
16166.28,25.18,13.2512
16167.28,25.2,13.2512
16168.28,25.29,13.2512
16169.28,28.93,13.2513
16170.28,25.29,13.2513
16171.28,25.19,13.2513
16172.29,25.19,13.2513
16173.29,25.33,13.2513
16174.29,25.19,13.2513
16175.29,25.18,13.2513
16176.29,25.31,13.2513
16177.29,31.12,13.2513
16178.29,25.19,13.2513
16179.29,25.31,13.2513
16180.3,25.19,13.2513
16181.3,25.18,13.2513
16182.3,25.29,13.2513
16183.3,25.21,13.2513
16184.3,25.29,13.2513
16185.3,25.18,13.2513
16186.31,30.81,13.2516
16187.31,25.29,13.2516
16188.31,25.19,13.2516
16189.31,25.29,13.2516
16190.31,25.18,13.2516
16191.31,25.18,13.2516
16192.32,25.29,13.2516
16193.32,25.21,13.2517
16194.32,29.35,13.2517
16195.32,25.18,13.2517
16196.32,25.29,13.2517
16197.32,25.17,13.2517
16198.33,25.13,13.2517
16199.33,25.23,13.2517
16200.33,25.12,13.2517
16201.33,25.23,13.2517
16202.33,25.2,13.2517
16203.33,28.89,13.2517
16204.34,25.29,13.2517
16205.34,25.18,13.2517
16206.34,25.28,13.2517
16207.34,25.19,13.2517
16208.34,25.2,13.2517
16209.34,25.32,13.2517
16210.34,25.18,13.2517
16211.35,25.19,13.2517
16212.35,28.99,13.2517
16213.35,25.18,13.2517
16214.35,25.15,13.2517
16215.35,25.26,13.2517
16216.35,25.16,13.2517
16217.35,25.42,13.2517
16218.35,25.18,13.2517
16219.36,25.12,13.2517
16220.36,25.23,13.2517
16221.36,28.76,13.2518
16222.36,25.22,13.2518
16223.36,25.3,13.2519
16224.36,25.19,13.2519
16225.37,25.18,13.2519
16226.37,25.28,13.2519
16227.37,25.2,13.2519
16228.37,25.29,13.2519
16229.37,25.19,13.2519
16230.37,28.98,13.2519
16231.38,25.18,13.2519
16232.38,25.19,13.2519
16233.38,25.3,13.2519
16234.38,25.19,13.2519
16235.38,25.28,13.2519
16236.38,25.19,13.2519
16237.39,25.2,13.2519
16238.39,25.29,13.2519
16239.39,29.52,13.2519
16240.39,25.28,13.2519
16241.39,25.18,13.2519
16242.39,25.26,13.2519
16243.4,25.14,13.2519
16244.4,25.11,13.2519
16245.4,25.22,13.2519
16246.4,25.19,13.2519
16247.4,31.35,13.2522
16248.4,25.21,13.2522
16249.4,25.18,13.2522
16250.41,25.29,13.2522
16251.41,25.15,13.2522
16252.41,25.14,13.2522
16253.41,25.25,13.2523
16254.41,25.13,13.2523
16255.41,25.28,13.2523
16256.42,30.29,13.2523
16257.42,25.19,13.2523
16258.42,25.29,13.2523
16259.42,25.19,13.2523
16260.42,25.28,13.2523
16261.42,25.2,13.2523
16262.43,25.3,13.2523
16263.43,25.17,13.2523
16264.43,25.18,13.2523
16265.43,29.09,13.2523
16266.43,25.19,13.2523
16267.43,25.29,13.2523
16268.44,25.19,13.2523
16269.44,25.2,13.2523
16270.44,25.28,13.2523
16271.44,25.19,13.2523
16272.44,25.3,13.2523
16273.44,25.2,13.2524
16274.45,28.78,13.2524
16275.45,25.29,13.2524
16276.45,25.19,13.2524
16277.45,25.3,13.2524
16278.45,25.19,13.2524
16279.45,25.29,13.2524
16280.46,25.19,13.2525
16281.46,25.19,13.2525
16282.46,25.29,13.2525
16283.46,28.98,13.2527
16284.46,25.29,13.2527
16285.46,25.16,13.2527
16286.47,25.27,13.2527
16287.47,25.18,13.2527
16288.47,25.19,13.2527
16289.47,25.29,13.2527
16290.47,25.19,13.2527
16291.47,25.29,13.2527
16292.48,28.81,13.2527
16293.48,25.2,13.2527
16294.48,25.28,13.2527
16295.48,25.17,13.2527
16296.48,25.21,13.2527
16297.48,25.13,13.2527
16298.49,25.22,13.2527
16299.49,25.19,13.2527
16300.49,25.18,13.2527
16301.49,25.28,13.2527
16302.49,28.98,13.2528
16303.49,25.2,13.2529
16304.5,25.29,13.2529
16305.5,25.16,13.2529
16306.5,25.22,13.2529
16307.5,25.18,13.2529
16308.5,25.13,13.2529
16309.5,25.22,13.2529
16310.51,30.54,13.2529
16311.51,25.29,13.2529
16312.51,25.19,13.2529
16313.51,25.2,13.2529
16314.51,25.28,13.2529
16315.51,25.17,13.2529
16316.51,25.29,13.2529
16317.52,25.19,13.2529
16318.52,25.17,13.2529
16319.52,31.2,13.2529
16320.52,25.18,13.2529
16321.52,25.28,13.2529
16322.52,25.2,13.2529
16323.53,25.21,13.2529
16324.53,25.29,13.2529
16325.53,25.19,13.2529
16326.53,25.29,13.2529
16327.53,25.2,13.2529
16328.53,29.68,13.253
16329.54,25.19,13.253
16330.54,25.18,13.253
16331.54,25.23,13.253
16332.54,25.14,13.253
16333.54,25.24,13.253
16334.54,25.16,13.253
16335.55,25.28,13.253
16336.55,28.86,13.2531
16337.55,25.15,13.2533
16338.55,25.23,13.2533
16339.55,25.12,13.2533
16340.55,25.27,13.2533
16341.56,25.19,13.2533
16342.56,25.2,13.2533
16343.56,25.28,13.2533
16344.56,25.13,13.2533
16345.56,29.06,13.2533
16346.56,25.21,13.2533
16347.57,25.2,13.2533
16348.57,25.29,13.2533
16349.57,25.19,13.2533
16350.57,25.28,13.2533
16351.57,25.18,13.2533
16352.57,25.21,13.2534
16353.58,25.28,13.2534
16354.58,29.01,13.2535
16355.58,25.18,13.2535
16356.58,25.28,13.2535
16357.58,25.22,13.2535
16358.58,25.29,13.2535
16359.58,25.19,13.2535
16360.59,25.18,13.2535
16361.59,25.28,13.2535
16362.59,25.21,13.2535
16363.59,28.88,13.2536
16364.59,25.13,13.2536
16365.59,25.16,13.2536
16366.6,25.28,13.2536
16367.6,25.2,13.2536
16368.6,25.29,13.2536
16369.6,25.19,13.2536
16370.6,25.29,13.2536
16371.6,25.18,13.2536
16372.61,29.3,13.2537
16373.61,25.29,13.2537
16374.61,25.19,13.2537
16375.61,25.29,13.2537
16376.61,25.19,13.2537
16377.61,25.3,13.2537
16378.62,25.19,13.2537
16379.62,25.19,13.2537
16380.62,25.29,13.2537
16381.62,31.28,13.2539
16382.62,25.32,13.254
16383.62,25.19,13.254
16384.63,25.19,13.254
16385.63,25.27,13.254
16386.63,25.12,13.254
16387.63,25.28,13.254
16388.63,25.12,13.254
16389.63,25.23,13.254
16390.64,30.47,13.254
16391.64,25.19,13.254
16392.64,25.32,13.254
16393.64,25.19,13.254
16394.64,25.28,13.254
16395.64,25.17,13.254
16396.65,25.28,13.254
16397.65,25.2,13.254
16398.65,25.19,13.254
16399.65,29.18,13.254
16400.65,25.18,13.254
16401.65,25.28,13.254
16402.66,25.23,13.2541
16403.66,25.18,13.2541
16404.66,25.3,13.2541
16405.66,25.18,13.2541
16406.66,25.28,13.2541
16407.66,25.2,13.2541
16408.67,28.96,13.2543
16409.67,25.28,13.2543
16410.67,25.18,13.2543
16411.67,25.28,13.2543
16412.67,25.2,13.2543
16413.67,25.21,13.2543
16414.67,25.29,13.2543
16415.68,25.18,13.2543
16416.68,25.18,13.2543
16417.68,29.04,13.2543
16418.68,25.18,13.2543
16419.68,25.2,13.2543
16420.68,25.28,13.2543
16421.68,25.19,13.2543
16422.69,25.31,13.2544
16423.69,25.18,13.2544
16424.69,25.28,13.2544
16425.69,25.19,13.2544
16426.69,25.19,13.2544
16427.69,29.0,13.2544
16428.7,25.19,13.2544
16429.7,25.19,13.2544
16430.7,25.28,13.2544
16431.7,25.19,13.2544
16432.7,25.33,13.2544
16433.7,25.19,13.2544
16434.71,25.18,13.2544
16435.71,25.3,13.2544
16436.71,28.84,13.2545
16437.71,25.2,13.2545
16438.71,25.29,13.2545
16439.71,25.19,13.2545
16440.71,25.28,13.2545
16441.72,25.19,13.2545
16442.72,25.2,13.2545
16443.72,25.28,13.2545
16444.72,30.52,13.2545
16445.72,25.28,13.2545
16446.72,25.18,13.2545
16447.73,25.29,13.2545
16448.73,25.18,13.2545
16449.73,25.19,13.2545
16450.73,25.29,13.2545
16451.73,25.16,13.2545
16452.73,25.21,13.2546
16453.73,31.01,13.2546
16454.74,25.17,13.2546
16455.74,25.14,13.2546
16456.74,25.25,13.2546
16457.74,25.19,13.2546
16458.74,25.28,13.2546
16459.74,25.17,13.2546
16460.75,25.19,13.2546
16461.75,25.3,13.2546
16462.75,29.95,13.2546
16463.75,25.19,13.2546
16464.75,25.27,13.2546
16465.75,25.19,13.2546
16466.75,25.29,13.2546
16467.76,25.2,13.2546
16468.76,25.18,13.2546
16469.76,25.3,13.2546
16470.76,25.2,13.2546
16471.76,25.29,13.2546
16472.76,28.86,13.2547
16473.77,25.26,13.2547
16474.77,25.15,13.2547
16475.77,25.16,13.2547
16476.77,25.24,13.2547
16477.77,25.18,13.2547
16478.77,25.3,13.2547
16479.78,25.21,13.2547
16480.78,25.18,13.2547
16481.78,25.31,13.2547
16482.78,25.21,13.2549
16483.78,29.01,13.2549
16484.78,25.27,13.2549
16485.78,25.14,13.2549
16486.79,25.23,13.2549
16487.79,25.14,13.2549
16488.79,25.17,13.2549
16489.79,25.29,13.2549
16490.79,25.18,13.2549
16491.79,25.19,13.2549
16492.8,28.92,13.2549
16493.8,25.19,13.2549
16494.8,25.29,13.2549
16495.8,25.19,13.2549
16496.8,25.15,13.2549
16497.8,25.27,13.2549
16498.8,25.15,13.2549
16499.8,25.16,13.2549
16500.81,25.29,13.2549
16501.81,28.95,13.255
16502.81,25.18,13.255
16503.81,25.3,13.255
16504.81,25.16,13.255
16505.81,25.19,13.255
16506.82,25.25,13.255
16507.82,25.14,13.255
16508.82,25.25,13.255
16509.82,25.14,13.255
16510.82,25.17,13.255
16511.82,30.36,13.255
16512.82,25.21,13.2551
16513.82,25.18,13.2551
16514.83,25.26,13.2551
16515.83,25.17,13.2551
16516.83,25.17,13.2551
16517.83,25.31,13.2551
16518.83,25.22,13.2551
16519.83,25.3,13.2551
16520.84,31.22,13.2552
16521.84,25.21,13.2552
16522.84,25.33,13.2552
16523.84,25.21,13.2552
16524.84,25.2,13.2552
16525.84,25.3,13.2552
16526.84,25.2,13.2552
16527.85,25.32,13.2552
16528.85,25.2,13.2552
16529.85,25.21,13.2552
16530.85,30.0,13.2552
16531.85,25.21,13.2552
16532.85,25.21,13.2552
16533.85,25.25,13.2552
16534.86,25.12,13.2552
16535.86,25.13,13.2552
16536.86,25.25,13.2552
16537.86,25.19,13.2552
16538.86,25.19,13.2552
16539.86,29.05,13.2554
16540.86,25.19,13.2554
16541.87,25.2,13.2554
16542.87,25.33,13.2554
16543.87,25.22,13.2554
16544.87,25.21,13.2554
16545.87,25.3,13.2554
16546.87,25.2,13.2554
16547.87,25.2,13.2554
16548.88,25.3,13.2554
16549.88,28.97,13.2555
16550.88,25.28,13.2555
16551.88,25.19,13.2555
16552.88,25.22,13.2555
16553.88,25.32,13.2555
16554.88,25.2,13.2555
16555.89,25.2,13.2555
16556.89,25.33,13.2555
16557.89,25.21,13.2555
16558.89,25.21,13.2555
16559.89,29.04,13.2555
16560.89,25.21,13.2555
16561.89,25.19,13.2555
16562.9,25.33,13.2556
16563.9,25.2,13.2556
16564.9,25.3,13.2556
16565.9,25.2,13.2556
16566.9,25.2,13.2556
16567.9,25.3,13.2557
16568.91,25.19,13.2557
16569.91,25.31,13.2557
16570.91,28.94,13.2558
16571.91,25.29,13.2558
16572.91,25.21,13.2558
16573.91,25.12,13.2558
16574.91,25.22,13.2558
16575.92,25.12,13.2558
16576.92,25.28,13.2558
16577.92,25.23,13.2558
16578.92,25.21,13.2558
16579.92,25.29,13.2558
16580.92,30.45,13.2558
16581.93,25.27,13.2558
16582.93,25.19,13.2558
16583.93,25.27,13.2558
16584.93,25.17,13.2558
16585.93,25.2,13.2558
16586.93,25.28,13.2559
16587.94,25.18,13.2559
16588.94,25.29,13.2559
16589.94,31.19,13.2559
16590.94,25.19,13.2559
16591.94,25.3,13.2559
16592.94,25.23,13.2559
16593.95,25.3,13.2559
16594.95,25.2,13.2559
16595.95,25.2,13.2559
16596.95,25.3,13.2559
16597.95,25.2,13.2559
16598.95,25.3,13.2559
16599.96,29.53,13.2559
16600.96,25.15,13.2559
16601.96,25.24,13.2559
16602.96,25.16,13.2559
16603.96,25.24,13.2559
16604.96,25.14,13.2559
16605.97,25.24,13.2559
16606.97,25.14,13.2559
16607.97,25.21,13.2559
16608.97,25.27,13.2559
16609.97,28.9,13.2561
16610.97,25.19,13.2561
16611.97,25.32,13.2561
16612.98,25.22,13.2562
16613.98,25.15,13.2562
16614.98,25.32,13.2562
16615.98,25.15,13.2562
16616.98,25.16,13.2562
16617.98,25.27,13.2562
16618.98,28.87,13.2562
16619.99,25.12,13.2562
16620.99,25.29,13.2562
16621.99,25.14,13.2562
16622.99,25.29,13.2562
16623.99,25.19,13.2562
16624.99,25.18,13.2562
16625.99,25.3,13.2562
16627.0,25.19,13.2562
16628.0,25.2,13.2562
16629.0,25.29,13.2562
16630.0,28.92,13.2562
16631.0,25.29,13.2562
16632.0,25.21,13.2563
16633.01,25.21,13.2563
16634.01,25.31,13.2563
16635.01,25.2,13.2563
16636.01,25.19,13.2563
16637.01,25.31,13.2563
16638.01,25.2,13.2563
16639.01,25.19,13.2563
16640.01,29.02,13.2564
16641.02,25.18,13.2564
16642.02,25.16,13.2564
16643.02,25.27,13.2565
16644.02,25.16,13.2565
16645.02,25.27,13.2565
16646.02,25.17,13.2565
16647.03,25.13,13.2565
16648.03,25.24,13.2565
16649.03,30.89,13.2565
16650.03,25.17,13.2565
16651.03,25.28,13.2565
16652.03,25.2,13.2565
16653.03,25.22,13.2565
16654.04,25.3,13.2565
16655.04,25.2,13.2565
16656.04,25.3,13.2565
16657.04,25.21,13.2565
16658.04,25.32,13.2565
16659.04,31.11,13.2565
16660.05,25.19,13.2565
16661.05,25.29,13.2565
16662.05,25.19,13.2565
16663.05,25.31,13.2565
16664.05,25.19,13.2565
16665.05,25.21,13.2565
16666.05,25.3,13.2565
16667.06,25.2,13.2565
16668.06,25.2,13.2565
16669.06,25.23,13.2565
16670.06,29.31,13.2565
16671.06,25.3,13.2565
16672.06,25.22,13.2565
16673.07,25.23,13.2567
16674.07,25.3,13.2567
16675.07,25.21,13.2567
16676.07,25.3,13.2567
16677.07,25.21,13.2567
16678.07,25.31,13.2567
16679.08,28.91,13.2569
16680.08,25.2,13.2569
16681.08,25.29,13.2569
16682.08,25.21,13.2569
16683.08,25.33,13.2569
16684.08,25.21,13.2569
16685.09,25.21,13.2569
16686.09,25.3,13.2569
16687.09,25.2,13.2569
16688.09,25.31,13.2569
16689.09,49.65,13.257
16690.09,56.98,13.257
16691.1,25.31,13.257
16692.1,25.84,13.257
16693.1,25.72,13.257
16694.1,26.91,13.257
16695.1,25.31,13.257
16696.1,25.2,13.257
16697.11,25.21,13.257
16698.11,25.31,13.257
16699.11,29.71,13.2763
16700.11,25.3,13.2763
16701.11,25.39,13.2763
16702.11,25.21,13.2763
16703.12,25.33,13.2763
16704.12,25.18,13.2763
16705.12,25.23,13.2763
16706.12,25.13,13.2763
16707.12,25.29,13.2763
16708.12,25.22,13.2763
16709.13,30.26,13.292
16710.13,25.35,13.292
16711.13,25.96,13.292
16712.13,25.37,13.292
16713.13,25.64,13.292
16714.13,25.21,13.292
16715.13,25.34,13.292
16716.14,25.2,13.292
16717.14,25.2,13.292
16718.14,31.73,13.2981
16719.14,25.21,13.2981
16720.14,25.38,13.2981
16721.14,25.24,13.2981
16722.15,25.2,13.2981
16723.15,25.33,13.2981
16724.15,25.2,13.2981
16725.15,25.3,13.2981
16726.15,25.2,13.2981
16727.15,25.2,13.2981
16728.16,32.28,13.3139
16729.16,25.19,13.3139
16730.16,25.32,13.3139
16731.16,25.19,13.3139
16732.16,25.47,13.3139
16733.16,25.29,13.3139
16734.16,25.38,13.3139
16735.17,25.67,13.3139
16736.17,25.2,13.3139
16737.17,25.22,13.3139
16738.17,30.05,13.3273
16739.17,25.2,13.3273
16740.17,27.89,13.3273
16741.18,25.19,13.3273
16742.18,25.21,13.3273
16743.18,25.4,13.3273
16744.18,25.24,13.3273
16745.18,25.2,13.3273
16746.18,25.32,13.3273
16747.18,25.21,13.3273
16748.19,25.2,13.3273
16749.19,29.77,13.3327
16750.19,25.19,13.3327
16751.19,25.32,13.3327
16752.19,25.22,13.3327
16753.19,25.21,13.3327
16754.19,25.3,13.3327
16755.2,25.2,13.3327
16756.2,25.2,13.3327
16757.2,25.32,13.3327
16758.2,25.16,13.3327
16759.2,25.27,13.3327
16760.2,29.45,13.3374
16761.21,25.19,13.3374
16762.21,25.31,13.3374
16763.21,25.21,13.3375
16764.21,25.31,13.3375
16765.21,25.16,13.3375
16766.21,25.14,13.3375
16767.21,25.28,13.3375
16768.22,25.13,13.3375
16769.22,25.28,13.3375
16770.22,25.21,13.3375
16771.22,29.43,13.3419
16772.22,25.33,13.3419
16773.22,59.42,12.5187
16774.23,27.42,2.348
16775.23,80.54,2.5737
16776.23,77.5,2.9294
16777.23,70.32,3.0966
16778.23,90.26,3.2705
16779.23,82.29,3.505
16780.23,77.64,3.773
16781.23,76.98,4.0679
16782.24,77.2,4.3478
16783.24,75.78,4.5535
16784.24,75.8,4.7438
16785.24,75.2,4.9031
16786.24,75.7,5.0891
16787.24,76.0,5.2562
16788.25,76.49,5.4656
16789.25,56.25,6.2135
16790.25,29.89,6.8932
16791.25,58.44,7.9405
16792.25,100.2,8.7711
16793.25,75.95,9.3384
16794.25,27.11,9.4386
16795.26,25.19,9.4386
16796.26,65.05,9.4391
16797.26,77.88,9.4392
16798.26,75.08,9.4447
16799.26,77.0,9.4459
16800.26,74.8,9.4466
16801.27,60.42,9.4467
16802.27,62.01,9.4469
16803.27,44.34,9.4469
16804.27,41.07,9.4469
16805.27,37.52,9.4469
16806.27,45.69,9.4469
16807.27,32.12,9.4469
16808.27,31.61,9.4469
16809.28,32.46,9.4469
16810.28,26.12,9.4469
16811.28,25.89,9.4469
16812.28,25.59,9.4469
16813.28,26.12,9.4469
16814.28,26.7,9.4469
16815.28,82.95,10.3165
16816.29,100.22,10.9622
16817.29,99.9,11.6412
16818.29,99.94,12.2269
16819.29,30.18,12.2646
16820.29,28.16,12.2749
16821.29,29.74,12.2749
16822.29,30.53,12.2749
16823.3,26.52,12.275
16824.3,25.28,12.275
16825.3,34.17,12.275
16826.3,33.51,12.2751
16827.3,26.46,12.2751
16828.3,25.51,12.2751
16829.3,25.25,12.2751
16830.31,29.33,12.2751
16831.31,25.23,12.2751
16832.31,27.72,12.2751
16833.31,25.38,12.2751
16834.31,26.51,12.2751
16835.31,33.03,12.2751
16836.32,25.22,12.2751
16837.32,26.62,12.2751
16838.32,25.27,12.2751
16839.32,25.22,12.2751
16840.32,25.22,12.2751
16841.32,26.29,12.2751
16842.32,26.4,12.2751
16843.33,31.08,12.2751
16844.33,30.26,12.2751
16845.33,26.94,12.2751
16846.33,44.23,12.2751
16847.33,28.88,12.2751
16848.33,28.52,12.2751
16849.33,25.22,12.2751
16850.33,25.29,12.2751
16851.34,25.19,12.2751
16852.34,26.65,12.2751
16853.34,28.51,12.2751
16854.34,26.46,12.2751
16855.34,25.78,12.2751
16856.34,28.59,12.2751
16857.35,25.51,12.2751
16858.35,25.94,12.2753
16859.35,25.53,12.2753
16860.35,25.44,12.2753
16861.35,25.3,12.2751
16862.35,25.32,12.2751
16863.36,25.22,12.2753
16864.36,25.35,12.2753
16865.36,25.33,12.2753
16866.36,25.18,12.2753
16867.36,25.25,12.2753
16868.36,25.17,12.2753
16869.37,27.89,12.2753
16870.37,25.24,12.2753
16871.37,25.8,12.2753
16872.37,25.3,12.2752
16873.37,25.21,12.2753
16874.37,25.31,12.2753
16875.38,25.53,12.2753
16876.38,25.21,12.2753
16877.38,26.19,12.2753
16878.38,25.2,12.2753
16879.38,31.06,12.2753
16880.38,25.23,12.2753
16881.39,25.2,12.2753
16882.39,25.32,12.2753
16883.39,25.6,12.2753
16884.39,25.32,12.2753
16885.39,25.22,12.2753
16886.39,25.66,12.2753
16887.39,26.32,12.2753
16888.4,25.12,12.2754
16889.4,25.99,12.2754
16890.4,32.44,12.2754
16891.4,25.18,12.2754
16892.4,25.89,12.2754
16893.4,26.14,12.2754
16894.41,25.14,12.2754
16895.41,25.28,12.2754
16896.41,26.19,12.2754
16897.41,26.58,12.2754
16898.41,25.23,12.2754
16899.41,25.2,12.2754
16900.42,25.3,12.2754
16901.42,25.84,12.2754
16902.42,26.05,12.2754
16903.42,25.22,12.2754
16904.42,49.2,12.2798
16905.42,100.07,12.3929
16906.42,71.32,12.3929
16907.43,25.28,12.3929
16908.43,25.3,12.3929
16909.43,25.32,12.3929
16910.43,25.21,12.3929
16911.43,25.31,12.3929
16912.43,25.24,12.3929
16913.43,25.32,12.3931
16914.44,25.21,12.3931
16915.44,25.25,12.3931
16916.44,25.27,12.3931
16917.44,25.23,12.3931
16918.44,26.3,12.3931
16919.44,25.19,12.3931
16920.45,25.22,12.3931
16921.45,25.33,12.3931
16922.45,25.22,12.3931
16923.45,26.39,12.3931
16924.45,25.32,12.3931
16925.45,25.21,12.3931
16926.45,32.47,12.3932
16927.45,76.18,12.3935
16928.46,42.16,12.3935
16929.46,38.27,12.3935
16930.46,26.61,12.3935
16931.46,25.16,12.3935
16932.46,25.38,12.3935
16933.46,41.33,12.3935
16934.47,32.73,12.3935
16935.47,25.27,12.3935
16936.47,25.17,12.3935
16937.47,25.28,12.3935
16938.47,25.18,12.3935
16939.47,25.3,12.3935
16940.48,25.18,12.3935
16941.48,25.14,12.3935
16942.48,28.6,12.3935
16943.48,25.12,12.3937
16944.48,25.24,12.3937
16945.48,25.16,12.3937
16946.49,25.15,12.3937
16947.49,25.23,12.3937
16948.49,25.14,12.3937
16949.49,25.27,12.3937
16950.49,25.16,12.3937
16951.49,25.39,12.3937
16952.5,25.39,12.3938
16953.5,25.21,12.3938
16954.5,25.23,12.3938
16955.5,25.14,12.3938
16956.5,25.16,12.3938
16957.5,25.22,12.3938
16958.5,25.11,12.3938
16959.51,25.21,12.3938
16960.51,25.1,12.3938
16961.51,25.14,12.3938
16962.51,25.26,12.3938
16963.51,25.19,12.3938
16964.51,25.25,12.3938
16965.52,25.28,12.3938
16966.52,25.25,12.3938
16967.52,25.15,12.3938
16968.52,25.12,12.3938
16969.52,25.25,12.3938
16970.52,25.12,12.3938
16971.53,25.25,12.3938
16972.53,25.17,12.3938
16973.53,25.15,12.3939
16974.53,25.23,12.3939
16975.53,25.13,12.3939
16976.53,25.24,12.3939
16977.54,25.17,12.3939
16978.54,25.14,12.3939
16979.54,25.22,12.3939
16980.54,25.12,12.3939
16981.54,25.22,12.3939
16982.54,25.13,12.3939
16983.55,25.13,12.3939
16984.55,25.24,12.3939
16985.55,25.17,12.3939
16986.55,25.25,12.3939
16987.55,25.12,12.3939
16988.55,25.11,12.3939
16989.56,25.22,12.3939
16990.56,25.12,12.3939
16991.56,25.22,12.3939
16992.56,25.13,12.3939
16993.56,25.13,12.3939
16994.56,25.22,12.3939
16995.56,25.16,12.3939
16996.57,25.24,12.3939
16997.57,25.12,12.3939
16998.57,25.11,12.3939
16999.57,25.25,12.3939
17000.57,25.13,12.3939
17001.57,25.21,12.3939
17002.58,25.16,12.394
17003.58,25.15,12.394
17004.58,25.25,12.394
17005.58,25.12,12.394
17006.58,25.24,12.394
17007.58,25.12,12.394
17008.59,25.14,12.394
17009.59,25.24,12.394
17010.59,25.14,12.394
17011.59,25.26,12.394
17012.59,25.19,12.394
17013.59,25.15,12.394
17014.6,25.25,12.394
17015.6,25.16,12.394
17016.6,25.27,12.394
17017.6,25.17,12.394
17018.6,25.16,12.394
17019.6,25.29,12.394
17020.6,25.14,12.394
17021.61,25.11,12.394
17022.61,25.27,12.394
17023.61,25.14,12.394
17024.61,25.13,12.394
17025.61,25.26,12.394
17026.61,25.56,12.394
17027.61,25.17,12.394
17028.61,25.22,12.394
17029.62,25.12,12.394
17030.62,25.22,12.394
17031.62,25.12,12.394
17032.62,25.19,12.3941
17033.62,25.26,12.3941
17034.62,25.16,12.3941
17035.63,25.26,12.3941
17036.63,25.16,12.3941
17037.63,25.14,12.3941
17038.63,25.23,12.3941
17039.63,25.11,12.3941
17040.63,25.23,12.3941
17041.64,25.16,12.3941
17042.64,25.16,12.3941
17043.64,25.22,12.3941
17044.64,25.13,12.3941
17045.64,25.26,12.3941
17046.64,25.16,12.3941
17047.65,25.17,12.3941
17048.65,25.26,12.3941
17049.65,25.17,12.3941
17050.65,25.26,12.3941
17051.65,25.16,12.3941
17052.65,25.19,12.3941
17053.66,25.26,12.3941
17054.66,25.14,12.3941
17055.66,25.21,12.3941
17056.66,25.11,12.3941
17057.66,25.14,12.3941
17058.66,25.26,12.3941
17059.67,25.16,12.3941
17060.67,25.29,12.3941
17061.67,25.17,12.3941
17062.67,25.2,12.3943
17063.67,25.27,12.3943
17064.67,25.16,12.3943
17065.67,25.19,12.3943
17066.67,25.28,12.3943
17067.68,25.18,12.3943
17068.68,25.17,12.3943
17069.68,25.28,12.3943
17070.68,25.16,12.3943
17071.68,25.27,12.3943
17072.68,25.2,12.3943
17073.69,25.16,12.3943
17074.69,25.28,12.3943
17075.69,25.18,12.3943
17076.69,25.27,12.3943
17077.69,25.19,12.3943
17078.69,25.18,12.3943
17079.69,25.29,12.3943
17080.7,25.18,12.3943
17081.7,25.27,12.3943
17082.7,25.2,12.3943
17083.7,25.17,12.3943
17084.7,25.27,12.3943
17085.7,25.18,12.3943
17086.71,25.27,12.3943
17087.71,25.18,12.3943
17088.71,25.16,12.3943
17089.71,25.27,12.3943
17090.71,25.17,12.3943
17091.71,25.27,12.3943
17092.72,25.2,12.3944
17093.72,25.17,12.3944
17094.72,25.27,12.3944
17095.72,25.16,12.3944
17096.72,25.26,12.3944
17097.72,25.18,12.3944
17098.72,25.18,12.3944
17099.73,25.18,12.3944
17100.73,25.26,12.3944
17101.73,25.16,12.3944
17102.73,25.29,12.3944
17103.73,25.16,12.3944
17104.73,25.16,12.3944
17105.74,25.26,12.3944
17106.74,25.16,12.3944
17107.74,25.24,12.3944
17108.74,25.16,12.3944
17109.74,25.2,12.3944
17110.74,25.27,12.3944
17111.74,25.17,12.3944
17112.75,25.2,12.3944
17113.75,25.27,12.3944
17114.75,25.18,12.3944
17115.75,25.27,12.3944
17116.75,25.17,12.3944
17117.75,25.18,12.3944
17118.75,25.27,12.3944
17119.76,25.17,12.3944
17120.76,25.28,12.3944
17121.76,25.17,12.3944
17122.76,25.2,12.3945
17123.76,25.3,12.3945
17124.76,25.18,12.3945
17125.77,25.18,12.3945
17126.77,25.28,12.3945
17127.77,25.19,12.3945
17128.77,25.28,12.3945
17129.77,25.17,12.3945
17130.77,25.43,12.3945
17131.77,25.27,12.3945
17132.78,25.2,12.3945
17133.78,25.19,12.3945
17134.78,25.27,12.3945
17135.78,25.18,12.3945
17136.78,25.28,12.3945
17137.78,25.18,12.3945
17138.78,25.18,12.3945
17139.79,25.3,12.3945
17140.79,25.18,12.3945
17141.79,25.17,12.3945
17142.79,25.3,12.3945
17143.79,25.17,12.3945
17144.79,25.27,12.3945
17145.8,25.18,12.3945
17146.8,25.16,12.3945
17147.8,25.24,12.3945
17148.8,25.11,12.3945
17149.8,25.12,12.3945
17150.8,25.23,12.3945
17151.8,25.12,12.3945
17152.8,25.19,12.3946
17153.81,25.28,12.3946
17154.81,25.16,12.3946
17155.81,25.13,12.3946
17156.81,25.26,12.3946
17157.81,25.16,12.3946
17158.81,25.12,12.3946
17159.81,25.24,12.3946
17160.82,25.17,12.3946
17161.82,25.17,12.3946
17162.82,25.31,12.3946
17163.82,25.17,12.3946
17164.82,25.18,12.3946
17165.82,25.3,12.3946
17166.82,25.17,12.3946
17167.83,25.18,12.3946
17168.83,25.29,12.3946
17169.83,25.51,12.3946
17170.83,25.17,12.3946
17171.83,25.29,12.3946
17172.83,25.21,12.3946
17173.83,25.16,12.3946
17174.83,25.28,12.3946
17175.84,25.14,12.3946
17176.84,25.12,12.3946
17177.84,25.25,12.3946
17178.84,25.12,12.3946
17179.84,25.13,12.3946
17180.84,25.22,12.3946
17181.84,25.12,12.3946
17182.84,25.15,12.3946
17183.85,25.23,12.3946
17184.85,25.12,12.3946
17185.85,25.16,12.3946
17186.85,25.27,12.3948
17187.85,25.18,12.3948
17188.85,25.17,12.3948
17189.86,25.27,12.3948
17190.86,25.17,12.3948
17191.86,25.28,12.3948
17192.86,25.2,12.3948
17193.86,25.17,12.3948
17194.86,25.3,12.3948
17195.86,25.18,12.3948
17196.87,25.19,12.3948
17197.87,25.29,12.3948
17198.87,25.17,12.3948
17199.87,25.28,12.3948
17200.87,25.18,12.3948
17201.87,25.12,12.3948
17202.87,25.24,12.3948
17203.88,25.12,12.3948
17204.88,25.23,12.3948
17205.88,25.19,12.3948
17206.88,25.18,12.3948
17207.88,25.28,12.3948
17208.88,25.16,12.3948
17209.89,25.22,12.3948
17210.89,25.13,12.3948
17211.89,25.13,12.3948
17212.89,25.28,12.3948
17213.89,25.18,12.3948
17214.89,25.18,12.3948
17215.89,25.31,12.3948
17216.9,25.18,12.3948
17217.9,25.18,12.3948
17218.9,25.29,12.3948
17219.9,25.18,12.3948
17220.9,25.18,12.3948
17221.9,25.29,12.3948
17222.9,25.19,12.3949
17223.91,25.17,12.3949
17224.91,25.24,12.3949
17225.91,25.67,12.3949
17226.91,25.16,12.3949
17227.91,25.27,12.3949
17228.91,25.17,12.3949
17229.91,25.28,12.3949
17230.92,25.17,12.3949
17231.92,25.19,12.3949
17232.92,25.29,12.3949
17233.92,25.16,12.3949
17234.92,25.18,12.3949
17235.92,25.27,12.3949
17236.92,25.18,12.3949
17237.93,25.29,12.3949
17238.93,25.16,12.3949
17239.93,25.16,12.3949
17240.93,30.79,12.3949
17241.93,99.89,12.4073
17242.93,82.74,12.4128
17243.93,25.27,12.4128
17244.94,25.16,12.4128
17245.94,25.16,12.4128
17246.94,25.26,12.4128
17247.94,25.17,12.4128
17248.94,25.26,12.4128
17249.94,25.13,12.4128
17250.95,25.13,12.4128
17251.95,25.2,12.4128
17252.95,25.13,12.4128
17253.95,25.12,12.4128
17254.95,25.24,12.4128
17255.95,25.12,12.4128
17256.95,25.12,12.4128
17257.95,25.24,12.4128
17258.96,25.13,12.4128
17259.96,25.16,12.4128
17260.96,25.26,12.4128
17261.96,25.16,12.4128
17262.96,25.28,12.4128
17263.96,25.11,12.4128
17264.96,25.12,12.4128
17265.97,25.24,12.4128
17266.97,25.12,12.4128
17267.97,25.12,12.4128
17268.97,25.22,12.4128
17269.97,25.12,12.4128
17270.97,25.11,12.4128
17271.97,25.24,12.4128
17272.98,25.13,12.4129
17273.98,25.11,12.4129
17274.98,25.21,12.4129
17275.98,25.11,12.4129
17276.98,25.12,12.4129
17277.98,25.27,12.4129
17278.98,25.16,12.4129
17279.99,25.16,12.4129
17280.99,25.26,12.4129
17281.99,25.15,12.4129
17282.99,25.26,12.4129
17283.99,25.13,12.4129
17284.99,25.11,12.4129
17285.99,25.21,12.4129
17287.0,25.11,12.4129
17288.0,25.23,12.4129
17289.0,25.14,12.4129
17290.0,25.17,12.4129
17291.0,25.26,12.4129
17292.0,25.19,12.4129
17293.0,25.16,12.4129
17294.01,25.21,12.4129
17295.01,25.13,12.4129
17296.01,25.11,12.4129
17297.01,25.22,12.4129
17298.01,25.14,12.4129
17299.01,25.22,12.4129
17300.02,25.14,12.4129
17301.02,25.16,12.4129
17302.02,25.26,12.4129
17303.02,25.18,12.413
17304.02,25.26,12.413
17305.02,25.15,12.413
17306.03,25.16,12.413
17307.03,25.27,12.413
17308.03,25.17,12.413
17309.03,25.27,12.413
17310.03,25.17,12.413
17311.03,25.18,12.413
17312.03,25.26,12.413
17313.04,25.19,12.413
17314.04,25.16,12.413
17315.04,25.27,12.413
17316.04,25.15,12.413
17317.04,25.28,12.413
17318.04,25.18,12.413
17319.05,25.17,12.413
17320.05,25.29,12.413
17321.05,25.17,12.413
17322.05,25.17,12.413
17323.05,25.3,12.413
17324.05,25.18,12.413
17325.05,25.17,12.413
17326.05,25.27,12.413
17327.06,25.16,12.413
17328.06,25.18,12.413
17329.06,25.26,12.413
17330.06,25.18,12.413
17331.06,25.16,12.413
17332.06,25.26,12.413
17333.06,25.19,12.413
17334.07,25.27,12.413
17335.07,25.17,12.413
17336.07,25.17,12.413
17337.07,25.27,12.413
17338.07,25.19,12.413
17339.07,25.28,12.413
17340.08,25.18,12.413
17341.08,25.18,12.413
17342.08,25.3,12.413
17343.08,25.2,12.4132
17344.08,25.17,12.4132
17345.08,25.23,12.4132
17346.08,25.13,12.4132
17347.09,25.21,12.4132
17348.09,25.13,12.4132
17349.09,25.16,12.4132
17350.09,25.27,12.4132
17351.09,25.16,12.4132
17352.09,25.26,12.4132
17353.1,25.19,12.4132
17354.1,25.16,12.4132
17355.1,25.26,12.4132
17356.1,25.17,12.4132
17357.1,25.17,12.4132
17358.1,25.27,12.4132
17359.1,25.11,12.4132
17360.11,25.21,12.4132
17361.11,25.12,12.4132
17362.11,25.14,12.4132
17363.11,25.29,12.4132
17364.11,25.15,12.4132
17365.11,25.21,12.4132
17366.12,25.12,12.4132
17367.12,25.12,12.4132
17368.12,25.23,12.4132
17369.12,25.12,12.4132
17370.12,25.21,12.4132
17371.12,25.11,12.4132
17372.13,25.11,12.4132
17373.13,25.24,12.4133
17374.13,25.11,12.4133
17375.13,25.21,12.4133
17376.13,25.11,12.4133
17377.13,25.11,12.4133
17378.14,25.23,12.4133
17379.14,25.15,12.4133
17380.14,25.21,12.4133
17381.14,25.12,12.4133
17382.14,25.12,12.4133
17383.14,25.24,12.4133
17384.14,25.14,12.4133
17385.15,25.28,12.4133
17386.15,25.17,12.4133
17387.15,25.17,12.4133
17388.15,25.27,12.4133
17389.15,25.16,12.4133
17390.15,25.26,12.4133
17391.16,25.16,12.4133
17392.16,25.16,12.4133
17393.16,25.29,12.4133
17394.16,25.13,12.4133
17395.16,25.21,12.4133
17396.16,25.11,12.4133
17397.17,25.11,12.4133
17398.17,25.26,12.4133
17399.17,25.15,12.4133
17400.17,25.21,12.4133
17401.17,25.13,12.4133
17402.17,25.15,12.4133
17403.17,25.23,12.4134
17404.18,25.11,12.4134
17405.18,25.11,12.4134
17406.18,25.23,12.4134
17407.18,25.18,12.4134
17408.18,25.29,12.4134
17409.18,25.18,12.4134
17410.19,25.18,12.4134
17411.19,25.3,12.4134
17412.19,25.19,12.4135
17413.19,25.2,12.4135
17414.19,25.3,12.4135
17415.19,25.17,12.4135
17416.19,25.17,12.4135
17417.19,25.3,12.4135
17418.2,25.18,12.4135
17419.2,25.17,12.4135
17420.2,25.27,12.4135
17421.2,25.17,12.4135
17422.2,25.18,12.4135
17423.2,25.28,12.4135
17424.21,25.16,12.4135
17425.21,25.24,12.4135
17426.21,25.14,12.4135
17427.21,25.15,12.4135
17428.21,25.24,12.4135
17429.21,25.15,12.4134
17430.21,25.26,12.4134
17431.22,25.17,12.4134
17432.22,25.17,12.4135
17433.22,25.28,12.4136
17434.22,25.17,12.4136
17435.22,25.19,12.4136
17436.22,25.26,12.4136
17437.22,25.15,12.4136
17438.23,25.23,12.4136
17439.23,25.16,12.4136
17440.23,25.16,12.4136
17441.23,25.26,12.4136
17442.23,25.18,12.4136
17443.23,25.19,12.4136
17444.24,25.23,12.4136
17445.24,25.12,12.4136
17446.24,25.25,12.4136
17447.24,25.18,12.4136
17448.24,25.15,12.4136
17449.24,25.22,12.4136
17450.24,25.11,12.4136
17451.25,25.27,12.4136
17452.25,25.18,12.4136
17453.25,25.18,12.4136
17454.25,25.26,12.4136
17455.25,25.17,12.4136
17456.25,25.26,12.4136
17457.26,25.17,12.4136
17458.26,25.17,12.4136
17459.26,25.28,12.4136
17460.26,25.16,12.4136
17461.26,25.17,12.4136
17462.26,25.27,12.4136
17463.26,25.18,12.4138
17464.27,25.27,12.4138
17465.27,25.16,12.4138
17466.27,25.17,12.4138
17467.27,25.29,12.4138
17468.27,25.17,12.4138
17469.27,25.17,12.4138
17470.27,25.27,12.4138
17471.28,25.17,12.4138
17472.28,25.19,12.4138
17473.28,25.29,12.4138
17474.28,25.17,12.4138
17475.28,25.16,12.4138
17476.28,25.27,12.4138
17477.28,25.18,12.4138
17478.29,25.28,12.4138
17479.29,25.18,12.4138
17480.29,25.58,12.4138
17481.29,25.26,12.4138
17482.29,25.17,12.4138
17483.29,25.28,12.4138
17484.3,25.17,12.4138
17485.3,25.17,12.4138
17486.3,25.28,12.4138
17487.3,25.17,12.4138
17488.3,25.16,12.4138
17489.3,25.29,12.4138
17490.3,25.19,12.4138
17491.31,25.17,12.4138
17492.31,25.29,12.4139
17493.31,25.12,12.414
17494.31,25.11,12.414
17495.31,25.21,12.414
17496.31,25.16,12.414
17497.31,25.28,12.414
17498.32,25.17,12.414
17499.32,25.17,12.414
17500.32,25.28,12.414
17501.32,25.14,12.414
17502.32,25.27,12.414
17503.32,25.18,12.414
17504.33,25.17,12.414
17505.33,25.28,12.414
17506.33,25.16,12.414
17507.33,25.17,12.414
17508.33,25.28,12.414
17509.33,25.16,12.414
17510.33,25.16,12.414
17511.33,25.28,12.414
17512.34,25.17,12.414
17513.34,25.18,12.414
17514.34,25.28,12.414
17515.34,25.17,12.414
17516.34,25.18,12.414
17517.34,25.28,12.414
17518.34,25.17,12.414
17519.35,25.1,12.414
17520.35,25.23,12.414
17521.35,25.12,12.414
17522.35,25.18,12.414
17523.35,25.29,12.4141
17524.35,25.18,12.4141
17525.35,25.16,12.4141
17526.36,25.27,12.4141
17527.36,25.18,12.4141
17528.36,25.27,12.4141
17529.36,25.12,12.4141
17530.36,25.15,12.4141
17531.36,25.27,12.4141
17532.36,25.17,12.4141
17533.37,25.23,12.4141
17534.37,25.13,12.4141
17535.37,25.19,12.4141
17536.37,25.27,12.4141
17537.37,25.17,12.4141
17538.37,25.17,12.4141
17539.37,25.27,12.4141
17540.38,25.17,12.4141
17541.38,25.27,12.4141
17542.38,25.17,12.4141
17543.38,25.2,12.4141
17544.38,25.16,12.4141
17545.38,25.26,12.4141
17546.38,25.18,12.4141
17547.39,25.27,12.4141
17548.39,25.16,12.4141
17549.39,25.17,12.4141
17550.39,25.27,12.4141
17551.39,25.17,12.4141
17552.39,25.28,12.4141
17553.4,25.18,12.4141
17554.4,25.16,12.4141
17555.4,25.27,12.4141
17556.4,25.16,12.4141
17557.4,25.18,12.4141
17558.4,25.24,12.4141
17559.4,25.12,12.4141
17560.41,25.21,12.4142
17561.41,25.11,12.4142
17562.41,25.17,12.4142
17563.41,25.29,12.4142
17564.41,25.17,12.4142
17565.41,25.17,12.4142
17566.42,25.23,12.4142
17567.42,25.16,12.4142
17568.42,25.22,12.4142
17569.42,25.11,12.4142
17570.42,25.12,12.4142
17571.42,25.22,12.4142
17572.42,25.14,12.4142
17573.42,25.13,12.4142
17574.43,25.16,12.4142
17575.43,25.27,12.4142
17576.43,25.17,12.4142
17577.43,25.28,12.4142
17578.43,25.16,12.4142
17579.43,25.16,12.4142
17580.44,25.26,12.4142
17581.44,25.16,12.4142
17582.44,25.27,12.4142
17583.44,25.15,12.4144
17584.44,25.13,12.4144
17585.44,25.26,12.4144
17586.44,25.17,12.4144
17587.45,25.28,12.4144
17588.45,25.1,12.4144
17589.45,25.11,12.4144
17590.45,25.25,12.4144
17591.45,25.16,12.4144
17592.45,25.18,12.4144
17593.46,25.12,12.4144
17594.46,25.11,12.4144
17595.46,25.27,12.4144
17596.46,25.17,12.4144
17597.46,25.25,12.4144
17598.46,25.14,12.4144
17599.47,25.11,12.4144
17600.47,25.21,12.4144
17601.47,25.11,12.4144
17602.47,25.22,12.4144
17603.47,25.12,12.4144
17604.47,25.11,12.4144
17605.47,25.21,12.4144
17606.48,25.12,12.4144
17607.48,25.23,12.4144
17608.48,25.11,12.4144
17609.48,25.16,12.4144
17610.48,25.26,12.4144
17611.48,25.16,12.4144
17612.49,25.27,12.4144
17613.49,25.17,12.4144
17614.49,25.16,12.4144
17615.49,25.26,12.4144
17616.49,25.15,12.4144
17617.49,25.28,12.4144
17618.5,25.15,12.4144
17619.5,25.16,12.4145
17620.5,25.26,12.4145
17621.5,25.12,12.4145
17622.5,25.24,12.4145
17623.5,25.14,12.4145
17624.51,25.13,12.4145
17625.51,25.26,12.4145
17626.51,25.16,12.4145
17627.51,25.15,12.4145
17628.51,25.22,12.4145
17629.51,25.12,12.4145
17630.51,25.22,12.4145
17631.52,25.15,12.4145
17632.52,25.28,12.4145
17633.52,25.25,12.4145
17634.52,25.18,12.4145
17635.52,25.27,12.4145
17636.52,25.17,12.4145
17637.53,25.13,12.4145
17638.53,25.21,12.4145
17639.53,25.12,12.4145
17640.53,25.24,12.4145
17641.53,25.17,12.4145
17642.53,25.17,12.4145
17643.53,25.29,12.4146
17644.54,25.16,12.4146
17645.54,25.17,12.4146
17646.54,25.27,12.4146
17647.54,25.15,12.4146
17648.54,25.27,12.4146
17649.54,25.17,12.4146
17650.55,25.17,12.4146
17651.55,25.27,12.4146
17652.55,25.19,12.4146
17653.55,25.29,12.4146
17654.55,25.17,12.4146
17655.55,25.28,12.4146
17656.56,25.18,12.4146
17657.56,25.13,12.4146
17658.56,25.22,12.4146
17659.56,25.12,12.4146
17660.56,25.25,12.4146
17661.56,25.17,12.4146
17662.57,25.19,12.4146
17663.57,25.3,12.4146
17664.57,25.18,12.4146
17665.57,25.27,12.4146
17666.57,25.18,12.4146
17667.57,25.21,12.4146
17668.58,25.24,12.4146
17669.58,25.12,12.4146
17670.58,25.22,12.4146
17671.58,25.17,12.4146
17672.58,25.2,12.4147
17673.58,25.25,12.4147
17674.59,25.12,12.4147
17675.59,25.23,12.4147
17676.59,25.13,12.4147
17677.59,25.25,12.4147
17678.59,25.14,12.4147
17679.59,25.16,12.4147
17680.59,25.23,12.4147
17681.6,25.16,12.4147
17682.6,25.26,12.4147
17683.6,25.11,12.4147
17684.6,25.11,12.4147
17685.6,25.24,12.4147
17686.6,25.17,12.4147
17687.61,25.28,12.4147
17688.61,25.14,12.4147
17689.61,25.15,12.4147
17690.61,25.23,12.4147
17691.61,25.18,12.4147
17692.61,25.16,12.4147
17693.62,25.21,12.4147
17694.62,25.12,12.4147
17695.62,25.27,12.4147
17696.62,25.17,12.4147
17697.62,25.25,12.4147
17698.62,25.11,12.4147
17699.63,25.11,12.4147
17700.63,25.21,12.4147
17701.63,25.12,12.4147
17702.63,25.25,12.4147
17703.63,25.12,12.4147
17704.63,25.12,12.4147
17705.64,25.22,12.4147
17706.64,25.13,12.4147
17707.64,25.24,12.4147
17708.64,25.13,12.4147
17709.64,25.23,12.4147
17710.64,25.13,12.4147
17711.65,25.13,12.4147
17712.65,25.25,12.4149
17713.65,25.13,12.4149
17714.65,25.22,12.4149
17715.65,25.12,12.4149
17716.65,25.23,12.4149
17717.65,25.15,12.4149
17718.66,25.12,12.4149
17719.66,25.23,12.4149
17720.66,25.13,12.4149
17721.66,25.13,12.4149
17722.66,25.3,12.4149
17723.66,25.19,12.4149
17724.67,25.28,12.4149
17725.67,25.18,12.4149
17726.67,25.18,12.4149
17727.67,25.28,12.4149
17728.67,25.15,12.4149
17729.67,25.28,12.4149
17730.68,25.14,12.4149
17731.68,25.13,12.4149
17732.68,25.3,12.4149
17733.68,25.18,12.4149
17734.68,25.28,12.4149
17735.68,25.19,12.4149
17736.69,25.19,12.4149
17737.69,25.3,12.4149
17738.69,25.19,12.4149
17739.69,25.3,12.4149
17740.69,25.18,12.4149
17741.69,25.29,12.4149
17742.7,25.22,12.415
17743.7,25.19,12.415
17744.7,25.31,12.415
17745.7,25.19,12.415
17746.7,25.19,12.415
17747.7,25.3,12.415
17748.7,25.19,12.415
17749.71,25.29,12.415
17750.71,25.19,12.415
17751.71,25.19,12.415
17752.71,25.31,12.415
17753.71,25.19,12.415
17754.71,25.29,12.415
17755.72,25.19,12.415
17756.72,25.29,12.415
17757.72,25.19,12.415
17758.72,25.19,12.415
17759.72,25.28,12.415
17760.72,25.2,12.415
17761.73,25.29,12.415
17762.73,25.21,12.415
17763.73,25.18,12.415
17764.73,25.28,12.415
17765.73,25.18,12.415
17766.73,25.29,12.415
17767.74,25.19,12.415
17768.74,25.18,12.415
17769.74,25.45,12.415
17770.74,25.31,12.415
17771.74,25.23,12.415
17772.74,25.15,12.4151
17773.75,25.13,12.4151
17774.75,25.26,12.4151
17775.75,25.19,12.4151
17776.75,25.28,12.4151
17777.75,25.19,12.4151
17778.75,25.19,12.4151
17779.76,25.29,12.4151
17780.76,25.18,12.4151
17781.76,25.28,12.4151
17782.76,25.2,12.4151
17783.76,25.19,12.4151
17784.76,25.27,12.4151
17785.76,25.17,12.4151
17786.77,25.28,12.4151
17787.77,25.17,12.4151
17788.77,25.16,12.4151
17789.77,25.29,12.4151
17790.77,25.17,12.4151
17791.77,25.17,12.4151
17792.77,25.49,12.4151
17793.78,25.16,12.4151
17794.78,25.27,12.4151
17795.78,25.17,12.4151
17796.78,25.17,12.4151
17797.78,25.3,12.4151
17798.78,25.17,12.4151
17799.79,25.17,12.4151
17800.79,25.29,12.4151
17801.79,25.17,12.4151
17802.79,25.19,12.4152
17803.79,25.28,12.4152
17804.79,25.17,12.4152
17805.79,25.18,12.4152
17806.8,25.27,12.4152
17807.8,25.15,12.4152
17808.8,25.26,12.4152
17809.8,25.16,12.4152
17810.8,25.16,12.4152
17811.8,25.26,12.4152
17812.8,25.19,12.4152
17813.81,25.22,12.4152
17814.81,25.11,12.4152
17815.81,25.16,12.4152
17816.81,25.27,12.4152
17817.81,25.19,12.4152
17818.81,25.27,12.4152
17819.82,33.57,12.4152
17820.82,99.92,12.422
17821.82,80.75,12.4233
17822.82,25.19,12.4234
17823.82,25.17,12.4234
17824.82,25.27,12.4234
17825.82,25.17,12.4234
17826.83,25.27,12.4234
17827.83,25.17,12.4234
17828.83,25.16,12.4234
17829.83,25.28,12.4234
17830.83,25.16,12.4234
17831.83,25.27,12.4234
17832.84,25.19,12.4234
17833.84,25.16,12.4234
17834.84,25.25,12.4234
17835.84,25.11,12.4234
17836.84,25.22,12.4234
17837.84,25.12,12.4234
17838.85,25.11,12.4234
17839.85,25.22,12.4234
17840.85,25.17,12.4234
17841.85,25.26,12.4234
17842.85,25.17,12.4234
17843.85,25.15,12.4234
17844.85,25.25,12.4234
17845.86,25.16,12.4234
17846.86,25.17,12.4234
17847.86,25.29,12.4234
17848.86,25.18,12.4234
17849.86,25.27,12.4234
17850.86,25.18,12.4234
17851.87,25.18,12.4234
17852.87,25.31,12.4235
17853.87,25.18,12.4235
17854.87,25.29,12.4235
17855.87,25.19,12.4235
17856.87,25.19,12.4235
17857.87,25.33,12.4235
17858.88,25.18,12.4235
17859.88,25.19,12.4235
17860.88,25.31,12.4235
17861.88,25.19,12.4235
17862.88,25.2,12.4235
17863.88,25.3,12.4235
17864.88,25.18,12.4235
17865.89,25.18,12.4235
17866.89,25.3,12.4235
17867.89,25.2,12.4235
17868.89,25.18,12.4235
17869.89,25.28,12.4235
17870.89,25.17,12.4235
17871.89,25.27,12.4235
17872.9,25.2,12.4235
17873.9,25.17,12.4235
17874.9,25.28,12.4235
17875.9,25.17,12.4235
17876.9,25.28,12.4235
17877.9,25.18,12.4235
17878.91,25.16,12.4235
17879.91,25.29,12.4235
17880.91,25.17,12.4235
17881.91,25.25,12.4235
17882.91,25.13,12.4236
17883.91,25.17,12.4236
17884.91,25.25,12.4236
17885.92,25.17,12.4236
17886.92,25.19,12.4236
17887.92,25.29,12.4236
17888.92,25.13,12.4236
17889.92,25.12,12.4236
17890.92,25.22,12.4236
17891.92,25.13,12.4236
17892.93,25.25,12.4236
17893.93,25.13,12.4236
17894.93,25.19,12.4236
17895.93,25.3,12.4236
17896.93,25.18,12.4236
17897.93,25.25,12.4236
17898.94,25.13,12.4236
17899.94,25.13,12.4236
17900.94,25.26,12.4236
17901.94,25.2,12.4236
17902.94,25.32,12.4236
17903.94,25.19,12.4236
17904.95,25.29,12.4236
17905.95,25.19,12.4236
17906.95,25.19,12.4236
17907.95,25.32,12.4236
17908.95,25.18,12.4236
17909.95,25.19,12.4236
17910.95,25.29,12.4237
17911.96,25.19,12.4237
17912.96,25.3,12.4238
17913.96,25.12,12.4238
17914.96,25.12,12.4238
17915.96,25.29,12.4238
17916.96,25.16,12.4238
17917.97,25.25,12.4238
17918.97,25.19,12.4238
17919.97,25.2,12.4238
17920.97,25.29,12.4238
17921.97,25.2,12.4238
17922.97,25.31,12.4238
17923.98,25.18,12.4238
17924.98,25.19,12.4238
17925.98,25.3,12.4238
17926.98,25.14,12.4238
17927.98,25.24,12.4238
17928.98,25.13,12.4238
17929.99,25.12,12.4238
17930.99,25.23,12.4238
17931.99,25.13,12.4238
17932.99,25.38,12.4238
17933.99,25.18,12.4238
17934.99,25.13,12.4238
17935.99,25.22,12.4238
17937.0,25.12,12.4238
17938.0,25.23,12.4238
17939.0,25.12,12.4238
17940.0,25.12,12.4238
17941.0,25.22,12.4238
17942.0,25.14,12.4238
17943.01,25.28,12.424
17944.01,25.17,12.424
17945.01,25.16,12.424
17946.01,25.27,12.424
17947.01,25.17,12.424
17948.01,25.23,12.424
17949.02,25.17,12.424
17950.02,25.18,12.424
17951.02,25.3,12.424
17952.02,25.18,12.424
17953.02,25.19,12.424
17954.02,25.22,12.424
17955.02,25.12,12.424
17956.03,25.22,12.424
17957.03,25.17,12.424
17958.03,25.2,12.424
17959.03,25.28,12.424
17960.03,25.15,12.424
17961.03,25.29,12.424
17962.04,25.18,12.424
17963.04,25.21,12.424
17964.04,25.28,12.424
17965.04,25.2,12.424
17966.04,25.29,12.424
17967.04,25.19,12.424
17968.05,25.2,12.424
17969.05,25.32,12.424
17970.05,25.2,12.424
17971.05,25.19,12.424
17972.05,25.26,12.424
17973.05,25.24,12.4241
17974.05,26.06,12.3297
17975.05,83.0,2.4911
17976.06,79.4,2.8149
17977.06,77.77,3.0708
17978.06,90.83,3.2177
17979.06,84.92,3.4966
17980.06,80.45,3.8021
17981.06,77.67,4.1193
17982.06,77.62,4.4026
17983.07,76.94,4.6314
17984.07,75.87,4.821
17985.07,75.47,4.9962
17986.07,75.41,5.1876
17987.07,76.57,5.3643
17988.07,61.58,5.9429
17989.07,25.49,6.7305
17990.08,47.22,7.5687
17991.08,99.85,8.5826
17992.08,96.99,9.2917
17993.08,25.47,9.4441
17994.08,25.23,9.4441
17995.08,58.96,9.4443
17996.08,76.93,9.4461
17997.08,76.21,9.4478
17998.09,75.26,9.4495
17999.09,76.94,9.4501
18000.09,58.5,9.4501
18001.09,63.75,9.4502
18002.09,57.72,9.4605
18003.09,30.73,9.4606
18004.09,34.37,9.4606
18005.1,57.18,9.4622
18006.1,37.44,9.4622
18007.1,28.7,9.4622
18008.1,35.15,9.4622
18009.1,28.35,9.4622
18010.1,26.07,9.4489
18011.1,25.42,9.4489
18012.1,29.3,9.4488
18013.11,27.57,9.449
18014.11,64.75,10.0477
18015.11,99.86,10.7525
18016.11,100.25,11.4106
18017.11,99.9,12.1094
18018.11,37.91,12.2325
18019.11,28.59,12.2758
18020.12,25.33,12.2758
18021.12,32.64,12.2758
18022.12,27.37,12.2758
18023.12,25.32,12.2758
18024.12,27.12,12.2758
18025.12,42.34,12.2758
18026.12,37.75,12.2758
18027.13,26.23,12.2758
18028.13,25.48,12.2758
18029.13,25.25,12.2758
18030.13,29.45,12.2758
18031.13,27.55,12.2758
18032.13,25.2,12.2758
18033.14,26.69,12.276
18034.14,28.94,12.276
18035.14,26.53,12.2759
18036.14,25.72,12.2759
18037.14,25.2,12.2759
18038.14,25.5,12.2759
18039.14,25.21,12.2759
18040.15,25.22,12.2759
18041.15,26.25,12.2759
18042.15,31.53,12.2759
18043.15,29.96,12.2759
18044.15,26.28,12.2759
18045.15,27.47,12.2759
18046.16,50.29,12.2772
18047.16,26.95,12.2772
18048.16,25.37,12.2772
18049.16,30.24,12.2772
18050.16,28.57,12.2772
18051.16,25.48,12.2772
18052.16,25.82,12.2772
18053.17,25.94,12.2772
18054.17,25.23,12.2772
18055.17,30.02,12.2772
18056.17,32.72,12.2772
18057.17,25.16,12.2772
18058.17,25.89,12.2772
18059.18,25.94,12.2772
18060.18,25.19,12.2772
18061.18,25.29,12.2772
18062.18,25.25,12.2772
18063.18,26.51,12.2774
18064.18,25.23,12.2774
18065.18,25.17,12.2774
18066.19,27.57,12.2774
18067.19,25.21,12.2774
18068.19,25.19,12.2774
18069.19,27.21,12.2774
18070.19,25.72,12.2774
18071.19,25.3,12.2774
18072.2,25.26,12.2774
18073.2,25.23,12.2774
18074.2,25.3,12.2774
18075.2,25.21,12.2774
18076.2,25.82,12.2774
18077.2,25.62,12.2774
18078.21,25.16,12.2774
18079.21,25.23,12.2774
18080.21,25.17,12.2774
18081.21,25.24,12.2774
18082.21,25.19,12.2774
18083.21,25.2,12.2774
18084.22,25.25,12.2774
18085.22,25.13,12.2774
18086.22,26.07,12.2774
18087.22,25.62,12.2774
18088.22,25.19,12.2774
18089.22,32.86,12.2774
18090.23,25.2,12.2774
18091.23,25.9,12.2774
18092.23,26.04,12.2774
18093.23,25.92,12.2775
18094.23,25.21,12.2775
18095.23,26.08,12.2775
18096.23,25.24,12.2775
18097.24,25.17,12.2775
18098.24,25.13,12.2775
18099.24,25.25,12.2775
18100.24,25.62,12.2775
18101.24,25.21,12.2775
18102.24,25.25,12.2775
18103.24,28.48,12.2775
18104.25,99.81,12.3391
18105.25,95.32,12.3923
18106.25,25.26,12.3923
18107.25,25.31,12.3923
18108.25,25.33,12.3923
18109.25,25.2,12.3923
18110.26,25.3,12.3923
18111.26,25.24,12.3923
18112.26,25.31,12.3923
18113.26,26.64,12.3923
18114.26,28.31,12.3923
18115.26,25.31,12.3923
18116.26,25.2,12.3923
18117.27,25.29,12.3923
18118.27,25.47,12.3923
18119.27,25.18,12.3923
18120.27,25.32,12.3923
18121.27,25.19,12.3923
18122.27,25.31,12.3923
18123.28,25.29,12.3923
18124.28,25.32,12.3923
18125.28,25.39,12.3923
18126.28,60.81,12.3923
18127.28,76.82,12.3934
18128.28,75.2,12.3951
18129.29,75.08,12.442
18130.29,75.93,12.4434
18131.29,75.15,12.4782
18132.29,59.44,12.479
18133.29,25.36,12.4791
18134.29,25.19,12.4791
18135.29,25.4,12.4551
18136.3,25.3,12.4551
18137.3,25.2,12.4551
18138.3,25.29,12.4551
18139.3,25.18,12.4551
18140.3,26.05,12.4551
18141.3,25.28,12.4551
18142.3,25.18,12.4551
18143.31,25.29,12.4551
18144.31,25.16,12.4551
18145.31,25.23,12.4377
18146.31,25.29,12.4377
18147.31,25.17,12.4377
18148.31,25.17,12.4377
18149.31,25.27,12.4377
18150.32,25.17,12.4377
18151.32,25.31,12.4377
18152.32,25.19,12.4377
18153.32,25.2,12.4377
18154.32,25.33,12.4377
18155.32,25.26,12.4377
18156.33,25.95,12.4377
18157.33,46.05,12.4385
18158.33,99.99,12.4613
18159.33,78.33,12.4624
18160.33,26.01,12.4624
18161.33,25.22,12.4624
18162.33,25.88,12.4624
18163.34,25.18,12.4624
18164.34,25.18,12.4624
18165.34,26.04,12.4624
18166.34,25.24,12.4624
18167.34,25.24,12.4624
18168.34,25.53,12.4624
18169.35,25.77,12.4624
18170.35,25.28,12.4624
18171.35,25.17,12.4624
18172.35,25.28,12.4624
18173.35,25.19,12.4625
18174.35,25.17,12.4625
18175.35,25.27,12.4625
18176.36,25.16,12.4625
18177.36,25.28,12.4625
18178.36,25.27,12.4625
18179.36,25.17,12.4625
18180.36,25.25,12.4625
18181.36,25.16,12.4625
18182.37,25.28,12.4625
18183.37,25.19,12.4626
18184.37,25.15,12.4626
18185.37,72.39,12.4703
18186.37,96.98,12.472
18187.37,25.18,12.472
18188.37,25.27,12.472
18189.38,25.18,12.472
18190.38,25.17,12.472
18191.38,25.27,12.472
18192.38,25.19,12.472
18193.38,25.29,12.472
18194.38,25.17,12.472
18195.39,25.13,12.472
18196.39,25.28,12.472
18197.39,25.18,12.472
18198.39,25.53,12.472
18199.39,25.17,12.472
18200.39,25.27,12.472
18201.4,25.17,12.472
18202.4,25.18,12.472
18203.4,25.29,12.4722
18204.4,25.17,12.4722
18205.4,25.27,12.4722
18206.4,25.28,12.4722
18207.41,25.17,12.4722
18208.41,27.29,12.4722
18209.41,25.16,12.4722
18210.41,25.27,12.4722
18211.41,25.16,12.4722
18212.41,25.17,12.4722
18213.41,25.25,12.4722
18214.42,25.14,12.4722
18215.42,25.24,12.4722
18216.42,25.15,12.4722
18217.42,25.18,12.4722
18218.42,25.27,12.4722
18219.42,25.19,12.4722
18220.43,25.18,12.4722
18221.43,25.27,12.4722
18222.43,25.18,12.4722
18223.43,25.29,12.4722
18224.43,25.17,12.4722
18225.43,25.18,12.4722
18226.43,25.3,12.4722
18227.44,25.21,12.4722
18228.44,25.24,12.4722
18229.44,25.16,12.4722
18230.44,25.2,12.4722
18231.44,25.29,12.4722
18232.44,25.17,12.4722
18233.45,25.16,12.4723
18234.45,25.22,12.4723
18235.45,25.12,12.4723
18236.45,25.19,12.4723
18237.45,25.27,12.4723
18238.45,25.16,12.4723
18239.45,49.06,12.4723
18240.46,99.85,12.4741
18241.46,76.51,12.4741
18242.46,25.25,12.4741
18243.46,25.2,12.4741
18244.46,25.12,12.4741
18245.46,25.22,12.4741
18246.46,25.17,12.4741
18247.47,25.28,12.4741
18248.47,25.17,12.4741
18249.47,25.17,12.4741
18250.47,25.28,12.4741
18251.47,25.18,12.4741
18252.47,25.2,12.4741
18253.48,25.28,12.4742
18254.48,25.15,12.4742
18255.48,25.28,12.4742
18256.48,25.17,12.4742
18257.48,25.22,12.4742
18258.48,25.21,12.4742
18259.48,25.15,12.4742
18260.49,25.17,12.4742
18261.49,25.25,12.4742
18262.49,25.15,12.4742
18263.49,25.28,12.4742
18264.49,25.11,12.4742
18265.49,25.14,12.4742
18266.5,25.22,12.4742
18267.5,25.13,12.4742
18268.5,25.21,12.4742
18269.5,47.54,12.7063
18270.5,99.96,13.1712
18271.5,52.89,13.1712
18272.5,25.18,13.1712
18273.51,25.29,13.1714
18274.51,25.17,13.1714
18275.51,25.16,13.1714
18276.51,25.27,13.1714
18277.51,25.33,13.1714
18278.51,25.26,13.1714
18279.52,25.17,13.1714
18280.52,25.17,13.1714
18281.52,25.27,13.1714
18282.52,25.2,13.1714
18283.52,25.28,13.1714
18284.52,25.17,13.1714
18285.53,25.17,13.1714
18286.53,25.29,13.1714
18287.53,25.18,13.1714
18288.53,25.17,13.1714
18289.53,25.28,13.1714
18290.53,25.17,13.1714
18291.53,25.17,13.1714
18292.53,25.29,13.1714
18293.54,25.18,13.1714
18294.54,25.17,13.1714
18295.54,25.28,13.1714
18296.54,25.16,13.1714
18297.54,25.17,13.1714
18298.54,25.28,13.1714
18299.54,25.17,13.1714
18300.54,25.16,13.1714
18301.55,25.27,13.1714
18302.55,25.18,13.1714
18303.55,25.19,13.1715
18304.55,25.28,13.1715
18305.55,25.19,13.1715
18306.55,25.17,13.1715
18307.55,47.81,13.3087
18308.56,25.17,13.3087
18309.56,25.18,13.3087
18310.56,25.27,13.3087
18311.56,25.17,13.3087
18312.56,25.28,13.3087
18313.56,25.2,13.3087
18314.56,25.17,13.3087
18315.57,25.27,13.3087
18316.57,25.17,13.3087
18317.57,25.18,13.3087
18318.57,25.27,13.3087
18319.57,25.16,13.3087
18320.57,25.27,13.3087
18321.58,25.18,13.3087
18322.58,25.2,13.3087
18323.58,25.26,13.3087
18324.58,25.17,13.3087
18325.58,25.16,13.3087
18326.58,25.27,13.3087
18327.59,25.18,13.3087
18328.59,25.27,13.3087
18329.59,25.17,13.3087
18330.59,25.17,13.3087
18331.59,25.29,13.3087
18332.59,25.19,13.3088
18333.59,25.13,13.3088
18334.6,25.26,13.3088
18335.6,25.17,13.3088
18336.6,25.27,13.3088
18337.6,25.19,13.3088
18338.6,25.27,13.3088
18339.6,25.17,13.3088
18340.6,25.18,13.3088
18341.61,25.27,13.3088
18342.61,25.19,13.3088
18343.61,25.17,13.3088
18344.61,25.27,13.3088
18345.61,25.16,13.3088
18346.61,25.27,13.3088
18347.62,25.18,13.3088
18348.62,25.19,13.3088
18349.62,25.25,13.3088
18350.62,25.16,13.3088
18351.62,25.19,13.3088
18352.62,25.3,13.3088
18353.62,25.16,13.3088
18354.63,25.14,13.3088
18355.63,25.21,13.3088
18356.63,25.13,13.3088
18357.63,25.13,13.3088
18358.63,25.26,13.3088
18359.63,25.16,13.3088
18360.63,25.26,13.3088
18361.64,25.17,13.3088
18362.64,25.19,13.3089
18363.64,25.27,13.3089
18364.64,25.17,13.3089
18365.64,25.26,13.3089
18366.64,25.17,13.3089
18367.65,25.18,13.3089
18368.65,25.26,13.3089
18369.65,25.17,13.3089
18370.65,25.26,13.3089
18371.65,25.19,13.3089
18372.65,25.18,13.3089
18373.65,25.27,13.3089
18374.66,25.16,13.3089
18375.66,25.16,13.3089
18376.66,25.27,13.3089
18377.66,25.18,13.3089
18378.66,25.26,13.3089
18379.66,25.17,13.3089
18380.67,25.16,13.3089
18381.67,25.23,13.3089
18382.67,25.16,13.3089
18383.67,25.23,13.3089
18384.67,25.14,13.3089
18385.67,25.17,13.3089
18386.68,25.26,13.3088
18387.68,25.17,13.3088
18388.68,25.28,13.309
18389.68,25.17,13.3089
18390.68,25.14,13.3089
18391.68,25.26,13.3089
18392.68,25.18,13.3089
18393.69,25.24,13.3089
18394.69,25.17,13.3089
18395.69,25.16,13.3089
18396.69,25.27,13.3089
18397.69,25.17,13.3089
18398.69,25.23,13.3089
18399.7,25.12,13.3089
18400.7,37.12,13.3106
18401.7,25.26,13.3106
18402.7,25.18,13.3106
18403.7,25.26,13.3106
18404.7,25.17,13.3106
18405.71,25.18,13.3106
18406.71,25.27,13.3106
18407.71,25.18,13.3106
18408.71,25.27,13.3106
18409.71,25.14,13.3106
18410.71,25.11,13.3106
18411.71,25.23,13.3106
18412.72,25.19,13.3108
18413.72,25.27,13.3108
18414.72,25.16,13.3108
18415.72,25.17,13.3108
18416.72,25.27,13.3108
18417.72,25.17,13.3108
18418.73,25.26,13.3108
18419.73,25.18,13.3108
18420.73,25.16,13.3108
18421.73,25.26,13.3108
18422.73,25.19,13.3108
18423.73,25.18,13.3108
18424.73,25.27,13.3108
18425.74,25.11,13.3108
18426.74,25.15,13.3108
18427.74,25.25,13.3108
18428.74,25.12,13.3108
18429.74,25.12,13.3108
18430.74,25.64,13.3108
18431.74,25.16,13.3108
18432.75,25.2,13.3108
18433.75,25.27,13.3108
18434.75,25.17,13.3108
18435.75,25.28,13.3108
18436.75,25.18,13.3108
18437.75,25.16,13.3108
18438.75,25.21,13.3108
18439.76,25.12,13.3108
18440.76,25.24,13.3108
18441.76,25.17,13.3108
18442.76,25.19,13.3109
18443.76,25.27,13.3109
18444.76,25.16,13.3109
18445.77,25.27,13.3109
18446.77,25.16,13.3109
18447.77,25.17,13.3109
18448.77,25.26,13.3109
18449.77,25.16,13.3109
18450.77,25.25,13.3109
18451.78,25.16,13.3109
18452.78,34.0,13.3134
18453.78,25.26,13.3134
18454.78,25.16,13.3134
18455.78,25.27,13.3134
18456.78,25.16,13.3134
18457.78,25.19,13.3134
18458.79,25.27,13.3134
18459.79,25.36,13.3134
18460.79,25.17,13.3134
18461.79,25.26,13.3134
18462.79,25.19,13.3134
18463.79,25.26,13.3134
18464.8,25.17,13.3134
18465.8,25.19,13.3134
18466.8,25.27,13.3134
18467.8,25.17,13.3134
18468.8,25.15,13.3134
18469.8,25.27,13.3134
18470.8,25.17,13.3134
18471.81,25.27,13.3134
18472.81,25.2,13.3134
18473.81,25.15,13.3134
18474.81,25.25,13.3134
18475.81,25.17,13.3134
18476.81,25.27,13.3134
18477.82,25.18,13.3134
18478.82,25.17,13.3134
18479.82,25.23,13.3134
18480.82,25.15,13.3134
18481.82,25.27,13.3134
18482.82,25.19,13.3135
18483.83,25.16,13.3135
18484.83,25.22,13.3135
18485.83,25.17,13.3135
18486.83,25.27,13.3135
18487.83,25.18,13.3135
18488.83,25.16,13.3135
18489.83,25.28,13.3135
18490.84,25.17,13.3135
18491.84,25.17,13.3135
18492.84,25.29,13.3135
18493.84,25.17,13.3135
18494.84,25.27,13.3135
18495.84,25.17,13.3135
18496.85,25.12,13.3135
18497.85,25.22,13.3135
18498.85,25.14,13.3135
18499.85,25.24,13.3135
18500.85,25.15,13.3135
18501.85,25.14,13.3135
18502.85,25.25,13.3135
18503.86,25.12,13.3135
18504.86,25.16,13.3135
18505.86,25.27,13.3135
18506.86,25.16,13.3135
18507.86,25.28,13.3135
18508.86,25.16,13.3135
18509.87,25.14,13.3135
18510.87,25.26,13.3135
18511.87,25.16,13.3135
18512.87,25.29,13.3137
18513.87,25.13,13.3137
18514.87,25.1,13.3137
18515.88,25.23,13.3137
18516.88,25.1,13.3137
18517.88,25.22,13.3137
18518.88,25.13,13.3137
18519.88,25.12,13.3137
18520.88,25.26,13.3137
18521.88,25.17,13.3137
18522.89,25.29,13.3137
18523.89,25.19,13.3137
18524.89,25.17,13.3137
18525.89,25.26,13.3137
18526.89,25.17,13.3137
18527.89,25.18,13.3137
18528.89,25.23,13.3137
18529.9,25.11,13.3137
18530.9,25.25,13.3137
18531.9,25.16,13.3137
18532.9,25.18,13.3137
18533.9,25.28,13.3137
18534.9,25.16,13.3137
18535.91,25.16,13.3137
18536.91,25.28,13.3137
18537.91,25.14,13.3137
18538.91,25.17,13.3137
18539.91,25.27,13.3137
18540.91,25.16,13.3137
18541.91,25.16,13.3137
18542.92,25.29,13.3138
18543.92,25.16,13.3138
18544.92,25.28,13.3138
18545.92,25.17,13.3138
18546.92,25.15,13.3138
18547.92,25.21,13.3138
18548.92,25.1,13.3138
18549.93,25.11,13.3138
18550.93,25.2,13.3138
18551.93,25.11,13.3138
18552.93,25.23,13.3138
18553.93,25.11,13.3138
18554.93,25.11,13.3138
18555.93,25.21,13.3138
18556.94,25.11,13.3138
18557.94,25.12,13.3138
18558.94,25.21,13.3138
18559.94,25.11,13.3138
18560.94,25.21,13.3138
18561.94,25.11,13.3138
18562.95,25.13,13.3138
18563.95,25.21,13.3138
18564.95,25.11,13.3138
18565.95,25.21,13.3138
18566.95,25.12,13.3138
18567.95,25.12,13.3138
18568.96,25.27,13.3138
18569.96,25.17,13.3138
18570.96,25.18,13.3138
18571.96,25.26,13.3138
18572.96,25.19,13.3139
18573.96,25.27,13.3139
18574.96,25.16,13.3139
18575.97,25.16,13.3139
18576.97,25.28,13.3139
18577.97,25.18,13.3139
18578.97,25.17,13.3139
18579.97,25.27,13.3139
18580.97,25.16,13.3139
18581.97,25.27,13.3139
18582.98,25.18,13.3139
18583.98,25.16,13.3139
18584.98,25.27,13.3139
18585.98,25.17,13.3139
18586.98,25.27,13.3139
18587.98,25.18,13.3139
18588.99,25.16,13.3139
18589.99,25.27,13.3139
18590.99,25.17,13.3139
18591.99,25.16,13.3139
18592.99,25.29,13.3139
18593.99,25.16,13.3139
18594.99,25.26,13.3139
18596.0,25.16,13.3139
18597.0,25.16,13.3139
18598.0,25.28,13.3139
18599.0,25.17,13.3139
18600.0,25.27,13.3139
18601.0,25.17,13.3139
18602.01,25.17,13.3139
18603.01,25.29,13.314
18604.01,25.16,13.314
18605.01,25.26,13.314
18606.01,25.17,13.314
18607.01,25.17,13.314
18608.01,25.27,13.314
18609.02,25.16,13.314
18610.02,25.27,13.314
18611.02,25.17,13.314
18612.02,25.17,13.314
18613.02,25.3,13.314
18614.02,25.17,13.314
18615.03,25.17,13.314
18616.03,25.26,13.314
18617.03,25.16,13.314
18618.03,25.28,13.314
18619.03,25.16,13.314
18620.03,25.17,13.314
18621.03,25.26,13.314
18622.04,25.17,13.314
18623.04,25.29,13.314
18624.04,25.17,13.314
18625.04,25.17,13.314
18626.04,25.27,13.314
18627.04,25.16,13.314
18628.05,25.27,13.314
18629.05,25.16,13.314
18630.05,25.17,13.314
18631.05,25.26,13.314
18632.05,25.17,13.314
18633.05,25.19,13.3142
18634.06,25.26,13.3142
18635.06,25.17,13.3142
18636.06,25.27,13.3142
18637.06,25.16,13.3142
18638.06,25.18,13.3142
18639.06,25.26,13.3142
18640.06,25.18,13.3142
18641.07,25.27,13.3142
18642.07,25.17,13.3142
18643.07,25.19,13.3142
18644.07,25.28,13.3142
18645.07,25.16,13.3142
18646.07,25.17,13.3142
18647.07,25.26,13.3142
18648.08,25.17,13.3142
18649.08,25.27,13.3142
18650.08,25.17,13.3142
18651.08,25.16,13.3142
18652.08,25.28,13.3142
18653.08,25.52,13.3142
18654.08,25.18,13.3142
18655.09,25.26,13.3142
18656.09,25.17,13.3142
18657.09,25.16,13.3142
18658.09,25.28,13.3142
18659.09,25.17,13.3142
18660.09,25.27,13.3142
18661.1,25.17,13.3142
18662.1,25.17,13.3142
18663.1,25.3,13.3142
18664.1,25.17,13.3142
18665.1,25.27,13.3142
18666.1,25.17,13.3142
18667.11,25.16,13.3142
18668.11,25.27,13.3142
18669.11,25.17,13.3142
18670.11,25.27,13.3142
18671.11,25.17,13.3142
18672.11,25.17,13.3142
18673.11,25.45,13.3143
18674.12,25.16,13.3143
18675.12,25.27,13.3143
18676.12,25.17,13.3143
18677.12,25.17,13.3143
18678.12,25.29,13.3143
18679.12,25.17,13.3143
18680.13,25.16,13.3143
18681.13,25.27,13.3143
18682.13,25.17,13.3143
18683.13,25.2,13.3143
18684.13,25.27,13.3143
18685.13,25.17,13.3143
18686.13,25.26,13.3143
18687.14,25.16,13.3142
18688.14,25.17,13.3142
18689.14,25.27,13.3142
18690.14,25.17,13.3142
18691.14,25.26,13.3143
18692.14,25.13,13.3143
18693.15,25.15,13.3143
18694.15,25.21,13.3143
18695.15,25.12,13.3143
18696.15,25.26,13.3143
18697.15,25.16,13.3143
18698.15,25.17,13.3143
18699.15,25.29,13.3143
18700.16,25.17,13.3143
18701.16,25.17,13.3143
18702.16,25.26,13.3143
18703.16,25.19,13.3145
18704.16,25.23,13.3145
18705.16,25.11,13.3145
18706.17,25.17,13.3145
18707.17,25.27,13.3145
18708.17,25.17,13.3145
18709.17,25.21,13.3145
18710.17,25.11,13.3145
18711.17,25.11,13.3145
18712.17,25.22,13.3145
18713.18,25.13,13.3145
18714.18,25.11,13.3145
18715.18,25.21,13.3145
18716.18,25.1,13.3145
18717.18,25.22,13.3145
18718.18,25.11,13.3145
18719.19,25.15,13.3145
18720.19,25.28,13.3145
18721.19,25.17,13.3145
18722.19,25.28,13.3145
18723.19,25.18,13.3145
18724.19,25.17,13.3145
18725.19,25.27,13.3145
18726.2,25.17,13.3145
18727.2,25.17,13.3145
18728.2,25.28,13.3146
18729.2,25.17,13.3146
18730.2,25.17,13.3146
18731.2,25.23,13.3146
18732.2,25.11,13.3146
18733.21,25.24,13.3146
18734.21,25.15,13.3146
18735.21,25.16,13.3146
18736.21,25.26,13.3146
18737.21,25.14,13.3146
18738.21,25.23,13.3146
18739.22,25.12,13.3146
18740.22,25.12,13.3146
18741.22,25.23,13.3146
18742.22,25.18,13.3146
18743.22,25.28,13.3146
18744.22,25.17,13.3146
18745.23,25.16,13.3146
18746.23,25.27,13.3146
18747.23,25.18,13.3146
18748.23,25.27,13.3146
18749.23,25.17,13.3146
18750.23,25.17,13.3146
18751.24,25.27,13.3146
18752.24,25.14,13.3146
18753.24,25.27,13.3147
18754.24,25.16,13.3147
18755.24,25.19,13.3147
18756.24,25.27,13.3147
18757.24,25.17,13.3147
18758.25,25.16,13.3147
18759.25,25.27,13.3147
18760.25,25.18,13.3147
18761.25,25.17,13.3147
18762.25,25.27,13.3147
18763.25,25.18,13.3147
18764.25,25.26,13.3147
18765.26,25.17,13.3147
18766.26,25.17,13.3147
18767.26,25.28,13.3147
18768.26,25.19,13.3147
18769.26,25.17,13.3147
18770.26,25.27,13.3147
18771.26,25.16,13.3147
18772.27,25.27,13.3147
18773.27,25.16,13.3147
18774.27,25.16,13.3147
18775.27,25.27,13.3147
18776.27,25.12,13.3147
18777.27,25.23,13.3147
18778.28,25.12,13.3147
18779.28,25.11,13.3147
18780.28,25.22,13.3147
18781.28,25.14,13.3147
18782.28,25.27,13.3147
18783.28,25.18,13.3148
18784.29,25.17,13.3148
18785.29,25.29,13.3148
18786.29,25.16,13.3148
18787.29,25.15,13.3148
18788.29,25.22,13.3148
18789.29,25.14,13.3148
18790.29,25.27,13.3148
18791.3,25.13,13.3148
18792.3,25.12,13.3148
18793.3,25.23,13.3148
18794.3,25.11,13.3148
18795.3,25.21,13.3148
18796.3,25.1,13.3148
18797.31,25.16,13.3148
18798.31,25.26,13.3148
18799.31,25.16,13.3148
18800.31,25.16,13.3148
18801.31,25.26,13.3148
18802.31,25.17,13.3148
18803.31,25.28,13.3148
18804.32,25.17,13.3148
18805.32,25.17,13.3148
18806.32,25.27,13.3148
18807.32,25.16,13.3148
18808.32,25.21,13.3148
18809.32,25.11,13.3148
18810.33,25.12,13.3148
18811.33,25.21,13.3148
18812.33,25.13,13.3148
18813.33,25.25,13.3148
18814.33,25.12,13.3148
18815.33,25.12,13.3148
18816.33,25.21,13.3148
18817.34,25.13,13.3148
18818.34,25.22,13.3148
18819.34,25.12,13.3148
18820.34,25.11,13.3148
18821.34,25.21,13.3148
18822.34,25.12,13.3148
18823.35,25.27,13.3149
18824.35,25.16,13.3149
18825.35,25.16,13.3149
18826.35,25.22,13.3149
18827.35,25.12,13.3149
18828.35,25.12,13.3149
18829.35,25.24,13.3149
18830.36,25.17,13.3149
18831.36,25.16,13.3149
18832.36,25.27,13.3149
18833.36,25.18,13.3149
18834.36,25.27,13.3149
18835.36,25.17,13.3149
18836.37,25.17,13.3149
18837.37,25.27,13.3149
18838.37,25.11,13.3149
18839.37,25.11,13.3149
18840.37,25.21,13.3149
18841.37,25.11,13.3149
18842.37,25.22,13.3149
18843.38,25.13,13.3149
18844.38,25.11,13.3149
18845.38,25.21,13.3151
18846.38,25.11,13.3151
18847.38,25.22,13.3151
18848.38,25.16,13.3151
18849.39,25.17,13.3151
18850.39,25.26,13.3151
18851.39,25.14,13.3151
18852.39,25.24,13.3151
18853.39,25.22,13.3151
18854.39,25.18,13.3151
18855.39,25.28,13.3151
18856.4,25.17,13.3151
18857.4,25.19,13.3151
18858.4,25.25,13.3151
18859.4,25.14,13.3151
18860.4,25.29,13.3151
18861.4,25.19,13.3151
18862.41,25.19,13.3151
18863.41,25.31,13.3151
18864.41,25.17,13.3151
18865.41,25.28,13.3151
18866.41,25.18,13.3151
18867.41,25.19,13.3151
18868.41,25.31,13.3151
18869.42,25.18,13.3151
18870.42,25.18,13.3151
18871.42,25.28,13.3151
18872.42,25.18,13.3151
18873.42,25.3,13.3152
18874.42,25.19,13.3152
18875.42,25.18,13.3152
18876.43,25.28,13.3152
18877.43,25.19,13.3152
18878.43,25.17,13.3152
18879.43,25.29,13.3152
18880.43,25.18,13.3152
18881.43,25.28,13.3152
18882.44,25.21,13.3152
18883.44,25.23,13.3152
18884.44,25.24,13.3152
18885.44,25.18,13.3152
18886.44,25.29,13.3152
18887.44,25.18,13.3152
18888.45,25.18,13.3152
18889.45,25.3,13.3152
18890.45,25.2,13.3152
18891.45,25.18,13.3152
18892.45,25.29,13.3152
18893.45,25.19,13.3152
18894.45,25.18,13.3152
18895.45,25.3,13.3152
18896.46,25.17,13.3152
18897.46,25.18,13.3152
18898.46,25.28,13.3152
18899.46,25.18,13.3152
18900.46,25.28,13.3152
18901.46,25.18,13.3152
18902.47,25.19,13.3152
18903.47,25.3,13.3153
18904.47,25.19,13.3153
18905.47,25.3,13.3153
18906.47,25.18,13.3153
18907.47,25.2,13.3153
18908.47,25.29,13.3153
18909.48,25.18,13.3153
18910.48,25.18,13.3153
18911.48,25.28,13.3153
18912.48,25.19,13.3153
18913.48,25.31,13.3153
18914.48,25.18,13.3153
18915.49,25.18,13.3153
18916.49,25.28,13.3153
18917.49,25.19,13.3153
18918.49,25.28,13.3153
18919.49,25.18,13.3153
18920.49,25.18,13.3153
18921.5,25.28,13.3153
18922.5,25.19,13.3153
18923.5,25.3,13.3153
18924.5,25.18,13.3153
18925.5,25.28,13.3153
18926.5,25.18,13.3153
18927.51,25.18,13.3153
18928.51,25.27,13.3153
18929.51,25.17,13.3153
18930.51,25.28,13.3153
18931.51,25.18,13.3153
18932.51,25.29,13.3153
18933.52,25.19,13.3154
18934.52,25.18,13.3154
18935.52,25.28,13.3154
18936.52,25.15,13.3154
18937.52,25.29,13.3154
18938.52,25.19,13.3154
18939.53,25.2,13.3154
18940.53,25.29,13.3154
18941.53,25.19,13.3154
18942.53,25.27,13.3154
18943.53,25.14,13.3154
18944.53,25.13,13.3154
18945.54,25.29,13.3154
18946.54,25.2,13.3154
18947.54,25.31,13.3154
18948.54,25.19,13.3154
18949.54,25.31,13.3154
18950.54,25.19,13.3154
18951.55,25.19,13.3154
18952.55,25.33,13.3154
18953.55,25.21,13.3154
18954.55,25.19,13.3154
18955.55,25.29,13.3154
18956.55,25.18,13.3154
18957.55,25.3,13.3154
18958.56,25.19,13.3154
18959.56,25.19,13.3154
18960.56,25.25,13.3154
18961.56,25.19,13.3154
18962.56,25.31,13.3154
18963.56,25.21,13.3156
18964.57,25.2,13.3156
18965.57,25.29,13.3156
18966.57,25.19,13.3156
18967.57,25.31,13.3156
18968.57,25.13,13.3156
18969.57,25.13,13.3156
18970.58,25.25,13.3156
18971.58,25.2,13.3156
18972.58,25.34,13.3156
18973.58,25.2,13.3156
18974.58,25.19,13.3156
18975.58,25.3,13.3156
18976.58,25.2,13.3156
18977.59,25.24,13.3156
18978.59,25.12,13.3156
18979.59,25.12,13.3156
18980.59,25.22,13.3156
18981.59,25.12,13.3156
18982.59,25.27,13.3156
18983.6,25.12,13.3156
18984.6,25.12,13.3156
18985.6,25.22,13.3156
18986.6,25.12,13.3156
18987.6,25.24,13.3156
18988.6,25.13,13.3156
18989.61,25.12,13.3156
18990.61,25.22,13.3156
18991.61,25.12,13.3156
18992.61,25.25,13.3157
18993.61,25.13,13.3157
18994.61,25.28,13.3157
18995.62,25.17,13.3157
18996.62,25.17,13.3157
18997.62,25.29,13.3157
18998.62,25.18,13.3157
18999.62,25.25,13.3157
19000.62,25.19,13.3157
19001.63,25.17,13.3157
19002.63,25.29,13.3157
19003.63,25.12,13.3157
19004.63,25.28,13.3157
19005.63,25.17,13.3157
19006.63,25.12,13.3157
19007.64,25.27,13.3157
19008.64,25.11,13.3157
19009.64,25.21,13.3157
19010.64,25.17,13.3157
19011.64,25.16,13.3157
19012.64,25.29,13.3157
19013.65,25.11,13.3157
19014.65,25.22,13.3157
19015.65,25.12,13.3157
19016.65,25.21,13.3157
19017.65,25.18,13.3157
19018.65,25.13,13.3157
19019.65,25.22,13.3157
19020.66,25.11,13.3157
19021.66,25.11,13.3157
19022.66,25.25,13.3158
19023.66,25.17,13.3158
19024.66,25.29,13.3158
19025.66,25.18,13.3158
19026.67,25.17,13.3158
19027.67,25.29,13.3158
19028.67,25.17,13.3158
19029.67,25.28,13.3158
19030.67,25.18,13.3158
19031.67,25.16,13.3158
19032.68,25.29,13.3158
19033.68,25.18,13.3158
19034.68,25.28,13.3158
19035.68,25.18,13.3158
19036.68,25.17,13.3158
19037.68,25.3,13.3158
19038.68,25.17,13.3158
19039.69,25.12,13.3158
19040.69,25.21,13.3158
19041.69,25.11,13.3158
19042.69,25.24,13.3158
19043.69,25.11,13.3158
19044.69,25.11,13.3158
19045.69,25.21,13.3158
19046.7,25.16,13.3158
19047.7,25.19,13.3158
19048.7,25.27,13.3158
19049.7,25.18,13.3158
19050.7,25.3,13.3158
19051.7,25.18,13.3158
19052.71,25.2,13.3159
19053.71,25.26,13.3159
19054.71,25.17,13.3159
19055.71,25.16,13.3159
19056.71,25.26,13.3159
19057.71,25.18,13.3159
19058.71,25.19,13.3159
19059.71,25.24,13.3159
19060.72,25.18,13.3159
19061.72,25.25,13.3159
19062.72,25.19,13.3159
19063.72,25.17,13.3159
19064.72,25.29,13.3159
19065.72,25.18,13.3159
19066.73,25.17,13.3159
19067.73,25.3,13.3159
19068.73,25.18,13.3159
19069.73,25.15,13.3159
19070.73,25.28,13.3159
19071.73,25.16,13.3159
19072.73,25.18,13.3159
19073.73,25.3,13.3159
19074.74,25.18,13.3159
19075.74,25.18,13.3159
19076.74,25.3,13.3159
19077.74,25.19,13.3159
19078.74,25.18,13.3159
19079.74,25.22,13.3159
19080.74,25.13,13.3159
19081.75,25.22,13.3159
19082.75,25.14,13.3159
19083.75,25.11,13.3159
19084.75,25.21,13.3159
19085.75,25.1,13.3159
19086.75,25.29,13.316
19087.76,25.19,13.316
19088.76,25.18,13.316
19089.76,25.25,13.316
19090.76,25.11,13.316
19091.76,25.21,13.316
19092.76,25.14,13.316
19093.77,25.11,13.316
19094.77,25.21,13.316
19095.77,25.12,13.316
19096.77,25.21,13.316
19097.77,25.14,13.316
19098.77,25.13,13.316
19099.78,25.22,13.316
19100.78,25.13,13.316
19101.78,25.23,13.316
19102.78,25.17,13.316
19103.78,25.18,13.316
19104.78,25.28,13.316
19105.79,25.19,13.316
19106.79,25.28,13.316
19107.79,25.2,13.316
19108.79,25.29,13.316
19109.79,25.18,13.316
19110.79,25.19,13.316
19111.79,25.28,13.316
19112.8,25.22,13.3162
19113.8,25.29,13.3162
19114.8,25.18,13.3162
19115.8,25.19,13.3162
19116.8,25.29,13.3162
19117.8,25.2,13.3162
19118.81,25.29,13.3162
19119.81,25.15,13.3162
19120.81,25.12,13.3162
19121.81,25.22,13.3162
19122.81,25.15,13.3162
19123.81,25.22,13.3162
19124.82,25.15,13.3162
19125.82,25.18,13.3162
19126.82,25.28,13.3162
19127.82,25.2,13.3162
19128.82,25.29,13.3162
19129.82,25.15,13.3162
19130.83,25.15,13.3162
19131.83,25.29,13.3162
19132.83,25.22,13.3162
19133.83,25.3,13.3162
19134.83,25.19,13.3162
19135.83,25.3,13.3162
19136.84,25.2,13.3162
19137.84,25.21,13.3162
19138.84,25.29,13.3162
19139.84,25.2,13.3162
19140.84,25.31,13.3162
19141.84,25.19,13.3162
19142.85,25.21,13.3163
19143.85,25.29,13.3163
19144.85,25.19,13.3163
19145.85,25.3,13.3163
19146.85,25.2,13.3163
19147.85,25.31,13.3163
19148.86,25.2,13.3163
19149.86,25.21,13.3163
19150.86,25.31,13.3163
19151.86,25.21,13.3163
19152.86,25.33,13.3163
19153.86,25.2,13.3163
19154.87,25.31,13.3163
19155.87,25.2,13.3163
19156.87,25.17,13.3163
19157.87,25.24,13.3163
19158.87,25.13,13.3163
19159.87,25.23,13.3163
19160.88,25.17,13.3163
19161.88,25.22,13.3163
19162.88,25.36,13.3163
19163.88,25.21,13.3163
19164.88,25.21,13.3163
19165.88,25.31,13.3163
19166.88,25.21,13.3163
19167.89,25.33,13.3163
19168.89,25.21,13.3163
19169.89,25.2,13.3163
19170.89,25.31,13.3163
19171.89,25.21,13.3163
19172.89,25.34,13.3164
19173.9,25.21,13.3164
19174.9,79.53,2.5178
19175.9,82.9,2.9377
19176.9,77.41,3.0661
19177.9,90.14,3.3783
19178.9,82.46,3.7175
19179.91,78.3,4.0613
19180.91,77.08,4.3508
19181.91,76.49,4.6855
19182.91,77.66,5.0149
19183.91,76.03,5.3655
19184.91,75.6,5.6801
19185.91,76.01,5.954
19186.92,76.78,6.2661
19187.92,75.87,6.6563
19188.92,76.91,6.9749
19189.92,77.25,7.2996
19190.92,78.75,7.5435
19191.92,76.24,7.5881
19192.92,75.42,7.6438
19193.92,75.3,7.6438
19194.93,72.57,7.644
19195.93,45.32,7.6442
19196.93,41.84,7.6442
19197.93,41.9,7.6444
19198.93,31.16,7.6446
19199.93,36.13,7.6447
19200.94,29.37,7.6447
19201.94,36.14,7.6448
19202.94,33.07,7.6451
19203.94,29.35,7.6453
19204.94,30.42,7.6453
19205.94,49.11,7.9569
19206.95,26.07,8.0018
19207.95,26.25,8.0018
19208.95,26.02,8.0018
19209.95,29.63,8.0018
19210.95,25.73,8.0018
19211.95,29.82,8.0018
19212.95,28.65,8.0018
19213.96,42.96,8.0018
19214.96,33.03,8.0018
19215.96,35.6,8.0018
19216.96,25.9,8.0018
19217.96,26.93,8.0018
19218.96,25.23,8.0018
19219.97,31.58,8.0018
19220.97,62.4,8.0035
19221.97,61.82,8.013
19222.97,67.13,7.8494
19223.97,40.03,2.3972
19224.97,85.95,2.6726
19225.97,73.73,3.0266
19226.98,69.8,3.1331
19227.98,86.6,3.3291
19228.98,81.63,3.5834
19229.98,77.26,3.8229
19230.98,77.11,4.0474
19231.98,76.81,4.2573
19232.98,76.52,4.4463
19233.99,76.14,4.6199
19234.99,75.27,4.8065
19235.99,75.21,4.9802
19236.99,75.94,5.1621
19237.99,75.69,5.3057
19238.99,71.64,5.562
19240.0,25.16,6.3242
19241.0,25.18,7.0095
19242.0,69.34,8.1415
19243.0,99.88,8.8758
19244.0,70.25,9.3097
19245.0,25.15,9.4099
19246.01,25.21,9.4099
19247.01,55.94,9.4103
19248.01,75.81,9.411
19249.01,45.89,9.4112
19250.01,67.41,9.4113
19251.01,55.9,9.4113
19252.01,40.32,9.4113
19253.02,31.74,9.4113
19254.02,36.98,9.4113
19255.02,25.94,9.4113
19256.02,32.49,9.4114
19257.02,37.29,9.4114
19258.02,55.85,9.4114
19259.02,42.33,9.4114
19260.03,41.54,9.4114
19261.03,34.03,9.4114
19262.03,25.45,9.4114
19263.03,25.38,9.4114
19264.03,29.16,9.4114
19265.03,70.89,10.1231
19266.03,100.24,10.8135
19267.04,99.89,11.4674
19268.04,99.93,12.1749
19269.04,49.61,12.1911
19270.04,26.15,12.2912
19271.04,32.85,12.2912
19272.04,37.44,12.2912
19273.04,26.34,12.2912
19274.05,34.24,12.2912
19275.05,25.75,12.2912
19276.05,25.89,12.2912
19277.05,26.21,12.2912
19278.05,25.36,12.2912
19279.05,26.28,12.2912
19280.06,27.36,12.2912
19281.06,26.03,12.2912
19282.06,29.17,12.2912
19283.06,31.06,12.2912
19284.06,25.32,12.2912
19285.06,25.2,12.2912
19286.07,25.19,12.2912
19287.07,25.31,12.2913
19288.07,26.94,12.2913
19289.07,31.65,12.2914
19290.07,29.91,12.2914
19291.07,25.83,12.2914
19292.07,39.31,12.2914
19293.08,47.13,12.2915
19294.08,25.3,12.2915
19295.08,29.99,12.2915
19296.08,30.03,12.2915
19297.08,26.4,12.2915
19298.08,25.43,12.2915
19299.09,25.34,12.2915
19300.09,35.98,12.2915
19301.09,25.31,12.2915
19302.09,25.34,12.2915
19303.09,25.62,12.2915
19304.09,25.24,12.2915
19305.1,25.18,12.2915
19306.1,25.23,12.2915
19307.1,25.21,12.2915
19308.1,25.63,12.2915
19309.1,25.26,12.2915
19310.1,25.13,12.2915
19311.11,25.26,12.2915
19312.11,26.94,12.2915
19313.11,25.28,12.2915
19314.11,25.83,12.2915
19315.11,26.04,12.2915
19316.11,25.27,12.2915
19317.12,25.1,12.2915
19318.12,25.26,12.2915
19319.12,25.21,12.2915
19320.12,25.2,12.2915
19321.12,25.25,12.2915
19322.12,25.22,12.2915
19323.13,25.26,12.2915
19324.13,25.56,12.2915
19325.13,25.13,12.2915
19326.13,25.25,12.2915
19327.13,25.21,12.2915
19328.13,26.72,12.2918
19329.14,25.29,12.2918
19330.14,25.29,12.2918
19331.14,33.51,12.2919
19332.14,25.21,12.2917
19333.14,25.31,12.2919
19334.14,25.8,12.2919
19335.15,25.2,12.2919
19336.15,26.28,12.2919
19337.15,25.21,12.2919
19338.15,25.38,12.2919
19339.15,25.26,12.2919
19340.15,25.36,12.2919
19341.15,86.26,12.348
19342.16,98.4,12.4041
19343.16,25.24,12.4041
19344.16,26.36,12.4041
19345.16,25.64,12.4041
19346.16,25.21,12.4041
19347.16,25.41,12.4041
19348.16,25.22,12.4041
19349.17,25.43,12.4041
19350.17,25.21,12.4041
19351.17,25.21,12.4041
19352.17,25.35,12.4041
19353.17,25.23,12.4041
19354.17,25.31,12.4041
19355.18,25.2,12.4041
19356.18,25.3,12.4041
19357.18,25.21,12.4041
19358.18,25.2,12.4041
19359.18,25.44,12.4041
19360.18,25.4,12.4041
19361.19,25.31,12.4041
19362.19,25.21,12.4041
19363.19,25.22,12.4042
19364.19,25.31,12.4042
19365.19,25.21,12.4042
19366.19,25.36,12.4042
19367.2,50.76,12.4045
19368.2,65.06,12.4049
19369.2,48.39,12.4049
19370.2,32.13,12.4049
19371.2,29.2,12.4049
19372.2,25.42,12.4049
19373.21,25.79,12.405
19374.21,26.8,12.405
19375.21,45.53,12.4053
19376.21,100.11,12.4357
19377.21,58.69,12.4381
19378.21,26.32,12.4381
19379.21,25.26,12.4381
19380.22,25.12,12.4381
19381.22,25.22,12.4381
19382.22,25.48,12.4381
19383.22,25.2,12.4383
19384.22,25.3,12.4383
19385.22,25.2,12.4383
19386.23,91.56,12.4422
19387.23,73.11,12.4445
19388.23,25.2,12.4445
19389.23,25.3,12.4445
19390.23,25.18,12.4445
19391.23,25.25,12.4445
19392.24,25.2,12.4445
19393.24,25.2,12.4445
19394.24,25.3,12.4445
19395.24,25.49,12.4445
19396.24,66.45,12.4566
19397.24,99.83,12.4566
19398.24,26.11,12.4566
19399.25,27.02,12.4566
19400.25,25.76,12.4566
19401.25,52.23,12.7665
19402.25,100.21,13.1453
19403.25,47.71,13.1455
19404.25,25.22,13.1455
19405.26,25.12,13.1455
19406.26,38.0,13.2235
19407.26,30.17,13.2742
19408.26,25.15,13.2743
19409.26,25.31,13.2743
19410.26,29.02,13.2866
19411.27,25.12,13.2866
19412.27,25.23,13.2866
19413.27,25.15,13.2866
19414.27,29.48,13.2943
19415.27,25.14,13.2943
19416.27,25.12,13.2943
19417.27,25.24,13.2943
19418.28,29.09,13.2995
19419.28,25.28,13.2995
19420.28,25.19,13.2995
19421.28,25.18,13.2995
19422.28,28.97,13.3012
19423.28,25.2,13.3012
19424.29,25.18,13.3012
19425.29,26.67,13.3012
19426.29,27.5,13.3049
19427.29,25.19,13.3049
19428.29,25.29,13.3049
19429.29,29.22,13.3072
19430.29,25.24,13.3072
19431.3,25.81,13.3072
19432.3,25.14,13.3072
19433.3,29.21,13.3102
19434.3,25.19,13.3102
19435.3,25.29,13.3102
19436.3,25.18,13.3102
19437.31,29.07,13.3126
19438.31,25.29,13.3126
19439.31,25.19,13.3126
19440.31,25.29,13.3126
19441.31,29.07,13.3154
19442.31,25.24,13.3154
19443.32,25.18,13.3154
19444.32,29.2,13.3172
19445.32,25.28,13.3172
19446.32,25.19,13.3172
19447.32,25.29,13.3172
19448.32,25.22,13.3172
19449.33,29.01,13.3203
19450.33,25.3,13.3203
19451.33,25.18,13.3203
19452.33,29.12,13.3237
19453.33,25.26,13.3237
19454.33,25.54,13.3237
19455.33,25.3,13.3237
19456.34,28.76,13.3282
19457.34,25.2,13.3282
19458.34,25.32,13.3282
19459.34,25.2,13.3282
19460.34,25.2,13.3282
19461.34,29.26,13.3311
19462.34,25.2,13.3311
19463.35,25.19,13.3312
19464.35,25.32,13.3312
19465.35,25.19,13.3312
19466.35,30.13,13.3342
19467.35,25.31,13.3344
19468.35,25.18,13.3344
19469.35,25.19,13.3344
19470.36,25.29,13.3344
19471.36,30.49,13.3373
19472.36,25.3,13.3373
19473.36,25.16,13.3373
19474.36,25.13,13.3373
19475.36,25.23,13.3373
19476.36,25.13,13.3373
19477.37,30.6,13.3415
19478.37,25.14,13.3415
19479.37,25.15,13.3415
19480.37,25.23,13.3415
19481.37,25.13,13.3415
19482.37,25.24,13.3415
19483.38,29.99,13.3458
19484.38,25.13,13.3458
19485.38,31.16,13.3458
19486.38,25.12,13.3458
19487.38,25.24,13.3458
19488.38,25.19,13.3458
19489.39,29.2,13.3509
19490.39,25.29,13.3509
19491.39,25.19,13.3509
19492.39,25.3,13.3509
19493.39,25.21,13.3509
19494.39,25.3,13.3509
19495.4,25.18,13.3509
19496.4,29.41,13.3548
19497.4,25.3,13.3548
19498.4,25.19,13.3548
19499.4,25.3,13.3548
19500.4,25.2,13.3548
19501.41,25.19,13.3548
19502.41,25.31,13.3548
19503.41,29.67,13.3596
19504.41,25.29,13.3596
19505.41,25.19,13.3596
19506.41,25.19,13.3596
19507.42,26.23,13.3596
19508.42,25.18,13.3596
19509.42,25.31,13.3596
19510.42,25.19,13.3596
19511.42,29.54,13.3674
19512.42,25.3,13.3674
19513.42,25.21,13.3675
19514.43,25.29,13.3677
19515.43,25.19,13.3676
19516.43,25.18,13.3676
19517.43,25.29,13.3676
19518.43,25.18,13.3676
19519.43,29.57,13.373
19520.44,25.18,13.373
19521.44,25.19,13.373
19522.44,25.32,13.373
19523.44,25.2,13.373
19524.44,25.19,13.373
19525.44,25.29,13.373
19526.44,29.7,13.3793
19527.45,25.3,13.3793
19528.45,25.19,13.3793
19529.45,25.19,13.3793
19530.45,25.29,13.3793
19531.45,25.19,13.3793
19532.45,25.29,13.3793
19533.46,25.17,13.3793
19534.46,31.14,13.384
19535.46,25.29,13.384
19536.46,25.18,13.384
19537.46,25.29,13.384
19538.46,25.18,13.384
19539.47,25.29,13.384
19540.47,25.18,13.384
19541.47,25.18,13.384
19542.47,30.88,13.3906
19543.47,25.2,13.3907
19544.47,25.28,13.3907
19545.48,25.2,13.3907
19546.48,25.19,13.3907
19547.48,25.3,13.3907
19548.48,25.18,13.3907
19549.48,25.25,13.3907
19550.48,29.79,13.3944
19551.49,25.19,13.3944
19552.49,25.3,13.3944
19553.49,25.21,13.3944
19554.49,25.29,13.3944
19555.49,25.19,13.3944
19556.49,25.19,13.3944
19557.5,25.29,13.3944
19558.5,25.18,13.3944
19559.5,29.67,13.3987
19560.5,25.19,13.3987
19561.5,25.19,13.3987
19562.5,25.3,13.3987
19563.51,25.2,13.3987
19564.51,25.31,13.3987
19565.51,25.17,13.3987
19566.51,25.19,13.3987
19567.51,25.29,13.3987
19568.51,28.77,13.4058
19569.51,25.19,13.4058
19570.52,25.29,13.4058
19571.52,25.18,13.4058
19572.52,25.29,13.4058
19573.52,25.2,13.4058
19574.52,25.29,13.4058
19575.52,25.19,13.4058
19576.53,25.18,13.4058
19577.53,29.72,13.4119
19578.53,25.21,13.4119
19579.53,25.19,13.4119
19580.53,25.29,13.4119
19581.53,25.19,13.4119
19582.53,25.29,13.4119
19583.54,25.2,13.4119
19584.54,25.19,13.4119
19585.54,25.28,13.4119
19586.54,29.79,13.4183
19587.54,25.29,13.4183
19588.54,25.19,13.4183
19589.55,25.13,13.4183
19590.55,25.22,13.4183
19591.55,25.18,13.4183
19592.55,25.29,13.4183
19593.55,25.14,13.4183
19594.55,25.18,13.4183
19595.56,31.32,13.4261
19596.56,25.37,13.4261
19597.56,25.41,13.4261
19598.56,25.18,13.4263
19599.56,25.3,13.4263
19600.56,25.18,13.4263
19601.57,25.19,13.4263
19602.57,25.29,13.4263
19603.57,25.2,13.4263
19604.57,31.87,13.4322
19605.57,25.18,13.4322
19606.57,25.18,13.4322
19607.58,25.25,13.4322
19608.58,25.15,13.4322
19609.58,25.29,13.4322
19610.58,25.19,13.4322
19611.58,25.18,13.4322
19612.58,25.31,13.4322
19613.58,29.95,13.4394
19614.59,25.28,13.4394
19615.59,25.19,13.4394
19616.59,25.19,13.4394
19617.59,25.29,13.4394
19618.59,25.19,13.4394
19619.59,25.29,13.4394
19620.6,25.18,13.4394
19621.6,25.29,13.4394
19622.6,25.2,13.4394
19623.6,29.23,13.4477
19624.6,25.28,13.4477
19625.6,25.18,13.4477
19626.61,25.28,13.4477
19627.61,25.19,13.4477
19628.61,25.19,13.4477
19629.61,25.28,13.4477
19630.61,25.13,13.4477
19631.61,25.13,13.4477
19632.61,29.92,13.4551
19633.62,25.12,13.4551
19634.62,25.23,13.4551
19635.62,25.14,13.4551
19636.62,25.12,13.4551
19637.62,25.23,13.4551
19638.62,25.12,13.4551
19639.63,25.13,13.4551
19640.63,25.27,13.4551
19641.63,25.13,13.4551
19642.63,28.97,13.4633
19643.63,25.11,13.4633
19644.63,25.12,13.4633
19645.63,25.22,13.4633
19646.64,25.15,13.4633
19647.64,25.3,13.4633
19648.64,25.19,13.4633
19649.64,25.14,13.4633
19650.64,25.22,13.4633
19651.64,25.12,13.4633
19652.65,28.19,13.4634
19653.65,26.06,13.4701
19654.65,25.19,13.4701
19655.65,25.29,13.4701
19656.65,25.19,13.4701
19657.65,25.3,13.4701
19658.66,25.19,13.4701
19659.66,25.21,13.4701
19660.66,25.29,13.4701
19661.66,25.19,13.4701
19662.66,30.86,13.4773
19663.66,25.18,13.4773
19664.67,25.19,13.4773
19665.67,25.28,13.4773
19666.67,25.18,13.4773
19667.67,25.29,13.4773
19668.67,25.19,13.4775
19669.67,25.19,13.4775
19670.68,25.28,13.4775
19671.68,25.19,13.4775
19672.68,32.03,13.4839
19673.68,25.16,13.4839
19674.68,25.24,13.4839
19675.68,25.13,13.4839
19676.69,25.13,13.4839
19677.69,25.24,13.4839
19678.69,25.13,13.484
19679.69,25.24,13.484
19680.69,25.13,13.484
19681.69,25.13,13.484
19682.7,30.73,13.493
19683.7,25.18,13.493
19684.7,25.29,13.493
19685.7,25.18,13.493
19686.7,25.19,13.493
19687.7,25.27,13.493
19688.7,25.15,13.493
19689.71,25.26,13.493
19690.71,25.2,13.493
19691.71,25.19,13.493
19692.71,30.04,13.5018
19693.71,25.16,13.5018
19694.71,25.24,13.5018
19695.72,25.13,13.5018
19696.72,25.16,13.5018
19697.72,25.29,13.5018
19698.72,25.18,13.5018
19699.72,25.29,13.5018
19700.72,25.19,13.5018
19701.73,25.19,13.5018
19702.73,25.31,13.5019
19703.73,28.95,13.5099
19704.73,25.28,13.5099
19705.73,25.18,13.5099
19706.73,25.29,13.5099
19707.74,25.2,13.5099
19708.74,25.19,13.5099
19709.74,25.3,13.5099
19710.74,25.19,13.5099
19711.74,25.29,13.5099
19712.74,25.2,13.5099
19713.75,28.85,13.5163
19714.75,25.28,13.5163
19715.75,25.19,13.5163
19716.75,25.19,13.5163
19717.75,25.29,13.5163
19718.75,25.18,13.5163
19719.75,25.3,13.5163
19720.76,25.18,13.5163
19721.76,25.29,13.5163
19722.76,25.22,13.5165
19723.76,25.19,13.5165
19724.76,29.09,13.5215
19725.76,25.19,13.5215
19726.77,25.3,13.5215
19727.77,25.27,13.5215
19728.77,25.13,13.5215
19729.77,25.23,13.5215
19730.77,25.13,13.5215
19731.77,25.13,13.5215
19732.77,25.28,13.5215
19733.78,25.13,13.5215
19734.78,31.98,13.5272
19735.78,25.3,13.5272
19736.78,25.2,13.5272
19737.78,25.26,13.5272
19738.78,25.2,13.5272
19739.78,25.31,13.5272
19740.79,25.18,13.5272
19741.79,25.28,13.5272
19742.79,25.25,13.5272
19743.79,25.28,13.5272
19744.79,31.33,13.539
19745.79,25.19,13.539
19746.79,25.29,13.539
19747.8,25.2,13.539
19748.8,25.29,13.539
19749.8,25.21,13.539
19750.8,25.18,13.539
19751.8,25.29,13.539
19752.8,25.2,13.539
19753.81,25.24,13.539
19754.81,30.05,13.546
19755.81,25.18,13.546
19756.81,25.3,13.546
19757.81,25.19,13.546
19758.81,25.18,13.546
19759.81,25.28,13.546
19760.82,25.19,13.546
19761.82,25.29,13.546
19762.82,25.22,13.5461
19763.82,25.18,13.5461
19764.82,30.13,13.5561
19765.82,25.18,13.5561
19766.83,25.28,13.5561
19767.83,25.19,13.5561
19768.83,25.18,13.5561
19769.83,25.29,13.5561
19770.83,25.18,13.5561
19771.83,25.28,13.5561
19772.84,25.21,13.5561
19773.84,25.27,13.5561
19774.84,25.11,13.5561
19775.84,29.8,13.5644
19776.84,25.28,13.5644
19777.84,25.18,13.5644
19778.85,25.28,13.5644
19779.85,25.19,13.5644
19780.85,25.18,13.5644
19781.85,25.28,13.5644
19782.85,25.21,13.5644
19783.85,25.29,13.5644
19784.86,25.2,13.5644
19785.86,25.2,13.5644
19786.86,28.99,13.5718
19787.86,25.2,13.5718
19788.86,25.3,13.5718
19789.86,25.19,13.5718
19790.87,25.19,13.5718
19791.87,25.3,13.5718
19792.87,25.22,13.5719
19793.87,25.31,13.5719
19794.87,25.18,13.5719
19795.87,25.13,13.5719
19796.87,26.53,13.5719
19797.88,28.99,13.5782
19798.88,25.18,13.5782
19799.88,25.24,13.5782
19800.88,25.12,13.5782
19801.88,25.27,13.5782
19802.88,25.2,13.5782
19803.89,25.18,13.5782
19804.89,25.28,13.5782
19805.89,25.18,13.5782
19806.89,25.29,13.5782
19807.89,32.1,13.5836
19808.89,25.15,13.5836
19809.9,25.27,13.5836
19810.9,25.14,13.5836
19811.9,25.23,13.5836
19812.9,25.15,13.5836
19813.9,25.23,13.5836
19814.9,25.13,13.5836
19815.91,25.13,13.5836
19816.91,25.25,13.5836
19817.91,25.21,13.5836
19818.91,31.12,13.5908
19819.91,25.27,13.5908
19820.91,25.18,13.5908
19821.91,25.29,13.5908
19822.92,25.22,13.5909
19823.92,25.19,13.5909
19824.92,25.29,13.5909
19825.92,25.19,13.5909
19826.92,25.27,13.5909
19827.92,25.36,13.5909
19828.93,29.09,13.5987
19829.93,25.19,13.5987
19830.93,25.19,13.5987
19831.93,25.31,13.5987
19832.93,25.22,13.5987
19833.93,25.19,13.5987
19834.93,25.32,13.5987
19835.94,25.19,13.5987
19836.94,25.19,13.5987
19837.94,25.33,13.5987
19838.94,28.95,13.6055
19839.94,25.2,13.6055
19840.94,25.29,13.6055
19841.94,25.19,13.6055
19842.95,25.22,13.6055
19843.95,25.31,13.6055
19844.95,25.19,13.6055
19845.95,25.2,13.6055
19846.95,25.29,13.6055
19847.95,25.2,13.6055
19848.95,25.19,13.6055
19849.96,30.0,13.6144
19850.96,25.13,13.6144
19851.96,25.23,13.6144
19852.96,25.17,13.6145
19853.96,25.28,13.6145
19854.96,25.18,13.6145
19855.97,25.18,13.6145
19856.97,25.29,13.6145
19857.97,25.21,13.6145
19858.97,25.3,13.6145
19859.97,25.2,13.6145
19860.97,29.44,13.6244
19861.97,25.32,13.6244
19862.98,25.23,13.6244
19863.98,25.19,13.6244
19864.98,25.32,13.6244
19865.98,25.19,13.6244
19866.98,25.19,13.6244
19867.98,25.33,13.6244
19868.98,25.19,13.6244
19869.99,25.2,13.6244
19870.99,32.22,13.6334
19871.99,25.19,13.6334
19872.99,25.21,13.6336
19873.99,25.31,13.6336
19874.99,25.18,13.6336
19875.99,25.19,13.6336
19876.99,25.31,13.6336
19878.0,25.21,13.6336
19879.0,25.2,13.6336
19880.0,25.32,13.6335
19881.0,25.19,13.6335
19882.0,31.45,13.6436
19883.0,25.31,13.6436
19884.0,25.18,13.6436
19885.01,25.29,13.6436
19886.01,25.14,13.6434
19887.01,25.17,13.6434
19888.01,25.29,13.6434
19889.01,25.18,13.6434
19890.01,25.28,13.6434
19891.02,25.14,13.6436
19892.02,30.27,13.654
19893.02,25.31,13.654
19894.02,25.18,13.654
19895.02,25.28,13.6539
19896.02,25.14,13.654
19897.03,25.21,13.654
19898.03,25.19,13.654
19899.03,25.18,13.6541
19900.03,25.3,13.6541
19901.03,25.18,13.6541
19902.03,25.26,13.6541
19903.04,29.03,13.6614
19904.04,25.13,13.6614
19905.04,25.23,13.6614
19906.04,25.13,13.6614
19907.04,25.23,13.6614
19908.04,25.16,13.6614
19909.05,25.17,13.6614
19910.05,25.23,13.6614
19911.05,25.19,13.6614
19912.05,25.27,13.6614
19913.05,25.21,13.6614
19914.05,29.5,13.6719
19915.06,25.18,13.6718
19916.06,25.19,13.6718
19917.06,25.28,13.6718
19918.06,25.2,13.6718
19919.06,25.28,13.6718
19920.06,25.16,13.6718
19921.07,25.12,13.6718
19922.07,25.22,13.6718
19923.07,25.15,13.6718
19924.07,25.22,13.6718
19925.07,28.84,13.6787
19926.07,25.18,13.6787
19927.08,25.29,13.6787
19928.08,25.2,13.6787
19929.08,25.29,13.6787
19930.08,25.37,13.6789
19931.08,25.29,13.6789
19932.08,25.19,13.679
19933.08,25.2,13.6791
19934.09,25.28,13.6791
19935.09,25.18,13.6791
19936.09,31.31,13.6863
19937.09,25.3,13.6862
19938.09,25.18,13.6862
19939.09,25.13,13.6862
19940.1,25.23,13.6862
19941.1,25.16,13.6862
19942.1,25.27,13.6862
19943.1,25.26,13.6862
19944.1,25.16,13.6862
19945.1,25.22,13.6862
19946.1,25.17,13.6862
19947.11,32.45,13.6933
19948.11,25.21,13.6932
19949.11,25.19,13.6932
19950.11,25.27,13.6932
19951.11,25.17,13.6932
19952.11,25.19,13.6932
19953.11,25.34,13.6932
19954.12,25.19,13.6932
19955.12,25.16,13.6932
19956.12,25.22,13.6932
19957.12,25.14,13.6932
19958.12,30.42,13.7006
19959.12,25.3,13.7006
19960.13,25.18,13.7006
19961.13,25.3,13.7006
19962.13,25.18,13.7006
19963.13,25.18,13.7007
19964.13,25.22,13.7007
19965.13,25.16,13.7007
19966.13,25.3,13.7007
19967.14,25.19,13.7007
19968.14,30.04,13.7081
19969.14,25.29,13.7081
19970.14,25.19,13.7081
19971.14,25.21,13.7081
19972.14,25.13,13.7081
19973.15,25.2,13.7081
19974.15,25.25,13.7081
19975.15,25.11,13.7081
19976.15,25.21,13.7081
19977.15,25.11,13.7081
19978.15,25.13,13.7081
19979.16,27.44,13.7081
19980.16,26.82,13.717
19981.16,25.28,13.717
19982.16,25.16,13.717
19983.16,25.15,13.717
19984.16,25.23,13.717
19985.16,25.12,13.717
19986.17,25.22,13.717
19987.17,25.14,13.717
19988.17,25.14,13.717
19989.17,25.31,13.717
19990.17,25.19,13.717
19991.17,29.78,13.7235
19992.17,25.32,13.7235
19993.18,25.2,13.7236
19994.18,25.18,13.7236
19995.18,25.28,13.7236
19996.18,25.18,13.7236
19997.18,25.31,13.7236
19998.18,25.18,13.7236
19999.19,25.18,13.7236
20000.19,25.29,13.7236
20001.19,25.18,13.7236
20002.19,30.92,13.7322
20003.19,25.24,13.7323
20004.19,25.19,13.7323
20005.19,25.19,13.7322
20006.19,25.31,13.7322
20007.19,25.21,13.7322
20008.2,25.18,13.7322
20009.2,25.28,13.7322
20010.2,25.13,13.7322
20011.2,25.13,13.7322
20012.2,31.91,13.7405
20013.2,25.2,13.7405
20014.21,25.29,13.7405
20015.21,25.19,13.7405
20016.21,25.19,13.7406
20017.21,25.32,13.7406
20018.21,25.19,13.7406
20019.21,25.29,13.7406
20020.22,25.12,13.7406
20021.22,25.12,13.7406
20022.22,25.26,13.7406
20023.22,30.95,13.7487
20024.22,25.18,13.7487
20025.22,25.28,13.7487
20026.22,25.2,13.7487
20027.23,25.19,13.7487
20028.23,25.28,13.7487
20029.23,25.19,13.7486
20030.23,25.28,13.7486
20031.23,25.18,13.7486
20032.23,25.19,13.7486
20033.24,29.01,13.7563
20034.24,25.19,13.7563
20035.24,25.29,13.7563
20036.24,25.12,13.7563
20037.24,25.24,13.7563
20038.24,25.12,13.7563
20039.25,25.13,13.7563
20040.25,25.23,13.7563
20041.25,25.13,13.7563
20042.25,25.24,13.7563
20043.25,25.14,13.7564
20044.25,29.78,13.7636
20045.26,25.29,13.7636
20046.26,25.19,13.7636
20047.26,25.31,13.7636
20048.26,25.18,13.7636
20049.26,25.2,13.7636
20050.26,25.29,13.7636
20051.27,25.14,13.7636
20052.27,25.24,13.7636
20053.27,25.14,13.7637
20054.27,25.23,13.7637
20055.27,28.91,13.7693
20056.27,25.18,13.7693
20057.27,25.32,13.7693
20058.28,25.18,13.7693
20059.28,25.19,13.7694
20060.28,25.3,13.7694
20061.28,25.18,13.7694
20062.28,25.19,13.7694
20063.28,25.27,13.7694
20064.28,25.18,13.7694
20065.29,25.28,13.7694
20066.29,29.7,13.7748
20067.29,25.2,13.7748
20068.29,25.28,13.7748
20069.29,25.18,13.7748
20070.29,25.28,13.7748
20071.3,25.18,13.7748
20072.3,25.2,13.7748
20073.3,25.27,13.7748
20074.3,25.16,13.7748
20075.3,25.29,13.7748
20076.3,31.72,13.7805
20077.31,25.19,13.7805
20078.31,25.29,13.7805
20079.31,25.2,13.7804
20080.31,25.29,13.7804
20081.31,25.25,13.7804
20082.31,25.2,13.7804
20083.32,25.3,13.7804
20084.32,25.19,13.7804
20085.32,25.29,13.7804
20086.32,26.75,13.7804
20087.32,29.58,13.7862
20088.32,25.27,13.7862
20089.32,25.19,13.7862
20090.33,25.28,13.7862
20091.33,25.18,13.7862
20092.33,25.18,13.7862
20093.33,25.26,13.7863
20094.33,25.16,13.7863
20095.33,25.26,13.7863
20096.34,29.9,13.7918
20097.34,25.2,13.7918
20098.34,25.23,13.7918
20099.34,25.13,13.7917
20100.34,25.23,13.7917
20101.34,25.13,13.7917
20102.35,25.24,13.7917
20103.35,25.27,13.7917
20104.35,25.13,13.7918
20105.35,25.23,13.7918
20106.35,29.29,13.7961
20107.35,25.29,13.796
20108.36,25.18,13.796
20109.36,25.2,13.796
20110.36,25.28,13.796
20111.36,25.19,13.796
20112.36,25.31,13.796
20113.36,25.21,13.796
20114.37,25.3,13.796
20115.37,25.2,13.796
20116.37,29.29,13.7991
20117.37,25.26,13.7991
20118.37,25.15,13.7991
20119.37,25.26,13.7991
20120.38,25.15,13.7991
20121.38,25.13,13.7991
20122.38,25.24,13.7991
20123.38,25.14,13.7991
20124.38,25.23,13.7991
20125.38,25.13,13.7991
20126.39,29.03,13.8023
20127.39,25.19,13.8023
20128.39,25.18,13.8023
20129.39,25.29,13.8023
20130.39,25.18,13.8023
20131.39,25.29,13.8023
20132.4,25.14,13.8023
20133.4,25.15,13.8024
20134.4,25.23,13.8024
20135.4,25.13,13.8024
20136.4,25.23,13.8024
20137.4,29.89,13.8089
20138.41,25.17,13.8089
20139.41,25.3,13.8089
20140.41,25.22,13.8089
20141.41,25.14,13.8089
20142.41,25.26,13.8089
20143.41,25.17,13.8089
20144.41,25.25,13.8089
20145.42,25.16,13.8089
20146.42,25.28,13.8089
20147.42,25.14,13.8089
20148.42,32.12,13.8142
20149.42,25.29,13.8142
20150.42,25.19,13.8142
20151.43,25.3,13.8142
20152.43,25.2,13.8142
20153.43,25.21,13.8142
20154.43,25.29,13.8142
20155.43,25.13,13.8142
20156.43,25.22,13.8142
20157.44,25.13,13.8142
20158.44,30.64,13.82
20159.44,25.29,13.8198
20160.44,25.19,13.8198
20161.44,25.29,13.8198
20162.44,25.2,13.8198
20163.45,25.21,13.82
20164.45,25.3,13.82
20165.45,25.19,13.82
20166.45,25.29,13.82
20167.45,25.22,13.82
20168.45,28.01,13.82
20169.45,27.12,13.8256
20170.46,25.2,13.8256
20171.46,25.3,13.8256
20172.46,25.21,13.8256
20173.46,25.2,13.8256
20174.46,25.28,13.8256
20175.46,25.18,13.8256
20176.47,25.29,13.8256
20177.47,25.21,13.8256
20178.47,29.57,13.8311
20179.47,25.3,13.8309
20180.47,25.19,13.8309
20181.47,25.3,13.8309
20182.48,25.2,13.8309
20183.48,25.21,13.831
20184.48,25.3,13.831
20185.48,25.19,13.831
20186.48,25.29,13.8309
20187.48,25.22,13.8309
20188.49,25.19,13.8309
20189.49,29.1,13.8351
20190.49,25.12,13.8351
20191.49,25.22,13.8351
20192.49,25.13,13.8351
20193.49,25.24,13.8351
20194.5,25.2,13.8351
20195.5,25.17,13.8351
20196.5,25.28,13.8351
20197.5,25.21,13.8351
20198.5,29.4,13.8381
20199.5,25.21,13.8379
20200.51,25.2,13.8379
20201.51,25.29,13.8379
20202.51,25.21,13.8379
20203.51,25.32,13.8379
20204.51,25.21,13.8379
20205.51,25.2,13.8379
20206.52,25.75,13.8379
20207.52,25.2,13.8379
20208.52,28.85,13.8379
20209.52,26.85,13.841
20210.52,25.32,13.841
20211.52,25.29,13.841
20212.52,25.2,13.841
20213.53,25.3,13.841
20214.53,25.18,13.841
20215.53,25.18,13.841
20216.53,25.28,13.841
20217.53,25.13,13.841
20218.53,25.13,13.841
20219.53,30.43,13.841
20220.54,27.07,13.8468
20221.54,25.18,13.8468
20222.54,25.31,13.8468
20223.54,25.2,13.8468
20224.54,25.19,13.8468
20225.54,25.31,13.8468
20226.54,25.18,13.8468
20227.55,25.13,13.8468
20228.55,25.29,13.8468
20229.55,25.13,13.8468
20230.55,27.08,13.8468
20231.55,28.0,13.8552
20232.55,25.19,13.8552
20233.55,25.3,13.8553
20234.56,25.19,13.8553
20235.56,25.18,13.8553
20236.56,25.28,13.8553
20237.56,25.2,13.8553
20238.56,25.28,13.8553
20239.56,25.18,13.8553
20240.57,25.19,13.8553
20241.57,25.28,13.8553
20242.57,29.75,13.8637
20243.57,25.3,13.8637
20244.57,25.2,13.8637
20245.57,25.2,13.8637
20246.58,25.29,13.8637
20247.58,25.2,13.8637
20248.58,25.22,13.8637
20249.58,25.31,13.8637
20250.58,25.21,13.8637
20251.58,25.3,13.8637
20252.58,25.23,13.8637
20253.59,25.2,13.8637
20254.59,29.1,13.8754
20255.59,25.19,13.8754
20256.59,25.29,13.8754
20257.59,25.2,13.8754
20258.59,25.28,13.8754
20259.6,25.14,13.8754
20260.6,25.12,13.8754
20261.6,25.22,13.8754
20262.6,25.15,13.8755
20263.6,25.22,13.8755
20264.6,25.13,13.8755
20265.61,25.13,13.8755
20266.61,29.85,13.8815
20267.61,25.14,13.8815
20268.61,25.23,13.8815
20269.61,25.14,13.8815
20270.61,25.13,13.8815
20271.62,25.25,13.8815
20272.62,25.19,13.8815
20273.62,25.22,13.8815
20274.62,25.16,13.8815
20275.62,25.19,13.8815
20276.62,25.26,13.8815
20277.63,31.14,13.8873
20278.63,25.3,13.8873
20279.63,25.2,13.8873
20280.63,25.3,13.8873
20281.63,25.17,13.8873
20282.63,25.2,13.8874
20283.63,25.28,13.8875
20284.64,25.18,13.8875
20285.64,25.2,13.8875
20286.64,25.31,13.8875
20287.64,25.22,13.8875
20288.64,32.32,13.8921
20289.64,25.21,13.8921
20290.65,25.31,13.8921
20291.65,25.2,13.8921
20292.65,25.23,13.8921
20293.65,25.32,13.8921
20294.65,25.2,13.8921
20295.65,25.21,13.8921
20296.65,25.34,13.8921
20297.66,25.22,13.8921
20298.66,25.2,13.8921
20299.66,25.33,13.8921
20300.66,29.49,13.8978
20301.66,25.2,13.8978
20302.66,25.33,13.8978
20303.66,25.2,13.8978
20304.67,25.3,13.8978
20305.67,25.21,13.8978
20306.67,25.2,13.8978
20307.67,25.32,13.8978
20308.67,25.21,13.8978
20309.67,25.31,13.8978
20310.68,25.21,13.8978
20311.68,29.74,13.9038
20312.68,25.33,13.9038
20313.68,25.2,13.9038
20314.68,25.3,13.9039
20315.68,25.2,13.9039
20316.69,25.3,13.9039
20317.69,25.2,13.9039
20318.69,25.21,13.9039
20319.69,25.31,13.9039
20320.69,25.2,13.9039
20321.69,25.31,13.9039
20322.7,29.07,13.9095
20323.7,25.21,13.9095
20324.7,25.33,13.9095
20325.7,25.21,13.9095
20326.7,25.21,13.9095
20327.7,25.32,13.9095
20328.7,25.2,13.9095
20329.71,25.31,13.9095
20330.71,25.21,13.9095
20331.71,25.2,13.9095
20332.71,25.34,13.9095
20333.71,25.2,13.9095
20334.71,29.84,13.9163
20335.72,25.21,13.9161
20336.72,25.3,13.9162
20337.72,25.22,13.9162
20338.72,25.21,13.9162
20339.72,25.31,13.9162
20340.72,25.21,13.9162
20341.73,25.3,13.9162
20342.73,25.23,13.9162
20343.73,25.2,13.9162
20344.73,31.27,13.921
20345.73,25.21,13.921
20346.73,25.3,13.921
20347.74,25.21,13.921
20348.74,25.29,13.921
20349.74,25.21,13.921
20350.74,25.21,13.921
20351.74,25.3,13.921
20352.75,25.23,13.9211
20353.75,25.3,13.9211
20354.75,25.2,13.9211
20355.75,31.6,13.9248
20356.75,25.2,13.9248
20357.75,25.21,13.9248
20358.76,25.28,13.9248
20359.76,25.14,13.9248
20360.76,25.24,13.9248
20361.76,25.21,13.9248
20362.76,25.23,13.9248
20363.76,25.3,13.9248
20364.76,25.21,13.9248
20365.77,30.5,13.9285
20366.77,25.2,13.9285
20367.77,25.21,13.9285
20368.77,25.3,13.9285
20369.77,25.21,13.9285
20370.77,25.3,13.9285
20371.78,25.2,13.9285
20372.78,25.32,13.9285
20373.78,25.2,13.9285
20374.78,25.2,13.9285
20375.78,25.3,13.9285
20376.78,29.87,13.9339
20377.79,25.3,13.9339
20378.79,25.18,13.9339
20379.79,25.2,13.9339
20380.79,25.29,13.9339
20381.79,25.18,13.9339
20382.79,25.29,13.934
20383.8,25.19,13.934
20384.8,25.19,13.934
20385.8,25.29,13.934
20386.8,25.19,13.934
20387.8,25.29,13.934
20388.8,28.95,13.9402
20389.81,25.19,13.9402
20390.81,25.28,13.9402
20391.81,25.19,13.9402
20392.81,25.32,13.9402
20393.81,25.19,13.9402
20394.81,25.21,13.9402
20395.82,25.31,13.9402
20396.82,25.17,13.9402
20397.82,25.24,13.9402
20398.82,25.12,13.9402
20399.82,25.13,13.9402
20400.82,29.8,13.9465
20401.83,25.2,13.9465
20402.83,25.31,13.9465
20403.83,25.17,13.9465
20404.83,25.3,13.9465
20405.83,25.19,13.9465
20406.83,25.19,13.9465
20407.84,25.33,13.9465
20408.84,25.21,13.9465
20409.84,25.31,13.9465
20410.84,25.14,13.9465
20411.84,31.46,13.9509
20412.84,25.23,13.9509
20413.85,25.2,13.9509
20414.85,25.31,13.9509
20415.85,25.21,13.9509
20416.85,25.31,13.9509
20417.85,25.2,13.9509
20418.85,25.3,13.9509
20419.86,25.21,13.9509
20420.86,25.21,13.9509
20421.86,25.3,13.9509
20422.86,32.46,13.958
20423.86,47.4,8.7661
20424.86,88.14,2.6811
20425.87,76.62,3.0172
20426.87,81.23,3.185
20427.87,88.44,3.3523
20428.87,82.16,3.5738
20429.87,79.05,3.7989
20430.87,76.31,4.0769
20431.87,77.87,4.3682
20432.88,77.44,4.6028
20433.88,75.82,4.8085
20434.88,76.17,4.9859
20435.88,75.7,5.1801
20436.88,74.21,5.3309
20437.88,76.62,5.5234
20438.88,52.32,6.2929
20439.89,43.85,7.019
20440.89,65.31,8.1709
20441.89,99.95,8.9227
20442.89,69.98,9.372
20443.89,25.13,9.372
20444.89,27.02,9.372
20445.89,76.55,9.3721
20446.9,77.7,9.3804
20447.9,73.88,9.3808
20448.9,63.76,9.3915
20449.9,54.9,9.4812
20450.9,41.43,9.4812
20451.9,64.46,9.4867
20452.91,42.98,9.4869
20453.91,28.46,9.482
20454.91,29.34,9.482
20455.91,30.61,9.482
20456.91,43.08,9.482
20457.91,30.71,9.482
20458.91,28.69,9.4819
20459.92,37.99,9.4819
20460.92,25.28,9.4819
20461.92,27.52,9.4819
20462.92,25.5,9.482
20463.92,42.21,9.7984
20464.92,99.88,10.6723
20465.92,99.89,11.3096
20466.93,100.21,11.9998
20467.93,75.35,12.2554
20468.93,35.05,12.3001
20469.93,27.58,12.3555
20470.93,27.24,12.3555
20471.93,29.71,12.3555
20472.94,36.6,12.3556
20473.94,33.1,12.3556
20474.94,28.5,12.3556
20475.94,26.54,12.3556
20476.94,34.79,12.3556
20477.94,28.45,12.3556
20478.95,31.29,12.3556
20479.95,26.04,12.3556
20480.95,25.26,12.3556
20481.95,25.26,12.3556
20482.95,25.37,12.3556
20483.95,26.6,12.3556
20484.96,25.2,12.3555
20485.96,25.64,12.3555
20486.96,27.07,12.3555
20487.96,25.23,12.3554
20488.96,26.55,12.3554
20489.96,25.43,12.3554
20490.96,25.51,12.3555
20491.96,25.21,12.3555
20492.97,25.27,12.3555
20493.97,25.24,12.3555
20494.97,25.55,12.3555
20495.97,33.27,12.3557
20496.97,30.03,12.3557
20497.97,26.43,12.3557
20498.98,26.25,12.3557
20499.98,50.0,12.3557
20500.98,28.56,12.3557
20501.98,27.76,12.3557
20502.98,28.35,12.3558
20503.98,25.23,12.3558
20504.99,25.83,12.3558
20505.99,30.53,12.3558
20506.99,25.35,12.3558
20507.99,25.35,12.3558
20508.99,25.35,12.3558
20509.99,29.24,12.3558
20511.0,25.42,12.3558
20512.0,25.68,12.3558
20513.0,25.37,12.3558
20514.0,25.25,12.3558
20515.0,25.42,12.3558
20516.0,25.34,12.3558
20517.01,25.21,12.3558
20518.01,26.25,12.3558
20519.01,25.34,12.3558
20520.01,25.51,12.3558
20521.01,25.84,12.3558
20522.01,25.29,12.3558
20523.02,27.49,12.3558
20524.02,25.14,12.3558
20525.02,25.24,12.3558
20526.02,25.7,12.3558
20527.02,25.17,12.3558
20528.02,25.27,12.3558
20529.02,25.18,12.3558
20530.03,25.3,12.3558
20531.03,25.19,12.3558
20532.03,25.86,12.3558
20533.03,25.33,12.3559
20534.03,25.19,12.3559
20535.03,25.35,12.3559
20536.04,25.19,12.3559
20537.04,25.69,12.3559
20538.04,25.38,12.3559
20539.04,25.13,12.3559
20540.04,25.13,12.3559
20541.04,25.58,12.3559
20542.04,25.66,12.3559
20543.05,25.25,12.3559
20544.05,31.98,12.3559
20545.05,26.04,12.3559
20546.05,25.3,12.3559
20547.05,25.2,12.3559
20548.05,26.13,12.3559
20549.06,25.79,12.3559
20550.06,26.18,12.3559
20551.06,25.2,12.3559
20552.06,25.2,12.3559
20553.06,50.23,12.3603
20554.06,99.86,12.4689
20555.07,64.27,12.4689
20556.07,25.14,12.4689
20557.07,25.18,12.4689
20558.07,25.43,12.4689
20559.07,25.24,12.4689
20560.07,25.65,12.4689
20561.08,25.3,12.4689
20562.08,25.66,12.4689
20563.08,25.34,12.4689
20564.08,25.31,12.4689
20565.08,25.2,12.4689
20566.08,25.31,12.4689
20567.09,25.22,12.4689
20568.09,25.35,12.4689
20569.09,25.2,12.4689
20570.09,25.3,12.4689
20571.09,25.26,12.4689
20572.09,25.22,12.4689
20573.09,25.36,12.469
20574.1,25.66,12.469
20575.1,26.03,12.469
20576.1,25.36,12.469
20577.1,25.24,12.469
20578.1,25.22,12.469
20579.1,25.32,12.469
20580.1,25.21,12.469
20581.11,25.31,12.469
20582.11,25.41,12.469
20583.11,51.48,12.4691
20584.11,61.65,12.4695
20585.11,44.01,12.4695
20586.11,74.68,12.478
20587.12,60.36,12.478
20588.12,57.86,12.5081
20589.12,27.57,12.4819
20590.12,25.21,12.4819
20591.12,67.19,12.4991
20592.12,100.12,12.512
20593.12,30.23,12.5126
20594.13,25.16,12.5126
20595.13,25.25,12.5126
20596.13,25.18,12.5126
20597.13,25.3,12.5126
20598.13,47.95,12.5127
20599.13,28.47,12.5127
20600.14,25.3,12.5127
20601.14,42.09,12.5127
20602.14,25.31,12.5127
20603.14,25.25,12.5127
20604.14,25.21,12.5127
20605.14,25.34,12.5127
20606.14,25.2,12.5127
20607.15,25.2,12.5127
20608.15,25.34,12.5127
20609.15,35.34,12.5129
20610.15,28.14,12.5129
20611.15,30.95,12.5129
20612.15,25.32,12.5129
20613.15,26.9,12.5129
20614.16,41.85,12.5131
20615.16,29.46,12.5143
20616.16,30.89,2.4311
20617.16,78.48,2.6374
20618.16,78.15,2.9062
20619.16,64.62,3.1519
20620.17,90.7,3.2899
20621.17,81.21,3.4895
20622.17,78.38,3.7122
20623.17,75.59,3.9399
20624.17,76.09,4.1396
20625.17,77.16,4.3516
20626.17,76.8,4.5576
20627.18,75.57,4.7502
20628.18,77.07,4.9218
20629.18,75.46,5.0599
20630.18,75.32,5.2196
20631.18,76.18,5.3435
20632.18,75.89,5.4864
20633.19,42.2,6.2324
20634.19,25.86,6.9564
20635.19,45.53,7.8273
20636.19,100.2,8.7985
20637.19,98.97,9.5409
20638.19,27.61,9.562
20639.19,26.49,9.562
20640.2,67.76,9.5668
20641.2,76.49,9.5776
20642.2,76.0,9.5781
20643.2,76.43,9.5781
20644.2,75.92,9.5782
20645.2,75.12,9.5787
20646.21,75.5,9.579
20647.21,77.12,9.5792
20648.21,70.26,9.5802
20649.21,58.16,9.5812
20650.21,48.63,9.5812
20651.21,52.81,9.5814
20652.21,30.09,9.5814
20653.22,30.73,9.5814
20654.22,28.78,9.5814
20655.22,38.19,9.5814
20656.22,26.81,9.5814
20657.22,26.25,9.5814
20658.22,25.23,9.5814
20659.22,26.78,9.5814
20660.23,76.58,10.1897
20661.23,99.89,10.9387
20662.23,99.93,11.6039
20663.23,94.85,12.2645
20664.23,26.82,12.2742
20665.23,27.58,12.3637
20666.24,29.1,12.3637
20667.24,31.44,12.3637
20668.24,32.33,12.3637
20669.24,26.31,12.3637
20670.24,25.25,12.3637
20671.24,27.27,12.3637
20672.25,25.91,12.3637
20673.25,30.56,12.3638
20674.25,26.79,12.3638
20675.25,27.19,12.3638
20676.25,28.63,12.3638
20677.25,37.64,12.3638
20678.26,27.46,12.3638
20679.26,25.35,12.3638
20680.26,25.95,12.3638
20681.26,26.83,12.3638
20682.26,25.32,12.3638
20683.26,31.89,12.3638
20684.26,25.8,12.3638
20685.27,25.41,12.3638
20686.27,25.22,12.3638
20687.27,25.29,12.3638
20688.27,25.46,12.3638
20689.27,32.63,12.3638
20690.27,38.82,12.3638
20691.28,25.81,12.3638
20692.28,27.57,12.3638
20693.28,33.32,12.3638
20694.28,25.26,12.3638
20695.28,25.3,12.3638
20696.28,30.07,12.3638
20697.29,25.32,12.3638
20698.29,26.72,12.3638
20699.29,27.36,12.3638
20700.29,25.48,12.3638
20701.29,25.29,12.3638
20702.29,25.32,12.3638
20703.3,28.61,12.364
20704.3,25.2,12.364
20705.3,25.88,12.364
20706.3,25.27,12.364
20707.3,25.39,12.364
20708.3,25.19,12.364
20709.31,25.18,12.364
20710.31,25.33,12.364
20711.31,25.33,12.364
20712.31,25.32,12.364
20713.31,27.02,12.364
20714.31,25.21,12.364
20715.32,27.13,12.364
20716.32,26.36,12.364
20717.32,27.51,12.364
20718.32,25.21,12.364
20719.32,25.24,12.364
20720.32,25.3,12.364
20721.32,25.21,12.364
20722.33,25.34,12.364
20723.33,25.22,12.364
20724.33,29.54,12.364
20725.33,25.21,12.364
20726.33,25.19,12.364
20727.33,25.26,12.364
20728.34,25.28,12.364
20729.34,25.19,12.364
20730.34,25.5,12.364
20731.34,25.2,12.364
20732.34,25.32,12.364
20733.34,25.75,12.3641
20734.35,25.89,12.3641
20735.35,25.31,12.3641
20736.35,29.74,12.3641
20737.35,45.62,12.3641
20738.35,25.31,12.3641
20739.35,25.46,12.3641
20740.36,26.13,12.3641
20741.36,25.21,12.3641
20742.36,25.32,12.3641
20743.36,25.22,12.3641
20744.36,25.29,12.3641
20745.36,25.3,12.3641
20746.37,25.21,12.3641
20747.37,25.32,12.3641
20748.37,65.09,12.3641
20749.37,100.18,12.473
20750.37,69.22,12.473
20751.37,27.71,12.473
20752.37,25.31,12.473
20753.38,25.22,12.473
20754.38,25.34,12.473
20755.38,25.2,12.473
20756.38,25.32,12.473
20757.38,25.31,12.473
20758.38,25.96,12.473
20759.39,25.32,12.473
20760.39,25.21,12.473
20761.39,26.0,12.473
20762.39,29.57,12.473
20763.39,25.21,12.4732
20764.39,25.3,12.4732
20765.4,26.68,12.4732
20766.4,25.36,12.4732
20767.4,25.34,12.4732
20768.4,25.21,12.4732
20769.4,25.21,12.4732
20770.4,25.31,12.4732
20771.4,25.2,12.4732
20772.41,28.87,12.4732
20773.41,77.94,12.4735
20774.41,40.13,12.4735
20775.41,55.41,12.4735
20776.41,30.28,12.4735
20777.41,35.05,12.4736
20778.42,55.26,12.1812
20779.42,34.42,2.4537
20780.42,85.89,2.7247
20781.42,77.81,3.0668
20782.42,76.29,3.204
20783.42,88.49,3.425
20784.42,83.48,3.6507
20785.43,78.74,3.8832
20786.43,78.29,4.1094
20787.43,77.37,4.3267
20788.43,76.67,4.5492
20789.43,76.71,4.752
20790.43,75.43,4.9401
20791.43,76.09,5.1284
20792.44,75.57,5.2902
20793.44,76.05,5.4628
20794.44,47.75,6.0952
20795.44,25.99,6.8225
20796.44,40.07,7.6102
20797.44,99.9,8.6344
20798.44,99.89,9.3417
20799.45,28.5,9.4644
20800.45,25.21,9.5315
20801.45,47.42,9.5316
20802.45,78.37,9.532
20803.45,74.04,9.5327
20804.45,42.37,9.5328
20805.46,46.15,9.533
20806.46,38.35,9.5329
20807.46,43.21,9.5331
20808.46,38.73,9.5331
20809.46,32.41,9.5332
20810.46,29.93,9.5331
20811.47,50.41,9.5331
20812.47,42.81,9.5332
20813.47,34.13,9.5331
20814.47,29.68,9.5331
20815.47,28.56,9.5331
20816.47,26.05,9.5331
20817.48,29.6,9.5332
20818.48,29.01,9.5332
20819.48,25.31,9.5332
20820.48,26.16,9.5332
20821.48,39.78,9.5332
20822.48,43.82,9.785
20823.48,99.85,10.6206
20824.49,100.2,11.2586
20825.49,99.89,11.9244
20826.49,67.1,12.3119
20827.49,28.26,12.36
20828.49,32.53,12.36
20829.49,35.27,12.36
20830.5,27.99,12.3599
20831.5,25.19,12.3599
20832.5,29.97,12.3599
20833.5,25.34,12.3601
20834.5,26.92,12.3601
20835.5,25.98,12.3601
20836.5,27.09,12.3601
20837.51,25.42,12.3601
20838.51,29.57,12.352
20839.51,27.82,12.352
20840.51,25.47,12.352
20841.51,27.43,12.352
20842.51,32.22,12.352
20843.52,25.26,12.352
20844.52,25.24,12.352
20845.52,25.3,12.352
20846.52,25.2,12.352
20847.52,25.31,12.352
20848.52,25.21,12.352
20849.53,25.46,12.352
20850.53,30.48,12.3521
20851.53,35.47,12.3521
20852.53,26.45,12.3521
20853.53,25.29,12.3521
20854.53,41.11,12.3521
20855.54,29.73,12.3521
20856.54,25.25,12.3521
20857.54,30.45,12.3521
20858.54,25.98,12.3521
20859.54,27.57,12.3521
20860.54,26.38,12.3521
20861.55,25.35,12.3521
20862.55,25.4,12.3521
20863.55,31.67,12.3521
20864.55,28.47,12.3521
20865.55,26.1,12.3521
20866.55,25.21,12.3521
20867.56,26.06,12.3521
20868.56,30.69,12.3521
20869.56,25.31,12.3521
20870.56,25.2,12.3521
20871.56,25.79,12.3521
20872.56,25.21,12.3521
20873.57,25.37,12.3521
20874.57,25.3,12.3521
20875.57,25.25,12.3521
20876.57,25.37,12.3521
20877.57,27.15,12.3521
20878.57,25.26,12.3521
20879.58,25.86,12.3521
20880.58,25.21,12.3521
20881.58,25.31,12.3521
20882.58,25.31,12.3523
20883.58,25.27,12.3523
20884.58,25.23,12.3523
20885.59,25.14,12.3523
20886.59,25.23,12.3523
20887.59,25.2,12.3523
20888.59,25.28,12.3523
20889.59,25.22,12.3523
20890.59,25.21,12.3523
20891.6,25.34,12.3523
20892.6,25.75,12.3523
20893.6,25.63,12.3522
20894.6,25.7,12.3522
20895.6,25.31,12.3522
20896.6,32.74,12.3532
20897.61,25.22,12.3532
20898.61,25.31,12.3532
20899.61,27.42,12.3532
20900.61,26.19,12.3532
20901.61,25.2,12.3532
20902.61,25.31,12.3532
20903.61,25.33,12.3532
20904.62,25.32,12.3531
20905.62,25.46,12.3531
20906.62,25.3,12.3531
20907.62,25.37,12.3531
20908.62,25.38,12.3531
20909.62,25.69,12.3531
20910.63,25.2,12.3531
20911.63,73.8,12.3615
20912.63,99.94,12.4673
20913.63,49.74,12.4674
20914.63,25.22,12.4674
20915.63,25.2,12.4674
20916.64,25.34,12.4674
20917.64,25.14,12.4674
20918.64,25.26,12.4674
20919.64,25.15,12.4674
20920.64,25.17,12.4674
20921.64,25.29,12.4674
20922.64,25.25,12.4674
20923.65,25.13,12.4674
20924.65,25.24,12.4674
20925.65,25.13,12.4674
20926.65,25.35,12.4674
20927.65,25.2,12.4674
20928.65,25.31,12.4674
20929.66,25.2,12.4674
20930.66,25.2,12.4674
20931.66,25.36,12.4674
20932.66,25.19,12.4674
20933.66,25.13,12.4674
20934.66,40.56,12.4675
20935.66,55.62,7.9517
20936.67,41.78,2.4852
20937.67,83.81,2.778
20938.67,76.14,3.1147
20939.67,88.9,3.2708
20940.67,88.36,3.532
20941.67,79.29,3.7566
20942.67,78.93,3.9934
20943.67,77.73,4.2054
20944.68,77.65,4.4251
20945.68,75.57,4.5852
20946.68,76.2,4.7585
20947.68,74.87,4.9225
20948.68,71.97,5.0605
20949.68,75.3,5.2285
20950.68,75.66,5.3803
20951.69,67.76,5.6998
20952.69,26.69,6.5161
20953.69,25.21,7.2211
20954.69,85.98,8.3893
20955.69,100.19,9.116
20956.69,51.99,9.4259
20957.69,25.23,9.5261
20958.7,27.9,9.5261
20959.7,73.02,9.5261
20960.7,68.3,9.5261
20961.7,67.62,9.5261
20962.7,45.38,9.5261
20963.7,47.11,9.5261
20964.71,39.65,9.5261
20965.71,33.29,9.5263
20966.71,33.03,9.5263
20967.71,30.9,9.5263
20968.71,35.74,9.5263
20969.71,26.35,9.5263
20970.71,40.37,9.5263
20971.72,45.23,9.5263
20972.72,31.64,9.5264
20973.72,32.11,9.5264
20974.72,44.31,9.5264
20975.72,27.29,9.5264
20976.72,26.19,9.5264
20977.73,25.51,9.5264
20978.73,30.55,9.5264
20979.73,26.35,9.5264
20980.73,85.92,10.3825
20981.73,99.89,11.0202
20982.73,99.89,11.6945
20983.73,90.26,12.3079
20984.74,25.89,12.3523
20985.74,26.32,12.3561
20986.74,26.43,12.3561
20987.74,29.82,12.3561
20988.74,26.81,12.3561
20989.74,25.15,12.3561
20990.74,25.41,12.3561
20991.75,25.36,12.3561
20992.75,25.72,12.3561
20993.75,25.64,12.3561
20994.75,25.37,12.3561
20995.75,25.25,12.3561
20996.75,26.3,12.3561
20997.76,26.04,12.3561
20998.76,26.79,12.3561
20999.76,25.86,12.3561
21000.76,27.0,12.3561
21001.76,29.22,12.3561
21002.76,27.41,12.3562
21003.77,26.2,12.3562
21004.77,41.87,12.3562
21005.77,25.7,12.3562
21006.77,25.38,12.3562
21007.77,25.17,12.3562
21008.77,25.27,12.3562
21009.78,25.38,12.3562
21010.78,30.74,12.3564
21011.78,32.23,12.3564
21012.78,25.56,12.3564
21013.78,31.47,12.3564
21014.78,50.78,12.3564
21015.78,28.46,12.3564
21016.79,25.35,12.3564
21017.79,27.99,12.3564
21018.79,25.18,12.3564
21019.79,25.4,12.3564
21020.79,26.13,12.3564
21021.79,26.07,12.3564
21022.8,25.28,12.3564
21023.8,25.34,12.3564
21024.8,28.98,12.3564
21025.8,25.24,12.3564
21026.8,25.6,12.3564
21027.8,25.36,12.3564
21028.8,25.21,12.3564
21029.81,25.21,12.3564
21030.81,25.33,12.3564
21031.81,25.3,12.3564
21032.81,25.62,12.3565
21033.81,25.74,12.3565
21034.81,25.95,12.3565
21035.81,25.95,12.3565
21036.81,25.36,12.3565
21037.82,27.13,12.3565
21038.82,25.32,12.3565
21039.82,25.31,12.3565
21040.82,25.2,12.3565
21041.82,25.31,12.3565
21042.82,25.69,12.3565
21043.83,25.3,12.3565
21044.83,25.2,12.3565
21045.83,25.12,12.3565
21046.83,25.25,12.3565
21047.83,25.14,12.3565
21048.83,25.3,12.3565
21049.84,25.26,12.3565
21050.84,25.52,12.3565
21051.84,26.02,12.3565
21052.84,25.23,12.3565
21053.84,25.23,12.3565
21054.84,25.31,12.3565
21055.84,26.74,12.3565
21056.85,25.37,12.3565
21057.85,25.36,12.3565
21058.85,25.2,12.3565
21059.85,38.98,12.3602
21060.85,25.31,12.3602
21061.85,25.22,12.3602
21062.85,25.24,12.3603
21063.86,25.3,12.3603
21064.86,25.31,12.3603
21065.86,31.36,12.3603
21066.86,25.2,12.3603
21067.86,25.28,12.3603
21068.86,25.35,12.3603
21069.86,25.21,12.3603
21070.87,25.31,12.3603
21071.87,27.31,12.3602
21072.87,25.22,12.3603
21073.87,88.17,12.374
21074.87,99.97,12.4725
21075.87,37.42,12.4725
21076.88,25.14,12.4725
21077.88,25.14,12.4725
21078.88,25.38,12.4724
21079.88,25.21,12.4724
21080.88,25.23,12.4724
21081.88,25.42,12.4725
21082.89,25.96,12.4725
21083.89,25.3,12.4725
21084.89,25.98,12.4725
21085.89,25.3,12.4725
21086.89,25.21,12.4724
21087.89,25.31,12.4723
21088.9,26.06,12.4723
21089.9,25.16,12.4724
21090.9,26.0,12.4724
21091.9,25.2,12.4725
21092.9,25.23,12.4725
21093.9,25.3,12.4725
21094.9,25.2,12.4725
21095.91,25.62,12.4725
21096.91,44.6,12.4727
21097.91,70.12,12.473
21098.91,33.72,12.473
21099.91,62.41,12.473
21100.91,50.44,12.473
21101.92,53.12,12.5116
21102.92,38.84,12.5091
21103.92,25.58,12.5091
21104.92,90.37,12.5287
21105.92,95.7,12.5332
21106.92,25.76,12.4926
21107.93,25.2,12.4926
21108.93,25.96,12.4926
21109.93,25.92,12.4926
21110.93,25.19,12.4926
21111.93,28.62,12.4926
21112.93,26.52,12.4926
21113.93,56.92,12.4926
21114.93,99.92,12.4929
21115.94,35.85,12.4929
21116.94,25.46,12.4929
21117.94,25.19,12.4929
21118.94,25.23,12.4929
21119.94,25.32,12.4929
21120.94,25.19,12.4929
21121.95,25.2,12.493
21122.95,80.37,12.4931
21123.95,90.55,12.4931
21124.95,25.18,12.4932
21125.95,25.6,12.4932
21126.95,28.41,12.5237
21127.95,99.98,13.1979
21128.95,72.25,13.1979
21129.96,25.2,13.1979
21130.96,25.3,13.1979
21131.96,25.19,13.1979
21132.96,42.0,13.3398
21133.96,25.32,13.3398
21134.96,25.2,13.3398
21135.96,30.18,13.34
21136.97,25.28,13.34
21137.97,25.19,13.34
21138.97,28.65,13.3401
21139.97,25.5,13.3401
21140.97,25.17,13.3401
21141.97,25.3,13.3401
21142.98,28.91,13.3401
21143.98,25.21,13.3401
21144.98,25.3,13.3402
21145.98,25.87,13.3402
21146.98,28.88,13.3405
21147.98,25.3,13.3405
21148.98,25.19,13.3405
21149.99,28.95,13.3405
21150.99,25.27,13.3405
21151.99,25.17,13.3405
21152.99,25.3,13.3405
21153.99,28.8,13.3406
21154.99,25.16,13.3406
21156.0,25.25,13.3406
21157.0,25.19,13.3406
21158.0,29.04,13.3406
21159.0,25.12,13.3406
21160.0,25.23,13.3406
21161.0,28.82,13.3408
21162.01,25.13,13.3407
21163.01,25.25,13.3407
21164.01,25.19,13.3408
21165.01,28.91,13.3407
21166.01,25.17,13.3407
21167.01,25.18,13.3407
21168.01,25.29,13.3407
21169.02,28.81,13.3408
21170.02,25.29,13.3408
21171.02,25.19,13.3408
21172.02,25.2,13.3408
21173.02,29.29,13.3408
21174.03,25.19,13.3408
21175.03,25.29,13.3408
21176.03,29.92,13.341
21177.03,25.3,13.341
21178.03,25.2,13.341
21179.03,25.19,13.341
21180.04,25.29,13.341
21181.04,29.86,13.341
21182.04,25.23,13.341
21183.04,25.15,13.3411
21184.04,25.12,13.3411
21185.04,29.89,13.3411
21186.05,25.12,13.3411
21187.05,25.23,13.3411
21188.05,25.14,13.3411
21189.05,25.25,13.3411
21190.05,29.9,13.3412
21191.05,25.17,13.3412
21192.06,25.28,13.3412
21193.06,25.15,13.3412
21194.06,25.25,13.3412
21195.06,25.18,13.3412
21196.06,29.12,13.3412
21197.06,25.18,13.3412
21198.07,29.73,13.3412
21199.07,25.29,13.3412
21200.07,25.2,13.3412
21201.07,29.0,13.3412
21202.07,25.24,13.3412
21203.07,25.23,13.3412
21204.07,25.19,13.3412
21205.07,25.3,13.3412
21206.08,25.19,13.3412
21207.08,28.93,13.3413
21208.08,25.19,13.3413
21209.08,25.18,13.3413
21210.08,25.28,13.3413
21211.08,25.18,13.3413
21212.09,25.23,13.3413
21213.09,25.15,13.3414
21214.09,28.94,13.3414
21215.09,25.29,13.3414
21216.09,25.17,13.3414
21217.09,25.3,13.3414
21218.1,25.19,13.3414
21219.1,25.19,13.3414
21220.1,29.09,13.3416
21221.1,25.13,13.3416
21222.1,25.25,13.3416
21223.1,25.2,13.3416
21224.11,25.16,13.3416
21225.11,25.24,13.3416
21226.11,25.19,13.3416
21227.11,29.14,13.3416
21228.11,25.19,13.3416
21229.11,25.28,13.3416
21230.12,25.14,13.3416
21231.12,25.12,13.3416
21232.12,25.22,13.3416
21233.12,25.17,13.3416
21234.12,29.27,13.3416
21235.12,25.18,13.3416
21236.13,25.19,13.3416
21237.13,25.28,13.3416
21238.13,25.19,13.3416
21239.13,25.26,13.3416
21240.13,25.18,13.3416
21241.13,25.28,13.3416
21242.14,30.38,13.3417
21243.14,25.14,13.3417
21244.14,25.21,13.3417
21245.14,25.12,13.3417
21246.14,25.21,13.3417
21247.14,25.11,13.3417
21248.15,25.13,13.3417
21249.15,30.82,13.3419
21250.15,25.12,13.3419
21251.15,25.22,13.3419
21252.15,25.12,13.3419
21253.15,25.15,13.3419
21254.16,25.22,13.3419
21255.16,25.13,13.3419
21256.16,25.25,13.3419
21257.16,25.18,13.3419
21258.16,29.54,13.3419
21259.16,25.18,13.3419
21260.17,25.19,13.3419
21261.17,25.27,13.3419
21262.17,25.2,13.3419
21263.17,25.29,13.3419
21264.17,25.19,13.3419
21265.17,28.91,13.3422
21266.18,25.28,13.3422
21267.18,25.19,13.3422
21268.18,25.28,13.3422
21269.18,25.18,13.3422
21270.18,25.25,13.3422
21271.18,25.18,13.3422
21272.19,25.19,13.3422
21273.19,25.3,13.3423
21274.19,28.9,13.3423
21275.19,25.3,13.3423
21276.19,25.18,13.3423
21277.19,25.16,13.3423
21278.2,25.21,13.3423
21279.2,25.17,13.3423
21280.2,25.18,13.3423
21281.2,25.28,13.3423
21282.2,28.85,13.3423
21283.2,25.29,13.3423
21284.2,25.18,13.3423
21285.21,25.28,13.3423
21286.21,25.18,13.3423
21287.21,25.19,13.3423
21288.21,25.28,13.3423
21289.21,25.18,13.3423
21290.21,25.29,13.3423
21291.22,28.86,13.3425
21292.22,25.26,13.3425
21293.22,25.14,13.3425
21294.22,25.15,13.3425
21295.22,25.29,13.3427
21296.22,25.19,13.3427
21297.23,25.29,13.3427
21298.23,25.13,13.3427
21299.23,28.83,13.3427
21300.23,25.17,13.3427
21301.23,25.18,13.3427
21302.23,25.29,13.3427
21303.24,25.2,13.3427
21304.24,25.29,13.3427
21305.24,25.19,13.3427
21306.24,25.18,13.3427
21307.24,25.24,13.3427
21308.24,30.74,13.3428
21309.25,25.22,13.3428
21310.25,25.3,13.3428
21311.25,25.18,13.3428
21312.25,25.19,13.3428
21313.25,25.32,13.3428
21314.25,25.15,13.3428
21315.25,25.19,13.3428
21316.26,25.28,13.3428
21317.26,31.12,13.3428
21318.26,25.28,13.3428
21319.26,25.18,13.3428
21320.26,25.18,13.3428
21321.26,25.27,13.3428
21322.27,25.19,13.3428
21323.27,25.3,13.3429
21324.27,25.19,13.3429
21325.27,25.28,13.3429
21326.27,29.27,13.3431
21327.27,25.17,13.3431
21328.28,25.29,13.3431
21329.28,25.19,13.3431
21330.28,25.28,13.3431
21331.28,25.19,13.3431
21332.28,25.21,13.3431
21333.28,25.3,13.3431
21334.28,25.15,13.3431
21335.29,25.12,13.3431
21336.29,28.97,13.3433
21337.29,25.19,13.3433
21338.29,25.29,13.3433
21339.29,25.19,13.3433
21340.29,25.28,13.3433
21341.3,25.18,13.3433
21342.3,25.19,13.3433
21343.3,25.3,13.3433
21344.3,25.18,13.3433
21345.3,25.26,13.3433
21346.3,28.75,13.3435
21347.31,25.18,13.3435
21348.31,25.26,13.3435
21349.31,25.12,13.3435
21350.31,25.22,13.3435
21351.31,25.12,13.3435
21352.31,25.23,13.3435
21353.32,25.14,13.3435
21354.32,25.12,13.3435
21355.32,25.22,13.3435
21356.32,28.72,13.3435
21357.32,25.24,13.3435
21358.32,25.15,13.3435
21359.33,25.18,13.3435
21360.33,25.25,13.3435
21361.33,25.12,13.3435
21362.33,25.25,13.3435
21363.33,25.19,13.3435
21364.33,25.17,13.3435
21365.34,25.28,13.3435
21366.34,28.8,13.3436
21367.34,25.17,13.3436
21368.34,25.25,13.3436
21369.34,25.18,13.3436
21370.34,25.27,13.3436
21371.34,25.18,13.3436
21372.35,25.29,13.3436
21373.35,25.19,13.3437
21374.35,25.18,13.3437
21375.35,25.3,13.3437
21376.35,31.31,13.3437
21377.35,25.19,13.3437
21378.36,25.28,13.3437
21379.36,25.19,13.3437
21380.36,25.29,13.3437
21381.36,25.18,13.3437
21382.36,25.2,13.3437
21383.36,25.33,13.3437
21384.36,25.18,13.3437
21385.37,25.19,13.3437
21386.37,30.95,13.3437
21387.37,25.19,13.3437
21388.37,25.18,13.3437
21389.37,25.29,13.3437
21390.37,25.18,13.3437
21391.37,25.2,13.3437
21392.37,25.3,13.3437
21393.38,25.2,13.3437
21394.38,25.18,13.3437
21395.38,25.29,13.3437
21396.38,29.13,13.3439
21397.38,25.25,13.344
21398.38,25.16,13.344
21399.39,25.14,13.344
21400.39,25.23,13.344
21401.39,25.15,13.344
21402.39,25.26,13.344
21403.39,25.2,13.344
21404.39,25.17,13.344
21405.4,25.28,13.344
21406.4,28.91,13.344
21407.4,25.29,13.344
21408.4,25.19,13.344
21409.4,25.18,13.344
21410.4,25.31,13.344
21411.4,25.19,13.344
21412.41,25.29,13.344
21413.41,25.2,13.344
21414.41,25.18,13.344
21415.41,25.28,13.344
21416.41,25.19,13.344
21417.41,28.94,13.3441
21418.42,25.17,13.3441
21419.42,25.12,13.3441
21420.42,25.22,13.3441
21421.42,25.15,13.3441
21422.42,25.24,13.3441
21423.42,25.19,13.3441
21424.43,25.12,13.3441
21425.43,25.25,13.3442
21426.43,25.13,13.3442
21427.43,28.85,13.3442
21428.43,25.29,13.3442
21429.43,25.19,13.3442
21430.43,25.28,13.3442
21431.44,25.21,13.3442
21432.44,25.19,13.3442
21433.44,25.3,13.3442
21434.44,25.18,13.3442
21435.44,25.17,13.3442
21436.44,25.3,13.3442
21437.45,29.25,13.3445
21438.45,25.3,13.3445
21439.45,25.16,13.3445
21440.45,25.13,13.3445
21441.45,25.24,13.3445
21442.45,25.14,13.3445
21443.45,25.25,13.3445
21444.46,25.13,13.3445
21445.46,25.14,13.3445
21446.46,25.25,13.3445
21447.46,25.17,13.3445
21448.46,31.61,13.3446
21449.46,25.27,13.3446
21450.47,25.11,13.3446
21451.47,25.28,13.3446
21452.47,25.19,13.3446
21453.47,25.2,13.3446
21454.47,25.28,13.3446
21455.47,25.18,13.3446
21456.47,25.28,13.3446
21457.48,25.19,13.3446
21458.48,30.42,13.3447
21459.48,25.27,13.3447
21460.48,25.18,13.3447
21461.48,25.29,13.3447
21462.48,25.2,13.3447
21463.49,25.21,13.3447
21464.49,25.3,13.3447
21465.49,25.19,13.3447
21466.49,25.29,13.3447
21467.49,25.19,13.3447
21468.49,28.88,13.3448
21469.5,25.28,13.3448
21470.5,25.18,13.3448
21471.5,25.3,13.3448
21472.5,25.21,13.3448
21473.5,25.15,13.3448
21474.5,25.23,13.3448
21475.51,25.13,13.3448
21476.51,25.23,13.3448
21477.51,25.14,13.3448
21478.51,25.23,13.3448
21479.51,28.92,13.3451
21480.51,25.19,13.3451
21481.52,25.29,13.3451
21482.52,25.2,13.3451
21483.52,25.3,13.3451
21484.52,25.19,13.3451
21485.52,25.28,13.3451
21486.52,25.11,13.3451
21487.53,25.18,13.3451
21488.53,25.27,13.3451
21489.53,25.14,13.3451
21490.53,29.0,13.3452
21491.53,25.18,13.3452
21492.53,25.2,13.3452
21493.54,25.31,13.3452
21494.54,25.19,13.3452
21495.54,25.29,13.3452
21496.54,25.18,13.3452
21497.54,25.29,13.3452
21498.54,25.18,13.3452
21499.55,25.18,13.3452
21500.55,25.29,13.3452
21501.55,28.84,13.3453
21502.55,25.3,13.3453
21503.55,25.22,13.3454
21504.55,25.19,13.3454
21505.56,25.29,13.3454
21506.56,25.19,13.3454
21507.56,25.3,13.3454
21508.56,25.2,13.3454
21509.56,25.28,13.3454
21510.56,25.19,13.3454
21511.57,30.46,13.3454
21512.57,25.3,13.3454
21513.57,25.2,13.3454
21514.57,25.29,13.3454
21515.57,25.18,13.3454
21516.57,25.28,13.3454
21517.58,25.19,13.3454
21518.58,25.18,13.3454
21519.58,25.28,13.3454
21520.58,25.14,13.3454
21521.58,25.14,13.3454
21522.58,31.36,13.3457
21523.59,25.16,13.3457
21524.59,25.28,13.3457
21525.59,25.18,13.3457
21526.59,25.18,13.3457
21527.59,25.29,13.3457
21528.59,25.18,13.3457
21529.59,25.28,13.3457
21530.6,25.18,13.3457
21531.6,25.18,13.3457
21532.6,29.73,13.3457
21533.6,25.17,13.3457
21534.6,25.21,13.3457
21535.6,25.12,13.3457
21536.61,25.23,13.3457
21537.61,25.15,13.3457
21538.61,25.13,13.3457
21539.61,25.23,13.3457
21540.61,25.13,13.3457
21541.61,25.23,13.3457
21542.62,28.93,13.3459
21543.62,25.19,13.3459
21544.62,25.25,13.3459
21545.62,25.15,13.3459
21546.62,25.28,13.3459
21547.62,25.18,13.3459
21548.63,25.19,13.3459
21549.63,25.22,13.3459
21550.63,25.11,13.3459
21551.63,25.28,13.3459
21552.63,25.21,13.3459
21553.63,28.93,13.346
21554.64,25.29,13.346
21555.64,25.19,13.346
21556.64,25.29,13.346
21557.64,25.2,13.346
21558.64,25.18,13.346
21559.64,25.28,13.346
21560.65,25.18,13.346
21561.65,25.28,13.346
21562.65,25.21,13.346
21563.65,25.3,13.346
21564.65,28.77,13.3462
21565.65,25.17,13.3462
21566.66,25.27,13.3462
21567.66,25.17,13.3462
21568.66,25.22,13.3462
21569.66,25.12,13.3462
21570.66,25.12,13.3462
21571.66,25.22,13.3462
21572.67,25.15,13.3462
21573.67,25.28,13.3462
21574.67,25.19,13.3462
21575.67,25.18,13.3462
21576.67,29.65,13.3462
21577.67,25.2,13.3462
21578.67,25.3,13.3462
21579.68,25.19,13.3462
21580.68,25.17,13.3463
21581.68,25.26,13.3463
21582.68,25.15,13.3463
21583.68,25.23,13.3463
21584.68,25.13,13.3463
21585.69,25.18,13.3463
21586.69,31.24,13.3466
21587.69,25.2,13.3466
21588.69,25.29,13.3466
21589.69,25.19,13.3466
21590.69,25.29,13.3466
21591.7,25.19,13.3466
21592.7,25.21,13.3466
21593.7,25.29,13.3466
21594.7,25.19,13.3466
21595.7,25.28,13.3466
21596.7,30.59,13.3466
21597.71,25.31,13.3466
21598.71,25.19,13.3466
21599.71,25.17,13.3466
21600.71,25.24,13.3466
21601.71,25.13,13.3466
21602.71,25.26,13.3468
21603.72,25.14,13.3468
21604.72,25.24,13.3468
21605.72,25.19,13.3468
21606.72,25.19,13.3468
21607.72,29.06,13.3468
21608.72,25.18,13.3468
21609.73,25.3,13.3469
21610.73,25.19,13.3469
21611.73,25.19,13.3469
21612.73,25.32,13.3469
21613.73,25.17,13.3469
21614.73,25.27,13.3469
21615.74,25.16,13.3469
21616.74,25.27,13.3469
21617.74,25.2,13.3469
21618.74,28.95,13.347
21619.74,25.29,13.347
21620.74,25.19,13.347
21621.75,25.16,13.347
21622.75,25.28,13.347
21623.75,25.11,13.347
21624.75,25.21,13.347
21625.75,25.14,13.347
21626.75,25.24,13.347
21627.76,25.19,13.347
21628.76,25.18,13.347
21629.76,28.93,13.347
21630.76,25.18,13.347
21631.76,25.27,13.347
21632.76,25.21,13.3471
21633.77,25.25,13.3471
21634.77,25.13,13.3471
21635.77,25.17,13.3471
21636.77,25.27,13.3471
21637.77,25.2,13.3471
21638.77,25.29,13.3471
21639.78,25.18,13.3471
21640.78,28.97,13.3473
21641.78,25.28,13.3473
21642.78,25.2,13.3473
21643.78,25.28,13.3473
21644.78,25.19,13.3473
21645.79,25.29,13.3473
21646.79,25.19,13.3473
21647.79,25.2,13.3473
21648.79,25.24,13.3473
21649.79,25.14,13.3473
21650.79,27.2,13.3473
21651.8,28.96,13.3473
21652.8,25.22,13.3473
21653.8,25.29,13.3473
21654.8,25.21,13.3474
21655.8,25.19,13.3474
21656.8,25.29,13.3474
21657.81,25.21,13.3474
21658.81,25.29,13.3474
21659.81,25.2,13.3474
21660.81,25.3,13.3474
21661.81,31.36,13.3475
21662.81,25.22,13.3475
21663.82,25.29,13.3475
21664.82,25.15,13.3475
21665.82,25.23,13.3474
21666.82,25.13,13.3474
21667.82,25.14,13.3476
21668.82,25.23,13.3476
21669.83,25.14,13.3476
21670.83,25.23,13.3474
21671.83,25.13,13.3474
21672.83,29.27,13.3477
21673.83,25.15,13.3476
21674.83,25.15,13.3476
21675.83,25.29,13.3476
21676.84,25.17,13.3476
21677.84,25.21,13.3476
21678.84,25.28,13.3476
21679.84,25.13,13.3476
21680.84,25.13,13.3476
21681.84,25.23,13.3476
21682.84,25.16,13.3477
21683.85,28.92,13.3477
21684.85,25.17,13.3478
21685.85,25.17,13.3478
21686.85,25.28,13.3478
21687.85,25.19,13.3478
21688.85,25.27,13.3478
21689.86,25.18,13.3478
21690.86,25.28,13.3478
21691.86,25.15,13.3478
21692.86,25.16,13.3478
21693.86,25.26,13.3478
21694.86,25.13,13.3478
21695.87,28.84,13.3479
21696.87,25.29,13.3479
21697.87,25.2,13.3479
21698.87,25.18,13.3479
21699.87,25.3,13.3479
21700.87,25.2,13.3479
21701.87,25.15,13.3478
21702.88,25.26,13.348
21703.88,25.14,13.3479
21704.88,25.22,13.3479
21705.88,28.87,13.348
21706.88,25.18,13.3479
21707.88,25.3,13.3481
21708.88,25.19,13.348
21709.89,25.28,13.3481
21710.89,25.18,13.3481
21711.89,25.18,13.3481
21712.89,25.31,13.3481
21713.89,25.19,13.3481
21714.89,25.28,13.3481
21715.9,25.2,13.3479
21716.9,29.85,13.3483
21717.9,25.29,13.3483
21718.9,25.18,13.3483
21719.9,25.26,13.3483
21720.9,25.15,13.3483
21721.91,25.18,13.3483
21722.91,25.31,13.3483
21723.91,25.18,13.3483
21724.91,25.28,13.3483
21725.91,25.17,13.3483
21726.91,25.17,13.3483
21727.92,31.67,13.3484
21728.92,25.18,13.3483
21729.92,25.29,13.3483
21730.92,25.18,13.3483
21731.92,25.17,13.3483
21732.92,25.84,13.3483
21733.93,25.17,13.3483
21734.93,25.28,13.3483
21735.93,25.18,13.3482
21736.93,25.29,13.3482
21737.93,29.81,13.3485
21738.93,25.19,13.3485
21739.94,25.29,13.3485
21740.94,25.18,13.3485
21741.94,25.29,13.3485
21742.94,25.22,13.3485
21743.94,25.16,13.3485
21744.94,25.27,13.3485
21745.95,25.13,13.3485
21746.95,25.22,13.3485
21747.95,25.14,13.3485
21748.95,28.9,13.3487
21749.95,25.17,13.3487
21750.95,25.19,13.3487
21751.96,25.23,13.3487
21752.96,25.16,13.3487
21753.96,25.27,13.3487
21754.96,25.2,13.3487
21755.96,25.29,13.3487
21756.96,25.15,13.3487
21757.97,25.14,13.3487
21758.97,25.25,13.3487
21759.97,25.13,13.3487
21760.97,28.95,13.3486
21761.97,25.28,13.3486
21762.97,25.21,13.3487
21763.97,25.19,13.3488
21764.98,25.28,13.3488
21765.98,25.17,13.3488
21766.98,25.25,13.3488
21767.98,25.16,13.3488
21768.98,25.28,13.3488
21769.98,25.19,13.3488
21770.99,25.18,13.3488
21771.99,29.04,13.3488
21772.99,25.19,13.3488
21773.99,25.22,13.3488
21774.99,25.13,13.3488
21775.99,25.22,13.3488
21777.0,25.15,13.3488
21778.0,25.21,13.3488
21779.0,25.3,13.3489
21780.0,25.22,13.3488
21781.0,25.18,13.3488
21782.0,25.29,13.3489
21783.0,29.66,13.3492
21784.01,25.28,13.3491
21785.01,25.19,13.3492
21786.01,25.2,13.3492
21787.01,25.3,13.3492
21788.01,25.2,13.3492
21789.01,25.22,13.3492
21790.01,25.3,13.3492
21791.02,25.19,13.3492
21792.02,25.19,13.3492
21793.02,25.27,13.3492
21794.02,31.29,13.3492
21795.02,25.3,13.3492
21796.02,25.2,13.3492
21797.03,25.3,13.3492
21798.03,25.21,13.3492
21799.03,25.2,13.3492
21800.03,25.3,13.3492
21801.03,25.2,13.3492
21802.03,25.29,13.3492
21803.04,25.22,13.3492
21804.04,25.2,13.3492
21805.04,30.66,13.3492
21806.04,25.19,13.3492
21807.04,25.26,13.3492
21808.04,25.15,13.3492
21809.05,25.15,13.3492
21810.05,25.29,13.3492
21811.05,25.19,13.3492
21812.05,25.29,13.3492
21813.05,25.22,13.3493
21814.05,25.21,13.3493
21815.06,29.02,13.3494
21816.06,25.2,13.3494
21817.06,25.31,13.3494
21818.06,25.21,13.3494
21819.06,25.31,13.3494
21820.06,25.19,13.3494
21821.07,25.18,13.3494
21822.07,25.3,13.3494
21823.07,25.23,13.3494
21824.07,25.3,13.3494
21825.07,25.2,13.3494
21826.07,28.89,13.3494
21827.08,25.3,13.3494
21828.08,25.21,13.3494
21829.08,25.31,13.3494
21830.08,25.19,13.3494
21831.08,25.19,13.3494
21832.08,25.29,13.3494
21833.08,25.22,13.3496
21834.09,25.3,13.3496
21835.09,25.2,13.3496
21836.09,25.31,13.3496
21837.09,28.85,13.35
21838.09,25.2,13.35
21839.09,25.29,13.35
21840.1,25.19,13.35
21841.1,25.19,13.35
21842.1,25.31,13.35
21843.1,25.23,13.35
21844.1,25.3,13.35
21845.1,25.2,13.35
21846.11,25.19,13.35
21847.11,25.29,13.35
21848.11,25.21,13.35
21849.11,28.96,13.3502
21850.11,25.21,13.3502
21851.11,25.27,13.3502
21852.12,25.13,13.3502
21853.12,25.17,13.3502
21854.12,25.29,13.3502
21855.12,25.19,13.3502
21856.12,25.29,13.3502
21857.12,25.19,13.3502
21858.13,25.2,13.3502
21859.13,25.29,13.3502
21860.13,31.19,13.3502
21861.13,25.29,13.3502
21862.13,25.18,13.3502
21863.13,25.31,13.3503
21864.14,25.18,13.3503
21865.14,25.18,13.3503
21866.14,25.28,13.3503
21867.14,25.17,13.3503
21868.14,25.2,13.3503
21869.14,25.28,13.3503
21870.15,25.19,13.3503
21871.15,31.15,13.3503
21872.15,25.15,13.3503
21873.15,25.25,13.3503
21874.15,25.12,13.3503
21875.15,25.12,13.3503
21876.16,25.22,13.3503
21877.16,25.12,13.3503
21878.16,25.24,13.3503
21879.16,25.17,13.3503
21880.16,25.17,13.3503
21881.16,29.05,13.3507
21882.17,25.18,13.3507
21883.17,25.31,13.3507
21884.17,25.18,13.3507
21885.17,25.28,13.3507
21886.17,25.18,13.3507
21887.17,25.19,13.3507
21888.18,25.29,13.3507
21889.18,25.19,13.3507
21890.18,25.27,13.3507
21891.18,25.18,13.3507
21892.18,28.99,13.3507
21893.18,25.29,13.3507
21894.18,25.19,13.3507
21895.19,25.23,13.3507
21896.19,25.12,13.3507
21897.19,25.13,13.3507
21898.19,25.23,13.3507
21899.19,25.12,13.3507
21900.19,25.22,13.3507
21901.2,25.12,13.3507
21902.2,25.28,13.3507
21903.2,28.86,13.3508
21904.2,25.19,13.3508
21905.2,25.28,13.3508
21906.2,25.19,13.3508
21907.21,25.29,13.3508
21908.21,25.18,13.3508
21909.21,25.2,13.3508
21910.21,25.29,13.3508
21911.21,25.19,13.3508
21912.21,25.29,13.3508
21913.22,25.2,13.3507
21914.22,28.94,13.3509
21915.22,25.29,13.3509
21916.22,25.19,13.3509
21917.22,25.29,13.3509
21918.22,25.13,13.3509
21919.23,25.22,13.3509
21920.23,25.13,13.3509
21921.23,25.15,13.3509
21922.23,25.23,13.3509
21923.23,25.16,13.351
21924.23,30.4,13.351
21925.24,25.18,13.351
21926.24,25.14,13.351
21927.24,25.23,13.351
21928.24,25.16,13.351
21929.24,25.19,13.351
21930.24,25.25,13.351
21931.24,25.18,13.351
21932.24,25.19,13.351
21933.25,25.29,13.351
21934.25,25.18,13.351
21935.25,31.66,13.351
21936.25,25.27,13.351
21937.25,25.18,13.351
21938.25,25.29,13.351
21939.26,25.19,13.351
21940.26,25.14,13.351
21941.26,25.23,13.351
21942.26,25.13,13.351
21943.26,25.25,13.351
21944.26,25.12,13.351
21945.27,28.97,13.351
21946.27,25.76,13.3514
21947.27,25.18,13.3514
21948.27,25.18,13.3514
21949.27,25.28,13.3514
21950.27,25.18,13.3514
21951.27,25.2,13.3514
21952.28,25.23,13.3514
21953.28,25.14,13.3515
21954.28,25.25,13.3515
21955.28,25.16,13.3515
21956.28,28.85,13.3515
21957.28,25.28,13.3515
21958.28,25.19,13.3515
21959.29,25.27,13.3515
21960.29,25.16,13.3515
21961.29,25.18,13.3515
21962.29,25.3,13.3515
21963.29,25.21,13.3515
21964.29,25.19,13.3515
21965.3,25.29,13.3515
21966.3,25.18,13.3515
21967.3,29.01,13.3515
21968.3,25.19,13.3515
21969.3,25.2,13.3515
21970.3,25.28,13.3515
21971.3,25.18,13.3515
21972.31,25.24,13.3515
21973.31,25.15,13.3515
21974.31,25.14,13.3515
21975.31,25.24,13.3515
21976.31,25.2,13.3515
21977.31,25.21,13.3515
21978.32,25.63,13.3515
21979.32,28.7,13.3515
21980.32,25.3,13.3515
21981.32,25.14,13.3515
21982.32,25.25,13.3515
21983.32,25.16,13.3516
21984.33,25.14,13.3516
21985.33,25.23,13.3516
21986.33,25.19,13.3516
21987.33,25.31,13.3516
21988.33,25.19,13.3516
21989.33,25.17,13.3516
21990.34,29.61,13.3518
21991.34,25.19,13.3518
21992.34,25.3,13.3518
21993.34,25.21,13.3518
21994.34,25.3,13.3518
21995.34,25.19,13.3518
21996.35,25.19,13.3518
21997.35,25.3,13.3518
21998.35,25.21,13.3518
21999.35,25.31,13.3518
22000.35,25.2,13.3518
22001.35,31.7,13.3519
22002.36,25.13,13.3519
22003.36,25.21,13.352
22004.36,25.3,13.352
22005.36,25.18,13.352
22006.36,25.29,13.352
22007.36,25.19,13.352
22008.37,25.19,13.352
22009.37,25.3,13.352
22010.37,25.2,13.352
22011.37,25.24,13.352
22012.37,30.06,13.3521
22013.37,25.32,13.3521
22014.38,25.2,13.3521
22015.38,25.2,13.3521
22016.38,25.26,13.3521
22017.38,25.13,13.3521
22018.38,25.23,13.3521
22019.38,25.15,13.3521
22020.39,25.19,13.3521
22021.39,25.3,13.3521
22022.39,25.21,13.3521
22023.39,29.09,13.3521
22024.39,25.18,13.3521
22025.39,25.12,13.3522
22026.4,25.28,13.3523
22027.4,25.22,13.3521
22028.4,25.23,13.3523
22029.4,25.29,13.3523
22030.4,25.2,13.3521
22031.4,25.22,13.3523
22032.4,25.24,13.3523
22033.4,25.14,13.3523
22034.41,28.86,13.3522
22035.41,25.23,13.3522
22036.41,25.13,13.3522
22037.41,25.24,13.3522
22038.41,25.14,13.3522
22039.41,25.24,13.3522
22040.42,25.13,13.3522
22041.42,25.13,13.3522
22042.42,25.24,13.3522
22043.42,25.15,13.3522
22044.42,25.23,13.3522
22045.42,28.9,13.3525
22046.43,25.3,13.3525
22047.43,25.21,13.3525
22048.43,25.21,13.3525
22049.43,25.3,13.3525
22050.43,25.2,13.3525
22051.43,25.3,13.3525
22052.44,25.21,13.3525
22053.44,25.22,13.3525
22054.44,25.3,13.3525
22055.44,25.21,13.3525
22056.44,28.94,13.3525
22057.44,25.16,13.3525
22058.45,25.2,13.3525
22059.45,25.32,13.3525
22060.45,25.19,13.3525
22061.45,25.19,13.3525
22062.45,25.3,13.3525
22063.45,25.25,13.3525
22064.45,25.27,13.3525
22065.46,25.19,13.3525
22066.46,25.2,13.3525
22067.46,31.78,13.3527
22068.46,25.2,13.3527
22069.46,25.31,13.3527
22070.46,25.22,13.3527
22071.46,25.2,13.3527
22072.47,25.32,13.3527
22073.47,25.19,13.3527
22074.47,25.14,13.3527
22075.47,25.29,13.3527
22076.47,25.2,13.3527
22077.47,30.78,13.3528
22078.47,25.3,13.3528
22079.48,25.19,13.3528
22080.48,25.19,13.3528
22081.48,25.3,13.3528
22082.48,25.21,13.3528
22083.48,25.25,13.3528
22084.48,25.3,13.353
22085.48,25.19,13.353
22086.49,25.3,13.353
22087.49,25.19,13.353
22088.49,29.11,13.3531
22089.49,25.29,13.3531
22090.49,25.18,13.3531
22091.49,25.29,13.3531
22092.5,25.2,13.3531
22093.5,25.21,13.3531
22094.5,25.29,13.3531
22095.5,25.18,13.3531
22096.5,25.3,13.3531
22097.5,25.19,13.3531
22098.51,25.19,13.3531
22099.51,28.99,13.3531
22100.51,25.15,13.3531
22101.51,25.23,13.3531
22102.51,25.17,13.3531
22103.51,25.2,13.3531
22104.52,25.29,13.3531
22105.52,25.19,13.3531
22106.52,25.29,13.3531
22107.52,25.2,13.3531
22108.52,25.16,13.3531
22109.52,25.24,13.3531
22110.53,28.9,13.3533
22111.53,25.27,13.3533
22112.53,25.18,13.3533
22113.53,25.29,13.3533
22114.53,25.18,13.3533
22115.53,25.17,13.3533
22116.54,25.28,13.3533
22117.54,25.2,13.3533
22118.54,25.29,13.3533
22119.54,25.48,13.3533
22120.54,25.19,13.3533
22121.54,29.06,13.3534
22122.55,25.2,13.3534
22123.55,25.31,13.3534
22124.55,25.2,13.3534
22125.55,25.3,13.3534
22126.55,25.19,13.3534
22127.55,25.32,13.3534
22128.55,25.42,13.3534
22129.56,25.2,13.3534
22130.56,30.28,13.3536
22131.56,25.29,13.3536
22132.56,25.2,13.3536
22133.56,25.33,13.3536
22134.56,25.2,13.3536
22135.57,25.19,13.3536
22136.57,45.5,6.4006
22137.57,86.99,2.725
22138.57,76.7,3.0884
22139.57,86.15,3.2643
22140.57,86.21,3.4619
22141.57,80.79,3.6889
22142.58,76.93,3.9262
22143.58,76.92,4.1481
22144.58,77.96,4.4135
22145.58,75.99,4.5988
22146.58,75.24,4.7664
22147.58,77.39,4.9142
22148.58,69.72,5.0343
22149.59,72.46,5.1777
22150.59,51.8,5.314
22151.59,43.62,5.4776
22152.59,32.55,6.217
22153.59,25.3,6.956
22154.59,58.6,8.0743
22155.59,100.22,8.8925
22156.6,74.52,9.4424
22157.6,25.15,9.4424
22158.6,25.28,9.4423
22159.6,73.2,9.4423
22160.6,76.37,9.4423
22161.6,60.26,9.4473
22162.6,36.06,9.5426
22163.61,47.01,9.5425
22164.61,31.11,9.5425
22165.61,41.57,9.5425
22166.61,28.04,9.5425
22167.61,52.21,9.543
22168.61,33.45,9.543
22169.61,29.72,9.5429
22170.62,25.91,9.5429
22171.62,28.01,9.543
22172.62,30.08,9.543
22173.62,30.03,9.543
22174.62,41.51,9.543
22175.62,35.32,9.5432
22176.62,30.99,9.5432
22177.63,27.7,9.5432
22178.63,35.61,9.5432
22179.63,36.8,9.5432
22180.63,29.28,9.5432
22181.63,37.06,9.5432
22182.63,25.94,9.5434
22183.64,25.49,9.5434
22184.64,25.45,9.5434
22185.64,25.22,9.5434
22186.64,26.34,9.5434
22187.64,27.08,9.5434
22188.64,26.88,9.5434
22189.65,25.62,9.5434
22190.65,97.73,10.5839
22191.65,99.88,11.2216
22192.65,100.24,11.9168
22193.65,87.14,12.3174
22194.65,26.04,12.3331
22195.65,25.88,12.3655
22196.66,25.92,12.3655
22197.66,26.18,12.3654
22198.66,27.71,12.3654
22199.66,33.39,12.3654
22200.66,25.59,12.3654
22201.66,26.54,12.3654
22202.67,25.34,12.3654
22203.67,30.8,12.3654
22204.67,29.45,12.3654
22205.67,25.5,12.3654
22206.67,25.21,12.3654
22207.67,26.2,12.3654
22208.68,25.21,12.3654
22209.68,26.5,12.3654
22210.68,25.23,12.3654
22211.68,25.24,12.3654
22212.68,25.34,12.3654
22213.68,26.07,12.3654
22214.69,25.34,12.3654
22215.69,26.82,12.3654
22216.69,25.2,12.3654
22217.69,25.43,12.3654
22218.69,25.24,12.3654
22219.69,25.99,12.3654
22220.7,25.54,12.3654
22221.7,27.79,12.3654
22222.7,35.18,12.3654
22223.7,26.44,12.3654
22224.7,25.48,12.3654
22225.7,25.19,12.3654
22226.71,25.28,12.3654
22227.71,25.18,12.3654
22228.71,25.16,12.3654
22229.71,25.23,12.3655
22230.71,25.35,12.3655
22231.71,25.23,12.3655
22232.72,25.16,12.3656
22233.72,25.24,12.3656
22234.72,26.45,12.3656
22235.72,28.72,12.3658
22236.72,27.31,12.3658
22237.72,29.27,12.3657
22238.73,25.39,12.3657
22239.73,25.33,12.3657
22240.73,31.63,12.3657
22241.73,39.24,12.3657
22242.73,25.21,12.3657
22243.73,25.19,12.3657
22244.74,25.3,12.3657
22245.74,38.08,12.3732
22246.74,26.28,12.3732
22247.74,25.22,12.3732
22248.74,25.34,12.3732
22249.74,26.15,12.3732
22250.75,25.53,12.3732
22251.75,26.28,12.367
22252.75,25.38,12.367
22253.75,25.54,12.367
22254.75,25.35,12.367
22255.75,25.18,12.367
22256.75,25.39,12.367
22257.76,30.72,12.367
22258.76,25.51,12.367
22259.76,25.31,12.367
22260.76,25.77,12.367
22261.76,25.29,12.367
22262.76,25.44,12.3671
22263.77,25.31,12.3671
22264.77,25.18,12.3671
22265.77,25.18,12.3671
22266.77,25.3,12.3671
22267.77,25.21,12.3671
22268.77,25.31,12.3671
22269.78,25.3,12.3671
22270.78,25.53,12.3671
22271.78,25.2,12.3671
22272.78,25.23,12.3671
22273.78,25.96,12.3671
22274.78,25.92,12.3671
22275.79,25.22,12.3671
22276.79,25.39,12.3671
22277.79,25.3,12.3671
22278.79,27.21,12.3671
22279.79,25.22,12.3671
22280.79,25.12,12.3671
22281.8,25.26,12.3671
22282.8,25.9,12.3671
22283.8,25.19,12.3671
22284.8,25.3,12.3671
22285.8,25.21,12.3671
22286.8,25.3,12.3671
22287.8,25.2,12.3671
22288.81,25.19,12.3671
22289.81,25.29,12.3671
22290.81,25.19,12.3671
22291.81,25.22,12.3671
22292.81,25.48,12.3673
22293.81,25.2,12.3673
22294.81,25.3,12.3673
22295.82,25.17,12.3673
22296.82,25.38,12.3673
22297.82,25.21,12.3673
22298.82,25.21,12.3673
22299.82,25.72,12.3673
22300.82,25.12,12.3673
22301.82,25.15,12.3673
22302.83,25.33,12.3673
22303.83,25.16,12.3673
22304.83,25.16,12.3673
22305.83,25.31,12.3673
22306.83,26.06,12.3674
22307.83,25.22,12.3674
22308.83,25.59,12.3674
22309.84,25.13,12.3674
22310.84,28.86,12.3674
22311.84,32.64,12.3674
22312.84,25.22,12.3674
22313.84,25.29,12.3674
22314.84,31.99,12.3674
22315.85,25.94,12.3674
22316.85,32.33,12.3674
22317.85,25.18,12.3674
22318.85,25.3,12.3674
22319.85,26.07,12.3674
22320.85,25.26,12.3674
22321.86,25.17,12.3674
22322.86,25.27,12.3675
22323.86,25.19,12.3675
22324.86,25.2,12.3675
22325.86,25.29,12.3675
22326.86,25.33,12.3675
22327.87,25.3,12.3675
22328.87,25.43,12.3675
22329.87,25.64,12.3675
22330.87,25.23,12.3675
22331.87,25.2,12.3675
22332.87,74.48,12.3779
22333.88,99.85,12.4828
22334.88,42.0,12.4828
22335.88,25.31,12.4828
22336.88,25.2,12.4828
22337.88,26.13,12.4828
22338.88,25.28,12.4828
22339.88,25.19,12.4828
22340.89,25.31,12.4828
22341.89,25.21,12.4828
22342.89,25.2,12.4828
22343.89,25.28,12.4828
22344.89,25.19,12.4828
22345.89,25.29,12.4828
22346.9,25.19,12.4828
22347.9,25.21,12.4828
22348.9,25.37,12.4828
22349.9,25.19,12.4828
22350.9,25.27,12.4828
22351.9,25.3,12.4828
22352.91,25.32,12.4829
22353.91,25.2,12.4829
22354.91,25.19,12.483
22355.91,25.3,12.483
22356.91,25.21,12.4829
22357.91,25.31,12.4829
22358.92,25.53,12.4829
22359.92,25.14,12.4829
22360.92,25.29,12.4829
22361.92,25.2,12.4829
22362.92,25.28,12.483
22363.92,37.6,12.4831
22364.92,68.52,12.4834
22365.93,59.86,12.4834
22366.93,39.79,12.4834
22367.93,25.18,12.4834
22368.93,25.29,12.4834
22369.93,29.52,12.4834
22370.93,25.24,12.4834
22371.93,65.98,12.498
22372.94,93.38,12.5023
22373.94,25.2,12.5023
22374.94,25.29,12.5023
22375.94,25.42,12.5023
22376.94,26.14,12.5023
22377.94,25.3,12.5023
22378.94,25.19,12.5023
22379.95,25.18,12.5023
22380.95,25.28,12.5023
22381.95,96.79,12.5029
22382.95,62.4,12.503
22383.95,25.28,12.503
22384.95,25.19,12.503
22385.95,25.91,12.503
22386.96,25.46,12.503
22387.96,29.01,12.503
22388.96,25.28,12.503
22389.96,25.2,12.503
22390.96,70.1,12.511
22391.96,90.45,12.5111
22392.97,25.2,12.5112
22393.97,25.27,12.5112
22394.97,25.18,12.5112
22395.97,64.76,12.9269
22396.97,99.82,13.2114
22397.97,38.85,13.2114
22398.97,25.29,13.2114
22399.98,25.19,13.2114
22400.98,42.44,13.3399
22401.98,25.25,13.3399
22402.98,25.21,13.34
22403.98,25.23,13.34
22404.98,29.47,13.3402
22405.99,25.22,13.3402
22406.99,25.21,13.3402
22407.99,25.13,13.3402
22408.99,29.54,13.3402
22409.99,25.09,13.3402
22410.99,25.18,13.3402
22412.0,25.09,13.3402
22413.0,28.86,13.3403
22414.0,25.28,13.3403
22415.0,25.18,13.3403
22416.0,27.78,13.3403
22417.0,26.43,13.3405
22418.0,25.19,13.3405
22419.01,25.28,13.3405
22420.01,28.84,13.3406
22421.01,25.17,13.3406
22422.01,25.27,13.3406
22423.01,25.85,13.3406
22424.01,29.0,13.3406
22425.02,25.19,13.3405
22426.02,25.29,13.3405
22427.02,25.19,13.3405
22428.02,28.97,13.3406
22429.02,25.24,13.3406
22430.02,25.18,13.3406
22431.03,25.23,13.3406
22432.03,28.8,13.3406
22433.03,25.21,13.3406
22434.03,25.23,13.3406
22435.03,25.13,13.3406
22436.03,29.01,13.3406
22437.04,25.19,13.3406
22438.04,25.24,13.3406
22439.04,28.95,13.3407
22440.04,25.19,13.3407
22441.04,25.29,13.3407
22442.04,25.19,13.3407
22443.05,28.9,13.3408
22444.05,25.27,13.3408
22445.05,25.19,13.3408
22446.05,25.28,13.3408
22447.05,28.8,13.3408
22448.05,25.2,13.3408
22449.06,25.29,13.3408
22450.06,25.19,13.3408
22451.06,29.05,13.3408
22452.06,25.19,13.3408
22453.06,25.22,13.3408
22454.06,25.29,13.3408
22455.06,25.2,13.3408
22456.07,29.04,13.341
22457.07,25.19,13.341
22458.07,25.18,13.341
22459.07,25.23,13.341
22460.07,25.13,13.341
22461.07,28.87,13.341
22462.08,25.17,13.341
22463.08,25.21,13.3411
22464.08,25.29,13.3411
22465.08,25.19,13.3411
22466.08,29.32,13.3411
22467.08,25.19,13.3411
22468.09,25.19,13.3411
22469.09,25.28,13.3411
22470.09,25.18,13.3411
22471.09,25.28,13.3411
22472.09,30.11,13.3411
22473.09,25.31,13.3411
22474.1,25.19,13.3411
22475.1,25.19,13.3411
22476.1,25.29,13.3411
22477.1,25.19,13.3411
22478.1,30.72,13.3411
22479.1,25.19,13.3411
22480.11,26.42,13.3411
22481.11,25.14,13.3411
22482.11,25.19,13.3411
22483.11,25.31,13.3411
22484.11,29.94,13.3412
22485.11,25.26,13.3412
22486.12,25.12,13.3412
22487.12,25.17,13.3412
22488.12,25.29,13.3412
22489.12,25.18,13.3412
22490.12,25.28,13.3412
22491.12,29.22,13.3412
22492.13,25.26,13.3413
22493.13,25.21,13.3413
22494.13,25.12,13.3413
22495.13,25.21,13.3413
22496.13,25.12,13.3413
22497.13,25.24,13.3413
22498.14,29.02,13.3414
22499.14,25.19,13.3414
22500.14,25.29,13.3414
22501.14,25.18,13.3414
22502.14,25.29,13.3414
22503.14,25.2,13.3414
22504.15,25.28,13.3414
22505.15,28.95,13.3414
22506.15,25.19,13.3414
22507.15,25.29,13.3414
22508.15,25.2,13.3414
22509.15,25.3,13.3414
22510.16,25.18,13.3414
22511.16,25.18,13.3414
22512.16,25.23,13.3414
22513.16,25.19,13.3417
22514.16,28.91,13.3417
22515.16,25.19,13.3417
22516.16,25.2,13.3416
22517.17,25.21,13.3416
22518.17,25.3,13.3416
22519.17,25.19,13.3416
22520.17,25.28,13.3416
22521.17,25.15,13.3416
22522.17,28.83,13.3418
22523.18,25.29,13.3418
22524.18,25.18,13.3418
22525.18,25.28,13.3418
22526.18,25.21,13.3418
22527.18,25.2,13.3418
22528.18,25.29,13.3418
22529.18,25.19,13.3417
22530.19,29.44,13.3418
22531.19,25.17,13.3418
22532.19,25.19,13.3418
22533.19,25.3,13.3418
22534.19,25.18,13.3418
22535.19,25.28,13.3418
22536.2,25.18,13.3418
22537.2,25.19,13.3418
22538.2,25.31,13.3418
22539.2,30.97,13.3419
22540.2,25.19,13.3419
22541.2,25.31,13.3419
22542.2,25.2,13.3419
22543.21,25.21,13.3419
22544.21,25.31,13.3419
22545.21,25.19,13.3419
22546.21,25.19,13.3419
22547.21,30.94,13.3421
22548.21,25.19,13.3421
22549.21,25.28,13.342
22550.22,25.19,13.3421
22551.22,25.29,13.3421
22552.22,25.18,13.3421
22553.22,25.2,13.3422
22554.22,25.29,13.3422
22555.22,29.2,13.3422
22556.23,25.29,13.3422
22557.23,25.2,13.3422
22558.23,25.19,13.3422
22559.23,25.28,13.3422
22560.23,25.13,13.3422
22561.23,25.22,13.3422
22562.24,25.16,13.3422
22563.24,25.24,13.3422
22564.24,28.79,13.3422
22565.24,25.18,13.3422
22566.24,25.28,13.3422
22567.24,25.17,13.3422
22568.25,25.23,13.3422
22569.25,25.13,13.3422
22570.25,25.13,13.3422
22571.25,25.23,13.3422
22572.25,25.14,13.3422
22573.25,29.05,13.3422
22574.26,25.19,13.3422
22575.26,25.19,13.3421
22576.26,25.29,13.3421
22577.26,25.21,13.3421
22578.26,25.29,13.3421
22579.26,25.19,13.3421
22580.27,25.3,13.3421
22581.27,25.18,13.3421
22582.27,25.21,13.3423
22583.27,28.95,13.3425
22584.27,25.17,13.3425
22585.27,25.24,13.3425
22586.28,25.13,13.3425
22587.28,25.14,13.3425
22588.28,25.23,13.3425
22589.28,25.13,13.3425
22590.28,25.22,13.3425
22591.28,25.12,13.3425
22592.29,25.13,13.3425
22593.29,28.9,13.3425
22594.29,25.19,13.3425
22595.29,25.27,13.3425
22596.29,25.18,13.3425
22597.29,25.26,13.3425
22598.3,25.13,13.3425
22599.3,25.14,13.3425
22600.3,25.23,13.3425
22601.3,25.13,13.3425
22602.3,30.18,13.3426
22603.3,25.19,13.3428
22604.31,25.18,13.3428
22605.31,25.27,13.3428
22606.31,25.18,13.3428
22607.31,25.3,13.3428
22608.31,25.18,13.3428
22609.31,25.19,13.3428
22610.32,25.29,13.3428
22611.32,30.78,13.3428
22612.32,25.31,13.3428
22613.32,25.21,13.3428
22614.32,25.19,13.3428
22615.32,25.29,13.3428
22616.32,25.18,13.3428
22617.33,25.28,13.3428
22618.33,25.14,13.3427
22619.33,25.14,13.3427
22620.33,25.26,13.3427
22621.33,30.21,13.343
22622.33,25.23,13.3429
22623.34,25.17,13.3429
22624.34,25.18,13.3429
22625.34,25.22,13.3429
22626.34,25.12,13.3429
22627.34,25.23,13.343
22628.34,25.13,13.343
22629.35,25.24,13.343
22630.35,28.83,13.3432
22631.35,25.18,13.3431
22632.35,25.31,13.3432
22633.35,25.2,13.3432
22634.35,25.19,13.3432
22635.36,25.22,13.3432
22636.36,25.18,13.3432
22637.36,25.29,13.3432
22638.36,25.19,13.3432
22639.36,25.18,13.3432
22640.36,29.03,13.3433
22641.36,25.18,13.3433
22642.37,25.29,13.3433
22643.37,25.21,13.3433
22644.37,25.22,13.3434
22645.37,25.29,13.3434
22646.37,25.19,13.3434
22647.37,25.19,13.3434
22648.38,25.28,13.3433
22649.38,25.18,13.3433
22650.38,25.28,13.3433
22651.38,28.97,13.3433
22652.38,25.19,13.3434
22653.38,25.29,13.3434
22654.38,25.18,13.3434
22655.39,25.28,13.3434
22656.39,25.17,13.3434
22657.39,25.2,13.3435
22658.39,25.28,13.3435
22659.39,25.21,13.3435
22660.39,25.29,13.3435
22661.4,28.94,13.3435
22662.4,25.2,13.3435
22663.4,25.25,13.3435
22664.4,25.13,13.3435
22665.4,25.23,13.3435
22666.4,25.14,13.3435
22667.41,25.19,13.3435
22668.41,25.28,13.3435
22669.41,25.19,13.3435
22670.41,25.29,13.3435
22671.41,30.42,13.3436
22672.41,25.29,13.3436
22673.42,25.19,13.3436
22674.42,25.17,13.3436
22675.42,25.25,13.3436
22676.42,25.16,13.3436
22677.42,25.27,13.3436
22678.42,25.18,13.3436
22679.43,25.28,13.3436
22680.43,25.16,13.3436
22681.43,26.09,13.3436
22682.43,30.72,13.3437
22683.43,25.2,13.3438
22684.43,25.29,13.3438
22685.44,25.19,13.3438
22686.44,25.19,13.3438
22687.44,25.29,13.3438
22688.44,25.18,13.3438
22689.44,25.28,13.3438
22690.44,25.15,13.3438
22691.45,25.18,13.3438
22692.45,29.34,13.3439
22693.45,25.15,13.3438
22694.45,25.13,13.3438
22695.45,25.25,13.3438
22696.45,25.13,13.3438
22697.45,25.13,13.3439
22698.45,25.29,13.3439
22699.46,25.16,13.3438
22700.46,25.13,13.3438
22701.46,25.25,13.3438
22702.46,28.82,13.3439
22703.46,25.16,13.3439
22704.46,25.23,13.3439
22705.46,25.12,13.3439
22706.47,25.23,13.3439
22707.47,25.16,13.3439
22708.47,25.19,13.3439
22709.47,25.29,13.3439
22710.47,25.18,13.3439
22711.47,28.94,13.3442
22712.48,25.17,13.3442
22713.48,25.14,13.3442
22714.48,25.24,13.3442
22715.48,25.13,13.3442
22716.48,25.27,13.3442
22717.48,25.19,13.3442
22718.49,25.19,13.3442
22719.49,25.32,13.3442
22720.49,28.83,13.3443
22721.49,25.18,13.3443
22722.49,25.29,13.3443
22723.49,25.2,13.3443
22724.49,25.29,13.3443
22725.5,25.19,13.3443
22726.5,25.29,13.3443
22727.5,25.18,13.3443
22728.5,25.19,13.3443
22729.5,29.04,13.3443
22730.5,25.19,13.3443
22731.51,25.21,13.3443
22732.51,25.31,13.3443
22733.51,25.19,13.3444
22734.51,25.27,13.3444
22735.51,25.17,13.3444
22736.51,25.17,13.3444
22737.52,25.29,13.3444
22738.52,30.22,13.3444
22739.52,25.29,13.3444
22740.52,25.19,13.3444
22741.52,25.19,13.3444
22742.52,25.31,13.3444
22743.52,25.21,13.3444
22744.53,25.31,13.3444
22745.53,25.13,13.3444
22746.53,25.13,13.3444
22747.53,27.64,13.3444
22748.53,28.64,13.3445
22749.53,25.2,13.3445
22750.53,25.3,13.3445
22751.54,25.18,13.3445
22752.54,25.19,13.3445
22753.54,25.33,13.3446
22754.54,25.15,13.3446
22755.54,25.13,13.3446
22756.54,30.34,13.3447
22757.54,25.2,13.3447
22758.55,25.29,13.3447
22759.55,25.19,13.3447
22760.55,25.19,13.3447
22761.55,25.28,13.3447
22762.55,25.19,13.3447
22763.55,25.3,13.3447
22764.56,25.19,13.3447
22765.56,28.89,13.345
22766.56,25.18,13.345
22767.56,25.19,13.345
22768.56,25.29,13.345
22769.56,25.19,13.345
22770.57,25.28,13.345
22771.57,25.18,13.345
22772.57,25.19,13.345
22773.57,25.3,13.345
22774.57,25.18,13.345
22775.57,28.98,13.3452
22776.58,25.18,13.3452
22777.58,25.29,13.3452
22778.58,25.17,13.3452
22779.58,25.2,13.3452
22780.58,25.28,13.3452
22781.59,25.16,13.3452
22782.59,25.28,13.3454
22783.59,25.17,13.3454
22784.59,28.99,13.3455
22785.59,25.17,13.3455
22786.59,25.12,13.3455
22787.6,25.27,13.3455
22788.6,25.19,13.3455
22789.6,25.3,13.3455
22790.6,25.19,13.3455
22791.6,25.19,13.3455
22792.6,25.32,13.3455
22793.6,25.19,13.3455
22794.61,29.03,13.3457
22795.61,25.19,13.3457
22796.61,25.29,13.3457
22797.61,25.19,13.3457
22798.61,25.19,13.3457
22799.62,25.29,13.3457
22800.62,25.18,13.3457
22801.62,25.28,13.3457
22802.62,25.21,13.3457
22803.62,25.18,13.3457
22804.62,29.76,13.3458
22805.63,25.18,13.3458
22806.63,25.3,13.3458
22807.63,25.19,13.3458
22808.63,25.19,13.3458
22809.63,25.29,13.3458
22810.63,25.15,13.3458
22811.63,25.22,13.3458
22812.64,25.15,13.3458
22813.64,25.12,13.3458
22814.64,31.21,13.346
22815.64,25.19,13.346
22816.64,25.27,13.346
22817.64,25.19,13.346
22818.65,25.18,13.346
22819.65,25.27,13.346
22820.65,25.16,13.346
22821.65,25.28,13.346
22822.65,25.19,13.3461
22823.65,25.23,13.3461
22824.66,30.46,13.3462
22825.66,25.18,13.3462
22826.66,25.29,13.3462
22827.66,25.2,13.3462
22828.66,25.28,13.3462
22829.66,25.13,13.3462
22830.67,25.23,13.3461
22831.67,25.18,13.3461
22832.67,25.21,13.3461
22833.67,25.29,13.3461
22834.67,28.96,13.3463
22835.67,25.29,13.3463
22836.68,25.19,13.3463
22837.68,25.19,13.3463
22838.68,25.28,13.3463
22839.68,25.19,13.3463
22840.68,25.28,13.3463
22841.68,25.18,13.3463
22842.69,25.3,13.3464
22843.69,28.87,13.3464
22844.69,25.19,13.3464
22845.69,25.28,13.3464
22846.69,25.14,13.3464
22847.69,25.22,13.3463
22848.7,25.12,13.3463
22849.7,25.28,13.3463
22850.7,25.18,13.3463
22851.7,25.19,13.3463
22852.7,25.31,13.3463
22853.7,28.94,13.3464
22854.71,25.29,13.3464
22855.71,25.18,13.3464
22856.71,25.15,13.3464
22857.71,25.23,13.3464
22858.71,25.13,13.3464
22859.71,25.23,13.3464
22860.72,25.18,13.3464
22861.72,25.26,13.3464
22862.72,25.21,13.3464
22863.72,28.97,13.3466
22864.72,25.29,13.3466
22865.72,25.16,13.3466
22866.73,25.26,13.3466
22867.73,25.2,13.3466
22868.73,25.29,13.3466
22869.73,25.19,13.3466
22870.73,25.18,13.3466
22871.74,25.28,13.3466
22872.74,29.24,13.3467
22873.74,25.18,13.3467
22874.74,25.3,13.3467
22875.74,25.19,13.3467
22876.74,25.28,13.3467
22877.74,25.19,13.3467
22878.75,25.29,13.3467
22879.75,25.19,13.3467
22880.75,25.18,13.3467
22881.75,25.28,13.3467
22882.75,31.27,13.3467
22883.75,25.18,13.3467
22884.76,25.29,13.3467
22885.76,25.18,13.3468
22886.76,25.24,13.3467
22887.76,25.12,13.3467
22888.76,25.15,13.3467
22889.76,25.28,13.3467
22890.77,25.18,13.3467
22891.77,25.23,13.3467
22892.77,30.73,13.3469
22893.77,25.29,13.3471
22894.77,25.19,13.3471
22895.77,25.18,13.3471
22896.78,25.28,13.3471
22897.78,25.19,13.3471
22898.78,25.27,13.3471
22899.78,25.19,13.3471
22900.78,25.28,13.3471
22901.78,29.07,13.3471
22902.79,25.21,13.3471
22903.79,25.28,13.3471
22904.79,25.19,13.3471
22905.79,25.28,13.3471
22906.79,25.18,13.3471
22907.79,25.19,13.3471
22908.8,25.29,13.3471
22909.8,25.17,13.3471
22910.8,25.21,13.3471
22911.8,28.84,13.3472
22912.8,25.31,13.3473
22913.8,25.19,13.3473
22914.81,25.19,13.3473
22915.81,25.32,13.3473
22916.81,25.19,13.3473
22917.81,25.2,13.3473
22918.81,25.29,13.3473
22919.81,25.19,13.3473
22920.81,25.28,13.3473
22921.82,28.84,13.3473
22922.82,25.2,13.3473
22923.82,25.28,13.3473
22924.82,25.19,13.3473
22925.82,25.28,13.3473
22926.82,25.18,13.3473
22927.83,25.29,13.3473
22928.83,25.18,13.3473
22929.83,25.16,13.3473
22930.83,25.27,13.3473
22931.83,25.17,13.3473
22932.83,29.05,13.3474
22933.84,25.19,13.3474
22934.84,25.19,13.3474
22935.84,25.29,13.3474
22936.84,25.19,13.3474
22937.84,25.3,13.3474
22938.84,25.19,13.3474
22939.85,25.19,13.3474
22940.85,25.29,13.3474
22941.85,26.6,13.3474
22942.85,27.87,13.3475
22943.85,25.19,13.3475
22944.85,25.28,13.3475
22945.86,25.19,13.3475
22946.86,25.18,13.3475
22947.86,25.24,13.3475
22948.86,25.19,13.3475
22949.86,25.26,13.3475
22950.86,25.12,13.3475
22951.87,31.34,13.3477
22952.87,25.21,13.3478
22953.87,25.2,13.3478
22954.87,25.3,13.3478
22955.87,25.19,13.3478
22956.87,25.3,13.3478
22957.88,25.21,13.3478
22958.88,25.3,13.3478
22959.88,25.2,13.3478
22960.88,25.2,13.3478
22961.88,31.08,13.3478
22962.88,25.21,13.3478
22963.89,25.29,13.3478
22964.89,25.2,13.3478
22965.89,25.3,13.3478
22966.89,25.19,13.3478
22967.89,25.21,13.3478
22968.9,25.3,13.3478
22969.9,25.18,13.3478
22970.9,25.3,13.3478
22971.9,28.85,13.3478
22972.9,25.22,13.3478
22973.9,25.29,13.3478
22974.91,25.18,13.3478
22975.91,25.25,13.3478
22976.91,25.13,13.3478
22977.91,25.19,13.3478
22978.91,25.3,13.3478
22979.91,25.2,13.3478
22980.91,25.2,13.3478
22981.92,29.01,13.3479
22982.92,25.21,13.348
22983.92,25.28,13.348
22984.92,25.18,13.348
22985.92,25.18,13.348
22986.92,25.31,13.348
22987.92,25.2,13.348
22988.93,25.29,13.348
22989.93,25.21,13.348
22990.93,25.2,13.348
22991.93,29.01,13.3481
22992.93,25.22,13.3481
22993.93,25.29,13.3481
22994.94,25.2,13.3481
22995.94,25.3,13.3481
22996.94,25.19,13.3481
22997.94,25.21,13.3481
22998.94,25.3,13.3481
22999.94,25.2,13.3481
23000.95,25.31,13.3481
23001.95,25.2,13.3481
23002.95,25.23,13.3481
23003.95,29.09,13.3482
23004.95,25.21,13.3482
23005.95,25.3,13.3482
23006.96,25.2,13.3482
23007.96,25.21,13.3484
23008.96,25.29,13.3484
23009.96,25.16,13.3484
23010.96,25.22,13.3484
23011.96,25.12,13.3484
23012.97,25.25,13.3484
23013.97,29.86,13.3484
23014.97,25.21,13.3484
23015.97,25.3,13.3484
23016.97,25.19,13.3484
23017.97,25.32,13.3484
23018.98,25.19,13.3484
23019.98,25.26,13.3484
23020.98,25.29,13.3484
23021.98,25.2,13.3484
23022.98,25.33,13.3484
23023.98,31.5,13.3487
23024.99,25.21,13.3487
23025.99,25.3,13.3487
23026.99,25.2,13.3487
23027.99,25.31,13.3487
23028.99,25.19,13.3487
23029.99,25.3,13.3487
23031.0,25.2,13.3487
23032.0,25.16,13.3487
23033.0,25.29,13.3487
23034.0,26.4,13.3487
23035.0,28.7,13.3489
23036.0,25.16,13.3489
23037.01,25.26,13.3489
23038.01,25.21,13.3489
23039.01,25.2,13.3489
23040.01,25.3,13.3489
23041.01,25.2,13.3489
23042.01,25.3,13.3489
23043.02,25.22,13.3489
23044.02,25.3,13.3489
23045.02,29.0,13.349
23046.02,25.2,13.349
23047.02,25.32,13.349
23048.02,25.21,13.349
23049.02,25.21,13.349
23050.03,25.3,13.349
23051.03,25.2,13.349
23052.03,25.2,13.349
23053.03,25.35,13.349
23054.03,25.2,13.349
23055.03,25.21,13.349
23056.03,29.06,13.349
23057.04,25.2,13.349
23058.04,25.21,13.349
23059.04,25.3,13.349
23060.04,25.2,13.349
23061.04,25.3,13.349
23062.04,25.19,13.349
23063.05,25.15,13.3491
23064.05,25.23,13.3491
23065.05,25.13,13.3491
23066.05,25.22,13.3491
23067.05,28.73,13.3492
23068.05,25.31,13.3492
23069.06,25.19,13.3492
23070.06,25.17,13.3492
23071.06,25.26,13.3492
23072.06,25.16,13.3492
23073.06,25.25,13.3492
23074.06,25.12,13.3492
23075.07,25.23,13.3492
23076.07,25.13,13.3492
23077.07,25.13,13.3492
23078.07,29.02,13.3493
23079.07,25.19,13.3493
23080.07,25.3,13.3493
23081.08,25.18,13.3493
23082.08,25.18,13.3493
23083.08,25.31,13.3493
23084.08,25.19,13.3493
23085.08,25.29,13.3493
23086.08,25.18,13.3493
23087.09,25.29,13.3493
23088.09,31.17,13.3495
23089.09,25.17,13.3495
23090.09,25.29,13.3495
23091.09,25.2,13.3495
23092.09,25.16,13.3495
23093.1,25.28,13.3495
23094.1,25.13,13.3495
23095.1,25.24,13.3495
23096.1,25.15,13.3495
23097.1,25.24,13.3495
23098.1,25.13,13.3495
23099.11,31.04,13.3496
23100.11,25.29,13.3496
23101.11,25.19,13.3496
23102.11,25.28,13.3496
23103.11,25.21,13.3496
23104.11,25.18,13.3496
23105.12,25.29,13.3496
23106.12,25.19,13.3496
23107.12,25.3,13.3496
23108.12,25.19,13.3496
23109.12,29.07,13.3496
23110.12,25.29,13.3497
23111.12,25.18,13.3497
23112.13,25.29,13.3497
23113.13,25.21,13.3497
23114.13,25.2,13.3497
23115.13,25.29,13.3497
23116.13,25.18,13.3497
23117.13,25.18,13.3497
23118.14,25.26,13.3497
23119.14,25.12,13.3497
23120.14,28.95,13.3498
23121.14,25.18,13.3498
23122.14,25.28,13.3498
23123.14,25.21,13.3499
23124.15,25.18,13.3499
23125.15,25.31,13.3499
23126.15,25.18,13.3499
23127.15,25.18,13.3499
23128.15,25.32,13.3499
23129.15,25.18,13.3499
23130.15,25.19,13.3499
23131.15,29.06,13.3501
23132.16,25.19,13.3501
23133.16,25.21,13.3501
23134.16,25.31,13.3501
23135.16,25.18,13.3501
23136.16,25.18,13.3501
23137.16,25.31,13.3501
23138.16,25.21,13.3501
23139.16,25.2,13.3501
23140.17,25.16,13.3501
23141.17,25.24,13.3501
23142.17,28.94,13.3501
23143.17,25.27,13.3501
23144.17,25.15,13.3501
23145.17,25.12,13.3501
23146.18,25.29,13.3501
23147.18,25.18,13.3501
23148.18,25.23,13.3501
23149.18,25.12,13.3501
23150.18,25.23,13.3501
23151.18,25.12,13.3501
23152.19,25.14,13.3501
23153.19,30.33,13.3503
23154.19,25.18,13.3503
23155.19,25.19,13.3503
23156.19,25.28,13.3503
23157.19,25.21,13.3503
23158.19,25.28,13.3503
23159.2,25.18,13.3503
23160.2,25.18,13.3503
23161.2,25.29,13.3503
23162.2,25.19,13.3503
23163.2,31.69,13.3503
23164.2,25.18,13.3503
23165.21,25.18,13.3503
23166.21,25.28,13.3503
23167.21,25.18,13.3503
23168.21,25.27,13.3503
23169.21,25.2,13.3503
23170.21,25.29,13.3503
23171.22,25.18,13.3503
23172.22,25.2,13.3503
23173.22,25.26,13.3504
23174.22,29.48,13.3505
23175.22,25.26,13.3505
23176.22,25.16,13.3505
23177.23,25.19,13.3505
23178.23,25.3,13.3505
23179.23,25.2,13.3505
23180.23,25.3,13.3505
23181.23,25.19,13.3505
23182.23,25.31,13.3505
23183.24,25.21,13.3505
23184.24,28.93,13.3505
23185.24,25.28,13.3505
23186.24,25.18,13.3505
23187.24,25.28,13.3505
23188.24,25.19,13.3505
23189.24,25.19,13.3505
23190.25,25.21,13.3505
23191.25,25.27,13.3505
23192.25,25.16,13.3505
23193.25,25.32,13.3505
23194.25,25.2,13.3505
23195.25,28.95,13.3508
23196.26,25.31,13.3508
23197.26,25.21,13.3508
23198.26,25.3,13.3508
23199.26,25.21,13.3508
23200.26,25.2,13.3508
23201.26,25.3,13.3508
23202.26,25.22,13.3508
23203.27,25.25,13.3508
23204.27,25.17,13.3508
23205.27,25.19,13.3508
23206.27,29.09,13.3508
23207.27,25.16,13.3508
23208.27,25.21,13.3508
23209.28,25.18,13.3508
23210.28,25.25,13.3508
23211.28,25.19,13.3508
23212.28,25.2,13.3508
23213.28,25.71,13.3508
23214.29,25.15,13.3508
23215.29,25.27,13.3508
23216.29,25.17,13.3508
23217.29,29.06,13.3509
23218.29,25.14,13.3509
23219.29,25.18,13.3509
23220.29,25.32,13.3509
23221.3,25.19,13.3509
23222.3,25.22,13.3509
23223.3,25.32,13.351
23224.3,25.2,13.351
23225.3,25.12,13.351
23226.3,25.29,13.351
23227.31,31.59,13.3511
23228.31,25.31,13.3511
23229.31,25.21,13.3511
23230.31,25.31,13.3511
23231.31,25.21,13.3511
23232.31,25.21,13.3511
23233.32,25.28,13.3511
23234.32,25.15,13.3511
23235.32,25.24,13.3511
23236.32,25.16,13.3511
23237.32,30.78,13.3511
23238.32,25.23,13.3511
23239.33,25.2,13.3511
23240.33,25.31,13.3511
23241.33,25.2,13.3511
23242.33,25.31,13.3511
23243.33,25.21,13.3511
23244.33,25.22,13.3512
23245.33,25.3,13.3512
23246.34,25.2,13.3512
23247.34,25.21,13.3512
23248.34,29.25,13.3514
23249.34,25.2,13.3514
23250.34,25.31,13.3514
23251.34,25.23,13.3514
23252.34,25.21,13.3514
23253.35,25.27,13.3514
23254.35,25.17,13.3514
23255.35,25.17,13.3514
23256.35,25.3,13.3514
23257.35,25.21,13.3514
23258.35,25.21,13.3514
23259.35,29.08,13.3514
23260.36,25.18,13.3514
23261.36,25.13,13.3514
23262.36,25.31,13.3514
23263.36,25.2,13.3515
23264.36,25.21,13.3515
23265.36,25.17,13.3515
23266.37,25.29,13.3515
23267.37,25.2,13.3515
23268.37,25.19,13.3515
23269.37,26.42,13.3515
23270.37,27.78,13.3516
23271.37,25.22,13.3516
23272.37,25.31,13.3516
23273.38,25.21,13.3516
23274.38,25.19,13.3516
23275.38,25.3,13.3516
23276.38,25.19,13.3516
23277.38,25.33,13.3516
23278.38,25.21,13.3516
23279.39,25.2,13.3516
23280.39,28.87,13.3517
23281.39,25.2,13.3517
23282.39,25.31,13.3517
23283.39,25.22,13.3517
23284.39,25.2,13.3517
23285.4,25.3,13.3517
23286.4,25.19,13.3517
23287.4,25.31,13.3517
23288.4,25.19,13.3517
23289.4,25.29,13.3517
23290.4,25.18,13.3517
23291.41,30.48,13.3517
23292.41,25.29,13.3517
23293.41,25.13,13.3517
23294.41,25.21,13.3517
23295.41,25.11,13.3517
23296.41,25.18,13.3517
23297.42,25.27,13.3517
23298.42,25.11,13.3517
23299.42,25.24,13.3517
23300.42,25.17,13.3517
23301.42,25.17,13.3517
23302.42,31.59,13.352
23303.42,25.16,13.352
23304.43,25.24,13.352
23305.43,25.17,13.352
23306.43,25.18,13.352
23307.43,25.29,13.352
23308.43,25.19,13.352
23309.43,25.29,13.352
23310.44,25.19,13.352
23311.44,25.18,13.352
23312.44,25.29,13.352
23313.44,29.34,13.3524
23314.44,25.25,13.3524
23315.44,25.13,13.3524
23316.45,25.28,13.3524
23317.45,25.17,13.3524
23318.45,25.18,13.3524
23319.45,25.3,13.3524
23320.45,25.19,13.3524
23321.45,25.29,13.3524
23322.46,25.2,13.3524
23323.46,28.97,13.3526
23324.46,25.2,13.3526
23325.46,25.19,13.3526
23326.46,25.3,13.3526
23327.46,25.22,13.3526
23328.47,25.19,13.3526
23329.47,25.29,13.3526
23330.47,25.2,13.3526
23331.47,25.23,13.3526
23332.47,25.25,13.3526
23333.47,25.21,13.3526
23334.47,28.99,13.3527
23335.48,25.2,13.3527
23336.48,41.32,9.198
23337.48,88.66,2.7144
23338.48,71.19,3.0617
23339.48,86.02,3.2385
23340.48,91.41,3.5166
23341.48,82.8,3.8075
23342.49,80.12,4.1011
23343.49,77.66,4.4086
23344.49,77.91,4.6554
23345.49,76.53,4.8546
23346.49,75.95,5.0315
23347.49,78.4,5.2251
23348.5,76.33,5.3835
23349.5,76.27,5.6186
23350.5,34.76,6.6058
23351.5,30.17,7.4212
23352.5,99.94,8.5967
23353.5,100.17,9.3378
23354.5,28.91,9.4875
23355.5,28.04,9.4876
23356.51,73.27,9.4876
23357.51,77.82,9.488
23358.51,74.47,9.4884
23359.51,51.24,9.4884
23360.51,63.35,9.4884
23361.51,50.03,9.4884
23362.51,68.25,9.4929
23363.52,47.39,9.4931
23364.52,28.89,9.4931
23365.52,39.15,9.4931
23366.52,46.81,9.4931
23367.52,65.83,9.4931
23368.52,34.28,9.4931
23369.52,41.24,9.4931
23370.52,38.25,9.4932
23371.53,26.35,9.4932
23372.53,27.04,9.4932
23373.53,34.04,9.4932
23374.53,27.64,9.4932
23375.53,33.63,9.4932
23376.53,81.45,10.33
23377.54,99.95,10.9911
23378.54,99.89,11.647
23379.54,100.16,12.2895
23380.54,57.74,12.2895
23381.54,37.43,12.345
23382.54,27.11,12.3878
23383.54,30.14,12.3878
23384.55,32.6,12.3878
23385.55,26.34,12.3878
23386.55,31.36,12.3878
23387.55,28.39,12.3878
23388.55,29.88,12.3879
23389.55,25.44,12.3879
23390.56,35.36,12.3879
23391.56,25.47,12.3879
23392.56,25.42,12.3879
23393.56,26.92,12.388
23394.56,28.69,12.388
23395.56,25.37,12.388
23396.56,26.02,12.388
23397.57,25.32,12.388
23398.57,27.62,12.388
23399.57,26.96,12.388
23400.57,26.96,12.388
23401.57,28.31,12.388
23402.57,35.3,12.3881
23403.58,26.1,12.3882
23404.58,25.71,12.3882
23405.58,25.31,12.3882
23406.58,25.37,12.3882
23407.58,25.34,12.3882
23408.58,32.31,12.3887
23409.58,29.98,12.3887
23410.59,25.4,12.3887
23411.59,33.85,12.3887
23412.59,41.02,12.3889
23413.59,30.84,12.3889
23414.59,25.26,12.3889
23415.59,28.56,12.3889
23416.6,25.21,12.3889
23417.6,26.37,12.3889
23418.6,25.48,12.3889
23419.6,25.37,12.3889
23420.6,25.36,12.3889
23421.6,25.2,12.3889
23422.61,31.53,12.3889
23423.61,26.59,12.3889
23424.61,26.09,12.3889
23425.61,25.44,12.3889
23426.61,25.2,12.3889
23427.61,25.32,12.3889
23428.62,25.2,12.3889
23429.62,25.21,12.3889
23430.62,25.7,12.3889
23431.62,25.21,12.3889
23432.62,25.43,12.389
23433.62,25.32,12.389
23434.63,25.2,12.389
23435.63,25.44,12.389
23436.63,26.33,12.389
23437.63,25.87,12.389
23438.63,25.2,12.389
23439.63,25.3,12.389
23440.64,25.2,12.389
23441.64,25.2,12.389
23442.64,25.33,12.389
23443.64,25.21,12.389
23444.64,25.3,12.389
23445.64,25.17,12.389
23446.65,25.25,12.389
23447.65,25.28,12.3891
23448.65,26.03,12.3891
23449.65,25.28,12.3891
23450.65,25.21,12.3891
23451.65,25.31,12.3891
23452.66,25.23,12.3891
23453.66,25.22,12.3891
23454.66,26.31,12.3891
23455.66,25.2,12.3891
23456.66,25.31,12.3891
23457.66,46.72,12.3891
23458.67,25.29,12.3891
23459.67,25.2,12.3891
23460.67,25.19,12.3891
23461.67,27.17,12.3891
23462.67,25.22,12.3893
23463.67,25.37,12.3893
23464.68,25.76,12.3893
23465.68,25.24,12.3893
23466.68,25.35,12.3893
23467.68,59.34,12.3894
23468.68,100.13,12.5045
23469.68,84.11,12.508
23470.69,25.47,12.508
23471.69,25.43,12.508
23472.69,25.29,12.508
23473.69,25.74,12.508
23474.69,25.21,12.508
23475.69,25.3,12.508
23476.7,25.33,12.508
23477.7,25.22,12.508
23478.7,25.32,12.508
23479.7,25.2,12.508
23480.7,25.42,12.508
23481.7,25.34,12.508
23482.7,25.23,12.508
23483.71,25.3,12.508
23484.71,25.26,12.508
23485.71,25.2,12.508
23486.71,25.33,12.508
23487.71,25.51,12.508
23488.71,25.34,12.508
23489.72,26.16,12.508
23490.72,26.01,12.508
23491.72,25.2,12.508
23492.72,25.24,12.5082
23493.72,25.32,12.5082
23494.72,25.3,12.5082
23495.73,26.13,12.5082
23496.73,43.06,12.5083
23497.73,68.47,12.5086
23498.73,49.28,12.5086
23499.73,33.17,12.5086
23500.73,25.48,12.5086
23501.74,27.13,12.5086
23502.74,25.56,12.5086
23503.74,26.02,12.5086
23504.74,35.34,12.5086
23505.74,99.96,12.538
23506.74,99.52,12.5401
23507.74,25.16,12.5401
23508.75,25.12,12.5401
23509.75,25.22,12.5401
23510.75,25.12,12.5401
23511.75,25.22,12.5401
23512.75,25.18,12.5401
23513.75,25.12,12.5401
23514.76,25.23,12.5401
23515.76,96.77,12.5407
23516.76,83.1,12.5407
23517.76,25.18,12.5407
23518.76,25.18,12.5407
23519.76,25.26,12.5407
23520.77,25.19,12.5407
23521.77,25.23,12.5407
23522.77,25.15,12.5408
23523.77,25.23,12.5408
23524.77,39.42,12.5408
23525.77,100.05,12.5408
23526.77,55.13,12.5408
23527.78,25.2,12.5408
23528.78,25.19,12.5408
23529.78,25.3,12.5408
23530.78,82.89,13.1229
23531.78,96.01,13.2246
23532.78,25.21,13.2246
23533.79,25.19,13.2246
23534.79,25.29,13.2246
23535.79,42.56,13.3874
23536.79,25.3,13.3874
23537.79,25.2,13.3874
23538.79,25.29,13.3874
23539.8,28.94,13.3877
23540.8,25.77,13.3877
23541.8,25.27,13.3877
23542.8,25.25,13.3877
23543.8,28.9,13.3877
23544.8,25.2,13.3877
23545.81,25.29,13.3877
23546.81,28.78,13.3879
23547.81,25.19,13.3879
23548.81,25.28,13.3879
23549.81,25.19,13.3879
23550.81,28.87,13.3879
23551.82,25.29,13.3879
23552.82,25.21,13.3879
23553.82,29.03,13.3879
23554.82,25.13,13.3879
23555.82,25.12,13.3879
23556.82,25.22,13.3879
23557.83,28.9,13.388
23558.83,25.28,13.388
23559.83,25.15,13.388
23560.83,28.93,13.388
23561.83,25.18,13.388
23562.83,25.21,13.3882
23563.84,25.28,13.3882
23564.84,28.87,13.3883
23565.84,25.55,13.3883
23566.84,25.18,13.3883
23567.84,28.86,13.3883
23568.84,25.28,13.3883
23569.84,25.13,13.3883
23570.85,25.24,13.3883
23571.85,29.28,13.3884
23572.85,25.21,13.3884
23573.85,25.28,13.3884
23574.85,29.56,13.3884
23575.85,25.28,13.3884
23576.86,25.19,13.3884
23577.86,29.64,13.3884
23578.86,25.18,13.3884
23579.86,25.18,13.3884
23580.86,25.71,13.3884
23581.86,29.96,13.3884
23582.87,25.31,13.3885
23583.87,25.18,13.3885
23584.87,25.29,13.3885
23585.87,29.82,13.3886
23586.87,25.18,13.3886
23587.87,25.31,13.3886
23588.88,25.12,13.3886
23589.88,25.14,13.3886
23590.88,25.22,13.3886
23591.88,30.38,13.3886
23592.88,25.2,13.3886
23593.88,25.28,13.3886
23594.89,25.17,13.3886
23595.89,25.22,13.3886
23596.89,28.76,13.3886
23597.89,25.23,13.3886
23598.89,25.12,13.3886
23599.89,29.66,13.3886
23600.9,25.21,13.3886
23601.9,28.86,13.3889
23602.9,25.25,13.3889
23603.9,25.12,13.3889
23604.9,25.23,13.3889
23605.9,25.13,13.3889
23606.91,25.14,13.3889
23607.91,28.9,13.3889
23608.91,25.17,13.389
23609.91,25.29,13.389
23610.91,25.18,13.389
23611.91,25.19,13.389
23612.92,25.29,13.389
23613.92,25.17,13.389
23614.92,29.03,13.389
23615.92,25.92,13.389
23616.92,25.23,13.389
23617.92,25.15,13.389
23618.93,25.11,13.389
23619.93,25.22,13.389
23620.93,25.12,13.389
23621.93,28.92,13.3891
23622.93,25.14,13.3891
23623.93,25.17,13.3891
23624.94,25.29,13.3891
23625.94,25.19,13.3891
23626.94,25.26,13.3891
23627.94,25.14,13.3891
23628.94,29.13,13.3892
23629.94,31.12,13.3892
23630.95,27.18,13.3892
23631.95,25.24,13.3891
23632.95,25.19,13.3893
23633.95,25.28,13.3893
23634.95,25.18,13.3893
23635.95,29.65,13.3893
23636.95,25.3,13.3894
23637.96,25.19,13.3894
23638.96,25.15,13.3894
23639.96,25.25,13.3894
23640.96,25.17,13.3894
23641.96,25.27,13.3894
23642.96,30.74,13.3894
23643.97,25.33,13.3894
23644.97,25.28,13.3894
23645.97,25.18,13.3894
23646.97,25.28,13.3894
23647.97,25.19,13.3894
23648.97,25.28,13.3894
23649.98,25.19,13.3894
23650.98,25.19,13.3894
23651.98,30.29,13.3894
23652.98,25.15,13.3894
23653.98,25.23,13.3894
23654.98,25.13,13.3894
23655.99,25.28,13.3894
23656.99,25.18,13.3894
23657.99,25.2,13.3894
23658.99,25.28,13.3894
23659.99,28.98,13.3894
23660.99,25.28,13.3894
23662.0,25.18,13.3894
23663.0,25.21,13.3895
23664.0,25.25,13.3895
23665.0,25.17,13.3895
23666.0,25.29,13.3895
23667.0,25.18,13.3895
23668.01,29.03,13.3896
23669.01,25.19,13.3896
23670.01,25.19,13.3896
23671.01,25.29,13.3896
23672.01,25.18,13.3896
23673.01,25.3,13.3896
23674.02,25.15,13.3896
23675.02,25.26,13.3896
23676.02,25.15,13.3896
23677.02,28.85,13.3896
23678.02,25.26,13.3896
23679.02,25.12,13.3896
23680.03,25.23,13.3896
23681.03,25.12,13.3896
23682.03,25.23,13.3896
23683.03,25.14,13.3898
23684.03,25.13,13.3898
23685.03,25.23,13.3898
23686.04,28.78,13.3898
23687.04,25.29,13.3898
23688.04,25.2,13.3898
23689.04,25.19,13.3898
23690.04,25.3,13.3898
23691.04,25.19,13.3898
23692.05,25.29,13.3898
23693.05,25.21,13.3898
23694.05,25.27,13.3898
23695.05,28.85,13.3898
23696.05,25.16,13.3898
23697.05,25.29,13.3898
23698.06,25.17,13.3898
23699.06,25.17,13.3899
23700.06,25.27,13.3899
23701.06,25.17,13.3899
23702.06,25.27,13.3899
23703.06,25.2,13.3899
23704.07,31.02,13.3899
23705.07,25.28,13.3898
23706.07,25.18,13.3898
23707.07,25.3,13.3898
23708.07,25.19,13.3898
23709.07,25.18,13.3898
23710.07,25.31,13.3898
23711.08,25.18,13.3898
23712.08,25.18,13.3898
23713.08,30.98,13.39
23714.08,25.17,13.39
23715.08,25.28,13.39
23716.08,25.17,13.39
23717.09,25.18,13.39
23718.09,25.29,13.39
23719.09,25.18,13.39
23720.09,25.29,13.39
23721.09,25.18,13.39
23722.09,25.19,13.39
23723.1,29.09,13.3901
23724.1,25.19,13.3901
23725.1,25.29,13.3901
23726.1,25.16,13.3901
23727.1,25.27,13.3901
23728.1,25.19,13.3901
23729.11,25.18,13.3901
23730.11,25.28,13.3901
23731.11,25.18,13.3901
23732.11,28.96,13.3901
23733.11,25.2,13.3901
23734.11,25.16,13.3901
23735.12,25.26,13.3901
23736.12,25.15,13.3901
23737.12,25.28,13.3901
23738.12,25.19,13.3901
23739.12,25.18,13.3901
23740.12,25.27,13.3901
23741.12,25.16,13.3901
23742.13,25.28,13.3901
23743.13,28.95,13.3903
23744.13,25.18,13.3903
23745.13,25.28,13.3903
23746.13,25.18,13.3903
23747.13,25.28,13.3903
23748.14,25.14,13.3903
23749.14,25.23,13.3903
23750.14,25.17,13.3903
23751.14,25.21,13.3903
23752.14,25.28,13.3903
23753.14,28.94,13.3903
23754.15,25.19,13.3903
23755.15,25.31,13.3903
23756.15,25.19,13.3903
23757.15,25.18,13.3903
23758.15,25.32,13.3903
23759.15,25.19,13.3903
23760.15,25.19,13.3903
23761.16,25.28,13.3903
23762.16,29.09,13.3905
23763.16,25.31,13.3906
23764.16,25.17,13.3906
23765.16,25.17,13.3906
23766.16,25.27,13.3906
23767.16,25.17,13.3906
23768.17,25.28,13.3906
23769.17,25.18,13.3906
23770.17,25.19,13.3906
23771.17,25.29,13.3906
23772.17,31.15,13.3908
23773.17,25.3,13.3908
23774.18,25.19,13.3908
23775.18,25.29,13.3908
23776.18,25.19,13.3908
23777.18,25.19,13.3908
23778.18,25.28,13.3908
23779.18,25.18,13.3908
23780.19,25.29,13.3908
23781.19,25.19,13.3908
23782.19,30.86,13.3908
23783.19,25.13,13.3908
23784.19,25.12,13.3908
23785.2,25.27,13.3908
23786.2,25.18,13.3908
23787.2,25.29,13.3908
23788.2,25.17,13.3908
23789.2,25.18,13.3908
23790.2,25.29,13.3908
23791.21,25.18,13.3908
23792.21,28.98,13.3908
23793.21,25.2,13.3909
23794.21,25.17,13.391
23795.21,25.28,13.391
23796.21,25.16,13.391
23797.21,25.15,13.391
23798.21,25.23,13.391
23799.22,25.13,13.391
23800.22,25.13,13.391
23801.22,25.24,13.391
23802.22,28.82,13.391
23803.22,25.2,13.391
23804.22,25.29,13.391
23805.22,25.19,13.391
23806.23,25.3,13.391
23807.23,25.19,13.391
23808.23,25.19,13.391
23809.23,25.3,13.391
23810.23,25.19,13.3911
23811.23,25.21,13.391
23812.23,25.3,13.391
23813.24,28.92,13.391
23814.24,25.19,13.3911
23815.24,25.32,13.3911
23816.24,25.19,13.3911
23817.24,25.23,13.3911
23818.24,25.28,13.3911
23819.24,25.19,13.3911
23820.25,25.2,13.3911
23821.25,25.29,13.3911
23822.25,25.19,13.3911
23823.25,25.31,13.3912
23824.25,28.84,13.3913
23825.25,25.2,13.3913
23826.25,25.3,13.3913
23827.26,25.2,13.3913
23828.26,25.19,13.3913
23829.26,25.29,13.3913
23830.26,25.19,13.3913
23831.26,25.31,13.3913
23832.26,25.21,13.3913
23833.27,25.16,13.3913
23834.27,30.26,13.3914
23835.27,25.2,13.3914
23836.27,25.19,13.3914
23837.27,25.33,13.3914
23838.27,25.2,13.3914
23839.27,25.19,13.3914
23840.27,25.29,13.3914
23841.28,25.18,13.3914
23842.28,25.14,13.3914
23843.28,25.28,13.3914
23844.28,31.51,13.3914
23845.28,25.28,13.3914
23846.28,25.18,13.3914
23847.29,25.19,13.3914
23848.29,25.29,13.3914
23849.29,25.19,13.3914
23850.29,25.29,13.3914
23851.29,25.14,13.3914
23852.29,25.24,13.3914
23853.3,25.2,13.3915
23854.3,25.15,13.3915
23855.3,29.4,13.3916
23856.3,25.19,13.3915
23857.3,25.29,13.3915
23858.3,25.19,13.3915
23859.31,25.29,13.3915
23860.31,25.18,13.3915
23861.31,25.18,13.3915
23862.31,25.3,13.3915
23863.31,25.21,13.3915
23864.31,25.29,13.3915
23865.32,25.19,13.3915
23866.32,28.8,13.3915
23867.32,25.29,13.3915
23868.32,25.18,13.3915
23869.32,25.28,13.3915
23870.32,25.18,13.3915
23871.33,25.18,13.3915
23872.33,25.29,13.3915
23873.33,25.16,13.3916
23874.33,25.24,13.3916
23875.33,25.16,13.3916
23876.33,25.26,13.3916
23877.34,28.83,13.3919
23878.34,25.18,13.3919
23879.34,25.28,13.3918
23880.34,25.18,13.3918
23881.34,25.29,13.3918
23882.34,25.19,13.3918
23883.35,25.18,13.3918
23884.35,25.28,13.3918
23885.35,25.17,13.3918
23886.35,25.3,13.3918
23887.35,25.19,13.3918
23888.35,28.86,13.3918
23889.35,25.32,13.3918
23890.36,25.13,13.3918
23891.36,25.12,13.3918
23892.36,25.24,13.3918
23893.36,25.22,13.3918
23894.36,25.19,13.3918
23895.36,25.29,13.3918
23896.37,25.18,13.3918
23897.37,25.3,13.3918
23898.37,25.2,13.3918
23899.37,29.69,13.3918
23900.37,25.19,13.3918
23901.37,25.19,13.3918
23902.38,25.3,13.3918
23903.38,25.2,13.3918
23904.38,25.29,13.3918
23905.38,25.19,13.3918
23906.38,25.19,13.3918
23907.38,25.3,13.3918
23908.39,25.13,13.3918
23909.39,31.59,13.3919
23910.39,25.19,13.3919
23911.39,25.24,13.3919
23912.39,25.18,13.3919
23913.39,25.19,13.3921
23914.4,25.28,13.3921
23915.4,25.18,13.3921
23916.4,25.22,13.3921
23917.4,25.18,13.3921
23918.4,25.28,13.3921
23919.4,25.14,13.3921
23920.41,30.11,13.3922
23921.41,25.28,13.3922
23922.41,25.19,13.3922
23923.41,25.29,13.3922
23924.41,25.17,13.3922
23925.41,25.15,13.3922
23926.42,25.25,13.3922
23927.42,25.14,13.3922
23928.42,25.23,13.3922
23929.42,25.17,13.3922
23930.42,28.82,13.3922
23931.42,25.17,13.3922
23932.43,25.18,13.3922
23933.43,25.29,13.3923
23934.43,25.18,13.3923
23935.43,25.29,13.3923
23936.43,25.18,13.3923
23937.43,25.19,13.3923
23938.43,25.28,13.3923
23939.44,25.19,13.3923
23940.44,25.29,13.3923
23941.44,25.18,13.3923
23942.44,28.96,13.3923
23943.44,25.29,13.3923
23944.44,25.18,13.3923
23945.45,25.24,13.3923
23946.45,25.13,13.3923
23947.45,25.24,13.3923
23948.45,25.12,13.3923
23949.45,25.14,13.3923
23950.45,25.23,13.3923
23951.46,25.13,13.3923
23952.46,25.24,13.3923
23953.46,25.15,13.3923
23954.46,28.8,13.3923
23955.46,25.27,13.3924
23956.46,25.17,13.3924
23957.47,25.29,13.3924
23958.47,25.18,13.3924
23959.47,25.28,13.3924
23960.47,25.19,13.3924
23961.47,25.18,13.3924
23962.47,25.29,13.3924
23963.48,25.2,13.3924
23964.48,25.24,13.3924
23965.48,28.66,13.3924
23966.48,25.97,13.3924
23967.48,25.3,13.3924
23968.48,25.18,13.3924
23969.49,25.29,13.3924
23970.49,25.19,13.3924
23971.49,25.19,13.3924
23972.49,25.3,13.3923
23973.49,25.21,13.3923
23974.49,25.29,13.3923
23975.5,25.19,13.3923
23976.5,31.44,13.3926
23977.5,25.26,13.3926
23978.5,25.18,13.3926
23979.5,25.2,13.3926
23980.5,25.29,13.3926
23981.5,25.13,13.3926
23982.51,25.24,13.3926
23983.51,25.14,13.3926
23984.51,25.13,13.3927
23985.51,25.23,13.3927
23986.51,25.13,13.3927
23987.51,30.06,13.3927
23988.52,25.21,13.3927
23989.52,25.19,13.3927
23990.52,25.29,13.3927
23991.52,25.2,13.3927
23992.52,25.29,13.3927
23993.52,25.2,13.3927
23994.53,25.15,13.3927
23995.53,25.22,13.3927
23996.53,25.13,13.3927
23997.53,28.86,13.3928
23998.53,25.17,13.3928
23999.53,25.27,13.3928
24000.54,25.19,13.3928
24001.54,25.28,13.3928
24002.54,25.19,13.3926
24003.54,25.21,13.3927
24004.54,25.27,13.3927
24005.54,25.18,13.3927
24006.55,25.19,13.3927
24007.55,25.29,13.3927
24008.55,28.1,13.3927
24009.55,25.99,13.3928
24010.55,25.18,13.3928
24011.55,25.16,13.3928
24012.56,25.29,13.3928
24013.56,25.17,13.3929
24014.56,25.25,13.3929
24015.56,25.14,13.3931
24016.56,25.25,13.3931
24017.56,25.18,13.3931
24018.57,25.18,13.3931
24019.57,25.31,13.3931
24020.57,28.92,13.3931
24021.57,25.19,13.3931
24022.57,25.29,13.3931
24023.57,25.19,13.3931
24024.57,25.22,13.3931
24025.58,25.13,13.3931
24026.58,25.23,13.3931
24027.58,25.13,13.3931
24028.58,25.14,13.3931
24029.58,25.23,13.3931
24030.58,25.13,13.3931
24031.59,25.23,13.3931
24032.59,29.17,13.3932
24033.59,25.19,13.3932
24034.59,25.29,13.3932
24035.59,25.19,13.3932
24036.59,25.29,13.3932
24037.6,25.19,13.3932
24038.6,25.28,13.3932
24039.6,25.2,13.3932
24040.6,25.19,13.3932
24041.6,25.29,13.3932
24042.6,25.22,13.3932
24043.61,31.47,13.3932
24044.61,25.19,13.3932
24045.61,25.29,13.3932
24046.61,25.12,13.3932
24047.61,25.14,13.3932
24048.61,25.22,13.3932
24049.62,25.13,13.3932
24050.62,25.23,13.3932
24051.62,25.13,13.3932
24052.62,25.16,13.3932
24053.62,25.23,13.3932
24054.62,30.44,13.3932
24055.63,25.28,13.3932
24056.63,25.19,13.3932
24057.63,25.2,13.3932
24058.63,25.29,13.3932
24059.63,25.19,13.3932
24060.63,25.29,13.3932
24061.64,25.19,13.3932
24062.64,26.97,13.3933
24063.64,26.06,13.3933
24064.64,25.19,13.3933
24065.64,29.01,13.3933
24066.64,25.19,13.3933
24067.65,25.3,13.3933
24068.65,25.19,13.3933
24069.65,25.3,13.3933
24070.65,25.19,13.3933
24071.65,25.19,13.3933
24072.66,25.32,13.3933
24073.66,25.18,13.3933
24074.66,25.29,13.3933
24075.66,25.2,13.3933
24076.66,28.9,13.3933
24077.66,25.28,13.3933
24078.66,25.17,13.3933
24079.67,25.27,13.3933
24080.67,25.18,13.3933
24081.67,25.17,13.3933
24082.67,25.28,13.3935
24083.67,25.17,13.3935
24084.67,25.28,13.3935
24085.68,25.18,13.3935
24086.68,25.18,13.3935
24087.68,28.91,13.3936
24088.68,25.19,13.3936
24089.68,25.28,13.3937
24090.68,25.19,13.3937
24091.69,25.24,13.3936
24092.69,25.15,13.3936
24093.69,25.12,13.3936
24094.69,25.27,13.3936
24095.69,25.13,13.3937
24096.69,25.22,13.3938
24097.7,25.13,13.3938
24098.7,28.84,13.3938
24099.7,25.26,13.3938
24100.7,25.13,13.3938
24101.7,25.24,13.3938
24102.7,25.17,13.3938
24103.71,25.23,13.3938
24104.71,25.16,13.3938
24105.71,25.16,13.3938
24106.71,25.22,13.3938
24107.71,25.13,13.3938
24108.71,25.22,13.3938
24109.72,25.13,13.3938
24110.72,31.81,13.3938
24111.72,25.14,13.3938
24112.72,25.15,13.394
24113.72,25.24,13.394
24114.72,25.15,13.394
24115.72,25.14,13.394
24116.73,25.25,13.394
24117.73,25.17,13.394
24118.73,25.17,13.394
24119.73,25.28,13.394
24120.73,30.07,13.3939
24121.73,25.69,13.394
24122.74,25.15,13.3941
24123.74,25.14,13.3941
24124.74,25.28,13.3941
24125.74,25.17,13.3941
24126.74,25.17,13.3941
24127.74,25.29,13.3941
24128.74,25.12,13.3941
24129.75,25.26,13.3941
24130.75,25.13,13.3941
24131.75,28.94,13.3941
24132.75,25.3,13.3941
24133.75,25.18,13.3942
24134.75,25.27,13.3941
24135.76,25.18,13.3941
24136.76,25.28,13.3941
24137.76,25.19,13.3941
24138.76,25.18,13.3941
24139.76,25.3,13.3941
24140.76,25.18,13.3941
24141.77,25.16,13.3941
24142.77,25.25,13.3941
24143.77,28.8,13.3943
24144.77,25.27,13.3943
24145.77,25.14,13.3943
24146.77,25.11,13.3943
24147.78,25.22,13.3944
24148.78,25.14,13.3944
24149.78,25.23,13.3944
24150.78,25.14,13.3944
24151.78,25.16,13.3943
24152.78,25.28,13.3944
24153.78,25.12,13.3943
24154.79,25.24,13.3942
24155.79,28.88,13.3946
24156.79,25.13,13.3945
24157.79,25.29,13.3945
24158.79,25.18,13.3945
24159.79,25.25,13.3945
24160.8,25.13,13.3946
24161.8,25.16,13.3946
24162.8,25.29,13.3947
24163.8,25.14,13.3947
24164.8,25.15,13.3948
24165.8,25.24,13.3948
24166.8,29.06,13.3948
24167.81,25.2,13.3948
24168.81,25.29,13.3948
24169.81,25.19,13.3948
24170.81,25.29,13.3948
24171.81,25.2,13.3948
24172.81,25.25,13.3948
24173.81,25.31,13.3947
24174.82,25.2,13.3946
24175.82,25.2,13.3946
24176.82,25.32,13.3947
24177.82,31.55,13.3949
24178.82,25.2,13.3949
24179.82,25.3,13.3949
24180.83,25.2,13.3949
24181.83,25.31,13.3949
24182.83,25.23,13.3948
24183.83,25.19,13.3948
24184.83,25.28,13.3949
24185.83,25.19,13.3949
24186.83,25.29,13.3949
24187.84,25.2,13.3949
24188.84,30.33,13.395
24189.84,25.3,13.395
24190.84,25.19,13.395
24191.84,25.29,13.395
24192.84,25.23,13.395
24193.84,25.19,13.395
24194.85,25.3,13.395
24195.85,25.2,13.3951
24196.85,25.19,13.3951
24197.85,25.3,13.3952
24198.85,25.21,13.3952
24199.85,29.07,13.3952
24200.86,25.2,13.3952
24201.86,25.2,13.3952
24202.86,25.33,13.3952
24203.86,25.19,13.3952
24204.86,25.3,13.3952
24205.86,25.23,13.3952
24206.86,25.2,13.3952
24207.87,25.31,13.3952
24208.87,25.2,13.3952
24209.87,25.19,13.3952
24210.87,25.3,13.3952
24211.87,28.85,13.3952
24212.87,25.69,13.3952
24213.88,25.12,13.3952
24214.88,25.12,13.3952
24215.88,25.24,13.3952
24216.88,25.19,13.3952
24217.88,25.31,13.3952
24218.88,25.2,13.3952
24219.89,25.31,13.3953
24220.89,25.2,13.3953
24221.89,25.2,13.3954
24222.89,28.98,13.3954
24223.89,25.2,13.3954
24224.89,25.3,13.3954
24225.9,25.2,13.3954
24226.9,25.29,13.3954
24227.9,25.2,13.3954
24228.9,25.19,13.3953
24229.9,25.29,13.3953
24230.9,25.2,13.3953
24231.91,25.3,13.3953
24232.91,25.23,13.3954
24233.91,27.17,13.3954
24234.91,27.29,13.3956
24235.91,25.2,13.3956
24236.91,25.3,13.3956
24237.92,25.21,13.3955
24238.92,25.29,13.3955
24239.92,25.2,13.3955
24240.92,25.2,13.3955
24241.92,25.3,13.3955
24242.92,25.23,13.3958
24243.93,25.29,13.3956
24244.93,30.58,13.3956
24245.93,26.1,13.3956
24246.93,25.29,13.3956
24247.93,25.21,13.3957
24248.93,25.3,13.3957
24249.94,25.2,13.3957
24250.94,25.27,13.3957
24251.94,25.13,13.3957
24252.94,25.21,13.3958
24253.94,25.31,13.3957
24254.94,25.19,13.3957
24255.95,28.53,13.3958
24256.95,27.21,13.3958
24257.95,25.22,13.3958
24258.95,25.3,13.3958
24259.95,25.19,13.3958
24260.95,25.2,13.3958
24261.96,25.3,13.3958
24262.96,25.21,13.3959
24263.96,25.31,13.3959
24264.96,25.2,13.3959
24265.96,25.2,13.3959
24266.96,25.31,13.3959
24267.97,28.87,13.3959
24268.97,25.31,13.3959
24269.97,25.19,13.3959
24270.97,25.18,13.3959
24271.97,25.29,13.3959
24272.97,25.2,13.3962
24273.97,25.25,13.3962
24274.98,25.12,13.3962
24275.98,25.15,13.3962
24276.98,25.28,13.3962
24277.98,25.18,13.3962
24278.98,28.89,13.3965
24279.98,25.16,13.3965
24280.99,25.26,13.3965
24281.99,25.1,13.3964
24282.99,25.13,13.3965
24283.99,25.24,13.3965
24284.99,25.16,13.3965
24285.99,25.29,13.3965
24287.0,25.18,13.3965
24288.0,25.3,13.3965
24289.0,25.18,13.3965
24290.0,25.18,13.3965
24291.0,28.87,13.3966
24292.0,25.16,13.3966
24293.01,25.31,13.3966
24294.01,25.18,13.3966
24295.01,25.18,13.3966
24296.01,25.29,13.3966
24297.01,25.19,13.3966
24298.01,25.25,13.3967
24299.02,25.12,13.3967
24300.02,25.22,13.3967
24301.02,25.12,13.3967
24302.02,29.2,13.3967
24303.02,25.31,13.3967
24304.02,25.18,13.3967
24305.03,25.3,13.3967
24306.03,25.18,13.3967
24307.03,25.18,13.3967
24308.03,25.29,13.3967
24309.03,25.18,13.3967
24310.03,25.3,13.3967
24311.04,25.18,13.3967
24312.04,25.18,13.3967
24313.04,31.52,13.3968
24314.04,25.19,13.3968
24315.04,25.29,13.3968
24316.04,25.18,13.3968
24317.05,25.18,13.3968
24318.05,25.29,13.3968
24319.05,25.18,13.3968
24320.05,25.29,13.3968
24321.05,25.12,13.3968
24322.05,25.14,13.3968
24323.05,25.31,13.3968
24324.06,30.42,13.3969
24325.06,25.27,13.3969
24326.06,25.15,13.397
24327.06,25.1,13.397
24328.06,25.27,13.397
24329.06,25.19,13.397
24330.07,25.18,13.3969
24331.07,25.29,13.3969
24332.07,25.18,13.3969
24333.07,25.31,13.3971
24334.07,25.18,13.3971
24335.07,28.96,13.3972
24336.08,25.17,13.3972
24337.08,25.17,13.3972
24338.08,25.29,13.3972
24339.08,25.18,13.3972
24340.08,25.29,13.3972
24341.08,25.18,13.3972
24342.09,25.18,13.3972
24343.09,25.31,13.3973
24344.09,25.19,13.3973
24345.09,25.29,13.3973
24346.09,28.94,13.3973
24347.09,25.29,13.3973
24348.1,25.19,13.3973
24349.1,25.19,13.3973
24350.1,25.28,13.3973
24351.1,25.17,13.3973
24352.1,25.18,13.3973
24353.1,25.31,13.3972
24354.11,25.18,13.3972
24355.11,25.28,13.3972
24356.11,25.18,13.3972
24357.11,25.19,13.3972
24358.11,29.07,13.3974
24359.11,25.19,13.3974
24360.11,25.29,13.3974
24361.12,25.18,13.3974
24362.12,25.28,13.3974
24363.12,25.21,13.3975
24364.12,25.17,13.3974
24365.12,25.27,13.3974
24366.12,25.15,13.3973
24367.13,25.25,13.3973
24368.13,25.16,13.3976
24369.13,29.24,13.3977
24370.13,25.29,13.3976
24371.13,25.18,13.3976
24372.13,25.28,13.3976
24373.14,25.17,13.3976
24374.14,25.25,13.3976
24375.14,25.17,13.3976
24376.14,25.17,13.3976
24377.14,25.28,13.3976
24378.14,25.13,13.3976
24379.15,25.28,13.3976
24380.15,31.45,13.3977
24381.15,25.18,13.3977
24382.15,25.28,13.3977
24383.15,25.23,13.3978
24384.15,25.3,13.3978
24385.16,25.2,13.3978
24386.16,25.3,13.3978
24387.16,25.18,13.3978
24388.16,25.2,13.3978
24389.16,25.29,13.3978
24390.16,25.2,13.3978
24391.17,25.29,13.3978
24392.17,30.54,13.3978
24393.17,25.21,13.3979
24394.17,25.3,13.3979
24395.17,25.2,13.3979
24396.17,25.3,13.3979
24397.18,25.22,13.3979
24398.18,25.19,13.3979
24399.18,25.3,13.3979
24400.18,25.2,13.3979
24401.18,25.3,13.3979
24402.18,25.2,13.3979
24403.19,28.83,13.3979
24404.19,25.29,13.3981
24405.19,25.19,13.3981
24406.19,25.28,13.3981
24407.19,25.2,13.3981
24408.19,25.19,13.3981
24409.2,25.3,13.3981
24410.2,25.21,13.3981
24411.2,25.29,13.3981
24412.2,25.2,13.3981
24413.2,25.31,13.3981
24414.2,28.88,13.3981
24415.21,25.2,13.3981
24416.21,25.29,13.3981
24417.21,25.19,13.3981
24418.21,25.28,13.3981
24419.21,25.16,13.3981
24420.21,25.18,13.3981
24421.22,25.28,13.3981
24422.22,25.18,13.3981
24423.22,25.31,13.3982
24424.22,25.2,13.3982
24425.22,28.86,13.3982
24426.22,25.3,13.3982
24427.23,25.21,13.3983
24428.23,25.3,13.3983
24429.23,25.2,13.3983
24430.23,25.31,13.3983
24431.23,25.2,13.3983
24432.23,25.2,13.3983
24433.24,25.31,13.3983
24434.24,25.2,13.3983
24435.24,25.31,13.3983
24436.24,28.55,13.3983
24437.24,25.93,13.3985
24438.24,25.3,13.3985
24439.24,25.21,13.3985
24440.25,25.31,13.3985
24441.25,25.2,13.3985
24442.25,25.21,13.3985
24443.25,25.32,13.3985
24444.25,25.2,13.3985
24445.25,25.32,13.3985
24446.26,25.2,13.3985
24447.26,31.44,13.3986
24448.26,25.29,13.3986
24449.26,25.19,13.3986
24450.26,25.3,13.3986
24451.26,25.19,13.3986
24452.27,25.31,13.3986
24453.27,25.21,13.3987
24454.27,25.2,13.3986
24455.27,25.31,13.3986
24456.27,25.2,13.3986
24457.27,25.3,13.3986
24458.28,30.62,13.3987
24459.28,25.19,13.3987
24460.28,25.31,13.3987
24461.28,25.2,13.3987
24462.28,25.33,13.3987
24463.28,25.23,13.3987
24464.29,25.2,13.3987
24465.29,25.31,13.3987
24466.29,25.2,13.3987
24467.29,25.31,13.3988
24468.29,25.21,13.3988
24469.29,25.3,13.3988
24470.3,28.96,13.3988
24471.3,25.19,13.3988
24472.3,25.31,13.3988
24473.3,25.18,13.3988
24474.3,25.27,13.3988
24475.3,25.13,13.3988
24476.31,25.21,13.3988
24477.31,25.15,13.399
24478.31,25.28,13.399
24479.31,25.19,13.399
24480.31,25.2,13.399
24481.31,29.0,13.3991
24482.32,25.19,13.3991
24483.32,25.19,13.3992
24484.32,25.28,13.3992
24485.32,25.17,13.3992
24486.32,25.27,13.3992
24487.32,25.18,13.3992
24488.33,25.23,13.3992
24489.33,25.12,13.3992
24490.33,25.18,13.3992
24491.33,25.26,13.3992
24492.33,25.13,13.3992
24493.33,28.98,13.3992
24494.34,25.28,13.3992
24495.34,25.19,13.3992
24496.34,25.3,13.3992
24497.34,25.18,13.3994
24498.34,25.2,13.3994
24499.34,25.27,13.3994
24500.34,25.17,13.3994
24501.35,25.17,13.3994
24502.35,25.26,13.3994
24503.35,25.17,13.3994
24504.35,25.28,13.3994
24505.35,29.59,13.3995
24506.35,25.28,13.3995
24507.36,25.19,13.3995
24508.36,25.19,13.3995
24509.36,25.3,13.3995
24510.36,25.18,13.3995
24511.36,25.28,13.3995
24512.36,25.2,13.3995
24513.37,25.21,13.3995
24514.37,25.29,13.3995
24515.37,25.19,13.3995
24516.37,31.43,13.3995
24517.37,25.2,13.3996
24518.37,25.29,13.3996
24519.38,25.14,13.3996
24520.38,25.13,13.3996
24521.38,25.23,13.3996
24522.38,25.15,13.3996
24523.38,25.32,13.3997
24524.38,25.2,13.3997
24525.39,25.2,13.3997
24526.39,25.3,13.3997
24527.39,30.06,13.3997
24528.39,25.31,13.3997
24529.39,25.2,13.3997
24530.39,25.29,13.3997
24531.4,25.19,13.3997
24532.4,25.2,13.3997
24533.4,25.3,13.3997
24534.4,25.19,13.3997
24535.4,25.23,13.3997
24536.4,35.42,9.0847
24537.41,86.81,2.664
24538.41,76.24,2.9994
24539.41,80.44,3.219
24540.41,85.48,3.4855
24541.41,78.65,3.8464
24542.41,75.93,4.1751
24543.41,78.07,4.4622
24544.42,76.5,4.7142
24545.42,77.29,4.9227
24546.42,76.15,5.1191
24547.42,75.64,5.3062
24548.42,77.12,5.4512
24549.42,76.38,5.5754
24550.42,75.68,5.7555
24551.43,72.35,6.146
24552.43,26.08,6.9944
24553.43,62.56,8.1336
24554.43,100.22,8.9127
24555.43,40.12,9.1199
24556.43,25.25,9.1103
24557.43,30.88,9.1103
24558.44,78.25,9.1109
24559.44,77.22,9.113
24560.44,68.64,9.1136
24561.44,44.16,9.1091
24562.44,34.54,9.1093
24563.44,33.24,9.2094
24564.45,31.55,9.2095
24565.45,28.53,9.2095
24566.45,28.6,9.2095
24567.45,38.3,9.2095
24568.45,35.37,9.2095
24569.45,25.85,9.2095
24570.46,27.47,9.2095
24571.46,25.91,9.2095
24572.46,25.96,9.2095
24573.46,26.1,9.2096
24574.46,27.25,9.2096
24575.46,30.53,9.2096
24576.47,78.1,9.9941
24577.47,100.25,10.6657
24578.47,99.89,11.3408
24579.47,99.93,12.0471
24580.47,54.83,12.329
24581.47,25.71,12.3713
24582.47,27.44,12.3713
24583.48,32.32,12.3721
24584.48,28.27,12.3721
24585.48,26.2,12.3721
24586.48,25.21,12.3721
24587.48,29.12,12.3721
24588.48,29.38,12.3722
24589.48,26.73,12.3722
24590.49,25.4,12.3722
24591.49,25.99,12.3722
24592.49,25.22,12.3722
24593.49,30.9,12.3722
24594.49,26.73,12.3722
24595.49,25.24,12.3722
24596.5,25.13,12.3722
24597.5,25.25,12.3721
24598.5,25.29,12.3721
24599.5,25.2,12.3721
24600.5,25.15,12.3722
24601.5,25.41,12.3722
24602.5,25.83,12.3722
24603.51,27.18,12.3722
24604.51,25.32,12.3722
24605.51,25.23,12.3722
24606.51,25.41,12.3722
24607.51,34.64,12.3722
24608.51,29.02,12.3722
24609.52,25.89,12.3722
24610.52,25.52,12.3722
24611.52,36.31,12.3738
24612.52,30.81,12.3742
24613.52,25.36,12.3742
24614.52,25.39,12.3742
24615.53,26.21,12.3742
24616.53,25.74,12.3742
24617.53,25.43,12.3742
24618.53,25.31,12.3742
24619.53,25.2,12.3742
24620.53,25.37,12.3742
24621.54,25.76,12.3742
24622.54,25.22,12.3742
24623.54,25.42,12.3743
24624.54,25.58,12.3743
24625.54,30.02,12.3743
24626.54,25.21,12.3743
24627.55,25.31,12.3743
24628.55,25.2,12.3743
24629.55,25.14,12.3743
24630.55,25.29,12.3743
24631.55,25.41,12.3743
24632.55,25.31,12.3744
24633.56,25.18,12.3744
24634.56,25.37,12.3744
24635.56,25.14,12.3744
24636.56,25.11,12.3744
24637.56,25.24,12.3744
24638.56,25.19,12.3744
24639.57,25.25,12.3744
24640.57,25.14,12.3744
24641.57,25.14,12.3744
24642.57,26.05,12.3744
24643.57,25.21,12.3744
24644.57,25.23,12.3744
24645.58,25.65,12.3744
24646.58,26.94,12.3744
24647.58,25.42,12.3744
24648.58,27.21,12.3744
24649.58,25.19,12.3744
24650.58,25.3,12.3744
24651.58,25.2,12.3744
24652.59,25.33,12.3746
24653.59,25.23,12.3746
24654.59,25.21,12.3746
24655.59,25.31,12.3746
24656.59,25.21,12.3746
24657.59,26.17,12.3746
24658.6,25.19,12.3746
24659.6,25.21,12.3746
24660.6,25.33,12.3746
24661.6,25.2,12.3746
24662.6,25.29,12.3747
24663.6,25.57,12.3747
24664.6,25.2,12.3747
24665.61,25.2,12.3747
24666.61,25.31,12.3747
24667.61,25.24,12.3747
24668.61,25.25,12.3747
24669.61,25.18,12.3748
24670.61,57.75,12.375
24671.61,100.2,12.462
24672.62,51.49,12.4863
24673.62,25.21,12.4863
24674.62,25.79,12.4863
24675.62,25.29,12.4863
24676.62,25.21,12.4863
24677.62,25.31,12.4863
24678.62,25.45,12.4863
24679.63,25.23,12.4863
24680.63,25.14,12.4863
24681.63,25.13,12.4863
24682.63,25.83,12.4865
24683.63,25.42,12.4865
24684.63,25.22,12.4865
24685.63,25.24,12.4865
24686.64,25.29,12.4865
24687.64,25.14,12.4866
24688.64,25.24,12.4866
24689.64,36.78,12.4866
24690.64,76.47,12.49
24691.64,49.78,12.4859
24692.65,48.3,12.4911
24693.65,28.79,12.4947
24694.65,41.51,12.4948
24695.65,51.39,12.5093
24696.65,25.22,12.5035
24697.65,36.95,12.5037
24698.66,100.13,12.5208
24699.66,78.37,12.5221
24700.66,25.32,12.5221
24701.66,25.24,12.5221
24702.66,25.24,12.5222
24703.66,25.32,12.5222
24704.67,25.22,12.5222
24705.67,25.32,12.5222
24706.67,25.22,12.5222
24707.67,52.66,12.5222
24708.67,99.78,12.5287
24709.67,51.42,12.5287
24710.67,25.28,12.5287
24711.68,25.17,12.5287
24712.68,25.18,12.5288
24713.68,25.27,12.5288
24714.68,25.55,12.5288
24715.68,25.19,12.5288
24716.68,25.36,12.5131
24717.69,66.8,12.5193
24718.69,100.02,12.5194
24719.69,41.14,12.5194
24720.69,28.59,12.5194
24721.69,25.27,12.5194
24722.69,42.95,12.7203
24723.69,99.88,13.222
24724.69,53.91,13.222
24725.7,25.2,13.222
24726.7,25.56,13.222
24727.7,31.47,13.2544
24728.7,34.38,13.3552
24729.7,25.32,13.3552
24730.7,25.16,13.3552
24731.71,28.96,13.3555
24732.71,25.32,13.3555
24733.71,25.54,13.3555
24734.71,25.29,13.3555
24735.71,28.85,13.3555
24736.71,25.13,13.3555
24737.72,25.24,13.3557
24738.72,25.18,13.3557
24739.72,28.99,13.3558
24740.72,25.13,13.3558
24741.72,25.23,13.3558
24742.72,25.16,13.3559
24743.73,28.95,13.3559
24744.73,25.28,13.3559
24745.73,25.19,13.3559
24746.73,29.05,13.3559
24747.73,25.19,13.3559
24748.73,25.29,13.3559
24749.74,25.18,13.3559
24750.74,28.78,13.3559
24751.74,25.3,13.3559
24752.74,25.21,13.3561
24753.74,28.79,13.3561
24754.74,25.31,13.3561
24755.74,25.84,13.3561
24756.75,25.12,13.3561
24757.75,28.97,13.3561
24758.75,25.13,13.3561
24759.75,25.24,13.3561
24760.75,28.88,13.3561
24761.75,25.19,13.3561
24762.76,25.31,13.3563
24763.76,25.19,13.3563
24764.76,28.92,13.3563
24765.76,25.19,13.3563
24766.76,25.29,13.3563
24767.76,28.08,13.3564
24768.77,25.95,13.3564
24769.77,25.24,13.3564
24770.77,25.19,13.3564
24771.77,28.91,13.3565
24772.77,25.21,13.3565
24773.77,25.18,13.3565
24774.78,25.29,13.3565
24775.78,29.53,13.3565
24776.78,25.29,13.3565
24777.78,25.19,13.3565
24778.78,25.18,13.3565
24779.78,30.04,13.3565
24780.79,25.18,13.3565
24781.79,25.25,13.3565
24782.79,25.16,13.3565
24783.79,25.25,13.3565
24784.79,30.12,13.3566
24785.79,25.17,13.3566
24786.8,25.23,13.3566
24787.8,25.14,13.3567
24788.8,25.23,13.3567
24789.8,29.73,13.3566
24790.8,25.13,13.3566
24791.8,25.23,13.3566
24792.81,25.15,13.3567
24793.81,25.27,13.3567
24794.81,25.2,13.3567
24795.81,29.43,13.3569
24796.81,25.27,13.3568
24797.81,25.18,13.3569
24798.81,25.22,13.3569
24799.82,25.13,13.3569
24800.82,25.14,13.3569
24801.82,28.99,13.357
24802.82,25.15,13.357
24803.82,25.23,13.357
24804.82,25.13,13.357
24805.83,25.13,13.357
24806.83,25.22,13.357
24807.83,28.77,13.357
24808.83,25.28,13.357
24809.83,25.19,13.357
24810.83,25.29,13.357
24811.84,25.18,13.357
24812.84,25.2,13.357
24813.84,25.23,13.357
24814.84,28.78,13.3572
24815.84,25.21,13.3572
24816.84,25.11,13.3572
24817.85,25.12,13.3573
24818.85,25.25,13.3573
24819.85,25.14,13.3573
24820.85,25.22,13.3573
24821.85,25.13,13.3573
24822.85,28.98,13.3574
24823.86,25.29,13.3574
24824.86,25.17,13.3574
24825.86,25.29,13.3574
24826.86,25.18,13.3574
24827.86,25.3,13.3574
24828.86,25.19,13.3574
24829.87,28.75,13.3574
24830.87,25.27,13.3574
24831.87,25.12,13.3574
24832.87,25.25,13.3576
24833.87,25.13,13.3576
24834.87,25.13,13.3576
24835.88,25.23,13.3576
24836.88,28.83,13.3576
24837.88,25.24,13.3576
24838.88,25.13,13.3576
24839.88,25.27,13.3576
24840.88,25.16,13.3576
24841.89,25.15,13.3576
24842.89,25.32,13.3576
24843.89,30.85,13.3577
24844.89,25.18,13.3577
24845.89,25.29,13.3577
24846.89,25.19,13.3577
24847.89,25.29,13.3577
24848.9,25.19,13.3577
24849.9,25.29,13.3577
24850.9,25.19,13.3577
24851.9,30.6,13.3577
24852.9,25.31,13.3578
24853.9,25.18,13.3578
24854.91,25.29,13.3578
24855.91,25.19,13.3578
24856.91,25.18,13.3578
24857.91,25.29,13.3578
24858.91,29.78,13.3578
24859.91,25.23,13.3578
24860.92,25.16,13.3578
24861.92,25.19,13.358
24862.92,25.32,13.358
24863.92,25.19,13.358
24864.92,25.31,13.358
24865.92,25.2,13.358
24866.93,25.13,13.358
24867.93,28.92,13.3582
24868.93,25.18,13.3582
24869.93,25.19,13.3582
24870.93,25.26,13.3582
24871.93,25.13,13.3582
24872.93,25.25,13.3583
24873.94,25.13,13.3583
24874.94,25.13,13.3583
24875.94,28.91,13.3583
24876.94,25.14,13.3583
24877.94,25.23,13.3583
24878.94,25.13,13.3583
24879.95,25.15,13.3583
24880.95,25.23,13.3583
24881.95,25.19,13.3583
24882.95,25.31,13.3583
24883.95,25.15,13.3583
24884.95,28.89,13.3584
24885.95,25.23,13.3584
24886.96,25.12,13.3584
24887.96,25.24,13.3584
24888.96,25.12,13.3584
24889.96,25.12,13.3584
24890.96,25.24,13.3584
24891.96,25.12,13.3584
24892.97,25.25,13.3586
24893.97,28.76,13.3586
24894.97,25.27,13.3586
24895.97,25.13,13.3586
24896.97,25.13,13.3586
24897.97,25.24,13.3586
24898.98,25.14,13.3586
24899.98,25.26,13.3586
24900.98,25.16,13.3586
24901.98,25.17,13.3586
24902.98,29.22,13.3586
24903.98,25.26,13.3587
24904.99,25.28,13.3586
24905.99,25.18,13.3586
24906.99,25.18,13.3586
24907.99,25.29,13.3586
24908.99,25.18,13.3586
24909.99,25.29,13.3586
24911.0,25.29,13.3586
24912.0,31.01,13.3588
24913.0,25.21,13.359
24914.0,25.18,13.359
24915.0,25.28,13.359
24916.01,25.18,13.359
24917.01,25.28,13.359
24918.01,25.19,13.359
24919.01,25.28,13.359
24920.01,25.18,13.359
24921.01,30.87,13.3591
24922.02,25.3,13.3591
24923.02,25.22,13.3591
24924.02,25.24,13.3591
24925.02,25.14,13.3591
24926.02,25.24,13.3591
24927.02,25.17,13.3591
24928.03,25.14,13.3592
24929.03,28.59,13.3592
24930.03,25.74,13.3592
24931.03,25.28,13.3592
24932.03,25.19,13.3592
24933.03,25.22,13.3594
24934.04,25.29,13.3594
24935.04,25.19,13.3594
24936.04,25.24,13.3594
24937.04,25.14,13.3594
24938.04,25.16,13.3594
24939.04,28.92,13.3596
24940.04,25.32,13.3596
24941.04,25.19,13.3596
24942.05,25.2,13.3596
24943.05,25.27,13.3597
24944.05,25.18,13.3597
24945.05,25.3,13.3597
24946.05,25.26,13.3596
24947.05,25.19,13.3596
24948.06,28.99,13.3598
24949.06,25.2,13.3598
24950.06,25.32,13.3598
24951.06,25.2,13.3598
24952.06,25.14,13.3598
24953.06,25.28,13.3599
24954.06,25.14,13.3599
24955.06,25.13,13.3599
24956.07,25.24,13.3599
24957.07,25.13,13.3599
24958.07,28.86,13.3599
24959.07,25.29,13.3599
24960.07,25.18,13.3599
24961.07,25.23,13.3598
24962.08,25.13,13.3598
24963.08,25.29,13.3598
24964.08,25.18,13.3598
24965.08,25.18,13.3598
24966.08,25.28,13.3598
24967.09,25.25,13.3598
24968.09,28.94,13.36
24969.09,25.18,13.36
24970.09,25.19,13.36
24971.09,25.26,13.36
24972.09,25.13,13.36
24973.09,25.27,13.3601
24974.1,25.14,13.3601
24975.1,25.28,13.3601
24976.1,25.19,13.3601
24977.1,30.47,13.3602
24978.1,25.29,13.3602
24979.1,25.19,13.3602
24980.11,25.19,13.3602
24981.11,25.29,13.3602
24982.11,25.19,13.3602
24983.11,25.31,13.3602
24984.11,25.19,13.3602
24985.11,25.12,13.3602
24986.12,31.33,13.3603
24987.12,25.18,13.3603
24988.12,25.29,13.3603
24989.12,25.18,13.3603
24990.12,25.28,13.3603
24991.12,25.19,13.3603
24992.13,25.18,13.3603
24993.13,25.31,13.3604
24994.13,25.16,13.3604
24995.13,25.28,13.3604
24996.13,29.46,13.3607
24997.13,25.23,13.3606
24998.14,25.12,13.3606
24999.14,25.12,13.3606
25000.14,25.31,13.3606
25001.14,25.18,13.3606
25002.14,25.17,13.3606
25003.14,25.26,13.3606
25004.14,25.13,13.3606
25005.15,25.15,13.3606
25006.15,29.02,13.3608
25007.15,25.19,13.3608
25008.15,25.2,13.3608
25009.15,25.29,13.3608
25010.15,25.18,13.3608
25011.15,25.29,13.3608
25012.16,25.18,13.3608
25013.16,25.21,13.3609
25014.16,25.27,13.3609
25015.16,25.18,13.3609
25016.16,28.98,13.3609
25017.16,25.18,13.3609
25018.17,25.2,13.3609
25019.17,25.29,13.3609
25020.17,25.18,13.3609
25021.17,25.25,13.3609
25022.17,25.15,13.3609
25023.17,25.21,13.361
25024.17,25.22,13.361
25025.18,25.12,13.361
25026.18,28.77,13.361
25027.18,25.29,13.3611
25028.18,25.19,13.3611
25029.18,25.3,13.3611
25030.18,25.19,13.3611
25031.19,25.19,13.3611
25032.19,25.31,13.3611
25033.19,29.73,13.3611
25034.19,25.17,13.3611
25035.19,25.29,13.3611
25036.19,28.97,13.3611
25037.19,25.29,13.3611
25038.2,25.18,13.3611
25039.2,25.31,13.3611
25040.2,25.18,13.3611
25041.2,25.19,13.3611
25042.2,25.29,13.3611
25043.2,25.2,13.3611
25044.21,25.23,13.3611
25045.21,25.13,13.3611
25046.21,30.47,13.3613
25047.21,25.28,13.3614
25048.21,25.18,13.3614
25049.21,25.29,13.3614
25050.22,25.18,13.3614
25051.22,25.18,13.3614
25052.22,25.29,13.3614
25053.22,25.19,13.3615
25054.22,25.27,13.3615
25055.22,25.17,13.3615
25056.23,31.2,13.3617
25057.23,25.28,13.3617
25058.23,25.17,13.3617
25059.23,25.28,13.3617
25060.23,25.18,13.3617
25061.23,25.29,13.3617
25062.24,25.2,13.3617
25063.24,25.2,13.3617
25064.24,25.28,13.3617
25065.24,25.19,13.3617
25066.24,29.52,13.362
25067.24,25.2,13.362
25068.25,25.18,13.362
25069.25,25.29,13.362
25070.25,25.18,13.362
25071.25,25.28,13.362
25072.25,25.19,13.362
25073.25,25.3,13.362
25074.26,25.18,13.362
25075.26,25.18,13.362
25076.26,29.07,13.3621
25077.26,25.19,13.3621
25078.26,25.29,13.3621
25079.26,25.18,13.3621
25080.27,25.18,13.3621
25081.27,25.27,13.3621
25082.27,25.17,13.3622
25083.27,25.27,13.3624
25084.27,25.16,13.3624
25085.27,25.27,13.3624
25086.28,28.94,13.3624
25087.28,25.19,13.3624
25088.28,25.28,13.3624
25089.28,25.19,13.3624
25090.28,25.28,13.3624
25091.28,25.19,13.3624
25092.29,25.29,13.3624
25093.29,25.2,13.3624
25094.29,25.18,13.3624
25095.29,25.28,13.3624
25096.29,25.18,13.3624
25097.29,29.0,13.3624
25098.3,25.18,13.3624
25099.3,25.19,13.3624
25100.3,25.29,13.3623
25101.3,25.19,13.3623
25102.3,25.29,13.3624
25103.3,25.15,13.3626
25104.31,25.22,13.3626
25105.31,25.18,13.3626
25106.31,25.18,13.3626
25107.31,28.94,13.3627
25108.31,25.18,13.3627
25109.31,25.28,13.3627
25110.32,25.19,13.3627
25111.32,25.29,13.3627
25112.32,25.19,13.3626
25113.32,25.19,13.3626
25114.32,25.28,13.3626
25115.32,25.18,13.3626
25116.33,25.28,13.3626
25117.33,31.19,13.3628
25118.33,25.18,13.3628
25119.33,25.29,13.3628
25120.33,25.18,13.3627
25121.33,25.3,13.3627
25122.34,25.19,13.3628
25123.34,25.2,13.3628
25124.34,25.28,13.3628
25125.34,25.19,13.3628
25126.34,25.29,13.3628
25127.34,30.96,13.3631
25128.35,25.28,13.3631
25129.35,25.18,13.3631
25130.35,25.18,13.3631
25131.35,25.28,13.3631
25132.35,25.19,13.3631
25133.35,25.3,13.3631
25134.36,25.2,13.3632
25135.36,25.18,13.3632
25136.36,25.28,13.3632
25137.36,29.2,13.3632
25138.36,25.29,13.3632
25139.36,25.18,13.3632
25140.37,25.18,13.3632
25141.37,25.27,13.3632
25142.37,25.19,13.3634
25143.37,25.3,13.3634
25144.37,25.18,13.3634
25145.37,25.18,13.3633
25146.38,25.28,13.3633
25147.38,28.94,13.3634
25148.38,25.3,13.3634
25149.38,25.2,13.3634
25150.38,25.19,13.3634
25151.38,25.29,13.3634
25152.38,25.2,13.3634
25153.39,25.28,13.3634
25154.39,25.18,13.3634
25155.39,25.16,13.3634
25156.39,25.23,13.3634
25157.39,25.14,13.3634
25158.39,25.28,13.3634
25159.39,28.92,13.3635
25160.4,25.18,13.3635
25161.4,25.25,13.3635
25162.4,25.17,13.3636
25163.4,25.15,13.3638
25164.4,25.23,13.3638
25165.4,25.13,13.3638
25166.41,25.29,13.3638
25167.41,25.2,13.3638
25168.41,25.18,13.3638
25169.41,28.99,13.3638
25170.41,25.19,13.3638
25171.41,25.29,13.3638
25172.42,25.19,13.3638
25173.42,25.19,13.3638
25174.42,25.3,13.3638
25175.42,25.2,13.3638
25176.42,25.23,13.3638
25177.42,25.14,13.3639
25178.43,25.23,13.3639
25179.43,25.14,13.3639
25180.43,29.55,13.364
25181.43,25.28,13.364
25182.43,25.19,13.364
25183.43,25.27,13.3641
25184.44,25.15,13.3641
25185.44,25.12,13.3641
25186.44,25.22,13.3641
25187.44,25.13,13.3641
25188.44,25.22,13.3641
25189.44,25.12,13.3641
25190.45,31.23,13.3641
25191.45,25.12,13.3641
25192.45,25.15,13.3641
25193.45,25.24,13.3641
25194.45,25.12,13.3641
25195.45,25.24,13.3641
25196.46,25.13,13.3641
25197.46,25.13,13.3642
25198.46,25.22,13.3642
25199.46,25.13,13.3642
25200.46,30.55,13.3642
25201.46,25.2,13.3642
25202.47,25.21,13.3642
25203.47,25.33,13.3642
25204.47,25.18,13.3642
25205.47,25.13,13.3642
25206.47,25.23,13.3642
25207.47,25.14,13.3642
25208.47,25.25,13.3642
25209.48,25.15,13.3642
25210.48,28.87,13.3644
25211.48,25.27,13.3643
25212.48,25.19,13.3643
25213.48,25.19,13.3643
25214.48,25.29,13.3643
25215.49,25.19,13.3643
25216.49,25.31,13.3643
25217.49,25.22,13.3645
25218.49,25.18,13.3645
25219.49,25.29,13.3645
25220.49,25.18,13.3645
25221.49,28.95,13.3648
25222.5,25.3,13.3648
25223.5,25.2,13.3648
25224.5,25.29,13.3648
25225.5,25.19,13.3648
25226.5,25.29,13.3648
25227.5,25.19,13.3648
25228.51,25.18,13.3648
25229.51,25.28,13.3648
25230.51,25.18,13.3648
25231.51,25.28,13.3648
25232.51,28.96,13.365
25233.51,25.2,13.365
25234.51,25.29,13.365
25235.52,25.2,13.365
25236.52,25.3,13.365
25237.52,25.19,13.365
25238.52,25.19,13.365
25239.52,25.32,13.365
25240.52,25.2,13.365
25241.53,25.19,13.365
25242.53,25.31,13.3651
25243.53,25.19,13.3651
25244.53,28.89,13.3652
25245.53,25.29,13.3652
25246.53,25.19,13.3652
25247.53,25.25,13.3652
25248.54,25.14,13.3652
25249.54,25.17,13.3652
25250.54,25.29,13.3652
25251.54,25.19,13.3652
25252.54,25.32,13.3652
25253.54,25.21,13.3653
25254.55,30.72,13.3656
25255.55,25.31,13.3656
25256.55,25.2,13.3656
25257.55,25.2,13.3656
25258.55,25.29,13.3656
25259.55,25.19,13.3656
25260.55,25.29,13.3656
25261.56,25.19,13.3656
25262.56,25.3,13.3656
25263.56,25.21,13.3656
25264.56,25.51,13.3656
25265.56,31.08,13.3656
25266.56,25.16,13.3656
25267.57,25.3,13.3657
25268.57,25.19,13.3657
25269.57,25.17,13.3657
25270.57,25.21,13.3657
25271.57,25.13,13.3657
25272.57,25.23,13.3657
25273.58,25.12,13.3657
25274.58,25.13,13.3657
25275.58,29.24,13.3657
25276.58,25.19,13.3658
25277.58,25.2,13.3658
25278.58,25.27,13.3658
25279.58,25.18,13.3658
25280.59,25.19,13.3658
25281.59,25.28,13.3658
25282.59,25.21,13.3658
25283.59,25.31,13.3658
25284.59,25.16,13.3658
25285.61,26.26,13.3658
25286.61,27.87,13.3658
25287.61,25.18,13.3659
25288.61,25.28,13.3659
25289.61,25.18,13.3659
25290.61,25.29,13.3659
25291.62,25.2,13.3659
25292.62,25.21,13.3659
25293.62,25.23,13.3659
25294.62,25.17,13.3659
25295.62,25.29,13.3659
25296.62,28.96,13.3662
25297.63,25.19,13.3663
25298.63,25.28,13.3663
25299.63,25.19,13.3663
25300.63,25.22,13.3663
25301.63,25.16,13.3663
25302.63,25.19,13.3663
25303.64,25.26,13.3663
25304.64,25.16,13.3663
25305.64,25.31,13.3663
25306.64,25.19,13.3663
25307.64,25.19,13.3663
25308.64,28.93,13.3664
25309.64,25.17,13.3664
25310.65,25.27,13.3664
25311.65,25.19,13.3664
25312.65,25.21,13.3664
25313.65,25.28,13.3664
25314.65,25.19,13.3664
25315.65,25.28,13.3664
25316.66,25.17,13.3664
25317.66,25.15,13.3664
25318.66,25.24,13.3664
25319.66,29.72,13.3667
25320.66,25.25,13.3666
25321.66,25.14,13.3666
25322.67,25.32,13.3668
25323.67,25.19,13.3668
25324.67,25.19,13.3668
25325.67,25.32,13.3668
25326.67,25.19,13.3668
25327.67,25.18,13.3668
25328.68,25.29,13.3668
25329.68,31.58,13.3668
25330.68,25.28,13.3668
25331.68,25.18,13.3668
25332.68,25.22,13.3668
25333.68,25.29,13.3668
25334.69,25.17,13.3668
25335.69,25.27,13.3668
25336.69,25.19,13.3668
25337.69,25.3,13.3668
25338.69,25.18,13.3668
25339.69,29.84,13.3669
25340.7,25.27,13.3669
25341.7,25.13,13.3669
25342.7,25.71,13.367
25343.7,25.13,13.367
25344.7,25.13,13.367
25345.7,25.25,13.367
25346.7,25.15,13.367
25347.7,25.15,13.367
25348.71,25.23,13.367
25349.71,28.97,13.367
25350.71,25.14,13.367
25351.71,25.24,13.367
25352.71,25.16,13.367
25353.71,25.23,13.367
25354.72,25.13,13.367
25355.72,25.26,13.367
25356.72,25.19,13.367
25357.72,25.2,13.3671
25358.72,25.29,13.3671
25359.72,25.2,13.3671
25360.73,29.07,13.3673
25361.73,25.19,13.3673
25362.73,25.33,13.3674
25363.73,25.2,13.3674
25364.73,25.2,13.3674
25365.73,25.3,13.3674
25366.74,25.19,13.3674
25367.74,25.29,13.3674
25368.74,25.18,13.3674
25369.74,25.11,13.3674
25370.74,25.22,13.3674
25371.75,28.85,13.3674
25372.75,25.32,13.3674
25373.75,25.2,13.3674
25374.75,25.29,13.3674
25375.75,25.2,13.3674
25376.75,25.2,13.3674
25377.76,25.3,13.3675
25378.76,25.2,13.3676
25379.76,25.3,13.3676
25380.76,25.2,13.3676
25381.76,25.19,13.3676
25382.76,29.12,13.3676
25383.76,25.2,13.3676
25384.77,25.3,13.3676
25385.77,25.19,13.3676
25386.77,25.19,13.3676
25387.77,25.31,13.3676
25388.77,25.2,13.3676
25389.77,25.32,13.3676
25390.78,25.2,13.3676
25391.78,25.2,13.3676
25392.78,25.33,13.3676
25393.78,31.25,13.3678
25394.78,25.31,13.3678
25395.78,25.2,13.3678
25396.79,25.2,13.3678
25397.79,25.25,13.3678
25398.79,25.14,13.3678
25399.79,25.24,13.3678
25400.79,25.14,13.3678
25401.79,25.24,13.3678
25402.8,25.16,13.3679
25403.8,30.93,13.3681
25404.8,25.31,13.3681
25405.8,25.2,13.3681
25406.8,25.29,13.3681
25407.8,25.21,13.3681
25408.81,25.2,13.3681
25409.81,25.29,13.3681
25410.81,25.2,13.3681
25411.81,25.29,13.3681
25412.81,25.22,13.3682
25413.81,25.3,13.3682
25414.82,29.07,13.3682
25415.82,25.2,13.3682
25416.82,25.33,13.3682
25417.82,25.2,13.3682
25418.82,25.19,13.3682
25419.82,25.3,13.3682
25420.82,25.14,13.3682
25421.83,25.24,13.3682
25422.83,25.17,13.3683
25423.83,25.24,13.3683
25424.83,28.92,13.3683
25425.83,25.21,13.3683
25426.83,25.33,13.3683
25427.84,25.22,13.3683
25428.84,25.21,13.3683
25429.84,25.32,13.3683
25430.84,25.22,13.3683
25431.84,25.31,13.3683
25432.84,25.22,13.3685
25433.85,25.12,13.3685
25434.85,25.22,13.3685
25435.85,28.81,13.3686
25436.85,25.33,13.3686
25437.85,25.21,13.3686
25438.85,25.18,13.3686
25439.86,25.23,13.3686
25440.86,25.13,13.3686
25441.86,25.23,13.3686
25442.86,25.18,13.3686
25443.86,25.22,13.3686
25444.86,25.29,13.3686
25445.86,25.2,13.3686
25446.87,28.85,13.3686
25447.87,25.31,13.3686
25448.87,25.2,13.3686
25449.87,25.3,13.3686
25450.87,25.2,13.3686
25451.87,25.29,13.3686
25452.88,25.22,13.3688
25453.88,25.19,13.3688
25454.88,25.29,13.3688
25455.88,25.19,13.3688
25456.88,25.3,13.3688
25457.88,30.15,13.3688
25458.89,25.19,13.3688
25459.89,25.3,13.3688
25460.89,25.2,13.3688
25461.89,25.3,13.3688
25462.89,25.15,13.3688
25463.89,25.27,13.3688
25464.9,25.2,13.3688
25465.9,25.21,13.3688
25466.9,25.3,13.3688
25467.9,25.21,13.3688
25468.9,31.5,13.3691
25469.9,25.2,13.3691
25470.91,25.19,13.3691
25471.91,25.29,13.3691
25472.91,25.21,13.3692
25473.91,25.31,13.3692
25474.91,25.19,13.3692
25475.91,25.19,13.3692
25476.92,25.29,13.3692
25477.92,25.2,13.3692
25478.92,29.81,13.3697
25479.92,25.14,13.3697
25480.92,25.23,13.3697
25481.92,25.12,13.3697
25482.93,25.15,13.3697
25483.93,25.23,13.3697
25484.93,25.13,13.3697
25485.93,25.23,13.3697
25486.93,25.13,13.3697
25487.93,25.14,13.3698
25488.94,29.04,13.3699
25489.94,25.19,13.3699
25490.94,25.31,13.3699
25491.94,25.19,13.3699
25492.94,25.22,13.3699
25493.94,25.31,13.3699
25494.94,25.18,13.3699
25495.95,25.17,13.3699
25496.95,25.23,13.3699
25497.95,25.15,13.3699
25498.95,25.26,13.3699
25499.95,28.91,13.3699
25500.95,25.17,13.3699
25501.96,25.28,13.3699
25502.96,25.2,13.37
25503.96,25.28,13.37
25504.96,25.18,13.37
25505.96,25.19,13.37
25506.96,25.28,13.37
25507.97,25.19,13.37
25508.97,25.29,13.37
25509.97,25.19,13.37
25510.97,29.06,13.3703
25511.97,25.18,13.3703
25512.97,25.18,13.3703
25513.98,25.25,13.3703
25514.98,25.15,13.3703
25515.98,25.26,13.3703
25516.98,25.16,13.3703
25517.98,25.19,13.3703
25518.98,25.23,13.3703
25519.98,25.13,13.3703
25520.99,25.24,13.3703
25521.99,28.96,13.3703
25522.99,25.21,13.3704
25523.99,25.3,13.3704
25524.99,25.19,13.3704
25525.99,25.29,13.3704
25527.0,25.18,13.3704
25528.0,25.19,13.3704
25529.0,25.28,13.3704
25530.0,25.18,13.3704
25531.0,25.28,13.3704
25532.0,25.21,13.3704
25533.0,31.64,13.3705
25534.01,25.28,13.3705
25535.01,25.19,13.3705
25536.01,25.19,13.3705
25537.01,25.29,13.3705
25538.01,25.2,13.3705
25539.01,25.29,13.3705
25540.02,25.2,13.3705
25541.02,25.2,13.3705
25542.02,30.66,13.3705
25543.02,25.14,13.3709
25544.02,25.25,13.3709
25545.02,25.1,13.3709
25546.03,25.17,13.3709
25547.03,25.3,13.3709
25548.03,25.18,13.3709
25549.03,25.16,13.3709
25550.03,25.27,13.3709
25551.03,25.18,13.3709
25552.03,25.27,13.3709
25553.04,29.13,13.3709
25554.04,25.16,13.3709
25555.04,25.3,13.3709
25556.04,25.18,13.3709
25557.04,25.17,13.3709
25558.04,25.31,13.371
25559.04,25.17,13.371
25560.05,25.17,13.371
25561.05,25.28,13.371
25562.05,25.18,13.371
25563.05,25.31,13.3711
25564.05,28.8,13.3711
25565.05,25.18,13.3711
25566.06,25.28,13.3711
25567.06,25.18,13.3711
25568.06,25.38,13.3711
25569.06,25.18,13.3711
25570.06,25.29,13.3711
25571.06,25.19,13.3711
25572.07,25.18,13.3711
25573.07,25.32,13.3711
25574.07,25.21,13.3711
25575.07,28.96,13.3712
25576.07,25.3,13.3712
25577.07,25.2,13.3712
25578.07,25.21,13.3712
25579.08,25.3,13.3712
25580.08,25.19,13.3712
25581.08,25.3,13.3712
25582.08,25.21,13.3712
25583.08,25.23,13.3715
25584.08,25.32,13.3715
25585.08,25.19,13.3715
25586.09,25.19,13.3715
25587.09,28.99,13.3715
25588.09,25.21,13.3715
25589.09,25.3,13.3715
25590.09,25.19,13.3715
25591.09,25.3,13.3715
25592.1,25.2,13.3715
25593.1,25.25,13.3715
25594.1,25.33,13.3715
25595.1,25.2,13.3715
25596.1,25.19,13.3715
25597.1,30.65,13.3715
25598.1,25.21,13.3716
25599.11,25.31,13.3716
25600.11,25.2,13.3716
25601.11,25.2,13.3716
25602.11,25.29,13.3716
25603.11,39.66,13.3717
25604.11,29.2,13.3718
25605.12,25.19,13.3718
25606.12,25.3,13.3718
25607.12,26.75,13.3718
25608.12,29.76,13.372
25609.12,25.29,13.372
25610.12,25.2,13.372
25611.13,25.3,13.372
25612.13,25.2,13.372
25613.13,25.25,13.3721
25614.13,25.3,13.3721
25615.13,25.2,13.3721
25616.13,25.32,13.3721
25617.14,25.2,13.3721
25618.14,29.5,13.3722
25619.14,25.3,13.3722
25620.14,25.2,13.3722
25621.14,25.15,13.3722
25622.14,25.29,13.3722
25623.15,25.22,13.3723
25624.15,25.23,13.3723
25625.15,25.13,13.3723
25626.15,25.23,13.3723
25627.15,25.13,13.3723
25628.15,25.14,13.3723
25629.16,29.06,13.3723
25630.16,25.21,13.3723
25631.16,25.23,13.3723
25632.16,25.31,13.3723
25633.16,25.23,13.3724
25634.16,25.32,13.3724
25635.16,25.2,13.3724
25636.17,25.3,13.3724
25637.17,25.2,13.3724
25638.17,25.2,13.3724
25639.17,28.83,13.3724
25640.17,25.39,13.3724
25641.17,25.2,13.3724
25642.17,25.32,13.3724
25643.18,25.23,13.3724
25644.18,25.2,13.3724
25645.18,25.3,13.3724
25646.18,25.2,13.3724
25647.18,25.23,13.3724
25648.18,25.32,13.3724
25649.18,25.18,13.3724
25650.18,25.16,13.3724
25651.19,29.09,13.3727
25652.19,25.18,13.3727
25653.19,25.2,13.3728
25654.19,25.3,13.3728
25655.19,25.13,13.3728
25656.19,25.28,13.3728
25657.2,25.21,13.3728
25658.2,25.2,13.3728
25659.2,25.26,13.3728
25660.2,25.13,13.3728
25661.2,28.53,13.3728
25662.2,25.92,13.3729
25663.21,25.22,13.3729
25664.21,25.29,13.3729
25665.21,25.19,13.3729
25666.21,25.3,13.3729
25667.21,25.21,13.3729
25668.21,25.21,13.3729
25669.21,25.3,13.373
25670.22,25.19,13.373
25671.22,25.2,13.373
25672.22,31.65,13.373
25673.22,25.2,13.373
25674.22,25.3,13.373
25675.22,25.2,13.373
25676.23,25.31,13.373
25677.23,25.21,13.373
25678.23,25.2,13.373
25679.23,25.29,13.373
25680.23,25.2,13.373
25681.23,25.29,13.373
25682.24,25.19,13.3731
25683.24,30.51,13.3733
25684.24,25.28,13.3733
25685.24,25.18,13.3733
25686.24,25.28,13.3733
25687.24,25.19,13.3733
25688.25,25.29,13.3733
25689.25,25.19,13.3733
25690.25,25.14,13.3733
25691.25,25.24,13.3733
25692.25,25.19,13.3733
25693.25,28.92,13.3734
25694.26,25.18,13.3734
25695.26,25.19,13.3734
25696.26,25.27,13.3734
25697.26,25.19,13.3734
25698.26,25.28,13.3734
25699.26,25.2,13.3734
25700.27,25.18,13.3734
25701.27,25.28,13.3734
25702.27,25.19,13.3734
25703.27,25.29,13.3734
25704.27,28.81,13.3737
25705.27,25.11,13.3737
25706.28,25.24,13.3737
25707.28,25.19,13.3738
25708.28,25.29,13.3738
25709.28,25.18,13.3738
25710.28,25.29,13.3738
25711.28,25.19,13.3738
25712.28,25.22,13.3738
25713.29,25.3,13.3738
25714.29,25.2,13.3738
25715.29,28.86,13.3738
25716.29,25.29,13.3738
25717.29,25.2,13.3738
25718.29,25.3,13.3738
25719.3,25.21,13.3738
25720.3,25.2,13.3738
25721.3,25.3,13.3738
25722.3,25.21,13.3739
25723.3,25.31,13.3739
25724.3,25.21,13.3739
25725.31,25.21,13.3739
25726.31,29.12,13.3739
25727.31,25.21,13.3739
25728.31,25.2,13.3739
25729.31,25.29,13.3739
25730.31,25.18,13.3739
25731.31,25.21,13.3739
25732.32,25.29,13.3741
25733.32,25.2,13.3741
25734.32,25.3,13.3741
25735.32,25.19,13.3741
25736.32,36.9,13.1572
25737.32,87.2,2.6763
25738.32,77.85,3.13
25739.33,82.64,3.2766
25740.33,85.55,3.4339
25741.33,74.6,3.7083
25742.33,79.03,3.9317
25743.33,75.57,4.1772
25744.33,76.26,4.4542
25745.34,76.32,4.689
25746.34,76.85,4.875
25747.34,76.35,5.0708
25748.34,75.3,5.2135
25749.34,76.57,5.3882
25750.34,76.15,5.5277
25751.34,77.17,5.7439
25752.35,69.47,6.1003
25753.35,26.59,6.8882
25754.35,48.93,7.9171
25755.35,100.22,8.8543
25756.35,47.16,9.1361
25757.35,25.19,9.1361
25758.36,25.32,9.1361
25759.36,68.53,9.1362
25760.36,77.08,9.139
25761.36,75.56,9.1395
25762.36,75.94,9.2402
25763.36,72.34,9.2405
25764.36,65.21,9.2408
25765.37,66.64,9.2408
25766.37,47.04,9.2408
25767.37,29.9,9.2408
25768.37,32.11,9.2408
25769.37,30.31,9.2408
25770.37,36.73,9.2408
25771.37,25.32,9.2408
25772.38,31.4,9.2409
25773.38,27.01,9.2409
25774.38,25.43,9.2409
25775.38,25.47,9.2409
25776.38,26.41,9.2409
25777.38,26.9,9.2409
25778.39,34.29,9.2409
25779.39,67.1,10.0065
25780.39,99.89,10.6979
25781.39,100.23,11.3724
25782.39,99.9,12.0958
25783.39,68.18,12.3676
25784.39,25.43,12.4157
25785.4,26.6,12.4157
25786.4,29.16,12.4157
25787.4,27.73,12.4157
25788.4,29.14,12.4157
25789.4,25.3,12.4157
25790.4,26.59,12.4156
25791.41,25.3,12.4156
25792.41,28.68,12.4158
25793.41,26.49,12.4158
25794.41,25.33,12.4158
25795.41,25.79,12.4158
25796.41,26.47,12.4158
25797.42,32.74,12.4156
25798.42,25.13,12.4156
25799.42,25.28,12.4156
25800.42,25.12,12.4156
25801.42,25.22,12.4156
25802.42,25.13,12.4156
25803.43,27.95,12.4157
25804.43,25.18,12.4157
25805.43,25.81,12.4157
25806.43,25.36,12.4157
25807.43,25.31,12.4157
25808.43,25.26,12.4157
25809.44,25.19,12.4157
25810.44,25.96,12.4157
25811.44,37.1,12.4158
25812.44,26.51,12.4158
25813.44,25.31,12.4159
25814.44,25.19,12.4159
25815.45,39.39,12.4159
25816.45,28.16,12.4159
25817.45,25.23,12.4159
25818.45,25.4,12.4159
25819.45,25.19,12.4159
25820.45,26.03,12.4159
25821.46,28.43,12.4159
25822.46,25.18,12.4159
25823.46,28.92,12.4159
25824.46,25.17,12.4159
25825.46,25.55,12.4159
25826.46,25.96,12.4159
25827.47,25.33,12.4162
25828.47,26.31,12.4162
25829.47,25.67,12.4161
25830.47,25.21,12.4161
25831.47,25.26,12.4161
25832.47,25.21,12.4161
25833.47,25.38,12.4161
25834.48,25.2,12.4162
25835.48,25.3,12.4162
25836.48,25.2,12.4162
25837.48,25.22,12.4162
25838.48,25.3,12.4162
25839.48,25.21,12.4162
25840.49,25.46,12.4162
25841.49,25.48,12.4162
25842.49,26.01,12.4163
25843.49,25.41,12.4163
25844.49,25.21,12.4163
25845.49,25.31,12.4163
25846.5,25.21,12.4163
25847.5,26.14,12.4163
25848.5,25.2,12.4163
25849.5,25.2,12.4163
25850.5,26.54,12.4163
25851.5,26.84,12.4163
25852.51,32.81,12.4163
25853.51,26.31,12.4164
25854.51,25.3,12.4164
25855.51,25.19,12.4164
25856.51,25.2,12.4164
25857.51,25.31,12.4164
25858.52,25.21,12.4164
25859.52,25.3,12.4164
25860.52,25.2,12.4164
25861.52,25.51,12.4164
25862.52,26.15,12.4164
25863.53,25.2,12.4164
25864.53,25.33,12.4164
25865.53,25.22,12.4164
25866.53,25.21,12.4164
25867.53,25.3,12.4165
25868.53,27.87,12.4165
25869.53,25.3,12.4165
25870.54,25.19,12.4165
25871.54,25.17,12.4165
25872.54,25.36,12.4165
25873.54,25.22,12.4165
25874.54,25.31,12.4165
25875.54,25.17,12.4165
25876.55,66.56,12.422
25877.55,99.94,12.5435
25878.55,54.64,12.5441
25879.55,25.33,12.5441
25880.55,25.28,12.5441
25881.55,25.3,12.5441
25882.56,25.22,12.5441
25883.56,25.24,12.5441
25884.56,25.31,12.5441
25885.56,25.63,12.5441
25886.56,25.19,12.5441
25887.56,25.27,12.5441
25888.56,26.02,12.5441
25889.57,25.53,12.5441
25890.57,25.36,12.5441
25891.57,25.15,12.5441
25892.57,25.31,12.5443
25893.57,38.13,12.5444
25894.57,77.72,12.5449
25895.58,43.02,12.5449
25896.58,40.96,12.5449
25897.58,32.17,12.5449
25898.58,39.25,12.5449
25899.58,50.99,12.5668
25900.58,25.18,12.5667
25901.59,44.4,12.5678
25902.59,100.24,12.5811
25903.59,60.2,12.5838
25904.59,25.19,12.5838
25905.59,25.32,12.5838
25906.59,25.2,12.5838
25907.59,25.2,12.5838
25908.59,25.31,12.5838
25909.6,25.15,12.5838
25910.6,25.12,12.5838
25911.6,79.79,12.5885
25912.6,83.28,12.5887
25913.6,25.12,12.5887
25914.6,25.21,12.5887
25915.6,25.12,12.5887
25916.61,25.22,12.5887
25917.61,25.13,12.5888
25918.61,25.7,12.5888
25919.61,25.25,12.5888
25920.61,47.1,12.5907
25921.61,100.09,12.5687
25922.62,41.36,12.5688
25923.62,25.19,12.5688
25924.62,29.16,12.5688
25925.62,36.76,12.6885
25926.62,99.91,13.2823
25927.62,60.77,13.2823
25928.62,25.47,13.2823
25929.62,25.21,13.2823
25930.63,25.3,13.2823
25931.63,41.26,13.4053
25932.63,25.18,13.4053
25933.63,25.27,13.4052
25934.63,25.49,13.4052
25935.63,28.85,13.4054
25936.64,25.21,13.4054
25937.64,25.12,13.4054
25938.64,25.25,13.4054
25939.64,28.87,13.4055
25940.64,25.29,13.4055
25941.64,25.21,13.4056
25942.64,25.21,13.4056
25943.65,28.97,13.4057
25944.65,25.18,13.4057
25945.65,25.19,13.4057
25946.65,28.98,13.4057
25947.65,25.21,13.4058
25948.65,25.18,13.4058
25949.65,25.28,13.4058
25950.66,25.39,13.4058
25951.66,28.73,13.4059
25952.66,25.31,13.4059
25953.66,25.18,13.4059
25954.66,29.02,13.4059
25955.66,25.18,13.4059
25956.67,25.18,13.4058
25957.67,29.01,13.4058
25958.67,25.17,13.4058
25959.67,25.29,13.4058
25960.67,25.84,13.4058
25961.67,28.85,13.406
25962.67,25.32,13.4059
25963.68,25.18,13.4059
25964.68,29.01,13.406
25965.68,25.18,13.406
25966.68,25.18,13.406
25967.68,25.29,13.406
25968.68,29.07,13.4062
25969.69,25.2,13.4062
25970.69,25.28,13.4062
25971.69,25.19,13.4062
25972.69,29.89,13.4062
25973.69,25.18,13.4062
25974.69,25.28,13.4062
25975.7,29.53,13.4062
25976.7,25.17,13.4062
25977.7,25.28,13.4063
25978.7,25.17,13.4063
25979.7,25.27,13.4063
25980.7,30.17,13.4063
25981.71,25.19,13.4063
25982.71,25.31,13.4063
25983.71,25.21,13.4063
25984.71,29.76,13.4063
25985.71,25.28,13.4064
25986.71,25.19,13.4064
25987.71,25.29,13.4064
25988.72,25.18,13.4064
25989.72,29.11,13.4065
25990.72,25.27,13.4065
25991.72,25.15,13.4065
25992.72,25.27,13.4067
25993.72,25.15,13.4067
25994.73,28.91,13.4067
25995.73,25.15,13.4067
25996.73,25.16,13.4067
25997.73,25.29,13.4067
25998.73,25.18,13.4067
25999.73,29.02,13.4067
26000.74,25.12,13.4067
26001.74,25.15,13.4067
26002.74,25.28,13.4068
26003.74,25.12,13.4068
26004.74,25.22,13.4068
26005.74,28.71,13.4068
26006.75,25.22,13.4068
26007.75,25.14,13.4068
26008.75,25.12,13.4068
26009.75,25.24,13.4068
26010.75,25.19,13.4068
26011.75,28.91,13.4068
26012.76,25.14,13.4069
26013.76,25.11,13.4069
26014.76,25.21,13.4069
26015.76,25.12,13.4069
26016.76,25.28,13.4069
26017.76,25.17,13.4069
26018.77,28.87,13.407
26019.77,25.21,13.407
26020.77,25.11,13.407
26021.77,25.21,13.407
26022.77,25.13,13.4071
26023.77,25.11,13.4071
26024.78,25.26,13.4071
26025.78,25.19,13.4071
26026.78,29.11,13.4073
26027.78,25.19,13.4073
26028.78,25.16,13.4073
26029.78,25.24,13.4073
26030.78,25.12,13.4073
26031.79,25.12,13.4073
26032.79,30.59,13.4074
26033.79,25.17,13.4074
26034.79,25.18,13.4074
26035.79,25.23,13.4074
26036.79,25.12,13.4074
26037.79,25.24,13.4074
26038.8,25.18,13.4074
26039.8,25.19,13.4074
26040.8,30.7,13.4074
26041.8,25.12,13.4074
26042.8,25.31,13.4074
26043.8,25.2,13.4074
26044.8,25.19,13.4074
26045.81,25.29,13.4074
26046.81,25.18,13.4074
26047.81,29.87,13.4076
26048.81,25.27,13.4076
26049.81,25.19,13.4076
26050.81,25.28,13.4076
26051.82,25.19,13.4076
26052.82,25.31,13.4076
26053.82,25.19,13.4076
26054.82,25.19,13.4076
26055.82,27.38,13.4076
26056.82,26.83,13.4078
26057.83,25.3,13.4079
26058.83,25.18,13.4079
26059.83,25.19,13.4079
26060.83,25.29,13.4079
26061.83,25.18,13.4079
26062.83,25.31,13.4079
26063.84,28.86,13.4079
26064.84,25.27,13.4079
26065.84,25.15,13.4079
26066.84,25.16,13.4079
26067.84,25.27,13.4079
26068.84,25.17,13.4079
26069.85,25.28,13.4079
26070.85,25.19,13.4079
26071.85,25.18,13.4079
26072.85,28.94,13.4081
26073.85,25.18,13.4081
26074.85,25.27,13.4081
26075.86,25.15,13.4081
26076.86,25.23,13.4081
26077.86,25.13,13.4081
26078.86,25.12,13.4081
26079.86,25.23,13.4081
26080.86,28.91,13.4081
26081.87,25.29,13.4081
26082.87,25.21,13.4082
26083.87,25.28,13.4082
26084.87,25.17,13.4082
26085.87,25.16,13.4082
26086.87,25.24,13.4082
26087.88,25.14,13.4082
26088.88,28.99,13.4084
26089.88,25.19,13.4084
26090.88,25.19,13.4084
26091.88,25.28,13.4084
26092.88,25.23,13.4085
26093.89,25.28,13.4085
26094.89,25.18,13.4085
26095.89,25.29,13.4085
26096.89,25.18,13.4085
26097.89,30.44,13.4085
26098.9,25.28,13.4085
26099.9,25.18,13.4085
26100.9,25.29,13.4085
26101.9,25.19,13.4085
26102.9,25.43,13.4086
26103.9,25.28,13.4086
26104.91,25.18,13.4086
26105.91,25.28,13.4086
26106.91,31.26,13.4087
26107.91,25.29,13.4088
26108.91,25.19,13.4088
26109.91,25.2,13.4088
26110.92,25.29,13.4088
26111.92,25.14,13.4088
26112.92,25.25,13.4088
26113.92,25.12,13.4088
26114.92,25.23,13.4088
26115.92,29.44,13.4088
26116.93,25.19,13.4088
26117.93,25.4,13.409
26118.93,25.19,13.409
26119.93,25.19,13.409
26120.93,25.32,13.409
26121.93,25.19,13.409
26122.93,25.22,13.409
26123.94,28.86,13.4091
26124.94,25.2,13.4091
26125.94,25.3,13.4091
26126.94,25.2,13.4091
26127.94,25.2,13.4091
26128.94,25.29,13.4091
26129.95,25.17,13.4091
26130.95,25.28,13.4091
26131.95,25.19,13.4091
26132.95,29.02,13.4092
26133.95,25.19,13.4092
26134.95,25.21,13.4092
26135.95,25.3,13.4092
26136.96,25.19,13.4092
26137.96,25.22,13.4092
26138.96,25.3,13.4092
26139.96,25.19,13.4092
26140.96,25.19,13.4092
26141.96,25.28,13.4092
26142.96,28.78,13.4096
26143.97,25.29,13.4096
26144.97,25.18,13.4096
26145.97,25.18,13.4096
26146.97,25.28,13.4097
26147.97,25.19,13.4097
26148.97,25.29,13.4097
26149.98,25.18,13.4097
26150.98,25.19,13.4097
26151.98,25.29,13.4097
26152.98,28.9,13.4097
26153.98,25.27,13.4097
26154.98,25.17,13.4097
26155.99,25.19,13.4097
26156.99,25.29,13.4097
26157.99,25.19,13.4098
26158.99,25.28,13.4098
26159.99,25.19,13.4098
26160.99,25.29,13.4098
26162.0,25.3,13.4098
26163.0,30.19,13.41
26164.0,25.28,13.41
26165.0,25.18,13.41
26166.0,25.29,13.41
26167.0,25.19,13.41
26168.01,25.21,13.41
26169.01,25.28,13.41
26170.01,25.19,13.41
26171.01,25.26,13.41
26172.01,31.22,13.41
26173.01,25.21,13.4101
26174.02,25.28,13.4101
26175.02,25.18,13.4101
26176.02,25.29,13.4101
26177.02,25.19,13.4101
26178.02,25.19,13.4101
26179.02,25.29,13.4101
26180.02,25.18,13.4101
26181.03,25.29,13.4101
26182.03,29.87,13.4102
26183.03,25.21,13.4102
26184.03,25.28,13.4102
26185.03,25.18,13.4102
26186.03,25.28,13.4102
26187.04,25.19,13.4102
26188.04,25.19,13.4103
26189.04,25.28,13.4103
26190.04,25.19,13.4103
26191.04,29.19,13.4103
26192.04,25.18,13.4103
26193.05,25.21,13.4103
26194.05,25.29,13.4103
26195.05,25.19,13.4103
26196.05,25.29,13.4103
26197.05,25.18,13.4103
26198.05,25.19,13.4103
26199.06,25.28,13.4103
26200.06,25.19,13.4103
26201.06,28.96,13.4103
26202.06,25.18,13.4103
26203.06,25.21,13.4104
26204.06,25.28,13.4104
26205.07,25.18,13.4104
26206.07,25.29,13.4104
26207.07,25.19,13.4104
26208.07,25.3,13.4104
26209.07,25.18,13.4104
26210.07,25.18,13.4104
26211.07,25.31,13.4104
26212.08,28.89,13.4106
26213.08,25.21,13.4107
26214.08,25.23,13.4107
26215.08,25.19,13.4107
26216.08,25.26,13.4107
26217.08,25.14,13.4107
26218.09,25.19,13.4107
26219.09,25.3,13.4107
26220.09,25.18,13.4107
26221.09,25.29,13.4107
26222.09,28.92,13.4107
26223.09,25.22,13.4108
26224.1,25.27,13.4108
26225.1,25.2,13.4108
26226.1,25.29,13.4108
26227.1,25.18,13.4108
26228.1,25.2,13.4108
26229.1,25.28,13.4108
26230.1,25.2,13.4108
26231.11,25.29,13.4108
26232.11,30.62,13.411
26233.11,25.2,13.4112
26234.11,25.27,13.4112
26235.11,25.17,13.4112
26236.11,25.28,13.4112
26237.12,25.17,13.4112
26238.12,25.18,13.4112
26239.12,25.27,13.4112
26240.12,25.17,13.4112
26241.12,25.28,13.4112
26242.12,25.19,13.4112
26243.13,31.54,13.4112
26244.13,25.19,13.4112
26245.13,25.19,13.4112
26246.13,25.28,13.4112
26247.13,25.19,13.4112
26248.13,25.3,13.4113
26249.14,25.18,13.4113
26250.14,25.2,13.4113
26251.14,25.28,13.4113
26252.14,25.19,13.4113
26253.14,29.22,13.4114
26254.14,25.28,13.4114
26255.15,25.16,13.4114
26256.15,25.24,13.4114
26257.15,25.12,13.4114
26258.15,25.15,13.4115
26259.15,25.22,13.4115
26260.15,25.14,13.4115
26261.15,25.12,13.4115
26262.15,28.4,13.4115
26263.16,25.65,13.4115
26264.16,25.18,13.4115
26265.16,25.27,13.4115
26266.16,25.15,13.4115
26267.16,25.15,13.4115
26268.16,25.26,13.4115
26269.16,25.17,13.4115
26270.17,25.28,13.4115
26271.17,25.19,13.4115
26272.17,25.2,13.4117
26273.17,29.02,13.4119
26274.17,25.19,13.4119
26275.17,25.29,13.4119
26276.18,25.19,13.4119
26277.18,25.3,13.4119
26278.18,25.16,13.4119
26279.18,25.18,13.4119
26280.18,25.29,13.4119
26281.18,25.19,13.4119
26282.19,25.29,13.4119
26283.19,25.19,13.412
26284.19,28.93,13.412
26285.19,25.3,13.412
26286.19,25.19,13.412
26287.19,25.21,13.412
26288.19,25.3,13.412
26289.2,25.18,13.412
26290.2,25.12,13.412
26291.2,25.25,13.412
26292.2,25.2,13.412
26293.2,25.31,13.4122
26294.2,29.44,13.4123
26295.21,25.18,13.4123
26296.21,25.28,13.4123
26297.21,25.19,13.4123
26298.21,25.29,13.4123
26299.21,25.18,13.4123
26300.21,25.21,13.4123
26301.21,25.29,13.4123
26302.22,25.2,13.4123
26303.22,31.19,13.4125
26304.22,25.28,13.4125
26305.22,25.18,13.4125
26306.22,25.29,13.4125
26307.22,25.2,13.4125
26308.23,25.19,13.4125
26309.23,25.31,13.4125
26310.23,25.18,13.4125
26311.23,25.19,13.4125
26312.23,25.29,13.4125
26313.23,30.59,13.4126
26314.23,25.2,13.4126
26315.24,25.28,13.4126
26316.24,25.18,13.4126
26317.24,25.44,13.4126
26318.24,25.11,13.4126
26319.24,25.18,13.4126
26320.24,25.28,13.4126
26321.24,25.19,13.4126
26322.25,25.3,13.4126
26323.25,26.13,13.4126
26324.25,27.89,13.4128
26325.25,25.28,13.4128
26326.25,25.2,13.4128
26327.25,25.26,13.4129
26328.26,25.12,13.4129
26329.26,25.12,13.4129
26330.26,25.22,13.4129
26331.26,25.16,13.4129
26332.26,25.29,13.4129
26333.26,28.97,13.4129
26334.27,25.16,13.4129
26335.27,25.28,13.4129
26336.27,25.19,13.4129
26337.27,25.3,13.413
26338.27,25.2,13.413
26339.27,25.18,13.413
26340.28,25.29,13.413
26341.28,25.18,13.413
26342.28,25.29,13.413
26343.28,25.17,13.413
26344.28,26.85,13.413
26345.28,27.17,13.4131
26346.29,25.19,13.4131
26347.29,25.29,13.4131
26348.29,25.19,13.4131
26349.29,25.29,13.4131
26350.29,25.19,13.4131
26351.29,25.18,13.4131
26352.3,25.29,13.4132
26353.3,25.21,13.4132
26354.3,25.16,13.4132
26355.3,25.22,13.4132
26356.3,28.78,13.4132
26357.3,25.31,13.4132
26358.3,25.19,13.4132
26359.31,25.18,13.4132
26360.31,25.29,13.4132
26361.31,25.19,13.4134
26362.31,25.29,13.4134
26363.31,25.2,13.4134
26364.31,25.18,13.4134
26365.32,25.29,13.4134
26366.32,30.27,13.4135
26367.32,25.3,13.4135
26368.32,25.18,13.4135
26369.32,25.29,13.4135
26370.32,25.19,13.4135
26371.33,25.19,13.4135
26372.33,25.29,13.4135
26373.33,25.2,13.4136
26374.33,25.29,13.4136
26375.33,25.18,13.4136
26376.33,25.18,13.4136
26377.34,31.75,13.4136
26378.34,25.18,13.4136
26379.34,25.29,13.4136
26380.34,25.17,13.4136
26381.34,25.29,13.4136
26382.34,25.19,13.4136
26383.34,25.21,13.4136
26384.35,25.28,13.4136
26385.35,25.18,13.4136
26386.35,25.19,13.4136
26387.35,29.27,13.4136
26388.35,25.18,13.4136
26389.35,25.28,13.4136
26390.36,25.19,13.4136
26391.36,25.29,13.4136
26392.36,25.2,13.4136
26393.36,25.2,13.4136
26394.36,25.29,13.4136
26395.36,25.19,13.4136
26396.37,25.29,13.4136
26397.37,28.79,13.4137
26398.37,25.19,13.4137
26399.37,25.29,13.4137
26400.37,25.18,13.4137
26401.37,25.28,13.4137
26402.38,25.19,13.4137
26403.38,25.3,13.4139
26404.38,25.17,13.4139
26405.38,25.18,13.4139
26406.38,25.28,13.4139
26407.38,25.2,13.4139
26408.39,28.9,13.4139
26409.39,25.19,13.4139
26410.39,25.29,13.4139
26411.39,25.18,13.4139
26412.39,25.2,13.4139
26413.39,25.3,13.4139
26414.4,25.18,13.414
26415.4,25.29,13.414
26416.4,25.19,13.414
26417.4,25.2,13.414
26418.4,25.28,13.414
26419.41,28.87,13.414
26420.41,25.31,13.414
26421.41,25.18,13.414
26422.41,25.2,13.414
26423.41,25.3,13.414
26424.41,25.19,13.414
26425.41,25.29,13.414
26426.42,25.19,13.414
26427.42,25.19,13.414
26428.42,25.28,13.414
26429.42,29.64,13.4141
26430.42,25.29,13.4141
26431.42,25.19,13.4141
26432.43,25.19,13.4142
26433.43,25.29,13.4143
26434.43,25.18,13.4143
26435.43,25.29,13.4143
26436.43,25.19,13.4143
26437.43,25.29,13.4143
26438.44,25.18,13.4143
26439.44,25.19,13.4145
26440.44,31.33,13.4147
26441.44,25.18,13.4147
26442.44,25.29,13.4147
26443.44,25.19,13.4147
26444.45,25.28,13.4147
26445.45,25.18,13.4147
26446.45,25.19,13.4147
26447.45,25.29,13.4147
26448.45,25.2,13.4147
26449.45,25.28,13.4147
26450.46,30.21,13.4148
26451.46,25.14,13.4148
26452.46,25.29,13.4148
26453.46,25.2,13.4148
26454.46,25.28,13.4148
26455.46,25.19,13.4148
26456.47,25.25,13.4148
26457.47,25.14,13.4149
26458.47,25.12,13.4149
26459.47,25.22,13.4149
26460.47,25.12,13.4149
26461.47,28.86,13.4151
26462.48,25.19,13.4151
26463.48,25.19,13.4151
26464.48,25.28,13.4151
26465.48,25.18,13.4151
26466.48,25.2,13.4151
26467.48,25.29,13.4151
26468.49,25.18,13.4151
26469.49,25.29,13.4151
26470.49,25.19,13.4151
26471.49,29.0,13.4152
26472.49,25.19,13.4151
26473.49,25.2,13.4151
26474.5,25.29,13.4151
26475.5,25.19,13.4151
26476.5,25.3,13.4151
26477.5,25.2,13.4151
26478.5,25.19,13.4151
26479.5,25.29,13.4151
26480.51,25.19,13.4151
26481.51,25.29,13.4151
26482.51,28.95,13.4152
26483.51,25.3,13.4154
26484.51,25.19,13.4154
26485.51,25.19,13.4154
26486.52,25.28,13.4154
26487.52,25.19,13.4154
26488.52,25.28,13.4154
26489.52,25.18,13.4154
26490.52,25.18,13.4154
26491.52,25.29,13.4154
26492.53,25.19,13.4154
26493.53,28.99,13.4155
26494.53,25.18,13.4155
26495.53,25.25,13.4155
26496.53,25.12,13.4155
26497.53,25.13,13.4154
26498.54,25.24,13.4154
26499.54,25.12,13.4154
26500.54,25.22,13.4154
26501.54,25.13,13.4154
26502.54,25.24,13.4154
26503.54,31.06,13.4157
26504.55,25.19,13.4157
26505.55,25.28,13.4157
26506.55,25.16,13.4157
26507.55,25.18,13.4158
26508.55,25.24,13.4158
26509.55,25.13,13.4158
26510.55,25.23,13.4158
26511.56,25.17,13.4158
26512.56,25.2,13.4158
26513.56,25.3,13.4158
26514.56,31.11,13.4159
26515.56,25.29,13.4159
26516.56,25.17,13.4159
26517.57,25.29,13.4159
26518.57,25.18,13.4159
26519.57,25.18,13.4159
26520.57,25.29,13.4159
26521.57,25.19,13.4159
26522.57,25.29,13.416
26523.58,25.11,13.416
26524.58,29.0,13.4163
26525.58,25.29,13.4163
26526.58,25.18,13.4163
26527.58,25.29,13.4163
26528.58,25.18,13.4163
26529.59,25.19,13.4163
26530.59,25.28,13.4163
26531.59,25.18,13.4163
26532.59,25.31,13.4163
26533.59,25.18,13.4163
26534.59,28.87,13.4163
26535.59,25.2,13.4163
26536.6,25.14,13.4163
26537.6,25.24,13.4164
26538.6,25.12,13.4164
26539.6,25.25,13.4164
26540.6,25.2,13.4164
26541.61,25.19,13.4164
26542.61,25.31,13.4164
26543.61,25.14,13.4164
26544.61,25.22,13.4164
26545.61,25.17,13.4164
26546.61,28.77,13.4164
26547.62,25.29,13.4164
26548.62,25.19,13.4164
26549.62,25.28,13.4164
26550.62,25.21,13.4164
26551.62,25.17,13.4164
26552.62,25.28,13.4165
26553.62,25.19,13.4165
26554.63,25.29,13.4165
26555.63,25.19,13.4165
26556.63,25.2,13.4165
26557.63,29.05,13.4168
26558.63,25.18,13.4168
26559.63,25.29,13.4168
26560.64,25.12,13.4168
26561.64,25.23,13.4168
26562.64,25.18,13.4169
26563.64,25.2,13.4169
26564.64,25.28,13.4169
26565.64,25.18,13.4169
26566.65,25.16,13.4169
26567.65,25.28,13.4169
26568.65,30.67,13.4169
26569.65,25.29,13.4169
26570.65,25.18,13.4169
26571.65,25.29,13.4169
26572.66,25.22,13.417
26573.66,25.17,13.417
26574.66,25.27,13.417
26575.66,25.16,13.417
26576.66,25.29,13.417
26577.66,25.21,13.4171
26578.67,25.2,13.4171
26579.67,31.44,13.4171
26580.67,25.19,13.4171
26581.67,25.3,13.4171
26582.67,25.2,13.4171
26583.67,25.18,13.4171
26584.68,25.28,13.4171
26585.68,25.19,13.4171
26586.68,25.3,13.4171
26587.68,25.21,13.4171
26588.68,25.2,13.4171
26589.68,25.31,13.4171
26590.69,29.14,13.4171
26591.69,25.26,13.4171
26592.69,25.22,13.4174
26593.69,25.19,13.4174
26594.69,25.29,13.4174
26595.69,25.2,13.4174
26596.69,25.3,13.4174
26597.7,25.21,13.4174
26598.7,25.21,13.4174
26599.7,25.31,13.4174
26600.7,28.89,13.4174
26601.7,25.29,13.4174
26602.7,25.22,13.4174
26603.71,25.29,13.4174
26604.71,25.2,13.4174
26605.71,25.12,13.4174
26606.71,25.22,13.4174
26607.71,25.13,13.4175
26608.71,25.22,13.4175
26609.72,25.12,13.4175
26610.72,25.22,13.4175
26611.72,28.85,13.4175
26612.72,25.15,13.4175
26613.72,25.22,13.4175
26614.72,25.12,13.4175
26615.73,25.22,13.4175
26616.73,25.13,13.4175
26617.73,25.24,13.4175
26618.73,25.12,13.4175
26619.73,25.13,13.4175
26620.74,25.22,13.4175
26621.74,25.15,13.4175
26622.74,29.03,13.4178
26623.74,25.19,13.4178
26624.74,25.19,13.4178
26625.74,25.3,13.4178
26626.75,25.2,13.4178
26627.75,25.32,13.4178
26628.75,25.21,13.4178
26629.75,25.31,13.4178
26630.75,25.2,13.4178
26631.75,25.2,13.4178
26632.76,25.38,13.4178
26633.76,30.12,13.4178
26634.76,25.22,13.4178
26635.76,25.13,13.4178
26636.76,25.23,13.4178
26637.76,25.13,13.418
26638.77,25.15,13.418
26639.77,25.3,13.418
26640.77,25.21,13.418
26641.77,25.3,13.418
26642.77,25.23,13.4181
26643.77,25.2,13.4181
26644.78,31.7,13.4181
26645.78,25.21,13.4181
26646.78,25.32,13.4181
26647.78,25.19,13.4181
26648.78,25.2,13.4181
26649.78,25.31,13.4181
26650.78,25.2,13.4181
26651.79,25.3,13.4181
26652.79,25.23,13.4182
26653.79,25.3,13.4182
26654.79,25.19,13.4182
26655.79,29.57,13.4182
26656.8,25.3,13.4182
26657.8,25.21,13.4183
26658.8,25.3,13.4183
26659.8,25.2,13.4183
26660.8,25.19,13.4183
26661.8,25.29,13.4183
26662.81,25.21,13.4183
26663.81,25.29,13.4183
26664.81,25.19,13.4183
26665.81,29.04,13.4183
26666.81,25.18,13.4183
26667.81,25.19,13.4184
26668.82,25.29,13.4184
26669.82,25.18,13.4184
26670.82,25.28,13.4184
26671.82,25.16,13.4184
26672.82,25.25,13.4184
26673.82,25.13,13.4184
26674.83,25.12,13.4184
26675.83,25.23,13.4184
26676.83,28.93,13.4186
26677.83,25.29,13.4186
26678.83,25.19,13.4186
26679.83,25.19,13.4186
26680.84,25.29,13.4186
26681.84,25.18,13.4186
26682.84,25.31,13.4186
26683.84,25.19,13.4186
26684.84,25.29,13.4186
26685.84,25.18,13.4186
26686.85,25.19,13.4186
26687.85,29.03,13.4188
26688.85,25.19,13.4188
26689.85,25.28,13.4188
26690.85,25.18,13.4188
26691.85,25.28,13.4188
26692.86,25.2,13.4188
26693.86,25.12,13.4188
26694.86,25.2,13.4188
26695.86,25.1,13.4188
26696.86,25.21,13.4188
26697.86,25.13,13.4188
26698.87,29.37,13.4193
26699.87,25.28,13.4193
26700.87,25.18,13.4193
26701.87,25.29,13.4193
26702.87,25.21,13.4194
26703.87,25.28,13.4194
26704.88,25.18,13.4194
26705.88,25.18,13.4194
26706.88,25.29,13.4194
26707.88,25.19,13.4195
26708.88,31.78,13.4197
26709.88,25.19,13.4197
26710.89,25.18,13.4197
26711.89,25.28,13.4197
26712.89,25.21,13.4198
26713.89,25.28,13.4198
26714.89,25.19,13.4198
26715.89,25.28,13.4198
26716.9,25.19,13.4198
26717.9,25.21,13.4198
26718.9,25.3,13.4198
26719.9,30.31,13.4198
26720.9,25.18,13.4198
26721.9,25.27,13.4198
26722.9,25.21,13.4199
26723.91,25.3,13.4199
26724.91,25.19,13.4199
26725.91,25.19,13.4199
26726.91,25.28,13.4199
26727.91,25.18,13.4199
26728.91,25.23,13.4199
26729.92,25.14,13.4199
26730.92,28.93,13.4199
26731.92,25.27,13.4199
26732.92,25.2,13.4199
26733.92,25.28,13.4199
26734.92,25.17,13.4199
26735.93,25.22,13.4199
26736.93,25.11,13.4199
26737.93,25.13,13.42
26738.93,25.23,13.42
26739.93,25.14,13.42
26740.93,25.23,13.42
26741.94,28.81,13.4202
26742.94,25.29,13.4202
26743.94,25.17,13.4202
26744.94,25.21,13.4202
26745.94,25.29,13.4202
26746.94,25.19,13.4202
26747.95,25.19,13.4202
26748.95,25.29,13.4201
26749.95,25.18,13.4201
26750.95,25.29,13.4201
26751.95,25.19,13.4201
26752.95,28.9,13.4205
26753.96,25.16,13.4204
26754.96,25.17,13.4204
26755.96,25.28,13.4204
26756.96,25.2,13.4204
26757.96,25.19,13.4204
26758.96,25.28,13.4204
26759.97,25.18,13.4204
26760.97,25.28,13.4204
26761.97,25.19,13.4204
26762.97,25.31,13.4204
26763.97,28.93,13.4206
26764.97,25.17,13.4206
26765.98,25.25,13.4206
26766.98,25.19,13.4206
26767.98,25.3,13.4206
26768.98,25.16,13.4206
26769.98,25.13,13.4206
26770.98,25.27,13.4206
26771.99,25.18,13.4206
26772.99,25.32,13.4206
26773.99,25.2,13.4207
26774.99,31.36,13.4207
26775.99,25.28,13.4207
26776.99,25.19,13.4207
26777.99,25.3,13.4207
26779.0,25.19,13.4207
26780.0,25.3,13.4207
26781.0,25.18,13.4207
26782.0,25.19,13.4207
26783.0,25.32,13.4207
26784.0,25.19,13.4207
26785.01,25.29,13.4207
26786.01,30.97,13.4208
26787.01,25.19,13.4208
26788.01,25.3,13.4209
26789.01,25.18,13.4209
26790.01,25.29,13.4209
26791.02,25.19,13.4209
26792.02,25.3,13.4209
26793.02,25.22,13.4209
26794.02,25.19,13.4209
26795.02,25.3,13.4209
26796.02,28.96,13.4211
26797.03,25.29,13.4211
26798.03,25.2,13.4211
26799.03,25.22,13.4211
26800.03,25.32,13.4211
26801.03,25.2,13.4211
26802.03,25.21,13.4211
26803.04,25.45,13.4211
26804.04,25.2,13.4211
26805.04,25.3,13.4211
26806.04,25.16,13.4211
26807.04,28.9,13.4211
26808.04,25.2,13.4212
26809.05,25.19,13.4212
26810.05,25.32,13.4212
26811.05,25.19,13.4212
26812.05,25.2,13.4212
26813.05,25.32,13.4213
26814.05,25.19,13.4213
26815.05,25.3,13.4213
26816.06,25.19,13.4213
26817.06,25.2,13.4213
26818.06,29.07,13.4214
26819.06,25.21,13.4214
26820.06,25.31,13.4215
26821.06,25.21,13.4215
26822.07,25.21,13.4215
26823.07,25.71,13.4217
26824.07,25.22,13.4217
26825.07,25.19,13.4217
26826.07,25.3,13.4217
26827.07,25.22,13.4217
26828.07,25.29,13.4217
26829.08,28.97,13.4217
26830.08,25.18,13.4217
26831.08,25.28,13.4217
26832.08,25.18,13.4217
26833.08,25.32,13.4218
26834.08,25.23,13.4218
26835.08,25.21,13.4218
26836.09,25.31,13.4218
26837.09,25.21,13.4218
26838.09,25.22,13.4218
26839.09,25.29,13.4218
26840.09,30.74,13.4218
26841.09,25.31,13.4218
26842.1,25.22,13.4218
26843.1,25.32,13.4218
26844.1,25.2,13.4218
26845.1,25.19,13.4218
26846.1,25.32,13.4218
26847.1,25.21,13.4218
26848.11,25.23,13.4219
26849.11,25.29,13.4219
26850.11,30.81,13.4219
26851.11,25.92,13.422
26852.11,25.19,13.422
26853.11,25.15,13.422
26854.12,25.28,13.422
26855.12,25.21,13.422
26856.12,25.32,13.422
26857.12,25.21,13.422
26858.12,25.21,13.4221
26859.12,25.3,13.4221
26860.13,25.25,13.4221
26861.13,29.29,13.4223
26862.13,25.22,13.4223
26863.13,26.03,13.4223
26864.13,25.22,13.4222
26865.13,25.12,13.4222
26866.13,25.13,13.4222
26867.14,25.23,13.4222
26868.14,25.15,13.4222
26869.14,25.3,13.4222
26870.14,25.2,13.4222
26871.14,25.2,13.4222
26872.14,28.88,13.4223
26873.14,25.22,13.4224
26874.15,25.3,13.4224
26875.15,25.23,13.4224
26876.15,25.21,13.4224
26877.15,25.31,13.4224
26878.15,26.19,13.4224
26879.15,25.29,13.4224
26880.16,25.19,13.4224
26881.16,25.19,13.4224
26882.16,25.32,13.4224
26883.16,31.91,13.4226
26884.16,25.2,13.4226
26885.16,25.3,13.4226
26886.16,25.2,13.4226
26887.17,25.35,13.4226
26888.17,26.07,13.4226
26889.17,25.17,13.4226
26890.17,25.31,13.4226
26891.17,25.19,13.4226
26892.17,25.18,13.4226
26893.17,25.24,13.4226
26894.18,28.89,13.4227
26895.18,25.19,13.4227
26896.18,25.3,13.4227
26897.18,25.17,13.4228
26898.18,25.23,13.4228
26899.18,25.13,13.4228
26900.19,25.13,13.4228
26901.19,25.24,13.423
26902.19,25.15,13.423
26903.19,25.25,13.423
26904.19,30.34,13.423
26905.19,25.18,13.423
26906.2,25.3,13.423
26907.2,25.2,13.4231
26908.2,25.28,13.4231
26909.2,25.16,13.4231
26910.2,25.31,13.4231
26911.2,25.19,13.4231
26912.21,25.19,13.4231
26913.21,25.3,13.4231
26914.21,25.19,13.4231
26915.21,31.3,13.4231
26916.21,25.19,13.4231
26917.21,25.3,13.4231
26918.22,25.19,13.4231
26919.22,25.2,13.4231
26920.22,25.32,13.4231
26921.22,25.21,13.4231
26922.22,25.21,13.4232
26923.22,25.32,13.4232
26924.22,25.2,13.4232
26925.23,29.69,13.4233
26926.23,25.21,13.4233
26927.23,25.22,13.4233
26928.23,25.31,13.4233
26929.23,25.2,13.4233
26930.23,25.3,13.4233
26931.24,25.14,13.4233
26932.24,25.27,13.4234
26933.24,25.2,13.4234
26934.24,25.2,13.4234
26935.24,26.18,13.4234
26936.24,30.31,12.7456
26937.25,84.32,2.6514
26938.25,77.94,2.9733
26939.25,81.67,3.2456
26940.25,91.54,3.4331
26941.25,79.29,3.7519
26942.25,80.52,4.0026
26943.25,78.25,4.268
26944.26,76.97,4.56
26945.26,76.85,4.7891
26946.26,78.34,4.9862
26947.26,76.0,5.1939
26948.26,77.29,5.3785
26949.26,77.09,5.5559
26950.26,74.7,5.7586
26951.27,72.27,6.1499
26952.27,52.37,6.9736
26953.27,72.2,8.124
26954.27,100.2,8.9304
26955.27,41.67,9.1496
26956.27,25.2,9.2498
26957.27,30.54,9.25
26958.28,71.33,9.25
26959.28,77.29,9.2502
26960.28,75.3,9.2503
26961.28,64.51,9.2503
26962.28,35.39,9.2503
26963.28,31.47,9.2503
26964.29,28.42,9.2503
26965.29,31.05,9.2503
26966.29,34.19,9.2503
26967.29,42.99,9.2503
26968.29,54.5,9.2507
26969.29,26.15,9.2507
26970.3,35.34,9.2507
26971.3,27.68,9.2507
26972.3,26.38,9.2507
26973.3,26.0,9.2508
26974.3,25.92,9.2508
26975.3,29.28,9.2509
26976.31,39.29,9.4243
26977.31,100.2,10.4094
26978.31,99.9,11.0711
26979.31,99.88,11.7448
26980.31,100.13,12.3614
26981.31,35.3,12.3805
26982.31,30.8,12.4096
26983.31,25.69,12.4096
26984.32,32.93,12.4096
26985.32,35.13,12.4096
26986.32,27.41,12.4096
26987.32,25.24,12.4096
26988.32,26.51,12.4096
26989.33,26.31,12.4096
26990.33,29.42,12.4096
26991.33,25.2,12.4096
26992.33,25.7,12.4096
26993.33,25.23,12.4097
26994.33,25.56,12.4097
26995.34,29.2,12.4097
26996.34,25.18,12.4097
26997.34,26.02,12.4096
26998.34,25.12,12.4096
26999.34,25.67,12.4096
27000.34,26.24,12.4096
27001.35,27.77,12.4096
27002.35,25.36,12.4096
27003.35,31.88,12.4096
27004.35,25.85,12.4096
27005.35,28.86,12.4096
27006.35,25.22,12.4096
27007.36,25.34,12.4098
27008.36,25.88,12.4098
27009.36,35.37,12.4098
27010.36,28.59,12.4098
27011.36,25.19,12.4098
27012.36,25.27,12.4098
27013.37,27.32,12.4098
27014.37,33.28,12.4098
27015.37,31.56,12.4098
27016.37,25.14,12.4098
27017.37,26.1,12.4098
27018.37,25.74,12.4098
27019.37,27.32,12.4098
27020.38,25.21,12.4098
27021.38,25.2,12.4098
27022.38,25.34,12.4099
27023.38,25.22,12.4099
27024.38,26.88,12.4099
27025.38,25.35,12.4099
27026.39,25.89,12.4099
27027.39,26.08,12.4099
27028.39,25.19,12.4099
27029.39,25.35,12.4099
27030.39,25.22,12.4099
27031.39,25.34,12.4099
27032.4,25.21,12.4099
27033.4,25.17,12.41
27034.4,25.52,12.41
27035.4,25.22,12.41
27036.4,25.31,12.41
27037.4,25.23,12.41
27038.41,25.33,12.41
27039.41,25.4,12.41
27040.41,25.31,12.41
27041.41,25.35,12.41
27042.41,25.22,12.41
27043.41,25.33,12.4101
27044.42,25.22,12.4101
27045.42,25.29,12.41
27046.42,25.99,12.41
27047.42,25.18,12.4101
27048.42,25.11,12.4101
27049.42,26.84,12.4101
27050.42,25.27,12.4101
27051.43,25.41,12.4101
27052.43,29.11,12.4101
27053.43,25.2,12.4101
27054.43,25.29,12.4101
27055.43,25.2,12.4101
27056.43,25.3,12.4101
27057.44,25.15,12.4102
27058.44,25.28,12.4102
27059.44,29.54,12.4102
27060.44,25.6,12.4102
27061.44,25.36,12.4102
27062.44,25.39,12.4102
27063.45,25.51,12.4102
27064.45,25.29,12.4102
27065.45,25.19,12.4102
27066.45,26.48,12.4102
27067.45,27.15,12.4104
27068.45,25.2,12.4104
27069.45,25.36,12.4104
27070.46,25.21,12.4104
27071.46,25.38,12.4104
27072.46,25.22,12.4104
27073.46,25.22,12.4104
27074.46,66.64,12.4107
27075.46,99.87,12.5233
27076.46,48.83,12.5233
27077.47,25.31,12.5233
27078.47,25.2,12.5233
27079.47,25.18,12.5233
27080.47,25.27,12.5233
27081.47,25.14,12.5233
27082.47,25.25,12.5233
27083.48,25.15,12.5233
27084.48,25.14,12.5233
27085.48,25.23,12.5233
27086.48,25.67,12.5233
27087.48,25.49,12.5234
27088.48,25.19,12.5234
27089.49,25.22,12.5234
27090.49,25.31,12.5234
27091.49,25.25,12.5234
27092.49,25.36,12.5234
27093.49,42.03,12.5235
27094.49,62.09,12.5239
27095.5,75.24,12.5382
27096.5,75.12,12.594
27097.5,75.77,12.6054
27098.5,62.33,12.6147
27099.5,31.31,12.615
27100.5,26.33,12.615
27101.5,36.82,12.6156
27102.51,100.18,12.6244
27103.51,54.86,12.6261
27104.51,25.17,12.6261
27105.51,25.29,12.6261
27106.51,25.21,12.6261
27107.51,25.33,12.6262
27108.52,25.21,12.6262
27109.52,25.21,12.6262
27110.52,25.31,12.6262
27111.52,78.34,12.6338
27112.52,99.97,12.6342
27113.52,25.95,12.6344
27114.53,25.52,12.6344
27115.53,28.93,12.6344
27116.53,49.18,12.6344
27117.53,26.22,12.6344
27118.53,25.2,12.6344
27119.53,25.19,12.6344
27120.53,25.3,12.6344
27121.54,99.27,12.6344
27122.54,70.7,12.6344
27123.54,25.23,12.6345
27124.54,25.17,12.6345
27125.54,25.22,12.6345
27126.54,88.84,13.3123
27127.55,85.36,13.3388
27128.55,25.23,13.3388
27129.55,25.11,13.3388
27130.55,25.21,13.3388
27131.55,40.82,13.472
27132.55,25.28,13.472
27133.56,25.27,13.472
27134.56,25.11,13.472
27135.56,28.89,13.4722
27136.56,25.13,13.4722
27137.56,25.25,13.4723
27138.56,25.13,13.4723
27139.57,28.86,13.4727
27140.57,25.22,13.4727
27141.57,25.12,13.4727
27142.57,28.95,13.4728
27143.57,25.14,13.4728
27144.57,25.13,13.4728
27145.58,25.23,13.4728
27146.58,25.13,13.4728
27147.58,29.04,13.4727
27148.58,25.16,13.4727
27149.58,25.24,13.4727
27150.58,25.28,13.4727
27151.58,28.87,13.4729
27152.59,25.31,13.473
27153.59,25.15,13.473
27154.59,28.92,13.473
27155.59,25.24,13.473
27156.59,25.18,13.4729
27157.59,25.25,13.4731
27158.6,28.83,13.4732
27159.6,25.26,13.4732
27160.6,25.16,13.4732
27161.6,28.92,13.4732
27162.6,25.31,13.4732
27163.6,25.19,13.4732
27164.61,25.23,13.4732
27165.61,28.95,13.4732
27166.61,25.12,13.4732
27167.61,25.67,13.4732
27168.61,25.18,13.4732
27169.61,29.01,13.4732
27170.62,25.18,13.4732
27171.62,25.28,13.4732
27172.62,29.8,13.4733
27173.62,25.1,13.4733
27174.62,25.22,13.4733
27175.62,25.12,13.4733
27176.63,29.88,13.4734
27177.63,25.12,13.4734
27178.63,25.1,13.4734
27179.63,25.2,13.4734
27180.63,25.17,13.4734
27181.63,29.92,13.4734
27182.64,25.15,13.4735
27183.64,25.14,13.4734
27184.64,25.26,13.4734
27185.64,29.72,13.4736
27186.64,25.28,13.4736
27187.64,25.19,13.4736
27188.65,25.18,13.4736
27189.65,25.27,13.4736
27190.65,29.39,13.4737
27191.65,25.3,13.4737
27192.65,25.21,13.4737
27193.65,25.18,13.4737
27194.66,25.28,13.4737
27195.66,28.98,13.4737
27196.66,25.28,13.4737
27197.66,25.2,13.4737
27198.66,25.18,13.4737
27199.66,25.28,13.4737
27200.67,25.18,13.4737
27201.67,28.95,13.4737
27202.67,25.17,13.4737
27203.67,25.28,13.4737
27204.67,25.18,13.4737
27205.67,25.15,13.4737
27206.68,25.26,13.4737
27207.68,28.93,13.4738
27208.68,25.28,13.4738
27209.68,25.18,13.4738
27210.68,25.28,13.4738
27211.68,25.18,13.4738
27212.69,25.21,13.4739
27213.69,26.9,13.474
27214.69,27.3,13.4742
27215.69,25.18,13.4742
27216.69,25.29,13.4741
27217.69,25.2,13.4741
27218.69,25.28,13.4741
27219.7,25.18,13.4741
27220.7,28.88,13.4742
27221.7,25.29,13.4742
27222.7,25.21,13.4742
27223.7,25.27,13.4742
27224.7,25.15,13.4742
27225.71,25.27,13.4742
27226.71,25.18,13.4742
27227.71,28.88,13.4743
27228.71,25.27,13.4743
27229.71,25.18,13.4743
27230.71,25.28,13.4743
27231.72,25.2,13.4743
27232.72,25.21,13.4745
27233.72,25.28,13.4745
27234.72,30.04,13.4745
27235.72,25.24,13.4745
27236.72,25.13,13.4745
27237.73,25.14,13.4745
27238.73,25.22,13.4745
27239.73,25.12,13.4745
27240.73,25.22,13.4745
27241.73,30.87,13.4747
27242.73,25.25,13.4747
27243.74,25.12,13.4747
27244.74,25.12,13.4747
27245.74,25.23,13.4747
27246.74,25.13,13.4747
27247.74,25.24,13.4747
27248.74,28.8,13.4747
27249.75,26.3,13.4747
27250.75,25.25,13.4747
27251.75,25.12,13.4747
27252.75,25.21,13.4748
27253.75,25.28,13.4748
27254.75,25.18,13.4748
27255.75,25.28,13.4748
27256.76,28.95,13.4749
27257.76,25.14,13.4749
27258.76,25.25,13.4749
27259.76,25.12,13.4749
27260.76,25.14,13.4749
27261.76,25.28,13.4749
27262.76,25.21,13.4749
27263.77,25.28,13.4749
27264.77,28.81,13.475
27265.77,25.18,13.475
27266.77,25.27,13.475
27267.77,25.19,13.475
27268.77,25.3,13.475
27269.78,25.18,13.475
27270.78,25.18,13.475
27271.78,25.27,13.475
27272.78,25.2,13.4751
27273.78,29.06,13.4753
27274.78,25.15,13.4753
27275.79,25.16,13.4753
27276.79,25.25,13.4753
27277.79,25.2,13.4753
27278.79,25.28,13.4753
27279.79,25.2,13.4753
27280.79,25.22,13.4753
27281.79,28.98,13.4753
27282.8,25.21,13.4753
27283.8,25.18,13.4753
27284.8,25.31,13.4753
27285.8,25.18,13.4753
27286.8,25.18,13.4753
27287.8,25.29,13.4753
27288.8,25.18,13.4753
27289.81,25.28,13.4753
27290.81,28.89,13.4754
27291.81,25.18,13.4754
27292.81,25.31,13.4756
27293.81,25.18,13.4756
27294.81,25.26,13.4756
27295.82,25.18,13.4756
27296.82,25.28,13.4756
27297.82,25.19,13.4756
27298.82,30.55,13.4756
27299.82,25.28,13.4756
27300.82,25.18,13.4756
27301.83,25.29,13.4756
27302.83,25.21,13.4757
27303.83,25.18,13.4757
27304.83,25.28,13.4757
27305.83,25.18,13.4757
27306.83,25.28,13.4757
27307.84,31.12,13.4757
27308.84,25.2,13.4757
27309.84,25.29,13.4757
27310.84,25.18,13.4757
27311.84,25.3,13.4757
27312.84,25.45,13.4757
27313.85,25.18,13.4757
27314.85,25.29,13.4757
27315.85,25.18,13.4757
27316.85,29.54,13.4759
27317.85,25.13,13.4759
27318.85,25.13,13.4759
27319.85,25.24,13.4759
27320.86,25.18,13.4759
27321.86,25.18,13.4759
27322.86,25.29,13.4759
27323.86,25.19,13.476
27324.86,25.22,13.476
27325.86,28.78,13.4761
27326.87,25.19,13.4761
27327.87,25.3,13.4761
27328.87,25.2,13.4761
27329.87,25.19,13.4762
27330.87,25.28,13.4762
27331.87,25.2,13.4761
27332.87,25.3,13.4762
27333.88,25.18,13.4762
27334.88,28.85,13.4765
27335.88,25.29,13.4765
27336.88,25.19,13.4765
27337.88,25.26,13.4765
27338.88,25.12,13.4765
27339.89,25.13,13.4765
27340.89,25.23,13.4765
27341.89,25.18,13.4765
27342.89,25.31,13.4766
27343.89,26.76,13.4766
27344.89,28.88,13.4767
27345.9,25.18,13.4767
27346.9,25.18,13.4767
27347.9,25.32,13.4767
27348.9,25.18,13.4767
27349.9,25.18,13.4767
27350.9,25.28,13.4767
27351.9,25.18,13.4767
27352.91,25.32,13.4768
27353.91,28.91,13.4768
27354.91,25.19,13.4768
27355.91,25.29,13.4768
27356.91,25.18,13.4768
27357.91,25.3,13.4768
27358.92,25.18,13.4768
27359.92,25.18,13.4768
27360.92,25.28,13.4767
27361.92,25.18,13.4767
27362.92,25.31,13.4767
27363.92,30.12,13.4769
27364.93,25.28,13.4768
27365.93,25.19,13.4768
27366.93,25.18,13.4768
27367.93,25.29,13.4769
27368.93,25.18,13.4769
27369.93,25.29,13.4769
27370.94,25.18,13.4769
27371.94,25.19,13.4769
27372.94,25.78,13.477
27373.94,30.78,13.4772
27374.94,25.18,13.4772
27375.94,25.29,13.4772
27376.94,25.19,13.4772
27377.95,25.2,13.4772
27378.95,25.28,13.4772
27379.95,25.18,13.4772
27380.95,25.29,13.4772
27381.95,25.12,13.4772
27382.95,29.88,13.4773
27383.95,25.3,13.4773
27384.96,25.18,13.4773
27385.96,25.28,13.4773
27386.96,25.18,13.4772
27387.96,25.2,13.4774
27388.96,25.28,13.4774
27389.97,25.18,13.4774
27390.97,25.28,13.4774
27391.97,28.91,13.4775
27392.97,25.29,13.4775
27393.97,25.18,13.4775
27394.97,25.18,13.4775
27395.98,25.28,13.4775
27396.98,25.18,13.4775
27397.98,25.3,13.4775
27398.98,25.18,13.4775
27399.98,25.19,13.4775
27400.98,25.29,13.4775
27401.98,28.8,13.4775
27402.99,25.3,13.4775
27403.99,25.17,13.4775
27404.99,25.18,13.4775
27405.99,25.28,13.4775
27406.99,25.19,13.4775
27407.99,25.29,13.4775
27409.0,25.18,13.4775
27410.0,25.28,13.4775
27411.0,25.18,13.4775
27412.0,25.19,13.4775
27413.0,29.05,13.4777
27414.0,25.18,13.4777
27415.0,25.21,13.4776
27416.01,25.29,13.4776
27417.01,25.19,13.4777
27418.01,25.21,13.4779
27419.01,25.3,13.4779
27420.01,25.19,13.4779
27421.01,25.2,13.4779
27422.02,25.29,13.4779
27423.02,28.97,13.478
27424.02,25.29,13.4781
27425.02,25.19,13.4781
27426.02,25.18,13.4781
27427.02,25.28,13.4781
27428.03,25.19,13.4781
27429.03,25.28,13.4781
27430.03,25.2,13.4781
27431.03,25.28,13.4781
27432.03,25.19,13.4781
27433.03,30.39,13.4781
27434.04,25.28,13.4781
27435.04,25.18,13.4781
27436.04,25.28,13.4781
27437.04,25.18,13.4781
27438.04,25.3,13.4782
27439.04,25.18,13.4782
27440.05,25.18,13.4782
27441.05,25.28,13.4782
27442.05,25.18,13.4782
27443.05,31.24,13.4783
27444.05,25.18,13.4783
27445.05,25.19,13.4783
27446.06,25.29,13.4783
27447.06,25.18,13.4783
27448.06,25.29,13.4783
27449.06,25.18,13.4783
27450.06,25.28,13.4783
27451.06,25.18,13.4783
27452.07,29.49,13.4783
27453.07,25.44,13.4783
27454.07,25.19,13.4783
27455.07,25.28,13.4783
27456.07,25.19,13.4783
27457.07,25.19,13.4783
27458.08,25.29,13.4784
27459.08,25.18,13.4784
27460.08,25.3,13.4784
27461.08,25.18,13.4784
27462.08,29.02,13.4787
27463.08,25.21,13.4788
27464.09,25.18,13.4788
27465.09,25.28,13.4788
27466.09,25.19,13.4788
27467.09,25.29,13.4788
27468.09,25.19,13.4788
27469.09,25.27,13.4788
27470.1,25.18,13.4788
27471.1,25.19,13.4788
27472.1,25.29,13.4788
27473.1,28.97,13.4789
27474.1,25.29,13.4789
27475.1,25.18,13.4789
27476.11,25.3,13.4789
27477.11,25.18,13.4789
27478.11,25.19,13.4791
27479.11,25.28,13.4791
27480.11,25.18,13.4791
27481.11,25.28,13.4791
27482.12,25.19,13.4791
27483.12,29.01,13.4791
27484.12,25.29,13.4791
27485.12,25.18,13.4791
27486.12,25.29,13.4791
27487.12,25.19,13.4791
27488.13,25.29,13.4791
27489.13,25.19,13.4791
27490.13,25.19,13.4791
27491.13,25.28,13.4791
27492.13,25.18,13.4791
27493.13,29.01,13.4794
27494.14,25.18,13.4794
27495.14,25.18,13.4794
27496.14,25.29,13.4794
27497.14,25.18,13.4794
27498.14,25.26,13.4794
27499.14,25.14,13.4794
27500.15,25.13,13.4794
27501.15,25.23,13.4794
27502.15,25.12,13.4794
27503.15,31.26,13.4794
27504.15,25.18,13.4794
27505.15,25.28,13.4794
27506.16,25.18,13.4794
27507.16,25.18,13.4794
27508.16,25.3,13.4795
27509.16,25.19,13.4795
27510.16,25.28,13.4795
27511.16,25.19,13.4795
27512.17,25.19,13.4795
27513.17,31.13,13.4798
27514.17,25.12,13.4798
27515.17,25.21,13.4798
27516.17,25.11,13.4798
27517.17,25.12,13.4798
27518.18,25.27,13.4798
27519.18,25.21,13.4798
27520.18,25.27,13.4798
27521.18,25.12,13.4798
27522.18,25.13,13.4798
27523.18,29.69,13.48
27524.18,25.18,13.48
27525.19,25.28,13.48
27526.19,25.18,13.48
27527.19,25.2,13.4802
27528.19,25.28,13.4801
27529.19,25.19,13.4801
27530.19,25.3,13.4801
27531.2,25.19,13.4801
27532.2,25.19,13.4801
27533.2,29.04,13.4802
27534.2,25.19,13.4802
27535.2,25.29,13.4802
27536.2,25.19,13.4802
27537.21,25.19,13.4802
27538.21,25.28,13.4802
27539.21,25.2,13.4802
27540.21,25.28,13.4802
27541.21,25.18,13.4802
27542.21,25.19,13.4802
27543.22,29.05,13.4803
27544.22,25.18,13.4803
27545.22,25.28,13.4803
27546.22,25.18,13.4803
27547.22,25.3,13.4803
27548.22,25.19,13.4803
27549.23,25.19,13.4803
27550.23,25.28,13.4803
27551.23,25.19,13.4803
27552.23,25.25,13.4803
27553.23,25.13,13.4803
27554.23,29.03,13.4804
27555.24,25.17,13.4804
27556.24,25.18,13.4804
27557.24,25.29,13.4804
27558.24,25.18,13.4804
27559.24,25.28,13.4804
27560.24,25.18,13.4804
27561.25,25.19,13.4804
27562.25,25.29,13.4805
27563.25,25.21,13.4807
27564.25,25.29,13.4807
27565.25,29.75,13.4807
27566.25,25.29,13.4807
27567.26,25.19,13.4807
27568.26,25.19,13.4807
27569.26,25.29,13.4807
27570.26,25.17,13.4807
27571.26,25.28,13.4807
27572.26,25.19,13.4807
27573.27,25.19,13.4807
27574.27,31.34,13.4808
27575.27,25.18,13.4808
27576.27,25.23,13.4808
27577.27,25.14,13.4808
27578.27,25.23,13.4808
27579.28,25.13,13.4808
27580.28,25.13,13.4808
27581.28,25.25,13.4808
27582.28,25.19,13.4808
27583.28,25.3,13.4808
27584.28,25.18,13.4808
27585.29,30.22,13.481
27586.29,25.18,13.481
27587.29,25.19,13.481
27588.29,25.28,13.481
27589.29,25.19,13.481
27590.29,25.3,13.481
27591.3,25.18,13.481
27592.3,25.2,13.4811
27593.3,25.3,13.4813
27594.3,25.19,13.4813
27595.3,29.0,13.4813
27596.3,25.18,13.4813
27597.31,25.19,13.4813
27598.31,25.28,13.4813
27599.31,25.19,13.4813
27600.31,25.3,13.4813
27601.31,25.18,13.4813
27602.31,25.19,13.4813
27603.32,25.3,13.4813
27604.32,25.17,13.4813
27605.32,25.27,13.4813
27606.32,28.9,13.4813
27607.32,25.13,13.4813
27608.32,25.28,13.4813
27609.32,25.19,13.4813
27610.33,25.28,13.4813
27611.33,25.18,13.4813
27612.33,25.29,13.4813
27613.33,25.19,13.4813
27614.33,25.19,13.4813
27615.33,25.29,13.4813
27616.34,25.19,13.4813
27617.34,28.94,13.4816
27618.34,25.29,13.4816
27619.34,25.19,13.4816
27620.34,25.29,13.4816
27621.34,25.19,13.4816
27622.35,25.2,13.4818
27623.35,25.33,13.4819
27624.35,25.19,13.4819
27625.35,25.29,13.4819
27626.35,25.18,13.4819
27627.35,28.93,13.4819
27628.35,25.26,13.4819
27629.36,25.17,13.4819
27630.36,25.18,13.4819
27631.36,25.28,13.4819
27632.36,25.19,13.4819
27633.36,25.3,13.482
27634.36,25.19,13.482
27635.37,25.29,13.482
27636.37,25.19,13.482
27637.37,25.18,13.482
27638.37,31.37,13.482
27639.37,25.19,13.482
27640.37,25.29,13.482
27641.38,25.18,13.482
27642.38,25.14,13.482
27643.38,25.28,13.482
27644.38,25.12,13.482
27645.38,25.27,13.482
27646.38,25.18,13.482
27647.39,25.19,13.482
27648.39,31.16,13.4821
27649.39,25.19,13.4821
27650.39,25.27,13.4821
27651.39,25.18,13.4821
27652.39,25.29,13.4821
27653.4,25.2,13.4821
27654.4,25.18,13.4821
27655.4,25.28,13.4821
27656.4,25.17,13.4821
27657.4,25.29,13.4822
27658.4,25.16,13.4823
27659.41,29.15,13.4823
27660.41,25.28,13.4823
27661.41,25.18,13.4823
27662.41,25.29,13.4823
27663.41,25.19,13.4823
27664.41,25.28,13.4823
27665.42,25.18,13.4823
27666.42,25.18,13.4823
27667.42,25.28,13.4823
27668.42,25.18,13.4823
27669.42,29.02,13.4823
27670.42,25.18,13.4823
27671.43,25.28,13.4823
27672.43,25.19,13.4823
27673.43,25.19,13.4824
27674.43,25.28,13.4824
27675.43,25.18,13.4824
27676.43,25.29,13.4824
27677.44,25.17,13.4824
27678.44,25.23,13.4824
27679.44,25.12,13.4824
27680.44,28.87,13.4826
27681.44,25.28,13.4826
27682.44,25.18,13.4826
27683.45,25.19,13.4826
27684.45,25.28,13.4826
27685.45,25.21,13.4826
27686.45,25.18,13.4826
27687.45,25.29,13.4826
27688.45,25.18,13.4824
27689.45,25.25,13.4824
27690.46,25.16,13.4824
27691.46,28.92,13.4827
27692.46,25.15,13.4827
27693.46,25.18,13.4827
27694.46,25.28,13.4827
27695.46,25.18,13.4827
27696.47,25.28,13.4827
27697.47,25.18,13.4827
27698.47,25.18,13.4827
27699.47,25.3,13.4827
27700.47,25.18,13.4827
27701.47,30.01,13.4828
27702.48,25.28,13.4828
27703.48,25.19,13.4829
27704.48,25.28,13.4829
27705.48,25.18,13.4829
27706.48,25.28,13.4829
27707.48,25.16,13.4829
27708.49,25.18,13.4829
27709.49,25.28,13.4829
27710.49,25.15,13.4829
27711.49,31.57,13.4829
27712.49,25.2,13.4829
27713.49,25.2,13.4829
27714.5,25.28,13.4829
27715.5,25.19,13.4829
27716.5,25.29,13.4829
27717.5,25.19,13.4829
27718.5,25.16,13.4829
27719.5,25.28,13.4829
27720.5,25.19,13.4829
27721.51,29.63,13.4831
27722.51,25.19,13.4831
27723.51,25.19,13.4831
27724.51,25.28,13.4831
27725.51,25.18,13.4831
27726.51,25.28,13.4829
27727.52,25.19,13.4831
27728.52,25.18,13.4831
27729.52,25.29,13.4831
27730.52,25.18,13.4831
27731.52,28.94,13.4831
27732.52,25.19,13.4831
27733.53,25.19,13.4832
27734.53,25.28,13.4832
27735.53,25.18,13.4832
27736.53,25.29,13.4833
27737.53,25.18,13.4833
27738.53,25.14,13.4833
27739.53,25.29,13.4833
27740.54,25.13,13.4833
27741.54,25.12,13.4833
27742.54,29.02,13.4833
27743.54,25.21,13.4833
27744.54,25.29,13.4833
27745.54,25.18,13.4833
27746.55,25.18,13.4833
27747.55,25.29,13.4833
27748.55,25.18,13.4833
27749.55,25.28,13.4833
27750.55,25.19,13.4833
27751.55,25.29,13.4833
27752.56,27.42,13.4833
27753.56,26.67,13.4835
27754.56,25.28,13.4834
27755.56,25.19,13.4834
27756.56,25.29,13.4835
27757.56,25.17,13.4834
27758.57,25.11,13.4835
27759.57,25.29,13.4835
27760.57,25.19,13.4834
27761.57,25.3,13.4834
27762.57,25.23,13.4836
27763.57,25.3,13.4836
27764.58,29.2,13.4836
27765.58,25.11,13.4836
27766.58,25.24,13.4836
27767.58,25.12,13.4836
27768.58,25.17,13.4836
27769.58,25.29,13.4836
27770.58,25.12,13.4836
27771.59,25.25,13.4836
27772.59,25.2,13.4836
27773.59,25.27,13.4836
27774.59,30.81,13.4836
27775.59,25.85,13.4836
27776.6,25.28,13.4836
27777.6,25.2,13.4836
27778.6,25.3,13.4836
27779.6,25.19,13.4836
27780.6,25.24,13.4836
27781.6,25.21,13.4835
27782.6,25.23,13.4838
27783.61,25.19,13.4838
27784.61,25.28,13.4836
27785.61,30.44,13.4838
27786.61,25.29,13.4838
27787.61,25.2,13.4838
27788.61,25.19,13.4838
27789.62,25.27,13.4838
27790.62,25.15,13.4838
27791.62,25.3,13.4838
27792.62,25.22,13.4838
27793.62,25.3,13.4838
27794.62,25.16,13.4838
27795.63,28.85,13.4839
27796.63,25.28,13.4839
27797.63,25.13,13.4839
27798.63,25.14,13.4839
27799.63,25.29,13.4839
27800.63,25.15,13.4839
27801.63,25.27,13.4839
27802.64,25.23,13.4839
27803.64,25.21,13.4839
27804.64,25.3,13.4839
27805.64,28.91,13.4839
27806.64,25.29,13.4839
27807.64,25.21,13.4839
27808.65,25.31,13.4839
27809.65,25.2,13.4839
27810.65,25.2,13.4839
27811.65,25.29,13.4839
27812.65,25.22,13.484
27813.65,25.31,13.484
27814.66,25.19,13.484
27815.66,25.2,13.484
27816.66,28.92,13.4841
27817.66,25.21,13.4841
27818.66,25.3,13.4841
27819.66,25.2,13.4841
27820.67,25.3,13.4841
27821.67,25.19,13.4841
27822.67,25.22,13.4841
27823.67,25.3,13.4841
27824.67,25.2,13.4841
27825.67,25.3,13.4841
27826.68,28.76,13.4841
27827.68,25.34,13.4841
27828.68,25.32,13.4841
27829.68,25.2,13.4841
27830.68,25.2,13.4841
27831.68,25.29,13.4841
27832.68,25.14,13.484
27833.69,25.23,13.484
27834.69,25.14,13.4841
27835.69,25.29,13.4841
27836.69,25.2,13.4841
27837.69,30.46,13.4842
27838.7,25.3,13.4842
27839.7,25.22,13.4842
27840.7,25.2,13.4842
27841.7,25.32,13.4842
27842.7,25.2,13.4843
27843.7,25.13,13.4843
27844.7,25.22,13.4843
27845.71,25.12,13.4843
27846.71,25.22,13.4843
27847.71,31.46,13.4845
27848.71,25.3,13.4845
27849.71,25.19,13.4845
27850.71,25.18,13.4845
27851.72,25.28,13.4845
27852.72,25.21,13.4846
27853.72,25.3,13.4846
27854.72,25.19,13.4846
27855.72,25.2,13.4846
27856.72,25.29,13.4846
27857.73,25.2,13.4846
27858.73,29.4,13.4846
27859.73,25.19,13.4846
27860.73,25.3,13.4846
27861.73,25.2,13.4846
27862.73,25.22,13.4846
27863.74,25.3,13.4846
27864.74,25.19,13.4846
27865.74,25.23,13.4846
27866.74,25.13,13.4846
27867.74,25.14,13.4846
27868.74,28.88,13.485
27869.74,25.18,13.485
27870.75,25.28,13.485
27871.75,25.19,13.485
27872.75,25.21,13.4853
27873.75,25.29,13.4853
27874.75,25.19,13.4853
27875.75,25.29,13.4853
27876.76,25.19,13.4853
27877.76,25.3,13.4853
27878.76,25.19,13.4853
27879.76,28.84,13.4854
27880.76,25.29,13.4854
27881.76,25.19,13.4854
27882.77,25.32,13.4854
27883.77,25.19,13.4853
27884.77,25.19,13.4853
27885.77,25.29,13.4853
27886.77,25.2,13.4853
27887.77,25.32,13.4854
27888.78,25.19,13.4853
27889.78,25.22,13.4854
27890.78,29.09,13.4854
27891.78,25.19,13.4854
27892.78,25.22,13.4854
27893.78,25.29,13.4854
27894.78,25.19,13.4854
27895.79,25.3,13.4854
27896.79,25.2,13.4854
27897.79,25.16,13.4854
27898.79,25.24,13.4854
27899.79,25.14,13.4854
27900.79,29.55,13.4855
27901.8,25.19,13.4855
27902.8,25.32,13.4855
27903.8,25.19,13.4855
27904.8,25.19,13.4855
27905.8,25.32,13.4855
27906.8,25.19,13.4855
27907.81,25.21,13.4855
27908.81,25.33,13.4855
27909.81,25.2,13.4855
27910.81,25.2,13.4855
27911.81,31.69,13.4856
27912.81,25.21,13.4857
27913.81,25.29,13.4857
27914.82,25.2,13.4855
27915.82,25.34,13.4855
27916.82,25.46,13.4855
27917.82,25.22,13.4856
27918.82,25.19,13.4856
27919.82,25.3,13.4856
27920.82,25.22,13.4856
27921.83,30.31,13.4858
27922.83,25.33,13.4858
27923.83,25.2,13.4858
27924.83,25.29,13.4858
27925.83,25.2,13.4856
27926.83,25.3,13.4856
27927.84,25.2,13.4856
27928.84,25.19,13.4856
27929.84,25.31,13.4857
27930.84,25.2,13.4857
27931.84,28.83,13.4859
27932.84,25.26,13.4861
27933.84,25.15,13.486
27934.85,25.19,13.486
27935.85,25.31,13.486
27936.85,25.19,13.4861
27937.85,25.21,13.4861
27938.85,25.28,13.4861
27939.85,25.2,13.486
27940.85,25.22,13.4861
27941.85,25.29,13.4861
27942.86,28.93,13.4861
27943.86,25.19,13.4861
27944.86,25.29,13.4861
27945.86,25.2,13.4861
27946.86,25.28,13.4861
27947.86,25.2,13.4861
27948.87,25.2,13.4861
27949.87,25.3,13.4861
27950.87,25.2,13.4861
27951.87,25.3,13.4861
27952.87,25.23,13.4861
27953.87,29.07,13.4862
27954.88,25.19,13.4862
27955.88,25.2,13.4861
27956.88,25.31,13.4861
27957.88,25.21,13.4863
27958.88,25.3,13.4863
27959.88,25.22,13.4863
27960.88,25.19,13.4863
27961.89,25.31,13.4863
27962.89,25.23,13.4862
27963.89,25.2,13.4861
27964.89,29.08,13.4862
27965.89,25.2,13.4863
27966.89,25.29,13.4862
27967.9,25.21,13.4862
27968.9,25.22,13.4863
27969.9,25.31,13.4862
27970.9,25.2,13.4862
27971.9,25.29,13.4862
27972.9,25.22,13.4863
27973.91,25.3,13.4862
27974.91,31.12,13.4866
27975.91,25.2,13.4866
27976.91,25.3,13.4866
27977.91,25.21,13.4866
27978.91,25.3,13.4866
27979.92,25.19,13.4866
27980.92,25.3,13.4866
27981.92,25.2,13.4866
27982.92,25.21,13.4866
27983.92,25.31,13.4866
27984.92,30.9,13.4866
27985.93,25.26,13.4866
27986.93,25.17,13.4866
27987.93,25.19,13.4866
27988.93,25.3,13.4866
27989.93,25.2,13.4866
27990.93,25.32,13.4866
27991.94,25.2,13.4866
27992.94,25.23,13.4866
27993.94,25.31,13.4866
27994.94,25.2,13.4866
27995.94,29.23,13.4867
27996.94,25.13,13.4867
27997.95,25.14,13.4867
27998.95,25.24,13.4867
27999.95,25.15,13.4867
28000.95,25.29,13.4867
28001.95,25.2,13.4867
28002.95,25.22,13.4867
28003.96,25.29,13.4867
28004.96,25.2,13.4867
28005.96,28.91,13.4868
28006.96,25.16,13.4868
28007.96,25.31,13.4868
28008.96,25.17,13.4868
28009.97,25.13,13.4868
28010.97,25.22,13.4868
28011.97,25.12,13.4868
28012.97,25.25,13.4868
28013.97,25.13,13.4868
28014.97,25.19,13.4868
28015.98,25.3,13.4868
28016.98,28.86,13.4868
28017.98,25.31,13.4868
28018.98,25.21,13.4868
28019.98,25.21,13.4868
28020.98,25.3,13.4868
28021.99,25.2,13.4868
28022.99,25.43,13.4869
28023.99,25.2,13.4869
28024.99,25.3,13.4869
28025.99,25.2,13.4869
28026.99,25.2,13.4869
28028.0,26.1,13.4869
28029.0,28.07,13.487
28030.0,25.31,13.487
28031.0,25.21,13.487
28032.0,25.31,13.487
28033.0,25.21,13.487
28034.01,25.17,13.487
28035.01,25.3,13.487
28036.01,25.15,13.487
28037.01,25.23,13.487
28038.01,30.19,13.487
28039.01,25.2,13.487
28040.02,25.3,13.487
28041.02,25.2,13.487
28042.02,25.3,13.487
28043.02,25.21,13.4871
28044.02,25.3,13.4871
28045.02,25.2,13.4871
28046.03,25.2,13.4871
28047.03,25.3,13.4871
28048.03,31.34,13.4872
28049.03,25.32,13.4872
28050.03,25.2,13.4872
28051.03,25.22,13.4872
28052.03,25.3,13.4872
28053.04,25.22,13.4872
28054.04,25.21,13.4873
28055.04,25.32,13.4873
28056.04,25.2,13.4873
28057.04,25.2,13.4873
28058.04,25.31,13.4873
28059.04,30.0,13.4873
28060.05,25.33,13.4874
28061.05,25.21,13.4874
28062.05,25.23,13.4874
28063.05,25.32,13.4874
28064.05,25.19,13.4874
28065.05,25.19,13.4874
28066.06,25.29,13.4874
28067.06,25.19,13.4874
28068.06,29.07,13.4875
28069.06,25.19,13.4875
28070.06,25.29,13.4875
28071.06,25.19,13.4875
28072.06,25.21,13.4875
28073.07,25.31,13.4876
28074.07,25.19,13.4876
28075.07,25.2,13.4876
28076.07,25.29,13.4876
28077.07,25.2,13.4876
28078.07,25.32,13.4876
28079.08,28.81,13.4876
28080.08,25.19,13.4876
28081.08,25.3,13.4876
28082.08,25.2,13.4876
28083.08,25.33,13.4877
28084.08,25.2,13.4877
28085.09,25.2,13.4877
28086.09,25.3,13.4877
28087.09,25.2,13.4877
28088.09,25.31,13.4877
28089.09,25.2,13.4877
28090.09,28.95,13.4877
28091.1,25.13,13.4877
28092.1,25.13,13.4877
28093.1,25.25,13.4877
28094.1,25.14,13.4877
28095.1,25.23,13.4877
28096.1,25.13,13.4877
28097.11,25.23,13.4877
28098.11,25.14,13.4877
28099.11,25.17,13.4878
28100.11,28.92,13.4879
28101.11,25.21,13.4879
28102.11,25.2,13.4879
28103.12,25.67,13.4879
28104.12,25.2,13.4879
28105.12,25.24,13.4879
28106.12,25.13,13.4879
28107.12,25.28,13.4879
28108.12,25.21,13.4879
28109.13,25.16,13.4879
28110.13,31.26,13.4879
28111.13,25.2,13.4879
28112.13,25.23,13.4879
28113.13,25.15,13.488
28114.13,25.13,13.488
28115.14,25.28,13.488
28116.14,25.14,13.488
28117.14,25.23,13.488
28118.14,25.18,13.488
28119.14,31.0,13.4881
28120.14,25.31,13.4881
28121.15,25.21,13.4881
28122.15,25.33,13.4881
28123.15,25.23,13.4881
28124.15,25.21,13.4881
28125.15,25.31,13.4881
28126.15,25.21,13.4881
28127.15,25.31,13.4881
28128.16,25.22,13.4881
28129.16,29.17,13.4881
28130.16,25.23,13.4881
28131.16,25.13,13.4881
28132.16,25.22,13.4881
28133.16,25.15,13.4883
28134.17,25.15,13.4883
28135.17,25.29,13.4883
28136.17,25.19,13.4883
28137.17,82.52,2.6237
28138.17,77.01,3.0705
28139.17,82.64,3.2796
28140.17,89.29,3.5689
28141.18,79.81,3.9544
28142.18,78.97,4.2994
28143.18,78.29,4.5809
28144.18,76.56,4.8557
28145.18,75.41,5.0588
28146.18,76.66,5.2799
28147.18,75.34,5.4905
28148.19,76.48,5.6437
28149.19,65.21,5.7868
28150.19,44.88,5.9222
28151.19,43.97,6.0566
28152.19,42.39,6.1644
28153.2,32.7,6.3103
28154.2,33.73,6.4344
28155.2,38.41,6.5191
28156.2,34.39,6.618
28157.2,27.01,6.8027
28158.2,26.97,6.8949
28159.2,39.89,6.9933
28160.21,31.22,7.0681
28161.21,25.43,7.1491
28162.21,48.1,7.2272
28163.21,40.57,7.2945
28164.21,29.1,7.3763
28165.21,52.06,7.6702
28166.21,46.74,7.7223
28167.22,35.02,7.8225
28168.22,25.19,7.8225
28169.22,25.33,7.8225
28170.22,25.23,7.8225
28171.22,25.95,7.8226
28172.22,29.24,7.8175
28173.23,27.22,7.8175
28174.23,28.06,7.8175
28175.23,26.43,7.8175
28176.23,25.71,7.8175
28177.23,39.36,7.8173
28178.23,25.69,7.8173
28179.23,42.52,8.0878
28180.24,31.02,8.1359
28181.24,33.04,8.1359
28182.24,30.3,8.1359
28183.24,25.2,8.1359
28184.24,25.39,8.1359
28185.24,25.61,8.1361
28186.25,29.34,8.1361
28187.25,25.55,8.136
28188.25,25.52,8.136
28189.25,25.59,8.1361
28190.25,34.26,8.1361
28191.25,51.37,8.1361
28192.26,45.0,8.1365
28193.26,25.22,8.1365
28194.26,31.79,8.1365
28195.26,25.22,8.1365
28196.26,26.51,8.1365
28197.26,33.37,8.1364
28198.26,27.18,8.1364
28199.27,26.14,8.1364
28200.27,47.72,8.1364
28201.27,50.27,8.1371
28202.27,32.19,8.1373
28203.27,25.53,8.1373
28204.28,25.33,8.1373
28205.28,25.23,8.1373
28206.28,25.28,8.1371
28207.28,27.6,8.1373
28208.28,26.23,8.1373
28209.28,25.46,8.1373
28210.28,25.13,8.1373
28211.29,25.38,8.1373
28212.29,29.37,8.1373
28213.29,26.04,8.1374
28214.29,25.28,8.1374
28215.29,25.19,8.1374
28216.29,26.25,8.1374
28217.3,25.26,8.1374
28218.3,25.13,8.1374
28219.3,25.38,8.1374
28220.3,26.15,8.1374
28221.3,25.32,8.1374
28222.3,25.29,8.1375
28223.31,25.24,8.1375
28224.31,25.31,8.1375
28225.31,25.94,8.1375
28226.31,25.31,8.1375
28227.31,25.21,8.1375
28228.31,25.21,8.1375
28229.32,25.32,8.1375
28230.32,25.77,8.1375
28231.32,25.3,8.1375
28232.32,25.9,8.1375
28233.32,33.25,8.1375
28234.32,25.32,8.1375
28235.32,25.2,8.1375
28236.33,25.37,8.1375
28237.33,25.59,8.1375
28238.33,26.48,8.1375
28239.33,26.0,8.1375
28240.33,25.25,8.1375
28241.33,25.21,8.1375
28242.33,25.32,8.1376
28243.34,25.22,8.1378
28244.34,25.49,8.1378
28245.34,25.31,8.1378
28246.34,25.27,8.1378
28247.34,25.31,8.1378
28248.34,26.05,8.1378
28249.35,25.22,8.1378
28250.35,25.49,8.1378
28251.35,25.31,8.1378
28252.35,25.17,8.1378
28253.35,26.88,8.1378
28254.35,30.78,8.1378
28255.35,25.32,8.1378
28256.36,25.21,8.1378
28257.36,25.34,8.1378
28258.36,25.35,8.1378
28259.36,49.82,8.2396
28260.36,25.14,8.2396
28261.36,25.38,8.2396
28262.36,25.26,8.2396
28263.37,26.21,8.2396
28264.37,61.21,4.8926
28265.37,59.93,2.6086
28266.37,79.89,2.7543
28267.37,86.0,2.973
28268.37,81.5,3.2711
28269.37,83.31,3.5356
28270.38,54.86,2.5117
28271.38,82.02,2.781
28272.38,76.92,3.1255
28273.38,79.52,3.2539
28274.38,88.23,3.4657
28275.38,78.76,3.8905
28276.38,77.09,4.2335
28277.39,76.43,4.5951
28278.39,75.86,4.8245
28279.39,75.97,5.0582
28280.39,77.16,5.3169
28281.39,75.7,5.5721
28282.39,75.3,5.7866
28283.39,76.08,5.9762
28284.4,75.78,6.1455
28285.4,64.52,6.3077
28286.4,30.15,6.4697
28287.4,38.54,6.61
28288.4,27.79,6.7069
28289.4,26.63,6.8058
28290.4,31.34,6.9125
28291.41,26.02,7.0084
28292.41,35.68,7.1181
28293.41,41.34,7.2611
28294.41,33.22,7.3721
28295.41,46.25,7.68
28296.41,38.0,7.68
28297.41,25.49,7.68
28298.42,25.22,7.68
28299.42,25.33,7.7433
28300.42,25.27,7.7802
28301.42,26.36,7.7802
28302.42,33.03,7.7803
28303.42,26.86,7.7803
28304.43,28.86,7.7803
28305.43,39.99,8.0412
28306.43,25.4,8.1251
28307.43,29.86,8.1414
28308.43,26.68,8.1414
28309.44,32.39,8.1414
28310.44,25.28,8.1414
28311.44,26.16,8.1414
28312.44,29.38,8.1414
28313.44,25.22,8.1414
28314.44,25.35,8.1414
28315.44,25.19,8.1414
28316.45,25.34,8.1414
28317.45,25.25,8.1415
28318.45,25.8,8.1415
28319.45,25.41,8.1415
28320.45,25.36,8.1415
28321.45,25.26,8.1415
28322.46,25.34,8.1415
28323.46,25.91,8.1416
28324.46,26.79,8.1416
28325.46,28.78,8.1416
28326.46,25.44,8.1416
28327.46,25.46,8.1416
28328.47,26.73,8.1416
28329.47,25.33,8.1416
28330.47,25.22,8.1416
28331.47,26.05,8.1416
28332.47,25.21,8.1416
28333.47,25.47,8.1416
28334.48,25.91,8.1416
28335.48,25.25,8.1416
28336.48,25.32,8.1416
28337.48,25.24,8.1417
28338.48,25.22,8.1417
28339.48,25.36,8.1417
28340.48,25.22,8.1417
28341.49,25.44,8.1417
28342.49,26.01,8.1417
28343.49,25.34,8.1417
28344.49,27.46,8.1417
28345.49,26.86,8.1417
28346.49,25.89,8.1417
28347.5,25.58,8.1417
28348.5,25.21,8.1417
28349.5,26.88,8.1417
28350.5,25.79,8.1417
28351.5,52.67,8.1417
28352.5,38.35,2.5143
28353.5,83.6,2.7732
28354.51,77.75,3.1197
28355.51,74.5,3.2542
28356.51,88.5,3.4616
28357.51,78.24,3.7815
28358.51,79.4,4.0558
28359.51,75.78,4.4346
28360.52,77.09,4.7709
28361.52,76.09,5.013
28362.52,77.35,5.2628
28363.52,75.42,5.5699
28364.52,75.04,5.8008
28365.52,77.18,6.0019
28366.52,73.84,6.1768
28367.53,71.45,6.3506
28368.53,43.77,6.5159
28369.53,42.75,6.6395
28370.53,33.68,6.7374
28371.53,26.19,6.8491
28372.53,27.61,6.9625
28373.53,31.14,7.0604
28374.54,46.19,7.1939
28375.54,31.46,7.3354
28376.54,47.49,7.6818
28377.54,50.99,7.7339
28378.54,32.65,7.7339
28379.54,25.2,7.7339
28380.55,25.2,7.7339
28381.55,25.28,7.8342
28382.55,26.6,7.8342
28383.55,28.03,7.8342
28384.55,30.23,7.8342
28385.55,30.68,7.8342
28386.56,45.36,7.8342
28387.56,39.77,8.0981
28388.56,27.15,8.1462
28389.56,26.56,8.1462
28390.56,26.97,8.1462
28391.56,26.05,8.1462
28392.57,25.34,8.1462
28393.57,25.52,8.1463
28394.57,28.77,8.1463
28395.57,25.32,8.1463
28396.57,25.22,8.1463
28397.57,25.26,8.1463
28398.58,25.35,8.1463
28399.58,25.26,8.1463
28400.58,25.92,8.1463
28401.58,25.27,8.1463
28402.58,25.55,8.1463
28403.58,25.41,8.1463
28404.59,26.42,8.1463
28405.59,25.44,8.1463
28406.59,25.18,8.1463
28407.59,25.35,8.1464
28408.59,31.12,8.1464
28409.59,25.37,8.1464
28410.6,26.29,8.1464
28411.6,26.86,8.1464
28412.6,25.65,8.1464
28413.6,25.6,8.1464
28414.6,25.22,8.1464
28415.6,26.08,8.1464
28416.6,25.31,8.1464
28417.61,25.76,8.1464
28418.61,25.78,8.1464
28419.61,25.24,8.1464
28420.61,25.35,8.1464
28421.61,25.32,8.1464
28422.61,25.29,8.1466
28423.62,25.3,8.1466
28424.62,25.14,8.1466
28425.62,25.24,8.1466
28426.62,25.14,8.1466
28427.62,26.12,8.1466
28428.62,25.17,8.1466
28429.63,29.09,8.1466
28430.63,25.96,8.1466
28431.63,25.19,8.1466
28432.63,25.64,8.1467
28433.63,26.04,8.1467
28434.63,26.23,8.1467
28435.63,31.48,8.1467
28436.64,49.54,5.8091
28437.64,51.02,2.573
28438.64,83.22,2.9264
28439.64,79.36,3.095
28440.64,86.6,3.3338
28441.64,83.85,3.6179
28442.64,85.8,3.8702
28443.65,81.47,4.0878
28444.65,81.8,4.3079
28445.65,55.05,2.5695
28446.65,80.31,2.7644
28447.65,86.42,2.9652
28448.65,78.96,3.3057
28449.65,77.21,3.6307
28450.66,66.31,2.5076
28451.66,79.2,2.7175
28452.66,79.51,2.8501
28453.66,89.24,3.0865
28454.66,77.14,3.4009
28455.66,76.3,3.6795
28456.66,77.16,3.9463
28457.66,81.61,4.2743
28458.67,57.68,2.5192
28459.67,79.86,2.7004
28460.67,72.71,2.6623
28461.67,68.68,2.5711
28462.67,83.52,2.7878
28463.67,85.54,3.0235
28464.67,80.91,3.3337
28465.68,56.93,2.5471
28466.68,83.38,2.7772
28467.68,84.09,2.9233
28468.68,74.8,3.1836
28469.68,61.54,2.5992
28470.68,80.49,2.7913
28471.68,92.17,3.0607
28472.69,43.98,2.5321
28473.69,84.9,2.7772
28474.69,92.58,2.9502
28475.69,66.65,2.5046
28476.69,76.02,2.7163
28477.69,77.28,2.8222
28478.69,82.9,3.1046
28479.69,67.99,2.6589
28480.7,89.29,2.8479
28481.7,65.84,2.5612
28482.7,78.62,2.7283
28483.7,76.11,1.9187
28484.7,12.09,0.327
